<?xml version="0.9"?>

<!--
CSMP_Simulation
-->

<VTKFile type="UnstructuredGrid" version="0.9" byte_order="LittleEndian">
	<UnstructuredGrid>
		<Piece NumberOfPoints="2377" NumberOfCells="1172">
			<Points>
				<DataArray type="Float32" Name="Position" NumberOfComponents="3" format="ascii">
					249.2857145	221.237179	0	251.4285715	217.525642	0	302.84882975	247.213142	0	300.70597275	250.924679	0
					85.7606091985639	222.5124128173617	0	414.8256270632783	216.3883267394916	0	76.03630273343046	118.7372600352827	0	197.86545625	191.549679	0
					200.00831325	187.838142	0	225.718442375	202.681892	0	223.575585375	206.393429	0	326.416101875	265.768429	0
					328.558958875	262.056892	0	341.4140234375	269.478767	0	339.2711664375	273.190304	0	274.995843625	236.080929	0
					277.138700625	232.369392	0	289.9937651875	239.791267	0	287.8509081875	243.502804	0	171.1784168367121	73.94691395366138	0
					425.1342726898114	320.2890536135403	0	327.9010168951519	370.1218230086241	0	114.9690844865925	191.0528345505274	0	385.681086945736	247.7790423395802	0
					109.0730310338849	137.8110072247272	0	174.298184125	172.994392	0	172.155327125	176.705929	0	159.3002625625	169.284054	0
					161.4431195625	165.572517	0	336.6654767467272	144.1097415031307	0	158.33413448582	115.6331816286085	0	391.8694192909241	301.0835715653665	0
					341.5616847905637	325.7859737952786	0	228.1740873705582	332.0223395318833	0	125.5942916090685	147.3495530697058	0	375.23411604009	291.4791697626966	0
					133.8607183032183	152.1221725461363	0	366.9107078279642	286.6736452927481	0	323.359937841971	196.8431107772244	0	267.2658739157169	294.0008791219714	0
					238.5735069375	210.103767	0	236.4306499375	213.815304	0	230.00311765625	210.1043665	0	232.14597465625	206.3928295	0
					199.3510235388676	270.617225745163	0	264.818273307442	142.3808733673824	0	209.7039331171961	237.8417104272721	0	253.4466771413858	176.9208056087855	0
					212.8633778125	195.260017	0	210.7205208125	198.971554	0	204.29298853125	195.2606165	0	206.43584553125	191.5490795	0
					221.6876425337589	157.7103172577347	0	186.1891664445431	219.1954811261509	0	313.5610373125	258.346554	0	315.7038943125	254.635017	0
					322.13142659375	258.3459545	0	319.98856959375	262.0574915	0	335.4541860231064	227.8483833376657	0	304.5980336887534	296.1365565698945	0
					264.2836360625	224.947517	0	262.1407790625	228.659054	0	255.71324678125	224.9481165	0	257.85610378125	221.2365795	0
					240.4099016918689	258.876162647588	0	276.1092167119621	197.0431355474285	0	129.6142104255333	175.2790058531908	0	371.0678381376761	263.5185371292417	0
					187.1532486875	180.416267	0	185.0103916875	184.127804	0	178.58285940625	180.4168665	0	180.72571640625	176.7053295	0
					160.6408774198969	204.0714158501796	0	192.6176680725789	148.6859900742882	0	151.8945810458535	136.532827172988	0	348.408382691933	303.5649397954412	0
					138.0055529829967	154.5151918580107	0	362.7374626128853	284.2642197919128	0	219.1620568736985	176.9285098881731	0	307.1950743512937	276.7946002449459	0
					242.9620399252845	239.6119796111158	0	358.635337547766	296.1881523743197	0	146.2837685318206	157.4406502529475	0	144.0960115	159.6810895	0
					143.2125046765595	158.8608023683549	0	136.4133575510464	167.0699041107729	0	150.638242154807	147.4024456246258	0	140.045423622402	163.1579139875172	0
					356.0361016468809	278.5412162632902	0	355.189703	281.5560895	0	353.657967	281.08413425	0	349.8534924001808	290.7099880566463	0
					362.418170680664	269.8953939032578	0	351.3819586893869	285.7493337574023	0	224.3719199906668	227.2797619237558	0	244.3080362926569	192.7493958402176	0
					333.925742789233	245.3394746269145	0	369.6862278573923	322.286336375381	0	149.0174003413162	152.6629065713779	0	358.7390773392698	273.8580356975736	0
					339.7234609881407	284.872943200842	0	199.7149082287061	210.6119591481756	0	262.5053867484185	205.7619102192994	0	174.0818881603046	195.6346523446824	0
					191.8342084499435	164.8867319005685	0	140.8528242315368	144.7975241095131	0	141.8731472366915	161.1893273520673	0	369.7596908350914	276.9202172955699	0
					209.6131443488933	208.3114612727679	0	222.4682089113933	215.7333362727679	0	223.0765964613634	196.1248908716935	0	194.6914661670322	174.7815663306766	0
					140.4689241532132	152.6686308091614	0	138.3458412127952	148.6201655936879	0	132.5573958306365	142.0905681235317	0	121.7207459349471	134.981620011544	0
					140.2720343380246	132.5132569375072	0	111.660975374489	119.6963145196248	0	117.9067827042772	66.23261351406906	0	119.3947292153738	93.50311886647596	0
					83.55151303830399	81.78296806947563	0	363.1065479810173	281.188608398686	0	367.659922756482	280.9666316981576	0	376.1743253202162	282.8169174613416	0
					388.0511633619194	288.4881927656944	0	407.9475339999433	289.3330968958719	0	440.3414145873533	255.5909149952621	0	380.8964893524171	271.2426032622031	0
					399.7053878677941	385.0047082540428	0	179.0387738494012	207.9786589327925	0	165.9821926367702	224.1893365808139	0	130.607198364144	222.8133894066257	0
					182.473960718582	247.5417414204653	0	359.551745747536	355.6015058763046	0	312.9747703529786	248.2291858812581	0	325.3502559752948	244.0094451746722	0
					325.3482202826055	232.7691423168565	0	323.4205465545947	215.9723003574348	0	343.2822371694297	207.8817951506034	0	149.658964140625	163.71764775	0
					149.0032408482831	168.5643312950475	0	151.2330953186585	175.7550170171162	0	144.5575804483205	158.2980043408335	0	145.27060475	160.77163425	0
					147.2288717999965	159.8402752376585	0	151.801821140625	160.00611075	0	156.0998204202241	156.2726951304812	0	144.5210422557055	162.756797741549	0
					146.6476016848841	164.8140680012069	0	356.1567054034969	280.4648164207593	0	420.4688199119642	268.9332267613521	0	450.4383849991896	292.1004539853329	0
					359.6542361881523	397.5804802228292	0	308.1371424982308	245.4753906299241	0	303.3134573925848	239.7115398072654	0	296.851702070872	199.8368722742016	0
					290.9188119033682	165.4868408176107	0	352.3838355455194	282.4977313054643	0	349.1983000439076	281.9725666779657	0	361.1215853723839	291.8787800110619	0
					368.383463408443	298.940339122213	0	360.230655700705	309.1774172670936	0	289.1279254878285	256.5971420682771	0	173.028540709211	159.9336563777434	0
					327.7295675289039	279.0326246381983	0	175.352285552863	146.2198101000603	0	218.1541187705223	193.518059847202	0	145.0566679303887	167.9422554004408	0
					140.5140131775046	169.6957570578276	0	139.7656119909429	178.3826679752499	0	132.68084706013	195.1166926568661	0	135.4068620553216	173.1565098244152	0
					379.8877444966212	302.6276416536058	0	388.1375873828182	319.3850369989781	0	382.6203030688084	344.4199256123297	0	39.94280842439096	92.15579443476783	0
					148.186813189055	155.358586828993	0	152.2229389187526	155.1263896473604	0	155.7337905897995	150.3815439151895	0	156.8565681959771	142.6137612990874	0
					160.8703995849105	134.2735759122809	0	153.9459415120388	125.7229945197464	0	143.9395632681531	115.3719403717347	0	151.5863966359199	90.73217324003188	0
					235.6525790665859	191.7321339668244	0	241.1616800391191	182.1889599620985	0	239.3116370153018	219.9581004825945	0	243.9927861161898	222.9829248853931	0
					358.2143908361813	277.6647670285136	0	269.704644183763	237.8236802690188	0	263.3028497525917	236.3123330216332	0	255.4733914608664	234.0661819025146	0
					249.7417906869572	156.5591405369557	0	236.9518367116416	127.8539886289823	0	268.2943070298207	96.26132964443008	0	84.41286497182706	37.96036197205565	0
					344.0684499763448	182.9659230081133	0	377.4652278019992	163.4014324741188	0	133.4641484977641	102.4206343714397	0	242.9397235406666	51.21086017385169	0
					142.8109253674721	160.1792744749043	0	140.9315486647444	159.3747412954323	0	282.6096788921665	208.1106448093018	0	274.2461566988476	226.2466125658855	0
					269.5774352296652	223.2002628735966	0	325.8537824460641	292.3379150239022	0	314.6218123876031	290.8569468594301	0	319.3747858665855	168.5062472727738	0
					143.386147258186	161.6537000834512	0	142.0795723474201	163.2137449994531	0	140.9850344454178	166.0081383614717	0	276.8120387669421	253.7808383334017	0
					187.9542276689841	190.1617429884277	0	192.5668041100064	193.3053387218938	0	256.1483016709157	195.4216763424633	0	81.5871695957581	301.4586779714708	0
					153.9539226229542	170.9701944961824	0	301.1165978146938	127.672815931709	0	336.7134076813804	97.34603587974304	0	145.9266759963814	155.203520239272	0
					350.1155998179521	46.41501834912393	0	394.9660567242828	85.44600943547887	0	114.1300671700931	175.5883451284728	0	89.79448570625937	184.6636635561344	0
					102.6042163079158	157.9040976523814	0	61.67697987015599	200.8062694767465	0	43.50189834208507	245.1859108342651	0	85.10247980313724	141.1817116417108	0
					52.76210829953816	141.1919167146375	0	158.4477686477961	159.6278044930845	0	417.2720097711597	242.7010737794501	0	279.4343200193656	400.7802696138055	0
					290.687531581492	263.2184495392877	0	292.8737889167712	274.0082135748019	0	284.084456258164	270.1727616218429	0	270.9759056980726	278.0945340956141	0
					247.7802064288577	281.0701574949949	0	243.4977900082483	308.6705615798758	0	209.7275082534129	303.2138011636074	0	297.8375941310557	285.5483398424952	0
					287.6710446356669	299.4918853341271	0	271.1933686626168	320.0652950640052	0	137.8874556129068	157.139869414519	0	133.7990009335641	156.2962922262477	0
					130.1403127124489	162.3450721522763	0	127.2013902438725	154.1112256863415	0	114.5242162414885	153.5524849013211	0	354.4719947879144	272.8382596456061	0
					357.303737412331	268.2850243829271	0	362.4464020369668	260.8789874023298	0	370.8899646285257	248.6998481279402	0	377.132714233826	229.7215591505347	0
					342.2890355651948	279.0960138179955	0	34.40275374817215	177.9204113962482	0	254.497241761769	343.3619683145643	0	217.2183435121825	393.6766996057017	0
					229.9434709979265	364.1373291488247	0	185.1848473043338	362.3665549745667	0	124.5493660545425	385.2069338414641	0	268.6430599428073	371.3426676161112	0
					230.9663880748318	237.5168601283808	0	326.2653013481028	269.7405606630949	0	321.0993101976915	267.5555073220879	0	238.9077181518406	202.1030212190111	0
					251.7627827143406	209.5248962190111	0	295.3898130490588	252.7106627069126	0	300.0224715193975	257.6952022355479	0	305.5100116398064	263.6164648294477	0
					166.7586740246482	163.7875815974255	0	362.3646065116052	274.850579404548	0	346.7681555473163	266.7976731536859	0	345.3401556762337	257.8951590082812	0
					354.6519169258991	254.3138271237898	0	138.2908970697495	187.6250787204785	0	146.6233661791827	199.7111311275443	0	148.6109594769482	218.0333843315315	0
					127.9106505088069	185.6982266161808	0	145.4599918969204	63.75464908573622	0	171.6268670133002	35.27118686309521	0	128.8881467054039	33.91253587231846	0
					374.2545543498649	121.7384818125408	0	441.0579509941068	227.2195188794234	0	446.2081203958369	177.5642569203986	0	471.1338841227135	242.1738507111548	0
					398.6445779332724	230.5900223121692	0	389.9992691566506	204.4207935605732	0	414.9508756989889	184.3938956080862	0	341.552421962279	263.068512666974	0
					151.4733946901729	237.5435608950946	0	205.9292547819012	157.8388266722415	0	212.6726507203817	133.7750649468387	0	333.951257168012	274.9827821501298	0
					146.2729368804038	150.1404748765219	0	328.8468572729852	254.1363623698247	0	287.7075819501428	247.461989813886	0	282.5326257638354	245.292464370513	0
					174.4402768955117	169.0373426133557	0	179.6167168589418	171.2042980793702	0	187.2652097461771	172.5246755937705	0	336.4820745477174	310.1461795454851	0
					322.8434524147873	322.8051865488049	0	315.8418663755957	347.4821835289567	0	298.2850834129344	371.3654296549754	0	314.4247059761951	402.4564113718059	0
					354.1859612596979	286.9437614072029	0	352.6622049296875	275.972907625	0	350.7873349254108	277.3648089790942	0	348.3433659238216	276.0314810297936	0
					352.7636583236447	273.9417164478031	0	350.4953551823212	272.3041264941151	0	348.1995610249529	269.843442861353	0	344.627789578125	271.33423575	0
					344.534085323916	288.2329548814725	0	343.897979749735	296.5491927082301	0	338.7117113761089	291.4452536275044	0	189.4221242010042	208.9397549201681	0
					148.0520810703125	162.789913375	0	149.9269510745893	161.3980120209058	0	152.3709200761784	162.7313399702064	0	298.765047513329	233.1438485307277	0
					299.1688847524854	223.8350654604544	0	297.5810047179555	213.807654882514	0	306.962238891674	206.3135089659214	0	309.3316091500384	191.4847485102434	0
					294.3396394369197	182.5833762344075	0	275.4380384247213	177.4748748429791	0	134.85004986198	84.6764377786113	0	223.345433323273	276.8638090536294	0
					173.8119605382909	296.6969524636032	0	133.4156632042333	294.8651924612306	0	111.9958118611875	333.490403910575	0	56.71483649019121	355.5204659169061	0
					103.1955357254012	262.8992797269742	0	367.031119277106	272.4231408446024	0	373.9201032587667	271.3196047732372	0	184.3898754208257	165.4626333336574	0
					187.4452272369583	156.5551682374178	0	352.5878717020402	271.7954449438924	0	354.7347446960674	270.1400388441967	0	354.1206883527812	266.7179099777736	0
					357.1869258681144	262.2347803219279	0	206.6384208108013	183.776333845726	0	363.858024663669	296.3294340329786	0	363.0103114201858	303.0261481485002	0
					371.6331872414511	310.6263561767493	0	368.9998513404477	292.6445773551811	0	355.714416404166	303.4329296574618	0	352.1941878139645	310.8480335321495	0
					358.3867142857983	320.4721184073822	0	361.3747852449065	337.9570342770479	0	343.393871698574	345.0156480314236	0	406.7869496881611	313.6565985705137	0
					407.8622606463207	339.3752475517995	0	454.4550781755171	364.1810892767819	0	434.2770102775631	345.9209881337658	0	465.8114299325387	331.3531169093172	0
					426.9622928993264	374.2828092857965	0	455.2955529172435	408.9314868222065	0	423.6592209009481	405.8926459316411	0	391.1820441494393	418.9579300589885	0
					469.8134529107401	207.1081786294333	0	144.1711834429329	146.8519116111065	0	146.0084072321782	140.1771355987511	0	257.3803018173262	254.7401194065094	0
					254.9330583536635	268.7629854834063	0	278.1323887897257	241.7810858926156	0	165.5863874549097	180.6617912599764	0	217.0061597585241	210.3501329438042	0
					204.1510951960242	202.9282579438042	0	225.793504854586	198.8409424826599	0	231.9410816996582	200.1174630089862	0	200.7771503996174	225.6693579024595	0
					229.744832895893	223.7095055285924	0	230.3396371057594	230.4326341965968	0	236.9487565664646	233.4177542494887	0	224.3572686141266	234.5317400754889	0
					220.5504263843787	251.7690957063414	0	215.8338142729056	230.888516023485	0	224.2627586057119	243.5499129954661	0	234.846165027705	248.5687729927305	0
					229.0046513784019	217.0774692684552	0	271.33677477361	244.5514947149009	0	264.7680269299057	244.6699463467855	0	263.2034602910678	251.2671364103381	0
					268.3966162300051	256.0356621612167	0	224.8070231517599	191.6403357736422	0	221.210209719056	185.6497849836411	0	226.9212173379584	179.7074427662935	0
					226.2862780743739	169.2584952141508	0	234.8174741485867	159.1715539334839	0	229.9588794539669	143.1089163111048	0	161.1673297993075	147.2018872183023	0
					272.4761576112281	207.632818955489	0	173.3401202967555	406.526780103829	0	132.0576052999003	242.9030112386303	0	108.1042258311269	234.5352009082236	0
					125.6357772647064	264.4614164728185	0	113.0088162351041	283.8897409872172	0	112.8217967196026	308.6965973081319	0	366.9847098357193	267.0348185065702	0
					356.9941725729703	271.7219631139234	0	359.8325829611126	271.184057023681	0	215.8621726208445	166.7198029834665	0	283.6255930131568	222.5401340269346	0
					284.658156332684	229.3148886297811	0	283.1458009056766	215.725429025253	0	289.7012322354663	211.4376261338733	0	289.2582286124996	203.160488312109	0
					288.973725396558	192.1742616939211	0	276.6797794809607	213.1705461664734	0	40.26410199507392	38.14066888341547	0	139.8112018552723	161.1076886848381	0
					137.0417774079155	162.4625648042255	0	133.6076178489826	161.4303404358897	0	132.7888075571382	165.3554305101931	0	127.0631210115617	167.722610512804	0
					119.5555504927274	169.9437657475252	0	109.6857548438706	165.886804668729	0	95.78526735738335	171.0856598999931	0	86.05956067530971	157.6999232098147	0
					68.93520296156319	150.4052918939848	0	138.7507985648998	159.1935155960455	0	132.984871004407	169.6294825712052	0	131.0499881529616	158.7644078708755	0
					126.3407335313517	159.4738962728969	0	120.1866339562592	157.0037803164001	0	116.022209996962	162.7291028306726	0	121.9162680079264	177.6425867599189	0
					450.2449932985193	88.25	0	248.5338382384685	395.4110579052208	0	203.125	422.2424302928875	0	257.8718447464067	213.7874403702271	0
					354.5802126937777	274.8799234288389	0	356.4509968781714	276.2022739303316	0	356.3882433143787	273.7603892696268	0	200.0143192047466	180.405864402837	0
					257.2648105585462	247.9281319365764	0	247.6011387766247	251.4989437571476	0	250.7974739229633	242.5935752328319	0	105.8386236709003	147.8575524385543	0
					93.85334805552651	149.542904647046	0	97.08775541851105	139.496359433219	0	115.2732131192253	158.1407938659968	0	117.3554250988739	155.2781326088606	0
					118.1044219766106	159.8664415735363	0	142.4348371760735	153.0162024925193	0	143.4309300994668	154.8132975879386	0	141.4650170766066	154.4657259045807	0
					213.5441255139995	190.3699899069463	0	209.649611671875	193.40454825	0	210.3303593733745	188.5145211569463	0	114.4156564950538	263.6803480998964	0
					105.649880778264	248.7172403175989	0	116.8700015479167	249.4983086905211	0	80.56939126828385	129.9594858384967	0	77.01884138235022	145.7935017678478	0
					72.48575284749683	134.5712759646337	0	146.7563201659086	158.640462745303	0	147.4359117659103	157.7956461264737	0	147.9084633999983	158.9954586188292	0
					284.2491793710795	265.3807232911479	0	287.5507170327436	261.9035672498703	0	287.385993919828	266.6956055805653	0	429.1929594995664	290.7167754406024	0
					414.2081769559537	279.133161828612	0	435.4536024555769	280.5168403733425	0	141.2812766451315	155.9940373130269	0	142.1039675	156.8814105	0
					140.9241341451315	156.6126268130268	0	345.1921113690299	279.6341452710892	0	343.4872797922523	280.7315314300869	0	343.9938671419724	277.9986276589977	0
					392.272624632079	132.3156559988027	0	393.8779613581461	153.1471313295917	0	375.8598910759321	142.5699571433298	0	328.7029080739926	258.0966271849123	0
					332.7558503000079	254.7876628321309	0	332.6119011010152	258.7479276472186	0	356.401973361348	283.4139792332457	0	357.2975103805688	282.2055426428707	0
					357.3576379807791	283.708436590375	0	415.9606111889863	316.972826092027	0	407.3672418440522	301.4948477331928	0	416.5409033448773	304.8110752547061	0
					355.5156047859746	275.5410986795852	0	355.3600424390857	276.5514579651658	0	354.4246503468888	275.8902827144194	0	258.1776124132639	244.6462238552357	0
					261.9292205989436	243.0171310603403	0	261.0164187442259	246.2990391416809	0	381.6426397010047	289.9836812641955	0	375.7042206801531	287.1480436120191	0
					382.1127443410678	285.652555113518	0	359.4403536150847	282.7730251421137	0	358.610318	281.8814105	0	359.7974966150847	282.1544356421138	0
					291.7806602491316	268.6133315570448	0	294.0666398672504	263.6059390764137	0	295.15976853489	269.0008210941709	0	143.0117150220158	159.5200384216296	0
					143.6542580882798	159.2709459341775	0	143.4534684337361	159.9301819874521	0	362.2664458374279	278.175758460934	0	363.5612092102617	279.7080053021739	0
					361.8117846081835	279.6563615574461	0	290.8482461615133	234.6003250525705	0	286.779999046875	237.93579825	0	287.6344800208883	232.7448563025705	0
					440.7086855374217	369.2319492812892	0	454.8753155463803	386.5562880494942	0	441.1289229082849	391.6071480540015	0	235.7210716775946	216.899798340323	0
					232.0080723980456	218.5308809745506	0	232.717650657951	215.4463866342276	0	156.1400379989294	120.6780880741774	0	159.6022670353653	124.9533787704447	0
					157.4081705484747	129.9982852160137	0	222.7906363478692	198.4756570608467	0	220.8977931640625	199.898688875	0	221.1837532775567	197.5479226858467	0
					378.2855257871308	248.2394452337602	0	374.0113394311759	239.2107036392375	0	381.406900589781	238.7503007450575	0	278.1709992776754	239.8587418213078	0
					276.2734475779074	241.2899290243184	0	276.3120580658571	239.3675849530107	0	350.3012852529487	307.2064866637954	0	352.0613995480495	303.4989347264515	0
					353.9543021090652	307.1404815948057	0	352.0604750551822	266.74025998423	0	349.4295051163375	268.1691567252238	0	349.3991254861611	265.3687764126922	0
					40.10345520973245	65.14823165909165	0	19.97140421219548	74.20289721738391	0	20.13205099753696	47.19533444170774	0	140.2851837217381	154.1969422176076	0
					139.0534981366299	155.1202227420322	0	139.2372385681049	153.5919113335861	0	184.3905671729948	187.0568402934218	0	181.1768010323698	185.2013715434218	0
					181.796625546875	182.27233525	0	352.892099	280.848156625	0	353.0209012727597	281.7909327777322	0	352.2550332727598	281.5549551527322	0
					252.499480640625	223.09264775	0	251.8122469313795	227.9939089379863	0	248.5984807907545	226.1384401879863	0	302.9610045640435	228.4319479179461	0
					302.7590859444653	233.0863394530827	0	298.9669661329072	228.489456995591	0	394.3219235449615	217.5054079363712	0	402.4124481099644	210.4045601500324	0
					406.7351024982754	223.4891745258304	0	361.8670401055933	282.1173293414568	0	361.0370044905087	281.225714699343	0	122.5625619361265	111.0584744455323	0
					115.5278522949314	106.5997166930504	0	126.429438856569	97.9618766189578	0	202.150650890625	191.54937925	0	201.079222390625	193.40514775	0
					198.93688475	189.6939105	0	156.731677964523	160.7446919965423	0	155.557703850737	159.0671373152406	0	157.2737945340101	157.9502498117828	0
					181.8033175531942	117.1327290391137	0	200.4439626313832	117.8966242875622	0	194.0320056421926	133.0111696983901	0	144.3736485824931	166.3258887265763	0
					145.1691154597407	164.7617950269594	0	145.8521348076364	166.3781617008239	0	306.8572126517525	175.5448117535906	0	314.353197508312	179.9954978915086	0
					301.8356242934791	187.0340623723254	0	206.5371331710256	187.662706672863	0	210.4316470131502	184.6281483298092	0	238.0375330078125	214.743038375	0
					237.3279547479071	217.827532715323	0	227.860780015625	206.39312925	0	226.789351515625	208.24889775	0	224.647013875	204.5376605	0
					327.9475846818639	268.6822292065474	0	329.1983152510513	270.2268378075426	0	327.5160319172902	271.28516926409	0	329.0944134453125	264.840394875	0
					328.0229849453125	266.696163375	0	327.487530375	263.9126605	0	307.4451334369162	239.252110502681	0	305.7252999454078	242.5934652185948	0
					305.0332908840933	236.3701850913516	0	324.273764234375	262.05719175	0	325.345192734375	260.20142325	0	315.008735922818	250.2726604140918	0
					312.7324492624268	250.5043670656291	0	315.2510570133698	247.9974792297209	0	325.4891419333676	256.2411584349123	0	353.6357101612682	282.5171744250091	0
					352.9986444340279	283.2239729527412	0	341.9494780078126	272.262269875	0	340.8780495078125	274.118038375	0	340.3425949375001	271.3345355	0
					277.6741551953126	235.152894875	0	276.6027266953125	237.008663375	0	276.067272125	234.2251605	0	254.642337640625	219.38111075	0
					254.6502081232034	215.6565411851136	0	257.8639742638284	217.5120099351136	0	277.8321148801123	229.3128945371784	0	275.5318175546876	231.441657625	0
					276.2252318097998	228.3851601621784	0	253.570909140625	221.23687925	0	250.357143	219.3814105	0	251.5956771071703	213.5252691095055	0
					254.8173137303737	211.6561682946191	0	281.5918427339543	227.7856428520689	0	280.898428478842	230.8421403148906	0	235.5628198760654	278.9669832743122	0
					231.8776675075709	267.8699858506087	0	244.0950540603633	269.9731600712914	0	290.5292197578125	242.574769875	0	289.4577912578125	244.430538375	0
					288.9223366875	241.6470355	0	207.2832952769834	43.24102351847345	0	207.0590701886893	62.57888706375654	0	171.4026419250062	54.60905040837829	0
					272.2070031726486	58.90761087550503	0	284.8842949172257	81.43284561079423	0	255.6170152852437	73.73609490914089	0	416.4982666680661	329.8321505826699	0
					429.7056414836873	333.1050208736531	0	421.0696354619419	342.6481178427827	0	335.6474442968629	357.5687355200239	0	321.8714416353738	358.8020032687904	0
					329.6178690370849	346.2489157801901	0	367.3271180940761	423.7902401114146	0	336.0771180940761	423.7902401114146	0	249.2669191192343	422.7055289526104	0
					233.6419191192343	422.7055289526104	0	161.9614286074563	175.8075916793169	0	165.6570911493299	176.8283913799882	0	161.8907249130361	179.6409915593051	0
					93.84863905395973	119.2167872774538	0	98.38172758881312	130.4390130806678	0	359.8750697246489	264.5820058926284	0	362.4322863588154	265.3871906527938	0
					359.8609540464976	269.0902091430925	0	402.3972829183196	281.0663218402872	0	408.6579258743301	270.8663867730273	0	133.8298596183912	154.209232386192	0
					130.5001955887183	155.2037589562946	0	130.5310542735454	153.1166991162389	0	148.9427523900959	120.5474674457406	0	151.1368488769866	115.5025610001716	0
					176.9574504919709	172.0993450396851	0	174.3692305102558	171.0158673066779	0	177.0284968772268	170.120820346363	0	171.6198725546875	173.922426125	0
					172.6913010546875	172.066657625	0	173.226755625	174.8501605	0	206.8821197724587	205.619859608286	0	207.4358080042621	200.9499059719021	0
					210.1668325806967	203.6415076363839	0	176.440521765625	176.70562925	0	175.369093265625	178.56139775	0	163.6618218842094	183.9952366044637	0
					159.9661593423358	182.9744369037924	0	174.8164931699563	183.2294666793169	0	171.6027270293313	181.3739979293169	0	147.2352908604378	156.3996185409703	0
					148.3874340945275	156.7546144144965	0	158.7648079921875	166.500551125	0	159.8362364921875	164.644782625	0	160.3716910625	167.4282855	0
					242.7060186364469	206.6569842776366	0	238.7406125446703	206.1033941095055	0	242.8731242436172	202.6566113871421	0	252.6230718707312	112.0576591367062	0
					266.5562901686313	119.3211015059062	0	250.8850550095418	135.1174309981823	0	145.0897953375556	143.5145236049287	0	148.3233246934926	143.7897906116884	0
					147.40471279887	147.1271786178662	0	233.4553580828043	135.4814524700436	0	221.3157650871743	138.4419906289718	0	224.8122437160117	130.8145267879104	0
					371.5425165740902	284.7452813770449	0	371.0724119340272	289.0764075277223	0	359.8807497653524	329.214576342215	0	351.4682350177351	331.8715040361632	0
					349.974199538181	323.1290461013303	0	349.1309375460569	297.1374639260438	0	354.2444149739734	293.449070215483	0	353.5218601198495	299.8765460848805	0
					276.4775519615619	288.175302945097	0	286.6801373215369	290.9208060511748	0	277.4684592756919	296.7463822280492	0	119.3557120976355	228.6742951574246	0
					111.5366551588597	212.7940177293755	0	122.7881414253683	206.9331119785766	0	213.3096520537088	209.330797108286	0	215.0791207388708	213.6878624275398	0
					211.3826130340555	212.6685265920216	0	135.9331356431075	153.3186822020735	0	135.9022769582804	155.4057420421292	0	136.7051100310866	143.4440461165224	0
					136.4147150843306	137.3019125305195	0	140.5624292847807	138.6553905235102	0	365.3832353687496	281.0776200484217	0	365.1986926846837	282.6154257450352	0
					362.9220052969513	282.7264140952994	0	360.8228244839759	299.60715026141	0	361.2466811057175	296.2587932036491	0	363.4341680419274	299.6777910907394	0
					138.9944494515849	156.4325615202864	0	137.9465042979517	155.8275306362648	0	135.4516185217158	145.3553668586098	0	139.599332722166	146.7088448516005	0
					361.6824974215274	283.6551350380702	0	359.878461460075	294.0334661926908	0	362.4898050180265	294.1041070220202	0	392.1628324395042	239.1845323258747	0
					387.8886460835492	230.1557907313519	0	314.0970112421875	253.707282625	0	316.6156189931305	251.2003947890918	0	312.8628331396523	263.266816588291	0
					316.7748034531249	260.20202275	0	316.0765992802773	265.122285338291	0	314.4010858948251	300.1917147218649	0	314.2614351748159	314.4059749886535	0
					304.4583829687442	310.3508168366832	0	234.288312296875	210.10406675	0	233.216883796875	211.95983525	0	231.07454615625	208.248598	0
					235.5268464040453	204.2479253595055	0	235.359740796875	208.24829825	0	216.983345861454	240.6958117113691	0	217.0306008656614	236.1867252513806	0
					224.3100136099193	239.0408265354775	0	239.1089615078125	212.887269875	0	237.5020784375	211.9595355	0	259.388120606729	235.1892574620738	0
					258.8070852616832	231.3626179512573	0	262.7218144075459	232.4856935108166	0	224.1115593046875	201.754157625	0	224.1490905444805	199.8336828663299	0
					225.755973614793	200.7614172413299	0	228.932208515625	204.53736075	0	338.2002572968751	267.62329825	0	338.2694565592645	264.418171083487	0
					341.4832226998896	266.273639833487	0	153.6321217995398	201.8912734888619	0	154.6259184484226	211.0524000908555	0	147.6171628280654	208.8722577295379	0
					251.5942339141715	166.7399730728706	0	244.8750023039771	174.6097140853158	0	243.0225590767628	164.4288815494008	0	243.3468136992994	142.206564582969	0
					257.2800319971996	149.4700069521691	0	169.8398256346491	206.025037391486	0	172.5104832430857	216.0839977568032	0	163.3115350283336	214.1303762154967	0
					204.2220418636371	199.0944372219021	0	207.506754671875	197.11608525	0	291.6566824167388	187.3788189641643	0	282.2058819106396	184.8245682684501	0
					284.8888389308205	180.0291255386933	0	241.787273078125	211.95923575	0	245.919784777072	208.5124530276366	0	213.3805987213217	205.4969763863839	0
					217.0771064261371	206.5163122219021	0	205.36441703125	193.404848	0	208.578183171875	195.26031675	0	213.934286953125	200.82702275	0
					223.0401308046875	203.609926125	0	192.9713302556651	205.1203892808467	0	187.0285110075621	202.4253729265766	0	190.577717062223	198.6060072872552	0
					211.7919493125	197.1157855	0	190.367014828125	182.27173575	0	190.9223574272661	177.5989166653383	0	194.1361235678911	179.4543854153383	0
					203.222079390625	189.69361075	0	183.4409633025595	171.8644868365703	0	183.9954630762136	174.6150025468853	0	180.1712166325959	173.9548137896851	0
					210.8957137013729	162.279314827854	0	209.9373566408459	170.1002723489263	0	204.9708977213743	165.6597841933138	0	196.088946917889	242.6917259238687	0
					204.5274783280318	254.2294680862176	0	190.9124921287248	259.0794835828141	0	138.6991959982321	166.5390212361223	0	138.2293905867242	165.113909049145	0
					140.5152290339099	164.5830261744944	0	317.846231953125	258.34625425	0	318.917660453125	256.49048575	0	321.05999809375	260.201723	0
					301.4778798964076	263.8049467214938	0	298.7341098362032	260.8443154245439	0	302.766241579602	260.6558335324978	0	295.2338873244278	231.2766158179344	0
					294.3794063504145	236.4675577653638	0	313.0255827421875	255.563051125	0	314.6324658125	256.4907855	0	310.8832451015625	251.851813875	0
					311.1255661921143	249.5766326906291	0	338.6395322550392	276.1397952383016	0	340.2464153253517	277.0675296133016	0	323.202335734375	263.91296025	0
					347.3810684028643	233.2967664259824	0	339.368211596268	217.8650892441345	0	351.295093976026	223.3134723324513	0	369.0262739866977	265.2766778179059	0
					364.715555936343	263.95690295445	0	366.7571200873215	262.1987622657858	0	330.8051983213638	271.1545721825426	0	331.2367510859375	268.551632125	0
					319.3426593951915	335.1436850388808	0	310.0802993121653	336.0236303162143	0	313.5810923317611	323.6851318261383	0	272.3502439043815	236.9523046345094	0
					274.7051749955446	238.4398505780107	0	272.059575274926	239.3112262125201	0	258.927012921875	226.80358525	0	256.78467528125	223.092348	0
					259.998441421875	224.94781675	0	289.3861281391339	246.410131281943	0	290.6461829345813	247.938589849346	0	288.9676367455902	248.990448381289	0
					274.4603890546875	233.297426125	0	279.7778823479879	240.7864761963078	0	279.8164928359375	238.864132125	0	261.069869921875	223.09204825	0
					263.2122075625	226.8032855	0	271.1689676327755	214.1577250990047	0	269.0671566979092	211.3888614935125	0	274.5779685460944	210.4016825609812	0
					265.9355805481708	234.3411622608166	0	269.1364777637565	235.0968358845094	0	266.5037469681773	237.068006645326	0	247.6714800227662	263.8195740654971	0
					244.0055202342468	255.1875532023678	0	251.2670985651441	260.1309646202769	0	270.1281558660817	159.9278741051807	0	262.5899145558392	167.0170076899674	0
					324.3843834186001	224.3707213371457	0	329.4373662888505	221.9103418475502	0	330.4012031528559	230.3087628272611	0	141.0624979849111	163.1858294934851	0
					141.532303396419	164.6109416804624	0	121.3268031999428	166.4527844721269	0	125.08058845936	165.3422068547663	0	123.3093357521446	168.8331881301646	0
					368.3954050560988	274.6716790700862	0	366.8877806372988	277.5738097506159	0	365.523494858306	275.3252715251322	0	371.8398970469291	274.1199110344036	0
					375.0472142894914	277.0682611172895	0	372.9670080776538	279.8685673784557	0	142.46111	156.262821	0	141.746825	157.5	0
					146.445198	161.862179	0	352.126231	280.612179	0	358.253175	282.5	0	358.967461	281.262821	0
					354.269088	276.900642	0	148.588055	158.150642	0	216.536470788343	290.0388051086184	0	233.4216116657607	292.7671853167526	0
					226.6126491308306	305.9421813717416	0	269.2296212891669	307.0330870929882	0	218.9507978119856	317.6180703477453	0	164.8453575416706	312.5934615729954	0
					296.1345391622101	297.8142209520108	0	293.7385451321627	334.0584610014254	0	277.1758633391037	331.8085699816921	0	268.8277998886797	343.4569066069716	0
					139.4261209275814	157.4593846110496	0	137.2306227693022	158.2775382730528	0	135.1863954296309	157.8557496789172	0	135.0907038873402	160.4227737837381	0
					133.7033093912733	158.8633163310687	0	135.324697628449	161.9464526200576	0	131.8739652807158	161.887706294083	0	133.1982127030604	163.3928854730414	0
					132.4244945432629	157.5303500485616	0	132.3288030009721	160.0973741533826	0	117.7888802448447	166.3364342890989	0	114.620652668299	167.9152852081271	0
					112.8539824204163	164.3079537497008	0	126.7710618876121	156.7925609796192	0	123.2636837438055	158.2388382946485	0	108.5642162747021	155.7282912768512	0
					353.6613081990538	270.9677418940446	0	353.5299332449773	272.3168522947493	0	354.4277165244243	268.4289744109851	0	353.412799690713	269.8403395704792	0
					353.1057715190699	268.1292751372676	0	357.2453316402227	265.2599023524275	0	355.7122128825561	267.5014671803503	0	355.6538071104478	264.4763451498508	0
					353.3410061754524	259.1268533977441	0	349.9960363010664	256.1044930660355	0	358.549159481433	257.5964072630598	0	368.2203325082241	234.233354332417	0
					370.0284840586982	214.4966159436115	0	383.5659916952383	217.071176355554	0	261.5701508522882	357.3523179653377	0	239.2386546181975	379.7741935270227	0
					249.2932654703669	367.7399983824679	0	258.5884490906379	383.376862760666	0	263.9840791289171	398.0956637595132	0	148.944743175649	395.8668569726466	0
					149.1700601483777	428.2633900519145	0	124.7746830272713	417.603466920732	0	223.5809072550545	378.9070143772632	0	201.2015954082582	378.0216272901342	0
					188.2325601483777	414.3846051983583	0	195.279231904469	400.1017398547654	0	210.1716717560913	407.9595649492946	0	179.2624838005447	384.4466675391978	0
					28.35741824509561	346.5102329584531	0	28.35741824509561	402.7602329584531	0	97.29799291543111	292.674209479344	0	112.9153064773534	296.2931691476746	0
					97.20448315768036	305.0776376398013	0	299.5001121955931	345.5170142141678	0	307.063474894265	359.4238065919661	0	274.0386899810865	386.0614686149584	0
					245.2815893509546	245.5554616841317	0	241.2236519021648	250.0338583749391	0	238.9041024764947	244.0903763019232	0	227.3484528599431	232.4821871360429	0
					324.9712295447732	271.981958770758	0	322.3882339695676	270.8894321002545	0	316.6319695822481	267.871293249335	0	232.0435281779541	203.2551462544931	0
					260.1886157474127	209.7746752947633	0	261.7650002654985	214.4661722008815	0	300.3642221346988	254.3099406177739	0	303.5779882753238	256.1654093677739	0
					306.3217583355282	259.1260406647239	0	164.7865276507636	161.6370330765226	0	361.0985947363589	273.0173182141145	0	362.3913885961346	272.3729866539029	0
					364.7246449788851	271.1592673739301	0	351.2931049338399	270.9223833954384	0	349.347458103637	271.073784677734	0	350.1452078551557	269.6920415790573	0
					346.618788889259	252.4332659103216	0	351.2746695140917	250.6425999680759	0	359.8166639525406	261.5568838621289	0	130.2957487844684	190.4074596365234	0
					157.2965760568592	221.1113604561727	0	138.6152822716633	211.262260267085	0	158.7277936634716	230.8664487379542	0	121.4398674976997	188.3755305833541	0
					118.4426762472594	184.3477106552232	0	123.3974647048405	50.07257469319376	0	137.1740693011621	48.83359247902734	0	148.3134335066501	17.6355934315476	0
					179.5634335066501	17.6355934315476	0	150.2575068593521	34.59186136770683	0	355.460015548296	132.9241116578357	0	430.5794980474129	180.9790762642424	0
					430.5168737295576	196.9762918299451	0	455.4357019524234	217.1638487544283	0	470.4736685167268	224.641014670294	0	485.5669420613568	233.5869253555774	0
					484.9067264553701	216.0540893147166	0	443.6330356949718	202.391887899911	0	484.9067264553701	187.9290893147166	0	485.5669420613568	261.7119253555774	0
					475.2191924995948	286.6752269926665	0	376.4617615201105	201.8462331486307	0	383.7322484793249	183.911113017346	0	412.620785306641	163.6433628965754	0
					396.2080517504941	173.8976640411025	0	59.6074182450956	402.7602329584531	0	93.52468302727127	417.603466920732	0	139.4008930957692	249.7950552572872	0
					199.2734614272401	153.2624083732649	0	202.6451593964803	141.2305275105634	0	335.9795776202952	277.0360343133665	0	142.5120038372349	145.8247178603098	0
					148.4555895176054	148.7714602505739	0	286.4401007660206	249.6573316181667	0	283.8526226728668	248.5725688964801	0	280.3325072767805	243.5367751315642	0
					277.1376606344255	243.5040055939739	0	175.7033092061006	166.8497064840564	0	178.2915291878157	167.9331842170636	0	180.6781084687576	165.0623518442072	0
					182.0032961398838	168.3334657065138	0	190.9783379566047	173.6531209622235	0	185.8275425835014	168.993654463714	0	189.5497090980603	168.7057037471695	0
					344.3381311808409	310.4971065388173	0	342.4452286198252	306.8555596704632	0	339.0218796691406	317.9660766703818	0	352.3843284717402	341.4863411542357	0
					313.0930501540431	370.7436263317998	0	321.1628614356735	386.2891171902151	0	355.3736129864035	288.4168369638257	0	351.4567829627054	278.9884939895471	0
					351.7247699275491	276.6688583020471	0	351.8587633945313	275.5090404375	0	352.1363745363512	278.1436773555013	0	346.77012721875	275.045473	0
					348.0924608212858	274.6105927648968	0	349.4484387890625	274.117438875	0	349.1684554505356	272.7469154970576	0	348.0205583718514	271.5165736806765	0
					346.2346726484375	272.261970125	0	346.153181220834	300.0570662518356	0	341.6228983500125	289.8391042544885	0	341.304845562922	293.9972231678673	0
					336.6471200241555	294.0514362678627	0	192.9520373366246	214.9037201371632	0	149.2575030372946	159.7743270104529	0	148.9895160724509	162.0939626979529	0
					148.5779114372929	160.6191436292821	0	152.6218251787142	164.1522282351032	0	295.4358059440061	226.6222242827977	0	290.3534286795319	224.3245616025528	0
					294.0865074880113	221.5374027802094	0	293.2925674707463	216.5236974912393	0	289.3526812295017	215.3386831169189	0	286.4235165705715	213.5815275795632	0
					301.906970481273	203.0751906200615	0	303.0916556104552	195.6608103922225	0	295.5956707538959	191.2101242543045	0	289.1159770045288	197.6673750030151	0
					292.912713733715	196.0055669840613	0	275.7736275683417	187.2590051952038	0	211.3482284310703	273.7405173993962	0	144.6472088746418	311.6775815718091	0
					134.3502756323264	318.5932839952597	0	133.9372832031189	330.9901872964813	0	112.4088042903951	321.0935006093534	0	120.0809155655136	238.7191060734269	0
					118.272588957865	359.3486688760195	0	90.63210127236687	370.3636998791851	0	108.1021759802527	273.3945103570957	0	119.3222967499053	274.1755787300179	0
					92.39135266057966	282.1789788492225	0	364.7014402581917	268.465106204914	0	367.0079145564126	269.7289796755863	0	377.4082963055919	271.2811040177202	0
					370.452406547243	269.1772116399037	0	372.4939706982214	267.4190709512395	0	181.0520016187741	160.7038124238252	0	182.5796775268404	156.2500798757054	0
					352.3393631936995	270.668042620327	0	353.0753918888935	265.328894824736	0	355.4842280040782	274.3201563492329	0	355.4301190511465	273.2993244576165	0
					354.6085106465601	263.0873299968132	0	356.0192410541992	269.212531613562	0	355.9194213970068	258.2743037228589	0	196.7975500867483	182.2665344514185	0
					211.5872987672729	175.2046258012796	0	367.955279584206	289.6591113239646	0	375.7604658690361	306.6269989151776	0	357.9725360524355	306.3051734622777	0
					364.9584417790486	315.7318768212373	0	372.1169836902689	292.0618735589388	0	364.0364710715953	321.3792273913816	0	346.8779363022641	318.317003663714	0
					365.5305065511494	330.1216853262144	0	351.472808723055	350.3085769538641	0	450.0442201050509	338.6370525215415	0	444.3660442265401	355.0510387052739	0
					403.7838242570574	362.1899779029212	0	477.2275390877585	378.965544638391	0	425.3107569001372	390.0877276087189	0	439.4773869090958	407.4120663769238	0
					477.6477764586218	401.3407434111032	0	445.4728513111751	325.8210852614287	0	458.1249074658642	311.7267854473251	0	477.6477764586218	429.4657434111032	0
					446.3977764586218	429.4657434111032	0	413.3338403835602	379.6437587699197	0	411.682304384371	395.448677092842	0	407.4206325251937	412.4252879953148	0
					430.579610450474	427.9463229658206	0	414.3410220747197	434.4789650294942	0	383.0910220747197	434.4789650294942	0	458.0107866532885	192.336217774916	0
					143.4306157318575	142.487329854132	0	143.1402207851014	136.3451962681291	0	256.1566800854948	261.7515524449578	0	262.6809228017557	258.9069610200652	0
					261.4573010699244	265.9183940585136	0	252.4907202969754	253.1195315818285	0	252.4329746675855	249.713537846862	0	257.3225561879362	251.3341256715429	0
					168.3182571942861	183.3519290593051	0	219.7371843349587	213.041734608286	0	226.7776494676627	197.1363540141211	0	229.8514378901987	197.7746142772842	0
					205.2405417584067	231.7555341648658	0	233.0003755582323	228.356812992546	0	236.3049352885849	229.8493730189919	0	227.6618283444792	236.0243001019348	0
					236.9642140000581	238.5644198697483	0	227.6145733402718	240.5333865619234	0	212.7688736950508	234.3651132253786	0	221.9479298538259	264.3164523799854	0
					230.4801640381238	255.3226291769647	0	232.9062765512684	243.0428165605557	0	237.6280333597869	253.7224678201593	0	229.503884517326	213.5909178842276	0
					267.1968572113921	246.8815980416848	0	266.4145738919731	250.1801930734612	0	269.0111518614418	252.5644559489005	0	217.7175414672775	185.5648738987668	0
					220.1861332963772	181.2891474359071	0	223.0416371058284	178.3179763272333	0	222.7241674740362	173.0935025511619	0	217.5121147472715	171.8241564358198	0
					228.2525583411728	158.4409355956093	0	225.8232609938629	150.4096167844198	0	163.804023356	144.4337124761223	0	282.8777398989216	211.9180369172774	0
					279.9127901933186	214.4479875958632	0	279.6447291865636	210.6405954878876	0	180.4200601483777	428.2633900519145	0	128.8466912823034	253.6822138557244	0
					136.1899790781722	260.5742578743814	0	96.9324175148454	228.5238068627926	0	129.5257202344699	279.6633044670245	0	123.2122397196687	289.377466724224	0
					123.118729961918	301.7808948846812	0	357.1489549926507	270.0034937484253	0	358.5681601867218	269.7345407033041	0	361.1253768208883	270.5397254634694	0
					280.4917383840433	217.8756739677764	0	287.6641600743418	225.9747585660378	0	288.1804417341053	229.3621358674611	0	277.2587276716853	216.5982325383866	0
					286.1554555638164	209.7741354715876	0	285.9339537523331	205.6355665607054	0	282.6837226622309	200.1018119297688	0	282.5414710542601	194.6086986206748	0
					138.4264896315939	161.7851267445318	0	138.5436005151588	162.8102393958713	0	136.727567479481	164.7662344574992	0	134.9152924825268	163.9089976572093	0
					134.6010825540923	166.212667310483	0	134.6991142777267	168.349693340989	0	134.1958665298643	171.3929961978102	0	126.6191843098036	162.6534376745024	0
					132.8868392807726	167.4924565406992	0	124.4896945097441	172.6825986363615	0	125.7652392167298	176.4607963065549	0	92.78987653182136	177.8746617280638	0
					112.1049855426796	159.7196447850251	0	82.3543724543693	170.1451250610916	0	77.49151911333249	163.4522567160024	0	60.84865563055068	145.7986043043111	0
					68.92934025645923	159.8049410580874	0	138.3191270889033	158.1666925052822	0	124.719394719255	161.2178497348127	0	129.1256891984171	156.4378167786085	0
					121.6423449317088	159.9827917565643	0	119.5601329520602	162.8454530137005	0	124.9134592583666	181.6704066880498	0	422.605525011401	86.84800471773943	0
					195.3125	436.1212151464438	0	210.9375	436.1212151464438	0	232.8760908753255	394.5438787554613	0	225.8294191192343	408.8267440990542	0
					356.6912079436745	272.7411761917751	0	357.3326938571763	276.9335204794226	0	356.419620096275	274.9813315999792	0	357.5950371087206	275.0301548139525	0
					357.5636603268242	273.8092124836002	0	197.3528926858894	177.5937153667568	0	254.0311422407548	245.2608535847041	0	249.199306349794	247.0462594949898	0
					246.8797569241239	241.1027774219739	0	182.868054046875	180.41656675	0	179.65428790625	178.561098	0	205.3254807358243	178.628537780056	0
					203.326370007774	182.0910991242815	0	202.013429932797	176.9433030586115	0	186.6172747578125	185.055538375	0	185.9974502433073	187.9845746684218	0
					187.6887032578125	183.199769875	0	186.0818201875	182.2720355	0	154.1803112463459	193.5199065382476	0	161.189066866703	195.7000488995653	0
					183.939482546875	178.56079825	0	169.8938504986819	167.634640387251	0	171.5007335689944	168.562374762251	0	169.4775349140625	170.211188875	0
					177.511950265625	174.84986075	0	174.2280766776761	235.8655390006396	0	176.0856795406567	221.6924088534824	0	184.3315635815626	233.3686112733081	0
					139.0282545303462	183.0038733478642	0	133.1007737892782	186.6616526683297	0	133.8381312498749	182.0404472957153	0	185.917551328892	161.0089007855376	0
					189.6397178434509	160.7209500689932	0	188.1120419353846	165.174682617113	0	173.2747045141024	108.8256826284471	0	166.8627475249118	123.940228039275	0
					139.4073826830042	150.6443982014247	0	140.4502784740317	149.5122035731022	0	141.5118199442408	151.536436180839	0	181.3987563949106	151.3874891687391	0
					183.9849768127209	147.4529000871743	0	190.0314476547686	152.620579155853	0	353.8997072911171	285.4469880036106	0	352.7839599745424	286.3465475823026	0
					352.4977060059616	284.8497741787103	0	324.3534338445902	287.7052411570965	0	320.2377974168336	291.5974309416662	0	318.7374488153597	286.9647570748604	0
					140.2488117824499	158.3467577980227	0	141.3391868323722	158.4373706477161	0	139.8411736148221	159.2841284457389	0	145.3368435396687	151.7521245261995	0
					147.64516861086	151.4016907239499	0	146.709075270125	153.0133403736275	0	365.837896597994	279.5970169519097	0	358.1229045319133	288.5028009946825	0
					360.4030648615507	289.4972347399892	0	358.8414250427466	290.8843462657552	0	238.4071295528525	186.9605469644614	0	242.7348581658879	187.469177901158	0
					239.9803076796214	192.240764903521	0	231.7390637595063	189.8157993616198	0	234.4936142457728	185.0442123592568	0	291.7634120692313	283.949033305359	0
					292.7543193833612	292.5201125883112	0	289.6778085144331	253.5580245084846	0	287.1502725348633	254.2249077453622	0	287.700155561468	251.1857901855697	0
					222.4065924950453	247.6595043509037	0	229.5544618167084	246.0593429940983	0	227.6982957060418	250.168934349536	0	214.4929479960616	223.9570539673802	0
					208.3054823362615	228.2789369629723	0	206.9646160594175	221.3474749068674	0	365.0607183564158	292.2616786831215	0	366.4289380020583	294.4870056940798	0
					377.5609302683556	297.0534057081512	0	374.1356039525321	300.7839903879094	0	371.8087897242665	295.2097544424548	0	143.0596321329552	157.1758678132369	0
					143.4167746329551	156.5572783132368	0	150.9379855647666	167.0687238975237	0	149.3311024944541	166.1409895225237	0	151.2658472109375	164.645382125	0
					143.88504256244	158.5794033545942	0	143.7924719712349	157.8562689974143	0	144.4650098571154	157.5748699836536	0	142.6296472474388	161.4215137177593	0
					142.7328598028031	162.4337225414522	0	141.9763597920558	162.2015361757602	0	145.8932261241585	159.069139789246	0	145.4206744900706	157.8693272968905	0
					128.2405231219003	160.9094842125866	0	128.6953608421567	159.1191520718862	0	130.5951504327053	160.5547400115759	0	141.8712370161083	159.7770078851683	0
					142.072026670652	159.1177718318936	0	163.6555582488016	137.9695568231116	0	168.1308800744571	133.2604251811112	0	170.9160387383481	136.9564060919419	0
					153.9508207804246	158.1394029402406	0	153.4087042109375	160.933845125	0	143.0985363128291	160.9164872791778	0	142.3420363020818	160.6843009134858	0
					137.8962879864076	160.8280402001355	0	136.8077836668066	160.938885967906	0	137.6622942452987	159.304361363816	0	353.5716905736458	280.0033399909541	0
					352.8058225736458	279.7673623659542	0	356.0964035251889	279.5030163420247	0	354.8210597753942	279.6936810763338	0	354.7607578970863	278.7318809975992	0
					352.0197268299394	288.8268747319246	0	350.6177255447839	288.2296609070243	0	356.2492755823173	281.1879508532504	0	356.8292433634687	280.1834175262022	0
					356.9218135422891	280.9065519586933	0	355.3240311106281	285.9303172939765	0	355.0377771420473	284.433543890384	0	354.9073362017484	280.7744753353796	0
					330.2181555591332	294.4977669660616	0	328.5569219136958	288.2875137967815	0	332.9212950267648	290.4473657389408	0	346.7989944393424	280.5618796460892	0
					347.3055817890626	277.828975875	0	351.6295067529829	273.1229214709591	0	351.5416134421807	272.0497857190038	0	352.6757650128425	272.8685806958478	0
					354.6033697419908	271.4891492449015	0	355.8644586345188	270.9310009790601	0	355.7330836804423	272.2801113797648	0	354.423835	281.320111875	0
					355.2321214128906	282.4419920452269	0	354.4662534128906	282.2060144202269	0	346.8661926839118	285.1027607797191	0	344.6098046716129	285.3000019618254	0
					346.9419120316087	282.1698078600721	0	241.0849096170259	218.7421709912973	0	239.4780265467134	217.8144366162973	0	241.2512991484375	216.598507125	0
					227.0583764432799	225.4946337261741	0	230.0422350008262	227.0710698625946	0	227.3557785482132	228.8561980601763	0	224.4350506579747	197.4829166771767	0
					269.3073017301903	201.402522883364	0	259.3268442096671	200.5917932808813	0	266.1287591914389	196.2324059449459	0	348.6851255506198	260.9175193399898	0
					346.0541556117751	262.3464160809835	0	335.8256672416402	260.6033963972186	0	331.772725015625	263.91236075	0	370.6597075494217	316.4563462760651	0
					379.8853873121346	315.0056965878637	0	378.9119076201052	320.8356866871795	0	371.9975441568574	341.1884799446888	0	371.0860244081722	350.0107157443172	0
					360.4632654962212	346.7792700766762	0	146.105222264101	156.3220852461097	0	147.0567445927182	155.2810535341325	0	155.9168055050118	153.3271195228353	0
					154.1613796694883	155.6995423889208	0	153.9783647542761	152.7539667812749	0	351.9094900915098	274.4934448489015	0	350.7753385208481	273.6746498720576	0
					364.6978628943556	273.6368601245752	0	363.1902384755556	276.538990805105	0	346.8757360749579	293.6295903824382	0	344.2160325368255	292.3910737948513	0
					347.1937888620485	289.4714714690594	0	309.6798516590491	272.490839710764	0	317.9208933541241	271.2052180275015	0	315.4361160463687	275.5089785616834	0
					220.361819234375	204.53796025	0	220.2908725667621	208.3717809719021	0	200.2460293141618	218.1406585253176	0	206.4334949739618	213.8187755297255	0
					248.3819109665453	211.6698003595055	0	249.3006565248673	206.3675488871421	0	253.9555421926282	202.4732862807372	0	257.1340847313796	207.6434032191552	0
					189.6960758188671	189.0002422442139	0	188.0891927485546	188.0725078692139	0	189.8310408984375	186.911007125	0	176.5603310048529	201.8066556387375	0
					179.3583929872123	195.7728216388338	0	181.8368358317606	201.9448249328888	0	223.9869603040664	163.4844062359427	0	221.0742253476092	167.9891490988087	0
					218.7749075773017	162.2150601206006	0	200.0113162273733	184.1220032014185	0	203.3233670304006	185.807237922863	0	136.1032797580067	150.3711690699121	0
					133.2090570669274	147.106370334834	0	123.6575187720078	141.1655865406249	0	127.1390708827918	138.5360940675378	0	129.0758437198525	144.7200605966188	0
					144.8958235028528	161.7642159957745	0	143.9535947569458	162.2052489125001	0	144.328376004093	161.2126671667256	0	140.3713752600084	160.2412149901352	0
					141.4023479507179	160.2820343237498	0	140.8421745459819	161.1485080184527	0	391.2640593912159	260.2892945621413	0	388.8717605945565	272.0210750234528	0
					383.2887881490765	259.5108228008917	0	371.9171240383491	281.8917745797496	0	367.2853152922231	283.8201384954529	0	153.7474051753921	145.0081034618566	0
					156.2951793928883	146.4976526071384	0	153.1860163723033	148.8919947699077	0	173.1786630245628	167.5115844439289	0	172.7623474399434	170.0881329316779	0
					341.0024995016321	256.6670611513592	0	343.4462888192564	260.4818358376276	0	339.1086326446547	259.2537379807056	0	353.6026864424533	242.8582611633306	0
					341.6758040626953	237.4098780750139	0	120.7966973981251	119.1978468331718	0	125.8265826783542	126.8404995791314	0	116.6908606547181	127.3389672655844	0
					147.7629799520365	103.0520568058833	0	154.96026556087	103.1826774343202	0	428.8067121792565	249.1459943873561	0	430.4051172496587	262.2620708783071	0
					418.8704148415619	255.8171502704011	0	397.9993486809313	288.9106448307831	0	399.9084766454337	295.2083342306192	0	389.9602913264217	294.7858821655304	0
					30.83848993507799	212.9031347383732	0	52.58943910612053	222.9960901555058	0	21.75094917104254	235.0929554171325	0	191.7697343958519	299.9553768136053	0
					186.5814920385792	283.6570891043831	0	204.5392658961403	286.9155134543852	0	158.5434294551103	49.51291797441571	0	158.3192043668163	68.8507815196988	0
					310.2456918406397	148.0895316022414	0	318.8910372807105	135.8912787174199	0	328.0201313066564	156.3079943879522	0	292.6715573984375	246.286007125	0
					292.2530660048938	248.866324224346	0	259.3780560634651	279.5823457953045	0	251.3566323912606	274.9165714892006	0	262.9544820258681	273.4287597895102	0
					209.9507249616232	261.1931607257522	0	215.1271797507874	244.8054030668068	0	153.6138118712621	295.7810724624169	0	140.0799220479357	275.7761458685874	0
					160.2780707149645	276.6920258697737	0	345.1632441484375	274.117738625	0	344.0918156484375	275.973507125	0	343.556361078125	273.19000425	0
					353.6719355087112	274.410819938321	0	353.6178265557795	273.3899880467046	0	354.526103740846	273.8590915372225	0	338.8656795303596	281.9811148387226	0
					340.1484668188866	279.0926501472994	0	341.0062482766677	281.9844785094188	0	349.5653504246162	276.6981450044439	0	349.849899892393	278.0607596145471	0
					348.6279153915983	277.3940956398968	0	342.3869840716599	277.0708932839977	0	343.0209065078125	270.406501375	0	337.128828796875	269.47906675	0
					333.91506265625	267.623598	0	332.3081795859375	266.695863625	0	325.7033626351738	276.6279907583097	0	326.2219601139607	273.5265673717531	0
					328.2481650076908	275.9312012516417	0	336.057400296875	271.33483525	0	333.397445662131	272.2310743250649	0	331.3590098272448	273.9062800076074	0
					323.2651214922801	278.6479620843559	0	325.2913263860102	281.0525959642445	0	315.024079797205	279.9335837676183	0	310.9084433694484	283.825773552188	0
					323.6823057728972	268.6480339925914	0	323.7577060363458	266.661968161044	0	326.3407016115514	267.7544948315474	0	293.7429858984375	244.430238625	0
					295.34986896875	245.357973	0	299.635063609375	245.35767325	0	301.77740125	249.0689105	0	298.563635109375	247.21344175	0
					287.7792450688214	245.482396906943	0	297.492206609375	249.06921025	0	294.575198503613	257.1461721519125	0	292.2588692684436	254.6539023875949	0
					297.7061422842282	255.2029324712303	0	293.207531328125	241.64673575	0	295.3550015504447	260.4568258874178	0	286.7709139859118	258.592913514365	0
					289.9077285346602	259.9077958037824	0	284.1418746729204	225.9275113283579	0	281.0755610741907	224.3982655506457	0	302.9228681336105	221.0761271745333	0
					298.3749447352204	218.8213601714842	0	302.1289281163455	216.0624218855631	0	268.1890800080952	259.5547323974189	0	272.6043274984736	254.9082502473092	0
					272.3967912765637	258.4273204835113	0	272.884309986002	247.1600875159583	0	276.4774856230338	249.503881814367	0	273.2188631299103	251.437044034993	0
					334.6899644061697	236.5939289822901	0	329.6369815359192	239.0543084718855	0	329.6379993822639	244.6744599007934	0	325.3492381289502	238.3892937457643	0
					285.708570546875	239.79156675	0	282.49480440625	237.936098	0	280.8879213359375	237.008363625	0	285.1917669756677	244.3976341852565	0
					281.9780008350427	242.5421654352565	0	284.6371420468751	241.64733525	0	280.352466765625	234.22486075	0	260.234135424807	249.5976341734573	0
					263.9857436104867	247.9685413785618	0	271.782077484375	234.22546025	0	272.4786625212988	227.4525335329428	0	274.0855455916113	228.3802679079428	0
					272.3180514140626	229.586188875	0	283.3856969594167	219.1327815260938	0	286.0749655646068	217.4825845626088	0	286.314861618347	220.8899370634496	0
					285.1201038569891	246.3772270921995	0	279.3377791214804	245.2596948329227	0	279.6723322653887	249.5366513519573	0	155.5510418515625	164.645082375	0
					153.94415878125	163.717348	0	156.6224703515625	162.789313875	0	148.1532829127545	164.2658578756034	0	147.3498413775983	163.8019906881034	0
					148.8555226054688	163.2537805625	0	161.9422972847553	156.4915710491016	0	160.6310749623376	159.5571445243521	0	159.7589909702139	156.562231017834	0
					149.7929576076071	162.5578298854529	0	151.1489355753838	162.0646759955561	0	151.0149421084017	163.2244938601032	0	158.3385610348355	161.6724263715423	0
					156.086496421875	167.42858525	0	168.941560984375	174.85046025	0	168.8708572899548	178.6838601299882	0	139.6521066196563	197.4139118922052	0
					135.4858720649397	191.3708856886723	0	142.4571316244661	193.6681049240114	0	163.585457203125	169.28375425	0	162.514028703125	171.13952275	0
					166.79922334375	171.139223	0	168.4061064140625	172.066957375	0	162.1287504196895	162.5295007778099	0	160.521867349377	161.6017664028099	0
					164.656885703125	167.42798575	0	167.3146629341991	166.5355180487128	0	169.337861589131	164.8867039359638	0	176.5332066847927	151.0824008070266	0
					173.5837760482493	155.1247048558994	0	172.4028549163195	150.262114148933	0	192.2259382612612	156.7863609874284	0	167.9095722369069	191.4816671468167	0
					167.3613827901007	199.853034097431	0	158.7476624668313	173.9521229293169	0	242.3227276484375	214.742738625	0	243.92961071875	215.670473	0
					248.214805359375	215.67017325	0	247.143376859375	217.52594175	0	237.4863755130035	223.1195461355449	0	241.6522115657458	221.4705126839938	0
					239.8269500634474	224.6319583369442	0	246.071948359375	219.38171025	0	237.1615652164955	219.9711965816202	0	243.4254841674699	220.2545831926966	0
					233.644196836112	231.9251942230428	0	233.9575723206482	235.4673071889347	0	230.6530125902956	233.9747471624888	0	215.005715453125	198.97125425	0
					218.21948159375	200.826723	0	219.8263646640625	201.754457375	0	226.2844086162496	193.5360506596122	0	226.3162858020933	189.7699002650287	0
					227.793671266583	191.6656151509987	0	216.077143953125	197.11548575	0	218.7225144321362	196.244507173601	0	220.6153576159429	194.8214753594477	0
					224.0657135285072	182.6786138749673	0	227.3733828951925	183.8034537613543	0	224.5178790857413	186.7746248700281	0	237.2801486092132	196.9175775929177	0
					235.4243999257494	201.1102421139987	0	233.796830383122	195.9247984879053	0	223.0218971431967	211.0633826363839	0	226.2356632838217	212.9188513863839	0
					220.1028671317862	229.0841389736204	0	224.3645943023967	230.9057509996224	0	220.0955414435161	232.710128049487	0	231.7071865736626	193.5819497562033	0
					228.8672932771221	199.479202745823	0	228.8297620373291	201.3996775044931	0	309.8118166015625	253.707582375	0	308.20493353125	252.779848	0
					303.919738890625	252.78014775	0	304.991167390625	250.92437925	0	310.5559564256047	246.8522882555911	0	312.7407071194384	243.0681890593368	0
					315.1595210468123	244.4450866850038	0	306.0625958906249	249.06861075	0	308.7067522647404	248.1997350649621	0	310.347271171875	256.49108525	0
					306.7149879451686	225.673009632025	0	316.0125358986705	225.5431656027343	0	316.0506723291036	232.8989863461471	0	321.4387998245279	245.8876088764279	0
					327.09855662414	249.0729037722485	0	323.1871004733731	250.9510674740042	0	317.4358077072036	244.2133800334665	0	321.3472638579705	242.3352163317109	0
					319.8293851337555	253.0558635390918	0	266.425973703125	228.65875425	0	265.354545203125	230.51452275	0	269.63973984375	230.514223	0
					271.2466229140625	231.441957375	0	261.7571297829202	218.190741765768	0	264.9708959235452	220.046210515768	0	267.497402203125	226.80298575	0
					276.385842917036	226.2515048201211	0	270.1443017867076	225.9293586867983	0	271.9117959642564	224.723437719741	0	267.4907721798234	206.6973645873942	0
					264.0817712665045	210.4534071254177	0	190.9024693984375	185.055238625	0	192.50935246875	185.982973	0	196.794547109375	185.98267325	0
					195.723118609375	187.83844175	0	190.2605158894953	191.7335408551608	0	192.0023640393782	190.5720401109469	0	194.651690109375	189.69421025	0
					185.8624851637368	190.0738097876356	0	200.406762420788	198.2808200707627	0	197.192996280163	196.4253513207627	0	194.5685162148552	209.7758570341719	0
					198.117722269516	205.9564913948505	0	197.9233745553954	169.1837368074773	0	198.8817316159223	161.362779286405	0	216.6934650445988	181.2042363510328	0
					212.9002388422499	180.3524218669496	0	154.7140788449105	177.1876044378751	0	152.5935089708063	173.3626057566493	0	156.0744924970584	174.7951931774082	0
					142.4106567201436	174.9172142118379	0	140.1398125842237	174.0392125165388	0	142.7848573134245	170.5737587531268	0	355.8081927934595	282.6194899380976	0
					355.7657743805689	281.7335873928707	0	357.5983011304376	293.0390324473841	0	353.207378556645	290.2999502885474	0	354.4439965741588	283.639054595236	0
					360.1560382904435	285.080869876572	0	358.9688596753588	284.8078447344583	0	309.5355244761532	260.9815094147239	0	308.8373203033055	265.9017720030149	0
					269.478724742129	270.5841683646175	0	276.0330000221746	266.623282127732	0	277.5301809781183	274.1336478587285	0	260.291881054197	253.0036279084238	0
					265.8000382605364	253.6513992857774	0	262.8884590236656	255.387890783863	0	251.6923192711877	232.5529416392436	0	253.1354326919148	238.3298785676732	0
					249.3543605022361	236.8166383044023	0	142.4796648382798	158.1804011841775	0	141.7037699834026	147.6008828310148	0	143.3629495891006	148.6280765818115	0
					145.2220601616684	148.4961932438142	0	144.413826307836	150.2723582145192	0	144.386594732422	155.1077549011754	0	131.4645601347935	163.8502513312347	0
					129.92596428435	166.5390205114986	0	128.6017168620053	165.0338413325402	0	135.8432282732354	156.7180808203834	0	118.0231675890097	176.6154659441958	0
					116.8428088314103	172.766055437999	0	120.7359092503269	173.7931762537221	0	122.8904627826639	152.176666693053	0	126.3978409264705	150.7303893780237	0
					123.6940121000659	155.5575030013708	0	359.7422411176749	279.6934678581031	0	361.2110034818014	285.6899546304147	0	358.2346211617203	280.5824198158225	0
					359.0094012793951	279.0130666739257	0	361.4408138734775	276.4873470603771	0	232.7029734532991	224.9952486585438	0	232.3781631567911	221.8468991046192	0
					235.3363037141972	223.1326422345706	0	225.7364301448976	216.4054027706115	0	229.3747421371475	220.3934873985238	0	226.1065209036432	219.7214209006801	0
					364.8240852204248	285.4689325423304	0	363.2976260893408	286.8946673808323	0	166.1339027783276	156.8954513767127	0	165.2618187862039	153.9005378701946	0
					174.9974411129502	162.2978633662502	0	174.4416953351517	165.3239483146295	0	172.4727949314124	162.9597413261227	0	280.7316344377834	221.2830264686172	0
					278.1816024988172	223.1411579923283	0	284.112194619467	232.6976090648906	0	335.4917611847341	284.5550278852513	0	334.6339797269529	281.663199523132	0
					178.926315409397	192.810264465763	0	184.2028202363048	192.9484337599143	0	172.5660075469835	190.8383596016581	0	177.410434796076	188.0139717227387	0
					288.4791225874676	272.0904875983224	0	289.281509462089	278.1789701715123	0	284.8868431327854	276.2612441950328	0	295.3556915239134	279.7782767086486	0
					333.3513918620122	211.9270477540191	0	370.9789013831009	256.109192628591	0	366.6681833327463	254.789417765135	0	353.4963519299576	191.1187978724008	0
					353.1032455265	203.5767339436458	0	343.6753435728872	195.4238590793584	0	331.3077999089761	23.20750917456197	0	325.7949413112914	56.50968996314116	0
					306.9871414023153	33.30218078857919	0	153.6932536787142	162.2964597351032	0	152.0863706084017	161.3687253601032	0	140.7495238114612	167.8519477096497	0
					143.0208511879033	166.9751968809562	0	142.7853405539466	168.8190062291342	0	336.611211802756	274.0865430750649	0	357.8774781617202	281.2010093158225	0
					329.4948144551157	281.6348686039295	0	330.840412348458	277.0077033941641	0	332.6056592746697	279.6099473598952	0	301.0392524529569	236.4276941689965	0
					175.3713342629667	157.9393239458682	0	177.340234666706	160.303530934375	0	169.9008355891524	96.37517843415885	0	251.4934160031548	199.3159389488682	0
					245.5732833140254	197.9797986977454	0	250.2281689817863	194.0855360913405	0	275.7371414023153	33.30218078857919	0	372.5408282711174	65.93051389230141	0
					365.8397322028316	91.39602265761096	0	343.4145037496662	71.88052711443349	0	337.0394710821737	400.0184457973176	0	313.4623529880976	426.2282056859029	0
					248.9975158850087	326.01626494722	0	257.3455793354326	314.3679283219404	0	262.8453052121929	331.7136316892847	0	144.3267959741602	158.9895469204168	0
					143.477732967101	151.8840078641968	0	148.6021067651856	154.0107467001855	0	147.4720381688488	153.9332134053249	0	342.2811327146574	251.2051680533996	0
					335.2952930581317	250.3892189606759	0	340.9115824457586	246.1554237196383	0	344.1602887547976	264.9330929103299	0	344.0910894924082	268.138220076843	0
					294.8341267589044	249.9622021034563	0	298.0478928995294	251.8176708534563	0	284.7932610329467	256.2206791914501	0	164.1008967935741	164.6800492987128	0
					171.2409824944936	157.1190372877746	0	169.8936073669296	161.8606189875844	0	168.1060491522122	159.0459998976156	0	327.0565733122219	283.6548399299757	0
					339.2175861821248	288.1590984141732	0	334.9858863787182	287.8411830985825	0	330.3431063243072	307.1965262096601	0	329.3933333865496	300.452245891028	0
					335.5323016099598	303.4018992268531	0	295.9948884422009	312.0284812187995	0	287.7560504556759	322.3151860837385	0	279.4322066491418	309.7785901990661	0
					342.1287731560284	286.5529490411573	0	342.2044925037252	283.6199961215102	0	339.2402542109686	296.6034058082255	0	340.1900271487262	303.3476861268576	0
					360.766838889172	173.1836777411161	0	370.1947408427848	181.3365526054035	0	414.8882513811336	200.3911111737889	0	402.4750724278198	194.4073445843297	0
					357.8580860798108	278.7833928300793	0	359.3657060357655	277.8944408723599	0	355.6732042017484	281.0104529603797	0	356.7689414851607	279.2216174474676	0
					357.1252462415311	278.1029916459019	0	359.6280492873098	275.9910752068899	0	360.5518419254375	274.3543075510608	0	358.0733226561379	286.0162813248332	0
					356.5116828373338	287.4033928505992	0	355.8683203936698	284.1223838856019	0	350.9213283923929	276.2049911145471	0	349.6993438915983	275.5383271398968	0
					353.8772510736458	277.9115938659542	0	355.1525948234405	277.7209291316451	0	345.6979725627207	269.065954451843	0	347.4838582861346	268.3205580075195	0
					346.4136753015389	270.5888393056765	0	347.0210323212858	276.4663612648968	0	350.6622655219538	281.2923728389829	0	350.7910677947135	282.2351489917151	0
					353.4656464648438	276.4367748125	0	353.0738095384895	277.4477266784542	0	359.2858301501912	272.5210463606273	0	357.8666249561201	272.7899994057485	0
					358.4133777670414	271.4530100688022	0	353.6212088117326	275.4264155269194	0	352.7129316266661	274.9573120364015	0	349.0553824516413	280.3646384639829	0
					350.5193479296876	279.684444625	0	347.9580220066514	286.9911443194374	0	161.1187715459696	150.3492723804429	0	165.3103770395418	150.753152708054	0
					167.9470705962344	147.984977965874	0	170.8965012327778	143.9426739170013	0	159.0119489976423	144.9078242586949	0	158.4505601945535	148.7917155667459	0
					161.6486425543349	142.1396495165148	0	158.8634838904438	138.4436686056841	0	197.5361593073216	86.60832930036554	0	206.0545881601579	100.6439641376778	0
					179.6968456895485	87.9825487909736	0	218.2832762491564	116.5224047969542	0	65.30022871075562	185.0054298494683	0	79.3589816288073	176.9341268891623	0
					75.73573278820768	192.7349665164404	0	17.20137687408608	173.3352056981241	0	17.20137687408608	201.4602056981241	0	223.008616435408	188.6450603786416	0
					320.5439398957208	264.806499411044	0	306.35254299555	270.2055325371967	0	302.3204112521512	270.3940144292428	0	255.5933191210582	229.5071492012573	0
					245.4366435033967	235.3258404935442	0	239.9553982458745	236.5148669303022	0	242.4300018239868	232.2287278127306	0	187.8056453227737	214.0676180231595	0
					182.6139701469722	213.5870700294717	0	184.2304490252027	208.4592069264803	0	188.6008509620632	194.6081648274394	0	186.2945627415521	193.0363669607064	0
					274.2926871615952	202.3379772514588	0	279.3594478020643	202.5768901783652	0	277.5429182516973	207.8717318823954	0	273.7075555460376	221.6130908919482	0
					276.0419162806288	223.1362657380927	0	235.8359386894033	320.3464505558795	0	241.3356645661636	337.6921539232238	0	84.35532417568938	344.5054349137405	0
					69.15100304297465	328.4895719441885	0	96.79149072847282	317.4745409410228	0	362.7709407772124	251.506837625865	0	356.9799338542607	246.5294883190445	0
					365.098957705574	243.7224988211197	0	323.5237952578421	313.52602971132	0	329.6627634812523	316.475683047145	0	333.1186620566806	333.9104172901143	0
					332.2025686026755	324.2955801720417	0	342.4777782445689	335.4008109133511	0	318.9150027480371	112.509425905726	0	336.6894422140538	120.7278886914369	0
					428.2494076550649	160.2285435527316	0	430.2678441064062	115.5714150925323	0	448.2265568471781	132.9071284601993	0	270.4812311332443	246.8223722257426	0
					273.7398536263677	244.8892100051166	0	270.5207094786865	241.1875874919598	0	268.0524008517579	244.6107205308432	0	267.2363355568343	241.2468133079021	0
					166.3936916235858	186.6853744037924	0	154.241005410342	185.4688193975172	0	152.4699084391687	181.1145743523587	0	150.1181680834708	172.1596741560818	0
					148.1443983840014	173.603388732771	0	147.0294711488137	170.0080458717367	0	231.2948027704712	170.7785588879984	0	231.6122724022634	176.0030326640697	0
					226.6037477061661	174.4829689902222	0	277.8685426054051	153.9338570924966	0	283.1784251640447	171.4808578302949	0	204.6640262887997	209.4617102104718	0
					201.9330017123651	206.7701085459899	0	200.3358157531751	202.1146407926648	0	218.7620008549422	222.1526769175156	0	217.8101453153054	216.3794640920216	0
					223.4200644510301	221.5065490982619	0	215.5087482915112	194.389038423601	0	225.4191952710513	195.7783282086379	0	223.9418098065617	193.8826133226679	0
					187.2092292168386	176.4704712968853	0	199.3520034139398	174.1311540225313	0	193.2628373084878	169.8341491156226	0	138.1756970978959	151.5676787258493	0
					129.7275049561434	149.7358628079211	0	117.3336613214767	142.5802801472165	0	115.396888484416	136.3963136181356	0	151.2664116003302	141.9676363988069	0
					148.9514941390158	138.3549813858695	0	110.3670032041869	128.753660872176	0	130.9963901364859	133.7474384745256	0	135.102226879893	125.606318042113	0
					147.1089879250317	129.1181257286268	0	142.1057988030889	123.942598654621	0	100.7291478712906	74.00779079177235	0	118.6507559598255	79.86786619027251	0
					101.4731211268389	87.64304346797579	0	97.6062442063965	100.7396412945502	0	161.382406736316	82.33954359684662	0	148.5231942664201	77.24341116288406	0
					79.79390788586723	100.2601140523792	0	134.157099179872	93.54853607502548	0	143.2182232489499	87.70430550932159	0	142.525272566842	96.57640380573577	0
					51.38205099753696	19.07033444170774	0	20.13205099753696	19.07033444170774	0	101.1598238380521	52.09648774306235	0	83.98218900506552	59.87166502076564	0
					57.98955557891071	105.4465272350253	0	64.39920551648432	129.9645883749601	0	46.35245836196457	116.6738555747027	0	104.7064324859135	18.98018098602783	0
					126.944073352702	16.95626793615923	0	106.6505058386155	35.93644892218705	0	368.7098067957867	278.9434244968637	0	370.4756112679364	271.8713728089198	0
					385.8785818937727	301.8556066094861	0	383.9694539292702	295.5579172096501	0	384.4738263571683	279.8653980139487	0	378.5354073363167	277.0297603617724	0
					392.4490975993076	280.6438697751984	0	416.048818417219	229.5447002594709	0	427.9417890286925	221.8039228094575	0	429.1649803826332	234.9602963294367	0
					445.3898997932714	273.8456844902975	0	440.69968279073	241.4052169373427	0	460.7861345609516	267.1371523482438	0	455.7376493550334	248.8823828532084	0
					375.9821637450466	267.3805701957224	0	378.3744625417061	255.648789734411	0	482.9057149662693	334.4265584546586	0	477.2275390877585	350.840544638391	0
					460.1332540540279	347.7671030930496	0	359.6029909678441	376.5909930495669	0	343.7776265416521	383.8511516157266	0	343.7263813213439	362.8616644424644	0
					191.6255555590997	236.6055496614624	0	193.4831584220803	222.4324195143052	0	128.7624304671701	180.4886162346858	0	134.6899112082381	176.8308369142204	0
					139.6090789205461	220.4233868690786	0	150.0421770835605	227.788472613313	0	141.0402965271584	230.1784751508601	0	141.7654999950366	240.2232860668624	0
					131.3324018320222	232.858200322628	0	178.1429606284364	272.1193469420342	0	166.9736777043775	242.5426511577799	0	164.60907080511	252.1144203482047	0
					149.1087877909055	247.1153300855194	0	376.1532654631003	333.3531309938554	0	385.3789452258133	331.902481305654	0	379.628566807665	370.3031070651737	0
					379.6798120279732	391.292594238436	0	305.4929861241154	246.3442663149621	0	321.3462460116258	236.715064902803	0	331.3863000311091	249.7379184983696	0
					312.0486980581239	236.8449089320936	0	315.0486990346651	217.1447446230235	0	315.1913927231343	211.1429046616781	0	306.8195452032047	212.3153489272668	0
					333.7141939091579	189.9045168926689	0	333.3210875057003	202.3624529639139	0	323.3902421982829	206.4077055673296	0	361.1161023330964	219.0084111254938	0
					147.2486395351563	162.3260461875	0	146.546399842442	163.3381235006034	0	144.1058357451515	163.7331598971304	0	145.5843219702948	163.785432871378	0
					151.4785817356187	169.7672628956149	0	153.4133264521021	168.2716554980912	0	148.9889249129167	179.6819869315998	0	145.4993536548007	177.068842496183	0
					143.2551832490589	180.9958124106666	0	145.3281038988655	157.1461929397106	0	145.857901375	161.316906625	0	145.4831201278528	162.3094883707745	0
					146.2497382749983	160.3059547438292	0	146.8370348999983	160.8512271188292	0	144.9140925991603	159.5348192954168	0	144.683308125	160.226361875	0
					152.0123800296888	157.5662501986802	0	150.1949380703125	159.078376375	0	150.4054969593763	156.6385158236802	0	147.6404764351545	161.3150943063292	0
					150.8643861076071	160.7020613854529	0	150.2048760539038	155.2424882381767	0	152.3755954655579	151.5222252432837	0	150.6201696300344	153.8946481093692	0
					140.9592854295468	162.1736206697922	0	147.8254212665836	166.6891996481272	0	147.0299543893359	168.2532933477441	0	145.0561846898665	169.6970079244333	0
					407.0595208039278	257.7503102820763	0	401.4765483584478	245.2400580595151	0	456.0959175584102	234.6966847952891	0	430.6196515884448	360.1018987097812	0
					417.4122767728236	356.829028418798	0	437.7863288445005	306.1947537994366	0	482.9057149662693	306.3015584546586	0	375.4181401687958	408.2692051409089	0
					395.4437160086167	401.9813191565157	0	283.4640716778708	371.3540486355433	0	275.9007089791988	357.447256257745	0	290.7217207142625	357.4586372771772	0
					303.0811435712924	243.4623409036327	0	295.9671600096828	425.3901348069028	0	264.7171600096828	425.3901348069028	0	299.8673774306674	241.6068721536327	0
					297.5931724910395	238.3230265153638	0	292.6292256701439	174.0351085260091	0	302.2716218048147	210.0605819242177	0	296.017704859031	146.5798283746599	0
					282.9674355610679	135.0268446495457	0	331.7216179214651	175.7360851404436	0	321.3673618542782	182.6746790249991	0	351.8828971174531	284.1235325314333	0
					350.2901293666472	283.860950217684	0	364.0161466001741	289.276212651905	0	368.6916573744453	295.792458238697	0	366.120744036056	297.6348865775958	0
					357.174876975966	299.8105410158907	0	359.3623639121759	303.229538902981	0	370.0083253249471	304.7833476494811	0	367.3217493308184	306.8262521626248	0
					365.6968874143143	300.9832436353566	0	359.3086849932516	314.8247678372379	0	355.2904510498814	315.6600759697659	0	356.2124217573347	310.0127253996216	0
					292.8087522950482	251.6147848278023	0	175.3718230584333	139.2335422750009	0	184.0045143182913	140.4666322621149	0	216.1894959930107	189.4990113305472	0
					221.4805709611412	192.5791978104221	0	219.6821642447892	189.5839224154215	0	61.74716073134748	86.96938125212174	0	138.4636853642755	168.3828305843003	0
					137.9604376164131	171.4261334411214	0	135.910109803184	170.113206967594	0	142.5178257884622	185.617017783281	0	130.0239960079844	168.6760465420046	0
					131.2995407149701	172.454244212198	0	128.3386657185475	171.5008081829974	0	146.6840603431788	191.6600439868138	0	123.8249657733612	193.0847636036968	0
					131.644022712137	208.9650410317459	0	137.5862370231322	175.7695888998325	0	132.5105362404275	174.217757838803	0	384.0126659397197	311.006339326292	0
					390.0035033368712	310.2343042821723	0	365.9319214710781	309.9018867219214	0	361.6204835604453	306.1017827077969	0	399.3281844895426	307.3700850679401	0
					397.4622685354897	316.5208177847459	0	395.2412818575646	341.8975865820646	0	397.9999240145695	329.3801422753888	0	407.3246051672409	326.5159230611566	0
					391.1628454683012	364.7123169331863	0	19.97140421219548	102.3278972173839	0	62.33848348345049	38.05051542773556	0	73.45643248591352	18.98018098602783	0
					145.1495576311459	156.0276279328729	0	149.8278212480616	150.0326760980019	0	154.3755746209153	139.5732942360377	0	158.5850168564279	154.8846763365323	0
					158.4020019412156	151.9391007288865	0	156.382490315382	135.4032015426345	0	152.9202612789461	131.1279108463672	0	146.0833076919391	134.5230420552476	0
					136.9359913449572	117.0356597592268	0	131.6982839597627	110.5600067590792	0	138.7018558829586	108.8962873715872	0	126.3784162831286	75.45452564634019	0
					131.6833873005988	64.99363129990263	0	140.1550208794502	74.21554343217376	0	234.0414486885387	180.948201364196	0	241.6078772222487	197.4262085296143	0
					247.3041785902524	179.554882785442	0	238.7325037528438	177.2437912619722	0	248.8773567170213	184.8351007245016	0	246.6392503080949	222.1100519426966	0
					245.9520165988494	227.0113131306829	0	240.4707713413272	228.2003395674409	0	356.2435492625261	277.3717450968109	0	358.4767340877255	275.7614013630435	0
					272.8756405698496	242.6751334354611	0	275.2787194226073	243.0128487256769	0	264.0354383412487	240.4911396842093	0	261.1966320102866	238.8383243977642	0
					257.281902864424	237.7152488382048	0	254.9439440954724	241.9789455033635	0	230.5518761114803	164.2150245738174	0	235.5604008075776	165.735088247665	0
					217.1801466270703	145.7426911022867	0	213.8084486578301	157.7745719649881	0	209.3009527511414	145.8069458095401	0	242.2796324177719	157.8653472352198	0
					232.3881768012768	151.1402351222944	0	239.8503350704621	149.8340284240303	0	230.4228692447863	113.561866638026	0	246.0941044038759	97.76553714574989	0
					233.4168126592988	75.2403024104607	0	301.2954403096622	97.1385887544337	0	319.0938452430055	81.97519872845071	0	61.90780751668896	59.96181847644555	0
					308.1469240208562	198.8991287380824	0	316.3457734960048	194.1639296437339	0	315.1610883668225	201.5783098715729	0	384.6103055370738	103.5922456240098	0
					355.4839810156226	109.5422588461419	0	357.0653522743632	153.7555869886248	0	340.366963361536	163.537832255622	0	473.1040601979184	173.1571284601993	0
					473.1040601979184	145.0321284601993	0	127.1223895386769	89.08977832254362	0	246.4698617703333	25.60543008692585	0	143.741079379093	160.6673947917256	0
					215.2198617703333	25.60543008692585	0	139.9283127388372	162.1328013361776	0	139.281000210086	160.1506021404418	0	293.4196166652275	208.4840715973115	0
					293.0549653416858	201.4986802931553	0	297.2163533944138	206.8222635783578	0	293.6411184767109	212.6226405081936	0	289.4797304239829	207.2990572229912	0
					266.9305356460826	224.0738899367983	0	267.6177955071278	219.1725834525663	0	273.128607355313	218.185404520035	0	325.0289602734805	298.2923939488687	0
					319.41297524425	297.5519098666326	0	309.6099230381782	293.4967517146623	0	301.2178139099045	290.8424482061949	0	306.2297032593294	288.2026433509627	0
					305.1467988849768	166.9965440451923	0	143.3003073015628	162.9852713705011	0	142.8851007910088	163.9616335260825	0	142.3378318400076	165.3588302070917	0
					280.6129706254686	257.1847616469273	0	280.9923291744202	252.8167558779245	0	276.1977231350903	261.8312437970369	0	195.2161301800032	192.4275088609469	0
					194.5436702101662	197.3031811817095	0	254.7974894061508	186.1712409756244	0	264.4423577830535	177.1978402258823	0	265.7931700478185	186.4482755927212	0
					140.2140602997964	356.8484522619258	0	170.531800924692	345.4282628284771	0	154.8671066794382	373.7867444080154	0	40.79358479787905	291.3543389857354	0
					21.75094917104254	263.2179554171325	0	62.54453396892158	273.3222944028679	0	156.6270925927271	170.1271242480912	0	284.7054524222573	111.9670727880695	0
					402.628375819288	114.1694198102717	0	145.1637130976576	154.2836472075745	0	362.5577999089761	23.20750917456197	0	384.9830283621414	42.72300471773944	0
					415.4830283621414	42.72300471773944	0	475.1224966492597	100.375	0	475.1224966492597	76.125	0	475.1224966492597	44.125	0
					443.1224966492597	44.125	0	101.9622764381762	180.1260043423036	0	114.5495758283428	183.3205898395001	0	102.3817850964259	187.8582490533309	0
					120.0592539252785	150.4510189855135	0	111.7986236376867	145.6817460630241	0	100.3648468425782	206.7826236839446	0	87.77754745241162	203.5880381867481	0
					73.71879453435994	211.6593411470541	0	111.9079110069819	170.7375748986009	0	104.9576672637382	173.3370025142329	0	102.735511100627	168.4862322843611	0
					106.1449855758932	161.8954511605552	0	99.19474183264956	164.4948787761872	0	64.63125377032449	233.8491618258134	0	26.38105414976908	126.8459583573187	0
					26.38105414976908	154.9709583573188	0	48.03986680916407	189.3633404364973	0	51.6631156497637	173.5625008092191	0	73.34871703374313	254.0425952806196	0
					94.47807246198255	242.7058462721679	0	94.33188849161274	157.802010431098	0	90.92241401634652	164.3927915549039	0	40.79358479787905	319.4793389857354	0
					77.49738181843645	154.0526075518998	0	85.58102023922348	149.4408174257627	0	60.8427929254467	155.1982534684138	0	43.58243102385516	159.5561640554428	0
					407.958293852216	236.6455480458096	0	288.85970171615	386.0728496343904	0	306.3548946945648	386.9109205133907	0	296.9295129977804	401.6183404928057	0
					229.0587791842423	348.079834340354	0	207.5641591511301	363.2519420616957	0	206.679467337446	347.194447253225	0	197.4561777788734	332.790178069087	0
					182.8031313992316	315.8518859229974	0	242.2203563798477	353.7496487316945	0	300.0344316340324	275.4014069098739	0	302.5163342411747	281.1714700437205	0
					278.3325678527398	280.2221304319183	0	269.1208898068948	286.0477066087927	0	257.5230401722873	287.5355183084831	0	255.3818319619826	301.3357203509236	0
					245.638998218553	294.8703595374353	0	161.0702132926317	153.4966575425835	0	352.0300954250058	263.9398796716984	0	129.9324194217613	118.6993791467188	0
					396.8470318366959	272.7995467847024	0	223.893901777931	99.2697446470697	0	267.9815437861853	263.073802633621	0	146.7441808916381	256.6870992759441	0
					347.84155571875	273.1897045	0	345.6986987187501	276.9012415	0	342.484932578125	275.04577275	0	334.9864911562501	265.7678295	0
					332.84363415625	269.4793665	0	329.629868015625	267.62389775	0	322.8530852431164	283.0725672902907	0	323.6771577414437	274.223356878421	0
					296.42129746875	243.5022045	0	294.27844046875	247.2137415	0	291.064674328125	245.35827275	0	284.4139024839952	260.5886849604528	0
					306.6768515147355	218.3171888886122	0	285.1726195818983	251.8526734224473	0	306.7531243756017	233.0288303754378	0	283.56623290625	236.0803295	0
					281.42337590625	239.7918665	0	278.209609765625	237.93639775	0	269.6256874928785	249.0932497365842	0	289.0041302235371	219.2397400999646	0
					276.1429324791254	245.2269252953323	0	152.87273028125	165.5731165	0	155.01558728125	161.8615795	0	158.229353421875	163.71704825	0
					146.7447545071749	183.6089568460834	0	165.72779484375	172.9949915	0	167.87065184375	169.2834545	0	171.084417984375	171.13892325	0
					177.7141278167225	155.944991513993	0	176.9663415166895	164.662070354757	0	161.7372563135091	187.328681948951	0	245.00103921875	213.8147045	0
					242.85818221875	217.5262415	0	239.644416078125	215.67077275	0	235.6611140107051	226.2809917884952	0	217.14805309375	202.6824915	0
					219.29091009375	198.9709545	0	222.504676234375	200.82642325	0	227.8255484524267	187.8994647564152	0	213.1520817192175	217.0255919112753	0
					227.7617940807393	195.4317655455822	0	307.13350503125	254.6356165	0	309.27636203125	250.9240795	0	312.490128171875	252.77954825	0
					317.3442717406461	240.6609874887495	0	317.527343673761	247.7657725781836	0	268.56831134375	232.3699915	0	270.71116834375	228.6584545	0
					273.9249344843751	230.51392325	0	277.8376758624099	220.0259189102998	0	193.58078096875	184.1272045	0	191.43792396875	187.8387415	0
					188.224157828125	185.98327275	0	184.63489781412	195.9109909329851	0	204.0125406608473	173.480741714386	0	145.0557014493444	171.4517604484259	0
					353.6134533225363	283.9502146000182	0	356.5612647131092	289.8899125204484	0	297.4457481530088	263.9934286135398	0	259.0904142679816	241.3643157738952	0
					140.101443290263	155.7252536260537	0	142.5547157352683	150.4042415525165	0	136.5737899256977	159.4152071315866	0	123.0980559071583	162.9618031967285	0
					360.6275322301694	283.0460502842275	0	364.015870439506	278.2274022056619	0	235.0114934176892	219.984292680646	0	359.6845443507175	287.1156894689165	0
					162.814381276879	159.4864845556197	0	278.5255291352245	226.2563970743567	0	338.0078980725784	279.0892864766033	0	183.7707426584895	189.9858765868436	0
					285.6892300074069	282.3497267682226	0	359.3079507826224	238.7451495142992	0	362.9242538835704	199.2716727366883	0	143.6906292345974	164.7095220527118	0
					328.7667624864777	272.8297778650851	0	291.7027271355267	229.409383105141	0	175.3913605640036	132.2472744499415	0	246.8385303353939	203.2102015552731	0
					301.4742828046307	66.60436157715837	0	283.1583580155905	343.551844899379	0	144.3724392659103	156.8517356264737	0	144.4007501989337	153.3637741758771	0
					336.6648433270304	255.4389632944372	0	290.2276915410376	250.5189069486921	0	171.9170491536138	165.9858262745021	0	331.2600613813275	284.2371125696607	0
					324.2041381008969	304.2468728738352	0	334.5825286722022	296.657618908221	0	356.3418457611377	281.9110852857414	0	357.5017813234405	279.9020186316451	0
					360.5170212353497	278.1241147162062	0	356.4621009615583	284.91687318075	0	355.2745398257813	283.3278945904538	0	353.4854141472916	278.9225457319083	0
					351.055321859375	275.04517325	0	348.9124648593751	278.75671025	0	352.0908546853586	269.5406402967616	0	344.6855240193098	282.3670490421784	0
					169.4534242797761	154.3044181978057	0	166.4407169126926	141.6655377339422	0	188.2152745423848	102.0181836282858	0	68.92347755135525	169.2045902221901	0
					214.2248732154991	185.4799628138925	0	312.1646289668046	268.1870791765821	0	247.911247081509	231.0397013759726	0	196.520536310326	201.3010236415253	0
					265.6581557845904	215.144904031536	0	155.8787545450503	328.4899706823875	0	347.8974221022842	246.971372812362	0	304.3187322487349	324.5650771034718	0
					410.2906949142931	142.8928301850646	0	274.4145063660891	240.7987721560214	0	171.0501269336625	186.0420668586339	0	158.1950623711625	178.6201918586339	0
					236.3033274665685	172.298622561846	0	0	112.5	0	125	0	0	500	337.5	0
					375	450	0	62.5	0	0	500	281.25	0	312.5	450	0
					0	56.25	0	187.5	0	0	312.5	0	0	436	0	0
					0	168.75	0	0	281.25	0	187.5	450	0	500	168.75	0
					62.5	450	0	500	393.75	0	437.5	450	0	500	64	0
					218.75	450	0	343.75	450	0	234.375	450	0	0	393.75	0
					156.25	0	0	500	196.875	0	500	253.125	0	31.25	450	0
					93.75	450	0	500	365.625	0	468.75	450	0	500	421.875	0
					406.25	450	0	156.25	450	0	0	28.125	0	500	32	0
					203.125	450	0	281.25	0	0	0	196.875	0	31.25	0	0
					500	309.375	0	281.25	450	0	0	84.375	0	93.75	0	0
					500	140.625	0	218.75	0	0	343.75	0	0	405.5	0	0
					500	88.25	0	468	0	0	0	140.625	0	0	309.375	0
					0	253.125	0	0	337.5	0	125	450	0	375	0	0
					500	112.5	0	0	0	0	500	0	0	500	450	0
					0	450	0	250	0	0	500	225	0	250	450	0
					0	225	0	
				</DataArray>
			</Points>
			<Cells>
				<DataArray type="Int32" Name="connectivity" NumberOfComponents="1" format="ascii">
					125	150	151	464	465	463	2256	858	859	466	467	468	252	2197	2295	471	469	470	280
					2308	197	472	473	474	12	293	2280	475	476	477	2286	862	2289	479	480	478	351	125
					20	482	483	481	864	432	433	486	484	485	436	2255	382	487	488	489	35	123	124
					491	492	490	862	863	2260	494	495	493	232	2254	233	497	498	496	200	84	83	499
					500	501	2288	2261	121	502	503	504	2211	2273	17	507	505	506	356	353	357	508	509
					510	380	41	2262	513	511	512	181	30	180	514	515	516	2232	110	2233	519	517	518
					250	251	23	521	522	520	2309	2213	365	525	523	524	75	346	347	527	528	526	270
					2190	2294	531	529	530	2320	410	175	534	532	533	227	24	224	441	439	440	246	425
					426	443	444	442	112	2279	858	445	446	447	51	2300	48	450	448	449	332	395	396
					452	453	451	420	6	227	456	454	455	82	865	144	458	459	457	234	2207	232	460
					461	462	227	117	24	641	1873	441	120	118	119	1878	1879	1880	120	119	117	1880	556
					1881	277	19	183	1407	1882	1883	6	120	117	1884	1881	640	198	326	183	1885	1886	1887
					120	195	118	1891	1890	1878	175	6	228	1892	1893	1894	195	2314	279	1895	1896	1897	2261
					107	122	853	1898	1226	122	107	123	1898	857	1377	77	122	37	707	1378	1668	333	334
					107	1899	855	852	172	124	31	1901	1399	1900	123	127	124	1903	1902	492	124	2192	125
					1904	645	1397	5	281	230	1906	1907	1905	150	126	151	1395	1908	465	230	281	126	1907
					1909	1394	126	283	151	1911	1910	1908	67	23	127	1913	1376	1912	127	2192	124	1375	1904
					1902	353	355	2315	1916	1914	1915	21	133	152	1919	1917	1918	130	129	53	758	1812	1198
					72	103	129	1532	1355	757	132	53	371	1199	1921	1920	276	66	169	1922	1923	1202	131
					275	288	1924	1925	1926	131	288	394	1926	1927	1928	328	132	44	1929	789	1404	2195	288
					132	1932	1930	1931	97	173	174	1325	1934	1933	133	128	152	1935	1936	1917	2	153	2238
					1937	1578	1577	134	2240	2241	1576	1586	593	2240	136	135	1938	1479	1587	135	96	293	1478
					1939	1584	2210	136	2240	1582	1938	1940	2208	137	136	1941	844	1581	2208	322	137	1943	1942
					1941	38	196	138	1944	1693	1945	38	138	137	1945	1688	1946	138	2270	2269	1692	1947	810
					860	316	148	1948	1503	1949	2271	147	148	1950	1951	568	140	216	141	1952	1618	1847	140
					2217	216	1253	1953	1952	2220	141	2311	1954	1617	1846	169	141	2220	1955	1954	1956	2278	82
					142	1957	1263	1258	147	143	860	1368	1958	1959	143	144	860	1960	1961	1958	83	142	143
					1723	1962	1963	142	144	143	1262	1960	1962	865	177	145	1966	1964	1965	860	144	316	1961
					1967	1948	317	145	318	1968	1698	1509	176	177	865	1969	1966	668	98	178	177	1970	1333
					1971	147	860	148	1959	1949	1951	87	106	209	1972	1261	847	148	139	140	1502	1254	1973
					2251	167	140	1975	1974	1849	90	149	89	1291	1758	1303	88	2287	149	1759	1287	1281	23
					230	2192	1977	1976	1374	126	281	283	1909	1978	1911	352	354	356	629	1979	1980	125	151
					20	463	1981	483	152	128	359	1936	1984	1983	259	2277	302	1986	1987	1985	2	154	153
					1988	587	1937	2210	2240	153	1940	1575	586	2204	154	2	1991	1988	1453	17	319	2204	800
					1992	1461	325	156	324	1854	1993	764	321	322	2208	1994	1943	1469	45	217	156	1996	1995
					1853	207	196	38	1997	1944	1998	93	157	2252	1999	596	1216	312	158	93	1306	2000	1785
					158	157	93	1775	1999	2000	2295	2293	158	1295	1783	1308	2263	37	159	1669	2001	1228	342
					345	160	1247	2002	2003	35	124	172	490	1901	1248	346	81	343	2004	709	2005	343	160
					344	2008	2006	2007	347	161	348	2011	2009	2010	2281	2205	265	1412	1732	2012	162	266	232
					1458	1462	1464	268	163	2282	1737	1674	1526	2296	2224	163	1528	1708	1736	164	2272	291	1440
					1443	1705	2202	164	2283	1445	1704	1739	2297	2274	165	1271	2013	1789	165	2274	73	2013	2014
					1212	48	2300	166	448	2015	1861	166	386	385	2017	1803	2016	175	120	6	2018	1884	1892
					167	148	140	569	1973	1974	168	167	2251	1701	1975	1622	169	2251	141	1620	1848	1955	171
					85	168	2021	2019	2020	273	169	2220	1200	1956	2022	415	422	66	2023	2024	2025	273	2220
					274	2022	2026	1517	22	170	131	2027	2028	697	171	168	169	2020	1621	2029	66	171	169
					2030	2029	1923	172	31	173	1900	2032	2031	161	343	344	2034	2007	2033	173	31	351	2032
					2035	2036	174	173	352	1934	2038	2037	173	351	352	2036	2039	2038	133	174	128	1327	2040
					1935	410	2317	195	1888	2043	2042	2278	219	82	2044	1329	1957	176	98	177	1725	1971	1969
					98	86	178	2045	1381	1970	145	177	146	1964	1332	1272	86	74	179	1871	2046	1379	178
					2189	146	2048	2047	1331	74	180	179	2049	1793	2046	178	391	2189	1791	1786	2048	74	181
					180	2050	516	2049	30	2274	180	1207	1270	515	116	181	74	1876	2050	2051	2191	182	116
					2052	1877	1875	117	198	2191	555	2053	1389	183	19	2298	1882	1796	1710	2191	198	182	2053
					2054	2052	118	277	326	2056	2057	2055	387	185	2234	2058	1234	1557	263	95	2275	2059	1712
					674	2312	47	185	753	2060	2061	185	47	95	2060	2062	1231	2228	0	187	1541	2063	1543
					2262	186	2230	1542	1538	1664	187	0	2302	2063	546	2064	374	187	2302	2065	2064	1810	864
					433	88	485	2066	1769	188	99	2288	2067	1761	1757	381	2309	2216	2068	2069	1840	190	189
					382	838	1843	2070	191	190	2255	739	2071	2072	61	2242	190	1590	836	741	438	191	2255
					1639	2072	2073	2302	62	191	545	1807	1638	388	389	2312	2074	2075	1850	289	290	52	2078
					2076	2077	390	192	389	2081	2079	2080	2193	194	193	2083	675	2082	2193	199	194	2084	626
					2083	217	2276	218	2085	2086	1834	175	410	120	532	2087	2018	322	323	38	2088	2089	2090
					218	221	280	1716	2091	2092	29	197	196	2093	1752	2094	119	326	198	2097	1885	557	198
					183	182	1887	1392	2054	19	199	2193	622	2084	1794	199	2373	2276	2098	1714	624	208	83
					143	2099	1963	1370	201	200	106	1267	1275	1372	411	106	87	1373	1972	2101	421	201	411
					1222	1371	2102	407	155	321	2104	2105	2103	407	321	406	2103	2106	2107	60	204	2243	2108
					1597	1595	203	2245	2265	1820	1676	1596	60	2304	204	1594	2109	2108	2304	409	204	833	2110
					2109	2284	205	2285	2111	1292	1743	59	206	2284	2113	2112	726	206	205	2284	1218	2111	2112
					239	206	59	2115	2113	2114	156	217	207	1995	1408	2116	207	29	196	1410	2094	1997	200
					83	208	501	2099	1274	209	147	2271	2117	1950	2118	209	208	147	1260	1369	2117	210	209
					2271	848	2118	2119	210	2271	167	2119	567	1700	85	210	168	790	1699	2019	211	2209	2207
					2121	1734	2120	2194	211	2207	1472	2120	2122	2247	7	213	1607	2123	1606	2267	212	2249	1608
					1815	1681	213	7	2303	2123	1610	2124	2249	213	2303	1814	2124	775	95	47	214	2062	2125
					1713	47	325	214	2126	2127	2125	258	2305	257	2128	2129	2130	2325	226	215	2132	2133	2131
					2217	27	216	1512	2134	1953	216	27	2311	2134	1533	1619	45	194	217	676	2135	1996	194
					2276	217	625	2085	2135	2276	220	218	1695	1717	2086	280	221	2308	2091	2136	472	2278	2279
					219	1646	2137	2044	2279	98	219	1225	1726	2137	220	2367	221	2138	2139	1715	282	428	2368
					1838	2141	2096	223	222	22	2145	2146	2147	24	34	246	1869	2148	2149	4	223	22	2151
					2147	2150	225	223	4	1800	2151	2152	418	417	222	2155	2153	2154	418	224	417	2157	2156
					2155	226	225	4	1401	2152	2158	253	2299	225	2162	1798	2161	226	4	332	2158	2164	2163
					419	224	418	2165	2157	2166	420	227	419	455	2169	2168	253	228	2299	2171	2170	2162	2313
					175	228	2041	1894	2159	146	2189	229	2047	1507	563	2219	229	2264	1511	1506	1523	2192	230
					150	1976	1396	646	23	284	230	719	2172	1977	231	302	303	2173	2174	2175	257	33	256
					2178	2176	2177	2305	238	257	2180	2179	2129	33	254	256	1822	2181	2176	234	232	233	462
					496	1684	233	2254	79	498	1806	2182	239	79	206	2183	1447	2115	235	234	2268	1634	1686
					2184	2194	2207	234	2122	460	1633	39	235	2268	2185	2184	692	236	235	39	1413	2185	2186
					237	236	39	2188	2186	2187	238	327	237	866	867	868	39	240	241	694	1747	869	238
					237	33	868	1821	870	257	238	33	2179	870	2178	2305	328	238	871	1403	2180	233	79
					239	2182	2183	1687	240	239	59	1236	2114	872	240	59	2307	872	728	1745	241	2307	2277
					1746	873	874	254	241	2277	1722	874	875	237	39	241	2187	869	1721	421	2256	859	876
					468	1220	243	242	2258	1650	877	878	413	243	2258	880	878	879	34	36	245	1868	649
					1655	413	2258	412	879	1277	881	244	413	414	882	883	1647	423	243	413	884	880	885
					417	426	416	888	886	887	425	245	424	1656	889	890	224	24	246	439	2149	891	337
					338	247	892	1300	893	305	432	864	1781	486	1776	2294	339	338	896	894	895	339	340
					248	899	897	898	271	272	2190	901	900	1319	250	23	67	520	1913	1689	272	250	249
					1826	1690	902	2269	251	250	903	521	1828	2269	2270	251	1947	904	903	251	285	284	905
					550	720	100	252	2295	1429	470	1749	2266	2198	252	806	1433	1428	2376	253	225	1802	2161
					1400	2324	228	253	2160	2171	1801	254	2277	259	875	1986	906	256	259	429	908	909	907
					429	231	2375	910	1990	635	258	393	2366	911	912	913	256	254	259	2181	906	908	257
					256	255	2177	914	915	393	255	430	917	918	916	393	257	255	919	915	917	215	397
					398	922	923	924	2277	301	302	925	926	1987	429	259	231	909	927	910	379	80	437
					930	928	929	375	94	373	1565	1314	931	2203	261	2272	932	582	1439	262	261	2203	1448
					932	933	2301	262	2203	934	933	1342	2301	57	262	725	1804	934	9	370	43	1569	935
					745	184	95	263	1232	2059	1559	2275	214	264	1711	1350	1349	431	102	2304	936	1600	937
					265	3	266	1733	938	1460	162	2281	265	1237	2012	1459	266	3	2237	938	1572	939	267
					2237	54	940	1579	1630	266	2237	267	939	940	798	267	2301	79	1631	1341	1805	28	2264
					268	1522	941	1735	2264	2296	268	1670	1738	941	99	401	269	1778	942	1762	269	92	333
					943	944	1336	310	2294	309	947	945	946	287	271	270	1385	1320	1730	2280	2306	271	1727
					948	1384	271	2306	272	948	949	901	2306	2269	272	1387	1827	949	340	249	248	950	642
					897	274	2220	2226	2026	1845	1190	276	273	170	1201	1516	951	275	72	130	750	759	952
					131	170	274	2028	1515	953	275	130	288	952	954	1925	131	274	275	953	751	1924	22
					276	170	955	951	2027	222	427	22	1651	956	2146	118	279	277	957	958	2056	279	278
					277	961	1406	958	278	2321	199	960	2100	621	195	279	118	1897	957	1890	2314	278	279
					959	961	1896	29	280	197	962	474	2093	29	218	280	1835	2092	962	5	286	282	1754
					963	964	281	360	283	965	966	1978	360	2374	283	968	967	966	5	282	281	964	969
					1906	151	283	2318	1910	971	972	2270	285	251	973	905	904	284	5	230	552	1905	2172
					2270	197	285	1753	974	973	197	2308	286	473	975	976	197	286	285	976	1755	974	2308
					282	286	1836	963	975	2199	2280	287	1321	1386	747	288	130	132	954	1197	1930	394	288
					2195	1927	1932	979	104	73	289	1530	980	1614	73	290	289	981	2078	980	2274	290	73
					566	981	2014	290	2193	193	1797	2082	683	291	14	2266	1702	805	982	2283	291	2266	1706
					982	1679	105	361	2257	983	1643	1642	292	86	98	984	2045	1224	2241	293	56	1585	594
					1588	293	96	2280	1939	1728	476	2209	294	2281	985	827	1239	211	295	2209	1498	986	2121
					295	294	2209	1496	985	986	2216	365	295	988	987	1497	2282	2225	296	1673	989	1382	296
					2225	297	989	990	654	2225	335	297	991	992	990	68	298	111	1864	993	778	297	335
					298	992	994	781	298	104	111	995	1866	993	299	75	347	997	526	996	2307	2284	300
					727	1829	818	300	299	32	1830	998	1832	32	349	350	687	999	1833	302	301	21	926
					631	1000	2277	2307	301	873	817	925	302	21	303	1000	1001	2174	259	302	231	1985	2173
					927	303	21	152	1001	1918	1718	231	303	2319	2175	1719	1989	304	2289	2253	1289	1764	1002
					91	304	2253	1284	1002	1626	2293	306	861	1431	1003	1784	306	2292	305	1766	1005	1004	306
					305	2291	1004	1777	1006	306	2291	861	1006	1280	1003	2197	2196	307	1007	1008	1773	2196	2292
					307	1009	1767	1008	2196	309	2292	1010	1335	1009	2292	308	305	1334	1782	1005	2196	310	309
					1011	946	1010	337	247	308	893	1425	1299	13	270	311	1731	1770	1434	270	2294	310	530
					947	1771	311	2196	2197	1012	1007	1421	311	310	2196	1772	1011	1012	313	91	75	1338	689
					1013	314	100	312	1740	1748	1014	299	313	75	1751	1013	997	2285	314	313	1016	1015	1750
					314	312	313	1014	1339	1015	2283	314	2285	1741	1016	1294	53	315	101	1811	1611	1017	129
					2249	315	1357	774	1813	865	145	317	1965	1968	1018	316	317	139	1019	1508	1504	144	317
					316	1020	1019	1967	144	865	317	459	1018	1020	318	2218	2217	1697	1500	1021	139	318	2217
					1510	1021	1255	2204	319	154	1992	1707	1991	2273	320	319	1022	549	799	2215	320	2273	1024
					1022	1023	2215	321	320	1025	1468	1024	405	406	2215	1027	1026	1494	155	322	321	1028	1994
					2105	155	323	322	1029	2088	1028	322	38	137	2090	1946	1942	324	323	155	572	1029	1030
					323	207	38	571	1998	2089	408	155	407	1032	2104	1031	156	207	324	2116	570	1993	214
					325	65	2127	1033	1318	192	325	47	843	2126	752	118	326	119	2055	2097	1879	326	277
					183	2057	1883	1886	327	236	237	615	2188	867	44	327	238	1034	866	1405	329	328	2305
					1418	871	1035	2195	132	328	1931	1929	1420	330	398	2305	1038	1036	1037	395	131	394	695
					1928	1039	330	2305	258	1037	2128	1040	2365	215	331	2167	1824	920	331	330	258	1823	1040
					1041	331	258	2328	1041	978	977	332	396	397	451	1043	1042	226	332	215	2163	1044	2133
					92	399	333	1045	1046	944	334	127	123	1047	1903	856	399	334	333	1048	1899	1046	67
					127	334	1912	1047	1049	2225	2224	335	1709	1050	991	335	104	298	1205	995	994	2224	336
					335	1051	1203	1050	165	336	2224	1211	1051	1527	309	2294	337	945	1052	1298	2294	338	337
					895	892	1052	2190	339	2294	1053	896	529	247	434	432	1055	1054	1426	2190	340	339	1056
					899	1053	339	248	338	898	1057	894	2190	272	340	900	1058	1056	272	249	340	902	950
					1058	2246	435	8	1059	1361	1603	2250	78	341	1060	1616	1183	159	37	345	2001	1061	1246
					343	342	160	711	2003	2008	160	172	344	1249	1062	2006	346	343	161	2005	2034	1063	344
					172	173	1062	2031	1324	161	344	97	2033	1323	1064	37	35	345	685	1065	1061	160	345
					35	2002	1065	1250	347	346	161	528	1063	2011	75	81	346	691	2004	527	348	161	97
					2009	1064	1066	299	347	32	996	1067	998	348	97	349	1066	1068	686	32	347	348	1067
					2010	688	349	97	174	1068	1933	1326	350	349	133	999	1328	1069	21	350	133	630	1069
					1919	301	300	350	816	1831	632	31	125	351	1398	482	2035	351	20	352	481	627	2039
					354	355	353	1070	1916	1071	174	352	128	2037	1072	2040	358	356	357	1074	510	1075	353
					2329	357	1073	1076	509	20	151	355	1981	1078	1077	356	354	353	1979	1071	508	20	355
					354	1077	1070	628	151	2318	355	972	1982	1078	128	352	356	1072	1980	1081	128	356	358
					1081	1074	1082	359	128	358	1984	1082	1083	358	357	2330	1075	1080	1084	359	358	2330	1083
					1084	1085	152	359	2316	1983	1086	633	281	282	360	969	1087	965	282	2327	360	2095	970
					1087	105	362	361	1088	678	983	361	86	292	680	984	1644	116	362	105	1089	1088	705
					116	74	362	2051	1872	1089	364	363	2194	1090	1091	1092	437	436	363	1094	1095	1093	364
					2194	235	1092	1632	1415	64	364	236	839	1414	617	365	2212	295	829	1484	987	2309	365
					2216	524	988	2069	19	278	199	623	621	622	199	2276	194	624	625	626	352	20	354
					627	628	629	301	350	21	632	630	631	2311	2221	366	637	638	639	6	117	227	640
					641	454	248	249	92	642	643	644	2192	150	125	646	464	645	245	36	243	649	647
					648	182	30	181	651	514	650	25	296	297	653	654	652	2223	25	26	656	657	655
					368	49	108	659	660	658	26	25	70	657	661	662	2311	366	2226	639	663	664	2310
					26	70	666	662	665	82	176	865	667	668	458	2219	28	27	670	671	669	40	263
					2275	673	674	672	193	194	45	675	676	677	361	362	86	678	679	680	290	193	390
					683	681	682	37	123	35	684	491	685	32	348	349	688	686	687	75	91	81	689
					690	691	39	2268	240	692	693	694	395	22	131	696	697	695	108	367	2235	698	699
					700	243	36	76	647	701	702	114	116	105	704	705	703	77	121	122	708	706	707
					81	342	343	710	711	709	242	76	2256	713	536	712	114	105	113	703	715	714	2260
					121	77	553	708	716	81	159	342	717	718	710	251	284	23	720	719	522	2239	2241
					55	591	722	721	2301	54	57	723	724	725	2307	59	2284	728	726	727	42	43	41
					731	729	730	43	263	40	732	673	733	46	375	378	735	736	734	41	40	2229	738
					737	575	191	61	190	740	741	739	43	40	41	733	738	729	2233	369	9	743	744
					742	9	43	42	745	731	577	2199	287	13	747	748	746	274	72	275	749	750	751
					2312	192	47	754	752	753	193	45	192	677	756	755	72	129	130	757	758	759	368
					50	49	760	761	659	325	324	408	764	762	763	40	2275	2227	672	766	765	108	2231
					367	767	768	698	50	51	49	769	770	761	108	49	2231	660	771	767	2233	9	10
					742	579	772	2249	2303	315	775	773	774	51	48	49	449	776	770	44	46	376	788
					1417	1416	329	2195	328	1419	1420	1418	2198	311	2197	1423	1421	1422	308	247	432	1425	1426
					1424	2266	252	100	1428	1429	1427	307	306	2293	1430	1431	1432	252	2198	2197	1433	1422	471
					13	311	2198	1434	1423	597	2199	13	14	746	599	1435	2201	2199	2200	1437	1436	815	2203
					2272	164	1439	1440	1438	2200	2199	14	1436	1435	1441	2272	2200	291	814	1442	1443	12	2199
					2201	1322	1437	583	2202	2203	164	1444	1438	1445	79	2202	206	1446	1219	1447	79	2203	2202
					1343	1444	1446	262	11	261	1449	1450	1448	2206	2204	2205	1451	1452	1411	2204	2	3	1453
					1454	1455	294	18	2206	1456	619	825	2205	2204	3	1452	1455	1457	162	265	266	1459	1460
					1458	17	2204	2206	1461	1451	618	232	266	2254	1462	797	497	2207	162	232	1463	1464	461
					2265	403	404	1466	1465	613	321	2208	320	1469	1467	1468	2194	384	211	1470	1471	1472	2214
					2216	211	1473	1474	1475	136	58	96	846	1476	1477	136	96	135	1477	1478	1479	2211	17
					18	506	620	1480	2213	2211	2212	1482	1481	830	2212	18	295	1485	1483	1484	2212	2211	18
					1481	1480	1485	2309	15	2213	820	601	525	16	2211	2213	1486	1482	600	436	382	383	489
					1488	1487	2242	15	189	1489	819	837	2243	203	2244	1490	1491	1492	405	2215	403	1494	1495
					1493	295	18	294	1483	1456	1496	2216	295	211	1497	1498	1474	2217	2218	2219	1500	1501	1499
					148	316	139	1503	1504	1502	229	2189	2264	1507	1505	1506	139	317	318	1508	1509	1510	2218
					229	2219	561	1511	1501	2217	2219	27	1499	669	1512	366	2221	26	638	1513	1514	170	273
					274	1516	1517	1515	27	28	2221	671	1518	1519	2221	2222	2223	1520	1195	1521	2219	2264	28
					1523	1522	670	28	2222	2221	1524	1520	1518	268	2282	2222	1526	1193	1525	2221	2223	26	1521
					655	1513	2223	296	25	1383	653	656	2296	165	2224	1529	1527	1528	336	73	104	1213	1530
					1204	25	297	71	652	783	1196	72	2226	103	1191	1531	1532	2311	27	2221	1533	1519	637
					2229	2227	2228	1534	1535	1311	2227	1	0	1536	610	1537	2230	186	187	1538	1539	1540	2228
					2227	0	1535	1537	1541	2262	2229	186	576	1310	1542	40	2227	2229	765	1534	737	186	2228
					187	1309	1543	1539	373	374	260	1544	1545	1546	49	48	2231	776	1547	771	2231	2232	2233
					1548	518	1549	385	2234	2236	1551	1552	1550	48	2232	2231	1553	1548	1547	166	110	2232	1555
					519	1554	2231	2233	10	1549	772	1344	386	387	2234	1556	1557	1558	370	184	263	1561	1559
					1560	109	10	42	1562	578	1563	377	94	375	1564	1565	1566	2236	2234	184	1552	1233	1567
					9	369	370	744	1568	1569	2237	2238	2239	1571	803	1570	3	2	2237	1454	1573	1572	153
					2240	134	1575	1576	1574	2	2238	2237	1577	1571	1573	153	134	2238	1574	804	1578	2237	2239
					54	1570	801	1579	2208	136	2210	1581	1582	1580	2241	135	293	1583	1584	1585	2240	135	2241
					1587	1583	1586	55	2241	56	722	1588	794	61	60	2242	832	1589	1590	2242	2243	2244	1591
					1492	1592	63	2304	60	1593	1594	831	60	2243	2242	1595	1591	1589	2244	203	2265	1491	1596
					608	2242	2244	15	1592	828	1489	204	203	2243	1598	1490	1597	102	392	2304	1599	834	1600
					2248	2246	2247	1601	1602	1354	2246	8	7	1603	560	1604	212	2247	213	1352	1606	1605	2247
					2246	7	1602	1604	1607	2267	2248	212	1187	1353	1608	68	2246	2248	777	1601	1188	2303	7
					50	1610	559	1609	315	2303	101	773	1612	1611	104	289	2250	1614	786	1613	341	78	2300
					1616	1615	574	141	216	2311	1618	1619	1617	169	168	2251	1621	1622	1620	89	2286	2290	1624
					1623	1304	91	2253	81	1626	1625	690	2252	90	2290	595	1305	1627	862	2260	2263	493	1628
					1629	267	54	2301	1630	723	1631	2194	234	235	1633	1634	1632	363	383	384	1635	1636	1637
					2302	191	438	1638	1639	1640	201	859	84	1221	1641	1268	113	105	2257	715	1642	1209	2257
					361	292	1643	1644	1645	858	2279	2278	446	1646	1252	415	244	414	1649	1647	1648	243	76
					242	702	713	1650	222	416	427	1652	1653	1651	425	34	245	1654	1655	1656	863	2288	121
					1657	504	554	2263	2260	77	1628	716	1658	2287	2288	863	1660	1657	1659	2288	269	2261	1661
					1337	502	372	2262	2230	1663	1664	1662	109	380	372	1665	1666	1667	2263	77	37	1658	1668
					1669	2253	159	81	1229	717	1625	2189	2296	2264	1671	1670	1505	2282	163	2225	1674	1672	1673
					2245	403	2265	1675	1466	1676	16	404	2211	614	1677	1486	2283	2266	100	1679	1427	1678	261
					11	2201	1450	584	580	103	2267	2249	1680	1681	1356	2310	2267	103	1683	1680	1682	234	233
					2268	1684	1685	1686	2268	233	239	1685	1687	1235	137	138	58	1688	809	845	249	250	67
					1690	1689	813	138	196	2270	1693	1691	1692	2276	2322	220	1696	1694	1695	145	2218	318	1273
					1697	1698	168	210	167	1699	1700	1701	2200	14	291	1441	1702	1442	2286	2287	862	1288	1703
					479	164	291	2283	1705	1706	1704	320	2208	2210	1467	1580	547	319	2210	154	548	588	1707
					163	2224	2225	1708	1709	1672	183	2298	30	1710	1206	1393	95	214	2275	1713	1711	1712	2227
					264	1	1348	611	1536	218	220	221	1717	1715	1716	2319	303	152	1719	1718	634	237	241
					254	1721	1722	1720	859	2278	84	1251	1257	1641	84	142	83	1256	1723	500	2257	292	2279
					1645	1223	1724	219	98	176	1726	1725	1330	96	2306	2280	1729	1727	1728	13	287	270	748
					1730	1731	2205	3	265	1457	1733	1732	2207	2209	162	1734	1238	1463	28	268	2222	1735	1525
					1524	268	2296	163	1738	1736	1737	2202	2283	205	1739	1293	1217	2283	100	314	1678	1740	1741
					2284	2285	299	1743	1744	1742	241	240	2307	1747	1745	1746	100	2295	312	1749	1307	1748	2285
					313	299	1750	1751	1744	196	197	2270	1752	1753	1691	285	286	5	1755	1754	551	2287	863
					862	1659	494	1703	2287	188	2288	1756	1757	1660	89	149	2286	1758	1286	1624	88	188	2287
					1760	1756	1759	99	269	2288	1762	1661	1761	2289	862	2263	480	1629	1763	2289	2263	2253	1763
					1227	1764	2290	2286	2289	1623	478	1765	2252	2290	2289	1627	1765	1290	307	2292	306	1767	1766
					1430	2291	864	88	1768	1769	1283	311	270	310	1770	1771	1772	2197	307	2293	1773	1432	1296
					158	861	157	1774	543	1775	305	864	2291	1776	1768	1777	400	401	99	1780	1778	1779	305
					308	432	1782	1424	1781	2293	861	158	1784	1774	1783	312	93	91	1785	1285	1340	2189	391
					2296	1786	1787	1671	2297	165	2296	1789	1529	1788	178	179	391	1380	1790	1791	179	180	2297
					1793	1269	1792	19	2193	2298	1794	1795	1796	2298	2193	290	1795	1797	565	225	2299	223	1798
					1799	1800	8	341	51	1362	573	780	386	2234	385	1558	1551	1803	57	11	262	807	1449
					1804	2254	267	79	796	1805	1806	191	62	61	1807	822	740	374	2302	80	1810	1808	1809
					129	315	53	1813	1811	1812	2249	212	213	1815	1605	1814	392	65	202	1816	1817	1818	204
					2245	203	1819	1820	1598	33	237	254	1821	1720	1822	331	215	330	1824	1825	1823	96	58
					2306	1476	1388	1729	272	2269	250	1827	1828	1826	300	2284	299	1829	1742	1830	300	32	350
					1832	1833	1831	217	218	29	1834	1835	1409	2308	428	282	1837	1838	1836	2214	381	2216	1839
					1840	1473	382	189	381	1843	1841	1842	2310	70	2267	665	539	1683	2226	2310	103	1844	1682
					1531	2220	2311	2226	1846	664	1845	2251	140	141	1849	1847	1848	388	2312	387	1850	1851	1852
					45	156	325	1853	1854	842	101	108	2235	1855	700	1347	2303	368	101	1857	1856	1612	380
					2262	372	512	1663	1666	2235	109	94	1859	1860	1858	48	166	2232	1861	1554	1553	110	385
					2236	1863	1550	1862	71	298	68	782	1864	1192	104	2250	111	1613	1865	1866	36	113	76
					1363	1867	701	112	2257	2279	1210	1724	445	76	113	112	1867	1208	537	34	114	36	1367
					1364	1868	24	115	34	1870	1365	1869	362	74	86	1872	1871	679	24	117	115	1873	1391
					1870	115	2191	116	1390	1875	1874	115	116	114	1874	704	1366	116	182	181	1877	650	1876
					76	112	2256	537	535	536	70	69	2267	540	538	539	861	90	157	541	542	543	2302
					0	62	546	544	545	319	320	2210	549	547	548	285	5	284	551	552	550	863	121
					2260	554	553	495	117	119	198	556	557	555	7	8	50	560	558	559	2218	146	229
					562	563	561	2274	2298	290	564	565	566	2271	148	167	568	569	567	324	207	323	570
					571	572	51	341	2300	573	574	450	2262	41	2229	511	575	576	10	9	42	579	577
					578	261	2201	2272	580	581	582	11	12	2201	585	583	584	154	2210	153	588	586	587
					56	12	11	590	585	589	2239	134	2241	592	593	591	56	293	12	594	475	590	157
					90	2252	542	595	596	14	13	2198	599	597	598	15	16	2213	602	600	601	1	431
					63	604	605	603	2244	2265	16	608	606	607	0	1	62	610	609	544	1	264	431
					611	612	604	16	2265	404	606	613	614	327	64	236	616	617	615	18	17	2206	620
					618	619	68	111	2246	778	779	777	8	51	50	780	769	558	297	298	71	781	782
					783	2250	289	402	786	784	785	132	46	44	787	788	789	85	87	210	791	792	790
					55	56	57	794	795	793	2254	266	267	797	798	796	17	2273	319	505	799	800	2239
					55	54	721	802	801	2238	134	2239	804	592	803	54	55	57	802	793	724	2266	14
					2198	805	598	806	57	56	11	795	589	807	58	138	2269	809	810	808	249	67	399
					813	811	812	2272	2201	2200	581	815	814	2307	300	301	818	816	817	189	15	2309	819
					820	821	62	63	61	823	824	822	294	2206	2281	825	826	827	2244	16	15	607	602
					828	365	2213	2212	523	830	829	63	60	61	831	832	824	2304	392	409	834	835	833
					1	63	62	603	823	609	190	2242	189	836	837	838	64	437	364	840	841	839	192
					45	325	756	842	843	137	58	136	845	846	844	87	209	210	847	848	792	416	2259
					415	849	850	851	2261	333	107	854	852	853	107	334	123	855	856	857	70	71	69
					1182	1181	540	435	2250	341	1185	1183	1184	2267	69	2248	538	1186	1187	69	68	2248	1189
					1188	1186	274	2226	72	1190	1191	749	71	68	69	1192	1189	1181	2222	2282	2223	1193	1194
					1195	25	71	70	1196	1182	661	130	53	132	1198	1199	1197	276	169	273	1202	1200	1201
					335	336	104	1203	1204	1205	30	2298	2274	1206	564	1207	113	2257	112	1209	1210	1208	165
					73	336	1212	1213	1211	93	2252	304	1216	1214	1215	206	2202	205	1219	1217	1218	421	859
					201	1220	1221	1222	2279	292	98	1223	1224	1225	121	2261	122	503	1226	706	2253	2263	159
					1227	1228	1229	184	185	95	1230	1231	1232	2234	185	184	1234	1230	1233	2268	239	240	1235
					1236	693	2209	2281	162	1239	1237	1238	376	378	379	1240	1241	1242	371	2235	377	1245	1243
					1244	159	345	342	1246	1247	718	160	35	172	1250	1248	1249	2256	112	858	535	447	466
					859	858	2278	467	1252	1251	140	139	2217	1254	1255	1253	84	2278	142	1257	1258	1256	106
					208	209	1259	1260	1261	142	82	144	1263	457	1262	424	423	244	1265	1266	1264	201	84
					200	1268	499	1267	180	2274	2297	1270	1271	1269	145	146	2218	1272	562	1273	106	200	208
					1275	1274	1259	2258	421	412	1278	1276	1277	861	2291	90	1280	1279	541	2291	88	149	1283
					1281	1282	91	93	304	1285	1215	1284	149	2287	2286	1287	1288	1286	2252	2289	304	1290	1289
					1214	2291	149	90	1282	1291	1279	205	2283	2285	1293	1294	1292	2295	2197	2293	469	1296	1295
					309	337	308	1298	1299	1297	247	338	400	1300	1301	1302	90	89	2290	1303	1304	1305	312
					2295	158	1307	1308	1306	186	2229	2228	1310	1311	1309	94	372	373	1312	1313	1314	2233	110
					369	517	1315	743	214	65	102	1318	1316	1317	271	2190	270	1319	531	1320	12	2280	2199
					477	1321	1322	97	344	173	1323	1324	1325	133	349	174	1328	1326	1327	219	176	82	1330
					667	1329	177	178	146	1333	1331	1332	309	308	2292	1297	1334	1335	269	333	2261	1336	854
					1337	313	312	91	1339	1340	1338	79	2301	2203	1341	1342	1343	367	2231	10	768	1344	1345
					101	2235	371	1347	1245	1346	2227	2275	264	766	1349	1348	264	214	102	1350	1317	1351	212
					2248	2247	1353	1354	1352	103	2249	129	1356	1357	1355	402	52	388	1360	1358	1359	8	435
					341	1361	1184	1362	114	113	36	714	1363	1364	115	114	34	1366	1367	1365	208	143	147
					1370	1368	1369	411	201	106	1371	1372	1373	127	23	2192	1376	1374	1375	37	122	123	1378
					1377	684	86	179	178	1379	1380	1381	2223	2282	296	1194	1382	1383	2280	271	287	1384	1385
					1386	58	2269	2306	808	1387	1388	117	2191	115	1389	1390	1391	182	183	30	1392	1393	651
					230	126	150	1394	1395	1396	124	125	31	1397	1398	1399	2376	225	226	1400	1401	1402	328
					44	238	1404	1405	1403	277	278	19	1406	623	1407	217	29	207	1409	1410	1408	2281	2206
					2205	826	1411	1412	236	364	235	1414	1415	1413	366	26	2310	1514	666	1096	2226	366	2310
					663	1096	1844	367	10	109	1345	1562	1097	2235	367	109	699	1097	1859	101	368	108	1856
					658	1855	2303	50	368	1609	760	1857	110	2236	369	1862	1098	1315	369	2236	370	1098	1099
					1568	2236	184	370	1567	1561	1099	370	263	43	1560	732	935	132	371	46	1920	1100	787
					53	101	371	1017	1346	1921	372	2230	373	1662	1101	1313	109	372	94	1667	1312	1860	373
					2230	374	1101	1102	1544	375	373	260	931	1546	1103	2230	187	374	1540	2065	1102	260	374
					80	1545	1809	1104	378	375	260	736	1103	1105	46	377	375	1106	1566	735	376	64	327
					1108	616	1107	44	376	327	1416	1107	1034	371	377	46	1244	1106	1100	2235	94	377	1858
					1564	1243	378	260	379	1105	1109	1241	46	378	376	734	1240	1417	260	80	379	1104	930
					1109	376	379	64	1242	1110	1108	109	42	380	1563	1111	1665	380	42	41	1111	730	513
					382	381	2214	1842	1839	1112	189	2309	381	821	2068	1841	383	382	2214	1488	1112	1113	2255
					190	382	2071	2070	488	383	2214	384	1113	1114	1636	436	383	363	1487	1635	1095	384	2214
					211	1114	1475	1471	363	384	2194	1637	1470	1091	166	385	110	2016	1863	1555	2300	386	166
					1115	2017	2015	2300	78	386	1615	1116	1115	78	387	386	1117	1556	1116	78	388	387	1118
					1852	1117	387	2312	185	1851	2061	2058	402	388	78	1359	1118	1119	52	389	388	1120	2074
					1358	52	390	389	1121	2080	1120	389	192	2312	2079	754	2075	290	390	52	682	1121	2076
					390	193	192	681	755	2081	179	2297	391	1792	1122	1790	391	2297	2296	1122	1788	1787	102
					65	392	1316	1816	1599	409	202	405	1125	1123	1124	258	257	393	2130	919	911	396	394
					2195	1127	979	1128	4	22	395	2150	696	1129	395	394	396	1039	1127	453	4	395	332
					1129	452	2164	396	2195	329	1128	1419	1130	397	396	329	1043	1130	1131	398	397	329	923
					1131	1132	215	332	397	1044	1042	922	398	329	2305	1132	1035	1036	215	398	330	924	1038
					1825	92	249	399	643	812	1045	399	67	334	811	1049	1048	338	248	400	1057	1133	1301
					248	92	401	644	1135	1134	400	248	401	1133	1134	1780	401	92	269	1135	943	942	2250
					402	78	785	1119	1060	289	52	402	2077	1360	784	2245	405	403	1136	1493	1675	403	2215
					2273	1495	1023	1137	403	2273	404	1137	1138	1465	2211	404	2273	1677	1138	507	409	405	2245
					1124	1136	1139	202	406	405	1140	1027	1123	202	407	406	1141	2107	1140	2215	406	321	1026
					2106	1025	65	407	202	1142	1141	1817	408	324	155	762	1030	1032	65	408	407	1143	1031
					1142	325	408	65	763	1143	1033	204	409	2245	2110	1139	1819	392	202	409	1818	1125	835
					410	195	120	2042	1891	2087	412	411	87	1144	2101	1145	412	421	411	1276	2102	1144	85
					412	87	1146	1145	791	414	413	412	883	881	1147	414	412	85	1147	1146	1148	244	423
					413	1266	885	882	422	85	171	1149	2021	1150	2259	244	415	1151	1649	850	414	85	422
					1148	1149	1152	416	415	427	851	1153	1653	427	415	66	1153	2025	1154	417	416	222	887
					1652	2153	223	418	222	1155	2154	2145	224	246	417	891	1156	2156	2299	418	223	1157	1155
					1799	227	224	419	440	2165	2169	2299	419	418	1158	2166	1157	228	6	420	1893	456	1159
					2299	420	419	1160	2168	1158	228	420	2299	1159	1160	2170	2258	242	421	877	1161	1278	242
					2256	421	712	876	1161	66	422	171	2024	1150	2030	415	414	422	1648	1152	2023	2259	424
					244	1162	1264	1151	245	243	423	648	884	1163	425	424	2259	890	1162	1164	424	245	423
					889	1163	1265	426	425	2259	444	1164	1165	246	34	425	2148	1654	443	426	2259	416	1165
					849	886	417	246	426	1156	442	888	427	66	276	1154	1922	1166	22	427	276	956	1166
					955	221	428	2308	1167	1837	2136	221	2323	428	2140	2144	1167	255	256	429	914	907	1170
					430	429	2332	1171	636	1169	393	430	2326	916	1168	1126	430	255	429	918	1170	1171	264
					102	431	1351	936	612	63	431	2304	605	937	1593	247	400	434	1302	1172	1055	88	433
					188	2066	1173	1760	432	434	433	1054	1174	484	433	99	188	1175	2067	1173	434	400	99
					1172	1779	1176	434	99	433	1176	1175	1174	2246	111	435	779	1177	1059	111	2250	435	1865
					1185	1177	437	363	364	1093	1090	841	438	2255	436	2073	487	1178	379	437	64	929	840
					1110	80	438	437	1180	1179	928	437	438	436	1179	1178	1094	80	2302	438	1808	1640	1180
					2369	2317	410	2351	1888	1889	355	2318	2315	1982	2352	1914	2375	231	2319	1990	1989	2353	2320
					175	2313	533	2041	2354	2317	2314	195	2355	1895	2043	282	2368	2327	2096	2356	2095	2321	2373
					199	2357	2098	2100	2322	2367	220	2358	2138	1694	2367	2323	221	2359	2140	2139	428	2331	2368
					2142	2360	2141	2323	2370	428	2361	2143	2144	2313	228	2324	2159	2160	2362	2325	215	2365	2131
					2167	2363	2376	226	2325	1402	2132	2364	2365	331	2372	920	921	2335	2314	2321	278	2336	960
					959	360	2327	2374	970	2337	968	283	2374	2318	967	2338	971	2372	331	2328	921	977	2339
					2328	258	2366	978	913	2340	353	2315	2329	1915	2341	1073	2330	357	2371	1080	1079	2342	357
					2329	2371	1076	2343	1079	2316	359	2330	1086	1085	2344	2319	152	2316	634	633	2333	2332	429
					2375	636	635	2334	2373	2322	2276	2349	1696	1714	2324	253	2376	1801	1802	2350	2366	393	2326
					912	1126	2345	2369	410	2320	1889	534	2346	428	2370	2331	2143	2347	2142	2326	430	2332	1168
					1169	2348	
				</DataArray>
				<DataArray type="Int32" Name="offsets" NumberOfComponents="1" format="ascii">
					6	12	18	24	30	36	42	48	54	60	66	72	78	84	90	96	102	108	114
					120	126	132	138	144	150	156	162	168	174	180	186	192	198	204	210	216	222	228
					234	240	246	252	258	264	270	276	282	288	294	300	306	312	318	324	330	336	342
					348	354	360	366	372	378	384	390	396	402	408	414	420	426	432	438	444	450	456
					462	468	474	480	486	492	498	504	510	516	522	528	534	540	546	552	558	564	570
					576	582	588	594	600	606	612	618	624	630	636	642	648	654	660	666	672	678	684
					690	696	702	708	714	720	726	732	738	744	750	756	762	768	774	780	786	792	798
					804	810	816	822	828	834	840	846	852	858	864	870	876	882	888	894	900	906	912
					918	924	930	936	942	948	954	960	966	972	978	984	990	996	1002	1008	1014	1020	1026
					1032	1038	1044	1050	1056	1062	1068	1074	1080	1086	1092	1098	1104	1110	1116	1122	1128	1134	1140
					1146	1152	1158	1164	1170	1176	1182	1188	1194	1200	1206	1212	1218	1224	1230	1236	1242	1248	1254
					1260	1266	1272	1278	1284	1290	1296	1302	1308	1314	1320	1326	1332	1338	1344	1350	1356	1362	1368
					1374	1380	1386	1392	1398	1404	1410	1416	1422	1428	1434	1440	1446	1452	1458	1464	1470	1476	1482
					1488	1494	1500	1506	1512	1518	1524	1530	1536	1542	1548	1554	1560	1566	1572	1578	1584	1590	1596
					1602	1608	1614	1620	1626	1632	1638	1644	1650	1656	1662	1668	1674	1680	1686	1692	1698	1704	1710
					1716	1722	1728	1734	1740	1746	1752	1758	1764	1770	1776	1782	1788	1794	1800	1806	1812	1818	1824
					1830	1836	1842	1848	1854	1860	1866	1872	1878	1884	1890	1896	1902	1908	1914	1920	1926	1932	1938
					1944	1950	1956	1962	1968	1974	1980	1986	1992	1998	2004	2010	2016	2022	2028	2034	2040	2046	2052
					2058	2064	2070	2076	2082	2088	2094	2100	2106	2112	2118	2124	2130	2136	2142	2148	2154	2160	2166
					2172	2178	2184	2190	2196	2202	2208	2214	2220	2226	2232	2238	2244	2250	2256	2262	2268	2274	2280
					2286	2292	2298	2304	2310	2316	2322	2328	2334	2340	2346	2352	2358	2364	2370	2376	2382	2388	2394
					2400	2406	2412	2418	2424	2430	2436	2442	2448	2454	2460	2466	2472	2478	2484	2490	2496	2502	2508
					2514	2520	2526	2532	2538	2544	2550	2556	2562	2568	2574	2580	2586	2592	2598	2604	2610	2616	2622
					2628	2634	2640	2646	2652	2658	2664	2670	2676	2682	2688	2694	2700	2706	2712	2718	2724	2730	2736
					2742	2748	2754	2760	2766	2772	2778	2784	2790	2796	2802	2808	2814	2820	2826	2832	2838	2844	2850
					2856	2862	2868	2874	2880	2886	2892	2898	2904	2910	2916	2922	2928	2934	2940	2946	2952	2958	2964
					2970	2976	2982	2988	2994	3000	3006	3012	3018	3024	3030	3036	3042	3048	3054	3060	3066	3072	3078
					3084	3090	3096	3102	3108	3114	3120	3126	3132	3138	3144	3150	3156	3162	3168	3174	3180	3186	3192
					3198	3204	3210	3216	3222	3228	3234	3240	3246	3252	3258	3264	3270	3276	3282	3288	3294	3300	3306
					3312	3318	3324	3330	3336	3342	3348	3354	3360	3366	3372	3378	3384	3390	3396	3402	3408	3414	3420
					3426	3432	3438	3444	3450	3456	3462	3468	3474	3480	3486	3492	3498	3504	3510	3516	3522	3528	3534
					3540	3546	3552	3558	3564	3570	3576	3582	3588	3594	3600	3606	3612	3618	3624	3630	3636	3642	3648
					3654	3660	3666	3672	3678	3684	3690	3696	3702	3708	3714	3720	3726	3732	3738	3744	3750	3756	3762
					3768	3774	3780	3786	3792	3798	3804	3810	3816	3822	3828	3834	3840	3846	3852	3858	3864	3870	3876
					3882	3888	3894	3900	3906	3912	3918	3924	3930	3936	3942	3948	3954	3960	3966	3972	3978	3984	3990
					3996	4002	4008	4014	4020	4026	4032	4038	4044	4050	4056	4062	4068	4074	4080	4086	4092	4098	4104
					4110	4116	4122	4128	4134	4140	4146	4152	4158	4164	4170	4176	4182	4188	4194	4200	4206	4212	4218
					4224	4230	4236	4242	4248	4254	4260	4266	4272	4278	4284	4290	4296	4302	4308	4314	4320	4326	4332
					4338	4344	4350	4356	4362	4368	4374	4380	4386	4392	4398	4404	4410	4416	4422	4428	4434	4440	4446
					4452	4458	4464	4470	4476	4482	4488	4494	4500	4506	4512	4518	4524	4530	4536	4542	4548	4554	4560
					4566	4572	4578	4584	4590	4596	4602	4608	4614	4620	4626	4632	4638	4644	4650	4656	4662	4668	4674
					4680	4686	4692	4698	4704	4710	4716	4722	4728	4734	4740	4746	4752	4758	4764	4770	4776	4782	4788
					4794	4800	4806	4812	4818	4824	4830	4836	4842	4848	4854	4860	4866	4872	4878	4884	4890	4896	4902
					4908	4914	4920	4926	4932	4938	4944	4950	4956	4962	4968	4974	4980	4986	4992	4998	5004	5010	5016
					5022	5028	5034	5040	5046	5052	5058	5064	5070	5076	5082	5088	5094	5100	5106	5112	5118	5124	5130
					5136	5142	5148	5154	5160	5166	5172	5178	5184	5190	5196	5202	5208	5214	5220	5226	5232	5238	5244
					5250	5256	5262	5268	5274	5280	5286	5292	5298	5304	5310	5316	5322	5328	5334	5340	5346	5352	5358
					5364	5370	5376	5382	5388	5394	5400	5406	5412	5418	5424	5430	5436	5442	5448	5454	5460	5466	5472
					5478	5484	5490	5496	5502	5508	5514	5520	5526	5532	5538	5544	5550	5556	5562	5568	5574	5580	5586
					5592	5598	5604	5610	5616	5622	5628	5634	5640	5646	5652	5658	5664	5670	5676	5682	5688	5694	5700
					5706	5712	5718	5724	5730	5736	5742	5748	5754	5760	5766	5772	5778	5784	5790	5796	5802	5808	5814
					5820	5826	5832	5838	5844	5850	5856	5862	5868	5874	5880	5886	5892	5898	5904	5910	5916	5922	5928
					5934	5940	5946	5952	5958	5964	5970	5976	5982	5988	5994	6000	6006	6012	6018	6024	6030	6036	6042
					6048	6054	6060	6066	6072	6078	6084	6090	6096	6102	6108	6114	6120	6126	6132	6138	6144	6150	6156
					6162	6168	6174	6180	6186	6192	6198	6204	6210	6216	6222	6228	6234	6240	6246	6252	6258	6264	6270
					6276	6282	6288	6294	6300	6306	6312	6318	6324	6330	6336	6342	6348	6354	6360	6366	6372	6378	6384
					6390	6396	6402	6408	6414	6420	6426	6432	6438	6444	6450	6456	6462	6468	6474	6480	6486	6492	6498
					6504	6510	6516	6522	6528	6534	6540	6546	6552	6558	6564	6570	6576	6582	6588	6594	6600	6606	6612
					6618	6624	6630	6636	6642	6648	6654	6660	6666	6672	6678	6684	6690	6696	6702	6708	6714	6720	6726
					6732	6738	6744	6750	6756	6762	6768	6774	6780	6786	6792	6798	6804	6810	6816	6822	6828	6834	6840
					6846	6852	6858	6864	6870	6876	6882	6888	6894	6900	6906	6912	6918	6924	6930	6936	6942	6948	6954
					6960	6966	6972	6978	6984	6990	6996	7002	7008	7014	7020	7026	7032	
				</DataArray>
				<DataArray type="UInt8" Name="types" NumberOfComponents="1" format="ascii">
					22	22	22	22	22	22	22	22	22	22	22	22	22	22	22	22	22	22	22
					22	22	22	22	22	22	22	22	22	22	22	22	22	22	22	22	22	22	22
					22	22	22	22	22	22	22	22	22	22	22	22	22	22	22	22	22	22	22
					22	22	22	22	22	22	22	22	22	22	22	22	22	22	22	22	22	22	22
					22	22	22	22	22	22	22	22	22	22	22	22	22	22	22	22	22	22	22
					22	22	22	22	22	22	22	22	22	22	22	22	22	22	22	22	22	22	22
					22	22	22	22	22	22	22	22	22	22	22	22	22	22	22	22	22	22	22
					22	22	22	22	22	22	22	22	22	22	22	22	22	22	22	22	22	22	22
					22	22	22	22	22	22	22	22	22	22	22	22	22	22	22	22	22	22	22
					22	22	22	22	22	22	22	22	22	22	22	22	22	22	22	22	22	22	22
					22	22	22	22	22	22	22	22	22	22	22	22	22	22	22	22	22	22	22
					22	22	22	22	22	22	22	22	22	22	22	22	22	22	22	22	22	22	22
					22	22	22	22	22	22	22	22	22	22	22	22	22	22	22	22	22	22	22
					22	22	22	22	22	22	22	22	22	22	22	22	22	22	22	22	22	22	22
					22	22	22	22	22	22	22	22	22	22	22	22	22	22	22	22	22	22	22
					22	22	22	22	22	22	22	22	22	22	22	22	22	22	22	22	22	22	22
					22	22	22	22	22	22	22	22	22	22	22	22	22	22	22	22	22	22	22
					22	22	22	22	22	22	22	22	22	22	22	22	22	22	22	22	22	22	22
					22	22	22	22	22	22	22	22	22	22	22	22	22	22	22	22	22	22	22
					22	22	22	22	22	22	22	22	22	22	22	22	22	22	22	22	22	22	22
					22	22	22	22	22	22	22	22	22	22	22	22	22	22	22	22	22	22	22
					22	22	22	22	22	22	22	22	22	22	22	22	22	22	22	22	22	22	22
					22	22	22	22	22	22	22	22	22	22	22	22	22	22	22	22	22	22	22
					22	22	22	22	22	22	22	22	22	22	22	22	22	22	22	22	22	22	22
					22	22	22	22	22	22	22	22	22	22	22	22	22	22	22	22	22	22	22
					22	22	22	22	22	22	22	22	22	22	22	22	22	22	22	22	22	22	22
					22	22	22	22	22	22	22	22	22	22	22	22	22	22	22	22	22	22	22
					22	22	22	22	22	22	22	22	22	22	22	22	22	22	22	22	22	22	22
					22	22	22	22	22	22	22	22	22	22	22	22	22	22	22	22	22	22	22
					22	22	22	22	22	22	22	22	22	22	22	22	22	22	22	22	22	22	22
					22	22	22	22	22	22	22	22	22	22	22	22	22	22	22	22	22	22	22
					22	22	22	22	22	22	22	22	22	22	22	22	22	22	22	22	22	22	22
					22	22	22	22	22	22	22	22	22	22	22	22	22	22	22	22	22	22	22
					22	22	22	22	22	22	22	22	22	22	22	22	22	22	22	22	22	22	22
					22	22	22	22	22	22	22	22	22	22	22	22	22	22	22	22	22	22	22
					22	22	22	22	22	22	22	22	22	22	22	22	22	22	22	22	22	22	22
					22	22	22	22	22	22	22	22	22	22	22	22	22	22	22	22	22	22	22
					22	22	22	22	22	22	22	22	22	22	22	22	22	22	22	22	22	22	22
					22	22	22	22	22	22	22	22	22	22	22	22	22	22	22	22	22	22	22
					22	22	22	22	22	22	22	22	22	22	22	22	22	22	22	22	22	22	22
					22	22	22	22	22	22	22	22	22	22	22	22	22	22	22	22	22	22	22
					22	22	22	22	22	22	22	22	22	22	22	22	22	22	22	22	22	22	22
					22	22	22	22	22	22	22	22	22	22	22	22	22	22	22	22	22	22	22
					22	22	22	22	22	22	22	22	22	22	22	22	22	22	22	22	22	22	22
					22	22	22	22	22	22	22	22	22	22	22	22	22	22	22	22	22	22	22
					22	22	22	22	22	22	22	22	22	22	22	22	22	22	22	22	22	22	22
					22	22	22	22	22	22	22	22	22	22	22	22	22	22	22	22	22	22	22
					22	22	22	22	22	22	22	22	22	22	22	22	22	22	22	22	22	22	22
					22	22	22	22	22	22	22	22	22	22	22	22	22	22	22	22	22	22	22
					22	22	22	22	22	22	22	22	22	22	22	22	22	22	22	22	22	22	22
					22	22	22	22	22	22	22	22	22	22	22	22	22	22	22	22	22	22	22
					22	22	22	22	22	22	22	22	22	22	22	22	22	22	22	22	22	22	22
					22	22	22	22	22	22	22	22	22	22	22	22	22	22	22	22	22	22	22
					22	22	22	22	22	22	22	22	22	22	22	22	22	22	22	22	22	22	22
					22	22	22	22	22	22	22	22	22	22	22	22	22	22	22	22	22	22	22
					22	22	22	22	22	22	22	22	22	22	22	22	22	22	22	22	22	22	22
					22	22	22	22	22	22	22	22	22	22	22	22	22	22	22	22	22	22	22
					22	22	22	22	22	22	22	22	22	22	22	22	22	22	22	22	22	22	22
					22	22	22	22	22	22	22	22	22	22	22	22	22	22	22	22	22	22	22
					22	22	22	22	22	22	22	22	22	22	22	22	22	22	22	22	22	22	22
					22	22	22	22	22	22	22	22	22	22	22	22	22	22	22	22	22	22	22
					22	22	22	22	22	22	22	22	22	22	22	22	22	
				</DataArray>
			</Cells>
			<CellData Scalars="region id">
				<DataArray type="Float64" Name="region id" NumberOfComponents="1" format="ascii">
					1	1	1	1	1	1	1	1
					1	1	1	1	1	1	1	1	1
					1	1	1	1	1	1	1	1	1
					1	1	1	1	1	1	1	1	1
					1	1	1	1	1	1	1	1	1
					1	1	1	1	1	1	1	1	1
					1	1	1	1	1	1	1	1	1
					1	1	1	1	1	1	1	1	1
					1	1	1	1	1	1	1	1	1
					1	1	1	1	1	1	1	1	1
					1	1	1	1	1	1	1	1	1
					1	1	1	1	1	1	1	1	1
					1	1	1	1	1	1	1	1	1
					1	1	1	1	1	1	1	1	1
					1	1	1	1	1	1	1	1	1
					1	1	1	1	1	1	1	1	1
					1	1	1	1	1	1	1	1	1
					1	1	1	1	1	1	1	1	1
					1	1	1	1	1	1	1	1	1
					1	1	1	1	1	1	1	1	1
					1	1	1	1	1	1	1	1	1
					1	1	1	1	1	1	1	1	1
					1	1	1	1	1	1	1	1	1
					1	1	1	1	1	1	1	1	1
					1	1	1	1	1	1	1	1	1
					1	1	1	1	1	1	1	1	1
					1	1	1	1	1	1	1	1	1
					1	1	1	1	1	1	1	1	1
					1	1	1	1	1	1	1	1	1
					1	1	1	1	1	1	1	1	1
					1	1	1	1	1	1	1	1	1
					1	1	1	1	1	1	1	1	1
					1	1	1	1	1	1	1	1	1
					1	1	1	1	1	1	1	1	1
					1	1	1	1	1	1	1	1	1
					1	1	1	1	1	1	1	1	1
					1	1	1	1	1	1	1	1	1
					1	1	1	1	1	1	1	1	1
					1	1	1	1	1	1	1	1	1
					1	1	1	1	1	1	1	1	1
					1	1	1	1	1	1	1	1	1
					1	1	1	1	1	1	1	1	1
					1	1	1	1	1	1	1	1	1
					1	1	1	1	1	1	1	1	1
					1	1	1	1	1	1	1	1	1
					1	1	1	1	1	1	1	1	1
					1	1	1	1	1	1	1	1	1
					1	1	1	1	1	1	1	1	1
					1	1	1	1	1	1	1	1	1
					1	1	1	1	1	1	1	1	1
					1	1	1	1	1	1	1	1	1
					1	1	1	1	1	1	1	1	1
					1	1	1	1	1	1	1	1	1
					1	1	1	1	1	1	1	1	1
					1	1	1	1	1	1	1	1	1
					1	1	1	1	1	1	1	1	1
					1	1	1	1	1	1	1	1	1
					1	1	1	1	1	1	1	1	1
					1	1	1	1	1	1	1	1	1
					1	1	1	1	1	1	1	1	1
					1	1	1	1	1	1	1	1	1
					1	1	1	1	1	1	1	1	1
					1	1	1	1	1	1	1	1	1
					1	1	1	1	1	1	1	1	1
					1	1	1	1	1	1	1	1	1
					1	1	1	1	1	1	1	1	1
					1	1	1	1	1	1	1	1	1
					1	1	1	1	1	1	1	1	1
					1	1	1	1	1	1	1	1	1
					1	1	1	1	1	1	1	1	1
					1	1	1	1	1	1	1	1	1
					1	1	1	1	1	1	1	1	1
					1	1	1	1	1	1	1	1	1
					1	1	1	1	1	1	1	1	1
					1	1	1	1	1	1	1	1	1
					1	1	1	1	1	1	1	1	1
					1	1	1	1	1	1	1	1	1
					1	1	1	1	1	1	1	1	1
					1	1	1	1	1	1	1	1	1
					1	1	1	1	1	1	1	1	1
					1	1	1	1	1	1	1	1	1
					1	1	1	1	1	1	1	1	1
					1	1	1	1	1	1	1	1	1
					1	1	1	1	1	1	1	1	1
					1	1	1	1	1	1	1	1	1
					1	1	1	1	1	1	1	1	1
					1	1	1	1	1	1	1	1	1
					1	1	1	1	1	1	1	1	1
					1	1	1	1	1	1	1	1	1
					1	1	1	1	1	1	1	1	1
					1	1	1	1	1	1	1	1	1
					1	1	1	1	1	1	1	1	1
					1	1	1	1	1	1	1	1	1
					1	1	1	1	1	1	1	1	1
					1	1	1	1	1	1	1	1	1
					1	1	1	1	1	1	1	1	1
					1	1	1	1	1	1	1	1	1
					1	1	1	1	1	1	1	1	1
					1	1	1	1	1	1	1	1	1
					1	1	1	1	1	1	1	1	1
					1	1	1	1	1	1	1	1	1
					1	1	1	1	1	1	1	1	1
					1	1	1	1	1	1	1	1	1
					1	1	1	1	1	1	1	1	1
					1	1	1	1	1	1	1	1	1
					1	1	1	1	1	1	1	1	1
					1	1	1	1	1	1	1	1	1
					1	1	1	1	1	1	1	1	1
					1	1	1	1	1	1	1	1	1
					1	1	1	1	1	1	1	1	1
					1	1	1	1	1	1	1	1	1
					1	1	1	1	1	1	1	1	1
					1	1	1	1	1	1	1	1	1
					1	1	1	1	1	1	1	1	1
					1	1	1	1	1	1	1	1	1
					1	1	1	1	1	1	1	1	1
					1	1	1	1	1	1	1	1	1
					1	1	1	1	1	1	1	1	1
					1	1	1	1	1	1	1	1	1
					1	1	1	1	1	1	1	1	1
					1	1	1	1	1	1	1	1	1
					1	1	1	1	1	1	1	1	1
					1	1	1	1	1	1	1	1	1
					1	1	1	1	1	1	1	1	1
					1	1	1	1	1	1	1	1	1
					1	1	1	1	1	1	1	1	1
					1	1	1	1	1	1	1	1	1
					1	1	1	1	1	1	1	1	1
					1	1	1	1	1	1	1	1	1
					1	1	1	1	1	1	1	1	1
					1	1	1	
				</DataArray>
			</CellData>
		</Piece>
	</UnstructuredGrid>
</VTKFile>
