<?xml version="0.9"?>

<!--
CSMP_Simulation
-->

<VTKFile type="UnstructuredGrid" version="0.9" byte_order="LittleEndian">
	<UnstructuredGrid>
		<Piece NumberOfPoints="7472" NumberOfCells="14519">
			<Points>
				<DataArray type="Float32" Name="Position" NumberOfComponents="3" format="ascii">
					1027.359985351562	440.2130126953125	0	909.5853881835938	451.0085144042969	0	908.02392578125	440.2130126953125	0	872.916015625	450.9689636230469	0
					877.9057006835938	450.9743347167969	0	882.7643432617188	450.9795837402344	0	883.7706909179688	504.9814147949219	0	842.7515258789062	440.2130126953125	0
					853.2648315429688	450.94775390625	0	848.6714477539062	450.9428100585938	0	962.6627807617188	440.2130126953125	0	947.6083984375	440.2130126953125	0
					984.881591796875	392.1266784667969	0	994.1838989257812	374.9618225097656	0	987.5839233398438	376.1855163574219	0	976.4757080078125	378.2083435058594	0
					981.5349731445312	377.3009338378906	0	684.6627807617188	384.82421875	0	690.6588134765625	399.9601745605469	0	660.228515625	390.5384521484375	0
					760.1664428710938	402.4204711914062	0	752.8868408203125	403.2047424316406	0	756.0099487304688	385.1155395507812	0	800.3621215820312	450.8906860351562	0
					983.54150390625	504.6020202636719	0	961.239013671875	504.6868286132812	0	976.0661010742188	504.6304321289062	0	968.5421142578125	504.6590576171875	0
					1011.236328125	440.2130126953125	0	976.749267578125	440.2130126953125	0	978.6138916015625	451.0829772949219	0	1016.699890136719	451.1240539550781	0
					869.9178466796875	505.0341186523438	0	877.1566772460938	505.006591796875	0	902.8924560546875	504.9087219238281	0	1101.058837890625	367.5565185546875	0
					1075.909790039062	486.6221313476562	0	1083.933837890625	486.5624389648438	0	1377.859375	440.2130126953125	0	1387.098999023438	440.2130126953125	0
					1405.522705078125	440.2130126953125	0	1403.912353515625	394.237060546875	0	1418.717651367188	392.7749328613281	0	1427.368530273438	374.5230712890625	0
					1448.724365234375	367.8351135253906	0	1339.94287109375	440.2130126953125	0	1322.167358398438	451.4535522460938	0	1334.75146484375	440.2130126953125	0
					1356.665161132812	484.5333251953125	0	1315.013427734375	484.8432312011719	0	1168.101318359375	440.2130126953125	0	1162.457763671875	440.2130126953125	0
					1186.723999023438	451.3074645996094	0	1196.985595703125	440.2130126953125	0	1173.745483398438	440.2130126953125	0	1188.068115234375	440.2130126953125	0
					1211.277099609375	451.3339538574219	0	1199.872924804688	451.3216552734375	0	1206.7705078125	451.3291015625	0	1200.411010742188	503.7772827148438	0
					1207.207153320312	503.7514343261719	0	1226.950561523438	503.6763610839844	0	1232.91796875	503.6536560058594	0	1341.357543945312	503.2412719726562	0
					1298.201782226562	503.4053955078125	0	1304.450317382812	503.3816223144531	0	1287.255981445312	503.447021484375	0	1290.143188476562	451.4190368652344	0
					1281.00537109375	451.4091796875	0	1297.305786132812	451.4267578125	0	1115.294067382812	368.4177856445312	0	1126.844970703125	369.17626953125	0
					1073.691162109375	504.2591857910156	0	1079.10400390625	504.2385864257812	0	1092.582885742188	504.1873474121094	0	1055.139404296875	504.3297424316406	0
					1048.3720703125	504.35546875	0	1068.554565429688	504.2787170410156	0	1099.217407226562	504.162109375	0	1105.833862304688	504.1369323730469	0
					1119.980224609375	504.0831604003906	0	1133.129516601562	504.0331420898438	0	1177.215087890625	709.6360473632812	0	1614.666381835938	653.6864624023438	0
					483.731201171875	366.0101623535156	0	518.3114013671875	366.18310546875	0	804.4207763671875	387.5576782226562	0	1281.134521484375	384.2123413085938	0
					1370.079956054688	397.5931396484375	0	477.6430053710938	387.9735412597656	0	1220.853881835938	503.6995239257812	0	477.0046081542969	364.7354736328125	0
					919.6958618164062	388.917236328125	0	285.8079223632812	387.0278930664062	0	1405.682006835938	597.7001953125	0	1663.988525390625	335.7025756835938	0
					899.9965209960938	450.9981689453125	0	1239.09814453125	503.6301574707031	0	1250.587646484375	503.5864562988281	0	278.8365173339844	386.7879028320312	0
					1519.32568359375	483.3231506347656	0	932.570556640625	451.0332946777344	0	587.1491088867188	378.4131774902344	0	1451.005249023438	483.8314514160156	0
					452.0042724609375	388.788330078125	0	458.6454162597656	388.5634765625	0	1214.173461914062	503.7249450683594	0	647.047119140625	450.7253112792969	0
					1099.68701171875	729.72265625	0	619.759033203125	450.6958618164062	0	1177.467651367188	503.8645324707031	0	581.6300048828125	404.7329711914062	0
					1660.445068359375	597.5303344726562	0	292.0592956542969	387.0049743652344	0	298.5230102539062	386.6743469238281	0	471.2857055664062	388.1510009765625	0
					562.452880859375	385.4678649902344	0	1623.52490234375	390.9128112792969	0	378.7685546875	450.4359130859375	0	654.8241577148438	391.8186950683594	0
					479.1300048828125	506.5202331542969	0	476.2033081054688	506.5313720703125	0	570.797119140625	384.2816467285156	0	400.4170532226562	387.8148498535156	0
					355.9988098144531	380.1236877441406	0	370.157958984375	382.9457092285156	0	314.3008117675781	383.9996337890625	0	1007.369689941406	504.5113830566406	0
					1012.952880859375	504.4901733398438	0	1034.663330078125	504.4075927734375	0	1021.491149902344	504.4577026367188	0	1027.37890625	504.435302734375	0
					1017.179870605469	504.4740905761719	0	1009.940307617188	487.1129455566406	0	891.1079711914062	504.9535217285156	0	897.0413208007812	504.9309692382812	0
					969.7699584960938	440.2130126953125	0	957.06201171875	451.0597229003906	0	1018.471435546875	440.2130126953125	0	1034.75634765625	440.2130126953125	0
					1041.959716796875	440.2130126953125	0	643.5682373046875	272.7000732421875	0	685.5418090820312	268.338134765625	0	1204.7861328125	440.2130126953125	0
					1315.415649414062	440.2130126953125	0	1351.158081054688	387.3466186523438	0	1392.7275390625	395.4964599609375	0	1386.200073242188	384.1998596191406	0
					1395.16357421875	383.4250183105469	0	1379.233154296875	384.3392028808594	0	1407.37841796875	381.2943725585938	0	1387.727416992188	396.0370483398438	0
					1353.3505859375	397.2188415527344	0	1161.90625	451.2807006835938	0	1155.522216796875	451.2738037109375	0	1148.29248046875	451.2659912109375	0
					1197.659912109375	485.7163391113281	0	1181.382690429688	485.8374328613281	0	1169.530029296875	485.9256286621094	0	1154.377075195312	486.0383605957031	0
					1131.669311523438	486.2073059082031	0	1127.343139648438	504.0551452636719	0	1138.891357421875	486.153564453125	0	1156.929321289062	503.942626953125	0
					1150.234375	503.9681091308594	0	1170.533935546875	503.8908996582031	0	1184.961791992188	503.8360290527344	0	744.36669921875	385.9817810058594	0
					732.2406616210938	403.625732421875	0	740.2322998046875	403.7221984863281	0	763.5928955078125	384.3531188964844	0	746.8201904296875	403.5720520019531	0
					750.03173828125	385.6566772460938	0	772.0149536132812	383.7409973144531	0	706.3378295898438	380.7714538574219	0	691.781982421875	382.9839782714844	0
					712.2739868164062	402.296875	0	719.7816772460938	402.9493713378906	0	970.6913452148438	391.82861328125	0	970.424072265625	379.2937316894531	0
					815.9793701171875	505.2392272949219	0	862.6241455078125	505.0618591308594	0	855.9083862304688	505.0873718261719	0	848.2127685546875	505.1166381835938	0
					859.4927978515625	488.2322692871094	0	843.2251586914062	450.9369201660156	0	838.84228515625	450.9321899414062	0	834.0089111328125	450.9269714355469	0
					824.9525756835938	488.4892578125	0	944.3978271484375	487.6005859375	0	948.00244140625	504.7371520996094	0	939.599365234375	451.0408935546875	0
					944.884765625	451.0466003417969	0	941.599365234375	504.7615051269531	0	934.986328125	504.7866516113281	0	915.7907104492188	504.8596496582031	0
					921.9005126953125	504.83642578125	0	909.8821411132812	504.8821411132812	0	929.1476440429688	487.7140502929688	0	900.3712158203125	487.9281311035156	0
					1392.03173828125	503.0485534667969	0	1405.190307617188	502.99853515625	0	1391.827392578125	484.271728515625	0	832.59228515625	729.8609008789062	0
					841.44873046875	729.8850708007812	0	848.9852294921875	729.9056396484375	0	717.5408325195312	489.2883911132812	0	707.5517578125	505.6515808105469	0
					721.5385131835938	505.598388671875	0	714.3699340820312	505.6256408691406	0	746.8067016601562	505.5022888183594	0	735.546875	505.5451049804688	0
					728.9942626953125	505.5700378417969	0	757.4125366210938	488.9917602539062	0	753.7721557617188	505.4757995605469	0	741.3616333007812	505.5229797363281	0
					289.628662109375	374.7565612792969	0	315.1349792480469	373.8539123535156	0	1496.077758789062	483.4961242675781	0	1500.667602539062	483.4619750976562	0
					1490.607666015625	483.5368041992188	0	1511.973754882812	502.5924377441406	0	1499.686279296875	502.63916015625	0	1505.556762695312	483.4255981445312	0
					1511.581909179688	483.3807678222656	0	1487.50146484375	502.6855163574219	0	1461.237060546875	502.785400390625	0	1448.049194335938	502.8355407714844	0
					1470.699096679688	483.6849365234375	0	1457.268676757812	483.7848510742188	0	1435.817138671875	502.8820495605469	0	1410.888427734375	484.1299133300781	0
					1431.715087890625	483.9749755859375	0	1444.412231445312	483.8804931640625	0	1426.290283203125	451.5658874511719	0	1411.635131835938	440.2130126953125	0
					1396.2841796875	440.2130126953125	0	1394.521850585938	451.5316162109375	0	1506.12841796875	451.6520080566406	0	1486.65625	451.6310119628906	0
					1547.922119140625	440.2130126953125	0	1420.53515625	377.2054443359375	0	1587.774291992188	366.6491394042969	0	1578.429809570312	366.0986633300781	0
					1601.613647460938	369.6371765136719	0	1609.431030273438	371.5369262695312	0	1615.693237304688	391.0307006835938	0	1648.742553710938	391.8486328125	0
					1650.55419921875	375.2177734375	0	1632.255126953125	374.9210815429688	0	1639.392822265625	375.2152709960938	0	1624.812133789062	374.28173828125	0
					1554.694213867188	440.2130126953125	0	1561.430786132812	440.2130126953125	0	1569.6279296875	440.2130126953125	0	1553.574829101562	393.9903259277344	0
					1566.456420898438	393.3794860839844	0	1580.183837890625	392.5809631347656	0	1541.589111328125	394.25537109375	0	1591.703125	391.9379577636719	0
					1609.464599609375	440.2130126953125	0	1623.89306640625	440.2130126953125	0	1631.125732421875	440.2130126953125	0	1529.769409179688	378.9400024414062	0
					1513.026245117188	378.1495056152344	0	1505.852661132812	377.6074829101562	0	1541.739013671875	377.9854736328125	0	1548.520385742188	376.4000854492188	0
					1555.830810546875	373.6375122070312	0	1569.867309570312	367.5835876464844	0	1566.06884765625	368.9765625	0	1561.99658203125	370.7672424316406	0
					341.276123046875	404.73193359375	0	355.6185607910156	404.6723022460938	0	354.8579406738281	390.5956115722656	0	348.8702392578125	390.5212707519531	0
					342.2972106933594	390.7677001953125	0	330.847412109375	391.9045104980469	0	336.0752258300781	391.2758483886719	0	313.9644775390625	406.4486083984375	0
					324.9281921386719	405.5625915527344	0	352.687255859375	372.0899353027344	0	356.722412109375	360.849365234375	0	363.3987731933594	359.22607421875	0
					360.6412048339844	371.6645202636719	0	351.3620910644531	361.6826477050781	0	345.7140197753906	372.4492492675781	0	370.1776123046875	357.5778503417969	0
					396.240966796875	394.0013122558594	0	383.6586303710938	392.7243041992188	0	372.6587524414062	391.6250305175781	0	375.9220275878906	384.167724609375	0
					365.8056335449219	391.0922546386719	0	373.8568420410156	370.8823547363281	0	382.5994567871094	385.4228515625	0	324.4606323242188	373.4866333007812	0
					346.0683288574219	362.45947265625	0	339.4643249511719	363.4285583496094	0	337.561279296875	372.8693237304688	0	331.0576477050781	373.2044372558594	0
					278.4589233398438	375.0335693359375	0	283.77001953125	374.9078369140625	0	285.822265625	364.84326171875	0	1158.754150390625	723.3984985351562	0
					1148.056030273438	730.4271240234375	0	1156.17431640625	744.4500732421875	0	1172.976196289062	754.5617065429688	0	1167.5615234375	751.1771240234375	0
					1157.10693359375	747.6802368164062	0	1164.155883789062	813.859619140625	0	1177.948120117188	815.316162109375	0	1156.419921875	811.1170043945312	0
					1141.292114257812	801.4923095703125	0	1129.446166992188	792.8015747070312	0	1117.495849609375	786.0693969726562	0	1124.319091796875	789.6362915039062	0
					1133.946899414062	728.134033203125	0	1124.222900390625	747.5817260742188	0	1130.571655273438	747.6007690429688	0	1138.626953125	747.6248779296875	0
					1145.236938476562	727.4120483398438	0	1145.381225585938	736.2600708007812	0	1117.4443359375	747.5614624023438	0	1063.085205078125	747.3986206054688	0
					1083.562133789062	730.0944213867188	0	1070.667114257812	730.2835083007812	0	1089.42529296875	747.4775390625	0	1035.770874023438	747.3168334960938	0
					1065.919799804688	730.3304443359375	0	1076.415161132812	747.4385375976562	0	1102.997436523438	747.5181884765625	0	1104.095581054688	780.6567993164062	0
					1091.823974609375	776.9232177734375	0	1084.754028320312	775.3074340820312	0	1069.85693359375	747.4188842773438	0	1082.906494140625	747.4580078125	0
					967.7769775390625	792.6613159179688	0	973.9420166015625	790.0079956054688	0	949.5158081054688	800.5407104492188	0	928.7307739257812	746.9962158203125	0
					907.4651489257812	746.9325561523438	0	921.7200927734375	746.9752197265625	0	915.5463256835938	746.9567260742188	0	956.4193115234375	730	0
					940.575927734375	730	0	948.5706787109375	730	0	926.6911010742188	730	0	933.9830322265625	730	0
					642.071044921875	450.7199401855469	0	637.921875	450.7154541015625	0	638.0426635742188	440.2130126953125	0	627.031982421875	450.7037048339844	0
					606.25634765625	440.2130126953125	0	598.8822021484375	440.2130126953125	0	591.60205078125	450.6654968261719	0	591.9267578125	440.2130126953125	0
					900.4544677734375	746.9115600585938	0	1212.02197265625	777.256591796875	0	1220.213623046875	786.4360961914062	0	1184.099243164062	814.3878784179688	0
					1200.050415039062	804.9746704101562	0	1205.985595703125	800.7073974609375	0	1195.522705078125	808.4202880859375	0	1190.702392578125	811.6364135742188	0
					1171.675903320312	815.208984375	0	1195.375366210938	768.3936767578125	0	1201.696655273438	771.6276245117188	0	1207.090698242188	774.5302734375	0
					641.9059448242188	505.9012145996094	0	629.788818359375	505.9472961425781	0	648.1011962890625	505.8776550292969	0	655.422607421875	505.8498229980469	0
					672.31201171875	505.7855834960938	0	786.6959838867188	450.8759460449219	0	782.5458374023438	505.3663635253906	0	771.5090942382812	488.8868713378906	0
					802.8023681640625	505.2893371582031	0	809.0486450195312	505.2655944824219	0	788.5314331054688	505.3435974121094	0	776.0350341796875	505.3911437988281	0
					762.6521606445312	505.4420166015625	0	769.9089965820312	505.4144287109375	0	795.53466796875	505.3169860839844	0	751.462158203125	440.2130126953125	0
					749.7843627929688	450.8361206054688	0	756.0693359375	450.8428955078125	0	743.6434326171875	440.2130126953125	0	735.335693359375	440.2130126953125	0
					780.2001342773438	450.8689270019531	0	774.0697631835938	450.8623352050781	0	701.7303466796875	505.6737060546875	0	678.8749389648438	505.7606201171875	0
					694.724609375	505.7003479003906	0	713.3773193359375	450.7968444824219	0	710.4413452148438	440.2130126953125	0	704.8553466796875	401.5619812011719	0
					701.2959594726562	440.2130126953125	0	697.7012329101562	400.7862854003906	0	677.277099609375	398.183837890625	0	668.678466796875	388.6764221191406	0
					671.069580078125	397.2431640625	0	656.5247192382812	394.6614074707031	0	669.0753784179688	450.7490539550781	0	653.0603637695312	450.7317810058594	0
					636.3963012695312	489.8921203613281	0	683.3360595703125	399.0343017578125	0	848.4549560546875	746.7557983398438	0	874.6798095703125	729.9614868164062	0
					868.4222412109375	729.948486328125	0	862.1314697265625	729.9353637695312	0	855.5281982421875	729.921630859375	0	874.84033203125	746.8348388671875	0
					861.74560546875	746.7955932617188	0	868.3408203125	746.8153686523438	0	855.8297119140625	746.7778930664062	0	880.9466552734375	729.9745483398438	0
					1007.582458496094	730.0596313476562	0	1014.303405761719	730.1124267578125	0	982.508544921875	730	0	976.0924682617188	730	0
					969.8280029296875	730	0	995.5947265625	747.1964721679688	0	1001.387145996094	730.0109252929688	0	1001.598266601562	747.2144775390625	0
					995.022216796875	730	0	988.8456420898438	730	0	989.1569213867188	747.1771850585938	0	913.2737426757812	729.9990234375	0
					920.3722534179688	730	0	886.9303588867188	746.8710327148438	0	906.900390625	729.998046875	0	899.9955444335938	729.9970092773438	0
					893.6968994140625	729.99609375	0	887.142822265625	729.9874267578125	0	1013.844787597656	747.2511596679688	0	1021.846740722656	730.1717529296875	0
					1030.320190429688	730.2327880859375	0	1049.031372070312	747.3565063476562	0	1038.5302734375	730.2915649414062	0	1027.94580078125	747.2933959960938	0
					1019.906555175781	747.269287109375	0	962.0489501953125	747.0960083007812	0	962.9429931640625	730	0	975.8392944335938	747.1373291015625	0
					968.763916015625	747.1161499023438	0	981.0521240234375	786.9173583984375	0	988.2973022460938	783.7542114257812	0	993.6134643554688	781.4950561523438	0
					1007.634948730469	747.2325439453125	0	982.7612915039062	747.1580810546875	0	524.6890869140625	506.3469848632812	0	524.8539428710938	490.7219848632812	0
					516.7775268554688	506.3770446777344	0	538.4593505859375	506.2946166992188	0	532.3372192382812	506.3179016113281	0	546.6801147460938	506.2633361816406	0
					602.5596313476562	490.1438598632812	0	609.3297119140625	490.0934753417969	0	553.5244140625	506.2373046875	0	532.46240234375	490.6653747558594	0
					537.729736328125	490.6261901855469	0	502.69580078125	506.4306030273438	0	608.1537475585938	506.0295715332031	0	589.6612548828125	506.0998840332031	0
					595.6410522460938	506.0771484375	0	601.7847290039062	506.0537719726562	0	612.0211181640625	397.3776550292969	0	607.9732666015625	450.6831665039062	0
					612.9364624023438	450.6885070800781	0	555.8151245117188	450.6268920898438	0	455.9754638671875	491.2344360351562	0	477.1384887695312	491.0769653320312	0
					469.6529541015625	491.1326599121094	0	483.5484619140625	506.50341796875	0	489.6571350097656	506.4801940917969	0	496.4658203125	506.4543151855469	0
					495.8122253417969	490.9380493164062	0	482.6911926269531	491.0356750488281	0	504.496826171875	490.8734436035156	0	509.7287292480469	506.4038696289062	0
					382.8872680664062	354.2445678710938	0	392.9657287597656	351.4637756347656	0	436.9278564453125	354.3541564941406	0	423.5469055175781	351.1508178710938	0
					409.1376647949219	349.6789855957031	0	418.7573852539062	350.3349914550781	0	414.0836486816406	349.7091064453125	0	394.1183776855469	369.6721496582031	0
					406.6792602539062	368.9300842285156	0	403.5143432617188	349.6447448730469	0	397.2525634765625	350.5036315917969	0	384.7007751464844	450.4423217773438	0
					392.8175659179688	450.4510498046875	0	385.1268920898438	440.2130126953125	0	374.482666015625	405.2745971679688	0	388.7657775878906	406.0705261230469	0
					402.3248291015625	406.8910217285156	0	511.9516296386719	490.8179626464844	0	518.61767578125	490.7683715820312	0	448.4869689941406	450.5111083984375	0
					448.5012817382812	408.830322265625	0	462.3369445800781	408.9860229492188	0	476.0780944824219	408.9906311035156	0	499.9989929199219	450.5666809082031	0
					440.3110046386719	408.6376037597656	0	556.219482421875	393.7972106933594	0	540.8528442382812	393.8545227050781	0	595.8119506835938	401.8645935058594	0
					567.231689453125	406.5594177246094	0	553.608154296875	407.4615478515625	0	603.8214111328125	399.7793273925781	0	612.9415893554688	394.5143127441406	0
					598.079345703125	394.2120361328125	0	588.4042358398438	403.4835815429688	0	538.509033203125	450.6082153320312	0	531.9781494140625	450.6011657714844	0
					535.6142578125	440.2130126953125	0	529.4338989257812	408.122314453125	0	540.2589111328125	407.8765258789062	0	514.5086059570312	408.4510498046875	0
					533.6329345703125	393.9253234863281	0	544.8115234375	440.2130126953125	0	553.204833984375	440.2130126953125	0	489.80419921875	408.8402709960938	0
					501.0289306640625	408.6866455078125	0	451.5528869628906	366.7783203125	0	449.7498168945312	358.0896301269531	0	468.5311889648438	366.3138427734375	0
					475.3886108398438	395.995361328125	0	490.8065185546875	395.344482421875	0	432.7272033691406	396.4076538085938	0	447.39599609375	396.5741577148438	0
					476.8797912597656	366.1340637207031	0	472.4660034179688	363.8518981933594	0	1106.941772460938	729.456787109375	0	1092.096313476562	729.9404296875	0
					1096.412353515625	747.4984741210938	0	1118.689819335938	728.8958740234375	0	1112.758178710938	729.1920166015625	0	1109.928466796875	747.5389404296875	0
					1360.729125976562	503.1676025390625	0	1354.300903320312	503.1920471191406	0	1347.010620117188	503.2197875976562	0	1412.780639648438	502.9696655273438	0
					1398.575805664062	503.023681640625	0	1385.3447265625	503.0740051269531	0	707.6366577148438	266.6872253417969	0	694.3858642578125	353.4149475097656	0
					644.3148193359375	344.1764221191406	0	1579.5654296875	850.057861328125	0	1565.625244140625	845.4388427734375	0	1613.324951171875	874.120361328125	0
					1601.475219726562	862.1018676757812	0	1620.356201171875	885.5494995117188	0	1625.72607421875	898.0175170898438	0	1371.404541015625	591.6068725585938	0
					1322.480712890625	503.3130493164062	0	1196.578979492188	612.5942993164062	0	1182.743041992188	612.5540771484375	0	1169.954223632812	612.5169067382812	0
					1158.741821289062	612.4842529296875	0	1358.618286132812	589.9119873046875	0	1295.705078125	657.5595703125	0	1242.622802734375	682.7728271484375	0
					1239.447021484375	679.1157836914062	0	1226.43798828125	679.1157836914062	0	1232.729858398438	686.2610473632812	0	1188.992553710938	702.08251953125	0
					1188.449951171875	679.1157836914062	0	1201.790649414062	696.6248779296875	0	1220.731567382812	690.234619140625	0	1211.165283203125	693.4004516601562	0
					1212.046630859375	679.1157836914062	0	1198.188354492188	679.1157836914062	0	1376.802124023438	781.5652465820312	0	1359.655883789062	779.0921020507812	0
					1171.083374023438	679.1157836914062	0	1122.823486328125	709.302978515625	0	1082.286743164062	709.103515625	0	1070.716674804688	709.0482788085938	0
					1118.937377929688	679.1157836914062	0	1106.829833984375	679.1157836914062	0	1139.791870117188	709.397705078125	0	1149.087524414062	679.1157836914062	0
					1129.8798828125	679.1157836914062	0	1140.880737304688	679.1157836914062	0	1615.008056640625	736.9923706054688	0	1631.606079101562	738.9002075195312	0
					1654.359619140625	741.8445434570312	0	1643.973999023438	740.565185546875	0	1533.29248046875	667.729248046875	0	1546.487548828125	665.547119140625	0
					1519.347045898438	672.488525390625	0	1618.677001953125	643.9224243164062	0	1626.02490234375	653.7177124023438	0	1650.690551757812	653.7855224609375	0
					1580.726440429688	736.259521484375	0	1596.857543945312	736.0238647460938	0	1537.502563476562	731.6344604492188	0	1569.661254882812	736.3553466796875	0
					1552.536499023438	735.2682495117188	0	1528.087890625	726.4541625976562	0	1520.41162109375	719.2611694335938	0	1509.72998046875	698.5071411132812	0
					1602.755859375	659.3851318359375	0	1560.38134765625	664.2590942382812	0	495.2020874023438	367.0608825683594	0	506.7723999023438	367.0640563964844	0
					442.5821838378906	388.9981994628906	0	439.1754455566406	396.6013488769531	0	426.3752136230469	396.1954345703125	0	486.4001159667969	387.7290954589844	0
					499.1167907714844	394.9882202148438	0	482.7843017578125	395.6977233886719	0	460.5845336914062	366.5020446777344	0	442.4129638671875	367.1566772460938	0
					495.4338989257812	408.7632446289062	0	507.6636657714844	408.5958557128906	0	483.0590515136719	408.9325866699219	0	562.7810668945312	422.8197326660156	0
					549.4222412109375	422.8424377441406	0	522.5358276367188	408.2742309570312	0	534.7936401367188	408.0042724609375	0	522.3367309570312	422.8884582519531	0
					535.5709838867188	422.865966796875	0	511.8317565917969	422.9063110351562	0	496.1260986328125	422.9329833984375	0	588.4855346679688	381.0001831054688	0
					589.55810546875	394.06591796875	0	605.7481689453125	394.3492431640625	0	560.2075805664062	407.1015319824219	0	574.5892333984375	405.7906188964844	0
					574.8076171875	422.79931640625	0	547.9930419921875	393.790771484375	0	546.9849243164062	407.7023620605469	0	551.319091796875	386.5080261230469	0
					575.0586547851562	377.2699279785156	0	572.3250732421875	352.2967224121094	0	557.9241333007812	374.9387817382812	0	432.6961669921875	423.040771484375	0
					432.8797302246094	408.4233703613281	0	441.2532958984375	423.0262451171875	0	469.3705444335938	422.9784545898438	0	483.0147094726562	422.9552612304688	0
					469.1525268554688	409.0008850097656	0	455.9342041015625	423.0012817382812	0	455.3384399414062	408.9172058105469	0	391.2838439941406	423.1111450195312	0
					406.2791748046875	423.0856628417969	0	395.6465148925781	406.4862670898438	0	402.6855773925781	394.6112365722656	0	407.62353515625	407.214599609375	0
					382.2127075195312	405.674560546875	0	364.73095703125	404.8833618164062	0	378.1809387207031	423.1333923339844	0	347.5787353515625	423.1853942871094	0
					364.2564086914062	423.1570739746094	0	400.651123046875	369.27978515625	0	430.1681213378906	352.5469055175781	0	388.4527282714844	352.6307678222656	0
					387.5819702148438	386.2452087402344	0	392.8130493164062	386.9747924804688	0	328.4911499023438	380.4728088378906	0	342.001953125	378.84033203125	0
					132.059814453125	275.179931640625	0	999.0108032226562	779.3636474609375	0	948.7673950195312	708.7710571289062	0	1044.543090820312	708.9573364257812	0
					904.3290405273438	708.7710571289062	0	976.3728637695312	708.7948608398438	0	1015.663940429688	708.8733520507812	0	1030.124145507812	708.9072265625	0
					1004.409851074219	679.1157836914062	0	981.3253784179688	679.1157836914062	0	965.3724365234375	708.7728881835938	0	972.1759033203125	679.1157836914062	0
					961.36865234375	679.1157836914062	0	950.490478515625	679.1157836914062	0	939.3539428710938	679.1157836914062	0	929.4025268554688	679.1157836914062	0
					742.9327392578125	679.1157836914062	0	766.3886108398438	612.305419921875	0	778.4261474609375	612.3060302734375	0	801.253173828125	679.1157836914062	0
					798.2877197265625	612.3070068359375	0	753.8204956054688	679.1157836914062	0	765.8662109375	679.1157836914062	0	917.6961669921875	708.7710571289062	0
					790.5672607421875	679.1157836914062	0	856.4114990234375	679.1157836914062	0	816.7560424804688	679.1157836914062	0	871.8673095703125	679.1157836914062	0
					902.4755859375	679.1157836914062	0	925.4610595703125	612.3021850585938	0	937.75927734375	612.3021850585938	0	915.9221801757812	679.1157836914062	0
					683.8036499023438	422.6141052246094	0	668.9677124023438	422.6393127441406	0	663.6642456054688	396.0185546875	0	764.6796264648438	488.9376831054688	0
					792.1551513671875	488.7332763671875	0	443.2275695800781	356.1454467773438	0	585.472900390625	349.2225036621094	0	1062.635009765625	867.0626831054688	0
					1075.281372070312	863.44775390625	0	1088.630126953125	860.2887573242188	0	1228.815185546875	829.3622436523438	0	1377.952392578125	887.7930297851562	0
					1367.578491210938	886.0670166015625	0	1354.3798828125	884.9495849609375	0	1345.021728515625	779.4727783203125	0	1332.570068359375	781.5689697265625	0
					1268.233032226562	810.8943481445312	0	1292.060180664062	798.3508911132812	0	1303.97314453125	792.3826904296875	0	1317.19775390625	786.6386108398438	0
					1216.597412109375	780.6213989257812	0	631.6030883789062	422.7027893066406	0	1038.7265625	875.2321166992188	0	961.6151733398438	795.296875	0
					1148.687377929688	806.7887573242188	0	1098.15234375	778.7792358398438	0	1110.545776367188	783.007080078125	0	1150.280395507812	709.4644775390625	0
					1058.863037109375	709.007080078125	0	1145.72412109375	852.19873046875	0	1132.489990234375	853.879638671875	0	1102.709106445312	857.8580322265625	0
					1117.837280273438	855.7224731445312	0	1050.511108398438	871.0110473632812	0	1140.073852539062	727.7427368164062	0	1125.439208984375	728.558837890625	0
					1159.239135742188	850.1240844726562	0	1173.37353515625	847.2745971679688	0	1201.99658203125	839.3381958007812	0	1187.727294921875	843.6553955078125	0
					1215.9453125	793.4176025390625	0	1215.505859375	834.6018676757812	0	1150.24169921875	741.0132446289062	0	1149.0458984375	727.1680908203125	0
					1549.818115234375	841.5203857421875	0	1391.086669921875	785.4356079101562	0	318.3443908691406	365.1493835449219	0	378.3861694335938	392.1875610351562	0
					389.792236328125	393.3727111816406	0	334.8896789550781	379.3255310058594	0	349.1766052246094	379.2173767089844	0	333.0310974121094	405.0282897949219	0
					318.7501525878906	406.0273132324219	0	348.2042541503906	404.6240844726562	0	1536.142944335938	378.6708984375	0	1509.916015625	337.9580993652344	0
					1521.402709960938	378.7251586914062	0	1495.430541992188	338.2776184082031	0	1519.409057617188	268.76123046875	0	1626.017456054688	421.0131530761719	0
					1613.925170898438	421.03369140625	0	1589.350341796875	421.075439453125	0	1603.171752929688	421.0519714355469	0	1597.69677734375	391.6070861816406	0
					1585.916259765625	392.2574157714844	0	1534.352294921875	394.2787170410156	0	1548.181396484375	394.1319274902344	0	1573.301513671875	392.9813232421875	0
					1559.799194335938	393.7167053222656	0	1574.3447265625	421.1009521484375	0	1558.443969726562	421.1279602050781	0	1543.660766601562	421.153076171875	0
					1654.810302734375	392.2575378417969	0	1642.4267578125	420.9852600097656	0	1612.622436523438	336.7966613769531	0	1594.131103515625	367.8411865234375	0
					1582.896118164062	366.1517639160156	0	1574.353637695312	366.5042419433594	0	1597.926391601562	337.0133666992188	0	1533.027099609375	421.171142578125	0
					1521.10498046875	421.19140625	0	1505.666870117188	421.2176208496094	0	1425.104858398438	484.0241394042969	0	1418.114135742188	484.076171875	0
					1441.5400390625	502.8602905273438	0	1430.572143554688	502.9020080566406	0	1043.231323242188	284.9977416992188	0	1029.457885742188	286.6540832519531	0
					986.8779296875	349.2019958496094	0	964.19384765625	290.0208740234375	0	946.940673828125	289.2212219238281	0	1454.547973632812	502.8108215332031	0
					1493.976806640625	502.660888671875	0	1505.123168945312	502.6184997558594	0	1461.34521484375	270.9189147949219	0	324.5075073242188	392.7518310546875	0
					310.4889221191406	406.7880554199219	0	321.9679870605469	382.0260314941406	0	176.5461273193359	275.2963562011719	0	213.2458953857422	279.6200866699219	0
					201.2024688720703	277.1419067382812	0	695.7322387695312	489.4506530761719	0	855.1217651367188	708.823486328125	0	846.7157592773438	679.1157836914062	0
					869.22998046875	708.7952880859375	0	738.699951171875	612.3040161132812	0	752.54052734375	612.3046875	0	725.2745361328125	612.3033447265625	0
					714.1595458984375	612.302734375	0	115.7320251464844	275.6218872070312	0	103.8930816650391	278.3406677246094	0	429.1425170898438	272.25390625	0
					544.5875244140625	372.5333557128906	0	537.4407348632812	387.2280578613281	0	531.3958129882812	369.6112976074219	0	532.5880737304688	363.0884704589844	0
					1608.691650390625	708.7145385742188	0	1593.693359375	708.6161499023438	0	1545.539672851562	709.3516235351562	0	1558.830810546875	708.98876953125	0
					1163.747802734375	709.5502319335938	0	1385.804321289062	484.3165588378906	0	581.4845581054688	279.8740234375	0	594.0807495117188	278.4607543945312	0
					906.8150634765625	487.8802185058594	0	937.431396484375	487.6524047851562	0	951.2863159179688	487.5493469238281	0	972.0619506835938	487.394775390625	0
					852.4601440429688	488.2846069335938	0	597.2271118164062	379.0389404296875	0	910.9147338867188	388.115234375	0	1152.873657226562	726.9229125976562	0
					1162.208740234375	747.6954956054688	0	1073.89404296875	451.1857604980469	0	1135.0322265625	451.251708984375	0	1117.878784179688	386.080810546875	0
					1595.444213867188	451.7483520507812	0	1616.655639648438	440.2130126953125	0	1601.423706054688	440.2130126953125	0	1658.938598632812	451.8168334960938	0
					1652.54638671875	440.2130126953125	0	1652.100952148438	451.8094787597656	0	1638.916015625	451.7952575683594	0	1634.180419921875	482.4686279296875	0
					1665.668090820312	502.0079650878906	0	1645.994995117188	502.082763671875	0	1634.994018554688	502.1246032714844	0	1041.76953125	504.3805847167969	0
					1233.603759765625	389.1369934082031	0	1220.583984375	392.4181518554688	0	1284.623168945312	440.2130126953125	0	1249.16162109375	451.3748168945312	0
					1242.407592773438	440.2130126953125	0	1251.267822265625	440.2130126953125	0	1188.023803710938	372.6600036621094	0	1201.009765625	373.4983215332031	0
					1182.860229492188	372.3655395507812	0	1227.523315429688	375.7892150878906	0	1214.013916015625	374.5347900390625	0	1207.591430664062	373.9384155273438	0
					1226.847534179688	390.7638244628906	0	1187.844360351562	397.7663269042969	0	1198.111083984375	397.1693725585938	0	1209.305786132812	395.2084655761719	0
					1182.788208007812	397.5508422851562	0	1235.154907226562	376.6857299804688	0	767.6102294921875	401.2113037109375	0	816.8273315429688	440.2130126953125	0
					825.5980834960938	440.2130126953125	0	833.9468994140625	440.2130126953125	0	425.7939147949219	408.1427307128906	0	412.7437133789062	407.5116577148438	0
					382.4327392578125	370.3739929199219	0	1021.816772460938	772.7222900390625	0	1014.048645019531	774.42138671875	0	1029.274536132812	771.6647338867188	0
					1077.437255859375	773.7677612304688	0	1070.020629882812	772.5623779296875	0	1059.843627929688	730.3325805664062	0	1134.52734375	796.3762817382812	0
					1007.992126464844	372.4622192382812	0	1089.810791015625	367.0233764648438	0	1055.083129882812	451.1654663085938	0	1000.972717285156	373.7030944824219	0
					991.6534423828125	392.2035827636719	0	1007.50927734375	391.7017517089844	0	1479.68505859375	451.6234741210938	0	1527.30419921875	394.192626953125	0
					1515.837646484375	393.9099731445312	0	1056.197509765625	747.3779907226562	0	1042.036743164062	747.3355712890625	0	792.6192016601562	385.2607116699219	0
					787.7909545898438	395.2691345214844	0	778.8912963867188	383.7069702148438	0	774.3886108398438	399.6690368652344	0	781.0607299804688	397.7218627929688	0
					785.0504760742188	384.1774597167969	0	1526.776733398438	502.5361328125	0	1098.150268554688	384.1125793457031	0	1110.536743164062	385.2100219726562	0
					1103.765991210938	384.5594177246094	0	1316.214721679688	503.3368835449219	0	1360.80810546875	440.2130126953125	0	1116.920776367188	486.3170166015625	0
					1101.00048828125	486.4354858398438	0	955.463134765625	440.2130126953125	0	893.385009765625	450.9910278320312	0	887.709228515625	450.9849243164062	0
					992.6256103515625	487.2417907714844	0	991.9850463867188	504.5698852539062	0	1000.329162597656	504.5381774902344	0	461.9515686035156	396.4252014160156	0
					524.648681640625	450.59326171875	0	507.1625061035156	450.5744018554688	0	568.84326171875	393.8502502441406	0	581.9630737304688	393.9687194824219	0
					471.6861877441406	450.5361328125	0	476.3796081542969	450.5411987304688	0	569.2491455078125	490.3916931152344	0	575.802734375	490.3429260253906	0
					562.2640380859375	490.4436340332031	0	560.1725463867188	506.2120361328125	0	575.0504760742188	506.1554565429688	0	566.0823364257812	506.1895446777344	0
					834.11767578125	746.7128295898438	0	840.75341796875	746.7327270507812	0	674.943359375	440.2130126953125	0	880.4996337890625	746.8517456054688	0
					893.751220703125	746.8914794921875	0	573.2591552734375	450.6457214355469	0	562.56591796875	440.2130126953125	0	585.1622924804688	440.2130126953125	0
					614.7071533203125	440.2130126953125	0	630.0730590820312	440.2130126953125	0	948.6079711914062	747.0557861328125	0	942.103515625	747.0362548828125	0
					935.2164916992188	747.015625	0	1075.881591796875	730.20703125	0	1211.131469726562	797.0863037109375	0	1152.005249023438	747.6649780273438	0
					360.0870361328125	390.7113342285156	0	1636.247924804688	391.1981201171875	0	1518.188720703125	440.2130126953125	0	1511.840209960938	440.2130126953125	0
					1423.993530273438	502.9270324707031	0	1477.830078125	483.6318664550781	0	1484.362182617188	483.5832824707031	0	1474.513549804688	502.7348937988281	0
					304.6359252929688	396.9974975585938	0	317.1290588378906	394.1401977539062	0	306.9420776367188	374.1766052246094	0	300.1549987792969	374.4439086914062	0
					294.2637023925781	374.6282348632812	0	616.1597290039062	490.0426635742188	0	615.6739501953125	506.0009765625	0	623.3107299804688	505.971923828125	0
					521.3961181640625	394.1898498535156	0	507.84619140625	394.6437377929688	0	502.737060546875	387.4298706054688	0	1367.897094726562	503.1403503417969	0
					1374.346557617188	503.1158142089844	0	1379.464721679688	503.0963439941406	0	1368.640625	484.4442443847656	0	1380.98486328125	484.3523864746094	0
					838.6676635742188	488.38720703125	0	840.5260620117188	505.1458740234375	0	829.0227661132812	505.1896362304688	0	834.9502563476562	505.1670837402344	0
					951.7086791992188	391.0587768554688	0	946.5384521484375	390.8006286621094	0	942.1090087890625	390.5279541015625	0	957.052978515625	391.3048095703125	0
					944.599853515625	383.4955749511719	0	1514.489135742188	710.6160888671875	0	1252.4560546875	679.1157836914062	0	1284.161499023438	612.9153442382812	0
					649.4191284179688	393.1332702636719	0	1356.405029296875	382.5396423339844	0	620.1346435546875	394.6924133300781	0	1588.306640625	597.5288696289062	0
					963.2950439453125	380.5723876953125	0	978.0374755859375	392.0462036132812	0	963.4968872070312	391.56787109375	0	712.0098266601562	381.0697326660156	0
					722.5111083984375	422.54833984375	0	735.083740234375	422.5269775390625	0	1146.621826171875	486.0960388183594	0	1124.260131835938	486.2624206542969	0
					1161.895263671875	485.982421875	0	1175.614990234375	485.8803405761719	0	1189.370849609375	485.7780151367188	0	1260.626708984375	260.2655944824219	0
					1275.01708984375	260.306640625	0	1347.633544921875	393.9171142578125	0	1373.891967773438	421.4415283203125	0	1361.066650390625	421.4633178710938	0
					1401.832641601562	382.4576110839844	0	1397.746948242188	394.9335327148438	0	1049.16845703125	386.1233520507812	0	411.9002685546875	388.6371765136719	0
					406.3453979492188	388.2943420410156	0	1264.30810546875	384.8218383789062	0	1362.101928710938	383.2498779296875	0	729.5505981445312	384.8940734863281	0
					936.7442016601562	390.1811828613281	0	938.5541381835938	384.3370361328125	0	526.913818359375	387.42041015625	0	1419.262573242188	440.2130126953125	0
					1525.860229492188	440.2130126953125	0	1629.719482421875	391.0084228515625	0	622.0400390625	440.2130126953125	0	728.3090209960938	440.2130126953125	0
					461.3081970214844	491.1947631835938	0	461.4112854003906	440.2130126953125	0	677.1828002929688	386.7322692871094	0	1369.631103515625	440.2130126953125	0
					1577.433837890625	440.2130126953125	0	1259.397338867188	440.2130126953125	0	409.4781494140625	440.2130126953125	0	1049.052734375	440.2130126953125	0
					1046.089721679688	730.3374633789062	0	1053.196533203125	730.3349609375	0	1062.550170898438	771.6407470703125	0	1036.60302734375	771.0448608398438	0
					366.834716796875	371.2979736328125	0	1192.874145507812	397.6287841796875	0	1220.4501953125	375.1324462890625	0	1194.422729492188	373.0730895996094	0
					1233.309814453125	440.2130126953125	0	1290.382446289062	440.2130126953125	0	1273.008422851562	451.4005432128906	0	1645.521362304688	451.8023681640625	0
					1659.36962890625	440.2130126953125	0	1141.963623046875	451.2591857910156	0	1137.963745117188	504.0147705078125	0	1112.5185546875	504.1115112304688	0
					1061.952026367188	504.3038330078125	0	1085.853515625	504.2129211425781	0	1304.450317382812	451.4344482421875	0	1192.956298828125	503.8056335449219	0
					1217.044921875	451.3401794433594	0	1180.51171875	440.2130126953125	0	1192.330932617188	451.3135070800781	0	1168.12548828125	451.2874145507812	0
					1434.6025390625	371.7526550292969	0	984.2090454101562	451.0890197753906	0	793.57421875	450.8833618164062	0	905.017822265625	451.0035705566406	0
					925.2312622070312	451.025390625	0	1035.78759765625	451.1446533203125	0	950.3326416015625	451.0524597167969	0	1328.716552734375	503.2893371582031	0
					494.333740234375	387.5076599121094	0	490.1427917480469	440.2130126953125	0	488.1841430664062	490.9948120117188	0	582.5642700195312	506.1268920898438	0
					1006.282470703125	776.7456665039062	0	955.0971069335938	747.0751953125	0	686.8878173828125	505.7301635742188	0	665.62841796875	505.8110046386719	0
					635.8956909179688	505.924072265625	0	955.4837036132812	797.9188232421875	0	1145.680297851562	747.64599609375	0	1180.2880859375	759.1167602539062	0
					1188.092529296875	763.9505004882812	0	1645.0478515625	375.2681579589844	0	1603.673095703125	391.3378601074219	0	1609.490234375	391.189208984375	0
					1617.2060546875	373.2103881835938	0	1437.95751953125	483.9285278320312	0	1404.088989257812	484.1805114746094	0	928.608642578125	504.8109130859375	0
					954.7311401367188	504.7115783691406	0	822.7049560546875	505.2136535644531	0	919.0529174804688	387.0192260742188	0	1163.705444335938	503.9168701171875	0
					1358.205810546875	397.7401428222656	0	1381.925170898438	396.6361389160156	0	1271.788452148438	503.5058288574219	0	1132.820190429688	388.5191040039062	0
					1569.09814453125	482.9528503417969	0	1485.005249023438	375.0980224609375	0	1059.123046875	366.7679748535156	0	1074.76220703125	366.6403198242188	0
					1044.942260742188	367.5187072753906	0	1061.713134765625	384.6134338378906	0	1067.499267578125	384.1288452148438	0	1074.251831054688	383.7709350585938	0
					1093.115112304688	383.8753662109375	0	1080.974487304688	383.6549072265625	0	1015.95751953125	371.1291809082031	0	1014.822570800781	391.1646118164062	0
					1020.421142578125	390.5615234375	0	1027.006469726562	389.6856994628906	0	1034.667114257812	388.4942016601562	0	1025.182006835938	369.7315979003906	0
					1038.28515625	368.1597290039062	0	1431.59912109375	391.8533325195312	0	1446.7421875	391.3497009277344	0	1500.506591796875	377.2598571777344	0
					1505.47607421875	393.5249633789062	0	1493.237548828125	376.6491394042969	0	1055.24609375	771.0379638671875	0	1043.76123046875	770.7955322265625	0
					1049.497924804688	770.8016357421875	0	421.6492614746094	368.1126403808594	0	434.2145080566406	367.5077514648438	0	1660.808349609375	392.7367248535156	0
					1664.701538085938	374.9115295410156	0	1657.403198242188	375.1033020019531	0	798.8005981445312	390.4222717285156	0	798.5324096679688	386.3467712402344	0
					1240.925170898438	387.4680480957031	0	1659.336181640625	502.0320434570312	0	1665.977783203125	482.2320556640625	0	1557.859008789062	483.0364685058594	0
					1553.744750976562	483.0670776367188	0	1542.078125	502.4779663085938	0	1554.276611328125	502.4315795898438	0	1563.124755859375	482.9972839355469	0
					1574.61376953125	482.9118041992188	0	1587.4384765625	482.81640625	0	1580.92236328125	482.8648681640625	0	1597.047607421875	502.2689208984375	0
					1610.248413085938	502.2187194824219	0	1622.238037109375	502.1731262207031	0	1593.802124023438	482.76904296875	0	1177.243530273438	372.0751037597656	0
					1169.8359375	371.6921081542969	0	1154.097778320312	370.8520812988281	0	1161.90478515625	371.275146484375	0	1141.078125	370.1184997558594	0
					1147.838256835938	370.5129089355469	0	1177.316040039062	397.0745239257812	0	1167.188354492188	395.6213989257812	0	1125.382202148438	387.2303466796875	0
					1277.177001953125	503.4853515625	0	1236.103881835938	485.4302978515625	0	1245.368286132812	503.6063232421875	0	1282.555053710938	503.4649047851562	0
					1160.218627929688	421.8045959472656	0	1144.963134765625	421.8305358886719	0	1171.831909179688	396.3655090332031	0	1134.438720703125	369.6789855957031	0
					1159.068969726562	346.5711059570312	0	1616.104736328125	502.1964416503906	0	1603.377197265625	502.2448425292969	0	1561.154418945312	502.4054260253906	0
					1547.683959960938	502.4566345214844	0	1602.760131835938	597.5291748046875	0	1601.008544921875	609.9098510742188	0	1657.105712890625	710.011962890625	0
					1035.969970703125	612.3021850585938	0	1044.136840820312	612.3021850585938	0	1064.55078125	612.3021850585938	0	1243.514892578125	377.808349609375	0
					833.570068359375	422.359619140625	0	830.7791748046875	350.8763427734375	0	1666.404174804688	393.2137756347656	0	1489.41552734375	586.2050170898438	0
					1477.495727539062	589.4165649414062	0	1451.269409179688	596.1066284179688	0	1463.292602539062	593.2562255859375	0	1438.271606445312	598.429931640625	0
					1243.291137695312	612.7545166015625	0	1260.139038085938	612.82080078125	0	413.3746948242188	368.5644836425781	0	428.0581970214844	367.7713928222656	0
					821.5768432617188	612.3074340820312	0	809.2998657226562	612.3076171875	0	829.2636108398438	612.3065185546875	0	852.2574462890625	612.3038330078125	0
					865.6758422851562	612.30224609375	0	878.4137573242188	612.3021850585938	0	1242.745361328125	823.3231811523438	0	1256.643310546875	816.7605590820312	0
					1483.5546875	824.4465942382812	0	1456.924682617188	813.4635009765625	0	1510.65625	393.7418212890625	0	1498.988403320312	393.2469482421875	0
					1455.549560546875	367.0508422851562	0	1462.52783203125	367.3162536621094	0	1454.682983398438	391.4287719726562	0	1478.182495117188	421.2643432617188	0
					1464.4951171875	421.28759765625	0	1438.95751953125	391.5457763671875	0	1032.475830078125	368.7938842773438	0	1087.645263671875	383.6673278808594	0
					1052.2919921875	421.9879760742188	0	1038.025634765625	422.0122375488281	0	1051.888916015625	367.11328125	0	1066.852905273438	366.6272583007812	0
					833.3968505859375	679.1157836914062	0	223.6024780273438	281.4262084960938	0	888.41259765625	679.1157836914062	0	780.1967163085938	679.1157836914062	0
					991.568359375	679.1157836914062	0	431.8152160644531	389.0866088867188	0	1160.130859375	679.1157836914062	0	1181.144287109375	679.1157836914062	0
					1607.753295898438	867.7247314453125	0	1018.300659179688	679.1157836914062	0	1661.34521484375	653.8148193359375	0	1047.275146484375	679.1157836914062	0
					1287.244262695312	603.5299072265625	0	1417.06640625	599.06787109375	0	1637.38623046875	653.7489624023438	0	464.9895324707031	388.342529296875	0
					362.4372253417969	280.1666259765625	0	495.8809509277344	418.8576354980469	0	417.2356872558594	344.4898681640625	0	420.243408203125	373.8869018554688	0
					1202.5703125	456.453369140625	0	1381.29296875	508.4068298339844	0	1153.797729492188	400.0039672851562	0	1584.22412109375	475.9198608398438	0
					1014.80224609375	509.5777282714844	0	1101.582763671875	456.0665283203125	0	482.926025390625	418.939208984375	0	1007.140930175781	456.0234985351562	0
					1159.058471679688	512.1065673828125	0	1070.23828125	509.8550415039062	0	1279.363525390625	390.83642578125	0	1075.918334960938	509.9542236328125	0
					1571.62109375	476.187255859375	0	1084.744506835938	456.3587036132812	0	838.4884033203125	455.6241149902344	0	1196.18798828125	456.8218688964844	0
					958.8934936523438	719.345703125	0	1577.776611328125	475.9272155761719	0	1012.8564453125	456.3356628417969	0	1128.170166015625	456.405029296875	0
					1171.15087890625	456.9089050292969	0	951.84912109375	376.5610961914062	0	1058.015380859375	456.5308532714844	0	1088.47265625	510.3829956054688	0
					937.9689331054688	719.3444213867188	0	1064.27392578125	509.9846801757812	0	1177.37841796875	457.0188903808594	0	317.4170532226562	411.6576538085938	0
					1142.92529296875	720.4953002929688	0	525.4060668945312	456.1534118652344	0	1596.491577148438	476.2535095214844	0	1072.600952148438	456.0021667480469	0
					1141.745239257812	456.3169860839844	0	1418.5654296875	499.4761657714844	0	638.2775268554688	455.0657348632812	0	309.2443542480469	379.5665588378906	0
					1589.68798828125	359.4479370117188	0	1006.052429199219	719.4369506835938	0	1344.666748046875	410.4946899414062	0	1197.875244140625	403.560302734375	0
					745.0524291992188	457.8316955566406	0	1272.392578125	390.5741882324219	0	1031.215698242188	509.618896484375	0	1166.130249023438	478.36767578125	0
					1172.864013671875	479.9611511230469	0	482.3692016601562	446.1569213867188	0	845.0419311523438	456.2310485839844	0	1114.663330078125	456.3316040039062	0
					1164.967041015625	456.7599487304688	0	1019.752685546875	509.6237182617188	0	1051.128784179688	510.3173217773438	0	820.724365234375	454.7250671386719	0
					1082.016967773438	510.1595458984375	0	407.135986328125	384.9635620117188	0	1045.459838867188	456.7497253417969	0	1601.579345703125	476.9090270996094	0
					1114.5234375	510.4513854980469	0	279.7164306640625	369.5436401367188	0	1200.612182617188	479.6370239257812	0	1193.308471679688	478.7227783203125	0
					1577.608154296875	358.9490051269531	0	779.9647216796875	409.3907165527344	0	1095.101806640625	510.6005249023438	0	983.9017333984375	455.7409057617188	0
					1177.926879882812	403.4631958007812	0	982.49072265625	719.8720092773438	0	553.1257934570312	454.2743530273438	0	739.4660034179688	458.0978698730469	0
					1078.149780273438	456.3367614746094	0	487.5943298339844	350.440673828125	0	1401.678466796875	378.9274291992188	0	883.5658569335938	458.0339050292969	0
					1037.766357421875	509.8494567871094	0	442.0874938964844	418.8403015136719	0	733.0894775390625	457.7147216796875	0	1088.192626953125	720.0750732421875	0
					1039.19970703125	456.5308837890625	0	850.99462890625	719.3504638671875	0	1143.346069335938	375.3289794921875	0	1019.228698730469	456.3271179199219	0
					1044.417846679688	510.1460571289062	0	1265.8017578125	389.5726013183594	0	1189.783081054688	456.9929809570312	0	982.0252075195312	370.7834167480469	0
					311.8523864746094	390.0798034667969	0	519.2724609375	454.611572265625	0	441.1542053222656	349.992431640625	0	1108.521240234375	510.7708435058594	0
					1526.19873046875	478.2669372558594	0	916.4815673828125	455.7312622070312	0	912.3054809570312	719.8706665039062	0	886.6096801757812	719.879638671875	0
					1063.356201171875	456.0849304199219	0	1344.467163085938	378.8927307128906	0	384.466064453125	412.6220397949219	0	520.6256103515625	511.6217346191406	0
					1183.444580078125	403.7071228027344	0	771.2242431640625	445.8897094726562	0	1101.814697265625	510.7479858398438	0	1152.884765625	509.4949645996094	0
					392.418212890625	356.2577819824219	0	1158.844116210938	456.5982055664062	0	850.0089721679688	455.7851257324219	0	1179.342163085938	478.8969116210938	0
					1185.994506835938	480.0337829589844	0	1192.436401367188	403.7522277832031	0	1233.513793945312	798.7919921875	0	1565.50439453125	476.2134704589844	0
					1407.45849609375	366.8053894042969	0	1032.84375	363.3057250976562	0	683.5848999023438	458.2518005371094	0	877.6873779296875	455.264892578125	0
					1025.12841796875	509.5597534179688	0	925.5416259765625	719.7879638671875	0	1135.243041992188	480.3104553222656	0	1142.4775390625	478.9996337890625	0
					1062.651611328125	735.0309448242188	0	412.0806579589844	344.7497253417969	0	605.3062133789062	453.9813232421875	0	1590.519897460938	476.1796875	0
					904.9426879882812	456.2063903808594	0	1207.653198242188	455.80859375	0	1010.272094726562	509.1294860839844	0	1444.265502929688	361.1125183105469	0
					327.2932739257812	358.229736328125	0	1057.8134765625	510.2321166992188	0	1051.82275390625	456.7495727539062	0	994.8195190429688	719.8258056640625	0
					570.3629760742188	414.0904541015625	0	1149.95751953125	479.9881896972656	0	1157.179321289062	478.3482666015625	0	911.6063842773438	456.3657836914062	0
					1427.950561523438	498.0912170410156	0	1139.394775390625	508.8995971679688	0	970.4368896484375	719.7923583984375	0	1153.306884765625	456.3163146972656	0
					469.3847045898438	418.9767456054688	0	862.3744506835938	719.7770385742188	0	1024.576049804688	455.9957580566406	0	1357.7119140625	377.2048034667969	0
					507.627197265625	418.1479187011719	0	996.3231201171875	455.9326782226562	0	874.6485595703125	719.8594970703125	0	455.8844909667969	418.9889831542969	0
					690.2737426757812	458.0439453125	0	725.8480834960938	389.002197265625	0	899.1363525390625	719.884033203125	0	1090.4677734375	456.0677795410156	0
					1183.607788085938	457.0491638183594	0	1033.792358398438	456.0816345214844	0	472.7122192382812	502.1993103027344	0	1608.870849609375	462.9719848632812	0
					1623.193359375	459.0757446289062	0	1619.729736328125	474.3119506835938	0	1539.989624023438	515.3080444335938	0	1530.861206054688	516.8617553710938	0
					1554.081298828125	516.251220703125	0	1540.663818359375	475.9489135742188	0	1528.249755859375	470.0821228027344	0	1539.02978515625	459.7138366699219	0
					1553.779663085938	462.4010009765625	0	1569.321044921875	461.396728515625	0	1553.560424804688	471.79443359375	0	1512.739990234375	516.633544921875	0
					1625.812744140625	516.080810546875	0	1645.690795898438	456.5205078125	0	1631.265380859375	459.6583557128906	0	1648.547607421875	473.1135864257812	0
					1633.333984375	471.1508178710938	0	1663.925048828125	513.316650390625	0	1647.43896484375	513.5576171875	0	1637.143676757812	515.535888671875	0
					1659.39013671875	459.9259338378906	0	1034.055297851562	515.4237670898438	0	1262.027587890625	454.9404296875	0	1250.610717773438	459.3333129882812	0
					1204.248046875	366.6287231445312	0	1217.368530273438	367.1481323242188	0	1195.498046875	411.489990234375	0	1180.596557617188	411.437744140625	0
					1233.286010742188	367.3894653320312	0	808.748291015625	464.0018005371094	0	1104.692138671875	398.4842529296875	0	413.3642578125	337.7835693359375	0
					1205.536010742188	810.629150390625	0	1261.41162109375	396.3377685546875	0	1245.650146484375	396.4642028808594	0	1275.61767578125	398.200927734375	0
					1047.5556640625	395.5238037109375	0	1048.751586914062	492.8729858398438	0	1035.399536132812	495.7481384277344	0	1030.603149414062	492.1796569824219	0
					1022.571716308594	499.3307495117188	0	1011.176940917969	499.8352661132812	0	1016.175170898438	494.634033203125	0	1023.189392089844	478.6802978515625	0
					1014.909790039062	480.346435546875	0	1024.2890625	493.0601196289062	0	975.56103515625	480.6973571777344	0	982.0748291015625	491.328125	0
					1006.675048828125	478.767822265625	0	1008.95849609375	494.8522033691406	0	890.5765380859375	497.6931762695312	0	994.4021606445312	387.4363708496094	0
					953.0338134765625	445.810302734375	0	941.4033813476562	445.1509704589844	0	1048.44189453125	479.2964782714844	0	1041.766357421875	493.4310913085938	0
					1040.845092773438	480.4920959472656	0	1033.064453125	478.755859375	0	1048.885620117188	444.3202819824219	0	1035.13037109375	444.3600463867188	0
					1021.473815917969	445.9241638183594	0	928.757568359375	445.9406433105469	0	897.5726928710938	457.668701171875	0	912.969970703125	445.9559020996094	0
					902.805908203125	445.8348999023438	0	897.0404052734375	493.7574462890625	0	890.9664306640625	480.4405517578125	0	897.2999267578125	482.0943298339844	0
					912.81103515625	431.6116638183594	0	903.2322998046875	431.6283874511719	0	866.661376953125	431.6934814453125	0	875.310302734375	431.6572265625	0
					862.5978393554688	445.0677490234375	0	874.9248046875	445.7890014648438	0	883.8610229492188	493.8384704589844	0	876.9705810546875	497.7657165527344	0
					877.0177612304688	492.3460998535156	0	884.3248291015625	481.2503051757812	0	877.421875	479.8139343261719	0	870.2431030273438	481.2752380371094	0
					846.698486328125	445.8969116210938	0	950.9764404296875	431.8711547851562	0	987.5831909179688	386.3115539550781	0	967.3095703125	385.80615234375	0
					965.2684326171875	372.8486022949219	0	974.667724609375	371.9499206542969	0	981.43701171875	382.59716796875	0	928.543212890625	431.599609375	0
					709.94677734375	376.1731567382812	0	703.6532592773438	374.4827880859375	0	694.7360229492188	374.6303100585938	0	695.5599975585938	389.0841064453125	0
					679.4088134765625	376.7478942871094	0	645.373046875	402.63037109375	0	653.5894775390625	384.3845825195312	0	652.6871948242188	400.3331604003906	0
					765.44921875	411.2915954589844	0	751.4110107421875	412.4529418945312	0	790.6953735351562	459.407958984375	0	803.6002807617188	457.4638366699219	0
					796.8514404296875	445.5625610351562	0	1031.022216796875	431.527587890625	0	1021.85546875	431.5347290039062	0	965.285400390625	431.8701782226562	0
					967.0775146484375	445.6474609375	0	980.7824096679688	445.6529235839844	0	1098.192138671875	372.4078979492188	0	1095.725708007812	362.92578125	0
					1113.56298828125	362.3421630859375	0	1104.212158203125	361.3623046875	0	1111.77294921875	373.902587890625	0	1063.445434570312	492.6926879882812	0
					1071.25048828125	492.8013305664062	0	1072.757446289062	478.4314575195312	0	1063.272216796875	478.5966796875	0	1080.389404296875	479.9960021972656	0
					1079.232666015625	492.7676696777344	0	1120.769409179688	480.3947448730469	0	1113.531982421875	479.153076171875	0	1088.33349609375	478.3983154296875	0
					1356.76513671875	431.2697143554688	0	1342.4833984375	431.783203125	0	1340.996704101562	444.433349609375	0	1353.972534179688	444.3465576171875	0
					1374.971435546875	476.5899658203125	0	1368.363037109375	472.802001953125	0	1380.987548828125	446.1614990234375	0	1393.854370117188	444.500244140625	0
					1393.110717773438	432.5870666503906	0	1382.187377929688	431.465087890625	0	1401.068725585938	399.4088439941406	0	1407.291015625	400.859375	0
					1415.89208984375	400.9989929199219	0	1414.196899414062	386.5319519042969	0	1408.583740234375	431.5489196777344	0	1406.869506835938	375.3046264648438	0
					1420.57080078125	382.8138427734375	0	1427.581420898438	385.7298889160156	0	1433.057495117188	379.2788391113281	0	1435.5009765625	362.740966796875	0
					1440.3544921875	375.8017272949219	0	1425.2080078125	398.8941345214844	0	1328.71826171875	444.4314880371094	0	1359.241088867188	489.2209167480469	0
					1362.00341796875	493.4863891601562	0	1365.470092773438	489.3908386230469	0	1361.099365234375	477.3090209960938	0	1348.6513671875	473.7288513183594	0
					1342.138916015625	478.2266540527344	0	1322.04150390625	494.1259765625	0	1321.884155273438	473.2459411621094	0	1335.388916015625	473.3932495117188	0
					1315.09130859375	490.4277038574219	0	1349.98291015625	402.6590576171875	0	1343.4755859375	401.4213562011719	0	1326.442016601562	431.8018188476562	0
					1168.13525390625	444.3678588867188	0	1155.491455078125	444.3812866210938	0	1206.480102539062	445.9140625	0	1194.162841796875	445.8612670898438	0
					1193.203369140625	431.3916015625	0	1180.745971679688	444.4147338867188	0	1183.6220703125	431.447021484375	0	1207.463134765625	477.8466186523438	0
					1211.0712890625	512.2049560546875	0	1195.174072265625	491.5586547851562	0	1202.53125	492.5274963378906	0	1204.146362304688	510.1511840820312	0
					1209.979248046875	497.2739562988281	0	1197.26220703125	497.7803955078125	0	1230.441650390625	509.4843139648438	0	1223.289428710938	497.4205322265625	0
					1229.020874023438	493.43505859375	0	1236.209838867188	508.7727966308594	0	1216.412963867188	492.3235473632812	0	1215.742065429688	477.7752380371094	0
					1228.24169921875	474.5476989746094	0	1235.196655273438	479.0739135742188	0	1209.221069335938	490.6790161132812	0	1314.987548828125	478.0972595214844	0
					1353.795043945312	488.7689514160156	0	1348.372314453125	490.8491821289062	0	1334.615478515625	490.5589904785156	0	1308.05712890625	473.1264038085938	0
					1293.137084960938	508.2257080078125	0	1299.554321289062	498.1976928710938	0	1307.796508789062	495.556884765625	0	1309.535522460938	508.448974609375	0
					1315.729736328125	498.35302734375	0	1286.969970703125	498.4703979492188	0	1292.943115234375	493.1316223144531	0	1294.702392578125	474.0623779296875	0
					1281.267700195312	474.2392272949219	0	1288.17578125	478.7699890136719	0	1315.6357421875	444.4493408203125	0	1301.780151367188	445.221435546875	0
					1286.840209960938	445.5983276367188	0	1285.926025390625	491.5152282714844	0	1123.3896484375	375.3839416503906	0	1119.9306640625	365.2208251953125	0
					1117.441772460938	373.1548461914062	0	1104.237548828125	374.9832153320312	0	1092.802001953125	373.3412780761719	0	1094.6005859375	492.7665710449219	0
					1089.961669921875	498.5155944824219	0	1074.45361328125	499.3763427734375	0	1087.152709960938	492.6220703125	0	1045.462768554688	498.8349304199219	0
					1059.22705078125	498.5521850585938	0	1113.150512695312	492.5072937011719	0	1116.346435546875	498.4393920898438	0	1103.0205078125	498.6631469726562	0
					1106.14599609375	492.7109985351562	0	1126.733642578125	509.9485473632812	0	1055.966796875	492.7111206054688	0	1055.826171875	480.4051208496094	0
					1127.406616210938	445.0435180664062	0	1142.797241210938	445.0501403808594	0	1072.913330078125	431.708984375	0	1061.8515625	432.8157043457031	0
					1075.070434570312	445.7945251464844	0	1061.918090820312	444.365966796875	0	1104.372680664062	390.1075134277344	0	1534.900268554688	509.9999694824219	0
					1547.311889648438	511.4273376464844	0	1541.072265625	507.361572265625	0	1606.301147460938	445.1314086914062	0	1620.431884765625	445.9690551757812	0
					1554.455078125	444.5367126464844	0	1566.216796875	445.1216735839844	0	1539.921142578125	496.3372497558594	0	1533.210205078125	476.5438232421875	0
					1547.78466796875	476.7676696777344	0	1528.09228515625	507.9771118164062	0	1515.476806640625	497.2972106933594	0	1514.879516601562	508.8182067871094	0
					1623.354248046875	507.3355102539062	0	1663.787109375	430.6664428710938	0	1662.093505859375	445.8101501464844	0	1662.5869140625	506.5472106933594	0
					1668.59716796875	506.7052307128906	0	1635.698120117188	506.7185668945312	0	1655.42919921875	508.6641540527344	0	1656.781982421875	495.0941772460938	0
					1641.000732421875	496.7421569824219	0	1641.723876953125	508.827880859375	0	1647.302490234375	506.2171630859375	0	1663.370483398438	496.50830078125	0
					1648.406860351562	493.4414978027344	0	1634.611328125	492.3953247070312	0	1217.962768554688	400.1236267089844	0	1224.123413085938	397.8178405761719	0
					1263.630859375	431.3336791992188	0	1209.453002929688	431.3694458007812	0	1262.574829101562	446.7927856445312	0	1275.113159179688	445.836181640625	0
					1274.02783203125	431.3645935058594	0	1289.916259765625	432.6776733398438	0	1220.3623046875	431.3594970703125	0	1237.722534179688	431.3460083007812	0
					1247.738159179688	431.3374938964844	0	1236.553955078125	444.9734497070312	0	1247.945190429688	445.0025329589844	0	1220.714599609375	446.08642578125	0
					1211.387084960938	388.9521179199219	0	1191.79248046875	366.0724487304688	0	1180.578125	365.2268676757812	0	1210.9677734375	381.5407104492188	0
					1205.02734375	387.6268005371094	0	1197.399658203125	381.3707580566406	0	1182.781860351562	378.3900451660156	0	1188.802978515625	386.8909912109375	0
					1222.487060546875	381.2006225585938	0	1217.175170898438	386.3839721679688	0	1223.300659179688	386.8167724609375	0	1193.099853515625	393.2755126953125	0
					1203.010620117188	401.5077514648438	0	1209.7890625	400.7088928222656	0	1182.041259765625	392.429443359375	0	1197.747802734375	390.4351501464844	0
					1240.777954101562	371.834228515625	0	795.259521484375	398.1998291015625	0	850.720947265625	432.9112854003906	0	812.945068359375	431.9779663085938	0
					797.0386962890625	431.9909057617188	0	809.7097778320312	456.2173461914062	0	836.8756713867188	445.8019409179688	0	822.6043090820312	446.544677734375	0
					810.91552734375	445.7820434570312	0	443.9152221679688	402.6410522460938	0	423.0658874511719	402.0070495605469	0	421.6181640625	413.7633972167969	0
					428.3294372558594	415.1695251464844	0	416.9189453125	401.6910095214844	0	414.5343017578125	414.5840759277344	0	388.5260009765625	365.4205932617188	0
					1004.249694824219	785.6063232421875	0	1019.077575683594	781.5894775390625	0	1046.636352539062	765.73193359375	0	1040.069702148438	765.4694213867188	0
					1025.31298828125	766.0597534179688	0	1028.96728515625	759.7108764648438	0	1081.062866210938	782.3541870117188	0	1059.325439453125	766.0651245117188	0
					1049.15185546875	742.1244506835938	0	1141.542236328125	810.1080932617188	0	1432.958251953125	431.1893920898438	0	1423.4990234375	431.2074584960938	0
					1447.673828125	431.1766357421875	0	1009.21826171875	364.5479736328125	0	1087.427368164062	360.6553955078125	0	1079.418334960938	361.1349792480469	0
					1045.427001953125	431.8331298828125	0	1000.898498535156	385.2046508789062	0	992.8502197265625	381.3922424316406	0	1005.174194335938	379.3641052246094	0
					1473.5126953125	431.1566772460938	0	1457.336669921875	431.1682739257812	0	1483.59423828125	431.1544799804688	0	1474.895385742188	445.896240234375	0
					1459.915161132812	445.0980529785156	0	1517.6611328125	400.0540161132812	0	1521.03955078125	388.7992553710938	0	1523.875244140625	399.3283386230469	0
					1049.390991210938	755.6290893554688	0	1056.170532226562	759.752685546875	0	1062.9755859375	755.5726928710938	0	1043.968994140625	760.12255859375	0
					1032.60009765625	753.4168701171875	0	1036.627685546875	759.542724609375	0	1062.92529296875	761.6227416992188	0	414.0292358398438	432.0228881835938	0
					781.7350463867188	390.5972595214844	0	788.0463256835938	389.6753845214844	0	774.8079833984375	389.2880859375	0	1628.473388671875	496.5717163085938	0
					1630.21142578125	509.5651550292969	0	1634.984741210938	446.001220703125	0	1648.896850585938	446.0033569335938	0	1649.37109375	431.3095092773438	0
					1522.171997070312	495.2775268554688	0	1527.110595703125	489.6691284179688	0	1534.278564453125	491.5540161132812	0	1581.248168945312	446.7952575683594	0
					1596.190185546875	445.1558227539062	0	1101.511840820312	444.3828125	0	1087.56884765625	445.8003845214844	0	1114.947875976562	444.3660583496094	0
					1097.878662109375	431.506591796875	0	1114.550659179688	432.7296447753906	0	1088.4013671875	431.4840698242188	0	1302.464477539062	432.4275512695312	0
					1311.713989257812	431.4996032714844	0	1152.2451171875	431.7577514648438	0	1168.002807617188	432.9924926757812	0	1365.916381835938	446.0126342773438	0
					1366.016357421875	431.2529296875	0	1105.863525390625	480.208984375	0	1098.12353515625	478.4990844726562	0	994.0997314453125	445.7685241699219	0
					1008.16552734375	444.6802673339844	0	1007.48583984375	431.82666015625	0	888.4541015625	446.417724609375	0	996.8683471679688	478.8778991699219	0
					1002.824829101562	493.3587341308594	0	989.4112548828125	480.6575622558594	0	987.9501342773438	492.2736511230469	0	997.465576171875	498.8235778808594	0
					515.7435913085938	445.571533203125	0	529.47607421875	445.6026000976562	0	515.7467041015625	431.6520385742188	0	530.6807861328125	431.9109802246094	0
					502.8461303710938	433.8861694335938	0	503.3303833007812	444.9108276367188	0	512.2593383789062	457.5908813476562	0	579.1947631835938	389.5413208007812	0
					573.4150390625	388.9469604492188	0	559.883056640625	389.7855834960938	0	566.4029541015625	389.3551635742188	0	436.6354370117188	414.5820922851562	0
					449.5813598632812	433.9186401367188	0	462.2911071777344	433.7589111328125	0	364.7255859375	445.2665405273438	0	356.4024353027344	432.6935424804688	0
					555.2615966796875	494.961669921875	0	567.8525390625	501.67041015625	0	554.308349609375	501.7095336914062	0	582.4652099609375	501.6029052734375	0
					582.5174560546875	494.8165283203125	0	996.0015869140625	754.58544921875	0	990.7555541992188	759.0053100585938	0	983.3742065429688	756.18994140625	0
					1001.577331542969	757.6396484375	0	1007.368347167969	754.6815185546875	0	1006.42431640625	760.6890869140625	0	985.0892333984375	764.389404296875	0
					993.625	766.631591796875	0	987.1685791015625	772.166748046875	0	979.4381103515625	770.353759765625	0	993.8251342773438	774.8914794921875	0
					1000.43408203125	771.5556030273438	0	1008.4716796875	767.6551513671875	0	969.404052734375	734.8905639648438	0	1019.543762207031	735.8217163085938	0
					913.9267578125	734.8434448242188	0	675.9208374023438	456.3699645996094	0	678.1813354492188	432.010009765625	0	688.8175659179688	431.82861328125	0
					659.867431640625	432.0235595703125	0	730.6683959960938	431.9701538085938	0	682.7825927734375	496.5743103027344	0	660.8661499023438	494.6159362792969	0
					689.2261962890625	493.5643310546875	0	768.0845336914062	493.1426696777344	0	890.0262451171875	754.3287353515625	0	875.807373046875	752.4573364257812	0
					881.7122192382812	759.3412475585938	0	873.8561401367188	759.8204956054688	0	568.8766479492188	445.6468200683594	0	582.0952758789062	445.4415893554688	0
					577.0814208984375	455.6326293945312	0	565.7410278320312	457.0400390625	0	581.53662109375	432.1607666015625	0	567.2664794921875	431.9005126953125	0
					625.7555541992188	431.8537292480469	0	621.5414428710938	444.7643432617188	0	948.44775390625	757.41015625	0	942.359130859375	765.71630859375	0
					953.926025390625	765.8289794921875	0	942.60107421875	754.6778564453125	0	954.4013061523438	754.8016967773438	0	952.9903564453125	760.3274536132812	0
					936.942138671875	760.1217041015625	0	929.1129760742188	755.91796875	0	928.8383178710938	771.6287841796875	0	934.7055053710938	775.863037109375	0
					929.297119140625	764.0333862304688	0	941.5404052734375	772.924072265625	0	943.7238159179688	760.21630859375	0	969.2260131835938	787.0424194335938	0
					1129.893188476562	786.1865234375	0	1103.332397460938	756.0253295898438	0	1109.36767578125	758.986328125	0	1115.096069335938	754.3588256835938	0
					1099.022583007812	761.11572265625	0	1102.281494140625	768.1288452148438	0	1129.176025390625	733.4913940429688	0	1218.951049804688	800.676513671875	0
					1222.59765625	809.56396484375	0	1147.761596679688	758.3700561523438	0	1154.34228515625	754.626708984375	0	1142.765502929688	753.566162109375	0
					1153.557861328125	769.828125	0	1140.507202148438	769.4628295898438	0	1147.360595703125	774.8119506835938	0	1140.265258789062	761.080810546875	0
					1154.656982421875	776.1941528320312	0	1160.081665039062	760.3929443359375	0	1160.003295898438	772.8839721679688	0	1165.745483398438	767.0353393554688	0
					1166.866943359375	758.2599487304688	0	342.24853515625	384.991455078125	0	1635.744995117188	380.3964233398438	0	1625.840698242188	385.3951416015625	0
					1639.125366210938	385.9257202148438	0	1528.881225585938	431.160888671875	0	1537.59228515625	431.1218872070312	0	1529.7216796875	446.095458984375	0
					1541.552734375	444.421142578125	0	1511.878784179688	432.4961242675781	0	1515.69091796875	445.9677124023438	0	1414.708862304688	492.8395385742188	0
					1416.152099609375	508.8704223632812	0	1475.56591796875	488.6258544921875	0	1481.169677734375	492.6175231933594	0	1467.684204101562	490.8672485351562	0
					1464.537475585938	497.5478515625	0	1484.189208984375	497.99658203125	0	1579.385986328125	379.0180053710938	0	1572.966430664062	373.9840698242188	0
					1567.832763671875	379.693359375	0	1588.723876953125	386.0949401855469	0	1591.471801757812	379.3060302734375	0	1594.718017578125	386.010986328125	0
					1585.732299804688	398.117919921875	0	303.0414428710938	392.8118896484375	0	309.2968139648438	402.2864074707031	0	303.0016784667969	380.1657409667969	0
					297.3359069824219	369.8834533691406	0	289.3125915527344	380.0823059082031	0	622.952880859375	501.4069519042969	0	636.1280517578125	494.4715270996094	0
					735.493408203125	495.93603515625	0	728.9466552734375	498.9058532714844	0	722.0729370117188	494.9707641601562	0	518.2626953125	401.3329467773438	0
					511.1302185058594	401.5501403808594	0	1376.093017578125	493.8033142089844	0	1381.668701171875	497.5631713867188	0	1378.345092773438	488.8213806152344	0
					1372.186401367188	489.3643798828125	0	1383.598388671875	488.6278076171875	0	1381.16552734375	492.39111328125	0	1368.539794921875	495.3367919921875	0
					842.076171875	481.8974609375	0	841.9881591796875	494.0975646972656	0	835.2692260742188	480.8086853027344	0	828.6595458984375	494.1807861328125	0
					835.2174072265625	497.9893493652344	0	848.713134765625	497.9166259765625	0	822.3346557617188	498.0590209960938	0	955.4544067382812	386.5605163574219	0
					929.4775390625	378.4974975585938	0	727.3820190429688	378.0607299804688	0	721.3324584960938	378.2786560058594	0	730.4594116210938	391.4212341308594	0
					721.3439331054688	397.565185546875	0	715.5328979492188	396.3568115234375	0	720.0103759765625	390.2676696777344	0	729.8692016601562	397.8614807128906	0
					1146.954467773438	496.1404113769531	0	1146.527221679688	510.16015625	0	1139.90576171875	498.027099609375	0	1358.053466796875	387.9759216308594	0
					1363.008178710938	388.8570861816406	0	1366.435546875	392.6841430664062	0	1360.814086914062	403.8487243652344	0	1354.86328125	392.8657836914062	0
					1366.763793945312	403.4058532714844	0	1379.1611328125	388.1162109375	0	1253.531982421875	495.8698120117188	0	1273.970458984375	490.4843139648438	0
					1266.2197265625	493.2888488769531	0	1260.669311523438	498.5744323730469	0	1267.555419921875	508.2760925292969	0	1272.683715820312	498.3545532226562	0
					1148.023071289062	385.6395263671875	0	1159.915405273438	399.1070251464844	0	1142.683959960938	386.2842712402344	0	1159.427001953125	387.2450866699219	0
					1153.43212890625	382.3338623046875	0	1588.46435546875	495.6387329101562	0	1581.19482421875	492.4343872070312	0	1574.722412109375	497.1073608398438	0
					1568.760620117188	494.392333984375	0	1574.98095703125	511.7625122070312	0	1263.507202148438	374.2997436523438	0	1256.106811523438	373.1363220214844	0
					411.0494995117188	401.333984375	0	1483.270385742188	386.6549987792969	0	1472.33935546875	376.5903015136719	0	1488.711181640625	382.2784729003906	0
					1489.225952148438	388.4169616699219	0	1465.622436523438	385.481201171875	0	1465.345703125	374.0586853027344	0	1460.389282226562	378.9665222167969	0
					1489.808349609375	398.6548461914062	0	1457.949462890625	385.7084350585938	0	1051.010864257812	379.0977783203125	0	623.1913452148438	412.6926879882812	0
					633.0810546875	383.87646484375	0	1057.916381835938	380.12451171875	0	1054.476928710938	392.8138732910156	0	1040.052001953125	395.2471618652344	0
					1044.508666992188	381.5441589355469	0	1467.60888671875	379.9524841308594	0	1480.094970703125	379.5699157714844	0	1467.140380859375	805.5220336914062	0
					1479.35498046875	806.5536499023438	0	843.2763671875	598.8595581054688	0	832.2199096679688	606.7052612304688	0	827.4837646484375	597.7496337890625	0
					403.4296264648438	380.1802673339844	0	841.7888793945312	374.0403137207031	0	840.7332763671875	389.3110656738281	0	1268.651733398438	395.9026794433594	0
					1253.672485351562	394.4548034667969	0	1046.162109375	606.2694702148438	0	1040.852294921875	598.0263671875	0	1056.560180664062	596.4299926757812	0
					1580.593627929688	605.5115356445312	0	1590.435913085938	606.7555541992188	0	1573.621215820312	488.7579650878906	0	1587.727905273438	487.9099731445312	0
					721.1473999023438	283.140380859375	0	717.7045288085938	273.6615905761719	0	735.0189819335938	286.185302734375	0	729.1123046875	274.9881286621094	0
					1158.999389648438	378.3340759277344	0	1147.991943359375	378.4913330078125	0	1363.572509765625	379.5980224609375	0	1372.766967773438	378.4654235839844	0
					1373.222534179688	391.4342956542969	0	1360.744873046875	392.9947204589844	0	1272.339721679688	272.7509155273438	0	1255.441772460938	276.0635375976562	0
					1269.393310546875	287.8324890136719	0	1255.40185546875	292.28857421875	0	1143.935302734375	288.6001892089844	0	1162.265991210938	280.0870361328125	0
					733.6481323242188	379.6067810058594	0	725.5623779296875	394.9099731445312	0	937.1547241210938	378.573486328125	0	935.8621215820312	398.9673767089844	0
					948.8609619140625	396.5416870117188	0	828.816162109375	500.966552734375	0	841.6024169921875	500.905517578125	0	848.2008666992188	288.4873962402344	0
					833.3076171875	284.6802368164062	0	626.0206298828125	284.0412902832031	0	1374.666015625	499.3427124023438	0	1267.862060546875	714.4208984375	0
					1575.661987304688	700.6597900390625	0	1585.732177734375	697.6990966796875	0	525.9361572265625	379.5735473632812	0	404.2941284179688	288.6210327148438	0
					417.8067016601562	286.2032470703125	0	511.2138671875	498.7105102539062	0	524.738525390625	484.10986328125	0	732.2584228515625	597.64892578125	0
					717.049072265625	601.2401123046875	0	842.3726806640625	695.7603149414062	0	826.2888793945312	700.7413940429688	0	721.8099975585938	501.563720703125	0
					735.3486328125	501.7581481933594	0	524.67529296875	276.50732421875	0	510.7708435058594	272.54248046875	0	1463.988891601562	923.1053466796875	0
					1464.123657226562	913.2984619140625	0	1475.799194335938	925.9942626953125	0	1475.763916015625	913.8186645507812	0	1147.043701171875	916.1505737304688	0
					1159.259643554688	920.2633666992188	0	1165.03466796875	926.5648803710938	0	615.989501953125	480.0072631835938	0	616.0216064453125	498.0211791992188	0
					1486.175048828125	711.7379760742188	0	296.2473754882812	380.4980163574219	0	1469.663452148438	282.7257080078125	0	1480.294189453125	280.7891845703125	0
					1585.568359375	380.8509216308594	0	1573.366088867188	381.1388549804688	0	1481.277709960938	487.4530334472656	0	1522.634155273438	445.9716796875	0
					1521.182861328125	433.0549011230469	0	1536.074829101562	446.8202209472656	0	1433.490478515625	330.1668090820312	0	1423.12890625	333.1805419921875	0
					1588.490234375	325.4854736328125	0	1576.981567382812	327.5443420410156	0	1630.417358398438	396.9795532226562	0	1642.178466796875	380.62158203125	0
					1628.822509765625	380.0319213867188	0	1538.284912109375	279.5305786132812	0	1521.01806640625	281.7384643554688	0	1474.698608398438	325.9224243164062	0
					1473.541137695312	239.0324401855469	0	1468.477416992188	223.9781341552734	0	1482.897338867188	227.8545989990234	0	1487.0498046875	237.9247589111328	0
					1433.68359375	286.6322631835938	0	1418.592529296875	284.9650268554688	0	1516.505126953125	324.2452392578125	0	1530.643798828125	324.3739013671875	0
					1527.537719726562	763.1392822265625	0	1513.118896484375	750.9552001953125	0	1161.361328125	753.3041381835938	0	1158.593505859375	766.5410766601562	0
					1147.162719726562	766.0091552734375	0	1148.503051757812	752.3717041015625	0	1201.3701171875	819.775390625	0	1215.11767578125	819.6449584960938	0
					1213.21826171875	806.38525390625	0	1109.4267578125	766.0831909179688	0	1095.857421875	766.1376342773438	0	1095.998291015625	753.6079711914062	0
					1108.110595703125	752.8825073242188	0	935.6256103515625	768.373291015625	0	935.7975463867188	751.9574584960938	0	948.5653076171875	751.339599609375	0
					948.2689819335938	763.1558837890625	0	992.1200561523438	858.7520751953125	0	978.0870361328125	855.7119140625	0	615.5988159179688	446.5474243164062	0
					618.0993041992188	433.4289245605469	0	613.8194580078125	539.0946655273438	0	574.6701049804688	433.4573364257812	0	563.2589721679688	446.7012329101562	0
					575.5558471679688	445.46875	0	897.0892944335938	752.2301635742188	0	883.0090942382812	751.9702758789062	0	1307.645385742188	770.5758666992188	0
					1322.00390625	769.3546142578125	0	1312.011108398438	756.2696533203125	0	1427.22265625	861.569091796875	0	1419.896484375	873.9364013671875	0
					1414.274658203125	862.3455200195312	0	1197.043334960938	915.3778076171875	0	1154.455444335938	860.49609375	0	1157.094116210938	873.163330078125	0
					1199.015258789062	859.869384765625	0	1215.122924804688	869.2080078125	0	1203.448364257812	878.7152099609375	0	1095.14208984375	872.9310913085938	0
					1467.611328125	869.694091796875	0	1461.948608398438	855.285888671875	0	1479.974365234375	855.0568237304688	0	452.5099487304688	222.4139862060547	0
					465.5974731445312	223.1557464599609	0	472.377197265625	234.8596801757812	0	457.3646545410156	237.0064392089844	0	579.4646606445312	225.0168914794922	0
					576.840576171875	236.5130462646484	0	562.7758178710938	242.6293182373047	0	564.5046997070312	225.9866333007812	0	571.0090942382812	327.38330078125	0
					578.0343017578125	339.1669616699219	0	564.5406494140625	340.8920288085938	0	557.1635131835938	327.9671325683594	0	470.1908264160156	341.074951171875	0
					454.5940551757812	341.5311279296875	0	462.3549194335938	326.6127014160156	0	478.272705078125	326.17626953125	0	722.7745361328125	434.52294921875	0
					669.011962890625	434.552001953125	0	669.0857543945312	445.4810485839844	0	879.3143920898438	701.63232421875	0	788.8029174804688	656.3576049804688	0
					776.483642578125	666.6641845703125	0	784.6774291992188	595.545654296875	0	735.1380615234375	544.0091552734375	0	719.2575073242188	537.5321044921875	0
					734.3167724609375	658.5009765625	0	789.4150390625	543.6100463867188	0	940.05908203125	665.46923828125	0	950.7310791015625	662.0407104492188	0
					944.1077880859375	650.80322265625	0	986.6510009765625	691.806396484375	0	998.8203125	697.7293701171875	0	1001.223876953125	764.0880737304688	0
					1001.644287109375	751.4242553710938	0	989.6312866210938	751.882568359375	0	575.4315185546875	498.2481689453125	0	561.4609375	498.3163452148438	0
					563.1002197265625	480.9503479003906	0	576.1732788085938	484.1907348632812	0	346.1302185058594	345.7415161132812	0	422.8661499023438	245.81689453125	0
					410.2878112792969	241.9032287597656	0	420.2546997070312	231.9214324951172	0	404.3262023925781	225.6371002197266	0	403.9312744140625	329.5812072753906	0
					406.4557495117188	342.07470703125	0	417.4837341308594	327.4285888671875	0	364.6247253417969	433.6700134277344	0	455.9409790039062	429.4823913574219	0
					470.530029296875	446.2591247558594	0	509.997802734375	446.3703308105469	0	508.5790100097656	430.3158874511719	0	522.8821411132812	433.37548828125	0
					522.4603271484375	445.4634704589844	0	459.4342041015625	381.6876220703125	0	469.9883728027344	381.3983764648438	0	1620.396728515625	695.092041015625	0
					1638.375854492188	696.8643798828125	0	1595.685302734375	646.3671875	0	1579.312744140625	645.6071166992188	0	1523.876708984375	697.880126953125	0
					1538.842041015625	698.3311767578125	0	1573.985961914062	752.8756713867188	0	1159.411499023438	653.0820922851562	0	1148.612426757812	647.2232666015625	0
					1150.490356445312	663.0219116210938	0	1163.820678710938	666.460205078125	0	1092.111328125	698.618896484375	0	1107.805908203125	699.1311645507812	0
					1413.394775390625	698.3681030273438	0	1429.568725585938	706.71875	0	1429.170288085938	720.09228515625	0	1415.427124023438	717.9049072265625	0
					1361.647827148438	759.6182861328125	0	1373.328125	749.8984375	0	1374.740966796875	765.9219970703125	0	1267.017578125	767.4918823242188	0
					1252.998291015625	745.4879150390625	0	1253.406982421875	759.6094970703125	0	1321.445068359375	700.8785400390625	0	1309.567993164062	706.627685546875	0
					1310.420776367188	718.5536499023438	0	1308.811279296875	528.11328125	0	1322.664306640625	546.4768676757812	0	1320.161987304688	532.5331420898438	0
					1313.662353515625	660.2467041015625	0	1326.257690429688	660.8043823242188	0	1322.1962890625	647.6243286132812	0	1362.118408203125	658.8377685546875	0
					1376.165771484375	650.9259033203125	0	1374.76806640625	636.576416015625	0	1362.810424804688	643.8125610351562	0	1212.692260742188	652.11474609375	0
					1219.900390625	665.5731201171875	0	1205.656860351562	665.8255615234375	0	1198.421020507812	653.1766357421875	0	1361.922241210938	560.8829345703125	0
					1426.55029296875	549.4555053710938	0	1425.085205078125	537.3578491210938	0	1414.726928710938	543.23583984375	0	1416.119750976562	556.2670288085938	0
					1432.737670898438	638.5485229492188	0	1428.622314453125	654.5468139648438	0	1418.66259765625	641.5487060546875	0	1651.1953125	324.8463745117188	0
					1641.765869140625	869.6995849609375	0	1641.477905273438	926.9765625	0	1641.965576171875	917.344970703125	0	1591.635498046875	867.7713623046875	0
					1580.34912109375	873.018798828125	0	1582.22509765625	861.7118530273438	0	663.9518432617188	337.1462097167969	0	666.6600341796875	326.0691833496094	0
					676.8291015625	336.3505554199219	0	678.3067626953125	323.5017700195312	0	671.4174194335938	236.1818695068359	0	667.730224609375	222.7378997802734	0
					684.6773681640625	225.6197052001953	0	686.0306396484375	242.7469177246094	0	620.4819946289062	329.8228149414062	0	636.5074462890625	330.2293090820312	0
					684.7026977539062	290.01416015625	0	684.767822265625	277.7601928710938	0	670.7380981445312	285.0527038574219	0	612.02734375	237.4164123535156	0
					617.0509643554688	223.9578094482422	0	631.856201171875	221.8399047851562	0	627.7677612304688	235.1617889404297	0	1646.029907226562	219.5794677734375	0
					1643.093383789062	233.2713928222656	0	1627.541015625	233.2936096191406	0	1631.61865234375	219.9000244140625	0	948.3857421875	534.2018432617188	0
					934.0112915039062	536.6444091796875	0	932.5890502929688	551.482421875	0	943.7037353515625	548.2469482421875	0	1004.684692382812	499.3199157714844	0
					989.7658081054688	498.2924194335938	0	882.2667236328125	433.25341796875	0	881.255859375	445.7644653320312	0	998.49462890625	551.2924194335938	0
					997.5977783203125	536.7433471679688	0	985.649658203125	543.6006469726562	0	985.3151245117188	560.3915405273438	0	1001.812744140625	446.3145446777344	0
					986.64306640625	433.2466735839844	0	987.279296875	445.6720581054688	0	887.54150390625	553.0226440429688	0	898.1251831054688	545.219970703125	0
					884.712646484375	538.9555053710938	0	1169.369140625	219.3906860351562	0	1156.652954101562	221.5059509277344	0	1151.481689453125	234.3063812255859	0
					1165.890502929688	231.6833953857422	0	1103.41162109375	289.4350280761719	0	1089.3388671875	289.2565307617188	0	1217.225952148438	228.4934997558594	0
					1205.959228515625	238.4451904296875	0	1098.253662109375	240.7432250976562	0	1097.219970703125	224.5976257324219	0	1110.7568359375	230.6478271484375	0
					1111.273315429688	242.9081878662109	0	1084.208374023438	327.1318054199219	0	1098.784912109375	328.1630554199219	0	1162.031005859375	557.3441162109375	0
					1165.28857421875	544.2479248046875	0	1267.080444335938	233.4616394042969	0	1269.03466796875	220.2293090820312	0	1253.664428710938	237.0823669433594	0
					1256.281005859375	223.6476898193359	0	1216.2080078125	295.16162109375	0	1214.562255859375	277.2035217285156	0	1314.355224609375	276.3041381835938	0
					1311.89208984375	290.4385681152344	0	1322.0009765625	285.16650390625	0	1328.588134765625	275.5841979980469	0	1359.676513671875	446.711669921875	0
					1373.928344726562	432.9170837402344	0	1373.257568359375	445.9360046386719	0	1357.541748046875	331.5390319824219	0	1251.5126953125	536.7158203125	0
					1258.1669921875	552.24267578125	0	1268.93212890625	535.9835205078125	0	1109.265380859375	379.590087890625	0	1097.322021484375	378.9013977050781	0
					1111.671875	393.758544921875	0	1097.518798828125	394.5304870605469	0	1159.73779296875	433.3962097167969	0	1148.767333984375	447.2405700683594	0
					1144.32763671875	433.0889587402344	0	1162.603271484375	341.57080078125	0	1312.090942382812	328.2097473144531	0	1095.9189453125	555.919677734375	0
					1092.460205078125	540.18408203125	0	1106.600463867188	542.5082397460938	0	1110.490600585938	557.412353515625	0	1105.689819335938	433.3119201660156	0
					1108.3232421875	447.1050415039062	0	1094.870239257812	447.3372192382812	0	1102.494018554688	666.424560546875	0	1099.91064453125	652.347412109375	0
					1110.271850585938	656.5104370117188	0	1114.78857421875	667.297119140625	0	1004.066101074219	652.6331787109375	0	996.0304565429688	665.2977294921875	0
					991.6390380859375	650.5421142578125	0	1002.517028808594	231.0457763671875	0	1000.140808105469	242.1895599365234	0	990.5822143554688	222.0780334472656	0
					989.2574462890625	235.8542785644531	0	938.6756591796875	236.2606506347656	0	951.390869140625	231.7649993896484	0	952.2804565429688	220.4302673339844	0
					942.4026489257812	225.2830047607422	0	989.5664672851562	279.7140808105469	0	1005.273803710938	277.0869750976562	0	737.3524169921875	221.883544921875	0
					726.980224609375	230.2036590576172	0	1369.91015625	226.3443298339844	0	1358.254028320312	225.4118499755859	0	1360.992431640625	237.4778747558594	0
					1374.401733398438	237.8464813232422	0	1425.889038085938	230.8576354980469	0	1426.343505859375	241.5191192626953	0	1415.433471679688	239.2684173583984	0
					1411.442260742188	226.4896240234375	0	1521.295654296875	241.5114135742188	0	1520.862060546875	226.0257720947266	0	1537.476806640625	223.1883392333984	0
					1578.258666992188	224.0192565917969	0	1588.0771484375	239.0430603027344	0	1527.365600585938	553.1522216796875	0	1521.193237304688	542.7130126953125	0
					1539.971069335938	553.0638427734375	0	1532.69091796875	540.6417236328125	0	1589.677490234375	445.9773864746094	0	1572.808349609375	445.9645385742188	0
					1521.724975585938	488.3534851074219	0	1642.045776367188	432.8129577636719	0	1627.860717773438	445.9940185546875	0	1642.034912109375	446.0047302246094	0
					1576.6240234375	540.996337890625	0	1639.24609375	553.8134155273438	0	1643.578369140625	540.6507568359375	0	1629.275146484375	544.8124389648438	0
					1628.12353515625	488.1574096679688	0	837.8623046875	226.1021423339844	0	1060.722534179688	225.3615264892578	0	1053.736206054688	237.7422027587891	0
					1046.628662109375	221.4883575439453	0	1039.724365234375	233.3677215576172	0	1040.151611328125	537.9708251953125	0	1058.179565429688	663.5033569335938	0
					987.0133056640625	600.3150634765625	0	1328.433349609375	395.5196533203125	0	1254.387084960938	326.0848388671875	0	1266.736450195312	328.0603332519531	0
					776.5640869140625	394.3363037109375	0	780.6737060546875	377.9066162109375	0	788.3563842773438	378.6617736816406	0	829.0997924804688	431.6797790527344	0
					832.5119018554688	343.2424926757812	0	1644.545776367188	827.7122802734375	0	1630.874755859375	821.421630859375	0	1411.621459960938	587.4622192382812	0
					1303.064208984375	608.3289794921875	0	1316.646240234375	605.887939453125	0	1252.35009765625	648.8493041992188	0	1256.171264648438	661.84423828125	0
					1269.531127929688	659.2184448242188	0	403.1730346679688	446.2167663574219	0	405.8134765625	433.5657653808594	0	839.9335327148438	543.0593872070312	0
					844.1286010742188	556.8223876953125	0	828.4354858398438	536.741943359375	0	829.6683959960938	553.1165771484375	0	895.7783203125	606.839599609375	0
					896.0113525390625	595.5238647460938	0	885.276123046875	601.7643432617188	0	1311.798706054688	820.3440551757812	0	1305.263671875	807.6168212890625	0
					1323.007202148438	811.1309204101562	0	1264.425170898438	874.1298217773438	0	1270.0322265625	860.8397827148438	0	1250.7412109375	872.8748779296875	0
					1257.781127929688	862.4874267578125	0	989.4342041015625	806.6661987304688	0	1041.340576171875	752.9596557617188	0	1056.120483398438	752.1806030273438	0
					1112.730224609375	805.3141479492188	0	1483.134033203125	445.9412841796875	0	1466.672241210938	445.7730712890625	0	1465.590209960938	432.8077087402344	0
					998.8472900390625	378.9206848144531	0	1055.352783203125	447.0659790039062	0	1052.935424804688	433.41259765625	0	1038.246337890625	433.1597595214844	0
					1065.82861328125	349.3080139160156	0	1055.015258789062	461.8254089355469	0	1055.2802734375	470.5924377441406	0	1080.94287109375	352.4012145996094	0
					1019.543090820312	409.4228210449219	0	1016.894958496094	363.4382019042969	0	1023.347839355469	356.1974792480469	0	1455.113037109375	447.6865844726562	0
					1440.384399414062	432.8243713378906	0	1511.32177734375	407.8988647460938	0	1416.274169921875	781.8161010742188	0	1428.442749023438	787.0794677734375	0
					1426.193603515625	775.3383178710938	0	1420.902587890625	808.3970947265625	0	1406.65185546875	808.1245727539062	0	1403.077026367188	825.6187744140625	0
					1390.15185546875	815.9693603515625	0	1391.820678710938	800.00537109375	0	1414.230102539062	833.73388671875	0	1402.771728515625	841.0528564453125	0
					1417.678100585938	820.80029296875	0	1489.60400390625	736.354248046875	0	1483.781494140625	748.6026000976562	0	1471.518432617188	755.3722534179688	0
					1475.356201171875	739.9384155273438	0	1450.515014648438	748.866455078125	0	1453.905639648438	737.947021484375	0	1458.626342773438	755.9111328125	0
					1462.38720703125	744.5408935546875	0	1480.442749023438	725.5521850585938	0	1447.138305664062	763.4729614257812	0	1431.708740234375	764.5262451171875	0
					1496.5009765625	748.815185546875	0	1485.81396484375	762.4593505859375	0	1500.224365234375	761.4907836914062	0	1451.946533203125	779.1857299804688	0
					1461.439331054688	767.2193603515625	0	1466.199951171875	780.460693359375	0	1437.851928710938	776.8185424804688	0	1441.650634765625	791.29052734375	0
					1457.267944335938	795.7844848632812	0	1495.204833984375	775.4124755859375	0	1473.067016601562	768.8348999023438	0	1480.28271484375	778.6181030273438	0
					1520.1357421875	778.9293823242188	0	1510.411376953125	769.7711181640625	0	1506.183837890625	788.6629638671875	0	1429.731811523438	833.1024780273438	0
					1445.55322265625	839.785400390625	0	1431.531616210938	815.8681640625	0	1446.493041992188	824.0424194335938	0	1456.324096679688	845.0364379882812	0
					1457.785888671875	834.4061889648438	0	1448.262451171875	852.7550659179688	0	1537.529541015625	852.0282592773438	0	1523.5732421875	847.4639892578125	0
					1531.144409179688	822.9837646484375	0	1546.469970703125	825.4635009765625	0	1562.686401367188	829.0719604492188	0	1541.800659179688	810.275390625	0
					1522.681030273438	792.9127807617188	0	1511.49072265625	806.0194091796875	0	1537.561767578125	795.6298828125	0	1550.019897460938	798.7827758789062	0
					1526.860595703125	808.0839233398438	0	1533.853271484375	780.1508178710938	0	1525.194213867188	861.2655029296875	0	1511.358764648438	855.129150390625	0
					1512.210815429688	842.939453125	0	1498.04833984375	844.854248046875	0	1516.531005859375	820.6649780273438	0	1122.411743164062	804.1206665039062	0
					1132.330322265625	806.376220703125	0	1092.733764648438	818.4765625	0	1050.467651367188	720.4744873046875	0	1042.089233398438	737.627685546875	0
					1056.279296875	737.4699096679688	0	1042.958251953125	722.0343017578125	0	1057.233642578125	722.1759643554688	0	1073.677490234375	780.2660522460938	0
					1066.370849609375	766.5451049804688	0	1052.76708984375	765.798583984375	0	1088.416015625	791.350830078125	0	1088.052734375	781.9855346679688	0
					1098.794311523438	803.4509887695312	0	1099.1376953125	790.94287109375	0	973.9293823242188	806.3750610351562	0	964.7072143554688	807.7555541992188	0
					1013.614624023438	793.9109497070312	0	999.3048095703125	794.941650390625	0	1003.702331542969	804.7073364257812	0	1032.816284179688	765.5811767578125	0
					1026.131469726562	778.5444946289062	0	1011.481079101562	782.44970703125	0	1014.967956542969	836.2034912109375	0	1001.635437011719	816.9876708984375	0
					1030.215209960938	853.0269775390625	0	1039.391845703125	861.318603515625	0	1259.766479492188	847.5291137695312	0	1257.637084960938	888.9324951171875	0
					1276.001831054688	847.91748046875	0	1272.37548828125	886.6392822265625	0	1284.234497070312	860.0001220703125	0	1278.05322265625	873.0771484375	0
					1298.745971679688	821.5936279296875	0	1291.51318359375	810.8648681640625	0	1308.91552734375	834.2015991210938	0	1323.068237304688	827.2657470703125	0
					1336.470703125	821.0899658203125	0	1353.000610351562	804.4848022460938	0	1339.665405273438	806.8568725585938	0	884.7868041992188	620.8975219726562	0
					803.2081909179688	536.5255126953125	0	815.9906005859375	530.0933837890625	0	233.3607635498047	227.5214538574219	0	247.3668670654297	221.2931213378906	0
					233.6996765136719	212.1910705566406	0	245.4667053222656	208.7187042236328	0	207.8858337402344	213.3868255615234	0	211.1800384521484	226.6585235595703	0
					220.7615203857422	207.6260070800781	0	221.3110809326172	220.2109985351562	0	256.0159912109375	210.143798828125	0	197.2922668457031	227.4852600097656	0
					179.8440246582031	207.4872436523438	0	154.1044158935547	211.3660583496094	0	168.1434326171875	210.8040466308594	0	146.7528991699219	223.72265625	0
					375.7665405273438	363.4717712402344	0	362.3796997070312	341.5174255371094	0	1242.84912109375	641.6595458984375	0	1255.83642578125	636.6151123046875	0
					1245.004272460938	668.6056518554688	0	1243.16259765625	656.372314453125	0	1294.978271484375	639.2774047851562	0	1269.131713867188	632.72802734375	0
					1263.762084960938	647.7520751953125	0	1279.58203125	647.24560546875	0	1282.77880859375	627.9235229492188	0	1275.79833984375	605.6748046875	0
					1325.449951171875	561.9112548828125	0	1330.31591796875	576.94384765625	0	1312.494140625	575.661865234375	0	1310.971923828125	556.58056640625	0
					1293.145874023438	609.3510131835938	0	1282.51953125	595.2877197265625	0	1347.789794921875	599.9280395507812	0	1331.874755859375	603.3878173828125	0
					1324.853393554688	619.5321044921875	0	1326.380493164062	634.0952758789062	0	1309.954345703125	617.8718872070312	0	1341.65625	614.1210327148438	0
					1309.72802734375	541.2632446289062	0	1298.088623046875	549.2714233398438	0	1297.3994140625	564.873779296875	0	1293.18115234375	583.1586303710938	0
					1282.1796875	568.6146240234375	0	1275.71533203125	583.276123046875	0	1263.01953125	585.7059936523438	0	1268.577880859375	596.6205444335938	0
					1264.819580078125	570.2460327148438	0	1274.477416992188	554.2360229492188	0	1287.484741210938	555.8970336914062	0	1186.288208007812	601.3182983398438	0
					1176.07763671875	604.3409423828125	0	1166.004272460938	601.8876342773438	0	1187.529052734375	587.32763671875	0	1175.430908203125	593.427978515625	0
					1217.219360351562	626.42236328125	0	1401.166381835938	608.3417358398438	0	1388.334716796875	606.2328491210938	0	1453.95166015625	575.2990112304688	0
					1452.63525390625	561.7320556640625	0	1465.5029296875	556.3091430664062	0	1427.109497070312	584.5531005859375	0	1444.563232421875	585.2366943359375	0
					1440.76953125	571.1119384765625	0	1490.052856445312	569.6885375976562	0	1497.641845703125	550.8302612304688	0	1480.3349609375	554.197265625	0
					1420.299560546875	607.926025390625	0	1422.75537109375	619.05322265625	0	1436.493041992188	623.480712890625	0	1446.376220703125	634.589111328125	0
					1454.808959960938	645.8184204101562	0	1469.641357421875	644.4361572265625	0	1479.23681640625	687.7117309570312	0	1473.342651367188	669.6735229492188	0
					1663.528564453125	343.7444458007812	0	1664.45166015625	355.2701110839844	0	1652.74755859375	352.9407958984375	0	1615.829467773438	800.0094604492188	0
					1630.2412109375	805.9158935546875	0	1628.28759765625	790.96142578125	0	1644.923461914062	795.187744140625	0	1644.50537109375	812.6982421875	0
					1605.177734375	824.685546875	0	1617.140502929688	815.3641967773438	0	821.8765258789062	324.4170532226562	0	824.81591796875	337.5391235351562	0
					814.0423583984375	338.1337280273438	0	833.76416015625	331.0470581054688	0	859.6954956054688	323.5697631835938	0	845.5189208984375	327.1307067871094	0
					865.9845581054688	338.4571533203125	0	852.0540771484375	338.3328247070312	0	816.4017333984375	446.8709411621094	0	816.2214965820312	457.8187255859375	0
					830.1220703125	445.7699890136719	0	804.87158203125	433.3605041503906	0	821.1019897460938	433.2929382324219	0	841.2512817382812	338.1495666503906	0
					880.1920776367188	339.3167724609375	0	877.5272216796875	364.6951904296875	0	859.55029296875	433.4688415527344	0	871.6190795898438	413.2373962402344	0
					898.4342041015625	396.2624816894531	0	896.4661865234375	412.5875854492188	0	884.27294921875	405.2783813476562	0	884.703857421875	389.0009765625	0
					897.6525268554688	380.1123657226562	0	898.53662109375	366.1939086914062	0	888.9249267578125	362.6293334960938	0	886.2972412109375	373.8109741210938	0
					799.888671875	338.8855590820312	0	803.9286499023438	367.3674621582031	0	787.5440673828125	368.1336059570312	0	772.287109375	408.8052368164062	0
					772.3182983398438	369.0180053710938	0	788.7799682617188	405.2452087402344	0	799.3881225585938	408.4490356445312	0	1237.1669921875	355.676025390625	0
					1251.169921875	356.3651123046875	0	1243.75	365.0152587890625	0	1281.713134765625	355.3218688964844	0	1266.226318359375	355.4300231933594	0
					1296.804931640625	353.5945739746094	0	1273.451782226562	370.2344665527344	0	1323.515380859375	408.7448425292969	0	1312.194946289062	396.9457397460938	0
					1296.21337890625	392.387451171875	0	1296.344360351562	409.0865783691406	0	1311.423461914062	411.5732421875	0	1291.12744140625	368.5123596191406	0
					1307.079833984375	362.2029418945312	0	1305.942260742188	378.8312377929688	0	1290.551025390625	381.8323974609375	0	1337.033569335938	371.2206726074219	0
					1323.474243164062	382.4814453125	0	1320.908081054688	367.4627075195312	0	1336.315795898438	384.9132080078125	0	1319.066284179688	353.8361206054688	0
					1308.588745117188	350.9831848144531	0	1205.251708984375	409.8199768066406	0	1214.485107421875	408.0259094238281	0	1187.919677734375	394.2568359375	0
					1188.019409179688	408.3182067871094	0	1217.034057617188	379.7583923339844	0	1229.359375	383.3249816894531	0	1210.740600585938	368.1257019042969	0
					1224.53369140625	368.6968383789062	0	1190.294921875	378.477294921875	0	1204.403686523438	379.5946960449219	0	1197.87548828125	367.5186157226562	0
					1185.971313476562	366.8649597167969	0	1279.630859375	408.913818359375	0	1229.450073242188	445.6993103027344	0	1242.29736328125	447.3818969726562	0
					1229.155639648438	432.9635925292969	0	1254.580688476562	445.8299255371094	0	1258.82470703125	460.3130798339844	0	1242.26953125	463.8143005371094	0
					1281.033325195312	444.6539611816406	0	1296.216674804688	431.72314453125	0	1281.978149414062	433.2126159667969	0	1265.30712890625	460.22216796875	0
					1269.247924804688	447.1272583007812	0	1255.528076171875	432.9479675292969	0	1224.33544921875	407.7735900878906	0	1238.104125976562	407.0334777832031	0
					976.7013549804688	606.6456298828125	0	974.8268432617188	598.2132568359375	0	962.7288818359375	596.2154541015625	0	1100.3076171875	621.304443359375	0
					1069.23193359375	625.6405639648438	0	1085.498413085938	628.1271362304688	0	1000.004577636719	624.953125	0	1027.42626953125	635.8937377929688	0
					1031.518310546875	622.2291259765625	0	1015.728393554688	627.4330444335938	0	1031.466674804688	651.6800537109375	0	1049.3671875	650.4678955078125	0
					1042.536010742188	633.1459350585938	0	1072.672241210938	641.6390991210938	0	1062.462280273438	650.73779296875	0	1058.582275390625	637.2970581054688	0
					1054.661987304688	673.460693359375	0	1038.709106445312	694.0951538085938	0	1040.375854492188	515.1367797851562	0	1038.595703125	523.42626953125	0
					1027.743896484375	566.645751953125	0	1026.807861328125	548.2257690429688	0	1041.1318359375	554.6281127929688	0	1042.9267578125	571.6099853515625	0
					1012.031005859375	580.390625	0	1002.608093261719	598.2080688476562	0	1018.000183105469	598.4345703125	0	1031.003662109375	586.0294799804688	0
					1012.492370605469	559.085205078125	0	1071.347045898438	208.4039611816406	0	1081.567749023438	209.9115600585938	0	1039.796142578125	247.0169677734375	0
					1027.756591796875	236.8601531982422	0	1053.420532226562	251.8527374267578	0	1059.78564453125	211.8384857177734	0	1073.461669921875	220.2880096435547	0
					1065.889770507812	249.6953125	0	1070.115112304688	235.4958190917969	0	993.2733764648438	208.5791473388672	0	1004.99365234375	217.024169921875	0
					1016.564575195312	227.2716522216797	0	1020.0009765625	213.1704559326172	0	1034.919677734375	210.9736022949219	0	1046.925170898438	207.3810272216797	0
					1030.890380859375	223.8404541015625	0	784.8800659179688	213.7678680419922	0	786.7379760742188	228.336669921875	0	798.6934814453125	234.0684204101562	0
					798.885498046875	219.2133483886719	0	770.9794311523438	211.0578002929688	0	812.5900268554688	212.1583557128906	0	867.9859619140625	239.6443634033203	0
					851.8099365234375	232.5517578125	0	850.483154296875	218.195068359375	0	864.6650390625	222.98681640625	0	837.8011474609375	240.9392395019531	0
					851.92236328125	247.4762878417969	0	823.6893310546875	248.3524017333984	0	836.9591064453125	257.1015319824219	0	809.9757080078125	242.6545104980469	0
					811.60302734375	226.9639892578125	0	824.8527221679688	219.6182556152344	0	824.8076171875	207.1665954589844	0	824.34228515625	234.0987396240234	0
					880.6544189453125	226.6649627685547	0	876.007568359375	212.1579895019531	0	861.0487060546875	208.7068481445312	0	837.6954956054688	211.2393951416016	0
					849.529296875	207.6244201660156	0	1453.501831054688	206.6165466308594	0	1496.926513671875	211.2802734375	0	1512.359619140625	210.2183380126953	0
					1260.363037109375	209.6827545166016	0	652.9556274414062	408.9045104980469	0	643.400634765625	414.2686157226562	0	1246.04443359375	898.4420776367188	0
					1325.671264648438	870.9450073242188	0	1291.98779296875	872.3900146484375	0	1296.74853515625	883.2615356445312	0	1307.825561523438	874.9959106445312	0
					1282.162353515625	837.3060913085938	0	1270.440307617188	834.7667236328125	0	1266.679809570312	823.0501098632812	0	1281.410278320312	822.205810546875	0
					1299.92333984375	858.6337280273438	0	1313.784057617188	861.8967895507812	0	1311.676025390625	849.4349975585938	0	1300.686889648438	844.76220703125	0
					1347.694580078125	829.6710815429688	0	1360.43896484375	825.4462890625	0	1350.126098632812	816.5191650390625	0	1322.942749023438	841.705810546875	0
					1323.894165039062	855.5350341796875	0	1334.89208984375	848.7643432617188	0	1666.796875	461.0836486816406	0	1656.688720703125	470.8052368164062	0
					1640.98388671875	488.3068237304688	0	1654.908203125	487.4320983886719	0	1655.245727539062	516.9091186523438	0	1661.618896484375	523.8162841796875	0
					1631.355346679688	528.8114624023438	0	1647.860473632812	525.1708984375	0	1658.691284179688	536.8877563476562	0	1655.102661132812	554.3798217773438	0
					1661.720581054688	752.8888549804688	0	1658.837768554688	765.4494018554688	0	1662.341064453125	726.7172241210938	0	1661.469482421875	674.5237426757812	0
					1594.613159179688	526.4303588867188	0	1591.399658203125	539.4127197265625	0	1606.198486328125	535.03271484375	0	1600.53955078125	566.180419921875	0
					1602.006103515625	550.83984375	0	1586.67236328125	556.0237426757812	0	1589.515625	571.1911010742188	0	1615.800048828125	548.0834350585938	0
					1619.7431640625	536.0265502929688	0	1645.6533203125	583.8135375976562	0	1660.445556640625	587.1603393554688	0	1643.384643554688	619.8522338867188	0
					1658.13671875	622.04345703125	0	1638.781127929688	608.170654296875	0	1653.6044921875	609.5691528320312	0	1629.956909179688	580.5069580078125	0
					1614.133178710938	574.9601440429688	0	1626.288940429688	618.5091552734375	0	1626.116455078125	606.0405883789062	0	1613.886962890625	608.472900390625	0
					1666.22265625	592.5408325195312	0	1635.119995117188	631.172119140625	0	1648.393188476562	629.659423828125	0	1626.038452148438	561.4635620117188	0
					1642.311279296875	567.7344970703125	0	1561.345092773438	569.3428955078125	0	1554.066772460938	554.2044677734375	0	1569.5498046875	555.00146484375	0
					1577.155517578125	568.5509643554688	0	1500.036499023438	607.8707275390625	0	1510.563720703125	595.1851196289062	0	1555.800659179688	594.4175415039062	0
					1532.831420898438	595.5352172851562	0	1521.16748046875	624.65966796875	0	1505.3203125	622.1997680664062	0	1516.833251953125	609.85107421875	0
					1531.087158203125	613.6757202148438	0	1536.517456054688	626.02978515625	0	1550.720458984375	629.2686767578125	0	1548.121948242188	612.3866577148438	0
					1540.911499023438	636.8942260742188	0	1527.14990234375	639.3641967773438	0	1545.216064453125	566.45556640625	0	1599.442138671875	583.7642822265625	0
					1611.677856445312	560.3077392578125	0	1563.467651367188	621.3817138671875	0	1564.098510742188	636.3505859375	0	1598.334350585938	622.9360961914062	0
					1603.246337890625	633.7958984375	0	1640.851928710938	475.9924011230469	0	1641.313720703125	464.4283447265625	0	1627.048583984375	476.766357421875	0
					1625.389526367188	467.59033203125	0	1655.655517578125	445.9776611328125	0	1650.618530273438	462.7671813964844	0	1656.45703125	432.6724548339844	0
					1667.449584960938	444.81640625	0	1616.176513671875	523.37841796875	0	1616.770874023438	511.8428955078125	0	1657.91748046875	572.4102783203125	0
					1521.416015625	513.424560546875	0	1545.438354492188	467.5166625976562	0	1560.996826171875	457.838134765625	0	1546.977905273438	457.4538269042969	0
					1536.243408203125	468.5352783203125	0	1560.579467773438	447.5005493164062	0	1601.19580078125	447.6272888183594	0	1612.66748046875	445.8429870605469	0
					1568.376831054688	527.4900512695312	0	1561.55126953125	540.9090576171875	0	1546.850830078125	519.4140625	0	1553.953002929688	527.30712890625	0
					1613.269775390625	471.7498168945312	0	1617.8046875	464.5784912109375	0	1600.811889648438	458.06591796875	0	1546.856323242188	540.482666015625	0
					1538.990600585938	526.8082275390625	0	1533.68798828125	563.4827270507812	0	1522.367553710938	565.978271484375	0	1514.28955078125	553.12451171875	0
					1507.35595703125	567.1506958007812	0	1521.816650390625	527.7108154296875	0	1509.805053710938	538.951171875	0	1506.835205078125	525.65234375	0
					1615.536499023438	785.6160888671875	0	1606.061157226562	778.8807983398438	0	1660.452026367188	791.2893676757812	0	1502.651733398438	674.624755859375	0
					1509.688842773438	674.9320678710938	0	1659.44091796875	633.834716796875	0	1288.016967773438	221.4874267578125	0	1300.088745117188	220.2457427978516	0
					1289.776000976562	210.3126831054688	0	1300.380859375	208.2147521972656	0	1321.887084960938	251.8349914550781	0	1333.468627929688	255.1829681396484	0
					1319.51611328125	237.8802795410156	0	1334.012939453125	242.6917114257812	0	1310.570556640625	210.5181274414062	0	1323.889404296875	211.3094177246094	0
					1315.2783203125	223.34716796875	0	1332.317749023438	225.0255279541016	0	1349.430908203125	252.7646026611328	0	1279.1982421875	206.1418151855469	0
					508.9066772460938	221.3315734863281	0	521.8504638671875	225.7180633544922	0	534.5982666015625	223.0705413818359	0	575.113037109375	272.8437194824219	0
					575.22265625	262.8987426757812	0	524.9323120117188	349.5206298828125	0	525.4208374023438	335.8652038574219	0	537.77734375	350.6872253417969	0
					535.4569091796875	338.8145446777344	0	595.152099609375	363.2013854980469	0	612.7662353515625	380.3556518554688	0	609.59814453125	368.2395935058594	0
					588.7677001953125	289.5619812011719	0	589.70654296875	302.5377502441406	0	576.3887939453125	294.3057250976562	0	436.9550170898438	260.4677429199219	0
					432.4928894042969	250.0159149169922	0	1564.2861328125	214.7693786621094	0	1553.8857421875	207.4775695800781	0	1575.68408203125	208.4131469726562	0
					1562.320556640625	228.953369140625	0	1603.635620117188	239.3179626464844	0	1596.88720703125	252.6221618652344	0	1551.3681640625	219.7614593505859	0
					1541.941284179688	210.3397521972656	0	1527.969970703125	211.6228332519531	0	1565.791870117188	252.556396484375	0	1559.282592773438	241.4836883544922	0
					1572.4287109375	239.8464813232422	0	1581.214233398438	253.0363159179688	0	1560.842163085938	261.4721374511719	0	1579.654541015625	275.4946899414062	0
					1547.552490234375	252.2240142822266	0	1534.484741210938	237.5592956542969	0	1548.685913085938	233.8574676513672	0	1426.467041015625	258.3503112792969	0
					1432.589721679688	249.3770446777344	0	1413.814819335938	261.4439392089844	0	1420.286376953125	249.8854675292969	0	1437.559448242188	238.2399749755859	0
					1446.405517578125	248.5043640136719	0	1454.441284179688	234.5506896972656	0	1439.724487304688	224.6591796875	0	1453.8349609375	218.4955749511719	0
					1424.855834960938	215.0201110839844	0	1441.76123046875	210.7985687255859	0	1406.55859375	212.3757171630859	0	1384.825561523438	258.9667358398438	0
					1372.395874023438	258.6961059570312	0	1407.13671875	249.3992309570312	0	1401.5166015625	237.5129852294922	0	1398.575439453125	259.7547302246094	0
					1391.90185546875	208.8211975097656	0	1394.352416992188	223.9513854980469	0	1393.22705078125	248.57568359375	0	1380.1533203125	216.626220703125	0
					1337.365966796875	208.9752502441406	0	1348.408325195312	217.5234832763672	0	1347.298950195312	233.4764862060547	0	1366.509521484375	249.0483093261719	0
					1364.359741210938	212.2703247070312	0	1381.300048828125	228.4332122802734	0	1387.458374023438	237.4476928710938	0	1379.825927734375	248.4203338623047	0
					1362.009643554688	259.0843811035156	0	759.6915283203125	207.4190673828125	0	774.277099609375	224.0155029296875	0	760.4454956054688	221.1709899902344	0
					747.7072143554688	212.2934112548828	0	724.9261474609375	216.095947265625	0	711.7931518554688	209.6993713378906	0	713.8546142578125	224.762939453125	0
					735.0076904296875	210.051513671875	0	748.4488525390625	225.5495147705078	0	766.3572387695312	232.5767822265625	0	776.1207885742188	237.2151947021484	0
					765.2094116210938	245.2336883544922	0	776.6483154296875	251.3874359130859	0	752.39892578125	250.053466796875	0	755.6569213867188	235.2847290039062	0
					741.0616455078125	237.1317596435547	0	738.9032592773438	252.8809509277344	0	717.05078125	237.2837982177734	0	727.708984375	244.090576171875	0
					727.6632080078125	255.8559112548828	0	893.8243408203125	214.6553649902344	0	894.9200439453125	229.5480499267578	0	908.4837036132812	209.86865234375	0
					910.646728515625	224.4244079589844	0	903.1495361328125	240.9714050292969	0	886.2406616210938	241.0922088623047	0	925.53564453125	275.54296875	0
					932.47412109375	263.653564453125	0	1058.128540039062	272.8838500976562	0	1074.529541015625	262.7361450195312	0	1061.18994140625	261.9782104492188	0
					1053.047119140625	298.4014282226562	0	1068.387084960938	296.8726501464844	0	1057.543579101562	326.7373352050781	0	1048.622924804688	313.0700378417969	0
					1062.510009765625	312.3988037109375	0	1046.576782226562	262.9241027832031	0	1031.332885742188	258.5750122070312	0	1047.743408203125	275.4119262695312	0
					1034.428466796875	272.8504638671875	0	987.1739501953125	299.743896484375	0	997.8324584960938	301.5701293945312	0	1011.110961914062	301.6713562011719	0
					1019.716979980469	275.8994750976562	0	1022.904113769531	265.5453186035156	0	1010.867309570312	265.2002258300781	0	973.21484375	278.5265197753906	0
					957.033935546875	276.6838073730469	0	1026.122436523438	247.9023742675781	0	1018.22802734375	255.3148803710938	0	964.489013671875	216.1659240722656	0
					978.80322265625	212.4040374755859	0	922.7440185546875	210.3123168945312	0	950.6447143554688	244.6733093261719	0	949.84375	261.0998229980469	0
					936.273681640625	250.1702270507812	0	961.2306518554688	226.6799163818359	0	954.1075439453125	209.9023895263672	0	396.5760192871094	341.0006408691406	0
					422.9104614257812	338.352783203125	0	503.3818359375	458.7292175292969	0	489.8197937011719	457.7408142089844	0	477.377197265625	463.13916015625	0
					420.7876892089844	462.1781311035156	0	432.5519714355469	464.9090881347656	0	446.6767272949219	465.8113403320312	0	461.469482421875	464.0433654785156	0
					531.0294799804688	462.7994689941406	0	520.056640625	462.1612548828125	0	478.4655456542969	348.2956237792969	0	1367.483032226562	518.8539428710938	0
					1328.944091796875	511.8754272460938	0	1316.253784179688	512.265869140625	0	1352.061767578125	517.31005859375	0	1384.57421875	517.3773803710938	0
					1394.338623046875	515.8365478515625	0	1411.635009765625	515.62158203125	0	1011.413513183594	515.2608642578125	0	995.681884765625	513.770751953125	0
					1022.657836914062	515.1815795898438	0	953.703857421875	459.397216796875	0	968.4898681640625	459.7120971679688	0	1035.7197265625	462.2162475585938	0
					1048.55859375	463.0659790039062	0	914.7747802734375	462.1242065429688	0	902.1212768554688	464.290283203125	0	877.6537475585938	462.3478698730469	0
					890.3453369140625	458.7288513183594	0	862.9659423828125	459.9051513671875	0	978.69677734375	362.1583862304688	0	662.416015625	380.1934509277344	0
					798.6138916015625	465.8719787597656	0	954.3270263671875	510.4473876953125	0	967.8006591796875	511.3091430664062	0	985.1476440429688	511.9932861328125	0
					996.0632934570312	462.9400024414062	0	983.2239379882812	462.9042663574219	0	1009.2763671875	462.053466796875	0	1022.090026855469	462.0046081542969	0
					878.4603881835938	511.8175048828125	0	906.16845703125	513.3270263671875	0	914.9523315429688	510.7232360839844	0	888.2945556640625	513.7579956054688	0
					1381.098510742188	470.9753112792969	0	1368.62841796875	463.8828735351562	0	1356.6650390625	459.2032775878906	0	1369.01123046875	456.3294372558594	0
					1380.438354492188	460.6758422851562	0	1341.918823242188	458.1830749511719	0	1328.64208984375	458.006591796875	0	1342.035034179688	468.3152465820312	0
					1355.2978515625	469.7978515625	0	1328.6591796875	468.0654296875	0	1355.224975585938	410.5064086914062	0	1180.330932617188	463.3712158203125	0
					1219.161743164062	460.6400756835938	0	1205.46826171875	461.7526550292969	0	1193.054443359375	463.1624755859375	0	1197.477416992188	511.9974060058594	0
					1226.459838867188	516.0831298828125	0	1220.769897460938	470.6784362792969	0	1234.757568359375	458.5218505859375	0	1234.943115234375	469.0982360839844	0
					1235.396728515625	515.7958374023438	0	1251.110229492188	515.6177368164062	0	1315.038208007812	467.6797790527344	0	1300.849243164062	511.1590881347656	0
					1286.541870117188	512.3021240234375	0	1300.99169921875	468.4190368652344	0	1287.88671875	469.193115234375	0	1288.0087890625	459.6187133789062	0
					1272.934936523438	459.1920166015625	0	1299.762451171875	459.0606079101562	0	1315.584716796875	457.6613464355469	0	1084.19384765625	516.9032592773438	0
					1072.193115234375	515.8974609375	0	1060.295776367188	516.4786376953125	0	1046.964111328125	516.8584594726562	0	1111.60400390625	518.2481689453125	0
					1126.47802734375	518.5548706054688	0	1097.4228515625	517.8901977539062	0	1087.8193359375	462.0222778320312	0	1074.882202148438	461.9523620605469	0
					1061.316772460938	462.1860961914062	0	1128.135375976562	463.8556213378906	0	1141.835205078125	463.6485900878906	0	1114.386108398438	463.7095642089844	0
					1101.153686523438	463.0450744628906	0	921.9243774414062	240.7395324707031	0	929.4324951171875	224.9790496826172	0	940.2337646484375	212.9801177978516	0
					963.2484741210938	237.5375671386719	0	976.9374389648438	243.1251220703125	0	974.8981323242188	227.6632843017578	0	1004.668151855469	253.0218811035156	0
					994.412353515625	264.3328857421875	0	990.7326049804688	249.2474060058594	0	1013.713989257812	241.9437713623047	0	940.5418701171875	275.6788330078125	0
					967.4044189453125	265.6458129882812	0	980.73779296875	269.0557250976562	0	979.1102905273438	257.1270141601562	0	964.5180053710938	251.5060272216797	0
					976.6048583984375	303.57421875	0	962.8976440429688	309.2097778320312	0	975.194091796875	318.641357421875	0	918.5392456054688	264.853759765625	0
					924.0823364257812	254.6478118896484	0	911.1710815429688	253.910888671875	0	988.9147338867188	635.7293090820312	0	988.53271484375	622.5769653320312	0
					1002.713989257812	639.3798217773438	0	1015.911499023438	644.9923706054688	0	1014.019775390625	662.9568481445312	0	960.97216796875	623.4144287109375	0
					976.0479736328125	627.6053466796875	0	1043.096313476562	666.45654296875	0	1027.952758789062	667.8627319335938	0	1111.46435546875	643.3264770507812	0
					1112.906127929688	626.208984375	0	1099.408203125	636.4234619140625	0	1086.69189453125	647.2454833984375	0	1073.62353515625	660.789794921875	0
					1089.39794921875	664.1708374023438	0	1123.574462890625	635.3109130859375	0	1122.962768554688	653.1717529296875	0	1149.684204101562	607.9095458984375	0
					1134.160034179688	625.405029296875	0	1124.395751953125	622.3434448242188	0	1069.72998046875	701.149658203125	0	1055.533203125	694.254638671875	0
					1070.905883789062	688.3419799804688	0	1086.090942382812	688.49951171875	0	1135.779296875	641.420654296875	0	1136.304565429688	431.4306030273438	0
					1126.651123046875	407.0794677734375	0	1112.303344726562	406.6439514160156	0	1095.118408203125	459.5462646484375	0	1094.106811523438	468.8661499023438	0
					1107.83984375	460.1602478027344	0	1107.020263671875	470.5853881835938	0	1081.234008789062	444.6429748535156	0	1068.126708984375	447.3184509277344	0
					1080.849609375	433.1117248535156	0	1121.360961914062	447.2222595214844	0	1135.140014648438	446.3249816894531	0	1125.80615234375	431.3854370117188	0
					1097.646362304688	407.3858032226562	0	1121.041748046875	471.0401000976562	0	1121.30859375	460.4299011230469	0	1135.014038085938	460.4115600585938	0
					1068.046630859375	459.3554077148438	0	1068.092651367188	468.7258605957031	0	1080.966796875	469.9649963378906	0	1081.312622070312	461.3269958496094	0
					1082.451171875	410.1814270019531	0	1124.167602539062	556.659912109375	0	1137.460693359375	558.0413818359375	0	1118.621459960938	545.3522338867188	0
					1132.715698242188	541.1821899414062	0	1102.988525390625	527.2001342773438	0	1104.507446289062	516.9642333984375	0	1089.043579101562	525.62841796875	0
					1090.8740234375	516.2730102539062	0	1078.7421875	537.3870849609375	0	1065.90673828125	533.5037841796875	0	1081.314819335938	552.6738891601562	0
					1067.4091796875	548.61181640625	0	1112.14453125	586.11083984375	0	1117.038818359375	570.3652954101562	0	1100.57763671875	573.7923583984375	0
					1098.480590820312	591.8256225585938	0	1133.166381835938	524.78955078125	0	1150.917236328125	545.673583984375	0	1133.44189453125	513.9173583984375	0
					1119.029663085938	529.1008911132812	0	1119.775146484375	515.059814453125	0	1109.56201171875	498.4299011230469	0	1150.000732421875	564.1685791015625	0
					1149.700927734375	579.2899780273438	0	1138.328247070312	572.8875732421875	0	1128.645141601562	567.7033081054688	0	1137.92822265625	587.501953125	0
					1126.233520507812	580.6201171875	0	1123.36474609375	599.2355346679688	0	1107.264404296875	600.9124755859375	0	1148.895385742188	591.3829345703125	0
					1154.312377929688	600.5475463867188	0	1141.102783203125	601.631591796875	0	1069.322998046875	564.816162109375	0	1055.246459960938	559.9569091796875	0
					1084.035034179688	569.1243896484375	0	1085.980224609375	585.9069213867188	0	1071.1298828125	581.8743896484375	0	1087.7119140625	600.7015380859375	0
					1097.319946289062	603.6187744140625	0	1053.85791015625	543.45458984375	0	1065.789306640625	521.7492065429688	0	1053.214477539062	526.165283203125	0
					1066.512451171875	498.6674194335938	0	1066.5859375	514.7870483398438	0	1052.177001953125	498.6093139648438	0	1053.906616210938	516.0051879882812	0
					1082.69482421875	498.6218872070312	0	1096.6669921875	498.6882934570312	0	1078.124633789062	515.3356323242188	0	1076.300537109375	523.7637329101562	0
					1210.844482421875	592.5422973632812	0	1216.453369140625	579.3299560546875	0	1194.435791015625	563.12841796875	0	1201.0234375	579.537109375	0
					1210.6240234375	562.4398193359375	0	1225.261474609375	554.9494018554688	0	1228.083984375	539.05615234375	0	1214.064208984375	543.62744140625	0
					1194.190673828125	522.4835205078125	0	1203.341674804688	532.3211669921875	0	1190.141723632812	535.8499755859375	0	1199.76513671875	547.98046875	0
					1185.983154296875	550.5086669921875	0	1161.570068359375	588.0125732421875	0	1199.385131835938	597.6617431640625	0	1136.660766601562	361.5750732421875	0
					1176.567749023438	356.8937377929688	0	1240.782958984375	550.03369140625	0	1239.2919921875	534.9948120117188	0	1285.0439453125	524.4174194335938	0
					1293.853759765625	445.681884765625	0	1293.87890625	457.2247009277344	0	1309.467163085938	447.36767578125	0	1280.960205078125	463.8671264648438	0
					1294.201904296875	464.5967712402344	0	1292.922241210938	515.6007690429688	0	1307.781127929688	461.2606201171875	0	1348.02099609375	498.228271484375	0
					1321.986572265625	462.6856384277344	0	1243.207885742188	511.2937927246094	0	1244.277709960938	523.39599609375	0	1231.800903320312	525.7210693359375	0
					1227.357177734375	464.1397399902344	0	1211.48486328125	468.1580810546875	0	1216.933471679688	498.8885192871094	0	1229.49853515625	499.0767517089844	0
					1219.093383789062	511.599365234375	0	1188.605224609375	512.7393188476562	0	1203.474975585938	499.0221252441406	0	1217.307006835938	524.9608154296875	0
					1204.589233398438	519.0198364257812	0	1199.406860351562	461.6858825683594	0	1199.668212890625	470.2374267578125	0	1212.026000976562	458.1724548339844	0
					1212.76806640625	447.7028198242188	0	1176.263671875	433.328857421875	0	1187.130859375	447.4018249511719	0	1174.307495117188	447.1463623046875	0
					1201.114624023438	432.9844360351562	0	1186.511962890625	470.9329528808594	0	1186.673461914062	462.302001953125	0	1200.471557617188	444.70458984375	0
					1161.95654296875	447.1340026855469	0	1174.087768554688	462.1878356933594	0	1318.976806640625	433.052490234375	0	1334.564453125	434.2887878417969	0
					1335.660400390625	405.3890991210938	0	1362.319213867188	467.1000671386719	0	1334.965209960938	447.2467651367188	0	1335.293212890625	462.9054870605469	0
					1322.24169921875	447.2424926757812	0	1348.862060546875	463.4519958496094	0	1382.044799804688	313.8653564453125	0	1363.746826171875	314.8703308105469	0
					1375.07373046875	301.6572265625	0	1348.541015625	357.5960388183594	0	1332.832763671875	356.207763671875	0	1380.802001953125	356.58349609375	0
					1397.038696289062	372.1800231933594	0	1396.306274414062	357.7776489257812	0	1410.6064453125	410.1940612792969	0	1422.331909179688	409.7492065429688	0
					1437.672485351562	405.6930236816406	0	1428.515014648438	366.28466796875	0	1425.844848632812	379.9054870605469	0	1415.780639648438	432.9105529785156	0
					1401.526611328125	433.19140625	0	1401.06201171875	406.7963256835938	0	1388.258178710938	447.5754089355469	0	1373.674560546875	459.9775390625	0
					1363.878051757812	459.6028747558594	0	1374.527709960938	467.4846801757812	0	1347.8349609375	447.23974609375	0	1349.81298828125	432.9924926757812	0
					1350.708862304688	275.2344665527344	0	1308.401000976562	249.2772064208984	0	1279.4716796875	216.1089935302734	0	1271.690307617188	210.4317932128906	0
					1279.11328125	228.0509338378906	0	1291.18798828125	232.7352752685547	0	1289.370849609375	313.8255310058594	0	1294.838500976562	247.2366180419922	0
					1304.931762695312	235.1185607910156	0	1279.766235351562	244.287109375	0	1334.802978515625	300.8821105957031	0	1348.502197265625	306.3737487792969	0
					1336.096557617188	314.5635070800781	0	1216.132934570312	324.0210876464844	0	1216.517822265625	311.48046875	0	1204.043701171875	319.580322265625	0
					1233.155151367188	334.6877136230469	0	1229.499755859375	321.9002380371094	0	1222.063720703125	333.80322265625	0	1190.409545898438	332.4326171875	0
					1197.86083984375	358.3178100585938	0	1186.538330078125	357.9971923828125	0	1210.410400390625	358.3734436035156	0	1223.98388671875	358.0204467773438	0
					1189.584350585938	295.9722595214844	0	1189.639038085938	312.4814453125	0	1208.537719726562	333.3641052246094	0	1156.57470703125	318.2560729980469	0
					1172.776245117188	319.4930419921875	0	1234.68408203125	566.0347900390625	0	1229.572998046875	579.4554443359375	0	1223.322509765625	568.4515380859375	0
					1187.892456054688	574.3295288085938	0	1175.145751953125	577.6813354492188	0	1170.742065429688	564.8291015625	0	1181.314331054688	563.9620971679688	0
					1181.004516601562	522.9591674804688	0	1161.533569335938	571.8817138671875	0	1173.659545898438	553.2864990234375	0	1176.55908203125	538.82861328125	0
					1110.31201171875	353.681640625	0	1123.275634765625	357.3997802734375	0	1096.2509765625	353.6960144042969	0	1070.340576171875	326.7167358398438	0
					1076.93359375	312.6025390625	0	1109.669677734375	213.9154663085938	0	1123.224975585938	207.9299011230469	0	1094.069458007812	211.3186645507812	0
					1086.138061523438	219.5126800537109	0	1084.55419921875	231.4919891357422	0	1082.392822265625	248.4140319824219	0	1185.796264648438	208.1721038818359	0
					1173.758544921875	209.0821533203125	0	1211.438842773438	251.3070983886719	0	1225.285766601562	251.7077484130859	0	1230.8369140625	243.6078948974609	0
					1237.655883789062	251.1390075683594	0	1220.134887695312	241.1829681396484	0	1240.924438476562	240.4684143066406	0	1242.625122070312	227.9623260498047	0
					1230.247192382812	233.5449676513672	0	1199.205078125	211.1051635742188	0	1202.931884765625	224.3274841308594	0	1189.532104492188	220.2223358154297	0
					1214.498901367188	213.9126892089844	0	1244.799194335938	213.4752502441406	0	1229.82080078125	219.5632781982422	0	1105.660034179688	316.6773071289062	0
					1104.942138671875	304.0864868164062	0	1092.722900390625	312.5239868164062	0	1094.7919921875	299.0523986816406	0	1078.0625	289.5479431152344	0
					1083.432495117188	299.9712524414062	0	1068.600830078125	271.8434753417969	0	1095.285400390625	254.2790985107422	0	1101.176391601562	264.7616882324219	0
					1106.36083984375	252.9124755859375	0	1113.589111328125	263.3781433105469	0	1088.261108398438	264.614501953125	0	1115.022827148438	284.2203063964844	0
					1139.986083984375	259.68798828125	0	1153.2548828125	258.4934997558594	0	1118.611328125	251.4451751708984	0	1122.425537109375	238.81884765625	0
					1126.444091796875	261.561279296875	0	1131.6259765625	249.1230773925781	0	1149.000732421875	210.8424530029297	0	1135.563232421875	210.7349090576172	0
					1142.51513671875	222.7013244628906	0	1136.591064453125	235.8750305175781	0	1145.779541015625	247.3717346191406	0	1161.89306640625	210.1353607177734	0
					1179.423095703125	216.8018798828125	0	1161.736694335938	246.7444610595703	0	1163.807250976562	259.1637268066406	0	1125.800170898438	222.9430847167969	0
					1191.2236328125	233.788330078125	0	1178.7900390625	227.14892578125	0	1116.828369140625	310.8111267089844	0	1114.926025390625	327.8070068359375	0
					1129.70947265625	318.6545715332031	0	1128.819580078125	333.0626220703125	0	1116.08154296875	296.0320129394531	0	1174.66796875	255.1919860839844	0
					1192.80029296875	251.5717315673828	0	1177.48974609375	241.0199432373047	0	908.736572265625	588.8413696289062	0	919.7404174804688	580.07861328125	0
					923.9588623046875	563.7819213867188	0	909.4534912109375	571.1060791015625	0	881.6041870117188	523.7008666992188	0	897.1908569335938	511.281982421875	0
					897.66259765625	525.8030395507812	0	870.48046875	533.438232421875	0	910.7984619140625	537.7958984375	0	914.4364013671875	522.3524169921875	0
					921.912109375	532.9493408203125	0	922.2767944335938	546.158203125	0	910.3795776367188	554.2596435546875	0	897.6725463867188	561.45947265625	0
					896.2528076171875	578.1819458007812	0	881.3746948242188	585.2000732421875	0	884.3211669921875	566.934326171875	0	872.9103393554688	552.5245361328125	0
					870.241943359375	571.1936645507812	0	855.1782836914062	542.5593872070312	0	858.012939453125	561.5509643554688	0	928.025390625	521.7637939453125	0
					867.2926635742188	584.3721313476562	0	858.5148315429688	524.4595947265625	0	870.0578002929688	518.417724609375	0	1015.770935058594	461.3699340820312	0
					974.1217041015625	445.6474609375	0	972.5686645507812	433.2561645507812	0	989.915771484375	459.8451538085938	0	976.9503784179688	458.4276733398438	0
					1006.840637207031	405.6580200195312	0	1014.592224121094	433.1681823730469	0	1002.23583984375	459.5033874511719	0	1014.178100585938	445.5450439453125	0
					1017.499877929688	522.8831176757812	0	972.4647216796875	552.8327026367188	0	972.030029296875	534.3004150390625	0	987.9483642578125	526.0560913085938	0
					1003.854370117188	523.6622924804688	0	1011.995300292969	539.1271362304688	0	982.7943725585938	589.0286254882812	0	984.43408203125	576.3335571289062	0
					997.8812866210938	568.8297119140625	0	994.46826171875	585.5140380859375	0	975.6470947265625	518.3330078125	0	960.4103393554688	513.833984375	0
					964.8588256835938	521.7100830078125	0	961.3201904296875	579.393310546875	0	973.177490234375	584.77587890625	0	972.9100952148438	569.4752807617188	0
					960.6901245117188	563.12841796875	0	803.9906005859375	445.5932006835938	0	789.6053466796875	445.5821228027344	0	791.2371826171875	467.4667053222656	0
					806.8839721679688	325.8047790527344	0	773.6785278320312	325.7401428222656	0	791.843505859375	325.9384765625	0	784.2037963867188	339.819580078125	0
					768.3109130859375	342.1953125	0	875.119873046875	325.1591796875	0	905.6920166015625	324.7901000976562	0	889.46435546875	325.87841796875	0
					908.320068359375	307.4811401367188	0	936.5408325195312	304.072021484375	0	894.3505859375	340.0105895996094	0	908.4608764648438	341.62841796875	0
					758.0816650390625	410.3705139160156	0	747.586669921875	369.8910827636719	0	759.5869140625	367.5182800292969	0	717.6658935546875	313.5295104980469	0
					726.6576538085938	328.5790710449219	0	751.7020263671875	345.6144409179688	0	758.9055786132812	332.5430297851562	0	734.0350952148438	343.8483276367188	0
					737.7807006835938	312.7312927246094	0	744.2431030273438	330.3561706542969	0	671.3823852539062	379.6628112792969	0	644.1732177734375	382.7803955078125	0
					640.3533935546875	393.1167907714844	0	699.865478515625	365.5498046875	0	687.4301147460938	377.0816345214844	0	717.2060546875	342.7824096679688	0
					711.9354248046875	368.3097229003906	0	910.8869018554688	370.4397583007812	0	924.2771606445312	370.2519836425781	0	934.7763671875	335.47265625	0
					935.022216796875	347.9312438964844	0	937.2743530273438	431.6006469726562	0	920.8715209960938	433.1695861816406	0	923.819091796875	405.7822265625	0
					910.2461547851562	407.2200317382812	0	968.0048217773438	363.0993347167969	0	986.2332153320312	380.7528991699219	0	949.86474609375	341.0452270507812	0
					956.2965698242188	366.5727844238281	0	992.3419799804688	404.3236389160156	0	977.8883056640625	404.0260314941406	0	944.0238647460938	433.2142639160156	0
					958.2706298828125	433.2634887695312	0	853.8402099609375	446.3193664550781	0	854.8700561523438	458.4208984375	0	841.6632690429688	446.7561950683594	0
					870.4658203125	470.2589111328125	0	885.21826171875	469.89697265625	0	883.905029296875	500.7064819335938	0	871.3327026367188	458.2846069335938	0
					869.3385620117188	446.6001586914062	0	863.4708862304688	253.2946624755859	0	856.9259033203125	297.5751037597656	0	867.3602294921875	298.9476318359375	0
					902.3771362304688	275.6122436523438	0	912.5430908203125	275.3205261230469	0	905.354736328125	266.14501953125	0	893.4974975585938	271.0258178710938	0
					867.311767578125	264.4075622558594	0	881.0391845703125	266.9619750976562	0	909.6488647460938	294.8678894042969	0	879.91552734375	299.8124389648438	0
					885.78466796875	289.5460205078125	0	875.09912109375	288.7315368652344	0	893.894775390625	256.228515625	0	876.6876220703125	253.59033203125	0
					797.3436889648438	245.5039367675781	0	787.4393310546875	241.765625	0	801.49462890625	254.9514617919922	0	789.035400390625	254.1073913574219	0
					824.9474487304688	295.2823181152344	0	811.9894409179688	300.1376953125	0	813.0985107421875	314.34130859375	0	820.4320068359375	260.673583984375	0
					812.4923095703125	254.6858367919922	0	770.5040893554688	291.552978515625	0	751.1798706054688	288.2210388183594	0	762.8126220703125	275.3689270019531	0
					743.7744140625	275.8221435546875	0	796.0421752929688	300.0457153320312	0	789.762451171875	288.5072326660156	0	805.5419921875	286.064453125	0
					782.62939453125	277.0950317382812	0	801.5352172851562	276.0874328613281	0	785.8561401367188	312.2678833007812	0	800.897216796875	313.0924072265625	0
					909.3776245117188	471.5590515136719	0	897.6004638671875	473.4007568359375	0	907.7003173828125	446.80322265625	0	896.1781005859375	445.7780151367188	0
					908.5813598632812	462.1092224121094	0	894.5810546875	464.7972106933594	0	921.0618896484375	458.132080078125	0	935.2657470703125	446.67578125	0
					920.5147094726562	446.483154296875	0	1029.001220703125	459.3776245117188	0	1028.72314453125	447.3184509277344	0	1042.137573242188	447.0580444335938	0
					1042.112670898438	461.8401489257812	0	1028.578857421875	468.8286743164062	0	1041.586059570312	470.6363220214844	0	960.9821166992188	458.1480407714844	0
					947.4755249023438	446.6546936035156	0	959.9456787109375	445.6685485839844	0	922.274658203125	595.8309326171875	0	936.7125854492188	600.641845703125	0
					934.2891235351562	580.8080444335938	0	896.9960327148438	500.6450805664062	0	1015.353393554688	470.1269836425781	0	1002.28466796875	468.9610290527344	0
					975.7709350585938	470.050048828125	0	989.506591796875	470.4567565917969	0	1016.92333984375	501.2036743164062	0	1029.1572265625	498.1935729980469	0
					938.9677124023438	562.5481567382812	0	959.4435424804688	531.4664916992188	0	950.1343994140625	558.5033569335938	0	949.119384765625	572.455322265625	0
					949.2430419921875	590.3055419921875	0	958.134033203125	546.1015014648438	0	1028.052978515625	520.4908447265625	0	1027.201416015625	532.0103149414062	0
					1028.230834960938	514.05224609375	0	1039.828491210938	499.3604125976562	0	1017.232360839844	514.5010986328125	0	1004.820007324219	511.8112487792969	0
					1655.516845703125	260.5092163085938	0	1639.167236328125	272.2852478027344	0	1665.942504882812	275.3827209472656	0	1661.008056640625	250.5997772216797	0
					1654.501342773438	210.8475189208984	0	1646.468505859375	250.8252410888672	0	1632.794311523438	258.8160400390625	0	1631.2958984375	245.4889526367188	0
					1659.05517578125	239.4512023925781	0	1630.320678710938	206.7066497802734	0	1641.193359375	209.5043334960938	0	1659.811401367188	224.3822784423828	0
					1591.740112304688	278.9056701660156	0	1620.379760742188	255.0337829589844	0	1617.692138671875	241.7093200683594	0	1609.3349609375	251.0225067138672	0
					1589.116943359375	211.6990966796875	0	1604.338256835938	212.3439331054688	0	1596.278076171875	225.4230804443359	0	1619.10546875	210.8431396484375	0
					1614.24072265625	226.1151428222656	0	636.2568359375	210.3648986816406	0	648.7164306640625	210.1736755371094	0	643.1007690429688	218.9294891357422	0
					622.4998168945312	211.2581787109375	0	622.0345458984375	249.4800109863281	0	633.31982421875	261.295166015625	0	602.3800659179688	226.7023773193359	0
					599.3056030273438	238.12890625	0	639.1278076171875	246.9174499511719	0	644.6347045898438	231.4009246826172	0	649.590087890625	259.3118591308594	0
					628.0719604492188	296.2244262695312	0	637.378173828125	285.990966796875	0	644.3422241210938	302.3706970214844	0	665.0206909179688	259.1956176757812	0
					676.7277221679688	260.6098327636719	0	711.9533081054688	288.8948364257812	0	708.7431030273438	277.6698303222656	0	607.3718872070312	356.1900329589844	0
					620.1658325195312	357.7350769042969	0	624.8152465820312	372.9202270507812	0	643.8762817382812	318.5439453125	0	657.4698486328125	244.8690490722656	0
					661.6549682617188	210.9060363769531	0	702.1363525390625	236.1784820556641	0	700.3612060546875	219.1444091796875	0	685.8463745117188	256.0603942871094	0
					689.5990600585938	210.7203826904297	0	700.2754516601562	207.9100646972656	0	675.7261962890625	211.6613006591797	0	654.0891723632812	220.8822479248047	0
					1395.226806640625	400.2271118164062	0	1399.7666015625	388.7550659179688	0	1406.379638671875	387.7975769042969	0	1383.82080078125	391.5565795898438	0
					1378.976928710938	392.967041015625	0	1189.060546875	495.990966796875	0	1128.023681640625	479.2009887695312	0	1120.19189453125	492.7636108398438	0
					1141.606811523438	491.8182067871094	0	1135.627563476562	492.6742553710938	0	1154.325073242188	497.5484619140625	0	1158.305297851562	491.8239135742188	0
					1168.423583984375	498.12939453125	0	1174.856079101562	492.003662109375	0	1180.637939453125	497.7133483886719	0	1165.72509765625	491.9585571289062	0
					742.7413940429688	412.582763671875	0	735.22998046875	396.0077514648438	0	747.1849365234375	398.2933349609375	0	770.8599853515625	394.399658203125	0
					753.8171997070312	394.1668090820312	0	741.86328125	393.5645751953125	0	756.8082885742188	377.2847595214844	0	740.882568359375	378.7144470214844	0
					768.8411254882812	388.9454956054688	0	715.8349609375	376.23486328125	0	710.6817016601562	388.4960021972656	0	688.6900634765625	388.5863342285156	0
					702.244873046875	394.1255493164062	0	916.3991088867188	396.7901306152344	0	960.61083984375	386.2392272949219	0	975.1539306640625	385.3492431640625	0
					981.4563598632812	387.6838989257812	0	958.7405395507812	375.6341552734375	0	869.9887084960938	493.9241943359375	0	862.8399658203125	497.8411560058594	0
					863.0928955078125	479.996826171875	0	855.96533203125	481.4845275878906	0	855.8665161132812	494.0115966796875	0	848.9647216796875	480.3583374023438	0
					848.9104614257812	492.529296875	0	832.0050659179688	455.8924865722656	0	819.7684326171875	480.9675903320312	0	815.812255859375	494.260498046875	0
					822.1719970703125	492.7044982910156	0	828.1495361328125	482.2060241699219	0	961.5442504882812	480.5948181152344	0	968.5753173828125	479.2811279296875	0
					975.50830078125	493.1053466796875	0	954.859375	491.8343811035156	0	982.440185546875	496.6233520507812	0	968.64111328125	497.2103271484375	0
					961.7190551757812	493.33642578125	0	954.4609375	479.2454528808594	0	947.4848022460938	480.7297973632812	0	948.142333984375	493.4456787109375	0
					941.7215576171875	497.4320678710938	0	954.8875732421875	497.3428955078125	0	940.4947509765625	479.6559448242188	0	935.6617431640625	493.6519165039062	0
					928.87109375	496.7855834960938	0	922.2528076171875	493.7328491210938	0	916.0574951171875	497.5693359375	0	903.3294677734375	497.62646484375	0
					909.90087890625	493.6841735839844	0	903.494140625	492.1752624511719	0	916.4760131835938	492.1188049316406	0	925.8201904296875	479.3621520996094	0
					916.8099975585938	479.4785766601562	0	903.58740234375	480.7262573242188	0	910.0167846679688	481.4949645996094	0	933.2924194335938	481.1233520507812	0
					1392.399658203125	493.4138793945312	0	1386.135009765625	493.1394958496094	0	1395.415771484375	498.3306884765625	0	1399.619750976562	493.4674682617188	0
					1406.569213867188	496.856689453125	0	1388.060302734375	476.0291442871094	0	1389.16748046875	488.7457275390625	0	1381.161376953125	479.4421997070312	0
					829.473876953125	735.4359741210938	0	848.41943359375	741.93310546875	0	833.6031494140625	741.4141235351562	0	848.5475463867188	734.7111206054688	0
					726.4500732421875	456.1049499511719	0	707.7730712890625	495.0381469726562	0	695.77587890625	496.198974609375	0	714.7889404296875	498.7124633789062	0
					701.8641357421875	498.9410400390625	0	714.5772705078125	493.4698181152344	0	741.9308471679688	493.0894165039062	0	747.8167724609375	496.2167663574219	0
					741.5628662109375	499.0696716308594	0	752.4677124023438	499.5833129882812	0	292.7671508789062	369.863525390625	0	300.7586059570312	360.4820861816406	0
					315.179931640625	400.6940612792969	0	1500.199462890625	491.9439086914062	0	1492.714111328125	492.9963073730469	0	1487.425659179688	488.8070678710938	0
					1508.1591796875	508.8877868652344	0	1508.087036132812	495.8383178710938	0	1501.917846679688	498.1553649902344	0	1515.037231445312	490.2164001464844	0
					1500.896484375	507.34423828125	0	1500.72265625	478.1287841796875	0	1490.344116210938	498.0275573730469	0	1496.477783203125	497.7371826171875	0
					1487.176025390625	494.0889587402344	0	1487.855712890625	508.1017761230469	0	1481.290893554688	512.0059814453125	0	1433.184814453125	497.6621704101562	0
					1436.527099609375	492.91748046875	0	1438.979248046875	497.912353515625	0	1454.203125	512.1786499023438	0	1458.087890625	497.7965087890625	0
					1455.517822265625	492.6972045898438	0	1451.53515625	497.4034118652344	0	1461.1298828125	508.2758483886719	0	1474.56787109375	508.1685791015625	0
					1467.890625	512.1808471679688	0	1460.372436523438	478.165283203125	0	1461.155151367188	493.5344848632812	0	1454.223388671875	475.7349548339844	0
					1459.942260742188	488.7635498046875	0	1394.692504882812	477.9172973632812	0	1447.642333984375	508.1214294433594	0	1427.714111328125	508.5328369140625	0
					1421.783935546875	507.7822265625	0	1429.299560546875	491.267578125	0	1440.531494140625	511.4723510742188	0	1444.996337890625	497.5555419921875	0
					1441.838500976562	493.5967407226562	0	1422.74365234375	495.6971130371094	0	1414.579467773438	475.6640930175781	0	1406.072998046875	489.9293212890625	0
					1395.256713867188	488.7044372558594	0	1421.437744140625	477.6969909667969	0	1435.227416992188	488.1924438476562	0	1421.987060546875	489.5809631347656	0
					1428.084228515625	475.6271362304688	0	1441.082153320312	475.3581848144531	0	1447.708374023438	477.7357482910156	0	1422.136474609375	446.8723754882812	0
					1434.897338867188	445.9339294433594	0	1447.693359375	446.0129089355469	0	1406.536865234375	444.2012329101562	0	1487.400390625	477.5434265136719	0
					1514.8095703125	476.4747009277344	0	1500.103393554688	446.7879638671875	0	1413.628784179688	373.1530456542969	0	1573.072998046875	362.4595642089844	0
					1585.357177734375	373.6267700195312	0	1583.013671875	361.3931884765625	0	1578.9365234375	370.8991088867188	0	1613.4580078125	363.1730346679688	0
					1598.464233398438	360.2792663574219	0	1596.826904296875	374.9467468261719	0	1621.565185546875	379.5311889648438	0	1604.7841796875	379.2966003417969	0
					1611.463623046875	385.4049987792969	0	1618.68603515625	385.219970703125	0	1620.66015625	399.2062377929688	0	1651.694091796875	386.4074096679688	0
					1654.850341796875	398.437255859375	0	1648.26025390625	380.7472839355469	0	1645.423095703125	386.1754150390625	0	1582.753173828125	386.2029724121094	0
					1551.247802734375	431.3995971679688	0	1566.01708984375	431.3975219726562	0	1581.632080078125	431.3751831054688	0	1562.249267578125	385.9180603027344	0
					1557.2294921875	398.7791137695312	0	1563.349975585938	399.7776794433594	0	1569.984252929688	386.5863037109375	0	1576.528686523438	386.4169921875	0
					1576.703125	399.8226928710938	0	1569.771240234375	398.771484375	0	1541.546630859375	384.758544921875	0	1551.5595703125	400.2905883789062	0
					1545.443237304688	399.8552551269531	0	1548.852905273438	388.5152587890625	0	1533.91748046875	387.2392272949219	0	1538.75732421875	401.7339782714844	0
					1530.196044921875	401.374267578125	0	1555.759643554688	388.7871398925781	0	1600.84716796875	386.00439453125	0	1606.41552734375	431.0585327148438	0
					1597.1552734375	431.0667724609375	0	1620.159912109375	431.34521484375	0	1634.520751953125	431.3438720703125	0	1458.165283203125	360.0686645507812	0
					1518.703857421875	371.1878356933594	0	1513.814086914062	386.3046264648438	0	1526.082885742188	372.9062194824219	0	1534.395874023438	372.2845764160156	0
					1554.26123046875	381.8001708984375	0	1566.179931640625	361.8912658691406	0	1526.689819335938	385.5793151855469	0	328.1027221679688	386.5676574707031	0
					348.5073852539062	400.6380004882812	0	336.5484924316406	400.2183532714844	0	329.7312622070312	398.5918884277344	0	312.5436706542969	410.9794006347656	0
					321.7264099121094	399.6256103515625	0	278.2225952148438	379.9932556152344	0	368.7001953125	364.688720703125	0	355.4615173339844	366.5172119140625	0
					371.3679809570312	350.1253356933594	0	357.2850341796875	352.6779174804688	0	343.6387634277344	367.6654968261719	0	385.8255004882812	399.2662048339844	0
					392.5827331542969	399.9473876953125	0	377.9290771484375	397.8070983886719	0	369.6562805175781	386.2793579101562	0	379.9046325683594	375.1865844726562	0
					386.7962646484375	376.1229248046875	0	368.3687133789062	376.1015014648438	0	368.1896667480469	397.8890380859375	0	313.9732055664062	360.56005859375	0
					330.2517700195312	369.7070007324219	0	287.7891540527344	369.6867065429688	0	288.1293640136719	360.3886413574219	0	1153.8212890625	719.5538940429688	0
					1156.212524414062	735.0643920898438	0	1170.218505859375	747.1629638671875	0	1195.140502929688	759.9845581054688	0	1152.143798828125	782.0858154296875	0
					1122.23095703125	759.0228881835938	0	1133.530151367188	760.007568359375	0	1128.90869140625	755.9638061523438	0	1174.141479492188	823.3612670898438	0
					1183.403564453125	822.291259765625	0	1128.96044921875	769.8753662109375	0	1123.052978515625	774.158447265625	0	1116.552856445312	778.3424682617188	0
					1130.87109375	777.946533203125	0	1134.760620117188	772.0194091796875	0	1144.44970703125	783.271240234375	0	1136.68994140625	784.4188842773438	0
					1141.465087890625	791.8692016601562	0	1115.94775390625	770.3341674804688	0	1148.240600585938	720.8193359375	0	1122.271728515625	735.246826171875	0
					1128.401611328125	740.4667358398438	0	1141.94873046875	740.3851318359375	0	1135.902709960938	735.0466918945312	0	1142.763427734375	732.879150390625	0
					1076.277099609375	741.758056640625	0	1078.5947265625	720.3363647460938	0	1063.8955078125	720.7306518554688	0	1063.671752929688	741.5089111328125	0
					1067.668212890625	735.512451171875	0	1049.779418945312	761.4064331054688	0	1115.720336914062	762.533447265625	0	1111.745971679688	789.3777465820312	0
					1108.6611328125	774.4779663085938	0	1092.164794921875	760.7579956054688	0	1094.29052734375	784.044921875	0	1100.234252929688	784.3310546875	0
					1096.554565429688	772.2135009765625	0	1101.924072265625	774.8443603515625	0	1089.419799804688	768.5032348632812	0	1073.61279296875	767.2041015625	0
					1083.98681640625	760.328857421875	0	1076.678100585938	755.792724609375	0	1069.892456054688	760.1864624023438	0	1088.878662109375	754.8773803710938	0
					1077.033569335938	762.2809448242188	0	1105.55029296875	787.2569580078125	0	1156.142456054688	802.6622314453125	0	1148.974365234375	797.7672729492188	0
					959.9964599609375	776.2909545898438	0	966.5517578125	780.9840698242188	0	963.3485107421875	788.3829345703125	0	954.1611328125	804.4348754882812	0
					960.0552978515625	802.6961669921875	0	966.796630859375	800.3261108398438	0	980.011962890625	796.6075439453125	0	927.8858032226562	779.1641235351562	0
					889.7599487304688	763.2620849609375	0	897.8402099609375	759.7349853515625	0	935.7975463867188	786.7711181640625	0	958.2730712890625	783.5677490234375	0
					956.5035400390625	790.8146362304688	0	944.088134765625	794.0419311523438	0	949.2067260742188	785.9391479492188	0	953.9039306640625	779.06591796875	0
					948.0280151367188	769.521240234375	0	940.5906982421875	781.2103881835938	0	941.2483520507812	788.1996459960938	0	906.3109130859375	760.1552734375	0
					913.5780029296875	760.49755859375	0	909.6834106445312	772.6283569335938	0	916.5228271484375	768.0968017578125	0	902.8189697265625	767.8278198242188	0
					921.837890625	774.6210327148438	0	921.5950927734375	760.4282836914062	0	916.7009887695312	754.7257690429688	0	903.2891845703125	753.2861328125	0
					915.5128784179688	774.9287109375	0	955.7523803710938	734.87890625	0	955.4408569335938	742.197021484375	0	941.7696533203125	742.1685791015625	0
					941.3700561523438	734.867431640625	0	928.16845703125	742.1397705078125	0	927.5096435546875	734.8558959960938	0	637.9286499023438	444.8765563964844	0
					635.0531005859375	431.8380126953125	0	649.703125	431.85986328125	0	632.71630859375	454.4600219726562	0	616.4677734375	456.5291137695312	0
					610.3409423828125	432.1381225585938	0	595.3798828125	432.1591796875	0	595.131103515625	445.4684448242188	0	609.0216064453125	446.3753356933594	0
					594.2483520507812	455.02197265625	0	621.5111083984375	402.44580078125	0	622.4136962890625	385.7918090820312	0	1223.412109375	781.0690307617188	0
					1229.8330078125	776.1232299804688	0	1219.885009765625	774.8121337890625	0	1208.776611328125	780.737548828125	0	1212.108154296875	786.919921875	0
					1194.570068359375	790.6619873046875	0	1202.947631835938	786.8034057617188	0	1208.1640625	793.5028686523438	0	1185.855224609375	799.9948120117188	0
					1183.347045898438	806.7302856445312	0	1197.475463867188	812.2860717773438	0	1170.1376953125	792.979248046875	0	1156.37060546875	794.4178466796875	0
					1164.27294921875	799.1441040039062	0	1162.647216796875	790.047607421875	0	1169.801147460938	807.2128295898438	0	1177.222900390625	810.6317138671875	0
					1179.301635742188	800.2111206054688	0	1156.261108398438	787.4699096679688	0	1181.281494140625	776.091064453125	0	1188.079345703125	786.3873291015625	0
					1181.447021484375	794.4552001953125	0	1176.58935546875	788.6350708007812	0	1168.626953125	784.927734375	0	1173.949951171875	771.7675170898438	0
					1181.026000976562	767.8681030273438	0	1181.820434570312	783.4398803710938	0	1189.059936523438	773.2037353515625	0	1194.272094726562	781.4328002929688	0
					1206.348388671875	769.34716796875	0	439.0332641601562	361.2578125	0	447.5905151367188	350.05859375	0	445.2046813964844	361.8866577148438	0
					623.0326538085938	494.5572509765625	0	635.9739990234375	501.3418884277344	0	648.6439208984375	501.2554626464844	0	675.9159545898438	500.204833984375	0
					668.721435546875	495.7475891113281	0	662.5111083984375	500.2083129882812	0	648.6513671875	494.3665161132812	0	802.4876098632812	494.3452758789062	0
					788.7823486328125	494.4496459960938	0	774.9832153320312	494.6770935058594	0	761.8214721679688	494.0876159667969	0	795.6437377929688	492.8838806152344	0
					809.1471557617188	498.1302490234375	0	795.6181030273438	498.2101440429688	0	782.0927124023438	498.344970703125	0	767.4071655273438	499.1242980957031	0
					756.7745971679688	457.6976318359375	0	740.2161865234375	445.8394470214844	0	729.7933959960938	444.7937927246094	0	777.4837646484375	458.2164001464844	0
					783.75390625	457.203857421875	0	782.4388427734375	445.7448120117188	0	754.5577392578125	494.6089782714844	0	689.8993530273438	500.1097412109375	0
					754.7772216796875	432.0162963867188	0	709.8685913085938	459.363525390625	0	715.4761962890625	444.749755859375	0	705.4701538085938	431.8160400390625	0
					714.8875732421875	431.9802856445312	0	702.4102783203125	457.1051940917969	0	707.1320190429688	411.7807312011719	0	689.2503662109375	394.042724609375	0
					666.2874145507812	402.9030456542969	0	675.2858276367188	392.5658874511719	0	662.4653930664062	455.6622924804688	0	649.9379272460938	445.9173278808594	0
					650.1771850585938	455.8130798339844	0	686.81494140625	445.6463317871094	0	874.6336669921875	742.0133056640625	0	861.947265625	741.97802734375	0
					835.7154541015625	734.9743041992188	0	874.6828002929688	734.7821655273438	0	860.8275756835938	752.082275390625	0	887.2282104492188	742.0467529296875	0
					1007.757080078125	734.9979858398438	0	982.5033569335938	734.9027099609375	0	1007.735473632812	742.3573608398438	0	995.36181640625	742.2886962890625	0
					982.5440673828125	742.2559814453125	0	914.5223999023438	742.1102294921875	0	900.5516967773438	742.078857421875	0	887.3092651367188	734.81005859375	0
					900.4054565429688	734.8297119140625	0	1020.396423339844	742.3514404296875	0	1035.195556640625	720.1107177734375	0	1034.919311523438	742.1365966796875	0
					1034.590209960938	735.5890502929688	0	969.08837890625	742.2262573242188	0	973.645751953125	775.8199462890625	0	981.88037109375	778.6200561523438	0
					968.21337890625	756.576171875	0	976.01416015625	762.0369262695312	0	959.817138671875	760.4898681640625	0	966.7738037109375	772.6572265625	0
					1013.335266113281	759.4041748046875	0	1018.657836914062	754.4074096679688	0	517.469482421875	501.9126892089844	0	529.7677612304688	501.1220703125	0
					530.9459228515625	495.1544189453125	0	518.0728759765625	495.2241821289062	0	608.906982421875	501.474609375	0	595.81103515625	501.5384521484375	0
					609.2530517578125	494.6454467773438	0	595.9083251953125	494.7310791015625	0	542.6727905273438	501.0555114746094	0	571.3070068359375	455.048583984375	0
					593.7215576171875	411.8886413574219	0	474.0636596679688	496.7026062011719	0	477.4394226074219	501.6150817871094	0	506.0015258789062	495.9794616699219	0
					504.0624694824219	501.9248962402344	0	489.6900329589844	501.4176330566406	0	479.9463806152344	496.3236083984375	0	490.796142578125	481.4411010742188	0
					473.9899597167969	482.3930358886719	0	383.4664916992188	347.8561706542969	0	378.0647888183594	350.2793884277344	0	394.9223327636719	362.4130554199219	0
					390.6549987792969	347.1669616699219	0	397.1365661621094	356.1229858398438	0	388.3011169433594	358.7174072265625	0	427.9450378417969	345.5588989257812	0
					432.1194763183594	360.4871520996094	0	435.3861083984375	347.1431884765625	0	424.2023315429688	359.4750366210938	0	409.4387817382812	355.5774536132812	0
					416.0421142578125	361.6002807617188	0	409.7265625	363.22509765625	0	402.9776000976562	361.4573364257812	0	398.6325378417969	374.5238647460938	0
					422.100830078125	345.98291015625	0	371.3267517089844	445.4573974609375	0	396.7375183105469	445.4854736328125	0	372.3488159179688	432.0733337402344	0
					382.2203369140625	432.053466796875	0	354.8955688476562	397.5101928710938	0	399.0928344726562	414.0442810058594	0	360.855712890625	399.9153747558594	0
					405.2684326171875	400.9367065429688	0	407.1123046875	412.2225036621094	0	398.0478515625	432.2942810058594	0	422.1903686523438	455.2970581054688	0
					421.7520751953125	445.6493530273438	0	433.9945678710938	456.3456420898438	0	461.0125122070312	455.8851318359375	0	463.8751831054688	482.4522399902344	0
					449.151611328125	416.000244140625	0	455.650390625	412.9505004882812	0	451.4977416992188	402.70263671875	0	476.1566162109375	415.96337890625	0
					469.2943725585938	412.9827880859375	0	465.5344848632812	402.64501953125	0	458.6402282714844	402.7039489746094	0	482.9306335449219	412.9244384765625	0
					476.3077392578125	433.7460327148438	0	482.7222900390625	456.7978210449219	0	489.9317321777344	444.8760986328125	0	490.0001831054688	433.7417907714844	0
					437.8685913085938	431.7178649902344	0	436.4560241699219	402.4987487792969	0	443.358154296875	413.3784790039062	0	429.573974609375	402.2799072265625	0
					423.8460693359375	431.998046875	0	556.89501953125	401.7561950683594	0	550.9834594726562	400.8908386230469	0	544.4181518554688	390.3452453613281	0
					571.2997436523438	399.8670043945312	0	579.2271728515625	413.5790405273438	0	578.1663818359375	399.570068359375	0	549.9122314453125	413.401611328125	0
					556.5810546875	414.4373168945312	0	563.4464111328125	413.0007019042969	0	563.3922729492188	399.5328063964844	0	607.3601684570312	387.56201171875	0
					615.1265869140625	388.5831298828125	0	600.3209838867188	388.531982421875	0	585.3514404296875	388.137451171875	0	593.1737060546875	387.4977722167969	0
					583.9519653320312	399.1633911132812	0	495.5766296386719	412.784912109375	0	527.5472412109375	414.8439636230469	0	535.0989990234375	412.7130737304688	0
					507.7819519042969	412.6846618652344	0	514.0543212890625	416.54638671875	0	501.7663269042969	415.6805419921875	0	540.8975219726562	431.9102478027344	0
					541.261474609375	445.6320190429688	0	556.53173828125	446.3743286132812	0	539.292236328125	456.177001953125	0	537.515869140625	400.9213256835938	0
					525.1199340820312	401.1649169921875	0	520.2202758789062	414.2005310058594	0	531.3704833984375	401.02978515625	0	544.111328125	400.8390808105469	0
					557.4219970703125	431.9007568359375	0	479.4400634765625	402.42138671875	0	472.3856811523438	402.5439147949219	0	495.2583923339844	402.9857177734375	0
					486.8688354492188	402.3701171875	0	471.9832153320312	372.9136657714844	0	448.7395629882812	377.7589111328125	0	436.0617370605469	377.6254577636719	0
					456.995849609375	373.2815246582031	0	464.5943298339844	373.6826171875	0	478.8901062011719	356.9453125	0	479.910888671875	377.0398254394531	0
					486.6769714355469	360.302001953125	0	1088.898315429688	735.7326049804688	0	1116.060546875	733.74267578125	0	1103.474243164062	734.8776245117188	0
					1103.3388671875	720.0692138671875	0	1089.505859375	742.3988647460938	0	1104.406860351562	741.8889770507812	0	1110.229370117188	735.8763427734375	0
					1116.544189453125	739.49560546875	0	1224.27978515625	794.8983154296875	0	1226.523315429688	802.7157592773438	0	1367.60546875	509.4679565429688	0
					1327.539428710938	490.346923828125	0	1329.541870117188	497.52294921875	0	1322.581787109375	508.2074890136719	0	1333.836791992188	508.0509338378906	0
					1355.311767578125	494.6536560058594	0	1339.867065429688	507.4517211914062	0	1409.654052734375	508.2672424316406	0	1388.8037109375	509.3599243164062	0
					1402.539672851562	510.8958740234375	0	1395.254760742188	508.4313659667969	0	673.731689453125	249.9408569335938	0	659.0314331054688	231.2064971923828	0
					694.7051391601562	262.2273864746094	0	698.476806640625	252.5150146484375	0	714.6458129882812	251.2016754150391	0	689.0571899414062	342.0529174804688	0
					686.5746459960938	366.2178344726562	0	669.21728515625	365.9625244140625	0	654.3306884765625	355.7575073242188	0	692.28564453125	300.696533203125	0
					637.4140014648438	360.1172180175781	0	638.1727294921875	374.3254089355469	0	651.3588256835938	371.9327697753906	0	1568.920532226562	862.5916137695312	0
					1552.586303710938	856.8431396484375	0	1567.965209960938	878.4818725585938	0	1554.310791015625	872.66015625	0	1578.786010742188	885.8431396484375	0
					1568.534912109375	889.6036987304688	0	1592.723876953125	881.7991333007812	0	1587.65869140625	895.0050659179688	0	1602.3076171875	872.8346557617188	0
					1589.053100585938	844.2460327148438	0	1595.33203125	834.70654296875	0	1628.333984375	875.4631958007812	0	1583.005615234375	904.6708984375	0
					1594.721069335938	906.1220703125	0	1601.168212890625	894.425048828125	0	1607.160522460938	883.6957397460938	0	1613.217651367188	893.6129150390625	0
					1617.264404296875	921.7628173828125	0	1611.718139648438	906.467041015625	0	1652.42822265625	924.77587890625	0	1643.773803710938	903.7549438476562	0
					1652.006225585938	914.1098022460938	0	1639.426147460938	885.906494140625	0	1557.085327148438	887.2201538085938	0	1657.593505859375	892.8695068359375	0
					1591.1953125	820.9541015625	0	1632.347900390625	848.9774780273438	0	1626.838256835938	862.1599731445312	0	1616.14990234375	848.3446655273438	0
					1613.081298828125	862.8554077148438	0	1631.070678710938	836.4849853515625	0	1644.752319335938	842.1163330078125	0	1642.987548828125	855.9168701171875	0
					1654.58203125	862.7412109375	0	1657.699951171875	850.0128784179688	0	1658.481079101562	876.2109985351562	0	1659.891723632812	833.7296142578125	0
					1617.859741210938	830.5311279296875	0	1606.841552734375	837.0014038085938	0	1599.87353515625	846.8873291015625	0	1599.2451171875	287.62255859375	0
					1585.918701171875	287.6509399414062	0	1594.436889648438	298.847412109375	0	1606.270874023438	296.7227172851562	0	1605.33740234375	308.7073669433594	0
					1618.1689453125	301.740478515625	0	1614.348510742188	286.6707458496094	0	1615.395874023438	274.7947692871094	0	1603.220703125	276.88818359375	0
					1628.158447265625	277.2372741699219	0	1630.238159179688	291.670654296875	0	1658.746215820312	282.8356628417969	0	1661.376342773438	301.1921081542969	0
					1645.63916015625	295.9095458984375	0	1641.98388671875	281.3303833007812	0	1633.234741210938	307.1229858398438	0	1411.546997070312	628.1863403320312	0
					1411.646240234375	614.8229370117188	0	1424.453002929688	630.1737670898438	0	1441.739135742188	646.8919067382812	0	1462.856811523438	657.759033203125	0
					1446.130493164062	660.9143676757812	0	1375.491455078125	604.435302734375	0	1380.042846679688	616.38232421875	0	1403.283447265625	642.2294921875	0
					1411.212768554688	605.5831909179688	0	1411.266967773438	655.4898071289062	0	1378.242919921875	697.0023803710938	0	1475.312622070312	655.290283203125	0
					1478.712890625	702.4091796875	0	1415.872436523438	527.956787109375	0	1431.247436523438	526.1371459960938	0	1436.946044921875	540.084228515625	0
					1439.483642578125	555.240234375	0	1426.80224609375	564.6295166015625	0	1410.59619140625	571.2156982421875	0	1403.149658203125	522.1268310546875	0
					1391.717529296875	526.8558349609375	0	1380.697631835938	578.9947509765625	0	1397.508666992188	584.7823486328125	0	1392.943359375	568.028564453125	0
					1380.818725585938	565.5040283203125	0	1345.344482421875	512.5628051757812	0	1359.948608398438	514.0977172851562	0	1361.462280273438	498.8295288085938	0
					1336.692260742188	514.3695068359375	0	1322.873291015625	515.1541748046875	0	1328.954956054688	522.1710205078125	0	1343.1982421875	524.1033325195312	0
					1358.571655273438	526.8699340820312	0	1376.057250976562	529.404052734375	0	1375.22998046875	514.4322509765625	0	1363.662109375	544.8007202148438	0
					1347.562744140625	539.5353393554688	0	1377.750610351562	545.3082885742188	0	1389.376708984375	540.8084716796875	0	1386.0576171875	554.8599243164062	0
					1373.5234375	556.70947265625	0	1370.754638671875	568.961669921875	0	1361.250610351562	571.575439453125	0	1355.126953125	579.5745239257812	0
					1366.314331054688	580.1032104492188	0	1401.823120117188	552.8510131835938	0	1402.78564453125	535.6286010742188	0	1257.155151367188	688.1502685546875	0
					1262.3583984375	701.9679565429688	0	1233.793701171875	666.579345703125	0	1204.922485351562	623.07373046875	0	1204.653564453125	637.5491333007812	0
					1218.809936523438	639.8912963867188	0	1228.836669921875	650.6954956054688	0	1230.70166015625	632.685302734375	0	1170.879028320312	689.4469604492188	0
					1170.798095703125	701.3280639648438	0	1187.986206054688	674.0868530273438	0	1192.692260742188	665.8570556640625	0	1188.4072265625	642.0087890625	0
					1186.466674804688	655.711669921875	0	1192.118408203125	626.1578369140625	0	1160.759399414062	622.2615356445312	0	1352.044189453125	568.3690185546875	0
					1350.246826171875	554.8948974609375	0	1343.895385742188	578.146728515625	0	1339.746948242188	565.151123046875	0	1354.011108398438	610.9906005859375	0
					1362.20654296875	602.1600341796875	0	1365.903930664062	616.0269775390625	0	1402.771606445312	619.8008422851562	0	1392.315795898438	618.0462036132812	0
					1384.354248046875	627.8405151367188	0	1397.081909179688	629.5184326171875	0	1338.920776367188	628.1246337890625	0	1352.452514648438	622.6265258789062	0
					1376.232299804688	667.3916015625	0	1376.121337890625	684.1044921875	0	1359.763671875	676.441650390625	0	1392.96533203125	657.6321411132812	0
					1388.111206054688	640.826416015625	0	1373.715209960938	625.4688110351562	0	1350.771484375	636.1797485351562	0	1363.4072265625	630.125244140625	0
					1273.476440429688	691.2427368164062	0	1288.098999023438	688.893798828125	0	1274.045288085938	705.2239379882812	0	1285.34521484375	702.467041015625	0
					1337.401245117188	641.9954223632812	0	1349.622802734375	650.146240234375	0	1336.531494140625	655.5573120117188	0	1292.068115234375	675.6592407226562	0
					1307.9140625	675.83837890625	0	1323.300659179688	672.1275634765625	0	1347.326782226562	688.2785034179688	0	1363.384399414062	696.382080078125	0
					1333.174560546875	535.9114379882812	0	1336.48046875	550.6463012695312	0	1317.624877929688	521.2412719726562	0	1308.681884765625	517.1859130859375	0
					1297.661865234375	534.5686645507812	0	1298.998901367188	521.84912109375	0	1285.281494140625	542.3956909179688	0	1280.359130859375	679.0079956054688	0
					1299.183837890625	686.3049926757812	0	1334.174926757812	695.2540283203125	0	1321.838623046875	686.3007202148438	0	1309.684814453125	692.4447021484375	0
					1298.168701171875	698.6064453125	0	1297.12255859375	714.8053588867188	0	1281.158935546875	716.0301513671875	0	1241.515014648438	751.54150390625	0
					1239.23583984375	766.4057006835938	0	1253.605834960938	774.8841552734375	0	1250.83642578125	732.48681640625	0	1242.822875976562	740.16650390625	0
					1259.875	723.7716674804688	0	1189.416381835938	719.5299072265625	0	1203.684204101562	712.3776245117188	0	1200.050659179688	727.00390625	0
					1225.32080078125	727.344970703125	0	1212.016967773438	726.130859375	0	1219.444702148438	713.9549560546875	0	1233.900390625	715.280029296875	0
					1202.328125	685.4745483398438	0	1214.076538085938	701.31591796875	0	1227.657470703125	701.308349609375	0	1245.054443359375	700.8245849609375	0
					1205.77001953125	738.7490234375	0	1217.810424804688	737.3821411132812	0	1334.549072265625	681.03759765625	0	1345.068725585938	675.7072143554688	0
					1348.11669921875	664.2117919921875	0	1335.629638671875	668.2881469726562	0	1461.601928710938	684.3107299804688	0	1457.936767578125	670.3909301757812	0
					1445.812744140625	679.202880859375	0	1402.236328125	685.674072265625	0	1405.3876953125	670.3099975585938	0	1390.301147460938	676.0335693359375	0
					1389.287353515625	770.7138671875	0	1387.75439453125	754.6254272460938	0	1402.010498046875	760.8161010742188	0	1370.2236328125	737.4320068359375	0
					1372.737060546875	724.670166015625	0	1365.364501953125	795.5555419921875	0	1412.612915039062	753.3532104492188	0	1402.39208984375	743.8192138671875	0
					1417.515502929688	742.3935546875	0	1386.8359375	718.6881713867188	0	1384.786254882812	736.5624389648438	0	1400.268310546875	726.6668701171875	0
					1387.965209960938	704.1117553710938	0	1374.89794921875	709.3363647460938	0	1411.799194335938	732.27099609375	0	1423.4033203125	730.498046875	0
					1400.4052734375	710.631591796875	0	1441.36328125	716.0933837890625	0	1447.387451171875	698.5726318359375	0	1465.949951171875	700.212158203125	0
					1430.696655273438	689.1813354492188	0	1431.13671875	671.7908935546875	0	1416.91357421875	680.3306274414062	0	1418.663940429688	666.51171875	0
					1398.569213867188	697.9625854492188	0	1388.89697265625	690.8526611328125	0	1241.281860351562	781.485595703125	0	1177.193481445312	727.8441162109375	0
					1174.693359375	739.5382690429688	0	1175.455810546875	629.173095703125	0	1111.686401367188	742.4725952148438	0	1112.155883789062	721.0260620117188	0
					1096.315185546875	737.4378051757812	0	1095.996459960938	721.7973022460938	0	1080.224975585938	697.1427612304688	0	1099.658447265625	688.662109375	0
					1111.324584960938	687.4918212890625	0	1123.548095703125	691.4344482421875	0	1135.584350585938	698.6568603515625	0	1138.68310546875	687.2269287109375	0
					1153.188354492188	695.922607421875	0	1127.486083984375	669.4521484375	0	1147.751708984375	628.5160522460938	0	1137.690185546875	658.90087890625	0
					1152.847534179688	673.3651733398438	0	1160.885009765625	638.4237670898438	0	1173.401000976562	650.29638671875	0	1179.498657226562	667.2332763671875	0
					1619.230102539062	755.1603393554688	0	1636.506103515625	753.7611083984375	0	1649.9501953125	753.5216674804688	0	1644.328369140625	766.6490478515625	0
					1637.686889648438	779.885009765625	0	1653.0341796875	779.5340576171875	0	1603.018310546875	809.772705078125	0	1600.90673828125	792.5475463867188	0
					1588.164428710938	805.2501831054688	0	1584.611328125	790.4574584960938	0	1625.619140625	779.2649536132812	0	1629.998413085938	767.800537109375	0
					1616.6953125	772.1380615234375	0	1500.58349609375	662.3175659179688	0	1511.746459960938	666.3538818359375	0	1514.291625976562	652.3361206054688	0
					1498.33642578125	648.3637084960938	0	1536.724365234375	658.067138671875	0	1543.576049804688	676.3513793945312	0	1538.951538085938	647.229736328125	0
					1551.249267578125	642.609130859375	0	1549.514892578125	654.8032836914062	0	1494.3349609375	634.1302490234375	0	1483.893798828125	645.5387573242188	0
					1528.201538085938	651.6797485351562	0	1510.097045898438	636.8370971679688	0	1486.848022460938	659.0587158203125	0	1489.6513671875	673.185546875	0
					1500.939453125	695.1622314453125	0	1490.150146484375	698.4442138671875	0	1495.267333984375	685.728271484375	0	1523.926513671875	661.4361572265625	0
					1629.98095703125	643.0823974609375	0	1609.776611328125	667.3265380859375	0	1628.214599609375	665.659423828125	0	1645.889770507812	641.401611328125	0
					1660.2275390625	644.53759765625	0	1655.775146484375	663.4262084960938	0	1643.534790039062	661.7698364257812	0	1645.612060546875	672.2288818359375	0
					1565.2587890625	779.9086303710938	0	1557.859008789062	770.0140991210938	0	1570.192749023438	766.0936889648438	0	1578.803466796875	777.5563354492188	0
					1584.807983398438	745.7189331054688	0	1601.040893554688	750.404296875	0	1603.821533203125	766.154296875	0	1586.58349609375	762.3987426757812	0
					1593.464721679688	777.9992065429688	0	1544.962768554688	766.6859130859375	0	1541.624877929688	749.4193115234375	0	1558.692504882812	753.8162841796875	0
					1528.447021484375	745.9501953125	0	1522.321533203125	734.5368041992188	0	1553.095947265625	719.8710327148438	0	1541.145385742188	722.08154296875	0
					1500.56884765625	707.8947143554688	0	1517.762451171875	686.0318603515625	0	1532.367309570312	683.8892211914062	0	1549.834106445312	688.4100341796875	0
					1555.87890625	676.1805419921875	0	1597.846801757812	667.5585327148438	0	1608.637084960938	645.280029296875	0	1563.322021484375	651.1276245117188	0
					1612.255126953125	722.3126220703125	0	1615.472045898438	680.217041015625	0	1628.649780273438	723.996826171875	0	1645.746948242188	727.3536987304688	0
					1633.249755859375	682.5794677734375	0	1651.430053710938	685.4144897460938	0	53.74784851074219	237.0549926757812	0	68.02552795410156	240.9144134521484	0
					50.71229934692383	221.7811279296875	0	63.84346389770508	228.1742248535156	0	57.75173950195312	251.9800262451172	0	40.00776672363281	211.6814270019531	0
					52.52592086791992	209.191650390625	0	39.35698318481445	221.9427795410156	0	66.95065307617188	212.5045318603516	0	62.55546951293945	268.4917602539062	0
					71.75239562988281	254.7352142333984	0	514.6609497070312	338.7305908203125	0	510.2819519042969	353.2721557617188	0	497.6480712890625	356.6112670898438	0
					499.3690795898438	341.5198059082031	0	471.1409912109375	354.03857421875	0	484.5263061523438	338.9613647460938	0	492.7294921875	377.1201782226562	0
					454.1992797851562	352.3361511230469	0	549.1744995117188	433.4158630371094	0	535.3861083984375	446.5314636230469	0	548.6055297851562	445.6115112304688	0
					522.5781860351562	472.9232177734375	0	566.7049560546875	366.6674194335938	0	580.3212890625	364.510009765625	0	555.0546264648438	365.7698974609375	0
					431.1531677246094	433.4365234375	0	444.2072448730469	430.3776550292969	0	496.3106689453125	429.4400024414062	0	483.2212829589844	429.4278259277344	0
					496.6094665527344	446.2251892089844	0	469.2526245117188	429.4421997070312	0	454.1732788085938	473.5371704101562	0	455.2502136230469	485.3528442382812	0
					441.9177856445312	445.3582763671875	0	456.2984619140625	445.3875732421875	0	439.9015502929688	461.7149353027344	0	454.28173828125	461.0817260742188	0
					427.0614624023438	459.9535522460938	0	414.5378112792969	458.1883850097656	0	414.9521484375	446.2492065429688	0	428.3544311523438	446.2576599121094	0
					481.9566040039062	473.518310546875	0	468.8426818847656	471.0996398925781	0	485.3509216308594	463.77880859375	0	468.9901428222656	458.6091613769531	0
					494.8533325195312	467.6969909667969	0	496.2561645507812	457.0586853027344	0	513.3729858398438	482.685791015625	0	509.7185974121094	468.8869018554688	0
					390.0671997070312	433.5769958496094	0	360.797607421875	394.6198120117188	0	390.6117553710938	445.3609924316406	0	378.3447875976562	446.19873046875	0
					359.6473999023438	267.4401245117188	0	355.4478759765625	302.8172607421875	0	345.252685546875	291.0482177734375	0	380.576904296875	290.4718322753906	0
					371.7991943359375	256.6101684570312	0	372.0530700683594	272.0972290039062	0	365.3876647949219	315.2216796875	0	371.2475891113281	299.3248596191406	0
					402.0995788574219	354.6601257324219	0	417.7021484375	354.6443481445312	0	443.2424011230469	326.4963684082031	0	428.7023010253906	329.0487976074219	0
					433.4694519042969	338.1444091796875	0	442.5780639648438	342.2328491210938	0	409.5712890625	314.9749450683594	0	414.5785522460938	300.6835632324219	0
					384.923095703125	339.6151733398438	0	389.0830993652344	328.4368896484375	0	374.0183715820312	330.0079040527344	0	375.7255249023438	343.2268981933594	0
					389.4315795898438	228.1437072753906	0	404.8287963867188	208.9941864013672	0	419.5278625488281	214.7426147460938	0	426.1811218261719	257.9118041992188	0
					415.516845703125	254.5746459960938	0	410.5685729980469	264.2005920410156	0	378.8836669921875	238.8790893554688	0	395.7338256835938	240.2283935546875	0
					403.1239624023438	253.2839660644531	0	398.1103210449219	265.2187194824219	0	384.6217956542969	267.5503540039062	0	388.7121276855469	253.6284484863281	0
					362.0948486328125	242.0458984375	0	386.4054565429688	302.0576171875	0	380.167724609375	315.0659484863281	0	360.3887329101562	327.005859375	0
					394.8820495605469	315.3504028320312	0	457.0433349609375	288.7238159179688	0	443.0249938964844	293.2320251464844	0	441.7642517089844	307.4168090820312	0
					426.3763732910156	314.7986450195312	0	356.8565368652344	254.6780853271484	0	346.9851989746094	244.9889526367188	0	335.9227294921875	234.0684204101562	0
					343.9894104003906	262.3653869628906	0	326.1193237304688	263.8659057617188	0	331.7973022460938	248.8208618164062	0	363.9056396484375	214.4602508544922	0
					366.7934265136719	229.1510009765625	0	377.1916198730469	210.0831604003906	0	377.7540283203125	222.3787689208984	0	390.4600830078125	213.5951385498047	0
					347.9400634765625	211.6293029785156	0	336.0442810058594	207.3892059326172	0	351.4776306152344	228.0307312011719	0	336.9302368164062	219.9349365234375	0
					323.7646484375	212.8062133789062	0	336.0084228515625	321.2030334472656	0	349.0288696289062	331.1921997070312	0	351.0989685058594	317.1304931640625	0
					324.9920349121094	307.6846618652344	0	340.3820190429688	305.3832092285156	0	284.7386474609375	258.4547119140625	0	272.0552062988281	263.0076293945312	0
					275.9902038574219	251.4517669677734	0	285.4237060546875	245.2302093505859	0	253.8324737548828	275.65087890625	0	258.3683166503906	264.7383422851562	0
					294.9084167480469	238.13525390625	0	298.9893493652344	251.8546752929688	0	314.348876953125	224.8759002685547	0	308.2620239257812	211.7797088623047	0
					326.5660095214844	225.7239532470703	0	321.9764404296875	236.9867553710938	0	307.3929748535156	237.7898254394531	0	315.9916381835938	250.7297821044922	0
					123.8452377319336	211.5099792480469	0	109.4406280517578	211.2979583740234	0	85.21791839599609	212.2531127929688	0	79.64395904541016	228.6670532226562	0
					98.53824615478516	223.0584106445312	0	97.64998626708984	209.3161163330078	0	115.9179077148438	223.9328460693359	0	123.7784423828125	236.8869323730469	0
					108.2748718261719	237.0929870605469	0	139.0455169677734	210.0533905029297	0	131.4448394775391	223.8031921386719	0	131.5710906982422	249.7735290527344	0
					139.5061645507812	262.5235900878906	0	146.9388427734375	249.6933288574219	0	154.6438751220703	262.5350341796875	0	169.9873657226562	236.9136962890625	0
					154.5209350585938	236.7563781738281	0	162.1236419677734	223.6441497802734	0	179.2082214355469	222.3516998291016	0	273.4087524414062	239.9035491943359	0
					271.7192993164062	225.6572570800781	0	284.5458374023438	231.6437225341797	0	264.343017578125	250.720703125	0	258.4572448730469	234.8123474121094	0
					247.7862243652344	250.4950408935547	0	232.8564300537109	242.3070526123047	0	243.9608917236328	235.2702178955078	0	298.2589721679688	224.2464904785156	0
					283.6033325195312	216.7831115722656	0	269.685791015625	210.4277801513672	0	260.6446838378906	220.4586944580078	0	319.6742858886719	388.2550048828125	0
					1481.974975585938	364.2304077148438	0	1065.860595703125	781.2308349609375	0	1049.180541992188	778.6544799804688	0	1033.328125	779.2109375	0
					1659.832397460938	364.8849487304688	0	1661.650634765625	477.3345642089844	0	1581.09033203125	455.5569458007812	0	1592.648315429688	461.5425109863281	0
					1568.457641601562	470.1690368652344	0	1568.096923828125	516.4158935546875	0	1595.3447265625	516.3179931640625	0	1609.640747070312	514.7841796875	0
					1581.89404296875	516.3322143554688	0	1593.494995117188	470.3186645507812	0	1606.957763671875	474.2601928710938	0	1581.013061523438	468.7303466796875	0
					1120.3203125	396.0325317382812	0	1259.443115234375	511.5768432617188	0	1274.643310546875	509.2703552246094	0	1274.654174804688	469.5498046875	0
					1262.4404296875	468.9922180175781	0	1249.05419921875	470.0733032226562	0	1381.585083007812	412.1936645507812	0	1365.26220703125	411.2011108398438	0
					1167.884521484375	462.9042358398438	0	1155.489013671875	462.3786315917969	0	1165.961547851562	511.8737487792969	0	1151.525634765625	517.307861328125	0
					1181.052734375	511.348388671875	0	915.8532104492188	380.2012329101562	0	824.1994018554688	511.2542114257812	0	834.4773559570312	512.5320434570312	0
					851.6312255859375	514.23193359375	0	861.44140625	512.0487670898438	0	825.1061401367188	459.256103515625	0	834.6876831054688	462.7349853515625	0
					848.222412109375	462.383056640625	0	928.6154174804688	460.0442810058594	0	945.521728515625	457.0216674804688	0	928.3099975585938	510.6980590820312	0
					941.38232421875	510.5976257324219	0	728.5347900390625	465.4700317382812	0	712.3029174804688	512.4276733398438	0	730.586181640625	512.6802978515625	0
					741.3837280273438	512.9452514648438	0	758.164794921875	513.4497680664062	0	1503.33203125	515.3372192382812	0	1488.15478515625	516.6336669921875	0
					1474.725952148438	516.6488647460938	0	1461.03515625	516.9522705078125	0	1462.24072265625	460.2410278320312	0	1460.71630859375	470.9422302246094	0
					995.594482421875	364.8056335449219	0	1394.409545898438	469.6514282226562	0	1446.981811523438	516.5706787109375	0	1432.708740234375	514.7237548828125	0
					1422.444213867188	515.6544189453125	0	1421.317016601562	469.0929260253906	0	1434.231811523438	469.924560546875	0	1447.805053710938	469.8726196289062	0
					1432.582641601562	459.4843139648438	0	1421.383911132812	455.1062622070312	0	1448.275390625	460.19140625	0	1393.638549804688	458.8042602539062	0
					1513.782470703125	458.1494140625	0	1500.2099609375	458.4805603027344	0	1514.428466796875	468.0264587402344	0	1500.50927734375	468.8681640625	0
					1526.447875976562	455.8074340820312	0	1419.27880859375	366.9775085449219	0	1644.828979492188	366.6670837402344	0	1628.68798828125	364.8873901367188	0
					1497.9580078125	362.4097595214844	0	1557.797607421875	363.2733459472656	0	1538.547241210938	362.8594970703125	0	1526.131103515625	363.3929748535156	0
					342.2339782714844	355.9878540039062	0	381.3229370117188	380.2897644042969	0	394.6647338867188	380.3305969238281	0	328.9826965332031	350.93115234375	0
					313.1774291992188	353.4353332519531	0	286.4707946777344	354.0836791992188	0	1167.512329101562	733.9814453125	0	1158.12109375	821.5643310546875	0
					1117.5771484375	795.3115844726562	0	957.4302978515625	810.448974609375	0	634.9278564453125	461.1977233886719	0	624.9257202148438	458.3670654296875	0
					608.7430419921875	457.6300659179688	0	1179.3681640625	748.6865234375	0	1230.499633789062	787.3724975585938	0	635.8095703125	513.57568359375	0
					624.7225341796875	513.4351806640625	0	646.4390258789062	512.2789916992188	0	662.3435668945312	513.563720703125	0	671.9584350585938	513.719482421875	0
					798.9713134765625	513.3829345703125	0	784.2169799804688	511.8199157714844	0	808.0599975585938	511.390869140625	0	767.8817138671875	511.8942260742188	0
					742.62744140625	466.4121704101562	0	757.0896606445312	467.7322387695312	0	773.0541381835938	466.9361572265625	0	783.771728515625	466.650146484375	0
					701.1845092773438	513.1327514648438	0	691.6554565429688	512.8820190429688	0	719.0197143554688	461.0140991210938	0	704.4293212890625	467.7323608398438	0
					659.8255615234375	463.7857055664062	0	677.2557373046875	466.3282470703125	0	651.097900390625	462.7872009277344	0	687.4520263671875	467.2359619140625	0
					674.8111572265625	407.723388671875	0	692.580322265625	410.5635681152344	0	540.2394409179688	514.1195678710938	0	548.7350463867188	515.35498046875	0
					564.1655883789062	519.819091796875	0	557.1432495117188	458.0952758789062	0	573.0701904296875	461.2839965820312	0	582.776123046875	461.3755798339844	0
					579.1049194335938	514.8668212890625	0	595.2014770507812	514.1634521484375	0	606.1500854492188	513.71484375	0	611.768798828125	409.5628662109375	0
					592.767578125	461.217041015625	0	101.7068939208984	249.8243103027344	0	93.42108154296875	238.9031677246094	0	116.0773849487305	250.0180053710938	0
					139.1925659179688	236.7627410888672	0	123.7283477783203	262.8105163574219	0	81.2659912109375	244.9419403076172	0	482.4586181640625	485.0767517089844	0
					501.50927734375	480.4205322265625	0	482.5850524902344	501.4130554199219	0	498.2922668457031	497.5702514648438	0	541.3062744140625	464.6847229003906	0
					536.4844360351562	476.8938903808594	0	551.3580322265625	469.7994689941406	0	548.2976684570312	457.7527160644531	0	601.842529296875	469.3311767578125	0
					600.6712036132812	456.9332885742188	0	588.719482421875	469.0183715820312	0	586.15771484375	411.2909851074219	0	601.5556030273438	409.1686706542969	0
					600.9098510742188	528.608642578125	0	586.4469604492188	513.3054809570312	0	585.5720825195312	525.2644653320312	0	573.2168579101562	524.0950927734375	0
					601.2492065429688	542.3377685546875	0	576.8278198242188	472.06591796875	0	564.5615234375	466.5395202636719	0	589.265869140625	481.1014099121094	0
					548.4833374023438	483.678466796875	0	548.5469360351562	498.2675476074219	0	536.4508666992188	499.3778076171875	0	539.781005859375	486.4891662597656	0
					557.5511474609375	513.630859375	0	571.56884765625	514.230712890625	0	589.3045043945312	498.1718139648438	0	602.510498046875	483.4782409667969	0
					602.396484375	498.0977478027344	0	532.20263671875	511.978515625	0	524.3138427734375	498.4136352539062	0	1013.464294433594	751.707763671875	0
					1024.93359375	753.6806640625	0	1017.453796386719	766.7003173828125	0	960.3240966796875	768.8161010742188	0	972.6676025390625	769.1508178710938	0
					961.405029296875	752.1907958984375	0	975.8487548828125	752.6983642578125	0	988.98095703125	778.1759643554688	0	974.4022216796875	783.2236328125	0
					988.985595703125	792.5223999023438	0	975.92822265625	738.56884765625	0	963.7156372070312	725.82763671875	0	962.458984375	738.548095703125	0
					1027.087524414062	737.6567993164062	0	1024.70703125	720.2409057617188	0	1013.935913085938	738.8154296875	0	906.3490600585938	725.9497680664062	0
					893.3443603515625	725.9488525390625	0	907.3151245117188	738.4655151367188	0	921.0545654296875	738.4874877929688	0	919.6603393554688	725.9315795898438	0
					988.7601928710938	725.9396362304688	0	988.9567260742188	738.5909423828125	0	1000.995544433594	725.8668212890625	0	1001.528259277344	738.6318359375	0
					976.2849731445312	725.9329223632812	0	1015.057067871094	723.1494140625	0	1009.416442871094	699.8507080078125	0	1021.950744628906	694.2203369140625	0
					998.0062866210938	687.47021484375	0	982.89599609375	671.8341674804688	0	1008.489013671875	689.583740234375	0	975.357177734375	700.9696655273438	0
					962.30078125	698.2000732421875	0	983.5496215820312	660.8939208984375	0	972.6364135742188	667.4728393554688	0	950.1034545898438	684.2933349609375	0
					949.51025390625	693.9163818359375	0	961.46484375	687.344482421875	0	973.2306518554688	689.4254150390625	0	938.3334350585938	687.1517944335938	0
					961.2498779296875	664.5567626953125	0	964.1357421875	637.5885620117188	0	957.7010498046875	650.2720947265625	0	951.424560546875	637.3277587890625	0
					927.72802734375	669.46044921875	0	921.9066772460938	635.548095703125	0	927.9382934570312	652.283203125	0	936.79248046875	637.42626953125	0
					944.795654296875	624.4819946289062	0	930.5748291015625	624.1189575195312	0	974.4951782226562	649.33056640625	0	911.2911987304688	645.6160888671875	0
					913.6744384765625	661.6683349609375	0	736.7161254882812	669.7855224609375	0	749.261474609375	548.7457885742188	0	764.4913330078125	550.597900390625	0
					745.5441284179688	535.6280517578125	0	758.038330078125	536.0345458984375	0	745.3243408203125	627.482421875	0	743.5740966796875	646.1273803710938	0
					729.0291748046875	646.299560546875	0	694.4886474609375	583.5421752929688	0	694.1673583984375	593.993896484375	0	724.2938842773438	553.4729614257812	0
					754.75634765625	564.0560302734375	0	772.3807373046875	567.7001342773438	0	777.839599609375	551.59033203125	0	746.11767578125	575.02587890625	0
					758.7360229492188	580.13232421875	0	759.0972900390625	623.5716552734375	0	775.2831420898438	602.9521484375	0	773.3078002929688	587.3031616210938	0
					788.4694213867188	560.6427001953125	0	788.8231201171875	579.523681640625	0	758.2550048828125	637.8258666992188	0	708.0339965820312	580.5106201171875	0
					747.1448974609375	664.3397216796875	0	761.97119140625	665.1781005859375	0	756.5880737304688	652.5512084960938	0	772.9779663085938	627.9396362304688	0
					771.9236450195312	649.2816162109375	0	788.4210815429688	621.8349609375	0	788.17236328125	638.4482421875	0	790.0426635742188	670.935302734375	0
					809.6348876953125	689.8764038085938	0	797.5948486328125	689.1762084960938	0	803.6157836914062	627.7021484375	0	880.8328247070312	725.9325561523438	0
					880.9066162109375	738.4132080078125	0	893.8387451171875	738.4422607421875	0	774.4334716796875	688.1626586914062	0	853.9385986328125	751.54248046875	0
					868.28857421875	755.560791015625	0	841.8648681640625	669.0482788085938	0	851.695556640625	658.0335083007812	0	817.41748046875	658.3616333007812	0
					818.594482421875	639.3289794921875	0	834.3150024414062	651.484375	0	833.7232055664062	628.738037109375	0	828.7364501953125	667.4249877929688	0
					802.91796875	665.2431640625	0	803.2489013671875	647.573486328125	0	859.572265625	686.9698486328125	0	856.0146484375	725.7780151367188	0
					855.395751953125	738.3456420898438	0	868.365478515625	738.381591796875	0	868.4802856445312	725.8964233398438	0	900.4830322265625	669.38720703125	0
					876.39404296875	690.0411376953125	0	866.7657470703125	662.8284912109375	0	883.7400512695312	663.1581420898438	0	862.610107421875	646.2681884765625	0
					874.4833984375	651.2859497070312	0	916.7379150390625	622.6585083007812	0	895.7449951171875	624.0017700195312	0	897.4476318359375	638.859619140625	0
					908.124267578125	631.1943359375	0	905.6780395507812	620.4907836914062	0	885.5791015625	646.2291870117188	0	885.335693359375	631.9739990234375	0
					873.8426513671875	637.95166015625	0	860.5951538085938	628.0521850585938	0	874.7347412109375	623.9124145507812	0	910.3648681640625	700.3104858398438	0
					912.0260009765625	690.183349609375	0	895.5280151367188	694.7426147460938	0	898.6932983398438	654.1519775390625	0	925.6480712890625	688.7314453125	0
					922.1885986328125	699.0841674804688	0	935.9713134765625	697.7376708984375	0	685.0318603515625	407.9784545898438	0	662.7520751953125	411.1949157714844	0
					694.3153686523438	446.4007263183594	0	680.4736328125	445.5181579589844	0	696.0094604492188	463.1841735839844	0	642.2800903320312	484.0989990234375	0
					642.30078125	471.33935546875	0	631.1288452148438	482.1408081054688	0	627.5531005859375	469.71923828125	0	656.9464111328125	446.4258728027344	0
					655.8381958007812	456.586181640625	0	668.50048828125	461.3727722167969	0	633.4222412109375	406.0259094238281	0	628.49365234375	394.3246765136719	0
					700.0950317382812	409.4559936523438	0	682.2344970703125	391.9954833984375	0	695.0730590820312	395.5991821289062	0	697.1605224609375	433.33203125	0
					716.549072265625	412.2125854492188	0	802.1180419921875	553.32275390625	0	800.1713256835938	568.0922241210938	0	815.8346557617188	545.837158203125	0
					815.6082153320312	565.2285766601562	0	805.8302612304688	581.7411499023438	0	774.394287109375	535.3875732421875	0	764.2052612304688	523.0394287109375	0
					750.3333129882812	522.808349609375	0	805.4599609375	522.1063232421875	0	816.1002197265625	517.0621337890625	0	708.1943359375	446.2577819824219	0
					712.8458862304688	468.7429809570312	0	695.90087890625	478.2104187011719	0	681.6029052734375	479.3982543945312	0	666.37255859375	475.3417053222656	0
					653.120361328125	481.5708618164062	0	696.8222045898438	501.3246765136719	0	682.8974609375	501.6758422851562	0	683.108154296875	514.9033813476562	0
					692.1751098632812	524.932861328125	0	707.898193359375	524.6495361328125	0	764.328125	446.4776611328125	0	776.8267211914062	446.7157287597656	0
					764.1508178710938	462.9405517578125	0	735.8232421875	464.9775085449219	0	750.1942749023438	462.9832763671875	0	734.7206420898438	446.4969787597656	0
					747.396240234375	446.4622497558594	0	749.8171997070312	477.3900451660156	0	764.5111083984375	477.6497192382812	0	758.7872314453125	499.7203063964844	0
					775.4996337890625	501.3863525390625	0	791.537353515625	512.0095825195312	0	788.8497924804688	501.1719665527344	0	802.436767578125	501.0929565429688	0
					778.3360595703125	479.3828735351562	0	806.8396606445312	477.9229736328125	0	791.9161376953125	477.9367065429688	0	776.197998046875	518.6202392578125	0
					790.4281005859375	524.1834106445312	0	701.1813354492188	539.9457397460938	0	710.14697265625	554.187255859375	0	694.3068237304688	555.7261962890625	0
					676.896240234375	526.3848876953125	0	683.1002807617188	542.60595703125	0	687.5780029296875	569.9983520507812	0	681.2933959960938	558.6519775390625	0
					702.3411865234375	568.91650390625	0	680.6575927734375	582.4729614257812	0	672.2010498046875	570.6212158203125	0	664.27587890625	523.8170776367188	0
					640.020751953125	538.6974487304688	0	653.4696044921875	532.294677734375	0	652.3138427734375	550.4365234375	0	635.2725830078125	554.2753295898438	0
					669.08984375	554.2554931640625	0	658.8905639648438	564.85693359375	0	628.570556640625	527.6777954101562	0	627.3350219726562	543.6365356445312	0
					643.1002807617188	523.856689453125	0	666.5568237304688	538.305419921875	0	655.1900024414062	497.6749877929688	0	654.2294311523438	518.613037109375	0
					669.0440673828125	501.5513305664062	0	629.6736450195312	497.9439697265625	0	642.280517578125	497.864013671875	0	471.7486572265625	312.2156982421875	0
					456.095458984375	312.15234375	0	452.566162109375	300.2822875976562	0	493.2859802246094	326.2420043945312	0	487.5537719726562	311.9264831542969	0
					563.9738159179688	316.7438659667969	0	550.4661865234375	312.3983154296875	0	589.8273315429688	338.1967468261719	0	577.3124389648438	312.5179443359375	0
					584.8985595703125	327.0315246582031	0	591.2357177734375	316.1757507324219	0	549.1007080078125	218.6136474609375	0	546.3641967773438	235.1875457763672	0
					561.0382080078125	210.7369232177734	0	563.1447143554688	256.9227905273438	0	549.8893432617188	251.2247161865234	0	575.8314208984375	250.0528564453125	0
					588.8863525390625	244.0806274414062	0	589.560546875	231.3899383544922	0	575.912841796875	213.2767791748047	0	590.5055541992188	217.9606018066406	0
					605.8998413085938	211.4077301025391	0	549.6617431640625	206.5832977294922	0	538.353515625	210.1612854003906	0	603.6996459960938	251.1179962158203	0
					599.254638671875	266.4029235839844	0	585.5501708984375	269.6322631835938	0	588.0791015625	257.3537902832031	0	434.7564697265625	211.820068359375	0
					447.1422729492188	210.97314453125	0	499.8263549804688	210.2487030029297	0	486.1917114257812	209.3715209960938	0	456.0514221191406	251.4032745361328	0
					448.9918823242188	261.8977661132812	0	467.5715942382812	248.1846923828125	0	462.3105163574219	262.6490173339844	0	443.4047241210938	231.7540283203125	0
					443.9716796875	247.3042755126953	0	485.5519714355469	234.0327606201172	0	478.8363342285156	244.4215393066406	0	499.3485717773438	234.3592529296875	0
					479.2493896484375	222.3941497802734	0	493.198486328125	221.9496459960938	0	472.4773864746094	211.0275726318359	0	459.5155029296875	211.2593994140625	0
					441.97900390625	220.3592376708984	0	432.5096435546875	238.608642578125	0	432.0670776367188	224.8607635498047	0	490.2020874023438	246.2581481933594	0
					494.5828552246094	258.8302917480469	0	478.4188232421875	258.8023681640625	0	552.156005859375	274.3955993652344	0	551.5215454101562	264.1447143554688	0
					563.55712890625	270.6543884277344	0	535.0498046875	248.818359375	0	528.5248413085938	236.0755462646484	0	513.7391357421875	235.4857177734375	0
					519.4144287109375	248.2758026123047	0	563.7898559570312	291.0018920898438	0	550.9649658203125	293.8368530273438	0	563.835205078125	303.4649047851562	0
					531.676025390625	326.4192504882812	0	527.3416137695312	314.2258911132812	0	537.7879638671875	316.3050842285156	0	543.6441650390625	327.4708251953125	0
					515.4913330078125	313.3932800292969	0	520.3640747070312	325.8370361328125	0	502.4168701171875	312.4819030761719	0	507.5971069335938	326.3687133789062	0
					504.3897094726562	247.1540832519531	0	481.3273010253906	296.5429077148438	0	464.9042358398438	299.8598327636719	0	470.6491394042969	289.2214965820312	0
					486.2451171875	271.833984375	0	1432.103271484375	899.9022216796875	0	1454.228393554688	883.84814453125	0	1511.968505859375	871.7713623046875	0
					1497.201171875	862.476806640625	0	1527.416870117188	874.333984375	0	1504.464599609375	885.7548828125	0	1484.344970703125	872.3724975585938	0
					1497.583374023438	875.6638793945312	0	1489.9580078125	885.9273681640625	0	1532.49072265625	899.7498779296875	0	1539.97021484375	883.988037109375	0
					1518.327026367188	902.6935424804688	0	1520.570434570312	887.7652587890625	0	1540.96923828125	912.1830444335938	0	1548.549194335938	899.3114013671875	0
					1526.611328125	912.5076904296875	0	1506.03857421875	906.7794189453125	0	1509.354370117188	896.0646362304688	0	1514.906982421875	913.2841186523438	0
					1504.038940429688	921.0357055664062	0	1519.490966796875	923.3864135742188	0	1547.203491210938	924.38232421875	0	1533.4306640625	923.6908569335938	0
					1095.00732421875	845.7117919921875	0	1080.692749023438	847.6878662109375	0	1086.922119140625	832.9747314453125	0	1072.987548828125	834.4901733398438	0
					1061.602783203125	834.6759643554688	0	1065.328125	849.2137451171875	0	1243.5185546875	838.9384765625	0	1229.177734375	845.6319580078125	0
					1228.3828125	862.0086669921875	0	1228.472900390625	877.6588745117188	0	1216.51171875	885.313232421875	0	1238.701782226562	870.7076416015625	0
					1244.001708984375	857.1558227539062	0	1214.866943359375	851.7666015625	0	1241.95751953125	883.905517578125	0	1230.181274414062	894.8611450195312	0
					1142.819580078125	884.9094848632812	0	1162.357177734375	891.2099609375	0	1149.391723632812	900.9619140625	0	1160.202270507812	908.5546875	0
					1128.708374023438	870.6524658203125	0	1111.0078125	875.0429077148438	0	1172.676391601562	875.37646484375	0	1188.606689453125	875.8896484375	0
					1173.864624023438	905.2060546875	0	1169.058349609375	917.58642578125	0	1194.922241210938	890.540283203125	0	1206.479370117188	891.4913940429688	0
					1180.181396484375	890.3563232421875	0	1188.5068359375	903.9813232421875	0	1215.307861328125	900.01416015625	0	1202.20703125	902.8739013671875	0
					1182.658325195312	919.6204223632812	0	1173.060180664062	925.3671264648438	0	1109.137451171875	893.8427734375	0	1098.932739257812	885.80322265625	0
					1134.2431640625	904.0055541992188	0	1124.31201171875	888.4992065429688	0	1119.722900390625	902.541015625	0	1134.072509765625	917.8653564453125	0
					1399.424072265625	884.4421997070312	0	1379.451782226562	898.2101440429688	0	1376.212158203125	875.9290771484375	0	1389.078125	879.0853881835938	0
					1377.737060546875	849.4476318359375	0	1391.54150390625	848.8192749023438	0	1370.55029296875	863.6517944335938	0	1387.328735351562	863.5609130859375	0
					1360.577758789062	850.4319458007812	0	1357.016845703125	836.9402465820312	0	1369.590576171875	836.330810546875	0	1345.90869140625	856.7552490234375	0
					1334.505737304688	860.5626831054688	0	1356.431030273438	867.0234375	0	1342.2734375	870.91552734375	0	1346.884033203125	842.941650390625	0
					1365.014526367188	875.5177612304688	0	1365.487182617188	896.3919677734375	0	1347.72412109375	898.3317260742188	0	1330.754272460938	900.9308471679688	0
					1316.58935546875	900.2504272460938	0	1289.408203125	847.142333984375	0	1293.551025390625	834.4974975585938	0	1335.313110351562	835.216796875	0
					1285.314819335938	884.5104370117188	0	1403.474853515625	872.1248779296875	0	1402.879272460938	855.998779296875	0	1411.508056640625	885.5592651367188	0
					1417.96826171875	848.1605224609375	0	1434.732788085938	849.3778686523438	0	1439.691772460938	860.9229736328125	0	1426.117553710938	887.34423828125	0
					1436.81982421875	874.715576171875	0	1439.175415039062	889.2101440429688	0	1451.42041015625	866.1972045898438	0	1387.058959960938	834.0985107421875	0
					1349.197265625	765.093994140625	0	1329.08447265625	796.1295776367188	0	1346.33349609375	791.873291015625	0	1363.550048828125	811.6705932617188	0
					1315.7158203125	798.7644653320312	0	1280.284545898438	776.2560424804688	0	1267.0625	783.0379638671875	0	1279.921875	790.8255615234375	0
					1267.87158203125	797.5157470703125	0	1292.207153320312	785.1242065429688	0	1305.699584960938	729.64111328125	0	1301.803955078125	744.0482177734375	0
					1336.010498046875	767.0452880859375	0	1302.986938476562	781.2874145507812	0	1293.7958984375	771.7679443359375	0	1297.7783203125	758.1701049804688	0
					1289.41796875	731.6604614257812	0	1273.152587890625	727.6007690429688	0	1289.601928710938	747.1163940429688	0	1281.661987304688	759.3160400390625	0
					1277.197509765625	742.4793701171875	0	1265.958251953125	751.93017578125	0	1263.352294921875	737.2796630859375	0	1332.8759765625	710.1207885742188	0
					1329.795532226562	722.43310546875	0	1320.543334960938	714.3414916992188	0	1319.143188476562	727.3033447265625	0	1340.7119140625	752.7335815429688	0
					1326.525024414062	754.0331420898438	0	1332.134521484375	737.324462890625	0	1316.229248046875	741.442626953125	0	1348.251831054688	740.2838134765625	0
					1344.26025390625	722.9655151367188	0	1359.431884765625	730.9032592773438	0	1360.290893554688	714.8349609375	0	1347.046875	704.6754760742188	0
					1360.835205078125	745.12548828125	0	1352.129272460938	752.5774536132812	0	1201.874633789062	778.2869873046875	0	1203.818603515625	763.0404052734375	0
					1186.904418945312	780.1063842773438	0	1160.225341796875	781.4136352539062	0	1174.919799804688	780.1949462890625	0	1173.47607421875	763.0975952148438	0
					1176.028198242188	795.2347412109375	0	1187.764038085938	793.4301147460938	0	1176.466918945312	804.94091796875	0	1162.155883789062	806.7932739257812	0
					1189.782836914062	805.3234252929688	0	1200.86767578125	796.0816650390625	0	1212.783081054688	768.1879272460938	0	1224.618408203125	765.6400146484375	0
					1230.270385742188	755.6488647460938	0	1215.643798828125	752.70556640625	0	1230.269897460938	742.0117797851562	0	1188.666259765625	753.5018310546875	0
					1199.735473632812	751.03564453125	0	1189.36279296875	738.2357788085938	0	588.3590087890625	433.5046997070312	0	588.572265625	445.4434509277344	0
					643.7033081054688	458.2354736328125	0	654.5678100585938	470.9647521972656	0	615.0036010742188	521.4242553710938	0	601.8392944335938	445.6034851074219	0
					602.7011108398438	433.4950866699219	0	615.9385986328125	465.2638854980469	0	642.1090087890625	433.361572265625	0	643.327880859375	447.194580078125	0
					1025.384643554688	874.6179809570312	0	969.2177734375	855.6163940429688	0	987.03759765625	841.7220458984375	0	1001.36962890625	831.6303100585938	0
					1003.581481933594	846.94287109375	0	1007.577514648438	862.5792236328125	0	1018.292236328125	850.74365234375	0	1024.478515625	865.1198120117188	0
					975.5687866210938	829.8986206054688	0	988.9962768554688	824.0202026367188	0	978.65185546875	817.1751098632812	0	964.2101440429688	832.52001953125	0
					965.1597900390625	818.8721313476562	0	969.0534057617188	844.9360961914062	0	934.6845703125	738.5079345703125	0	932.9716796875	725.8264770507812	0
					948.607421875	738.5280151367188	0	948.561279296875	722.91015625	0	922.2435913085938	751.9989013671875	0	910.494140625	753.757568359375	0
					923.6246948242188	767.7571411132812	0	909.78857421875	765.8389892578125	0	947.9086303710938	776.8776245117188	0	950.9740600585938	793.8436889648438	0
					933.6950073242188	781.9246215820312	0	895.52978515625	767.0595092773438	0	922.5844116210938	780.0369262695312	0	972.5277709960938	797.191162109375	0
					1107.588623046875	795.2680053710938	0	1083.001342773438	752.2265014648438	0	1069.78515625	752.3001708984375	0	1081.040771484375	767.8988037109375	0
					1136.019653320312	842.5839233398438	0	1143.558349609375	865.8819580078125	0	1109.43310546875	844.0260620117188	0	1123.718505859375	842.896728515625	0
					1130.505493164062	830.719482421875	0	1115.839599609375	830.4843139648438	0	1107.34814453125	817.5687866210938	0	1122.626586914062	816.2109985351562	0
					1101.248901367188	831.5301513671875	0	1147.602294921875	833.2330322265625	0	1148.25634765625	816.9512939453125	0	1137.144409179688	818.931640625	0
					1070.046752929688	875.17626953125	0	1082.181030273438	873.3588256835938	0	1076.199096679688	883.0823364257812	0	1087.049682617188	885.2298583984375	0
					1059.284057617188	876.62646484375	0	1070.102294921875	740.35302734375	0	1070.928100585938	723.4896240234375	0	1083.211059570312	738.7879638671875	0
					1135.074951171875	742.2250366210938	0	1121.745727539062	742.0711059570312	0	1126.7646484375	797.4317626953125	0	1134.396362304688	790.3212280273438	0
					1139.102172851562	776.9811401367188	0	1123.688110351562	782.0491943359375	0	1166.376831054688	861.1559448242188	0	1181.307861328125	860.5316162109375	0
					1193.016357421875	829.283935546875	0	1179.537353515625	833.1207275390625	0	1166.728271484375	821.3709106445312	0	1165.541870117188	832.8624267578125	0
					1233.25244140625	809.6613159179688	0	1228.5087890625	818.3095092773438	0	1191.677490234375	818.277099609375	0	1205.401245117188	828.5289306640625	0
					1135.7685546875	754.3036499023438	0	1123.05908203125	752.0133666992188	0	1134.39208984375	765.874267578125	0	1122.367919921875	766.4552001953125	0
					1149.9365234375	789.4603271484375	0	1164.503173828125	741.3160400390625	0	1164.9599609375	726.1416015625	0	1539.47998046875	866.85302734375	0
					1550.180786132812	783.5581665039062	0	1374.71337890625	821.6198120117188	0	1380.537841796875	793.7869873046875	0	1377.6708984375	806.4154052734375	0
					1416.665405273438	766.4378051757812	0	1403.361572265625	775.9229736328125	0	1456.71923828125	714.2892456054688	0	1449.24365234375	727.6988525390625	0
					1472.056030273438	713.8988647460938	0	1464.31005859375	729.1339111328125	0	1437.880249023438	751.7826538085938	0	1424.47021484375	753.2719116210938	0
					1443.0078125	739.4254150390625	0	1430.402099609375	741.09814453125	0	1495.09716796875	722.1889038085938	0	1507.387329101562	718.5874633789062	0
					1506.360961914062	732.9656372070312	0	1436.100463867188	729.1590576171875	0	239.30078125	290.2313232421875	0	229.2543487548828	302.0081787109375	0
					245.4034271240234	301.9437561035156	0	244.5513763427734	267.5385437011719	0	219.0682067871094	248.5604248046875	0	231.9637908935547	258.1549377441406	0
					237.0731811523438	316.3171081542969	0	208.4261474609375	238.3355407714844	0	221.0253753662109	233.9202728271484	0	197.2926483154297	241.5605010986328	0
					176.7703552246094	250.5172576904297	0	185.2244873046875	238.4125061035156	0	169.2467803955078	262.8023681640625	0	162.0364685058594	249.8609924316406	0
					143.7630310058594	283.792724609375	0	252.9385681152344	318.3790893554688	0	258.4551391601562	302.7496643066406	0	283.6834411621094	368.7174072265625	0
					270.0194091796875	297.5903625488281	0	268.55078125	313.8683471679688	0	267.0210876464844	344.1002197265625	0	279.8132934570312	343.4365234375	0
					265.6707458496094	331.1994323730469	0	281.3092346191406	325.0249938964844	0	293.9916381835938	348.028564453125	0	279.3820495605469	354.6736755371094	0
					296.2052001953125	318.6741943359375	0	294.6968994140625	334.7204284667969	0	282.8358154296875	308.2861022949219	0	310.4478454589844	312.1832885742188	0
					297.0608520507812	302.519775390625	0	338.1392822265625	334.6052551269531	0	326.6268920898438	332.021728515625	0	332.8427429199219	342.9062194824219	0
					320.0747985839844	343.6435852050781	0	310.8355407714844	329.3580627441406	0	321.786376953125	320.47802734375	0	305.922119140625	343.8486328125	0
					321.9443359375	353.0799255371094	0	336.9786071777344	350.5522155761719	0	374.9466247558594	378.2642517089844	0	387.6297302246094	382.5643920898438	0
					349.995849609375	356.559814453125	0	349.1869812011719	367.140625	0	364.9428100585938	352.2190856933594	0	361.989501953125	365.702880859375	0
					336.3250122070312	395.070068359375	0	348.6439208984375	394.6176147460938	0	1532.435546875	350.8167724609375	0	1514.136108398438	362.7345581054688	0
					1518.603881835938	350.9618530273438	0	1547.522338867188	352.7405395507812	0	1548.43505859375	366.688720703125	0	1563.032348632812	366.2199401855469	0
					1546.994018554688	381.8900146484375	0	1504.453979492188	353.2333679199219	0	1505.481689453125	366.4119567871094	0	1489.651611328125	353.8771057128906	0
					1499.94677734375	322.1576843261719	0	1510.935546875	309.5357360839844	0	1523.067993164062	313.8043212890625	0	1495.8056640625	303.217041015625	0
					1508.0166015625	293.245849609375	0	1551.45361328125	305.9269714355469	0	1534.89013671875	310.3399658203125	0	1563.130859375	295.0013427734375	0
					1550.0341796875	288.8364868164062	0	1571.902221679688	284.7232055664062	0	1438.568359375	259.802490234375	0	1461.734741210938	249.0396423339844	0
					1454.598022460938	298.4059753417969	0	1495.338134765625	231.3719329833984	0	1508.276123046875	235.4810638427734	0	1504.260986328125	222.6114349365234	0
					1492.063110351562	221.3249816894531	0	1481.10888671875	213.5472717285156	0	1465.198608398438	210.4351043701172	0	1474.514038085938	251.6248016357422	0
					1483.35009765625	261.1926879882812	0	1485.90234375	248.3183288574219	0	1487.124877929688	327.8046875	0	1474.964599609375	353.1185913085938	0
					1483.969116210938	314.0551452636719	0	1462.2421875	351.0253601074219	0	1467.032592773438	309.6119079589844	0	1450.188354492188	352.5166931152344	0
					1510.451171875	248.3220672607422	0	1497.70703125	243.0800170898438	0	1499.447143554688	257.0966796875	0	1536.29296875	294.4895629882812	0
					1522.365234375	300.5267028808594	0	1505.3193359375	279.7521667480469	0	1492.792236328125	284.6858825683594	0	1522.233154296875	253.0870056152344	0
					1523.533569335938	261.7165222167969	0	1531.550170898438	248.6015625	0	1532.65380859375	258.6715087890625	0	1513.99365234375	259.7014770507812	0
					1551.25634765625	275.68115234375	0	1560.057006835938	282.3557739257812	0	1627.1416015625	432.82568359375	0	1613.325805664062	432.7726745605469	0
					1589.360229492188	432.7886657714844	0	1614.462158203125	410.2679443359375	0	1597.585571289062	403.5269165039062	0	1582.131103515625	408.5901794433594	0
					1547.079345703125	408.8654479980469	0	1533.843139648438	411.7751770019531	0	1568.952880859375	407.9012451171875	0	1557.783081054688	406.123291015625	0
					1573.821655273438	432.8599548339844	0	1558.378295898438	432.8702087402344	0	1621.051147460938	365.7688598632812	0	1621.00732421875	353.2825927734375	0
					1636.551147460938	353.9385375976562	0	1636.358642578125	367.1264038085938	0	1654.6083984375	380.7925720214844	0	1653.077758789062	366.9627075195312	0
					1610.287475585938	397.7592163085938	0	1597.729614257812	381.1129760742188	0	1613.883178710938	379.0365600585938	0	1629.477416992188	408.2861022949219	0
					1657.90185546875	410.8688659667969	0	1642.822387695312	401.26318359375	0	1606.079223632812	351.9056396484375	0	1605.840209960938	363.3126220703125	0
					1593.084350585938	349.463623046875	0	1545.709716796875	322.8804931640625	0	1577.57666015625	315.8914184570312	0	1571.78466796875	353.7501831054688	0
					1561.455444335938	351.0072631835938	0	1581.546264648438	351.0401916503906	0	1602.524658203125	323.274658203125	0	1619.682495117188	319.5321960449219	0
					1591.1650390625	312.0852661132812	0	1425.770629882812	355.4474182128906	0	1437.980834960938	352.43408203125	0	1411.588256835938	355.4585876464844	0
					1409.128784179688	314.6541442871094	0	1405.553955078125	296.5973205566406	0	1374.112548828125	331.318115234375	0	1544.3271484375	432.8201293945312	0
					1547.923706054688	447.376953125	0	1530.836303710938	461.405029296875	0	1523.000366210938	406.93701171875	0	1522.083374023438	462.6097106933594	0
					1520.8525390625	473.1305541992188	0	1508.57958984375	446.0821228027344	0	1491.208740234375	446.0708923339844	0	1493.411987304688	463.7969665527344	0
					1493.655639648438	475.008544921875	0	1507.83154296875	474.5123596191406	0	1507.159057617188	463.2815856933594	0	1400.610107421875	447.2552490234375	0
					1414.02978515625	445.766845703125	0	1401.41357421875	464.1206970214844	0	1417.96826171875	460.4185180664062	0	1441.07373046875	444.7909851074219	0
					1428.9072265625	447.2316589355469	0	1424.62451171875	460.43017578125	0	1454.6416015625	465.8116455078125	0	1454.549682617188	457.8871154785156	0
					1440.84912109375	464.4022216796875	0	1428.171142578125	466.9120178222656	0	1414.34716796875	466.8997192382812	0	1440.6640625	488.8734741210938	0
					1400.595092773438	488.1016235351562	0	1475.260620117188	527.4534912109375	0	1461.070068359375	528.431640625	0	1469.9912109375	541.6317749023438	0
					1453.132934570312	544.4534301757812	0	1439.5185546875	519.353515625	0	1453.8876953125	520.389892578125	0	1446.112426757812	527.9149169921875	0
					1487.1064453125	526.3663330078125	0	1484.5712890625	539.0234375	0	1496.263671875	521.600830078125	0	1497.04345703125	533.7274169921875	0
					1386.913452148438	457.631103515625	0	1387.428588867188	465.628173828125	0	1039.076538085938	299.6551208496094	0	1025.122192382812	300.8385925292969	0
					1034.83447265625	313.9801635742188	0	1044.544311523438	327.2566833496094	0	1030.76806640625	328.1837158203125	0	987.5228271484375	366.3441772460938	0
					1002.954406738281	366.6922302246094	0	1000.890747070312	357.9596557617188	0	1010.565795898438	355.6152038574219	0	1016.254028320312	329.3627624511719	0
					1020.703979492188	314.8881530761719	0	1005.903991699219	315.3138732910156	0	989.73974609375	313.7344970703125	0	948.77490234375	315.0525512695312	0
					951.8922119140625	301.5155944824219	0	1454.354125976562	487.9603576660156	0	1466.805053710938	469.0729675292969	0	1479.359130859375	466.7907104492188	0
					1471.650756835938	463.3967895507812	0	1468.001220703125	520.3251342773438	0	1481.312133789062	519.8141479492188	0	1495.08349609375	511.9405212402344	0
					1506.860595703125	488.04443359375	0	1494.62353515625	487.3736572265625	0	1561.512573242188	377.4757690429688	0	1479.271362304688	295.6053161621094	0
					1453.5390625	260.0162963867188	0	1468.158447265625	260.561279296875	0	283.2105407714844	381.7594909667969	0	169.0395965576172	287.0078735351562	0
					186.6738586425781	288.3033142089844	0	203.8659820556641	306.1144714355469	0	204.3600921630859	293.6027526855469	0	218.9437713623047	291.8033142089844	0
					214.1456909179688	304.4771423339844	0	232.0680389404297	273.2869567871094	0	183.2733154296875	263.4537048339844	0	190.7860107421875	251.7135467529297	0
					197.3827819824219	264.4891357421875	0	204.7314147949219	251.9027557373047	0	215.4164886474609	266.8169250488281	0	1579.850463867188	834.4647827148438	0
					1575.6962890625	816.8837280273438	0	1561.77294921875	793.73046875	0	1572.793334960938	788.5081176757812	0	1573.621826171875	800.9166870117188	0
					1558.842041015625	810.724853515625	0	1482.214599609375	899.0377807617188	0	1492.197265625	910.255126953125	0	1497.375244140625	897.3087768554688	0
					1487.686279296875	923.52099609375	0	1473.76025390625	885.3983154296875	0	1464.180908203125	901.489990234375	0	1452.491088867188	914.7667846679688	0
					1446.59326171875	900.2399291992188	0	1452.427490234375	925.9188842773438	0	1437.380126953125	912.2223510742188	0	508.9949645996094	259.7538452148438	0
					499.1814575195312	269.2257080078125	0	512.2938842773438	299.0662841796875	0	539.8982543945312	271.9984436035156	0	540.40576171875	259.7275085449219	0
					525.6171875	262.5039978027344	0	747.3153686523438	501.8950805664062	0	750.1168823242188	512.0387573242188	0	721.0927124023438	519.9015502929688	0
					734.7942504882812	526.5067749023438	0	708.0314331054688	501.6070251464844	0	709.4653930664062	479.7890014648438	0	841.3490600585938	722.968505859375	0
					841.4254760742188	738.275146484375	0	831.9510498046875	719.9591064453125	0	823.9816284179688	690.68408203125	0	815.45703125	699.4942626953125	0
					863.6676025390625	698.67041015625	0	706.5269165039062	604.5811767578125	0	704.747314453125	593.5056762695312	0	719.3011474609375	569.4803466796875	0
					737.4965209960938	562.123046875	0	719.1680908203125	587.07568359375	0	733.4310913085938	580.0270385742188	0	745.8929443359375	601.7953491210938	0
					730.7542724609375	624.359619140625	0	734.21337890625	635.880615234375	0	722.3052368164062	635.1254272460938	0	718.5753784179688	623.0507202148438	0
					746.0579833984375	588.7662353515625	0	759.743896484375	597.9371337890625	0	107.1824035644531	263.7793579101562	0	94.73291015625	270.5736389160156	0
					94.18502044677734	259.3156127929688	0	77.09033203125	265.5428466796875	0	73.76960754394531	273.8846740722656	0	83.91661071777344	274.3247985839844	0
					86.74114990234375	265.2652282714844	0	83.68199920654297	256.6058959960938	0	90.89079284667969	249.9032745361328	0	294.8355102539062	208.79443359375	0
					309.8264465332031	265.1405334472656	0	281.2766723632812	271.6795349121094	0	294.7422180175781	267.5802917480469	0	271.0857849121094	286.6119079589844	0
					283.8277587890625	292.0692443847656	0	297.2677307128906	289.4857788085938	0	311.7893981933594	294.4515991210938	0	329.5960388183594	292.4551391601562	0
					420.1463928222656	264.360595703125	0	445.3677368164062	282.8316345214844	0	1601.489135742188	693.1928100585938	0	1586.69140625	684.5580444335938	0
					1599.703491210938	677.4517211914062	0	1584.623168945312	720.1614379882812	0	1599.231811523438	719.1657104492188	0	1586.925537109375	671.8549194335938	0
					1571.841430664062	676.6303100585938	0	1574.455444335938	690.518798828125	0	1563.628540039062	697.680908203125	0	1563.135986328125	685.88427734375	0
					1551.344604492188	700.5523681640625	0	1567.375244140625	723.6651611328125	0	1247.44873046875	718.937744140625	0	1238.44287109375	729.3595581054688	0
					1256.528564453125	711.9736328125	0	1401.0693359375	498.9354553222656	0	1388.828491210938	498.0950317382812	0	1659.891845703125	906.6976928710938	0
					1661.979248046875	918.0514526367188	0	1663.549438476562	927.2225952148438	0	1600.196044921875	920.0013427734375	0	1584.57958984375	916.1634521484375	0
					1571.22705078125	922.562744140625	0	1559.217163085938	927.4267578125	0	1557.560668945312	913.4342041015625	0	1572.534057617188	908.8844604492188	0
					1575.6181640625	897.209228515625	0	1563.297607421875	899.2769775390625	0	602.33544921875	310.0350952148438	0	602.0634765625	292.6439208984375	0
					616.3660888671875	288.0574951171875	0	615.2818603515625	302.9922485351562	0	616.3272705078125	265.011474609375	0	909.6439208984375	500.58837890625	0
					922.2526245117188	500.4324340820312	0	934.78125	513.909423828125	0	935.2506713867188	500.3714294433594	0	921.5281372070312	514.0769653320312	0
					933.477783203125	471.2322998046875	0	921.4338989257812	468.8475646972656	0	946.783935546875	469.5975952148438	0	937.7860107421875	459.9949951171875	0
					941.16064453125	521.6903686523438	0	953.7744750976562	521.0109252929688	0	947.7470703125	513.7008056640625	0	961.6361083984375	500.324462890625	0
					948.1940307617188	500.405029296875	0	961.3096923828125	469.5033569335938	0	975.7936401367188	500.138427734375	0	835.810546875	299.4668273925781	0
					819.701416015625	283.8795166015625	0	849.6688842773438	315.8842468261719	0	847.663330078125	304.306396484375	0	862.77685546875	287.5079650878906	0
					853.4468994140625	261.3546752929688	0	817.59521484375	468.7156677246094	0	828.9303588867188	472.3265380859375	0	841.6736450195312	461.7139587402344	0
					841.95361328125	471.5967102050781	0	855.8118286132812	470.550537109375	0	843.4295043945312	512.6174926757812	0	855.6925048828125	500.8392333984375	0
					869.9127197265625	500.7723083496094	0	815.837890625	501.0280456542969	0	842.308837890625	526.0613403320312	0	826.9154663085938	522.2901611328125	0
					943.483154296875	369.4896545410156	0	946.7499389648438	409.4885864257812	0	961.6624755859375	403.6298522949219	0	933.99755859375	413.4692077636719	0
					925.0541381835938	396.0337219238281	0	922.89404296875	380.4162292480469	0	907.0623779296875	384.9668884277344	0	908.6163940429688	394.6710205078125	0
					933.74853515625	370.51904296875	0	726.7800903320312	411.1319274902344	0	709.1119995117188	396.5669250488281	0	722.3654174804688	371.5542907714844	0
					749.277099609375	380.4411315917969	0	764.8359375	376.3852233886719	0	747.4550170898438	391.5324401855469	0	762.9854736328125	392.9446411132812	0
					735.42333984375	410.7178649902344	0	733.7652587890625	370.5116271972656	0	1173.21728515625	513.341796875	0	1174.394653320312	499.1203308105469	0
					1161.252685546875	497.8865661621094	0	1163.245239257812	526.1145629882812	0	1145.531005859375	528.7274169921875	0	1141.614990234375	517.2965087890625	0
					1149.013427734375	470.4591369628906	0	1135.104736328125	470.9908142089844	0	1122.3818359375	498.7321472167969	0	1133.672485351562	499.5206909179688	0
					1161.6025390625	469.2533264160156	0	1173.611572265625	470.7346801757812	0	1148.298461914062	460.0645141601562	0	1161.771728515625	461.5790100097656	0
					1287.053100585938	283.4923706054688	0	1280.598266601562	300.0590515136719	0	1265.513549804688	302.3399658203125	0	1253.822631835938	304.352294921875	0
					1244.900390625	285.2674865722656	0	1243.35302734375	297.8790588378906	0	1239.475830078125	273.5820007324219	0	1264.466186523438	247.4801483154297	0
					1250.5498046875	249.4815063476562	0	1286.46630859375	268.5424194335938	0	1373.788940429688	406.5418090820312	0	1390.872680664062	408.7040405273438	0
					1388.799682617188	391.3955383300781	0	1384.76025390625	376.7359008789062	0	1375.855224609375	368.2512817382812	0	1386.956420898438	366.3043518066406	0
					1339.427734375	394.6469116210938	0	1351.246826171875	380.6163330078125	0	1364.62939453125	372.2767333984375	0	1352.68896484375	370.9934692382812	0
					1365.18310546875	359.1480712890625	0	1474.286865234375	384.6504821777344	0	1153.610717773438	388.1799621582031	0	1258.978759765625	491.6559143066406	0
					1367.663452148438	387.380615234375	0	1152.147338867188	491.5293884277344	0	941.7351684570312	387.8682861328125	0	835.2755126953125	492.6185607910156	0
					941.48046875	491.9564514160156	0	729.7721557617188	493.6373596191406	0	1474.689819335938	493.5008239746094	0	1471.186401367188	497.5435485839844	0
					1477.812866210938	497.8505249023438	0	1632.6005859375	385.6600952148438	0	355.459716796875	385.4556579589844	0	1153.58203125	762.620849609375	0
					1104.665893554688	762.0637817382812	0	781.896728515625	493.0184020996094	0	676.5296020507812	494.3395690917969	0	996.6573486328125	760.385986328125	0
					568.7081909179688	494.9019775390625	0	467.4910278320312	497.8677368164062	0	359.6553344726562	444.7798767089844	0	463.91650390625	445.5211791992188	0
					995.2194213867188	492.8619995117188	0	890.5618286132812	492.2579650878906	0	1100.346557617188	493.8508911132812	0	1421.221313476562	388.0282287597656	0
					1528.969970703125	496.3086853027344	0	1049.351196289062	735.5789184570312	0	382.4784545898438	361.3612670898438	0	1301.47119140625	478.4058837890625	0
					1341.788330078125	494.2135620117188	0	1336.451049804688	497.760498046875	0	1222.62939453125	478.8079528808594	0	1224.750122070312	508.9110412597656	0
					1328.80908203125	478.1538696289062	0	1354.218139648438	477.9916076660156	0	797.34765625	456.903564453125	0	648.4832153320312	389.0463562011719	0
					1353.232788085938	508.924560546875	0	503.6811218261719	401.908203125	0	489.47607421875	415.881591796875	0	542.8925170898438	414.5666198730469	0
					462.5450439453125	415.9792175292969	0	447.5509643554688	456.6906433105469	0	476.3551940917969	455.028564453125	0	399.1369323730469	400.47998046875	0
					391.8588562011719	412.4672546386719	0	395.944091796875	454.1557312011719	0	491.5462036132812	495.40380859375	0	485.7702331542969	496.09814453125	0
					543.0560302734375	495.0748901367188	0	1021.465576171875	759.9908447265625	0	967.322265625	764.9464721679688	0	995.6083374023438	786.2721557617188	0
					995.2045288085938	734.9205322265625	0	861.9705810546875	734.7518310546875	0	659.1461181640625	402.3359985351562	0	770.1146240234375	456.777099609375	0
					1196.457397460938	774.58935546875	0	1167.245361328125	776.3602294921875	0	1183.140625	789.2647705078125	0	1172.6669921875	799.9459838867188	0
					1193.487670898438	799.8400268554688	0	582.6016845703125	454.7883911132812	0	954.0269775390625	772.7257080078125	0	1078.414672851562	735.2827758789062	0
					1073.141479492188	735.56640625	0	1128.38037109375	762.8566284179688	0	277.5879821777344	360.3370361328125	0	342.2913513183594	397.6727905273438	0
					1542.332885742188	371.2420349121094	0	1511.441772460938	371.2185668945312	0	1658.274780273438	386.6212768554688	0	1606.075927734375	386.6470336914062	0
					1591.1572265625	372.4805297851562	0	1434.61328125	477.7626953125	0	1407.7880859375	477.8557739257812	0	1434.809448242188	507.2271423339844	0
					1448.034790039062	490.724853515625	0	1566.73828125	373.074462890625	0	700.9453735351562	493.8042907714844	0	968.6234741210938	491.6985778808594	0
					862.9532470703125	492.437744140625	0	809.2755737304688	492.7890319824219	0	702.7870483398438	386.7878112792969	0	1127.897583007812	494.3170166015625	0
					1183.064331054688	491.4646911621094	0	1355.521118164062	402.3947448730469	0	1382.103759765625	402.8676147460938	0	1393.423583984375	389.6982116699219	0
					1345.0419921875	386.7220458984375	0	1234.05126953125	490.5848693847656	0	1274.9521484375	478.9589538574219	0	1176.302001953125	392.3084716796875	0
					1179.050537109375	386.4932861328125	0	1166.432006835938	400.5161743164062	0	1568.0380859375	507.8429565429688	0	1556.529663085938	488.6095886230469	0
					1554.099365234375	494.0738830566406	0	1551.290405273438	488.732177734375	0	811.0634765625	390.1170043945312	0	1501.402709960938	386.3418884277344	0
					1459.384765625	372.3447875976562	0	1443.072998046875	385.9375	0	1036.311889648438	373.5328063964844	0	1078.190307617188	389.2278442382812	0
					1040.086791992188	362.8017578125	0	1070.57080078125	373.1925048828125	0	1071.567260742188	359.228759765625	0	1061.54541015625	359.2587280273438	0
					1077.809936523438	371.9814758300781	0	1054.19287109375	361.2712097167969	0	1046.733154296875	360.8683776855469	0	1056.71875	373.6111450195312	0
					1072.03076171875	391.577880859375	0	1084.392822265625	390.1119995117188	0	1091.584228515625	389.0562438964844	0	1064.0595703125	378.1079406738281	0
					1076.4990234375	377.9069213867188	0	1084.857177734375	375.4197998046875	0	1091.127197265625	379.0400085449219	0	1063.466186523438	371.6614074707031	0
					1021.270263671875	385.3439636230469	0	1008.440246582031	385.5571899414062	0	1022.605834960938	377.4772644042969	0	1033.2509765625	398.1740112304688	0
					1030.4482421875	375.4849548339844	0	1037.15087890625	380.5485534667969	0	1043.1181640625	374.6856384277344	0	1049.544799804688	372.4047546386719	0
					1435.69873046875	385.9432067871094	0	1446.647827148438	379.6408386230469	0	1446.107788085938	373.4029235839844	0	1450.5126953125	385.8271484375	0
					1496.5087890625	398.5138244628906	0	1466.971069335938	360.765380859375	0	1452.972778320312	374.3060913085938	0	1451.402709960938	361.7164306640625	0
					1499.034057617188	371.2660522460938	0	1507.680297851562	388.4532470703125	0	1494.447509765625	387.5403747558594	0	1503.442260742188	399.8680419921875	0
					1510.735595703125	398.166259765625	0	427.5589294433594	372.5390014648438	0	406.0729370117188	373.5600280761719	0	392.6714477539062	374.1260375976562	0
					1663.994995117188	401.6471557617188	0	1666.275512695312	386.8739929199219	0	1661.426635742188	380.6581726074219	0	795.9620971679688	377.8343200683594	0
					1248.10205078125	372.2643737792969	0	1286.577758789062	389.4839782714844	0	1236.521362304688	382.8847045898438	0	1230.818603515625	398.02294921875	0
					1667.789428710938	492.8997802734375	0	1667.3505859375	477.0030212402344	0	1662.496459960938	489.0916748046875	0	1553.60693359375	479.1065673828125	0
					1559.19873046875	476.8746032714844	0	1541.561767578125	489.6273193359375	0	1547.194580078125	495.5200805664062	0	1554.256591796875	507.7867431640625	0
					1561.24853515625	495.0757141113281	0	1566.128295898438	488.6414489746094	0	1561.104248046875	511.7548522949219	0	1601.866577148438	510.3656311035156	0
					1588.633666992188	511.8316345214844	0	1581.976318359375	507.8167724609375	0	1609.640991210938	507.27587890625	0	1595.809936523438	497.9279174804688	0
					1594.642578125	490.9359741210938	0	1601.659423828125	494.1819458007812	0	1608.295166015625	489.8259582519531	0	1614.58544921875	496.3682861328125	0
					1621.851928710938	492.4323120117188	0	1607.607299804688	496.9680786132812	0	1594.500366210938	508.6158752441406	0	1166.818237304688	359.9193115234375	0
					1165.909057617188	376.9310302734375	0	1137.050048828125	376.5003356933594	0	1152.483520507812	376.1058349609375	0	1130.316162109375	374.367919921875	0
					1172.816284179688	401.4049987792969	0	1165.188842773438	390.0669860839844	0	1171.201782226562	389.1737365722656	0	1165.650634765625	383.5868835449219	0
					1135.2470703125	398.1849975585938	0	1129.853881835938	381.1002197265625	0	1142.771728515625	381.0216979980469	0	1116.1015625	379.3044738769531	0
					1281.298461914062	507.7283935546875	0	1280.042236328125	495.8387451171875	0	1300.89697265625	490.2855224609375	0	1268.934936523438	474.5401000976562	0
					1256.140502929688	476.3084106445312	0	1263.571411132812	478.053955078125	0	1248.243774414062	491.0507507324219	0	1241.834838867188	474.4898071289062	0
					1241.249755859375	491.3741760253906	0	1223.420532226562	490.8434143066406	0	1235.340087890625	497.1982421875	0	1246.758911132812	497.3533325195312	0
					1248.035522460938	479.4866333007812	0	1250.994506835938	508.2103881835938	0	1241.5625	498.6324157714844	0	1255.417724609375	467.0046081542969	0
					1268.857788085938	466.4997253417969	0	1279.593139648438	514.3928833007812	0	1257.6171875	523.591064453125	0	1270.408447265625	518.2197265625	0
					1144.891723632812	398.6533508300781	0	1150.541015625	409.7770385742188	0	1139.060791015625	409.5630798339844	0	1160.246337890625	406.8024597167969	0
					1122.51171875	381.818603515625	0	1137.5263671875	383.8853454589844	0	1128.080932617188	395.40869140625	0	1173.106323242188	379.7638244628906	0
					1170.528564453125	409.6017456054688	0	1147.280639648438	364.78759765625	0	1156.1640625	361.2955932617188	0	1147.74365234375	354.3663024902344	0
					1174.222290039062	365.1619567871094	0	523.2918090820312	212.7267761230469	0	511.0141296386719	208.8614044189453	0	1615.917846679688	488.7626037597656	0
					1600.438232421875	487.1878356933594	0	1587.718139648438	468.9999389648438	0	1600.112060546875	468.6175537109375	0	1588.530639648438	519.6122436523438	0
					1603.923706054688	521.0517578125	0	1582.341064453125	527.1561279296875	0	1575.116943359375	519.8290405273438	0	1561.099609375	519.8388061523438	0
					1560.970092773438	487.6721801757812	0	1574.302612304688	468.9482421875	0	1561.545288085938	468.0984191894531	0	1584.438354492188	461.3078308105469	0
					1577.642578125	461.2780151367188	0	1546.693603515625	488.023681640625	0	1583.768432617188	581.4362182617188	0	1587.410888671875	617.3342895507812	0
					1566.483154296875	606.44873046875	0	1574.892822265625	615.7548217773438	0	1590.08740234375	632.3604736328125	0	1576.540283203125	628.127197265625	0
					1572.174072265625	578.3214721679688	0	1657.874145507812	699.6752319335938	0	1665.12451171875	469.3748779296875	0	1668.710693359375	487.1981811523438	0
					1668.165649414062	497.9240417480469	0	1074.117065429688	598.2556762695312	0	1056.800048828125	576.72900390625	0	1029.835205078125	601.4133911132812	0
					1045.624267578125	585.7559814453125	0	1055.374633789062	622.1636962890625	0	1237.83251953125	395.6233215332031	0	1254.351928710938	408.0054016113281	0
					1268.021484375	404.8297119140625	0	1285.625854492188	398.1513671875	0	1282.250122070312	377.5729675292969	0	1260.40625	366.0042419433594	0
					1251.916625976562	366.5577697753906	0	835.7991943359375	363.1119079589844	0	820.9641723632812	362.5859680175781	0	829.7745361328125	376.4254760742188	0
					815.715576171875	378.1766967773438	0	813.8411254882812	405.6675109863281	0	832.2857666015625	408.2547302246094	0	823.8703002929688	391.3258666992188	0
					803.78173828125	396.7359619140625	0	804.9193115234375	381.2338256835938	0	858.90478515625	408.954833984375	0	846.97216796875	404.398681640625	0
					856.978759765625	393.1341552734375	0	863.2699584960938	365.1082458496094	0	849.0704956054688	363.7566833496094	0	853.70166015625	377.5974731445312	0
					870.4742431640625	380.2357177734375	0	871.130126953125	398.3069763183594	0	1660.301635742188	806.1486206054688	0	1656.243408203125	820.0160522460938	0
					1667.280883789062	379.6460571289062	0	1666.597045898438	364.12109375	0	1446.693115234375	609.77392578125	0	1450.407958984375	622.5488891601562	0
					1458.256469726562	603.5491333007812	0	1460.208374023438	614.6365966796875	0	1484.10546875	605.5728759765625	0	1489.466064453125	619.9043579101562	0
					1469.591064453125	604.0173950195312	0	1474.068725585938	617.719482421875	0	1478.91357421875	631.9882202148438	0	1462.06982421875	630.24609375	0
					1493.910888671875	594.5604248046875	0	1479.594604492188	578.5612182617188	0	1456.007934570312	585.9194946289062	0	1466.758056640625	579.75927734375	0
					1462.63623046875	568.15673828125	0	1474.167846679688	567.767578125	0	1431.9443359375	609.6655883789062	0	1251.708374023438	581.4122924804688	0
					1254.283447265625	596.9361572265625	0	1238.974487304688	592.2814331054688	0	1240.683349609375	577.0803833007812	0	1229.974487304688	604.7809448242188	0
					1223.31103515625	593.5104370117188	0	1260.699829101562	623.9552001953125	0	1246.251708984375	624.7420654296875	0	1248.474365234375	566.1839599609375	0
					424.9858093261719	380.3349304199219	0	413.4874877929688	379.8889465332031	0	191.8824768066406	211.7791137695312	0	847.9249877929688	569.6331176757812	0
					845.72216796875	582.2034912109375	0	834.1307983398438	571.0191040039062	0	834.4197387695312	586.6613159179688	0	811.9525756835938	598.4896240234375	0
					821.5579833984375	583.4801635742188	0	796.8975830078125	595.6360473632812	0	801.0873413085938	606.2092895507812	0	819.33056640625	622.1150512695312	0
					848.2780151367188	639.457275390625	0	846.8590087890625	624.1709594726562	0	857.7015991210938	602.4722290039062	0	870.3526000976562	598.4136962890625	0
					856.9931640625	590.4818115234375	0	857.693359375	576.5723876953125	0	1245.582641601562	805.2875366210938	0	1258.389282226562	804.350341796875	0
					1253.54833984375	791.3305053710938	0	1240.901123046875	792.843505859375	0	1256.635009765625	830.7101440429688	0	1040.130249023438	832.5580444335938	0
					1028.356689453125	840.55908203125	0	1025.855712890625	823.4439697265625	0	1041.303955078125	816.5677490234375	0	1027.037353515625	787.5614013671875	0
					1040.211181640625	788.7760009765625	0	1029.62109375	803.3880615234375	0	1044.6103515625	802.4802856445312	0	1011.654479980469	823.86181640625	0
					1014.347351074219	811.0499877929688	0	1068.780151367188	807.1449584960938	0	1074.03955078125	791.4476318359375	0	1056.946166992188	792.4884643554688	0
					1054.8671875	811.220947265625	0	1040.621704101562	777.6950073242188	0	1057.953247070312	779.0084228515625	0	1051.759155273438	856.1673583984375	0
					1052	841.0574951171875	0	1040.346313476562	847.437744140625	0	1078.30908203125	820.120361328125	0	1064.881225585938	822.3260498046875	0
					1083.5498046875	805.309814453125	0	1052.5087890625	826.3866577148438	0	1501.616577148438	819.6532592773438	0	1468.1298828125	842.9862670898438	0
					1470.19091796875	830.4149780273438	0	1482.586791992188	837.725830078125	0	1495.072998046875	806.1288452148438	0	1460.079711914062	824.2073364257812	0
					1488.2109375	791.4144287109375	0	1473.08984375	793.0661010742188	0	1495.6630859375	382.0141296386719	0	1474.121215820312	363.8848571777344	0
					1491.149169921875	367.2560424804688	0	1507.04833984375	382.3528747558594	0	1453.721069335938	380.8915710449219	0	1497.607788085938	407.8572998046875	0
					1484.759033203125	407.6064147949219	0	1455.393188476562	403.8562622070312	0	1470.936889648438	404.2789611816406	0	1439.792358398438	381.3189086914062	0
					1079.355712890625	397.0237426757812	0	1062.701049804688	392.3191223144531	0	1088.803466796875	398.0472106933594	0	1028.871215820312	382.8373413085938	0
					1042.672607421875	406.7806701660156	0	1030.6328125	409.6088562011719	0	1024.425537109375	399.2334594726562	0	1015.62451171875	397.955078125	0
					1013.751831054688	380.3569641113281	0	1070.566772460938	379.4217834472656	0	1070.264892578125	402.9958190917969	0	1056.879760742188	404.9118041992188	0
					1051.620483398438	352.3487548828125	0	1037.559204101562	354.1622314453125	0	956.8751831054688	381.63623046875	0	932.9469604492188	385.117431640625	0
					929.435546875	389.7088012695312	0	925.753662109375	386.1168212890625	0	723.6534423828125	383.5182800292969	0	717.4541015625	382.0274353027344	0
					725.823486328125	403.3419189453125	0	736.6798706054688	385.8514099121094	0	1363.846313476562	397.8460083007812	0	1373.399658203125	384.2060852050781	0
					1376.629150390625	397.1007080078125	0	1367.795654296875	383.8507995605469	0	1261.214477539062	485.2434997558594	0	1262.15185546875	503.54248046875	0
					1156.633422851562	393.5050964355469	0	1145.115966796875	390.9873046875	0	1139.973266601562	389.8861999511719	0	1581.819702148438	502.3268127441406	0
					1568.1337890625	502.3788757324219	0	1257.941772460938	385.2646484375	0	1248.964599609375	386.2059936523438	0	1270.089965820312	384.5364990234375	0
					1274.817626953125	384.3977355957031	0	1260.175170898438	380.4591979980469	0	1274.985717773438	383.0732421875	0	1252.471435546875	379.2266845703125	0
					408.7027282714844	395.0834045410156	0	420.4625549316406	395.8708190917969	0	1476.91015625	372.1365356445312	0	1469.7119140625	369.1495361328125	0
					1480.263793945312	392.3415222167969	0	1492.678588867188	392.9418334960938	0	1462.653198242188	391.6429443359375	0	1042.080932617188	387.2671203613281	0
					1056.093505859375	385.1909484863281	0	1470.755737304688	391.9525146484375	0	1487.011596679688	392.6678161621094	0	1469.018920898438	818.7200317382812	0
					839.5780639648438	612.3052978515625	0	420.5993041992188	388.9852294921875	0	414.9376525878906	395.5598754882812	0	1267.368286132812	381.6620788574219	0
					1053.33837890625	612.3021850585938	0	1576.04931640625	589.2633666992188	0	1594.863891601562	603.49755859375	0	1574.913330078125	502.3530883789062	0
					1589.72216796875	502.2967834472656	0	1162.40673828125	394.6988830566406	0	1150.500610351562	392.1697387695312	0	1269.105224609375	485.1847839355469	0
					1256.234375	503.5650024414062	0	1266.861572265625	503.5245666503906	0	1253.223388671875	485.3029479980469	0	1143.50830078125	503.9936828613281	0
					1159.698486328125	268.2937927246094	0	950.8529052734375	382.5736083984375	0	831.8353271484375	488.4380493164062	0	845.5184936523438	488.3362426757812	0
					1376.05078125	484.3890991210938	0	1582.381225585938	708.6480712890625	0	1572.080078125	708.7518920898438	0	515.590087890625	387.4238586425781	0
					514.7875366210938	394.3698120117188	0	527.6588745117188	394.0418090820312	0	407.2438659667969	274.9089050292969	0	419.3572082519531	272.8716430664062	0
					931.3644409179688	708.7710571289062	0	842.0564575195312	708.849609375	0	830.5655517578125	708.87255859375	0	735.3220825195312	489.1560974121094	0
					523.760986328125	284.1874694824219	0	510.8728942871094	284.0696105957031	0	188.8187561035156	275.9285278320312	0	306.7084655761719	385.6535339355469	0
					310.0918273925781	395.6527099609375	0	1474.632202148438	270.5927429199219	0	1485.214233398438	270.3287963867188	0	1481.10302734375	502.7098388671875	0
					1467.863037109375	502.7601928710938	0	1418.644287109375	502.9473571777344	0	1429.965087890625	341.7693786621094	0	1417.520751953125	342.4833068847656	0
					1584.786376953125	337.0955505371094	0	1570.66455078125	337.1632080078125	0	1642.474853515625	391.4994812011719	0	1468.15234375	339.4306335449219	0
					1481.600952148438	338.6069641113281	0	1539.252319335938	337.3136901855469	0	1524.55029296875	337.6352844238281	0	363.6158752441406	381.5440368652344	0
					633.1378784179688	450.7102966308594	0	1426.115478515625	909.6368408203125	0	890.8561401367188	708.7710571289062	0	880.1395874023438	708.7734985351562	0
					789.0149536132812	612.3065795898438	0	1002.158081054688	708.8463745117188	0	988.107177734375	708.8182983398438	0	566.8004150390625	376.2665100097656	0
					579.6995849609375	382.7523498535156	0	562.9613647460938	393.802490234375	0	575.4946899414062	393.9042663574219	0	455.046875	396.5488586425781	0
					468.6224670410156	396.2117919921875	0	1625.10205078125	708.9837036132812	0	1642.206298828125	709.4410400390625	0	1575.400390625	663.1552734375	0
					1590.07275390625	661.7743530273438	0	1530.02392578125	709.9044799804688	0	1108.5859375	709.23291015625	0	1096.880981445312	709.17529296875	0
					1629.820678710938	911.4563598632812	0	1632.30078125	923.0781860351562	0	1590.77587890625	855.1876831054688	0	628.6591796875	343.9704895019531	0
					673.5638427734375	269.5167541503906	0	985.575927734375	487.2942199707031	0	1000.696960449219	487.1817321777344	0	1095.289428710938	277.6840209960938	0
					1108.23583984375	275.7339477539062	0	1104.89892578125	342.9826049804688	0	1092.22998046875	486.500732421875	0	1109.472412109375	486.3724365234375	0
					1534.509887695312	502.5067443847656	0	1520.107666015625	502.5615234375	0	1629.133056640625	502.1469116210938	0	793.0750122070312	393.0696716308594	0
					1322.749755859375	591.2904663085938	0	1307.382446289062	594.8646240234375	0	889.8375854492188	612.3021850585938	0	1521.181640625	394.0834350585938	0
					998.923095703125	392.075927734375	0	1082.359741210938	366.7477416992188	0	1025.82421875	422.032958984375	0	1450.399291992188	421.3115539550781	0
					1439.627807617188	421.329833984375	0	1491.715576171875	421.2413330078125	0	1418.122436523438	795.7952880859375	0	1404.868530273438	790.325927734375	0
					1443.84423828125	807.4638671875	0	1430.552490234375	801.4120483398438	0	1534.671752929688	838.2412109375	0	1520.675537109375	835.1982421875	0
					1507.424438476562	832.0570068359375	0	1495.650146484375	828.6010131835938	0	1279.964477539062	804.7158203125	0	908.7194213867188	612.3021850585938	0
					899.14013671875	612.3021850585938	0	376.7713623046875	355.9746398925781	0	388.8396911621094	369.9891967773438	0	420.2149658203125	423.0619812011719	0
					419.1369323730469	407.8563232421875	0	1281.204467773438	666.2509155273438	0	1266.9599609375	672.9869384765625	0	1306.646118164062	647.3215942382812	0
					1308.544067382812	633.05908203125	0	1272.150268554688	612.8681030273438	0	1296.669189453125	622.5065307617188	0	1337.525634765625	589.5010375976562	0
					1294.600219726562	599.4658813476562	0	1348.551391601562	589.3439331054688	0	1230.266845703125	612.7033081054688	0	1214.042114257812	612.6450805664062	0
					1395.952270507812	596.0866088867188	0	1384.870849609375	593.9974365234375	0	1426.977661132812	599.3262329101562	0	860.7132568359375	422.3135070800781	0
					871.497802734375	422.2951965332031	0	789.2838134765625	422.4348754882812	0	821.1697998046875	422.3807067871094	0	805.4866333007812	422.4073486328125	0
					1306.113037109375	421.5567016601562	0	1201.11083984375	421.735107421875	0	1214.992919921875	421.7115478515625	0	1203.979248046875	396.2853698730469	0
					1283.730346679688	421.5947265625	0	1295.79248046875	421.5742492675781	0	1268.43408203125	421.6207275390625	0	1229.801147460938	421.6863708496094	0
					1255.5927734375	421.6425476074219	0	1243.892456054688	421.6624145507812	0	1214.390747070312	394.0106811523438	0	1120.483764648438	612.388916015625	0
					1130.989013671875	612.406494140625	0	1091.817504882812	612.3408203125	0	966.514404296875	612.3021850585938	0	1101.49951171875	612.3570556640625	0
					1078.822265625	612.3190307617188	0	1009.115966796875	612.3021850585938	0	994.9945678710938	612.3021850585938	0	1023.360473632812	612.3021850585938	0
					1058.859252929688	679.1157836914062	0	1032.8759765625	679.1157836914062	0	642.6979370117188	422.6839599609375	0	654.3444213867188	422.6641540527344	0
					1259.1923828125	905.0720825195312	0	1336.864501953125	885.3191528320312	0	1320.667358398438	887.4392700195312	0	1306.10205078125	890.4529418945312	0
					1268.77099609375	901.4993286132812	0	1641.096557617188	502.1014099121094	0	1652.20361328125	502.0591735839844	0	1663.179809570312	742.7415771484375	0
					1648.890014648438	597.5300903320312	0	1634.431884765625	597.52978515625	0	1617.2373046875	597.5294799804688	0	1609.962280273438	621.3284912109375	0
					1517.967163085938	580.1624145507812	0	1501.78759765625	583.1497192382812	0	1533.53857421875	578.797119140625	0	1548.744018554688	579.86328125	0
					1562.607177734375	583.0267333984375	0	1616.800170898438	634.5398559570312	0	1657.21337890625	420.9601440429688	0	1508.98095703125	685.2335205078125	0
					1512.27197265625	678.1924438476562	0	1056.297729492188	283.4264526367188	0	980.3407592773438	290.1021118164062	0	991.2593383789062	289.7464904785156	0
					1015.391052246094	288.1969299316406	0	1001.71142578125	289.2203369140625	0	449.2782592773438	423.0126037597656	0	462.590087890625	422.989990234375	0
					476.2198486328125	422.9668273925781	0	502.6318054199219	422.9219360351562	0	489.6316223144531	422.9440307617188	0	982.6530151367188	612.3021850585938	0
					972.58349609375	612.3021850585938	0	951.2508544921875	612.3021850585938	0	1142.603149414062	612.4373168945312	0	1151.891235351562	612.46435546875	0
					1110.936645507812	612.3728637695312	0	1066.01220703125	679.1157836914062	0	1080.009765625	679.1157836914062	0	1094.0283203125	679.1157836914062	0
					1132.054931640625	421.8524475097656	0	1119.50830078125	421.873779296875	0	1105.671630859375	421.8972778320312	0	1175.364990234375	421.7788696289062	0
					1120.676513671875	368.7679443359375	0	1293.024780273438	503.4250793457031	0	1310.751953125	503.357666015625	0	1295.494018554688	484.9884643554688	0
					1334.962158203125	503.2655944824219	0	1188.218383789062	421.7570190429688	0	1204.962646484375	485.6619873046875	0	1318.94091796875	421.534912109375	0
					1334.434814453125	421.5085754394531	0	1349.207641601562	421.4834899902344	0	1321.874389648438	484.7921752929688	0	1362.217651367188	484.4920349121094	0
					1328.26806640625	343.2899780273438	0	1360.338134765625	344.1642150878906	0	1373.42724609375	344.1711120605469	0	1387.098999023438	343.85302734375	0
					1415.813110351562	421.3703002929688	0	1428.67138671875	421.3484497070312	0	1424.94921875	392.2991027832031	0	1441.794555664062	369.4318237304688	0
					1413.919311523438	379.5022277832031	0	1401.11181640625	421.3952941894531	0	1411.056030273438	393.5315856933594	0	1387.146728515625	421.4190063476562	0
					1324.554565429688	263.6521301269531	0	1181.316162109375	346.5130004882812	0	1191.623168945312	346.091064453125	0	1202.479614257812	345.5416564941406	0
					1228.976318359375	344.0281066894531	0	1216.044067382812	344.8282470703125	0	1067.767456054688	486.6827392578125	0	1119.629150390625	344.3030395507812	0
					1108.358032226562	367.970703125	0	1095.584350585938	367.260009765625	0	1205.434814453125	263.0350036621094	0	1080.810913085938	279.8759155273438	0
					1068.31103515625	281.7682800292969	0	1120.695678710938	273.8786926269531	0	1193.765747070312	264.2203369140625	0	1182.564697265625	265.5596618652344	0
					971.4220581054688	422.1253967285156	0	1000.111694335938	422.07666015625	0	1013.750244140625	422.053466796875	0	774.0405883789062	422.4607849121094	0
					760.4757080078125	422.4838256835938	0	931.4000244140625	287.8697509765625	0	747.419189453125	422.5060119628906	0	699.136962890625	381.4624328613281	0
					934.2446899414062	355.7915649414062	0	932.89453125	422.1908569335938	0	921.2540283203125	422.2106323242188	0	972.9042358398438	351.6025390625	0
					946.4044799804688	354.9243469238281	0	960.0176391601562	353.4941711425781	0	883.3135986328125	422.2751159667969	0	905.7105712890625	283.875732421875	0
					894.6737060546875	281.7243041992188	0	806.8463134765625	266.8174438476562	0	793.2457885742188	265.9605102539062	0	893.9442749023438	487.9759521484375	0
					1019.389465332031	487.0426635742188	0	940.8818359375	440.2130126953125	0	919.7183227539062	451.0194396972656	0	915.1665649414062	451.0145263671875	0
					899.8319091796875	440.2130126953125	0	887.3864135742188	488.0247497558594	0	869.9972534179688	440.2130126953125	0	866.3555297851562	450.9618835449219	0
					878.1741943359375	440.2130126953125	0	873.6515502929688	488.126953125	0	863.0885620117188	440.2130126953125	0	856.63623046875	440.2130126953125	0
					916.7059326171875	440.2130126953125	0	933.892333984375	440.2130126953125	0	806.9298706054688	450.8977661132812	0	1009.021606445312	451.1157836914062	0
					971.6002807617188	451.0754089355469	0	1023.326110839844	451.1311950683594	0	1061.412353515625	451.1722717285156	0	1353.66064453125	440.2130126953125	0
					1354.919555664062	451.4888916015625	0	1346.952880859375	440.2130126953125	0	1348.627075195312	451.4821166992188	0	1329.368774414062	440.2130126953125	0
					1362.773315429688	451.4973754882812	0	1383.634887695312	451.5198669433594	0	1375.76904296875	451.5113830566406	0	1369.34423828125	451.5044555664062	0
					1389.400634765625	451.5260925292969	0	1341.575439453125	451.4745178222656	0	1322.394165039062	440.2130126953125	0	1335.166381835938	451.4675903320312	0
					1328.636108398438	451.4605407714844	0	1329.64453125	484.734375	0	1174.337158203125	451.2940979003906	0	1180.628784179688	451.3008728027344	0
					1219.838989257812	485.5513305664062	0	1341.935913085938	484.6429138183594	0	1301.492309570312	484.9438171386719	0	1310.641967773438	451.4411315917969	0
					1315.948608398438	451.4468688964844	0	1308.394775390625	440.2130126953125	0	1296.703491210938	440.2130126953125	0	1302.332153320312	440.2130126953125	0
					1081.423950195312	451.1938781738281	0	1084.8681640625	440.2130126953125	0	1052.274536132812	486.7980041503906	0	366.2606811523438	450.4224243164062	0
					1672	335.5146789550781	0	47.90610122680664	279.0119934082031	0	703.0011596679688	612.3021850585938	0	1026.965942382812	879.7892456054688	0
					271.8515930175781	386.3227844238281	0	312.8036804199219	423.2444763183594	0	819.0658569335938	708.8955078125	0	1672	934.9163208007812	0
					354.753662109375	440.2130126953125	0	1672	374.7337951660156	0	1672	393.6908569335938	0	1672	501.98388671875	0
					1672	482.187255859375	0	1672	710.7152709960938	0	732.017333984375	679.1157836914062	0	92.37841033935547	282.445068359375	0
					274.5914306640625	369.6714477539062	0	827.7899169921875	450.9202880859375	0	486.4971618652344	450.5521240234375	0	707.0748901367188	450.7900695800781	0
					964.2168579101562	451.0674438476562	0	858.9752807617188	450.9539184570312	0	741.5213623046875	683.3782958984375	0	403.9223327636719	450.4630432128906	0
					1672	732.6641845703125	0	1672	587.9396362304688	0	407.0404663085938	463.0542602539062	0	1672	280.519287109375	0
					373.8248901367188	451.8853149414062	0	372.5980529785156	451.6369018554688	0	373.3766784667969	451.7945556640625	0	410.0685424804688	464.4230041503906	0
					1036.3232421875	486.9166564941406	0	1048.728759765625	451.1585998535156	0	1042.272216796875	451.1516418457031	0	1029.208862304688	451.1375427246094	0
					1596.91650390625	200	0	1611.107177734375	200	0	1623.298828125	200	0	614.9848022460938	200	0
					659.12646484375	270.9374084472656	0	696.13671875	267.536376953125	0	598.808837890625	346.8085021972656	0	694.5162963867188	200	0
					785.146240234375	440.2130126953125	0	812.826416015625	488.5794677734375	0	892.534912109375	440.2130126953125	0	978.8840942382812	487.3440246582031	0
					958.1870727539062	487.4979858398438	0	913.462646484375	487.8307495117188	0	703.432861328125	489.3933715820312	0	688.9556884765625	489.5010681152344	0
					742.3203125	489.1040344238281	0	302.8555908203125	365.2877197265625	0	309.4586181640625	412.3010864257812	0	1463.660034179688	483.7373046875	0
					1397.952514648438	484.2261657714844	0	1441.09619140625	451.5818481445312	0	1432.763061523438	451.5728759765625	0	1428.405029296875	440.2130126953125	0
					1437.062866210938	440.2130126953125	0	1450.621826171875	451.5921325683594	0	1416.423095703125	451.5552368164062	0	1421.568237304688	451.560791015625	0
					1401.341186523438	451.5389709472656	0	1487.437377929688	440.2130126953125	0	1493.8740234375	451.6387939453125	0	1500.100830078125	451.6455078125	0
					1512.846801757812	451.6592407226562	0	1504.791870117188	440.2130126953125	0	1524.975219726562	483.2811279296875	0	275.4349975585938	362.8998413085938	0
					290.8908081054688	365.0306396484375	0	281.1878662109375	364.6044616699219	0	917.8630981445312	780.7666625976562	0	921.2859497070312	782.18115234375	0
					924.0443725585938	783.45947265625	0	896.9331665039062	773.5072631835938	0	890.2560424804688	770.9637451171875	0	929.459716796875	786.6488647460938	0
					933.216064453125	789.6246948242188	0	939.5161743164062	796.7885131835938	0	941.6075439453125	799.9396362304688	0	911.6412963867188	778.5438232421875	0
					645.0211181640625	440.2130126953125	0	603.7941284179688	450.6786499023438	0	597.8930053710938	450.6722717285156	0	585.4298095703125	450.6588439941406	0
					907.8667602539062	777.2976684570312	0	903.6072998046875	775.87841796875	0	799.2008666992188	488.6808471679688	0	785.2522583007812	488.7846374511719	0
					736.9881591796875	450.8223266601562	0	731.2164916992188	450.8161010742188	0	763.348876953125	450.8507690429688	0	776.2413940429688	440.2130126953125	0
					768.6124877929688	450.8564453125	0	759.3954467773438	440.2130126953125	0	662.8741455078125	489.6950988769531	0	654.8538208007812	489.7547912597656	0
					648.260498046875	489.8038330078125	0	767.3009643554688	440.2130126953125	0	720.5818481445312	450.8046264648438	0	717.3052978515625	440.2130126953125	0
					701.4767456054688	450.7840270996094	0	658.3070068359375	450.7374572753906	0	663.1593627929688	450.74267578125	0	663.0408325195312	440.2130126953125	0
					623.2902221679688	489.9896240234375	0	629.9541015625	489.9400329589844	0	642.3271484375	489.8479919433594	0	681.802001953125	450.7627868652344	0
					695.5487670898438	450.7776184082031	0	688.7325439453125	450.770263671875	0	691.9928588867188	440.2130126953125	0	824.968017578125	735.455322265625	0
					855.435791015625	757.2472534179688	0	868.5534057617188	762.3255615234375	0	862.1495361328125	759.8243408203125	0	595.9409790039062	490.1930847167969	0
					589.2819213867188	490.2426452636719	0	543.6626586914062	490.58203125	0	549.122802734375	490.5414123535156	0	498.5243530273438	511.3263549804688	0
					560.979736328125	450.6324768066406	0	468.675048828125	503.9326477050781	0	464.9512634277344	501.3194885253906	0	480.6024169921875	507.8492126464844	0
					486.2659606933594	508.8637390136719	0	492.3570556640625	510.0398559570312	0	383.8600769042969	454.3044128417969	0	378.2007141113281	452.8620300292969	0
					376.3110961914062	440.2130126953125	0	373.8248901367188	450.4305725097656	0	389.8809204101562	456.1169128417969	0	393.6322937011719	440.2130126953125	0
					368.4932556152344	440.2130126953125	0	434.7995300292969	440.2130126953125	0	428.3897705078125	450.4894409179688	0	434.7870178222656	450.496337890625	0
					423.8326416015625	450.4845275878906	0	418.3792724609375	450.4786376953125	0	426.4140014648438	440.2130126953125	0	412.8575439453125	450.4726867675781	0
					408.6789855957031	450.4681701660156	0	418.433837890625	440.2130126953125	0	454.7001647949219	450.517822265625	0	441.1331481933594	450.503173828125	0
					460.4293518066406	450.5239868164062	0	455.8168334960938	440.2130126953125	0	442.9539489746094	440.2130126953125	0	449.2001953125	440.2130126953125	0
					455.8515625	494.9337158203125	0	476.3856811523438	440.2130126953125	0	484.0629272460938	440.2130126953125	0	480.880126953125	450.5460510253906	0
					493.1953735351562	450.5593566894531	0	496.55078125	440.2130126953125	0	503.1405944824219	440.2130126953125	0	551.1715087890625	450.6218872070312	0
					544.54052734375	450.6147155761719	0	457.0336608886719	360.1016845703125	0	680.9834594726562	350.13134765625	0	667.2346801757812	347.0456848144531	0
					656.2357788085938	345.2888793945312	0	1646.680419921875	934.8680419921875	0	1622.400756835938	934.8216552734375	0	1628.210693359375	934.832763671875	0
					1659.340209960938	934.8921508789062	0	1672	885.41845703125	0	1672	874.962646484375	0	1672	862.0671997070312	0
					1672	843.7086181640625	0	1672	832.7669067382812	0	1672	291.5822143554688	0	1672	300.9142456054688	0
					1672	322.600830078125	0	1672	309.6869812011719	0	1655.977172851562	335.8904724121094	0	43.63277435302734	247.5687561035156	0
					38.42465972900391	231.9662017822266	0	46.10100936889648	200	0	32.66772842407227	200	0	26.23187637329102	209.4299926757812	0
					58.77787399291992	200	0	67.48080444335938	200	0	77.19004058837891	200	0	46.69742584228516	263.1660766601562	0
					57.76161956787109	279.5122985839844	0	559.3600463867188	355.6273498535156	0	437.3741760253906	476.0191345214844	0	415.6911010742188	466.932861328125	0
					424.3072814941406	470.485595703125	0	336.2239685058594	431.5694274902344	0	403.3253479003906	461.3954772949219	0	382.4689025878906	279.9905395507812	0
					394.6520080566406	277.7716979980469	0	413.4352722167969	200	0	404.8821411132812	200	0	370.3052978515625	200	0
					396.4822998046875	200	0	315.8489685058594	200	0	328.5440673828125	200	0	335.9473571777344	200	0
					267.6242980957031	281.068115234375	0	103.7170562744141	200	0	116.7905502319336	200	0	130.2889251708984	200	0
					517.058837890625	515.8948364257812	0	504.7553100585938	512.7518920898438	0	356.1812133789062	200	0	343.3164672851562	200	0
					511.125	514.30078125	0	445.5108032226562	482.4220581054688	0	602.6133422851562	422.7520446777344	0	587.7372436523438	422.77734375	0
					589.1346435546875	544.20556640625	0	604.6209106445312	551.522216796875	0	552.3966674804688	527.9561767578125	0	533.3640747070312	520.9055786132812	0
					541.7972412109375	523.8856201171875	0	523.929443359375	517.8602905273438	0	727.125732421875	667.852294921875	0	722.2341918945312	656.5888061523438	0
					693.6083374023438	603.547119140625	0	714.459716796875	638.6871337890625	0	711.5654296875	632.0226440429688	0	717.4411010742188	645.5521850585938	0
					683.7301025390625	595.343505859375	0	707.2872314453125	622.1715087890625	0	751.1557006835938	687.26708984375	0	760.797607421875	690.5432739257812	0
					767.8275756835938	692.4514770507812	0	826.2166748046875	741.0740966796875	0	698.23046875	422.589599609375	0	710.7992553710938	422.5682373046875	0
					778.3914184570312	488.8356628417969	0	806.1195068359375	488.6293640136719	0	676.2713623046875	589.869140625	0	669.53076171875	585.3924560546875	0
					642.4830322265625	570.2491455078125	0	630.55517578125	564.1992797851562	0	658.197265625	578.6553344726562	0	546.6325073242188	359.0887145996094	0
					589.8512573242188	200	0	604.1382446289062	200	0	542.7493896484375	200	0	549.747802734375	200	0
					427.114013671875	200	0	440.7118530273438	200	0	453.3394775390625	200	0	486.1671142578125	200	0
					478.2628173828125	200	0	569.6681518554688	281.1998291015625	0	547.7586059570312	282.9835510253906	0	480.8716125488281	281.4877624511719	0
					469.09619140625	279.4868469238281	0	1526.300537109375	934.86279296875	0	1539.975219726562	934.8017578125	0	1511.65625	934.937255859375	0
					1552.086303710938	934.7476806640625	0	1169.957397460938	931.7207641601562	0	1225.408447265625	909.7666625976562	0	1178.39013671875	931.3731689453125	0
					1185.972412109375	930.523681640625	0	1122.26318359375	917.11474609375	0	1137.018310546875	928.9146728515625	0	1163.88525390625	931.9852905273438	0
					1402.965454101562	894.7777099609375	0	1390.16162109375	890.7054443359375	0	1417.20751953125	900.7616577148438	0	1417.331909179688	915.4114379882812	0
					1405.772705078125	910.0726318359375	0	1373.65283203125	908.7147216796875	0	1390.097778320312	907.4549560546875	0	1286.890747070312	909.8163452148438	0
					1292.603759765625	893.9783325195312	0	1330.993530273438	911.8211669921875	0	1341.268798828125	911.7157592773438	0	617.6296997070312	422.7265319824219	0
					1037.768798828125	880.7630004882812	0	962.2911376953125	854.8111572265625	0	970.2501220703125	863.1348266601562	0	1011.238647460938	878.3388671875	0
					954.4112548828125	828.3710327148438	0	952.1375122070312	818.3084716796875	0	958.8563842773438	848.51220703125	0	936.548095703125	793.0419311523438	0
					956.5985717773438	840.2421875	0	948.2219848632812	810.5582885742188	0	1077.15234375	894.103759765625	0	1092.115844726562	901.9423217773438	0
					1064.463256835938	887.485107421875	0	1048.442993164062	882.3908081054688	0	233.54345703125	282.838623046875	0	243.2574462890625	282.9577941894531	0
					220.8629608154297	319.5990905761719	0	159.5360107421875	296.6905517578125	0	136.2858123779297	290.2591552734375	0	147.3614807128906	293.1375122070312	0
					147.8765869140625	275.179931640625	0	128.8189392089844	288.5451049804688	0	231.9559783935547	325.0957946777344	0	241.9317474365234	330.8490600585938	0
					263.2034912109375	348.2852478027344	0	269.7962036132812	355.6913452148438	0	256.5752563476562	341.8746032714844	0	255.3106231689453	281.9735412597656	0
					332.4734191894531	364.277587890625	0	273.2379455566406	392.6906127929688	0	322.9071960449219	423.2273254394531	0	332.9662475585938	423.2102355957031	0
					311.3482971191406	417.7050476074219	0	324.6428833007812	427.0595092773438	0	1509.121826171875	269.2328186035156	0	1495.818603515625	269.8426818847656	0
					1529.377807617188	268.3612976074219	0	1542.03173828125	268.0537719726562	0	1553.203979492188	267.7822875976562	0	1564.198486328125	267.5151062011719	0
					1628.48974609375	336.4964294433594	0	1554.672119140625	337.2398071289062	0	1454.9482421875	340.2392883300781	0	1442.168334960938	341.0220031738281	0
					1403.188354492188	343.2704467773438	0	1013.016845703125	344.6356506347656	0	999.97216796875	346.9217224121094	0	1027.0693359375	342.5357666015625	0
					1445.305541992188	271.3126831054688	0	281.096923828125	396.5005798339844	0	310.7912902832031	365.2168273925781	0	296.4995422363281	365.1971130371094	0
					162.0846252441406	275.179931640625	0	174.2543029785156	301.3764343261719	0	192.3287811279297	307.7289123535156	0	207.4753723144531	313.6991882324219	0
					1357.711547851562	910.68212890625	0	1482.004638671875	934.9474487304688	0	1496.203491210938	935.058837890625	0	1457.661499023438	933.3419189453125	0
					1438.5634765625	927.0556640625	0	1449.25244140625	931.2884521484375	0	495.2786865234375	283.1942749023438	0	537.0523071289062	283.7881469726562	0
					557.98828125	282.2147521972656	0	748.9799194335938	489.0545043945312	0	710.5743408203125	489.3402404785156	0	821.3926391601562	719.3660888671875	0
					802.7721557617188	701.6707153320312	0	106.4762420654297	284.3932189941406	0	120.4225311279297	286.8099365234375	0	84.99796295166016	281.6497802734375	0
					77.60813903808594	280.9431457519531	0	293.7149658203125	200	0	282.6184692382812	200	0	335.850830078125	278.0863647460938	0
					319.4465026855469	278.1046752929688	0	303.7949523925781	278.753173828125	0	278.6259765625	280.364013671875	0	289.8952331542969	279.6427612304688	0
					1356.129638671875	266.9662475585938	0	1672	912.0678100585938	0	1672	899.431640625	0	1672	923.4920654296875	0
					1607.167236328125	934.7926025390625	0	1585.8369140625	934.7518920898438	0	1567.69677734375	934.71728515625	0	1559.558715820312	934.7142944335938	0
					607.7512817382812	276.8758239746094	0	618.9158935546875	275.5741882324219	0	920.6787719726562	487.7770690917969	0	965.1358032226562	487.4462890625	0
					814.4197387695312	267.7285766601562	0	857.8322143554688	274.2885131835938	0	819.1002807617188	488.5328063964844	0	866.5765991210938	488.1795654296875	0
					1672	597.5305786132812	0	1672	420.9349975585938	0	1672	269.4530639648438	0	1672	200	0
					823.719482421875	729.836669921875	0	306.9912719726562	407.129638671875	0	273.1126708984375	375.1487731933594	0	276.5098876953125	364.3259887695312	0
					943.530029296875	803.1981201171875	0	827.4652709960938	746.6929321289062	0	450.6366882324219	491.2741394042969	0	472.3988342285156	506.5458374023438	0
					1059.784423828125	486.7421264648438	0	1062.06787109375	440.2130126953125	0	1067.928100585938	451.1793212890625	0	1101.660766601562	451.2156982421875	0
					1121.41015625	451.2369995117188	0	1128.092529296875	451.2442016601562	0	1130.966064453125	440.2130126953125	0	1121.429565429688	440.2130126953125	0
					1068.463134765625	440.2130126953125	0	1077.23876953125	440.2130126953125	0	1114.817749023438	451.2298889160156	0	1089.108032226562	451.2021484375	0
					1139.669067382812	440.2130126953125	0	1616.40673828125	451.7709655761719	0	1601.052490234375	451.75439453125	0	1606.756469726562	451.7605590820312	0
					1560.583251953125	451.7107543945312	0	1554.1328125	451.7037963867188	0	1566.60302734375	451.7172546386719	0	1530.52099609375	483.2398681640625	0
					1547.703979492188	451.6968688964844	0	1537.360961914062	483.18896484375	0	1543.930908203125	483.1400756835938	0	1672	437.074951171875	0
					1665.684814453125	440.2130126953125	0	1640.749145507812	482.4197692871094	0	1672	507.2970275878906	0	1654.815307617188	482.3151245117188	0
					1659.95556640625	482.2768859863281	0	1647.023071289062	482.3730773925781	0	1672	446.02197265625	0	1665.46923828125	451.8238830566406	0
					1672	458.7081298828125	0	1214.176635742188	440.2130126953125	0	1268.797607421875	440.2130126953125	0	1266.747680664062	451.393798828125	0
					1277.59423828125	440.2130126953125	0	1257.131469726562	451.3834228515625	0	1262.12060546875	451.3887939453125	0	1235.289672851562	451.35986328125	0
					1242.403442382812	451.3675231933594	0	1226.261840820312	451.35009765625	0	1224.5361328125	440.2130126953125	0	793.033935546875	440.2130126953125	0
					800.667236328125	440.2130126953125	0	813.1213989257812	450.9044494628906	0	808.3475952148438	440.2130126953125	0	818.6572875976562	450.9104309082031	0
					822.9677124023438	450.9150695800781	0	1453.527954101562	440.2130126953125	0	1444.5693359375	440.2130126953125	0	1456.903686523438	451.5989074707031	0
					1461.92919921875	451.6043395996094	0	1056.017822265625	440.2130126953125	0	1478.827880859375	440.2130126953125	0	1470.652221679688	451.6137390136719	0
					1462.240478515625	440.2130126953125	0	1470.30517578125	440.2130126953125	0	401.1591186523438	440.2130126953125	0	850.1106567382812	440.2130126953125	0
					1627.803466796875	482.5160827636719	0	1631.626220703125	451.7873840332031	0	1638.372314453125	440.2130126953125	0	1625.127075195312	451.7803649902344	0
					1645.541870117188	440.2130126953125	0	1581.142822265625	451.7329406738281	0	1585.432006835938	440.2130126953125	0	1586.529052734375	451.7387390136719	0
					1593.209350585938	440.2130126953125	0	1095.480346679688	451.2090454101562	0	1093.814331054688	440.2130126953125	0	1108.790405273438	440.2130126953125	0
					1108.161376953125	451.2227172851562	0	1101.540649414062	440.2130126953125	0	1114.9365234375	440.2130126953125	0	1148.445922851562	440.2130126953125	0
					1155.686279296875	440.2130126953125	0	983.5958251953125	440.2130126953125	0	990.476806640625	440.2130126953125	0	990.402099609375	451.0956726074219	0
					996.98974609375	451.102783203125	0	997.5396728515625	440.2130126953125	0	1002.263122558594	451.1084899902344	0	1004.499389648438	440.2130126953125	0
					924.9073486328125	440.2130126953125	0	885.3216552734375	440.2130126953125	0	526.6842041015625	440.2130126953125	0	509.7884826660156	440.2130126953125	0
					513.9445190429688	450.5817260742188	0	519.2294311523438	450.5874328613281	0	518.902099609375	440.2130126953125	0	466.1108093261719	450.5301208496094	0
					468.6060485839844	440.2130126953125	0	360.9967041015625	450.51318359375	0	356.1806030273438	447.6938171386719	0	361.6228637695312	440.2130126953125	0
					582.6448974609375	490.2920227050781	0	555.6858520507812	490.4925842285156	0	832.03173828125	748.4119873046875	0	836.5864868164062	750.1266479492188	0
					849.05322265625	754.8335571289062	0	675.2249755859375	450.7557067871094	0	669.0313720703125	440.2130126953125	0	683.5402221679688	440.2130126953125	0
					722.9263305664062	440.2130126953125	0	876.304443359375	765.3992309570312	0	872.381591796875	763.82080078125	0	578.39404296875	440.2130126953125	0
					579.3555908203125	450.6522827148438	0	567.2582397460938	450.6392211914062	0	1541.174926757812	440.2130126953125	0	1534.420288085938	440.2130126953125	0
					1532.89697265625	451.6808776855469	0	1519.985229492188	451.6669616699219	0	1526.357666015625	451.673828125	0	303.6227111816406	402.3103637695312	0
					1634.0205078125	934.853271484375	0	1672	653.8441162109375	0	19.21183776855469	200	0	1249.73681640625	908.9429931640625	0
					1672	743.6386108398438	0	1672	451.8309326171875	0	1672	440.2130126953125	0	299.1764831542969	398.4652709960938	0
					1428.373291015625	921.7197875976562	0	943.2639770507812	422.1732482910156	0	1245.955810546875	260.4580078125	0	1286.622680664062	260.7370300292969	0
					571.2406005859375	440.2130126953125	0	461.0630798339844	498.5909118652344	0	1621.908569335938	482.5599365234375	0	464.837158203125	362.1736755371094	0
					398.9667053222656	450.4577026367188	0	476.5006103515625	507.197509765625	0	743.15966796875	450.8289794921875	0	654.098388671875	440.2130126953125	0
					325.4981079101562	364.7084045410156	0	1541.744140625	451.6904296875	0	1495.95849609375	440.2130126953125	0	1408.112060546875	451.5462646484375	0
					1672	402.772216796875	0	1672	366.757568359375	0	1672	381.0527954101562	0	1672	387.371826171875	0
					1672	504.6424560546875	0	1672	473.8862609863281	0	1549.50634765625	483.0986022949219	0	1575.697387695312	451.72705078125	0
					1599.441284179688	482.7270812988281	0	1604.945068359375	482.6861572265625	0	1613.007446289062	482.6261596679688	0	1288.697998046875	485.0390014648438	0
					1246.443725585938	485.3533935546875	0	1241.499389648438	485.3901672363281	0	1280.976684570312	485.0964660644531	0	735.1531982421875	265.2972717285156	0
					722.0130615234375	265.8205871582031	0	740.432861328125	200	0	724.6419677734375	200	0	713.3741455078125	200	0
					493.9786071777344	200	0	530.6107177734375	200	0	505.5415954589844	200	0	1672	698.6649169921875	0
					1672	465.5852661132812	0	1270.216796875	200	0	1460.735717773438	200	0	824.65869140625	200	0
					1046.792236328125	200	0	1054.2392578125	200	0	846.0535278320312	422.3384094238281	0	842.6528930664062	350.988037109375	0
					1672	819.9682006835938	0	1672	807.256103515625	0	1672	796.8184814453125	0	1672	358.7813415527344	0
					1672	411.8536071777344	0	212.9586029052734	200	0	187.2038879394531	200	0	199.9337158203125	200	0
					832.272705078125	200	0	517.5040893554688	200	0	91.14002990722656	200	0	302.6140747070312	200	0
					811.0018920898438	705.0967407226562	0	200.8940124511719	311.0211791992188	0	1473.66259765625	200	0	966.028076171875	859.1945190429688	0
					1129.726196289062	923.1322021484375	0	465.9473571777344	200	0	597.6461181640625	548.212158203125	0	383.6818237304688	200	0
					67.58782958984375	280.1427612304688	0	705.3079833984375	200	0	1660.009765625	200	0	1155.2548828125	200	0
					1101.764770507812	200	0	914.399658203125	200	0	1305.861694335938	200	0	1416.021240234375	200	0
					1534.56103515625	200	0	1583.480712890625	200	0	1329.877197265625	200	0	1503.220703125	200	0
					854.4686889648438	200	0	1076.588623046875	200	0	147.7014465332031	200	0	250.7743835449219	200	0
					35.21968460083008	224.8601684570312	0	1202.8125	922.3267822265625	0	249.6834106445312	336.2369995117188	0	1481.53857421875	475.8993530273438	0
					982.4569091796875	479.416748046875	0	770.1859741210938	431.7388610839844	0	979.513671875	431.8591918945312	0	780.639404296875	431.7294616699219	0
					401.1194763183594	455.0645446777344	0	839.3375854492188	431.6192321777344	0	993.5848999023438	431.8475952148438	0	889.2406005859375	431.9086608886719	0
					1362.336669921875	278.3608703613281	0	253.36962890625	331.7120056152344	0	359.4405212402344	288.8203735351562	0	896.14404296875	433.2433776855469	0
					1000.65869140625	433.2354125976562	0	789.0101928710938	433.3163146972656	0	408.5321960449219	460.4627990722656	0	462.0004272460938	351.8787841796875	0
					1362.585205078125	295.8410339355469	0	1346.367065429688	323.4977722167969	0	1329.189208984375	329.7926025390625	0	1340.618896484375	276.2550048828125	0
					1332.659301757812	287.1395263671875	0	1347.455932617188	288.5848999023438	0	1321.646728515625	312.2681579589844	0	1322.47900390625	296.3567504882812	0
					1305.00390625	313.8238525390625	0	1311.86865234375	302.2401733398438	0	1273.952514648438	314.5584106445312	0	1281.5751953125	328.1152954101562	0
					1298.305297851562	298.3055114746094	0	1296.723510742188	328.0877075195312	0	1244.94873046875	314.3104858398438	0	1230.223510742188	304.5411682128906	0
					1203.025024414062	303.7020263671875	0	1172.830810546875	336.4035034179688	0	1243.442138671875	330.474365234375	0	1202.158081054688	287.5419311523438	0
					1159.979370117188	331.8723754882812	0	1178.001953125	303.7240295410156	0	1126.591796875	286.0350341796875	0	1143.792724609375	329.0551452636719	0
					1129.579833984375	301.6171875	0	1144.262329101562	309.58056640625	0	1200.905151367188	274.2031555175781	0	1188.678100585938	279.01513671875	0
					1175.8447265625	276.2276000976562	0	762.4270629882812	433.3330078125	0	934.7235717773438	321.2155151367188	0	921.173095703125	330.34423828125	0
					922.0499877929688	344.4544677734375	0	987.611083984375	338.0175170898438	0	858.6901245117188	308.6158447265625	0	870.8812866210938	311.4071960449219	0
					895.6948852539062	297.9142150878906	0	884.64453125	312.3102111816406	0	896.7703247070312	313.6761169433594	0	824.0587768554688	308.2413330078125	0
					770.517333984375	308.5802917480469	0	782.4828491210938	300.1929626464844	0	754.5113525390625	302.8990173339844	0	756.5932006835938	318.80908203125	0
					921.2205810546875	314.5045776367188	0	920.8104858398438	299.1231384277344	0	697.9962768554688	286.0989990234375	0	652.930908203125	286.2463989257812	0
					662.326416015625	300.4301452636719	0	628.9293212890625	313.8977661132812	0	613.801025390625	317.101318359375	0	601.825927734375	328.7663269042969	0
					294.2218933105469	358.1651306152344	0	1465.9541015625	476.6267700195312	0	1401.217163085938	475.4071044921875	0	1500.315307617188	431.3699340820312	0
					334.60107421875	357.2275085449219	0	320.0702819824219	359.1887817382812	0	307.3969421386719	359.8197631835938	0	283.1209716796875	359.8217163085938	0
					739.9435424804688	431.79638671875	0	588.2538452148438	455.6213073730469	0	407.5924682617188	455.2203063964844	0	709.1771240234375	328.2222900390625	0
					691.5311279296875	328.4967346191406	0	701.5416259765625	341.8686218261719	0	685.2753295898438	313.4039611816406	0	677.7588500976562	300.4638366699219	0
					671.2117919921875	313.1882629394531	0	652.6824340820312	330.9618530273438	0	656.8824462890625	315.2609558105469	0	707.473388671875	300.1231079101562	0
					700.5562744140625	314.0782470703125	0	1660.947265625	316.1103210449219	0	1648.30078125	311.2948608398438	0	1637.431396484375	322.5779724121094	0
					1660.820922851562	327.0311584472656	0	391.3858642578125	290.1546020507812	0	400.17236328125	301.9781494140625	0	429.2781372070312	297.4966735839844	0
					1486.7939453125	469.6892700195312	0	1473.415161132812	474.1576232910156	0	1477.35205078125	458.5042419433594	0	1485.321655273438	459.096435546875	0
					1408.17431640625	469.895751953125	0	1409.687255859375	459.42529296875	0	302.60986328125	353.9574890136719	0	747.4552612304688	433.3489685058594	0
					549.23779296875	342.9327697753906	0	1465.503784179688	294.13330078125	0	1440.962158203125	300.9213562011719	0	1563.405151367188	322.0729064941406	0
					1566.833374023438	307.8413696289062	0	1578.684326171875	300.2955017089844	0	1423.877563476562	303.0047912597656	0	1422.943725585938	321.2188720703125	0
					1436.41796875	316.0360717773438	0	1446.382080078125	327.7688598632812	0	1450.92138671875	313.1304321289062	0	1460.345458984375	326.0186767578125	0
					1394.743408203125	326.7581481933594	0	1411.76123046875	330.2618103027344	0	1407.327880859375	281.3353271484375	0	1396.019897460938	310.0767822265625	0
					1395.40087890625	283.6343383789062	0	1388.728515625	298.5053100585938	0	1378.419555664062	285.1977844238281	0	1491.814697265625	432.83837890625	0
					966.156982421875	341.2105102539062	0	977.8380737304688	342.449951171875	0	960.6272583007812	326.4602966308594	0	975.5296630859375	332.235107421875	0
					999.7491455078125	330.6593933105469	0	985.5936889648438	326.6536560058594	0	945.7533569335938	327.8492736816406	0	1446.326049804688	288.3153381347656	0
					1457.08056640625	284.3043518066406	0	154.9788665771484	285.1704711914062	0	228.9492492675781	289.6650390625	0	498.2899780273438	297.8818054199219	0
					522.9342651367188	302.3796997070312	0	535.76953125	301.016357421875	0	735.3599853515625	477.1929626464844	0	721.3997192382812	475.8164367675781	0
					432.1310729980469	282.6200256347656	0	836.8778686523438	315.7874450683594	0	1161.982055664062	301.3001403808594	0	1176.05029296875	289.3854675292969	0
					1259.89794921875	314.9503784179688	0	1230.853271484375	286.5273132324219	0	1227.312255859375	272.064208984375	0	1299.885498046875	272.6990356445312	0
					1302.304565429688	284.2491149902344	0	740.57080078125	297.4963073730469	0	724.4920043945312	297.4430236816406	0	1274.757934570312	485.1427307128906	0
					1672	486.3218078613281	0	1672	496.2200927734375	0	1672	490.456298828125	0	1148.661499023438	269.7145385742188	0
					843.1464233398438	271.5776062011719	0	828.171630859375	269.3829956054688	0	629.2907104492188	274.3646240234375	0	1365.51611328125	267.9563903808594	0
					726.947509765625	489.2184143066406	0	1469.450561523438	934.5730590820312	0	1154.705932617188	932.4970703125	0	290.1461181640625	396.19189453125	0
					1414.072875976562	270.9496459960938	0	1427.189575195312	271.2667541503906	0	995.6738891601562	875.568115234375	0	980.35498046875	869.8817749023438	0
					618.8154907226562	558.3924560546875	0	883.1159057617188	768.1367797851562	0	1304.200805664062	910.7901611328125	0	1321.338256835938	911.631591796875	0
					1108.453979492188	909.1937866210938	0	1210.950073242188	915.8587646484375	0	1195.013061523438	927.684326171875	0	673.0674438476562	489.6192626953125	0
					682.0473022460938	489.5524597167969	0	726.2008666992188	450.8106994628906	0	842.6099243164062	752.39697265625	0	774.4686889648438	694.0191650390625	0
					783.7266235351562	696.0988159179688	0	574.7324829101562	537.5498657226562	0	563.9468383789062	532.7843017578125	0	371.4676208496094	280.8239440917969	0
					350.9714965820312	278.7557678222656	0	345.5684814453125	435.7225646972656	0	32.38605117797852	219.4409637451172	0	1643.698608398438	336.1681823730469	0
					613.0116577148438	344.9745788574219	0	1090.145751953125	341.856201171875	0	1151.226684570312	346.4667053222656	0	1303.27099609375	342.4100952148438	0
					1256.86865234375	342.6333618164062	0	1041.026977539062	341.0924377441406	0	1054.283935546875	340.4841918945312	0	1064.76806640625	340.5003051757812	0
					220.6356506347656	200	0	262.19775390625	200	0	239.5339813232422	200	0	228.1677703857422	200	0
					271.0443725585938	200	0	179.9114990234375	200	0	172.7778015136719	200	0	160.8282470703125	200	0
					139.0279388427734	200	0	1672	347.1480102539062	0	857.3901977539062	351.6991271972656	0	871.4556274414062	352.665283203125	0
					884.8624267578125	353.7267761230469	0	793.6676025390625	352.3064575195312	0	809.031005859375	351.2931823730469	0	822.0932006835938	350.8461303710938	0
					1273.69140625	342.0216064453125	0	1288.976806640625	342.1380920410156	0	1065.47607421875	200	0	1088.22607421875	200	0
					994.3965454101562	200	0	1007.115173339844	200	0	984.0158081054688	200	0	1025.988647460938	200	0
					1039.36328125	200	0	885.1405639648438	200	0	798.6415405273438	200	0	779.5619506835938	200	0
					759.6898803710938	200	0	766.8058471679688	200	0	816.4078369140625	200	0	861.708251953125	200	0
					843.5958862304688	200	0	870.2669677734375	200	0	1446.089111328125	200	0	1453.448486328125	200	0
					1554.75048828125	200	0	1512.226928710938	200	0	1521.2412109375	200	0	1488.7890625	200	0
					1260.283813476562	200	0	1257.129760742188	908.9288940429688	0	1237.572998046875	908.9512329101562	0	1274.611450195312	909.3062133789062	0
					1280.119873046875	897.7158813476562	0	1264.524780273438	908.9498901367188	0	1672	531.1607666015625	0	1672	519.427734375	0
					1672	511.1294860839844	0	1672	546.1187744140625	0	1672	646.0789794921875	0	1672	664.4341430664062	0
					1672	752.4742431640625	0	1672	761.3253784179688	0	1672	778.8306884765625	0	1672	721.689697265625	0
					1672	686.614501953125	0	1672	675.0240478515625	0	1672	612.2937622070312	0	1672	429.0049743652344	0
					1672	578.3486938476562	0	1672	563.0087280273438	0	1672	638.3137817382812	0	1672	627.0602416992188	0
					1346.982666015625	266.0013732910156	0	1337.28271484375	264.9781494140625	0	1278.549072265625	200	0	1285.3046875	200	0
					1317.51513671875	200	0	1338.807861328125	200	0	556.887939453125	200	0	570.110107421875	200	0
					453.6865539550781	276.13720703125	0	440.9469909667969	273.4381103515625	0	1546.763061523438	200	0	1564.601318359375	200	0
					1574.76025390625	200	0	1573.782348632812	267.2822265625	0	1400.66064453125	200	0	1432.559326171875	200	0
					1389.39599609375	269.6406860351562	0	1375.545166015625	268.7422180175781	0	1403.1162109375	270.5307006835938	0	1390.841674804688	200	0
					1364.458129882812	200	0	1378.625732421875	200	0	1350.4873046875	200	0	1295.330444335938	200	0
					682.2652587890625	200	0	752.5009765625	200	0	749.5037841796875	264.8719482421875	0	764.0579833984375	264.9267272949219	0
					655.2454833984375	200	0	668.6696166992188	200	0	629.1151123046875	200	0	642.384521484375	200	0
					923.1781005859375	200	0	932.826904296875	200	0	965.8057250976562	200	0	947.8570556640625	200	0
					900.7133178710938	200	0	396.8572998046875	458.6715698242188	0	1130.47216796875	200	0	1122.951049804688	200	0
					1092.143920898438	421.9202575683594	0	1068.2177734375	421.9609375	0	1080.826293945312	421.9395141601562	0	1169.873046875	346.5428771972656	0
					1308.1015625	484.8946533203125	0	1335.441040039062	484.6912536621094	0	1349.406616210938	484.5873413085938	0	1228.563842773438	485.4864196777344	0
					1212.273559570312	485.6076049804688	0	1343.180297851562	343.8435363769531	0	1316.698486328125	342.8723754882812	0	1311.189453125	262.32861328125	0
					1297.842651367188	261.2669982910156	0	1232.451293945312	261.1134033203125	0	1241.760375976562	343.2371520996094	0	1135.954223632812	345.4972229003906	0
					1075.961059570312	340.9289245605469	0	1115.05517578125	200	0	1167.518188476562	200	0	1178.752319335938	200	0
					1186.087890625	200	0	1219.316162109375	261.8973999023438	0	1194.071044921875	200	0	1208.457763671875	200	0
					1169.750854492188	267.0918273925781	0	1229.586181640625	200	0	1250.051391601562	200	0	1134.181030273438	271.8706970214844	0
					1142.475830078125	200	0	985.95751953125	422.1007080078125	0	778.1542358398438	353.8298645019531	0	763.641845703125	355.5929565429688	0
					897.4147338867188	354.7206115722656	0	910.0300903320312	355.4501037597656	0	752.3302001953125	356.9374389648438	0	740.5702514648438	357.8177490234375	0
					723.9900512695312	357.9306640625	0	707.9403076171875	356.24462890625	0	922.7511596679688	355.9034729003906	0	906.6578369140625	422.2354431152344	0
					956.8522338867188	422.150146484375	0	880.6175537109375	488.0751037597656	0	895.8443603515625	422.2538146972656	0	917.6488647460938	285.9366455078125	0
					883.494140625	279.5361938476562	0	871.24267578125	277.0175476074219	0	778.0382690429688	265.0924682617188	0	1027.820678710938	486.9799194335938	0
					1044.749633789062	486.8539733886719	0	1642.599243164062	267.6542663574219	0	1650.043823242188	268.0393371582031	0	1672	257.224609375	0
					1661.023681640625	268.7207336425781	0	1672	244.9961853027344	0	1672	232.6529846191406	0	1648.019409179688	200	0
					1636.828369140625	200	0	1672	211.6273498535156	0	1672	223.2598266601562	0	1630.12353515625	200	0
					1608.3994140625	266.4409790039062	0	1590.661499023438	266.8720397949219	0	1623.011352539062	266.7379760742188	0	1633.193969726562	267.1678161621094	0
									</DataArray>
			</Points>
			<Cells>
				<DataArray type="Int32" Name="connectivity" NumberOfComponents="1" format="ascii">
					6295	1668	6296	2372	1666	6296	2372	6296	1668	2372	1668	6946	1668	6295	1677	1668	1677	6945	6294
					1185	1461	6294	1462	6442	6294	1461	1462	2366	3534	3004	2366	3064	3133	2366	1474	1575	2366	1414
					3534	2366	1575	1414	2366	3133	1474	2365	2366	3004	2365	3064	2366	1230	2365	1334	1334	878	1230
					2365	1230	3064	2365	3004	1334	2363	1672	140	2363	1461	1185	2363	1185	1672	3431	1458	3012	7207
					5563	7206	3431	5002	4755	7206	882	7207	5562	4703	4702	2571	1259	4686	3431	3012	5002	5562	4702
					5564	2571	4686	5709	5562	7177	4703	3431	4755	1458	5562	7205	7177	1389	5001	3012	2571	6943	1259
					5562	5564	7205	1389	3012	1459	2571	5709	1389	2571	1645	6941	1389	1459	1645	2571	6941	6943	2571
					1389	1645	4067	4068	6640	655	656	1743	6701	6819	655	654	4067	656	654	4068	4067	1050	477
					4783	1050	4047	476	5821	6642	492	5545	3024	3028	5545	3689	3024	5545	4715	4705	5545	4705	3689
					1461	0	1462	5544	4715	5545	5544	5545	3028	5544	3028	6485	647	648	4074	3410	6978	1215	5544
					6488	4715	5821	7112	7405	647	4068	654	3410	3543	3016	3410	3018	3543	3410	1349	6978	3410	3016
					1349	3410	1215	3018	3409	1721	6442	5821	7028	7112	3409	6442	1462	3409	28	1721	3409	1462	138
					4540	6643	493	4540	647	4074	4540	4068	647	6441	6442	1721	4540	4074	6643	5821	492	7028	6440
					1463	7448	1994	457	4811	7437	7110	6440	1994	5269	4954	7437	6441	7114	4539	1734	2989	4539	2981
					1734	4538	478	4784	4538	498	497	1994	6616	949	4538	4784	4539	1994	949	457	2981	909	1734
					2981	503	909	4538	497	478	5818	6663	4089	5818	913	6663	4537	503	2981	3407	3544	3002	5818
					4089	2983	4537	6664	503	3407	3017	3544	5818	912	913	4537	2982	6664	3407	30	1271	3407	3002
					6476	5817	499	6654	3407	6476	30	4536	4784	4047	5817	6655	499	4536	4539	4784	4536	4537	2981
					3407	1271	3017	4536	2981	4539	3406	3016	3545	4536	2982	4537	3406	3017	1271	4535	912	5818	3406
					3545	3017	4535	4078	6987	3406	1271	6975	1049	6662	4091	4535	2987	4078	3406	6975	1349	1049	4091
					6665	4535	5818	2983	3406	1349	3016	3405	6440	7110	4535	6987	912	4534	2983	4089	3405	1463	6440
					3115	6902	3127	4534	4089	2982	3405	7110	29	4533	2987	4535	3405	29	136	4533	4535	2983	4079
					4533	4048	6396	1137	3115	4079	4048	472	4534	2982	4536	779	231	3746	3403	3019	3542	4532	4783
					4048	6396	3127	6397	1226	31	1287	4536	4532	4534	6396	3115	3127	3403	3018	1226	4532	4048	4533
					3403	3542	3018	4532	4536	4047	5521	4705	4715	1287	3403	1226	4532	4047	4783	5521	7209	7208	3403
					1287	3019	4532	4533	2983	5521	7178	4705	4532	2983	4534	5521	7208	7178	6231	7268	7246	6231	7246
					6560	778	3752	232	5270	6592	350	5270	3921	6592	778	779	3749	1046	137	3001	778	3749	3752
					4738	4739	3922	5269	3923	4739	7268	206	7247	5269	4740	3923	6787	717	1784	4529	7186	6651	1045
					6542	1284	4529	7122	7186	1045	1357	6543	4529	6649	4075	5268	3924	352	1357	1045	1284	4529	6651
					6649	5530	7208	7209	1284	3003	1357	1044	101	4689	4529	4075	2984	5530	3746	7208	4529	6539	7122
					4528	2984	4075	4528	4075	6646	4528	6646	4077	1044	3526	6462	4528	4077	2985	4527	5817	6654	5530
					4709	3746	4527	2986	5817	5264	4738	1242	5529	4712	4710	1044	4689	3526	4527	4078	2987	4527	6654
					4078	4526	5817	2986	4526	6655	5817	5529	4710	3752	5529	3752	4709	5528	4714	4711	1043	1	1328
					1328	3006	1422	4526	2985	4077	5264	348	107	5264	4000	4762	5264	1242	348	5264	107	4000	96
					1043	1328	4526	4077	6655	1184	1672	1185	5528	4710	4712	5528	4711	3753	5528	3753	4710	5527	6947
					4702	5527	4714	6569	5526	5527	4702	5526	4711	4714	5810	1459	3012	5810	23	1459	5269	4739	4954
					5526	3735	4711	5810	3012	1458	1042	23	5810	5526	4703	3735	3746	4709	3749	5526	4714	5527	5526
					4702	4703	5525	234	4712	5525	5529	4709	5525	4713	234	5525	4712	5529	5525	4709	5522	779	3746
					3749	5528	4712	6565	5262	355	927	5528	6565	4714	1042	5810	1458	1042	1458	373	5262	3925	355
					1041	6975	1271	6700	4528	2985	6700	2984	4528	1041	1271	30	6699	4529	2984	3737	7178	6564	3737
					4705	7178	5522	4713	5525	5522	4709	5530	4523	1008	470	5522	5530	7209	233	3754	103	5522	7209
					6570	5522	6570	4713	4523	4079	1008	3735	229	103	3735	103	3754	5521	6572	7209	4523	470	6894
					4522	2987	4533	4522	4527	2987	4522	4523	6721	5809	3032	1506	5809	1506	48	5809	48	7414	5809
					1507	3032	3735	3754	4711	4522	2986	4527	2363	140	139	2362	6949	1015	2362	1184	1579	2362	1672
					1184	2362	1579	6949	2359	1677	1180	2359	1180	1676	2359	6952	1677	2359	1676	6953	1676	1179	1678
					1676	1678	6950	4096	6653	1691	4096	1691	6311	2338	1691	1014	2338	4074	648	2338	648	1691	2338
					6954	4074	2327	1152	7113	2327	7113	865	2738	6927	6928	2738	7060	6022	2738	6022	1380	2738	1380
					6927	6355	697	1768	6355	1768	3921	6354	3920	717	6354	5270	3920	6354	6355	3921	6354	3921	5270
					2305	6958	3802	2305	3802	769	6297	1678	1179	6297	7231	1678	6297	777	7179	6297	7179	7231	6296
					1666	6417	1667	6417	1666	1667	1666	6567	6295	1180	1677	2305	769	1699	2305	1699	6960	6915	1591
					6917	2263	1708	6398	2263	6398	1709	2263	6967	6969	2263	1709	6967	1708	1710	7408	1708	6966	1710
					1712	1711	6332	1712	6501	1711	2256	1713	6971	2256	1137	1713	2256	3115	1137	2256	6971	6908	2254
					51	6972	2254	1713	1136	2254	1136	1714	2254	1714	51	2641	1612	1013	2641	849	1620	6340	1612
					2641	6340	1620	6341	6340	2641	1620	6339	6341	1619	1613	1618	6929	2639	5980	4672	2639	4672	2634
					2639	1382	6931	2639	6931	3052	2639	3052	5980	1616	6930	1612	6338	1612	6340	6338	1616	1612	2638
					846	6932	2638	1617	846	2637	6502	1617	2637	1711	6502	2635	6936	1383	2635	3042	6936	2634	1382
					2639	2634	5979	1383	2634	6933	1382	2634	1383	6933	2634	4672	5979	2632	1618	6339	2632	6339	1619
					2632	6938	1618	2632	1619	1024	1619	6341	1620	1619	1620	848	1716	1480	991	6337	2637	1617	1716
					898	1480	6337	1711	2637	2244	38	1011	2244	990	1489	2244	1716	990	2244	1489	38	6336	2638
					1616	6336	1616	6338	6336	6337	1617	6336	1617	2638	1076	1115	1315	4522	4533	4079	4522	4079	4523
					6698	2985	4526	6698	4526	2986	6698	2986	4522	5808	6493	6410	5521	4715	6572	5808	1511	7413	5808
					3033	1511	5808	1510	3033	1039	1256	153	1039	6494	1228	1256	1039	1228	1228	4676	1256	1038	1290
					52	5518	238	4716	5518	4717	238	5518	4719	4717	5517	4719	5518	5517	4718	3760	1038	57	1223
					1290	1038	1223	5518	4716	4718	1223	3038	1290	1037	54	3233	5517	223	3717	5517	3717	4719	5517
					3760	224	4718	5517	5518	1037	1522	55	3733	6563	229	3733	229	3735	3733	3735	4703	5517	224
					223	1036	3231	56	1036	6937	3036	7204	7207	5515	5516	4719	3717	5516	3717	218	5516	218	220
					5516	220	3759	5516	3759	7204	5515	4719	5516	5515	5516	7204	5515	7207	6574	1036	3036	3231	5515
					4717	4719	228	7205	941	5515	6574	4717	7177	3733	4703	4521	6384	4088	7231	6573	1678	7177	6563
					3733	4521	6988	1741	4521	4088	6988	4521	1741	6383	642	4521	6383	642	6384	4521	7231	7179	7034
					5806	6496	1535	5806	1536	7415	7177	7205	228	5806	3041	1536	5806	1535	3041	882	7206	6951	7107
					942	941	7107	941	7205	5803	1551	3049	1978	451	498	1978	498	4538	5803	1543	7412	5803	3049
					1543	5803	6498	6403	4718	4716	5511	1978	4538	4512	1034	3053	69	1034	6499	3214	5512	100	3760
					1978	4512	4788	100	5512	1296	1978	459	451	4519	4091	6662	5512	3760	4718	4519	4088	6384	4519
					6386	4091	1296	6578	100	4519	643	6386	4519	6662	4088	5512	1366	1296	4519	6384	643	4518	6665
					4091	5511	4720	5509	5511	1366	5512	5511	5512	4718	4518	6385	1732	5511	4716	7009	5511	7009	4720
					4518	4091	6386	7179	777	1829	4518	1732	6665	4517	6382	1740	7179	1829	6577	4517	6658	4092	4517
					1740	6658	776	1829	777	641	4517	4092	641	6382	4517	5509	7008	1367	5509	4720	7008	5509	1366
					5511	1029	155	1240	775	1825	776	1029	1240	830	7026	1361	2803	7026	7046	1361	5507	3780	240
					639	641	4092	5507	240	7006	1028	1597	6920	1028	836	2807	1027	837	1373	4516	4096	639	4516
					639	4092	4516	4092	6645	1027	1373	838	1026	68	3052	1026	3052	6931	220	942	3759	1179	1676
					1180	1025	1617	6502	1025	846	1617	219	3717	223	1024	1619	848	1024	6938	2632	218	3717	219
					632	6723	1782	1015	140	1672	1015	1672	2362	1014	6954	2338	1014	1691	6653	1013	1612	6930	1013
					849	2641	6430	6896	1474	6958	262	3802	6430	1474	1473	6430	1473	36	4512	4539	2989	4788	459
					1978	37	36	1475	4512	4538	4539	4512	2988	4788	626	6385	4518	626	4518	6386	1012	254	5476
					1012	3782	6962	623	624	1731	3696	4758	6610	623	1730	625	2989	2988	4512	3696	6601	1282	1293
					908	1237	1237	2989	1293	1011	898	1716	2989	1237	2988	1011	1716	2244	4119	1731	624	4119	516
					1731	6977	6974	7114	3691	1484	3024	6220	958	1484	6220	1484	3691	3691	959	6220	202	3737	6564
					3689	3691	3024	1009	6657	1741	1009	1741	6988	3691	3689	817	3689	3737	202	3689	4705	3737	4509
					4128	522	4509	521	4119	620	4128	4509	620	4119	624	6516	1743	6991	620	4509	4119	619	4128
					620	619	632	1783	1008	4079	472	199	1427	3681	3680	6557	3682	3679	3683	198	1007	7000	2083
					1007	1769	387	7024	926	1783	7024	1783	2046	6219	960	1864	6218	1866	960	1006	928	2044	1006
					1784	929	6218	188	3657	6218	3657	1866	192	1046	4690	767	1826	775	767	5507	1826	767	3780
					5507	191	192	4690	5477	3781	253	5477	253	252	5695	191	4690	5476	3782	1012	5695	4689	101
					5695	101	191	5476	254	3781	766	3781	5477	766	3780	767	766	5477	3780	765	3781	766	765
					3782	5476	765	5476	3781	3666	189	3670	6556	3665	3658	1004	938	2004	3271	1480	6479	3271	6481
					1481	1004	1825	7007	1003	235	3263	1003	1667	6567	6555	1406	7108	3269	3028	3024	3269	1484	1485
					3269	3024	1484	3268	3027	3025	3268	6484	3027	3658	3659	6879	6554	6981	7115	6554	7115	7119	3268
					3026	6484	3267	3025	3027	3267	3269	3025	3654	3657	188	3267	3027	6486	6311	639	4096	3267	6486
					3028	3267	3028	3269	6311	1691	648	1222	4687	3653	187	186	1222	185	9	1254	185	1222	186
					3653	4686	6525	3653	6525	187	1489	1488	39	3653	187	1222	6219	1864	3651	6423	1489	990	2119
					6986	1730	6423	1488	1489	2119	1730	623	2119	623	1731	2119	1731	6982	2118	6385	625	2118	1730
					6983	3648	184	3649	2118	625	1730	2118	1732	6385	2118	6983	1732	3264	1494	40	3264	236	1488
					3263	1667	1003	3263	235	1494	6421	1494	3264	6421	1488	6423	6421	3264	1488	3800	3799	834	6611
					3992	2083	6611	394	3992	5468	6962	3782	5468	3800	6964	393	6610	4758	3989	393	4758	758	3799
					3800	3989	3993	6527	757	758	3800	757	3782	765	3989	4759	3993	3989	6527	393	757	5468	3782
					6609	6605	7153	6603	6609	7109	757	3800	5468	3984	1458	4755	5467	3801	833	5467	833	260	3983
					389	388	3983	3984	4755	756	3801	5467	3983	388	3984	756	3799	758	756	5467	3799	1282	4693
					3696	6600	1282	6601	5466	3802	262	5466	262	261	386	387	7184	386	7184	7211	755	3801	756
					755	769	3802	755	3802	5466	755	5466	3801	383	3988	6605	3980	385	6602	3980	384	385	2115
					1741	6657	2115	6382	645	2115	6383	1741	2115	645	6383	2115	1740	6382	373	1458	3984	373	3984
					388	2115	6657	1740	6552	7111	7121	6416	1494	6421	7293	655	1743	6416	6417	1667	2114	6991	1743
					2114	1743	656	2114	656	4067	2114	4067	6644	6552	6603	7111	6416	1667	3263	6416	3263	1494	990
					1716	991	162	1322	1323	1322	160	3618	159	1337	1338	5751	1256	4676	1309	153	1256	1256	5751
					1309	5751	4677	1309	5750	1240	155	5750	155	1343	158	1251	1252	5750	3066	1240	157	1311	1312
					156	1267	1266	5750	1343	4677	3249	6482	3026	154	1343	155	1309	4677	1343	1343	154	1309	2105
					915	914	4801	4793	4803	3249	3029	6482	2105	914	2104	2105	6992	915	2104	914	916	153	1309
					154	2104	6993	4804	2104	4802	4801	2104	916	6993	3247	3030	6491	3247	6491	3029	986	1267	156
					986	157	1312	985	158	1252	6411	1506	958	6411	48	1506	985	1311	157	3249	3031	3029	3249
					3026	3032	3249	3032	1507	7066	7113	1152	3249	1507	3031	984	1338	1251	927	1782	5262	984	1251
					158	984	159	1338	3245	3026	3268	3245	3032	3026	3245	1506	3032	3245	3025	1485	3245	3268	3025
					1252	5749	1311	144	6501	1712	354	3928	7185	6410	1510	5808	6410	49	1539	3247	3029	3031	6214
					5968	6174	6214	7048	5976	5749	1252	1251	1311	985	1252	3247	1511	3033	3247	3033	3030	3247	3031
					1511	5748	4677	5751	5748	1251	1338	5748	5751	4676	5748	4676	5749	6595	354	7185	144	1712	3242
					6409	991	1480	6409	1480	3271	6409	3271	1481	5748	5749	1251	4128	926	522	6594	3928	354	6593
					467	1326	143	1613	6929	353	3925	5268	3925	353	355	6211	5967	5866	983	899	1477	983	3618
					160	6211	6174	5969	352	3924	928	352	353	5268	351	4739	109	3243	47	6483	3923	109	4739
					3243	1481	45	522	521	4509	3923	4740	468	3923	468	109	3242	6490	144	3242	1515	6490	3922
					4739	351	350	929	3920	6408	3243	1515	5745	1322	3618	5745	1323	1322	6408	6409	1481	6408	1481
					3243	6407	6408	1515	6407	1515	3242	6407	3242	1712	3241	5749	4676	1228	6494	1234	3241	3035	5749
					1234	3241	1228	3241	4676	1228	3241	1234	3035	3922	349	1242	3238	1290	3038	1290	3238	1356	1356
					52	1290	3238	3035	1356	516	6982	1731	4119	521	516	515	4122	2988	6406	1523	7416	162	160
					1322	1242	4738	3922	350	3920	5270	348	1242	349	6406	156	1266	3237	3035	3238	3237	1311	5749
					982	1337	159	982	162	1323	5744	5750	4677	5744	4677	5748	5744	5745	3066	5744	3066	5750	5744
					5748	1338	515	2988	1237	1237	908	515	1337	982	1323	1323	5744	1337	1267	986	1312	3237	5749
					3035	514	4122	515	5744	1338	1337	5744	1323	5745	3237	3238	3038	1312	3237	1267	3237	1312	1311
					514	6668	4122	3236	1613	143	3236	143	53	3233	1522	1037	3233	54	1714	1520	55	1522	1520
					1522	6405	4811	457	456	3231	1329	56	3231	3037	1329	980	981	1769	4811	456	6627	1523	6406
					1266	1266	3230	1523	3230	1267	3237	3230	3237	3038	3230	1266	1267	3229	3037	3230	1223	57	1208
					3229	3230	3038	1208	3229	1223	4807	460	459	4807	6629	460	3229	3038	1223	3229	1208	3037	6979
					6977	7120	6976	6978	1349	6022	7041	5929	6022	4657	2739	6022	5929	4657	7116	3272	6868	7116	7267
					7385	7116	7385	7230	7116	7230	7124	7116	7129	3272	7116	6868	7267	770	5498	5499	770	774	5498
					3300	7250	7145	3299	7149	7250	3299	3300	7144	3299	7144	7147	3299	7147	7149	3299	7250	3300	6828
					770	5499	3297	3300	7145	3296	7251	7151	3296	7145	7251	7143	3296	7151	7143	7151	7150	3296	3297
					7145	6427	3298	6429	3291	3298	6427	3291	3300	3297	7141	7144	3300	7141	3300	3291	1969	3593	3592
					3291	6426	6425	1969	5684	6877	6426	3291	6427	1969	3592	5684	7266	1969	6877	7266	141	3593	7266
					3593	1969	6425	7141	3291	3290	6429	3298	3290	6428	6429	3288	7422	6428	3288	7142	7422	3288	6428
					3290	3288	3290	3289	3288	3289	7142	7140	3296	7143	7140	3297	3296	3287	3298	3291	3287	3291	3297
					3287	3297	7140	7395	7454	3511	3286	3287	7140	3285	3287	3286	3285	3289	3290	3285	3286	3289	3285
					3298	3287	3285	3290	3298	7394	3512	7051	7394	7395	3511	7265	5704	6880	3282	3283	3284	1968	5703
					3504	1968	3504	5704	1968	5704	7265	7394	3511	3512	1967	5707	3486	1967	3486	5706	1967	5706	5703
					1967	5703	1968	7421	7254	7429	1967	6881	5707	7264	1967	1968	7421	5758	7254	7264	1968	7265	7421
					7022	5758	7264	6881	1967	7139	7253	5757	7139	3289	3286	7138	3289	7139	7138	7139	5757	7138	5755
					7252	7138	5757	5755	7138	7142	3289	7420	5761	7023	7420	7255	5761	4508	7123	6669	7135	3278	7137
					4508	6669	526	7136	3278	5753	7136	5753	5752	4508	526	3962	7136	5752	7256	7134	5753	3278	7134
					7252	5754	7134	5754	5753	7134	3278	7135	7419	7255	7420	7132	7137	3278	7132	7136	7133	7132	3278
					7136	7130	7132	7133	7130	7133	7131	7130	7131	3282	7130	3282	3284	7129	3283	3282	7128	3282	7131
					7128	7129	3282	7127	3272	7129	7127	7129	7128	7386	7226	7228	7384	7386	7228	7384	7228	7230	7384
					7230	7385	84	91	4140	606	84	4140	4140	1277	4503	1277	2990	4506	4505	533	7027	4505	7027
					7123	4505	4138	533	4505	2990	4138	4504	5034	5099	4504	4506	5034	4504	1277	4506	4503	606	4140
					4503	607	606	2493	3820	5410	2493	4562	4563	2493	4579	4562	2493	4602	4579	2493	4563	3820	4503
					1277	4504	2493	5410	3821	4502	85	607	4502	4503	4504	4502	607	4503	4501	4504	5099	4501	5099
					5097	4501	4502	4504	7469	3572	2887	6309	4050	480	6309	3820	4050	2887	6827	7381	2887	4216	5433
					2887	3572	4216	2887	5433	6827	2887	7381	7469	1959	7251	7250	1959	7432	7152	1959	7152	7251	6216
					7432	1959	5464	6827	5465	5464	6825	6826	6826	6827	5464	7263	6216	1959	1958	7149	7148	1958	7263
					1959	1958	7148	7146	6823	5457	5458	1958	1959	7250	1958	7250	7149	6822	5457	6823	1958	7146	7435
					7195	7196	4171	1958	7435	7263	7193	548	2187	7377	7248	807	7377	5653	7248	7376	6764	4581	1957
					5755	5757	1957	5757	5756	1957	5754	5755	1956	5752	5753	1956	5753	5754	7376	5653	7377	7376	4581
					5653	2870	5039	5091	2870	5091	5089	2869	5682	5041	2869	5683	5682	7118	4551	4545	7118	4545	4546
					2869	5041	5039	2869	5039	2870	2868	818	819	2868	819	5683	2868	2870	818	2868	5683	2869	2868
					2869	2870	548	7193	6672	5448	5450	5571	1956	5754	1957	7292	7118	4546	7292	4546	6863	6761	2870
					5089	1955	5758	7022	6761	818	2870	7291	4551	7118	7291	4547	4551	1955	1957	5756	7291	6703	4547
					1206	486	1325	1325	1391	1206	1955	5756	5758	1955	1956	1957	1955	7022	987	1954	988	5761	1954
					5761	5752	1954	5752	1956	1954	1956	1955	7190	4171	7196	7190	7192	7191	7190	7191	4171	4167	547
					6670	1954	1955	987	1391	2980	1206	7189	547	4167	2113	4555	2980	2113	2980	1391	2113	4584	4555
					2113	4558	4584	2112	489	2979	7188	7189	4167	7188	7190	7196	7187	7189	7188	7187	7188	7196	2111
					4580	4558	2111	4558	2113	1954	987	988	6415	7224	6832	7222	5450	7223	7214	7222	7220	2111	2113
					1391	2111	1391	2112	6415	5506	7224	6414	5506	6415	2111	4561	4580	2111	2979	4561	7213	5571	5450
					988	7023	5761	5436	7222	7214	5436	7240	7213	5436	5450	7222	2111	2112	2979	5436	7213	5450	5436
					7239	7240	6413	5506	6414	7253	7254	5758	5756	7253	5758	5756	5757	7253	5754	7252	5755	5436	7214
					7239	5752	5761	7255	5752	7255	7256	7126	7417	6412	7126	6412	7418	5433	5465	6827	7126	7130	3284
					7125	7417	7126	7125	3284	3283	7125	7126	3284	7124	3283	7129	2106	4602	2493	5432	5464	5465	3252
					7230	7229	3252	7124	7230	2106	5408	4728	2864	5095	7212	3251	7124	3252	3251	7125	3283	2106	4728
					5405	2106	3821	5408	2864	5092	5095	7212	6751	2863	5431	5433	7217	2106	2493	3821	2106	5397	4602
					2106	5399	5397	2863	6751	811	2863	2864	7212	2862	4501	5097	2862	5097	5092	2862	5092	2864	2861
					811	85	2861	2863	811	5431	5465	5433	2861	85	4502	2861	4502	4501	5431	7217	7216	5431	5432
					5465	5430	5456	5455	3251	3283	7124	3250	7224	5506	3250	7227	7224	3250	3251	3252	3250	7229	7227
					3250	3252	7229	3250	5506	3251	5429	5431	7216	5429	5432	5431	5429	5493	5430	5429	7216	7215	5429
					7215	5493	2861	4501	2862	5429	5455	5432	5429	5430	5455	5428	5458	5457	5427	5448	5571	5427	5571
					5458	5427	5458	5428	5424	5446	5448	5424	5448	5427	5426	5456	5430	2861	2864	2863	2861	2862	2864
					5425	5424	5427	5425	5427	5428	5425	5428	5456	5425	5456	5426	4138	4140	91	4138	1277	4140	4138
					91	533	4138	2990	1277	5103	6764	6763	5103	6763	5101	5101	5102	5103	5101	6763	6850	5101	6850
					7243	5098	7243	5605	5096	5605	7244	7175	5040	5041	7175	5041	5682	5038	5040	7175	5096	5099	5098
					753	5446	5424	7175	6550	5038	6550	702	5038	5096	5098	5605	5424	751	753	7174	7175	5682	7174
					5682	5685	5096	5097	5099	5093	5096	7244	5093	7244	7245	5093	7245	5094	5093	5097	5096	5092	5094
					5095	5092	5093	5094	5092	5097	5093	5090	7245	6851	3602	7194	7193	3602	7193	2187	7173	7174	5685
					5089	5090	6852	5089	5091	5090	3597	7258	7195	6762	6852	5090	7368	6868	3272	6762	5090	6851	3598
					3597	7170	6549	546	3598	7368	3272	7127	7368	7127	7369	7172	7191	7192	7172	7192	7194	7170	6549
					3598	7170	3597	7195	7170	7195	4171	3594	7194	3602	3594	3602	7173	3594	7172	7194	3594	7171	7172
					6761	5089	6852	3593	7171	3594	3592	7173	5685	3592	5685	5684	3592	3594	7173	3592	3593	3594	1947
					7051	3512	1947	7052	7051	1946	3510	7257	141	7171	3593	141	6548	7171	1946	7257	7258	1946	1947
					3512	1946	3512	3510	1945	3598	546	1945	546	7052	1945	7052	1947	1944	7258	3597	1944	1945	1947
					1944	1947	1946	1944	1946	7258	1944	3597	3598	1944	3598	1945	7471	4224	7470	3572	7469	4223	3572
					4215	4216	3572	4223	4215	7468	4222	4223	7468	7470	4222	7468	4223	7469	5039	5041	5040	5037	5094
					7245	5037	7245	5090	3562	4226	7460	5037	5090	5091	5037	5095	5094	3562	6535	4226	5036	5091	5039
					5036	5037	5091	6886	3562	7460	7458	7460	4226	7458	4226	4229	3561	4224	7471	3561	4229	4224	701
					3962	526	3561	7458	4229	7457	7458	3561	7457	3561	7471	701	1294	3962	2082	5035	5034	2082	5031
					5035	2082	5034	4506	2081	4554	5032	701	482	1294	5035	5101	7243	5035	7243	5098	2081	5032	5031
					2081	5031	2082	2080	7123	4508	5034	5098	5099	5034	5035	5098	5032	5033	5102	2080	3962	4557	5031
					5032	5102	5031	5102	5101	2080	4557	4554	2080	4554	2081	2080	4508	3962	5031	5101	5035	2079	4505
					7123	2079	7123	2080	2079	2080	2081	2079	4506	2990	2079	2081	2082	2079	2990	4505	2079	2082	4506
					5410	3820	287	2078	5037	5036	2078	5095	5037	2078	7212	5095	5410	287	283	5410	283	3821	2077
					637	6697	2077	6697	7212	2077	7212	2078	2076	702	637	2076	5040	5038	2076	5038	702	2076	637
					2077	2075	2076	2077	2075	5039	5040	2075	5040	2076	2075	2077	2078	2075	2078	5036	2075	5036	5039
					5408	3821	282	5408	285	296	5408	282	285	4064	1206	2980	489	490	2979	5405	7180	4731	485
					486	1206	485	1206	4064	5405	4728	7180	664	5380	6806	664	6808	5380	742	7181	7032	664	6858
					805	484	489	2112	484	1325	486	742	3831	7181	1325	484	2112	2112	1391	1325	742	6838	3831
					6816	7180	297	483	485	4064	5404	1332	7181	5404	7181	4732	5404	4731	1332	482	4057	1294	7210
					5403	4732	7210	4732	7182	4055	483	4064	5400	5403	5401	4055	4064	2980	5400	5404	4732	5400	4732
					5403	5400	4731	5404	5405	5399	2106	5399	4731	5400	4052	490	481	5399	5405	4731	5398	5399	5400
					5398	5401	5402	5398	5400	5401	4052	2979	490	5397	5399	5398	5396	5649	5650	4049	480	4050	5396
					5648	5649	5395	5396	5650	5395	5402	5401	5705	7249	5706	5703	5706	7249	5394	5648	5396	5393	5401
					5403	5392	5396	5395	5392	5395	5401	7411	7141	6425	5392	5401	5393	5392	5394	5396	5391	7183	5842
					5391	4733	7183	5390	7210	7176	5390	7176	4733	5390	5393	5403	5390	5403	7210	5389	5394	5392	5389
					5392	5393	5387	5388	5389	5387	4733	5391	5387	5393	5390	5387	5389	5393	5387	5390	4733	5386	5388
					5387	5385	5389	5388	5385	5394	5389	5384	5394	5385	5384	5647	5648	5384	5648	5394	6815	5647	5384
					6814	5388	5386	6813	5386	5387	6813	5387	5391	6813	5391	5842	5382	6815	5384	5382	5384	5385	5381
					5385	5388	5381	5382	5385	5381	6811	5372	6808	6840	7241	5380	6808	7241	6807	5380	7241	6805	7241
					5575	3516	6458	3517	3516	7454	6458	3515	6880	5704	3515	3517	6880	3514	3516	3517	3514	3517	3515
					3513	3514	3515	3513	3519	3518	7165	3513	3518	3514	3513	7165	7164	7167	7166	3511	7454	3516	3510
					3512	3511	3510	7166	7257	3509	3514	7165	3509	3510	3511	3509	7165	7164	3509	7166	3510	3509	7164
					7166	3509	3516	3514	3509	3511	3516	6457	3517	6458	5368	5381	5372	5368	5382	5381	5368	6815	5382
					7183	4733	3834	6457	6880	3517	302	7183	3834	5367	5372	6804	5367	6804	5580	302	6581	7183	3505
					3513	3515	6580	302	3834	3505	3515	5704	3505	3506	3519	3505	3519	3513	6712	6866	5647	3504	3505
					5704	7163	3506	3505	7163	3505	3504	7163	5703	7249	7163	3504	5703	5367	5580	5579	6712	5647	6815
					5367	5579	7242	5367	5368	5372	5366	6803	6815	5366	6815	5368	5366	5368	5367	296	297	4728	3495
					3497	3496	7160	7162	7161	6802	6803	5366	7160	7161	3495	5366	5367	7242	3496	6456	7160	7242	6802
					5366	7160	3495	3496	7453	5707	6881	3831	6838	7182	3831	4732	7181	7453	3497	5707	7452	6456	3496
					3831	7182	4732	7180	4728	297	7452	3497	7453	7452	3496	3497	4604	5650	5651	5684	6876	6877	5683
					5684	5685	4604	5402	5395	4604	5395	5650	4604	5651	4605	5683	819	6876	5683	6876	5684	4601	4603
					4602	5682	5683	5685	4601	5402	4604	4601	4602	5397	4601	4604	4605	4601	5397	5398	7451	7169	3494
					296	4728	5408	4601	5398	5402	4601	4605	4603	6455	7160	6456	6455	3494	7160	6455	7451	3494	3820
					6309	287	282	3821	283	3487	3497	3495	3487	5707	3497	7159	3487	3495	7159	3495	7161	7158	3487
					7159	7158	5705	5706	3486	5707	3487	3486	3487	7158	3486	7158	5706	7117	5381	5388	7117	5388	6814
					7117	6811	5381	2023	5430	5493	2023	5426	5430	2022	5425	5426	2022	751	5424	2022	5424	5425	2022
					5426	2023	6250	2022	2023	6250	751	2022	6249	6250	2023	4583	4584	7203	4583	5033	5032	4582	4583
					7203	4582	7203	7248	6249	2023	5493	6249	5493	6829	4582	7248	5653	2021	5505	7226	2021	7218	5505
					2020	7239	7214	2020	6836	7239	2020	7214	7218	4582	5033	4583	4581	5103	5102	2020	7218	2021	7273
					2020	2021	4581	5102	5033	4581	6764	5103	4581	4582	5653	6867	5649	5648	4581	5033	4582	4579	4602
					4603	4578	4577	4580	7273	6836	2020	6866	6867	5648	7272	7273	2021	7272	2021	7226	7272	7226	7386
					5647	6866	5648	6865	5649	6867	6865	5650	5649	3471	7238	7234	3471	7234	7232	6453	3471	7232	6452
					3471	6453	6864	5650	6865	6864	5651	5650	6451	7233	784	6863	5651	6864	6451	7232	7233	6451	6453
					7232	4563	4050	3820	4563	4049	4050	4561	4562	4578	7157	7237	7236	7157	784	7233	7157	7233	7235
					7157	7235	7237	4561	4578	4580	7157	6834	784	4560	4563	4562	5446	753	6248	4560	4562	4561	4560
					4561	2979	4560	2979	4052	4560	4052	4049	4560	4049	4563	6247	6830	7223	659	4052	481	659	4049
					4052	659	480	4049	4559	7203	4584	4558	4559	4584	2015	7223	5450	2015	6248	6247	7202	4559	4558
					2015	5446	6248	7202	4558	4580	2015	6247	7223	7202	4580	4577	2015	5448	5446	2015	5450	5448	805
					6857	806	2014	5455	5456	2014	6822	754	2014	5457	6822	658	483	4055	7199	6828	5499	658	4055
					4057	658	4057	482	4230	7199	5499	2014	5428	5457	4557	1294	4057	4230	7198	7199	2014	5456	5428
					4557	4057	4556	6824	2013	2014	2014	754	6824	4557	3962	1294	6684	7200	7197	2013	5432	5455	4228
					7198	4230	4556	4055	2980	2013	5455	2014	2013	5464	5432	4556	4057	4055	2013	6825	5464	4227	6685
					7197	4555	4556	2980	4554	4557	4556	2013	6824	6825	4554	4556	4555	4227	7198	4228	4554	4583	5032
					4227	7197	7198	4554	4555	4584	4554	4584	4583	4226	4228	4229	4226	4227	4228	4226	6682	4227	4225
					4228	4230	4225	4229	4228	4224	4229	4225	4221	4224	4225	4221	4223	4222	4221	4222	4224	2009	7215
					5494	4551	4577	4578	4550	4578	4562	4550	4562	4579	4550	4551	4578	4550	4579	4603	7470	4224	4222
					3464	3471	6452	6245	6829	7215	6448	3464	6452	4220	4221	4225	4220	4225	4230	4220	4230	5499	3463
					3471	3464	6245	7215	2009	6244	6245	2009	2008	5500	5498	3463	7238	3471	2008	6244	2009	2008	2009
					5494	2008	5494	5500	2008	5498	774	2008	774	6244	2007	7225	7219	2006	7220	7221	4219	5498	5500
					4219	4220	5499	4219	5499	5498	2006	7221	6831	7201	6703	6704	7156	3463	3464	7155	3463	7156	2006
					2007	7219	2006	7219	7220	7201	7202	4577	4218	4220	4219	4547	6703	7201	7154	3463	7155	7154	7155
					7168	6243	6832	7225	6243	7225	2007	4218	4221	4220	4547	4577	4551	4547	7201	4577	4546	4605	5651
					4545	4550	4603	4545	4551	4550	4545	4605	4546	4217	5500	7217	7154	7238	3463	7154	5559	7238	7446
					7156	3464	7446	3464	6448	4545	4603	4605	6242	6243	2007	6242	2007	2006	4217	4219	5500	6863	4546
					5651	6242	2006	6831	4217	4218	4219	4216	7217	5433	4216	4217	7217	4215	4223	4221	4215	4217	4216
					4215	4218	4217	4215	4221	4218	6290	4930	2475	6290	6308	4930	6290	2475	1169	2336	6313	6314	6314
					970	2335	2336	2500	2501	2335	970	2496	2335	2336	6314	2335	2500	2336	2335	2496	2497	2334	2494
					2495	2334	2500	2335	2334	2335	2497	2334	2495	2500	2334	2497	2494	2319	2660	3097	2319	6393	2660
					2319	3097	2655	2319	2655	2658	2319	3103	6393	2319	2658	3103	6353	3098	3097	6352	2660	6393	2657
					2658	2659	2272	4866	3090	2657	3102	3103	2272	3090	3092	2657	3103	2658	2272	4849	4866	2656	1149
					6029	2271	4849	2272	2656	6029	2659	2271	3094	672	2655	2656	2659	2271	4845	4849	2655	2659	2658
					3094	2271	2270	2654	2656	2655	2270	3092	3093	2654	3094	3093	2270	2271	2272	2654	3098	3094	2270
					2272	3092	2654	2655	3097	2270	3093	3094	2654	3097	3098	2269	580	581	2653	3093	3092	2269	4413
					580	2652	6351	1148	581	6395	2266	2652	2653	6351	2269	3106	4413	2652	1148	1149	3106	2268	3099
					2652	1149	2656	3099	3105	3106	2651	2653	2652	2268	3106	2269	2651	2656	2654	2267	3104	3102	2651
					2652	2656	2267	3102	3101	2651	3093	2653	2267	3101	3099	2651	2654	3093	2267	3099	2268	2266	3104
					2267	3104	2266	6395	2266	2267	2268	6395	6394	3104	2266	2268	2269	2266	2269	581	6349	6351	2653
					2650	6350	6349	2650	3092	3090	2650	3090	3091	2650	3091	6350	2650	2653	3092	2650	6349	2653	2649
					3101	3102	2649	3102	2657	2648	2659	6029	2648	6029	1150	2657	2659	2648	2657	2648	2649	2647	3100
					3101	2647	6392	3100	2647	3101	2649	6348	2649	2648	6348	2648	1150	6347	6392	2647	6389	6346	3095
					3095	4864	6389	6346	6388	3095	6345	6347	2647	6345	2647	2649	6345	2649	6348	6344	6390	3108	6344
					3108	3109	6343	3109	3100	6343	3100	6392	6343	6344	3109	1202	4455	595	1202	594	4452	1202	4452
					4455	1199	3097	2660	1199	2660	6352	1199	6353	3097	1198	4456	7354	1198	595	4456	2766	112	7362
					2766	6364	112	1197	3098	6353	1197	3094	3098	1195	4289	568	1195	4419	4289	1195	576	4419	1194
					4416	2133	1194	583	4416	1192	673	4845	1192	4845	2271	1192	2271	672	6522	4869	680	1191	4899
					688	1191	2088	4899	1190	4923	692	1190	4926	4923	1188	4909	799	1188	4915	4909	3108	4414	3114
					6391	4294	4414	6391	560	4294	6390	4414	3108	6390	6391	4414	2162	4291	4283	2162	4292	4291	2162
					4290	4292	2161	573	4290	2161	4290	2162	2160	565	572	2160	4281	565	2161	2160	572	572	573
					2161	3106	4415	4413	4931	4942	4934	2160	4285	4281	2159	2160	2161	2159	4284	4285	3106	3114	4415
					4931	4934	4935	3105	3109	3108	2159	2161	2162	4930	4932	4931	4930	4931	4935	3105	3108	3114	4930
					4933	4932	3105	3114	3106	4929	4932	4933	6394	6393	3103	4928	4936	4934	3103	3104	6394	2159	2162
					4283	2159	4283	4284	2159	4285	2160	4927	4910	6096	4927	6096	4937	4927	4937	4936	3102	3104	3103
					3100	3109	3105	4927	4936	4928	4926	4934	4942	3099	3101	3100	4926	4928	4934	4925	4927	4928	3099
					3100	3105	3096	4866	4857	4925	4928	4926	4923	4942	4868	4923	4926	4942	6389	4864	694	3095	3096
					4857	3095	4859	4864	3095	4857	4859	6388	3096	3095	6387	3096	6388	3094	1197	672	3091	6387	6350
					692	4923	695	3091	3096	6387	3090	4866	3096	3090	3096	3091	804	803	5631	691	4925	4926	691
					4926	1190	4911	4916	4917	4911	690	4916	4915	1188	690	4915	690	4911	4914	6097	6096	4914	6095
					1166	4913	6096	4910	4913	4914	6096	4912	4914	4913	4912	6095	4914	4911	4913	4915	4911	4912	4913
					4911	4917	4912	689	4925	691	4910	4927	4925	4910	4925	689	4909	4915	4913	4909	4913	4910	4909
					4910	689	4909	689	799	6323	4282	557	2532	4284	4283	2532	4283	4282	2532	4282	6323	2532	4286
					4284	6322	2532	6323	6322	6082	4286	6322	1160	6082	6322	4286	2532	4902	1165	6095	4902	6095	4912
					4902	4912	4917	4902	684	1165	683	4916	690	683	688	4899	4898	4902	4917	4897	684	4902	4897
					4902	4898	2133	4418	4419	2133	576	1194	4895	4897	4898	2133	4419	576	4895	4898	4896	2132	585
					4415	4896	4894	4890	4893	4894	4896	4893	686	685	4892	4894	4893	2132	4416	585	4892	4893	685
					2132	2133	4416	2131	2132	4415	2131	4414	4417	6737	804	5631	4890	4895	4896	2131	3114	4414	2131
					4415	3114	2130	4418	2133	2130	2133	2132	2130	2132	2131	2130	4417	4418	2130	2131	4417	4885	4895
					4890	682	4897	4895	681	4885	802	681	4895	4885	681	682	4895	6317	6081	1161	971	2502	6317
					971	6318	2502	4876	5630	5629	2499	6081	6317	2499	2501	2500	2499	2502	2501	4875	4876	5629	2499
					6317	2502	4875	4894	4892	4875	4890	4894	4874	4885	4890	4874	4875	5629	4874	802	4885	4874	5628
					801	4874	5629	5628	2498	2502	6318	4874	801	802	4874	4890	4875	2498	562	2501	2498	2501	2502
					6735	5630	4876	6316	2498	6318	6734	5631	5630	6315	2498	6316	6315	562	2498	2497	4281	4285	2496
					4281	2497	970	564	2496	2495	6081	2499	680	4892	685	2495	2499	2500	2495	6082	6081	680	4869
					4892	4868	695	4923	4867	4931	4932	4867	4942	4931	4867	4868	4942	4865	693	694	4865	4929	693
					4864	4865	694	4863	4865	4864	4861	4932	4929	4861	4863	4862	6313	2501	562	4861	4929	4865	2501
					6313	2336	4861	4865	4863	2494	4286	6082	2494	6082	2495	4861	4862	4867	2494	4285	4286	4861	4867
					4932	4868	4867	4862	4862	4860	4868	4860	695	4868	2494	2497	4285	679	695	4860	4859	4863	4864
					4857	4858	4859	4857	4866	4858	4856	4858	4866	678	679	4860	676	677	4856	1164	6095	1165	1164
					1166	6095	4850	4856	4866	4850	676	4856	675	676	4850	4850	4849	4845	4849	4850	4866	4845	675
					4850	673	675	4845	6081	6082	1161	1160	1161	6082	6308	4933	4930	2475	4930	4935	2475	4938	1169
					2475	4935	4938	6307	4933	6308	6307	693	4929	6307	4929	4933	595	4455	4456	593	594	83	4452
					594	593	4413	4415	585	4413	585	584	583	585	4416	2096	4862	4863	2096	4859	4858	2096	4863
					4859	2095	4856	677	2095	2096	4858	2095	4858	4856	2094	678	4860	2094	2096	2095	2094	2095	677
					2094	677	678	2094	4860	4862	2094	4862	2096	580	4413	584	2092	6731	4876	2092	4892	4869	2092
					4869	6730	2092	4875	4892	2092	4876	4875	2841	4456	4455	7366	4456	2841	6256	684	4897	6256	4897
					682	2088	686	4893	2088	1191	686	2088	4893	4896	2087	2088	4896	4899	2087	4916	4916	683	4899
					2087	4899	2088	2087	4898	4917	2087	4896	4898	4401	4418	4417	2087	4917	4916	6206	975	1145	6206
					1145	1146	6204	1150	6029	6204	6029	1149	6373	4452	593	6200	6097	4914	6200	4914	1166	1167	6097
					6200	559	558	4401	4294	560	559	4294	4417	4414	4294	559	4401	4294	4401	4417	4293	4401	558
					557	4293	558	4292	4419	4418	4291	4401	4293	4291	4418	4401	4291	4292	4418	4290	4419	4292	4289
					4290	573	4289	573	568	4289	4419	4290	4284	4286	4285	4283	4291	4293	4282	4293	557	4282	4283
					4293	2774	2841	4455	2773	4452	6373	2773	4455	4452	4281	2496	564	4281	564	565	2773	2774	4455
					2771	6367	1146	2771	2770	2769	2769	6367	2771	2769	2773	6373	2769	6373	6367	1145	6366	2771	2771
					1146	1145	6366	2770	2771	6365	2770	6366	2765	2769	2770	2764	7367	2841	2764	2766	7362	2764	2841
					2774	2763	2765	2766	2763	2774	2773	2763	2773	2769	2763	2766	2764	2763	2769	2765	2763	2764	2774
					6364	2766	2765	6365	2765	2770	6365	6364	2765	5628	5630	5631	5628	5629	5630	803	5628	5631	801
					5628	803	4938	1168	1169	4937	1167	1168	4937	1168	4938	4937	6097	1167	4937	6096	6097	4936	4937
					4938	4935	4936	4938	4934	4936	4935	816	303	3835	3835	723	816	723	3854	1236	723	3835	3854
					5289	1232	666	5289	345	344	5289	343	345	5289	344	1232	5289	1224	343	5287	346	1321	5287
					1321	1232	5287	347	346	5287	344	347	5287	1232	344	6230	5617	6855	6229	1285	5615	6229	798
					1285	6229	5617	6230	6229	5615	5617	4922	1345	1350	4922	409	1345	4922	408	409	4922	407	408
					4922	1350	407	4919	1285	1345	4919	409	410	4919	410	205	4919	1345	409	4919	205	1285	6228
					1321	687	6228	1232	1321	6228	666	1232	4903	433	415	4903	407	1350	4903	1350	1299	4903	415
					407	4903	1299	433	687	1321	1298	6271	4144	4405	6222	5665	815	6271	1283	578	6222	5657	5665
					6271	4405	1283	6221	813	5657	6270	4403	4144	6221	5657	6222	6270	4144	6271	4403	6270	577	577
					537	4403	6269	601	602	6269	602	969	6269	814	4475	6266	1147	4487	6266	4487	4486	6265	4484
					812	6265	4486	4484	6265	6266	4486	674	1342	1224	4841	416	1245	4841	435	417	4841	417	416
					670	4841	1245	4840	420	1342	4840	1342	1273	4840	419	420	4840	418	419	4840	1273	418	669
					1342	674	669	1273	1342	4838	1335	1245	4838	416	422	4838	422	424	4838	1245	416	4838	424
					1335	4484	5658	812	4836	424	425	4836	418	1273	4836	1273	1335	4836	425	418	4836	1335	424
					4835	1298	1321	4835	428	427	4475	601	6269	4835	346	428	4474	4475	814	4474	814	815	4835
					1321	346	4474	815	5665	4835	427	1298	600	4474	5665	599	600	5665	4475	4474	600	600	598
					4475	598	601	4475	4832	1299	1354	4832	431	432	4832	432	433	4832	1354	431	4832	433	1299
					597	5658	4484	597	5657	5658	596	5665	5657	4831	1354	1298	4831	431	1354	4831	427	430	4831
					430	431	4831	1298	427	596	599	5665	596	5657	597	668	1298	1354	668	687	1298	667	4018
					671	4829	4841	670	4829	436	435	4829	671	4018	4829	435	4841	4829	670	671	4829	4018	436
					534	108	4144	666	1224	5289	666	674	1224	4826	1224	1342	4826	343	1224	4826	420	442	4826
					442	343	4826	1342	420	6258	1335	1273	6258	1273	669	6257	670	1245	6257	1335	6258	587	4487
					589	6257	1245	1335	587	4486	4487	586	597	4484	586	4486	587	586	4484	4486	582	1236	316
					582	723	1236	579	5322	3862	579	3862	724	579	3861	5322	578	3861	579	578	1283	3861	577
					582	316	577	316	731	577	731	537	4405	4144	108	4405	108	535	4405	535	1283	4403	534
					4144	4403	538	534	4403	537	538	6255	1299	1350	6255	1350	800	6254	668	1354	6254	1299	6255
					6254	1354	1299	2442	874	1017	2442	724	3862	2442	3862	874	2441	4018	667	82	303	816	2441
					1016	438	2441	438	4018	3862	328	874	328	3862	5322	324	933	3861	2438	667	724	2438	724
					2442	2438	1017	1016	2438	2441	667	2438	1016	2441	2438	2442	1017	3854	320	1236	303	827	3835
					739	320	3854	739	3835	827	739	3854	3835	4018	438	436	813	5658	5657	812	5658	813	2750
					4487	1147	2750	1147	6521	588	589	4487	4487	2750	588	6363	2750	6532	6363	588	2750	730	316
					1236	730	1236	320	800	1350	1345	5617	203	6888	1283	324	3861	1283	535	324	5322	3861	933
					5322	933	325	5322	325	328	5615	203	5617	5615	205	204	5615	204	203	5615	1285	205	798
					800	1345	798	1345	1285	2371	3757	6945	2371	6945	1680	2371	1680	6948	2371	6947	6569	2361	1418
					6949	2361	1581	6478	2361	6949	1581	2361	878	6541	2358	1680	6952	2358	6951	6948	2358	6952	6953
					2358	1679	6951	2357	1679	6950	2357	882	1679	2337	7028	4066	2337	1014	6652	2337	4066	6954	2337
					6954	1014	2337	6652	6531	2337	6531	7028	2307	1697	6958	2307	1698	1027	838	6957	1697	2307	6958
					6960	2306	262	1697	2306	1587	261	2306	1697	6957	2303	254	1012	2303	1703	7043	2303	7043	6914
					2303	1589	254	2302	1703	6962	2302	1704	832	2302	6963	1703	2302	6962	6964	2265	6966	1705	2265
					1706	6966	2265	6965	6907	2265	1705	6899	2264	1707	6906	2264	1705	6967	2264	6967	1707	2264	6968
					6899	2255	6971	1517	2255	155	1029	2255	1577	6971	2255	1517	154	2640	1614	6930	2640	1615	1026
					2640	6931	1614	2640	6930	1615	2636	846	1556	2636	68	1615	2636	1615	6932	2636	1556	68	2633
					849	1013	2633	6933	847	2633	1614	6933	2633	1622	849	2631	1621	848	2245	1715	1011	2631	848
					1622	1486	6485	6486	2631	1622	847	2245	38	1486	2631	6936	6935	2245	6486	6487	2630	6938	1024
					2630	1623	6938	2630	6937	1623	2630	1621	6935	2243	898	1715	2243	6484	6480	2243	1483	898	2243
					1715	6484	2213	6974	1719	7035	3758	5520	2213	6975	1041	7035	6572	5519	1719	6976	6975	2213	1465
					6973	7034	6577	3761	7034	3761	5514	7033	7008	2005	2211	1719	6977	7033	1828	5508	2211	6978	6976
					2211	6977	6979	2211	1720	6475	2206	1433	6468	2206	4	1433	2206	5	4	2206	1722	5	2206
					6981	1722	7031	3999	6592	7030	6600	3981	2572	1646	187	2572	1647	864	2572	865	1646	4543	493
					491	4543	4065	6640	2572	6525	1647	4543	6641	4065	4543	6640	493	4543	491	118	2572	187	6525
					4543	118	6641	4542	491	493	4542	493	6643	4542	6643	4066	4542	4066	492	4542	492	491	3430
					1042	373	3430	373	3985	2570	1648	863	3430	1460	1042	2570	6941	1648	2570	6943	6941	2570	863
					1647	3430	3985	6552	2570	1647	6943	3430	6939	1460	3429	6940	6942	3429	1648	6474	3429	23	1460
					3429	1460	6940	3429	6474	23	7028	492	4066	3411	1720	28	3411	28	138	3411	31	6475	3411
					1420	31	1049	4090	6662	1049	6665	4090	3404	6476	1464	3404	30	6476	3404	1464	136	3404	29
					1465	3404	1465	30	4531	6645	6647	4531	4076	6650	4531	6646	6648	5271	6592	3999	5271	349	3919
					5271	348	349	5271	3919	6592	4531	6648	4076	5271	3999	107	1046	1412	137	4531	6650	6645	5271
					107	348	4531	6647	6646	4530	6653	4076	4530	4076	6649	4530	1014	6653	4530	6652	1014	4530	6649
					6651	4530	6651	6652	1045	1419	3531	1045	6543	3530	5267	3926	353	5267	6594	3926	5267	6593	6594
					1044	1421	101	1044	6462	3528	5267	353	352	5267	3927	6593	1043	96	1424	4525	5795	6656	4525
					6659	6657	5263	3926	354	5263	6595	1779	4525	499	6659	4525	6654	499	4525	6656	6654	4525	1009
					5795	4525	6657	1009	1042	1460	23	5263	354	6595	5263	1779	927	4524	6647	6645	5263	355	3926
					4524	6645	6658	4524	499	6655	5524	3755	6567	5524	234	3755	4524	6659	499	4524	6658	6659	4524
					6655	6647	1041	30	1465	5524	6567	3756	5524	3756	6566	5523	6568	6946	1041	1465	2213	5523	3756
					6568	5523	6565	3756	5523	3757	6565	5520	6570	7035	5520	235	1003	5520	3755	6570	5520	3758	235
					1039	153	3240	1039	1516	3235	5519	3758	7035	5519	6572	237	5519	236	40	5519	1487	236	1038
					1519	57	1038	52	3234	1037	1521	54	1037	55	1521	1036	1623	6937	1036	56	3232	882	6951
					1679	1253	6662	4090	5514	6573	7034	5514	6574	239	5514	2357	6573	5514	3761	6574	1253	4090	6526
					1253	6526	6663	5513	3761	6577	5513	6577	939	5513	1830	6576	5513	238	3761	1034	1555	3210	4520
					503	6664	4520	1733	503	69	3208	1555	4520	6664	4090	4520	6665	1733	4520	4090	6665	1029	1577
					2255	1029	830	3126	5508	240	1588	5508	6916	7033	5508	1828	240	5508	1588	6913	1028	6920	1598
					1028	1598	2805	1027	1698	837	1027	838	2307	1026	6931	2640	1026	1615	68	1025	6502	3208	1025
					1556	846	1024	848	1621	1024	1621	2630	1015	1418	140	1015	6949	1418	1013	6930	1614	1013	1614
					2633	6958	1697	262	1012	6962	1703	1012	1703	2303	1011	38	2245	1011	1715	898	4511	4120	521
					4511	6668	4120	4511	6667	6668	4511	521	522	6977	1719	6974	4511	4121	6667	4510	4120	514	4510
					515	1729	4510	514	515	4510	1729	516	4510	516	4120	5795	6987	6656	5795	1009	6988	5794	6991
					1742	5794	1742	6989	6516	6991	5794	1007	387	3982	1007	3982	7000	7024	1778	926	7024	7003	2048
					1006	1785	928	1006	929	1785	192	1413	3536	191	1413	192	1004	1827	2003	1004	7007	1827	3270
					1482	6481	3270	1483	6480	3270	6481	1483	3270	6482	6489	1003	3755	5520	1003	6567	3755	6554	1722
					6981	6554	6464	3523	3266	1486	39	186	187	1646	3266	6488	6485	2120	1728	6986	185	1440	9
					2120	1729	908	2120	6985	1728	3266	1487	237	2120	908	6985	2120	6986	6982	3266	39	1487	2117
					909	1733	2117	1728	6984	2117	6983	1728	2117	6984	909	2117	1733	6983	6611	7000	3990	6611	3990
					394	393	3990	6610	1305	6604	4986	6603	1305	6609	389	6604	1305	3981	387	386	386	383	4992
					2116	5795	6988	2116	912	6987	2116	913	912	2116	6988	6661	2116	6661	913	2116	6987	5795	373
					388	3985	6552	3985	6603	6552	6939	3430	154	155	2255	3248	1502	6492	3248	1554	6490	3248	6490
					1502	3248	46	6500	154	1517	3240	3246	6491	6492	3246	1482	6489	3246	1502	47	3246	47	1482
					927	355	5263	144	1554	6501	6595	7004	1779	3927	468	467	144	6490	1554	3926	355	353	6594
					354	3926	6593	3927	467	352	928	3927	143	1518	3239	143	6929	1518	352	3927	5267	351	109
					1785	4121	522	926	522	4121	4511	516	521	4120	3240	1517	51	3240	1516	1039	3240	51	1516
					3240	153	154	3239	57	1519	3239	1519	53	3239	1518	57	516	1729	6982	3919	929	350	6592
					3919	350	908	1729	515	514	4120	6668	3235	54	1521	3235	6494	1039	3235	1516	54	3235	1521
					6495	3234	1519	1038	3234	52	6495	3234	55	1519	3234	1521	55	3232	1623	1036	3232	1518	6929
					3232	6929	1623	3232	56	58	6979	1720	2211	6975	2213	1719	6976	1719	2211	6967	6970	1707	1705
					6969	6967	1705	6966	6969	6964	1704	2302	2085	6998	922	2085	6614	6615	6666	6983	1733	503	1733
					909	2085	6615	6998	2085	402	6614	2085	6997	402	2085	922	6997	6665	6666	1733	6663	913	1253
					6961	1703	6963	4090	6664	6526	6661	6662	1253	7285	7000	3982	7285	3982	6601	6960	1698	2307	6957
					6959	2306	6661	1253	913	6610	3990	7000	7000	7285	6610	2819	1586	260	2819	833	1587	2819	1587
					6909	2819	6909	6911	6950	1679	6953	2818	6910	832	2818	1586	6911	6953	1679	2358	2818	1704	834
					2818	834	1586	2817	1589	6914	2817	6912	6913	2817	253	1589	2817	1588	253	6948	1680	2358	6948
					6947	2371	6650	4076	6653	6648	6649	4076	6945	6952	1680	6644	1742	6991	2808	1598	6920	2808	6926
					6927	2808	6920	7018	2808	6927	1598	6643	6954	4066	4065	6641	6507	4065	6507	1742	4065	1742	6644
					1647	6944	6943	1647	6525	6944	6640	4065	6644	864	865	2572	2805	836	1028	2805	837	1698	2805
					1698	836	2805	1598	835	6942	1648	3429	863	1648	6942	863	864	1647	3537	137	1412	3537	1464
					6528	3537	1412	901	3537	10	1464	3537	6528	137	3536	1413	11	6935	6937	2630	3536	1412	1046
					3536	1046	192	6935	1621	2631	848	849	1622	3536	11	1412	847	6936	2631	847	1622	2633	6932
					846	2636	3210	6499	1034	3210	1555	6501	3210	6501	1554	3210	1554	6500	3208	1556	1025	1555	1034
					69	3208	6502	1555	3208	69	67	1614	6934	6933	1614	6931	6934	6930	6932	1615	6929	6938	1623
					3531	6542	1045	3531	1419	140	3531	140	1418	3531	1418	6541	3530	1420	0	3530	1419	1045	3530
					0	1419	3530	6543	6477	3528	1421	1044	1482	47	45	6489	6491	3246	6489	1482	3270	3528	6462
					6463	3528	6472	6980	3528	1423	6472	3527	1413	191	3527	6473	1413	6481	1482	45	3527	101	1421
					3527	1421	6473	1697	2307	838	3527	191	101	836	1698	6960	6480	6482	3270	6480	1483	2243	6479
					898	1483	835	1598	6927	2048	7004	925	2048	1778	7024	2048	1779	7004	6479	1483	6481	6478	1581
					3123	2048	925	1778	6478	878	2361	2048	7003	1779	2047	926	1778	2047	6632	4121	2047	1778	7005
					2047	7005	6632	2047	4121	926	3523	1722	6554	3523	902	1722	3523	1424	96	835	837	2805	3523
					6464	1424	3523	96	902	3522	1043	1424	3522	1	1043	3522	1424	2	3522	1423	1	3522	2
					1423	2043	468	3927	2043	928	1785	2043	3927	928	2043	1785	109	4992	7030	3981	4992	384	7030
					469	4121	6632	2043	109	468	469	6667	4121	4992	385	384	4992	3981	386	929	6252	351	4992
					383	385	4991	3982	387	4991	3981	6600	6913	6916	5508	6914	6912	2817	6252	3919	349	6252	929
					3919	4991	6601	3982	351	1785	929	4991	6600	6601	4991	387	3981	6913	1588	2817	834	1704	6964
					6959	1587	2306	6911	6910	2818	6909	1587	6959	6973	6974	2213	6911	1586	2819	4987	3985	388	6476
					6528	1464	832	6963	2302	4987	1305	6603	4987	389	1305	4987	388	389	4987	6603	3985	4986	6604
					6602	6605	4986	385	385	383	6605	4986	6605	6609	4986	6609	1305	4986	6602	385	29	6973	1465
					832	1704	2818	6475	1720	3411	6475	6978	2211	28	1720	6979	6907	1706	2265	6906	6968	2264	6474
					1648	6941	1460	6939	6940	6904	6905	1580	1577	6908	6971	6908	1577	3126	6903	1707	6970	6902	1576
					6903	6906	1707	3125	4975	3990	393	6901	6900	3125	6955	6471	3477	4975	6527	6612	4975	394	3990
					4975	396	394	6899	1705	2264	6899	6965	2265	4975	6612	396	7	1646	865	4975	393	6527	7
					6955	1440	5	1722	903	6901	1576	3126	3484	1432	6466	3484	6467	1432	3484	3	6467	3484	6466
					1433	3484	1433	3	829	6898	3123	7043	1703	6961	6914	1589	2303	6897	1581	6949	6468	6981	2206
					6897	6904	1581	1432	6471	6470	6467	6529	1432	3	1433	4	261	262	2306	261	1587	833	6466
					1432	6470	6466	6468	1433	6505	6966	1706	260	1586	834	260	833	2819	6505	1706	3122	6504	1706
					6907	6504	829	1580	2	1424	6464	1	1423	6463	3479	1646	7	3479	1440	185	3479	7	1440
					3479	186	1646	3479	185	186	1421	6980	6473	6980	1421	3528	6463	1423	3528	6472	1423	2	3477
					9	1440	3477	8	9	3477	1440	6955	3477	6471	1432	3477	1432	6529	3477	6529	8	1555	6502
					6503	1420	6477	31	938	1830	939	6477	1420	3530	1827	7008	7010	7010	7009	2003	6501	1555	6503
					139	140	1419	7006	1828	7007	6500	6499	3210	253	254	1589	252	253	1588	139	1419	0	6541
					6542	3531	67	68	1556	67	1556	3208	6541	1418	2361	138	0	1420	138	1420	3411	925	7005
					1778	7003	927	1779	1413	6461	11	1413	6473	6461	4955	3999	7031	4955	403	3999	1412	11	901
					4955	6613	403	901	10	3537	136	1464	10	136	29	3404	4955	6615	6614	4955	7031	6615	4955
					6614	6613	3126	1576	6902	240	1828	7006	3126	1577	1029	3126	6902	6908	3126	830	6901	3125	6900
					6906	6495	1521	3234	1519	55	53	53	143	3239	3125	1576	6901	3125	1707	6903	3125	6903	1576
					58	1518	3232	240	252	1588	1518	58	57	1517	6971	6972	4001	6999	6622	3123	6904	1580	3123
					6898	6478	51	1517	6972	3123	1581	6904	6495	6494	3235	3123	1580	829	939	1830	5513	239	882
					2357	50	1516	51	50	54	1516	3122	1580	6905	3122	6905	6505	3122	1706	6504	6576	1830	7009
					6619	4001	6621	3122	6504	1580	239	2357	5514	6574	3761	6575	6573	2357	6950	4949	922	6999	4949
					4001	6619	4949	6999	4001	4949	6619	6997	4949	6997	922	4948	396	6612	4948	6620	6621	4948	6621
					4001	4948	4001	6622	4948	6612	6620	4948	6622	396	6576	238	5513	238	6575	3761	403	107	3999
					237	6488	3266	40	3758	5519	235	3758	40	6492	1502	3246	6492	46	3248	6500	1554	3248	237
					1487	5519	39	236	1487	3757	6946	6945	6946	3757	5523	6569	3757	2371	38	39	1486	3755	6571
					6570	6567	6568	3756	1728	6985	6984	6565	6566	3756	6565	3757	6569	234	6571	3755	6487	1715	2245
					1728	6983	6986	6566	234	5524	6485	1486	3266	2005	1828	7033	2005	1827	7007	2005	7007	1828	6982
					1729	2120	6486	2245	1486	2005	7008	1827	6484	1715	6487	2003	938	1004	2003	1830	938	6483	1502
					6490	2003	7009	1830	2003	1827	7010	902	903	1722	6483	47	1502	2661	4843	6353	6352	3112	3111
					6352	6393	3112	1202	4458	4454	1202	4454	594	1202	595	4458	1199	2661	6353	1199	3111	2661	1199
					6352	3111	1198	7355	4457	1198	4457	595	1197	4843	4846	1197	6353	4843	1195	4287	576	1195	567
					4287	1195	568	567	1194	4287	4412	1194	4412	583	1192	4844	2097	1192	672	4844	1192	2097	673
					1191	7288	4906	1191	688	7288	1190	4941	4924	1190	692	4941	3112	3113	4406	3111	724	667	3110
					578	579	1188	1981	5618	3110	4406	578	1188	799	1981	3110	579	724	3110	724	3111	3110	3112
					4406	3110	3111	3112	6395	581	4407	6395	4407	3113	6394	3113	3112	6394	6395	3113	6393	6394	3112
					5619	4900	5618	5618	1982	5619	6230	1982	1981	1982	6230	6514	1982	6514	5619	1981	799	4918	2661
					3111	667	2661	671	4843	2661	667	671	1197	4846	672	1981	6229	6230	1981	1982	5618	692	4940
					4941	692	695	4940	1981	4918	5620	1981	5620	798	1981	798	6229	691	1190	4924	4918	691	4924
					4918	4924	5620	690	1188	5618	6228	4945	666	6228	687	4944	689	691	4918	6228	4944	4945	689
					4918	799	1973	5655	5654	1973	5661	5655	1973	5654	813	1972	5662	5661	687	4939	4944	1972	5661
					1973	686	4906	6740	6222	815	5662	1191	4906	686	6222	5662	1972	2135	4407	4408	2135	4409	577
					6221	1972	1973	685	686	6738	2135	4408	4409	6270	6271	2135	6221	6222	1972	6221	1973	813	6270
					2135	577	4900	5619	6856	2134	2135	6271	4900	6856	4901	4900	690	5618	683	4900	4901	683	690
					4900	2134	3113	4407	683	4901	688	2134	4407	2135	2134	6271	578	2134	578	4406	2134	4406	3113
					2128	5664	814	2128	4479	5664	2128	4478	4479	6269	2128	814	2127	969	603	2127	2128	6269	2127
					6269	969	2127	4477	4478	2127	4478	2128	2127	603	4477	6268	4481	5659	6268	604	4481	6267	5660
					605	6267	6268	5659	6267	5659	5660	2124	4489	6021	2124	4488	4489	6266	6021	1147	6266	2124	6021
					6265	2124	6266	970	563	564	680	685	6738	6265	812	2123	2123	2124	6265	2123	4488	2124	679
					4943	695	4855	4945	4943	4855	4943	679	678	4855	679	4852	4945	4855	4851	4855	678	4851	678
					677	4851	4853	4852	4851	676	4853	4851	677	676	4851	4852	4855	675	4853	676	675	4854	4853
					4848	4852	4853	4848	4853	4854	4847	4848	4854	674	4848	4847	673	4854	675	4844	672	4846	4842
					4846	4843	670	4843	671	670	4842	4843	669	674	4847	4485	4488	2123	4485	5654	5656	4485	2123
					5654	4481	5656	5659	4480	605	5660	4480	5660	5663	4479	4480	5663	4479	5663	5662	4479	5662	5664
					668	4939	687	668	4941	4939	4459	4489	4488	4454	4459	4488	4454	4458	4459	4454	4488	4485	4453
					5656	4481	4453	4485	5656	4453	4454	4485	666	4945	4852	666	4852	4848	666	4848	674	83	594
					4454	83	4454	4453	604	83	4453	4453	4481	604	592	4478	4477	591	605	4480	4438	4480	4479
					4438	591	4480	590	4478	592	590	591	4438	4438	4479	4478	4478	590	4438	6258	669	4847	6257
					4842	670	2098	4846	4842	2098	6257	6258	2098	4844	4846	2098	4842	6257	2097	4854	673	2097	4847
					4854	2097	2098	6258	4412	816	723	2097	6258	4847	2097	4844	2098	4411	585	583	4411	583	4412
					4411	584	585	4410	4411	4412	4409	4411	4410	4409	584	4411	582	4412	723	582	4410	4412	4407
					581	4408	580	4408	581	580	584	4409	580	4409	4408	577	4410	582	577	4409	4410	6376	592
					4477	6375	6376	4477	6375	4477	603	6521	1147	6021	2086	5620	4924	2086	4924	4941	2086	6255	800
					2086	800	5620	6254	6255	2086	6254	2086	4941	6254	4941	668	7288	688	4901	570	571	572	4356
					573	572	4356	572	571	569	4356	571	568	4356	569	568	573	4356	567	568	569	82	4288
					567	570	572	565	565	566	570	564	566	565	563	566	564	4287	1194	576	4288	816	4412
					4288	82	816	4288	4412	4287	4287	567	4288	814	5664	815	5662	815	5664	5661	5662	5663	5660
					5661	5663	5655	5661	5660	5655	5660	5659	5655	5659	5656	5654	5655	5656	5654	2123	812	812	813
					5654	2751	4489	4459	7360	4489	2751	7360	6021	4489	4457	4458	595	4457	2751	4459	4457	4459	4458
					7355	2751	4457	798	5620	800	4943	4945	4944	4940	695	4943	4940	4943	4944	4939	4941	4940	4939
					4940	4944	2345	6099	3393	2344	3378	6307	2344	3392	3378	2344	2345	3393	2344	3393	3392	1169	6099
					2345	2343	6307	6308	2343	2344	6307	2343	2345	2344	6290	2345	2343	6290	2343	6308	6290	1169	2345
					2342	4968	4967	2342	6089	4968	2341	2477	5719	2341	5719	5718	2341	2342	4967	2341	4967	2477	2340
					3398	6087	2340	3397	3398	2340	6089	2342	2340	6087	6089	2339	5718	3397	2339	3397	2340	2339	2341
					5718	2339	2342	2341	2339	2340	2342	6289	2519	2506	6289	6320	2519	6288	2505	6319	6288	6289	2506
					6288	2506	2505	2320	2645	3418	2320	3421	2669	2320	3418	3421	2320	2669	6350	2320	6387	2644	2320
					6350	6387	2320	2644	2645	2318	3179	3177	2318	2663	3179	2318	3177	2666	2318	3555	2663	2318	2666
					2665	2318	2665	3555	6286	1696	1596	6286	842	1601	2311	2760	2744	2310	2745	2746	2310	2746	2747
					2310	2311	2744	2310	2744	2745	2311	2775	2759	2311	2759	2760	2309	2747	2776	2309	2311	2310	2309
					2310	2747	2309	2775	2311	2309	2776	2775	2308	2820	6005	2308	2753	2757	2308	2757	2779	2308	2821
					2820	2308	6005	2753	2308	2779	2821	6285	2812	1595	6285	893	1593	6284	1113	1585	6284	1583	1593
					2301	2828	2827	2301	2833	2828	2300	2301	2827	2299	2834	2833	2299	2831	2834	2299	2833	2301	2298
					2299	2301	2298	2830	2831	2298	2301	2300	2298	2300	2829	2298	2829	2830	2298	2831	2299	2670	2671
					6027	2668	2670	2669	2668	2669	3421	2668	2671	2670	2668	3421	3420	2668	3420	2672	2667	6026	6028
					2667	3171	6026	2667	6028	2671	2666	3177	3171	2666	3171	2667	2665	2672	3417	2665	3417	3555	2664
					2665	2666	2664	2671	2668	2664	2666	2667	2664	2668	2672	2664	2667	2671	2664	2672	2665	2663	3058
					3179	2663	3555	3554	2663	3554	1381	2662	3058	2663	1280	843	1288	2662	1381	1280	2662	2663	1381
					1288	2662	1280	2662	1288	3058	6351	6027	1148	2670	6027	6351	2669	2670	6349	6349	2670	6351	6349
					6350	2669	2262	3150	3151	2262	3137	3150	2262	3139	3137	2261	3156	3139	6347	3166	6392	2261	3141
					3156	6347	3176	3166	2261	3139	2262	2260	3145	3143	6025	3175	6348	2260	3147	3145	2260	3143	3141
					6348	1150	6025	2260	3141	2261	2646	3552	3425	2259	2260	2261	2646	3425	3426	2259	3151	3172	2646
					6389	3552	2259	2262	3151	2259	2261	2262	2259	3172	3147	2259	3147	2260	6346	6389	2646	2645	6346
					2646	2645	3426	3418	2645	2646	3426	2644	6387	6388	2644	6346	2645	2644	6388	6346	6345	3175	3176
					6345	6348	3175	6345	3176	6347	6344	3169	6390	3165	3169	6344	6344	6343	3165	6343	6392	3165	2249
					4334	2525	2249	3207	4334	2249	5982	5983	2249	5983	3207	2248	6083	3205	2248	2249	2525	2248	2524
					6083	2248	2525	2524	2247	3218	5982	2247	2249	2248	2247	3206	3218	2247	2248	3205	2247	3205	3206
					2247	5982	2249	5870	5938	1143	5870	1905	4661	5870	6180	6207	5870	4661	5938	1074	4670	1894	1074
					1132	4670	2232	3311	3310	2232	5741	3311	2232	3154	5741	2231	2232	3310	2231	3159	3154	2231	3154
					2232	2231	3309	3159	2231	3306	3309	2231	3310	3306	1071	165	4678	1071	1216	163	1071	4678	1216
					1069	962	4682	1069	4682	180	1068	3013	190	1068	25	3013	1067	194	4691	1067	4691	196	5851
					4707	3739	5851	3742	4707	5851	230	780	5851	3739	781	2216	3385	3382	2216	3382	3384	2216	3395
					3385	2215	3384	3386	2215	3386	3390	2215	2216	3384	3391	3390	3381	3391	2215	3390	2214	2216	2215
					2214	3394	3395	2214	2215	3391	2214	3391	3394	2214	3395	2216	5611	4695	5612	5610	4696	210	5610
					210	214	4695	4696	5612	4695	211	4696	2210	3427	3413	2210	3419	3427	2210	3420	3419	2209	3414
					3415	2209	2210	3413	2209	3413	3414	2208	3416	3417	2208	2209	3415	2208	3415	3416	2207	2210	2209
					2207	2209	2208	2207	2208	3417	2207	3417	2672	2207	3420	2210	2207	2672	3420	1201	2538	6326	1201
					2331	2538	2202	3553	3550	1201	94	2331	2202	3550	3548	2201	3380	3389	2201	3548	3380	2201	2202
					3548	2200	3399	5696	2200	2202	2201	2200	3388	3399	1200	2509	6320	1200	2503	2509	2200	2201	3389
					1200	971	2503	2200	3389	3388	2199	5697	3549	2199	2202	2200	2199	5696	5697	2199	2200	5696	2199
					3549	3553	2199	3553	2202	789	221	3712	789	3712	3716	6241	1832	543	1056	4743	369	6241	3740
					1832	6241	940	3740	1056	368	4743	788	5567	3721	788	222	3716	1055	4746	371	5566	3722	4699
					5566	4700	3722	787	226	3730	787	3726	3738	6240	3732	3730	1054	4757	4983	5565	4701	3732	6240
					943	3731	5565	3732	4700	1054	392	4757	6239	225	3721	6239	3722	3731	454	4813	450	3428	3550
					3553	3428	3551	3550	1051	4772	918	3425	3428	3427	3425	3552	3551	3425	3551	3428	1051	463	4797
					3425	3427	3426	3424	3014	3422	3424	3549	5697	5697	3013	3423	3423	3424	5697	3423	3013	25	3423
					3014	3424	3423	25	3014	3422	26	3015	3422	3014	26	3419	3420	3421	3419	3426	3427	7029	121
					120	3418	3419	3421	3418	3426	3419	3416	2999	3559	3416	3559	2998	3415	2999	3416	3415	3422	3015
					3415	3015	2999	3414	3422	3415	3414	3553	3549	3414	3424	3422	3414	3549	3424	3413	3553	3414	3413
					3427	3428	3413	3428	3553	3412	3000	3554	3412	3417	3416	3412	3558	3000	3412	3555	3417	3412	3554
					3555	3412	3416	2998	3412	2998	3558	5542	4699	5567	5542	5567	4698	5566	5540	5533	5540	5543	5541
					5540	5542	5543	5540	4699	5542	5540	5566	4699	5538	3726	4701	5538	4706	3726	4707	4708	3739	781
					230	5851	781	3739	940	5537	4706	5539	5537	5539	4246	5537	3742	4706	5537	4707	3742	780	3742
					5851	780	227	3738	5539	4706	5538	5534	5535	5536	5534	5538	4701	5534	5536	5539	5538	5534	5539
					5533	4700	5566	5533	5565	4700	5533	5535	5534	5533	5540	5541	5533	5541	5535	2167	4250	4277	5534
					4701	5565	2167	4249	4250	5565	5533	5534	2166	4278	4245	2166	4277	4278	2166	2167	4277	2165	4246
					4247	2165	2166	4245	3402	32	3020	2165	4245	4246	3402	4685	32	2164	2167	2166	3401	5718	4684
					2164	4248	4249	3401	4684	4685	1047	2992	4154	2164	2166	2165	2164	2165	4247	3400	6100	6101	2164
					4247	4248	1047	4155	2992	3400	6099	6100	2164	4249	2167	5812	542	541	2163	4295	4296	5812	541
					540	2163	4274	4295	2163	4267	4272	3022	3021	197	2163	4296	4267	6392	3166	3165	2163	4273	4274
					3399	4691	5689	2163	4272	4273	3399	5691	4691	3107	6391	6390	5691	3399	3387	3107	6390	3169	3398
					6101	6087	3107	3168	560	3397	5718	3401	3107	560	6391	3396	3400	6101	3107	3169	3168	3396	6101
					3398	3395	3398	3397	3395	3396	3398	3394	3396	3395	3393	6099	3400	3393	3400	3396	3393	3396	3394
					3392	3393	3394	2543	5535	5541	3391	3392	3394	2542	2834	2831	2542	5543	2834	3387	3022	5691	3387
					3399	3388	3387	3021	3022	3386	3389	3390	3386	3388	3389	2542	5541	5543	2542	2543	5541	2542	2831
					2832	3386	3387	3388	3402	3401	4685	2541	6073	2543	2541	6369	1155	2541	2832	6369	2541	2543	2542
					2541	1155	6069	5266	4774	950	2541	2542	2832	3385	3395	3397	3385	3397	3401	3385	3401	3402	6389
					3539	3552	5266	950	4744	2540	4249	4248	6389	694	3539	3384	3387	3386	3384	3021	3387	2539	6070
					1157	3383	3384	3023	1980	804	5621	1980	5622	5625	1980	5621	5622	3383	3021	3384	2539	1157	1159
					3383	135	34	2538	1159	6326	3383	3023	134	3740	4708	1832	804	1980	803	2538	4250	4249	3382
					3385	3402	3382	3023	3384	3739	3740	940	2538	2331	4250	3382	3402	3020	3739	4708	3740	3738	4706
					3742	3020	3023	3382	3020	6	3023	2538	2539	1159	3381	3392	3391	3380	3548	3540	3380	3381	3390
					3380	3390	3389	3379	3381	3380	3379	3540	3538	3379	3380	3540	3378	3381	3379	3378	3392	3381	2538
					4249	2540	2538	2540	2539	2537	5535	2543	2537	5536	5535	2151	4330	4262	2151	4262	4328	2537	6073
					6072	2150	4329	2504	2537	2543	6073	1979	5626	5632	1979	5627	801	2150	2516	2151	2536	2537	6072
					2150	2504	2507	2150	2507	2516	2150	2151	4328	2150	4328	4329	2149	2151	2516	2149	4333	4331	2149
					2516	4332	2536	4248	5536	2149	4332	4333	1979	803	1980	1979	5632	5627	2536	2540	4248	2149	4331
					4330	2149	4330	2151	1979	801	803	1979	5625	5626	1979	1980	5625	1035	59	3039	2536	5536	2537
					2535	6070	2539	1035	3039	3225	2535	2536	6072	5807	61	1530	2535	2539	2540	2535	6072	6071	5807
					90	61	2535	6071	6070	5807	1530	3040	3731	3732	6240	3731	4700	3732	3730	3732	4701	3738	3742
					780	2535	2540	2536	3730	226	6240	3730	3726	787	1033	1260	73	3738	227	787	6325	555	4253
					6325	4253	4254	1033	74	1231	3726	4706	3738	1260	1033	1231	1231	3055	1260	3726	3730	4701	1032
					1333	75	1032	77	1233	1333	1032	1233	1233	3057	1333	1031	1295	79	1031	80	1264	1295	1031
					1264	6324	4254	94	6324	6325	4254	1264	3059	1295	1030	1341	81	1881	5743	1341	3731	943	6239
					6323	3202	3188	6323	557	3202	6323	6080	6079	3722	4700	3731	3721	4699	3722	6323	3188	6080	1341
					1030	6215	3721	3722	6239	3721	225	788	6322	6323	6079	6322	6079	1160	5567	4699	3721	2531	2529
					3201	2531	3201	3305	2530	3304	3191	2530	3191	3202	2530	3305	3304	3716	4698	5567	2530	2531	3305
					2529	559	560	2528	2529	2531	3716	5567	788	2528	559	2529	2528	558	559	2527	558	2528	2527
					2528	2531	1595	221	6285	2527	2531	2530	3712	221	1595	3712	1595	1371	3712	4698	3716	2527	3202
					557	3716	222	789	2527	557	558	2527	2530	3202	2525	4334	2526	2524	6075	6083	2523	1161	6076
					2522	6075	2524	2522	2523	6076	2522	6076	6075	2521	2523	2522	2521	2522	2524	2520	2524	2525	2520
					2521	2524	2520	2525	2526	2519	2521	2520	2518	2519	2520	2518	2520	2526	2517	2526	4334	684	6094
					1165	2517	4334	4332	2517	2518	2526	2516	2517	4332	214	380	4697	6321	4275	561	6321	4297	4275
					211	215	4696	211	4695	212	214	4697	5610	3308	3311	5741	5741	4678	5738	5738	3308	5741	3308
					5738	4680	3306	3310	3307	3305	3306	3307	210	4696	215	2509	2523	2521	2519	6320	2509	3305	3309
					3306	3304	3305	3307	4891	5625	5622	4891	5623	5625	2509	2521	2519	3302	6078	6077	208	4694	209
					208	212	4695	6510	5621	804	3302	6077	6080	207	209	4694	3301	6078	3302	207	4756	390	4889
					4969	6093	3301	6083	6078	4889	4966	4969	4888	2093	4965	4888	4965	4966	3301	3302	3303	4888	4966
					4889	4886	5633	4887	681	802	5633	6319	4297	6321	4886	682	681	2507	2517	2516	4886	681	5633
					4884	4887	5633	4884	5633	5632	4883	5632	5626	4883	5626	5624	4883	4884	5632	2507	2518	2517	4880
					4884	4883	4882	2093	4888	4881	4888	4889	4881	4889	4887	4881	4882	4888	2506	2519	2518	4881	4887
					4884	2506	2518	2507	2505	4297	6319	2505	4298	4297	4881	4884	4880	4880	4883	5624	4879	5623	5006
					2504	2506	2507	2504	2505	2506	2504	4329	4298	4879	5624	5623	4879	2090	5624	5012	5006	5623	5012
					5623	4891	5012	5007	5006	2504	4298	2505	2503	1161	2523	2503	6317	1161	4877	5012	4891	4877	4878
					6736	4877	6736	5013	2503	2523	2509	4877	4891	5622	4877	5622	4878	201	543	4158	201	4158	4160
					201	4160	544	971	6317	2503	4877	5013	5010	4877	5010	5012	200	4161	4159	200	4159	545	200
					544	4161	197	3021	34	6732	5622	5621	6732	4878	5622	195	196	3022	195	3022	197	4873	4971
					4970	4873	4972	4971	4872	5612	4972	4872	4972	4873	4871	4882	4881	193	4692	194	4871	4881	4880
					4871	4970	4882	4871	4873	4970	4870	5624	2090	4870	4872	4873	4870	4873	4871	4870	4880	5624	4870
					4871	4880	4870	2090	4872	190	4692	193	1168	6099	1169	6098	6099	1168	6098	1168	1167	6098	6100
					6099	6091	6094	6093	6091	1165	6094	6091	1164	1165	6089	6090	6092	6088	6090	6089	6088	6101	6100
					6087	6088	6089	6087	6101	6088	183	4684	5714	182	4684	183	181	4685	182	181	32	4685	180
					4750	377	390	4756	392	6079	6080	6077	6077	1160	6079	6076	1160	6077	380	381	4751	379	4751
					381	382	4748	4997	6076	1161	1160	376	4748	382	6075	6076	6077	376	377	4750	6075	6078	6083
					6075	6077	6078	6071	6072	6073	6215	1881	1341	6215	164	1881	6070	1158	1157	6070	6071	1158	6069
					6071	6073	1156	6071	6069	1156	1158	6071	374	378	4749	374	4749	379	372	391	4747	1055	372
					4747	1155	1156	6069	6069	6073	2541	166	4680	110	166	3225	4680	370	371	4745	5738	110	4680
					369	4744	951	368	370	4745	5738	165	110	5738	4678	165	2477	4974	5719	2477	4973	4974	2476
					4967	4965	1881	164	1307	2476	2477	4967	2476	5004	4973	2476	4965	2093	2476	4973	2477	1307	4679
					1881	163	1307	164	161	81	1573	6307	3538	693	161	1573	80	545	1209	957	4160	4161	544
					4160	2996	4161	4159	4161	2996	4159	1209	545	4159	2995	1209	4158	543	1832	3378	3538	6307	3378
					3379	3538	4158	1832	2997	4158	2997	4160	4157	63	542	4155	4157	4260	4154	2993	897	4151	540
					955	4151	955	956	7290	4768	4799	166	1035	3225	7289	4799	4798	6213	1894	6175	6213	1074	1894
					6212	5977	98	6212	6175	4669	5743	1881	4679	6729	1303	450	6729	450	4813	2093	4882	4970	5742
					5743	4679	2093	5004	2476	2093	4970	5004	5741	5742	4679	4813	454	453	2091	4985	5611	1216	5741
					4679	1216	4678	5741	4767	4766	455	2091	5005	4985	2091	5611	5612	1307	163	1216	1216	4679	1307
					6728	4766	4767	2091	5006	5005	2091	4879	5006	2090	5612	4872	2090	4879	2091	2090	2091	5612	6727
					4813	4766	6256	6094	684	6256	6093	6094	6256	682	4886	2089	4889	6093	2089	4887	4889	2089	4886
					4887	2089	6256	4886	2089	6093	6256	4809	918	4772	4809	4768	919	4808	4768	6726	4808	4767	458
					4808	6726	4767	4808	917	919	3227	3228	1524	3228	1527	1524	3228	3039	1527	6208	5940	5941	3224
					3227	1524	3224	5807	3040	3224	3040	3227	6208	1119	5950	3224	90	5807	3224	1524	106	6207	1905
					5870	6207	6179	5941	3224	106	90	975	6014	2795	2835	5542	4698	2835	5543	5542	2834	5543	2835
					975	2795	1145	1144	1584	1585	1144	1114	5935	4799	4768	4809	2833	2834	2835	2833	2835	1371	2830
					2832	2831	2828	2833	1363	4799	4809	4772	4798	4799	4772	4797	4773	4798	4797	4772	1051	4797	4798
					4772	4797	463	4773	2823	2827	2828	2828	1362	2822	1362	2828	1363	1362	1363	1583	2822	1364	2823
					2822	2823	2828	4774	4773	465	4796	4798	4773	2822	1584	1364	4796	4774	5266	6007	1364	5938	4796
					4800	6724	4796	6724	4798	4796	4773	4774	6205	6372	6020	2822	1362	1584	2821	2827	2823	2823	1364
					6007	2820	4661	6006	2820	6007	4661	6007	5938	4661	1143	6180	5870	6007	2820	2823	2820	2821	2823
					1143	5938	5935	6006	4661	1905	6006	1905	4664	6005	6006	4664	6006	6005	2820	6004	4662	5939	6004
					5939	4663	6003	4664	5940	6003	5940	4662	6205	6020	6014	6205	6014	975	1939	6026	3174	1939	6025
					1150	3044	3040	1530	3044	1530	1533	1939	3174	6025	3219	3227	3040	3219	3040	3044	1939	6028	6026
					1938	6027	2671	1938	2671	6028	1938	1148	6027	3218	3219	3044	3218	3045	5982	3217	3045	3218	3217
					3218	3044	3217	1533	97	3217	3044	1533	3559	127	1330	1938	6028	1939	1937	1149	1148	3217	97
					1134	3217	1134	5977	3217	5977	3045	3559	906	127	1142	5939	1119	1142	1120	5942	1937	1148	1938
					6204	1939	1150	1939	6204	1937	3559	2999	906	3559	1330	2998	3558	2998	1212	1257	3558	1212	1212
					132	1257	3558	1257	3000	1141	1121	1596	1141	2810	5942	1937	1938	1939	6204	1149	1937	1250	3556
					1320	1320	131	1250	3556	1250	1381	3556	3000	1320	3554	3556	1381	3554	3000	3556	3548	3550	3551
					2999	3015	905	4744	369	4743	4745	4743	368	2812	1363	2833	2812	2833	1371	4698	1371	2835	4698
					3712	1371	2809	4663	2810	2809	2810	1372	5027	4745	371	5027	371	4746	5024	4745	5027	5024	4743
					4745	6404	4155	1047	5718	5719	4683	5022	5266	4744	5022	4743	5024	6404	63	4157	4974	4750	180
					4974	180	4682	6404	4157	4155	5022	4744	4743	4682	4683	5719	4682	962	4683	5018	5020	5021	5018
					5025	5020	5018	5021	6748	5018	6748	5019	5017	5025	5018	5017	5024	5027	5016	5018	5019	5016	5017
					5018	5016	5023	5022	5016	5022	5024	5016	5019	5023	5016	5024	5017	5015	5025	5017	5015	5017	5027
					5714	5718	4683	5714	961	183	5714	4684	5718	5714	4683	961	6720	479	452	5015	5027	4746	4746
					4747	5015	3540	3548	3551	3540	3551	3552	4685	4684	182	4331	1547	2993	4331	3047	1547	4746	1055
					4747	3539	694	693	3539	3540	3552	5014	5021	5020	5014	6750	5021	3213	4333	3207	3213	3047	4333
					3538	3540	3539	3538	3539	693	3213	3048	1544	3213	1544	3047	6402	1547	65	6402	897	1547	1931
					6091	6092	1931	6092	6090	1931	1164	6091	1930	1166	1164	1930	1164	1931	5013	6747	5014	5011	5014
					5020	5010	5013	5014	5010	5014	5011	6401	64	1544	3045	5977	4669	6200	1166	1930	5982	3045	4669
					5982	4669	5983	5009	5020	5025	2794	2829	2300	5009	5011	5020	5008	5015	4747	6401	1544	66	5008
					5009	5025	5981	5964	3048	5008	5025	5015	4333	3047	4331	4330	4331	2993	5981	4670	5964	6098	1167
					1929	1929	6088	6100	1929	1167	6200	5007	5010	5011	1894	5983	4669	1929	6200	1930	1929	1930	1931
					1929	6100	6098	1929	1931	6090	1929	6090	6088	5007	5012	5010	5007	5011	5009	1894	4670	5983	5005
					5006	5007	3207	3048	3213	5983	4670	5981	5005	5007	5009	1135	5964	1132	5981	3207	5983	3207	4333
					4332	3207	4332	4334	3207	5981	3048	3206	3219	3218	3205	6083	3301	5003	4749	5004	1135	66	5964
					1605	1606	1378	474	475	6637	1606	1605	6361	1606	841	6362	1602	1378	1606	1601	842	6361	6370
					2830	2829	3201	3309	3305	473	474	6636	1601	1696	6286	1601	1605	1379	1601	1379	1696	6370	2829
					2794	3200	3310	3311	3200	3307	3310	3198	3200	3311	3198	3311	3308	3198	3199	3200	3197	3228	3227
					1599	1600	1377	1599	1377	1602	3197	3199	3198	3196	3228	3197	840	1600	1599	6370	2794	6371	6635
					120	473	3308	4680	3225	3196	3197	3198	3196	3039	3228	3196	3225	3039	3225	3196	3308	3196	3198
					3308	3195	3199	3197	3195	3197	3227	3194	3206	3205	3194	3227	3219	1134	98	5977	3194	3195	3227
					3194	3219	3206	4997	5004	4749	4997	4748	5004	4997	378	382	4997	4749	378	4750	4748	376	3193
					3194	3205	3193	3195	3194	3193	3301	3303	3193	3205	3301	4296	4298	4329	3192	3193	3303	3192	3195
					3193	3192	3199	3195	4295	4297	4298	5698	4692	190	5698	190	3013	5003	4751	379	5003	379	4749
					3190	3192	3191	3190	3307	3200	3190	3199	3192	3190	3200	3199	4295	4298	4296	3190	3304	3307	3190
					3191	3304	4751	4697	380	3189	3191	3192	6368	2830	6370	3191	3189	3188	5698	5697	5696	6368	2832
					2830	3189	3302	6080	6368	6369	2832	5697	5698	3013	5696	4692	5698	3189	3303	3302	3189	3192	3303
					3188	3202	3191	3188	3189	6080	2045	5022	5023	3186	3187	3056	3186	1260	3055	3186	3055	3187	1219
					73	1260	1596	1696	1372	2045	5266	5022	2045	4796	5266	2045	4800	4796	2045	6725	4800	7276	5023
					5019	7276	2045	5023	1260	3186	1219	2812	1371	1595	1593	2812	6285	1593	1363	2812	3186	3056	1219
					2780	6014	6020	6020	6372	2777	2778	2300	2827	2778	2827	2821	5691	3022	196	2778	2794	2300	5691
					196	4691	2778	2821	2779	2777	6371	2794	2777	2778	2779	1333	3183	1258	3183	1333	3057	1258	75
					1333	3183	3058	1258	2777	2779	2780	464	465	4773	463	464	4773	2777	6372	6371	1233	77	1217
					2777	2780	6020	32	33	3020	462	950	4774	462	4774	465	2777	2794	2778	1217	3181	1233	3181
					3057	1233	3181	1217	3056	5964	66	3048	5964	4670	1132	5689	4692	5696	5689	5696	3399	461	479
					6717	6631	475	461	5689	4691	194	5689	194	4692	3179	3058	3183	3179	3183	3057	3178	3056	3187
					6884	112	2772	3178	3179	3057	3178	3057	3181	3178	3181	3056	3173	6025	3174	458	917	4808	3173
					3175	6025	3172	3173	3174	3170	3172	3174	3170	3174	6026	4985	4694	5611	4275	4297	4295	4984	4756
					4985	4984	5005	5009	4984	5009	5008	4275	4276	561	1584	1362	1585	1583	1585	1362	3170	6026	3171
					3168	2529	560	4984	5008	4983	4984	4985	5005	1593	893	6284	3168	3201	2529	3167	3168	3169	3167
					3201	3168	3163	3167	3169	3163	3169	3165	1583	1363	1593	26	3014	27	4274	4276	4275	4274	4275
					4295	4273	4276	4274	4694	4985	4756	4270	4278	4277	3163	3165	3164	455	458	4767	3161	3164	3162
					453	4766	4813	4694	4756	207	4270	4277	4271	1596	1121	6286	1596	2810	1141	3161	3163	3164	453
					455	4766	25	27	3014	4983	5008	4747	4983	4757	4984	4269	4271	4272	2810	1596	1372	6366	1145
					2795	4983	391	1054	4983	4747	391	4269	4270	4271	4268	4296	4329	24	905	3015	4268	4329	4328
					3160	3201	3167	24	3015	26	4757	4756	4984	4267	4269	4272	3160	3309	3201	452	1303	6716	4757
					392	4756	4267	4296	4268	3160	3167	3163	3160	3163	3161	2768	6366	2795	4266	956	1209	4266	2991
					4151	2768	2796	2775	2767	2775	2776	3159	3160	3161	3159	3309	3160	4266	4151	956	2767	6365	6366
					4266	1209	2995	2767	6366	2768	4265	2991	4266	450	1303	452	4265	4270	4269	4265	4269	4267	4265
					4266	2995	4669	5977	6212	1894	4669	6175	3157	1264	80	4264	4267	4268	2767	2768	2775	3157	1573
					3060	3157	80	1573	3157	3059	1264	3156	3059	3157	4264	2991	4265	3156	3157	3060	3155	1341	5743
					3155	3060	1573	3155	1573	81	4264	4265	4267	4263	4264	4268	4263	2994	4264	3155	81	1341	5942
					2810	4663	3154	5742	5741	4263	4268	4328	4262	4260	4263	4262	4330	4261	4262	4263	4328	3153	3156
					3060	5942	1120	1141	3153	5743	5742	5941	1905	6207	556	1047	4154	5941	4664	1905	556	4154	897
					3153	3155	5743	5940	5950	4662	5941	6179	6208	4261	4330	2993	4261	4154	2992	4261	2992	4262	3153
					3060	3155	3152	3176	3175	5940	4664	5941	4261	2993	4154	3152	3175	3173	3152	3166	3176	5950	5940
					6208	5939	5950	1119	3151	3152	3173	3151	3173	3172	3150	3162	3164	3149	3152	3151	1076	1220	1116
					1315	4660	1220	1220	1076	1315	1717	3121	1478	6283	1478	899	1478	6283	1717	5866	1552	7050	5866
					5967	4671	6283	900	1717	5866	7259	6211	6282	37	1479	5866	4671	1552	1718	6282	1479	6282	1718
					900	1479	3119	1718	6334	6339	1618	6334	1618	1613	6333	6334	1613	6333	1613	3236	6333	1520	6405
					6333	3236	1520	6332	1711	6337	6332	6407	1712	5850	3746	231	5850	7208	3746	1066	7178	5850	1066
					5850	231	5849	232	3752	5849	4710	3753	5849	3752	4710	1065	232	5849	1065	5849	3753	1065	3753
					233	7035	6570	7209	2212	7114	6974	7033	6916	2815	7246	7247	4693	7120	7114	6441	7120	6441	1721
					7121	1644	6939	6330	1152	2327	6330	1643	6331	6329	6331	1644	6329	7111	6443	6329	1644	7121	7119
					7450	1429	7119	1429	6464	2205	6454	7115	2205	1431	6454	6278	1723	1408	6278	1408	133	6278	904
					1723	6277	7108	1725	6277	1725	904	6446	7184	981	6446	3988	7211	5837	7185	4771	5837	4771	1780
					6328	6454	1431	5837	1780	7004	6328	1431	1430	7113	1642	7	6327	1642	7066	6327	6328	1430	2578
					1642	6327	2578	6327	1430	2578	6471	1642	2578	1430	6470	7030	384	1248	1248	4752	1275	1275	7030
					1248	5831	3983	4754	5831	6604	389	5831	389	3983	6444	7109	7153	2574	863	1643	6444	3988	6446
					2574	6330	2327	2574	1643	6330	5563	7204	7107	6444	7153	3988	2574	2327	864	2573	6331	1643	2573
					1644	6331	6443	7109	6444	5564	7206	5563	2573	6940	1644	2573	1643	6942	5564	4702	6951	6443	7111
					7109	5563	7205	5564	6702	7112	7186	5939	5942	4663	4260	2992	4155	4260	4262	2992	3149	3151	3150
					3149	3164	3165	3149	3165	3166	3149	3166	3152	3149	3150	3164	6	3020	33	5942	5939	1142	4974
					4682	5719	3148	3171	3177	3148	3170	3171	4973	4750	4974	4973	5004	4748	3147	3172	3170	3147	3170
					3148	4258	2991	4264	962	963	4683	5939	4662	5950	3146	3177	3179	3146	3179	3178	4258	2994	5812
					4258	4264	2994	3146	3148	3177	3146	3178	3187	4258	5812	540	961	4683	963	4973	4748	4750	3145
					3147	3148	3145	3148	3146	6364	6365	2761	2762	112	6364	4972	5612	4696	3145	3146	3187	1231	74
					1270	2762	2772	112	5935	5938	1364	4972	4696	5610	4972	5610	4697	4971	4972	4697	4258	540	4151
					4258	4151	2991	1270	3144	1231	2762	2811	7364	4971	4697	4751	5935	1364	1584	2762	6533	2772	2761
					2767	2776	3144	1270	3061	5935	1114	1143	4971	4751	5003	4970	4971	5003	4970	5003	5004	4969	6092
					6091	4257	2994	4263	3144	3055	1231	3143	3144	3061	3143	3145	3187	3143	3187	3055	3143	3055	3144
					3142	1295	3059	1295	3142	1306	5935	1584	1144	2761	6365	2767	4969	6091	6093	4257	4263	4260	2761
					2762	6364	2761	2776	2811	4257	4157	542	1306	79	1295	3142	3061	1306	3141	3143	3061	1585	1583
					6284	2761	2811	2762	4257	4260	4157	2759	2775	2796	4968	6092	4969	4968	6089	6092	4257	5812	2994
					3141	3061	3142	3141	3142	3059	1585	1113	1144	4966	4968	4969	4965	4967	4968	4257	542	5812	4256
					4273	4272	4256	4272	4271	4255	4256	4271	3141	3059	3156	3140	3153	5742	2758	6014	2780	2758	2795
					6014	4255	4271	4277	4253	4256	4255	4253	4276	4273	4253	4273	4256	2757	2780	2779	2757	2758	2780
					3140	5742	3154	956	957	1209	4253	4255	4254	3140	3156	3153	3139	3156	3140	4965	4968	4966	4252
					2996	4251	3138	3159	3161	3138	3154	3159	78	79	1306	2756	2759	2796	950	951	4744	1306	3061
					1270	3138	3140	3154	3138	3161	3162	3137	3139	3140	3137	3140	3138	3137	3162	3150	3137	3138	3162
					1270	78	1306	4252	4270	4265	76	1288	843	1288	76	1258	4252	4265	2995	4252	4251	4278	1258
					3058	1288	75	1258	76	74	78	1270	4252	4278	4270	2755	2796	2768	2755	2758	2757	2755	2757
					2756	72	1217	77	2755	2795	2758	72	73	1219	2995	2996	4252	2755	2768	2795	1219	3056	1217
					1217	72	1219	2755	2756	2796	6519	1600	840	2995	4159	2996	4251	4160	2997	4251	2996	4160	555
					4276	4253	2754	2760	2759	1109	840	1599	1109	1599	1602	555	561	4276	2754	2759	2756	4250	4255
					4277	4250	4254	4255	2331	4254	4250	2754	2809	2760	2753	2756	2757	2753	2754	2756	2331	94	4254
					4247	5536	4248	4247	5539	5536	4246	4708	4707	4246	5539	4247	4246	4707	5537	4245	4278	4251	4245
					4708	4246	4245	4251	2997	2997	4708	4245	2997	1832	4708	6004	4663	2809	1547	897	2993	65	1547
					3047	6004	2809	2754	6005	4664	6003	64	65	3047	1544	64	3047	6003	2752	6005	2752	2754	2753
					1544	3048	66	2752	6004	2754	2752	2753	6005	2752	4662	6004	2752	6003	4662	1533	62	97	1530
					62	1533	61	62	1530	59	60	1527	59	1527	3039	5633	802	5627	1524	60	106	1524	1527
					60	34	3021	3383	5627	5632	5633	5627	802	801	5623	5626	5625	5623	5624	5626	134	135	3383
					134	3023	6	2747	2811	2776	2747	7365	2811	2744	2760	2809	2744	1379	2745	2744	2809	1372	1372
					1379	2744	1372	1696	1379	7353	2747	2746	919	918	4809	2743	2746	2745	2745	1378	2742	919	4768
					4808	7352	1377	1600	7351	2743	1377	7350	2746	2743	6362	1602	1606	6362	1109	1602	130	131	1320
					130	1257	132	1257	130	1320	6361	841	1606	1320	3000	1257	6361	1605	1601	1378	2745	1379	129
					843	1280	1378	1379	1605	2742	1377	2743	2742	1378	1602	2742	2743	2745	2742	1602	1377	129	1250
					131	1280	1381	1250	1250	129	1280	128	132	1212	1212	2998	1330	1330	128	1212	127	128	1330
					5611	4694	208	5611	208	4695	905	906	2999	6286	1695	842	6286	1121	1695	2312	1609	1695	2312
					1695	5948	2312	5948	7026	2312	6956	839	6285	1700	893	6285	221	1594	2304	100	6578	2304	1701
					1700	2304	6578	1701	2304	3715	100	2304	1700	3715	6915	1702	1701	1702	6915	6917	6917	5933	1702
					6284	893	5800	6284	1702	1590	5873	7042	1112	5872	1114	5934	5872	5934	5873	5872	5936	1114	5871
					5936	5872	5871	5872	5873	5871	5873	1112	5871	1112	1111	1076	5937	1115	1076	1116	1942	6283	1572
					900	6283	899	1569	6282	900	1563	1074	1895	1132	5865	5974	1532	6282	1563	1566	5865	1532	7415
					5865	5972	5974	5865	1133	5972	5860	3617	3626	5860	3626	3625	5860	3625	157	5860	157	986	5859
					3619	983	5859	160	3621	1071	3624	165	5857	3971	6745	5857	6553	3655	5857	3655	3976	5857	3976
					3971	1069	1870	1965	1069	180	5717	5856	3646	3647	5856	3647	3650	5856	3650	184	5856	184	6883
					5855	3660	3663	5855	3663	3664	5855	3664	6879	5855	6879	823	1068	3669	5699	1068	190	5700	1067
					3672	5690	1067	196	5688	5854	3698	797	5854	3700	3698	5854	3697	3700	5854	6558	3697	5852	3728
					3729	5852	3729	3743	5852	3743	3744	5852	233	103	1066	231	3747	1065	3750	232	6853	213	3986
					6853	3703	3702	5609	210	215	5609	3705	214	5609	3704	3703	5609	3703	3705	6278	1724	5796	6278
					133	1724	6277	904	1726	6277	1726	1407	2204	1726	5796	2204	905	24	2204	3662	1726	2204	1727
					905	2203	1727	1724	2203	1724	1409	2203	1401	127	2203	127	906	5569	220	218	5569	3711	220
					5569	218	219	5569	3710	3711	5569	219	3709	5569	3709	3710	789	222	3714	789	3714	3713	789
					3713	221	5568	3709	219	5568	223	224	5568	224	3715	5568	219	223	6241	1241	940	5568	3715
					3713	5568	3713	3709	543	1831	1241	788	3718	3719	1056	3965	368	788	3719	222	1056	369	3965
					788	225	3718	1241	6241	543	2002	1833	941	2002	942	3711	2002	1834	1833	2002	3711	1834	2002
					941	942	1055	371	3969	1835	6563	228	787	227	3729	228	1833	1835	787	3727	226	6240	226
					1836	787	3729	3727	6240	5783	943	6240	1836	5783	6239	1837	225	6239	943	5784	1054	3987	392
					1054	391	4982	6239	5784	1837	5561	229	3736	5561	3736	3728	5561	3728	5852	5561	5852	103	5561
					103	229	454	450	4031	1051	918	1747	1051	1747	463	5824	460	6629	5824	6629	6630	5823	4046
					477	1050	5823	477	5822	1050	476	5822	5823	1050	5822	4045	5823	1995	949	3964	1995	1850	950
					1995	3964	1850	1995	950	4034	1995	4036	949	781	3723	230	1995	4034	4036	781	940	1340	781
					1340	3723	780	230	3725	780	3743	227	780	3725	3743	779	1831	231	779	3751	1831	6231	1852
					5781	5532	3687	3748	5532	3748	6564	5532	1066	3747	5532	3747	3687	6231	6560	3702	1984	1853	1852
					5532	6564	1066	1984	211	212	1984	3704	215	778	3751	779	1984	1852	3704	1983	1854	1853	778
					3741	3751	1983	3699	1854	1983	208	209	778	232	3741	1983	1853	212	5531	1065	233	7268	1854
					206	5531	233	5852	5531	3744	3724	5531	3750	1065	5531	3724	3750	5531	5852	3744	3747	231	1831
					3745	1831	3751	3745	1241	1831	3745	940	1241	3745	1340	940	3741	3745	3751	3741	1340	3745	3741
					232	3750	3734	1835	1836	3734	3736	1835	6563	1835	3736	6563	3736	229	228	941	1833	1035	1529
					59	5804	1542	6497	5804	5805	1542	5804	63	5805	5804	6497	1541	3729	227	3743	3728	3736	3734
					3727	3734	1836	3727	3728	3734	1033	1564	74	3727	1836	226	3727	3729	3728	1977	497	4033	1977
					4033	4030	1977	4043	497	1977	4044	4043	1977	479	4044	1977	4030	479	75	3182	1568	3725	3744
					3743	3724	3744	3725	3724	3741	3750	1032	1568	3180	3723	1340	3741	3723	3741	3724	3723	3725	230
					1031	1570	80	3723	3724	3725	3720	1837	1834	3718	225	1837	3718	1837	3720	7026	6956	2312	7026
					5948	5999	3715	1700	1594	3715	224	100	3714	222	3719	1594	1700	6285	3713	3715	1594	3713	1594
					221	3711	942	220	3711	3720	1834	3710	3719	3718	3710	3718	3720	3710	3720	3711	3709	3713	3714
					3709	3714	3719	3709	3719	3710	214	3705	4995	3986	3974	4995	213	3974	3986	3986	3703	6853	3703
					3986	3705	3702	1852	6231	3702	3704	1852	3702	3703	3704	3702	6560	6853	6430	1472	1471	212	1853
					1984	215	211	1984	6430	36	1472	215	3704	5609	5800	1701	1702	214	210	5609	5800	1702	6284
					5800	893	1700	37	1476	36	212	208	1983	5800	1700	1701	390	392	4981	3699	3701	1854	209
					3699	1983	209	207	5613	390	3700	5613	3698	3987	1772	1772	1770	7284	1772	6559	797	206	1854
					3701	3697	3701	3699	3701	3697	6854	1970	1863	1857	1970	955	1863	1970	956	955	5798	900	1572
					5798	1572	1571	1970	1857	1858	1970	1858	957	1970	957	956	6220	1860	958	5798	1571	3185	5798
					1563	900	6220	959	1859	6220	1859	1860	202	6564	3748	5797	6465	6459	5797	1410	1434	5797	1425
					1410	5797	1434	6465	5796	904	6278	5796	1724	1727	3690	202	3748	5796	1727	2204	5796	1726	904
					3688	1831	543	201	3688	543	3685	1862	1861	3685	1861	3690	3685	1858	1862	200	3686	544	5793
					472	4041	3684	3687	3686	1008	472	5793	3684	3685	3690	3684	3748	3687	3684	3690	3748	1008	6660
					470	1008	5793	7025	5792	914	915	3747	1831	3688	3747	3688	3687	5792	916	914	3677	1425	199
					3676	6557	3678	3677	199	820	3675	1425	3677	3675	3677	3676	34	135	3541	5790	7283	7284	34
					3675	5687	3674	3676	3678	5790	1770	3967	5790	3967	3968	5790	3968	7283	3673	3674	3678	3678	6557
					6878	5789	3978	3973	5789	3973	6744	5789	6599	3972	5789	3972	3978	195	3674	5688	6219	1865	960
					195	197	5687	3672	3673	198	6218	960	5779	6218	1867	188	1966	1869	183	3671	3672	198	1966
					1868	1865	1966	961	963	1966	1865	1869	1965	1867	1868	1965	1868	963	1965	962	1069	1965	1870
					1867	193	194	5690	193	3668	5700	27	25	5699	27	3663	5702	24	3662	2204	24	26	5702
					3662	1407	1726	3661	3669	3667	3661	3667	822	3661	6556	3664	3661	3664	3669	3660	1407	3662	1407
					6555	6277	6555	1407	3660	5784	1834	1837	5783	1836	1835	5783	5784	943	5782	5783	1835	5782	1834
					5784	5782	1833	1834	5782	1835	1833	5782	5784	5783	3656	1867	1870	188	1867	3656	5781	1854	7268
					5781	7268	6231	5781	1853	1854	5781	1852	1853	3655	3656	1870	3656	3655	6882	497	498	4033	5780
					189	3667	5780	3667	3668	5780	3671	821	5780	3668	3671	5779	1865	1868	5779	1867	6218	5779	1868
					1867	5779	960	1865	3652	1869	1865	3652	1865	6219	3650	1869	3652	5777	3623	3622	3652	6219	824
					183	961	1966	5777	1880	982	183	1869	5715	5777	159	3623	5777	3622	1880	181	182	5715	181
					3647	5716	3646	1436	1435	3646	6469	1436	377	3976	5717	5775	1890	6214	5775	6174	1892	5775	1892
					1893	5775	1893	1890	1902	1901	6179	1902	6179	1903	6606	1771	6607	3987	1770	1772	380	4995	3979
					381	3979	4996	382	378	4998	382	3977	4999	377	376	4999	3974	1773	3979	1880	3622	164	6215
					1882	1880	6215	1030	1882	1773	3974	699	3973	1773	375	3973	3979	1773	3972	3975	3977	164	6215
					1880	3975	3972	700	3971	3977	3975	3971	3975	6598	374	379	4996	374	3978	4998	3970	6618	6608
					3970	6608	6607	3968	1771	6606	3968	3969	1771	3967	391	372	372	1055	5028	369	951	1850	3626
					166	110	3966	371	370	368	3966	370	3964	949	6616	3964	6616	6617	3624	3627	3625	3627	3624
					5740	163	164	3622	3620	162	982	3620	1880	1882	545	957	1858	3620	1882	3621	3620	3621	162
					3619	1570	1569	3619	1569	899	4156	1540	1503	4156	1541	1540	4156	1503	1504	4152	4153	1509	4152
					1509	6410	4152	1542	4153	3627	3623	984	4152	6493	1542	158	3625	3627	156	1526	1525	3617	1525
					1529	1525	3617	986	1035	166	3617	166	3626	3617	2103	5792	1745	2103	916	5792	2103	917	1746
					2103	1744	916	2103	1746	1744	2103	1745	917	3617	1529	1035	2102	5792	915	2102	1745	5792	2102
					1748	1747	986	3617	5860	2102	915	1748	2102	1747	918	2102	918	1745	986	156	1525	6411	1503
					48	6411	958	1505	6411	1505	1503	985	3625	158	985	157	3625	984	3623	159	6214	6174	5775
					984	158	3627	6410	1509	1512	6410	6493	4152	6214	1890	5970	6213	1893	1892	6213	1892	1895	6213
					6175	1893	983	160	5859	983	3619	899	6213	1895	1074	6212	1890	1893	6212	98	1890	6212	1893
					6175	6211	1892	6174	5747	161	5859	6211	7259	1891	5747	1030	81	5747	1882	1030	5747	3621	1882
					5747	5859	3621	5747	81	161	5746	3619	5859	5746	5859	161	5746	1570	3619	5746	80	1570	5746
					161	80	6406	7416	1538	162	3621	160	6406	1526	156	982	159	5777	982	1880	3620	4814	4033
					451	4814	4030	4033	4814	4031	450	4814	450	4030	4814	4032	4031	4814	451	4032	5740	3624	1071
					5740	1071	163	5740	3622	3623	5740	3623	3627	5740	163	3622	5739	165	3624	5739	3626	110	4812
					4035	4037	4812	4034	465	4812	456	4036	4812	4036	4034	5739	3624	3625	5739	3625	3626	4812	4037
					456	4812	465	4035	5739	110	165	4810	4037	4035	4810	6628	4037	4810	463	1747	4810	1747	1748
					4810	1748	6628	4810	4035	463	6024	5928	7261	6024	840	1607	6024	6519	840	1943	1901	1902	1943
					1117	1122	4806	5824	4038	6024	1607	5928	6023	7262	5928	4806	454	4031	6023	5930	1110	3226	1528
					60	4806	4038	453	4806	4031	4032	6023	1110	6520	6023	5928	5930	3226	59	1529	3226	60	59
					4806	4032	460	4806	460	5824	4805	5824	6630	4805	4038	5824	4805	1746	455	1943	5944	1901	4805
					455	4038	3226	1526	1528	3226	1529	1526	4805	6630	1744	4805	1744	1746	1943	1902	1118	6208	6179
					1901	6208	1901	5943	1942	1902	1903	1942	1903	1904	1942	5937	1076	1942	1116	1118	6207	1903	6179
					6207	6180	1903	3223	1532	5974	3223	5974	62	6013	7042	5873	3223	61	1531	3223	62	61	6013
					5933	6918	6013	5873	5934	3223	1531	1532	6013	6918	7042	6013	5934	5933	1144	5934	1114	1144	1113
					5934	3222	106	1528	3222	90	106	3222	1528	1534	3222	1531	90	3222	1534	1531	7284	1770	5790
					6008	5936	5871	6008	1111	1115	6008	5871	1111	6008	1115	5937	6008	5937	5936	7416	6496	1534	7415
					1532	5973	7284	6559	1772	7415	1133	5865	1143	1114	5936	1143	5936	6180	7283	3968	6606	6000	5946
					5945	6000	5944	1122	6000	5945	5944	5030	6618	3970	6000	7044	7045	5999	5947	5946	5999	7046	7026
					5999	5948	5947	5999	5946	7046	5030	368	3965	5030	3966	368	1142	1119	5943	1142	5945	5949	3557
					843	129	1141	5947	1121	1141	1120	5947	5030	3965	1851	5030	1851	6618	5030	3970	3966	3557	1415
					1567	7414	1541	6497	7414	48	1540	3557	1567	843	5029	3964	6617	7414	1540	1541	5029	3965	369
					3215	541	542	3215	542	63	3547	1400	1405	5029	369	1850	3215	1541	4156	3215	4156	541	3215
					5804	1541	3547	1398	129	3547	1399	1398	5029	1850	3964	3215	63	5804	3547	131	1400	3546	1402
					1400	5029	6617	1851	7413	6497	1542	3546	132	128	5029	1851	3965	5028	3968	3967	3546	1401	1402
					3546	1400	130	7413	1542	6493	5028	1055	3969	5028	3969	3968	5028	3967	372	5026	3966	3970	5026
					3970	6607	5026	3969	371	5026	371	3966	5026	6607	1771	5805	6404	4153	6404	5805	63	5026	1771
					3969	5717	1870	1069	1358	6633	5793	1358	5793	4041	1358	4041	4042	6404	1047	4153	5717	180	377
					5717	3655	1870	4786	4044	475	5717	3976	3655	4153	1542	5805	4786	5822	476	4786	4045	5822	4786
					478	4043	4786	476	478	4786	4043	4044	4786	475	4045	5716	3647	3646	5716	1435	33	6403	1550
					7047	5716	32	181	5716	3646	1435	6883	3646	5856	6883	6469	3646	6403	6498	5966	6460	1402	133
					5715	3650	3647	4785	4046	5823	4785	4042	4046	4785	5823	4045	4785	4045	473	7412	49	1512	5715
					182	183	5715	3647	181	7412	1546	5966	3541	1410	1425	5715	1869	3650	3541	1425	3675	3541	3675
					34	3541	135	134	824	3650	3652	824	184	3650	6402	1548	897	6402	1546	1548	6402	65	1546
					6401	1550	1545	6401	1549	1550	6401	1545	64	6401	66	1549	6882	188	3656	6882	3655	6553	7456
					1415	6540	7456	6506	1397	1135	1132	5965	6745	6553	5857	6745	3971	6598	1135	5965	1549	7455	6540
					1399	6925	6923	2741	7455	1399	1405	1135	1549	66	700	3972	6599	700	6598	3975	7050	7047	1557
					7050	5965	1891	823	3660	5855	823	6555	3660	5702	3663	3660	5702	3662	24	5702	26	27	7049
					7048	5972	7049	5972	1133	5702	3660	3662	4043	478	497	474	4045	475	842	1695	1609	842	1609
					1604	5978	1134	97	5978	5975	1134	473	4045	474	473	120	4785	5978	97	5974	5978	5972	5975
					6744	6599	5789	5978	5974	5972	6879	3664	6556	6744	3973	375	699	3974	213	839	1609	2312	822
					3667	189	822	6556	3661	5700	3668	3667	699	375	1773	4042	120	121	4042	4785	120	6925	1608
					2740	839	6921	2740	5700	3669	1068	4999	3971	3976	4999	376	382	4999	3976	377	5700	190	193
					4999	3977	3971	4998	3978	3972	5975	98	1134	5700	3667	3669	4998	3977	382	4998	378	374	4998
					3972	3977	4042	121	1358	5975	1890	98	5699	3664	3663	5974	97	62	5699	25	1068	5699	3663
					27	4041	4046	4042	5973	1532	1531	5699	3669	3664	5973	1531	1534	5973	1534	6496	4996	3973	3978
					6895	1358	121	471	477	4046	5973	6496	7415	4996	379	381	4996	3979	3973	4996	3978	374	4995
					3705	3986	3979	381	380	471	4041	472	4995	380	214	1476	1565	1472	471	4046	4041	4995	3974
					3979	5970	1890	5975	1566	1564	3184	1566	37	6282	37	1566	1476	5970	7048	6214	5970	5972	7048
					36	1476	1472	5970	5975	5972	6459	1425	5797	6459	199	1425	1471	1568	1574	1471	1574	6896	3185
					1563	5798	3185	74	1564	1471	6896	6430	3185	78	74	1471	1472	3180	7047	1550	1557	3185	1571
					78	821	189	5780	3185	1564	1563	3184	1565	1476	821	3671	198	5966	1550	6403	3184	1564	1033
					3184	1476	1566	5966	6498	7412	5966	1545	1550	3184	1033	73	3184	73	1565	5966	1546	1545	1568
					1032	75	5690	3671	3668	5965	1895	1891	1891	7259	7050	3182	1567	1397	1557	5965	7050	3182	1574
					1568	3182	75	76	5690	194	1067	5690	3668	193	5965	1557	1549	1132	1895	5965	3180	1472	1565
					3180	77	1032	5690	3672	3671	461	4044	479	461	475	4044	3180	1568	1471	3180	1565	77	5688
					3674	3673	5688	3672	1067	5688	3673	3672	5688	196	195	5687	3676	3674	6630	6993	1744	458	1746
					917	5687	197	34	5687	3675	3676	5687	3674	195	6628	1748	6992	6627	4037	6628	4036	457	949
					4035	465	464	4035	464	463	456	457	4036	456	4037	6627	4034	950	462	4034	462	465	6878
					198	3673	6878	3673	3678	455	1746	458	453	454	4806	453	4038	455	4032	459	460	5948	1695
					1121	5947	1120	5949	5947	5948	1121	820	3676	3677	4982	3967	1770	4982	1770	3987	4982	3987	1054
					4982	391	3967	5946	5947	5949	1903	6180	1904	5945	5946	5949	5949	1120	1142	820	6557	3676	451
					4033	498	1122	5944	1943	451	459	4032	1118	1117	1943	4981	3698	3700	4981	392	3987	4981	3987
					3698	4981	3700	390	4030	452	479	450	452	4030	3158	1571	1572	3158	1570	1031	5943	1901	5944
					3158	1031	79	3158	79	1571	5943	1119	6208	3158	1572	1569	5943	5945	1142	5943	5944	5945	7045
					7046	5946	1891	1895	1892	1891	1892	6211	1122	7044	6000	7045	5946	6000	556	4153	1047	556	1548
					1509	556	897	1548	556	1509	4153	4259	1863	955	4259	1504	1863	33	1435	3482	5670	545	1858
					4259	540	541	5670	3686	200	5670	200	545	5670	3684	3686	33	32	5716	5670	1858	3685	5670
					3685	3684	5669	3686	3687	5669	544	3686	5669	201	544	5669	3687	3688	4259	955	540	4259	541
					4156	1436	6469	7449	1434	1435	1436	4259	4156	1504	5669	3688	201	1904	5937	1942	5936	1904	6180
					817	202	3690	817	1861	959	817	3690	1861	963	962	1965	963	1868	1966	5936	5937	1904	1118
					1902	1942	3482	6	33	3482	1434	1410	3482	1410	134	3482	1435	1434	7449	6465	1434	7449	1434
					1436	1859	959	1861	1859	1861	1862	1590	1113	6284	5934	1113	1590	5933	6917	6918	5933	1590	1702
					5933	5934	1590	1857	1859	1862	1857	1863	1860	1569	1570	3158	1569	1572	6283	1857	1862	1858	1857
					1860	1859	78	1571	79	1850	951	950	76	843	1567	76	1567	3182	1563	1564	1566	72	77
					1565	72	1565	73	5930	1607	1603	6924	5930	2741	1110	5930	6924	1109	1603	1607	1109	1607	840
					5928	1607	5930	1608	841	1604	6896	1574	6506	1608	1603	6362	1549	1557	1550	65	1545	1546	64
					1545	65	1534	1538	7416	61	90	1531	1528	1538	1534	1528	106	60	1526	1538	1528	1538	1526
					6406	1525	1526	1529	134	1410	3541	134	6	3482	6578	6915	1701	1409	1724	133	1398	6540	1415
					1402	6460	1405	1402	1409	133	1409	1401	2203	1401	1409	1402	1512	1548	1546	1512	1546	7412	1400
					1402	1405	1399	6540	1398	1405	1399	3547	404	6618	1851	6617	404	1851	1405	6460	7455	1398	1415
					3557	1512	49	6410	1509	1548	1512	1505	1860	1863	1505	958	1860	6362	841	1608	130	1400	131
					1745	919	917	1745	918	919	1504	1505	1863	6362	1603	1109	6361	842	1604	130	132	3546	916
					1744	6993	6992	1748	915	1503	1505	1504	1503	1540	48	1397	1567	1415	1397	6506	1574	6361	1604
					841	1397	1574	3182	6854	206	3701	1397	1415	7456	6854	3697	6558	129	1398	3557	797	3698	1772
					797	6558	5854	129	131	3547	2741	5930	1603	2741	1608	6925	5613	3700	3697	2741	6923	6924	128
					1401	3546	5613	3699	209	2741	1603	1608	2740	6921	6925	2740	1604	1609	2740	1609	839	2740	1608
					1604	127	1401	128	5613	3697	3699	5613	207	390	906	1727	2203	1727	906	905	6298	2378	6299
					6298	2377	2378	2352	5140	2462	2351	5140	2352	2351	5139	5140	2351	5142	5139	2351	2463	5142	2350
					2464	2466	2350	2466	2467	2350	2352	2462	2350	2462	2464	2349	2352	2350	2349	2351	2352	2349	2467
					2465	2349	2350	2467	2349	2463	2351	2349	2465	2463	2348	5205	2474	2348	2474	2472	2348	5208	5205
					5208	2348	2347	2347	713	714	2347	2469	713	2347	2468	2469	2347	714	5208	2346	2470	2468	2346
					2471	2470	2346	2347	2348	2346	2468	2347	2471	2348	2472	2471	2346	2348	2737	5191	5183	2737	5183
					5179	2737	5179	5180	2736	2737	5180	2735	2737	2736	2735	5191	2737	2733	5207	5349	2733	5178	5177
					2733	5349	5178	2733	2734	5207	2732	2733	5177	2732	2734	2733	2732	5177	5183	2732	5183	5191	2731
					5189	5190	2730	2735	2736	2729	2730	2736	2728	2730	2729	2728	2731	2730	2728	5189	2731	2726	712
					2727	2725	2726	2727	2726	2725	6106	6106	1171	2726	2724	5190	5189	2724	2725	2727	2724	2727	5190
					7348	5192	6784	2723	2728	2729	2722	6784	5192	2722	6359	6784	2722	2723	6359	2721	2728	2723	2721
					2723	2722	2721	2722	5192	6358	6359	2723	2720	2729	2736	2720	2723	2729	2720	5180	5182	2720	2736
					5180	2720	6358	2723	6357	6358	2720	6357	2720	5182	6357	5182	709	2719	5143	5142	7346	5143	2719
					6356	7015	2719	2719	5142	2463	5599	5601	6848	5599	6848	5602	5599	5602	5600	5598	5599	5600	5593
					5598	5597	5593	5595	5594	712	2726	1171	1196	4183	552	1196	551	4183	2177	4175	549	2176	4179
					4177	2176	4181	4179	2176	4177	4175	2176	4175	2177	4181	2175	4183	2175	2176	2177	4183	4190	4181
					2175	4181	2176	2175	552	4183	6274	2175	2177	6274	552	2175	549	6274	2177	6273	6674	4192	6272
					4193	554	6272	6273	4192	6272	4192	4193	1993	5161	6769	6777	5168	6776	1993	5153	5161	1992	5147
					5153	1992	1993	7270	1992	5153	1993	1991	5167	5164	1991	1992	7270	714	715	5208	1991	6774	5167
					1991	5164	5146	1991	5146	5147	1991	5147	1992	1990	5593	5594	1990	5598	5593	734	737	5141	1990
					5594	5596	1989	5596	6845	1989	1990	5596	1988	5599	5598	1988	5598	1990	1987	1989	7269	1987	6847
					5601	1987	5601	5599	1987	5599	1988	1987	1988	1990	1987	1990	1989	718	729	6801	6131	6132	6133
					1172	6133	6132	5207	5351	5349	5205	711	5206	5205	5208	715	5205	715	711	710	5206	711	5199
					5200	5201	5198	2417	5202	5198	5202	5200	5194	2383	5196	1170	1171	6106	708	709	5184	5181	5184
					709	5181	709	5182	5179	5181	5182	5179	5182	5180	4198	5681	5119	4198	5119	5115	5178	5349	5203
					5176	5181	5179	5176	5177	5178	5176	5179	5183	5176	5183	5177	5175	5194	5193	5174	5184	5181	5174
					5181	5176	5173	5194	5175	5173	2383	5194	5172	5176	5178	5172	5175	5174	4192	5674	4193	5172	5173
					5175	5172	5174	5176	5172	5178	5203	5172	5203	5173	5171	5175	5193	5170	5184	5174	5170	708	5184
					5170	5174	5175	5170	5175	5171	707	5170	5171	707	708	5170	4192	6872	5674	4191	554	4193	4189
					4190	4191	6778	5195	5199	6778	5199	5105	6778	5105	6253	6777	707	5171	4189	4191	4193	4188	4193
					5674	4188	5674	5675	5168	5193	5195	4188	4189	4193	4187	5675	5679	4187	4188	5675	4187	5679	5680
					5168	6777	5171	5168	5171	5193	553	554	4191	4190	553	4191	6776	5168	5195	6776	5195	6778	5164
					5166	5165	5164	5167	6773	5164	6773	5166	5163	6799	5319	5163	5162	6799	5162	5165	5166	5160	6771
					5161	551	553	4190	4183	551	4190	5155	5158	5159	4182	4188	4187	5154	5157	5156	4182	4189	4188
					4182	4187	5680	5154	5159	5157	5154	5155	5159	5153	5160	5161	4181	4189	4182	4181	4190	4189	4180
					5681	4198	5152	5156	5157	4180	5680	5681	5152	5160	5153	4179	4182	5680	4179	4181	4182	4179	5680
					4180	5152	5157	5160	5151	5154	5156	5150	5330	5331	5150	5331	5151	5150	5151	5156	4178	5115	5347
					5149	5162	5163	5149	727	728	4178	4198	5115	5149	5165	5162	5148	5149	728	4177	4179	4180	5148
					728	726	4177	4180	4198	4177	4198	4178	4176	5347	2418	5148	5165	5149	5147	5152	5153	5145	5147
					5146	5145	5150	5156	4176	4178	5347	5145	5152	5147	4176	2418	740	4176	740	550	4175	4177	4178
					4175	4178	4176	4175	550	549	4175	4176	550	5145	5156	5152	5144	5165	5148	5144	5145	5146	5144
					5164	5165	5144	5146	5164	5143	6770	5158	5139	5136	5140	5138	5158	5155	5138	5143	5158	5137	5142
					5143	5137	5139	5142	5137	5143	5138	5136	5139	5137	5135	5141	737	5135	5140	5136	5134	5140	5135
					5134	706	1170	1170	6106	5134	706	5134	5135	706	5135	737	2474	5205	5206	2473	2734	2474	2473
					4377	5207	2473	5206	4377	704	5317	5316	704	705	5317	2473	2474	5206	2473	5207	2734	2472	2474
					2734	2472	2734	2732	2472	2732	5191	703	704	5316	2471	2472	5191	703	5316	5320	2471	5191	2735
					2470	2735	2730	729	5320	6801	729	703	5320	2470	2471	2735	2470	2730	2731	5126	5678	5677	5126
					5677	6768	5124	5125	6767	5124	5596	5594	2470	2731	5190	5124	6846	5596	6766	5127	5126	6765	5125
					5127	5123	5125	5124	5121	5124	5594	5121	5123	5124	5121	5594	5595	5121	5595	5122	5120	5127	5125
					5120	5125	5123	5119	5681	5678	5118	5678	5126	5118	5126	5127	5118	5127	5120	5118	5119	5678	6306
					2727	712	2469	6306	713	5116	5123	5121	5116	5121	5122	5116	5122	5117	5116	5120	5123	5114	5118
					5120	5114	5116	5117	5114	5117	5115	5114	5119	5118	5114	5115	5119	5114	5120	5116	2727	6306	2469
					2469	2468	2727	2468	2470	5190	5113	5595	5593	5113	5111	5112	5113	5593	5597	5113	5597	5111	2468
					5190	2727	2467	2721	5192	2466	2728	2721	5110	5595	5113	5110	5122	5595	5110	5113	5112	5110	5117
					5122	5109	5347	5115	5109	5115	5117	5108	5112	5111	5107	5109	5117	5107	5112	5108	5107	5117	5110
					5107	5110	5112	2466	2721	2467	2466	5189	2728	5106	5600	5201	5106	5598	5600	5106	5597	5598	5106
					5201	5200	5106	5200	5202	2465	2467	5192	2465	5192	7348	5105	5201	5600	5105	5600	5602	5105	5199
					5201	2465	7348	6360	2464	5189	2466	2464	2725	2724	2464	2724	5189	2463	6360	6356	2463	2465	6360
					2463	6356	2719	2462	6106	2725	2462	2725	2464	2462	5140	5134	2462	5134	6106	4377	5351	5207	4377
					5350	5351	575	5206	710	575	4377	5206	574	5350	4377	574	4377	575	574	741	5350	6253	5105
					5602	7020	6253	5602	2066	2433	5108	2066	6133	2433	2066	6131	6133	2066	5108	5111	2065	5202	2417
					2065	2415	6131	2065	2417	2415	2065	6131	2066	2064	5202	2065	2064	5106	5202	2064	2065	2066	2064
					2066	5111	2064	5597	5106	2064	5111	5597	2063	5149	5163	2063	705	727	2063	5317	705	2063	727
					5149	2063	5163	5319	2063	5319	5317	2062	5155	5154	2062	5154	5151	2062	5138	5155	2061	5137	5138
					2061	5136	5137	2061	5138	2062	5141	5135	5136	5141	5136	2061	2060	735	734	2060	5141	2061	2060
					5331	735	2060	734	5141	2060	2062	5151	2060	5151	5331	2060	2061	2062	2059	5150	5145	2059	5330
					5150	2059	5145	5144	5305	5144	5148	5148	726	5305	5305	2059	5144	2058	732	5330	2058	2059	5305
					2058	5305	725	2058	725	732	2058	5330	2059	2057	5157	5159	2057	5160	5157	2057	7282	5160	7281
					2057	5159	7281	5159	5158	6199	6132	6135	7280	5162	5166	6199	1172	6132	2055	5195	5193	6199	6135
					1173	2055	5199	5195	2056	5194	5196	2056	2055	5193	2056	5193	5194	2055	5200	5199	2054	5197	5198
					2054	2055	2056	2054	2056	5196	2054	5196	5197	2054	5198	5200	2054	5200	2055	6305	6133	1172	6133
					6305	2433	6304	2433	6305	2432	2433	6304	2431	5107	5108	2431	5108	2433	2431	2433	2432	2430	2418
					5347	2430	5347	5109	2430	5107	2431	2430	5109	5107	2419	2430	2431	2419	2431	2432	6303	2419	2432
					6303	2432	6304	6302	2419	6303	2418	2419	6302	2418	2430	2419	2418	6302	740	2417	5198	5197	2416
					6132	6131	2416	6135	6132	2415	2416	6131	2414	1173	6135	2414	6135	2416	2412	2416	2415	2412	2415
					2417	2412	2414	2416	2412	2417	5197	2411	2413	2414	2411	5197	5196	2411	2414	2412	2411	2412	5197
					5350	741	2381	5679	5681	5680	5678	5681	5679	5676	5678	5679	5676	5677	5678	6874	5677	5676	6300
					1173	2414	6300	2414	2413	5675	5676	5679	5675	6873	5676	5674	6873	5675	6300	2413	6301	733	5331
					5330	733	735	5331	732	733	5330	2384	2413	2411	2383	5173	5203	2382	2411	5196	2382	2384	2411
					2382	5196	2383	2381	5351	5350	2380	5203	5349	2380	5351	2381	2380	5349	5351	2379	2384	2382	5318
					5319	6798	5317	5319	5318	5316	5317	5318	2379	2382	2383	5316	6800	5320	5316	5318	6800	2379	5203
					2380	2379	2383	5203	6299	2381	741	2381	6299	2378	2378	2380	2381	2378	2379	2380	2378	2384	2379
					2377	6301	2413	2377	2413	2384	2377	2384	2378	725	5305	726	6298	6301	2377	2374	2376	2375	2374
					2375	6298	2374	5353	5352	2374	5352	2376	2374	6298	6299	2374	6299	5353	2356	5310	2448	2356	5311
					5310	2356	2435	5311	2356	5300	4736	2356	4736	2435	2356	2448	5300	2353	4824	2453	2353	2453	2454
					2353	2454	2459	2353	2459	5281	2353	3890	4824	2353	2450	3890	2353	5281	5282	2353	5282	2450	6288
					6319	2511	2333	2511	2512	2333	6288	2511	2333	6289	6288	2333	2512	2514	2332	6318	2508	2332	6289
					2333	2332	2333	2514	2332	2508	6320	2332	6320	6289	2332	2514	6318	2330	2561	2556	2330	4212	2561
					2330	2556	2559	2330	4205	4212	2329	4211	4206	2329	2330	2559	2329	6055	4211	2329	2559	6055	2329
					4205	2330	2329	4206	4205	5589	5591	5592	5589	5590	5591	5588	2422	5592	5588	5592	5591	5587	2422
					5588	712	1171	6103	1059	5259	1060	1059	306	4741	1201	6326	2544	1201	2544	4240	1201	4240	94
					1200	6320	2508	1200	2508	971	3888	4737	3887	1057	3887	338	3887	1057	3888	722	3867	3881	722
					3881	331	721	331	3871	721	3871	3870	5300	3881	3867	3867	314	4736	4736	5300	3867	446	447
					5827	720	5314	1665	1196	552	4204	1196	4204	551	6797	338	3887	6797	3887	4737	719	3888	1057
					719	3889	3888	719	336	3889	5299	336	337	5299	3889	336	5299	337	3890	1996	4476	5362	1996
					4449	4476	1996	5356	4244	1996	4244	4449	1996	5362	2393	1996	2393	5356	6274	4214	552	6274	4184
					4214	2560	4426	2561	2560	4185	4200	2560	4200	4426	549	4184	6274	2174	4195	4196	2174	4196	4194
					2173	4194	6673	2173	2174	4194	6273	2174	2173	2560	4213	4185	2560	4212	4213	2560	2561	4212	2559
					6054	6055	2558	6054	2559	7012	6273	2173	2558	2838	6054	2558	4425	2838	2558	4424	4425	6272	2174
					6273	2557	4424	2558	6272	554	4195	6272	4195	2174	2557	4430	4424	2172	4186	4202	2172	4210	4197
					2557	2836	4430	2556	2558	2559	2556	2557	2558	2555	2561	4426	2555	2557	2556	2172	4197	4186	2172
					4208	4210	2555	2836	2557	2555	2556	2561	2555	4427	2836	2555	4426	4427	714	5217	715	734	5339
					737	2170	4239	4231	2170	4231	4233	2170	4241	4239	2169	4241	2170	2169	4236	4393	6793	4737	5284
					2169	4395	4241	2169	4393	4395	2169	4234	4236	2168	2169	2170	2168	2170	4233	5283	5285	6796	2168
					4234	2169	5283	6792	5284	2551	4235	4243	5280	5285	5283	5280	5284	5282	5280	5283	5284	5277	5279
					6791	5277	5278	5279	2551	4367	4235	5276	5278	5277	2551	4243	4446	5281	5280	5282	2551	4446	4447
					5274	5275	5276	2551	4366	4367	5274	5281	5275	2550	4244	4391	2550	4447	4450	5274	5285	5280	2550
					2551	4447	5274	5280	5281	2550	4391	4366	2550	4366	2551	5273	6789	5285	5272	6791	5279	718	5272
					5279	2550	4449	4244	2550	4450	4449	718	6511	5272	2549	4243	4235	2549	4443	4243	2549	6066	4443
					2549	6067	6066	2548	6067	2549	2548	4236	4234	2548	4235	4236	2548	2549	4235	2547	6067	2548	6059
					6061	6067	6067	2547	6059	2547	4234	2168	2547	2548	4234	2546	6059	2547	2546	2547	2168	2546	6074
					6058	2546	6058	6059	2546	2168	4233	2545	4233	4231	2545	4231	4232	2545	6074	2546	2545	2546	4233
					2544	6074	2545	2544	4232	4240	2544	2545	4232	2158	4314	4315	2158	4321	4314	2157	4304	4312	2157
					4313	4304	2157	2158	4315	2157	4315	4313	2156	4311	4308	2156	2158	2157	6326	6074	2544	2156	4308
					2155	2156	2157	4312	6326	1159	6074	2156	4312	4311	2155	2158	2156	2155	4321	2158	2154	2513	4320
					2154	4320	4322	2154	6316	2513	2154	6315	6316	2154	2153	2152	2153	4365	4325	2153	4322	4365	2153
					2154	4322	2152	4324	562	2152	6315	2154	2152	562	6315	2152	2153	4325	2152	4325	4324	5259	5261
					5260	5259	4741	5261	5259	1059	4741	2148	5214	4341	2148	5229	5230	5256	5257	5258	2148	5230	5214
					2147	4340	4339	2147	5229	2148	2147	2148	4341	2147	4341	4340	2146	4338	4337	2146	5229	2147	2146
					5227	5229	2146	4337	5227	2146	2147	4339	3932	4742	3931	5255	3932	3933	5255	5257	5256	2146	4339
					4338	2145	4345	4344	716	357	3933	716	3933	3931	2145	4344	4343	2144	4347	4346	716	3931	358
					2144	5225	2145	5254	5257	5255	2144	5226	5225	5254	357	367	2144	4346	5226	2144	4343	4347	2534
					4238	4237	2534	4303	4238	5254	5255	3933	5254	3933	357	5254	367	3960	2533	4240	4232	2533	94
					4240	2144	2145	4343	2533	4232	4302	2143	5209	5210	2533	4303	2534	2143	5225	5223	2143	5223	5209
					2143	2145	5225	2533	4302	4303	2143	5210	4345	2143	4345	2145	6325	4237	555	6325	2534	4237	2142
					4372	574	6324	2534	6325	2142	574	575	2142	4373	4372	2141	4382	4373	6324	2533	2534	2141	4375
					4382	2141	5240	4375	2141	4373	2142	2140	575	5204	6324	94	2533	2140	5240	2141	2140	2141	2142
					2140	2142	575	2140	5204	5241	2140	5241	5240	2139	4383	4388	2139	4386	4383	2139	4387	4386	2138
					5365	4387	2138	4389	5365	2138	4387	2139	2137	4392	4390	2137	2138	2139	2137	4390	4389	2137	4389
					2138	2136	4369	4394	2136	4396	4369	2136	2137	2139	2136	2139	4388	2136	4388	4396	2136	4394	4392
					2136	4392	2137	1019	1099	6121	1019	4655	871	1018	873	4653	1060	5259	3838	1060	3838	365	2515
					4307	4306	1971	4342	5221	2515	4299	4307	2513	4306	4320	2512	2515	4306	2512	4306	2513	1971	4280
					4318	1971	5668	4280	1971	5221	4348	2511	2515	2512	1971	4348	5668	2510	2511	6319	5243	5254	3960
					2510	4300	4299	2510	561	4300	2510	6321	561	5243	5260	5257	2510	4299	2515	5243	5257	5254	5243
					3838	5260	5243	365	3838	1971	4318	4342	5243	366	365	5243	3960	366	2510	2515	2511	5236	5238
					5237	5236	5239	5238	5235	5240	5241	5235	5237	5240	5235	5236	5237	5233	5236	5235	5232	5234	5233
					6319	6321	2510	2129	4462	4471	2129	4464	4467	2129	4467	4462	2129	599	4464	5231	5232	5233	5231
					5235	5241	5231	5233	5235	2129	4471	599	5230	5233	5234	5228	5230	5229	5228	5236	5233	5228	5233
					5230	5227	5228	5229	969	602	5363	5227	5239	5236	5227	5236	5228	969	5363	4476	5224	5225	5226
					5223	5225	5224	5222	5223	5224	5221	5224	5226	5220	5222	5224	5220	5224	5221	5219	5223	5222	971
					2508	6318	2126	2798	6019	2126	4483	2798	2126	6019	6018	2125	2800	4482	5218	5223	5219	5216	5232
					5231	5215	5219	5222	2125	6018	2800	6130	1172	6134	5215	5222	5220	2125	4482	604	5214	5230	5234
					5214	5234	5215	6123	6125	6124	6122	1018	4653	5214	5215	5220	6122	1098	1018	2125	2126	6018	5213
					5218	5217	6122	4654	1098	6268	2126	2125	6268	2125	604	714	5213	5217	6121	4655	1019	6267	2126
					6268	6316	2514	2512	6121	1099	4654	6267	605	4483	6267	4483	2126	6316	2512	2513	6120	6127	6129
					6119	4654	6122	713	5213	714	6316	6318	2514	6103	6104	5212	5212	712	6103	6119	6122	4653	6118
					6119	4653	6117	6126	6127	6117	6128	6126	5211	5213	713	5210	5212	6104	6117	6120	6119	6117	6127
					6120	6117	6118	6128	6117	6119	6118	6114	6119	6120	6112	6114	6113	6112	6121	4654	5211	5212	5210
					5209	5223	5218	5209	5211	5210	6112	4654	6119	6112	4655	6121	4279	970	6314	5209	5218	5213	6112
					6119	6114	970	4279	563	6111	6112	6113	6111	4655	6112	6110	6120	6129	5209	5213	5211	4209	4211
					6680	6110	6114	6120	6110	6113	6114	4208	6679	4210	6314	4316	4279	5204	5216	5231	6109	6116	6113
					5204	5231	5241	6109	6115	6116	4208	4209	6679	6109	6113	6110	4335	4317	4316	710	5216	5204	710
					711	5216	6107	6124	6125	4316	6314	4335	4207	4208	2172	4207	4209	4208	6314	6313	4335	4206	4209
					4207	4206	4211	4209	4203	4213	4212	6107	6109	6110	4203	4214	4213	6107	6110	6129	6313	562	4323
					4203	4212	4205	6107	6129	6124	6107	6108	6109	6107	6125	6108	6313	4323	4335	4202	4204	4203	4202
					4207	2172	6102	6104	6103	4201	4202	4203	4201	4206	4207	6102	1171	1170	4201	4205	4206	6102	6103
					1171	4201	4207	4202	4201	4203	4205	4200	4428	4426	4200	5588	4428	4200	5587	5588	6102	6105	6104
					4199	6870	5671	6677	4199	4210	6102	1314	6105	4197	4210	4199	4196	5671	5672	4195	4197	4199	5671
					4196	4195	5671	4195	4199	554	4197	4195	4194	5673	6676	4194	5672	5673	4194	4196	5672	553	4197
					554	4186	4197	553	4185	5587	4200	4185	4213	4214	4184	4185	4214	552	4203	4204	552	4214	4203
					551	4186	553	551	4202	4186	551	4204	4202	550	740	2422	550	2422	5587	4184	549	5587	5587
					4185	4184	549	550	5587	4476	5363	5362	4476	603	969	602	5364	5363	4473	5364	602	601	4473
					602	6068	1156	1155	6065	6066	6067	6064	1158	1156	6063	6066	6065	598	4472	4473	598	4473	601
					4471	600	599	4470	4472	598	4470	600	4471	4470	598	600	6062	6065	6064	4469	4470	4471	6062
					6063	6065	4466	4468	4467	4465	4466	4467	706	5337	1170	6062	1156	6068	6062	6064	1156	6061	6065
					6067	6061	6064	6065	5133	6123	6124	5132	6129	6127	6060	1158	6064	4464	597	4465	5132	6124	6129
					5132	5133	6124	6060	1157	1158	3960	367	366	4464	4465	4467	4464	596	597	4464	599	596	5131
					5133	5132	4463	4467	4468	4462	4467	4463	5131	6127	6126	5131	5132	6127	6060	6064	6061	4461	4469
					4471	5130	5131	6126	6058	1159	1157	4461	4471	4462	6058	6074	1159	4461	5348	4469	5129	5133	5131
					4460	4461	4462	4460	5589	5348	6058	6060	6061	4460	4462	4463	6058	6061	6059	5129	5131	5130	5128
					5130	5312	4460	5590	5589	6058	1157	6060	5128	5312	5306	5128	5306	727	4460	4463	5590	4460	5348
					4461	5128	5129	5130	705	5129	5128	705	5128	727	704	5129	705	362	3941	363	704	5133	5129
					4150	1808	1807	703	5133	704	934	1807	2032	360	3941	362	4149	4150	1807	360	361	1392	83
					604	4482	358	4742	4149	593	83	4482	6306	5211	713	6306	712	5212	6306	5212	5211	3931	3933
					3932	3931	4742	358	4448	603	4476	4448	4449	4450	4448	4476	4449	4442	4443	6066	4442	6066	6063
					4441	4483	605	4440	4483	4441	4439	4440	4441	591	4441	605	4441	591	4437	7068	6055	6054	4824
					446	5827	4824	445	446	4437	4444	4439	4437	4451	4444	4824	3890	445	4437	4439	4441	590	4437
					591	590	592	4451	590	4451	4437	4436	4443	4442	4436	4446	4443	4436	4442	4445	4435	4444	4451
					4435	4436	4445	4434	4435	4451	4434	4451	592	4433	4436	4435	4433	4435	4434	4433	4447	4446	4433
					4446	4436	4430	4432	4431	4430	2836	4432	4429	5590	4463	4429	4463	4468	4429	5591	5590	4428	5588
					5591	4428	5591	4429	4427	4428	4429	4427	4429	4468	4426	4428	4427	4424	4430	4431	4423	4425	4424
					4423	4424	4431	4422	589	588	586	4465	597	4421	4423	4431	4421	4422	4423	4421	589	4422	4421
					587	589	4420	4432	4466	665	1656	5827	665	5827	447	4420	4466	4465	4420	587	4421	4420	586
					587	4420	4465	586	4420	4421	4431	4420	4431	4432	665	1052	1656	2461	729	718	2461	718	5279
					2461	6125	6123	2460	5278	6108	2460	6125	2461	2460	6108	6125	2460	2461	5279	2460	5279	5278	2459
					6115	5275	2459	5275	5281	2459	6116	6115	2458	5275	6115	2458	6108	5278	2458	6115	6109	2458	6109
					6108	2458	5278	5276	2458	5276	5275	2457	1052	870	2457	1656	1052	2457	870	1657	2456	6111	1657
					2456	4655	6111	2456	871	4655	6375	603	4448	2840	4434	592	2456	869	871	2456	1657	869	2840
					592	6376	2840	6376	6375	2839	2840	6375	2839	4447	4433	2839	4433	4434	4400	5345	4734	4400	5261
					4741	2839	4434	2840	4400	4741	3837	4400	3837	5345	4399	5261	4400	4399	4400	4734	2454	6116	2459
					2453	4824	5827	4399	4734	5346	2453	5827	1656	2452	1657	6111	4450	2839	6375	4398	4742	3932	2452
					2457	1657	4398	6105	4742	4398	6104	6105	4450	6375	4448	2452	6116	2454	2452	6111	6113	2452	6113
					6116	2452	2454	2453	6015	6019	6017	1314	4742	6105	1314	4150	4149	1314	4149	4742	2452	2453	1656
					4393	4394	4395	4392	4394	4393	4391	5356	5354	4390	4391	5354	4450	4447	2839	2452	1656	2457	4389
					4390	5354	4389	5354	5355	4389	5355	5365	4387	5365	5361	4384	4397	4396	2838	7070	6054	2837	4468
					4466	2837	4427	4468	2451	4737	3888	6015	6018	6019	4384	4396	4388	4381	4385	4384	2837	4466	4432
					2837	4432	2836	2451	5284	4737	2451	3888	3889	2450	5284	2451	1941	1146	6015	4381	4383	4382	2836
					4427	2837	4381	4384	4388	2450	5282	5284	4381	4388	4383	4380	4387	5361	4380	4386	4387	4380	5361
					5359	4379	4382	4383	4379	4386	4380	4379	4383	4386	4378	4379	4380	2450	5299	3890	3890	337	445
					4378	5359	5352	4378	4380	5359	2450	2451	3889	6206	1146	1941	2450	3889	5299	2449	3871	3881	6206
					1941	975	2449	3870	3871	1940	6017	6016	1940	975	1941	1940	1941	6015	575	710	5204	4376	4385
					4381	4376	5238	4385	4376	5237	5238	4376	4381	4382	4375	5237	4376	1940	6015	6017	6205	2783	6372
					4375	5240	5237	6205	975	1940	2449	3881	5300	4375	4376	4382	6205	1940	6016	2448	2449	5300	2447
					332	3870	2447	333	332	5314	5315	1665	6205	6016	2783	2447	1662	333	4374	4379	4378	4374	5352
					5353	4374	4378	5352	4373	4382	4379	4373	4379	4374	4372	4373	4374	4372	4374	5353	4372	741	574
					4372	5353	741	4370	4395	4394	4369	4371	4370	2446	2449	2448	4369	4370	4394	4397	4371	4369	4397
					4369	4396	4368	4390	4392	333	1662	872	4368	4392	4393	4366	4391	4390	4366	4390	4368	2446	2448
					6128	4366	4368	4367	4363	4365	4364	4362	4365	4363	4361	5258	5257	2446	1662	2447	4360	5257	5260
					4360	4361	5257	4360	5260	5261	3870	332	721	2446	6128	6118	2446	3870	2449	2446	2447	3870	5666
					4359	5668	2446	6118	1662	570	4358	4357	570	4357	571	569	571	4357	331	3881	3871	4355	4359
					5666	4355	4358	4359	4355	5666	5667	4357	4354	4350	4354	4358	4355	4354	4357	4358	4353	4361	4360
					4352	4353	4354	4352	4354	4355	869	1657	870	2443	1662	6118	2443	6118	4653	2443	4653	873	4352
					5667	5258	4352	4355	5667	2443	872	1662	4352	4361	4353	4352	5258	4361	4351	4353	4360	4351	4360
					5261	4350	569	4357	4350	4353	4351	4350	4354	4353	2443	873	872	4349	5261	4399	4349	4350	4351
					4349	4351	5261	567	569	4350	82	5346	303	82	4349	4399	82	4399	5346	4349	82	567	4349
					567	4350	566	4358	570	566	4359	4358	563	4359	566	4348	5221	5226	4348	5666	5668	4347	5258
					5667	4346	5666	4348	4346	4348	5226	4346	5667	5666	4346	4347	5667	4345	5210	6104	6373	593	4482
					6018	6015	2799	2800	6373	4482	4345	6104	4398	4344	5255	5256	2799	6015	1146	2799	2800	6018	6367
					2799	1146	4344	4345	4398	4344	4398	3932	2798	4483	4440	2797	6016	6017	2797	6017	6019	4344	3932
					5255	4343	4344	5256	4343	5258	4347	2797	6019	2798	4343	5256	5258	4342	5220	5221	4341	5214	5220
					4341	5220	4342	2793	4444	4435	4337	5239	5227	4337	4338	4362	4336	4339	4340	2793	4439	4444	2793
					4435	4445	4327	4385	5238	4327	5238	5239	4326	5239	4337	4326	4362	4363	2792	4440	4439	4326	4337
					4362	2792	4439	2793	1928	6136	6134	4326	4327	5239	4325	4362	4338	2791	6016	2797	4325	4365	4362
					2790	2798	4440	2790	2797	2798	2790	2791	2797	2790	4440	2792	1928	1172	6199	1928	6137	6136	1928
					6134	1172	1927	1173	2404	1927	1928	6199	4324	4338	4339	4324	4325	4338	4324	4339	4336	2789	2792
					2793	1927	2404	6137	1927	6137	1928	2789	2791	2790	2789	2790	2792	4323	4324	4336	562	4324	4323
					4322	4364	4365	4321	4364	4322	2788	2791	2789	4320	4321	4322	2786	4442	6063	2786	4445	4442	6199
					1173	1927	4319	4341	4342	4319	4340	4341	4318	4319	4342	4317	4335	4323	314	3867	722	6123	703
					729	6123	729	2461	6123	5133	703	313	875	5326	2785	2789	2793	2785	2787	2788	4317	4323	4336
					4317	4340	4319	4317	4336	4340	4316	4319	4318	2437	2448	5310	4316	4317	4319	4314	4321	4320	4311
					4370	4371	2437	5310	5312	4310	4327	4326	4310	4326	4363	2785	2788	2789	2437	5312	5130	2437	6128
					2448	2437	6126	6128	2437	5130	6126	2436	5315	5311	2436	1665	5315	2436	5326	875	2436	312	1665
					4310	4363	4364	2785	2786	2787	315	4736	314	2436	875	312	2435	4736	5326	2435	2436	5311	2785
					2793	4445	2785	4445	2786	2435	5326	2436	2155	4364	4321	2053	5219	5215	6305	1172	6130	2053	5215
					5234	2053	5234	5232	2052	2053	5232	2052	711	715	2052	5216	711	2155	4310	4364	4309	4371	4397
					2052	5232	5216	4309	4327	4310	2051	5217	5218	4308	4309	4310	4308	4310	2155	2051	2053	2052	2784
					2791	2788	4308	4311	4371	4308	4371	4309	2051	2052	715	2051	715	5217	2051	5218	5219	2051	5219
					2053	4307	4315	4314	4306	4307	4314	4306	4314	4320	6304	6130	2434	4304	4305	4312	4303	4305	4304
					6304	6305	6130	4302	4305	4303	4301	4313	4315	2784	2788	2787	4301	4315	4307	2784	6370	6371	4299
					4300	4301	2783	2784	6371	4299	4301	4307	312	720	1665	311	5314	720	2783	6016	2791	311	4735
					5314	310	359	3844	2783	2791	2784	2783	6371	6372	3843	364	310	309	4735	311	6368	6370	2784
					2782	6369	6368	2429	4469	5348	2782	2784	2787	2782	6368	2784	2427	5348	5589	2427	5589	5592	2426
					2429	5348	2426	5348	2427	2425	6130	6134	6068	6369	2782	6068	1155	6369	2781	2787	2786	2425	2434
					6130	2781	6062	6068	2428	2434	2425	2424	2428	2425	2781	6063	6062	2424	2429	2426	2424	2426	2428
					2781	2786	6063	2423	2428	2426	2781	2782	2787	2423	2426	2427	2423	2427	5592	2781	6068	2782	2421
					5592	2422	2421	2423	5592	3838	5259	5260	2420	2434	2428	2042	5273	5285	2042	5285	5274	2042	6790
					5273	2420	2423	2421	2041	5276	5277	2420	2428	2423	2041	2042	5274	828	3837	307	304	3836	321
					2041	5274	5276	6303	2434	2420	6303	6304	2434	2041	7275	2042	2041	5277	7274	827	3836	304	6302
					6303	2420	4359	563	4279	2421	2422	740	6302	2420	2421	740	6302	2421	4280	4316	4318	4280	5668
					4359	6367	6373	2800	4279	4280	4359	4279	4316	4280	6367	2800	2799	5362	5363	5364	5360	5361	5365
					3941	360	1392	5358	5359	5361	2410	2424	2425	2410	6134	6136	5358	5361	5360	2032	1392	361	2032
					361	934	5355	5360	5365	5354	5356	5357	5354	5357	5355	2410	2425	6134	2032	1807	1808	2031	737
					5339	2031	706	737	2031	1392	2032	2408	2429	2424	2031	5337	706	2031	2032	1808	2031	1808	5337
					5346	3836	827	5346	827	303	2030	5332	5338	2030	1392	2031	5346	4734	3836	2030	3941	1392	2030
					5339	5332	2408	2424	2410	2030	2031	5339	2408	2410	2409	2030	5338	3941	5345	3836	4734	5345	828
					305	5345	305	3836	2407	6136	6137	5345	3837	828	3837	306	307	3837	4741	306	2405	2410	6136
					2405	2409	2410	2405	6136	2407	6871	5673	5672	738	3836	305	738	321	3836	2025	5364	4473	2025
					2409	2398	2025	2398	2396	6869	5672	5671	2025	2396	5364	2025	4473	4472	2024	2409	2025	2024	4469
					2429	2024	2408	2409	2024	2429	2408	2024	2025	4472	2024	4472	4470	2404	1173	6300	2024	4470	4469
					2403	6300	6301	2403	2404	6300	2395	5352	5359	2395	5359	5358	2401	2407	6137	5338	359	363	5338
					363	3941	5338	3844	359	5336	1808	4150	5336	6102	1170	5336	1170	5337	5336	5337	1808	2401	6137
					2404	2401	2406	2407	5336	4150	1314	5336	1314	6102	2400	2406	2401	2399	2400	2401	736	358	4149
					736	1807	934	2399	2404	2403	2399	2403	2402	736	4149	1807	5334	3843	5335	2399	2401	2404	5334
					5335	4735	5334	364	3843	5334	309	364	5334	4735	309	3843	310	3844	5333	5335	3843	5333	3843
					3844	2398	2409	2405	5332	5333	3844	5332	3844	5338	735	5333	5332	734	735	5332	734	5332	5339
					2397	2405	2407	2397	2407	2406	733	5333	735	555	4300	561	2397	2398	2405	733	5335	5333	2396
					2398	2397	2394	2400	2399	2394	2395	5358	732	5335	733	2394	2399	2402	2394	2402	2395	2393	5357
					5356	2391	2400	2394	2390	5360	5355	2390	5357	2392	4244	5356	4391	4243	4443	4446	2390	5355	5357
					2389	2392	2391	4242	4309	4397	2389	2394	5358	4242	4385	4327	4242	4384	4385	4242	4397	4384	4242
					4327	4309	4241	4395	4370	4241	4370	4311	2389	2390	2392	2389	2391	2394	2389	5360	2390	4239	4311
					4312	4239	4241	4311	4239	4312	4305	2389	5358	5360	4238	4313	4301	4238	4304	4313	4238	4303	4304
					2388	5357	2393	2388	2392	5357	2387	2397	2406	4237	4300	555	5326	4736	315	2387	2406	2400	4237
					4301	4300	4237	4238	4301	2387	2400	2391	4236	4368	4393	5326	315	313	4236	4367	4368	4235	4367
					4236	4231	4239	4305	4231	4302	4232	4231	4305	4302	2387	2392	2388	2387	2391	2392	2386	2396	2397
					2386	2397	2387	2386	2387	2388	7358	2838	4425	1099	1100	4654	1098	4654	1100	2385	2386	2388	2385
					5362	5364	2385	2388	2393	2749	4425	4423	2385	2393	5362	2749	4423	4422	2749	7358	4425	2385	5364
					2396	2748	4422	588	2748	7357	2749	2385	2396	2386	2748	2749	4422	2748	6363	7356	2748	588	6363
					5313	5335	732	5313	5315	5314	5313	4735	5335	6299	741	5353	5313	5314	4735	5309	5312	5310	5309
					5310	5311	5308	5315	5313	5308	5309	5311	5308	5311	5315	5307	5309	5308	2376	2395	2402	2376	5352
					2395	5306	728	727	2375	2403	6301	5306	5307	728	5306	5309	5307	5306	5312	5309	4211	6055	7068
					2375	2376	2402	726	728	5307	5304	5307	5308	2375	2402	2403	5304	726	5307	725	5313	732	725
					726	5304	5304	5308	5313	5313	725	5304	6298	2375	6301	6293	5893	5884	6293	877	5893	2360	1674
					13	2360	13	879	2360	1673	1674	2360	879	1675	2360	1675	1673	6292	1411	1673	6292	880	1411
					6292	1673	881	6291	1682	883	6291	884	1682	6287	1693	887	6287	888	1693	6287	887	1106	2324
					1694	1692	2324	890	3631	2324	3631	1694	2324	891	890	2324	1692	891	6342	1624	1633	6342	859
					1624	6342	1633	845	2251	896	894	2251	894	1084	2251	1084	5894	2251	1562	1466	2251	1466	1561
					2251	1561	896	2250	896	1561	2250	1470	5963	2250	5963	895	2250	1561	1470	2250	895	896	5887
					1918	5903	5887	5895	5891	5903	1080	1186	5884	5893	5892	5884	1079	6293	1078	5895	5887	5895	1078
					1187	5881	5891	5895	5881	1079	5884	5881	5884	5892	5878	5902	5901	5878	1092	5902	5878	5901	5900
					5877	5905	5907	5877	5907	1094	5876	5910	1176	5876	1915	5910	5876	1914	1915	5875	5913	1096	1077
					1097	1911	2626	1628	1629	2626	1627	1628	2626	1629	851	2626	855	1627	2626	851	855	2625	1631
					1630	2625	1629	1631	2625	850	1023	2625	1023	1629	2625	1630	850	1286	5962	5953	1286	5953	1127
					5868	1630	1631	5868	1631	1638	5868	5958	5991	2622	844	856	5867	1638	1129	2622	5926	844	5867
					5868	1638	2622	1632	853	5867	5958	5868	2622	856	1634	2622	1634	1632	1075	1131	5961	2622	853
					861	2622	861	5926	2621	854	1022	2621	1633	1627	2621	1627	854	2621	1022	1632	2621	1632	1633
					5863	148	3613	5863	147	148	6335	858	1639	6335	1639	1628	6335	1628	859	1073	3615	151	2619
					1638	1631	1073	3616	3615	1073	6172	3616	2619	1631	1635	2619	1635	1021	2619	1021	857	1072	152
					1887	2619	857	860	2619	860	1638	5858	3640	1451	5858	3638	3640	5858	174	3638	1070	92	826
					5853	270	269	5853	1839	1840	5853	271	270	5853	269	1839	6447	174	5858	6447	5858	1451	401
					972	119	1064	251	3770	5848	3764	242	5848	3769	1842	5848	1842	3764	1063	3772	246	5847	3771
					3772	5847	3772	1063	5847	1062	3798	5847	3798	3771	5847	1063	1062	5846	3775	5482	5846	5922	5921
					5846	5921	1103	1061	3777	2011	1061	248	3777	5843	272	3813	5843	3812	272	286	663	298	1203
					2121	2122	1203	105	2121	1203	2122	115	793	217	295	793	126	217	793	295	662	5574	1849
					93	5574	301	1849	5574	3817	301	5574	93	99	5574	99	3817	792	1846	279	792	6889	1846
					791	3816	945	791	277	3814	791	3814	3816	5570	5853	1840	5570	271	5853	5570	1840	3783	5570
					3783	3808	5570	3808	268	5570	268	271	2001	1838	3787	2001	3787	3786	2001	1840	1839	2001	1839
					1838	2000	1841	3779	2000	1842	1841	2000	3764	1842	2000	1838	3764	6236	1846	944	6236	3708	1846
					6236	945	3708	653	4071	3830	1847	946	1243	1193	6201	6084	1193	6084	4135	653	3830	494	1243
					6235	1847	6235	1243	126	653	273	4071	1193	4135	608	4541	936	292	4541	274	936	4541	292
					3830	4541	3830	4071	4541	4071	4069	1997	1849	948	1997	948	947	4541	4069	274	1997	113	1849
					1997	114	113	1997	1847	114	652	3823	495	652	3825	3823	652	494	3825	651	496	4072	651
					4072	1908	651	1908	867	650	4072	5819	650	5819	288	650	6188	4072	649	3824	5819	649	5819
					496	649	495	3824	5819	4072	496	5819	3824	288	5813	1856	617	5813	953	1856	5813	524	4131
					1187	5881	5895	1187	1079	5881	1186	5887	5903	1186	1078	5887	6157	5891	5881	6157	5892	1083	6157
					1082	5891	6157	1083	1082	6157	5881	5892	1183	5893	5894	1183	5894	1084	1040	1498	43	1040	1500
					1498	1183	1085	5893	6156	5898	5896	6156	5896	1087	6156	876	1086	6156	1675	876	6156	1086	5898
					646	500	4082	646	4082	4086	6156	5897	1675	6156	1087	5897	644	501	4085	644	4085	4130	6151
					1089	5896	6151	5900	5901	6151	5898	5900	6151	1090	1089	6151	5901	1090	6151	5896	5898	1182	5878
					5900	1182	1092	5878	1182	5900	1091	640	866	4095	640	4095	4093	1080	5902	1092	504	1649	500
					6225	520	4126	6225	4124	952	6224	1856	953	6224	1855	1856	6224	952	1855	1080	5903	5902	1181
					5877	1094	1181	5904	5877	1974	85	810	1181	1093	5904	6147	5905	5877	6147	1498	1500	6147	1500
					5905	6147	5877	5904	1974	809	1002	1974	810	809	607	6223	954	6223	1974	1002	1178	5907	1917
					6223	607	85	1178	1917	6194	635	809	808	1023	851	1629	1022	853	1632	6223	85	1974	1021
					1635	858	1178	1094	5907	954	4507	607	635	808	638	635	638	116	3708	945	3816	634	4098
					509	3708	279	1846	634	518	4127	633	505	4098	633	4098	4127	217	1243	946	217	126	1243
					6433	1562	877	773	1839	269	6433	35	1466	1020	293	3829	1020	3829	284	773	243	3766	1177
					5876	1176	773	3766	1839	6433	1466	1562	631	4102	111	1177	6191	1914	631	508	4100	631	4100
					4102	630	509	4097	6432	70	1470	630	4097	4106	6432	1561	35	630	4106	508	216	1849	301
					1177	1914	5876	6432	1470	1561	216	948	1849	629	466	510	1176	5910	44	629	511	466	629
					510	512	6142	5907	5905	628	4112	911	6142	5910	1915	628	513	4112	772	242	3764	628	512
					507	772	3766	243	772	3764	3766	628	507	513	6142	5905	5910	6142	1915	1917	6141	5913	5875
					6141	265	264	6141	3805	5913	6141	264	3805	6141	5875	1095	6141	1095	265	771	5848	242	771
					3769	5848	771	244	3769	1175	5875	1096	5799	1496	1497	5799	1493	1496	5799	42	1493	1175	6193
					5914	1175	5914	5875	1174	1096	5913	1174	3805	884	1174	5913	3805	5486	3772	3771	5486	3773	3772
					5486	3770	3773	5486	245	1064	1010	3997	399	5486	1064	3770	622	4123	518	5486	3771	245	622
					517	4126	5485	3771	3798	5485	1842	3769	621	4124	517	5485	3798	1843	5485	3769	3771	6138	1911
					1097	768	3775	5846	621	519	1855	6138	5914	1911	768	247	3775	6138	5875	5914	506	4123	520
					6138	1095	5875	6138	1097	1095	768	5846	1103	5482	5922	5846	5482	3777	248	5482	3775	3777	5482
					248	1105	618	502	4129	618	4129	4132	617	524	5813	617	1856	519	616	4131	524	616	523
					4131	615	4135	1102	615	525	4134	615	4134	4135	614	527	4137	614	4137	4136	614	4136	525
					532	4133	527	613	4129	528	613	529	4132	6217	965	968	6217	1871	964	764	3797	3783	613
					4132	4129	612	5813	4131	764	3783	256	6217	6162	1871	5785	1005	1823	5785	1823	2012	764	255
					3797	6264	528	4130	6217	964	965	5785	1822	1824	5785	1824	937	6264	4130	4085	5785	937	1005
					612	953	5813	6264	4085	907	763	3787	257	763	256	3786	612	4131	529	763	3786	3787	611
					89	4139	6312	1653	1650	6263	4086	4082	6312	867	1653	6312	1650	866	6263	907	4086	6263	4082
					531	610	4095	1650	762	3793	255	610	1650	6189	610	530	4095	2122	89	115	609	531	1649
					609	1649	4093	762	258	3793	609	4093	530	608	4135	4134	2122	4139	89	2122	4133	4139	2122
					4137	4133	4134	2121	104	761	883	3794	104	608	4134	1000	6163	1001	761	3794	258	5778	1000
					1001	4507	1048	611	4507	611	4139	2121	105	104	5778	966	1000	4507	954	1048	2121	4137	2122
					5778	1001	968	84	4139	532	2121	4136	4137	2121	4134	4136	84	4507	4139	5778	965	966	5778
					968	965	606	607	4507	999	1875	1353	999	6169	1875	1353	1961	1878	999	1353	6166	606	4507
					84	1163	1102	5917	6310	487	5919	998	1884	1883	5776	1884	998	6422	1493	42	1961	1879	6168
					5776	998	6173	5776	6173	6171	6310	5919	3828	1163	5917	1101	6310	3828	868	1961	1875	1879	760
					3779	1841	760	1841	259	6422	3614	1493	5776	1885	1884	5774	1900	1899	760	257	3779	5774	1899
					6176	3644	1446	1442	1961	6168	1876	1961	1353	1875	1876	1877	1878	759	259	1843	5774	1896	1900
					759	1843	3798	6422	41	3614	1878	6166	1353	759	3798	1062	6262	911	4102	1878	1961	1876	3629
					1875	6169	997	6181	6185	6262	4102	4100	3644	1442	12	996	123	1261	3643	1443	179	6420	1496
					1493	995	996	1261	6261	4106	505	3643	15	1446	1162	5918	488	3629	6169	3633	3644	12	977
					5773	1913	1925	5773	1910	1926	3643	1446	3644	5773	1909	6192	6261	910	4106	178	1443	3643	3642
					967	1871	6420	1493	150	3262	43	1498	3262	241	43	994	1918	6196	6260	122	636	3642	1871
					6162	3262	1496	241	1070	6165	92	3262	1497	1496	1162	1101	1207	6085	1162	1207	3262	1498	1497
					6085	5918	1162	6260	102	627	177	1877	1876	6260	636	102	6085	995	1261	6084	5917	4135	177
					1876	6168	6419	1500	1040	3640	395	397	6419	5906	1500	6419	44	5906	176	1877	177	6084	1207
					5917	6084	6085	1207	3639	1451	3995	175	3639	17	175	1451	3639	175	6447	1451	3638	6167	1878
					6259	636	122	3638	1878	1877	993	5863	3613	6418	5799	1497	993	3613	41	173	889	1694	993
					146	5863	173	1694	3636	6418	42	5799	171	3630	21	6418	1497	1093	6259	122	116	170	173
					3636	6259	116	638	992	3613	148	3632	21	3630	992	3614	3613	3632	20	21	3632	172	22
					3631	890	862	992	150	3614	3631	3636	1694	3630	171	169	3630	169	3633	5764	151	3615	5764
					147	5863	168	6168	1879	3629	3633	169	3629	1879	1875	5764	5863	146	168	1879	3629	168	3629
					169	5764	3615	147	167	3633	6169	5764	146	151	989	1887	152	1953	1885	6170	989	145	1887
					1953	1887	1883	1953	1883	1884	1953	1072	1887	1953	1884	1885	825	627	102	1953	6170	1072	1154
					5921	6518	1952	3616	6172	1154	1103	5921	1952	5776	6171	1952	1885	5776	1952	1889	3616	1952	6171
					1889	1952	88	1885	1952	6172	88	6056	5921	5922	3615	3616	1889	6056	1104	6517	6056	7038	5921
					149	1889	6171	147	1889	149	6056	5922	1104	147	3615	1889	3614	150	1493	3613	3614	41	145
					1883	1887	4137	527	4133	525	4136	4134	145	973	1883	752	263	3810	752	3805	264	752	1682
					3805	4133	532	4139	4131	4132	529	523	4132	4131	4129	4130	528	4132	523	618	519	1856	1855
					4126	4124	6225	4124	1855	952	1855	4124	621	6210	5774	6176	4123	4126	520	4123	4127	518	4126
					4123	622	517	4124	4126	6210	1896	5774	6210	6177	1896	6209	6176	1899	6209	1899	5957	750	3794
					263	6209	5957	1130	750	266	3790	750	3790	3794	5420	3793	3790	5420	3790	266	5420	3808	3793
					5420	266	267	1949	1900	1896	1949	1896	5962	1949	5962	1286	5420	267	3808	1949	1128	5954	1949
					5954	1900	1949	1286	1128	1948	1899	1900	1948	5959	1899	1948	1126	5952	1151	1108	5926	1948	5952
					5959	1948	5954	1125	1948	1900	5954	1151	6187	6182	1151	6182	1108	1948	1125	1126	1151	5926	861
					513	111	4112	5735	3632	22	5735	3631	862	5735	862	20	5735	170	3636	749	272	3812	749
					3812	273	5735	3636	3631	5413	3812	5843	4102	911	4112	4102	4112	111	5413	276	275	5413	5843
					276	5413	275	274	507	512	510	4100	910	6262	5413	274	4069	4100	4106	910	5413	4069	3812
					5412	278	276	4100	508	4106	5735	20	3632	506	4127	4123	4127	4098	634	5735	22	170	4127
					506	633	5734	3632	3630	5734	3630	3633	4097	505	4106	5734	3633	167	4097	4098	505	4097	509
					4098	5412	276	5843	4095	866	1650	4093	4095	530	5412	5843	3813	4093	504	640	5412	277	278
					5412	3813	3814	5412	3814	277	5734	167	172	4093	1649	504	5734	172	3632	748	279	3708	748
					3708	3816	748	3816	280	747	3813	272	747	280	3814	747	3814	3813	6512	3817	99	979	6167
					3638	746	281	124	746	286	281	4085	4086	907	746	663	286	979	3638	174	1692	1693	888
					5730	1877	176	4130	502	644	502	4130	4129	1692	888	891	4082	1649	531	5730	176	395	745
					298	663	1692	1694	889	1692	889	892	1692	892	1693	5730	395	3640	745	299	298	501	4086
					4085	4086	501	646	500	1649	4082	5730	3638	1877	745	662	299	887	1693	892	5730	3640	3638
					876	1675	879	6203	997	6185	6203	6183	997	978	967	3642	744	288	3824	1139	5955	71	4072
					6188	1908	978	1443	178	1139	5953	5955	6203	6186	6183	1139	1127	5953	978	3642	1443	744	3823
					289	977	178	3643	1653	867	1908	6187	6185	6181	6187	6181	6182	744	3824	3823	977	3643	3644
					976	179	1443	290	743	3825	976	3642	6162	1138	5958	5867	1650	1653	6189	976	1443	3642	3825
					3830	290	743	289	3825	5407	660	294	5407	661	660	5407	4729	3828	1138	5867	1129	5407	3828
					4730	6202	6189	1653	5407	294	4729	1138	1130	5958	5991	1630	5868	5407	4730	661	6202	1908	6188
					5991	5959	5952	5406	4729	291	6202	1653	1908	5991	5958	5959	5991	1123	1630	6201	6085	6084	5989
					5953	5962	5989	1898	6178	5406	291	125	6201	995	6085	858	1635	1639	5989	5962	1898	5406	293
					3827	5989	1075	5961	5406	3827	4729	1932	6085	1261	5989	6178	1075	5406	3829	293	1932	5918	6085
					5989	5961	5953	5406	125	3829	1632	1634	1633	5988	5961	1131	1932	4730	4063	5988	831	5963	5988
					1131	831	1631	1639	1635	5988	5963	1558	1629	1639	1631	1932	4063	5918	5988	1558	5961	1628	1639
					1629	1932	123	4730	1627	855	854	1932	1261	123	850	1630	852	1624	859	1628	1624	1627	1633
					1624	1628	1627	4730	123	661	6400	1558	1560	845	1633	1634	845	1634	856	6400	71	1558	6400
					1560	70	1926	1909	5773	1926	1911	1909	1926	1910	6190	1926	6190	1077	1926	1077	1911	1925	1910
					5773	1925	1915	1914	1925	1913	1915	1925	1914	1910	6198	6192	1909	6198	1912	6193	6198	1909	1912
					6197	5773	6192	6197	1913	5773	6197	6194	1913	1924	994	6195	1924	1918	994	1924	5902	1918	1924
					5901	5902	1924	6195	5901	1470	70	1560	1921	6196	1918	1921	5891	1081	1921	1081	6196	1921	1918
					5887	466	511	974	1921	5887	5891	1466	35	1561	5963	1470	1560	5963	831	895	5963	1560	1558
					5962	1896	1898	1129	1638	860	5957	1899	5959	5957	5958	1130	5957	5959	5958	5955	1558	71	5955
					5961	1558	1128	1286	1127	1913	1917	1915	1913	6194	1917	5953	5961	5955	1910	6191	6190	1125	5954
					1128	1910	1914	6191	1909	1911	1912	5952	1124	5991	1124	5952	1126	1124	1123	5991	1123	852	1630
					6183	6186	6184	295	299	662	6177	6178	1898	3827	868	3828	3827	3828	4729	3827	293	868	291
					4729	294	1896	6177	1898	290	3830	292	3825	494	3830	3823	3824	495	3823	3825	289	1446	15
					16	13	1674	14	1883	973	998	6170	1885	88	6166	1878	6167	6164	92	6165	281	284	124
					3817	300	301	6164	6165	6163	6163	1000	6164	3817	6890	300	3814	280	3816	273	3812	4069	273
					4069	4071	964	1871	967	3810	883	1682	267	268	3808	6251	284	3829	6251	3829	125	3805	1682
					884	6251	124	284	3810	1682	752	1843	1842	5485	259	1841	1843	3794	883	3810	3794	3810	263
					3793	3808	3797	3790	258	3794	3790	3793	258	1849	113	93	1847	947	946	947	1847	1997	1847
					6235	114	808	809	810	3786	1840	2001	4962	1451	3640	4962	397	18	4962	18	3995	944	1846
					7011	255	3793	3797	1841	1842	1843	4962	3640	397	4962	3995	1451	4961	17	3639	3783	1840	3786
					4961	3639	3995	880	12	1442	4961	3995	405	4961	3997	1010	3783	3786	256	3783	3797	3808	4961
					405	398	4961	398	3997	4961	1010	17	3779	257	3787	3779	3787	1838	3779	1838	2000	3778	1824
					2011	249	250	1822	1108	844	5926	1823	1005	117	3775	247	3778	87	6184	6186	3775	3778	3777
					1106	887	1107	698	19	399	3770	1823	3773	698	401	19	3773	1823	117	86	1106	1107	698
					399	400	246	3773	117	246	3772	3773	1105	5922	5482	244	3771	3769	244	245	3771	1104	5922
					1105	179	15	3643	3766	1838	1839	3764	1838	3766	3470	1446	16	3470	14	1674	3470	16	14
					3470	1674	1442	3470	1442	1446	5919	4730	3828	5919	487	4063	5919	4063	4730	5917	1102	4135	1411
					1442	1674	1411	880	1442	1411	1674	1673	1101	5917	1207	6420	241	1496	5914	6193	1912	5914	1912
					1911	1917	5907	6142	5906	44	5910	2012	1822	5785	2012	1823	3770	2012	3770	251	2012	251	249
					2012	249	1822	5905	5906	5910	2011	1824	1822	5905	1500	5906	2011	250	1061	5904	1497	1498	5904
					1498	6147	2011	1822	250	2011	3777	3778	6246	937	1824	1093	1497	5904	5902	5903	1918	5901	6195
					1090	6246	1824	3778	6246	3778	247	5898	1091	5900	5897	881	1673	657	4063	487	5897	1673	1675
					1087	881	5897	657	488	5918	657	5918	4063	1086	1091	5898	5896	1088	1087	5896	1089	1088	5894
					1562	2251	5893	877	1562	5893	1562	5894	5892	5893	1085	1083	5892	1085	401	119	19	399	3997
					400	398	400	3997	3995	18	405	1081	5891	1082	2373	777	6143	2373	6143	5915	2373	5915	5916
					2373	5916	1681	2373	5510	776	2373	776	777	2373	1681	5510	6297	1179	6144	6297	6144	6143	6297
					6143	777	6296	6417	3260	6295	3260	6145	6295	6296	3260	6295	6145	1180	2370	6835	6161	2370	6833
					6835	2370	5554	6833	2370	6161	1317	2370	1317	1091	2369	2370	1091	2369	5554	2370	2369	1669	5554
					2369	1091	1086	2369	1086	1669	6294	6153	1185	3408	881	6155	2368	6153	6294	2368	6294	6442	6154
					2368	6155	6155	1088	6154	6155	2368	3408	2368	6442	3408	2367	3314	1670	2367	1671	5882	1671	2367
					1670	6293	1079	1671	6293	1670	877	1670	6293	1671	5883	2364	5882	5882	1187	5883	2364	5883	6160
					2364	2367	5882	2364	7424	2367	2364	7303	7424	7302	2364	6160	7302	7303	2364	7301	6161	6835	7301
					6160	6161	7301	7302	6160	6292	881	3408	6292	3408	3473	6291	1683	1681	6291	1681	884	6291	883
					1683	2326	2325	2590	2326	887	892	2326	2590	5923	2326	892	2325	2326	5923	887	6287	1641	888
					6287	1106	1641	2325	173	2592	2325	889	173	7320	2598	2599	7300	2596	7422	7300	7320	2599	7300
					2599	2596	2321	5768	3244	2321	3244	2602	2321	2614	5768	2321	2612	2614	2321	2603	2612	2321	2602
					2603	6355	4947	697	2718	6355	6354	2718	4958	1453	2718	6354	717	2718	717	4958	2717	6355	2718
					2717	2718	1453	2717	1453	1455	2717	5830	4947	2717	4947	6355	2717	1455	5830	7299	7418	2616	7299
					2600	7321	7299	2616	2600	7423	7298	5995	5995	3203	7423	7298	1140	5995	2643	1394	6031	2643	5927
					6030	2643	6030	1394	2642	1610	1611	2642	1611	5927	2642	5927	2643	6342	845	1610	6342	1637	859
					6342	1610	1637	1611	856	5927	1611	845	856	2253	894	1582	6341	2643	6031	2253	1390	3128	2253
					3128	6150	2253	1582	1390	6340	6341	6031	2253	6150	5890	2253	5890	894	6339	2643	6341	2252	1582
					895	6339	2642	2643	2252	3117	1390	2252	4668	3117	2252	1390	1582	2252	895	831	2252	831	4668
					6338	6031	6032	6338	6340	6031	5880	1092	1317	1079	5882	1671	1078	5885	5883	2629	6032	1395	2629
					6338	6032	2629	1395	6033	5880	5886	1080	5879	5889	6148	6336	6338	2629	5879	1083	1085	5879	1085
					5889	5879	6148	5888	5879	5888	1083	2628	1626	3293	2628	1625	850	2628	3293	1625	2628	850	852
					2628	852	1626	2627	3292	1384	2627	1023	1625	2627	1625	3292	2627	1384	851	2627	851	1023	1077
					6190	4652	2624	3295	1388	2624	1385	3295	2624	1388	853	2624	1022	1385	2624	853	1022	2623	1384
					3294	2623	3294	1385	2623	854	855	2623	855	1384	2623	1385	854	1075	6178	5960	2620	6405	1387
					2620	857	1313	2620	1313	1386	2620	1386	6405	2620	1304	857	2620	1387	1304	6335	1636	858	6335
					1637	1636	6335	859	1637	1073	5862	6172	6281	6431	3312	1073	151	5862	6281	3312	3314	1072	6170
					1886	5861	152	1072	2618	1637	1610	5861	1513	152	5861	1072	1886	2618	1610	2642	5861	3034	1513
					5861	1886	3034	7297	2367	7424	6334	2618	2642	6334	2642	6339	7297	3314	2367	7297	6281	3314	6333
					6405	1386	2617	2618	6334	2617	6334	6333	2617	1247	1636	2617	6333	1386	2617	1637	2618	2617	1636
					1637	2617	1386	1247	1070	826	4681	2615	7418	6412	2615	6412	3254	2615	2616	7418	2614	5864	5768
					2614	1301	5864	2613	2615	3254	2611	3254	3253	2611	2614	2612	2611	3253	5771	2611	2612	2613	2611
					1301	2614	2611	5771	1301	2611	2613	3254	2609	2613	2612	2608	2616	2615	2608	2615	2613	2608	2613
					2609	2607	2608	2609	2607	2609	2610	2605	6336	2629	2605	6337	6336	2605	2629	6033	2604	5925	2610
					2604	6033	5925	2604	2610	2609	2604	2605	6033	2603	2605	2604	2603	2609	2612	7444	5737	5731	2603
					2604	2609	2603	2606	2605	2602	6407	2606	7444	5731	3460	2602	2606	2603	7444	3460	7445	2602	6408
					6407	2602	3244	6408	6447	1449	174	6332	2606	6407	6332	2605	2606	6332	6337	2605	6447	1450	1449
					2601	1906	6035	2607	2610	6034	3458	4168	1450	3458	1452	4168	6034	2601	2607	3458	17	1452	2601
					6034	6186	3458	175	17	2600	2608	2607	3458	1450	175	2600	2616	2608	2599	2601	6035	3457	547
					7445	3457	7445	3460	2598	2607	2601	3457	1449	1450	2598	2600	2607	3457	3460	1449	2598	2601	2599
					2597	5924	1640	3457	1450	4168	2597	1640	1388	3457	4168	547	2597	6036	5924	2596	6035	6036	3456
					1453	4958	3456	5811	972	2596	2599	6035	2596	6036	2597	3456	4958	4959	3456	972	1453	2595	1388
					3295	3455	4173	4174	2595	7422	2596	3455	5811	3456	2595	2596	2597	2595	3295	6428	2595	6428	7422
					401	1455	972	2595	2597	1388	1064	245	3767	401	5830	1455	1454	3455	4174	7321	2600	2598	1454
					4174	3011	7320	7321	2598	1454	5811	3455	1062	1063	5484	3454	1010	399	6330	6331	6041	3454	3011
					4169	6330	6041	6042	3454	4169	1452	6330	6042	1152	3454	1452	1010	2594	6041	6331	3454	399	3011
					2594	1641	6044	2594	6044	6041	6329	6443	1269	1061	250	4722	7443	5737	7444	1061	4722	248	6329
					2594	6331	5845	5415	3804	5845	264	265	5845	3804	264	2593	6329	1269	5844	266	3807	2593	2594
					6329	5844	3807	4726	2593	1269	891	5844	267	266	2593	888	1641	286	298	3822	2593	1641	2594
					2593	891	888	2592	173	5733	7032	3832	295	2592	7439	7438	2592	3446	7439	2591	890	1269	6816
					3832	7032	2591	1269	6443	3446	5733	3634	6839	1848	3706	5733	3446	2592	2591	862	890	6839	6561
					1848	1203	115	6264	3445	3635	5737	2591	6443	1456	2591	1456	862	1203	6264	907	6839	3706	6580
					3445	5737	7443	2590	2592	7438	3445	7443	7442	3445	5732	3635	2590	2325	2592	1203	907	105	3445
					7442	3446	2589	6045	5923	6838	217	946	3445	3446	3634	2589	5923	2590	6838	946	6561	3445	3634
					5732	2589	6038	6040	2589	6040	6045	7319	1153	6038	7318	6038	2589	6446	981	3628	7318	7319	6038
					7317	2590	7438	793	3811	4651	7317	2589	2590	3628	169	171	7317	7318	2589	3628	1457	6446	793
					662	3811	793	4651	126	3628	171	1457	6837	99	93	3444	20	1456	3444	1457	21	3444	21
					20	7441	7446	3461	2585	2586	7440	2585	7441	3461	2585	7440	7441	2585	2587	2586	2584	3461	5726
					2584	2585	3461	792	279	3815	2584	2587	2585	792	3815	6562	2583	2587	2584	2583	6052	2587	791
					4651	3811	2583	6053	6052	2582	6053	2583	2581	6454	2582	2581	7450	6454	791	945	4651	2581	7447
					7450	2581	3468	7447	2580	5727	3468	2580	2584	5726	2580	3468	2581	2580	2581	2582	2580	2582	2583
					2580	2583	2584	2580	5726	5727	2579	6053	2582	2579	6046	6053	2579	6454	6328	2579	2582	6454	7439
					3446	7442	6327	6046	2579	6327	2579	6328	6327	7066	6046	2577	2586	2587	2577	2587	6052	2577	6052
					6049	7316	7440	2586	7316	2586	2577	7315	2577	6049	7315	7316	2577	7314	7315	6049	6444	6446	1457
					7314	6049	6050	6444	1457	3444	7314	6050	7067	6444	3444	1456	6443	6444	1456	6275	4172	3600	6275
					548	4172	7296	3599	6550	7296	6275	3600	7296	3600	3599	6236	1845	1292	655	749	273	655	273
					656	6236	944	1845	655	6819	272	6236	1292	945	7271	113	114	655	272	749	7271	114	1845
					7271	93	113	6833	5554	6834	5553	6834	5554	654	656	494	654	494	1302	1193	610	6201	653
					656	273	1193	608	609	5553	5554	1669	1193	609	530	5552	4704	5553	5552	1669	876	1193	530
					610	653	494	656	5552	5553	1669	5552	879	4704	5552	876	879	6235	126	1292	5551	1291	3010
					6235	1292	1845	5551	4704	13	5551	13	14	5551	14	1291	784	5553	4704	784	4704	5551	784
					6834	5553	784	5551	3010	652	1302	494	652	495	1302	651	4073	496	651	867	4073	650	996
					6188	650	123	996	650	288	123	649	4070	5820	649	5820	495	649	496	4070	648	4070	4073
					648	4073	1654	647	4070	648	647	1302	5820	647	654	1302	647	5820	4070	3408	6441	3473	3473
					880	6292	3408	6442	6441	6440	5722	3474	6440	7448	5722	5820	1302	495	7437	3473	6441	7437	6440
					3474	7437	3474	3473	2554	5483	4722	7295	2554	5480	5816	501	4084	2554	4722	5480	2554	4656	5483
					5816	4081	501	7295	6686	2554	2553	7071	6057	5816	4084	1344	2553	4656	2554	7295	5480	6828	5816
					1351	4081	2553	6057	4656	5816	1344	6383	2554	6686	2552	2552	6686	95	5816	6383	1351	2552	95
					6508	2552	2553	2554	6396	6397	3116	5815	4115	518	7313	2553	2552	6396	3116	5986	5814	4113	1205
					5814	523	4113	5814	4087	523	6396	5986	1137	5814	1214	4087	5814	6386	1214	5814	1205	6386	7027
					533	527	6787	1919	717	1187	1078	5883	1187	5882	1079	6161	5880	1317	6161	5886	5880	1186	1080
					5886	1186	5885	1078	1186	5886	5885	6160	5886	6161	6160	5885	5886	6160	5883	5885	6159	6149	6158
					6158	5888	6148	1919	4775	3929	6158	6149	5888	6148	5889	6150	1183	5889	1085	1183	1084	5890	1919
					6787	4775	646	501	4081	646	4081	500	645	1351	6383	6155	881	1087	645	6382	1351	6155	1087
					1088	644	4084	501	644	502	4084	643	6384	1214	643	1214	6386	6154	1088	1089	6154	1089	5899
					6153	6154	5899	6154	6153	2368	642	6383	1344	642	1344	6384	6152	6159	1184	6152	1184	1185	6152
					6153	5899	6152	1185	6153	6152	1396	6159	1182	1091	1317	1182	1317	1092	5510	1683	3796	5510	1681
					1683	641	1281	6382	640	1739	1652	640	504	1739	640	1652	866	1080	1092	5880	504	500	4094
					639	1652	1739	639	1281	641	639	1739	1281	6225	952	1002	6225	1002	520	808	810	811	6751
					4515	808	638	808	4515	637	702	4514	4514	636	4513	1316	3762	1495	636	4514	102	4513	638
					4515	4513	637	4514	1316	4721	3762	5503	4721	1316	4515	6751	6697	6697	637	4513	5502	1331	1499
					6697	4513	4515	5501	4721	5503	5501	5502	1499	6146	1179	1180	6145	6194	6146	6145	6146	1180	1178
					6145	1094	635	4099	809	1178	6194	6145	6223	1002	952	1023	850	1625	1022	854	1385	635	116
					1737	6223	6224	953	1021	1313	857	1021	858	1247	6223	952	6224	635	1737	505	634	5815	518
					6144	1179	6146	6144	6192	1916	6144	6146	6192	6223	953	954	3314	1467	1670	1313	1021	1247	1247
					1386	1313	6143	6144	1916	5802	1655	868	634	4103	5815	634	509	4103	633	635	505	217	6838
					742	5802	4054	1655	3314	1469	1467	5802	480	4054	6143	1916	5908	633	506	4099	633	4099	635
					632	4101	6723	1020	3818	293	6143	5908	5915	6433	1467	35	632	1336	4101	6561	947	1848	631
					4101	1336	6561	946	947	6433	877	1467	773	269	3763	631	1336	508	631	111	4101	6432	1468
					70	1177	5909	6191	773	3763	243	3706	1848	948	5497	1244	3765	6432	35	1469	630	508	4105
					630	4104	509	3706	3833	6580	216	301	3833	1177	3803	5909	630	4105	4104	1177	1176	3803	5497
					3765	1268	6432	1469	1468	629	512	4109	3313	71	1559	3313	1559	1468	5496	3809	4725	5495	5497
					1268	5495	3763	3809	216	3706	948	3312	1469	3314	5495	3809	5496	216	3833	3706	629	4107	511
					3312	1468	1469	3312	3313	1468	5495	1268	3763	629	4109	4107	1176	44	5911	6431	3313	3312	628
					4111	512	772	3765	242	7423	3313	6431	628	911	4110	628	4110	4111	627	4111	4110	772	243
					3765	5492	1244	5497	5492	3768	1244	626	1205	6385	626	6386	1205	5491	3767	245	5491	245	244
					5491	244	3768	771	3768	244	625	1348	4117	625	6385	1348	624	4114	4115	771	242	1244	624
					4115	5815	623	4117	4125	623	625	4117	1175	1096	5915	1175	5908	6193	771	1244	3768	895	1582
					896	1175	5915	5908	5490	5491	3768	623	4114	624	5490	3768	5492	5490	3767	5491	5490	774	770
					5490	5492	774	5489	247	3776	5488	5920	7072	5488	3776	5920	6428	3295	6429	1174	884	5916	3294
					6429	3295	3294	3295	1385	3776	5488	5489	1174	5916	1096	6427	6429	3294	5487	5489	769	5489	5487
					2010	3292	3294	1384	3292	6427	3294	6140	1097	1077	6140	1077	4652	3292	1625	3293	6426	6427	3292
					1010	1452	17	6426	3292	3293	6140	4724	5912	6140	5912	1097	622	518	4115	6139	4652	6190	6139
					6190	6191	622	4115	517	4125	621	4114	4114	623	4125	5484	246	3774	6425	6426	3293	621	4125
					519	5484	1063	246	768	3776	247	621	517	4114	768	1103	3776	506	520	809	620	5815	4103
					5483	4656	1105	620	4103	4104	620	624	5815	5483	248	4722	619	1336	632	619	4105	1336	619
					4104	4105	619	620	4104	5481	250	249	618	523	4087	5481	4722	250	618	4087	502	5480	5481
					4723	617	4116	524	5480	4722	5481	5479	770	6828	617	519	4116	616	4113	523	5479	5480	4723
					616	524	4113	5479	5490	770	615	1102	3961	615	3961	3963	5479	6828	5480	615	3963	525	5479
					3767	5490	5478	5479	4723	5478	1064	3767	5478	3767	5479	5478	4723	251	614	7027	527	614	6669
					7027	5478	251	1064	614	525	6669	532	527	533	1964	965	964	1964	967	5722	532	533	91
					1964	964	967	1964	966	965	5786	274	275	6217	968	1229	764	256	3785	613	528	89	5786
					936	274	764	3784	255	612	954	953	764	3785	3784	612	1048	954	6217	1229	6162	763	3789
					256	1963	3467	5724	763	257	3788	612	529	1048	1963	5724	6164	1963	5723	3467	6264	115	528
					763	3788	3789	611	529	613	6263	531	104	5475	3791	3784	6263	105	907	5475	3784	3785	1963
					1000	966	6312	1654	867	5474	3789	3788	611	613	89	6312	866	1651	6312	1651	1654	611	1048
					529	5474	766	5475	5474	765	766	5474	3785	3789	6263	104	105	6311	1654	1651	5474	5475	3785
					6311	648	1654	762	3792	258	762	255	3791	762	3791	3792	1963	1964	5721	761	3796	883	608
					531	609	6311	1652	639	6311	1651	1652	761	258	3795	608	104	531	6310	868	1655	1963	966
					1964	6310	1655	487	1963	5721	5723	1963	6164	1000	1962	1001	6163	1962	968	1001	5473	776	5510
					5473	775	776	5473	5510	3796	1962	1872	5728	3796	761	3795	1962	5720	968	3795	5473	3796	1962
					5728	5720	1962	6163	1872	1874	1873	6166	84	532	91	1874	6166	6167	5473	767	775	5472	766
					767	5472	5475	766	5472	3795	3792	5472	3791	5475	5472	3792	3791	5472	767	5473	999	6166	1873
					5472	5473	3795	6423	990	4674	6423	4674	5763	5471	765	5474	5471	5474	3788	5471	3788	1844	1844
					259	5470	760	1844	257	3265	1490	1491	760	259	1844	3265	5763	3612	3265	3612	1490	6422	1492
					1491	6422	42	1492	6422	1491	41	3645	6162	1229	1163	4056	1102	5470	1062	5484	6262	1735	911
					1163	1101	4058	5470	259	759	5470	5471	1844	6421	5763	3265	6421	6423	5763	1163	4058	4056	5470
					759	1062	5469	3774	5487	5469	5470	5484	5469	5484	3774	6262	910	1736	6261	1737	1738	6181	997
					1289	6261	1738	910	997	6183	1289	1289	1393	6181	1162	4061	4060	758	5470	5469	6420	1495	3762
					995	6188	996	757	765	5471	1162	488	4061	6309	480	5802	6261	505	1737	1960	999	1873	6420
					150	1495	1960	5737	3635	757	5471	5470	6309	5802	2492	757	5470	758	2492	5802	868	1960	1873
					5737	994	1396	6195	6260	4110	1735	1960	6169	999	5770	1347	5771	5770	5771	5772	1162	4060	1101
					2492	868	293	1960	3635	6169	6260	627	4110	756	758	5469	3641	826	92	2492	293	3818	3261
					4721	5501	5769	1347	973	177	6168	5729	3261	1499	1040	5769	973	145	3261	5501	1499	1736	6260
					1735	5769	1301	5771	3261	43	4721	1735	6262	1736	755	5487	769	5769	5864	1301	3261	1040	43
					755	756	5469	755	5469	5487	5769	145	5864	5769	5771	1347	5766	5770	5772	176	3994	395	6260
					1736	122	6259	638	4513	6419	1040	1499	5766	5772	3255	6419	1331	44	6419	1499	1331	5766	5767
					5765	3260	1093	1181	175	1450	6447	5766	3255	5767	3260	1094	6145	174	1449	1448	5770	5766	1951
					3260	1181	1094	6259	4513	636	3637	1874	6167	6418	1501	42	993	41	1490	993	1490	3612	993
					3612	146	5765	148	147	5765	149	1951	171	21	1457	170	22	3634	4172	4174	4173	5765	147
					149	6418	1093	1501	992	148	1278	1501	1093	3260	3260	3259	1501	3259	3260	6417	3258	3265	1491
					4170	4174	4172	992	1278	150	3259	3258	1492	1492	1501	3259	548	6672	4170	3258	6421	3265	3258
					1491	1492	5451	5911	1331	5451	3803	5911	6416	3259	6417	6416	3258	3259	5451	5502	6831	5451	6831
					6830	167	6169	3635	167	3635	5732	5763	151	3612	5763	5862	151	5451	1331	5502	5449	5451	6830
					5449	5909	3803	5763	4674	5862	5762	6172	5862	5762	5862	4674	5762	1888	88	5762	88	6172	5449
					3803	5451	5447	6139	5909	548	4170	4172	6416	6421	3258	3257	6832	5503	3257	5503	1316	5762	4675
					1888	6671	4170	6672	3256	5767	3257	990	4675	5762	990	991	4675	4169	3011	4174	5447	5909	5449
					990	5762	4674	4169	4170	6671	4169	4174	4170	2867	3600	3601	3256	1495	1278	3256	148	5765	5447
					4652	6139	4168	1452	4169	2867	3599	3600	3256	5765	5767	4675	3034	1886	6670	4169	6671	2866	4108
					4107	2866	2867	3601	6670	4168	4169	3256	3257	1316	3256	1278	148	6670	547	4168	3963	526	525
					2866	3930	4108	3961	4056	482	2865	4514	702	4675	991	3034	989	1514	5768	2865	3599	2867	3256
					1316	1495	6415	6832	3257	6414	3255	5772	989	5864	145	989	152	1513	989	1513	1514	3255	3257
					5767	825	2867	2866	989	5768	5864	3255	6414	6415	3255	6415	3257	1154	5920	1103	825	4111	627
					1154	7036	5920	825	2865	2867	6413	6414	5772	3253	6413	5772	3253	5772	5771	7417	6413	3253	825
					4107	4109	7417	3253	3254	7417	3254	6412	825	2866	4107	2865	825	102	102	4514	2865	825	4109
					4111	6057	7037	1104	6057	1104	4656	1951	6173	1950	1951	6171	6173	150	1278	1495	1951	5766	5765
					1951	149	6171	1950	1347	5770	3930	974	4108	3930	4959	974	3929	466	974	528	115	89	3612
					151	146	1950	6173	998	3929	4775	466	1950	5770	1951	1950	998	973	7067	6050	6037	1950	973
					1347	525	526	6669	6049	6051	6050	6049	6052	6051	6048	6051	6052	6048	6052	6053	6046	6047	6048
					6046	6048	6053	6046	7066	6047	6045	5874	86	6045	1107	5923	752	264	3804	6045	86	1107	752
					3806	263	6409	3034	991	6044	1106	86	752	3804	3806	1246	1514	1513	5423	4724	6140	5423	4652
					5447	5423	6140	4652	5422	5415	5845	1246	3034	6409	6210	1210	5984	6044	1641	1106	1246	1513	3034
					6044	86	5874	5422	265	5912	5422	5912	4724	3244	5768	1514	5422	5845	265	3244	1514	1246	6550
					2865	702	6042	6047	7066	6042	7066	1152	6041	6043	6042	5421	4724	5423	5421	5415	5422	6408	3244
					1246	6408	1246	6409	5421	5422	4724	6041	5874	6043	6041	6044	5874	3601	4172	4173	3600	4172	3601
					3599	2865	6550	6210	6176	1210	5421	5423	753	6040	6043	5874	5421	753	751	6040	5874	6045	6039
					6043	6040	750	3807	266	6209	1897	6176	6209	5869	1897	6209	1130	5869	6038	6039	6040	6037	1153
					7067	750	263	3807	4118	1348	6385	6037	6039	6038	6037	6038	1153	4118	6385	1205	6036	1907	5924
					6035	1907	6036	4117	519	4125	6035	1906	1907	4116	4117	1348	6034	87	6186	4116	4118	524	4116
					1348	4118	4116	519	4117	6034	2610	87	5419	270	271	5419	3809	270	5419	271	4725	5419	4725
					3809	5418	5844	4726	4114	517	4115	5418	268	267	6033	1218	5925	6033	1395	1218	5418	4725	268
					5418	267	5844	5417	4725	5418	1151	5924	6187	5417	5418	4726	5417	5496	4725	5417	6829	5496	1151
					1640	5924	1151	861	1640	5416	5421	751	4113	524	4118	5416	5415	5421	4113	4118	1205	4110	911
					1735	4109	512	4111	5415	5416	4727	5415	4727	3804	6031	1393	6032	981	980	5729	5736	981	5729
					5736	168	169	5736	3628	981	5736	169	3628	4107	4108	511	6030	1108	1394	6030	844	1108	4726
					3807	4727	5414	4726	4727	5414	4727	5416	5414	5417	4726	6030	5927	844	4103	509	4104	508	1336
					4105	6820	3815	1235	4094	1739	504	4094	1281	1739	5733	170	3634	5733	173	170	5732	22	172
					5732	172	167	5732	3634	22	5731	1873	1874	5731	5737	1873	6818	280	6819	6818	6820	1235	6818
					1235	280	748	280	1235	748	1235	279	747	6819	280	811	6751	808	747	272	6819	5731	1874
					3637	979	3637	6167	979	1448	3637	746	124	5786	746	1821	663	746	275	1821	890	891	1269
					979	174	1448	746	5786	275	701	3961	482	701	3963	3961	745	3811	662	6722	6723	4040	701
					526	3963	4083	4084	502	6722	4775	6787	745	278	3811	745	1821	278	4083	502	4087	4083	1344
					4084	4083	4087	1214	4083	1214	6384	4083	6384	1344	745	663	1821	4795	510	4775	4795	6722	4040
					4795	4775	6722	4795	507	510	4795	4040	507	2325	892	889	4080	4094	500	4080	500	4081	4794
					4101	111	4080	4081	1351	4080	1281	4094	4080	6382	1281	4080	1351	6382	4794	6723	4101	4794	4040
					6723	5411	282	283	5729	168	5736	4794	513	4040	4794	111	513	5411	1020	284	5729	980	4964
					5729	4964	177	5729	6168	168	5727	826	3641	5411	3818	1020	5727	5726	826	5726	4681	826	5411
					284	3819	5411	283	3818	5725	1872	6165	5411	3819	282	5725	6165	1070	5725	1070	4681	1936	6181
					1393	1936	1393	6031	1936	6031	1394	1936	1394	6182	1936	6182	6181	1935	1393	1289	5724	3641	92
					1935	6032	1393	1935	1395	6032	1289	6183	1249	5996	1124	5951	5409	285	3819	5409	281	286	1249
					1935	1289	5996	1123	1124	5409	3819	281	1935	1249	1395	5996	1626	1123	5916	884	1681	5409	286
					3822	6203	1906	2601	5994	1126	1125	5409	3822	296	5994	5951	1126	6203	2601	6186	5724	92	6164
					5721	7021	5723	5722	5721	1964	5409	296	285	1140	5994	5995	978	178	5722	1140	5951	5994	978
					5722	967	744	660	661	744	289	660	4073	867	1654	4070	496	4073	6203	6185	1906	5993	5994
					1125	5993	5995	5994	6187	5924	1907	5993	1128	1127	976	6162	3645	744	661	288	5993	1127	3203
					976	1444	179	6187	1907	6185	743	291	294	5993	1125	1128	5992	5869	5956	1651	866	1652	1934
					6048	6047	743	290	291	5992	5956	1272	5992	1272	1387	976	3645	1444	1934	6043	6039	1934	6047
					6042	1934	6042	6043	743	294	289	5720	1229	968	1934	6051	6048	1933	6050	6051	1933	1934	6039
					1933	6039	6037	1933	6037	6050	1933	6051	1934	6202	6188	995	1138	5956	5869	1138	5869	1130	1138
					1129	5956	6201	6202	995	861	1388	1640	1304	1387	1272	1272	860	1304	5990	1131	1075	5990	1075
					5960	5990	4668	1131	6201	610	6189	4061	488	4062	6201	6189	6202	858	1636	1247	4059	4061	4062
					4059	4060	4061	857	1304	860	853	1388	861	5488	6374	769	769	5489	5488	6885	6374	5488	4058
					4060	4553	484	4059	489	5987	1210	1897	5987	1897	5869	484	486	4059	742	295	217	5987	5869
					5992	742	7032	295	1136	5987	5992	5985	5987	1136	851	1384	855	5985	1136	1137	5985	1210	5987
					5985	1137	5986	1210	5985	5984	6816	297	298	5984	5960	6178	5984	6178	6177	5984	6177	6210	5984
					5986	5960	5984	5985	5986	6816	298	3832	483	4058	4553	483	4553	485	481	490	4053	481	4053
					1308	4051	1655	4054	4051	487	1655	6400	70	1559	4051	4053	4062	4051	1308	4053	1610	845	1611
					6400	1559	71	4051	4054	1308	6399	1387	6405	6399	1136	5992	6399	5992	1387	3204	5996	5951	3204
					3293	1626	3204	1626	5996	3204	6425	3293	7411	5951	1140	7411	3204	5951	7411	6425	3204	3203	1139
					71	3203	71	3313	3203	1127	1139	3203	5995	5993	3203	3313	7423	6198	6193	1916	6198	1916	6192
					6197	6146	6194	6197	6192	6146	5383	302	3833	5383	6581	302	5383	1265	6581	5383	3833	301	1923
					1396	6152	1923	6152	5899	1923	6195	1396	1923	5899	1090	1923	1090	6195	1922	6149	6159	1922	6159
					1396	1922	1396	994	1922	994	6196	1922	6196	6149	1468	1559	70	1467	1469	35	466	4775	510
					4040	513	507	1920	3601	4173	3930	2866	3601	1467	877	1670	3601	1920	3930	1920	4173	3455	1131
					4668	831	1920	3456	4959	1129	860	1272	1920	3455	3456	1920	4959	3930	974	511	4108	5956	1129
					1272	6581	1265	6891	3833	302	6580	301	1265	5383	1906	6185	1907	5951	1124	1126	300	1265	301
					300	6524	1265	1218	1395	1249	1249	6184	1218	1123	1626	852	1582	894	896	6183	6184	1249	3832
					298	299	295	3832	299	291	3826	125	290	3826	291	1456	20	862	290	292	3826	1454	3011
					19	6176	1897	1210	1454	119	5811	289	294	660	288	661	123	119	1454	19	972	5811	119
					1453	972	1455	1291	16	1445	287	6309	2492	3822	298	297	3822	297	296	14	16	1291	3818
					287	2492	1886	1888	4675	1445	16	15	3818	283	287	1445	3010	1291	282	3819	285	13	4704
					879	6170	1888	1886	281	3819	284	6170	88	1888	6163	6165	1872	3815	279	1235	276	278	1821
					275	276	1821	3811	278	277	3811	277	791	269	270	3809	268	4725	271	6251	5786	124	6251
					936	5786	3806	4727	3807	3804	4727	3806	263	3806	3807	6251	3826	292	6251	125	3826	6251	292
					936	6250	5416	751	6250	5414	5416	6249	5417	5414	6249	6829	5417	3796	1683	883	6249	5414	6250
					258	3792	3795	6743	4964	980	85	811	810	4964	6743	3994	4964	176	177	3136	6158	6148	947
					948	1848	4964	3994	176	809	520	1002	809	4099	506	3136	6148	6150	7409	6158	3136	7409	3136
					7410	6742	3994	6743	945	1292	4651	1845	114	6235	257	1844	3788	7409	1184	6159	7409	6159	6158
					944	7019	1845	256	3789	3785	7448	7021	5721	7448	5721	5722	255	3784	3791	3474	977	12	3474
					5722	178	3474	178	977	3473	3474	12	4960	3994	6742	4960	4765	397	4960	6742	4765	3473	12
					880	4960	395	3994	4960	397	395	3472	1444	3645	3472	3645	1229	3472	1229	5720	249	4723	5481
					5927	856	844	1108	6182	1394	6452	6453	3472	249	251	4723	6452	3472	5720	87	5925	1218	6451
					784	3010	87	1218	6184	87	2610	5925	4958	717	1919	4958	1919	3929	4958	3929	4959	698	400
					3996	698	5830	401	698	3996	5830	6248	5423	5447	5923	1107	887	6248	753	5423	246	117	3774
					1105	248	5483	6247	5449	6830	179	1444	1445	659	4054	480	179	1445	15	659	1308	4054	659
					481	1308	6247	6248	5447	1104	1105	4656	6247	5447	5449	5920	3776	1103	243	1268	3765	243	3763
					1268	3469	6453	6451	3469	3472	6453	3469	3010	1445	3469	6451	3010	242	3765	1244	3469	1445	1444
					3469	1444	3472	658	482	4056	658	4058	483	7408	7410	3136	3763	269	3809	658	4056	4058	3128
					3136	6150	1102	4056	3961	3128	7408	3136	6398	7408	3128	241	4721	43	1101	4060	4058	241	3762
					4721	3468	5727	3641	5915	1096	5916	3467	3468	3641	6420	3762	241	5912	1095	1097	5912	265	1095
					5911	44	1331	3467	3641	5724	6191	5909	6139	1176	5911	3803	5908	1916	6193	4553	4060	4059	6246
					5489	937	4553	486	485	4553	4059	486	6450	7447	3468	6246	247	5489	1089	1090	5899	6450	3467
					5723	6450	3468	3467	657	487	4051	2010	5487	3774	657	4051	4062	1086	876	1669	6449	5723	7021
					657	4062	488	6449	6450	5723	2010	1005	937	2010	3774	117	4552	490	489	4552	4053	490	2010
					937	5489	2010	117	1005	4552	4062	4053	4552	489	4059	4552	4059	4062	6245	5496	6829	6245	5495
					5496	6245	5497	5495	6448	5720	5728	6448	6452	5720	4947	4764	697	1738	116	122	1738	122	1736
					5890	1084	894	3996	400	4764	6244	5492	5497	6244	774	5492	6244	5497	6245	4947	5830	3996	4947
					3996	4764	4946	405	18	5889	5890	6150	1737	116	1738	4946	4764	405	4946	18	4765	696	697
					4764	696	4764	4946	3117	6398	3128	399	19	3011	398	4764	400	1492	42	1501	1490	41	1491
					696	4946	4765	696	4765	6742	398	405	4764	3117	3128	1390	5890	5889	1183	5888	6149	1082	1736
					910	1738	4959	3929	974	6243	5503	6832	6243	5501	5503	6242	5502	5501	6397	6398	3117	3462	5728
					1872	5888	1082	1083	6242	6831	5502	6242	5501	6243	3116	3117	4668	397	4765	18	3116	5960	5986
					3462	5725	4681	3462	7446	6448	3116	5990	5960	1081	6149	6196	3462	6448	5728	3462	1872	5725	3461
					7446	3462	3461	3462	4681	3461	4681	5726	126	4651	1292	3116	4668	5990	1081	1082	6149	3116	6397
					3117	3460	5731	3637	3460	1448	1449	3460	3637	1448	2355	1686	1685	2355	885	323	2355	1685	1684
					2355	1684	437	2354	1688	327	2354	1684	1687	2354	1687	1689	2354	886	437	1059	1060	3956	5328
					1814	3850	5328	1813	1814	5328	3849	1813	1058	1811	319	1058	935	2029	5841	3840	3842	5841	3842
					3841	5841	3841	5342	5838	3900	1788	5838	3884	3899	5838	1788	4818	5838	3899	5294	5836	3939	5249
					5836	360	362	5835	3944	3942	5835	3946	3944	5834	3952	3953	5834	3953	3957	5834	3951	5249	5834
					3957	3951	5833	1819	3955	5833	1818	1819	5833	3954	5245	5833	3955	5246	5832	365	366	5832	3959
					3958	5832	3958	365	722	3868	3847	722	331	3868	721	3873	331	721	3872	3873	5303	3874	333
					5303	3876	3874	5303	3875	3880	5303	333	872	5303	872	3875	5302	3877	3878	5302	3878	1686	5302
					1686	323	5302	334	329	5301	3876	3877	5301	3879	3876	5301	335	326	5301	3877	329	1053	1790
					2039	720	3883	3882	1053	441	4820	3895	3885	3886	3895	3899	3884	3895	3884	3885	1758	4023	4022
					1758	1757	4023	1758	4022	4819	5826	4025	4819	5826	4024	4025	719	3886	336	5826	4027	4818	719
					3896	3886	5826	4026	4024	719	1057	3896	1052	1760	1761	1052	1761	870	5825	4028	4029	5825	1660
					4817	5825	4029	4816	5298	3908	3891	5825	1661	1660	5298	3891	6584	5298	6582	3908	5297	3907	6585
					5297	3892	3893	5297	6586	3892	5297	3893	3907	6795	3894	3902	6795	3902	3897	5296	3901	3894	5296
					3891	1795	5296	1795	3901	5296	3894	6587	5296	6587	3891	5295	1057	338	5295	3896	1057	5295	338
					3897	5295	3897	3898	5295	3898	3896	5294	3901	1797	5294	3898	3901	5294	3900	5838	5294	3899	3898
					5293	3905	3907	5293	3907	3903	5293	3906	3905	5293	3904	3906	5292	3908	3906	5292	3909	1796	5292
					3906	3909	5291	3910	3904	5291	3904	3903	5291	3911	340	5291	340	342	5290	341	339	5290	3910
					342	5290	1793	3909	5290	3909	3910	716	3935	3934	716	3934	357	716	358	3935	5253	3937	3938
					5253	5836	3936	5253	361	360	5253	3938	361	5253	360	5836	5253	3936	3937	5252	363	3940	5252
					362	363	5252	3939	5836	5252	5836	362	5252	3940	3939	3945	3942	3944	3945	3944	3943	5251	309
					311	5251	3946	309	4908	6626	4006	4908	413	1775	5251	311	3882	4908	1777	6625	4908	1775	1777
					4908	4006	413	4907	4006	6624	4907	6996	406	4907	406	414	5251	3944	3946	4907	414	4006	5251
					3882	3944	5250	3946	5835	5250	3947	3946	5250	3940	3947	5250	5835	3948	5249	3936	5836	5249	3952
					5834	5249	3939	3952	5249	3951	3936	5248	3953	3952	5248	3942	3953	5248	5835	3942	5248	3952	3948
					5247	1059	3956	5247	3955	1819	5247	3956	3955	5247	1820	306	5247	1819	1820	5247	306	1059	5246
					3954	5833	5246	3957	3953	5246	3953	3954	5246	3955	3950	1019	1659	1099	5245	3945	3949	1018	1098
					1663	5245	1818	5833	5245	3954	3945	5245	3839	1816	1060	365	3958	1060	3958	3956	5244	3958	3959
					5244	3951	3957	5244	3959	3951	5244	3957	3950	5242	3934	3937	5242	3959	5832	5242	5832	366	5242
					367	3934	5242	366	367	5242	3937	3959	5791	1749	1752	5791	1752	2099	5791	1756	1750	5791	1750
					1749	5788	1802	2033	5788	1805	1804	5788	1801	1802	5788	1804	1801	5787	1809	1810	5787	1810	1817
					5787	1817	2027	5787	1812	2028	3936	3951	3959	3950	3956	3958	3950	3958	5244	3950	3957	5246	3950
					3955	3956	3948	5835	5248	3946	3947	364	3943	3949	3945	3943	3944	3882	3942	3954	3953	3942	3945
					3954	3948	3940	5250	3939	3940	3948	3939	3948	3952	3938	934	361	3937	3936	3959	3935	3938	3937
					359	3940	363	359	3947	3940	3934	3935	3937	357	3934	367	2101	1749	1750	3892	1776	1774	2101
					1751	449	2101	1750	1751	2101	426	421	2100	1752	1749	4823	4022	4023	2100	1753	1752	2100	423
					448	2100	1749	421	4823	1799	3885	4823	337	1799	1755	1750	1756	1755	1756	1757	1755	1757	1758
					4823	445	337	2099	1756	5791	4823	4023	445	4823	3885	4022	2099	1752	1754	2099	1761	1760	2099
					1760	1756	4822	1759	447	4822	4023	1757	4822	447	446	4822	1757	1759	4822	446	4023	4821	4025
					4024	4821	443	449	4821	1751	4025	4821	4024	444	4820	1790	1053	4820	441	444	4820	4026	1790
					4820	4024	4026	4819	4027	5826	4819	4025	1758	4819	4022	4027	4818	4026	5826	4818	3884	5838	4818
					4027	3884	4818	1788	4026	665	1760	1052	665	447	1759	665	1759	1760	4817	4028	5825	4817	870
					1761	4817	1761	4028	4817	869	870	4817	1660	869	4816	1661	5825	439	327	1688	4816	1688	1661
					4816	4029	440	4815	4029	4028	4815	1753	448	4815	4028	1753	4815	434	440	356	3911	2049	342
					341	5290	340	3911	356	342	3910	5291	3909	1793	1796	1796	1794	5292	3906	3908	3912	3905	3912
					6591	3905	6597	3907	3905	3906	3912	3904	3910	3909	1658	1099	1659	1658	1659	1687	3904	3909	3906
					3903	3911	5291	3903	3904	5293	339	932	2038	2455	1019	871	2455	1661	1689	339	1793	5290	2455
					1660	1661	1794	3908	5292	2455	1659	1019	2455	871	1660	3901	1795	1797	3900	1797	1787	1797	3900
					5294	3898	3902	3901	3897	3902	3898	3895	3896	3898	3895	3898	3899	6590	3897	338	3894	3901	3902
					3893	3892	1774	3893	3911	3903	3893	3903	3907	6582	3912	3908	3891	1794	1795	7286	921	406	3891
					3908	1794	337	336	1799	3886	1799	336	3886	3896	3895	3885	1799	3886	3885	4027	4022	3884	4027
					3885	3883	3943	3882	1690	3878	2444	3878	1690	1686	3877	3880	3878	3876	3880	3877	3875	3878	3880
					3880	3876	5303	3875	872	873	1689	1688	2354	1685	1686	1690	332	333	3874	3872	1805	3873	3872
					332	3874	3872	721	332	3869	1804	2034	2445	1658	3865	2445	1663	1098	3869	3879	2035	1663	1685
					1690	2445	1685	1663	2445	1100	1658	3869	3876	3879	2445	1098	1100	3869	3874	3876	3868	3873	1805
					1661	1688	1689	1659	1689	1687	1689	1659	2455	2444	3878	3875	2444	873	1018	331	3873	3868	3866
					1802	1803	2444	1663	1690	2444	1018	1663	3866	3853	2033	330	1801	2035	869	1660	871	2444	3875
					873	330	539	2036	329	335	5301	329	3877	5302	3865	1684	1685	3865	1658	1687	3865	1687	1684
					3865	1685	2445	327	886	2354	1688	4816	439	326	536	2035	326	3879	5301	323	1686	2355	323
					334	5302	322	1803	539	322	317	5341	3853	3868	2033	313	315	1800	1800	3851	5327	3851	3850
					3852	3848	3851	1800	3847	314	722	3847	3868	3853	3846	3847	3853	3845	3849	3848	2050	1774	1776
					2050	1775	923	2050	923	429	2050	1776	1775	2049	3911	3893	2049	924	356	3845	3848	3846	312
					3883	720	2049	1774	924	2049	3893	1774	7277	1776	3892	312	875	3852	312	3852	3883	311	720
					3882	310	3947	359	310	364	3947	309	3946	364	318	3842	5341	318	319	5340	1815	3841	5340
					1815	1813	5342	3866	3840	5343	3840	3866	1803	3845	5841	5342	3845	3846	5343	308	1810	935	3949
					3839	5245	1816	1818	5245	3949	3943	5344	5344	3839	3949	5344	3852	3850	1820	1817	2026	307	306
					1820	308	828	2026	2040	1787	1798	2040	1788	3900	2040	3900	1787	2040	1786	1791	2039	1786	1789
					2039	1789	931	2039	930	1053	2039	1790	1786	2038	1789	1792	2038	1793	339	2038	932	931	2038
					1792	1793	2037	1792	1787	2037	1787	1797	2037	1795	1794	2037	1794	1796	2036	1802	1801	2036	1803
					1802	2036	539	1803	2036	1801	330	2035	1801	1804	2035	3879	326	2035	1804	3869	2035	536	330
					2034	3872	3874	2034	1804	1805	2034	1805	3872	2034	3874	3869	2033	1805	5788	2033	3868	1805	2033
					1802	3866	4028	1761	1754	4028	1754	1753	4026	1788	1791	2029	1810	1809	4026	1791	1790	4025	1751
					1755	4025	1755	1758	445	4023	446	2029	1811	1058	2029	935	1810	2029	1809	1811	2028	1809	5787
					5344	3883	3852	2028	1812	1814	449	1751	4821	2028	1814	1813	2028	1813	1815	2027	1812	5787	5344
					3943	3883	2027	1819	1818	2027	1818	1812	2027	1817	1819	2026	1817	1810	3839	3850	1814	3839	1814
					1816	2026	1810	308	444	443	4821	3839	5344	3850	2026	828	307	2026	307	1820	444	4024	4820
					440	439	4816	5343	3840	5841	5343	3846	3853	437	885	2355	5343	3853	3866	5343	5841	3845	5342
					1813	3849	5342	3849	3845	5342	3841	1815	5341	1803	322	5341	3842	3840	5341	3840	1803	437	1684
					2354	5341	317	318	5340	3841	3842	5340	319	1811	5340	3842	318	5340	1811	1815	448	434	4815
					440	4029	4815	736	3938	3935	736	3935	358	736	934	3938	429	1774	2050	429	924	1774	449
					426	2101	448	1753	2100	421	423	2100	421	1749	2101	5329	3848	1800	5329	1800	315	5329	3847
					3846	5329	315	314	5329	314	3847	5329	3846	3848	1817	1820	1819	1812	1816	1814	5328	3851	3848
					1812	1818	1816	1809	1815	1811	1815	1809	2028	5328	3850	3851	1792	1796	1793	5328	3848	3849	5327
					313	1800	1796	1792	2037	1789	1798	1792	931	930	2039	5327	875	313	5327	3852	875	931	1789
					2038	1787	1792	1798	5327	3851	3852	1797	1795	2037	1798	1786	2040	1786	1798	1789	1791	1788	2040
					1786	1790	1791	412	4006	414	412	413	4006	411	1775	413	411	923	1775	1100	1099	1658	1776
					7001	1777	1775	1776	1777	920	921	6995	1756	1759	1757	1756	1760	1759	1754	1761	2099	1752	1753
					1754	1750	1755	1751	1058	319	3857	5840	3864	325	5840	325	933	5839	933	324	5839	5840	933
					5839	3860	5840	5829	410	409	5829	409	408	5828	425	424	5828	424	422	1053	930	3914	1053
					3914	441	5288	3915	3916	5288	3914	930	5288	930	3915	5288	3916	345	5288	3913	3914	5288	345
					3913	5286	347	3916	5286	3916	3915	5286	932	3917	5286	3917	3918	5286	3918	347	5286	3915	932
					4921	5829	408	4921	4003	5829	4921	4002	413	4921	413	4003	4921	4005	4002	4921	408	4005	4920
					414	3693	4920	5829	4003	4920	410	5829	4920	3693	3695	4920	3695	410	4920	4003	414	6741	3692
					3694	4905	4007	4015	4905	4014	924	4905	924	4007	4905	4016	4014	4905	432	4016	4905	4015	432
					4904	415	4015	4904	4015	4007	4904	4007	923	4904	923	4002	4904	4005	415	4904	4002	4005	5801
					1016	1017	205	410	3695	3694	921	920	3694	920	6893	204	205	3695	3693	414	406	3693	406
					921	3692	4004	3694	203	4004	3692	203	3692	6888	203	204	4004	4839	4011	5828	4839	4010	423
					4839	423	4011	4839	422	4008	4839	4008	4010	4839	5828	422	4837	426	4012	4837	425	5828	4837
					5828	4011	4837	4011	426	4837	4012	4009	4837	4009	425	4834	1764	428	4834	4013	1764	4834	3918
					3917	4834	428	3918	4834	3917	341	4834	341	4013	4833	430	1764	4833	1764	4013	4833	340	4014
					4833	4013	340	4833	4016	430	4833	4014	4016	4830	434	4010	4830	1763	4017	4830	417	1763	4830
					4017	434	4830	4010	4008	4830	4008	417	4828	436	4020	4828	4020	4019	4828	1763	435	4828	435
					436	4828	4019	439	534	538	4147	4828	4017	1763	4828	439	4017	4143	4147	4146	4827	441	3914
					4827	1762	4021	4143	108	534	4827	442	1762	4827	3913	442	4827	3914	3913	4143	534	4147	4827
					4021	441	4142	4147	538	4142	4148	4147	4142	538	537	4825	4012	443	4825	1762	419	4825	4021
					1762	356	924	4014	4825	443	4021	4825	419	4009	4825	4009	4012	346	3918	428	346	347	3918
					3915	930	931	3915	931	932	344	3916	347	344	345	3916	3913	345	343	3913	343	442	341
					342	4013	340	356	4014	340	4013	342	4404	536	4145	4404	535	108	4404	4145	4141	4404	4141
					535	4404	4146	536	4404	4143	4146	4404	108	4143	4402	4148	322	4402	4147	4148	4402	539	4146
					339	341	3917	339	3917	932	4402	4146	4147	330	536	4146	330	4146	539	328	1324	874	327
					439	4019	327	4019	886	326	335	4145	326	4145	536	3864	1324	328	3863	1324	3864	325	3864
					328	2440	5801	1017	2440	1017	874	2440	3863	885	3860	335	329	3860	329	334	2440	1324	3863
					2440	874	1324	2440	885	1664	2440	1664	5801	2439	438	1016	324	535	4141	323	3863	334	323
					885	3863	322	539	4402	2439	4020	438	3857	3859	321	3857	3858	3859	2439	4019	4020	2439	886
					4019	3856	1806	3858	2439	1016	5801	318	3856	5324	2439	1664	886	2439	5801	1664	322	4148	5325
					317	3856	318	316	3858	1806	3855	1806	3856	3855	4148	4142	3855	4142	537	305	308	935	828
					308	305	304	321	3859	304	3859	320	739	827	304	739	304	320	4021	443	444	441	4021
					444	738	305	935	738	3857	321	738	935	1058	738	1058	3857	437	1664	885	437	886	1664
					436	438	4020	4017	439	440	434	4017	440	431	4016	432	4015	433	432	430	4016	431	427
					428	1764	427	1764	430	4012	449	443	4012	426	449	4010	448	423	4010	434	448	421	426
					4011	421	4011	423	420	1762	442	419	1762	420	4009	418	425	4009	419	418	417	435	1763
					4008	416	417	4008	422	416	415	433	4015	4007	924	429	4007	429	923	731	316	1806	731
					1806	3855	731	3855	537	5325	317	322	5325	3855	3856	5325	3856	317	5325	4148	3855	5324	3856
					3858	4003	412	414	5324	3858	3857	5324	3857	319	4003	413	412	5324	319	318	4002	923	411
					4002	411	413	730	3858	316	407	4005	408	730	3859	3858	730	320	3859	5323	5839	324	5323
					3860	5839	5323	4145	335	5323	335	3860	407	415	4005	5323	4141	4145	5323	324	4141	5616	4004
					204	5616	3694	4004	5616	3693	921	5616	204	3695	5616	3695	3693	5321	3863	3864	5321	5840	3860
					5321	3864	5840	5321	334	3863	5321	3860	334	5616	921	3694	1717	900	1718	6969	1708	2263	1781
					4039	4770	4802	1781	4770	4802	4769	1781	4770	1780	4771	4801	4802	4770	4801	4770	4771	4801	2105
					2104	1767	1766	696	1767	6999	1766	6012	4658	6011	2826	6002	4659	2084	697	1766	2084	1768	697
					2084	1766	922	3221	3230	3037	6012	7043	4658	3221	3037	3231	3221	1535	1523	2826	4659	832	4089
					6526	2982	3221	3041	1535	3221	3231	3036	2083	1769	1007	2083	980	1769	6012	1369	7043	2826	1359
					6002	2825	1360	2804	3221	1523	3230	3221	3036	3041	2083	3992	980	2825	6909	1360	2825	1359	6909
					2824	1359	2825	2824	4666	1359	2824	2825	1361	2824	7046	4666	2824	1361	7046	6011	6963	4659	6011
					4658	6963	6011	4667	6012	6010	1370	1368	6010	1315	5932	6010	1369	4660	7184	387	1769	7184	1769
					981	6010	4660	1315	6010	5932	1370	6009	6012	4667	1220	6009	1225	6009	1369	6012	6009	4660	1369
					1225	1116	1220	6009	4667	1225	6009	1220	4660	6723	5262	1782	6723	3925	5262	6722	3924	5268	7415
					1536	1537	6722	5268	3925	3220	3036	6937	3220	6937	3042	3220	3042	3043	3220	1536	3041	3220	3041
					3036	3220	3043	1536	6002	1359	4666	6002	4665	4659	1238	6002	1263	2635	3043	3042	2635	1383	4673
					1263	7044	1238	6002	1238	4665	2635	5971	3043	6002	4666	1263	6001	4667	6011	1327	1117	1211	6001
					4659	4665	6001	4665	1327	1211	6001	1327	2635	4673	5971	6001	1211	4667	6001	6011	4659	4803	6992
					2105	4803	2105	4801	4803	4793	4791	4793	4801	4771	4776	4771	7185	4776	4793	4771	4776	7185	3928
					4792	1326	4740	3216	3046	3054	7186	7112	6531	3216	3033	1510	3216	1510	3046	3216	3030	3033	3216
					46	3030	4792	6593	1326	4792	3928	6594	2816	1366	5509	3216	3054	46	2816	5509	1367	4792	4776
					3928	4791	4776	4792	6650	4096	4516	4791	5269	1994	4803	4791	4811	4811	6627	4803	2816	1591	1366
					2816	1365	1591	2816	1367	2813	2815	1367	7033	2814	6010	1368	4791	4792	4740	4791	4740	5269	7414
					1507	5809	4811	4791	1994	4791	4793	4776	2814	1368	6913	2814	1369	6010	2813	2815	1368	4790	6667
					1274	4790	4122	6668	4790	4787	4122	4790	1274	4769	2813	1365	2816	2813	1367	2815	4789	4787	4790
					4789	4802	2104	2813	1592	1365	2813	1370	1592	2813	1368	1370	4804	6629	4807	7363	6920	1597	4804
					4789	2104	4789	4790	4769	4789	4769	4802	4788	4807	459	7413	1511	1508	4788	4787	4789	4788	4789
					4804	4807	4788	4804	4787	4788	2988	2807	836	1699	2807	1597	1028	3545	1723	1725	3545	1725	7108
					3544	7108	1406	6944	4686	1259	2806	1373	837	2806	837	1380	4787	2988	4122	493	4068	4540	3544
					3545	7108	3544	3659	5701	3544	1406	3659	3544	5701	3002	3544	3017	3545	3543	1408	1723	3543	3545
					3016	3543	1723	3545	2806	1375	2802	3542	1408	3543	3214	1543	3049	3214	3049	3053	3214	3046	1543
					2804	1374	1376	1360	6959	1374	6640	4068	493	491	492	6642	3542	1403	1404	1374	2804	1360	2804
					1361	2825	2803	2804	1376	3214	3054	3046	3542	1404	1408	2803	1361	2804	6639	6641	118	6639	118
					491	3542	3543	3018	6403	1551	5803	2327	865	864	6883	184	3648	6883	3648	1439	2803	1376	839
					2802	838	1373	6403	7047	1553	864	863	2574	1643	863	6942	6939	1644	6940	2802	1373	2806	2802
					1374	838	4784	478	476	2802	1376	1374	2801	1376	2802	4784	476	4047	2801	2802	1375	4783	4047
					1050	6460	133	1404	2801	1375	6925	4783	477	471	7412	1543	1539	2801	6921	839	6374	1699	769
					6374	1597	2807	6374	2807	1699	6885	1597	6374	824	6219	3651	824	3649	184	1136	1713	1137	824
					3651	3649	5713	3648	3649	5713	3649	3651	5712	4688	5713	5712	5713	3651	5712	3651	1864	5712	1864
					1866	4687	4686	3653	5711	5712	4687	5711	4688	5712	1254	5711	1222	1222	185	1254	5711	1254	4688
					5711	4687	1222	3535	3002	5701	5712	5710	4687	1620	849	848	3535	5701	3001	3212	3050	3051	3212
					3053	3049	3212	1551	3050	3212	3049	1551	847	1383	6936	6933	1383	847	3211	3052	68	3211	68
					3051	5710	3657	3654	6932	1616	2638	3211	4671	3052	3211	3051	3050	3211	3050	1552	3211	1552	4671
					3214	3053	1034	3535	137	6528	3214	6499	3054	3535	6528	3002	3209	3212	3051	3209	69	3053	3209
					3051	67	3209	3053	3212	5710	4686	4687	5710	5712	1866	5710	1866	3657	3535	3001	137	3534	1416
					1417	6882	3654	188	3534	1414	1416	5709	5710	3654	5709	4686	5710	3654	6553	5001	7456	1416	1414
					3533	3534	1417	3533	1403	3542	3533	1417	1403	3533	3003	3534	6399	1714	1136	6399	3233	1714	3533
					3542	3019	6399	6405	1522	6399	1522	3233	5002	6598	700	5002	700	6599	7455	6460	1403	7455	1403
					1417	7050	1552	1553	823	1406	6555	3532	3004	3534	3532	3534	3003	1284	6542	1262	1262	3532	1284
					3532	3003	1284	5980	4671	5967	823	6879	3659	823	3659	1406	3532	1262	3004	5980	3052	4671	5980
					5967	4672	5979	4673	1383	5979	5968	4673	5979	4672	5968	5001	6598	5002	5001	6553	6745	7049	5971
					5976	7049	1133	1537	5001	5709	3654	5701	3658	3665	5701	3659	3658	5001	1389	5709	3529	3533	3019
					5001	5002	3012	5000	4755	5002	5000	5002	6599	3529	3003	3533	3529	1357	3003	3529	6543	1357	3529
					1346	6543	3529	3019	1346	822	3665	6556	6744	375	5000	822	189	3666	45	47	3243	839	6956
					2803	822	3666	3665	839	1376	2801	838	1374	6957	6481	45	1481	6480	3026	6482	3526	4689	5693
					3526	5693	3005	836	6960	1699	3526	1297	6462	6479	1480	898	3526	3005	1297	3525	3008	1422	3525
					1422	3006	6478	1230	878	3524	3006	1328	1537	1133	7415	1328	1	1339	1339	3524	1328	3524	1339
					3005	835	6927	1380	5971	4673	5976	1300	3064	1230	835	1380	837	1537	5971	7049	2046	1783	632
					1230	6478	1300	2046	632	1782	2046	1782	7003	1477	899	1478	5971	1537	3043	4128	1783	926	4994
					5000	375	4128	619	1783	4994	699	213	37	1475	1479	3521	3681	1427	4994	375	699	3521	1427
					1426	471	4048	4783	3525	3521	3481	471	472	4048	2044	1784	1006	2044	6787	1784	2044	3924	6787
					1474	6896	1575	3521	3525	3006	5968	5976	4673	5968	5969	6174	4994	4754	5000	4993	6560	7246	2044
					928	3924	4993	7246	4752	6459	1427	199	6459	6465	1426	36	1473	1475	5694	3666	3670	6632	1781
					4769	4993	4753	4994	4993	4994	213	4993	213	6853	5968	4672	5969	5694	3001	5701	5694	5701	3665
					5694	3665	3666	4690	3001	5694	4690	1046	3001	5693	3679	3680	5694	5692	5695	6459	1426	1427	3520
					3524	3005	5976	5968	6214	5695	4690	5694	3520	3005	5693	3520	5693	3680	1592	6918	1365	1591	1365
					6917	5692	3679	5693	3520	3680	3682	3520	3682	3681	5969	5967	6211	1591	6915	1296	1296	1366	1591
					5692	5694	3670	5692	5693	4689	3520	3681	3521	3520	3521	3006	3520	3006	3524	5967	5969	4672	6913
					1368	2815	1784	717	3920	5692	4689	5695	5692	3683	3679	5692	3670	3683	1553	1551	6403	469	6632
					4769	821	198	3683	821	3670	189	821	3683	3670	1784	3920	929	469	1274	6667	469	4769	1274
					6252	349	3922	6252	3922	351	6914	1369	2814	467	468	4740	4990	4753	4993	6913	6912	2814	467
					4740	1326	4990	4993	4752	4990	4752	1248	4990	1248	384	4990	384	3980	4990	3980	4753	4989	7246
					4693	4989	4752	7246	1275	4989	1282	1346	3019	1287	6911	1359	2826	1287	6477	1346	1282	6600	1275
					4989	1275	4752	4989	4693	1282	4754	4755	5000	4754	3983	4755	4988	4994	4753	4988	6602	5831	4039
					925	1780	4988	4754	4994	31	6477	1287	4988	5831	4754	4988	4753	3980	4988	3980	6602	4039	7005
					925	4039	1781	7005	4039	1780	4770	6909	1359	6911	832	6910	2826	6973	7110	2212	29	7110	6973
					832	4659	6963	6475	31	1226	1226	3018	1215	1215	6475	1226	6878	3679	198	6878	3680	3679	1327
					4665	1238	1238	1122	1327	28	6979	1721	820	199	3681	820	3682	6557	6908	3115	2256	1221	6907
					1355	1355	3062	1221	1211	1118	1225	1459	23	6474	1225	4667	1211	1117	1327	1122	820	3681	3682
					1459	6474	1645	1117	1118	1211	4980	6608	4951	4980	6606	6607	4979	6606	4980	4979	4980	5265	4979
					5265	4760	4978	4979	4761	6905	1578	3124	4978	7283	4979	4977	797	6559	4977	4759	5614	1578	6905
					6904	4977	6559	4978	4977	5614	6558	7045	1263	4666	4977	6558	797	4977	4978	4763	7211	383	386
					7211	3988	383	6903	6970	1709	4976	4758	7247	7044	1122	1238	4976	5614	4759	4976	3989	4758	4976
					4759	3989	6900	1255	6906	1441	901	11	901	1441	3476	1310	4688	1254	1254	9	1310	8	1310
					9	6899	6968	1213	7	865	7113	7	1642	6955	6469	1439	1438	3991	3992	394	1429	1428	2
					6454	7450	7115	830	1227	6901	5	903	1279	4	5	1319	817	959	3691	817	3689	202	1431
					6466	1430	1239	829	1276	1279	3007	1319	1276	3063	1239	1116	1225	1118	7043	6961	4658	1319	5
					1279	6898	829	1239	3483	3	1319	1864	960	1866	3483	3009	6467	3483	6467	3	3483	1319	3007
					3	4	1319	6468	1431	2205	261	3801	5466	3801	261	833	3800	834	6964	260	3799	5467	7449
					1438	1437	6505	1710	6966	260	834	3799	3481	3008	3525	1430	6466	6470	6465	1437	1426	3481	1279
					3008	3481	3007	1279	3481	3521	1426	3481	1426	1437	3481	1437	1438	3480	3009	3483	6504	1276	829
					1339	6463	1297	1297	3005	1339	3480	1438	1439	3480	3481	1438	3480	5713	3009	3480	3648	5713	3480
					1439	3648	3480	3483	3007	5932	1115	1111	5932	1315	1115	5931	1112	7042	3480	3007	3481	6743	980
					3992	2	6464	1429	1	6463	1339	6743	3992	3991	5931	5932	1111	5931	1111	1112	5931	7042	1592
					3478	3009	5713	3478	5713	4688	5931	1592	1370	3478	4688	1310	1422	3008	902	1422	96	1328	1422
					902	96	5931	1370	5932	4963	3991	396	3478	8	6529	3478	1310	8	6472	2	1428	7409	1579
					1184	3478	6529	3009	6742	4963	1767	6742	3991	4963	1221	3135	1276	3476	10	901	3476	1463	10
					3475	11	6461	3475	3465	7021	3475	7021	1441	6461	3465	3475	3135	1221	3062	1276	6504	1221	1110
					6924	4657	5929	1110	4657	5929	6520	1110	3475	1441	11	938	939	1829	3135	3063	1276	7448	3476
					1441	7448	1463	3476	7008	4720	7010	3134	3063	3135	3134	1479	1475	3134	1475	1473	3134	3135	3062
					253	3781	254	252	3780	5477	3133	3134	1473	3133	3063	3134	3133	1473	1474	1552	3050	1553	3132
					3063	3133	67	3051	68	139	1461	2363	139	0	1461	3132	3133	3064	1768	7031	3921	6541	878
					1334	3132	3064	1300	67	69	3209	1551	1553	3050	3132	1300	6898	3132	6898	1239	3132	1239	3063
					1334	3004	1262	1262	6541	1334	3131	3066	5745	1539	1543	3046	3131	1240	3066	3131	5745	3065	4957
					4761	4979	3131	830	1240	3131	1227	830	3131	3065	1227	4957	3998	402	4957	4979	4760	4957	4760
					3998	4957	1765	4761	3130	1255	6900	3130	6900	1227	1536	3043	1537	3130	1227	3065	3130	3067	1255
					138	1462	0	138	28	3409	4957	402	1765	4762	4956	4760	1416	6540	1417	925	7004	1780	3129
					3130	3065	4956	3998	4760	4956	4000	403	1414	1575	6506	4760	5265	4762	4956	6613	3998	4956	403
					6613	3129	3065	5745	3129	5745	3618	1477	3129	3618	4956	4762	4000	3129	1477	1478	3129	3067	3130
					3618	983	1477	136	1463	3405	136	10	1463	6398	1708	7408	1523	1535	7416	1208	58	1329	7447
					1428	1429	1329	3037	1208	4954	4739	4738	7003	1782	927	57	58	1208	56	1329	58	53	55
					1520	3127	6903	1709	1356	3035	1234	1234	6495	1356	1994	4954	4953	52	1356	6495	240	3780	252
					4953	4954	4952	4953	6616	1994	4953	404	6617	7006	1826	5507	53	1520	3236	4953	4952	4951	4952
					5264	4762	3124	7410	1710	3124	1578	7410	3124	1710	6505	1578	1579	7409	4952	4954	4738	4952	4738
					5264	1578	6904	1579	922	1766	6999	4952	4762	5265	4952	5265	4980	922	6998	2084	3466	1447	6980
					6622	1767	4963	4951	404	4953	3466	6472	1428	6972	1713	2254	1404	133	1408	4951	4952	4980	6577
					1829	939	1352	4763	1318	50	51	1714	1403	6460	1404	4951	6618	404	3465	6473	1447	239	7207
					882	1318	6621	1352	50	1714	54	3760	100	224	6620	1352	6621	1539	49	7412	6450	1447	3466
					1539	1510	6410	3121	1717	1718	3759	942	7107	3759	7107	7204	1510	1539	3046	1318	4761	1765	4761
					4763	4978	1765	6619	1318	4761	1318	4763	6450	1428	7447	6450	3466	1428	3121	3067	3129	4950	4759
					4977	6449	1447	6450	6574	7207	239	3121	3129	1478	4950	4763	1352	1508	1511	3031	1508	6497	7413
					1508	1507	7414	1507	1508	3031	4950	4977	4763	4950	1352	6620	3120	3121	3068	3120	1255	3067	3120
					3067	3121	3120	6968	1255	4950	6620	3993	4950	3993	4759	6573	6950	1678	6615	1768	2084	6449	7021
					3465	6449	3465	1447	3120	1213	6968	3120	3068	1213	3119	3068	3121	403	4000	107	4693	4758	3696
					238	6576	4716	238	4717	6575	237	4715	6488	3119	3121	1718	40	236	3264	3119	3134	3062	7247
					206	5614	3119	1479	3134	402	3998	6614	402	6997	1765	235	40	1494	6572	4715	237	3118	3068
					3119	3118	1355	6965	7247	5614	4976	7247	4758	4693	46	6492	3030	3118	3119	3062	3118	6965	1213
					3118	3062	1355	696	6742	1767	696	1766	697	46	3054	6500	3118	1213	3068	6854	5614	206	39
					1488	236	1293	2989	1734	6568	1666	2372	6397	1709	6398	1734	6984	1293	6946	6568	2372	6397	3127
					1709	6984	1734	909	38	1489	39	1730	6986	6983	6485	3028	6486	396	6622	4963	234	4713	6571
					1825	775	1826	1825	1826	7007	2739	1380	6022	234	6566	4712	394	396	3991	2739	6923	1375	2739
					1375	2806	3753	4711	3754	2739	4657	6923	3753	3754	233	6484	6487	3027	2004	1829	776	2004	1825
					1004	2739	2806	1380	3749	4709	3752	1485	958	1506	2004	776	1825	908	1293	6985	1485	1506	3245
					2004	938	1829	1484	958	1485	1485	3025	3269	1723	904	1725	903	3008	1279	6483	1515	3243	902
					3008	903	2317	2675	2676	2317	2676	2688	2316	2686	2687	2316	2317	2688	2316	2687	2678	2316	2688
					2686	2315	2675	2317	2315	2677	2675	2315	2317	2316	2315	2680	2677	2315	2681	2680	2314	2678	2679
					2314	2315	2316	2314	2316	2678	2314	2679	2681	2314	2681	2315	2313	2711	2697	2313	2699	2707	2313
					2707	2705	2313	2705	2711	2313	2697	2696	2313	2696	2699	2716	7061	3275	2716	3337	7434	2714	5440
					5441	2714	5439	5440	2714	2715	5439	7343	2714	5441	7342	2881	2715	2713	5442	2899	2713	7062	5442
					2713	2899	2901	7338	2713	2901	2711	7336	2712	2709	2710	7337	2708	2709	2941	2708	2941	2942	2705
					2706	2711	2704	2705	2707	2703	2704	2707	2703	3502	3500	2703	3508	3502	2701	2703	2707	2701	3508
					2703	3507	2701	2702	3507	3508	2701	2700	3485	5708	2700	5708	2702	2699	2702	2701	2699	2701	2707
					2699	2700	2702	2698	2709	2708	2297	3578	2877	2698	2710	2709	2297	2877	2878	2697	2711	2712	2297
					2878	2885	2697	2712	2710	2297	2885	2884	2697	2710	2698	2296	2884	2876	2696	2697	2698	2296	2297
					2884	2696	2700	2699	2296	2875	3576	2695	2696	2698	2296	2873	2875	2695	3499	3485	2296	2876	2873
					2695	2698	2708	2695	3485	2700	2695	2700	2696	3578	2297	2296	2694	2706	2705	3578	3576	3577	2694
					2705	2704	3578	2296	3576	2295	2881	2880	7334	2706	2694	2295	2880	2879	2693	2923	2921	2295	2879
					2890	2693	2922	2923	2295	2890	2889	7333	2693	2921	2294	5438	5439	2294	2715	2881	2294	2295	2889
					2294	5439	2715	2294	2881	2295	2692	7330	2694	2293	5438	2294	2692	2694	2704	2293	5452	5438	2691
					2704	2703	2293	5459	5452	2691	2703	3500	2293	2294	2889	2691	3500	3501	2293	5461	5459	2691	2692
					2704	2293	2889	5461	2690	3501	2931	2292	2902	2900	2690	2931	2922	2292	2909	2902	2690	2692	2691
					2292	2906	2909	2690	2691	3501	2291	2905	2906	2689	2693	7331	2291	2894	2905	2689	2692	2690	2291
					2906	2292	2689	2690	2922	2290	2895	2892	2689	2922	2693	2290	2892	2894	2689	7330	2692	2290	2894
					2291	2289	2290	2291	2289	2900	2898	2289	2291	2292	7329	2941	2709	2289	2292	2900	2289	2898	2895
					2289	2895	2290	2686	7328	2687	2288	2917	2918	2288	2918	2919	2685	7327	2686	2288	2919	2915	2685
					2686	2688	2287	2854	2914	2684	2685	2688	2287	2915	2854	2287	2288	2915	2683	2685	2684	2286	2287
					2914	2286	2914	2913	7325	2685	2683	2286	2913	2916	2682	7325	2683	2285	2911	2917	2682	2972	7326
					2285	2917	2288	2285	2288	2287	2681	3321	3322	2285	2287	2286	2680	3322	2950	2285	2916	2911	2680
					2950	2951	2285	2286	2916	2680	2681	3322	2284	2939	2938	2679	3320	3321	2284	2938	2927	2679	3321
					2681	2284	2936	2939	2678	2687	7065	2284	2927	2925	2677	2951	2957	2283	2924	2929	2677	2680	2951
					2283	2929	2936	2676	2684	2688	2283	2936	2284	2676	3078	2684	2283	2928	2924	2676	2969	3078	2283
					2284	2925	2675	2677	2957	2283	2925	2928	2675	2969	2676	2675	2957	2958	2946	3499	2695	2675	2958
					2969	2946	2708	2942	2674	7323	3319	2946	2695	2708	2674	3319	3320	2674	3320	2679	2282	2966	2964
					2673	2679	2678	2673	2674	2679	2282	6380	6381	7322	2673	2678	2282	2964	6380	2282	3076	2966	2281
					3081	3076	2281	2967	3081	2281	2282	6381	2281	6381	6379	2281	6379	6378	2281	3076	2282	2280	3070
					3071	2279	2971	2977	2279	2978	2971	2279	2280	3071	2279	3071	2978	2278	3072	2974	2278	2280	2279
					2278	2279	2977	2278	2977	3072	2277	2976	3069	2277	2280	2278	2277	2278	2974	2277	2974	2976	2277
					3069	3070	2277	3070	2280	2276	3077	3073	2276	3073	3074	2275	2972	2682	2275	3074	2972	2275	2682
					2683	2275	2276	3074	2274	3078	3075	2274	3075	3077	2274	3077	2276	2273	2274	2276	2273	2683	2684
					2273	2276	2275	2273	2275	2683	2273	2684	3078	2273	3078	2274	2236	3337	2716	2236	3331	3337	2235
					5759	5760	2235	3331	2236	2235	3330	3331	2235	5760	3330	2234	3275	3274	2234	3274	3276	2234	2236
					2716	2234	2716	3275	2233	3281	5759	2233	5759	2235	2233	2235	2236	2233	2236	2234	2233	3276	3281
					2233	2234	3276	2228	3354	3348	2228	3355	3354	2227	3317	3367	2227	3367	3355	2227	3355	2228	2226
					3321	3320	2226	3320	3319	2226	3319	3317	2226	3317	2227	2225	3321	2226	2225	3322	3321	2225	2226
					2227	2225	3346	3322	2225	2227	2228	2225	2228	3348	2225	3348	3346	2224	3376	3368	2224	3325	3376
					2224	3368	3334	2224	3329	3325	2223	3334	3336	2223	3338	3332	2223	3329	2224	2223	3336	3338	2223
					2224	3334	2223	3332	3329	6280	3347	3349	6280	3349	6437	6279	3350	3347	6279	3347	6280	6279	6435
					3350	2220	3377	3365	2220	3369	3377	2219	3361	3360	2219	3362	3361	2219	2220	3365	2219	3365	3362
					2218	2219	3360	2218	2220	2219	2218	3358	3363	2218	3360	3358	2217	3324	3364	2217	3364	3369	2217
					3369	2220	2217	2220	2218	2217	3363	3324	2217	2218	3363	5606	5608	5607	5584	5586	796	5584	5585
					5586	5583	5585	5584	5582	5583	5584	795	796	5586	6523	5639	5635	6523	5635	806	1204	4549	7291
					1204	7292	4544	1204	4544	4549	7103	2486	2481	7102	2489	4629	5572	790	6836	2198	3569	3570	7101
					2674	2673	2198	3579	3569	7100	2710	2712	2198	3580	3579	2197	3567	3574	2197	3574	3580	2197	3580
					2198	2196	2197	2198	7099	2715	2714	2196	3568	3565	2196	3565	3567	2196	3567	2197	2196	3571	3568
					2195	3570	3564	2195	2196	2198	2195	2198	3570	2195	3571	2196	2195	3564	3571	2194	3589	3585	7098
					2912	2851	2194	3590	3589	2193	3581	3583	2193	3584	3581	2193	3583	3590	7097	3576	2875	2193	3590
					2194	2192	5052	3584	7096	2880	2881	2192	2193	2194	2192	3587	5052	2192	3584	2193	7095	2900	2902
					2191	3585	5055	2191	5055	3588	2191	3588	3587	2191	3587	2192	7094	2850	2845	2191	2194	3585	7093
					2973	2943	2191	2192	2194	6276	3596	142	6276	3595	3596	7092	3317	3319	7091	3363	3358	6276	6548
					3595	7090	7465	3564	7089	2926	3609	6238	5444	6823	5444	6238	6237	790	5572	5573	5573	6237	790
					2185	4165	3607	6237	5573	5444	2185	3605	4165	2185	3607	4162	2184	3610	3608	2184	3608	3606	2184
					3606	3605	2184	3605	2185	2183	4163	3611	2183	3604	3610	2183	3611	3604	7088	4499	5638	2183	3610
					2184	2182	4163	2183	2182	3603	4163	2182	2183	2184	2182	4162	3603	2182	2184	2185	2182	2185	4162
					7087	4595	4593	6234	794	5582	6234	5582	5584	6234	5584	796	7085	5074	5075	7082	5441	5442	1986
					5604	5603	1986	5603	5608	1986	6850	5604	1189	5581	6802	6233	6850	1986	1189	5586	5581	1189	795
					5586	1985	5608	5606	1985	5606	6851	1985	6851	6232	1985	6232	6233	1985	6233	1986	1985	1986	5608
					7079	4615	5643	7078	4625	4622	7077	5997	5998	7076	2711	2706	7075	2482	6086	3089	3490	3498	3087
					3490	3089	3087	3089	3088	3087	3489	3490	3375	3377	3376	6439	3375	3376	6438	6439	3376	3080	3083
					3082	3368	3377	3369	3368	3376	3377	3365	3375	3366	3080	3082	3081	3365	3377	3375	3360	3361	3367
					3359	3360	3367	3358	3359	7436	3358	3360	3359	7406	3359	3318	3079	786	6445	3357	3361	3362	3355
					3367	3361	3355	3361	3357	3354	3357	3356	3354	3355	3357	3076	3082	3077	3353	3365	3366	3353	3362
					3365	3076	3081	3082	3352	3362	3353	3352	3357	3362	3352	3356	3357	7435	3356	3352	3075	3076	3077
					3073	3077	3082	6437	3356	7435	3349	3356	6437	3073	3082	3083	3072	3074	3073	3072	3073	3083	3349
					3354	3356	3348	3354	3349	3347	3348	3349	3069	3088	3089	3346	3348	3347	3346	3347	3350	6435	6436
					3345	2977	3074	3072	2976	3088	3069	2975	3083	3080	2974	2975	2976	2974	3072	3083	2974	3083	2975
					2973	3071	3070	6227	5652	807	2971	2972	3074	2971	3074	2977	7403	2978	3071	6227	4569	5652	7433
					3337	3338	7402	2972	2971	7432	3366	3375	7432	3375	6439	6226	6704	4573	6226	4573	4569	7402	2971
					2978	6226	4569	6227	3336	7433	3338	2970	3075	3078	2969	2970	3078	2968	3079	2975	2968	786	3079
					2968	785	786	3335	3368	3369	2968	2975	3080	2967	785	2968	2967	2968	3080	2967	3080	3081	3335
					3369	3364	2966	3076	3075	2966	3075	2970	3334	3368	3335	2965	2966	2970	2964	2966	2965	3333	7431
					3336	6380	2964	783	3333	3336	3334	3333	3334	3335	3331	3338	3337	3331	3332	3338	3330	3332	3331
					6378	785	2967	3327	3332	3330	6378	2967	2281	3327	3329	3332	3326	3327	3328	3326	3329	3327	6434
					6438	3376	3325	3326	7429	3325	7429	6434	3325	6434	3376	3325	3329	3326	3323	3333	3335	3323	7430
					3333	3323	3335	3364	3323	3364	3324	7427	3323	3324	2960	783	2964	7426	3324	3363	2960	2964	2965
					2960	782	783	3322	3346	3350	3318	3359	3367	3317	7425	3318	3317	3318	3367	2959	782	2960	2958
					2965	2970	2958	2960	2965	2958	2970	2969	2957	2959	2960	2957	2960	2958	6377	782	2959	2950	3322
					3350	2950	3350	6435	2950	6435	3345	2950	3345	2951	2949	2951	3345	2949	6377	2959	2949	6436	6377
					2949	3345	6436	2949	2959	2957	2949	2957	2951	2948	2976	2975	2948	2975	3079	2948	3088	2976	2948
					3087	3088	2947	3489	3087	2947	3079	6445	2947	2948	3079	7267	2904	7385	2947	3087	2948	2947	7451
					3489	2947	6445	7451	2946	3498	3499	2945	3498	2946	7267	2920	2904	2945	3089	3498	2945	3069	3089
					2944	3069	2945	2944	3070	3069	2944	2973	3070	2943	2973	2944	2942	2944	2945	2942	2945	2946	2941
					2944	2942	2941	7404	2943	2941	2943	2944	7401	3071	2973	7399	3582	3581	7398	3581	3584	7397	3610
					3604	7396	3604	3582	7266	3586	141	2940	7052	4166	2939	2940	4166	2938	2939	4166	7266	5686	3586
					2938	4166	3605	2937	7051	2940	2937	2940	2939	2936	2937	2939	7265	3507	2702	3328	3330	5760	2934
					7395	7394	2934	2937	2936	2934	7394	2937	2934	2936	2935	3328	5760	7022	3328	3327	3330	2933	3503
					7454	2933	3501	3503	2932	7395	2934	2932	2934	2935	2932	2933	7395	7264	2702	5708	2931	2933	2932
					2931	3501	2933	7264	5708	6881	2930	2931	2932	2930	2932	2935	7421	3326	3328	2929	2935	2936	2927
					3605	3606	2927	2938	3605	3281	988	5759	2926	3606	3609	2926	2927	3606	2925	7054	2928	3281	7023
					988	2925	2927	2926	3279	7023	3281	2925	2926	7054	2924	2928	7053	2923	2930	2935	2923	2935	2929
					2923	2929	2924	2922	2931	2930	2922	2930	2923	3277	3280	3279	3277	3279	3281	3276	3277	3281	2921
					2924	7393	2921	2923	2924	3273	3279	3280	3273	7419	7420	3273	7420	3279	7294	4495	4497	7392	3608
					3610	2913	7390	2916	2913	2912	7390	2910	2919	2918	2909	2918	2917	2909	2917	2911	2908	2909	2911
					7389	2908	2911	7389	2911	2916	2906	2918	2909	2906	2910	2918	2905	2907	2910	2905	2910	2906	2904
					2920	2915	2904	2915	2919	2903	7385	2904	2903	2910	2907	2903	2919	2910	2903	2904	2919	7384	2907
					7386	7384	2903	2907	2902	2908	7382	2902	2909	2908	2900	7383	2901	2898	2900	2901	2898	2901	2899
					2897	2898	2899	2896	5572	5434	2896	5435	5572	2896	2897	5435	2895	2898	2897	2895	2897	2896	2893
					7386	2907	2893	2907	2905	2893	2905	2894	2892	2895	2896	2892	2896	5434	2891	2893	2894	2891	2894
					2892	2891	2892	5434	2888	5461	2889	2888	2889	2890	2888	6825	5462	2888	5462	5461	4500	4782	5641
					4500	5641	5637	4499	5637	5638	4499	4500	5637	4498	4622	4623	6694	4622	4498	4496	6692	4498	2886
					6826	2888	2886	6827	6826	4495	6691	6690	4495	6689	4496	4494	4500	4499	4494	4499	6695	2883	2888
					2890	4493	4498	4623	2882	2883	2884	2882	2886	2888	2882	2884	2885	4492	4495	4496	2882	2885	7381
					2882	7381	2886	2882	2888	2883	4492	4497	4495	4492	4498	4493	2878	7469	2885	2878	3575	7468	4492
					4496	4498	6216	3366	7432	4492	6688	4497	2877	3580	3574	6216	3353	3366	4491	4782	4500	4491	4623
					4782	2877	3578	3580	4491	4493	4623	4491	4500	4494	4490	4492	4493	2877	3575	2878	2491	4636	4780
					4490	4493	4491	4490	4494	6687	2877	3574	3575	7263	3352	3353	2491	4630	4629	4490	4491	4494	4490
					6688	4492	2876	2890	2879	2491	4780	4630	2491	4637	4636	2876	2883	2890	2876	2884	2883	2874	2879
					2880	2873	2876	2879	2873	2879	2874	5460	754	5463	5460	6824	754	5460	5462	6824	2490	4638	4637
					2489	7311	2490	2489	4637	2491	2489	2491	4629	7263	3353	6216	5459	5461	5462	5459	5462	5460	5459
					5460	5463	7379	2873	2874	2489	2490	4637	7379	2875	2873	2488	7074	6086	2488	2490	7310	6822	5463
					754	7378	2874	2880	2872	5077	5068	4567	807	5652	5454	5463	6822	2488	6086	4638	2871	2872	5068
					2871	4567	2872	2488	4638	2490	5452	5454	5453	2871	807	4567	2871	5068	5064	2487	4638	6086	2487
					5373	5375	7377	2871	5064	5452	5463	5454	7377	807	2871	5452	5459	5463	2487	5375	5377	7376	5066
					6764	2487	5377	4638	7376	5064	5066	2486	7305	4649	2486	4649	4650	2483	5373	2487	2483	5374	5373
					2483	2485	5374	2482	7073	2484	2482	2485	2483	2482	2484	2485	2482	2483	2487	2482	2487	6086	2480
					7306	2481	2480	2484	7307	2480	2485	2484	2479	2480	2481	2479	4650	4643	2479	4643	4646	2479	2486
					4650	2479	2481	2486	2478	5374	2485	2478	4645	5374	7291	4549	6703	2478	2479	4646	5445	5453	5454
					2478	4646	4645	5444	5454	6823	5444	5445	5454	5443	5445	5444	2478	2480	2479	2478	2485	2480	5443
					5444	5573	5438	5452	5453	5437	5440	5439	5437	5439	5438	5437	5438	5453	546	4165	4166	546	4166
					7052	546	4164	4165	987	5759	988	987	5760	5759	987	7022	5760	2110	4571	4564	2110	4595	4565
					2110	4564	4595	2110	4565	4566	2109	4566	5078	2109	5078	5077	2109	2110	4566	2108	4571	2110	2108
					4572	4571	2108	2110	2109	2108	4568	4572	5435	5573	5572	5435	5443	5573	5434	5572	6836	2107	2872
					4567	2107	2108	2109	2107	5077	2872	2107	2109	5077	2107	4568	2108	2107	4567	4568	2860	5045	5047
					2860	5084	5045	2860	5058	5057	2860	5047	5058	2859	818	6761	2859	6761	5084	2859	5084	2860	2859
					5057	818	2859	2860	5057	7375	5050	5044	7374	5044	5053	2858	5043	5086	2858	5042	5043	2858	5997
					5054	2858	5054	5042	2857	2858	5086	2857	5086	5087	5104	5604	6850	3608	6551	3609	3607	4165	4164
					3606	3608	3609	3605	4166	4165	2857	5997	2858	2856	5087	5071	2856	5071	5073	2856	2857	5087	2856
					5998	5997	2856	5997	2857	2856	5061	5998	2856	5073	5061	2855	3274	3275	2855	3275	7061	2854	2920
					6868	2854	2915	2920	7368	2854	6868	5088	5608	5603	142	3607	4164	6549	142	4164	6549	4164	546
					3596	3607	142	3596	4162	3607	5088	5603	5100	3595	3603	4162	3595	4162	3596	2853	2913	2914	2853
					2912	2913	5087	5088	5100	2851	2853	2852	2851	2912	2853	2850	7372	2851	2850	2851	2852	2849	2853
					2914	2849	2914	2854	2848	3280	2852	2848	3273	3280	5086	5088	5087	5085	5088	5086	5085	5607	5608
					5085	5608	5088	5083	5606	5607	5082	6762	5606	5082	5084	6852	5082	5606	5083	2848	2853	2849	5082
					5083	5084	2848	2852	2853	2847	2854	7369	2847	7369	6424	2847	2849	2854	2846	6424	7419	2846	7419
					3273	5081	5104	6764	5080	5100	5603	5080	5603	5604	2846	2849	2847	2846	2848	2849	2846	2847	6424
					2846	3273	2848	5080	5604	5104	5080	5104	5081	5079	5100	5080	5079	5080	5081	2844	2855	7371	3591
					3603	3595	2844	3274	2855	5071	5100	5079	5071	5087	5100	2844	7391	2845	2843	3280	3277	2843	2844
					2845	2843	2852	3280	2843	2850	2852	5070	5079	5081	5069	5072	5073	5069	5073	5071	2843	2845	2850
					3591	3595	6548	5069	5079	5070	2842	3276	3274	2842	3277	3276	2842	2843	3277	2842	2844	2843	2842
					3274	2844	5069	5071	5079	5067	5078	5076	5067	5077	5078	141	3591	6548	5067	5068	5077	5066	5081
					6764	3590	3611	4163	5065	5081	5066	3590	4163	3603	5065	5070	5081	3589	3603	3591	5063	5065	5066
					5063	5066	5064	5063	5064	5068	5062	5072	5074	3589	3590	3603	3588	5048	5049	3588	5055	5048	5062
					5073	5072	3587	3588	5049	5061	7058	5998	5061	5062	7056	5061	5073	5062	3587	5049	5051	3587	5051
					5052	6760	5062	5074	3586	3591	141	5060	6758	5075	3586	3589	3591	5059	6757	5060	5059	5076	5078
					5059	5060	5076	819	5057	5056	5057	819	818	3585	3589	3586	6876	5056	5686	3585	3586	5686	3585
					5686	5055	5056	5057	5058	3584	5052	6547	3583	3611	3590	5056	6876	819	3582	3604	3611	5055	5056
					5058	3582	3611	3583	5055	5686	5056	3581	3582	3583	5054	5997	7057	6754	5053	5054	3577	6545	3579
					3577	3579	3580	3577	3580	3578	3576	6544	3577	6752	5052	5051	5050	6752	5051	5048	5055	5058	3573
					3575	3574	7468	3575	3573	5047	5048	5058	3569	3579	6546	3567	3573	3574	3566	7470	3573	3566	3573
					3567	3565	3566	3567	5046	5083	5607	5046	5607	5085	7465	3571	3564	5045	5084	5083	5045	5083	5046
					5043	5085	5086	5043	5046	5085	7464	3570	3569	7463	3564	3570	7462	3568	3571	5042	5053	5044	5042
					5054	5053	3563	3565	3568	7461	3563	3568	7457	3566	3565	3560	3563	7459	3560	7459	7460	3560	7457
					3565	3560	3565	3563	2074	5044	5050	2074	5042	5044	2074	5043	5042	2073	5046	5043	2073	5045	5046
					2073	5047	5045	2073	5043	2074	2072	2073	2074	2072	5048	5047	2072	5049	5048	2072	5047	2073	2071
					5050	5051	2071	2074	5050	2071	2072	2074	2071	5051	5049	2071	5049	2072	2070	5068	5067	2070	5063
					5068	2070	5065	5063	2069	5070	5065	2069	5069	5070	2069	5072	5069	2069	5065	2070	2068	2069	2070
					2068	5075	5074	2068	5074	5072	2068	5072	2069	2067	2070	5067	2067	5067	5076	2067	5060	5075	2067
					2068	2070	2067	5076	5060	2067	5075	2068	4782	5642	5641	4781	664	805	4781	805	5634	4779	4781
					5634	4778	5642	4782	4777	4779	5634	4777	5642	4778	4777	5634	5636	4777	5636	5642	4648	4649	6862
					4648	6862	5643	4647	4648	5643	4645	5370	5374	4645	5371	5370	4644	5371	4645	4644	4645	4646	4644
					5369	5371	4643	4644	4646	4642	4644	4643	4641	4648	4647	4640	4650	4649	4640	4648	4641	4640	4649
					4648	4640	4643	4650	4639	4640	4641	4639	4642	4643	4639	4643	4640	4635	4637	4638	4635	4638	5377
					4635	5379	4636	4635	5377	5376	4635	5376	5379	4635	4636	4637	4633	4636	5379	4633	5379	4634	4633
					4780	4636	4632	4633	4634	4632	664	4781	4632	6808	664	4632	4634	6808	4631	4633	4632	4631	4632
					4781	4631	4781	4779	4631	4780	4633	4628	4777	4778	4628	4779	4777	4627	4631	4779	4627	4780	4631
					4627	4779	4628	4627	4630	4780	4626	4630	4627	4626	4627	4628	4624	4628	4778	4624	4626	4628	4623
					4624	4778	4623	4778	4782	4622	4625	4624	4622	4624	4623	4621	4626	4624	4621	4624	4625	4620	4629
					4630	4620	4630	4626	5378	5582	794	4620	4626	4621	5378	4634	5379	5378	6840	4634	5378	794	6840
					6715	4629	4620	5376	5377	5583	5376	5378	5379	5376	5583	5582	6714	4620	4621	5376	5582	5378	5375
					5583	5377	5375	5585	5583	6713	4621	4625	4617	4619	4618	4615	4647	5643	5373	5585	5375	4614	4617
					4618	4614	4616	4617	4614	4618	4647	4614	4647	4615	4613	5644	5646	4613	4619	5644	5370	5371	5586
					5370	5585	5373	4613	4618	4619	4612	4641	4647	5370	5373	5374	5370	5586	5585	4612	4647	4618	4612
					4618	4613	5371	5581	5586	5371	5369	5581	4609	4639	4641	4609	4641	4612	4611	4644	4642	6803	5581
					5369	4611	5369	4644	4610	6815	6803	4610	5369	4611	4610	6803	5369	3507	6880	6457	6712	5645	6866
					3507	6457	3508	3503	6458	7454	3502	3508	6457	6712	4610	4611	3502	6458	3503	3502	6457	6458	4609
					4612	4613	4608	4642	4639	4608	4639	4609	4607	6712	4611	3500	3503	3501	3500	3502	3503	4607	5645
					6712	4607	4611	4642	4607	4642	4608	4606	4608	4609	4606	4609	4613	4606	4613	5646	4606	4607	4608
					4606	5645	4607	4606	5646	5645	3493	3499	3498	3492	3493	7453	3492	6881	5708	3492	3499	3493	3491
					3493	3498	3491	7452	3493	3491	6456	7452	3490	3491	3498	3489	7451	6455	4600	4616	4614	4600	4614
					4615	3488	3489	6455	3488	3491	3490	3488	3490	3489	3488	6456	3491	3488	6455	6456	6709	4600	4615
					4599	4616	4600	4597	4600	6710	4597	4599	4600	4596	4599	4597	4596	4598	4599	4596	4597	6719	4593
					4595	4594	3485	3492	5708	4591	4596	6718	4591	4592	4598	3485	3499	3492	4591	4598	4596	4591	6707
					4593	4591	4593	4594	4591	4594	4592	4590	4619	4617	4589	5644	4619	4589	4619	4590	4588	6863	4589
					4588	4589	4590	4587	4617	4616	4587	4616	4599	4587	4590	4617	4587	4599	4598	4586	4587	4598	4586
					4588	4590	4586	4590	4587	4585	4588	4586	7273	2891	5434	4576	4598	4592	7273	2893	2891	4576	4586
					4598	4592	4594	4570	4576	4585	4586	4573	4574	4575	4572	4573	4575	4571	4572	4575	4570	4576	4592
					7272	2893	7273	2019	5453	5445	4570	4571	4575	4569	4573	4572	4568	5652	4569	2019	5437	5453	4568
					4569	4572	4567	5652	4568	2018	5441	5440	2018	5440	5437	5645	5646	6867	2018	5437	2019	4566	5059
					5078	4566	6756	5059	2017	2899	5442	2017	2897	2899	2017	5442	5441	4565	4595	6708	4565	6705	4566
					4564	4570	4594	2017	5441	2018	2016	5443	5435	6865	5646	5644	6864	5644	4589	2016	5435	2897	4564
					4571	4570	4564	4594	4595	2016	2897	2017	5638	5639	6860	2016	2019	5445	2016	5445	5443	2016	2018
					2019	2016	2017	2018	5637	5639	5638	5637	5641	5640	5637	5640	5639	5636	5640	5641	5636	5641	5642
					5635	5640	5636	5635	5639	5640	5634	806	5635	5634	5635	5636	805	806	5634	4548	4570	4575	4548
					4576	4570	4548	4574	4549	4548	4575	4574	4548	4585	4576	6704	4574	4573	6703	4549	4574	4544	4548
					4549	4544	4585	4548	4588	4544	7292	4544	4588	4585	7347	6360	7348	6358	5188	6359	6358	5187	5188
					6357	5186	5187	6357	709	5186	6357	5187	6358	6356	6360	7349	6359	5188	7278	5186	6786	5187	5185
					6844	5186	709	5185	5186	708	5185	709	707	5185	708	5169	5185	707	5169	6781	5185	6778	6253
					6779	6777	5169	707	6782	5169	6777	7279	5188	5187	7278	6784	6359	7303	3315	7424	7303	2954	3315
					7302	5549	2954	7301	5550	5549	2328	7319	2563	2328	1153	7319	2328	2565	2575	2328	7067	1153	2328
					2575	7067	2328	2563	2565	2323	7135	7320	2322	2323	7300	2322	7300	7142	2322	7252	2323	7299	7137
					2258	7299	7321	7137	2257	7411	1140	2257	7298	7144	2257	1140	7298	2257	7144	7141	2246	7125	3251
					2246	5506	6413	2246	6413	7417	2246	3251	5506	2242	6424	7369	2241	2242	7128	2240	2241	7131	2240
					7133	7136	2239	7419	6424	2239	6424	2242	2239	2242	2241	2239	2241	2240	2239	2240	7256	2238	7150
					6434	2238	6434	7429	2238	7254	7253	2237	7139	3286	2237	3286	7140	2237	7143	2238	2237	2238	7253
					3339	3370	3371	3371	2230	3339	2230	3341	3339	6281	2230	3371	6281	3371	6431	2229	3316	3341	2229
					7424	3315	2229	3315	3316	2229	3341	2230	7297	2229	2230	7297	2230	6281	2222	3343	6435	2222	3344
					3343	2222	3342	3344	6280	6437	3351	2221	3374	3340	2221	3340	3342	2221	3342	2222	2221	3351	3374
					2221	6280	3351	6279	6280	2221	6279	2221	2222	6279	2222	6435	7445	7189	3459	7445	547	7189	7321
					7135	7137	3452	7167	3453	3452	7257	7166	3451	7444	3459	3450	3453	7167	3449	3453	3450	3449	3451
					3453	3448	3453	3451	3448	3451	3459	3448	3452	3453	5578	5579	5580	3448	3459	7187	5578	795	5579
					5578	796	795	3447	3448	7187	5577	5578	5580	3447	7258	3452	6843	5577	5580	5576	796	5578	3447
					3452	3448	6842	5576	5578	3447	7187	7196	6842	5578	5577	5575	6840	794	1204	7118	7292	3447	7195
					7258	5575	5576	6841	7443	3451	3449	6816	7032	1332	1332	4731	7180	5842	6581	6891	6839	7176	3707
					2588	7318	7317	2588	3435	3434	2588	3434	3432	2588	7317	3435	7441	3443	7156	7440	3442	3443	7440
					3443	7441	3441	5560	5559	3441	5559	7154	3441	7169	6445	3441	7168	7169	3441	6445	786	3441	786
					5560	3440	7169	7168	3440	3494	7169	790	7240	6836	3440	7160	3494	7162	3440	3438	3438	3439	7162
					3438	7155	3443	3438	3443	3442	3438	3442	3439	3438	7168	7155	3438	3440	7168	3437	7161	3439	3436
					3449	3450	7439	3449	3436	7439	7442	3449	7438	3436	3435	3434	3518	3519	3433	3518	3434	3433	3436
					3450	3433	7164	3518	3433	3434	3435	3433	3435	3436	3433	3450	7167	2190	7172	7171	2189	6276	142
					3432	3434	3519	2189	2190	6276	2576	3439	3442	3432	3519	3506	2189	142	6549	2576	3442	7316	2188
					2190	2189	2576	3437	3439	2188	4171	7191	2188	7191	2190	2188	7170	4171	2188	2189	7170	6276	2190
					6548	6275	2187	548	1999	5458	5571	2187	7173	3602	6238	6823	5458	6238	5458	1999	1998	7240	790
					1998	1999	5571	2186	6275	7296	1998	5571	7213	2186	2187	6275	2186	7296	7175	2186	7173	2187	7200
					95	6686	6237	1999	1998	6237	6238	1999	6237	1998	790	785	5560	786	2569	7067	2575	7236	5558
					5557	5555	7236	5557	2568	3437	2576	2568	2576	7315	5555	5557	5556	6833	5555	6835	6833	7236	5555
					2568	7314	2569	2567	2569	2575	2567	7249	5705	2566	2568	2569	2566	3437	2568	2566	2567	5705	2566
					5705	7158	2566	2569	2567	2181	7192	7190	2566	7159	3437	2180	4167	6670	2180	2181	7188	2565	2567
					2575	2180	7188	4167	2179	2181	2180	2565	7249	2567	2564	7318	2588	2179	7192	2181	2564	2588	3432
					2563	7319	2564	6234	796	5576	2562	7249	2565	2178	2179	2180	5576	5575	794	2178	2180	6671	2178
					7193	2179	5550	6835	5555	5556	5550	5555	5548	5549	5550	5548	5550	5556	794	6234	5576	5547	5548
					5556	5546	783	782	2562	2563	2564	5546	5547	783	5546	5548	5547	2562	2564	3432	2562	2565	2563
					2562	3432	3506	2562	3506	7163	2171	7198	7197	2171	7200	6686	7295	7199	2171	1189	5579	795	6233
					5605	7243	1189	7242	5579	6232	7244	5605	6232	5605	6233	3086	5558	7237	3086	7235	7234	3085	7234
					5559	3085	5559	5560	3085	3086	7234	3085	5560	785	6439	7151	7152	3084	3086	3085	6438	7151	6439
					3084	3085	785	3084	5558	3086	3372	7147	3373	3371	3372	3373	3370	7148	3372	3370	3374	7148	3370
					3372	3371	7146	6437	7435	3351	6437	7146	3351	7146	3374	3343	6436	6435	3343	3344	2953	3341	3344
					3342	6227	807	7248	3340	3341	3342	3340	3374	3370	3339	3341	3340	3339	3340	3370	1976	6227	7248
					1976	6226	6227	1976	7203	4559	1975	7201	6704	2963	5547	5556	2963	5556	5557	6380	2963	6381	6380
					5547	2963	1975	6704	6226	1975	6226	1976	1975	1976	4559	6380	783	5547	5505	7227	7229	6378	3084
					785	2962	6381	2963	1975	4559	7202	2962	5557	5558	2962	2963	5557	2962	6379	6381	5505	7229	7228
					6434	7150	6438	2961	6378	6379	5504	7227	5505	2961	2962	5558	2961	3084	6378	7224	5504	7225	2961
					5558	3084	2961	6379	2962	7221	7223	6830	3316	3344	3341	7218	5504	5505	7218	7219	5504	2956	3316
					3315	2956	3315	2954	2955	5548	5546	7176	6580	3834	7176	3834	4733	2955	2956	2954	2955	5549	5548
					2954	5549	2955	2953	3316	2956	2953	3344	3316	3707	7182	6561	2953	6436	3343	6377	6436	2953	3707
					6561	6839	2952	2955	5546	2952	782	6377	2952	5546	782	2952	2953	2956	2952	2956	2955	2952	6377
					2953	5494	7217	5500	7215	7216	5494	6431	3371	3373	7423	6431	3373	7423	3373	7147	6701	6821	6819
					5821	7405	6642	6699	6539	4529	6699	2984	6700	4523	6894	6721	2738	6928	7060	6698	4522	6721	6698
					6700	2985	7122	6539	6534	7293	1743	6516	7293	6701	655	6886	6535	3562	664	6806	6809	664	6809
					6858	6813	5842	6579	6812	5386	6813	6812	6814	5386	5372	6811	6810	6806	5380	6807	6805	6807	7241
					6805	5575	6841	6804	6843	5580	6804	5372	6810	6857	805	6858	6684	6508	95	6684	7197	6685	4227
					6683	6685	6682	6683	4227	4226	6535	6682	1198	7354	7013	6522	6730	4869	6737	6510	804	6734	6737
					5631	6733	6734	5630	6733	5630	6735	6731	6735	4876	2092	6730	6731	7366	2841	7367	6884	7362	112
					2764	7362	7367	7354	4456	7366	6230	6855	6514	7359	6532	2750	7359	2750	6521	7016	6363	6532	5617
					6888	6855	5794	6989	6990	6516	5794	6990	6507	6989	1742	2808	7018	6926	6926	7017	6927	1198	7013
					7355	6522	680	6530	7080	5619	6514	7080	6856	5619	686	6739	6738	686	6740	6739	680	6738	6530
					7059	6521	6021	7288	4901	6856	7287	6740	4906	7287	4906	7288	7360	7059	6021	7360	2751	7361	7355
					7361	2751	7086	6724	4800	7086	4800	6725	7029	120	6635	7029	6895	121	6736	6746	5013	6732	5621
					6510	6732	6736	4878	7290	6726	4768	7289	7290	4799	7289	4798	6724	6729	6716	1303	6727	4766	6728
					6727	6729	4813	6726	6728	4767	7364	2811	7365	6748	5021	6750	5019	6748	6749	6720	6717	479	6720
					452	6716	6747	6750	5014	5013	6746	6747	6636	474	6637	6635	473	6636	7276	5019	6749	7276	6725
					2045	6631	6637	475	6631	461	6717	6884	2772	6533	5850	7178	7208	1066	6564	7178	7035	7209	6572
					7034	7179	6577	2212	7437	7114	7034	6573	7231	2212	7110	7437	2212	6974	6973	7033	1367	7008	7246
					7268	7247	7120	6977	7114	7121	6939	6552	7120	1721	6979	6329	7121	7111	7119	7115	7450	7119	6464
					6554	2205	7115	6981	2205	6981	6468	6277	6555	7108	6446	7211	7184	7031	6592	3921	5837	7004	6595
					5837	6595	7185	7113	7066	1642	7030	1275	6600	6563	7177	228	7153	7109	6609	7153	6605	3988	5831
					6602	6604	5563	7207	7204	5563	7107	7205	7109	7111	6603	6702	7405	7112	6702	7186	7122	5564	6951
					7206	6702	7122	6534	2762	7364	6533	7040	6922	1600	6519	7040	1600	7353	7365	2747	7352	1600	6922
					7351	1377	7352	7350	7353	2746	7350	2743	7351	5793	6633	6634	5793	6634	7025	1008	7025	6660	6024
					7261	6519	6023	7260	7262	6023	6520	7260	6894	470	6660	6633	1358	6895	5928	7262	7261	7346	6770
					5143	7015	7346	2719	5601	6849	6848	6847	6849	5601	5596	6846	6845	7105	2057	7281	7105	7282	2057
					6273	6675	6674	7012	6675	6273	7084	5167	6774	7084	6773	5167	1993	6769	6775	7270	1993	6775	1991
					7270	6774	7269	1989	6845	1987	7269	6847	718	6788	6511	718	6801	6788	4192	6674	6872	5160	6772
					6771	6769	5161	6771	6768	5677	6875	5124	6767	6846	6766	5126	6768	6765	6767	5125	6765	5127	6766
					7020	5602	6848	7282	6772	5160	7281	5158	6770	7280	5166	6773	7280	6799	5162	6874	6875	5677	6873
					6874	5676	5674	6872	6873	6800	6801	5320	5319	6799	6798	5318	6798	6800	6797	6892	338	7012	2173
					6673	7083	5273	6790	7083	6789	5273	6794	6796	5285	6793	6797	4737	6792	6793	5284	5283	6796	6792
					6789	6794	5285	6511	6791	5272	6678	4210	6679	4209	6680	6679	6677	6870	4199	6677	4210	6678	6676
					5673	6515	6673	4194	6676	6054	7070	7069	7068	6054	7069	7275	6790	2042	7274	5277	6791	2041	7274
					7275	6871	6515	5673	6869	6871	5672	6869	5671	6870	7358	7070	2838	7357	7358	2749	7356	6363	7016
					2748	7356	7357	6681	4211	7068	6680	4211	6681	6889	7011	1846	6056	6517	7038	6512	6890	3817	944
					7011	7019	5921	7039	6518	5921	7038	7039	6517	1104	7037	792	6562	6889	7271	1845	7019	7271	6837
					93	7313	2552	6508	7313	7071	2553	1154	6518	7036	7072	5920	7036	6057	7071	7037	6820	6562	3815
					6818	6513	6820	6817	99	6837	6817	6512	99	6885	5488	7072	6891	1265	6524	300	6890	6524	5298
					6584	6583	5298	6583	6582	5297	6585	6586	6795	3897	6589	6795	6588	3894	4908	6625	6626	4907	6624
					6996	3905	6596	6597	3905	6591	6596	6892	6590	338	6589	3897	6590	6587	3894	6588	6585	3907	6597
					6582	6591	3912	7286	6995	921	7286	406	6996	3891	6587	6584	7277	3892	6586	7277	7001	1776	6625
					1777	7002	6624	4006	6626	6893	920	6994	7001	7002	1777	920	6995	6994	6741	6623	3692	6741	3694
					6893	6888	3692	6623	6022	7060	7041	6975	6976	1349	4804	6630	6629	4804	6993	6630	6971	1713	6972
					4803	6627	6628	4803	6628	6992	6967	1709	6970	6818	6821	6513	6966	1708	6969	6526	6664	2982	6666
					1732	6983	6818	6819	6821	2084	6998	6615	6665	1732	6666	6961	6963	4658	2826	6910	6911	6960	6958
					2305	4089	6663	6526	7416	1535	6496	6661	6988	4088	2083	7000	6611	7285	6601	3696	6661	4088	6662
					7285	3696	6610	6957	1374	6959	7415	6496	5806	7284	4978	6559	7284	7283	4978	6722	6787	3924	7283
					6606	4979	6722	3925	6723	6658	1740	6659	7112	7028	6531	6657	6659	1740	4078	6656	6987	6654	6656
					4078	6953	6952	2359	6652	7186	6531	6651	7186	6652	1676	6950	6953	6948	6951	4702	4792	6594	6593
					6650	6653	4096	6947	6948	4702	6945	1677	6952	6648	4075	6649	6647	6655	4077	1668	6945	6946	6646
					4075	6648	2815	6916	6913	6646	6647	4077	7414	6497	1508	6645	4092	6658	6645	6650	4516	2814	6912
					6914	4790	6668	6667	7413	6493	5808	6644	6991	2114	7363	6919	6920	6643	4074	6954	6944	6525	4686
					6943	6944	1259	6641	6536	6538	6641	6537	6507	6641	6538	6537	6640	6644	4067	6639	6536	6641	2803
					6956	7026	6638	491	6642	6883	1439	6469	6942	6940	2573	7412	6498	5803	6638	6639	491	6885	7363
					1597	6935	3042	6937	6935	6936	3042	6933	6934	1382	6931	1382	6934	6882	6553	3654	6930	1616	6932
					6929	1618	6938	7456	1414	6506	7456	6540	1416	6927	7017	6928	6923	4657	6924	6923	6925	1375	7455
					1417	6540	7050	7259	5866	5001	6745	6598	6879	6556	3658	6482	3029	6489	6744	5000	6599	6925	6921
					2801	6480	6484	3026	6479	6481	3271	5976	7048	7049	6478	6898	1300	2046	7003	7024	6919	7018	6920
					4993	6853	6560	6917	1365	6918	6632	7005	1781	1553	7047	7050	6909	6959	1360	6476	3002	6528	6475
					1215	6978	6878	6557	3680	6907	6965	1355	6474	6941	1645	6906	1255	6968	4980	6607	6608	7045	4666
					7046	1447	6473	6980	6902	3115	6908	7044	1263	7045	6980	6472	3466	6902	6903	3127	6900	6901	1227
					6471	6955	1642	6899	1213	6965	7043	1369	6914	6897	6949	1579	6897	1579	6904	6467	3009	6529	7449
					1437	6465	7449	6469	1438	6964	6962	5468	6466	1431	6468	6505	6905	3124	6470	6471	2578	7042	6918
					1592	6504	6907	1221	6462	1297	6463	6461	6473	3465	6742	6743	3991	7409	7410	1578	6502	1711	6503
					5929	7041	6520	6501	6503	1711	7448	1441	7021	6543	1346	6477	7009	7010	4720	7006	7007	1826	6896
					6506	1575	6499	6500	3054	6541	1262	6542	7447	1429	7450	7408	1710	7410	4953	6617	6616	6622	6999
					1767	6578	1296	6915	6494	6495	1234	6576	7009	4716	4951	6608	6618	6619	1765	6997	6619	6621	1318
					6574	6575	4717	7031	1768	6615	6613	6614	3998	6491	3030	6492	6854	6558	5614	6489	3029	6491	6570
					6571	4713	6569	6947	5527	6984	6985	1293	6567	1666	6568	6486	3027	6487	6565	4712	6566	6565	6569
					4714	6485	6488	5544	6612	3993	6620	6612	6527	3993	6982	6986	2119	6483	6490	1515	2716	7344	7061
					2716	7434	7344	7341	7342	2715	7340	2874	7378	7340	7379	2874	7339	7062	2713	7338	2901	7383	7338
					7339	2713	2710	7335	7337	7334	7063	2706	7332	2921	7393	7332	7333	2921	7331	2693	7333	7330	7334
					2694	2689	7331	7330	7329	7404	2941	7329	2709	7337	2687	7064	7065	7328	7064	2687	7327	7328	2686
					7326	2972	7402	7325	7327	2685	2682	7324	7325	2682	7326	7324	7322	2678	7065	6523	6859	5639	7104
					4497	6688	7104	7294	4497	7103	7305	2486	7103	2481	7306	7102	7311	2489	7102	4629	7312	7101	7323
					2674	7101	2673	7322	7100	2712	7336	7100	7335	2710	7099	7341	2715	7099	2714	7343	7098	7373	2912
					7098	2851	7372	7097	6544	3576	7097	2875	7380	7096	7378	2880	7096	2881	7342	7095	7383	2900	7095
					2902	7382	7094	2845	7391	7094	7372	2850	7093	2943	7404	7093	7400	2973	7092	7425	3317	7092	3319
					7323	7091	7426	3363	7091	3358	7436	7090	3564	7463	7090	6887	7465	7089	7055	2926	7089	3609	6551
					7088	5638	6860	7088	6696	4499	7087	6708	4595	7087	4593	6707	7085	6760	5074	7085	5075	6758	7082
					5442	7062	7082	7343	5441	7079	6709	4615	7079	5643	6861	7078	6713	4625	7078	4622	6694	7077	5998
					7058	7077	7057	5997	7076	7336	2711	7076	2706	7063	7075	6086	7074	7075	7073	2482	7407	3318	7425
					7406	7436	3359	7406	3318	7407	7433	7434	3337	7402	2978	7403	3336	7431	7433	3333	7430	7431	7428
					7430	3323	7427	7428	3323	7426	7427	3324	7267	6868	2920	7401	7403	3071	7400	7401	2973	7398	3584
					6547	7398	7399	3581	7396	3582	7399	7396	7397	3604	2940	7051	7052	7266	6877	5686	7265	6880	3507
					7394	7051	2937	2933	7454	7395	7421	3328	7022	7264	7265	2702	7421	7429	3326	2928	7054	7053	2926
					7055	7054	7420	7023	3279	7393	2924	7053	7392	6551	3608	7294	6691	4495	7392	3610	7397	7014	6690
					6691	7388	2916	7390	7388	7389	2916	7387	2908	7389	7384	7385	2903	7382	2908	7387	2888	6826	6825
					4499	6696	6509	4499	6509	6695	6693	6694	4498	6692	6693	4498	2886	7381	6827	4496	6689	6692	4495
					6690	6689	2885	7469	7381	6687	4494	6695	2878	7468	7469	7312	4629	6715	7263	7435	3352	4490	6687
					6688	5462	6825	6824	2490	7311	7310	7379	7380	2875	2488	7309	7074	2488	7310	7309	5454	6822	6823
					7308	6862	4649	7305	7308	4649	7376	7377	5064	7292	6863	4588	7304	2484	7073	7304	7307	2484	2480
					7307	7306	7375	6752	5050	7374	7375	5044	7374	5053	6755	6850	6763	5104	6763	6764	5104	7373	7390
					2912	2855	7370	7371	2855	7061	7370	6762	6851	5606	7368	7369	2854	5082	6852	6762	6761	6852	5084
					2844	7371	7391	5061	7056	7058	6759	5062	6760	6759	7056	5062	6757	6758	5060	5059	6756	6757	5686
					6877	6876	6547	5052	6753	3579	6545	6546	6754	6755	5053	6754	5054	7057	3577	6544	6545	6752	6753
					5052	7468	3573	7470	7467	3569	6546	3566	7471	7470	7465	7466	3571	7464	3569	7467	7463	3570	7464
					7462	3571	7466	7461	3568	7462	7459	3563	7461	6886	7460	7459	7457	7471	3566	3560	7460	7458	3560
					7458	7457	4634	6840	6808	6714	6715	4620	6713	6714	4621	6712	6815	4610	6802	5581	6803	3493	7452
					7453	3492	7453	6881	6709	6710	4600	4597	6710	6711	4597	6711	6719	4596	6719	6718	4591	6718	6707
					4589	6863	6864	7273	5434	6836	7272	7386	2893	6865	6867	5646	5645	6867	6866	4566	6705	6756	5644
					6864	6865	4565	6708	6706	4565	6706	6705	5643	6862	6861	5639	6859	6860	6703	4574	6704	7348	6784
					6783	7347	7349	6360	7347	7348	6783	6356	7345	7015	6356	7349	7345	6777	6776	6782	5187	6786	6785
					5186	6844	6786	6781	6844	5185	5169	6782	6781	6778	6779	6780	6776	6778	6780	6776	6780	6782	7020
					6779	6253	7279	5187	6785	7278	5188	7279	7278	6783	6784	7302	2954	7303	7301	5549	7302	7301	6835
					5550	7300	7422	7142	2323	7134	7135	2323	7320	7300	2323	7252	7134	2322	7138	7252	2322	7142	7138
					2258	7130	7126	2258	7126	7418	2258	7137	7132	2258	7132	7130	7299	2258	7418	7298	7147	7144	7298
					7423	7147	2257	7141	7411	2246	7417	7125	2242	7369	7127	2242	7127	7128	2241	7128	7131	2240	7131
					7133	2240	7136	7256	2239	7255	7419	2239	7256	7255	2238	7143	7150	2238	7429	7254	2237	7140	7143
					2237	7253	7139	7297	7424	2229	3459	7189	7187	7444	7445	3459	7320	7135	7321	3452	7258	7257	3452
					7166	7167	7443	7444	3451	6523	806	6857	7106	6811	7117	7106	7117	6814	6841	5576	6842	3447	7196
					7195	7032	7181	1332	7180	6816	1332	7241	6840	5575	1204	7291	7118	3449	7442	7443	5842	6891	6579
					5842	7183	6581	6839	6580	7176	6838	6561	7182	7317	7438	3435	3443	7155	7156	7441	7156	7446	6445
					7169	7451	3441	7154	7168	3440	7162	7160	6836	7240	7239	3439	7161	7162	3437	7159	7161	7438	7439
					3436	7164	7165	3518	7316	3442	7440	2190	7171	6548	3433	7167	7164	2190	7191	7172	2576	7316	7315
					2189	6549	7170	7296	6550	7175	1998	7213	7240	2186	7175	7174	7200	6684	95	2186	7174	7173	7236
					7237	5558	2569	7314	7067	2568	7315	7314	7236	6834	7157	6833	6834	7236	2181	7190	7188	2180	6670
					6671	2566	7158	7159	2179	7194	7192	7234	7238	5559	2179	7193	7194	2564	7319	7318	7232	7234	7235
					2178	6671	6672	7232	7235	7233	2178	6672	7193	2562	7163	7249	2171	7197	7200	2171	7199	7198	7295
					6828	7199	7295	2171	6686	7081	6842	5577	7081	5577	6843	6233	7243	6850	1189	6802	7242	6232	6851
					7245	6232	7245	7244	7027	6669	7123	3086	7237	7235	7151	7251	7152	6438	7150	7151	7149	7147	3372
					7149	3372	7148	7146	7148	3374	7432	6439	7152	1976	7248	7203	1975	7202	7201	7228	7229	7230	7226
					5505	7228	6697	6751	7212	7224	7227	5504	6832	7224	7225	7221	6830	6831	7221	7222	7223	7220	7222
					7221	7219	7225	5504	7218	7214	7220	7218	7220	7219	3707	7210	7182	3707	7176	7210	5494	7216	7217
					7215	6829	5493	7145	7250	7251	7116	7124	7129	
				</DataArray>
				<DataArray type="Int32" Name="offsets" NumberOfComponents="1" format="ascii">
					3	6	9	12	15	18	21	24	27	30	33	36	39	42	45	48	51	54	57
					60	63	66	69	72	75	78	81	84	87	90	93	96	99	102	105	108	111	114
					117	120	123	126	129	132	135	138	141	144	147	150	153	156	159	162	165	168	171
					174	177	180	183	186	189	192	195	198	201	204	207	210	213	216	219	222	225	228
					231	234	237	240	243	246	249	252	255	258	261	264	267	270	273	276	279	282	285
					288	291	294	297	300	303	306	309	312	315	318	321	324	327	330	333	336	339	342
					345	348	351	354	357	360	363	366	369	372	375	378	381	384	387	390	393	396	399
					402	405	408	411	414	417	420	423	426	429	432	435	438	441	444	447	450	453	456
					459	462	465	468	471	474	477	480	483	486	489	492	495	498	501	504	507	510	513
					516	519	522	525	528	531	534	537	540	543	546	549	552	555	558	561	564	567	570
					573	576	579	582	585	588	591	594	597	600	603	606	609	612	615	618	621	624	627
					630	633	636	639	642	645	648	651	654	657	660	663	666	669	672	675	678	681	684
					687	690	693	696	699	702	705	708	711	714	717	720	723	726	729	732	735	738	741
					744	747	750	753	756	759	762	765	768	771	774	777	780	783	786	789	792	795	798
					801	804	807	810	813	816	819	822	825	828	831	834	837	840	843	846	849	852	855
					858	861	864	867	870	873	876	879	882	885	888	891	894	897	900	903	906	909	912
					915	918	921	924	927	930	933	936	939	942	945	948	951	954	957	960	963	966	969
					972	975	978	981	984	987	990	993	996	999	1002	1005	1008	1011	1014	1017	1020	1023	1026
					1029	1032	1035	1038	1041	1044	1047	1050	1053	1056	1059	1062	1065	1068	1071	1074	1077	1080	1083
					1086	1089	1092	1095	1098	1101	1104	1107	1110	1113	1116	1119	1122	1125	1128	1131	1134	1137	1140
					1143	1146	1149	1152	1155	1158	1161	1164	1167	1170	1173	1176	1179	1182	1185	1188	1191	1194	1197
					1200	1203	1206	1209	1212	1215	1218	1221	1224	1227	1230	1233	1236	1239	1242	1245	1248	1251	1254
					1257	1260	1263	1266	1269	1272	1275	1278	1281	1284	1287	1290	1293	1296	1299	1302	1305	1308	1311
					1314	1317	1320	1323	1326	1329	1332	1335	1338	1341	1344	1347	1350	1353	1356	1359	1362	1365	1368
					1371	1374	1377	1380	1383	1386	1389	1392	1395	1398	1401	1404	1407	1410	1413	1416	1419	1422	1425
					1428	1431	1434	1437	1440	1443	1446	1449	1452	1455	1458	1461	1464	1467	1470	1473	1476	1479	1482
					1485	1488	1491	1494	1497	1500	1503	1506	1509	1512	1515	1518	1521	1524	1527	1530	1533	1536	1539
					1542	1545	1548	1551	1554	1557	1560	1563	1566	1569	1572	1575	1578	1581	1584	1587	1590	1593	1596
					1599	1602	1605	1608	1611	1614	1617	1620	1623	1626	1629	1632	1635	1638	1641	1644	1647	1650	1653
					1656	1659	1662	1665	1668	1671	1674	1677	1680	1683	1686	1689	1692	1695	1698	1701	1704	1707	1710
					1713	1716	1719	1722	1725	1728	1731	1734	1737	1740	1743	1746	1749	1752	1755	1758	1761	1764	1767
					1770	1773	1776	1779	1782	1785	1788	1791	1794	1797	1800	1803	1806	1809	1812	1815	1818	1821	1824
					1827	1830	1833	1836	1839	1842	1845	1848	1851	1854	1857	1860	1863	1866	1869	1872	1875	1878	1881
					1884	1887	1890	1893	1896	1899	1902	1905	1908	1911	1914	1917	1920	1923	1926	1929	1932	1935	1938
					1941	1944	1947	1950	1953	1956	1959	1962	1965	1968	1971	1974	1977	1980	1983	1986	1989	1992	1995
					1998	2001	2004	2007	2010	2013	2016	2019	2022	2025	2028	2031	2034	2037	2040	2043	2046	2049	2052
					2055	2058	2061	2064	2067	2070	2073	2076	2079	2082	2085	2088	2091	2094	2097	2100	2103	2106	2109
					2112	2115	2118	2121	2124	2127	2130	2133	2136	2139	2142	2145	2148	2151	2154	2157	2160	2163	2166
					2169	2172	2175	2178	2181	2184	2187	2190	2193	2196	2199	2202	2205	2208	2211	2214	2217	2220	2223
					2226	2229	2232	2235	2238	2241	2244	2247	2250	2253	2256	2259	2262	2265	2268	2271	2274	2277	2280
					2283	2286	2289	2292	2295	2298	2301	2304	2307	2310	2313	2316	2319	2322	2325	2328	2331	2334	2337
					2340	2343	2346	2349	2352	2355	2358	2361	2364	2367	2370	2373	2376	2379	2382	2385	2388	2391	2394
					2397	2400	2403	2406	2409	2412	2415	2418	2421	2424	2427	2430	2433	2436	2439	2442	2445	2448	2451
					2454	2457	2460	2463	2466	2469	2472	2475	2478	2481	2484	2487	2490	2493	2496	2499	2502	2505	2508
					2511	2514	2517	2520	2523	2526	2529	2532	2535	2538	2541	2544	2547	2550	2553	2556	2559	2562	2565
					2568	2571	2574	2577	2580	2583	2586	2589	2592	2595	2598	2601	2604	2607	2610	2613	2616	2619	2622
					2625	2628	2631	2634	2637	2640	2643	2646	2649	2652	2655	2658	2661	2664	2667	2670	2673	2676	2679
					2682	2685	2688	2691	2694	2697	2700	2703	2706	2709	2712	2715	2718	2721	2724	2727	2730	2733	2736
					2739	2742	2745	2748	2751	2754	2757	2760	2763	2766	2769	2772	2775	2778	2781	2784	2787	2790	2793
					2796	2799	2802	2805	2808	2811	2814	2817	2820	2823	2826	2829	2832	2835	2838	2841	2844	2847	2850
					2853	2856	2859	2862	2865	2868	2871	2874	2877	2880	2883	2886	2889	2892	2895	2898	2901	2904	2907
					2910	2913	2916	2919	2922	2925	2928	2931	2934	2937	2940	2943	2946	2949	2952	2955	2958	2961	2964
					2967	2970	2973	2976	2979	2982	2985	2988	2991	2994	2997	3000	3003	3006	3009	3012	3015	3018	3021
					3024	3027	3030	3033	3036	3039	3042	3045	3048	3051	3054	3057	3060	3063	3066	3069	3072	3075	3078
					3081	3084	3087	3090	3093	3096	3099	3102	3105	3108	3111	3114	3117	3120	3123	3126	3129	3132	3135
					3138	3141	3144	3147	3150	3153	3156	3159	3162	3165	3168	3171	3174	3177	3180	3183	3186	3189	3192
					3195	3198	3201	3204	3207	3210	3213	3216	3219	3222	3225	3228	3231	3234	3237	3240	3243	3246	3249
					3252	3255	3258	3261	3264	3267	3270	3273	3276	3279	3282	3285	3288	3291	3294	3297	3300	3303	3306
					3309	3312	3315	3318	3321	3324	3327	3330	3333	3336	3339	3342	3345	3348	3351	3354	3357	3360	3363
					3366	3369	3372	3375	3378	3381	3384	3387	3390	3393	3396	3399	3402	3405	3408	3411	3414	3417	3420
					3423	3426	3429	3432	3435	3438	3441	3444	3447	3450	3453	3456	3459	3462	3465	3468	3471	3474	3477
					3480	3483	3486	3489	3492	3495	3498	3501	3504	3507	3510	3513	3516	3519	3522	3525	3528	3531	3534
					3537	3540	3543	3546	3549	3552	3555	3558	3561	3564	3567	3570	3573	3576	3579	3582	3585	3588	3591
					3594	3597	3600	3603	3606	3609	3612	3615	3618	3621	3624	3627	3630	3633	3636	3639	3642	3645	3648
					3651	3654	3657	3660	3663	3666	3669	3672	3675	3678	3681	3684	3687	3690	3693	3696	3699	3702	3705
					3708	3711	3714	3717	3720	3723	3726	3729	3732	3735	3738	3741	3744	3747	3750	3753	3756	3759	3762
					3765	3768	3771	3774	3777	3780	3783	3786	3789	3792	3795	3798	3801	3804	3807	3810	3813	3816	3819
					3822	3825	3828	3831	3834	3837	3840	3843	3846	3849	3852	3855	3858	3861	3864	3867	3870	3873	3876
					3879	3882	3885	3888	3891	3894	3897	3900	3903	3906	3909	3912	3915	3918	3921	3924	3927	3930	3933
					3936	3939	3942	3945	3948	3951	3954	3957	3960	3963	3966	3969	3972	3975	3978	3981	3984	3987	3990
					3993	3996	3999	4002	4005	4008	4011	4014	4017	4020	4023	4026	4029	4032	4035	4038	4041	4044	4047
					4050	4053	4056	4059	4062	4065	4068	4071	4074	4077	4080	4083	4086	4089	4092	4095	4098	4101	4104
					4107	4110	4113	4116	4119	4122	4125	4128	4131	4134	4137	4140	4143	4146	4149	4152	4155	4158	4161
					4164	4167	4170	4173	4176	4179	4182	4185	4188	4191	4194	4197	4200	4203	4206	4209	4212	4215	4218
					4221	4224	4227	4230	4233	4236	4239	4242	4245	4248	4251	4254	4257	4260	4263	4266	4269	4272	4275
					4278	4281	4284	4287	4290	4293	4296	4299	4302	4305	4308	4311	4314	4317	4320	4323	4326	4329	4332
					4335	4338	4341	4344	4347	4350	4353	4356	4359	4362	4365	4368	4371	4374	4377	4380	4383	4386	4389
					4392	4395	4398	4401	4404	4407	4410	4413	4416	4419	4422	4425	4428	4431	4434	4437	4440	4443	4446
					4449	4452	4455	4458	4461	4464	4467	4470	4473	4476	4479	4482	4485	4488	4491	4494	4497	4500	4503
					4506	4509	4512	4515	4518	4521	4524	4527	4530	4533	4536	4539	4542	4545	4548	4551	4554	4557	4560
					4563	4566	4569	4572	4575	4578	4581	4584	4587	4590	4593	4596	4599	4602	4605	4608	4611	4614	4617
					4620	4623	4626	4629	4632	4635	4638	4641	4644	4647	4650	4653	4656	4659	4662	4665	4668	4671	4674
					4677	4680	4683	4686	4689	4692	4695	4698	4701	4704	4707	4710	4713	4716	4719	4722	4725	4728	4731
					4734	4737	4740	4743	4746	4749	4752	4755	4758	4761	4764	4767	4770	4773	4776	4779	4782	4785	4788
					4791	4794	4797	4800	4803	4806	4809	4812	4815	4818	4821	4824	4827	4830	4833	4836	4839	4842	4845
					4848	4851	4854	4857	4860	4863	4866	4869	4872	4875	4878	4881	4884	4887	4890	4893	4896	4899	4902
					4905	4908	4911	4914	4917	4920	4923	4926	4929	4932	4935	4938	4941	4944	4947	4950	4953	4956	4959
					4962	4965	4968	4971	4974	4977	4980	4983	4986	4989	4992	4995	4998	5001	5004	5007	5010	5013	5016
					5019	5022	5025	5028	5031	5034	5037	5040	5043	5046	5049	5052	5055	5058	5061	5064	5067	5070	5073
					5076	5079	5082	5085	5088	5091	5094	5097	5100	5103	5106	5109	5112	5115	5118	5121	5124	5127	5130
					5133	5136	5139	5142	5145	5148	5151	5154	5157	5160	5163	5166	5169	5172	5175	5178	5181	5184	5187
					5190	5193	5196	5199	5202	5205	5208	5211	5214	5217	5220	5223	5226	5229	5232	5235	5238	5241	5244
					5247	5250	5253	5256	5259	5262	5265	5268	5271	5274	5277	5280	5283	5286	5289	5292	5295	5298	5301
					5304	5307	5310	5313	5316	5319	5322	5325	5328	5331	5334	5337	5340	5343	5346	5349	5352	5355	5358
					5361	5364	5367	5370	5373	5376	5379	5382	5385	5388	5391	5394	5397	5400	5403	5406	5409	5412	5415
					5418	5421	5424	5427	5430	5433	5436	5439	5442	5445	5448	5451	5454	5457	5460	5463	5466	5469	5472
					5475	5478	5481	5484	5487	5490	5493	5496	5499	5502	5505	5508	5511	5514	5517	5520	5523	5526	5529
					5532	5535	5538	5541	5544	5547	5550	5553	5556	5559	5562	5565	5568	5571	5574	5577	5580	5583	5586
					5589	5592	5595	5598	5601	5604	5607	5610	5613	5616	5619	5622	5625	5628	5631	5634	5637	5640	5643
					5646	5649	5652	5655	5658	5661	5664	5667	5670	5673	5676	5679	5682	5685	5688	5691	5694	5697	5700
					5703	5706	5709	5712	5715	5718	5721	5724	5727	5730	5733	5736	5739	5742	5745	5748	5751	5754	5757
					5760	5763	5766	5769	5772	5775	5778	5781	5784	5787	5790	5793	5796	5799	5802	5805	5808	5811	5814
					5817	5820	5823	5826	5829	5832	5835	5838	5841	5844	5847	5850	5853	5856	5859	5862	5865	5868	5871
					5874	5877	5880	5883	5886	5889	5892	5895	5898	5901	5904	5907	5910	5913	5916	5919	5922	5925	5928
					5931	5934	5937	5940	5943	5946	5949	5952	5955	5958	5961	5964	5967	5970	5973	5976	5979	5982	5985
					5988	5991	5994	5997	6000	6003	6006	6009	6012	6015	6018	6021	6024	6027	6030	6033	6036	6039	6042
					6045	6048	6051	6054	6057	6060	6063	6066	6069	6072	6075	6078	6081	6084	6087	6090	6093	6096	6099
					6102	6105	6108	6111	6114	6117	6120	6123	6126	6129	6132	6135	6138	6141	6144	6147	6150	6153	6156
					6159	6162	6165	6168	6171	6174	6177	6180	6183	6186	6189	6192	6195	6198	6201	6204	6207	6210	6213
					6216	6219	6222	6225	6228	6231	6234	6237	6240	6243	6246	6249	6252	6255	6258	6261	6264	6267	6270
					6273	6276	6279	6282	6285	6288	6291	6294	6297	6300	6303	6306	6309	6312	6315	6318	6321	6324	6327
					6330	6333	6336	6339	6342	6345	6348	6351	6354	6357	6360	6363	6366	6369	6372	6375	6378	6381	6384
					6387	6390	6393	6396	6399	6402	6405	6408	6411	6414	6417	6420	6423	6426	6429	6432	6435	6438	6441
					6444	6447	6450	6453	6456	6459	6462	6465	6468	6471	6474	6477	6480	6483	6486	6489	6492	6495	6498
					6501	6504	6507	6510	6513	6516	6519	6522	6525	6528	6531	6534	6537	6540	6543	6546	6549	6552	6555
					6558	6561	6564	6567	6570	6573	6576	6579	6582	6585	6588	6591	6594	6597	6600	6603	6606	6609	6612
					6615	6618	6621	6624	6627	6630	6633	6636	6639	6642	6645	6648	6651	6654	6657	6660	6663	6666	6669
					6672	6675	6678	6681	6684	6687	6690	6693	6696	6699	6702	6705	6708	6711	6714	6717	6720	6723	6726
					6729	6732	6735	6738	6741	6744	6747	6750	6753	6756	6759	6762	6765	6768	6771	6774	6777	6780	6783
					6786	6789	6792	6795	6798	6801	6804	6807	6810	6813	6816	6819	6822	6825	6828	6831	6834	6837	6840
					6843	6846	6849	6852	6855	6858	6861	6864	6867	6870	6873	6876	6879	6882	6885	6888	6891	6894	6897
					6900	6903	6906	6909	6912	6915	6918	6921	6924	6927	6930	6933	6936	6939	6942	6945	6948	6951	6954
					6957	6960	6963	6966	6969	6972	6975	6978	6981	6984	6987	6990	6993	6996	6999	7002	7005	7008	7011
					7014	7017	7020	7023	7026	7029	7032	7035	7038	7041	7044	7047	7050	7053	7056	7059	7062	7065	7068
					7071	7074	7077	7080	7083	7086	7089	7092	7095	7098	7101	7104	7107	7110	7113	7116	7119	7122	7125
					7128	7131	7134	7137	7140	7143	7146	7149	7152	7155	7158	7161	7164	7167	7170	7173	7176	7179	7182
					7185	7188	7191	7194	7197	7200	7203	7206	7209	7212	7215	7218	7221	7224	7227	7230	7233	7236	7239
					7242	7245	7248	7251	7254	7257	7260	7263	7266	7269	7272	7275	7278	7281	7284	7287	7290	7293	7296
					7299	7302	7305	7308	7311	7314	7317	7320	7323	7326	7329	7332	7335	7338	7341	7344	7347	7350	7353
					7356	7359	7362	7365	7368	7371	7374	7377	7380	7383	7386	7389	7392	7395	7398	7401	7404	7407	7410
					7413	7416	7419	7422	7425	7428	7431	7434	7437	7440	7443	7446	7449	7452	7455	7458	7461	7464	7467
					7470	7473	7476	7479	7482	7485	7488	7491	7494	7497	7500	7503	7506	7509	7512	7515	7518	7521	7524
					7527	7530	7533	7536	7539	7542	7545	7548	7551	7554	7557	7560	7563	7566	7569	7572	7575	7578	7581
					7584	7587	7590	7593	7596	7599	7602	7605	7608	7611	7614	7617	7620	7623	7626	7629	7632	7635	7638
					7641	7644	7647	7650	7653	7656	7659	7662	7665	7668	7671	7674	7677	7680	7683	7686	7689	7692	7695
					7698	7701	7704	7707	7710	7713	7716	7719	7722	7725	7728	7731	7734	7737	7740	7743	7746	7749	7752
					7755	7758	7761	7764	7767	7770	7773	7776	7779	7782	7785	7788	7791	7794	7797	7800	7803	7806	7809
					7812	7815	7818	7821	7824	7827	7830	7833	7836	7839	7842	7845	7848	7851	7854	7857	7860	7863	7866
					7869	7872	7875	7878	7881	7884	7887	7890	7893	7896	7899	7902	7905	7908	7911	7914	7917	7920	7923
					7926	7929	7932	7935	7938	7941	7944	7947	7950	7953	7956	7959	7962	7965	7968	7971	7974	7977	7980
					7983	7986	7989	7992	7995	7998	8001	8004	8007	8010	8013	8016	8019	8022	8025	8028	8031	8034	8037
					8040	8043	8046	8049	8052	8055	8058	8061	8064	8067	8070	8073	8076	8079	8082	8085	8088	8091	8094
					8097	8100	8103	8106	8109	8112	8115	8118	8121	8124	8127	8130	8133	8136	8139	8142	8145	8148	8151
					8154	8157	8160	8163	8166	8169	8172	8175	8178	8181	8184	8187	8190	8193	8196	8199	8202	8205	8208
					8211	8214	8217	8220	8223	8226	8229	8232	8235	8238	8241	8244	8247	8250	8253	8256	8259	8262	8265
					8268	8271	8274	8277	8280	8283	8286	8289	8292	8295	8298	8301	8304	8307	8310	8313	8316	8319	8322
					8325	8328	8331	8334	8337	8340	8343	8346	8349	8352	8355	8358	8361	8364	8367	8370	8373	8376	8379
					8382	8385	8388	8391	8394	8397	8400	8403	8406	8409	8412	8415	8418	8421	8424	8427	8430	8433	8436
					8439	8442	8445	8448	8451	8454	8457	8460	8463	8466	8469	8472	8475	8478	8481	8484	8487	8490	8493
					8496	8499	8502	8505	8508	8511	8514	8517	8520	8523	8526	8529	8532	8535	8538	8541	8544	8547	8550
					8553	8556	8559	8562	8565	8568	8571	8574	8577	8580	8583	8586	8589	8592	8595	8598	8601	8604	8607
					8610	8613	8616	8619	8622	8625	8628	8631	8634	8637	8640	8643	8646	8649	8652	8655	8658	8661	8664
					8667	8670	8673	8676	8679	8682	8685	8688	8691	8694	8697	8700	8703	8706	8709	8712	8715	8718	8721
					8724	8727	8730	8733	8736	8739	8742	8745	8748	8751	8754	8757	8760	8763	8766	8769	8772	8775	8778
					8781	8784	8787	8790	8793	8796	8799	8802	8805	8808	8811	8814	8817	8820	8823	8826	8829	8832	8835
					8838	8841	8844	8847	8850	8853	8856	8859	8862	8865	8868	8871	8874	8877	8880	8883	8886	8889	8892
					8895	8898	8901	8904	8907	8910	8913	8916	8919	8922	8925	8928	8931	8934	8937	8940	8943	8946	8949
					8952	8955	8958	8961	8964	8967	8970	8973	8976	8979	8982	8985	8988	8991	8994	8997	9000	9003	9006
					9009	9012	9015	9018	9021	9024	9027	9030	9033	9036	9039	9042	9045	9048	9051	9054	9057	9060	9063
					9066	9069	9072	9075	9078	9081	9084	9087	9090	9093	9096	9099	9102	9105	9108	9111	9114	9117	9120
					9123	9126	9129	9132	9135	9138	9141	9144	9147	9150	9153	9156	9159	9162	9165	9168	9171	9174	9177
					9180	9183	9186	9189	9192	9195	9198	9201	9204	9207	9210	9213	9216	9219	9222	9225	9228	9231	9234
					9237	9240	9243	9246	9249	9252	9255	9258	9261	9264	9267	9270	9273	9276	9279	9282	9285	9288	9291
					9294	9297	9300	9303	9306	9309	9312	9315	9318	9321	9324	9327	9330	9333	9336	9339	9342	9345	9348
					9351	9354	9357	9360	9363	9366	9369	9372	9375	9378	9381	9384	9387	9390	9393	9396	9399	9402	9405
					9408	9411	9414	9417	9420	9423	9426	9429	9432	9435	9438	9441	9444	9447	9450	9453	9456	9459	9462
					9465	9468	9471	9474	9477	9480	9483	9486	9489	9492	9495	9498	9501	9504	9507	9510	9513	9516	9519
					9522	9525	9528	9531	9534	9537	9540	9543	9546	9549	9552	9555	9558	9561	9564	9567	9570	9573	9576
					9579	9582	9585	9588	9591	9594	9597	9600	9603	9606	9609	9612	9615	9618	9621	9624	9627	9630	9633
					9636	9639	9642	9645	9648	9651	9654	9657	9660	9663	9666	9669	9672	9675	9678	9681	9684	9687	9690
					9693	9696	9699	9702	9705	9708	9711	9714	9717	9720	9723	9726	9729	9732	9735	9738	9741	9744	9747
					9750	9753	9756	9759	9762	9765	9768	9771	9774	9777	9780	9783	9786	9789	9792	9795	9798	9801	9804
					9807	9810	9813	9816	9819	9822	9825	9828	9831	9834	9837	9840	9843	9846	9849	9852	9855	9858	9861
					9864	9867	9870	9873	9876	9879	9882	9885	9888	9891	9894	9897	9900	9903	9906	9909	9912	9915	9918
					9921	9924	9927	9930	9933	9936	9939	9942	9945	9948	9951	9954	9957	9960	9963	9966	9969	9972	9975
					9978	9981	9984	9987	9990	9993	9996	9999	10002	10005	10008	10011	10014	10017	10020	10023	10026	10029	10032
					10035	10038	10041	10044	10047	10050	10053	10056	10059	10062	10065	10068	10071	10074	10077	10080	10083	10086	10089
					10092	10095	10098	10101	10104	10107	10110	10113	10116	10119	10122	10125	10128	10131	10134	10137	10140	10143	10146
					10149	10152	10155	10158	10161	10164	10167	10170	10173	10176	10179	10182	10185	10188	10191	10194	10197	10200	10203
					10206	10209	10212	10215	10218	10221	10224	10227	10230	10233	10236	10239	10242	10245	10248	10251	10254	10257	10260
					10263	10266	10269	10272	10275	10278	10281	10284	10287	10290	10293	10296	10299	10302	10305	10308	10311	10314	10317
					10320	10323	10326	10329	10332	10335	10338	10341	10344	10347	10350	10353	10356	10359	10362	10365	10368	10371	10374
					10377	10380	10383	10386	10389	10392	10395	10398	10401	10404	10407	10410	10413	10416	10419	10422	10425	10428	10431
					10434	10437	10440	10443	10446	10449	10452	10455	10458	10461	10464	10467	10470	10473	10476	10479	10482	10485	10488
					10491	10494	10497	10500	10503	10506	10509	10512	10515	10518	10521	10524	10527	10530	10533	10536	10539	10542	10545
					10548	10551	10554	10557	10560	10563	10566	10569	10572	10575	10578	10581	10584	10587	10590	10593	10596	10599	10602
					10605	10608	10611	10614	10617	10620	10623	10626	10629	10632	10635	10638	10641	10644	10647	10650	10653	10656	10659
					10662	10665	10668	10671	10674	10677	10680	10683	10686	10689	10692	10695	10698	10701	10704	10707	10710	10713	10716
					10719	10722	10725	10728	10731	10734	10737	10740	10743	10746	10749	10752	10755	10758	10761	10764	10767	10770	10773
					10776	10779	10782	10785	10788	10791	10794	10797	10800	10803	10806	10809	10812	10815	10818	10821	10824	10827	10830
					10833	10836	10839	10842	10845	10848	10851	10854	10857	10860	10863	10866	10869	10872	10875	10878	10881	10884	10887
					10890	10893	10896	10899	10902	10905	10908	10911	10914	10917	10920	10923	10926	10929	10932	10935	10938	10941	10944
					10947	10950	10953	10956	10959	10962	10965	10968	10971	10974	10977	10980	10983	10986	10989	10992	10995	10998	11001
					11004	11007	11010	11013	11016	11019	11022	11025	11028	11031	11034	11037	11040	11043	11046	11049	11052	11055	11058
					11061	11064	11067	11070	11073	11076	11079	11082	11085	11088	11091	11094	11097	11100	11103	11106	11109	11112	11115
					11118	11121	11124	11127	11130	11133	11136	11139	11142	11145	11148	11151	11154	11157	11160	11163	11166	11169	11172
					11175	11178	11181	11184	11187	11190	11193	11196	11199	11202	11205	11208	11211	11214	11217	11220	11223	11226	11229
					11232	11235	11238	11241	11244	11247	11250	11253	11256	11259	11262	11265	11268	11271	11274	11277	11280	11283	11286
					11289	11292	11295	11298	11301	11304	11307	11310	11313	11316	11319	11322	11325	11328	11331	11334	11337	11340	11343
					11346	11349	11352	11355	11358	11361	11364	11367	11370	11373	11376	11379	11382	11385	11388	11391	11394	11397	11400
					11403	11406	11409	11412	11415	11418	11421	11424	11427	11430	11433	11436	11439	11442	11445	11448	11451	11454	11457
					11460	11463	11466	11469	11472	11475	11478	11481	11484	11487	11490	11493	11496	11499	11502	11505	11508	11511	11514
					11517	11520	11523	11526	11529	11532	11535	11538	11541	11544	11547	11550	11553	11556	11559	11562	11565	11568	11571
					11574	11577	11580	11583	11586	11589	11592	11595	11598	11601	11604	11607	11610	11613	11616	11619	11622	11625	11628
					11631	11634	11637	11640	11643	11646	11649	11652	11655	11658	11661	11664	11667	11670	11673	11676	11679	11682	11685
					11688	11691	11694	11697	11700	11703	11706	11709	11712	11715	11718	11721	11724	11727	11730	11733	11736	11739	11742
					11745	11748	11751	11754	11757	11760	11763	11766	11769	11772	11775	11778	11781	11784	11787	11790	11793	11796	11799
					11802	11805	11808	11811	11814	11817	11820	11823	11826	11829	11832	11835	11838	11841	11844	11847	11850	11853	11856
					11859	11862	11865	11868	11871	11874	11877	11880	11883	11886	11889	11892	11895	11898	11901	11904	11907	11910	11913
					11916	11919	11922	11925	11928	11931	11934	11937	11940	11943	11946	11949	11952	11955	11958	11961	11964	11967	11970
					11973	11976	11979	11982	11985	11988	11991	11994	11997	12000	12003	12006	12009	12012	12015	12018	12021	12024	12027
					12030	12033	12036	12039	12042	12045	12048	12051	12054	12057	12060	12063	12066	12069	12072	12075	12078	12081	12084
					12087	12090	12093	12096	12099	12102	12105	12108	12111	12114	12117	12120	12123	12126	12129	12132	12135	12138	12141
					12144	12147	12150	12153	12156	12159	12162	12165	12168	12171	12174	12177	12180	12183	12186	12189	12192	12195	12198
					12201	12204	12207	12210	12213	12216	12219	12222	12225	12228	12231	12234	12237	12240	12243	12246	12249	12252	12255
					12258	12261	12264	12267	12270	12273	12276	12279	12282	12285	12288	12291	12294	12297	12300	12303	12306	12309	12312
					12315	12318	12321	12324	12327	12330	12333	12336	12339	12342	12345	12348	12351	12354	12357	12360	12363	12366	12369
					12372	12375	12378	12381	12384	12387	12390	12393	12396	12399	12402	12405	12408	12411	12414	12417	12420	12423	12426
					12429	12432	12435	12438	12441	12444	12447	12450	12453	12456	12459	12462	12465	12468	12471	12474	12477	12480	12483
					12486	12489	12492	12495	12498	12501	12504	12507	12510	12513	12516	12519	12522	12525	12528	12531	12534	12537	12540
					12543	12546	12549	12552	12555	12558	12561	12564	12567	12570	12573	12576	12579	12582	12585	12588	12591	12594	12597
					12600	12603	12606	12609	12612	12615	12618	12621	12624	12627	12630	12633	12636	12639	12642	12645	12648	12651	12654
					12657	12660	12663	12666	12669	12672	12675	12678	12681	12684	12687	12690	12693	12696	12699	12702	12705	12708	12711
					12714	12717	12720	12723	12726	12729	12732	12735	12738	12741	12744	12747	12750	12753	12756	12759	12762	12765	12768
					12771	12774	12777	12780	12783	12786	12789	12792	12795	12798	12801	12804	12807	12810	12813	12816	12819	12822	12825
					12828	12831	12834	12837	12840	12843	12846	12849	12852	12855	12858	12861	12864	12867	12870	12873	12876	12879	12882
					12885	12888	12891	12894	12897	12900	12903	12906	12909	12912	12915	12918	12921	12924	12927	12930	12933	12936	12939
					12942	12945	12948	12951	12954	12957	12960	12963	12966	12969	12972	12975	12978	12981	12984	12987	12990	12993	12996
					12999	13002	13005	13008	13011	13014	13017	13020	13023	13026	13029	13032	13035	13038	13041	13044	13047	13050	13053
					13056	13059	13062	13065	13068	13071	13074	13077	13080	13083	13086	13089	13092	13095	13098	13101	13104	13107	13110
					13113	13116	13119	13122	13125	13128	13131	13134	13137	13140	13143	13146	13149	13152	13155	13158	13161	13164	13167
					13170	13173	13176	13179	13182	13185	13188	13191	13194	13197	13200	13203	13206	13209	13212	13215	13218	13221	13224
					13227	13230	13233	13236	13239	13242	13245	13248	13251	13254	13257	13260	13263	13266	13269	13272	13275	13278	13281
					13284	13287	13290	13293	13296	13299	13302	13305	13308	13311	13314	13317	13320	13323	13326	13329	13332	13335	13338
					13341	13344	13347	13350	13353	13356	13359	13362	13365	13368	13371	13374	13377	13380	13383	13386	13389	13392	13395
					13398	13401	13404	13407	13410	13413	13416	13419	13422	13425	13428	13431	13434	13437	13440	13443	13446	13449	13452
					13455	13458	13461	13464	13467	13470	13473	13476	13479	13482	13485	13488	13491	13494	13497	13500	13503	13506	13509
					13512	13515	13518	13521	13524	13527	13530	13533	13536	13539	13542	13545	13548	13551	13554	13557	13560	13563	13566
					13569	13572	13575	13578	13581	13584	13587	13590	13593	13596	13599	13602	13605	13608	13611	13614	13617	13620	13623
					13626	13629	13632	13635	13638	13641	13644	13647	13650	13653	13656	13659	13662	13665	13668	13671	13674	13677	13680
					13683	13686	13689	13692	13695	13698	13701	13704	13707	13710	13713	13716	13719	13722	13725	13728	13731	13734	13737
					13740	13743	13746	13749	13752	13755	13758	13761	13764	13767	13770	13773	13776	13779	13782	13785	13788	13791	13794
					13797	13800	13803	13806	13809	13812	13815	13818	13821	13824	13827	13830	13833	13836	13839	13842	13845	13848	13851
					13854	13857	13860	13863	13866	13869	13872	13875	13878	13881	13884	13887	13890	13893	13896	13899	13902	13905	13908
					13911	13914	13917	13920	13923	13926	13929	13932	13935	13938	13941	13944	13947	13950	13953	13956	13959	13962	13965
					13968	13971	13974	13977	13980	13983	13986	13989	13992	13995	13998	14001	14004	14007	14010	14013	14016	14019	14022
					14025	14028	14031	14034	14037	14040	14043	14046	14049	14052	14055	14058	14061	14064	14067	14070	14073	14076	14079
					14082	14085	14088	14091	14094	14097	14100	14103	14106	14109	14112	14115	14118	14121	14124	14127	14130	14133	14136
					14139	14142	14145	14148	14151	14154	14157	14160	14163	14166	14169	14172	14175	14178	14181	14184	14187	14190	14193
					14196	14199	14202	14205	14208	14211	14214	14217	14220	14223	14226	14229	14232	14235	14238	14241	14244	14247	14250
					14253	14256	14259	14262	14265	14268	14271	14274	14277	14280	14283	14286	14289	14292	14295	14298	14301	14304	14307
					14310	14313	14316	14319	14322	14325	14328	14331	14334	14337	14340	14343	14346	14349	14352	14355	14358	14361	14364
					14367	14370	14373	14376	14379	14382	14385	14388	14391	14394	14397	14400	14403	14406	14409	14412	14415	14418	14421
					14424	14427	14430	14433	14436	14439	14442	14445	14448	14451	14454	14457	14460	14463	14466	14469	14472	14475	14478
					14481	14484	14487	14490	14493	14496	14499	14502	14505	14508	14511	14514	14517	14520	14523	14526	14529	14532	14535
					14538	14541	14544	14547	14550	14553	14556	14559	14562	14565	14568	14571	14574	14577	14580	14583	14586	14589	14592
					14595	14598	14601	14604	14607	14610	14613	14616	14619	14622	14625	14628	14631	14634	14637	14640	14643	14646	14649
					14652	14655	14658	14661	14664	14667	14670	14673	14676	14679	14682	14685	14688	14691	14694	14697	14700	14703	14706
					14709	14712	14715	14718	14721	14724	14727	14730	14733	14736	14739	14742	14745	14748	14751	14754	14757	14760	14763
					14766	14769	14772	14775	14778	14781	14784	14787	14790	14793	14796	14799	14802	14805	14808	14811	14814	14817	14820
					14823	14826	14829	14832	14835	14838	14841	14844	14847	14850	14853	14856	14859	14862	14865	14868	14871	14874	14877
					14880	14883	14886	14889	14892	14895	14898	14901	14904	14907	14910	14913	14916	14919	14922	14925	14928	14931	14934
					14937	14940	14943	14946	14949	14952	14955	14958	14961	14964	14967	14970	14973	14976	14979	14982	14985	14988	14991
					14994	14997	15000	15003	15006	15009	15012	15015	15018	15021	15024	15027	15030	15033	15036	15039	15042	15045	15048
					15051	15054	15057	15060	15063	15066	15069	15072	15075	15078	15081	15084	15087	15090	15093	15096	15099	15102	15105
					15108	15111	15114	15117	15120	15123	15126	15129	15132	15135	15138	15141	15144	15147	15150	15153	15156	15159	15162
					15165	15168	15171	15174	15177	15180	15183	15186	15189	15192	15195	15198	15201	15204	15207	15210	15213	15216	15219
					15222	15225	15228	15231	15234	15237	15240	15243	15246	15249	15252	15255	15258	15261	15264	15267	15270	15273	15276
					15279	15282	15285	15288	15291	15294	15297	15300	15303	15306	15309	15312	15315	15318	15321	15324	15327	15330	15333
					15336	15339	15342	15345	15348	15351	15354	15357	15360	15363	15366	15369	15372	15375	15378	15381	15384	15387	15390
					15393	15396	15399	15402	15405	15408	15411	15414	15417	15420	15423	15426	15429	15432	15435	15438	15441	15444	15447
					15450	15453	15456	15459	15462	15465	15468	15471	15474	15477	15480	15483	15486	15489	15492	15495	15498	15501	15504
					15507	15510	15513	15516	15519	15522	15525	15528	15531	15534	15537	15540	15543	15546	15549	15552	15555	15558	15561
					15564	15567	15570	15573	15576	15579	15582	15585	15588	15591	15594	15597	15600	15603	15606	15609	15612	15615	15618
					15621	15624	15627	15630	15633	15636	15639	15642	15645	15648	15651	15654	15657	15660	15663	15666	15669	15672	15675
					15678	15681	15684	15687	15690	15693	15696	15699	15702	15705	15708	15711	15714	15717	15720	15723	15726	15729	15732
					15735	15738	15741	15744	15747	15750	15753	15756	15759	15762	15765	15768	15771	15774	15777	15780	15783	15786	15789
					15792	15795	15798	15801	15804	15807	15810	15813	15816	15819	15822	15825	15828	15831	15834	15837	15840	15843	15846
					15849	15852	15855	15858	15861	15864	15867	15870	15873	15876	15879	15882	15885	15888	15891	15894	15897	15900	15903
					15906	15909	15912	15915	15918	15921	15924	15927	15930	15933	15936	15939	15942	15945	15948	15951	15954	15957	15960
					15963	15966	15969	15972	15975	15978	15981	15984	15987	15990	15993	15996	15999	16002	16005	16008	16011	16014	16017
					16020	16023	16026	16029	16032	16035	16038	16041	16044	16047	16050	16053	16056	16059	16062	16065	16068	16071	16074
					16077	16080	16083	16086	16089	16092	16095	16098	16101	16104	16107	16110	16113	16116	16119	16122	16125	16128	16131
					16134	16137	16140	16143	16146	16149	16152	16155	16158	16161	16164	16167	16170	16173	16176	16179	16182	16185	16188
					16191	16194	16197	16200	16203	16206	16209	16212	16215	16218	16221	16224	16227	16230	16233	16236	16239	16242	16245
					16248	16251	16254	16257	16260	16263	16266	16269	16272	16275	16278	16281	16284	16287	16290	16293	16296	16299	16302
					16305	16308	16311	16314	16317	16320	16323	16326	16329	16332	16335	16338	16341	16344	16347	16350	16353	16356	16359
					16362	16365	16368	16371	16374	16377	16380	16383	16386	16389	16392	16395	16398	16401	16404	16407	16410	16413	16416
					16419	16422	16425	16428	16431	16434	16437	16440	16443	16446	16449	16452	16455	16458	16461	16464	16467	16470	16473
					16476	16479	16482	16485	16488	16491	16494	16497	16500	16503	16506	16509	16512	16515	16518	16521	16524	16527	16530
					16533	16536	16539	16542	16545	16548	16551	16554	16557	16560	16563	16566	16569	16572	16575	16578	16581	16584	16587
					16590	16593	16596	16599	16602	16605	16608	16611	16614	16617	16620	16623	16626	16629	16632	16635	16638	16641	16644
					16647	16650	16653	16656	16659	16662	16665	16668	16671	16674	16677	16680	16683	16686	16689	16692	16695	16698	16701
					16704	16707	16710	16713	16716	16719	16722	16725	16728	16731	16734	16737	16740	16743	16746	16749	16752	16755	16758
					16761	16764	16767	16770	16773	16776	16779	16782	16785	16788	16791	16794	16797	16800	16803	16806	16809	16812	16815
					16818	16821	16824	16827	16830	16833	16836	16839	16842	16845	16848	16851	16854	16857	16860	16863	16866	16869	16872
					16875	16878	16881	16884	16887	16890	16893	16896	16899	16902	16905	16908	16911	16914	16917	16920	16923	16926	16929
					16932	16935	16938	16941	16944	16947	16950	16953	16956	16959	16962	16965	16968	16971	16974	16977	16980	16983	16986
					16989	16992	16995	16998	17001	17004	17007	17010	17013	17016	17019	17022	17025	17028	17031	17034	17037	17040	17043
					17046	17049	17052	17055	17058	17061	17064	17067	17070	17073	17076	17079	17082	17085	17088	17091	17094	17097	17100
					17103	17106	17109	17112	17115	17118	17121	17124	17127	17130	17133	17136	17139	17142	17145	17148	17151	17154	17157
					17160	17163	17166	17169	17172	17175	17178	17181	17184	17187	17190	17193	17196	17199	17202	17205	17208	17211	17214
					17217	17220	17223	17226	17229	17232	17235	17238	17241	17244	17247	17250	17253	17256	17259	17262	17265	17268	17271
					17274	17277	17280	17283	17286	17289	17292	17295	17298	17301	17304	17307	17310	17313	17316	17319	17322	17325	17328
					17331	17334	17337	17340	17343	17346	17349	17352	17355	17358	17361	17364	17367	17370	17373	17376	17379	17382	17385
					17388	17391	17394	17397	17400	17403	17406	17409	17412	17415	17418	17421	17424	17427	17430	17433	17436	17439	17442
					17445	17448	17451	17454	17457	17460	17463	17466	17469	17472	17475	17478	17481	17484	17487	17490	17493	17496	17499
					17502	17505	17508	17511	17514	17517	17520	17523	17526	17529	17532	17535	17538	17541	17544	17547	17550	17553	17556
					17559	17562	17565	17568	17571	17574	17577	17580	17583	17586	17589	17592	17595	17598	17601	17604	17607	17610	17613
					17616	17619	17622	17625	17628	17631	17634	17637	17640	17643	17646	17649	17652	17655	17658	17661	17664	17667	17670
					17673	17676	17679	17682	17685	17688	17691	17694	17697	17700	17703	17706	17709	17712	17715	17718	17721	17724	17727
					17730	17733	17736	17739	17742	17745	17748	17751	17754	17757	17760	17763	17766	17769	17772	17775	17778	17781	17784
					17787	17790	17793	17796	17799	17802	17805	17808	17811	17814	17817	17820	17823	17826	17829	17832	17835	17838	17841
					17844	17847	17850	17853	17856	17859	17862	17865	17868	17871	17874	17877	17880	17883	17886	17889	17892	17895	17898
					17901	17904	17907	17910	17913	17916	17919	17922	17925	17928	17931	17934	17937	17940	17943	17946	17949	17952	17955
					17958	17961	17964	17967	17970	17973	17976	17979	17982	17985	17988	17991	17994	17997	18000	18003	18006	18009	18012
					18015	18018	18021	18024	18027	18030	18033	18036	18039	18042	18045	18048	18051	18054	18057	18060	18063	18066	18069
					18072	18075	18078	18081	18084	18087	18090	18093	18096	18099	18102	18105	18108	18111	18114	18117	18120	18123	18126
					18129	18132	18135	18138	18141	18144	18147	18150	18153	18156	18159	18162	18165	18168	18171	18174	18177	18180	18183
					18186	18189	18192	18195	18198	18201	18204	18207	18210	18213	18216	18219	18222	18225	18228	18231	18234	18237	18240
					18243	18246	18249	18252	18255	18258	18261	18264	18267	18270	18273	18276	18279	18282	18285	18288	18291	18294	18297
					18300	18303	18306	18309	18312	18315	18318	18321	18324	18327	18330	18333	18336	18339	18342	18345	18348	18351	18354
					18357	18360	18363	18366	18369	18372	18375	18378	18381	18384	18387	18390	18393	18396	18399	18402	18405	18408	18411
					18414	18417	18420	18423	18426	18429	18432	18435	18438	18441	18444	18447	18450	18453	18456	18459	18462	18465	18468
					18471	18474	18477	18480	18483	18486	18489	18492	18495	18498	18501	18504	18507	18510	18513	18516	18519	18522	18525
					18528	18531	18534	18537	18540	18543	18546	18549	18552	18555	18558	18561	18564	18567	18570	18573	18576	18579	18582
					18585	18588	18591	18594	18597	18600	18603	18606	18609	18612	18615	18618	18621	18624	18627	18630	18633	18636	18639
					18642	18645	18648	18651	18654	18657	18660	18663	18666	18669	18672	18675	18678	18681	18684	18687	18690	18693	18696
					18699	18702	18705	18708	18711	18714	18717	18720	18723	18726	18729	18732	18735	18738	18741	18744	18747	18750	18753
					18756	18759	18762	18765	18768	18771	18774	18777	18780	18783	18786	18789	18792	18795	18798	18801	18804	18807	18810
					18813	18816	18819	18822	18825	18828	18831	18834	18837	18840	18843	18846	18849	18852	18855	18858	18861	18864	18867
					18870	18873	18876	18879	18882	18885	18888	18891	18894	18897	18900	18903	18906	18909	18912	18915	18918	18921	18924
					18927	18930	18933	18936	18939	18942	18945	18948	18951	18954	18957	18960	18963	18966	18969	18972	18975	18978	18981
					18984	18987	18990	18993	18996	18999	19002	19005	19008	19011	19014	19017	19020	19023	19026	19029	19032	19035	19038
					19041	19044	19047	19050	19053	19056	19059	19062	19065	19068	19071	19074	19077	19080	19083	19086	19089	19092	19095
					19098	19101	19104	19107	19110	19113	19116	19119	19122	19125	19128	19131	19134	19137	19140	19143	19146	19149	19152
					19155	19158	19161	19164	19167	19170	19173	19176	19179	19182	19185	19188	19191	19194	19197	19200	19203	19206	19209
					19212	19215	19218	19221	19224	19227	19230	19233	19236	19239	19242	19245	19248	19251	19254	19257	19260	19263	19266
					19269	19272	19275	19278	19281	19284	19287	19290	19293	19296	19299	19302	19305	19308	19311	19314	19317	19320	19323
					19326	19329	19332	19335	19338	19341	19344	19347	19350	19353	19356	19359	19362	19365	19368	19371	19374	19377	19380
					19383	19386	19389	19392	19395	19398	19401	19404	19407	19410	19413	19416	19419	19422	19425	19428	19431	19434	19437
					19440	19443	19446	19449	19452	19455	19458	19461	19464	19467	19470	19473	19476	19479	19482	19485	19488	19491	19494
					19497	19500	19503	19506	19509	19512	19515	19518	19521	19524	19527	19530	19533	19536	19539	19542	19545	19548	19551
					19554	19557	19560	19563	19566	19569	19572	19575	19578	19581	19584	19587	19590	19593	19596	19599	19602	19605	19608
					19611	19614	19617	19620	19623	19626	19629	19632	19635	19638	19641	19644	19647	19650	19653	19656	19659	19662	19665
					19668	19671	19674	19677	19680	19683	19686	19689	19692	19695	19698	19701	19704	19707	19710	19713	19716	19719	19722
					19725	19728	19731	19734	19737	19740	19743	19746	19749	19752	19755	19758	19761	19764	19767	19770	19773	19776	19779
					19782	19785	19788	19791	19794	19797	19800	19803	19806	19809	19812	19815	19818	19821	19824	19827	19830	19833	19836
					19839	19842	19845	19848	19851	19854	19857	19860	19863	19866	19869	19872	19875	19878	19881	19884	19887	19890	19893
					19896	19899	19902	19905	19908	19911	19914	19917	19920	19923	19926	19929	19932	19935	19938	19941	19944	19947	19950
					19953	19956	19959	19962	19965	19968	19971	19974	19977	19980	19983	19986	19989	19992	19995	19998	20001	20004	20007
					20010	20013	20016	20019	20022	20025	20028	20031	20034	20037	20040	20043	20046	20049	20052	20055	20058	20061	20064
					20067	20070	20073	20076	20079	20082	20085	20088	20091	20094	20097	20100	20103	20106	20109	20112	20115	20118	20121
					20124	20127	20130	20133	20136	20139	20142	20145	20148	20151	20154	20157	20160	20163	20166	20169	20172	20175	20178
					20181	20184	20187	20190	20193	20196	20199	20202	20205	20208	20211	20214	20217	20220	20223	20226	20229	20232	20235
					20238	20241	20244	20247	20250	20253	20256	20259	20262	20265	20268	20271	20274	20277	20280	20283	20286	20289	20292
					20295	20298	20301	20304	20307	20310	20313	20316	20319	20322	20325	20328	20331	20334	20337	20340	20343	20346	20349
					20352	20355	20358	20361	20364	20367	20370	20373	20376	20379	20382	20385	20388	20391	20394	20397	20400	20403	20406
					20409	20412	20415	20418	20421	20424	20427	20430	20433	20436	20439	20442	20445	20448	20451	20454	20457	20460	20463
					20466	20469	20472	20475	20478	20481	20484	20487	20490	20493	20496	20499	20502	20505	20508	20511	20514	20517	20520
					20523	20526	20529	20532	20535	20538	20541	20544	20547	20550	20553	20556	20559	20562	20565	20568	20571	20574	20577
					20580	20583	20586	20589	20592	20595	20598	20601	20604	20607	20610	20613	20616	20619	20622	20625	20628	20631	20634
					20637	20640	20643	20646	20649	20652	20655	20658	20661	20664	20667	20670	20673	20676	20679	20682	20685	20688	20691
					20694	20697	20700	20703	20706	20709	20712	20715	20718	20721	20724	20727	20730	20733	20736	20739	20742	20745	20748
					20751	20754	20757	20760	20763	20766	20769	20772	20775	20778	20781	20784	20787	20790	20793	20796	20799	20802	20805
					20808	20811	20814	20817	20820	20823	20826	20829	20832	20835	20838	20841	20844	20847	20850	20853	20856	20859	20862
					20865	20868	20871	20874	20877	20880	20883	20886	20889	20892	20895	20898	20901	20904	20907	20910	20913	20916	20919
					20922	20925	20928	20931	20934	20937	20940	20943	20946	20949	20952	20955	20958	20961	20964	20967	20970	20973	20976
					20979	20982	20985	20988	20991	20994	20997	21000	21003	21006	21009	21012	21015	21018	21021	21024	21027	21030	21033
					21036	21039	21042	21045	21048	21051	21054	21057	21060	21063	21066	21069	21072	21075	21078	21081	21084	21087	21090
					21093	21096	21099	21102	21105	21108	21111	21114	21117	21120	21123	21126	21129	21132	21135	21138	21141	21144	21147
					21150	21153	21156	21159	21162	21165	21168	21171	21174	21177	21180	21183	21186	21189	21192	21195	21198	21201	21204
					21207	21210	21213	21216	21219	21222	21225	21228	21231	21234	21237	21240	21243	21246	21249	21252	21255	21258	21261
					21264	21267	21270	21273	21276	21279	21282	21285	21288	21291	21294	21297	21300	21303	21306	21309	21312	21315	21318
					21321	21324	21327	21330	21333	21336	21339	21342	21345	21348	21351	21354	21357	21360	21363	21366	21369	21372	21375
					21378	21381	21384	21387	21390	21393	21396	21399	21402	21405	21408	21411	21414	21417	21420	21423	21426	21429	21432
					21435	21438	21441	21444	21447	21450	21453	21456	21459	21462	21465	21468	21471	21474	21477	21480	21483	21486	21489
					21492	21495	21498	21501	21504	21507	21510	21513	21516	21519	21522	21525	21528	21531	21534	21537	21540	21543	21546
					21549	21552	21555	21558	21561	21564	21567	21570	21573	21576	21579	21582	21585	21588	21591	21594	21597	21600	21603
					21606	21609	21612	21615	21618	21621	21624	21627	21630	21633	21636	21639	21642	21645	21648	21651	21654	21657	21660
					21663	21666	21669	21672	21675	21678	21681	21684	21687	21690	21693	21696	21699	21702	21705	21708	21711	21714	21717
					21720	21723	21726	21729	21732	21735	21738	21741	21744	21747	21750	21753	21756	21759	21762	21765	21768	21771	21774
					21777	21780	21783	21786	21789	21792	21795	21798	21801	21804	21807	21810	21813	21816	21819	21822	21825	21828	21831
					21834	21837	21840	21843	21846	21849	21852	21855	21858	21861	21864	21867	21870	21873	21876	21879	21882	21885	21888
					21891	21894	21897	21900	21903	21906	21909	21912	21915	21918	21921	21924	21927	21930	21933	21936	21939	21942	21945
					21948	21951	21954	21957	21960	21963	21966	21969	21972	21975	21978	21981	21984	21987	21990	21993	21996	21999	22002
					22005	22008	22011	22014	22017	22020	22023	22026	22029	22032	22035	22038	22041	22044	22047	22050	22053	22056	22059
					22062	22065	22068	22071	22074	22077	22080	22083	22086	22089	22092	22095	22098	22101	22104	22107	22110	22113	22116
					22119	22122	22125	22128	22131	22134	22137	22140	22143	22146	22149	22152	22155	22158	22161	22164	22167	22170	22173
					22176	22179	22182	22185	22188	22191	22194	22197	22200	22203	22206	22209	22212	22215	22218	22221	22224	22227	22230
					22233	22236	22239	22242	22245	22248	22251	22254	22257	22260	22263	22266	22269	22272	22275	22278	22281	22284	22287
					22290	22293	22296	22299	22302	22305	22308	22311	22314	22317	22320	22323	22326	22329	22332	22335	22338	22341	22344
					22347	22350	22353	22356	22359	22362	22365	22368	22371	22374	22377	22380	22383	22386	22389	22392	22395	22398	22401
					22404	22407	22410	22413	22416	22419	22422	22425	22428	22431	22434	22437	22440	22443	22446	22449	22452	22455	22458
					22461	22464	22467	22470	22473	22476	22479	22482	22485	22488	22491	22494	22497	22500	22503	22506	22509	22512	22515
					22518	22521	22524	22527	22530	22533	22536	22539	22542	22545	22548	22551	22554	22557	22560	22563	22566	22569	22572
					22575	22578	22581	22584	22587	22590	22593	22596	22599	22602	22605	22608	22611	22614	22617	22620	22623	22626	22629
					22632	22635	22638	22641	22644	22647	22650	22653	22656	22659	22662	22665	22668	22671	22674	22677	22680	22683	22686
					22689	22692	22695	22698	22701	22704	22707	22710	22713	22716	22719	22722	22725	22728	22731	22734	22737	22740	22743
					22746	22749	22752	22755	22758	22761	22764	22767	22770	22773	22776	22779	22782	22785	22788	22791	22794	22797	22800
					22803	22806	22809	22812	22815	22818	22821	22824	22827	22830	22833	22836	22839	22842	22845	22848	22851	22854	22857
					22860	22863	22866	22869	22872	22875	22878	22881	22884	22887	22890	22893	22896	22899	22902	22905	22908	22911	22914
					22917	22920	22923	22926	22929	22932	22935	22938	22941	22944	22947	22950	22953	22956	22959	22962	22965	22968	22971
					22974	22977	22980	22983	22986	22989	22992	22995	22998	23001	23004	23007	23010	23013	23016	23019	23022	23025	23028
					23031	23034	23037	23040	23043	23046	23049	23052	23055	23058	23061	23064	23067	23070	23073	23076	23079	23082	23085
					23088	23091	23094	23097	23100	23103	23106	23109	23112	23115	23118	23121	23124	23127	23130	23133	23136	23139	23142
					23145	23148	23151	23154	23157	23160	23163	23166	23169	23172	23175	23178	23181	23184	23187	23190	23193	23196	23199
					23202	23205	23208	23211	23214	23217	23220	23223	23226	23229	23232	23235	23238	23241	23244	23247	23250	23253	23256
					23259	23262	23265	23268	23271	23274	23277	23280	23283	23286	23289	23292	23295	23298	23301	23304	23307	23310	23313
					23316	23319	23322	23325	23328	23331	23334	23337	23340	23343	23346	23349	23352	23355	23358	23361	23364	23367	23370
					23373	23376	23379	23382	23385	23388	23391	23394	23397	23400	23403	23406	23409	23412	23415	23418	23421	23424	23427
					23430	23433	23436	23439	23442	23445	23448	23451	23454	23457	23460	23463	23466	23469	23472	23475	23478	23481	23484
					23487	23490	23493	23496	23499	23502	23505	23508	23511	23514	23517	23520	23523	23526	23529	23532	23535	23538	23541
					23544	23547	23550	23553	23556	23559	23562	23565	23568	23571	23574	23577	23580	23583	23586	23589	23592	23595	23598
					23601	23604	23607	23610	23613	23616	23619	23622	23625	23628	23631	23634	23637	23640	23643	23646	23649	23652	23655
					23658	23661	23664	23667	23670	23673	23676	23679	23682	23685	23688	23691	23694	23697	23700	23703	23706	23709	23712
					23715	23718	23721	23724	23727	23730	23733	23736	23739	23742	23745	23748	23751	23754	23757	23760	23763	23766	23769
					23772	23775	23778	23781	23784	23787	23790	23793	23796	23799	23802	23805	23808	23811	23814	23817	23820	23823	23826
					23829	23832	23835	23838	23841	23844	23847	23850	23853	23856	23859	23862	23865	23868	23871	23874	23877	23880	23883
					23886	23889	23892	23895	23898	23901	23904	23907	23910	23913	23916	23919	23922	23925	23928	23931	23934	23937	23940
					23943	23946	23949	23952	23955	23958	23961	23964	23967	23970	23973	23976	23979	23982	23985	23988	23991	23994	23997
					24000	24003	24006	24009	24012	24015	24018	24021	24024	24027	24030	24033	24036	24039	24042	24045	24048	24051	24054
					24057	24060	24063	24066	24069	24072	24075	24078	24081	24084	24087	24090	24093	24096	24099	24102	24105	24108	24111
					24114	24117	24120	24123	24126	24129	24132	24135	24138	24141	24144	24147	24150	24153	24156	24159	24162	24165	24168
					24171	24174	24177	24180	24183	24186	24189	24192	24195	24198	24201	24204	24207	24210	24213	24216	24219	24222	24225
					24228	24231	24234	24237	24240	24243	24246	24249	24252	24255	24258	24261	24264	24267	24270	24273	24276	24279	24282
					24285	24288	24291	24294	24297	24300	24303	24306	24309	24312	24315	24318	24321	24324	24327	24330	24333	24336	24339
					24342	24345	24348	24351	24354	24357	24360	24363	24366	24369	24372	24375	24378	24381	24384	24387	24390	24393	24396
					24399	24402	24405	24408	24411	24414	24417	24420	24423	24426	24429	24432	24435	24438	24441	24444	24447	24450	24453
					24456	24459	24462	24465	24468	24471	24474	24477	24480	24483	24486	24489	24492	24495	24498	24501	24504	24507	24510
					24513	24516	24519	24522	24525	24528	24531	24534	24537	24540	24543	24546	24549	24552	24555	24558	24561	24564	24567
					24570	24573	24576	24579	24582	24585	24588	24591	24594	24597	24600	24603	24606	24609	24612	24615	24618	24621	24624
					24627	24630	24633	24636	24639	24642	24645	24648	24651	24654	24657	24660	24663	24666	24669	24672	24675	24678	24681
					24684	24687	24690	24693	24696	24699	24702	24705	24708	24711	24714	24717	24720	24723	24726	24729	24732	24735	24738
					24741	24744	24747	24750	24753	24756	24759	24762	24765	24768	24771	24774	24777	24780	24783	24786	24789	24792	24795
					24798	24801	24804	24807	24810	24813	24816	24819	24822	24825	24828	24831	24834	24837	24840	24843	24846	24849	24852
					24855	24858	24861	24864	24867	24870	24873	24876	24879	24882	24885	24888	24891	24894	24897	24900	24903	24906	24909
					24912	24915	24918	24921	24924	24927	24930	24933	24936	24939	24942	24945	24948	24951	24954	24957	24960	24963	24966
					24969	24972	24975	24978	24981	24984	24987	24990	24993	24996	24999	25002	25005	25008	25011	25014	25017	25020	25023
					25026	25029	25032	25035	25038	25041	25044	25047	25050	25053	25056	25059	25062	25065	25068	25071	25074	25077	25080
					25083	25086	25089	25092	25095	25098	25101	25104	25107	25110	25113	25116	25119	25122	25125	25128	25131	25134	25137
					25140	25143	25146	25149	25152	25155	25158	25161	25164	25167	25170	25173	25176	25179	25182	25185	25188	25191	25194
					25197	25200	25203	25206	25209	25212	25215	25218	25221	25224	25227	25230	25233	25236	25239	25242	25245	25248	25251
					25254	25257	25260	25263	25266	25269	25272	25275	25278	25281	25284	25287	25290	25293	25296	25299	25302	25305	25308
					25311	25314	25317	25320	25323	25326	25329	25332	25335	25338	25341	25344	25347	25350	25353	25356	25359	25362	25365
					25368	25371	25374	25377	25380	25383	25386	25389	25392	25395	25398	25401	25404	25407	25410	25413	25416	25419	25422
					25425	25428	25431	25434	25437	25440	25443	25446	25449	25452	25455	25458	25461	25464	25467	25470	25473	25476	25479
					25482	25485	25488	25491	25494	25497	25500	25503	25506	25509	25512	25515	25518	25521	25524	25527	25530	25533	25536
					25539	25542	25545	25548	25551	25554	25557	25560	25563	25566	25569	25572	25575	25578	25581	25584	25587	25590	25593
					25596	25599	25602	25605	25608	25611	25614	25617	25620	25623	25626	25629	25632	25635	25638	25641	25644	25647	25650
					25653	25656	25659	25662	25665	25668	25671	25674	25677	25680	25683	25686	25689	25692	25695	25698	25701	25704	25707
					25710	25713	25716	25719	25722	25725	25728	25731	25734	25737	25740	25743	25746	25749	25752	25755	25758	25761	25764
					25767	25770	25773	25776	25779	25782	25785	25788	25791	25794	25797	25800	25803	25806	25809	25812	25815	25818	25821
					25824	25827	25830	25833	25836	25839	25842	25845	25848	25851	25854	25857	25860	25863	25866	25869	25872	25875	25878
					25881	25884	25887	25890	25893	25896	25899	25902	25905	25908	25911	25914	25917	25920	25923	25926	25929	25932	25935
					25938	25941	25944	25947	25950	25953	25956	25959	25962	25965	25968	25971	25974	25977	25980	25983	25986	25989	25992
					25995	25998	26001	26004	26007	26010	26013	26016	26019	26022	26025	26028	26031	26034	26037	26040	26043	26046	26049
					26052	26055	26058	26061	26064	26067	26070	26073	26076	26079	26082	26085	26088	26091	26094	26097	26100	26103	26106
					26109	26112	26115	26118	26121	26124	26127	26130	26133	26136	26139	26142	26145	26148	26151	26154	26157	26160	26163
					26166	26169	26172	26175	26178	26181	26184	26187	26190	26193	26196	26199	26202	26205	26208	26211	26214	26217	26220
					26223	26226	26229	26232	26235	26238	26241	26244	26247	26250	26253	26256	26259	26262	26265	26268	26271	26274	26277
					26280	26283	26286	26289	26292	26295	26298	26301	26304	26307	26310	26313	26316	26319	26322	26325	26328	26331	26334
					26337	26340	26343	26346	26349	26352	26355	26358	26361	26364	26367	26370	26373	26376	26379	26382	26385	26388	26391
					26394	26397	26400	26403	26406	26409	26412	26415	26418	26421	26424	26427	26430	26433	26436	26439	26442	26445	26448
					26451	26454	26457	26460	26463	26466	26469	26472	26475	26478	26481	26484	26487	26490	26493	26496	26499	26502	26505
					26508	26511	26514	26517	26520	26523	26526	26529	26532	26535	26538	26541	26544	26547	26550	26553	26556	26559	26562
					26565	26568	26571	26574	26577	26580	26583	26586	26589	26592	26595	26598	26601	26604	26607	26610	26613	26616	26619
					26622	26625	26628	26631	26634	26637	26640	26643	26646	26649	26652	26655	26658	26661	26664	26667	26670	26673	26676
					26679	26682	26685	26688	26691	26694	26697	26700	26703	26706	26709	26712	26715	26718	26721	26724	26727	26730	26733
					26736	26739	26742	26745	26748	26751	26754	26757	26760	26763	26766	26769	26772	26775	26778	26781	26784	26787	26790
					26793	26796	26799	26802	26805	26808	26811	26814	26817	26820	26823	26826	26829	26832	26835	26838	26841	26844	26847
					26850	26853	26856	26859	26862	26865	26868	26871	26874	26877	26880	26883	26886	26889	26892	26895	26898	26901	26904
					26907	26910	26913	26916	26919	26922	26925	26928	26931	26934	26937	26940	26943	26946	26949	26952	26955	26958	26961
					26964	26967	26970	26973	26976	26979	26982	26985	26988	26991	26994	26997	27000	27003	27006	27009	27012	27015	27018
					27021	27024	27027	27030	27033	27036	27039	27042	27045	27048	27051	27054	27057	27060	27063	27066	27069	27072	27075
					27078	27081	27084	27087	27090	27093	27096	27099	27102	27105	27108	27111	27114	27117	27120	27123	27126	27129	27132
					27135	27138	27141	27144	27147	27150	27153	27156	27159	27162	27165	27168	27171	27174	27177	27180	27183	27186	27189
					27192	27195	27198	27201	27204	27207	27210	27213	27216	27219	27222	27225	27228	27231	27234	27237	27240	27243	27246
					27249	27252	27255	27258	27261	27264	27267	27270	27273	27276	27279	27282	27285	27288	27291	27294	27297	27300	27303
					27306	27309	27312	27315	27318	27321	27324	27327	27330	27333	27336	27339	27342	27345	27348	27351	27354	27357	27360
					27363	27366	27369	27372	27375	27378	27381	27384	27387	27390	27393	27396	27399	27402	27405	27408	27411	27414	27417
					27420	27423	27426	27429	27432	27435	27438	27441	27444	27447	27450	27453	27456	27459	27462	27465	27468	27471	27474
					27477	27480	27483	27486	27489	27492	27495	27498	27501	27504	27507	27510	27513	27516	27519	27522	27525	27528	27531
					27534	27537	27540	27543	27546	27549	27552	27555	27558	27561	27564	27567	27570	27573	27576	27579	27582	27585	27588
					27591	27594	27597	27600	27603	27606	27609	27612	27615	27618	27621	27624	27627	27630	27633	27636	27639	27642	27645
					27648	27651	27654	27657	27660	27663	27666	27669	27672	27675	27678	27681	27684	27687	27690	27693	27696	27699	27702
					27705	27708	27711	27714	27717	27720	27723	27726	27729	27732	27735	27738	27741	27744	27747	27750	27753	27756	27759
					27762	27765	27768	27771	27774	27777	27780	27783	27786	27789	27792	27795	27798	27801	27804	27807	27810	27813	27816
					27819	27822	27825	27828	27831	27834	27837	27840	27843	27846	27849	27852	27855	27858	27861	27864	27867	27870	27873
					27876	27879	27882	27885	27888	27891	27894	27897	27900	27903	27906	27909	27912	27915	27918	27921	27924	27927	27930
					27933	27936	27939	27942	27945	27948	27951	27954	27957	27960	27963	27966	27969	27972	27975	27978	27981	27984	27987
					27990	27993	27996	27999	28002	28005	28008	28011	28014	28017	28020	28023	28026	28029	28032	28035	28038	28041	28044
					28047	28050	28053	28056	28059	28062	28065	28068	28071	28074	28077	28080	28083	28086	28089	28092	28095	28098	28101
					28104	28107	28110	28113	28116	28119	28122	28125	28128	28131	28134	28137	28140	28143	28146	28149	28152	28155	28158
					28161	28164	28167	28170	28173	28176	28179	28182	28185	28188	28191	28194	28197	28200	28203	28206	28209	28212	28215
					28218	28221	28224	28227	28230	28233	28236	28239	28242	28245	28248	28251	28254	28257	28260	28263	28266	28269	28272
					28275	28278	28281	28284	28287	28290	28293	28296	28299	28302	28305	28308	28311	28314	28317	28320	28323	28326	28329
					28332	28335	28338	28341	28344	28347	28350	28353	28356	28359	28362	28365	28368	28371	28374	28377	28380	28383	28386
					28389	28392	28395	28398	28401	28404	28407	28410	28413	28416	28419	28422	28425	28428	28431	28434	28437	28440	28443
					28446	28449	28452	28455	28458	28461	28464	28467	28470	28473	28476	28479	28482	28485	28488	28491	28494	28497	28500
					28503	28506	28509	28512	28515	28518	28521	28524	28527	28530	28533	28536	28539	28542	28545	28548	28551	28554	28557
					28560	28563	28566	28569	28572	28575	28578	28581	28584	28587	28590	28593	28596	28599	28602	28605	28608	28611	28614
					28617	28620	28623	28626	28629	28632	28635	28638	28641	28644	28647	28650	28653	28656	28659	28662	28665	28668	28671
					28674	28677	28680	28683	28686	28689	28692	28695	28698	28701	28704	28707	28710	28713	28716	28719	28722	28725	28728
					28731	28734	28737	28740	28743	28746	28749	28752	28755	28758	28761	28764	28767	28770	28773	28776	28779	28782	28785
					28788	28791	28794	28797	28800	28803	28806	28809	28812	28815	28818	28821	28824	28827	28830	28833	28836	28839	28842
					28845	28848	28851	28854	28857	28860	28863	28866	28869	28872	28875	28878	28881	28884	28887	28890	28893	28896	28899
					28902	28905	28908	28911	28914	28917	28920	28923	28926	28929	28932	28935	28938	28941	28944	28947	28950	28953	28956
					28959	28962	28965	28968	28971	28974	28977	28980	28983	28986	28989	28992	28995	28998	29001	29004	29007	29010	29013
					29016	29019	29022	29025	29028	29031	29034	29037	29040	29043	29046	29049	29052	29055	29058	29061	29064	29067	29070
					29073	29076	29079	29082	29085	29088	29091	29094	29097	29100	29103	29106	29109	29112	29115	29118	29121	29124	29127
					29130	29133	29136	29139	29142	29145	29148	29151	29154	29157	29160	29163	29166	29169	29172	29175	29178	29181	29184
					29187	29190	29193	29196	29199	29202	29205	29208	29211	29214	29217	29220	29223	29226	29229	29232	29235	29238	29241
					29244	29247	29250	29253	29256	29259	29262	29265	29268	29271	29274	29277	29280	29283	29286	29289	29292	29295	29298
					29301	29304	29307	29310	29313	29316	29319	29322	29325	29328	29331	29334	29337	29340	29343	29346	29349	29352	29355
					29358	29361	29364	29367	29370	29373	29376	29379	29382	29385	29388	29391	29394	29397	29400	29403	29406	29409	29412
					29415	29418	29421	29424	29427	29430	29433	29436	29439	29442	29445	29448	29451	29454	29457	29460	29463	29466	29469
					29472	29475	29478	29481	29484	29487	29490	29493	29496	29499	29502	29505	29508	29511	29514	29517	29520	29523	29526
					29529	29532	29535	29538	29541	29544	29547	29550	29553	29556	29559	29562	29565	29568	29571	29574	29577	29580	29583
					29586	29589	29592	29595	29598	29601	29604	29607	29610	29613	29616	29619	29622	29625	29628	29631	29634	29637	29640
					29643	29646	29649	29652	29655	29658	29661	29664	29667	29670	29673	29676	29679	29682	29685	29688	29691	29694	29697
					29700	29703	29706	29709	29712	29715	29718	29721	29724	29727	29730	29733	29736	29739	29742	29745	29748	29751	29754
					29757	29760	29763	29766	29769	29772	29775	29778	29781	29784	29787	29790	29793	29796	29799	29802	29805	29808	29811
					29814	29817	29820	29823	29826	29829	29832	29835	29838	29841	29844	29847	29850	29853	29856	29859	29862	29865	29868
					29871	29874	29877	29880	29883	29886	29889	29892	29895	29898	29901	29904	29907	29910	29913	29916	29919	29922	29925
					29928	29931	29934	29937	29940	29943	29946	29949	29952	29955	29958	29961	29964	29967	29970	29973	29976	29979	29982
					29985	29988	29991	29994	29997	30000	30003	30006	30009	30012	30015	30018	30021	30024	30027	30030	30033	30036	30039
					30042	30045	30048	30051	30054	30057	30060	30063	30066	30069	30072	30075	30078	30081	30084	30087	30090	30093	30096
					30099	30102	30105	30108	30111	30114	30117	30120	30123	30126	30129	30132	30135	30138	30141	30144	30147	30150	30153
					30156	30159	30162	30165	30168	30171	30174	30177	30180	30183	30186	30189	30192	30195	30198	30201	30204	30207	30210
					30213	30216	30219	30222	30225	30228	30231	30234	30237	30240	30243	30246	30249	30252	30255	30258	30261	30264	30267
					30270	30273	30276	30279	30282	30285	30288	30291	30294	30297	30300	30303	30306	30309	30312	30315	30318	30321	30324
					30327	30330	30333	30336	30339	30342	30345	30348	30351	30354	30357	30360	30363	30366	30369	30372	30375	30378	30381
					30384	30387	30390	30393	30396	30399	30402	30405	30408	30411	30414	30417	30420	30423	30426	30429	30432	30435	30438
					30441	30444	30447	30450	30453	30456	30459	30462	30465	30468	30471	30474	30477	30480	30483	30486	30489	30492	30495
					30498	30501	30504	30507	30510	30513	30516	30519	30522	30525	30528	30531	30534	30537	30540	30543	30546	30549	30552
					30555	30558	30561	30564	30567	30570	30573	30576	30579	30582	30585	30588	30591	30594	30597	30600	30603	30606	30609
					30612	30615	30618	30621	30624	30627	30630	30633	30636	30639	30642	30645	30648	30651	30654	30657	30660	30663	30666
					30669	30672	30675	30678	30681	30684	30687	30690	30693	30696	30699	30702	30705	30708	30711	30714	30717	30720	30723
					30726	30729	30732	30735	30738	30741	30744	30747	30750	30753	30756	30759	30762	30765	30768	30771	30774	30777	30780
					30783	30786	30789	30792	30795	30798	30801	30804	30807	30810	30813	30816	30819	30822	30825	30828	30831	30834	30837
					30840	30843	30846	30849	30852	30855	30858	30861	30864	30867	30870	30873	30876	30879	30882	30885	30888	30891	30894
					30897	30900	30903	30906	30909	30912	30915	30918	30921	30924	30927	30930	30933	30936	30939	30942	30945	30948	30951
					30954	30957	30960	30963	30966	30969	30972	30975	30978	30981	30984	30987	30990	30993	30996	30999	31002	31005	31008
					31011	31014	31017	31020	31023	31026	31029	31032	31035	31038	31041	31044	31047	31050	31053	31056	31059	31062	31065
					31068	31071	31074	31077	31080	31083	31086	31089	31092	31095	31098	31101	31104	31107	31110	31113	31116	31119	31122
					31125	31128	31131	31134	31137	31140	31143	31146	31149	31152	31155	31158	31161	31164	31167	31170	31173	31176	31179
					31182	31185	31188	31191	31194	31197	31200	31203	31206	31209	31212	31215	31218	31221	31224	31227	31230	31233	31236
					31239	31242	31245	31248	31251	31254	31257	31260	31263	31266	31269	31272	31275	31278	31281	31284	31287	31290	31293
					31296	31299	31302	31305	31308	31311	31314	31317	31320	31323	31326	31329	31332	31335	31338	31341	31344	31347	31350
					31353	31356	31359	31362	31365	31368	31371	31374	31377	31380	31383	31386	31389	31392	31395	31398	31401	31404	31407
					31410	31413	31416	31419	31422	31425	31428	31431	31434	31437	31440	31443	31446	31449	31452	31455	31458	31461	31464
					31467	31470	31473	31476	31479	31482	31485	31488	31491	31494	31497	31500	31503	31506	31509	31512	31515	31518	31521
					31524	31527	31530	31533	31536	31539	31542	31545	31548	31551	31554	31557	31560	31563	31566	31569	31572	31575	31578
					31581	31584	31587	31590	31593	31596	31599	31602	31605	31608	31611	31614	31617	31620	31623	31626	31629	31632	31635
					31638	31641	31644	31647	31650	31653	31656	31659	31662	31665	31668	31671	31674	31677	31680	31683	31686	31689	31692
					31695	31698	31701	31704	31707	31710	31713	31716	31719	31722	31725	31728	31731	31734	31737	31740	31743	31746	31749
					31752	31755	31758	31761	31764	31767	31770	31773	31776	31779	31782	31785	31788	31791	31794	31797	31800	31803	31806
					31809	31812	31815	31818	31821	31824	31827	31830	31833	31836	31839	31842	31845	31848	31851	31854	31857	31860	31863
					31866	31869	31872	31875	31878	31881	31884	31887	31890	31893	31896	31899	31902	31905	31908	31911	31914	31917	31920
					31923	31926	31929	31932	31935	31938	31941	31944	31947	31950	31953	31956	31959	31962	31965	31968	31971	31974	31977
					31980	31983	31986	31989	31992	31995	31998	32001	32004	32007	32010	32013	32016	32019	32022	32025	32028	32031	32034
					32037	32040	32043	32046	32049	32052	32055	32058	32061	32064	32067	32070	32073	32076	32079	32082	32085	32088	32091
					32094	32097	32100	32103	32106	32109	32112	32115	32118	32121	32124	32127	32130	32133	32136	32139	32142	32145	32148
					32151	32154	32157	32160	32163	32166	32169	32172	32175	32178	32181	32184	32187	32190	32193	32196	32199	32202	32205
					32208	32211	32214	32217	32220	32223	32226	32229	32232	32235	32238	32241	32244	32247	32250	32253	32256	32259	32262
					32265	32268	32271	32274	32277	32280	32283	32286	32289	32292	32295	32298	32301	32304	32307	32310	32313	32316	32319
					32322	32325	32328	32331	32334	32337	32340	32343	32346	32349	32352	32355	32358	32361	32364	32367	32370	32373	32376
					32379	32382	32385	32388	32391	32394	32397	32400	32403	32406	32409	32412	32415	32418	32421	32424	32427	32430	32433
					32436	32439	32442	32445	32448	32451	32454	32457	32460	32463	32466	32469	32472	32475	32478	32481	32484	32487	32490
					32493	32496	32499	32502	32505	32508	32511	32514	32517	32520	32523	32526	32529	32532	32535	32538	32541	32544	32547
					32550	32553	32556	32559	32562	32565	32568	32571	32574	32577	32580	32583	32586	32589	32592	32595	32598	32601	32604
					32607	32610	32613	32616	32619	32622	32625	32628	32631	32634	32637	32640	32643	32646	32649	32652	32655	32658	32661
					32664	32667	32670	32673	32676	32679	32682	32685	32688	32691	32694	32697	32700	32703	32706	32709	32712	32715	32718
					32721	32724	32727	32730	32733	32736	32739	32742	32745	32748	32751	32754	32757	32760	32763	32766	32769	32772	32775
					32778	32781	32784	32787	32790	32793	32796	32799	32802	32805	32808	32811	32814	32817	32820	32823	32826	32829	32832
					32835	32838	32841	32844	32847	32850	32853	32856	32859	32862	32865	32868	32871	32874	32877	32880	32883	32886	32889
					32892	32895	32898	32901	32904	32907	32910	32913	32916	32919	32922	32925	32928	32931	32934	32937	32940	32943	32946
					32949	32952	32955	32958	32961	32964	32967	32970	32973	32976	32979	32982	32985	32988	32991	32994	32997	33000	33003
					33006	33009	33012	33015	33018	33021	33024	33027	33030	33033	33036	33039	33042	33045	33048	33051	33054	33057	33060
					33063	33066	33069	33072	33075	33078	33081	33084	33087	33090	33093	33096	33099	33102	33105	33108	33111	33114	33117
					33120	33123	33126	33129	33132	33135	33138	33141	33144	33147	33150	33153	33156	33159	33162	33165	33168	33171	33174
					33177	33180	33183	33186	33189	33192	33195	33198	33201	33204	33207	33210	33213	33216	33219	33222	33225	33228	33231
					33234	33237	33240	33243	33246	33249	33252	33255	33258	33261	33264	33267	33270	33273	33276	33279	33282	33285	33288
					33291	33294	33297	33300	33303	33306	33309	33312	33315	33318	33321	33324	33327	33330	33333	33336	33339	33342	33345
					33348	33351	33354	33357	33360	33363	33366	33369	33372	33375	33378	33381	33384	33387	33390	33393	33396	33399	33402
					33405	33408	33411	33414	33417	33420	33423	33426	33429	33432	33435	33438	33441	33444	33447	33450	33453	33456	33459
					33462	33465	33468	33471	33474	33477	33480	33483	33486	33489	33492	33495	33498	33501	33504	33507	33510	33513	33516
					33519	33522	33525	33528	33531	33534	33537	33540	33543	33546	33549	33552	33555	33558	33561	33564	33567	33570	33573
					33576	33579	33582	33585	33588	33591	33594	33597	33600	33603	33606	33609	33612	33615	33618	33621	33624	33627	33630
					33633	33636	33639	33642	33645	33648	33651	33654	33657	33660	33663	33666	33669	33672	33675	33678	33681	33684	33687
					33690	33693	33696	33699	33702	33705	33708	33711	33714	33717	33720	33723	33726	33729	33732	33735	33738	33741	33744
					33747	33750	33753	33756	33759	33762	33765	33768	33771	33774	33777	33780	33783	33786	33789	33792	33795	33798	33801
					33804	33807	33810	33813	33816	33819	33822	33825	33828	33831	33834	33837	33840	33843	33846	33849	33852	33855	33858
					33861	33864	33867	33870	33873	33876	33879	33882	33885	33888	33891	33894	33897	33900	33903	33906	33909	33912	33915
					33918	33921	33924	33927	33930	33933	33936	33939	33942	33945	33948	33951	33954	33957	33960	33963	33966	33969	33972
					33975	33978	33981	33984	33987	33990	33993	33996	33999	34002	34005	34008	34011	34014	34017	34020	34023	34026	34029
					34032	34035	34038	34041	34044	34047	34050	34053	34056	34059	34062	34065	34068	34071	34074	34077	34080	34083	34086
					34089	34092	34095	34098	34101	34104	34107	34110	34113	34116	34119	34122	34125	34128	34131	34134	34137	34140	34143
					34146	34149	34152	34155	34158	34161	34164	34167	34170	34173	34176	34179	34182	34185	34188	34191	34194	34197	34200
					34203	34206	34209	34212	34215	34218	34221	34224	34227	34230	34233	34236	34239	34242	34245	34248	34251	34254	34257
					34260	34263	34266	34269	34272	34275	34278	34281	34284	34287	34290	34293	34296	34299	34302	34305	34308	34311	34314
					34317	34320	34323	34326	34329	34332	34335	34338	34341	34344	34347	34350	34353	34356	34359	34362	34365	34368	34371
					34374	34377	34380	34383	34386	34389	34392	34395	34398	34401	34404	34407	34410	34413	34416	34419	34422	34425	34428
					34431	34434	34437	34440	34443	34446	34449	34452	34455	34458	34461	34464	34467	34470	34473	34476	34479	34482	34485
					34488	34491	34494	34497	34500	34503	34506	34509	34512	34515	34518	34521	34524	34527	34530	34533	34536	34539	34542
					34545	34548	34551	34554	34557	34560	34563	34566	34569	34572	34575	34578	34581	34584	34587	34590	34593	34596	34599
					34602	34605	34608	34611	34614	34617	34620	34623	34626	34629	34632	34635	34638	34641	34644	34647	34650	34653	34656
					34659	34662	34665	34668	34671	34674	34677	34680	34683	34686	34689	34692	34695	34698	34701	34704	34707	34710	34713
					34716	34719	34722	34725	34728	34731	34734	34737	34740	34743	34746	34749	34752	34755	34758	34761	34764	34767	34770
					34773	34776	34779	34782	34785	34788	34791	34794	34797	34800	34803	34806	34809	34812	34815	34818	34821	34824	34827
					34830	34833	34836	34839	34842	34845	34848	34851	34854	34857	34860	34863	34866	34869	34872	34875	34878	34881	34884
					34887	34890	34893	34896	34899	34902	34905	34908	34911	34914	34917	34920	34923	34926	34929	34932	34935	34938	34941
					34944	34947	34950	34953	34956	34959	34962	34965	34968	34971	34974	34977	34980	34983	34986	34989	34992	34995	34998
					35001	35004	35007	35010	35013	35016	35019	35022	35025	35028	35031	35034	35037	35040	35043	35046	35049	35052	35055
					35058	35061	35064	35067	35070	35073	35076	35079	35082	35085	35088	35091	35094	35097	35100	35103	35106	35109	35112
					35115	35118	35121	35124	35127	35130	35133	35136	35139	35142	35145	35148	35151	35154	35157	35160	35163	35166	35169
					35172	35175	35178	35181	35184	35187	35190	35193	35196	35199	35202	35205	35208	35211	35214	35217	35220	35223	35226
					35229	35232	35235	35238	35241	35244	35247	35250	35253	35256	35259	35262	35265	35268	35271	35274	35277	35280	35283
					35286	35289	35292	35295	35298	35301	35304	35307	35310	35313	35316	35319	35322	35325	35328	35331	35334	35337	35340
					35343	35346	35349	35352	35355	35358	35361	35364	35367	35370	35373	35376	35379	35382	35385	35388	35391	35394	35397
					35400	35403	35406	35409	35412	35415	35418	35421	35424	35427	35430	35433	35436	35439	35442	35445	35448	35451	35454
					35457	35460	35463	35466	35469	35472	35475	35478	35481	35484	35487	35490	35493	35496	35499	35502	35505	35508	35511
					35514	35517	35520	35523	35526	35529	35532	35535	35538	35541	35544	35547	35550	35553	35556	35559	35562	35565	35568
					35571	35574	35577	35580	35583	35586	35589	35592	35595	35598	35601	35604	35607	35610	35613	35616	35619	35622	35625
					35628	35631	35634	35637	35640	35643	35646	35649	35652	35655	35658	35661	35664	35667	35670	35673	35676	35679	35682
					35685	35688	35691	35694	35697	35700	35703	35706	35709	35712	35715	35718	35721	35724	35727	35730	35733	35736	35739
					35742	35745	35748	35751	35754	35757	35760	35763	35766	35769	35772	35775	35778	35781	35784	35787	35790	35793	35796
					35799	35802	35805	35808	35811	35814	35817	35820	35823	35826	35829	35832	35835	35838	35841	35844	35847	35850	35853
					35856	35859	35862	35865	35868	35871	35874	35877	35880	35883	35886	35889	35892	35895	35898	35901	35904	35907	35910
					35913	35916	35919	35922	35925	35928	35931	35934	35937	35940	35943	35946	35949	35952	35955	35958	35961	35964	35967
					35970	35973	35976	35979	35982	35985	35988	35991	35994	35997	36000	36003	36006	36009	36012	36015	36018	36021	36024
					36027	36030	36033	36036	36039	36042	36045	36048	36051	36054	36057	36060	36063	36066	36069	36072	36075	36078	36081
					36084	36087	36090	36093	36096	36099	36102	36105	36108	36111	36114	36117	36120	36123	36126	36129	36132	36135	36138
					36141	36144	36147	36150	36153	36156	36159	36162	36165	36168	36171	36174	36177	36180	36183	36186	36189	36192	36195
					36198	36201	36204	36207	36210	36213	36216	36219	36222	36225	36228	36231	36234	36237	36240	36243	36246	36249	36252
					36255	36258	36261	36264	36267	36270	36273	36276	36279	36282	36285	36288	36291	36294	36297	36300	36303	36306	36309
					36312	36315	36318	36321	36324	36327	36330	36333	36336	36339	36342	36345	36348	36351	36354	36357	36360	36363	36366
					36369	36372	36375	36378	36381	36384	36387	36390	36393	36396	36399	36402	36405	36408	36411	36414	36417	36420	36423
					36426	36429	36432	36435	36438	36441	36444	36447	36450	36453	36456	36459	36462	36465	36468	36471	36474	36477	36480
					36483	36486	36489	36492	36495	36498	36501	36504	36507	36510	36513	36516	36519	36522	36525	36528	36531	36534	36537
					36540	36543	36546	36549	36552	36555	36558	36561	36564	36567	36570	36573	36576	36579	36582	36585	36588	36591	36594
					36597	36600	36603	36606	36609	36612	36615	36618	36621	36624	36627	36630	36633	36636	36639	36642	36645	36648	36651
					36654	36657	36660	36663	36666	36669	36672	36675	36678	36681	36684	36687	36690	36693	36696	36699	36702	36705	36708
					36711	36714	36717	36720	36723	36726	36729	36732	36735	36738	36741	36744	36747	36750	36753	36756	36759	36762	36765
					36768	36771	36774	36777	36780	36783	36786	36789	36792	36795	36798	36801	36804	36807	36810	36813	36816	36819	36822
					36825	36828	36831	36834	36837	36840	36843	36846	36849	36852	36855	36858	36861	36864	36867	36870	36873	36876	36879
					36882	36885	36888	36891	36894	36897	36900	36903	36906	36909	36912	36915	36918	36921	36924	36927	36930	36933	36936
					36939	36942	36945	36948	36951	36954	36957	36960	36963	36966	36969	36972	36975	36978	36981	36984	36987	36990	36993
					36996	36999	37002	37005	37008	37011	37014	37017	37020	37023	37026	37029	37032	37035	37038	37041	37044	37047	37050
					37053	37056	37059	37062	37065	37068	37071	37074	37077	37080	37083	37086	37089	37092	37095	37098	37101	37104	37107
					37110	37113	37116	37119	37122	37125	37128	37131	37134	37137	37140	37143	37146	37149	37152	37155	37158	37161	37164
					37167	37170	37173	37176	37179	37182	37185	37188	37191	37194	37197	37200	37203	37206	37209	37212	37215	37218	37221
					37224	37227	37230	37233	37236	37239	37242	37245	37248	37251	37254	37257	37260	37263	37266	37269	37272	37275	37278
					37281	37284	37287	37290	37293	37296	37299	37302	37305	37308	37311	37314	37317	37320	37323	37326	37329	37332	37335
					37338	37341	37344	37347	37350	37353	37356	37359	37362	37365	37368	37371	37374	37377	37380	37383	37386	37389	37392
					37395	37398	37401	37404	37407	37410	37413	37416	37419	37422	37425	37428	37431	37434	37437	37440	37443	37446	37449
					37452	37455	37458	37461	37464	37467	37470	37473	37476	37479	37482	37485	37488	37491	37494	37497	37500	37503	37506
					37509	37512	37515	37518	37521	37524	37527	37530	37533	37536	37539	37542	37545	37548	37551	37554	37557	37560	37563
					37566	37569	37572	37575	37578	37581	37584	37587	37590	37593	37596	37599	37602	37605	37608	37611	37614	37617	37620
					37623	37626	37629	37632	37635	37638	37641	37644	37647	37650	37653	37656	37659	37662	37665	37668	37671	37674	37677
					37680	37683	37686	37689	37692	37695	37698	37701	37704	37707	37710	37713	37716	37719	37722	37725	37728	37731	37734
					37737	37740	37743	37746	37749	37752	37755	37758	37761	37764	37767	37770	37773	37776	37779	37782	37785	37788	37791
					37794	37797	37800	37803	37806	37809	37812	37815	37818	37821	37824	37827	37830	37833	37836	37839	37842	37845	37848
					37851	37854	37857	37860	37863	37866	37869	37872	37875	37878	37881	37884	37887	37890	37893	37896	37899	37902	37905
					37908	37911	37914	37917	37920	37923	37926	37929	37932	37935	37938	37941	37944	37947	37950	37953	37956	37959	37962
					37965	37968	37971	37974	37977	37980	37983	37986	37989	37992	37995	37998	38001	38004	38007	38010	38013	38016	38019
					38022	38025	38028	38031	38034	38037	38040	38043	38046	38049	38052	38055	38058	38061	38064	38067	38070	38073	38076
					38079	38082	38085	38088	38091	38094	38097	38100	38103	38106	38109	38112	38115	38118	38121	38124	38127	38130	38133
					38136	38139	38142	38145	38148	38151	38154	38157	38160	38163	38166	38169	38172	38175	38178	38181	38184	38187	38190
					38193	38196	38199	38202	38205	38208	38211	38214	38217	38220	38223	38226	38229	38232	38235	38238	38241	38244	38247
					38250	38253	38256	38259	38262	38265	38268	38271	38274	38277	38280	38283	38286	38289	38292	38295	38298	38301	38304
					38307	38310	38313	38316	38319	38322	38325	38328	38331	38334	38337	38340	38343	38346	38349	38352	38355	38358	38361
					38364	38367	38370	38373	38376	38379	38382	38385	38388	38391	38394	38397	38400	38403	38406	38409	38412	38415	38418
					38421	38424	38427	38430	38433	38436	38439	38442	38445	38448	38451	38454	38457	38460	38463	38466	38469	38472	38475
					38478	38481	38484	38487	38490	38493	38496	38499	38502	38505	38508	38511	38514	38517	38520	38523	38526	38529	38532
					38535	38538	38541	38544	38547	38550	38553	38556	38559	38562	38565	38568	38571	38574	38577	38580	38583	38586	38589
					38592	38595	38598	38601	38604	38607	38610	38613	38616	38619	38622	38625	38628	38631	38634	38637	38640	38643	38646
					38649	38652	38655	38658	38661	38664	38667	38670	38673	38676	38679	38682	38685	38688	38691	38694	38697	38700	38703
					38706	38709	38712	38715	38718	38721	38724	38727	38730	38733	38736	38739	38742	38745	38748	38751	38754	38757	38760
					38763	38766	38769	38772	38775	38778	38781	38784	38787	38790	38793	38796	38799	38802	38805	38808	38811	38814	38817
					38820	38823	38826	38829	38832	38835	38838	38841	38844	38847	38850	38853	38856	38859	38862	38865	38868	38871	38874
					38877	38880	38883	38886	38889	38892	38895	38898	38901	38904	38907	38910	38913	38916	38919	38922	38925	38928	38931
					38934	38937	38940	38943	38946	38949	38952	38955	38958	38961	38964	38967	38970	38973	38976	38979	38982	38985	38988
					38991	38994	38997	39000	39003	39006	39009	39012	39015	39018	39021	39024	39027	39030	39033	39036	39039	39042	39045
					39048	39051	39054	39057	39060	39063	39066	39069	39072	39075	39078	39081	39084	39087	39090	39093	39096	39099	39102
					39105	39108	39111	39114	39117	39120	39123	39126	39129	39132	39135	39138	39141	39144	39147	39150	39153	39156	39159
					39162	39165	39168	39171	39174	39177	39180	39183	39186	39189	39192	39195	39198	39201	39204	39207	39210	39213	39216
					39219	39222	39225	39228	39231	39234	39237	39240	39243	39246	39249	39252	39255	39258	39261	39264	39267	39270	39273
					39276	39279	39282	39285	39288	39291	39294	39297	39300	39303	39306	39309	39312	39315	39318	39321	39324	39327	39330
					39333	39336	39339	39342	39345	39348	39351	39354	39357	39360	39363	39366	39369	39372	39375	39378	39381	39384	39387
					39390	39393	39396	39399	39402	39405	39408	39411	39414	39417	39420	39423	39426	39429	39432	39435	39438	39441	39444
					39447	39450	39453	39456	39459	39462	39465	39468	39471	39474	39477	39480	39483	39486	39489	39492	39495	39498	39501
					39504	39507	39510	39513	39516	39519	39522	39525	39528	39531	39534	39537	39540	39543	39546	39549	39552	39555	39558
					39561	39564	39567	39570	39573	39576	39579	39582	39585	39588	39591	39594	39597	39600	39603	39606	39609	39612	39615
					39618	39621	39624	39627	39630	39633	39636	39639	39642	39645	39648	39651	39654	39657	39660	39663	39666	39669	39672
					39675	39678	39681	39684	39687	39690	39693	39696	39699	39702	39705	39708	39711	39714	39717	39720	39723	39726	39729
					39732	39735	39738	39741	39744	39747	39750	39753	39756	39759	39762	39765	39768	39771	39774	39777	39780	39783	39786
					39789	39792	39795	39798	39801	39804	39807	39810	39813	39816	39819	39822	39825	39828	39831	39834	39837	39840	39843
					39846	39849	39852	39855	39858	39861	39864	39867	39870	39873	39876	39879	39882	39885	39888	39891	39894	39897	39900
					39903	39906	39909	39912	39915	39918	39921	39924	39927	39930	39933	39936	39939	39942	39945	39948	39951	39954	39957
					39960	39963	39966	39969	39972	39975	39978	39981	39984	39987	39990	39993	39996	39999	40002	40005	40008	40011	40014
					40017	40020	40023	40026	40029	40032	40035	40038	40041	40044	40047	40050	40053	40056	40059	40062	40065	40068	40071
					40074	40077	40080	40083	40086	40089	40092	40095	40098	40101	40104	40107	40110	40113	40116	40119	40122	40125	40128
					40131	40134	40137	40140	40143	40146	40149	40152	40155	40158	40161	40164	40167	40170	40173	40176	40179	40182	40185
					40188	40191	40194	40197	40200	40203	40206	40209	40212	40215	40218	40221	40224	40227	40230	40233	40236	40239	40242
					40245	40248	40251	40254	40257	40260	40263	40266	40269	40272	40275	40278	40281	40284	40287	40290	40293	40296	40299
					40302	40305	40308	40311	40314	40317	40320	40323	40326	40329	40332	40335	40338	40341	40344	40347	40350	40353	40356
					40359	40362	40365	40368	40371	40374	40377	40380	40383	40386	40389	40392	40395	40398	40401	40404	40407	40410	40413
					40416	40419	40422	40425	40428	40431	40434	40437	40440	40443	40446	40449	40452	40455	40458	40461	40464	40467	40470
					40473	40476	40479	40482	40485	40488	40491	40494	40497	40500	40503	40506	40509	40512	40515	40518	40521	40524	40527
					40530	40533	40536	40539	40542	40545	40548	40551	40554	40557	40560	40563	40566	40569	40572	40575	40578	40581	40584
					40587	40590	40593	40596	40599	40602	40605	40608	40611	40614	40617	40620	40623	40626	40629	40632	40635	40638	40641
					40644	40647	40650	40653	40656	40659	40662	40665	40668	40671	40674	40677	40680	40683	40686	40689	40692	40695	40698
					40701	40704	40707	40710	40713	40716	40719	40722	40725	40728	40731	40734	40737	40740	40743	40746	40749	40752	40755
					40758	40761	40764	40767	40770	40773	40776	40779	40782	40785	40788	40791	40794	40797	40800	40803	40806	40809	40812
					40815	40818	40821	40824	40827	40830	40833	40836	40839	40842	40845	40848	40851	40854	40857	40860	40863	40866	40869
					40872	40875	40878	40881	40884	40887	40890	40893	40896	40899	40902	40905	40908	40911	40914	40917	40920	40923	40926
					40929	40932	40935	40938	40941	40944	40947	40950	40953	40956	40959	40962	40965	40968	40971	40974	40977	40980	40983
					40986	40989	40992	40995	40998	41001	41004	41007	41010	41013	41016	41019	41022	41025	41028	41031	41034	41037	41040
					41043	41046	41049	41052	41055	41058	41061	41064	41067	41070	41073	41076	41079	41082	41085	41088	41091	41094	41097
					41100	41103	41106	41109	41112	41115	41118	41121	41124	41127	41130	41133	41136	41139	41142	41145	41148	41151	41154
					41157	41160	41163	41166	41169	41172	41175	41178	41181	41184	41187	41190	41193	41196	41199	41202	41205	41208	41211
					41214	41217	41220	41223	41226	41229	41232	41235	41238	41241	41244	41247	41250	41253	41256	41259	41262	41265	41268
					41271	41274	41277	41280	41283	41286	41289	41292	41295	41298	41301	41304	41307	41310	41313	41316	41319	41322	41325
					41328	41331	41334	41337	41340	41343	41346	41349	41352	41355	41358	41361	41364	41367	41370	41373	41376	41379	41382
					41385	41388	41391	41394	41397	41400	41403	41406	41409	41412	41415	41418	41421	41424	41427	41430	41433	41436	41439
					41442	41445	41448	41451	41454	41457	41460	41463	41466	41469	41472	41475	41478	41481	41484	41487	41490	41493	41496
					41499	41502	41505	41508	41511	41514	41517	41520	41523	41526	41529	41532	41535	41538	41541	41544	41547	41550	41553
					41556	41559	41562	41565	41568	41571	41574	41577	41580	41583	41586	41589	41592	41595	41598	41601	41604	41607	41610
					41613	41616	41619	41622	41625	41628	41631	41634	41637	41640	41643	41646	41649	41652	41655	41658	41661	41664	41667
					41670	41673	41676	41679	41682	41685	41688	41691	41694	41697	41700	41703	41706	41709	41712	41715	41718	41721	41724
					41727	41730	41733	41736	41739	41742	41745	41748	41751	41754	41757	41760	41763	41766	41769	41772	41775	41778	41781
					41784	41787	41790	41793	41796	41799	41802	41805	41808	41811	41814	41817	41820	41823	41826	41829	41832	41835	41838
					41841	41844	41847	41850	41853	41856	41859	41862	41865	41868	41871	41874	41877	41880	41883	41886	41889	41892	41895
					41898	41901	41904	41907	41910	41913	41916	41919	41922	41925	41928	41931	41934	41937	41940	41943	41946	41949	41952
					41955	41958	41961	41964	41967	41970	41973	41976	41979	41982	41985	41988	41991	41994	41997	42000	42003	42006	42009
					42012	42015	42018	42021	42024	42027	42030	42033	42036	42039	42042	42045	42048	42051	42054	42057	42060	42063	42066
					42069	42072	42075	42078	42081	42084	42087	42090	42093	42096	42099	42102	42105	42108	42111	42114	42117	42120	42123
					42126	42129	42132	42135	42138	42141	42144	42147	42150	42153	42156	42159	42162	42165	42168	42171	42174	42177	42180
					42183	42186	42189	42192	42195	42198	42201	42204	42207	42210	42213	42216	42219	42222	42225	42228	42231	42234	42237
					42240	42243	42246	42249	42252	42255	42258	42261	42264	42267	42270	42273	42276	42279	42282	42285	42288	42291	42294
					42297	42300	42303	42306	42309	42312	42315	42318	42321	42324	42327	42330	42333	42336	42339	42342	42345	42348	42351
					42354	42357	42360	42363	42366	42369	42372	42375	42378	42381	42384	42387	42390	42393	42396	42399	42402	42405	42408
					42411	42414	42417	42420	42423	42426	42429	42432	42435	42438	42441	42444	42447	42450	42453	42456	42459	42462	42465
					42468	42471	42474	42477	42480	42483	42486	42489	42492	42495	42498	42501	42504	42507	42510	42513	42516	42519	42522
					42525	42528	42531	42534	42537	42540	42543	42546	42549	42552	42555	42558	42561	42564	42567	42570	42573	42576	42579
					42582	42585	42588	42591	42594	42597	42600	42603	42606	42609	42612	42615	42618	42621	42624	42627	42630	42633	42636
					42639	42642	42645	42648	42651	42654	42657	42660	42663	42666	42669	42672	42675	42678	42681	42684	42687	42690	42693
					42696	42699	42702	42705	42708	42711	42714	42717	42720	42723	42726	42729	42732	42735	42738	42741	42744	42747	42750
					42753	42756	42759	42762	42765	42768	42771	42774	42777	42780	42783	42786	42789	42792	42795	42798	42801	42804	42807
					42810	42813	42816	42819	42822	42825	42828	42831	42834	42837	42840	42843	42846	42849	42852	42855	42858	42861	42864
					42867	42870	42873	42876	42879	42882	42885	42888	42891	42894	42897	42900	42903	42906	42909	42912	42915	42918	42921
					42924	42927	42930	42933	42936	42939	42942	42945	42948	42951	42954	42957	42960	42963	42966	42969	42972	42975	42978
					42981	42984	42987	42990	42993	42996	42999	43002	43005	43008	43011	43014	43017	43020	43023	43026	43029	43032	43035
					43038	43041	43044	43047	43050	43053	43056	43059	43062	43065	43068	43071	43074	43077	43080	43083	43086	43089	43092
					43095	43098	43101	43104	43107	43110	43113	43116	43119	43122	43125	43128	43131	43134	43137	43140	43143	43146	43149
					43152	43155	43158	43161	43164	43167	43170	43173	43176	43179	43182	43185	43188	43191	43194	43197	43200	43203	43206
					43209	43212	43215	43218	43221	43224	43227	43230	43233	43236	43239	43242	43245	43248	43251	43254	43257	43260	43263
					43266	43269	43272	43275	43278	43281	43284	43287	43290	43293	43296	43299	43302	43305	43308	43311	43314	43317	43320
					43323	43326	43329	43332	43335	43338	43341	43344	43347	43350	43353	43356	43359	43362	43365	43368	43371	43374	43377
					43380	43383	43386	43389	43392	43395	43398	43401	43404	43407	43410	43413	43416	43419	43422	43425	43428	43431	43434
					43437	43440	43443	43446	43449	43452	43455	43458	43461	43464	43467	43470	43473	43476	43479	43482	43485	43488	43491
					43494	43497	43500	43503	43506	43509	43512	43515	43518	43521	43524	43527	43530	43533	43536	43539	43542	43545	43548
					43551	43554	43557	
				</DataArray>
				<DataArray type="UInt8" Name="types" NumberOfComponents="1" format="ascii">
					5	5	5	5	5	5	5	5	5	5	5	5	5	5	5	5	5	5	5
					5	5	5	5	5	5	5	5	5	5	5	5	5	5	5	5	5	5	5
					5	5	5	5	5	5	5	5	5	5	5	5	5	5	5	5	5	5	5
					5	5	5	5	5	5	5	5	5	5	5	5	5	5	5	5	5	5	5
					5	5	5	5	5	5	5	5	5	5	5	5	5	5	5	5	5	5	5
					5	5	5	5	5	5	5	5	5	5	5	5	5	5	5	5	5	5	5
					5	5	5	5	5	5	5	5	5	5	5	5	5	5	5	5	5	5	5
					5	5	5	5	5	5	5	5	5	5	5	5	5	5	5	5	5	5	5
					5	5	5	5	5	5	5	5	5	5	5	5	5	5	5	5	5	5	5
					5	5	5	5	5	5	5	5	5	5	5	5	5	5	5	5	5	5	5
					5	5	5	5	5	5	5	5	5	5	5	5	5	5	5	5	5	5	5
					5	5	5	5	5	5	5	5	5	5	5	5	5	5	5	5	5	5	5
					5	5	5	5	5	5	5	5	5	5	5	5	5	5	5	5	5	5	5
					5	5	5	5	5	5	5	5	5	5	5	5	5	5	5	5	5	5	5
					5	5	5	5	5	5	5	5	5	5	5	5	5	5	5	5	5	5	5
					5	5	5	5	5	5	5	5	5	5	5	5	5	5	5	5	5	5	5
					5	5	5	5	5	5	5	5	5	5	5	5	5	5	5	5	5	5	5
					5	5	5	5	5	5	5	5	5	5	5	5	5	5	5	5	5	5	5
					5	5	5	5	5	5	5	5	5	5	5	5	5	5	5	5	5	5	5
					5	5	5	5	5	5	5	5	5	5	5	5	5	5	5	5	5	5	5
					5	5	5	5	5	5	5	5	5	5	5	5	5	5	5	5	5	5	5
					5	5	5	5	5	5	5	5	5	5	5	5	5	5	5	5	5	5	5
					5	5	5	5	5	5	5	5	5	5	5	5	5	5	5	5	5	5	5
					5	5	5	5	5	5	5	5	5	5	5	5	5	5	5	5	5	5	5
					5	5	5	5	5	5	5	5	5	5	5	5	5	5	5	5	5	5	5
					5	5	5	5	5	5	5	5	5	5	5	5	5	5	5	5	5	5	5
					5	5	5	5	5	5	5	5	5	5	5	5	5	5	5	5	5	5	5
					5	5	5	5	5	5	5	5	5	5	5	5	5	5	5	5	5	5	5
					5	5	5	5	5	5	5	5	5	5	5	5	5	5	5	5	5	5	5
					5	5	5	5	5	5	5	5	5	5	5	5	5	5	5	5	5	5	5
					5	5	5	5	5	5	5	5	5	5	5	5	5	5	5	5	5	5	5
					5	5	5	5	5	5	5	5	5	5	5	5	5	5	5	5	5	5	5
					5	5	5	5	5	5	5	5	5	5	5	5	5	5	5	5	5	5	5
					5	5	5	5	5	5	5	5	5	5	5	5	5	5	5	5	5	5	5
					5	5	5	5	5	5	5	5	5	5	5	5	5	5	5	5	5	5	5
					5	5	5	5	5	5	5	5	5	5	5	5	5	5	5	5	5	5	5
					5	5	5	5	5	5	5	5	5	5	5	5	5	5	5	5	5	5	5
					5	5	5	5	5	5	5	5	5	5	5	5	5	5	5	5	5	5	5
					5	5	5	5	5	5	5	5	5	5	5	5	5	5	5	5	5	5	5
					5	5	5	5	5	5	5	5	5	5	5	5	5	5	5	5	5	5	5
					5	5	5	5	5	5	5	5	5	5	5	5	5	5	5	5	5	5	5
					5	5	5	5	5	5	5	5	5	5	5	5	5	5	5	5	5	5	5
					5	5	5	5	5	5	5	5	5	5	5	5	5	5	5	5	5	5	5
					5	5	5	5	5	5	5	5	5	5	5	5	5	5	5	5	5	5	5
					5	5	5	5	5	5	5	5	5	5	5	5	5	5	5	5	5	5	5
					5	5	5	5	5	5	5	5	5	5	5	5	5	5	5	5	5	5	5
					5	5	5	5	5	5	5	5	5	5	5	5	5	5	5	5	5	5	5
					5	5	5	5	5	5	5	5	5	5	5	5	5	5	5	5	5	5	5
					5	5	5	5	5	5	5	5	5	5	5	5	5	5	5	5	5	5	5
					5	5	5	5	5	5	5	5	5	5	5	5	5	5	5	5	5	5	5
					5	5	5	5	5	5	5	5	5	5	5	5	5	5	5	5	5	5	5
					5	5	5	5	5	5	5	5	5	5	5	5	5	5	5	5	5	5	5
					5	5	5	5	5	5	5	5	5	5	5	5	5	5	5	5	5	5	5
					5	5	5	5	5	5	5	5	5	5	5	5	5	5	5	5	5	5	5
					5	5	5	5	5	5	5	5	5	5	5	5	5	5	5	5	5	5	5
					5	5	5	5	5	5	5	5	5	5	5	5	5	5	5	5	5	5	5
					5	5	5	5	5	5	5	5	5	5	5	5	5	5	5	5	5	5	5
					5	5	5	5	5	5	5	5	5	5	5	5	5	5	5	5	5	5	5
					5	5	5	5	5	5	5	5	5	5	5	5	5	5	5	5	5	5	5
					5	5	5	5	5	5	5	5	5	5	5	5	5	5	5	5	5	5	5
					5	5	5	5	5	5	5	5	5	5	5	5	5	5	5	5	5	5	5
					5	5	5	5	5	5	5	5	5	5	5	5	5	5	5	5	5	5	5
					5	5	5	5	5	5	5	5	5	5	5	5	5	5	5	5	5	5	5
					5	5	5	5	5	5	5	5	5	5	5	5	5	5	5	5	5	5	5
					5	5	5	5	5	5	5	5	5	5	5	5	5	5	5	5	5	5	5
					5	5	5	5	5	5	5	5	5	5	5	5	5	5	5	5	5	5	5
					5	5	5	5	5	5	5	5	5	5	5	5	5	5	5	5	5	5	5
					5	5	5	5	5	5	5	5	5	5	5	5	5	5	5	5	5	5	5
					5	5	5	5	5	5	5	5	5	5	5	5	5	5	5	5	5	5	5
					5	5	5	5	5	5	5	5	5	5	5	5	5	5	5	5	5	5	5
					5	5	5	5	5	5	5	5	5	5	5	5	5	5	5	5	5	5	5
					5	5	5	5	5	5	5	5	5	5	5	5	5	5	5	5	5	5	5
					5	5	5	5	5	5	5	5	5	5	5	5	5	5	5	5	5	5	5
					5	5	5	5	5	5	5	5	5	5	5	5	5	5	5	5	5	5	5
					5	5	5	5	5	5	5	5	5	5	5	5	5	5	5	5	5	5	5
					5	5	5	5	5	5	5	5	5	5	5	5	5	5	5	5	5	5	5
					5	5	5	5	5	5	5	5	5	5	5	5	5	5	5	5	5	5	5
					5	5	5	5	5	5	5	5	5	5	5	5	5	5	5	5	5	5	5
					5	5	5	5	5	5	5	5	5	5	5	5	5	5	5	5	5	5	5
					5	5	5	5	5	5	5	5	5	5	5	5	5	5	5	5	5	5	5
					5	5	5	5	5	5	5	5	5	5	5	5	5	5	5	5	5	5	5
					5	5	5	5	5	5	5	5	5	5	5	5	5	5	5	5	5	5	5
					5	5	5	5	5	5	5	5	5	5	5	5	5	5	5	5	5	5	5
					5	5	5	5	5	5	5	5	5	5	5	5	5	5	5	5	5	5	5
					5	5	5	5	5	5	5	5	5	5	5	5	5	5	5	5	5	5	5
					5	5	5	5	5	5	5	5	5	5	5	5	5	5	5	5	5	5	5
					5	5	5	5	5	5	5	5	5	5	5	5	5	5	5	5	5	5	5
					5	5	5	5	5	5	5	5	5	5	5	5	5	5	5	5	5	5	5
					5	5	5	5	5	5	5	5	5	5	5	5	5	5	5	5	5	5	5
					5	5	5	5	5	5	5	5	5	5	5	5	5	5	5	5	5	5	5
					5	5	5	5	5	5	5	5	5	5	5	5	5	5	5	5	5	5	5
					5	5	5	5	5	5	5	5	5	5	5	5	5	5	5	5	5	5	5
					5	5	5	5	5	5	5	5	5	5	5	5	5	5	5	5	5	5	5
					5	5	5	5	5	5	5	5	5	5	5	5	5	5	5	5	5	5	5
					5	5	5	5	5	5	5	5	5	5	5	5	5	5	5	5	5	5	5
					5	5	5	5	5	5	5	5	5	5	5	5	5	5	5	5	5	5	5
					5	5	5	5	5	5	5	5	5	5	5	5	5	5	5	5	5	5	5
					5	5	5	5	5	5	5	5	5	5	5	5	5	5	5	5	5	5	5
					5	5	5	5	5	5	5	5	5	5	5	5	5	5	5	5	5	5	5
					5	5	5	5	5	5	5	5	5	5	5	5	5	5	5	5	5	5	5
					5	5	5	5	5	5	5	5	5	5	5	5	5	5	5	5	5	5	5
					5	5	5	5	5	5	5	5	5	5	5	5	5	5	5	5	5	5	5
					5	5	5	5	5	5	5	5	5	5	5	5	5	5	5	5	5	5	5
					5	5	5	5	5	5	5	5	5	5	5	5	5	5	5	5	5	5	5
					5	5	5	5	5	5	5	5	5	5	5	5	5	5	5	5	5	5	5
					5	5	5	5	5	5	5	5	5	5	5	5	5	5	5	5	5	5	5
					5	5	5	5	5	5	5	5	5	5	5	5	5	5	5	5	5	5	5
					5	5	5	5	5	5	5	5	5	5	5	5	5	5	5	5	5	5	5
					5	5	5	5	5	5	5	5	5	5	5	5	5	5	5	5	5	5	5
					5	5	5	5	5	5	5	5	5	5	5	5	5	5	5	5	5	5	5
					5	5	5	5	5	5	5	5	5	5	5	5	5	5	5	5	5	5	5
					5	5	5	5	5	5	5	5	5	5	5	5	5	5	5	5	5	5	5
					5	5	5	5	5	5	5	5	5	5	5	5	5	5	5	5	5	5	5
					5	5	5	5	5	5	5	5	5	5	5	5	5	5	5	5	5	5	5
					5	5	5	5	5	5	5	5	5	5	5	5	5	5	5	5	5	5	5
					5	5	5	5	5	5	5	5	5	5	5	5	5	5	5	5	5	5	5
					5	5	5	5	5	5	5	5	5	5	5	5	5	5	5	5	5	5	5
					5	5	5	5	5	5	5	5	5	5	5	5	5	5	5	5	5	5	5
					5	5	5	5	5	5	5	5	5	5	5	5	5	5	5	5	5	5	5
					5	5	5	5	5	5	5	5	5	5	5	5	5	5	5	5	5	5	5
					5	5	5	5	5	5	5	5	5	5	5	5	5	5	5	5	5	5	5
					5	5	5	5	5	5	5	5	5	5	5	5	5	5	5	5	5	5	5
					5	5	5	5	5	5	5	5	5	5	5	5	5	5	5	5	5	5	5
					5	5	5	5	5	5	5	5	5	5	5	5	5	5	5	5	5	5	5
					5	5	5	5	5	5	5	5	5	5	5	5	5	5	5	5	5	5	5
					5	5	5	5	5	5	5	5	5	5	5	5	5	5	5	5	5	5	5
					5	5	5	5	5	5	5	5	5	5	5	5	5	5	5	5	5	5	5
					5	5	5	5	5	5	5	5	5	5	5	5	5	5	5	5	5	5	5
					5	5	5	5	5	5	5	5	5	5	5	5	5	5	5	5	5	5	5
					5	5	5	5	5	5	5	5	5	5	5	5	5	5	5	5	5	5	5
					5	5	5	5	5	5	5	5	5	5	5	5	5	5	5	5	5	5	5
					5	5	5	5	5	5	5	5	5	5	5	5	5	5	5	5	5	5	5
					5	5	5	5	5	5	5	5	5	5	5	5	5	5	5	5	5	5	5
					5	5	5	5	5	5	5	5	5	5	5	5	5	5	5	5	5	5	5
					5	5	5	5	5	5	5	5	5	5	5	5	5	5	5	5	5	5	5
					5	5	5	5	5	5	5	5	5	5	5	5	5	5	5	5	5	5	5
					5	5	5	5	5	5	5	5	5	5	5	5	5	5	5	5	5	5	5
					5	5	5	5	5	5	5	5	5	5	5	5	5	5	5	5	5	5	5
					5	5	5	5	5	5	5	5	5	5	5	5	5	5	5	5	5	5	5
					5	5	5	5	5	5	5	5	5	5	5	5	5	5	5	5	5	5	5
					5	5	5	5	5	5	5	5	5	5	5	5	5	5	5	5	5	5	5
					5	5	5	5	5	5	5	5	5	5	5	5	5	5	5	5	5	5	5
					5	5	5	5	5	5	5	5	5	5	5	5	5	5	5	5	5	5	5
					5	5	5	5	5	5	5	5	5	5	5	5	5	5	5	5	5	5	5
					5	5	5	5	5	5	5	5	5	5	5	5	5	5	5	5	5	5	5
					5	5	5	5	5	5	5	5	5	5	5	5	5	5	5	5	5	5	5
					5	5	5	5	5	5	5	5	5	5	5	5	5	5	5	5	5	5	5
					5	5	5	5	5	5	5	5	5	5	5	5	5	5	5	5	5	5	5
					5	5	5	5	5	5	5	5	5	5	5	5	5	5	5	5	5	5	5
					5	5	5	5	5	5	5	5	5	5	5	5	5	5	5	5	5	5	5
					5	5	5	5	5	5	5	5	5	5	5	5	5	5	5	5	5	5	5
					5	5	5	5	5	5	5	5	5	5	5	5	5	5	5	5	5	5	5
					5	5	5	5	5	5	5	5	5	5	5	5	5	5	5	5	5	5	5
					5	5	5	5	5	5	5	5	5	5	5	5	5	5	5	5	5	5	5
					5	5	5	5	5	5	5	5	5	5	5	5	5	5	5	5	5	5	5
					5	5	5	5	5	5	5	5	5	5	5	5	5	5	5	5	5	5	5
					5	5	5	5	5	5	5	5	5	5	5	5	5	5	5	5	5	5	5
					5	5	5	5	5	5	5	5	5	5	5	5	5	5	5	5	5	5	5
					5	5	5	5	5	5	5	5	5	5	5	5	5	5	5	5	5	5	5
					5	5	5	5	5	5	5	5	5	5	5	5	5	5	5	5	5	5	5
					5	5	5	5	5	5	5	5	5	5	5	5	5	5	5	5	5	5	5
					5	5	5	5	5	5	5	5	5	5	5	5	5	5	5	5	5	5	5
					5	5	5	5	5	5	5	5	5	5	5	5	5	5	5	5	5	5	5
					5	5	5	5	5	5	5	5	5	5	5	5	5	5	5	5	5	5	5
					5	5	5	5	5	5	5	5	5	5	5	5	5	5	5	5	5	5	5
					5	5	5	5	5	5	5	5	5	5	5	5	5	5	5	5	5	5	5
					5	5	5	5	5	5	5	5	5	5	5	5	5	5	5	5	5	5	5
					5	5	5	5	5	5	5	5	5	5	5	5	5	5	5	5	5	5	5
					5	5	5	5	5	5	5	5	5	5	5	5	5	5	5	5	5	5	5
					5	5	5	5	5	5	5	5	5	5	5	5	5	5	5	5	5	5	5
					5	5	5	5	5	5	5	5	5	5	5	5	5	5	5	5	5	5	5
					5	5	5	5	5	5	5	5	5	5	5	5	5	5	5	5	5	5	5
					5	5	5	5	5	5	5	5	5	5	5	5	5	5	5	5	5	5	5
					5	5	5	5	5	5	5	5	5	5	5	5	5	5	5	5	5	5	5
					5	5	5	5	5	5	5	5	5	5	5	5	5	5	5	5	5	5	5
					5	5	5	5	5	5	5	5	5	5	5	5	5	5	5	5	5	5	5
					5	5	5	5	5	5	5	5	5	5	5	5	5	5	5	5	5	5	5
					5	5	5	5	5	5	5	5	5	5	5	5	5	5	5	5	5	5	5
					5	5	5	5	5	5	5	5	5	5	5	5	5	5	5	5	5	5	5
					5	5	5	5	5	5	5	5	5	5	5	5	5	5	5	5	5	5	5
					5	5	5	5	5	5	5	5	5	5	5	5	5	5	5	5	5	5	5
					5	5	5	5	5	5	5	5	5	5	5	5	5	5	5	5	5	5	5
					5	5	5	5	5	5	5	5	5	5	5	5	5	5	5	5	5	5	5
					5	5	5	5	5	5	5	5	5	5	5	5	5	5	5	5	5	5	5
					5	5	5	5	5	5	5	5	5	5	5	5	5	5	5	5	5	5	5
					5	5	5	5	5	5	5	5	5	5	5	5	5	5	5	5	5	5	5
					5	5	5	5	5	5	5	5	5	5	5	5	5	5	5	5	5	5	5
					5	5	5	5	5	5	5	5	5	5	5	5	5	5	5	5	5	5	5
					5	5	5	5	5	5	5	5	5	5	5	5	5	5	5	5	5	5	5
					5	5	5	5	5	5	5	5	5	5	5	5	5	5	5	5	5	5	5
					5	5	5	5	5	5	5	5	5	5	5	5	5	5	5	5	5	5	5
					5	5	5	5	5	5	5	5	5	5	5	5	5	5	5	5	5	5	5
					5	5	5	5	5	5	5	5	5	5	5	5	5	5	5	5	5	5	5
					5	5	5	5	5	5	5	5	5	5	5	5	5	5	5	5	5	5	5
					5	5	5	5	5	5	5	5	5	5	5	5	5	5	5	5	5	5	5
					5	5	5	5	5	5	5	5	5	5	5	5	5	5	5	5	5	5	5
					5	5	5	5	5	5	5	5	5	5	5	5	5	5	5	5	5	5	5
					5	5	5	5	5	5	5	5	5	5	5	5	5	5	5	5	5	5	5
					5	5	5	5	5	5	5	5	5	5	5	5	5	5	5	5	5	5	5
					5	5	5	5	5	5	5	5	5	5	5	5	5	5	5	5	5	5	5
					5	5	5	5	5	5	5	5	5	5	5	5	5	5	5	5	5	5	5
					5	5	5	5	5	5	5	5	5	5	5	5	5	5	5	5	5	5	5
					5	5	5	5	5	5	5	5	5	5	5	5	5	5	5	5	5	5	5
					5	5	5	5	5	5	5	5	5	5	5	5	5	5	5	5	5	5	5
					5	5	5	5	5	5	5	5	5	5	5	5	5	5	5	5	5	5	5
					5	5	5	5	5	5	5	5	5	5	5	5	5	5	5	5	5	5	5
					5	5	5	5	5	5	5	5	5	5	5	5	5	5	5	5	5	5	5
					5	5	5	5	5	5	5	5	5	5	5	5	5	5	5	5	5	5	5
					5	5	5	5	5	5	5	5	5	5	5	5	5	5	5	5	5	5	5
					5	5	5	5	5	5	5	5	5	5	5	5	5	5	5	5	5	5	5
					5	5	5	5	5	5	5	5	5	5	5	5	5	5	5	5	5	5	5
					5	5	5	5	5	5	5	5	5	5	5	5	5	5	5	5	5	5	5
					5	5	5	5	5	5	5	5	5	5	5	5	5	5	5	5	5	5	5
					5	5	5	5	5	5	5	5	5	5	5	5	5	5	5	5	5	5	5
					5	5	5	5	5	5	5	5	5	5	5	5	5	5	5	5	5	5	5
					5	5	5	5	5	5	5	5	5	5	5	5	5	5	5	5	5	5	5
					5	5	5	5	5	5	5	5	5	5	5	5	5	5	5	5	5	5	5
					5	5	5	5	5	5	5	5	5	5	5	5	5	5	5	5	5	5	5
					5	5	5	5	5	5	5	5	5	5	5	5	5	5	5	5	5	5	5
					5	5	5	5	5	5	5	5	5	5	5	5	5	5	5	5	5	5	5
					5	5	5	5	5	5	5	5	5	5	5	5	5	5	5	5	5	5	5
					5	5	5	5	5	5	5	5	5	5	5	5	5	5	5	5	5	5	5
					5	5	5	5	5	5	5	5	5	5	5	5	5	5	5	5	5	5	5
					5	5	5	5	5	5	5	5	5	5	5	5	5	5	5	5	5	5	5
					5	5	5	5	5	5	5	5	5	5	5	5	5	5	5	5	5	5	5
					5	5	5	5	5	5	5	5	5	5	5	5	5	5	5	5	5	5	5
					5	5	5	5	5	5	5	5	5	5	5	5	5	5	5	5	5	5	5
					5	5	5	5	5	5	5	5	5	5	5	5	5	5	5	5	5	5	5
					5	5	5	5	5	5	5	5	5	5	5	5	5	5	5	5	5	5	5
					5	5	5	5	5	5	5	5	5	5	5	5	5	5	5	5	5	5	5
					5	5	5	5	5	5	5	5	5	5	5	5	5	5	5	5	5	5	5
					5	5	5	5	5	5	5	5	5	5	5	5	5	5	5	5	5	5	5
					5	5	5	5	5	5	5	5	5	5	5	5	5	5	5	5	5	5	5
					5	5	5	5	5	5	5	5	5	5	5	5	5	5	5	5	5	5	5
					5	5	5	5	5	5	5	5	5	5	5	5	5	5	5	5	5	5	5
					5	5	5	5	5	5	5	5	5	5	5	5	5	5	5	5	5	5	5
					5	5	5	5	5	5	5	5	5	5	5	5	5	5	5	5	5	5	5
					5	5	5	5	5	5	5	5	5	5	5	5	5	5	5	5	5	5	5
					5	5	5	5	5	5	5	5	5	5	5	5	5	5	5	5	5	5	5
					5	5	5	5	5	5	5	5	5	5	5	5	5	5	5	5	5	5	5
					5	5	5	5	5	5	5	5	5	5	5	5	5	5	5	5	5	5	5
					5	5	5	5	5	5	5	5	5	5	5	5	5	5	5	5	5	5	5
					5	5	5	5	5	5	5	5	5	5	5	5	5	5	5	5	5	5	5
					5	5	5	5	5	5	5	5	5	5	5	5	5	5	5	5	5	5	5
					5	5	5	5	5	5	5	5	5	5	5	5	5	5	5	5	5	5	5
					5	5	5	5	5	5	5	5	5	5	5	5	5	5	5	5	5	5	5
					5	5	5	5	5	5	5	5	5	5	5	5	5	5	5	5	5	5	5
					5	5	5	5	5	5	5	5	5	5	5	5	5	5	5	5	5	5	5
					5	5	5	5	5	5	5	5	5	5	5	5	5	5	5	5	5	5	5
					5	5	5	5	5	5	5	5	5	5	5	5	5	5	5	5	5	5	5
					5	5	5	5	5	5	5	5	5	5	5	5	5	5	5	5	5	5	5
					5	5	5	5	5	5	5	5	5	5	5	5	5	5	5	5	5	5	5
					5	5	5	5	5	5	5	5	5	5	5	5	5	5	5	5	5	5	5
					5	5	5	5	5	5	5	5	5	5	5	5	5	5	5	5	5	5	5
					5	5	5	5	5	5	5	5	5	5	5	5	5	5	5	5	5	5	5
					5	5	5	5	5	5	5	5	5	5	5	5	5	5	5	5	5	5	5
					5	5	5	5	5	5	5	5	5	5	5	5	5	5	5	5	5	5	5
					5	5	5	5	5	5	5	5	5	5	5	5	5	5	5	5	5	5	5
					5	5	5	5	5	5	5	5	5	5	5	5	5	5	5	5	5	5	5
					5	5	5	5	5	5	5	5	5	5	5	5	5	5	5	5	5	5	5
					5	5	5	5	5	5	5	5	5	5	5	5	5	5	5	5	5	5	5
					5	5	5	5	5	5	5	5	5	5	5	5	5	5	5	5	5	5	5
					5	5	5	5	5	5	5	5	5	5	5	5	5	5	5	5	5	5	5
					5	5	5	5	5	5	5	5	5	5	5	5	5	5	5	5	5	5	5
					5	5	5	5	5	5	5	5	5	5	5	5	5	5	5	5	5	5	5
					5	5	5	5	5	5	5	5	5	5	5	5	5	5	5	5	5	5	5
					5	5	5	5	5	5	5	5	5	5	5	5	5	5	5	5	5	5	5
					5	5	5	5	5	5	5	5	5	5	5	5	5	5	5	5	5	5	5
					5	5	5	5	5	5	5	5	5	5	5	5	5	5	5	5	5	5	5
					5	5	5	5	5	5	5	5	5	5	5	5	5	5	5	5	5	5	5
					5	5	5	5	5	5	5	5	5	5	5	5	5	5	5	5	5	5	5
					5	5	5	5	5	5	5	5	5	5	5	5	5	5	5	5	5	5	5
					5	5	5	5	5	5	5	5	5	5	5	5	5	5	5	5	5	5	5
					5	5	5	5	5	5	5	5	5	5	5	5	5	5	5	5	5	5	5
					5	5	5	5	5	5	5	5	5	5	5	5	5	5	5	5	5	5	5
					5	5	5	5	5	5	5	5	5	5	5	5	5	5	5	5	5	5	5
					5	5	5	5	5	5	5	5	5	5	5	5	5	5	5	5	5	5	5
					5	5	5	5	5	5	5	5	5	5	5	5	5	5	5	5	5	5	5
					5	5	5	5	5	5	5	5	5	5	5	5	5	5	5	5	5	5	5
					5	5	5	5	5	5	5	5	5	5	5	5	5	5	5	5	5	5	5
					5	5	5	5	5	5	5	5	5	5	5	5	5	5	5	5	5	5	5
					5	5	5	5	5	5	5	5	5	5	5	5	5	5	5	5	5	5	5
					5	5	5	5	5	5	5	5	5	5	5	5	5	5	5	5	5	5	5
					5	5	5	5	5	5	5	5	5	5	5	5	5	5	5	5	5	5	5
					5	5	5	5	5	5	5	5	5	5	5	5	5	5	5	5	5	5	5
					5	5	5	5	5	5	5	5	5	5	5	5	5	5	5	5	5	5	5
					5	5	5	5	5	5	5	5	5	5	5	5	5	5	5	5	5	5	5
					5	5	5	5	5	5	5	5	5	5	5	5	5	5	5	5	5	5	5
					5	5	5	5	5	5	5	5	5	5	5	5	5	5	5	5	5	5	5
					5	5	5	5	5	5	5	5	5	5	5	5	5	5	5	5	5	5	5
					5	5	5	5	5	5	5	5	5	5	5	5	5	5	5	5	5	5	5
					5	5	5	5	5	5	5	5	5	5	5	5	5	5	5	5	5	5	5
					5	5	5	5	5	5	5	5	5	5	5	5	5	5	5	5	5	5	5
					5	5	5	5	5	5	5	5	5	5	5	5	5	5	5	5	5	5	5
					5	5	5	5	5	5	5	5	5	5	5	5	5	5	5	5	5	5	5
					5	5	5	5	5	5	5	5	5	5	5	5	5	5	5	5	5	5	5
					5	5	5	5	5	5	5	5	5	5	5	5	5	5	5	5	5	5	5
					5	5	5	5	5	5	5	5	5	5	5	5	5	5	5	5	5	5	5
					5	5	5	5	5	5	5	5	5	5	5	5	5	5	5	5	5	5	5
					5	5	5	5	5	5	5	5	5	5	5	5	5	5	5	5	5	5	5
					5	5	5	5	5	5	5	5	5	5	5	5	5	5	5	5	5	5	5
					5	5	5	5	5	5	5	5	5	5	5	5	5	5	5	5	5	5	5
					5	5	5	5	5	5	5	5	5	5	5	5	5	5	5	5	5	5	5
					5	5	5	5	5	5	5	5	5	5	5	5	5	5	5	5	5	5	5
					5	5	5	5	5	5	5	5	5	5	5	5	5	5	5	5	5	5	5
					5	5	5	5	5	5	5	5	5	5	5	5	5	5	5	5	5	5	5
					5	5	5	5	5	5	5	5	5	5	5	5	5	5	5	5	5	5	5
					5	5	5	5	5	5	5	5	5	5	5	5	5	5	5	5	5	5	5
					5	5	5	5	5	5	5	5	5	5	5	5	5	5	5	5	5	5	5
					5	5	5	5	5	5	5	5	5	5	5	5	5	5	5	5	5	5	5
					5	5	5	5	5	5	5	5	5	5	5	5	5	5	5	5	5	5	5
					5	5	5	5	5	5	5	5	5	5	5	5	5	5	5	5	5	5	5
					5	5	5	5	5	5	5	5	5	5	5	5	5	5	5	5	5	5	5
					5	5	5	5	5	5	5	5	5	5	5	5	5	5	5	5	5	5	5
					5	5	5	5	5	5	5	5	5	5	5	5	5	5	5	5	5	5	5
					5	5	5	5	5	5	5	5	5	5	5	5	5	5	5	5	5	5	5
					5	5	5	5	5	5	5	5	5	5	5	5	5	5	5	5	5	5	5
					5	5	5	5	5	5	5	5	5	5	5	5	5	5	5	5	5	5	5
					5	5	5	5	5	5	5	5	5	5	5	5	5	5	5	5	5	5	5
					5	5	5	5	5	5	5	5	5	5	5	5	5	5	5	5	5	5	5
					5	5	5	5	5	5	5	5	5	5	5	5	5	5	5	5	5	5	5
					5	5	5	5	5	5	5	5	5	5	5	5	5	5	5	5	5	5	5
					5	5	5	5	5	5	5	5	5	5	5	5	5	5	5	5	5	5	5
					5	5	5	5	5	5	5	5	5	5	5	5	5	5	5	5	5	5	5
					5	5	5	5	5	5	5	5	5	5	5	5	5	5	5	5	5	5	5
					5	5	5	5	5	5	5	5	5	5	5	5	5	5	5	5	5	5	5
					5	5	5	5	5	5	5	5	5	5	5	5	5	5	5	5	5	5	5
					5	5	5	5	5	5	5	5	5	5	5	5	5	5	5	5	5	5	5
					5	5	5	5	5	5	5	5	5	5	5	5	5	5	5	5	5	5	5
					5	5	5	5	5	5	5	5	5	5	5	5	5	5	5	5	5	5	5
					5	5	5	5	5	5	5	5	5	5	5	5	5	5	5	5	5	5	5
					5	5	5	5	5	5	5	5	5	5	5	5	5	5	5	5	5	5	5
					5	5	5	5	5	5	5	5	5	5	5	5	5	5	5	5	5	5	5
					5	5	5	5	5	5	5	5	5	5	5	5	5	5	5	5	5	5	5
					5	5	5	5	5	5	5	5	5	5	5	5	5	5	5	5	5	5	5
					5	5	5	5	5	5	5	5	5	5	5	5	5	5	5	5	5	5	5
					5	5	5	5	5	5	5	5	5	5	5	5	5	5	5	5	5	5	5
					5	5	5	5	5	5	5	5	5	5	5	5	5	5	5	5	5	5	5
					5	5	5	5	5	5	5	5	5	5	5	5	5	5	5	5	5	5	5
					5	5	5	5	5	5	5	5	5	5	5	5	5	5	5	5	5	5	5
					5	5	5	5	5	5	5	5	5	5	5	5	5	5	5	5	5	5	5
					5	5	5	5	5	5	5	5	5	5	5	5	5	5	5	5	5	5	5
					5	5	5	5	5	5	5	5	5	5	5	5	5	5	5	5	5	5	5
					5	5	5	5	5	5	5	5	5	5	5	5	5	5	5	5	5	5	5
					5	5	5	5	5	5	5	5	5	5	5	5	5	5	5	5	5	5	5
					5	5	5	5	5	5	5	5	5	5	5	5	5	5	5	5	5	5	5
					5	5	5	5	5	5	5	5	5	5	5	5	5	5	5	5	5	5	5
					5	5	5	5	5	5	5	5	5	5	5	5	5	5	5	5	5	5	5
					5	5	5	5	5	5	5	5	5	5	5	5	5	5	5	5	5	5	5
					5	5	5	5	5	5	5	5	5	5	5	5	5	5	5	5	5	5	5
					5	5	5	5	5	5	5	5	5	5	5	5	5	5	5	5	5	5	5
					5	5	5	5	5	5	5	5	5	5	5	5	5	5	5	5	5	5	5
					5	5	5	5	5	5	5	5	5	5	5	5	5	5	5	5	5	5	5
					5	5	5	5	5	5	5	5	5	5	5	5	5	5	5	5	5	5	5
					5	5	5	5	5	5	5	5	5	5	5	5	5	5	5	5	5	5	5
					5	5	5	5	5	5	5	5	5	5	5	5	5	5	5	5	5	5	5
					5	5	5	5	5	5	5	5	5	5	5	5	5	5	5	5	5	5	5
					5	5	5	5	5	5	5	5	5	5	5	5	5	5	5	5	5	5	5
					5	5	5	5	5	5	5	5	5	5	5	5	5	5	5	5	5	5	5
					5	5	5	5	5	5	5	5	5	5	5	5	5	5	5	5	5	5	5
					5	5	5	5	5	5	5	5	5	5	5	5	5	5	5	5	5	5	5
					5	5	5	5	5	5	5	5	5	5	5	5	5	5	5	5	5	5	5
					5	5	5	5	5	5	5	5	5	5	5	5	5	5	5	5	5	5	5
					5	5	5	5	5	5	5	5	5	5	5	5	5	5	5	5	5	5	5
					5	5	5	5	5	5	5	5	5	5	5	5	5	5	5	5	5	5	5
					5	5	5	5	5	5	5	5	5	5	5	5	5	5	5	5	5	5	5
					5	5	5	5	5	5	5	5	5	5	5	5	5	5	5	5	5	5	5
					5	5	5	5	5	5	5	5	5	5	5	5	5	5	5	5	5	5	5
					5	5	5	5	5	5	5	5	5	5	5	5	5	5	5	5	5	5	5
					5	5	5	5	5	5	5	5	5	5	5	5	5	5	5	5	5	5	5
					5	5	5	5	5	5	5	5	5	5	5	5	5	5	5	5	5	5	5
					5	5	5	5	5	5	5	5	5	5	5	5	5	5	5	5	5	5	5
					5	5	5	5	5	5	5	5	5	5	5	5	5	5	5	5	5	5	5
					5	5	5	5	5	5	5	5	5	5	5	5	5	5	5	5	5	5	5
					5	5	5	5	5	5	5	5	5	5	5	5	5	5	5	5	5	5	5
					5	5	5	5	5	5	5	5	5	5	5	5	5	5	5	5	5	5	5
					5	5	5	5	5	5	5	5	5	5	5	5	5	5	5	5	5	5	5
					5	5	5	5	5	5	5	5	5	5	5	5	5	5	5	5	5	5	5
					5	5	5	5	5	5	5	5	5	5	5	5	5	5	5	5	5	5	5
					5	5	5	5	5	5	5	5	5	5	5	5	5	5	5	5	5	5	5
					5	5	5	5	5	5	5	5	5	5	5	5	5	5	5	5	5	5	5
					5	5	5	5	5	5	5	5	5	5	5	5	5	5	5	5	5	5	5
					5	5	5	5	5	5	5	5	5	5	5	5	5	5	5	5	5	5	5
					5	5	5	5	5	5	5	5	5	5	5	5	5	5	5	5	5	5	5
					5	5	5	5	5	5	5	5	5	5	5	5	5	5	5	5	5	5	5
					5	5	5	5	5	5	5	5	5	5	5	5	5	5	5	5	5	5	5
					5	5	5	5	5	5	5	5	5	5	5	5	5	5	5	5	5	5	5
					5	5	5	5	5	5	5	5	5	5	5	5	5	5	5	5	5	5	5
					5	5	5	5	5	5	5	5	5	5	5	5	5	5	5	5	5	5	5
					5	5	5	5	5	5	5	5	5	5	5	5	5	5	5	5	5	5	5
					5	5	5	5	5	5	5	5	5	5	5	5	5	5	5	5	5	5	5
					5	5	5	5	5	5	5	5	5	5	5	5	5	5	5	5	5	5	5
					5	5	5	5	5	5	5	5	5	5	5	5	5	5	5	5	5	5	5
					5	5	5	5	5	5	5	5	5	5	5	5	5	5	5	5	5	5	5
					5	5	5	5	5	5	5	5	5	5	5	5	5	5	5	5	5	5	5
					5	5	5	5	5	5	5	5	5	5	5	5	5	5	5	5	5	5	5
					5	5	5	5	5	5	5	5	5	5	5	5	5	5	5	5	5	5	5
					5	5	5	5	5	5	5	5	5	5	5	5	5	5	5	5	5	5	5
					5	5	5	5	5	5	5	5	5	5	5	5	5	5	5	5	5	5	5
					5	5	5	5	5	5	5	5	5	5	5	5	5	5	5	5	5	5	5
					5	5	5	5	5	5	5	5	5	5	5	5	5	5	5	5	5	5	5
					5	5	5	5	5	5	5	5	5	5	5	5	5	5	5	5	5	5	5
					5	5	5	5	5	5	5	5	5	5	5	5	5	5	5	5	5	5	5
					5	5	5	5	5	5	5	5	5	5	5	5	5	5	5	5	5	5	5
					5	5	5	5	5	5	5	5	5	5	5	5	5	5	5	5	5	5	5
					5	5	5	5	5	5	5	5	5	5	5	5	5	5	5	5	5	5	5
					5	5	5	5	5	5	5	5	5	5	5	5	5	5	5	5	5	5	5
					5	5	5	5	5	5	5	5	5	5	5	5	5	5	5	5	5	5	5
					5	5	5	5	5	5	5	5	5	5	5	5	5	5	5	5	5	5	5
					5	5	5	5	5	5	5	5	5	5	5	5	5	5	5	5	5	5	5
					5	5	5	5	5	5	5	5	5	5	5	5	5	5	5	5	5	5	5
					5	5	5	5	5	5	5	5	5	5	5	5	5	5	5	5	5	5	5
					5	5	5	5	5	5	5	5	5	5	5	5	5	5	5	5	5	5	5
					5	5	5	5	5	5	5	5	5	5	5	5	5	5	5	5	5	5	5
					5	5	5	5	5	5	5	5	5	5	5	5	5	5	5	5	5	5	5
					5	5	5	5	5	5	5	5	5	5	5	5	5	5	5	5	5	5	5
					5	5	5	5	5	5	5	5	5	5	5	5	5	5	5	5	5	5	5
					5	5	5	5	5	5	5	5	5	5	5	5	5	5	5	5	5	5	5
					5	5	5	5	5	5	5	5	5	5	5	5	5	5	5	5	5	5	5
					5	5	5	5	5	5	5	5	5	5	5	5	5	5	5	5	5	5	5
					5	5	5	5	5	5	5	5	5	5	5	5	5	5	5	5	5	5	5
					5	5	5	5	5	5	5	5	5	5	5	5	5	5	5	5	5	5	5
					5	5	5	5	5	5	5	5	5	5	5	5	5	5	5	5	5	5	5
					5	5	5	5	5	5	5	5	5	5	5	5	5	5	5	5	5	5	5
					5	5	5	5	5	5	5	5	5	5	5	5	5	5	5	5	5	5	5
					5	5	5	5	5	5	5	5	5	5	5	5	5	5	5	5	5	5	5
					5	5	5	5	5	5	5	5	5	5	5	5	5	5	5	5	5	5	5
					5	5	5	5	5	5	5	5	5	5	5	5	5	5	5	5	5	5	5
					5	5	5	5	5	5	5	5	5	5	5	5	5	5	5	5	5	5	5
					5	5	5	5	5	5	5	5	5	5	5	5	5	5	5	5	5	5	5
					5	5	5	5	5	5	5	5	5	5	5	5	5	5	5	5	5	5	5
					5	5	5	5	5	5	5	5	5	5	5	5	5	5	5	5	5	5	5
					5	5	5	5	5	5	5	5	5	5	5	5	5	5	5	5	5	5	5
					5	5	5	5	5	5	5	5	5	5	5	5	5	5	5	5	5	5	5
					5	5	5	5	5	5	5	5	5	5	5	5	5	5	5	5	5	5	5
					5	5	5	5	5	5	5	5	5	5	5	5	5	5	5	5	5	5	5
					5	5	5	5	5	5	5	5	5	5	5	5	5	5	5	5	5	5	5
					5	5	5	5	5	5	5	5	5	5	5	5	5	5	5	5	5	5	5
					5	5	5	5	5	5	5	5	5	5	5	5	5	5	5	5	5	5	5
					5	5	5	5	5	5	5	5	5	5	5	5	5	5	5	5	5	5	5
					5	5	5	5	5	5	5	5	5	5	5	5	5	5	5	5	5	5	5
					5	5	5	5	5	5	5	5	5	5	5	5	5	5	5	5	5	5	5
					5	5	5	5	5	5	5	5	5	5	5	5	5	5	5	5	5	5	5
					5	5	5	5	5	5	5	5	5	5	5	5	5	5	5	5	5	5	5
					5	5	5	5	5	5	5	5	5	5	5	5	5	5	5	5	5	5	5
					5	5	5	5	5	5	5	5	5	5	5	5	5	5	5	5	5	5	5
					5	5	5	5	5	5	5	5	5	5	5	5	5	5	5	5	5	5	5
					5	5	5	5	5	5	5	5	5	5	5	5	5	5	5	5	5	5	5
					5	5	5	5	5	5	5	5	5	5	5	5	5	5	5	5	5	5	5
					5	5	5	5	5	5	5	5	5	5	5	5	5	5	5	5	5	5	5
					5	5	5	5	5	5	5	5	5	5	5	5	5	5	5	5	5	5	5
					5	5	5	5	5	5	5	5	5	5	5	5	5	5	5	5	5	5	5
					5	5	5	5	5	5	5	5	5	5	5	5	5	5	5	5	5	5	5
					5	5	5	5	5	5	5	5	5	5	5	5	5	5	5	5	5	5	5
					5	5	5	5	5	5	5	5	5	5	5	5	5	5	5	5	5	5	5
					5	5	5	5	5	5	5	5	5	5	5	5	5	5	5	5	5	5	5
					5	5	5	5	5	5	5	5	5	5	5	5	5	5	5	5	5	5	5
					5	5	5	5	5	5	5	5	5	5	5	5	5	5	5	5	5	5	5
					5	5	5	5	5	5	5	5	5	5	5	5	5	5	5	5	5	5	5
					5	5	5	5	5	5	5	5	5	5	5	5	5	5	5	5	5	5	5
					5	5	5	5	5	5	5	5	5	5	5	5	5	5	5	5	5	5	5
					5	5	5	5	5	5	5	5	5	5	5	5	5	5	5	5	5	5	5
					5	5	5	5	5	5	5	5	5	5	5	5	5	5	5	5	5	5	5
					5	5	5	5	5	5	5	5	5	5	5	5	5	5	5	5	5	5	5
					5	5	5	5	5	5	5	5	5	5	5	5	5	5	5	5	5	5	5
					5	5	5	5	5	5	5	5	5	5	5	5	5	5	5	5	5	5	5
					5	5	5	5	5	5	5	5	5	5	5	5	5	5	5	5	5	5	5
					5	5	5	5	5	5	5	5	5	5	5	5	5	5	5	5	5	5	5
					5	5	5	5	5	5	5	5	5	5	5	5	5	5	5	5	5	5	5
					5	5	5	5	5	5	5	5	5	5	5	5	5	5	5	5	5	5	5
					5	5	5	5	5	5	5	5	5	5	5	5	5	5	5	5	5	5	5
					5	5	5	5	5	5	5	5	5	5	5	5	5	5	5	5	5	5	5
					5	5	5	5	5	5	5	5	5	5	5	5	5	5	5	5	5	5	5
					5	5	5	5	5	5	5	5	5	5	5	5	5	5	5	5	5	5	5
					5	5	5	5	5	5	5	5	5	5	5	5	5	5	5	5	5	5	5
					5	5	5	5	5	5	5	5	5	5	5	5	5	5	5	5	5	5	5
					5	5	5	5	5	5	5	5	5	5	5	5	5	5	5	5	5	5	5
					5	5	5	5	5	5	5	5	5	5	5	5	5	5	5	5	5	5	5
					5	5	5	5	5	5	5	5	5	5	5	5	5	5	5	5	5	5	5
					5	5	5	5	5	5	5	5	5	5	5	5	5	5	5	5	5	5	5
					5	5	5	5	5	5	5	5	5	5	5	5	5	5	5	5	5	5	5
					5	5	5	5	5	5	5	5	5	5	5	5	5	5	5	5	5	5	5
					5	5	5	5	5	5	5	5	5	5	5	5	5	5	5	5	5	5	5
					5	5	5	5	5	5	5	5	5	5	5	5	5	5	5	5	5	5	5
					5	5	5	5	5	5	5	5	5	5	5	5	5	5	5	5	5	5	5
					5	5	5	5	5	5	5	5	5	5	5	5	5	5	5	5	5	5	5
					5	5	5	5	5	5	5	5	5	5	5	5	5	5	5	5	5	5	5
					5	5	5	5	5	5	5	5	5	5	5	5	5	5	5	5	5	5	5
					5	5	5	5	5	5	5	5	5	5	5	5	5	5	5	5	5	5	5
					5	5	5	5	5	5	5	5	5	5	5	5	5	5	5	5	5	5	5
					5	5	5	5	5	5	5	5	5	5	5	5	5	5	5	5	5	5	5
					5	5	5	5	5	5	5	5	5	5	5	5	5	5	5	5	5	5	5
					5	5	5	5	5	5	5	5	5	5	5	5	5	5	5	5	5	5	5
					5	5	5	5	5	5	5	5	5	5	5	5	5	5	5	5	5	5	5
					5	5	5	5	5	5	5	5	5	5	5	5	5	5	5	5	5	5	5
					5	5	5	5	5	5	5	5	5	5	5	5	5	5	5	5	5	5	5
					5	5	5	5	5	5	5	5	5	5	5	5	5	5	5	5	5	5	5
					5	5	5	5	5	5	5	5	5	5	5	5	5	5	5	5	5	5	5
					5	5	5	5	5	5	5	5	5	5	5	5	5	5	5	5	5	5	5
					5	5	5	5	5	5	5	5	5	5	5	5	5	5	5	5	5	5	5
					5	5	5	5	5	5	5	5	5	5	5	5	5	5	5	5	5	5	5
					5	5	5	5	5	5	5	5	5	5	5	5	5	5	5	5	5	5	5
					5	5	5	5	5	5	5	5	5	5	5	5	5	5	5	5	5	5	5
					5	5	5	5	5	5	5	5	5	5	5	5	5	5	5	5	5	5	5
					5	5	5	5	5	5	5	5	5	5	5	5	5	5	5	5	5	5	5
					5	5	5	5	5	5	5	5	5	5	5	5	5	5	5	5	5	5	5
					5	5	5	5	5	5	5	5	5	5	5	5	5	5	5	5	5	5	5
					5	5	5	5	5	5	5	5	5	5	5	5	5	5	5	5	5	5	5
					5	5	5	5	5	5	5	5	5	5	5	5	5	5	5	5	5	5	5
					5	5	5	5	5	5	5	5	5	5	5	5	5	5	5	5	5	5	5
					5	5	5	5	5	5	5	5	5	5	5	5	5	5	5	5	5	5	5
					5	5	5	5	5	5	5	5	5	5	5	5	5	5	5	5	5	5	5
					5	5	5	5	5	5	5	5	5	5	5	5	5	5	5	5	5	5	5
					5	5	5	5	5	5	5	5	5	5	5	5	5	5	5	5	5	5	5
					5	5	5	5	5	5	5	5	5	5	5	5	5	5	5	5	5	5	5
					5	5	5	5	5	5	5	5	5	5	5	5	5	5	5	5	5	5	5
					5	5	5	5	5	5	5	5	5	5	5	5	5	5	5	5	5	5	5
					5	5	5	5	5	5	5	5	5	5	5	5	5	5	5	5	5	5	5
					5	5	5	5	5	5	5	5	5	5	5	5	5	5	5	5	5	5	5
					5	5	5	5	5	5	5	5	5	5	5	5	5	5	5	5	5	5	5
					5	5	5	5	5	5	5	5	5	5	5	5	5	5	5	5	5	5	5
					5	5	5	5	5	5	5	5	5	5	5	5	5	5	5	5	5	5	5
					5	5	5	5	5	5	5	5	5	5	5	5	5	5	5	5	5	5	5
					5	5	5	5	5	5	5	5	5	5	5	5	5	5	5	5	5	5	5
					5	5	5	5	5	5	5	5	5	5	5	5	5	5	5	5	5	5	5
					5	5	5	5	5	5	5	5	5	5	5	5	5	5	5	5	5	5	5
					5	5	5	5	5	5	5	5	5	5	5	5	5	5	5	5	5	5	5
					5	5	5	5	5	5	5	5	5	5	5	5	5	5	5	5	5	5	5
					5	5	5	5	5	5	5	5	5	5	5	5	5	5	5	5	5	5	5
					5	5	5	5	5	5	5	5	5	5	5	5	5	5	5	5	5	5	5
					5	5	5	5	5	5	5	5	5	5	5	5	5	5	5	5	5	5	5
					5	5	5	5	5	5	5	5	5	5	5	5	5	5	5	5	5	5	5
					5	5	5	5	5	5	5	5	5	5	5	5	5	5	5	5	5	5	5
					5	5	5	5	5	5	5	5	5	5	5	5	5	5	5	5	5	5	5
					5	5	5	5	5	5	5	5	5	5	5	5	5	5	5	5	5	5	5
					5	5	5	5	5	5	5	5	5	5	5	5	5	5	5	5	5	5	5
					5	5	5	5	5	5	5	5	5	5	5	5	5	5	5	5	5	5	5
					5	5	5	5	5	5	5	5	5	5	5	5	5	5	5	5	5	5	5
					5	5	5	5	5	5	5	5	5	5	5	5	5	5	5	5	5	5	5
					5	5	5	5	5	5	5	5	5	5	5	5	5	5	5	5	5	5	5
					5	5	5	5	5	5	5	5	5	5	5	5	5	5	5	5	5	5	5
					5	5	5	5	5	5	5	5	5	5	5	5	5	5	5	5	5	5	5
					5	5	5	5	5	5	5	5	5	5	5	5	5	5	5	5	5	5	5
					5	5	5	5	5	5	5	5	5	5	5	5	5	5	5	5	5	5	5
					5	5	5	5	5	5	5	5	5	5	5	5	5	5	5	5	5	5	5
					5	5	5	5	5	5	5	5	5	5	5	5	5	5	5	5	5	5	5
					5	5	5	5	5	5	5	5	5	5	5	5	5	5	5	5	5	5	5
					5	5	5	5	5	5	5	5	5	5	5	5	5	5	5	5	5	5	5
					5	5	5	5	5	5	5	5	5	5	5	5	5	5	5	5	5	5	5
					5	5	5	5	5	5	5	5	5	5	5	5	5	5	5	5	5	5	5
					5	5	5	5	5	5	5	5	5	5	5	5	5	5	5	5	5	5	5
					5	5	5	5	5	5	5	5	5	5	5	5	5	5	5	5	5	5	5
					5	5	5	5	5	5	5	5	5	5	5	5	5	5	5	5	5	5	5
					5	5	5	5	5	5	5	5	5	5	5	5	5	5	5	5	5	5	5
					5	5	5	5	5	5	5	5	5	5	5	5	5	5	5	5	5	5	5
					5	5	5	5	5	5	5	5	5	5	5	5	5	5	5	5	5	5	5
					5	5	5	5	5	5	5	5	5	5	5	5	5	5	5	5	5	5	5
					5	5	5	5	5	5	5	5	5	5	5	5	5	5	5	5	5	5	5
					5	5	5	5	5	5	5	5	5	5	5	5	5	5	5	5	5	5	5
					5	5	5	5	5	5	5	5	5	5	5	5	5	5	5	5	5	5	5
					5	5	5	5	5	5	5	5	5	5	5	5	5	5	5	5	5	5	5
					5	5	5	5	5	5	5	5	5	5	5	5	5	5	5	5	5	5	5
					5	5	5	5	5	5	5	5	5	5	5	5	5	5	5	5	5	5	5
					5	5	5	5	5	5	5	5	5	5	5	5	5	5	5	5	5	5	5
					5	5	5	5	5	5	5	5	5	5	5	5	5	5	5	5	5	5	5
					5	5	5	5	5	5	5	5	5	5	5	5	5	5	5	5	5	5	5
					5	5	5	5	5	5	5	5	5	5	5	5	5	5	5	5	5	5	5
					5	5	5	5	5	5	5	5	5	5	5	5	5	5	5	5	5	5	5
					5	5	5	5	5	5	5	5	5	5	5	5	5	5	5	5	5	5	5
					5	5	5	5	5	5	5	5	5	5	5	5	5	5	5	5	5	5	5
					5	5	5	5	5	5	5	5	5	5	5	5	5	5	5	5	5	5	5
					5	5	5	5	5	5	5	5	5	5	5	5	5	5	5	5	5	5	5
					5	5	5	5	5	5	5	5	5	5	5	5	5	5	5	5	5	5	5
					5	5	5	5	5	5	5	5	5	5	5	5	5	5	5	5	5	5	5
					5	5	5	5	5	5	5	5	5	5	5	5	5	5	5	5	5	5	5
					5	5	5	5	5	5	5	5	5	5	5	5	5	5	5	5	5	5	5
					5	5	5	5	5	5	5	5	5	5	5	5	5	5	5	5	5	5	5
					5	5	5	5	5	5	5	5	5	5	5	5	5	5	5	5	5	5	5
					5	5	5	5	5	5	5	5	5	5	5	5	5	5	5	5	5	5	5
					5	5	5	5	5	5	5	5	5	5	5	5	5	5	5	5	5	5	5
					5	5	5	5	5	5	5	5	5	5	5	5	5	5	5	5	5	5	5
					5	5	5	5	5	5	5	5	5	5	5	5	5	5	5	5	5	5	5
					5	5	5	5	5	5	5	5	5	5	5	5	5	5	5	5	5	5	5
					5	5	5	5	5	5	5	5	5	5	5	5	5	5	5	5	5	5	5
					5	5	5	5	5	5	5	5	5	5	5	5	5	5	5	5	5	5	5
					5	5	5	5	5	5	5	5	5	5	5	5	5	5	5	5	5	5	5
					5	5	5	5	5	5	5	5	5	5	5	5	5	5	5	5	5	5	5
					5	5	5	5	5	5	5	5	5	5	5	5	5	5	5	5	5	5	5
					5	5	5	5	5	5	5	5	5	5	5	5	5	5	5	5	5	5	5
					5	5	5	5	5	5	5	5	5	5	5	5	5	5	5	5	5	5	5
					5	5	5	5	5	5	5	5	5	5	5	5	5	5	5	5	5	5	5
					5	5	5	5	5	5	5	5	5	5	5	5	5	5	5	5	5	5	5
					5	5	5	5	5	5	5	5	5	5	5	5	5	5	5	5	5	5	5
					5	5	5	5	5	5	5	5	5	5	5	5	5	5	5	5	5	5	5
					5	5	5	5	5	5	5	5	5	5	5	5	5	5	5	5	5	5	5
					5	5	5	5	5	5	5	5	5	5	5	5	5	5	5	5	5	5	5
					5	5	5	5	5	5	5	5	5	5	5	5	5	5	5	5	5	5	5
					5	5	5	5	5	5	5	5	5	5	5	5	5	5	5	5	5	5	5
					5	5	5	5	5	5	5	5	5	5	5	5	5	5	5	5	5	5	5
					5	5	5	5	5	5	5	5	5	5	5	5	5	5	5	5	5	5	5
					5	5	5	5	5	5	5	5	5	5	5	5	5	5	5	5	5	5	5
					5	5	5	5	5	5	5	5	5	5	5	5	5	5	5	5	5	5	5
					5	5	5	5	5	5	5	5	5	5	5	5	5	5	5	5	5	5	5
					5	5	5	5	5	5	5	5	5	5	5	5	5	5	5	5	5	5	5
					5	5	5	5	5	5	5	5	5	5	5	5	5	5	5	5	5	5	5
					5	5	5	5	5	5	5	5	5	5	5	5	5	5	5	5	5	5	5
					5	5	5	5	5	5	5	5	5	5	5	5	5	5	5	5	5	5	5
					5	5	5	5	5	5	5	5	5	5	5	5	5	5	5	5	5	5	5
					5	5	5	5	5	5	5	5	5	5	5	5	5	5	5	5	5	5	5
					5	5	5	5	5	5	5	5	5	5	5	5	5	5	5	5	5	5	5
					5	5	5	5	5	5	5	5	5	5	5	5	5	5	5	5	5	5	5
					5	5	5	5	5	5	5	5	5	5	5	5	5	5	5	5	5	5	5
					5	5	5	5	5	5	5	5	5	5	5	5	5	5	5	5	5	5	5
					5	5	5	5	5	5	5	5	5	5	5	5	5	5	5	5	5	5	5
					5	5	5	5	5	5	5	5	5	5	5	5	5	5	5	5	5	5	5
					5	5	5	5	5	5	5	5	5	5	5	5	5	5	5	5	5	5	5
					5	5	5	5	5	5	5	5	5	5	5	5	5	5	5	5	5	5	5
					5	5	5	5	5	5	5	5	5	5	5	5	5	5	5	5	5	5	5
					5	5	5	5	5	5	5	5	5	5	5	5	5	5	5	5	5	5	5
					5	5	5	5	5	5	5	5	5	5	5	5	5	5	5	5	5	5	5
					5	5	5	5	5	5	5	5	5	5	5	5	5	5	5	5	5	5	5
					5	5	5	5	5	5	5	5	5	5	5	5	5	5	5	5	5	5	5
					5	5	5	5	5	5	5	5	5	5	5	5	5	5	5	5	5	5	5
					5	5	5	5	5	5	5	5	5	5	5	5	5	5	5	5	5	5	5
					5	5	5	5	5	5	5	5	5	5	5	5	5	5	5	5	5	5	5
					5	5	5	5	5	5	5	5	5	5	5	5	5	5	5	5	5	5	5
					5	5	5	5	5	5	5	5	5	5	5	5	5	5	5	5	5	5	5
					5	5	5	5	5	5	5	5	5	5	5	5	5	5	5	5	5	5	5
					5	5	5	5	5	5	5	5	5	5	5	5	5	5	5	5	5	5	5
					5	5	5	5	5	5	5	5	5	5	5	5	5	5	5	5	5	5	5
					5	5	5	5	5	5	5	5	5	5	5	5	5	5	5	5	5	5	5
					5	5	5	5	5	5	5	5	5	5	5	5	5	5	5	5	5	5	5
					5	5	5	5	5	5	5	5	5	5	5	5	5	5	5	5	5	5	5
					5	5	5	5	5	5	5	5	5	5	5	5	5	5	5	5	5	5	5
					5	5	5	5	5	5	5	5	5	5	5	5	5	5	5	5	5	5	5
					5	5	5	5	5	5	5	5	5	5	5	5	5	5	5	5	5	5	5
					5	5	5	5	5	5	5	5	5	5	5	5	5	5	5	5	5	5	5
					5	5	5	5	5	5	5	5	5	5	5	5	5	5	5	5	5	5	5
					5	5	5	5	5	5	5	5	5	5	5	5	5	5	5	5	5	5	5
					5	5	5	5	5	5	5	5	5	5	5	5	5	5	5	5	5	5	5
					5	5	5	5	5	5	5	5	5	5	5	5	5	5	5	5	5	5	5
					5	5	5	5	5	5	5	5	5	5	5	5	5	5	5	5	5	5	5
					5	5	5	5	5	5	5	5	5	5	5	5	5	5	5	5	5	5	5
					5	5	5	5	5	5	5	5	5	5	5	5	5	5	5	5	5	5	5
					5	5	5	5	5	5	5	5	5	5	5	5	5	5	5	5	5	5	5
					5	5	5	5	5	5	5	5	5	5	5	5	5	5	5	5	5	5	5
					5	5	5	5	5	5	5	5	5	5	5	5	5	5	5	5	5	5	5
					5	5	5	5	5	5	5	5	5	5	5	5	5	5	5	5	5	5	5
					5	5	5	5	5	5	5	5	5	5	5	5	5	5	5	5	5	5	5
					5	5	5	5	5	5	5	5	5	5	5	5	5	5	5	5	5	5	5
					5	5	5	5	5	5	5	5	5	5	5	5	5	5	5	5	5	5	5
					5	5	5	5	5	5	5	5	5	5	5	5	5	5	5	5	5	5	5
					5	5	5	5	5	5	5	5	5	5	5	5	5	5	5	5	5	5	5
					5	5	5	5	5	5	5	5	5	5	5	5	5	5	5	5	5	5	5
					5	5	5	5	5	5	5	5	5	5	5	5	5	5	5	5	5	5	5
					5	5	5	5	5	5	5	5	5	5	5	5	5	5	5	5	5	5	5
					5	5	5	5	5	5	5	5	5	5	5	5	5	5	5	5	5	5	5
					5	5	5	5	5	5	5	5	5	5	5	5	5	5	5	5	5	5	5
					5	5	5	5	5	5	5	5	5	5	5	5	5	5	5	5	5	5	5
					5	5	5	5	5	5	5	5	5	5	5	5	5	5	5	5	5	5	5
					5	5	5	5	5	5	5	5	5	5	5	5	5	5	5	5	5	5	5
					5	5	5	5	5	5	5	5	5	5	5	5	5	5	5	5	5	5	5
					5	5	5	5	5	5	5	5	5	5	5	5	5	5	5	5	5	5	5
					5	5	5	5	5	5	5	5	5	5	5	5	5	5	5	5	5	5	5
					5	5	5	5	5	5	5	5	5	5	5	5	5	5	5	5	5	5	5
					5	5	5	5	5	5	5	5	5	5	5	5	5	5	5	5	5	5	5
					5	5	5	5	5	5	5	5	5	5	5	5	5	5	5	5	5	5	5
					5	5	5	5	5	5	5	5	5	5	5	5	5	5	5	5	5	5	5
					5	5	5	5	5	5	5	5	5	5	5	5	5	5	5	5	5	5	5
					5	5	5	5	5	5	5	5	5	5	5	5	5	5	5	5	5	5	5
					5	5	5	5	5	5	5	5	5	5	5	5	5	5	5	5	5	5	5
					5	5	5	5	5	5	5	5	5	5	5	5	5	5	5	5	5	5	5
					5	5	5	5	5	5	5	5	5	5	5	5	5	5	5	5	5	5	5
					5	5	5	5	5	5	5	5	5	5	5	5	5	5	5	5	5	5	5
					5	5	5	5	5	5	5	5	5	5	5	5	5	5	5	5	5	5	5
					5	5	5	5	5	5	5	5	5	5	5	5	5	5	5	5	5	5	5
					5	5	5	5	5	5	5	5	5	5	5	5	5	5	5	5	5	5	5
					5	5	5	5	5	5	5	5	5	5	5	5	5	5	5	5	5	5	5
					5	5	5	5	5	5	5	5	5	5	5	5	5	5	5	5	5	5	5
					5	5	5	5	5	5	5	5	5	5	5	5	5	5	5	5	5	5	5
					5	5	5	5	5	5	5	5	5	5	5	5	5	5	5	5	5	5	5
					5	5	5	5	5	5	5	5	5	5	5	5	5	5	5	5	5	5	5
					5	5	5	5	5	5	5	5	5	5	5	5	5	5	5	5	5	5	5
					5	5	5	5	5	5	5	5	5	5	5	5	5	5	5	5	5	5	5
					5	5	5	5	5	5	5	5	5	5	5	5	5	5	5	5	5	5	5
					5	5	5	5	5	5	5	5	5	5	5	5	5	5	5	5	5	5	5
					5	5	5	5	5	5	5	5	5	5	5	5	5	5	5	5	5	5	5
					5	5	5	5	5	5	5	5	5	5	5	5	5	5	5	5	5	5	5
					5	5	5	5	5	5	5	5	5	5	5	5	5	5	5	5	5	5	5
					5	5	5	5	5	5	5	5	5	5	5	5	5	5	5	5	5	5	5
					5	5	5	5	5	5	5	5	5	5	5	5	5	5	5	5	5	5	5
					5	5	5	5	5	5	5	5	5	5	5	5	5	5	5	5	5	5	5
					5	5	5	5	5	5	5	5	5	5	5	5	5	5	5	5	5	5	5
					5	5	5	5	5	5	5	5	5	5	5	5	5	5	5	5	5	5	5
					5	5	5	5	5	5	5	5	5	5	5	5	5	5	5	5	5	5	5
					5	5	5	5	5	5	5	5	5	5	5	5	5	5	5	5	5	5	5
					5	5	5	5	5	5	5	5	5	5	5	5	5	5	5	5	5	5	5
					5	5	5	5	5	5	5	5	5	5	5	5	5	5	5	5	5	5	5
					5	5	5	5	5	5	5	5	5	5	5	5	5	5	5	5	5	5	5
					5	5	5	5	5	5	5	5	5	5	5	5	5	5	5	5	5	5	5
					5	5	5	5	5	5	5	5	5	5	5	5	5	5	5	5	5	5	5
					5	5	5	5	5	5	5	5	5	5	5	5	5	5	5	5	5	5	5
					5	5	5	5	5	5	5	5	5	5	5	5	5	5	5	5	5	5	5
					5	5	5	5	5	5	5	5	5	5	5	5	5	5	5	5	5	5	5
					5	5	5	5	5	5	5	5	5	5	5	5	5	5	5	5	5	5	5
					5	5	5	5	5	5	5	5	5	5	5	5	5	5	5	5	5	5	5
					5	5	5	5	5	5	5	5	5	5	5	5	5	5	5	5	5	5	5
					5	5	5	5	5	5	5	5	5	5	5	5	5	5	5	5	5	5	5
					5	5	5	5	5	5	5	5	5	5	5	5	5	5	5	5	5	5	5
					5	5	5	5	5	5	5	5	5	5	5	5	5	5	5	5	5	5	5
					5	5	5	5	5	5	5	5	5	5	5	5	5	5	5	5	5	5	5
					5	5	5	5	5	5	5	5	5	5	5	5	5	5	5	5	5	5	5
					5	5	5	5	5	5	5	5	5	5	5	5	5	5	5	5	5	5	5
					5	5	5	5	5	5	5	5	5	5	5	5	5	5	5	5	5	5	5
					5	5	5	5	5	5	5	5	5	5	5	5	5	5	5	5	5	5	5
					5	5	5	5	5	5	5	5	5	5	5	5	5	5	5	5	5	5	5
					5	5	5	5	5	5	5	5	5	5	5	5	5	5	5	5	5	5	5
					5	5	5	5	5	5	5	5	5	5	5	5	5	5	5	5	5	5	5
					5	5	5	5	5	5	5	5	5	5	5	5	5	5	5	5	5	5	5
					5	5	5	5	5	5	5	5	5	5	5	5	5	5	5	5	5	5	5
					5	5	5	5	5	5	5	5	5	5	5	5	5	5	5	5	5	5	5
					5	5	5	5	5	5	5	5	5	5	5	5	5	5	5	5	5	5	5
					5	5	5	5	5	5	5	5	5	5	5	5	5	5	5	5	5	5	5
					5	5	5	5	5	5	5	5	5	5	5	5	5	5	5	5	5	5	5
					5	5	5	5	5	5	5	5	5	5	5	5	5	5	5	5	5	5	5
					5	5	5	5	5	5	5	5	5	5	5	5	5	5	5	5	5	5	5
					5	5	5	5	5	5	5	5	5	5	5	5	5	5	5	5	5	5	5
					5	5	5	5	5	5	5	5	5	5	5	5	5	5	5	5	5	5	5
					5	5	5	5	5	5	5	5	5	5	5	5	5	5	5	5	5	5	5
					5	5	5	5	5	5	5	5	5	5	5	5	5	5	5	5	5	5	5
					5	5	5	5	5	5	5	5	5	5	5	5	5	5	5	5	5	5	5
					5	5	5	5	5	5	5	5	5	5	5	5	5	5	5	5	5	5	5
					5	5	5	5	5	5	5	5	5	5	5	5	5	5	5	5	5	5	5
					5	5	5	5	5	5	5	5	5	5	5	5	5	5	5	5	5	5	5
					5	5	5	5	5	5	5	5	5	5	5	5	5	5	5	5	5	5	5
					5	5	5	5	5	5	5	5	5	5	5	5	5	5	5	5	5	5	5
					5	5	5	5	5	5	5	5	5	5	5	5	5	5	5	5	5	5	5
					5	5	5	5	5	5	5	5	5	5	5	5	5	5	5	5	5	5	5
					5	5	5	5	5	5	5	5	5	5	5	5	5	5	5	5	5	5	5
					5	5	5	5	5	5	5	5	5	5	5	5	5	5	5	5	5	5	5
					5	5	5	5	5	5	5	5	5	5	5	5	5	5	5	5	5	5	5
					5	5	5	5	5	5	5	5	5	5	5	5	5	5	5	5	5	5	5
					5	5	5	5	5	5	5	5	5	5	5	5	5	5	5	5	5	5	5
					5	5	5	5	5	5	5	5	5	5	5	5	5	5	5	5	5	5	5
					5	5	5	5	5	5	5	5	5	5	5	5	5	5	5	5	5	5	5
					5	5	5	5	5	5	5	5	5	5	5	5	5	5	5	5	5	5	5
					5	5	5	5	5	5	5	5	5	5	5	5	5	5	5	5	5	5	5
					5	5	5	5	5	5	5	5	5	5	5	5	5	5	5	5	5	5	5
					5	5	5	5	5	5	5	5	5	5	5	5	5	5	5	5	5	5	5
					5	5	5	5	5	5	5	5	5	5	5	5	5	5	5	5	5	5	5
					5	5	5	5	5	5	5	5	5	5	5	5	5	5	5	5	5	5	5
					5	5	5	5	5	5	5	5	5	5	5	5	5	5	5	5	5	5	5
					5	5	5	5	5	5	5	5	5	5	5	5	5	5	5	5	5	5	5
					5	5	5	5	5	5	5	5	5	5	5	5	5	5	5	5	5	5	5
					5	5	5	5	5	5	5	5	5	5	5	5	5	5	5	5	5	5	5
					5	5	5	5	5	5	5	5	5	5	5	5	5	5	5	5	5	5	5
					5	5	5	5	5	5	5	5	5	5	5	5	5	5	5	5	5	5	5
					5	5	5	5	5	5	5	5	5	5	5	5	5	5	5	5	5	5	5
					5	5	5	5	5	5	5	5	5	5	5	5	5	5	5	5	5	5	5
					5	5	5	5	5	5	5	5	5	5	5	5	5	5	5	5	5	5	5
					5	5	5	5	5	5	5	5	5	5	5	5	5	5	5	5	5	5	5
					5	5	5	5	5	5	5	5	5	5	5	5	5	5	5	5	5	5	5
					5	5	5	5	5	5	5	5	5	5	5	5	5	5	5	5	5	5	5
					5	5	5	5	5	5	5	5	5	5	5	5	5	5	5	5	5	5	5
					5	5	5	
				</DataArray>
			</Cells>
			<CellData Scalars="region id">
				<DataArray type="Float64" Name="region id" NumberOfComponents="1" format="ascii">
					1	1	1	1	1	1	1	1
					1	1	1	1	1	1	1	1	1
					1	1	1	1	1	1	1	1	1
					1	1	1	1	1	1	1	1	1
					1	1	1	1	1	1	1	1	1
					1	1	1	1	1	1	1	1	1
					1	1	1	1	1	1	1	1	1
					1	1	1	1	1	1	1	1	1
					1	1	1	1	1	1	1	1	1
					1	1	1	1	1	1	1	1	1
					1	1	1	1	1	1	1	1	1
					1	1	1	1	1	1	1	1	1
					1	1	1	1	1	1	1	1	1
					1	1	1	1	1	1	1	1	1
					1	1	1	1	1	1	1	1	1
					1	1	1	1	1	1	1	1	1
					1	1	1	1	1	1	1	1	1
					1	1	1	1	1	1	1	1	1
					1	1	1	1	1	1	1	1	1
					1	1	1	1	1	1	1	1	1
					1	1	1	1	1	1	1	1	1
					1	1	1	1	1	1	1	1	1
					1	1	1	1	1	1	1	1	1
					1	1	1	1	1	1	1	1	1
					1	1	1	1	1	1	1	1	1
					1	1	1	1	1	1	1	1	1
					1	1	1	1	1	1	1	1	1
					1	1	1	1	1	1	1	1	1
					1	1	1	1	1	1	1	1	1
					1	1	1	1	1	1	1	1	1
					1	1	1	1	1	1	1	1	1
					1	1	1	1	1	1	1	1	1
					1	1	1	1	1	1	1	1	1
					1	1	1	1	1	1	1	1	1
					1	1	1	1	1	1	1	1	1
					1	1	1	1	1	1	1	1	1
					1	1	1	1	1	1	1	1	1
					1	1	1	1	1	1	1	1	1
					1	1	1	1	1	1	1	1	1
					1	1	1	1	1	1	1	1	1
					1	1	1	1	1	1	1	1	1
					1	1	1	1	1	1	1	1	1
					1	1	1	1	1	1	1	1	1
					1	1	1	1	1	1	1	1	1
					1	1	1	1	1	1	1	1	1
					1	1	1	1	1	1	1	1	1
					1	1	1	1	1	1	1	1	1
					1	1	1	1	1	1	1	1	1
					1	1	1	1	1	1	1	1	1
					1	1	1	1	1	1	1	1	1
					1	1	1	1	1	1	1	1	1
					1	1	1	1	1	1	1	1	1
					1	1	1	1	1	1	1	1	1
					1	1	1	1	1	1	1	1	1
					1	1	1	1	1	1	1	1	1
					1	1	1	1	1	1	1	1	1
					1	1	1	1	1	1	1	1	1
					1	1	1	1	1	1	1	1	1
					1	1	1	1	1	1	1	1	1
					1	1	1	1	1	1	1	1	1
					1	1	1	1	1	1	1	1	1
					1	1	1	1	1	1	1	1	1
					1	1	1	1	1	1	1	1	1
					1	1	1	1	1	1	1	1	1
					1	1	1	1	1	1	1	1	1
					1	1	1	1	1	1	1	1	1
					1	1	1	1	1	1	1	1	1
					1	1	1	1	1	1	1	1	1
					1	1	1	1	1	1	1	1	1
					1	1	1	1	1	1	1	1	1
					1	1	1	1	1	1	1	1	1
					1	1	1	1	1	1	1	1	1
					1	1	1	1	1	1	1	1	1
					1	1	1	1	1	1	1	1	1
					1	1	1	1	1	1	1	1	1
					1	1	1	1	1	1	1	1	1
					1	1	1	1	1	1	1	1	1
					1	1	1	1	1	1	1	1	1
					1	1	1	1	1	1	1	1	1
					1	1	1	1	1	1	1	1	1
					1	1	1	1	1	1	1	1	1
					1	1	1	1	1	1	1	1	1
					1	1	1	1	1	1	1	1	1
					1	1	1	1	1	1	1	1	1
					1	1	1	1	1	1	1	1	1
					1	1	1	1	1	1	1	1	1
					1	1	1	1	1	1	1	1	1
					1	1	1	1	1	1	1	1	1
					1	1	1	1	1	1	1	1	1
					1	1	1	1	1	1	1	1	1
					1	1	1	1	1	1	1	1	1
					1	1	1	1	1	1	1	1	1
					1	1	1	1	1	1	1	1	1
					1	1	1	1	1	1	1	1	1
					1	1	1	1	1	1	1	1	1
					1	1	1	1	1	1	1	1	1
					1	1	1	1	1	1	1	1	1
					1	1	1	1	1	1	1	1	1
					1	1	1	1	4	4	4	4	4
					4	4	4	4	4	4	4	4	4
					4	4	4	4	4	4	4	4	4
					4	4	4	4	4	4	4	4	4
					4	4	4	4	4	4	4	4	4
					4	4	4	4	4	4	4	4	4
					4	4	4	4	4	4	4	4	4
					4	4	4	4	4	4	4	4	4
					4	4	4	4	4	4	4	4	4
					4	4	4	4	4	4	4	4	4
					4	4	4	4	4	4	4	4	4
					4	4	4	4	4	4	4	4	4
					4	4	4	4	4	4	4	4	4
					4	4	4	4	4	4	4	4	4
					4	4	4	4	4	4	4	4	4
					4	4	4	4	4	4	4	4	4
					4	4	4	4	4	4	4	4	4
					4	4	4	4	4	4	4	4	4
					4	4	4	4	4	4	4	4	4
					4	4	4	4	4	4	4	4	4
					4	4	4	4	4	4	4	4	4
					4	4	4	4	4	4	4	4	4
					4	4	4	4	4	4	4	4	4
					4	4	4	4	4	4	4	4	4
					4	4	4	4	4	4	4	4	4
					4	4	4	4	4	4	4	4	4
					4	4	4	4	4	4	4	4	4
					4	4	4	4	4	4	4	4	4
					4	4	4	4	4	4	4	4	4
					4	4	4	4	4	4	4	4	4
					4	4	4	4	4	4	4	4	4
					4	4	4	4	4	4	4	4	4
					4	4	4	4	4	4	4	4	4
					4	4	4	4	4	4	4	4	4
					4	4	4	4	4	4	4	4	4
					4	4	4	4	4	4	4	4	4
					4	4	4	4	4	4	4	4	4
					4	4	4	4	4	4	4	4	4
					4	4	4	4	4	4	4	4	4
					4	4	4	4	4	4	4	4	4
					4	4	4	4	4	4	4	4	4
					4	4	4	4	4	4	4	4	4
					4	4	4	4	4	4	4	4	4
					4	4	4	4	4	4	4	4	4
					4	4	4	4	4	4	4	4	4
					4	4	4	4	4	4	4	4	4
					4	4	4	4	4	4	4	4	4
					4	4	4	4	4	4	4	4	4
					4	4	4	4	4	4	4	4	4
					4	4	4	4	4	4	4	4	4
					4	4	4	4	4	4	4	4	4
					4	4	4	4	4	4	4	4	4
					4	4	4	4	4	4	4	4	4
					4	4	4	4	4	4	4	4	4
					4	4	4	4	4	4	4	4	4
					4	4	4	4	4	4	4	4	4
					4	4	4	4	4	4	4	4	4
					4	4	4	4	4	4	4	4	4
					4	4	4	4	4	4	4	4	4
					4	4	4	4	4	4	4	4	4
					4	4	4	4	4	4	4	4	4
					4	4	4	4	4	4	4	4	4
					4	4	4	4	4	4	4	4	4
					4	4	4	4	4	4	4	4	4
					4	4	4	4	4	4	4	4	4
					4	4	4	4	4	4	4	4	4
					4	4	4	4	4	4	4	4	4
					4	4	4	4	4	4	4	4	4
					4	4	4	4	4	4	4	4	4
					4	4	4	4	4	4	4	4	4
					4	4	4	4	4	4	4	4	4
					4	4	4	4	4	4	4	4	4
					4	4	4	4	4	4	4	4	4
					4	4	4	4	4	4	4	4	4
					4	4	4	4	4	4	4	4	4
					4	4	4	4	4	4	4	4	4
					4	4	4	4	4	4	4	4	4
					4	4	4	4	4	4	4	4	4
					4	4	4	4	4	4	4	4	4
					4	4	4	4	4	4	4	4	4
					4	4	4	4	4	4	4	4	4
					4	4	4	4	4	4	4	4	4
					4	4	4	4	4	4	4	4	4
					4	4	4	4	4	4	4	4	4
					4	4	4	4	4	4	4	4	4
					4	4	4	4	4	4	4	4	4
					4	4	4	4	4	4	4	4	4
					4	4	4	4	4	4	4	4	4
					4	4	4	4	4	4	4	4	4
					4	4	4	4	4	4	4	4	4
					4	4	4	4	4	4	4	4	4
					4	4	4	4	4	4	4	4	4
					4	4	4	4	4	4	4	4	4
					4	4	4	4	4	4	4	4	4
					4	4	4	4	5	5	5	5	5
					5	5	5	5	5	5	5	5	5
					5	5	5	5	5	5	5	5	5
					5	5	5	5	5	5	5	5	5
					5	5	5	5	5	5	5	5	5
					5	5	5	5	5	5	5	5	5
					5	5	5	5	5	5	5	5	5
					5	5	5	5	5	5	5	5	5
					5	5	5	5	5	5	5	5	5
					5	5	5	5	5	5	5	5	5
					5	5	5	5	5	5	5	5	5
					5	5	5	5	5	5	5	5	5
					5	5	5	5	5	5	5	5	5
					5	5	5	5	5	5	5	5	5
					5	5	5	5	5	5	5	5	5
					5	5	5	5	5	5	5	5	5
					5	5	5	5	5	5	5	5	5
					5	5	5	5	5	5	5	5	5
					5	5	5	5	5	5	5	5	5
					5	5	5	5	5	5	5	5	5
					5	5	5	5	5	5	5	5	5
					5	5	5	5	5	5	5	5	5
					5	5	5	5	5	5	5	5	5
					5	5	5	5	5	5	5	5	5
					5	5	5	5	5	5	5	5	5
					5	5	5	5	5	5	5	5	5
					5	5	5	5	5	5	5	5	5
					5	5	5	5	5	5	5	5	5
					5	5	5	5	5	5	5	5	5
					5	5	5	5	5	5	5	5	5
					5	5	5	5	5	5	5	5	5
					5	5	5	5	5	5	5	5	5
					5	5	5	5	5	5	5	5	5
					5	5	5	5	5	5	5	5	5
					5	5	5	5	5	5	5	5	5
					5	5	5	5	5	5	5	5	5
					5	5	5	5	5	5	5	5	5
					5	5	5	5	5	5	5	5	5
					5	5	5	5	5	5	5	5	5
					5	5	5	5	5	5	5	5	5
					5	5	5	5	5	5	5	5	5
					5	5	5	5	5	5	5	5	5
					5	5	5	5	5	5	5	5	5
					5	5	5	5	5	5	5	5	5
					5	5	5	5	5	5	5	5	5
					5	5	5	5	5	5	5	5	5
					5	5	5	5	5	5	5	5	5
					5	5	5	5	5	5	5	5	5
					5	5	5	5	5	5	5	5	5
					5	5	5	5	5	5	5	5	5
					5	5	5	5	6	6	6	6	6
					6	6	6	6	6	6	6	6	6
					6	6	6	6	6	6	6	6	6
					6	6	6	6	6	6	6	6	6
					6	6	6	6	6	6	6	6	6
					6	6	6	6	6	6	6	6	6
					6	6	6	6	6	6	6	6	6
					6	6	6	6	6	6	6	6	6
					6	6	6	6	6	6	6	6	6
					6	6	6	6	6	6	6	6	6
					6	6	6	6	6	6	6	6	6
					6	6	6	6	6	6	6	6	6
					6	6	6	6	6	6	6	6	6
					6	6	6	6	6	6	6	6	6
					6	6	6	6	6	6	6	6	6
					6	6	6	6	6	6	6	6	6
					6	6	6	6	6	6	6	6	6
					6	6	6	6	6	6	6	6	6
					6	6	6	6	6	6	6	6	6
					6	6	6	6	6	6	6	6	6
					6	6	6	6	6	6	6	6	6
					6	6	6	6	6	6	6	6	6
					6	6	6	6	6	6	6	6	7
					7	7	7	7	7	7	7	7	7
					7	7	7	7	7	7	7	7	7
					7	7	7	7	7	7	7	7	7
					7	7	7	7	7	7	7	7	7
					7	7	7	7	7	7	7	7	7
					7	7	7	7	7	7	7	7	7
					7	7	7	7	7	7	7	7	7
					7	7	7	7	7	7	7	7	7
					7	7	7	7	7	7	7	7	7
					7	7	7	7	7	7	7	7	7
					7	7	7	7	7	7	7	7	7
					7	7	7	7	7	7	7	7	7
					7	7	7	7	7	7	7	7	7
					7	7	7	7	7	7	7	7	7
					7	7	7	7	7	7	7	7	7
					7	7	7	7	7	7	7	7	7
					7	7	7	7	7	7	7	7	7
					7	7	7	7	7	7	7	7	7
					7	7	7	7	7	7	7	7	7
					7	7	7	7	7	7	7	7	7
					7	7	7	7	7	7	7	7	7
					7	7	7	7	7	7	7	7	7
					7	7	7	7	7	7	7	7	7
					7	7	7	7	7	7	7	7	7
					7	7	7	7	7	7	7	7	7
					7	7	7	7	7	7	7	7	7
					7	7	7	7	7	7	7	7	7
					7	7	7	7	7	7	7	7	7
					7	7	7	7	7	7	7	7	7
					7	7	7	7	7	7	7	7	7
					7	7	7	7	7	7	7	7	7
					7	7	7	7	7	7	7	7	7
					7	7	7	7	7	7	7	7	7
					7	7	7	7	7	7	7	7	7
					7	7	7	7	7	7	7	7	7
					7	7	7	7	7	7	7	7	7
					7	7	7	7	7	7	7	7	7
					7	7	7	7	7	7	7	7	7
					7	7	7	7	7	7	7	7	7
					7	7	7	7	7	7	7	7	7
					7	7	7	7	7	7	7	7	7
					7	7	7	7	7	7	7	7	7
					7	7	7	7	7	7	7	7	7
					7	7	7	7	7	7	7	7	7
					7	7	7	7	7	7	7	7	7
					7	7	7	7	7	7	7	7	7
					7	7	7	7	7	7	7	7	7
					7	7	7	7	7	7	7	7	7
					7	7	7	7	7	7	7	7	7
					7	7	7	7	7	7	7	7	7
					7	7	7	7	7	7	7	7	7
					7	7	7	7	7	7	7	7	7
					7	7	7	7	7	7	7	7	7
					7	7	7	7	7	7	7	7	7
					7	7	7	7	7	7	7	7	7
					7	7	7	7	7	7	7	7	7
					7	7	7	7	7	7	7	7	7
					7	7	7	7	7	7	7	7	7
					7	7	7	7	7	7	7	7	7
					7	7	7	7	7	7	7	7	7
					7	7	7	7	7	7	7	7	7
					7	7	7	7	7	7	7	7	7
					7	7	7	7	7	7	7	7	7
					7	7	7	7	7	7	7	7	7
					7	7	7	7	7	7	7	7	7
					7	7	7	7	7	7	7	7	7
					7	7	7	7	7	7	7	7	7
					7	7	7	7	7	7	7	7	7
					7	7	7	7	7	7	7	7	7
					7	7	7	7	7	7	7	7	7
					7	7	7	7	7	7	7	7	7
					7	7	7	7	7	7	7	7	7
					7	7	7	7	7	7	7	7	7
					7	7	7	7	7	7	7	7	7
					7	7	7	7	7	7	7	7	7
					7	7	7	7	7	7	7	7	7
					7	7	7	7	7	7	7	7	7
					7	7	7	7	7	7	7	7	7
					7	7	7	7	7	7	7	7	7
					7	7	7	7	7	7	7	7	7
					7	7	7	7	7	7	7	7	7
					7	7	7	7	7	7	7	7	7
					7	7	7	7	7	7	7	7	7
					7	7	8	8	8	8	8	8	8
					8	8	8	8	8	8	8	8	8
					8	8	8	8	8	8	8	8	8
					8	8	8	8	8	8	8	8	8
					8	8	8	8	8	8	8	8	8
					8	8	8	8	8	8	8	8	8
					8	8	8	8	8	8	8	8	8
					8	8	8	8	8	8	8	8	8
					8	8	8	8	8	8	8	8	8
					8	8	8	8	8	8	8	8	8
					8	8	8	8	8	8	8	8	8
					8	8	8	8	8	8	8	8	8
					8	8	8	8	8	8	8	8	8
					8	8	8	8	8	8	8	8	8
					8	8	8	8	8	8	8	8	8
					8	8	8	8	8	8	8	8	8
					8	8	8	8	8	8	8	8	8
					8	8	8	8	8	8	8	8	8
					8	8	8	8	8	8	8	8	8
					8	8	8	8	8	8	8	8	8
					8	8	8	8	8	8	8	8	8
					8	8	8	8	8	8	8	8	8
					8	8	8	8	8	8	8	8	8
					8	8	8	8	8	8	8	8	8
					8	8	8	8	8	8	8	8	8
					8	8	8	8	8	8	8	8	8
					8	8	8	8	8	8	8	8	8
					8	8	8	8	8	8	8	8	8
					8	8	8	8	8	8	9	9	9
					9	9	9	9	9	9	9	9	9
					9	9	9	9	9	9	9	9	9
					9	9	9	9	9	9	9	9	9
					9	9	9	9	9	9	9	9	9
					9	9	9	9	9	9	9	9	9
					9	9	9	9	9	9	9	9	9
					9	9	9	9	9	9	9	9	9
					9	9	9	9	9	9	9	9	9
					9	9	9	9	9	9	9	9	9
					9	9	9	9	9	9	9	9	9
					9	9	9	9	9	9	9	9	9
					9	9	9	9	9	9	9	9	9
					9	9	9	9	9	9	9	9	9
					9	9	9	9	9	9	9	9	9
					9	9	9	9	9	9	9	9	9
					9	9	9	9	9	9	9	9	9
					9	9	9	9	9	9	9	9	9
					9	9	9	9	9	9	9	9	9
					9	9	9	9	9	9	9	9	9
					9	9	9	9	9	9	9	9	9
					9	9	9	9	9	9	9	9	9
					9	9	9	9	9	9	9	9	9
					9	9	9	9	9	9	9	9	9
					9	9	9	9	9	9	9	9	9
					9	9	9	9	9	9	9	9	9
					9	9	9	9	9	9	9	9	9
					9	9	9	9	9	9	9	9	9
					9	9	9	9	9	9	9	9	9
					9	9	9	9	9	9	9	9	9
					9	9	9	9	9	9	9	9	9
					9	9	9	9	9	9	9	9	9
					9	9	9	9	9	9	9	9	9
					9	9	9	9	9	9	9	9	9
					9	9	9	9	9	9	9	9	9
					9	9	9	9	9	9	9	9	9
					9	9	9	9	9	9	9	9	9
					9	9	9	9	9	9	9	9	9
					9	9	9	9	9	9	9	9	9
					9	9	9	9	9	9	9	9	9
					9	9	9	9	9	9	9	9	9
					9	9	9	9	9	9	9	9	9
					9	9	9	9	9	9	9	9	9
					9	9	9	9	9	9	9	9	9
					9	9	9	9	9	9	9	9	9
					9	9	9	9	9	9	9	9	9
					9	9	9	9	9	9	9	9	9
					9	9	9	9	9	9	9	9	9
					9	9	9	9	9	9	9	9	9
					9	9	9	9	9	9	9	9	9
					9	9	9	9	9	9	9	9	9
					9	9	9	9	9	9	9	9	9
					9	9	9	9	9	9	9	9	9
					9	9	9	9	9	9	9	9	9
					9	9	9	9	9	9	9	9	9
					9	9	9	9	9	9	9	9	9
					9	9	9	9	9	9	9	9	9
					9	9	9	9	9	9	9	9	9
					9	9	9	9	9	9	9	9	9
					9	9	9	9	9	9	9	9	9
					9	9	9	9	9	9	9	9	9
					9	9	9	9	9	9	9	9	9
					9	9	9	9	9	9	9	9	9
					9	9	9	9	9	9	9	9	9
					9	9	9	9	9	9	9	9	9
					9	9	9	9	9	9	9	9	9
					9	9	9	9	9	9	9	9	9
					9	9	9	9	9	9	9	9	9
					9	9	9	9	9	9	9	9	9
					9	9	9	9	9	9	9	9	9
					9	9	9	9	9	9	9	9	9
					9	9	9	9	9	9	9	9	9
					9	9	9	9	9	9	9	9	9
					9	9	9	9	9	9	9	9	9
					9	9	9	9	9	9	9	9	9
					9	9	9	9	9	9	9	9	9
					9	9	9	9	9	9	9	9	9
					9	9	9	9	9	9	9	9	9
					9	9	9	9	9	9	9	9	9
					9	9	9	9	9	9	9	9	9
					9	9	9	9	9	9	9	9	9
					9	9	9	9	9	9	9	9	9
					9	9	9	9	9	9	9	9	9
					9	9	9	9	9	9	9	9	9
					9	9	9	9	9	9	9	9	9
					9	9	9	9	9	9	9	9	9
					9	9	9	9	9	9	9	9	9
					9	9	9	9	9	9	9	9	9
					9	9	9	9	9	9	9	9	9
					9	9	9	9	9	9	9	9	9
					9	9	9	9	9	9	9	9	9
					9	9	9	9	9	9	9	9	9
					9	9	9	9	9	9	9	9	9
					9	9	9	9	9	9	9	9	9
					9	9	9	9	9	9	9	9	9
					9	9	9	9	9	9	9	9	9
					9	9	9	9	9	9	9	9	9
					9	9	9	9	9	9	9	9	9
					9	9	9	9	9	9	9	9	9
					9	9	9	9	9	9	9	9	9
					9	9	9	9	9	9	9	9	9
					9	9	9	9	9	9	9	9	9
					9	9	9	9	9	9	9	9	9
					9	9	9	9	9	9	9	9	9
					9	9	9	9	9	9	9	9	9
					9	9	9	9	9	9	9	9	9
					9	9	9	9	9	9	9	9	9
					9	9	9	9	9	9	9	9	9
					9	9	9	9	9	9	9	9	9
					9	9	9	9	9	9	9	9	9
					9	9	9	9	9	9	9	9	9
					9	9	9	9	9	9	9	9	9
					9	9	9	9	9	9	9	9	9
					9	9	9	9	9	9	9	9	9
					9	9	9	9	9	9	9	9	9
					9	9	9	9	9	9	9	9	9
					9	9	9	9	9	9	9	9	9
					9	9	9	9	9	9	9	9	9
					9	9	9	9	9	9	9	9	9
					9	9	9	9	9	9	9	9	9
					9	9	9	9	9	9	9	9	9
					9	9	9	9	9	9	9	9	9
					9	9	9	9	9	9	9	9	9
					9	9	9	9	9	9	9	9	9
					9	9	9	9	9	9	9	9	9
					9	9	9	9	9	9	9	9	9
					9	9	9	9	9	9	9	9	9
					9	9	9	9	9	9	9	9	9
					9	9	9	9	9	9	9	9	9
					9	9	9	9	9	9	9	9	9
					9	9	9	9	9	9	9	9	9
					9	9	9	9	9	9	9	9	9
					9	9	9	9	9	9	9	9	9
					9	9	9	9	9	9	9	9	9
					9	9	9	9	9	9	9	9	9
					9	9	9	9	9	9	9	9	9
					9	9	9	9	9	9	9	9	9
					9	9	9	9	9	9	9	9	9
					9	9	9	9	9	9	9	9	9
					9	9	9	9	9	9	9	9	9
					9	9	9	9	9	9	9	9	9
					9	9	9	9	9	9	9	9	9
					9	9	9	9	9	9	9	9	9
					9	9	9	9	9	9	9	9	9
					9	9	9	9	9	9	9	9	9
					9	9	9	9	1	1	1	1	1
					1	1	1	1	1	1	1	1	1
					1	1	1	1	1	1	1	1	1
					1	1	1	1	1	1	1	1	1
					1	1	1	1	1	1	1	1	1
					1	1	1	1	1	1	1	1	1
					1	1	1	1	1	1	1	1	1
					1	1	1	1	1	1	1	1	1
					1	1	1	1	1	1	1	1	1
					1	1	1	1	1	1	1	1	1
					1	1	1	1	1	1	9	9	9
					9	9	9	9	9	9	9	9	9
					9	9	9	9	9	9	9	9	9
					9	9	9	9	9	9	9	9	9
					9	9	9	9	9	9	9	9	9
					9	9	9	9	9	9	9	9	9
					9	9	9	9	9	9	9	9	9
					9	9	9	9	9	9	9	9	9
					9	9	9	9	9	9	9	9	9
					9	9	9	9	9	9	9	9	9
					9	9	9	9	9	9	9	9	9
					9	9	9	9	9	9	9	9	9
					9	9	9	9	9	9	9	9	9
					9	9	9	9	9	9	9	9	9
					9	9	9	9	9	9	9	9	9
					9	9	9	9	9	9	9	9	9
					9	9	9	9	9	9	9	9	9
					9	9	9	9	9	9	9	9	9
					9	9	9	9	9	9	9	9	9
					9	9	9	9	9	9	9	9	9
					9	9	9	9	9	9	9	9	9
					9	9	9	9	9	9	9	9	9
					9	9	9	9	9	9	9	9	9
					9	9	9	9	9	9	9	9	9
					9	9	9	9	9	9	9	9	9
					9	9	9	9	9	9	9	9	9
					9	9	9	9	9	9	9	10	10
					10	10	10	10	10	10	10	10	10
					10	10	10	10	10	10	10	10	10
					10	10	10	10	10	10	10	10	10
					10	10	10	10	10	10	10	10	10
					10	10	10	10	10	10	10	10	10
					10	10	10	10	10	10	10	10	10
					10	10	10	10	10	10	10	10	10
					10	10	10	10	10	10	10	10	10
					10	10	10	10	10	10	10	10	10
					10	10	10	10	10	10	10	10	10
					10	10	10	10	10	10	10	10	10
					10	10	10	10	10	10	10	10	10
					10	10	10	10	10	10	10	10	10
					10	10	10	10	10	10	10	10	10
					10	10	10	10	10	10	10	10	10
					10	10	10	10	10	10	10	10	10
					10	10	10	10	10	10	10	10	10
					10	10	10	10	10	10	10	10	10
					10	10	10	10	10	10	10	10	10
					10	10	10	10	10	10	10	10	10
					10	10	10	10	10	10	10	10	10
					10	10	10	10	10	10	10	10	10
					10	10	10	10	10	10	10	10	10
					10	10	10	10	10	10	10	10	10
					10	10	10	10	10	10	10	10	10
					10	10	10	10	10	10	10	10	10
					10	10	10	10	10	10	10	10	10
					10	10	10	10	10	10	10	10	10
					10	10	10	10	10	10	10	10	10
					10	10	10	10	10	10	10	10	10
					10	10	10	10	10	10	10	10	10
					10	10	10	10	10	10	10	10	10
					10	10	10	10	10	10	10	10	10
					10	10	10	10	10	10	10	10	10
					10	10	10	10	10	10	10	10	10
					10	10	10	10	10	10	10	10	10
					10	10	10	10	10	10	10	10	10
					10	10	10	10	10	10	10	10	10
					10	10	10	10	10	10	10	10	10
					10	10	10	10	10	10	10	10	10
					10	10	10	10	10	10	10	10	10
					10	10	10	10	10	10	10	10	10
					10	10	10	10	10	10	10	10	10
					10	10	10	10	10	10	10	10	10
					10	10	10	10	10	10	10	10	10
					10	10	10	10	10	10	10	10	10
					10	10	10	10	10	10	10	10	10
					10	10	10	10	10	10	10	10	10
					10	10	10	10	10	10	10	10	10
					10	10	10	10	10	10	10	10	10
					10	10	10	10	10	10	10	10	10
					10	10	10	10	10	10	10	10	10
					10	10	10	10	10	10	10	10	10
					10	10	10	10	10	10	10	10	10
					10	10	10	10	10	10	10	10	10
					10	10	10	10	10	10	10	10	10
					10	10	10	10	10	10	10	10	10
					10	10	10	10	10	10	10	10	10
					10	10	10	10	10	10	10	10	10
					10	10	10	10	10	10	10	10	10
					10	10	10	10	10	10	10	10	10
					10	10	10	10	10	10	10	10	10
					10	10	10	10	10	10	10	10	10
					10	10	10	10	10	10	10	10	10
					10	10	10	10	10	10	10	10	10
					10	10	10	10	10	10	10	10	10
					10	10	10	10	10	10	10	10	10
					10	10	10	10	10	10	10	10	10
					10	10	10	10	10	10	10	10	10
					10	10	10	10	10	10	10	10	10
					10	10	10	10	10	10	10	10	10
					10	10	10	10	10	10	10	10	10
					10	10	10	10	10	10	10	10	10
					10	10	10	10	10	10	10	10	10
					10	10	10	10	10	10	10	10	10
					10	10	10	10	10	10	10	10	10
					10	10	10	10	10	10	10	10	10
					10	10	10	10	10	10	10	10	10
					10	10	10	10	10	10	10	10	10
					10	10	10	10	10	10	10	10	10
					10	10	10	10	10	10	10	10	10
					10	10	10	10	10	10	10	10	10
					10	10	10	10	10	10	10	10	10
					10	10	10	10	10	10	10	10	10
					10	10	10	10	10	10	10	10	10
					10	10	10	10	10	10	10	10	10
					10	10	10	10	10	10	10	10	10
					10	10	10	10	10	10	10	10	10
					10	10	10	10	10	10	10	10	10
					10	10	10	10	10	10	10	10	10
					10	10	10	10	10	10	10	10	10
					10	10	10	10	10	10	10	10	10
					10	10	10	10	10	10	10	10	10
					10	10	10	10	10	10	10	10	10
					10	10	10	10	10	10	10	10	10
					10	10	10	10	10	10	10	10	10
					10	10	10	10	10	10	10	10	10
					10	10	10	10	10	10	10	10	10
					10	10	10	10	10	10	10	10	10
					10	10	10	10	10	10	10	10	10
					10	10	10	10	10	10	10	10	10
					10	10	10	10	10	10	10	10	10
					10	10	10	10	10	10	10	10	10
					10	10	10	10	10	10	10	10	10
					10	10	10	10	10	10	10	10	10
					10	10	10	10	10	10	10	10	10
					10	10	10	10	10	10	10	10	10
					10	10	10	10	10	10	10	10	10
					10	10	10	10	10	10	10	10	10
					10	10	10	10	10	10	10	10	10
					10	10	10	10	10	10	10	10	10
					10	10	10	10	10	10	10	10	10
					10	10	10	10	10	10	10	10	10
					10	10	10	10	10	10	10	10	10
					10	10	10	10	10	10	10	10	10
					10	10	10	10	10	10	10	10	10
					10	10	10	10	10	10	10	10	10
					10	10	10	10	10	11	11	11	11
					11	11	11	11	11	11	11	11	11
					11	11	11	11	11	11	11	11	11
					11	11	11	11	11	11	11	11	11
					11	11	11	11	11	11	11	11	11
					11	11	11	11	11	11	11	11	11
					11	11	11	11	11	11	11	11	11
					11	11	11	11	11	11	11	11	11
					11	11	11	11	11	11	11	11	11
					11	11	11	11	11	11	11	11	11
					11	11	11	11	11	11	11	11	11
					11	11	11	11	11	11	11	11	11
					11	11	11	11	11	11	11	11	11
					11	11	11	11	11	11	11	11	11
					11	11	11	11	11	11	11	11	11
					11	11	11	11	11	11	11	11	11
					11	11	11	11	11	11	11	11	11
					11	11	11	11	11	11	11	11	11
					11	11	11	11	11	11	11	11	11
					11	11	11	11	11	11	11	11	11
					11	11	11	11	11	11	11	11	11
					11	11	11	11	11	11	11	11	11
					11	11	11	11	11	11	11	11	11
					11	11	11	11	11	11	11	11	11
					11	11	11	11	11	11	11	11	11
					11	11	11	11	11	11	11	11	11
					11	11	11	11	11	11	11	11	11
					11	11	11	11	11	11	11	11	11
					11	11	11	11	11	11	11	11	11
					11	11	11	11	11	11	11	11	11
					11	11	11	11	11	11	11	11	11
					11	11	11	11	11	11	11	11	11
					11	11	11	11	11	11	11	11	11
					11	11	11	11	11	11	11	11	11
					11	11	11	11	11	11	11	11	11
					11	11	11	11	11	11	11	11	11
					11	11	11	11	11	11	11	11	11
					11	11	11	11	11	11	11	11	11
					11	11	11	11	11	11	11	11	11
					11	11	11	11	11	11	11	11	11
					11	11	11	11	11	11	11	11	11
					11	11	11	11	11	11	11	11	11
					11	11	11	11	11	11	11	11	11
					11	11	11	11	11	11	11	11	11
					11	11	11	11	11	11	11	11	11
					11	11	11	11	11	11	11	11	11
					11	11	11	11	11	11	11	11	11
					11	11	11	11	11	11	11	11	11
					11	11	11	11	11	11	11	11	11
					11	11	11	11	11	11	11	11	11
					11	11	11	11	11	11	11	11	11
					11	11	11	11	11	11	11	11	11
					11	11	11	11	11	11	11	11	11
					11	11	11	11	11	11	11	11	11
					11	11	11	11	11	11	11	11	11
					11	11	11	11	11	11	11	11	11
					11	11	11	11	11	11	11	11	11
					11	11	11	11	11	11	11	11	11
					11	11	12	12	12	12	12	12	12
					12	12	12	12	12	12	12	12	12
					12	12	12	12	12	12	12	12	12
					12	12	12	12	12	12	12	12	12
					12	12	12	12	12	12	12	12	12
					12	12	12	12	12	12	12	12	12
					12	12	12	12	12	12	12	12	12
					12	12	12	12	12	12	12	12	12
					12	12	12	12	12	12	12	12	12
					12	12	12	12	12	12	12	12	12
					12	12	12	12	12	12	12	12	12
					12	12	12	12	12	12	12	12	12
					12	12	12	12	12	12	12	12	12
					12	12	12	12	12	12	12	12	12
					12	12	12	12	12	12	12	12	12
					12	12	12	12	12	12	12	12	12
					12	12	12	12	12	12	12	12	12
					12	12	12	12	12	12	12	12	12
					12	12	12	12	12	12	12	12	12
					12	12	12	12	12	12	12	12	12
					12	12	12	12	12	12	12	12	12
					12	12	12	12	12	12	12	12	12
					12	12	12	12	12	12	12	12	12
					12	12	12	12	12	12	12	12	12
					12	12	12	12	12	12	12	12	12
					12	12	12	12	12	12	12	12	12
					12	12	12	12	12	12	12	12	12
					12	12	12	12	12	12	12	12	12
					12	12	12	12	12	12	12	12	12
					12	12	12	12	12	12	12	12	12
					12	12	12	12	12	12	12	12	12
					12	12	12	12	12	12	12	12	12
					12	12	12	12	12	12	12	12	12
					12	12	12	12	12	12	12	12	12
					12	12	12	12	12	12	12	12	12
					12	12	12	12	12	12	12	12	12
					12	12	12	12	12	12	12	12	12
					12	12	12	12	12	12	12	12	12
					12	12	12	12	12	12	12	12	12
					12	12	12	12	12	12	12	12	12
					12	12	12	12	12	12	12	12	12
					12	12	12	12	12	12	12	12	12
					12	12	12	12	12	12	12	12	12
					12	12	12	12	12	12	12	12	12
					12	12	12	12	12	12	12	12	12
					12	12	12	12	12	12	12	12	12
					12	12	12	12	12	12	12	12	12
					12	12	12	12	12	12	12	12	12
					12	12	12	12	12	12	12	12	12
					12	12	12	12	12	12	12	12	12
					12	12	12	12	12	12	12	12	12
					12	12	12	12	12	12	12	12	12
					12	12	12	12	12	12	12	12	12
					12	12	12	12	12	12	12	12	12
					12	12	12	12	12	12	12	12	12
					12	12	12	12	12	12	12	12	12
					12	12	12	12	12	12	12	12	12
					12	12	12	12	12	12	12	12	12
					12	12	12	12	12	12	12	12	12
					12	12	12	12	12	12	12	12	12
					12	12	12	12	12	12	12	12	12
					12	12	12	12	12	12	12	12	12
					12	12	12	12	12	12	12	12	12
					12	12	12	12	12	12	12	12	12
					12	12	12	12	12	12	12	12	12
					12	12	12	12	12	12	12	12	12
					12	12	12	12	12	12	12	12	12
					12	12	12	12	12	12	12	12	12
					12	12	12	12	12	12	12	12	12
					12	12	12	12	12	12	12	12	12
					12	12	12	12	12	12	12	12	12
					12	12	12	12	12	12	12	12	12
					12	12	12	12	12	12	12	12	12
					12	12	12	12	12	12	12	12	12
					12	12	12	12	12	12	12	12	12
					12	12	12	12	12	12	12	12	12
					12	12	12	12	12	12	12	12	12
					12	12	12	12	12	12	12	12	12
					12	12	12	12	12	12	12	12	12
					12	12	12	12	12	12	12	12	12
					12	12	12	12	12	12	12	12	12
					12	12	12	12	12	12	12	12	12
					12	12	12	12	12	12	12	12	12
					12	12	12	12	12	12	12	12	12
					12	12	12	12	12	12	12	12	12
					12	12	12	12	12	12	12	12	12
					12	12	12	12	12	12	12	12	12
					12	12	12	12	12	12	12	12	12
					12	12	12	12	12	12	12	12	12
					12	12	12	12	12	12	12	12	12
					12	12	12	12	12	12	12	12	12
					12	12	12	12	12	12	12	12	12
					12	12	12	12	12	12	12	12	12
					12	12	12	12	12	12	12	12	12
					12	12	12	12	12	12	12	12	12
					12	12	12	12	12	12	12	12	12
					12	12	12	12	12	12	12	12	12
					12	12	12	12	12	12	12	12	12
					12	12	12	12	12	12	12	12	12
					12	12	12	12	12	12	12	12	12
					12	12	12	12	12	12	12	12	12
					12	12	12	12	12	12	12	12	12
					12	12	12	12	12	12	12	12	12
					12	12	12	12	12	12	12	12	12
					12	12	12	12	12	12	12	12	12
					12	12	12	12	12	12	12	12	12
					12	12	12	12	12	12	12	12	12
					12	12	12	12	12	12	12	12	12
					12	12	12	12	12	12	12	12	12
					12	12	12	12	12	12	12	12	12
					12	12	12	12	12	12	12	12	12
					12	12	12	12	12	12	12	12	12
					12	12	12	12	12	12	12	12	12
					12	12	12	12	12	12	12	12	12
					12	12	12	12	12	12	12	12	12
					12	12	12	12	12	12	12	12	12
					12	12	12	12	12	12	12	12	12
					12	12	12	12	12	12	12	12	12
					12	12	12	12	12	12	12	12	12
					12	12	12	12	12	12	12	12	12
					12	12	12	12	12	12	12	12	12
					12	12	12	12	12	12	12	12	12
					12	12	12	12	12	12	12	12	12
					12	12	12	12	12	12	12	12	12
					12	12	12	12	12	12	12	12	12
					12	12	12	12	12	12	12	12	12
					12	12	12	12	12	12	12	12	12
					12	12	12	12	12	12	12	12	12
					12	12	12	12	12	12	12	12	12
					12	12	12	12	12	12	12	12	12
					12	12	12	12	12	12	12	12	12
					12	12	12	12	12	12	12	12	12
					12	12	12	12	12	12	12	12	12
					12	12	12	12	12	12	12	12	12
					12	12	12	12	12	12	12	12	12
					12	12	12	12	12	12	12	12	12
					12	12	12	12	12	12	12	12	12
					12	12	12	12	12	12	12	12	12
					12	12	12	12	12	12	12	12	12
					12	12	12	12	12	12	12	12	12
					12	13	13	13	13	13	13	13	13
					13	13	13	13	13	13	13	13	13
					13	13	13	13	13	13	13	13	13
					13	13	13	13	13	13	13	13	13
					13	13	13	13	13	13	13	13	13
					13	13	13	13	13	13	13	13	13
					13	13	13	13	13	13	13	13	13
					13	13	13	13	13	13	13	13	13
					13	13	13	13	13	13	13	13	13
					13	13	13	13	13	13	13	13	13
					13	13	13	13	13	13	13	13	13
					13	13	13	13	13	13	13	13	13
					13	13	13	13	13	13	13	13	13
					13	13	13	13	13	13	13	13	13
					13	13	13	13	13	13	13	13	13
					13	13	13	13	13	13	13	13	13
					13	13	13	13	13	13	13	13	13
					13	13	13	13	13	13	13	13	13
					13	13	13	13	13	13	13	13	13
					13	13	13	13	13	13	13	13	13
					13	13	13	13	13	13	13	13	13
					13	13	13	13	13	13	13	13	13
					13	13	13	13	13	13	13	13	13
					13	13	13	13	13	13	13	13	13
					13	13	13	13	13	13	13	13	13
					13	13	13	13	13	13	13	13	13
					13	13	13	13	13	13	13	13	13
					13	13	13	13	13	13	13	13	13
					13	13	13	13	13	13	13	13	13
					13	13	13	13	13	13	13	13	13
					13	13	13	13	13	13	13	13	13
					13	13	13	13	13	13	13	13	13
					13	13	13	13	13	13	13	13	13
					13	13	13	13	13	13	13	13	13
					13	13	13	13	13	13	13	13	13
					13	13	13	13	13	13	13	13	13
					13	13	13	13	13	13	13	13	13
					13	13	13	13	13	13	13	13	13
					13	13	13	13	13	13	13	13	13
					13	13	13	13	13	13	13	13	13
					13	13	13	13	13	13	13	13	13
					13	13	13	13	13	13	13	13	13
					13	13	13	13	13	13	13	13	13
					13	13	13	13	13	13	13	13	13
					13	13	13	13	13	13	13	13	13
					13	13	13	13	13	13	13	13	13
					13	13	13	13	13	13	13	13	13
					13	13	13	13	13	13	13	13	13
					13	13	13	13	13	13	13	13	13
					13	13	13	13	13	13	13	13	13
					13	13	13	13	13	13	13	13	13
					13	13	13	13	13	13	13	13	13
					13	13	13	13	13	13	13	13	13
					13	13	13	13	13	13	13	13	13
					13	13	13	13	13	13	13	13	13
					13	13	13	13	13	13	13	13	13
					13	13	13	13	13	13	13	13	13
					13	13	13	13	13	13	13	13	13
					13	13	13	13	13	13	13	13	13
					13	13	13	13	13	13	13	13	13
					13	13	13	13	13	13	13	13	13
					13	13	13	13	13	13	13	13	13
					13	13	13	13	13	13	13	13	13
					13	13	13	13	13	13	13	13	13
					13	13	13	13	13	13	13	13	13
					13	13	13	13	13	13	13	13	13
					13	13	13	13	13	13	13	13	13
					13	13	13	13	13	13	13	13	13
					13	13	13	13	13	13	13	13	13
					13	13	13	13	13	13	13	13	13
					13	13	13	13	13	13	13	13	13
					13	13	13	13	13	13	13	13	13
					13	13	13	13	13	13	13	13	13
					13	13	13	13	13	13	13	13	13
					13	13	13	13	13	13	13	13	13
					13	13	13	13	13	13	13	13	13
					13	13	13	13	13	13	13	13	13
					13	13	13	13	13	13	13	13	13
					13	13	13	13	13	13	13	13	13
					13	13	13	13	13	13	13	13	13
					13	13	13	13	13	13	13	13	13
					13	13	13	13	13	13	13	13	13
					13	13	13	13	13	13	13	13	13
					13	13	13	13	13	13	13	13	13
					13	13	13	13	13	13	13	13	13
					13	13	13	13	13	13	13	13	13
					13	13	13	13	13	13	13	13	13
					13	13	13	13	13	13	13	13	13
					13	13	13	13	13	13	13	13	13
					13	13	13	13	13	13	13	13	13
					13	13	13	13	13	13	13	13	13
					13	13	13	13	13	13	13	13	13
					13	13	13	13	13	13	13	13	13
					13	13	13	13	13	13	13	13	13
					13	13	13	13	13	13	13	13	13
					13	13	13	13	13	13	13	13	13
					13	13	13	13	13	13	13	13	13
					13	13	13	13	13	13	13	13	13
					13	13	13	13	13	13	13	13	13
					13	13	13	13	13	13	13	13	13
					13	13	13	13	13	13	13	13	13
					13	13	13	13	13	13	13	13	13
					13	13	13	13	13	13	13	13	13
					13	13	13	13	13	13	13	13	13
					13	13	13	13	13	13	13	13	13
					13	13	13	13	13	13	13	13	13
					13	13	13	13	13	13	13	13	13
					13	13	13	13	13	13	13	13	13
					13	13	13	13	13	13	13	13	13
					13	13	13	13	13	13	13	13	13
					13	13	13	13	13	14	14	14	14
					14	14	14	14	14	14	14	14	14
					14	14	14	14	14	14	14	14	14
					14	14	14	14	14	14	14	14	14
					14	14	14	14	14	14	14	14	14
					14	14	14	14	14	14	14	14	14
					14	14	14	14	14	14	14	14	14
					14	14	14	14	14	14	14	14	14
					14	14	14	14	14	14	14	14	14
					14	14	14	14	14	14	14	14	14
					14	14	14	14	14	14	14	14	14
					14	14	14	14	14	14	14	14	14
					14	14	14	14	14	14	14	14	14
					14	14	14	14	14	14	14	14	14
					14	14	14	14	14	14	14	14	14
					14	14	14	14	14	14	14	14	14
					14	14	14	14	14	14	14	14	14
					14	14	14	14	14	14	14	14	14
					14	14	14	14	14	14	14	14	14
					14	14	14	14	14	14	14	14	14
					14	14	14	14	14	14	14	14	14
					14	14	14	14	14	14	14	14	14
					14	14	14	14	14	14	14	14	14
					14	14	14	14	14	14	14	14	14
					14	14	14	14	14	14	14	14	14
					14	14	14	14	14	14	14	14	14
					14	14	14	14	14	14	14	14	14
					14	14	14	14	14	14	14	14	14
					14	14	14	14	14	14	14	14	14
					14	14	14	14	14	14	14	14	14
					14	14	14	14	14	14	14	14	14
					14	14	14	14	14	14	14	14	14
					14	14	14	14	14	14	14	14	14
					14	14	14	14	14	14	14	14	14
					14	14	14	14	14	14	14	14	14
					14	14	14	14	14	14	14	14	14
					14	14	14	14	14	14	14	14	14
					14	14	14	14	14	14	14	14	14
					14	14	14	14	14	14	14	14	14
					14	14	14	14	14	14	14	14	14
					14	14	14	14	14	14	14	14	14
					14	14	14	14	14	14	14	14	14
					14	14	14	14	14	14	14	14	14
					14	14	14	14	14	14	14	14	14
					14	14	14	14	14	14	14	14	14
					14	14	14	14	14	14	14	14	14
					14	14	14	14	14	14	14	14	14
					14	14	14	14	14	14	14	14	14
					14	14	14	14	14	14	14	14	14
					14	14	14	14	14	14	14	14	14
					14	14	14	14	14	14	14	14	14
					14	14	14	14	14	14	14	14	14
					14	14	14	14	14	14	14	14	14
					14	14	14	14	14	14	14	14	14
					14	14	14	14	14	14	14	14	14
					14	14	14	14	14	14	14	14	14
					14	14	14	14	14	14	14	14	14
					14	14	14	14	14	14	14	14	14
					14	14	14	14	14	14	14	14	14
					14	14	14	14	14	14	14	14	14
					14	14	14	14	14	14	14	14	14
					14	14	14	14	14	14	14	14	14
					14	14	14	14	14	14	14	14	14
					14	14	14	14	14	14	14	14	14
					14	14	14	14	14	14	14	14	14
					14	14	14	14	14	14	14	14	14
					14	14	14	14	14	14	14	14	14
					14	14	14	14	14	14	14	14	14
					14	14	14	14	14	14	14	14	14
					14	14	14	14	14	14	14	14	14
					14	14	14	14	14	14	14	14	14
					14	14	14	14	14	14	14	14	14
					14	14	14	14	14	14	14	14	14
					14	14	14	14	14	14	14	14	14
					14	14	14	14	14	14	14	14	14
					14	14	14	14	14	14	14	14	14
					14	14	14	14	14	14	14	14	14
					14	14	14	14	14	14	14	14	14
					14	14	14	14	14	14	14	14	14
					14	14	14	14	14	14	14	14	14
					14	14	14	14	14	14	14	14	14
					14	14	14	14	14	14	14	14	14
					14	14	14	14	14	14	14	14	14
					14	14	14	14	14	14	14	14	14
					14	14	14	14	14	14	14	14	14
					14	14	14	14	14	14	14	14	14
					14	14	14	14	14	14	14	14	14
					14	14	14	14	14	14	14	14	14
					14	14	14	14	14	14	14	14	14
					14	14	14	14	14	14	14	14	14
					14	14	14	14	14	14	14	14	14
					14	14	14	14	14	14	14	14	14
					14	14	14	14	14	14	14	14	14
					14	14	14	14	14	14	14	14	14
					14	14	14	14	14	14	14	14	14
					14	14	14	14	14	14	14	14	14
					14	14	14	14	14	14	14	14	14
					14	14	14	14	14	14	14	14	14
					14	14	14	14	14	14	14	14	14
					14	14	14	14	14	14	14	14	14
					14	14	14	14	14	14	14	14	14
					14	14	14	14	14	14	14	14	14
					14	14	14	14	14	14	14	14	14
					14	14	14	14	14	14	14	14	14
					14	14	14	14	14	14	14	14	14
					14	14	14	14	14	14	14	14	14
					14	14	14	14	14	14	14	14	14
					14	14	14	14	14	14	14	14	14
					14	14	14	14	14	14	14	14	14
					14	14	14	14	14	14	14	14	14
					14	14	14	14	14	14	14	14	14
					14	14	14	14	14	14	14	14	14
					14	14	14	14	14	14	14	14	14
					14	14	14	14	14	14	14	14	14
					14	14	14	14	14	14	14	14	14
					14	14	14	14	14	14	14	14	14
					14	14	14	14	14	14	14	14	14
					14	14	14	14	14	14	14	14	14
					14	14	14	14	14	14	14	14	14
					14	14	14	14	14	14	14	14	14
					14	14	14	14	14	14	14	14	14
					14	14	14	14	14	14	14	14	14
					14	14	14	14	14	14	14	14	14
					14	14	14	14	14	14	14	14	14
					14	14	14	14	14	14	14	14	14
					14	14	14	14	14	14	14	14	14
					14	14	14	14	14	14	14	14	14
					14	14	14	14	14	14	14	14	14
					14	14	14	14	14	14	14	14	14
					14	14	14	14	14	14	14	14	14
					14	14	14	14	14	14	14	14	14
					14	14	14	14	14	14	14	14	14
					14	14	14	14	14	14	14	14	14
					14	14	14	14	14	14	14	14	14
					14	14	14	14	14	14	14	14	14
					14	14	14	14	14	14	14	14	14
					14	14	14	14	14	14	14	14	14
					14	14	14	14	14	14	14	14	14
					14	14	14	14	14	14	14	14	14
					14	14	14	14	14	14	14	14	14
					14	14	14	14	14	14	14	14	14
					14	14	14	14	14	14	14	14	14
					14	14	14	14	14	14	14	14	14
					14	14	14	14	14	14	14	14	14
					14	14	14	14	14	14	14	14	14
					14	14	14	14	14	14	14	14	14
					14	14	14	14	14	14	14	14	14
					14	14	14	14	14	14	14	14	14
					14	14	14	14	14	14	14	14	14
					14	14	14	14	14	14	14	14	14
					14	14	14	14	14	14	14	14	14
					14	14	14	14	14	14	14	14	14
					14	14	14	14	14	14	14	14	14
					14	14	14	14	14	14	14	14	14
					14	14	14	14	14	14	14	14	14
					14	14	14	14	14	14	14	14	14
					14	14	14	14	14	14	14	14	14
					14	14	14	14	14	14	14	14	14
					14	14	14	14	14	14	14	14	14
					14	14	14	14	14	14	14	14	14
					14	14	14	14	14	14	14	14	14
					14	14	14	14	14	14	14	14	14
					14	14	14	14	14	14	14	14	14
					14	14	14	14	14	14	14	14	14
					14	14	14	14	14	14	14	14	14
					14	14	14	14	14	14	14	14	14
					14	14	14	14	14	14	14	14	14
					14	14	14	14	14	14	14	14	14
					14	14	14	14	14	14	14	14	14
					14	14	14	14	14	14	14	14	14
					14	14	14	14	14	14	14	14	14
					14	14	14	14	14	14	14	14	14
					14	14	14	14	14	14	14	14	14
					14	14	14	14	14	14	14	14	14
					14	14	14	14	14	14	14	14	14
					14	14	14	14	14	14	14	14	14
					14	14	14	14	14	14	14	14	14
					14	14	14	14	14	14	14	14	14
					14	14	14	14	14	14	14	14	14
					14	14	14	14	14	14	14	14	14
					14	14	14	14	14	14	14	14	14
					14	14	14	14	14	14	14	14	14
					14	14	14	14	14	14	14	14	14
					14	14	14	14	14	14	14	14	14
					14	14	14	14	14	14	14	14	14
					14	14	14	14	14	14	14	14	14
					14	14	14	15	15	15	15	15	15
					15	15	15	15	15	15	15	15	15
					15	15	15	15	15	15	15	15	15
					15	15	15	15	15	15	15	15	15
					15	15	15	15	15	15	15	15	15
					15	15	15	15	15	15	15	15	15
					15	15	15	15	15	15	15	15	15
					15	15	15	15	15	15	15	15	15
					15	15	15	15	15	15	15	15	15
					15	15	15	15	15	15	15	15	15
					15	15	15	15	15	15	15	15	15
					15	15	15	15	15	15	15	15	15
					15	15	15	15	15	15	15	15	15
					15	15	15	15	15	15	15	15	15
					15	15	15	15	15	15	15	15	15
					15	15	15	15	15	15	15	15	15
					15	15	15	15	15	15	15	15	15
					15	15	15	15	15	15	15	15	15
					15	15	15	15	15	15	15	15	15
					15	15	15	15	15	15	15	15	15
					15	15	15	15	15	15	15	15	15
					15	15	15	15	15	15	15	15	15
					15	15	15	15	15	15	15	15	15
					15	15	15	15	15	15	15	15	15
					15	15	15	15	15	15	15	15	15
					15	15	15	15	15	15	15	15	15
					15	15	15	15	15	15	15	15	15
					15	15	15	15	15	15	15	15	15
					15	15	15	15	15	15	15	15	15
					15	15	15	15	15	15	15	15	15
					15	15	15	15	15	15	15	15	15
					15	15	15	15	15	15	15	15	15
					15	15	15	15	15	15	15	15	15
					15	15	15	15	15	15	15	15	15
					15	15	15	15	15	15	15	15	15
					15	15	15	15	15	15	15	15	15
					15	15	15	15	15	15	15	15	15
					15	15	15	15	15	15	15	15	15
					15	15	15	15	15	15	15	15	15
					15	15	15	15	15	15	15	15	15
					15	15	15	15	15	15	15	15	15
					15	15	15	15	15	15	15	15	15
					15	15	15	15	15	15	15	15	15
					15	15	15	15	15	15	15	15	15
					15	15	15	15	15	15	15	15	15
					15	15	15	15	15	15	15	15	15
					15	15	15	15	15	15	15	15	15
					15	15	15	15	15	15	15	15	15
					15	15	15	15	15	15	15	15	15
					15	15	15	15	15	15	15	15	15
					15	15	15	15	15	15	15	15	15
					15	15	15	15	15	15	15	15	15
					15	15	15	15	15	15	15	15	15
					15	15	15	15	15	15	15	15	15
					15	15	15	15	15	15	15	15	15
					15	15	15	15	15	15	15	15	15
					15	15	15	15	15	15	15	15	15
					15	15	15	15	15	15	15	15	15
					15	15	15	15	15	15	15	15	15
					15	15	15	15	15	15	15	15	15
					15	15	15	15	15	15	15	15	15
					15	15	15	16	16	16	16	16	16
					16	16	16	16	16	16	16	16	16
					16	16	16	16	16	16	16	16	16
					16	16	16	16	16	16	16	16	16
					16	16	16	16	16	16	16	16	16
					16	16	16	16	16	16	16	16	16
					16	16	16	16	16	16	16	16	16
					16	16	16	16	16	16	16	16	16
					16	16	16	16	16	16	16	16	16
					16	16	16	16	16	16	16	16	16
					16	16	16	16	16	16	16	16	16
					16	16	16	16	16	16	16	16	16
					16	16	16	16	16	16	16	16	16
					16	16	16	16	16	16	16	16	16
					16	16	16	16	16	16	16	16	16
					16	16	16	16	16	16	16	16	16
					16	16	16	16	16	16	16	16	16
					16	16	16	16	16	16	16	16	16
					16	16	16	16	16	16	16	16	16
					16	16	16	16	16	16	16	16	16
					16	16	16	16	16	16	16	16	16
					16	16	16	16	16	16	16	16	16
					16	16	16	16	16	16	16	16	16
					16	16	16	16	16	16	16	16	16
					16	16	16	16	16	16	16	16	16
					16	16	16	16	16	16	16	16	16
					16	16	16	16	16	16	16	16	16
					16	16	16	16	16	16	16	16	16
					16	16	16	16	16	16	16	1	1
					1	1	1	1	1	1	1	1	1
					1	1	1	1	1	1	1	1	1
					1	1	1	1	1	1	1	1	1
					1	1	1	1	1	1	1	1	1
					1	1	1	1	1	1	1	1	1
					1	1	1	1	1	1	1	1	1
					1	1	1	1	1	1	1	1	1
					1	1	1	1	1	1	1	1	1
					1	1	1	1	1	1	1	1	1
					1	1	1	1	1	1	1	1	1
					1	1	1	1	1	1	1	1	1
					1	1	1	1	1	1	1	1	1
					1	1	1	1	1	1	1	1	1
					1	1	1	1	1	1	1	1	1
					1	1	1	1	1	1	1	1	1
					1	1	1	1	1	1	1	1	1
					1	1	1	1	1	1	1	1	1
					1	1	1	1	1	1	1	1	1
					1	1	1	1	1	1	1	1	1
					1	1	1	1	1	1	1	1	1
					1	1	1	1	1	1	1	1	1
					1	1	1	1	1	1	1	1	1
					1	1	1	1	1	1	1	1	1
					1	1	1	1	1	1	1	1	1
					1	1	1	1	1	1	1	1	1
					1	1	1	1	1	1	1	1	1
					1	1	1	1	1	1	1	1	1
					1	1	1	1	1	1	1	1	1
					1	1	1	1	1	1	1	1	1
					1	1	1	1	1	1	1	1	1
					1	1	1	1	1	1	1	1	1
					1	1	1	1	1	1	1	1	1
					1	1	1	1	1	1	1	1	1
					1	1	1	1	1	1	1	1	1
					1	1	1	1	1	1	1	1	1
					1	1	1	1	1	1	1	1	1
					1	1	1	1	1	1	1	1	1
					1	1	1	1	1	1	1	1	1
					1	1	1	1	1	1	1	1	1
					1	1	1	1	1	1	1	1	1
					1	1	1	1	1	1	1	1	1
					1	1	1	1	1	1	1	1	1
					1	1	1	1	1	1	1	1	1
					1	1	1	1	1	1	1	1	1
					1	1	1	1	1	1	1	1	1
					1	1	1	1	1	1	1	1	1
					1	1	1	1	1	1	1	1	1
					1	1	1	1	1	1	1	1	1
					1	1	1	1	1	1	1	1	1
					1	1	1	1	1	1	1	1	1
					1	1	1	1	1	1	1	1	1
					1	1	1	1	1	1	1	1	1
					1	1	1	1	1	1	1	1	1
					1	1	1	1	1	1	1	1	1
					1	1	1	1	1	1	1	1	1
					1	1	1	1	1	1	1	1	1
					1	1	1	1	1	1	1	1	1
					1	1	1	1	1	1	1	1	1
					1	1	1	1	1	1	1	1	1
					1	1	1	1	1	1	1	1	1
					1	1	1	1	1	1	1	1	1
					1	1	1	1	1	1	1	1	1
					1	1	1	1	1	1	1	1	1
					1	1	1	1	1	1	1	1	1
					1	1	1	1	1	1	1	1	1
					1	1	1	1	1	1	1	1	1
					1	1	1	1	1	1	1	1	1
					1	1	1	1	1	1	1	1	1
					1	1	1	1	1	1	1	1	1
					1	1	1	1	1	1	1	1	1
					1	1	1	1	1	1	1	1	1
					1	1	1	1	1	1	1	1	1
					1	1	1	1	1	1	1	1	1
					1	1	1	1	1	1	1	1	1
					1	1	1	1	1	1	1	1	1
					1	1	1	1	1	1	1	1	1
					1	1	1	1	1	1	1	1	1
					1	1	1	1	1	1	1	1	1
					1	1	1	1	1	1	1	1	1
					1	1	1	1	1	1	1	1	1
					1	1	1	1	1	1	1	1	1
					1	1	1	1	1	1	1	1	1
					1	1	1	1	1	1	1	1	1
					1	1	1	1	1	1	1	1	1
					1	1	1	1	1	1	1	1	1
					1	1	1	1	1	1	1	1	1
					1	1	1	1	1	1	1	1	1
					1	1	1	1	1	1	1	1	1
					1	1	1	1	1	1	1	1	1
					1	1	1	1	1	1	1	1	1
					1	1	1	1	1	1	1	1	2
					2	2	2	2	2	2	2	2	2
					2	2	2	2	2	2	2	2	2
					2	2	2	2	2	2	2	2	2
					2	2	2	2	2	2	2	2	2
					2	2	2	2	2	2	2	2	2
					2	2	2	2	2	2	2	2	2
					2	2	2	2	2	2	2	2	2
					2	2	2	2	2	2	2	2	2
					2	2	2	2	2	2	2	2	2
					2	2	2	2	2	2	2	2	2
					2	2	2	2	2	2	2	2	2
					2	2	2	2	2	2	2	2	2
					2	2	2	2	2	2	2	2	2
					2	2	2	2	2	2	2	2	2
					2	2	2	2	2	2	2	2	2
					2	2	2	2	2	2	2	2	2
					2	2	2	2	2	2	2	2	2
					2	2	2	2	2	2	2	2	2
					2	2	2	2	2	2	2	2	2
					2	2	2	2	2	2	2	2	2
					2	2	2	2	2	2	2	2	2
					2	2	2	2	2	2	2	2	2
					2	2	2	2	2	2	2	2	2
					2	2	2	2	2	2	2	2	2
					2	2	2	2	2	2	2	2	2
					2	2	2	2	2	2	2	2	2
					2	2	2	2	2	2	2	2	2
					2	2	2	2	2	2	2	2	2
					2	2	2	2	2	2	2	2	2
					2	2	2	2	2	2	2	2	2
					2	2	2	2	2	2	2	2	2
					2	2	2	2	2	2	2	2	2
					2	2	2	2	2	2	2	2	2
					2	2	2	2	2	2	2	2	2
					2	2	2	2	2	2	2	2	2
					2	2	2	2	2	2	2	2	2
					2	2	2	2	2	2	2	2	2
					2	2	2	2	2	2	2	2	2
					2	2	2	2	2	2	2	2	2
					2	2	2	2	2	2	2	2	2
					2	2	2	2	2	2	2	2	2
					2	2	2	2	2	2	2	2	2
					2	2	2	2	2	2	2	2	2
					2	2	2	2	2	2	2	2	2
					2	2	2	2	2	2	2	2	2
					2	2	2	2	2	2	2	2	2
					2	2	2	2	2	2	2	2	2
					2	2	2	2	2	2	2	2	2
					2	2	2	2	2	2	2	2	2
					2	2	2	2	2	2	2	2	2
					2	2	2	2	2	2	2	2	2
					2	2	2	2	2	2	2	2	2
					2	2	2	2	2	2	2	2	2
					2	2	2	2	2	2	2	2	2
					2	2	2	2	2	2	2	2	2
					2	2	2	2	2	2	2	2	2
					2	2	2	2	2	2	2	2	2
					2	2	2	2	2	2	2	2	2
					2	2	2	2	2	2	2	2	2
					2	2	2	2	2	2	2	2	2
					2	2	2	2	2	2	2	2	2
					2	2	2	2	2	2	2	2	2
					2	2	2	2	2	2	2	2	2
					2	2	2	2	2	2	2	2	2
					2	2	2	2	2	2	2	2	2
					2	2	2	2	2	2	2	2	2
					2	2	2	2	2	2	2	2	2
					2	2	2	2	2	2	2	2	2
					2	2	2	2	2	2	2	2	2
					2	2	2	2	2	2	2	2	2
					2	2	2	2	2	2	2	2	2
					2	2	2	2	2	2	2	2	2
					2	2	2	2	2	2	2	2	2
					2	2	2	2	2	2	2	2	2
					2	2	2	2	2	2	2	2	2
					2	2	2	2	2	2	2	2	2
					2	2	2	2	2	2	2	2	2
					2	2	2	2	2	2	2	2	2
					2	2	2	2	2	2	2	2	2
					2	2	2	2	2	2	2	2	2
					2	2	2	2	2	2	2	2	2
					2	2	2	2	2	2	2	2	2
					2	2	2	2	2	2	2	2	2
					2	2	2	2	2	2	2	2	2
					2	2	2	2	2	2	2	2	2
					2	2	2	2	2	2	2	2	2
					2	2	2	2	2	2	2	2	2
					2	2	2	2	2	2	2	2	2
					2	2	2	2	2	2	2	2	2
					2	2	2	2	2	2	2	2	2
					2	2	2	2	2	2	2	2	2
					2	2	2	2	2	2	2	2	2
					2	2	2	2	2	2	2	2	2
					2	2	2	2	2	2	2	2	2
					2	2	2	2	2	2	2	2	2
					2	2	2	2	2	2	2	2	2
					2	2	2	2	2	2	2	2	2
					2	2	2	2	2	2	2	2	2
					2	2	2	2	2	2	2	2	2
					2	2	2	2	2	2	2	2	2
					2	2	2	2	2	2	2	2	2
					2	2	2	2	2	2	2	2	2
					2	2	2	2	2	2	2	2	2
					2	2	2	2	2	2	2	2	2
					2	2	2	2	2	2	2	2	2
					2	2	2	2	2	2	2	2	2
					2	2	2	2	2	2	2	2	2
					2	2	2	2	2	2	2	2	2
					2	2	2	2	2	2	2	2	2
					2	2	2	2	2	2	2	2	2
					2	2	2	2	2	2	2	2	2
					2	2	2	2	2	2	2	2	2
					2	2	2	2	2	2	2	2	2
					2	2	2	2	2	2	2	2	2
					2	2	2	2	2	2	2	2	2
					2	2	2	2	2	2	2	2	2
					2	2	2	2	2	2	2	2	2
					2	2	2	2	2	2	2	2	2
					2	2	2	2	2	2	2	2	2
					2	2	2	2	2	2	2	2	2
					2	2	2	2	2	2	2	2	2
					2	2	2	2	2	2	2	2	2
					2	2	2	2	2	2	2	2	2
					2	2	2	2	2	2	2	2	2
					2	2	2	2	2	2	2	2	2
					2	2	2	2	2	2	2	2	2
					2	2	2	2	2	2	2	2	2
					2	2	2	2	2	2	2	2	2
					2	2	2	2	2	2	2	2	2
					2	2	2	2	2	2	2	2	2
					2	2	2	2	2	2	2	2	2
					2	2	2	2	2	2	2	2	2
					2	2	2	2	2	2	2	2	2
					2	2	2	2	2	2	2	2	2
					2	2	2	2	2	2	2	2	2
					2	2	2	2	2	2	2	2	2
					2	2	2	2	2	2	2	2	2
					2	2	2	2	2	2	2	2	2
					2	2	2	2	2	2	2	2	2
					2	2	2	2	2	2	2	2	2
					2	2	3	3	3	3	3	3	3
					3	3	3	3	3	3	3	3	3
					3	3	3	3	4	4	4	4	4
					4	4	4	4	4	4	4	4	4
					4	4	4	4	4	4	4	4	4
					4	4	4	4	4	4	4	4	4
					4	4	4	4	4	4	4	4	4
					4	4	4	4	4	4	4	4	4
					4	4	4	4	4	4	4	4	4
					4	4	4	4	4	4	4	4	4
					4	4	4	4	4	4	4	4	4
					4	4	4	4	4	4	4	4	4
					4	4	4	4	4	4	4	4	4
					4	4	4	4	4	4	4	4	4
					4	4	4	4	4	4	4	4	4
					4	4	4	4	4	4	4	4	4
					4	4	4	4	4	4	4	4	4
					4	4	4	4	4	4	4	4	4
					4	4	4	4	4	4	4	4	4
					4	4	4	4	4	4	4	4	4
					4	4	4	4	4	4	4	4	4
					4	4	4	4	4	4	4	4	4
					4	4	4	4	4	4	4	4	4
					4	4	4	4	4	4	4	4	4
					4	4	4	4	4	4	4	4	4
					4	4	4	4	4	4	4	4	4
					4	4	4	4	4	4	4	4	4
					4	4	4	4	4	4	4	4	4
					4	4	4	4	4	4	4	4	4
					4	4	4	4	4	4	4	4	4
					4	4	4	4	4	4	4	4	4
					4	4	4	4	4	4	4	4	4
					4	4	4	4	4	4	4	4	4
					4	4	4	4	4	4	4	4	4
					4	4	4	4	4	4	4	4	4
					4	4	4	4	4	4	4	4	4
					4	4	4	1	1	1	1	1	1
					1	1	1	1	1	4	4	4	4
					4	4	4	4	4	4	4	4	4
					4	4	4	4	4	5	5	5	5
					5	5	5	5	5	5	5	5	6
					6	6	6	6	7	7	7	7	7
					8	8	8	8	8	8	8	8	8
					8	8	8	8	8	9	9	9	9
					9	9	9	9	9	9	9	9	9
					9	9	9	9	9	9	9	9	9
					9	9	9	9	9	9	1	1	1
					1	1	1	1	1	1	1	1	1
					1	1	1	1	1	1	1	1	1
					1	1	1	1	1	1	1	1	1
					1	1	1	1	1	1	9	9	9
					9	9	9	9	9	10	10	10	10
					10	10	10	10	10	11	11	11	11
					11	11	11	11	11	11	11	11	11
					11	11	11	11	11	11	11	11	11
					11	11	11	11	11	11	11	11	11
					11	11	11	11	11	11	12	12	12
					12	12	12	12	12	12	12	12	12
					12	12	12	12	12	12	12	12	12
					12	12	12	12	12	12	12	12	12
					13	13	13	13	13	13	14	14	14
					14	14	14	14	14	14	14	14	14
					14	14	14	14	15	15	15	15	15
					15	15	15	15	15	15	15	15	15
					15	15	15	15	15	15	15	15	15
					15	16	16	16	1	1	1	1	1
					1	1	1	1	1	1	1	1	1
					1	1	1	1	1	1	1	1	1
					1	1	1	1	1	1	1	1	1
					1	1	1	1	1	1	1	1	1
					1	1	1	1	1	1	1	1	1
					1	1	1	1	1	1	1	1	1
					1	1	1	1	1	1	1	1	1
					1	1	1	1	1	1	1	1	1
					1	1	1	1	1	1	1	1	1
					1	1	1	1	1	1	1	1	1
					1	1	1	1	1	1	1	1	1
					1	1	1	1	1	1	1	1	1
					1	1	1	1	1	1	1	1	1
					1	1	1	1	1	1	1	1	1
					1	1	1	1	1	1	1	1	1
					1	1	1	1	1	1	1	1	1
					1	1	1	1	1	1	1	1	1
					1	1	1	1	1	1	1	1	1
					1	1	1	1	1	1	1	1	2
					2	2	2	2	2	2	2	2	2
					2	2	2	2	2	2	2	2	2
					2	2	2	2	2	2	2	2	2
					2	2	2	2	2	2	2	2	2
					2	2	2	2	2	2	2	2	2
					2	2	2	2	2	2	2	2	2
					2	2	2	2	2	2	2	2	2
					2	2	2	2	2	2	2	2	2
					2	2	2	2	2	2	2	2	2
					2	2	2	2	2	2	2	2	2
					2	2	2	2	2	2	2	2	2
					2	2	2	2	2	2	2	2	2
					2	2	2	2	2	2	2	2	2
					2	2	2	2	2	2	2	2	2
					2	2	2	2	2	2	2	2	2
					2	2	2	2	2	2	2	2	2
					2	2	2	2	2	2	2	2	2
					2	2	2	2	2	2	2	2	2
					2	2	2	2	2	2	2	2	2
					2	2	2	2	2	2	2	2	2
					2	2	2	2	2	2	2	2	2
					2	2	2	2	2	2	2	2	2
					2	2	2	2	3	3	3	3	3
					3	3	3	3	3	3	3	3	3
					3	3	3	4	4	4	4	4	4
					4	4	4	4	4	4	4	4	4
					4	4	4	4	4	4	4	4	4
					4	4	4	4	4	4	4	4	4
					4	4	4	4	4	4	4	4	4
					4	4	4	4	4	4	4	4	4
					4	4	4	4	4	4	4	4	4
					4	4	4	4	4	4	4	4	4
					4	4	4	4	4	4	4	4	4
					4	4	4	4	4	4	4	4	4
					4	4	4	4	4	4	4	4	4
					4	4	4	4	4	4	4	4	4
					4	4	4	4	4	4	4	4	4
					4	4	4	4	4	4	4	4	4
					4	4	4	
				</DataArray>
			</CellData>
		</Piece>
	</UnstructuredGrid>
</VTKFile>
