<?xml version="0.9"?>

<!--
CSMP_Simulation
-->

<VTKFile type="UnstructuredGrid" version="0.9" byte_order="LittleEndian">
	<UnstructuredGrid>
		<Piece NumberOfPoints="2514" NumberOfCells="4818">
			<Points>
				<DataArray type="Float32" Name="Position" NumberOfComponents="3" format="ascii">
					1.723865866661072	1.934835910797119	0	1.322426199913025	1.323116779327393	0	1.025321960449219	1.494197249412537	0	0.9652173519134521	1.718778133392334	0
					0.9596958160400391	2.160969734191895	0	1.011453866958618	2.381243705749512	0	8.09876823425293	2.151612758636475	0	7.952531337738037	2.591667175292969	0
					8.247636795043945	3.088493824005127	0	8.532015800476074	2.857214450836182	0	8.38991641998291	3.251482725143433	0	8.651460647583008	3.010690212249756	0
					8.309513092041016	2.852849245071411	0	8.183499336242676	3.985243558883667	0	8.443744659423828	4.035996437072754	0	8.610162734985352	3.846718549728394	0
					8.600874900817871	3.211779594421387	0	8.561376571655273	3.602603673934937	0	7.766402721405029	4.421054363250732	0	8.320102691650391	4.623904228210449	0
					8.025458335876465	4.398114681243896	0	8.068479537963867	4.807329177856445	0	7.889310359954834	4.648065090179443	0	7.500141143798828	2.918420314788818	0
					7.759263515472412	3.769405364990234	0	7.655647754669189	4.024922847747803	0	7.3392333984375	3.83455753326416	0	7.870865821838379	3.01432466506958	0
					7.433850765228271	3.127128124237061	0	7.389941215515137	3.657089233398438	0	7.129666328430176	3.289950370788574	0	6.865049362182617	3.661805868148804	0
					6.712431907653809	3.455114603042603	0	7.072639465332031	3.673200368881226	0	7.341684341430664	3.317661762237549	0	7.272054195404053	2.950459718704224	0
					6.759727478027344	4.60592794418335	0	6.928494930267334	4.686027526855469	0	7.104269981384277	4.56108283996582	0	6.889216423034668	4.44642162322998	0
					7.146708488464355	4.801065921783447	0	7.705455303192139	4.798466682434082	0	7.447120189666748	4.602078437805176	0	6.96465015411377	3.842544555664062	0
					7.446516513824463	3.973854780197144	0	7.063781261444092	4.024164199829102	0	7.540753841400146	4.415692329406738	0	6.832817554473877	4.018547534942627	0
					6.725832462310791	4.23000955581665	0	7.088823795318604	4.371268749237061	0	6.663639068603516	3.704135417938232	0	6.634823322296143	3.919836521148682	0
					6.68090295791626	4.068146228790283	0	8.292669296264648	2.419305801391602	0	8.660176277160645	2.326192140579224	0	8.285673141479492	2.229337215423584	0
					8.488141059875488	2.511707782745361	0	8.693454742431641	2.850245237350464	0	8.648318290710449	2.513341188430786	0	9.018340110778809	2.458902835845947	0
					9.385531425476074	2.370791435241699	0	9.202485084533691	2.21172833442688	0	9.031345367431641	2.278754711151123	0	9.200621604919434	2.536633014678955	0
					9.057127952575684	2.124001741409302	0	9.852838516235352	4.23802661895752	0	9.745601654052734	4.430253982543945	0	9.233073234558105	3.998675346374512	0
					9.282390594482422	4.454956531524658	0	9.379718780517578	4.237972736358643	0	8.950185775756836	4.061662673950195	0	8.952159881591797	3.588123321533203	0
					9.424236297607422	3.821469068527222	0	9.139373779296875	3.603507995605469	0	9.015670776367188	3.800891160964966	0	9.747191429138184	4.04439640045166	0
					9.856858253479004	3.858131408691406	0	9.860483169555664	3.114832878112793	0	8.964322090148926	2.859891891479492	0	9.182418823242188	3.241414070129395	0
					9.013727188110352	3.050179719924927	0	9.419819831848145	3.120551109313965	0	9.134891510009766	2.866103887557983	0	8.963711738586426	3.25692343711853	0
					9.754134178161621	2.934052228927612	0	9.363728523254395	2.865559339523315	0	9.750776290893555	2.551258563995361	0	9.044127464294434	4.532914638519287	0
					8.941848754882812	4.706386089324951	0	8.230557441711426	4.470860958099365	0	8.235930442810059	4.758623123168945	0	8.616239547729492	4.49434757232666	0
					8.64201831817627	4.863539695739746	0	8.410157203674316	4.456598281860352	0	8.434649467468262	4.819147109985352	0	8.62928581237793	4.69531774520874	0
					9.736326217651367	1.399380207061768	0	9.730566024780273	0.9910329580307007	0	9.84642219543457	1.191637396812439	0	9.850058555603027	1.596003293991089	0
					9.489138603210449	1.411024928092957	0	8.47614574432373	2.12214207649231	0	8.476640701293945	1.725734949111938	0	8.587747573852539	1.926979064941406	0
					8.908599853515625	1.76620888710022	0	9.148159027099609	1.775441408157349	0	9.016399383544922	1.560730814933777	0	9.369186401367188	1.640177488327026	0
					9.227096557617188	1.422104597091675	0	7.682015895843506	2.128422260284424	0	7.499828338623047	1.948062777519226	0	7.928566932678223	1.839698195457458	0
					7.088438987731934	1.813901305198669	0	6.733478546142578	1.641006231307983	0	6.339584350585938	1.593387603759766	0	6.188149452209473	1.727741241455078	0
					6.005316734313965	1.497000455856323	0	6.140636444091797	1.374703288078308	0	6.634578704833984	1.481606483459473	0	6.301323890686035	1.418959379196167	0
					5.342509269714355	1.817743897438049	0	5.557014465332031	1.956352949142456	0	5.169724464416504	1.98215913772583	0	5.362845420837402	2.272642612457275	0
					6.037702083587646	1.654343605041504	0	6.077025413513184	2.106713533401489	0	7.097516536712646	2.217113018035889	0	6.271884918212891	2.09605884552002	0
					5.97566032409668	2.329208374023438	0	6.462903499603271	2.352182388305664	0	6.10458517074585	2.531345129013062	0	6.821422576904297	2.3957839012146	0
					6.899085521697998	2.225577354431152	0	6.999867916107178	2.385942697525024	0	6.91504430770874	2.531269073486328	0	6.343619346618652	2.529046535491943	0
					6.726941585540771	2.590348720550537	0	5.524696826934814	2.156212568283081	0	5.181614875793457	2.188947677612305	0	6.122577667236328	2.953592300415039	0
					6.228734493255615	2.740583181381226	0	5.963324546813965	2.75639009475708	0	5.88135290145874	2.534083127975464	0	5.690683364868164	2.535852909088135	0
					5.777187824249268	2.126265287399292	0	5.571550846099854	2.361846446990967	0	5.525960445404053	2.563056230545044	0	5.52418327331543	2.885668754577637	0
					6.344054222106934	2.941787719726562	0	5.98139762878418	1.327698230743408	0	4.735356330871582	2.132551908493042	0	4.817932605743408	1.947562575340271	0
					3.923241376876831	1.744307398796082	0	3.684067249298096	1.332155466079712	0	3.200747489929199	1.326534509658813	0	2.32348108291626	1.945871591567993	0
					2.950222969055176	2.182433843612671	0	4.098079204559326	2.156002521514893	0	3.431035041809082	2.685890674591064	0	3.870198488235474	1.001153469085693	0
					3.906849384307861	1.32958459854126	0	3.611776113510132	1.158864855766296	0	3.989108562469482	1.131762504577637	0	4.136670589447021	1.299358367919922	0
					4.287603855133057	1.48845362663269	0	4.043271064758301	1.52532422542572	0	4.207556247711182	1.754783749580383	0	3.678822994232178	0.9630866050720215	0
					4.031986713409424	0.9318922758102417	0	6.833796977996826	1.410688757896423	0	6.606757164001465	1.273211240768433	0	7.033289909362793	1.258126854896545	0
					7.040740966796875	1.452344655990601	0	7.214961051940918	1.376257419586182	0	6.952836513519287	1.62466835975647	0	7.325593948364258	1.768033027648926	0
					7.386692047119141	1.526729822158813	0	7.039887428283691	1.020462274551392	0	6.6383376121521	1.017541646957397	0	7.735720634460449	1.881338834762573	0
					6.235321998596191	1.103187084197998	0	5.923318386077881	0.9789997339248657	0	6.019047737121582	0.6286706924438477	0	5.888754844665527	0.7997361421585083	0
					6.274719715118408	0.9124804735183716	0	6.095226287841797	1.034440159797668	0	6.645436763763428	0.7802735567092896	0	6.847602367401123	0.6529075503349304	0
					7.047094345092773	0.7751106023788452	0	7.053963661193848	0.27512526512146	0	7.245766639709473	0.9007129669189453	0	5.653952121734619	1.236374497413635	0
					5.65793514251709	1.450825929641724	0	5.138674736022949	1.811074614524841	0	5.592034339904785	1.713533878326416	0	7.455132484436035	0.2743009030818939	0
					9.230207443237305	0.1529465019702911	0	9.01788330078125	0.496726393699646	0	9.02409553527832	0.2609031200408936	0	8.643229484558105	0.9550061225891113	0
					7.454999923706055	0.5268051624298096	0	7.445831298828125	1.032919883728027	0	7.659235000610352	0.6525018215179443	0	7.870006561279297	0.7749150991439819	0
					7.651631832122803	1.177248358726501	0	7.453668594360352	0.7794485092163086	0	8.226786613464355	1.368079543113708	0	7.855416774749756	1.337896347045898	0
					7.900774955749512	1.055541157722473	0	7.834065437316895	1.626948118209839	0	8.28840160369873	1.572625637054443	0	8.058116912841797	1.477587580680847	0
					8.258874893188477	0.741127610206604	0	8.060725212097168	0.6347434520721436	0	8.676596641540527	1.200128197669983	0	8.454203605651855	1.359200119972229	0
					8.271937370300293	0.9660937190055847	0	7.425551414489746	1.283231019973755	0	7.61976146697998	1.441767930984497	0	8.635778427124023	0.727616548538208	0
					8.630816459655762	0.2600957751274109	0	2.518514156341553	0.9855608940124512	0	2.314064502716064	1.097396850585938	0	2.109915018081665	1.195012092590332	0
					2.292691707611084	1.328981757164001	0	3.138517379760742	1.010104060173035	0	3.268660068511963	1.129989385604858	0	2.992311239242554	1.353933095932007	0
					2.876824140548706	1.806556105613708	0	2.925389766693115	1.564934492111206	0	2.486035108566284	1.474187612533569	0	3.294275283813477	0.4903644919395447	0
					2.94092869758606	0.9885934591293335	0	3.294050693511963	0.9290343523025513	0	2.429342031478882	1.718174815177917	0	2.680280208587646	1.642614126205444	0
					2.316189765930176	0.6340844035148621	0	2.518163204193115	0.7482686042785645	0	3.106253623962402	0.6096893548965454	0	2.918790817260742	0.7374007701873779	0
					3.292781352996826	0.2570797204971313	0	3.099637508392334	0.1496958583593369	0	2.910274028778076	0.5001288056373596	0	2.51178240776062	0.2664893865585327	0
					2.906396865844727	0.2614593803882599	0	2.709325551986694	0.1525278687477112	0	4.821059226989746	1.422244071960449	0	4.865296363830566	1.792584657669067	0
					4.484184741973877	1.451700687408447	0	4.835040092468262	1.628986358642578	0	4.650375366210938	1.543382167816162	0	4.673508644104004	1.775096654891968	0
					4.459393501281738	1.650326609611511	0	0.695421576499939	0.1498144567012787	0	2.310668468475342	0.1556025743484497	0	0.8973231315612793	0.2602009177207947	0
					0.9030057191848755	0.6578028798103333	0	1.296091556549072	0.2614196240901947	0	1.098887205123901	0.150036096572876	0	1.347708940505981	0.831859827041626	0
					0.9785701632499695	0.7979218363761902	0	1.087041139602661	0.6156406402587891	0	1.22908091545105	0.9777382612228394	0	1.272139310836792	0.6799771189689636	0
					1.405374050140381	1.01142418384552	0	1.907109022140503	1.278655767440796	0	1.858296394348145	1.497763991355896	0	2.255664348602295	1.55927312374115	0
					2.076884508132935	1.41876482963562	0	2.129162788391113	0.9778532385826111	0	1.751051187515259	1.147617697715759	0	1.58603310585022	1.058096051216125	0
					1.450526237487793	1.18667197227478	0	1.707062482833862	1.344659686088562	0	7.446306228637695	2.183738231658936	0	7.905988216400146	2.045966863632202	0
					7.902704238891602	2.341331005096436	0	7.730968475341797	2.608906507492065	0	7.378817558288574	2.386785984039307	0	6.730619430541992	2.839783191680908	0
					7.082854270935059	2.557058334350586	0	7.270169258117676	2.241418600082397	0	7.48862361907959	2.569770336151123	0	5.348305702209473	3.246204376220703	0
					5.209207057952881	3.114203929901123	0	6.25696849822998	3.283082723617554	0	6.196767330169678	4.115084648132324	0	6.332491874694824	4.032947540283203	0
					6.41441822052002	4.48242712020874	0	5.983233451843262	3.916814565658569	0	5.622640132904053	3.83806037902832	0	5.689560413360596	3.663800001144409	0
					5.781725406646729	4.046682357788086	0	5.840035438537598	3.787951946258545	0	5.497443199157715	3.659180641174316	0	5.657035350799561	3.062138557434082	0
					6.065704345703125	3.173971176147461	0	5.81586742401123	3.280669927597046	0	5.737421989440918	2.849103689193726	0	5.542991638183594	3.266131162643433	0
					6.064777374267578	3.417470693588257	0	7.078048706054688	2.892111539840698	0	6.885820865631104	3.212843179702759	0	7.088504791259766	3.076809644699097	0
					6.743995666503906	3.039417028427124	0	6.745756149291992	4.787851333618164	0	7.882729530334473	4.886362075805664	0	7.543701171875	4.745469093322754	0
					9.43449592590332	0.2706141471862793	0	8.640825271606445	1.375520348548889	0	9.266427993774414	0.9904593825340271	0	9.370937347412109	1.201441645622253	0
					9.020818710327148	1.353100895881653	0	8.621283531188965	1.53851330280304	0	9.02025032043457	0.9680447578430176	0	8.26953125	1.816306352615356	0
					8.698245048522949	1.750889658927917	0	9.869714736938477	0.1319245547056198	0	9.818336486816406	0.7513083219528198	0	9.780255317687988	0.53204345703125	0
					9.397045135498047	0.771729052066803	0	9.206378936767578	0.6183322668075562	0	9.011137008666992	0.7244375944137573	0	3.821802616119385	2.527407169342041	0
					3.97796893119812	2.654322624206543	0	4.505326271057129	2.836608648300171	0	4.509572505950928	2.484114646911621	0	4.03715991973877	2.389799356460571	0
					4.437795162200928	2.32462477684021	0	4.487301826477051	2.128566265106201	0	4.298120498657227	2.450001239776611	0	2.143051147460938	2.568793773651123	0
					2.2023024559021	2.167444229125977	0	2.465343952178955	2.164721965789795	0	2.084373950958252	2.362746238708496	0	2.324849367141724	2.618695497512817	0
					2.597902297973633	2.375935077667236	0	2.492990016937256	3.130380153656006	0	2.921166896820068	3.18397331237793	0	2.555809736251831	2.939926147460938	0
					2.898360252380371	2.986626148223877	0	3.083034515380859	2.892661571502686	0	3.1454758644104	2.646165609359741	0	3.277323246002197	2.845700025558472	0
					2.931274652481079	2.544900178909302	0	2.83243465423584	2.370934963226318	0	2.717849731445312	2.171376705169678	0	2.508926868438721	2.581135749816895	0
					2.325362920761108	2.975860357284546	0	2.942938804626465	3.346785068511963	0	3.240696907043457	3.044003248214722	0	3.142408609390259	3.282934188842773	0
					2.607823133468628	3.265692234039307	0	2.436071872711182	3.322000980377197	0	2.150413990020752	3.117611646652222	0	2.116588115692139	2.926799774169922	0
					2.205049991607666	3.34958815574646	0	2.138083219528198	4.447250366210938	0	2.341176986694336	4.853894233703613	0	2.485680103302002	4.724746704101562	0
					2.325248003005981	4.436553955078125	0	2.134637594223022	4.813998222351074	0	2.532430648803711	4.916778564453125	0	2.941107273101807	3.786254405975342	0
					2.485604524612427	3.903135776519775	0	2.968895673751831	4.016505241394043	0	2.596343755722046	4.095525741577148	0	2.376263618469238	4.087495803833008	0
					2.473997116088867	4.532767772674561	0	3.07589864730835	4.404497146606445	0	3.162554979324341	4.028882026672363	0	2.857288837432861	4.439801216125488	0
					2.940504789352417	3.613684892654419	0	3.314558506011963	3.627872467041016	0	3.113099336624146	3.665258884429932	0	3.254157781600952	3.780388593673706	0
					3.296234607696533	3.938826560974121	0	2.558681011199951	3.701695919036865	0	2.374554872512817	3.746028661727905	0	2.183586597442627	3.689572334289551	0
					2.164768695831299	4.062875270843506	0	1.054507493972778	0.9621977806091309	0	9.849729537963867	0.326478898525238	0	6.054202556610107	0.1522171199321747	0
					6.246439933776855	0.2691922187805176	0	4.819911956787109	0.5129596590995789	0	4.412782192230225	0.9762060642242432	0	4.061667442321777	0.257448673248291	0
					4.458166122436523	0.2638311088085175	0	4.442091941833496	0.502264678478241	0	4.681930065155029	0.1556076258420944	0	4.627157688140869	0.6246100664138794	0
					3.862955808639526	0.6029345989227295	0	3.869129180908203	0.1479882448911667	0	3.674613475799561	0.4887440800666809	0	4.046605587005615	0.7177693247795105	0
					4.427888870239258	0.736620306968689	0	4.198609828948975	1.071779012680054	0	4.812124252319336	0.7396512031555176	0	4.612313270568848	1.098167300224304	0
					4.870166778564453	0.1312534213066101	0	5.426883220672607	0.8674255013465881	0	5.438947677612305	1.281807780265808	0	5.576749801635742	1.051959753036499	0
					5.204587459564209	1.416201114654541	0	5	1.714938640594482	0	5.18147611618042	1.640438914299011	0	4.808858394622803	0.9721898436546326	0
					4.394466876983643	1.245627999305725	0	5.227831363677979	0.7143700122833252	0	5.610944747924805	0.8664488792419434	0	5.177162647247314	0.4845770001411438	0
					5.205217361450195	0.9629766345024109	0	5.35883903503418	0.5335472822189331	0	5.569519996643066	0.7211906313896179	0	5.48119068145752	0.2402344197034836	0
					5.856627464294434	0.2591561079025269	0	5.751715660095215	0.9280564188957214	0	5.83765172958374	0.6541095376014709	0	5.528941631317139	0.5550305247306824	0
					5.287975311279297	0.1433984041213989	0	9.742769241333008	5.576964855194092	0	9.294219970703125	5.581376552581787	0	8.974853515625	5.087837696075439	0
					0.1557451784610748	6.556491374969482	0	0.1514547616243362	3.520066976547241	0	0.1405159085988998	3.890011548995972	0	0.2453214228153229	3.711607694625854	0
					0.9997164011001587	5.64828634262085	0	0.2459491789340973	5.523991584777832	0	0.5917378664016724	5.51990795135498	0	0.623705267906189	5.953346729278564	0
					0.6320586204528809	6.2427077293396	0	0.1631911844015121	6.151742458343506	0	0.2982775270938873	5.938817501068115	0	0.4714252054691315	6.360143184661865	0
					0.1623440533876419	5.727566719055176	0	0.8973690271377563	5.958840370178223	0	0.7974799871444702	5.567040920257568	0	0.6545851230621338	5.701622486114502	0
					1.00589120388031	5.823376655578613	0	0.9702552556991577	5.42685604095459	0	1.006175637245178	4.571772575378418	0	1.710099220275879	4.944699287414551	0
					0.9493880271911621	5.198736667633057	0	1.018783092498779	4.333066940307617	0	0.9708506464958191	4.819785118103027	0	0.8147974014282227	4.425706386566162	0
					0.2467616200447083	4.460590362548828	0	0.2529721856117249	4.071767807006836	0	0.4328463673591614	3.735307455062866	0	1.002197265625	4.154303073883057	0
					0.6526862382888794	4.086533546447754	0	0.6018729209899902	4.467667579650879	0	4.877535343170166	9.866668701171875	0	4.697698593139648	9.839375495910645	0
					4.06662654876709	9.738576889038086	0	3.882426738739014	9.851387023925781	0	3.697454929351807	9.73212718963623	0	3.495713949203491	9.833625793457031	0
					6.134822845458984	9.84711742401123	0	4.494063377380371	9.456892013549805	0	4.09339427947998	9.35560417175293	0	4.867340087890625	9.334664344787598	0
					5.21666955947876	9.142374992370605	0	5.696274280548096	9.803677558898926	0	5.477010250091553	9.780231475830078	0	5.946222305297852	9.720476150512695	0
					5.584550380706787	9.397132873535156	0	5.98714017868042	4.879843235015869	0	6.044009685516357	4.43812894821167	0	5.962740898132324	4.667036056518555	0
					5.545928478240967	4.007579326629639	0	6.028767585754395	4.091224670410156	0	6.223642349243164	4.401847362518311	0	4.806643962860107	3.997751712799072	0
					4.500213623046875	3.608679533004761	0	4.449461936950684	3.281869888305664	0	3.932746887207031	3.612087726593018	0	3.754262685775757	3.477985858917236	0
					3.76771354675293	3.256209850311279	0	4.625554084777832	3.186199188232422	0	4.817778587341309	3.074268102645874	0	4.675468921661377	2.798218727111816	0
					4.420419692993164	3.058537721633911	0	4.89838981628418	3.879232406616211	0	4.631837844848633	4.008405685424805	0	4.671962261199951	3.6531982421875	0
					4.515054702758789	3.810876846313477	0	5.195920944213867	2.713439464569092	0	5.295548439025879	2.90723180770874	0	5.611461162567139	2.70355224609375	0
					5.342156410217285	2.50130033493042	0	5.123183250427246	2.52040958404541	0	4.848567008972168	2.315423965454102	0	5	2.505227327346802	0
					5	2.11370062828064	0	5.201812744140625	2.36396336555481	0	4.82379674911499	2.858112096786499	0	4.263452053070068	4.400550842285156	0
					4.054523468017578	4.692642688751221	0	4.243141174316406	4.803191184997559	0	4.459190368652344	4.366748332977295	0	4.112980365753174	3.792068719863892	0
					4.329606056213379	3.67972993850708	0	4.209705352783203	4.021157264709473	0	4.424540042877197	4.016872406005859	0	4.773433208465576	4.191542625427246	0
					4.067328453063965	4.475925445556641	0	4.060683250427246	4.904096603393555	0	3.98442530632019	4.010314464569092	0	3.746448278427124	3.666108369827271	0
					4.155619621276855	3.533216238021851	0	2.563132762908936	5.087289333343506	0	2.219184160232544	4.989728450775146	0	2.950954914093018	4.996706962585449	0
					3.320356369018555	5.04444408416748	0	3.130755424499512	4.861477851867676	0	2.878375768661499	4.816425800323486	0	3.390038967132568	4.831252098083496	0
					3.269354343414307	4.596335887908936	0	2.778717517852783	4.626949310302734	0	3.841805219650269	4.804357528686523	0	3.674286365509033	4.626842498779297	0
					3.883906126022339	4.358471393585205	0	3.757486820220947	4.016727924346924	0	4.088039875030518	4.235414505004883	0	3.723345994949341	4.450341701507568	0
					3.289817810058594	4.334920883178711	0	3.640455722808838	3.821317195892334	0	3.544160127639771	3.596652269363403	0	6.128063678741455	5.906102657318115	0
					6.123992919921875	5.656599044799805	0	6.382410049438477	5.949139595031738	0	6.273274421691895	5.560296535491943	0	6.350471496582031	5.397326469421387	0
					6.249410152435303	6.143906593322754	0	6.23253345489502	5.209891796112061	0	6.376824378967285	4.732532501220703	0	6.163207054138184	4.813185691833496	0
					5.121121883392334	3.668298006057739	0	5.283332347869873	3.660947799682617	0	5.182633399963379	3.321334838867188	0	5.161667823791504	3.807028532028198	0
					4.854076385498047	3.708104848861694	0	4.812718391418457	3.301531553268433	0	5.194213390350342	9.435530662536621	0	5.295209407806396	9.855269432067871	0
					5.550961971282959	9.602435111999512	0	5.16011381149292	9.697593688964844	0	5.417766094207764	9.471179008483887	0	5.122043132781982	9.869526863098145	0
					5	9.795499801635742	0	4.849822998046875	9.50187873840332	0	4.478549957275391	9.714738845825195	0	4.850621223449707	9.698468208312988	0
					0.5781378149986267	4.833792686462402	0	0.136070191860199	4.635201454162598	0	0.4258467853069305	4.497725009918213	0	0.5171155333518982	4.648574829101562	0
					0.2383065819740295	4.810964107513428	0	0.237107902765274	5.178948402404785	0	0.5730218887329102	5.162605762481689	0	0.1352170705795288	5.353052139282227	0
					0.5102502107620239	5.342034816741943	0	0.4210497438907623	5.485337257385254	0	0.9195629358291626	5.010497570037842	0	0.7605671882629395	5.101189613342285	0
					9.300575256347656	4.791061878204346	0	9.853675842285156	4.620694637298584	0	9.411628723144531	4.623141765594482	0	9.74570369720459	4.810205936431885	0
					9.74041748046875	5.193809032440186	0	9.496511459350586	5.193912506103516	0	9.850784301757812	5.385749816894531	0	9.388285636901855	5.39404296875	0
					9.511079788208008	5.577143669128418	0	8.959230422973633	4.874820232391357	0	9.221628189086914	5.198559761047363	0	9.105104446411133	4.747557640075684	0
					5.118764400482178	0.1262233704328537	0	0.5817667841911316	0.572680652141571	0	0.4929247796535492	0.2426096796989441	0	0.747428297996521	0.6058578491210938	0
					0.9033700823783875	0.4860206246376038	0	0.4569317996501923	0.448804497718811	0	0.1183099299669266	0.1166288405656815	0	9.497495651245117	0.997366189956665	0
					6.631014823913574	3.198757648468018	0	6.416647911071777	3.143913984298706	0	6.105370044708252	3.708232402801514	0	6.336245059967041	3.684257984161377	0
					6.312975883483887	3.84845232963562	0	1.764406204223633	0.9167519211769104	0	2.12240743637085	0.7599472403526306	0	1.938722372055054	1.066231966018677	0
					1.889774084091187	0.6752812266349792	0	1.671915292739868	0.7240508794784546	0	2.107983827590942	0.2724686861038208	0	1.904053092002869	0.1577480584383011	0
					1.69794750213623	0.2706535458564758	0	1.472131848335266	0.6438053250312805	0	1.498522758483887	0.1538268774747849	0	1.286686778068542	0.495182603597641	0
					1.687857389450073	0.5181113481521606	0	3.673868894577026	0.7194958925247192	0	3.296094655990601	0.716383695602417	0	3.48417329788208	0.6037777662277222	0
					3.675890684127808	0.2556908130645752	0	3.48434591293335	0.1480107754468918	0	8.243295669555664	0.2644629180431366	0	7.852568626403809	0.2710363268852234	0
					7.653691291809082	0.1576635539531708	0	8.435836791992188	0.1512867212295532	0	8.443704605102539	0.6172670125961304	0	6.64328670501709	0.533170759677887	0
					6.649411201477051	0.2766984403133392	0	6.853360176086426	0.1592874526977539	0	7.051526546478271	0.526799201965332	0	6.203280925750732	0.7162924408912659	0
					6.417798519134521	1.108277082443237	0	3.667200803756714	2.142738819122314	0	3.766297101974487	2.338594198226929	0	3.349277257919312	2.409709453582764	0
					3.608742475509644	2.503729104995728	0	3.142973661422729	1.720639586448669	0	2.842806816101074	2.011755466461182	0	3.191869258880615	2.177205085754395	0
					3.313042640686035	1.515779256820679	0	3.555260181427002	1.524215221405029	0	3.442439079284668	1.291746735572815	0	3.897826910018921	2.156862258911133	0
					4.02892017364502	1.964163780212402	0	3.672510147094727	1.738224387168884	0	6.741818428039551	2.257626295089722	0	6.42117977142334	2.166457176208496	0
					6.535017490386963	2.518145084381104	0	5.984170436859131	1.862968683242798	0	6.380039215087891	1.786504745483398	0	6.851662635803223	1.839144229888916	0
					6.470932960510254	1.45005464553833	0	6.987952709197998	2.031711578369141	0	9.371475219726562	1.886098265647888	0	8.993221282958984	1.962600708007812	0
					9.383129119873047	2.1131591796875	0	9.742874145507812	1.792317748069763	0	9.749113082885742	2.183041572570801	0	9.856809616088867	2.366729497909546	0
					9.756369590759277	3.295039653778076	0	9.752719879150391	3.672266960144043	0	9.369049072265625	3.594644784927368	0	7.834056854248047	3.251720905303955	0
					7.582734107971191	3.338788509368896	0	7.424588203430176	3.484464645385742	0	8.206059455871582	3.278095960617065	0	8.527006149291992	3.394339323043823	0
					8.081476211547852	2.937361717224121	0	0.7203015685081482	2.130924701690674	0	0.7242434024810791	1.750664234161377	0	0.861705482006073	1.940782904624939	0
					0.4973270297050476	2.125247955322266	0	0.2673530578613281	1.750786066055298	0	0.2657824754714966	2.133836269378662	0	0.5989817380905151	2.28200888633728	0
					0.1602711826562881	2.333072185516357	0	0.1623106300830841	1.547078609466553	0	0.6052253842353821	1.597525477409363	0	0.300483226776123	1.337525129318237	0
					0.6284764409065247	3.665197849273682	0	0.9812631607055664	3.538197755813599	0	0.6047806739807129	3.461663961410522	0	9.832275390625	9.641510009765625	0
					6.399164199829102	6.687995433807373	0	9.764920234680176	6.652556419372559	0	9.396487236022949	6.353423595428467	0	9.768394470214844	6.31868839263916	0
					9.743607521057129	5.958632469177246	0	7.952710628509521	6.41889762878418	0	6.666638374328613	8.152515411376953	0	8.219837188720703	9.418304443359375	0
					7.904242038726807	9.226131439208984	0	8.198416709899902	9.23709774017334	0	8.057082176208496	9.120353698730469	0	7.86745023727417	9.405336380004883	0
					8.222368240356445	9.760404586791992	0	8.042270660400391	9.850411415100098	0	7.86154317855835	9.758371353149414	0	7.691767692565918	9.481623649597168	0
					7.692683219909668	9.864728927612305	0	7.558450222015381	9.585246086120605	0	7.831499576568604	9.579765319824219	0	8.390298843383789	9.866152763366699	0
					8.3873291015625	9.495264053344727	0	8.519319534301758	9.589686393737793	0	8.252148628234863	9.586671829223633	0	3.725663423538208	6.655179977416992	0
					3.276228427886963	6.856392383575439	0	3.67982816696167	6.883870124816895	0	3.863131046295166	6.270740509033203	0	3.942916870117188	6.681397438049316	0
					3.171470165252686	6.436444282531738	0	3.117911338806152	6.665257453918457	0	3.025334119796753	6.315184593200684	0	3.641048908233643	6.145829200744629	0
					3.186862468719482	6.18510913848877	0	3.272504329681396	8.405647277832031	0	3.520218849182129	8.235430717468262	0	2.496978521347046	9.520040512084961	0
					3.291585683822632	9.337963104248047	0	2.954447269439697	9.559140205383301	0	4.037972927093506	9.544828414916992	0	6.330954551696777	9.732783317565918	0
					0.63329017162323	9.382862091064453	0	0.5708845257759094	9.760462760925293	0	0.7901455760002136	9.817047119140625	0	0.8121048808097839	9.43034839630127	0
					0.1407500058412552	9.857052803039551	0	0.148717850446701	9.193935394287109	0	0.5635117292404175	9.185206413269043	0	0.4608264863491058	9.026949882507324	0
					0.2639753818511963	9.389158248901367	0	5.14499044418335	7.864458560943604	0	5.382113456726074	8.316654205322266	0	5.644164085388184	8.068522453308105	0
					5.190495491027832	8.037524223327637	0	5.23633861541748	8.211530685424805	0	4.807934761047363	7.698665618896484	0	5	7.494030952453613	0
					5	8.484718322753906	0	5	8.224403381347656	0	5.193183422088623	8.385729789733887	0	4.844803810119629	7.88765287399292	0
					4.809098243713379	8.370039939880371	0	4.636385917663574	7.883938312530518	0	4.412972927093506	7.984731197357178	0	4.779697418212891	8.106950759887695	0
					4.604780197143555	8.302419662475586	0	1.737091302871704	8.257098197937012	0	1.940654635429382	8.547916412353516	0	1.75799834728241	7.878064632415771	0
					1.382694244384766	8.066745758056641	0	2.139078140258789	7.992160797119141	0	2.498474597930908	8.109855651855469	0	2.343220233917236	7.927468299865723	0
					1.986606955528259	7.484975337982178	0	2.185119152069092	7.779448509216309	0	8.202558517456055	8.189761161804199	0	7.720975399017334	8.283042907714844	0
					7.811733245849609	8.492106437683105	0	8.205507278442383	8.413174629211426	0	7.724526882171631	7.947250366210938	0	7.419203758239746	8.059183120727539	0
					7.902124404907227	7.873502731323242	0	8.418357849121094	8.294548034667969	0	8.402276039123535	7.925778865814209	0	8.541099548339844	8.08860969543457	0
					8.240068435668945	7.806394577026367	0	8.025296211242676	7.472531795501709	0	7.862896919250488	7.649577617645264	0	5.204010963439941	5.103785514831543	0
					5	5.619088649749756	0	5.197469234466553	4.867692470550537	0	4.819680690765381	4.872590065002441	0	4.438812255859375	4.913217067718506	0
					5.66199779510498	5.068688869476318	0	5.409200191497803	4.975778579711914	0	4.65099048614502	5.004789352416992	0	5	4.535101890563965	0
					5	5.424311637878418	0	8.060745239257812	7.714293479919434	0	8.356991767883301	8.09709358215332	0	7.624554634094238	8.090890884399414	0
					8.024881362915039	8.55976390838623	0	2.042696237564087	7.662739753723145	0	2.288633346557617	8.111674308776855	0	1.543864607810974	8.174893379211426	0
					4.562639713287354	8.101683616638184	0	5	7.76801061630249	0	5.416042804718018	8.09465217590332	0	0.3599653244018555	9.188179016113281	0
					0.909010112285614	9.598087310791016	0	6.145752906799316	9.629669189453125	0	3.885582685470581	9.638545036315918	0	3.487004995346069	9.00609302520752	0
					3.107266902923584	9.644911766052246	0	2.374223947525024	9.678053855895996	0	3.476403713226318	8.529787063598633	0	3.404242038726807	6.103521823883057	0
					3.894440650939941	6.486137390136719	0	8.387716293334961	9.67616081237793	0	7.693789482116699	9.671350479125977	0	8.048364639282227	9.331207275390625	0
					6.823850154876709	8.059035301208496	0	9.247952461242676	8.111868858337402	0	8.089202880859375	6.931797504425049	0	9.642955780029297	6.151817321777344	0
					0.7927744388580322	3.495670318603516	0	0.4055895209312439	1.561181426048279	0	0.4007699489593506	2.318374156951904	0	8.046722412109375	3.16191577911377	0
					7.924603939056396	3.975500583648682	0	7.582488536834717	3.594905853271484	0	9.6412353515625	3.852487564086914	0	9.224885940551758	3.445278882980347	0
					9.652389526367188	3.116043567657471	0	9.621146202087402	1.603666067123413	0	9.640966415405273	2.368204593658447	0	9.192173004150391	2.012187004089355	0
					6.526668071746826	1.634660005569458	0	6.218027114868164	1.926524996757507	0	6.647058010101318	2.387462615966797	0	3.789548873901367	1.948769927024841	0
					3.050474166870117	1.975074648857117	0	3.565522432327271	2.310250520706177	0	6.479528903961182	0.8996828198432922	0	6.850736618041992	0.403961181640625	0
					8.438507080078125	0.3826740682125092	0	7.655616283416748	0.4005780220031738	0	3.481714010238647	0.8309947848320007	0	1.490818500518799	0.3906427025794983	0
					1.969159126281738	0.8794822096824646	0	6.458822727203369	3.936675310134888	0	9.610038757324219	0.8294166922569275	0	0.6832761168479919	0.3955564200878143	0
					9.1575927734375	4.948448181152344	0	9.621519088745117	5.387070655822754	0	9.63075065612793	4.620967388153076	0	0.7663580775260925	4.905294895172119	0
					0.326933741569519	5.348130702972412	0	0.3299271166324615	4.639721870422363	0	4.678762435913086	9.596667289733887	0	5.34920072555542	9.64019775390625	0
					4.608626365661621	3.430927276611328	0	5	3.192729711532593	0	5	3.900139570236206	0	5.377884387969971	3.449862241744995	0
					3.908046245574951	5.026778221130371	0	6.107625484466553	5.024572372436523	0	6.58372974395752	4.655233383178711	0	6.924922943115234	4.913165092468262	0
					7.728964328765869	4.9676513671875	0	6.12257194519043	5.426884651184082	0	6.47922420501709	6.150895595550537	0	6.568069458007812	5.397674560546875	0
					3.426001071929932	3.798975706100464	0	3.490049839019775	4.665332317352295	0	3.877333879470825	4.173760890960693	0	3.874083518981934	4.568431854248047	0
					2.998380422592163	4.624293327331543	0	3.107745170593262	5.120522975921631	0	2.392576694488525	5.046793460845947	0	4.54212474822998	4.18897533416748	0
					4.318179607391357	3.864580631256104	0	4.240731239318848	4.597836971282959	0	5	2.334712028503418	0	5.415629386901855	2.712397336959839	0
					4.729617118835449	3.843094825744629	0	4.644676208496094	2.968875408172607	0	3.966375112533569	3.38066554069519	0	5.381441116333008	3.864871501922607	0
					6.197466850280762	4.58903694152832	0	5.716446876525879	4.64388370513916	0	5.40997838973999	9.28129768371582	0	4.702372550964355	9.371877670288086	0
					0.8400360941886902	4.220868587493896	0	0.3436653017997742	3.887723922729492	0	0.7511929273605347	4.667341232299805	0	1.177663445472717	5.521718502044678	0
					1.574960112571716	5.13617467880249	0	0.7364979386329651	5.331046581268311	0	0.8301305770874023	5.775310039520264	0	0.4100543856620789	6.167771816253662	0
					8.371187210083008	5.023122787475586	0	9.186241149902344	5.425441741943359	0	5.321782112121582	0.3505812287330627	0	5.726585388183594	0.7611286044120789	0
					6.04430103302002	0.3847732245922089	0	5.423243045806885	0.6792058944702148	0	5	0.6169083714485168	0	4.629051208496094	1.327914953231812	0
					5	1.521563768386841	0	5.370753765106201	1.071384787559509	0	4.616843223571777	0.8587044477462769	0	4.226624488830566	0.8417285680770874	0
					3.866573095321655	0.3742752969264984	0	4.644193649291992	0.3935403227806091	0	0.7952314615249634	0.7814047336578369	0	2.278784275054932	3.89442253112793	0
					3.122443914413452	3.869555234909058	0	2.612813711166382	4.627484321594238	0	3.120419979095459	4.19191837310791	0	2.248142719268799	4.262320995330811	0
					2.729817390441895	3.894880771636963	0	2.281547546386719	4.633397579193115	0	2.321760654449463	3.178498983383179	0	3.056835889816284	3.077935218811035	0
					2.213310241699219	2.768306493759155	0	2.712447166442871	3.10274863243103	0	2.33223032951355	2.405389070510864	0	4.59882926940918	2.657790660858154	0
					4.176091194152832	3.000125885009766	0	9.179586410522461	0.8149164319038391	0	8.459489822387695	1.5492103099823	0	8.810925483703613	1.604139685630798	0
					9.135931968688965	1.187838554382324	0	6.911996364593506	2.964805603027344	0	5.893465995788574	3.012348890304565	0	6.160051345825195	3.951850891113281	0
					6.125766754150391	4.257978439331055	0	6.241131782531738	3.09879994392395	0	8.720791816711426	9.379641532897949	0	8.949522972106934	9.712991714477539	0
					7.503650665283203	5.642120361328125	0	5.937487602233887	5.74721097946167	0	5.55654239654541	7.296578884124756	0	5.735656261444092	7.474520683288574	0
					6.004988670349121	7.324077606201172	0	8.8277587890625	5.563636779785156	0	9.069364547729492	5.827075958251953	0	8.690150260925293	5.750181674957275	0
					8.862199783325195	5.951964855194092	0	2.734835147857666	5.629867076873779	0	2.894118785858154	5.79473352432251	0	2.732232809066772	5.96753454208374	0
					3.484324932098389	6.983712196350098	0	4.089478492736816	6.55292272567749	0	4.265557765960693	6.648684978485107	0	4.476406574249268	6.539241313934326	0
					4.264326095581055	6.431567192077637	0	2.71030592918396	6.259131908416748	0	2.741656064987183	6.628518581390381	0	2.554177761077881	6.540075302124023	0
					2.937179803848267	6.501097679138184	0	3.509450435638428	5.886238574981689	0	3.293054580688477	5.733569145202637	0	3.736449718475342	5.714805126190186	0
					2.504653692245483	7.303468227386475	0	2.724828720092773	7.049881935119629	0	2.763959646224976	7.48405647277832	0	4.084063053131104	5.825795650482178	0
					4.245369911193848	5.910232067108154	0	0.972747266292572	6.480422973632812	0	1.182663798332214	6.734437465667725	0	1.429860353469849	6.54574728012085	0
					1.233592629432678	6.27281665802002	0	1.927348017692566	6.011724948883057	0	1.728200793266296	5.766040325164795	0	1.165555953979492	7.035094738006592	0
					1.201055407524109	8.621176719665527	0	1.408666014671326	8.821205139160156	0	0.9977346658706665	8.832060813903809	0	1.196190595626831	9.043596267700195	0
					4.424693584442139	7.367912292480469	0	4.395992279052734	8.788143157958984	0	4.188301086425781	8.631511688232422	0	4.005505084991455	8.797316551208496	0
					5.732774257659912	8.549281120300293	0	5.827176570892334	8.962367057800293	0	5.962081432342529	8.844944000244141	0	5.947484016418457	6.429145336151123	0
					5.562934398651123	6.512982368469238	0	5.722422122955322	6.312648296356201	0	1.18665599822998	9.845892906188965	0	5.766973495483398	8.219429016113281	0
					6.040648937225342	8.044677734375	0	5.724147796630859	7.879519462585449	0	4.769747734069824	7.297083377838135	0	5.206838607788086	7.297090530395508	0
					5	8.992475509643555	0	4.799250602722168	8.853155136108398	0	5.253682136535645	8.855411529541016	0	4.246128082275391	7.856142044067383	0
					4.042816162109375	8.13641357421875	0	4.162693023681641	8.260868072509766	0	1.707882523536682	8.819112777709961	0	1.169351696968079	8.32414436340332	0
					7.79050350189209	8.848430633544922	0	8.293903350830078	8.823790550231934	0	7.362156867980957	7.858975887298584	0	7.0274977684021	8.074989318847656	0
					7.241186141967773	8.230986595153809	0	9.025345802307129	8.024093627929688	0	1.996981501579285	4.022353649139404	0	5	6.056817054748535	0
					5	4.066018104553223	0	4.074082374572754	5.078776359558105	0	5.801912307739258	4.85333251953125	0	4.453446388244629	5.180942535400391	0
					4.421568870544434	4.69252872467041	0	4.805344581604004	4.652464866638184	0	4.633161544799805	4.343407154083252	0	4.621174812316895	4.779416084289551	0
					4.395053863525391	4.51997184753418	0	5.569206237792969	4.195545196533203	0	5.375094890594482	4.094283580780029	0	5.188424110412598	4.198173522949219	0
					5.381867408752441	4.312649726867676	0	5.184377193450928	3.988364219665527	0	4.800447463989258	4.428389549255371	0	5.591880321502686	4.435606956481934	0
					5.189670085906982	4.421237945556641	0	5.583308219909668	4.82013463973999	0	5.381229400634766	4.745449066162109	0	5.529882907867432	4.635127067565918	0
					5.190868377685547	4.643213272094727	0	1.771527647972107	5.588163375854492	0	1.334576725959778	5.39921760559082	0	1.818860411643982	5.401956081390381	0
					1.5784672498703	5.65921688079834	0	1.371893167495728	5.199234008789062	0	1.435724258422852	4.942045211791992	0	1.248191714286804	4.449609756469727	0
					1.901859998703003	4.492642879486084	0	1.45577597618103	4.271214008331299	0	1.231225252151489	4.736534118652344	0	1.898448467254639	4.752371311187744	0
					1.999174118041992	3.731620788574219	0	2.08842945098877	3.879387617111206	0	1.726500272750854	4.288612842559814	0	1.823895931243896	4.060626029968262	0
					7.811468601226807	7.478038311004639	0	8.242334365844727	7.602174282073975	0	8.633143424987793	7.853268623352051	0	8.832809448242188	8.362818717956543	0
					8.876302719116211	8.632839202880859	0	8.605080604553223	8.503064155578613	0	7.516265392303467	7.714913845062256	0	7.671914577484131	7.585879325866699	0
					7.55885648727417	7.907412528991699	0	7.492623805999756	8.264791488647461	0	8.652715682983398	8.771463394165039	0	8.638927459716797	8.268611907958984	0
					8.438783645629883	8.690824508666992	0	8.232215881347656	8.638622283935547	0	7.8728346824646	8.681504249572754	0	7.685941219329834	8.667834281921387	0
					7.359763145446777	8.459314346313477	0	1.681380152702332	6.805275917053223	0	2.015676498413086	6.984981060028076	0	3.076102018356323	8.273199081420898	0
					2.912939071655273	7.919141292572021	0	3.367671489715576	7.997660636901855	0	3.058111667633057	7.822593688964844	0	2.554390907287598	7.86444091796875	0
					2.210834503173828	7.545072555541992	0	1.76317310333252	7.444270610809326	0	0.6376543045043945	7.943051815032959	0	1.341387510299683	7.868000984191895	0
					1.848423004150391	7.662259101867676	0	1.548097610473633	7.370780467987061	0	1.547711372375488	7.952692031860352	0	1.298949360847473	7.664083957672119	0
					1.344603061676025	8.259565353393555	0	2.541918277740479	8.313468933105469	0	1.746473670005798	9.205191612243652	0	2.104131460189819	9.309516906738281	0
					2.107226610183716	8.630132675170898	0	1.746745347976685	8.632326126098633	0	1.288478374481201	8.465206146240234	0	1.781768202781677	8.442584991455078	0
					1.555075526237488	8.714759826660156	0	2.337423086166382	8.318728446960449	0	2.493281126022339	8.491339683532715	0	2.123129844665527	8.432662963867188	0
					2.291735172271729	8.561479568481445	0	3.752059459686279	8.097263336181641	0	4.056098461151123	7.946318626403809	0	4.228403091430664	7.472614288330078	0
					4.429349422454834	7.560508728027344	0	4.436285972595215	7.76649808883667	0	4.378824234008789	8.233670234680176	0	4.593513488769531	7.442708492279053	0
					5.198831558227539	8.597506523132324	0	4.784504890441895	9.136411666870117	0	4.813333511352539	8.606015205383301	0	5.201123237609863	7.069103240966797	0
					4.756289005279541	7.51509952545166	0	4.837471485137939	7.078306674957275	0	5.573697566986084	8.257326126098633	0	5.480827331542969	7.495973110198975	0
					5.539938449859619	7.920658111572266	0	5.188852310180664	7.686638832092285	0	5.271342277526855	7.495443344116211	0	5.345852851867676	7.851423740386963	0
					5.569874286651611	7.709814071655273	0	1.99334990978241	9.841886520385742	0	0.1490711569786072	7.991415977478027	0	0.1680155396461487	8.779731750488281	0
					0.2675668001174927	8.993320465087891	0	0.272615522146225	8.560262680053711	0	0.1461736857891083	8.37375545501709	0	0.5092388987541199	8.48829174041748	0
					0.2589935958385468	8.184764862060547	0	0.6449424028396606	8.98589038848877	0	1.006536602973938	9.769632339477539	0	0.9965842962265015	9.39323616027832	0
					1.388522028923035	9.718319892883301	0	1.785508751869202	9.528925895690918	0	1.794880747795105	9.732114791870117	0	1.593509435653687	9.842472076416016	0
					4.4337477684021	7.18101692199707	0	4.808345317840576	6.692055225372314	0	4.845518112182617	6.350348949432373	0	4.845851421356201	5.953235149383545	0
					4.647946357727051	6.686913967132568	0	4.787204265594482	6.863744258880615	0	4.630403995513916	7.078447341918945	0	4.427765369415283	6.981053829193115	0
					5.582871913909912	7.077725887298584	0	5.427265644073486	6.712401866912842	0	5.210225582122803	6.83576488494873	0	5.388249397277832	7.174615383148193	0
					5.600458145141602	6.860831260681152	0	5.231291770935059	6.642436504364014	0	5.156406402587891	6.170383453369141	0	5.27318286895752	6.317381858825684	0
					5.574592113494873	6.149018287658691	0	5.118568897247314	6.332485675811768	0	5.97982120513916	6.164303302764893	0	5.476341247558594	6.315497875213623	0
					5.163149833679199	6.485076904296875	0	5.967866897583008	6.859391689300537	0	5.779053688049316	6.974212169647217	0	5.628264904022217	6.681540966033936	0
					5.956616878509521	6.646149635314941	0	6.155019760131836	6.356174468994141	0	6.279314994812012	6.525437355041504	0	6.170703411102295	6.729300498962402	0
					5.981986045837402	9.057716369628906	0	5.604580879211426	9.194526672363281	0	5.742988109588623	9.311360359191895	0	5.654236793518066	8.9920654296875	0
					5.442171096801758	9.049018859863281	0	5.404214859008789	8.648100852966309	0	5.585299015045166	8.655213356018066	0	5.531630992889404	8.469199180603027	0
					6.362163543701172	9.359132766723633	0	5.951187610626221	9.305692672729492	0	6.160515785217285	9.420443534851074	0	6.740091323852539	9.726638793945312	0
					2.740211009979248	9.848543167114258	0	2.930926084518433	9.749817848205566	0	3.112051486968994	9.85484504699707	0	3.294703006744385	9.734359741210938	0
					2.197199821472168	9.744943618774414	0	2.546529531478882	9.750028610229492	0	2.370519161224365	9.862154006958008	0	3.85181999206543	8.944058418273926	0
					3.799428701400757	8.564227104187012	0	4.021424770355225	8.988208770751953	0	3.962175369262695	8.592601776123047	0	4.075965881347656	8.43004035949707	0
					4.441357135772705	8.508833885192871	0	4.148648262023926	9.125178337097168	0	1.98114013671875	7.842554092407227	0	2.123035907745361	8.210748672485352	0
					1.700216889381409	8.068417549133301	0	1.936542510986328	8.328472137451172	0	0.1719325929880142	9.641017913818359	0	0.4539880752563477	9.341425895690918	0
					0.3498555421829224	9.83151912689209	0	0.6940774917602539	9.59172248840332	0	4.840599060058594	5.060071468353271	0	5	4.758564949035645	0
					5	5.220204830169678	0	8.228785514831543	4.923442840576172	0	8.092379570007324	7.887261390686035	0	8.221826553344727	7.992373466491699	0
					7.830968379974365	8.089685440063477	0	7.97622013092041	8.296050071716309	0	8.793844223022461	4.784267425537109	0	9.85142707824707	5.766858100891113	0
					5.469542980194092	0.4134912490844727	0	5.695402145385742	0.5940482616424561	0	5.851971626281738	0.4845859706401825	0	5.668456077575684	0.1475113034248352	0
					5	0.8479784727096558	0	4.811881542205811	1.201794385910034	0	5	1.305217504501343	0	5.203524112701416	1.187994241714478	0
					4.241973876953125	0.6121114492416382	0	4.261207103729248	0.1502949595451355	0	4.055478572845459	0.4911426305770874	0	2.653911828994751	4.468377113342285	0
					2.920742988586426	4.238879203796387	0	2.484299421310425	4.308244228363037	0	2.78633189201355	4.104328155517578	0	2.427868843078613	2.772395133972168	0
					2.731728553771973	2.563421249389648	0	2.880815267562866	2.756083965301514	0	2.737342596054077	2.907456874847412	0	4.16842794418335	2.587969779968262	0
					4.366893768310547	2.666396856307983	0	4.326081275939941	2.868322134017944	0	4.162324905395508	2.778389692306519	0	8.813755989074707	1.403419137001038	0
					8.814717292785645	1.030303716659546	0	5.857642650604248	3.555974006652832	0	6.528947830200195	4.104507446289062	0	6.650899887084961	4.453774452209473	0
					6.336323738098145	4.242358684539795	0	7.560137271881104	2.740831136703491	0	7.280801773071289	2.565239191055298	0	7.172788143157959	2.740134000778198	0
					2.716156959533691	0.6249309182167053	0	2.514553070068359	0.5093433856964111	0	2.744975805282593	1.366918087005615	0	2.894800901412964	1.197336673736572	0
					2.513238430023193	1.226940631866455	0	8.266257286071777	1.182131290435791	0	8.117369651794434	1.065061688423157	0	8.826963424682617	0.1500830352306366	0
					8.823514938354492	0.610407292842865	0	8.63223934173584	0.4964302480220795	0	7.255098342895508	0.1586043685674667	0	3.71925687789917	2.749942302703857	0
					3.487170696258545	2.959681034088135	0	2.619290113449097	1.9230877161026	0	4.269256114959717	2.24554443359375	0	4.453085422515869	1.884895086288452	0
					5.814545631408691	1.287034749984741	0	5.951773643493652	1.15750789642334	0	6.560297012329102	2.982500553131104	0	5.841248035430908	1.640088558197021	0
					6.271015167236328	1.252212405204773	0	8.868372917175293	2.154516696929932	0	9.387831687927246	2.627353191375732	0	9.851262092590332	2.742596387863159	0
					9.553309440612793	2.532344102859497	0	9.55832576751709	2.956205129623413	0	9.512288093566895	4.434220790863037	0	9.508173942565918	4.032212734222412	0
					8.812248229980469	2.537594556808472	0	8.635146141052246	2.67652416229248	0	8.825128555297852	2.946821928024292	0	9.025067329406738	2.676153421401978	0
					8.543525695800781	4.274633884429932	0	8.825342178344727	4.328616619110107	0	8.697301864624023	4.074302673339844	0	7.297086238861084	4.425687789916992	0
					6.964940071105957	4.216163158416748	0	7.435703754425049	4.1873779296875	0	7.27216911315918	4.012577056884766	0	7.237492561340332	3.705434799194336	0
					8.269396781921387	4.255473613739014	0	7.845111846923828	4.206191539764404	0	8.788204193115234	3.692089796066284	0	8.805303573608398	3.149132251739502	0
					9.039999008178711	3.425580024719238	0	7.907642364501953	2.788224220275879	0	8.114234924316406	2.502898931503296	0	8.293570518493652	2.618179321289062	0
					1.189218044281006	2.239281177520752	0	1.19536828994751	1.641013622283936	0	0.1685616821050644	2.745933294296265	0	0.4628179967403412	2.982970952987671	0
					0.1740961074829102	1.113334178924561	0	0.7368979454040527	1.134355425834656	0	0.484263151884079	0.8647555708885193	0	1.951472163200378	3.025189876556396	0
					1.961349129676819	2.510021686553955	0	1.658978819847107	2.734697818756104	0	2.775580883026123	3.307465553283691	0	2.773217916488647	3.657121181488037	0
					2.623407363891602	3.467735528945923	0	3.029371023178101	3.480803966522217	0	9.035415649414062	6.454254150390625	0	8.690607070922852	6.831135749816895	0
					8.761959075927734	6.398933410644531	0	8.60124397277832	6.596589088439941	0	7.926703929901123	5.761147975921631	0	8.123584747314453	6.042980194091797	0
					8.109289169311523	5.601551532745361	0	8.302099227905273	5.737673759460449	0	8.76828670501709	7.052249908447266	0	8.798375129699707	7.447707176208496	0
					8.995479583740234	7.311398983001709	0	9.841804504394531	7.227967739105225	0	9.349924087524414	7.312772274017334	0	9.503602027893066	7.45939826965332	0
					9.529980659484863	7.011951446533203	0	7.286489009857178	7.446071147918701	0	7.447890281677246	7.281206607818604	0	7.025247573852539	7.262008190155029	0
					6.473093509674072	7.006508827209473	0	6.774750709533691	7.287728786468506	0	6.252978324890137	7.280099391937256	0	6.566821575164795	7.454137325286865	0
					6.542701721191406	8.999608039855957	0	6.299241542816162	8.794695854187012	0	6.797957420349121	8.705122947692871	0	7.582974433898926	8.8536376953125	0
					7.239381313323975	8.665014266967773	0	7.115530014038086	8.852720260620117	0	7.347916603088379	9.092159271240234	0	7.34257984161377	9.387722015380859	0
					7.336495399475098	9.84654426574707	0	7.142563819885254	9.724459648132324	0	3.298514842987061	1.951273322105408	0	3.436619281768799	2.156119346618652	0
					6.229815483093262	0.5141425728797913	0	6.417879104614258	0.680187463760376	0	6.449923515319824	0.158536970615387	0	8.248897552490234	0.505537211894989	0
					7.858045101165771	0.5210354328155518	0	8.047142028808594	0.1546345055103302	0	2.108478784561157	0.5234056115150452	0	6.483304023742676	3.778868675231934	0
					6.287017822265625	3.505562782287598	0	6.466128826141357	3.360956192016602	0	9.672070503234863	0.1623572707176208	0	9.60749626159668	0.6347142457962036	0
					9.415031433105469	0.5149130821228027	0	0.1412650644779205	0.2886782884597778	0	0.2924567759037018	0.1387287229299545	0	4.836029052734375	0.2993877530097961	0
					5	0.2006506770849228	0	5.151442050933838	0.285046249628067	0	9.385634422302246	4.989728927612305	0	9.851442337036133	5.001953125	0
					9.516022682189941	4.805950164794922	0	0.6163410544395447	4.999792575836182	0	0.4101560711860657	5.205605506896973	0	0.1464961618185043	4.995067119598389	0
					0.4134115278720856	4.785843849182129	0	5	9.420401573181152	0	4.824548721313477	3.516384840011597	0	5	3.40763258934021	0
					5	3.759867191314697	0	5.160784721374512	3.517370700836182	0	3.481225967407227	5.185195446014404	0	3.715583324432373	4.990351676940918	0
					3.605901718139648	4.819764137268066	0	6.451912879943848	5.207405090332031	0	6.723023414611816	4.997389316558838	0	6.347773551940918	4.986898899078369	0
					6.554245948791504	4.868730545043945	0	7.10476016998291	5.044171333312988	0	7.539773464202881	4.936532020568848	0	7.377386093139648	4.784025192260742	0
					6.597673416137695	5.973995208740234	0	6.454067230224609	5.581710815429688	0	6.314490795135498	5.739089965820312	0	3.507973194122314	4.026796340942383	0
					3.305615425109863	4.126659393310547	0	3.511066913604736	4.451198577880859	0	3.673884391784668	4.245392322540283	0	2.671382665634155	4.785833358764648	0
					5	2.937250852584839	0	4.804855346679688	2.66874361038208	0	4.216594696044922	3.26571798324585	0	4.376546859741211	3.466978788375854	0
					5.829785346984863	4.453625679016113	0	5.92486572265625	4.260666847229004	0	5.996863842010498	9.519782066345215	0	4.270547389984131	9.835790634155273	0
					0.668485701084137	4.294608116149902	0	0.4451295435428619	4.03957462310791	0	0.1554316133260727	4.266212463378906	0	1.158992528915405	5.295463562011719	0
					8.764284133911133	5.181757926940918	0	8.569581985473633	5.04482889175415	0	4.79823112487793	6.536478996276855	0	5	6.681083202362061	0
					5	6.250450134277344	0	6.306275367736816	9.537862777709961	0	6.533317089080811	9.316248893737793	0	6.534364700317383	9.834512710571289	0
					6.762675762176514	9.525238037109375	0	3.735560655593872	9.534626960754395	0	3.498582601547241	9.240474700927734	0	3.256994962692261	9.537335395812988	0
					3.422444343566895	6.348410129547119	0	3.33830451965332	6.60299825668335	0	3.680243015289307	6.410152435302734	0	3.506572723388672	6.756219863891602	0
					6.685458660125732	7.949264049530029	0	6.492825984954834	8.271392822265625	0	6.533715724945068	7.809657096862793	0	9.573925971984863	7.795941352844238	0
					8.153048515319824	6.261634349822998	0	8.199926376342773	6.499549865722656	0	8.015697479248047	6.667006969451904	0	9.867867469787598	6.486962795257568	0
					9.566913604736328	6.332363128662109	0	9.486910820007324	6.493562698364258	0	9.589242935180664	6.624389171600342	0	6.369918823242188	6.336581230163574	0
					6.590495586395264	6.648096084594727	0	9.644683837890625	9.825485229492188	0	3.398801803588867	3.204933166503906	0	3.359930753707886	3.427472591400146	0
					0.5000556707382202	1.758086562156677	0	0.1527506858110428	1.943453550338745	0	0.6145081520080566	1.941831111907959	0	8.305563926696777	3.486718654632568	0
					8.054750442504883	3.700644254684448	0	7.809157371520996	3.509361743927002	0	9.558699607849121	3.68471884727478	0	9.394624710083008	3.35985803604126	0
					9.852692604064941	3.484073162078857	0	9.565863609313965	3.274751663208008	0	9.54023551940918	1.78298556804657	0	9.551066398620605	2.205518007278442	0
					9.848315238952637	1.987238168716431	0	6.747101306915283	2.068572759628296	0	6.60011625289917	1.857883810997009	0	6.407449722290039	1.981265902519226	0
					6.595511436462402	2.214300632476807	0	3.421674251556396	1.732763648033142	0	5.42938756942749	3.080151557922363	0	7.184712886810303	2.39188551902771	0
					6.945336818695068	2.730405330657959	0	7.604450225830078	2.369852542877197	0	1.541738867759705	0.8646626472473145	0	1.601414561271667	1.219384551048279	0
					2.037499904632568	1.651086091995239	0	1.162179470062256	0.8113376498222351	0	2.722612380981445	0.8654503226280212	0	2.311973571777344	0.3938358724117279	0
					3.101687431335449	0.3784527480602264	0	3.115862846374512	0.8324178457260132	0	3.860758304595947	0.8234566450119019	0	2.319886922836304	0.8674783706665039	0
					3.072739124298096	1.168278455734253	0	8.45167064666748	0.8489744067192078	0	8.460224151611328	1.085407257080078	0	8.079512596130371	0.8730573058128357	0
					8.077771186828613	1.711125731468201	0	7.663407802581787	0.9121233820915222	0	8.824331283569336	0.836147665977478	0	9.22081470489502	0.3858883082866669	0
					5.403039455413818	1.554022669792175	0	7.251641750335693	0.6517955660820007	0	6.842637062072754	0.8985947966575623	0	6.068351745605469	0.8452956676483154	0
					7.566636085510254	1.698741912841797	0	7.168234825134277	1.593353271484375	0	6.833169460296631	1.14609956741333	0	3.79018497467041	1.153283596038818	0
					3.066616058349609	2.388482093811035	0	3.114918947219849	1.49678361415863	0	3.797568798065186	1.532670497894287	0	4.633432865142822	1.974319815635681	0
					5.860355377197266	1.440709352493286	0	6.11316967010498	1.208356261253357	0	5.77903413772583	2.377347230911255	0	6.236418724060059	2.301074266433716	0
					5.356210231781006	2.062674760818481	0	6.169025421142578	1.544214606285095	0	9.18974494934082	1.599708557128906	0	8.415675163269043	1.924443244934082	0
					8.481956481933594	4.618138313293457	0	9.228549003601074	4.630249977111816	0	9.222147941589355	2.714475393295288	0	9.222662925720215	3.028936862945557	0
					9.236102104187012	3.764131307601929	0	9.118955612182617	4.26948356628418	0	9.167137145996094	2.371459722518921	0	8.877657890319824	2.351342916488647	0
					8.450983047485352	2.703871250152588	0	8.43979549407959	2.322142601013184	0	8.808254241943359	4.590654373168945	0	8.812112808227539	3.895501852035522	0
					6.792640686035156	3.829213857650757	0	7.274631023406982	4.635005950927734	0	7.648862361907959	4.25131368637085	0	7.158677577972412	3.848742246627808	0
					7.648789882659912	4.605369091033936	0	7.253154754638672	3.152199268341064	0	6.98216724395752	3.467578887939453	0	7.653953552246094	3.085166692733765	0
					7.528988838195801	3.809283971786499	0	8.128210067749023	4.618120670318604	0	8.359644889831543	3.776824951171875	0	8.454758644104004	3.045984268188477	0
					7.703576564788818	2.859488248825073	0	8.138299942016602	2.329161882400513	0	0.7890545129776001	2.33354377746582	0	0.7984309196472168	1.543717741966248	0
					1.19135320186615	2.430473804473877	0	1.206682324409485	1.450658202171326	0	1.492647886276245	1.937346458435059	0	0.7187387347221375	2.729452848434448	0
					0.3688243627548218	3.13982367515564	0	0.961901843547821	1.127288699150085	0	0.403576523065567	0.6711050868034363	0	1.623830437660217	2.309162855148315	0
					1.501786470413208	3.869282484054565	0	1.545132875442505	3.095227956771851	0	1.433226943016052	2.748096466064453	0	1.612121343612671	1.564183473587036	0
					1.143503904342651	3.852702856063843	0	0.8243194222450256	3.090428352355957	0	1.191908121109009	3.228827476501465	0	0.7561558485031128	3.867234706878662	0
					4.624932289123535	2.313074111938477	0	2.366662740707397	3.542437076568604	0	3.191650629043579	3.497008562088013	0	3.86218786239624	3.820193767547607	0
					3.7498939037323	3.025967359542847	0	6.148543357849121	6.963724136352539	0	8.48081111907959	5.421470165252686	0	9.300951957702637	6.070741653442383	0
					7.152596473693848	6.151815414428711	0	7.239466190338135	6.959786891937256	0	7.576900005340576	6.558365821838379	0	6.763350486755371	6.591750144958496	0
					7.659934520721436	6.094900131225586	0	7.646839141845703	6.969809532165527	0	8.389999389648438	6.587581157684326	0	9.282549858093262	6.491962432861328	0
					8.519713401794434	7.019443511962891	0	8.474267959594727	6.059140682220459	0	7.710394859313965	5.711156368255615	0	8.00640869140625	5.409403800964355	0
					8.48093318939209	5.847444534301758	0	9.159584045410156	6.986466884613037	0	8.778502464294434	7.68134069442749	0	9.171173095703125	7.396047115325928	0
					9.268936157226562	8.500696182250977	0	9.173879623413086	7.584612846374512	0	9.192773818969727	8.872823715209961	0	9.621823310852051	8.341148376464844	0
					9.612571716308594	9.190380096435547	0	9.638544082641602	7.628439903259277	0	9.607658386230469	6.816269874572754	0	6.888442993164062	6.868283748626709	0
					7.316240310668945	7.652717113494873	0	7.652697563171387	7.388410568237305	0	6.597751140594482	7.635921478271484	0	6.536118984222412	6.835456371307373	0
					6.931394577026367	7.669872283935547	0	6.164732933044434	7.718154907226562	0	6.131062984466553	8.715803146362305	0	6.930927276611328	8.836723327636719	0
					6.502007961273193	8.489645957946777	0	6.438947677612305	9.162187576293945	0	6.834823608398438	9.180940628051758	0	6.882234573364258	8.467807769775391	0
					7.127401351928711	8.462741851806641	0	7.250324249267578	9.239136695861816	0	7.685741901397705	9.232527732849121	0	8.389368057250977	9.278426170349121	0
					6.937678337097168	9.609990119934082	0	8.800620079040527	9.217350006103516	0	9.167274475097656	9.580946922302246	0	7.189367294311523	5.359536170959473	0
					6.87948751449585	5.774531364440918	0	7.571757793426514	5.315823554992676	0	5.36385440826416	5.853104591369629	0	5.332330703735352	5.447608470916748	0
					8.709690093994141	5.386345863342285	0	9.217639923095703	5.733142852783203	0	2.285571098327637	6.114514827728271	0	2.430860757827759	5.780318260192871	0
					2.707968473434448	5.454322814941406	0	3.11833930015564	5.818351268768311	0	2.627315044403076	6.125735282897949	0	3.057787656784058	5.370471477508545	0
					2.378318548202515	5.407328605651855	0	3.870554208755493	7.233887672424316	0	3.053809881210327	7.253618717193604	0	3.408452749252319	7.626751899719238	0
					3.840808153152466	6.813768863677979	0	3.065823078155518	6.853833675384521	0	4.221208572387695	6.877185821533203	0	4.641672611236572	6.533633708953857	0
					4.255617618560791	6.16834831237793	0	3.873412132263184	6.06574535369873	0	2.732743740081787	6.838434219360352	0	2.367907524108887	6.451102256774902	0
					2.969403982162476	6.154582023620605	0	3.478235006332397	5.389781475067139	0	3.085693836212158	7.654651641845703	0	2.306468486785889	7.333341121673584	0
					2.798617124557495	7.640441417694092	0	2.391854047775269	7.707198619842529	0	2.261912107467651	6.944826126098633	0	4.528234004974365	6.158960342407227	0
					4.598095893859863	5.449466228485107	0	4.32471752166748	5.430397987365723	0	3.830321311950684	5.354619979858398	0	0.8348015546798706	6.149280071258545	0
					0.6837875247001648	6.872535705566406	0	1.084005117416382	6.880291938781738	0	1.155278921127319	6.118526458740234	0	1.598919749259949	6.495102882385254	0
					0.8100611567497253	6.565605163574219	0	1.497220873832703	6.905653953552246	0	1.568792104721069	6.092193126678467	0	1.994951963424683	6.179908275604248	0
					1.971896648406982	5.52475118637085	0	1.576915264129639	5.85875415802002	0	3.858745574951172	7.635293483734131	0	1.536172747612	7.147851467132568	0
					1.125124216079712	7.783865928649902	0	0.7082259058952332	7.257413387298584	0	0.7148743867874146	7.676966190338135	0	0.3433352410793304	7.61190128326416	0
					0.3233370780944824	6.934295654296875	0	0.7411364316940308	8.387611389160156	0	1.098915815353394	8.4910888671875	0	1.552256107330322	8.91951847076416	0
					0.867160975933075	8.733299255371094	0	1.29683518409729	9.197603225708008	0	2.678299427032471	8.423065185546875	0	3.054542064666748	8.829845428466797	0
					2.455426931381226	8.7099609375	0	2.820849180221558	9.184208869934082	0	1.537321209907532	9.161800384521484	0	2.392286062240601	9.252001762390137	0
					3.075539588928223	9.14881706237793	0	3.914301872253418	9.181951522827148	0	3.880947351455688	8.399533271789551	0	4.582685470581055	8.954230308532715	0
					4.31461238861084	9.291195869445801	0	4.249537467956543	8.412504196166992	0	3.822101593017578	8.735982894897461	0	6.20171594619751	9.171142578125	0
					5.70144510269165	8.376260757446289	0	5.513922691345215	8.829817771911621	0	5.793664455413818	9.137189865112305	0	6.102170467376709	6.537342071533203	0
					5.783298492431641	6.763379573822021	0	5.355740547180176	6.497673034667969	0	5.747467041015625	6.059619903564453	0	5.368616580963135	6.103137493133545	0
					5.401694297790527	6.955137252807617	0	4.58620023727417	6.875534057617188	0	1.60394275188446	9.605130195617676	0	0.8265954256057739	9.187283515930176	0
					0.3435019254684448	8.363883018493652	0	5.371288299560547	7.647777080535889	0	6.238274574279785	8.049039840698242	0	5.791812419891357	7.698929786682129	0
					5.341973304748535	8.483038902282715	0	4.570505142211914	7.273193359375	0	5	6.954211711883545	0	5.380680084228516	7.351892948150635	0
					5	9.24275016784668	0	4.610037326812744	7.644186019897461	0	4.656726360321045	8.497057914733887	0	4.282395839691162	7.671123504638672	0
					3.917025089263916	8.050509452819824	0	1.546088218688965	8.448958396911621	0	1.929411172866821	9.123257637023926	0	1.556430697441101	7.662497520446777	0
					0.8202935457229614	8.138270378112793	0	3.119205713272095	8.01732349395752	0	1.872294783592224	6.790067672729492	0	8.379753112792969	8.506829261779785	0
					7.589834213256836	8.471237182617188	0	8.470205307006836	8.907066345214844	0	7.706110954284668	7.778808116912842	0	8.421821594238281	7.721687316894531	0
					1.907484531402588	3.87799596786499	0	2.071090936660767	4.627427577972412	0	1.576176166534424	4.609300136566162	0	1.577065587043762	5.395976066589355	0
					5.37740421295166	4.53196907043457	0	4.590796947479248	4.540607452392578	0	5.900613784790039	5.041831016540527	0	4.242746353149414	5.018167495727539	0
					5	4.306758403778076	0	5	5.851012706756592	0	2.000085830688477	4.233466148376465	0	8.065710067749023	7.207042694091797	0
					8.798444747924805	8.096658706665039	0	7.235414981842041	8.007373809814453	0	8.051373481750488	8.843944549560547	0	1.930843949317932	7.242165565490723	0
					2.720438480377197	8.008596420288086	0	1.133235096931458	8.080567359924316	0	1.946669101715088	8.823424339294434	0	4.216774940490723	8.069240570068359	0
					5	8.730552673339844	0	5	7.198044776916504	0	5.844455242156982	8.039932250976562	0	0.4664461612701416	8.783218383789062	0
					1.154201745986938	9.587736129760742	0	5.766985893249512	6.557733535766602	0	5.743944644927979	8.780258178710938	0	4.186933994293213	8.894909858703613	0
					3.470069646835327	8.774989128112793	0	2.746198415756226	9.591291427612305	0	4.291738033294678	7.279206275939941	0	1.215060234069824	5.776407718658447	0
					2.640325784683228	8.844980239868164	0	1.201432347297668	8.829380989074707	0	0.349876880645752	7.27369213104248	0	1.141871452331543	7.26283597946167	0
					1.953253984451294	5.783156871795654	0	1.205092191696167	6.505719661712646	0	2.712972402572632	7.276910305023193	0	3.495811223983765	5.617915630340576	0
					2.724103927612305	6.423367977142334	0	3.46198582649231	7.227587699890137	0	2.644729852676392	5.784439086914062	0	8.902533531188965	5.739194869995117	0
					5.771230697631836	7.204440116882324	0	5.74236011505127	5.835221767425537	0	7.344086647033691	5.745261669158936	0	8.711675643920898	9.591400146484375	0
					7.36588716506958	9.596054077148438	0	7.350098133087158	8.889406204223633	0	6.530953884124756	8.758464813232422	0	6.492214679718018	7.219391822814941	0
					7.225208282470703	7.263092994689941	0	9.579336166381836	7.225093841552734	0	9.597579956054688	8.750642776489258	0	8.838029861450195	7.230510711669922	0
					8.121451377868652	5.837882041931152	0	8.861874580383301	6.648591041564941	0	7.189837455749512	6.550669193267822	0	8.851408004760742	8.877389907836914	0
					2.847241878509521	3.478864192962646	0	1.189932584762573	2.794664621353149	0	1.215950131416321	3.496758937835693	0	1.199995636940002	4.177162170410156	0
					1.943205118179321	2.750348806381226	0	0.4623590707778931	1.092442750930786	0	0.4492585957050323	2.767720222473145	0	1.186065673828125	1.939699530601501	0
					8.109275817871094	2.715610504150391	0	8.779380798339844	3.415716171264648	0	8.049567222595215	4.164411544799805	0	7.225726127624512	3.5135657787323	0
					7.187345027923584	4.206306934356689	0	8.825557708740234	2.75811243057251	0	9.624235153198242	4.236456871032715	0	9.602659225463867	2.744210004806519	0
					9.611639022827148	1.198804497718811	0	8.788031578063965	1.94279420375824	0	7.244821548461914	2.028775930404663	0	6.414276123046875	1.300338864326477	0
					5.750222682952881	1.860005736351013	0	6.495441913604736	2.734011650085449	0	5.776609420776367	2.675655364990234	0	5.779277801513672	1.107084989547729	0
					4.257345199584961	2.022642612457275	0	3.462980270385742	1.051141381263733	0	7.234456062316895	1.145127534866333	0	7.254169464111328	0.4022172093391418	0
					8.825222015380859	0.379246711730957	0	8.070318222045898	1.247853398323059	0	2.722624540328979	1.105805158615112	0	2.711604595184326	0.3861665725708008	0
					1.096011400222778	0.3782750964164734	0	7.378813743591309	2.7473464012146	0	6.531432628631592	4.302573680877686	0	5.630167007446289	3.479003667831421	0
					8.91307544708252	1.190694451332092	0	2.640198707580566	2.753063201904297	0	2.716405630111694	4.27579927444458	0	1.274881839752197	1.147184252738953	0
					4.253379821777344	0.3798595070838928	0	5	1.079975485801697	0	5.651564121246338	0.3852461874485016	0	9.622180938720703	5.767673492431641	0
					8.783709526062012	4.973085880279541	0	0.4285219609737396	5.692894458770752	0	1.148563265800476	5.028585433959961	0	0.4314925968647003	4.27289342880249	0
					4.250628471374512	9.562055587768555	0	5.781216144561768	9.522882461547852	0	5.7393798828125	4.278077125549316	0	5	2.700577259063721	0
					4.331052780151367	4.205304622650146	0	2.739680290222168	5.003665447235107	0	3.457469701766968	4.237371444702148	0	6.523835182189941	5.780555725097656	0
					7.312347412109375	4.982738494873047	0	6.548243999481201	5.052185535430908	0	3.523883581161499	4.9994215965271	0	5	3.596297979354858	0
					5	9.590998649597168	0	0.4020665884017944	4.996503829956055	0	9.622533798217773	4.9994215965271	0	5	0.4001733958721161	0
					0.3269345462322235	0.3214293420314789	0	9.626302719116211	0.4070138335227966	0	6.49164342880249	3.581302642822266	0	1.900019526481628	0.4030954241752625	0
					3.484341144561768	0.3741600513458252	0	8.051408767700195	0.3920087814331055	0	6.440639495849609	0.4053262174129486	0	3.547663450241089	1.945128798484802	0
					6.554144382476807	2.057057619094849	0	9.597904205322266	1.992841720581055	0	9.607065200805664	3.480970859527588	0	8.042424201965332	3.39867377281189	0
					0.3830342888832092	1.94271981716156	0	1.991669058799744	3.513213157653809	0	0.4020055532455444	3.533357858657837	0	9.58698558807373	9.56868839263916	0
					6.476749420166016	6.5047926902771	0	9.67388916015625	6.48513126373291	0	9.646806716918945	7.963008403778076	0	6.467018604278564	8.041130065917969	0
					8.043222427368164	9.585638046264648	0	3.534675359725952	6.55462646484375	0	0.4127044081687927	6.568423748016357	0	1.94311261177063	6.552066326141357	0
					0.3838362097740173	7.982719421386719	0	2.000809669494629	9.574743270874023	0	3.496628284454346	9.535688400268555	0	6.533353328704834	9.547950744628906	0
					5	6.439321041107178	0	0.4484321475028992	9.562446594238281	0	5	7.980699062347412	0	1.911228537559509	8.082087516784668	0
					8.037586212158203	8.05372428894043	0	2.013680458068848	1.938942074775696	0	8.091518402099609	1.932603716850281	0	1.995350480079651	5.029629707336426	0
					8.046666145324707	5.007790565490723	0	5	1.893823027610779	0	5	4.980450630187988	0	4.361459732055664	9.042963027954102	0
					4.539919853210449	9.208266258239746	0	4.61492395401001	8.700564384460449	0	3.651656627655029	8.652304649353027	0	3.745159149169922	8.27623462677002	0
					3.891783237457275	8.207427978515625	0	3.679203987121582	8.44270133972168	0	4.011116027832031	8.286365509033203	0	3.661496162414551	8.867895126342773	0
					3.894990921020508	9.431571006774902	0	3.686146259307861	9.095797538757324	0	3.70417594909668	9.336362838745117	0	3.279525756835938	8.92658519744873	0
					3.096181392669678	9.433965682983398	0	3.326404333114624	9.131909370422363	0	2.892556667327881	9.375561714172363	0	0.6310542821884155	6.461780071258545	0
					1.085887551307678	5.958574295043945	0	1.394819974899292	5.931900978088379	0	1.874197721481323	6.336017608642578	0	1.778650760650635	5.201206207275391	0
					1.385777831077576	5.585493087768555	0	0.2692508399486542	6.359916687011719	0	2.663020372390747	9.33561897277832	0	2.260787487030029	9.513163566589355	0
					2.170960426330566	9.041362762451172	0	1.403866052627563	9.429971694946289	0	1.870688319206238	9.353432655334473	0	1.736826777458191	9.008335113525391	0
					2.630045652389526	9.090289115905762	0	1.657953023910522	9.380428314208984	0	3.263453483581543	8.668078422546387	0	2.899534702301025	8.133064270019531	0
					3.271441698074341	8.185989379882812	0	2.843333959579468	8.970340728759766	0	2.420347452163696	8.954192161560059	0	2.232271671295166	8.786633491516113	0
					3.026482820510864	8.54129695892334	0	2.838586568832397	8.723529815673828	0	2.812775850296021	8.532926559448242	0	2.701032638549805	8.223976135253906	0
					2.865943908691406	8.354776382446289	0	2.653332710266113	8.621077537536621	0	0.6998898983001709	8.62311840057373	0	0.5284171104431152	8.212550163269043	0
					0.9788602590560913	8.326342582702637	0	1.088661193847656	9.196991920471191	0	1.188130021095276	9.360809326171875	0	1.365756988525391	8.995004653930664	0
					1.026292204856873	9.001874923706055	0	0.8450838923454285	8.924633979797363	0	0.7050654292106628	8.80976390838623	0	1.04593563079834	8.673819541931152	0
					1.367274522781372	8.649555206298828	0	0.9059534072875977	8.538810729980469	0	0.1367208957672119	6.926480293273926	0	0.2440974563360214	7.097466945648193	0
					0.470495194196701	6.813213348388672	0	0.1383864134550095	7.622670650482178	0	0.5213041305541992	7.590945720672607	0	0.2350256145000458	7.446285247802734	0
					0.1386590003967285	7.273466110229492	0	0.2490179389715195	7.797078609466553	0	0.4360131621360779	7.446193695068359	0	0.4758103489875793	7.767184257507324	0
					0.8977111577987671	7.881127834320068	0	0.949876606464386	7.665326595306396	0	0.6329652070999146	7.452098369598389	0	1.748846530914307	7.017104148864746	0
					1.735618352890015	6.631600856781006	0	0.7833770513534546	7.059804916381836	0	0.5285987257957458	7.301263332366943	0	0.903228759765625	7.215062141418457	0
					0.8833067417144775	7.439352989196777	0	1.124748587608337	7.545987129211426	0	1.342517256736755	7.461743354797363	0	1.332679867744446	7.084717750549316	0
					1.705998659133911	7.244251251220703	0	1.380792737007141	7.265470027923584	0	0.5123233795166016	7.076359748840332	0	0.6360759735107422	6.669457912445068	0
					0.9957804083824158	7.055741786956787	0	3.247077465057373	7.788380146026611	0	2.924127340316772	7.731839656829834	0	3.983940124511719	7.461955547332764	0
					3.841337203979492	7.866292953491211	0	4.071175098419189	7.701165676116943	0	3.595205307006836	7.948701858520508	0	1.430400848388672	5.762143611907959	0
					1.759370803833008	5.942660808563232	0	1.994235038757324	5.301254272460938	0	2.065460443496704	6.362818717956543	0	1.800101757049561	6.145475387573242	0
					1.674201726913452	6.311351299285889	0	1.338062763214111	6.121814727783203	0	1.550345659255981	6.682339668273926	0	1.270428657531738	6.891848564147949	0
					1.435805559158325	6.334877967834473	0	1.032182455062866	6.283454418182373	0	1.356473684310913	6.710941314697266	0	0.9934595823287964	6.683207988739014	0
					0.8193358778953552	6.363888740539551	0	0.8038861155509949	6.734503269195557	0	1.765472412109375	6.46515417098999	0	1.001601457595825	6.09367036819458	0
					1.23807966709137	5.981336116790771	0	0.8915368914604187	6.881106376647949	0	0.2503570914268494	6.757402420043945	0	3.783799171447754	5.166196823120117	0
					4.052187919616699	5.444484233856201	0	3.64622688293457	5.283853530883789	0	3.853780746459961	5.534533023834229	0	3.630165576934814	5.125031471252441	0
					3.972480297088623	5.216497421264648	0	4.417970180511475	5.994082450866699	0	4.427970409393311	5.801351070404053	0	4.632854461669922	5.932276725769043	0
					4.811177253723145	5.773047924041748	0	4.613635063171387	5.69251012802124	0	4.437080383300781	5.608837604522705	0	3.976522922515869	5.676651954650879	0
					4.221088409423828	5.670960903167725	0	4.186578273773193	5.228203773498535	0	4.065756797790527	6.001646041870117	0	4.774744510650635	5.590864658355713	0
					4.732325077056885	5.222654342651367	0	4.850860595703125	5.420974254608154	0	4.785223007202148	6.153395175933838	0	4.644136905670166	6.372240543365479	0
					2.10707426071167	6.749696731567383	0	2.389144659042358	7.137132167816162	0	2.367799282073975	6.696754932403564	0	2.518848419189453	6.933792591094971	0
					2.17121410369873	7.166143417358398	0	2.439861536026001	7.493510246276855	0	2.616090774536133	7.632745742797852	0	2.933257818222046	7.552600860595703	0
					2.754685163497925	7.799793243408203	0	2.607793569564819	7.438385963439941	0	2.570272922515869	7.140420436859131	0	2.121560573577881	7.354273319244385	0
					2.903876781463623	7.158448696136475	0	3.911738872528076	5.87004566192627	0	3.734413623809814	5.936409950256348	0	3.673485279083252	5.482507228851318	0
					3.261003494262695	5.952012538909912	0	2.583247423171997	6.727659702301025	0	2.861061573028564	6.298266887664795	0	2.917572975158691	6.739696502685547	0
					2.179771423339844	6.529459953308105	0	2.908915996551514	6.94974422454834	0	4.024585723876953	6.170498847961426	0	4.065238952636719	6.34662914276123	0
					4.43372106552124	6.333976268768311	0	4.002587795257568	6.857076168060303	0	4.257086753845215	7.106940269470215	0	4.437524318695068	6.768033981323242	0
					4.053171634674072	7.055684089660645	0	4.104373931884766	6.723413944244385	0	3.31217885017395	7.074600219726562	0	3.543628215789795	7.455039978027344	0
					3.66851282119751	7.102814674377441	0	3.637063980102539	7.686136722564697	0	3.237573385238647	7.588930606842041	0	3.332631587982178	7.43154239654541	0
					3.451301336288452	7.809587001800537	0	3.107449293136597	7.056588649749756	0	3.112596273422241	7.441791534423828	0	3.230293273925781	7.247876644134521	0
					2.913631439208984	7.361554145812988	0	3.759354591369629	7.461404323577881	0	3.852684020996094	6.991189479827881	0	3.661008596420288	7.296237945556641	0
					4.114289283752441	7.268244743347168	0	2.467366695404053	5.228322982788086	0	2.168303966522217	5.445710182189941	0	2.309151411056519	5.605800628662109	0
					2.555006742477417	5.381675243377686	0	2.230961561203003	5.20667028427124	0	2.123730421066284	5.630510330200195	0	3.28391695022583	5.50100040435791	0
					2.84728741645813	5.357247352600098	0	3.089492797851562	5.626101493835449	0	2.897858381271362	5.181640625	0	3.288283109664917	5.268548965454102	0
					2.445105075836182	6.122632503509521	0	2.798629522323608	6.135533332824707	0	2.537081480026245	5.957202434539795	0	2.889857053756714	6.007572650909424	0
					3.053439140319824	5.985410690307617	0	2.888792037963867	5.53872013092041	0	2.682847023010254	5.241813182830811	0	2.537577390670776	5.577464580535889	0
					2.214427709579468	5.795018672943115	0	2.340389966964722	5.962939262390137	0	2.538711071014404	6.31226634979248	0	2.225470304489136	6.364423274993896	0
					2.339658737182617	6.263381481170654	0	2.173398971557617	6.215537548065186	0	2.127396106719971	6.00876522064209	0	9.065386772155762	5.602879524230957	0
					9.398784637451172	5.754923820495605	0	8.963817596435547	5.349638938903809	0	6.014865398406982	5.21656608581543	0	5.175475120544434	5.532096862792969	0
					5.427791118621826	5.250182628631592	0	5.516208648681641	5.49498176574707	0	5.189897060394287	5.329455375671387	0	5.352386474609375	5.632320404052734	0
					5.681222438812256	5.332165718078613	0	5.548039436340332	5.725394248962402	0	5.178280830383301	5.741527557373047	0	5.967023372650146	5.560264110565186	0
					5.755425930023193	5.58318042755127	0	5.895315170288086	5.387887954711914	0	5.830724239349365	5.209187030792236	0	5.557594299316406	5.954198837280273	0
					5.177888870239258	5.96251392364502	0	5.907258033752441	5.942436695098877	0	7.451917171478271	5.147085189819336	0	7.806463241577148	5.315756797790527	0
					7.656907558441162	5.500353813171387	0	7.659313201904297	5.12857723236084	0	7.375293731689453	5.335373878479004	0	7.858170986175537	5.087495803833008	0
					6.693399906158447	5.614943027496338	0	6.793890953063965	5.383861541748047	0	6.900585174560547	5.161437511444092	0	7.003040313720703	5.366601467132568	0
					6.933862686157227	5.561250686645508	0	7.090262889862061	5.223074436187744	0	6.664298057556152	5.200134754180908	0	7.023782730102539	5.953397274017334	0
					6.699633121490479	5.823980331420898	0	7.122842311859131	5.717362880706787	0	7.110525608062744	5.509084224700928	0	7.25389289855957	5.182224273681641	0
					7.303800582885742	5.539544105529785	0	7.48202657699585	5.466818332672119	0	7.526127815246582	5.889252185821533	0	6.696337699890137	6.163480281829834	0
					6.577542304992676	6.33793830871582	0	6.802966117858887	5.97548246383667	0	9.392256736755371	9.712680816650391	0	8.604103088378906	9.236276626586914	0
					8.870057106018066	9.056370735168457	0	6.938233375549316	9.843430519104004	0	8.554412841796875	9.761022567749023	0	8.555376052856445	9.427757263183594	0
					8.675894737243652	9.022552490234375	0	8.277561187744141	9.042753219604492	0	7.527125358581543	9.76026439666748	0	7.514344692230225	9.419179916381836	0
					7.862692832946777	9.045063018798828	0	8.48332691192627	9.096704483032227	0	7.687549114227295	9.005189895629883	0	7.442675590515137	9.236058235168457	0
					7.516073226928711	9.050539016723633	0	7.467982292175293	8.666726112365723	0	7.015575408935547	8.664339065551758	0	6.850949764251709	8.234474182128906	0
					6.678919792175293	8.361743927001953	0	7.025966167449951	8.293498039245605	0	7.141139984130859	9.451979637145996	0	7.181182861328125	9.050689697265625	0
					6.633018493652344	9.1600341796875	0	6.976458549499512	9.014698028564453	0	6.903676986694336	9.389872550964355	0	7.047701835632324	9.220611572265625	0
					6.699886322021484	9.353042602539062	0	6.327651977539062	8.199244499206543	0	5.93208122253418	8.628656387329102	0	5.935985565185547	8.18809700012207	0
					6.314206123352051	8.38517951965332	0	6.125646114349365	8.249740600585938	0	5.902190208435059	8.386651992797852	0	6.120301246643066	8.495340347290039	0
					6.678488254547119	8.556137084960938	0	6.749452114105225	8.950271606445312	0	6.316321849822998	8.606401443481445	0	6.361578941345215	8.968366622924805	0
					6.156248092651367	8.92533016204834	0	6.732865810394287	7.748528480529785	0	7.126428127288818	7.817001819610596	0	6.144513130187988	7.901814460754395	0
					5.974606513977051	7.591326713562012	0	6.394780158996582	7.626049041748047	0	6.195500373840332	7.492448329925537	0	6.323894023895264	7.857638835906982	0
					5.954962253570557	7.839260578155518	0	6.88803243637085	7.886055946350098	0	7.12360143661499	7.572750091552734	0	6.95658016204834	7.455260753631592	0
					6.380570888519287	7.414473056793213	0	6.307340145111084	7.083486080169678	0	6.7601637840271	7.541711330413818	0	6.688934803009033	7.00945520401001	0
					6.339449882507324	6.884494304656982	0	6.723635673522949	6.776039123535156	0	6.136537075042725	7.146186828613281	0	7.832250595092773	6.830412864685059	0
					7.85603666305542	7.069505214691162	0	6.932305812835693	7.073346614837646	0	7.123519897460938	7.399477481842041	0	7.138239860534668	7.095341682434082	0
					7.501111507415771	7.085975646972656	0	7.65817928314209	7.181818008422852	0	7.844790935516357	7.298814296722412	0	7.481967449188232	7.510770797729492	0
					9.734947204589844	7.025880813598633	0	9.439123153686523	8.976852416992188	0	9.845273017883301	9.188201904296875	0	9.391746520996094	9.239110946655273	0
					9.72280216217041	8.973379135131836	0	9.540631294250488	9.371676445007324	0	9.850820541381836	8.353305816650391	0	9.494204521179199	8.529909133911133	0
					9.513052940368652	8.135723114013672	0	9.842471122741699	8.760782241821289	0	9.126184463500977	8.662548065185547	0	9.204144477844238	9.097850799560547	0
					9.013432502746582	8.804832458496094	0	9.859659194946289	7.975133419036865	0	9.319223403930664	7.48529052734375	0	9.423600196838379	7.918372631072998	0
					8.894466400146484	7.855048656463623	0	9.748652458190918	8.155360221862793	0	9.734442710876465	8.548517227172852	0	9.352956771850586	8.715324401855469	0
					9.390323638916016	8.323668479919434	0	9.025683403015137	8.227924346923828	0	9.161913871765137	7.830343723297119	0	8.971195220947266	7.645959854125977	0
					9.399016380310059	7.672094821929932	0	9.736543655395508	7.430278301239014	0	9.856264114379883	7.614616394042969	0	9.762492179870605	7.795760631561279	0
					9.197103500366211	8.322831153869629	0	9.054216384887695	8.45121955871582	0	8.245691299438477	6.729316234588623	0	8.290084838867188	7.109224319458008	0
					9.16843318939209	7.204198360443115	0	8.976992607116699	7.112771987915039	0	9.021780967712402	7.47716760635376	0	8.597051620483398	7.606752395629883	0
					8.535079956054688	7.401198863983154	0	8.652429580688477	7.228873252868652	0	8.290176391601562	7.36437463760376	0	8.457133293151855	7.224005222320557	0
					8.417022705078125	7.538410186767578	0	9.359255790710449	7.104655265808105	0	9.36992073059082	6.885398864746094	0	9.150652885437012	6.718872547149658	0
					8.934259414672852	6.89171028137207	0	9.414178848266602	6.672092437744141	0	8.31971549987793	5.553257942199707	0	8.299545288085938	5.942098617553711	0
					8.026065826416016	5.217681884765625	0	7.901525497436523	6.146969795227051	0	8.298430442810059	6.12798547744751	0	7.868962287902832	5.5499267578125	0
					7.78216552734375	5.92420768737793	0	7.970689296722412	5.942532062530518	0	8.638185501098633	5.951862335205078	0	8.445163726806641	6.335118293762207	0
					8.687076568603516	6.150851249694824	0	8.46091365814209	6.779236793518066	0	8.320816993713379	6.91344165802002	0	8.944315910339355	6.208390235900879	0
					7.034757137298584	6.729740142822266	0	7.042906761169434	6.354718685150146	0	6.872500896453857	6.703364849090576	0	6.950635433197021	6.551480770111084	0
					6.799127101898193	6.379244327545166	0	6.641740322113037	6.492380619049072	0	7.407979965209961	6.66413688659668	0	7.671968936920166	6.345494747161865	0
					7.610520839691162	6.75279426574707	0	7.41839599609375	6.436588287353516	0	7.776425838470459	6.595035552978516	0	7.077168941497803	6.918664455413818	0
					7.423429489135742	6.902009010314941	0	7.228862762451172	6.787161827087402	0	7.329286098480225	7.097405433654785	0	7.419610023498535	6.169663906097412	0
					6.919785976409912	6.163036346435547	0	7.244654178619385	6.332570552825928	0	7.264735698699951	5.937797069549561	0	8.750057220458984	9.844137191772461	0
					9.175254821777344	9.834371566772461	0	9.851254463195801	6.838961601257324	0	9.859159469604492	6.139413833618164	0	9.434289932250977	6.189701080322266	0
					9.214105606079102	6.25798225402832	0	9.263162612915039	5.898856639862061	0	9.108494758605957	6.035948753356934	0	9.486349105834961	5.970505714416504	0
					8.586073875427246	5.247743129730225	0	8.216913223266602	5.123128890991211	0	8.638029098510742	5.553159236907959	0	8.40762996673584	5.203784942626953	0
					8.223467826843262	5.361545085906982	0	8.484911918640137	5.643876075744629	0	5.968110084533691	7.078799724578857	0	9.858041763305664	9.855964660644531	0
					8.932681083679199	9.428081512451172	0	9.376116752624512	9.467245101928711	0	9.022017478942871	8.982051849365234	0	9.178696632385254	9.332643508911133	0
					9.001174926757812	9.185163497924805	0	9.736263275146484	9.394534111022949	0	3.972569227218628	3.136849403381348	0	3.594455718994141	3.16037917137146	0
					3.959468841552734	2.891245603561401	0	3.569631576538086	3.354195117950439	0	2.186618328094482	3.523231983184814	0	4.731111526489258	2.491037130355835	0
					0.2667047381401062	2.952331066131592	0	0.1494751572608948	3.137109518051147	0	0.2602903842926025	3.328220844268799	0	1.822279810905457	3.351482152938843	0
					1.374989986419678	2.944780349731445	0	1.002360343933105	2.943832397460938	0	0.5435031056404114	3.87998104095459	0	0.8810300827026367	4.032183647155762	0
					0.8651673197746277	3.685151815414429	0	0.9638863801956177	3.855957984924316	0	1.066365242004395	3.690598011016846	0	0.9647997617721558	3.324315309524536	0
					1.40360689163208	3.291868686676025	0	1.629320621490479	3.318230390548706	0	1.497125625610352	3.498897314071655	0	1.729213118553162	3.511439800262451	0
					1.034807801246643	3.121999740600586	0	1.341260313987732	3.11642050743103	0	1.18952488899231	3.024468898773193	0	0.710121750831604	3.301760673522949	0
					0.5835222601890564	3.126265048980713	0	0.8275220990180969	2.88778018951416	0	1.2265545129776	3.716944217681885	0	1.221520781517029	3.986850738525391	0
					1.069020748138428	4.009586334228516	0	1.394042253494263	3.687937498092651	0	2.2117919921875	1.7628173828125	0	1.511795401573181	1.358560562133789	0
					1.609862208366394	1.778795123100281	0	1.37674880027771	1.511395215988159	0	1.809127688407898	1.727734446525574	0	8.675597190856934	2.094673871994019	0
					8.27223014831543	2.029674530029297	0	1.550064325332642	2.892770528793335	0	1.737822532653809	2.943108558654785	0	1.995747804641724	2.188074588775635	0
					1.983103036880493	3.252937316894531	0	1.778181076049805	3.163789749145508	0	1.382115840911865	4.037913799285889	0	1.609846353530884	3.690228939056396	0
					1.711461901664734	3.877012968063354	0	1.600406408309937	4.06701135635376	0	1.311835646629333	3.858224630355835	0	1.824827909469604	3.699756383895874	0
					1.806783556938171	2.133563756942749	0	1.299461603164673	2.578556537628174	0	1.764147758483887	2.53104829788208	0	1.611864447593689	2.09263014793396	0
					1.373686194419861	2.375159502029419	0	1.872564554214478	2.338780641555786	0	1.525535941123962	2.545761823654175	0	0.155738353729248	0.6906638145446777	0
					0.248015284538269	0.4863352477550507	0	0.6599426865577698	0.9286274313926697	0	0.2804237008094788	0.8900202512741089	0	0.6127185821533203	0.7381609678268433	0
					0.865060567855835	0.95595782995224	0	0.8724327087402344	1.326084494590759	0	1.127042651176453	1.099656820297241	0	0.2944720089435577	2.533957004547119	0
					0.6446503400802612	2.930403470993042	0	0.4885631501674652	3.314738988876343	0	0.8560731410980225	2.544943332672119	0	0.9464397430419922	2.746273756027222	0
					0.5975396037101746	1.371294140815735	0	1.113215088844299	1.281779646873474	0	0.5869738459587097	2.501349687576294	0	1.082607269287109	2.579074859619141	0
					1.412065744400024	1.728931665420532	0	1.412807822227478	2.148836135864258	0	10	4.429677963256836	0	10	4.047376155853271	0
					10	3.671644687652588	0	10	3.298459529876709	0	10	2.930013656616211	0	10	2.553722858428955	0
					10	1.394648194313049	0	10	0.9764533638954163	0	10	1.791428685188293	0	6.652122497558594	0	0
					7.054698467254639	0	0	7.454693794250488	0	0	9.027320861816406	0	0	8.630252838134766	0	0
					2.51084041595459	0	0	2.905050992965698	0	0	0.4968382716178894	0	0	0.8983703851699829	0	0
					1.299101233482361	0	0	9.82677173614502	0	0	9.444768905639648	0	0	10	0.539465069770813	0
					10	0.1705962419509888	0	6.252077579498291	0	0	5.861672401428223	0	0	4.466433525085449	0	0
					4.064597129821777	0	0	4.832873821258545	0	0	5.152040481567383	0	0	5.481917381286621	0	0
					10	5.576401233673096	0	0	6.744931221008301	0	0	6.354844570159912	0	0	3.705547571182251	0
					0	4.075806140899658	0	0	5.537102699279785	0	0	5.939774036407471	0	0	4.452604293823242	0
					4.839355945587158	10	0	4.48068380355835	10	0	3.690628290176392	10	0	4.074180603027344	10	0
					5.493583679199219	10	0	6.332917213439941	10	0	5.92331075668335	10	0	5.154855728149414	10	0
					0	5.175470352172852	0	0	4.813841819763184	0	10	5.193889141082764	0	10	4.81112003326416	0
					0.155464842915535	0	0	0	0.1541831642389297	0	2.108007907867432	0	0	1.701322793960571	0	0
					3.292179107666016	0	0	3.67657470703125	0	0	8.241056442260742	0	0	7.850589752197266	0	0
					10	2.178272008895874	0	0	1.747853994369507	0	0	2.138108015060425	0	8.218059539794922	10	0
					7.865888595581055	10	0	0.1816796660423279	10	0	0.5714384913444519	10	0	0	9.812915802001953	0
					0	9.408657073974609	0	0	9.625831604003906	0	0.3632408380508423	10	0	6.533983707427979	10	0
					8.042190551757812	10	0	10	6.48757266998291	0	10	9.625954627990723	0	0	1.944001436233521	0
					10	3.484694957733154	0	10	1.985995769500732	0	8.046052932739258	0	0	3.484355449676514	0	0
					1.904705762863159	0	0	0	0.3071469962596893	0	0.309729665517807	0	0	10	5.002299308776855	0
					0	4.994858741760254	0	5	10	0	5.702301025390625	10	0	6.131143093109131	10	0
					5.309706211090088	10	0	3.495343923568726	10	0	3.881910800933838	10	0	4.678711891174316	10	0
					4.273892402648926	10	0	0	4.264889717102051	0	0	4.634086608886719	0	0	5.354691982269287	0
					0	5.732964515686035	0	0	3.889782905578613	0	0	3.517430543899536	0	0	6.553215026855469	0
					10	5.385520935058594	0	10	5.766189098358154	0	10	4.620640277862549	0	3.86982536315918	0	0
					5.670738220214844	0	0	5	0	0	4.66574764251709	0	0	4.263334274291992	0	0
					6.056201934814453	0	0	5.302904605865479	0	0	6.451600551605225	0	0	10	0.3408611118793488	0
					0	0	0	10	0.754736065864563	0	9.653543472290039	0	0	10	0	0
					2.184902667999268	10	0	1.792994499206543	10	0	0	8.183964729309082	0	0	8.988696098327637	0
					0	8.573051452636719	0	0.99268639087677	10	0	1.38965380191803	10	0	6.736500263214111	10	0
					7.137344360351562	10	0	2.552684307098389	10	0	2.926983833312988	10	0	3.301394939422607	10	0
					1.499851703643799	0	0	1.099398493766785	0	0	2.310871601104736	0	0	0.6970950961112976	0	0
					2.709012508392334	0	0	3.099265813827515	0	0	8.434856414794922	0	0	8.826828002929688	0	0
					7.653348445892334	0	0	9.232888221740723	0	0	7.255149364471436	0	0	6.853809356689453	0	0
					10	1.594497442245483	0	10	1.188634753227234	0	10	2.366340637207031	0	10	2.742266654968262	0
					10	3.114627599716187	0	10	3.858962059020996	0	10	4.238400459289551	0	0	1.545459032058716	0
					0	2.335580587387085	0	0	2.742606401443481	0	0	1.117462754249573	0	0	0.6957571506500244	0
					0	3.135241031646729	0	10	9.18963623046875	0	10	10	0	10	6.13703441619873	0
					10	6.843037605285645	0	9.178657531738281	10	0	8.75698184967041	10	0	10	8.356166839599609	0
					10	7.612120628356934	0	10	7.977103710174561	0	10	8.762809753417969	0	10	7.228112697601318	0
					7.691747188568115	10	0	8.391513824462891	10	0	0	6.149463653564453	0	0	6.924542427062988	0
					0	7.625276565551758	0	0	7.274097919464111	0	2.369204521179199	10	0	3.112953186035156	10	0
					2.739569902420044	10	0	9.626495361328125	10	0	7.331209659576416	10	0	6.936911582946777	10	0
					1.592119455337524	10	0	1.188852071762085	10	0	0.786163866519928	10	0	0	10	0
					0	8.376274108886719	0	0	9.196196556091309	0	0	8.780258178710938	0	0	7.993416786193848	0
					1.990737438201904	10	0	0	7.448486328125	0	0	7.099498271942139	0	0	7.80556583404541	0
					7.51665735244751	10	0	10	8.974589347839355	0	10	8.555490493774414	0	10	7.795110702514648	0
					10	8.162631988525391	0	10	7.42335844039917	0	8.567266464233398	10	0	8.960612297058105	10	0
					9.403650283813477	10	0	10	6.661063194274902	0	10	7.032218456268311	0	10	6.314440727233887	0
					10	5.954199314117432	0	10	9.812976837158203	0	9.813247680664062	10	0	10	9.40797233581543	0
					0	3.327036619186401	0	0	2.94282865524292	0	0	0.4932117164134979	0	0	0.9020816087722778	0
					0	1.33420193195343	0	0	2.537800550460815	0	
				</DataArray>
			</Points>
			<Cells>
				<DataArray type="Int32" Name="connectivity" NumberOfComponents="1" format="ascii">
					1784	607	231	1784	609	608	1783	599	598	1783	596	604	1783	1306	596	1783	604	600	1780
					585	2288	1780	1313	1314	1780	1314	582	1779	1315	1316	1777	1321	562	1777	1322	561	1777	1324
					556	1777	1323	560	1776	555	553	1776	552	555	1326	545	1327	1775	1328	544	1774	1330	516
					1774	516	519	1774	1331	1931	1770	1345	528	1770	1343	1346	1770	1344	1343	1770	1346	1345	1769
					515	2002	1769	2010	513	1769	1347	518	1769	513	362	1768	499	526	1768	526	505	1767	1348
					498	1767	1349	495	1351	504	512	1351	512	1350	1764	710	462	1764	1616	461	1764	1355	456
					1763	1357	452	1763	558	448	1763	1356	453	1763	1358	449	1762	1359	444	1762	566	446	1762
					1010	1009	1762	1014	1010	1761	439	431	1761	436	429	1761	565	430	1757	1177	407	1757	1178
					1177	1756	1180	1182	1756	1181	388	1756	389	1180	1756	1182	387	1755	262	264	1755	272	1
					1755	1	2301	1755	2294	262	1754	1184	371	1754	1186	1184	1754	1183	1185	1754	1185	366	1753
					1190	339	1804	1046	1863	1906	706	1041	1906	1065	706	1906	1041	1984	1803	1650	1888	1803	1910
					1968	1803	1922	1838	1803	1968	1948	1802	1876	1926	1802	435	1835	1802	424	1841	1801	1372	1374
					1801	1375	1373	1801	1373	1372	1801	1374	695	2233	479	530	2233	1391	1390	2233	530	1391	1794
					670	668	1794	450	427	1794	425	2238	1793	1016	2279	1793	2272	356	1793	2251	2239	1793	2234
					379	1792	1393	661	1792	1394	660	1792	660	662	1787	1298	1409	1787	1299	1298	1784	231	240
					1784	394	607	1683	1153	1149	1680	1866	1845	1680	962	1094	1680	780	1095	1679	1091	1862	1679
					719	1088	1679	1870	1093	1679	1087	1089	1677	966	1077	1677	727	966	1676	968	969	1676	969
					1074	1675	972	1066	1675	971	734	1675	973	972	1675	734	1070	1674	1646	1847	1674	974	1057
					1674	1855	1844	1674	738	1056	1673	975	1864	1673	740	1052	1673	1648	1884	1673	1596	1047	1672
					1040	1851	1672	1859	742	1672	1956	1040	1672	742	1043	1671	1896	1887	1671	744	1045	1671	1038
					1952	1671	1959	744	1666	1018	1019	1666	1012	1018	1666	982	380	1666	891	357	1665	983	1103
					1665	1936	760	1664	507	984	1663	1941	985	1663	985	509	1663	763	987	1663	501	763	1661
					989	991	1661	990	998	1661	992	502	1661	991	988	1659	868	1839	1659	1006	1009	1659	1008
					1840	1659	1007	1005	1658	1014	1011	1658	1012	1015	1658	1013	1018	1658	443	1010	1657	1012	357
					1657	361	1015	1656	982	1019	1656	2276	2279	1656	1016	1017	1656	1017	982	2277	1013	2274	2277
					1018	1013	1650	1038	1887	1649	1039	1851	1649	1042	1901	1649	1041	1852	1649	1040	1042	1648	1601
					1863	1648	1046	1884	1647	1048	739	1647	1049	1045	1647	1051	1894	1647	1050	1047	1646	1055	1846
					1645	1060	1872	1645	775	737	1645	1058	1052	1645	1059	1057	1064	1063	1061	1064	1061	1062	1644
					1065	1904	1644	1904	1066	1644	972	1824	1644	1824	1065	1643	1905	1067	1643	1068	1069	1643	971
					1905	1643	1067	1068	1642	736	732	1642	732	1074	1642	1821	1152	1642	1152	736	1641	726	733
					1641	1068	1071	1641	733	1069	1641	1071	1076	1640	463	1073	1640	1325	463	1638	1105	1363	1637
					952	1100	1637	966	1071	1637	1106	966	1637	1071	952	1632	1092	1863	1632	1091	1089	1632	1090
					1092	1631	718	1093	1631	715	712	1631	1869	1868	1631	1865	1095	1630	1096	1845	1630	1099	1096
					1630	1849	1097	1630	1097	1098	1629	1105	1106	1629	1106	1107	1629	1107	1975	1629	1104	1105	1618
					1147	1827	1618	1148	1150	1618	955	1147	1618	1822	1148	1617	1151	973	1617	1152	954	1617	954
					1151	1617	973	1070	1616	1153	1819	1615	1820	1819	1615	1821	969	1615	969	1073	1614	1151	1150
					1614	1824	1826	1614	1825	1823	1614	1148	1825	1613	1153	462	1613	1147	1149	1613	1828	1830	1613
					1829	1147	1612	1833	708	1612	1609	1853	1612	1832	1834	1612	1607	1831	1611	1055	1844	1611	707
					1843	1611	1848	1842	1610	1603	1847	1610	1849	1845	1610	1054	1849	1610	1605	1867	1609	1842	1848
					1608	1854	1855	1608	1855	1064	1607	1856	1850	1607	1857	1856	1606	1860	1858	1606	1062	1053	1606
					1859	1860	1606	1861	1062	1605	1865	951	1605	1866	1865	1604	1870	1862	1604	950	1869	1604	1873
					1871	1604	1869	1870	1603	1060	974	1603	949	1060	1602	975	1058	1602	948	1871	1602	1873	1864
					1602	1058	948	1039	705	1856	1039	1856	1860	1601	1873	1862	1600	1876	1898	1600	1874	1926	1599
					1883	1881	1599	1879	1882	1599	1877	1879	1599	1878	1883	1598	1885	1884	1598	1046	1883	1598	1886
					1892	1598	1878	1886	1597	1890	1898	1597	1891	1892	1597	1889	1891	1597	1886	1890	1596	1893	1051
					1596	1885	1893	168	395	883	1595	1897	1895	167	1741	818	1595	1896	1049	248	252	164	1595
					1049	1897	164	408	248	1594	1981	1989	163	164	165	1594	1905	1904	1594	1989	1903	162	168
					397	1594	1904	1981	161	1741	167	1593	946	1908	160	162	163	1593	1907	1008	160	163	165
					167	605	1422	167	159	1439	1593	1008	946	168	159	1422	1592	1994	1998	159	168	162	1592
					1909	1994	1219	252	251	1219	166	252	1592	1007	1909	1591	945	2018	624	622	323	1591	1910
					1838	158	342	623	1591	2017	1910	1591	1911	945	158	623	624	1590	1593	1908	158	343	342
					1590	1913	1837	1810	735	731	1809	1160	1158	1809	1158	720	1809	1161	713	1809	1159	712	1808
					1363	1362	1808	1362	1102	1806	459	1143	1806	1370	1830	1806	1371	708	1806	1369	458	1805	1843
					1144	1805	1097	1846	1805	1055	1843	1805	1085	1098	1804	1086	1881	1813	1416	2262	1813	155	332
					1813	2271	2280	1813	0	2266	1811	1156	739	1811	1157	737	1811	1154	741	1810	729	735	1854
					1848	1611	1845	1605	1610	1845	1866	1605	1844	1855	1854	1842	707	1611	1841	2338	433	1841	424
					2338	1841	435	1802	1841	433	871	1840	1907	1687	1839	443	1815	1838	1910	1803	1838	1911	1591
					1838	1912	1911	1838	1922	1912	1837	1924	1687	1837	1913	1924	1837	1907	1593	1837	1593	1590	1836
					1923	437	1836	440	1687	1836	437	440	1836	1924	1586	1835	435	432	1835	1899	1802	1835	432
					1920	1835	1920	1588	1834	1842	1609	1834	709	1685	1832	709	1834	1834	1609	1612	708	1832	1612
					1831	783	1833	1831	1833	1612	1831	1850	1684	1831	1607	1850	1828	462	710	1830	1829	1613	1827
					1829	783	1823	1824	1614	1823	1825	706	1822	786	1825	462	1616	1764	461	554	1764	461	1820
					863	1820	461	1616	462	1153	1616	462	1828	1613	1152	1821	953	1826	1151	1614	1827	783	1684
					1443	150	329	1148	1822	1825	1443	151	150	1150	1148	1614	1443	1219	251	1443	251	151	1147
					1829	1827	1442	160	165	1149	1153	1613	1442	165	152	1827	1822	1618	1442	629	153	1145	1146
					785	1441	625	229	1144	1843	785	1441	229	227	2431	1143	459	1441	628	625	2431	1142	1143
					155	234	1217	1141	709	784	1145	707	1685	155	1217	333	1141	1140	1685	155	333	332	2430
					1141	1142	1440	342	344	2430	1140	1141	1440	345	156	2429	1146	1145	1440	627	623	2429	1145
					1140	1440	623	342	622	631	327	622	327	323	1390	350	1216	1390	1216	2231	1439	161	167
					1439	162	160	1439	159	162	1439	160	153	164	166	165	164	252	166	1975	1104	1629	1103
					1935	1936	1103	1946	1935	1102	1947	1946	1101	1105	1104	1100	1107	1106	1100	1974	1107	1096	1099
					2426	1097	1849	1846	1098	1099	1630	1845	1096	1680	1845	1849	1630	1095	780	715	1095	715	1631
					1095	1866	1680	1095	1865	1866	1094	714	780	2425	714	1094	1093	718	719	1093	719	1679	1093
					1869	1631	1093	1870	1869	1862	1870	1679	1862	1091	1601	1863	1091	1632	1089	1090	1632	1088	719
					779	1088	1087	1679	1089	1091	1679	2424	1090	1089	2424	1089	1087	2423	1087	1088	2423	1088	717
					1086	2491	1881	1881	1883	1804	1092	1086	1804	2422	1086	1092	2422	1092	1090	1144	1085	1805	1098
					1097	1805	2421	1099	1098	2421	1098	1085	2420	1085	1144	2420	1144	1146	222	1208	224	222	224
					223	1424	226	154	1424	1207	232	1424	154	227	1424	225	226	235	1206	229	235	229	228
					1077	1106	1105	235	230	1206	1076	727	726	267	234	2262	267	230	234	1074	732	728	267
					224	230	1074	1821	1642	1073	463	863	1423	222	269	1423	594	236	1423	237	221	1423	236
					237	1076	726	1641	1422	392	395	1070	736	1152	1422	395	168	1070	734	776	1422	605	392
					1069	733	734	1422	159	167	1069	1068	1641	1421	238	606	1067	1905	1903	1421	606	233	1067
					1903	1992	1421	225	232	1066	1904	1905	1421	239	238	1065	1824	1823	1065	1906	1904	1065	1823
					706	1420	231	238	1420	242	244	1420	238	242	1062	1608	1064	1420	241	240	1062	1861	1608
					1419	1205	236	1061	1063	1155	1419	254	243	1419	1306	598	1872	1058	1645	1419	236	1306	737
					1059	1645	1418	1204	239	1057	1059	738	1418	1746	221	1057	1060	1645	1418	239	232	1418	237
					1204	1056	1063	1064	1056	1855	1674	1056	1064	1855	250	249	251	1846	1055	1805	1844	1646	1674
					250	251	252	1844	1854	1611	1843	1055	1611	1844	1055	1646	1054	1847	1646	1847	1054	1610	1054
					1846	1849	1846	1054	1646	1417	261	263	1417	262	381	1053	1859	1606	1417	259	262	1053	742
					1859	1417	260	261	1053	1061	742	1416	266	268	1053	1062	1061	1052	740	775	1052	775	1645
					1051	1893	1894	1415	270	273	1415	272	271	1894	1049	1647	1415	271	270	1049	1894	1897	1415
					273	2263	739	1050	1647	1414	593	271	1047	1050	740	1414	259	601	1047	1051	1647	1414	601
					597	1047	740	1673	1414	271	264	1047	1596	1051	1863	1092	1804	1883	1046	1804	1884	1596	1673
					1884	1046	1598	1883	1878	1598	1601	1648	1864	1864	1873	1601	1601	1091	1863	1863	1046	1648	1045
					1049	1896	1045	1896	1671	1045	744	1048	1045	1048	1647	1044	744	1959	1044	745	773	1044	1953
					1577	1044	1959	1575	1043	742	743	1043	743	1577	1043	1956	1672	1043	1954	1956	1902	1955	1574
					1901	1042	1574	1041	706	1852	1041	1901	1984	1901	1041	1649	1040	1902	1042	1851	1859	1672	1040
					1956	1902	1039	1860	1851	1852	1039	1649	1851	1040	1649	1039	1852	705	1952	1038	1578	1948	1950
					1578	1888	1922	1803	1948	1650	1803	1948	1038	1650	1887	1038	1671	1952	1959	1671	1887	1595	1589
					1037	1888	1650	1887	1037	1650	1037	1914	1888	324	1215	323	324	1194	2232	324	2232	1215	900
					484	1350	900	1193	484	900	1350	2230	899	483	325	899	326	2235	899	1349	483	899	1192
					326	330	1191	327	330	1218	328	330	327	1218	898	334	332	898	333	336	898	335	331
					898	336	347	897	1262	352	2274	1013	1719	897	1190	340	1019	2277	2276	897	337	339	380
					1017	887	897	338	1262	379	378	887	2279	2251	1793	341	1189	342	2279	1016	1656	379	1016
					1793	1016	379	1017	341	342	343	345	1188	336	361	1657	893	357	360	893	1015	361	1815
					345	336	346	896	1187	348	1015	443	1658	1015	1012	1657	1018	1012	1658	1011	1013	1658	896
					348	355	896	335	1187	895	350	351	1010	1014	1658	1008	1907	1840	1007	1839	1909	895	351
					338	895	341	350	895	338	340	894	337	353	894	354	348	894	353	356	1840	1006	1659
					894	348	337	1006	1840	867	893	358	361	1839	1007	1659	868	443	1839	1009	868	1659	1005
					1008	1659	893	1657	357	998	507	1664	893	359	358	893	360	368	892	1263	363	892	1186
					366	892	363	365	892	364	377	891	1185	360	891	367	1185	890	1344	528	992	499	502
					502	1768	851	990	507	998	502	990	1661	890	1184	365	998	1664	767	890	369	1184	989
					762	991	890	370	1344	998	989	1661	889	1183	521	889	1347	359	988	991	763	889	521
					1347	988	992	1661	988	763	501	988	501	853	987	763	766	889	359	368	888	363	374
					987	1944	1580	888	374	375	987	1941	1663	888	375	376	987	1581	1941	888	370	365	887
					1017	379	887	378	364	887	367	380	887	364	367	886	2292	2289	886	260	2292	1932	1927
					836	886	2291	583	509	985	836	886	583	256	985	1941	1932	509	501	1663	984	475	485
					984	507	475	983	1946	1103	1103	1936	1665	885	391	389	885	389	388	380	367	891	885
					390	1315	891	360	357	885	1315	385	884	392	394	357	1012	1666	884	393	387	884	1182
					392	982	1017	380	884	394	608	1019	2276	1656	380	891	1666	883	395	1180	1019	982	1666
					883	396	386	883	397	168	883	1180	396	882	398	407	882	391	398	882	396	391	1019
					1018	2277	882	399	386	880	249	246	880	405	249	879	1177	246	879	408	399	879	399
					1177	879	250	248	878	1176	398	878	398	385	2409	1316	400	1864	1648	1673	1052	975	1673
					975	1052	1058	1864	975	1602	974	1060	1057	1847	974	1674	1057	738	1674	974	1847	1603	973
					1151	1826	1070	973	1675	1070	1152	1617	1066	972	1644	972	1826	1824	972	973	1826	1069	971
					1643	1066	971	1675	971	1069	734	971	1066	1905	969	1821	1074	1074	728	1676	1073	1820	1615
					1073	968	1640	968	1073	969	966	1076	1071	966	727	1076	966	1106	1077	1077	1638	1677	1638
					1077	1105	871	434	431	871	432	435	871	433	434	871	435	1841	1094	780	1680	962	2425
					1094	870	438	428	1096	962	1680	870	437	431	962	1096	2426	870	440	437	870	439	438
					869	567	444	869	564	562	869	438	430	869	441	438	442	1014	446	442	1011	1014	868
					1010	443	867	1359	1006	867	441	1359	866	442	446	866	827	556	866	447	442	866	559
					453	1150	955	1618	955	1149	1147	954	1152	953	954	955	1150	865	450	2242	954	1150	1151
					865	1357	449	1819	1820	1616	865	2242	1357	1149	955	1683	865	426	427	864	451	445	1819
					953	1615	864	1356	452	1819	1153	1683	864	2243	451	864	447	1356	953	1821	1615	1100	952
					1686	1100	1106	1637	952	1068	1067	952	1071	1068	951	1865	1868	951	1867	1605	950	1868	1869
					1868	950	1689	1871	950	1604	1867	951	1689	949	1603	1867	949	1872	1060	863	1820	1073	1871
					1873	1602	1871	948	1689	1872	949	1689	948	1058	1872	1895	1897	1691	1900	947	1691	1900	1925
					1585	947	1915	1895	946	1008	1005	1592	1005	1007	1998	2012	1692	1005	1592	1692	945	1911	1908
					2018	945	1692	2018	2017	1591	1908	946	1692	1917	1923	1586	944	1913	1916	943	1914	1918	1916
					943	1693	1916	1912	1587	858	512	478	1918	942	1693	942	1918	1915	858	478	479	1919	942
					1585	858	479	480	941	1920	1917	857	481	484	1917	944	1693	857	483	498	1919	941	1693
					857	482	481	1919	1921	1588	857	484	325	940	1934	1933	856	485	475	1933	1579	1568	856
					487	544	1942	940	1568	856	488	487	939	1939	1940	856	486	488	939	940	1942	939	1942
					1961	938	1954	1957	1988	938	1694	938	1988	1955	854	495	494	937	1958	1951	854	494	496
					1960	1988	1694	937	1969	1960	853	501	500	1957	936	1694	853	499	992	936	1957	1953	853
					500	508	1958	937	1694	853	992	988	936	1949	1958	852	503	504	935	1961	1962	852	488
					506	935	1963	1930	1573	1999	2003	1963	935	1695	852	505	503	1999	1573	1695	852	504	488
					934	2001	1999	851	486	507	1964	2008	1557	851	990	502	933	935	1962	851	1768	506	933
					1962	703	851	507	990	933	1964	934	850	513	1993	1964	933	787	850	1993	1997	932	1966
					702	850	358	362	932	701	1967	850	514	358	2014	931	1571	931	1965	1950	849	515	517
					1967	1969	1570	930	932	1967	849	517	516	930	1965	931	848	517	518	1965	930	1570	848
					521	371	2014	2004	1558	848	369	520	2014	929	1696	848	520	517	1966	932	1696	847	500
					522	929	2005	1966	847	524	508	1971	1970	1568	847	522	523	1972	928	1568	847	523	527
					927	1104	1975	846	526	524	927	928	1972	846	1346	525	927	1972	1947	846	525	510	1975
					1107	1566	846	524	1346	926	927	1975	845	1332	519	1977	926	1566	845	1345	523	925	1977
					699	845	520	1345	925	1971	928	845	523	1332	1971	925	788	844	530	529	925	926	1977
					844	1343	376	924	1978	696	844	529	1343	844	375	373	1978	924	1697	1980	1991	1697	924
					697	1980	923	2007	2005	2006	923	1558	922	2008	2007	922	2007	923	922	2009	2001	921	2009
					922	2009	921	1556	2011	1996	1556	2006	1555	1698	1555	2006	2013	2011	921	1698	1555	1995	2011
					836	1927	1331	836	985	1932	836	522	509	836	1331	522	834	485	1328	834	984	485	833
					482	1348	833	1327	545	832	487	476	832	1351	477	832	481	545	832	1326	487	2389	454
					552	830	555	455	830	455	554	830	554	461	830	863	553	829	557	448	829	558	559
					829	1324	560	829	559	1324	828	565	429	828	563	561	828	564	565	828	1322	564	827
					567	1321	827	566	567	823	585	582	823	584	583	823	253	255	823	583	581	820	593
					596	820	594	269	820	595	593	820	596	594	819	604	601	819	603	257	819	601	603
					819	602	600	818	605	167	818	607	605	818	1741	233	818	606	607	1265	349	351	1265
					374	372	377	378	1497	1264	353	352	1263	372	363	372	1263	1716	1263	377	1264	377	1263
					892	813	624	623	352	337	897	813	622	624	1262	1264	352	813	1299	621	349	1265	1716
					813	623	1299	1262	338	349	812	626	228	2281	2286	1490	812	625	1298	2281	1490	1717	812
					627	156	2240	2254	1717	812	1298	627	1490	2269	2240	1261	2270	2269	629	628	630	1261	2286
					2282	629	1409	628	1260	2282	2285	331	896	1720	811	631	621	331	1260	334	811	632	631
					2282	1260	1720	811	633	152	1259	355	354	811	1787	633	355	1259	1720	2270	1261	1720	1259
					2273	2270	1258	2291	2289	2290	2287	1486	2289	1257	1721	1257	2289	2292	2300	667	1721	1257	2293
					2300	1256	667	2512	667	1256	1721	2290	1258	1721	1256	2511	2290	2236	1255	1484	1255	2296	2256
					1254	2236	2509	2236	1254	1722	1254	2513	2295	2302	2298	1483	2302	1483	1722	2296	1255	1722	1483
					2257	2296	1482	2283	2305	1482	2304	2264	1253	3	2	3	1253	1723	2304	1482	1723	1253	2265
					2304	4	659	1723	2305	1252	1723	1252	2305	2284	1252	5	4	659	657	1394	659	658	3
					659	1394	658	798	660	663	798	663	2302	798	664	662	797	667	2300	797	665	667	797
					1392	661	797	666	1392	796	2255	2247	796	670	2255	796	669	2244	796	2244	668	1375	697
					924	1375	924	696	788	698	1971	788	1374	698	788	925	699	788	699	695	700	701	932
					700	1373	701	700	932	702	787	933	703	787	704	1964	787	703	1372	787	1372	704	786
					705	706	786	706	1825	785	707	1145	785	1146	1144	785	1843	707	784	1832	1371	784	709
					1832	784	1142	1141	784	1371	1143	783	1829	1370	783	1370	1833	782	1369	1828	782	710	456
					329	1219	1443	782	1828	710	782	457	458	1218	329	328	157	632	1740	329	1218	1740	1218
					327	157	1217	235	228	1217	234	235	983	1364	1946	1217	346	333	1216	1500	2231	1216	350
					343	1215	624	323	780	714	1161	1215	1500	1216	780	1161	715	1215	2232	1500	779	717	1088
					779	1159	720	779	719	718	779	718	1159	777	726	727	221	237	1418	232	1746	1418	728
					732	729	1208	230	224	776	734	733	221	1208	222	232	225	1424	1207	1746	232	227	1207
					1424	1206	1207	227	776	736	1070	776	733	735	776	735	736	1206	227	229	1206	230	1208
					738	1059	1157	244	242	1747	244	241	1420	738	1063	1056	243	1205	1419	738	1157	1063	243
					245	1747	1204	242	239	1204	237	1205	775	740	1050	775	1050	1156	774	742	1061	774	1061
					1155	774	743	742	774	1155	741	773	1048	744	773	744	1044	773	1154	1048	773	745	1154
					1194	900	2232	768	760	1945	768	1945	1164	1193	325	484	1192	325	1193	325	1192	899	767
					989	998	1192	330	326	767	1163	989	1191	1194	324	1191	324	327	766	1944	987	1191	330
					1192	766	1162	1944	766	763	991	340	338	897	766	991	762	339	1190	897	1189	344	342
					1189	340	1190	340	1189	341	1188	347	336	1188	344	1189	1188	345	344	1187	339	348	339
					1187	1753	347	1188	1753	1187	335	347	366	364	892	365	1186	892	1185	368	360	741	745
					743	366	1186	1754	1185	367	366	365	370	890	732	736	735	1184	1186	365	731	735	733
					1184	369	371	729	732	735	371	1183	1754	1183	371	521	1183	368	1185	731	777	1810	368
					1183	889	726	731	733	388	390	885	731	726	777	387	1182	884	388	389	1756	1181	2331
					388	387	1181	1756	1181	387	2332	717	720	2372	1180	395	1182	1180	389	396	713	714	2370
					712	718	1631	246	1178	880	1177	1178	246	700	702	704	246	250	879	1177	399	407	698
					1374	703	1176	407	398	407	1176	1757	1373	696	701	695	699	1564	2366	662	664	446	1014
					1762	661	2365	665	657	663	660	1010	868	1009	1392	666	658	1359	1009	1006	444	566	1762
					1009	1359	1762	1359	441	444	1358	448	2343	448	1358	1763	1358	2340	449	1357	2242	452	449
					1357	1763	449	426	865	452	2243	864	452	1356	1763	453	558	1763	1356	447	453	554	1355
					1764	633	629	1442	1355	554	2345	456	710	1764	625	628	1409	1355	2347	456	621	631	622
					608	609	2361	826	1320	570	2113	1284	1707	2115	1285	1707	2115	1284	1531	825	574	421	1283
					2121	2123	825	573	572	2123	2202	1708	825	576	575	1283	2122	2111	825	575	573	2127	1282
					1529	824	577	579	1282	2202	2124	824	1318	578	1282	2124	2125	824	579	568	2122	1283	1708
					824	578	423	1281	2110	2122	1281	1282	2127	2127	1026	1528	1280	2169	2170	2128	1280	1526	1279
					2152	2142	2153	2154	1525	1278	2160	2169	2169	1280	1709	822	587	320	1278	1279	2142	822	318
					97	822	320	1311	1277	2497	2153	822	1311	318	2153	1279	1709	588	589	1222	2128	1277	1709
					588	1309	589	1277	2128	2502	588	1222	304	1276	1519	2162	1276	2161	2160	1275	2163	2164	300
					590	1197	1275	1276	2162	300	1308	590	1275	2162	2151	300	285	1308	2161	1276	1711	821	51
					1198	1274	2172	2161	821	1198	287	821	592	1307	821	1307	51	2165	1274	1711	2165	1275	2164
					2175	1273	1516	1273	2174	2221	1272	2220	2174	2179	2039	1515	1272	2174	1273	1271	2177	2181	2175
					1271	1712	1271	2175	2178	2181	1270	1712	1270	2179	1272	2179	1270	1514	1270	2181	2180	1269	1267
					2185	1269	2183	1268	817	202	200	817	200	195	817	1304	202	817	612	611	1267	1713	2172
					816	613	220	1266	2187	2212	816	1303	610	1266	1268	2187	816	1213	614	816	614	1303	1266
					2171	1713	815	617	189	815	615	616	815	618	187	815	187	615	814	1301	186	814	620
					184	814	186	178	814	184	1301	810	636	129	810	131	136	810	1408	634	810	129	1408
					809	127	125	809	637	115	809	115	638	809	1407	127	808	640	118	808	114	640	808
					1406	638	808	113	1406	641	132	1405	641	1405	639	807	642	644	807	643	105	807	105
					642	807	61	64	806	60	1403	806	1228	60	806	647	86	806	1403	646	805	100	96
					805	99	645	805	107	100	805	1402	107	804	77	648	804	81	1229	804	1229	84	804
					1401	81	12	656	1724	12	1251	1460	803	79	1399	1251	53	56	803	73	1248	1250	7
					276	803	1248	79	1250	53	1251	803	1399	650	53	1250	1477	802	72	1398	1249	656	27
					802	76	75	7	1250	1724	1249	277	7	802	1398	649	1249	27	1476	1248	83	79	801
					653	652	1248	73	71	801	652	1397	1247	80	83	801	1397	24	83	1248	1725	16	1247
					1725	1247	16	11	800	1396	13	17	655	1725	800	24	1396	1246	15	17	71	1246	1725
					1246	71	74	655	17	1395	1245	25	800	655	1395	10	1245	800	1726	1245	20	18	799
					27	656	18	46	1466	799	656	8	1244	1726	13	1244	89	20	1244	93	89	1244	13
					14	33	1243	1467	33	1470	1727	29	1243	1727	1243	29	26	1242	26	44	45	43	1467
					1241	1242	44	1241	44	25	1240	47	45	45	1242	1728	1240	49	39	49	1240	1728	1239
					38	49	1239	1241	46	1239	46	42	70	1238	1463	795	2211	2215	1238	15	1463	1237	1457
					87	795	1384	2211	1237	70	1457	795	2210	675	91	1237	1462	1236	14	1238	1236	1237	91
					1236	91	93	794	1382	2158	1235	82	78	794	1667	2120	1235	59	63	794	2186	2159	1234
					11	57	78	1234	1729	793	2136	2148	1234	78	80	793	981	2150	1233	56	58	793	2156
					2149	57	1233	1729	793	2150	2143	1233	57	9	792	1376	2109	1232	59	1235	792	2109	979
					59	1232	1459	792	979	2079	1232	1233	58	792	2079	678	1232	58	54	1231	72	802	791
					682	681	75	65	1730	791	680	682	75	1231	802	66	569	826	66	1230	1730	790	687
					690	1230	68	69	790	688	2070	1230	570	68	790	689	687	84	77	804	790	690	686
					1229	81	85	789	692	693	1228	1226	60	789	693	2066	86	1228	806	789	691	684	84
					1229	1731	789	694	692	1227	2310	84	86	1227	1731	1227	86	2311	85	1226	1731	85	82
					1454	1225	643	64	2267	103	1733	1225	54	2267	1225	64	62	119	1224	1735	1224	119	117
					1224	180	620	180	1224	1445	1223	194	192	1223	124	637	194	1223	1736	1223	116	124	148
					140	1737	1222	589	148	1222	279	304	1221	181	185	181	1221	1739	149	1221	1445	1220	1221
					149	149	116	1444	191	403	1739	1220	192	191	781	1354	1138	781	460	467	781	1138	1365
					781	1365	711	983	1114	1364	189	1214	1743	1214	189	2316	195	200	1743	1214	2317	195	1433
					200	205	1433	188	618	198	196	1431	220	1213	816	778	1083	1080	778	723	1078	778	722
					725	1212	197	322	1212	219	1213	778	724	1083	1211	220	2319	220	1211	1744	198	197	1744
					1211	2318	198	208	203	1427	216	1210	1427	777	727	1081	1209	1210	216	206	211	1745	1209
					215	206	208	1210	1745	728	730	1072	207	204	208	728	729	730	1203	35	301	301	905
					1412	280	1203	1412	1202	1203	280	280	133	1411	1202	278	282	1201	1476	23	23	35	1749
					282	1201	1749	1201	282	277	1200	286	287	1200	288	474	288	1200	1750	288	1199	838	287
					592	821	1198	1200	287	1198	52	48	1198	51	52	299	1751	835	1751	299	297	772	748
					1169	1751	291	294	294	541	835	772	1169	749	1197	590	293	771	751	1028	1197	293	291
					1197	297	300	199	219	1430	771	1029	751	771	750	1168	771	1168	747	1196	214	199	770
					755	753	314	1196	1430	770	753	746	312	1752	904	770	754	755	1752	1196	314	314	310
					904	1195	309	214	1195	313	309	769	758	757	312	1195	1752	769	757	1021	1195	312	106
					769	756	1166	769	1166	752	768	2026	2023	768	1164	2026	767	1664	1000	767	1004	1163	765
					764	2024	765	2024	759	765	1002	1001	765	761	1002	1167	756	754	752	750	1654	747	748
					1652	746	753	749	725	730	729	724	725	729	722	730	725	725	724	778	721	724	1810
					1179	402	404	412	401	881	404	406	880	1178	1179	404	1176	409	412	412	1179	1757	1175
					415	2335	1175	2330	416	686	688	790	1174	182	418	686	690	1800	416	1174	1758	2368	688
					686	416	383	876	2368	686	685	418	183	875	1173	1174	418	684	694	789	1173	414	419
					684	685	1800	415	1172	874	684	691	2367	415	1175	1758	684	2367	685	419	1172	1758	683
					690	687	1172	419	413	683	791	1800	421	1171	1759	1171	421	2336	683	687	1542	680	791
					683	1171	2504	676	679	694	1800	1170	92	95	679	791	681	1170	88	577	679	681	1543
					88	1170	1462	679	692	694	92	1170	1760	1361	2216	2219	1361	94	92	1360	1552	2216	423
					1360	1760	1360	2216	1361	1360	423	2021	2364	647	646	1137	1354	1765	1354	1137	1138	467	465
					1765	467	1354	781	470	1353	908	1353	292	473	473	286	908	2363	611	612	999	1352	861
					610	2362	613	999	993	1766	1352	1353	470	1352	470	471	1348	489	490	1348	490	284	590
					591	592	573	575	578	2354	574	572	569	2355	571	568	579	1453	1342	533	531	1342	532
					534	2044	1341	843	2044	2052	1771	1341	1342	534	1341	534	535	549	551	552	533	1340	842
					547	551	549	533	1342	1771	547	2351	551	1340	2052	2061	546	550	831	1340	2061	2059	1339
					42	307	540	541	543	40	38	1465	1338	2041	2038	1338	307	41	2038	2055	1772	1338	1339
					307	534	532	841	1337	2049	2046	531	533	536	1337	2055	2049	40	1337	839	40	1339	1772
					305	1336	838	1335	539	538	1335	538	1336	1334	2046	2050	305	37	839	1334	1336	305	2050
					1333	1773	2050	2045	843	1333	537	1335	1333	535	537	542	283	835	1329	541	540	1328	540
					543	540	1328	1775	493	495	854	1327	542	1329	492	493	497	542	1327	833	489	493	492
					493	489	1767	490	489	855	546	1325	1640	546	549	1776	470	474	860	469	471	539	571
					1320	826	468	548	550	1320	568	570	466	547	831	1319	2354	572	465	466	548	1319	571
					2355	571	1319	1778	546	464	862	572	574	825	572	573	1778	2350	465	467	1318	573	578
					1318	568	1320	568	1318	824	1317	580	420	411	1317	874	460	2350	467	1316	580	1317	2349
					460	711	2348	547	466	2348	466	465	411	409	878	1779	1317	411	308	1312	1431	1311	320
					1312	319	1311	1781	1311	319	318	308	1310	1781	1310	308	2326	1310	317	382	1310	2325	317
					1309	588	32	1308	591	590	1308	285	1309	1307	592	591	591	1308	1782	50	1307	1782	1307
					50	51	1305	2362	610	1305	611	2363	611	1305	1785	611	1304	817	610	613	816	610	1303
					1785	616	617	815	1302	384	2329	616	615	1786	1302	2315	616	1301	615	186	1301	184	619
					423	577	824	1300	1301	619	1300	619	182	384	1302	1786	422	575	576	384	1300	876	421
					576	825	421	574	2336	2335	415	420	419	414	877	410	414	875	2334	420	580	409	411
					413	403	410	417	634	131	810	1408	129	635	404	402	1432	401	410	403	401	412	409
					638	1407	809	401	414	410	1407	635	127	635	1407	1788	638	114	808	1406	1407	638	1406
					113	639	1405	634	1408	1405	132	634	1405	1406	639	644	61	807	1404	645	2314	1404	2364
					646	644	642	1789	1403	60	644	646	1403	1789	646	647	806	645	1402	805	645	1404	1789
					383	416	2330	1402	642	107	2329	384	383	648	1401	804	1401	1399	81	1400	2308	649	648
					1400	1790	1400	648	2309	650	73	803	650	1399	1790	1398	72	650	649	1398	1790	649	76
					802	1397	652	651	1396	1474	13	1396	24	1397	1395	17	1474	1395	1474	1396	1395	654	10
					799	8	654	651	799	1791	799	651	27	654	1395	1791	1389	2500	2062	1389	671	2223	1389
					2223	2506	1388	2193	1507	672	1126	1796	672	1388	1531	1388	1507	2117	319	382	2327	318	319
					2327	2060	2193	1796	317	2328	382	2060	1387	842	2173	1386	1526	673	2209	1526	1312	320	321
					674	1385	1511	316	313	903	1385	1386	2173	2173	2171	1511	310	320	587	1384	674	2211	310
					587	311	1384	1385	674	314	322	901	675	1384	795	673	1386	1797	1383	2501	673	675	1383
					1797	302	588	304	1383	675	2503	301	303	905	2119	1382	794	279	905	304	2158	2186	794
					1382	2119	2198	296	300	297	2158	1381	1510	295	297	299	1381	2158	1382	1381	1380	2183	290
					292	472	294	290	859	1380	677	2177	290	294	291	289	293	590	2143	2136	793	289	473
					292	288	538	860	2148	2156	793	473	289	907	2155	2141	1798	287	286	907	2155	1379	1525
					285	589	1309	285	300	296	2143	1379	1798	1379	2143	2152	299	283	1410	283	542	284	1378
					2107	2105	1634	2103	2107	1634	2089	2093	282	278	1413	2107	1378	1799	1377	2092	2089	274	278
					281	2089	1634	1799	1377	678	2080	678	1376	792	1376	1378	2101	1376	2101	2109	678	1377	1799
					1139	1368	1544	1368	2088	2086	1367	2349	711	1139	1367	1807	1367	1139	2427	1366	2084	2088	2088
					1368	1807	1366	1136	1537	1365	1138	1136	1136	1366	1807	711	1365	1807	711	460	781	1117	1120
					1808	1364	1114	1117	1363	1120	1113	1363	1113	1110	1169	748	747	1169	746	749	1168	750	752
					1168	1169	747	747	1029	771	746	1169	1812	746	1167	770	1167	754	770	1166	756	1167	752
					1166	1812	752	758	769	2217	1165	872	2217	2176	1816	220	613	2319	1165	21	90	215	309
					313	1165	90	94	1164	759	2026	214	309	215	1163	1004	761	216	212	1425	212	213	1303
					759	1164	1818	212	1303	614	759	761	765	210	315	1428	477	481	832	605	607	394	1351
					476	504	476	1351	832	1350	477	1351	600	604	819	1350	484	477	600	599	1783	1350	512
					858	2359	600	602	1350	858	2230	2359	599	600	2235	1349	899	598	599	2358	1349	2235	495
					597	601	604	1349	498	483	596	597	604	1348	482	498	594	596	1306	498	1349	1767	597
					593	1414	593	597	596	518	515	1769	362	1347	1769	1347	362	359	1347	521	518	581	585
					823	1346	524	527	1345	520	528	1345	1346	527	1345	527	523	528	369	890	528	1344	1770
					1344	370	376	1343	529	525	562	567	869	1343	525	1346	1343	1344	376	2352	561	563	376
					375	844	557	560	2353	556	559	866	553	555	830	525	529	1499	527	524	847	522	1332
					523	518	521	848	517	520	519	516	517	519	515	518	517	511	529	530	510	526	846
					519	1332	1774	508	524	526	519	520	845	505	506	1768	1331	1332	522	505	526	510	1331
					1927	1931	503	512	504	1332	1331	1774	510	525	1499	503	505	510	1330	2003	516	500	501
					509	1931	1330	1774	500	509	522	1330	1931	1929	508	500	847	499	1768	502	499	508	526
					508	499	853	1328	485	544	545	482	833	545	1326	832	1327	1775	1326	506	505	852	486
					506	488	506	486	851	544	1326	1775	544	485	856	1326	544	487	498	482	857	553	1325
					1776	481	482	545	1325	553	463	479	511	530	560	557	829	478	511	479	1324	559	556
					1323	561	2352	478	512	503	1323	2353	560	511	478	1499	560	1324	1777	477	484	481	561
					1322	828	476	487	488	561	1323	1777	476	488	504	1322	562	564	475	507	486	1321	556
					827	475	486	856	562	1322	1777	1321	567	562	556	1321	1777	463	553	863	461	863	830
					1315	390	400	1315	400	1316	385	391	885	2346	458	457	1779	385	1315	2346	459	458	385
					1779	878	456	457	782	456	2347	457	1314	586	2356	582	585	1780	454	555	552	1314	2322
					582	454	455	555	1313	2288	2510	454	2344	455	2288	1313	1780	1313	586	1314	554	455	2345
					1313	2357	586	453	559	558	668	450	1794	448	558	829	2343	448	557	453	447	866	446
					566	827	445	447	864	444	567	566	445	451	1719	445	1011	442	446	827	866	442	447
					445	444	441	869	431	439	870	431	434	1761	431	432	871	431	437	1583	598	254	1419
					598	1306	1783	434	436	1761	434	433	2342	434	2342	436	240	609	1784	430	565	564	430
					439	1761	430	564	869	240	231	1420	430	438	439	429	565	1761	429	436	2341	429	563
					828	429	2341	563	428	441	867	428	867	1687	428	440	870	428	438	441	426	449	2340
					427	450	865	427	425	1794	2339	425	427	2339	427	426	621	622	813	1299	623	627	1298
					625	1409	1298	1299	627	1409	629	633	621	1299	1787	621	1787	811	1787	1409	633	407	399
					882	608	394	1784	393	608	2361	608	393	884	392	605	394	390	2333	400	389	391	396
					1182	395	392	388	2331	390	387	393	2332	386	399	408	386	408	397	386	397	883	386
					396	882	385	398	391	373	375	374	373	530	844	376	370	888	369	528	520	371	369
					848	364	366	367	364	378	377	365	363	888	363	372	374	368	359	893	362	513	850
					358	514	361	358	359	362	356	354	894	1390	351	350	1394	657	660	348	354	355	1394
					1392	658	1393	2365	661	1393	662	2366	344	345	1440	341	343	350	662	1393	1792	662	660
					798	340	341	895	661	665	797	338	351	349	661	1392	1792	337	348	339	1392	1394	1792
					337	352	353	373	374	1498	347	335	898	1391	530	373	1391	351	1390	333	346	336	332
					333	898	331	335	896	331	334	898	1390	2231	2233	150	496	494	326	330	328	325	483
					857	323	327	324	270	593	595	270	271	593	269	595	820	1375	696	1373	1375	695	697
					265	268	266	695	1375	1801	265	273	270	695	1374	788	265	266	273	264	271	272	263
					603	601	264	272	1755	1372	703	1374	261	603	263	381	260	1417	1372	1373	700	259	263
					601	1372	700	704	263	259	1417	1143	1371	1806	264	259	1414	1371	1832	708	259	264	262
					1143	1142	784	1370	1829	1830	257	2324	602	708	1370	1806	257	603	1748	1370	708	1833	1830
					1369	1806	1369	1830	1828	458	459	1806	257	602	819	458	1369	782	257	258	2324	256	584
					261	256	583	584	256	260	886	256	261	260	255	258	1748	254	598	2358	2323	258	255
					255	584	823	253	2323	255	582	253	823	253	582	2322	1364	1102	1946	248	408	879	248
					250	252	247	251	249	1363	1105	1101	247	249	405	246	249	250	1362	1363	1101	244	245
					2321	1362	1101	1104	243	254	2320	1102	1364	1808	243	2320	245	241	244	2321	240	241	2360
					1362	1947	1102	1161	714	713	1161	712	715	240	2360	609	1160	2369	716	713	1160	1809	1160
					713	2370	720	717	779	238	239	242	236	1205	237	236	594	1306	712	1161	1809	233	606
					818	1159	718	712	231	606	238	1158	716	2371	231	607	606	1158	1160	716	720	1159	1809
					1158	2372	720	1157	1059	737	230	235	234	1157	1155	1063	737	1156	1811	1156	737	775	1156
					1050	739	1155	1157	1811	226	233	1741	741	743	774	739	1154	1811	233	225	1421	1154	739
					1048	225	233	226	741	1155	1811	1154	745	741	232	239	1421	227	154	1441	223	595	269
					222	223	269	269	594	1423	221	222	1423	1164	1945	1944	1163	762	989	1162	1164	1944	762
					1163	1818	762	1162	766	1818	761	759	1818	1163	761	1817	405	193	1817	122	496	1816	1165
					2217	1816	2176	2043	1816	21	1165	1816	2043	306	1814	6	275	1814	315	2268	1814	111	1428
					1814	1428	315	1812	1166	1167	1812	1167	746	1812	1168	752	1812	1169	1168	1810	724	729	1810
					777	721	1808	1120	1363	1808	1364	1117	1807	1365	1136	1807	1366	2088	1807	1367	711	1807	1368
					1139	1800	694	684	1800	690	683	1800	791	679	1800	685	686	1799	1377	2089	1799	1378	1376
					1799	1376	678	1799	1634	2107	1798	1379	2155	1798	2136	2143	1798	2141	2145	677	1381	1382	677
					1380	1381	677	1382	2198	1797	1383	673	1797	1385	1384	1797	1386	1385	1797	1384	675	1796	1126
					1387	1796	2193	1388	1796	1388	672	1796	1387	2060	1795	1389	2062	1795	671	1389	1795	2133	2229
					1795	2062	2225	1791	1395	1396	1791	1397	651	1791	799	654	1791	1396	1397	1790	1398	650	1790
					1399	1401	1790	1400	649	1790	1401	648	1789	1402	645	1789	1403	644	1789	642	1402	1789	1404
					646	1788	1407	1406	1788	1405	1408	1788	1406	1405	1788	1408	635	1786	1301	1300	1786	615	1301
					1786	1300	384	1786	1302	616	1785	1305	610	1785	213	1304	1785	1303	213	1785	1304	611	1782
					1307	591	1782	32	50	1782	1308	1309	1782	1309	32	1781	382	319	1781	1312	308	1781	1311
					1312	1781	1310	382	1779	1316	1317	1778	573	1318	1778	1319	572	1778	1318	1320	1778	1320	571
					1776	1325	546	1776	549	552	1775	1327	1329	1775	1329	540	1773	1334	2050	1773	1336	1334	1773
					1333	1335	1773	1335	1336	1772	2055	1337	1772	1338	2038	1772	1337	40	1772	1339	1338	1771	1341
					2044	1771	1340	533	1771	2052	1340	1771	1342	1341	1767	489	1348	1767	495	493	1766	1352	999
					1766	1353	1352	1766	993	292	1766	292	1353	1765	1130	1137	1765	465	548	1765	548	468	1765
					1354	467	1760	577	423	1760	1170	577	1760	1360	1361	1760	1361	92	1759	676	2215	1759	576
					421	1759	2020	576	1759	1171	676	1758	1174	1173	1758	1172	415	1758	1173	419	1758	1175	416
					1757	1176	412	1757	1179	1178	1752	1195	214	1752	214	1196	1751	1197	291	1751	297	1197	1750
					48	1199	1750	1200	1198	1750	1198	48	1750	1199	288	1749	1201	23	1749	1203	1202	1749	35
					1203	1749	1202	282	1745	207	208	1745	211	207	1745	1210	1209	1745	1209	206	1744	1213	220
					1744	197	1212	1744	1211	198	1744	1212	1213	1743	200	1433	1743	618	189	1743	1433	618	1743
					1214	195	1742	190	201	1742	217	173	1742	173	171	1742	171	177	1739	1221	1220	1739	403
					417	1739	417	181	1739	1220	191	1738	298	491	1738	141	298	1738	491	143	1738	143	142
					1737	636	136	1737	1222	148	1737	279	1222	1737	140	135	1736	1223	637	1736	121	194	1736
					637	144	1736	144	121	1735	640	119	1735	620	170	1735	1224	620	1735	170	640	1734	281
					126	1734	110	274	1734	641	112	1734	175	110	1733	643	1225	1733	1225	2267	1733	104	643
					1733	103	316	1732	98	96	1732	311	587	1732	587	97	1732	100	311	1731	1226	1228	1731
					1227	84	1731	1229	85	1731	1228	86	1730	69	1231	1730	65	66	1730	1230	69	1730	1231
					75	1729	1232	1235	1729	1233	1232	1729	1234	57	1729	1235	78	1238	70	1237	1238	1237	1236
					1728	1239	49	1728	1240	45	1728	1241	1239	1728	1242	1241	1727	34	653	1727	1243	33	1727
					1470	30	1727	653	29	1726	1244	20	1726	20	1245	1725	1246	17	1725	1247	83	1725	1248
					71	1725	655	16	1724	656	1249	1724	1249	7	1724	1251	12	1724	1250	1251	1715	1024	2140
					1715	2140	2226	1715	1030	1024	1715	2064	2068	1714	2205	2197	1714	2201	2188	1714	2191	2189	1714
					2197	2194	1713	1267	1269	1713	1268	1266	1713	1269	1268	1712	1271	2181	1712	1270	1272	1712	1273
					2175	1712	1272	1273	1711	1274	2161	1711	1275	2165	1711	1276	1275	1710	2137	2132	1710	2132	2129
					1710	2135	2146	1709	1277	2153	1709	1278	2169	1709	1280	2128	1709	1279	1278	1708	1281	2122	1708
					1282	1281	1708	2202	1282	1708	1283	2123	1707	1285	1287	1707	1286	2113	1707	1284	2115	1707	1287
					2112	1706	1289	2098	1706	1290	2097	1706	1288	2099	1706	1536	2096	1705	1291	2076	1705	1292	2077
					1705	1293	1292	1705	1294	2083	1704	1295	2071	1704	1296	1297	1704	1297	2082	1704	689	2070	1703
					2207	2066	1703	910	2224	1703	693	2067	1702	912	2058	1702	2053	2056	1702	2206	2053	1702	2056
					912	1701	2029	2032	1701	2032	913	1700	914	1108	1700	1122	2222	1700	915	914	1700	916	915
					1699	917	2019	1699	919	917	1699	920	919	1699	918	920	1682	956	2090	1682	957	1131	1682
					1621	1134	1681	1624	1123	1681	961	959	1681	959	1124	1681	960	961	1678	964	2091	1678	963
					723	1678	965	2108	1678	723	965	1677	1638	1075	1677	967	727	1676	970	968	1676	728	1072
					1670	682	2072	1670	976	1034	1670	977	2069	1670	772	1033	1669	979	2102	1669	978	751	1669
					980	979	1669	751	980	1668	981	2149	1668	1023	1031	1668	2144	981	1668	755	1022	1667	2166
					757	1667	757	2126	1665	2030	2036	1665	760	2030	1664	984	995	1664	995	1000	1662	2034	764
					1662	764	986	994	993	996	994	996	995	1660	1002	1004	1660	1004	1000	1660	1003	1002	1660
					996	999	1023	2157	1024	1023	1024	1025	1655	754	756	1655	756	1021	1655	2168	2163	1655	2163
					1022	1654	758	752	1654	750	1028	1654	1026	1027	1654	1027	758	1653	2073	2069	1653	1032	1030
					1653	1030	2068	1653	977	1032	1652	1029	747	1652	748	1035	1652	1035	2077	1652	1036	1029	1651
					749	753	1651	753	1025	1651	1025	1032	1651	1032	1033	1640	968	464	1640	464	546	1639	1111
					914	1639	967	1111	1639	914	1079	1638	1363	1110	1636	730	722	1636	1135	1133	1636	722	1135
					1636	1133	1072	1635	1084	915	1635	2104	2108	1635	915	2104	1635	965	1084	1634	964	2103	1634
					2093	964	1633	1082	1079	1633	1083	1081	1633	1084	1083	1633	1081	1082	1628	1111	1075	1628	1112
					1108	1628	1109	1112	1628	1110	1109	1627	1114	2036	1627	1550	2035	1627	1115	1114	1627	1116	1119
					1626	1116	2035	1626	1118	961	1626	1701	2037	1626	961	1116	1625	1109	1113	1625	1115	1119	1625
					960	1109	1625	1120	1115	1624	1112	1123	1624	1121	1122	1624	1122	1112	1623	1127	1124	1623	1125
					1126	1623	1126	1127	1622	1128	1137	1622	1129	1131	1622	957	1128	1622	1130	1129	1621	970	1133
					1621	1132	970	1620	2094	956	1620	1135	1078	1620	963	2094	1620	956	1135	1619	2100	2099	1619
					1138	1137	1619	1537	1136	1619	1128	2100	207	211	209	207	209	218	206	210	211	206	215
					210	208	204	1429	201	205	1429	1304	203	202	1304	213	203	200	202	205	199	1426	1425
					199	214	1426	1213	219	614	197	321	322	196	2326	308	196	198	2318	195	612	817	2317
					612	195	193	405	406	191	192	402	191	402	403	201	217	1742	190	205	201	189	618
					815	2316	189	617	2315	617	616	187	618	188	186	615	187	182	183	418	619	184	1435
					181	417	183	181	183	1435	180	184	620	180	185	184	111	179	209	111	209	1428	178
					620	814	177	188	190	176	217	218	175	176	1436	173	217	176	172	173	1437	171	173
					172	177	190	1742	170	620	178	169	171	172	178	1434	1438	178	186	1434	177	171	1438
					1434	188	177	147	490	855	147	295	1410	147	491	298	147	298	295	146	491	855	145
					146	492	143	146	145	143	491	146	141	906	298	142	141	1738	148	589	909	139	140
					148	139	296	906	139	906	141	138	497	854	137	144	145	136	279	1737	135	636	1737
					136	134	1412	133	280	134	136	636	810	131	134	136	131	634	132	130	141	142	135
					130	1447	129	636	135	128	130	142	142	143	1446	635	129	1447	126	132	641	126	133
					132	126	641	1734	126	281	1411	125	127	1447	125	128	144	125	144	637	125	637	809
					137	145	123	193	122	1817	122	138	496	138	122	1448	121	144	137	137	123	1448	120
					194	121	120	193	406	120	122	193	194	120	1432	118	640	170	118	170	169	116	149
					117	115	637	124	124	116	1449	114	119	640	119	114	1449	114	638	115	113	118	169
					118	113	808	112	639	174	112	174	1437	112	175	1734	112	641	639	110	1436	179	274
					281	1734	110	175	1436	109	275	276	109	274	110	275	109	179	274	109	1413	106	312
					108	105	107	642	104	106	105	104	105	643	316	104	1733	102	316	103	102	315	210
					102	313	316	100	107	108	100	108	311	99	2314	645	97	98	1732	97	587	822	97
					318	2313	97	2313	98	96	99	805	96	100	1732	96	98	2312	96	2312	99	92	94
					95	91	95	1452	88	579	577	87	579	88	86	647	2311	85	81	1455	79	83	80
					79	81	1399	78	82	80	77	84	2310	77	2309	648	2308	76	649	650	72	1456	71
					73	74	68	87	1457	67	1231	69	67	70	74	67	72	1231	2307	75	76	2307	65
					75	2306	66	65	2306	569	66	1553	2020	2213	1553	918	2019	64	643	807	1553	2213	918
					61	62	64	1553	2019	422	60	1226	63	60	61	644	59	62	1458	1552	2021	917	54
					58	56	1552	1360	2021	53	55	1461	1552	917	2218	1551	2026	2024	1551	2024	2025	47	52
					51	47	48	52	1551	2027	2023	43	45	47	1550	2027	2029	306	2043	840	1550	2030	2027
					307	42	1468	2028	2034	2033	39	1199	48	2028	2032	2025	38	39	49	2028	2033	2032	37
					38	40	36	1199	39	1549	2040	2057	36	37	305	1549	2041	2039	35	303	301	1549	2039
					2040	1549	2042	2038	32	588	302	2047	2048	2045	31	33	43	31	50	32	2047	2045	2046
					31	1470	33	50	31	1464	1548	2052	2044	30	302	303	1548	2053	2051	30	34	1727	1548
					2048	2053	30	1470	302	1548	2061	2052	30	303	1469	1547	2056	2054	34	652	653	1547	2055
					2042	1547	2047	2049	28	652	34	1547	2042	2056	2204	2192	2059	651	652	1471	2204	2059	2061
					29	801	1472	2204	2061	2051	801	29	653	44	26	1472	1546	911	2224	1546	2227	2225	1546
					2208	911	23	1476	1471	23	28	35	1545	2228	2224	800	25	24	1545	2063	2068	1545	2064
					2228	22	306	41	1545	910	2063	306	21	1816	21	306	22	1544	2086	2082	89	19	1473
					1544	2065	1139	19	94	90	1544	1368	2086	90	21	1473	1543	692	679	19	89	93	1543
					681	2069	18	20	22	1543	2073	2063	18	22	1468	1543	2063	2067	14	15	1238	13	1726
					800	1542	2074	2072	1542	687	2071	1542	680	683	1542	2075	2076	16	10	1475	10	16	655
					1541	2087	2083	9	57	11	1541	2075	1295	8	656	12	1541	1294	2075	12	9	1475	1541
					1295	2082	8	10	654	7	277	276	1540	1036	1292	275	111	1814	6	276	275	1540	980
					1036	1291	1035	976	1291	976	2074	1539	2080	2079	1539	2079	2081	1539	1540	2078	1539	1290	2096
					1538	2086	2088	1538	2084	2097	1538	2085	2087	1538	2087	2086	2095	2094	2093	2095	2093	2092	1537
					1288	2084	1537	2084	1366	1536	2080	2096	1536	2092	1377	1536	1377	2080	1535	2085	2097	1535	1290
					2078	1535	1293	2085	1534	2095	2098	1534	2100	958	1534	958	2090	1534	1289	2100	1533	2104	2106
					1533	2105	2107	1533	2103	2108	1533	2106	2105	1532	2110	2102	1532	2101	2114	1532	2109	2101	1532
					2111	2110	1531	2116	672	1531	2117	2115	1531	1284	2116	1531	1388	2117	1530	2105	1287	1530	1287
					2114	1530	2101	1378	2268	101	55	1530	1378	2105	2268	6	1814	2268	315	1451	1286	2106	916
					2268	55	6	1286	916	2118	2267	101	103	2267	54	101	1283	2111	1285	1283	1285	2121	1529
					2125	2126	1529	1027	2127	1529	1282	2125	1529	2126	1020	1528	2110	1281	1528	1026	978	1528	978
					2102	1528	1281	2127	1527	2190	2188	1527	2199	2121	1527	2121	2115	1527	2117	2190	1526	2209	2128
					1526	1280	2170	1526	2170	2173	1526	1386	673	1525	1279	2153	1525	2154	2155	1525	2152	1279	1525
					1379	2152	1524	2131	2129	1524	2130	2229	1524	2133	2131	1523	2135	2148	1523	2134	2146	1523	2136
					2145	1522	2138	2147	1522	2139	2226	1522	2140	2138	1522	2147	2129	1521	2150	2151	1521	2152	2150
					1521	2151	2162	1521	1519	2142	2229	2507	671	2224	2228	2227	2505	2223	671	1520	2157	2156	1520
					2135	2147	1520	2156	2148	2218	2221	1502	1520	2138	2157	2217	2219	2220	2216	1552	1502	1519	2160
					1278	2215	2211	1503	2215	676	795	1519	1276	2160	2211	674	2212	1519	1278	2142	2214	2213	1503
					1518	2151	2144	1518	2163	1275	2503	675	2210	1518	1275	2151	676	2504	2210	1518	2144	1022	676
					2210	795	2164	2167	2165	2164	2168	2166	2501	2209	673	2164	2166	2167	2500	2208	2062	1517	2171
					2170	1517	2160	2161	2499	911	2208	1517	2170	2169	2499	2207	911	1517	2172	2171	1516	1513	2175
					1516	2221	919	1516	919	2182	1516	1273	2221	2195	677	2198	1515	1272	2179	2194	2197	1506	1515
					2039	2176	2194	2201	1714	1515	2220	1272	2194	2196	2200	1515	2176	2220	2194	2200	2201	1380	1271
					2178	2189	2205	1714	1380	2177	1271	2189	2191	2192	1514	2040	2179	2189	2192	2204	1514	2180	2058
					2189	2204	1504	1514	1270	2180	1514	912	2040	2197	2205	2203	1513	2183	2178	2197	2203	2195	2188
					2190	2191	2188	2191	1714	2188	2201	2199	1513	2184	2183	2188	2199	1527	1512	2167	2159	1512	2185
					1267	1512	2186	2185	2187	2214	2212	1512	1274	2165	1511	2212	674	1267	1274	1512	1511	2171	1266
					1511	1266	2212	2183	2184	1268	1511	1385	2173	1510	2183	1269	2178	2183	1380	1510	1269	2185	2177
					2180	2181	1510	2185	2158	2177	677	2195	1510	1381	2183	2176	2217	2220	2174	2220	1502	2187	2184
					920	1513	2178	2175	2187	920	2214	1513	2182	2184	2187	1268	2184	2171	2172	1713	2170	2171	2173
					1274	1267	2172	2165	2167	1512	1509	2200	2196	2163	2168	2164	1509	2119	2120	1509	2196	2119	2169
					2160	1517	1509	2125	2124	2161	2172	1517	1508	2195	2203	1508	2180	2177	2159	2186	1512	1508	2177
					2195	2159	2167	2166	1508	2203	2058	2158	2185	2186	1507	2192	2191	1507	2191	2190	2153	2497	2154
					1507	2193	2192	2162	1519	1521	1506	2195	2198	1506	2197	2195	2149	2156	2157	1506	2196	2194	1506
					2198	2196	2144	2151	2150	1505	2199	2201	2143	2150	2152	1505	2200	2202	2142	2152	1521	1505	2202
					2123	2496	2145	2141	1505	2201	2200	2495	2141	2155	1504	2203	2205	2495	2155	2154	1504	2204	2051
					2226	2140	1522	1504	2206	2203	2139	2228	2226	1504	2205	2189	2494	2137	2146	2145	2136	1798	2147
					2135	1710	2146	2137	1710	2134	2145	2496	2134	2494	2146	2146	2135	1523	1503	2213	2215	2145	2134
					1523	1503	2211	2212	1503	2212	2214	2147	2138	1520	1502	1552	2218	2148	2136	1523	1502	2220	2219
					2148	2135	1520	1502	2219	2216	2229	671	1795	1502	2221	2174	1501	2116	2113	2131	2133	2225	1501
					1127	2116	2229	2133	1524	1501	1121	1127	2130	2507	2229	1501	2118	2222	2129	2147	1710	2129	2132
					1524	2129	2131	2139	2129	2139	1522	2132	2130	1524	536	1125	1118	536	1118	531	2132	2137	2493
					2132	2493	2130	2128	2209	2502	2124	2200	1509	2227	2131	2225	2124	2202	2200	2227	2139	2131	2123
					2199	1505	2227	2228	2139	2121	2199	2123	2120	2125	1509	2120	2126	2125	2119	2196	2198	2117	1507
					2190	2115	2117	1527	2113	2118	1501	2110	2111	2122	2114	2111	1532	2105	2106	2112	2108	2104	1533
					2107	2103	1533	2102	2109	1532	2099	1537	1619	2092	2098	2095	2091	2093	2094	2090	2094	2095	2089
					2092	2093	2097	2085	1538	2088	2084	1538	2083	2087	2085	2082	2086	2087	2096	2080	1539	2081	1540
					1539	2079	2080	678	2078	1290	1539	2076	2074	1542	2072	682	680	2072	680	1542	2071	687	689
					2071	2075	1542	2070	688	2492	2070	689	790	2069	2073	1543	2069	681	682	2067	693	692	2066
					691	789	2066	2498	691	2066	2207	2498	2066	693	1703	2226	2064	1715	2064	2226	2228	2063	2073
					2068	2068	2064	1545	2067	692	1543	2225	2133	1795	2225	2062	1546	2062	2208	1546	2060	2192	2193
					2059	2192	2060	2058	2180	1508	2058	2203	2206	2053	2054	2056	2051	2061	1548	2051	2206	1504	2051
					2053	2206	2048	2054	2053	2054	2048	2047	2054	2047	1547	2049	2055	1547	2046	2049	2047	2045	2050
					2046	2044	2048	1548	2044	2045	2048	2042	2057	2056	2043	2041	840	2057	2042	1549	2039	2041	2043
					2039	2043	2176	2039	2179	2040	2038	2042	2055	2038	2041	1549	2031	2032	2033	2031	2033	841	2036
					2030	1550	2029	2025	2032	2029	2035	1550	2028	764	2034	2027	2025	2029	2025	2027	1551	2024	764
					2028	2024	2026	759	2024	2028	2025	2023	2026	1551	2023	2030	760	2023	760	768	2023	2027	2030
					2022	2033	2034	2022	537	841	2021	423	578	2215	2020	1759	2020	2215	2213	2020	422	576	422
					2019	873	422	2020	1553	1477	1250	276	1477	55	53	1477	276	6	1477	6	55	1476	277
					1249	1476	1201	277	1475	10	8	1475	8	12	1475	9	11	1475	11	16	1474	14	13
					1474	17	15	1474	15	14	1473	20	89	1473	19	90	1473	22	20	1473	21	22	1472
					801	24	1472	24	25	1472	25	44	1472	26	29	1471	1476	27	1471	652	28	1471	27
					651	1471	28	23	1470	31	32	1470	32	302	1469	28	34	1469	303	35	1469	35	28
					1469	34	30	37	36	39	37	39	38	1468	22	41	1468	41	307	1468	42	46	1468
					46	18	1467	43	33	1467	26	1242	1467	1242	45	1467	1243	26	1466	25	1245	1466	46
					1241	1466	1241	25	1466	1245	18	1240	39	48	1240	48	47	1465	38	1239	1465	42	1339
					1465	1339	40	1465	1239	42	1464	51	50	1464	31	43	1464	47	51	1464	43	47	1463
					15	1246	1463	74	70	1463	1246	74	1462	1237	87	1462	1170	95	1462	87	88	1462	95
					91	1236	93	1244	1236	1244	14	1461	55	101	1461	101	54	1461	54	56	1461	56	53
					1234	80	1247	1234	1247	11	1460	9	12	1460	56	1233	1460	1233	9	1460	1251	56	1459
					62	59	1459	54	1225	1459	1225	62	1459	1232	54	1458	62	61	1458	60	63	1458	61
					60	1458	63	59	1457	67	69	1457	70	67	1457	69	68	1456	72	67	1456	73	650
					1456	67	74	1456	74	73	1455	80	82	1455	81	79	1455	79	80	1455	82	85	1454
					63	1226	1454	82	1235	1454	1235	63	1454	1226	85	1453	579	87	1453	68	570	1453	570
					568	1453	87	68	1452	94	19	1452	93	91	1452	19	93	1452	95	94	1451	103	101
					1451	101	2268	1451	102	103	1451	315	102	1450	107	105	1450	105	106	1450	106	108	1450
					108	107	179	109	110	179	111	275	174	169	172	174	639	113	174	113	169	1449	115
					124	1449	117	119	1449	114	115	1449	116	117	1448	121	137	1448	120	121	1448	122	120
					1448	123	138	1447	127	635	1447	128	125	1447	130	128	1447	129	135	133	134	131	133
					131	132	140	141	130	140	139	141	140	130	135	1446	144	128	1446	143	145	1446	128
					142	1446	145	144	1445	1224	117	1445	1221	185	1445	117	149	1445	185	180	1444	1220	149
					1444	1223	192	1444	116	1223	1444	192	1220	1139	2065	2427	1297	2428	2065	1136	1138	1619	1133
					1135	1134	468	1130	1765	468	550	862	1129	1132	1131	1129	1130	468	1137	1128	1619	1137	1130
					1622	1128	958	2100	1438	170	178	1127	672	2116	1438	171	169	1126	672	1127	1438	1434	177
					1125	1387	1126	1438	169	170	1125	536	1387	1437	175	112	1437	173	176	1121	2222	1122	1437
					174	172	1121	1124	1127	1437	176	175	2222	1121	1501	1436	209	179	1701	2035	2029	1118	2037
					531	1436	218	209	1118	1125	959	1436	176	218	2037	1118	1626	1435	185	181	1435	182	619
					2035	1701	1626	1435	184	185	2035	1116	1627	1435	183	182	1119	1115	1627	1115	1120	1117	2036
					1550	1627	1114	1115	1117	1109	1123	1112	1113	1120	1625	1109	1110	1113	1108	1111	1628	1108	1112
					1122	1434	186	187	1434	187	188	1433	190	188	1433	205	190	1432	402	192	1432	120	406
					1432	192	194	1432	406	404	1431	1312	321	1431	197	198	1431	321	197	1431	196	308	1430
					1212	322	1430	1196	199	1430	322	314	1430	219	1212	1429	203	208	1429	205	202	1429	202
					203	1429	204	201	1428	211	210	1428	209	211	1427	1210	208	1427	203	213	1427	212	216
					1427	213	212	1426	1209	216	1426	214	215	1426	215	1209	204	207	218	204	217	201	204
					218	217	1425	212	614	1425	1426	216	1425	219	199	1083	724	721	1425	614	219	1081	1083
					721	1081	721	777	1082	1081	727	1080	723	778	1080	1083	1084	1079	1084	1633	1078	722	778
					1078	1135	722	1075	1110	1628	1072	730	1636	1413	277	282	1413	109	276	1413	276	277	1413
					278	274	1412	279	136	1412	1203	301	1412	134	280	1412	905	279	1411	1202	280	1411	281
					278	1411	133	126	1411	278	1202	1410	295	299	1410	284	490	1410	283	284	1410	490	147
					123	497	138	123	492	497	123	145	492	909	285	296	909	139	148	909	589	285	909
					296	139	908	474	470	908	286	1200	908	1353	473	908	1200	474	907	592	287	907	289
					590	907	286	473	907	590	592	293	292	290	293	289	292	293	290	291	906	297	295
					906	295	298	906	296	297	905	302	304	905	303	302	904	310	311	904	108	312	904
					1752	314	904	311	108	903	313	1195	903	106	104	903	1195	106	2077	1036	1652	903	104
					316	1034	748	772	902	102	210	1034	1035	748	902	210	215	1033	772	749	902	313	102
					1033	749	1651	902	215	313	2068	1030	1715	2068	2073	1653	1031	753	755	1028	750	771	901
					310	314	1026	2127	1027	901	320	310	1028	1026	1654	901	321	320	1025	1030	1032	901	322
					321	1025	753	1031	1024	2157	2138	1024	2138	2140	1024	1030	1025	1023	1025	1031	1031	755	1668
					1023	2149	2157	1022	755	754	1022	754	1655	1022	2144	1668	1022	2163	1518	1021	756	769	1021
					2166	2168	1021	757	2166	1021	2168	1655	1020	758	1027	1020	2126	757	1020	757	758	1020	1027
					1529	1002	761	1004	1001	764	765	1001	1002	1003	1000	1004	767	999	1003	1660	1000	996	1660
					995	996	1000	997	543	859	994	995	997	472	994	859	993	999	996	993	472	292	993
					994	472	986	471	469	986	764	1001	1001	1003	861	2022	1662	837	469	539	837	1662	2022
					2034	1662	986	469	984	997	995	997	984	834	2036	1114	983	2036	983	1665	2159	1667	794
					2159	2166	1667	1667	2126	2120	881	401	403	2120	2119	794	881	402	1179	2149	981	793	881
					1179	412	2149	1023	1668	881	403	402	981	2144	2150	980	1540	2081	880	1178	404	980	751
					1029	880	406	405	980	1029	1036	979	2109	2102	979	2081	2079	979	980	2081	2102	978	1669
					978	1028	751	878	409	1176	978	1026	1028	2102	2110	1528	878	1779	411	2069	977	1653	2069
					682	1670	2409	580	1316	1033	977	1670	977	1033	1032	976	1035	1034	877	401	409	2072	976
					1670	877	409	413	1034	772	1670	877	414	401	976	2072	2074	877	413	419	876	1300	182
					876	1174	416	876	182	1174	876	383	384	875	417	410	875	1173	418	875	183	417	875
					414	1173	874	1172	413	874	420	415	874	1317	420	874	413	411	970	1072	1133	1072	970
					1676	970	1132	464	873	2021	578	873	578	575	873	575	422	968	970	464	873	2019	2021
					967	1082	727	1082	967	1639	967	1075	1111	872	1361	2219	872	94	1361	872	2219	2217	872
					1165	94	1638	1110	1075	1075	967	1677	2108	965	1635	965	723	1080	965	1080	1084	964	2093
					2091	2108	964	1678	964	2108	2103	1078	963	1620	2091	963	1678	963	1078	723	963	2091	2094
					961	1118	959	961	1119	1116	960	1123	1109	960	1119	961	1119	960	1625	1123	960	1681	1624
					1124	1121	959	1125	1623	1124	1624	1681	1124	959	1623	2090	2095	1534	1131	957	1622	958	957
					1682	957	958	1128	1621	1131	1132	1131	1621	1682	1621	1133	1134	956	2094	2090	2090	958	1682
					1134	956	1682	956	1134	1135	862	464	1132	862	550	546	862	1132	1129	862	1129	468	861
					471	986	861	1003	999	861	1352	471	861	986	1001	860	539	471	860	471	470	860	538
					539	860	474	288	859	541	294	859	994	997	859	543	541	859	290	472	855	491	147
					855	489	492	855	492	146	854	497	493	854	496	138	532	1342	531	532	531	913	843
					1333	2050	843	1341	535	843	2045	2044	843	535	1333	842	1340	2059	842	536	533	842	1387
					536	842	2059	2060	841	2033	2022	841	532	2031	841	535	534	841	537	535	840	2041	1338
					920	2184	2182	840	1338	41	919	2221	2218	840	41	306	919	920	2182	839	1337	2046	2182
					1513	1516	839	37	40	839	2046	1334	918	2213	2214	839	1334	305	918	2214	920	838	36
					305	917	2021	2019	838	538	288	838	1199	36	838	1336	538	2019	918	1699	837	537	2022
					917	919	2218	837	1335	537	837	1662	469	2222	916	1700	916	2106	2104	916	2222	2118	837
					539	1335	915	1084	1079	915	916	2104	1108	1122	1700	914	1111	1108	914	915	1079	1079	1082
					1639	835	1329	542	913	2032	2031	835	1751	294	913	2031	532	835	283	299	913	2037	1701
					913	531	2037	2058	912	1514	2058	2206	1702	835	541	1329	834	543	997	912	2056	2057	834
					1328	543	912	2057	2040	2224	2227	1546	911	2207	1703	833	1348	284	833	284	542	2224	910
					1545	2224	911	1703	2067	910	1703	910	2067	2063	1297	2065	1544	2082	1297	1544	1296	2428	1297
					831	548	466	2070	1296	1704	1296	2070	2492	831	550	548	1295	2075	2071	831	547	549	2071
					689	1704	831	549	546	2082	1295	1704	2082	2087	1541	2083	1294	1541	1294	2076	2075	2078	1293
					1535	2083	1293	1705	1293	2083	2085	2389	552	551	1292	1036	2077	1292	1293	2078	1292	2078	1540
					2076	1294	1705	1291	2074	2076	2077	1291	1705	2077	1035	1291	1536	2098	2092	2097	1290	1535	2096
					1290	1706	2098	1536	1706	2098	1289	1534	1289	2099	2100	1288	2097	2084	2097	1288	1706	2099	1289
					1706	1288	1537	2099	2114	2101	1530	1287	2105	2112	1286	2118	2113	826	570	1230	2112	1286	1707
					2112	2106	1286	1285	2114	1287	1285	2111	2114	1285	2115	2121	826	1230	66	826	569	571	1284
					2113	2116	1818	1164	1162	1818	1162	762	1817	151	247	1817	496	151	1815	1909	1839	1815	514
					1997	1815	443	1015	1815	361	514	157	631	632	1590	1911	1912	157	327	631	1590	1912	1916
					156	626	812	1589	1037	1887	156	627	1440	1589	1595	1895	156	345	346	1589	1915	1918	156
					346	626	1589	1914	1037	228	229	625	1588	1899	1835	1588	941	1919	228	625	812	1588	1920
					941	1588	1921	1899	1587	1922	1888	154	630	628	1587	943	1916	154	628	1441	1587	1914	943
					1587	1912	1922	154	226	630	1586	944	1917	153	160	1442	1586	1924	1913	153	630	161	1586
					1923	1836	153	629	630	1586	1913	944	153	161	1439	1585	942	1915	152	632	811	1585	947
					1900	152	633	1442	1585	1915	947	152	165	166	152	166	632	247	405	1817	151	496	150
					1585	1925	1919	151	251	247	329	150	1496	1584	1889	1898	1584	1876	1899	1584	1921	1925	1584
					1925	1889	1583	432	431	1583	1923	1917	1583	437	1923	1583	1920	432	1582	1929	1927	1582	1927
					1932	1582	1928	1930	1582	1930	1963	1937	1936	1935	1937	1935	1934	1581	1928	1941	1581	1940	1928
					1580	1944	1945	1580	1581	987	1580	1937	1938	1580	1945	1943	1579	1935	1946	1579	1946	1947	1578
					1949	1952	1578	1038	1948	1578	1951	1949	1578	1950	1951	1577	743	745	1577	745	1044	1577	1953
					1954	1577	1954	1043	1576	1955	1902	1576	1954	938	1576	938	1955	1576	1956	1954	1575	1959	1952
					1575	936	1953	1575	1949	936	1575	1953	1044	1574	1986	1982	1574	1042	1902	1574	1982	1901	1574
					1955	1986	1939	1961	935	1939	939	1961	1939	935	1930	1573	1929	1963	1573	2003	1330	1573	1330
					1929	1572	2008	704	1572	704	702	1572	2005	2007	1572	702	1966	1571	1968	2015	1571	931	1950
					1571	2016	2014	1571	1950	1968	1570	937	1951	1570	930	1967	1570	1969	937	1570	1951	1965	1569
					703	1962	1569	1961	1942	1569	698	703	1569	1970	698	1568	940	1933	1568	928	1971	1568	1970
					1942	1568	1579	1972	1567	1362	1104	1567	927	1947	1567	1104	927	1567	1947	1362	1566	926	1975
					1566	1974	1976	1566	1107	1974	1566	1973	1977	1565	696	1985	1565	1985	1969	1565	1969	1967	1565
					701	696	1564	699	1973	1564	697	695	1564	1990	697	1564	1973	1990	1563	1981	1984	1563	1982
					1983	1563	1983	1979	1563	1984	1901	1562	1985	1987	1562	1986	1988	1562	1988	1960	1562	1987	1986
					1561	1989	1991	1561	1990	1976	1561	1992	1903	1561	1991	1980	1560	1996	2011	1560	1994	1997	1560
					1995	1994	1560	1993	1996	1559	2003	1999	1559	2000	2002	1559	849	2003	1559	2001	2009	1558	929
					2014	1558	923	2005	1558	2004	2006	1558	2005	929	1557	2001	934	1557	2008	922	1557	922	2001
					1557	934	1964	1556	2000	2009	1556	1996	2010	1556	2010	2000	1556	921	2011	1555	2012	1995	1555
					2013	2012	1554	2017	2018	1554	2013	2004	1554	2004	2016	1554	2016	2017	4	657	659	4	5
					1478	3	658	1479	2303	5	1480	2302	2295	798	2301	1	1481	2300	666	797	2302	663	1478
					2298	5	2303	2298	2303	2299	2297	670	1794	2295	664	798	2295	2513	664	2301	2294	1755	2294
					381	262	2293	2301	2	2301	2293	1485	2300	2293	1479	381	2294	1485	2292	260	381	667	665
					2512	581	2291	1486	2291	581	583	2289	2291	886	2287	2290	2511	2288	585	1486	2510	2288	2287
					2305	2283	1487	2282	2286	1487	2281	2303	1480	2281	2284	2286	2280	2285	1487	2280	2283	0	2275
					2279	2276	2274	2278	1488	332	2271	1813	2280	0	1813	2271	2285	2280	2270	2273	1489	2266	266
					1416	2266	1416	1813	2266	2264	1491	2304	2265	1491	2264	2266	0	2263	273	1491	2263	2265	1
					2263	1	272	2263	272	1415	2262	234	155	2262	155	1813	2262	1416	267	268	267	1416	268
					224	267	268	223	224	2261	2275	1488	2260	2259	1719	2259	2278	2274	2258	2261	2278	2296	2257
					1493	2255	670	2297	2255	2297	2256	2251	2279	2275	2261	2258	1718	2248	2249	2250	2248	2253	1489
					2248	2250	1718	2248	1494	2253	2247	2255	1493	2247	2252	1494	2247	1494	1718	2247	669	796	2246
					669	1718	2260	2245	1492	2246	2258	1492	2244	2246	2245	2244	669	2246	668	670	796	2243	2245
					2260	2243	2260	451	452	2242	1495	2242	450	668	668	2244	1495	2241	2252	1493	2241	2257	2299
					2241	2299	1717	2241	2254	2252	2240	2269	1489	2240	2253	2254	2239	2273	2272	2239	2249	2273	2239
					2272	1793	2239	2251	2249	2238	2297	1794	2508	2238	425	2238	2237	1484	2237	2238	2508	2236	2237
					2509	2235	494	495	2235	326	1496	356	353	1497	356	2234	1793	379	2234	1497	2233	480	479
					2231	480	2233	2230	858	480	900	2230	2232	1500	480	2231	1500	2230	480	1500	2232	2230	1499
					478	503	1499	503	510	1499	529	511	1498	374	1265	1498	1391	373	1498	1265	351	1498	351
					1391	1497	353	1264	1497	2234	356	1497	1264	377	1497	378	379	1496	150	494	1496	326	328
					1496	328	329	1496	494	2235	1495	2242	668	1495	2243	452	1495	2245	2243	1495	2244	2245	2250
					2275	2261	2250	2251	2275	2250	2249	2251	1494	2254	2253	1494	2252	2254	1493	2255	2256	1493	2252
					2247	1493	2257	2241	1493	2256	2296	1492	2258	2278	1492	2259	2260	1492	2278	2259	1492	2245	2246
					1491	266	2266	1491	273	266	1491	2265	2263	1491	2264	2304	1490	1261	2269	1490	2286	1261	334
					2271	332	334	1260	2285	334	2285	2271	2272	354	356	2272	2273	1259	2272	1259	354	1489	2269
					2270	1489	2273	2249	1489	2253	2240	1489	2249	2248	1488	2276	2277	1488	2277	2274	1488	2278	2261
					1488	2275	2276	1487	2286	2284	1487	2283	2280	1487	2285	2282	1487	2284	2305	1486	1258	2290	1486
					2291	1258	1486	585	581	1486	2287	2288	1485	1257	2292	1485	2294	2301	1485	2292	381	1485	2293
					1257	1484	2237	2236	1484	1255	2256	1484	2297	2238	2015	2017	2016	1484	2256	2297	2018	2013	1554
					2012	2013	2018	1483	2299	2257	2007	2008	1572	1483	2298	2299	2004	2014	2016	2004	2013	2006	2002
					2010	1769	2009	2000	1559	2000	2010	2002	849	516	2003	1482	0	2283	2002	849	1559	1482	2264
					0	849	2002	515	1481	1253	2	1481	1	2265	1999	2001	1559	1481	2	2301	1481	2265	1253
					1997	514	850	1480	1252	2284	1995	2012	1998	1480	5	1252	1480	2284	2281	1479	658	666	2011
					1995	1560	1479	2	3	1997	1993	1560	1479	2293	2	1994	1995	1998	1479	666	2300	1993	513
					2010	1993	2010	1996	1478	657	4	1478	2298	2302	1478	663	657	1478	5	2298	1980	697	1990
					1980	1990	1561	1979	1981	1563	1979	1983	1697	1979	1991	1989	1979	1989	1981	1978	1987	1985	1978
					1985	696	1983	1982	1986	1983	1986	1987	1976	1992	1561	1974	1992	1976	1976	1973	1566	1973	699
					1977	1973	1976	1990	1970	1971	698	2015	2016	1571	1967	701	1565	1966	2005	1572	1964	704	2008
					1962	1961	1569	1960	1969	1985	1960	1985	1562	1988	1986	1955	1953	1957	1954	1950	1965	1951	1949
					1951	1958	1952	1949	1575	1948	1968	1950	1947	1972	1579	1943	1945	760	1942	1970	1569	1938	1940
					1581	1943	1937	1580	1938	1581	1580	1936	1943	760	1936	1937	1943	1934	1938	1937	1934	1940	1938
					1933	1934	1935	1933	1935	1579	1963	1929	1582	1928	1939	1930	1928	1932	1941	1928	1940	1939	1932
					1928	1582	1927	1929	1931	1926	2337	424	1919	1925	1921	1917	1920	1583	1918	1914	1589	1916	1913
					1590	1910	2017	2015	1910	2015	1968	1997	1909	1815	1909	1997	1994	1908	1911	1590	1906	1984	1981
					1904	1906	1981	1903	1905	1594	1903	1989	1561	1902	1956	1576	1901	1982	1563	1895	1915	1589	1894
					1893	1691	1892	1891	1691	1898	1889	1597	1889	1925	1900	1889	1900	1891	1888	1914	1587	1887	1896
					1595	1892	1886	1597	1892	1885	1598	1885	1892	1893	1884	1885	1596	1882	1890	1886	1882	1879	1690
					1878	1882	1886	1882	1878	1599	1881	1877	1599	1877	1881	2491	1926	424	1802	1899	1876	1802	1898
					1890	1690	1874	2337	1926	1926	1876	1600	1898	1875	1600	1898	1876	1584	1899	1921	1584	1875	1874
					1600	1875	2490	1874	1875	1880	2490	1879	1880	1690	1879	2489	1880	1879	1877	2489	1868	1865	1631
					1862	1873	1604	1858	1861	1606	1857	1861	1858	1856	1858	1860	1856	1857	1858	1608	1861	1688	1853
					1857	1607	1853	1848	1688	1854	1608	1688	1853	1607	1612	1609	1848	1853	1852	706	705	1851	1860
					1859	1850	705	786	1850	786	1684	1850	1856	705	1867	1603	1610	1753	1187	347	1753	1188	1189
					1753	1189	1190	1194	1192	1193	1194	1193	900	1194	1191	1192	265	270	595	265	595	223	265
					223	268	1748	603	261	1748	584	255	1748	261	584	1748	258	257	1747	1205	243	1747	242
					1204	1747	245	244	1747	1204	1205	1746	1207	1206	1746	1206	1208	1746	1208	221	163	397	408
					163	408	164	163	162	397	158	624	1215	158	1216	343	158	1215	1216	626	1217	228	626
					346	1217	1741	630	226	1741	161	630	1740	1218	157	1740	1219	329	1740	632	166	1740	166
					1219	1723	1252	4	1723	1482	2305	1723	659	3	1723	1253	2304	1722	2295	2302	1722	1255	2236
					1722	1483	2296	1722	1254	2295	1721	1258	2289	1721	1256	2290	1721	1257	2300	1720	896	355	1720
					1260	331	1720	1259	2270	1720	1261	2282	1719	2259	2274	1719	1011	445	1719	451	2260	1719	1013
					1011	1718	2250	2261	1718	669	2247	1718	2258	2246	1718	1494	2248	1717	2299	2303	1717	2303	2281
					1717	1490	2240	1717	2254	2241	1716	1264	1262	1716	1265	372	1716	1262	349	1716	1263	1264	1698
					923	2006	1698	921	922	1698	922	923	1698	1555	2011	1697	1991	1979	1697	1987	1978	1697	924
					1980	1697	1983	1987	926	925	928	926	928	927	1696	931	2014	1696	932	930	1696	929	1966
					1696	930	931	1695	934	1999	1695	935	933	1695	933	934	1695	1573	1963	1694	938	1957	1694
					936	1958	1694	937	1960	940	1940	1934	940	939	1940	1693	943	1918	1693	941	1917	1693	942
					1919	1693	944	1916	1692	2012	2018	1692	1592	1998	1692	945	1908	1692	946	1005	1691	947	1895
					1691	1891	1900	1691	1897	1894	1691	1893	1892	1690	1875	1898	1690	1880	1875	1690	1890	1882	1689
					950	1871	1689	949	1867	1689	951	1868	1689	948	1872	1688	1861	1857	1688	1857	1853	1688	1848
					1854	1687	440	428	1687	867	1840	1687	1907	1837	1687	1924	1836	1686	1067	1992	1686	1974	1100
					1686	1992	1974	1686	952	1067	1685	1140	1145	1685	1842	1834	1685	709	1141	1685	707	1842	1684
					1822	1827	1684	783	1831	1684	786	1822	1683	953	1819	1683	954	953	1683	955	954	2488	2421
					1085	2488	1085	2420	2487	1086	2422	2487	2491	1086	2486	1087	2423	2486	2424	1087	2485	2423	717
					2485	717	2372	2484	2422	1090	2484	1090	2424	2483	716	2369	2483	2371	716	2482	2370	714	2482
					714	2425	2481	2425	962	2481	962	2426	2480	1099	2421	2480	2426	1099	2476	2429	1140	2476	1140
					2430	2475	1142	2431	2475	2430	1142	2474	1146	2429	2474	2420	1146	2473	1880	2489	2473	2490	1880
					2472	2489	1877	2472	1877	2491	2437	2360	241	2437	241	2321	2436	245	2320	2436	2321	245	2435
					253	2322	2435	2323	253	2434	2320	254	2434	254	2358	2433	258	2323	2433	2324	258	2432	2359
					602	2432	602	2324	2416	2356	586	2416	586	2357	2411	2331	1181	2411	1181	2332	2410	390	2331
					2410	2333	390	2409	400	2333	2407	393	2361	2407	2332	393	2403	424	2337	2403	2338	424	2402
					425	2339	2402	2508	425	2401	2339	426	2401	426	2340	2400	2341	436	2400	436	2342	2399	563
					2341	2399	2352	563	2398	2343	557	2398	557	2353	2397	1358	2343	2397	2340	1358	2396	1355	2345
					2396	2347	1355	2395	2345	455	2395	455	2344	2394	2346	457	2394	457	2347	2393	2431	459	2393
					459	2346	2389	2344	454	2388	1323	2352	2388	2353	1323	2386	1314	2356	2386	2322	1314	2385	1313
					2510	2385	2357	1313	2384	2358	599	2384	599	2359	2383	609	2360	2383	2361	609	2379	2365	1393
					2379	1393	2366	2374	2369	1160	2374	1160	2370	2373	1158	2371	2373	2372	1158	2387	2354	1319	2387
					1319	2355	2382	2362	1305	2382	1305	2363	2381	1404	2314	2381	2364	1404	2380	2308	1400	2380	1400
					2309	2378	2505	671	2378	671	2507	2377	2501	1383	2377	1383	2503	2376	685	2367	2376	2368	685
					2375	2349	1367	2375	1367	2427	2479	2065	2428	2479	2427	2065	2478	2428	1296	2478	1296	2492	2477
					2500	1389	2477	1389	2506	2469	691	2498	2469	2367	691	2468	688	2368	2468	2492	688	2467	2497
					1277	2467	1277	2502	2466	2493	2137	2466	2137	2494	2465	2496	2141	2465	2141	2495	2464	2154	2497
					2464	2495	2154	2463	2134	2496	2463	2494	2134	2462	2498	2207	2462	2207	2499	2461	2208	2500	2461
					2499	2208	2460	2209	2501	2460	2502	2209	2459	2503	2210	2459	2210	2504	2458	2223	2505	2458	2506
					2223	2457	2130	2493	2457	2507	2130	2450	2306	65	2450	65	2307	2449	76	2308	2449	2307	76
					2448	2309	77	2448	77	2310	2447	2310	1227	2447	1227	2311	2446	647	2364	2446	2311	647	2445
					2312	98	2445	98	2313	2444	99	2312	2444	2314	99	2443	617	2315	2443	2316	617	2442	1214
					2316	2442	2317	1214	2441	2326	196	2441	196	2318	2440	612	2317	2440	2363	612	2439	1211	2319
					2439	2318	1211	2438	2319	613	2438	613	2362	2419	2328	317	2419	317	2325	2418	1310	2326	2418
					2325	1310	2417	318	2327	2417	2313	318	2415	2327	382	2415	382	2328	2414	1302	2329	2414	2315
					1302	2413	2335	420	2413	420	2334	2412	2329	383	2412	383	2330	2409	2334	580	2408	1175	2335
					2408	2330	1175	2406	569	2306	2406	2355	569	2405	1171	2336	2405	2504	1171	2404	2336	574	2404
					574	2354	2392	547	2348	2392	2351	547	2391	460	2349	2391	2350	460	2390	2348	465	2390	465
					2350	2389	551	2351	2471	2337	1874	2471	1874	2490	2470	433	2338	2470	2342	433	2456	2237	2508
					2456	2509	2237	2455	2510	2287	2455	2287	2511	2454	1256	2512	2454	2511	1256	2453	1254	2509	2453
					2513	1254	2452	664	2513	2452	2366	664	2451	2512	665	2451	665	2365	
				</DataArray>
				<DataArray type="Int32" Name="offsets" NumberOfComponents="1" format="ascii">
					3	6	9	12	15	18	21	24	27	30	33	36	39	42	45	48	51	54	57
					60	63	66	69	72	75	78	81	84	87	90	93	96	99	102	105	108	111	114
					117	120	123	126	129	132	135	138	141	144	147	150	153	156	159	162	165	168	171
					174	177	180	183	186	189	192	195	198	201	204	207	210	213	216	219	222	225	228
					231	234	237	240	243	246	249	252	255	258	261	264	267	270	273	276	279	282	285
					288	291	294	297	300	303	306	309	312	315	318	321	324	327	330	333	336	339	342
					345	348	351	354	357	360	363	366	369	372	375	378	381	384	387	390	393	396	399
					402	405	408	411	414	417	420	423	426	429	432	435	438	441	444	447	450	453	456
					459	462	465	468	471	474	477	480	483	486	489	492	495	498	501	504	507	510	513
					516	519	522	525	528	531	534	537	540	543	546	549	552	555	558	561	564	567	570
					573	576	579	582	585	588	591	594	597	600	603	606	609	612	615	618	621	624	627
					630	633	636	639	642	645	648	651	654	657	660	663	666	669	672	675	678	681	684
					687	690	693	696	699	702	705	708	711	714	717	720	723	726	729	732	735	738	741
					744	747	750	753	756	759	762	765	768	771	774	777	780	783	786	789	792	795	798
					801	804	807	810	813	816	819	822	825	828	831	834	837	840	843	846	849	852	855
					858	861	864	867	870	873	876	879	882	885	888	891	894	897	900	903	906	909	912
					915	918	921	924	927	930	933	936	939	942	945	948	951	954	957	960	963	966	969
					972	975	978	981	984	987	990	993	996	999	1002	1005	1008	1011	1014	1017	1020	1023	1026
					1029	1032	1035	1038	1041	1044	1047	1050	1053	1056	1059	1062	1065	1068	1071	1074	1077	1080	1083
					1086	1089	1092	1095	1098	1101	1104	1107	1110	1113	1116	1119	1122	1125	1128	1131	1134	1137	1140
					1143	1146	1149	1152	1155	1158	1161	1164	1167	1170	1173	1176	1179	1182	1185	1188	1191	1194	1197
					1200	1203	1206	1209	1212	1215	1218	1221	1224	1227	1230	1233	1236	1239	1242	1245	1248	1251	1254
					1257	1260	1263	1266	1269	1272	1275	1278	1281	1284	1287	1290	1293	1296	1299	1302	1305	1308	1311
					1314	1317	1320	1323	1326	1329	1332	1335	1338	1341	1344	1347	1350	1353	1356	1359	1362	1365	1368
					1371	1374	1377	1380	1383	1386	1389	1392	1395	1398	1401	1404	1407	1410	1413	1416	1419	1422	1425
					1428	1431	1434	1437	1440	1443	1446	1449	1452	1455	1458	1461	1464	1467	1470	1473	1476	1479	1482
					1485	1488	1491	1494	1497	1500	1503	1506	1509	1512	1515	1518	1521	1524	1527	1530	1533	1536	1539
					1542	1545	1548	1551	1554	1557	1560	1563	1566	1569	1572	1575	1578	1581	1584	1587	1590	1593	1596
					1599	1602	1605	1608	1611	1614	1617	1620	1623	1626	1629	1632	1635	1638	1641	1644	1647	1650	1653
					1656	1659	1662	1665	1668	1671	1674	1677	1680	1683	1686	1689	1692	1695	1698	1701	1704	1707	1710
					1713	1716	1719	1722	1725	1728	1731	1734	1737	1740	1743	1746	1749	1752	1755	1758	1761	1764	1767
					1770	1773	1776	1779	1782	1785	1788	1791	1794	1797	1800	1803	1806	1809	1812	1815	1818	1821	1824
					1827	1830	1833	1836	1839	1842	1845	1848	1851	1854	1857	1860	1863	1866	1869	1872	1875	1878	1881
					1884	1887	1890	1893	1896	1899	1902	1905	1908	1911	1914	1917	1920	1923	1926	1929	1932	1935	1938
					1941	1944	1947	1950	1953	1956	1959	1962	1965	1968	1971	1974	1977	1980	1983	1986	1989	1992	1995
					1998	2001	2004	2007	2010	2013	2016	2019	2022	2025	2028	2031	2034	2037	2040	2043	2046	2049	2052
					2055	2058	2061	2064	2067	2070	2073	2076	2079	2082	2085	2088	2091	2094	2097	2100	2103	2106	2109
					2112	2115	2118	2121	2124	2127	2130	2133	2136	2139	2142	2145	2148	2151	2154	2157	2160	2163	2166
					2169	2172	2175	2178	2181	2184	2187	2190	2193	2196	2199	2202	2205	2208	2211	2214	2217	2220	2223
					2226	2229	2232	2235	2238	2241	2244	2247	2250	2253	2256	2259	2262	2265	2268	2271	2274	2277	2280
					2283	2286	2289	2292	2295	2298	2301	2304	2307	2310	2313	2316	2319	2322	2325	2328	2331	2334	2337
					2340	2343	2346	2349	2352	2355	2358	2361	2364	2367	2370	2373	2376	2379	2382	2385	2388	2391	2394
					2397	2400	2403	2406	2409	2412	2415	2418	2421	2424	2427	2430	2433	2436	2439	2442	2445	2448	2451
					2454	2457	2460	2463	2466	2469	2472	2475	2478	2481	2484	2487	2490	2493	2496	2499	2502	2505	2508
					2511	2514	2517	2520	2523	2526	2529	2532	2535	2538	2541	2544	2547	2550	2553	2556	2559	2562	2565
					2568	2571	2574	2577	2580	2583	2586	2589	2592	2595	2598	2601	2604	2607	2610	2613	2616	2619	2622
					2625	2628	2631	2634	2637	2640	2643	2646	2649	2652	2655	2658	2661	2664	2667	2670	2673	2676	2679
					2682	2685	2688	2691	2694	2697	2700	2703	2706	2709	2712	2715	2718	2721	2724	2727	2730	2733	2736
					2739	2742	2745	2748	2751	2754	2757	2760	2763	2766	2769	2772	2775	2778	2781	2784	2787	2790	2793
					2796	2799	2802	2805	2808	2811	2814	2817	2820	2823	2826	2829	2832	2835	2838	2841	2844	2847	2850
					2853	2856	2859	2862	2865	2868	2871	2874	2877	2880	2883	2886	2889	2892	2895	2898	2901	2904	2907
					2910	2913	2916	2919	2922	2925	2928	2931	2934	2937	2940	2943	2946	2949	2952	2955	2958	2961	2964
					2967	2970	2973	2976	2979	2982	2985	2988	2991	2994	2997	3000	3003	3006	3009	3012	3015	3018	3021
					3024	3027	3030	3033	3036	3039	3042	3045	3048	3051	3054	3057	3060	3063	3066	3069	3072	3075	3078
					3081	3084	3087	3090	3093	3096	3099	3102	3105	3108	3111	3114	3117	3120	3123	3126	3129	3132	3135
					3138	3141	3144	3147	3150	3153	3156	3159	3162	3165	3168	3171	3174	3177	3180	3183	3186	3189	3192
					3195	3198	3201	3204	3207	3210	3213	3216	3219	3222	3225	3228	3231	3234	3237	3240	3243	3246	3249
					3252	3255	3258	3261	3264	3267	3270	3273	3276	3279	3282	3285	3288	3291	3294	3297	3300	3303	3306
					3309	3312	3315	3318	3321	3324	3327	3330	3333	3336	3339	3342	3345	3348	3351	3354	3357	3360	3363
					3366	3369	3372	3375	3378	3381	3384	3387	3390	3393	3396	3399	3402	3405	3408	3411	3414	3417	3420
					3423	3426	3429	3432	3435	3438	3441	3444	3447	3450	3453	3456	3459	3462	3465	3468	3471	3474	3477
					3480	3483	3486	3489	3492	3495	3498	3501	3504	3507	3510	3513	3516	3519	3522	3525	3528	3531	3534
					3537	3540	3543	3546	3549	3552	3555	3558	3561	3564	3567	3570	3573	3576	3579	3582	3585	3588	3591
					3594	3597	3600	3603	3606	3609	3612	3615	3618	3621	3624	3627	3630	3633	3636	3639	3642	3645	3648
					3651	3654	3657	3660	3663	3666	3669	3672	3675	3678	3681	3684	3687	3690	3693	3696	3699	3702	3705
					3708	3711	3714	3717	3720	3723	3726	3729	3732	3735	3738	3741	3744	3747	3750	3753	3756	3759	3762
					3765	3768	3771	3774	3777	3780	3783	3786	3789	3792	3795	3798	3801	3804	3807	3810	3813	3816	3819
					3822	3825	3828	3831	3834	3837	3840	3843	3846	3849	3852	3855	3858	3861	3864	3867	3870	3873	3876
					3879	3882	3885	3888	3891	3894	3897	3900	3903	3906	3909	3912	3915	3918	3921	3924	3927	3930	3933
					3936	3939	3942	3945	3948	3951	3954	3957	3960	3963	3966	3969	3972	3975	3978	3981	3984	3987	3990
					3993	3996	3999	4002	4005	4008	4011	4014	4017	4020	4023	4026	4029	4032	4035	4038	4041	4044	4047
					4050	4053	4056	4059	4062	4065	4068	4071	4074	4077	4080	4083	4086	4089	4092	4095	4098	4101	4104
					4107	4110	4113	4116	4119	4122	4125	4128	4131	4134	4137	4140	4143	4146	4149	4152	4155	4158	4161
					4164	4167	4170	4173	4176	4179	4182	4185	4188	4191	4194	4197	4200	4203	4206	4209	4212	4215	4218
					4221	4224	4227	4230	4233	4236	4239	4242	4245	4248	4251	4254	4257	4260	4263	4266	4269	4272	4275
					4278	4281	4284	4287	4290	4293	4296	4299	4302	4305	4308	4311	4314	4317	4320	4323	4326	4329	4332
					4335	4338	4341	4344	4347	4350	4353	4356	4359	4362	4365	4368	4371	4374	4377	4380	4383	4386	4389
					4392	4395	4398	4401	4404	4407	4410	4413	4416	4419	4422	4425	4428	4431	4434	4437	4440	4443	4446
					4449	4452	4455	4458	4461	4464	4467	4470	4473	4476	4479	4482	4485	4488	4491	4494	4497	4500	4503
					4506	4509	4512	4515	4518	4521	4524	4527	4530	4533	4536	4539	4542	4545	4548	4551	4554	4557	4560
					4563	4566	4569	4572	4575	4578	4581	4584	4587	4590	4593	4596	4599	4602	4605	4608	4611	4614	4617
					4620	4623	4626	4629	4632	4635	4638	4641	4644	4647	4650	4653	4656	4659	4662	4665	4668	4671	4674
					4677	4680	4683	4686	4689	4692	4695	4698	4701	4704	4707	4710	4713	4716	4719	4722	4725	4728	4731
					4734	4737	4740	4743	4746	4749	4752	4755	4758	4761	4764	4767	4770	4773	4776	4779	4782	4785	4788
					4791	4794	4797	4800	4803	4806	4809	4812	4815	4818	4821	4824	4827	4830	4833	4836	4839	4842	4845
					4848	4851	4854	4857	4860	4863	4866	4869	4872	4875	4878	4881	4884	4887	4890	4893	4896	4899	4902
					4905	4908	4911	4914	4917	4920	4923	4926	4929	4932	4935	4938	4941	4944	4947	4950	4953	4956	4959
					4962	4965	4968	4971	4974	4977	4980	4983	4986	4989	4992	4995	4998	5001	5004	5007	5010	5013	5016
					5019	5022	5025	5028	5031	5034	5037	5040	5043	5046	5049	5052	5055	5058	5061	5064	5067	5070	5073
					5076	5079	5082	5085	5088	5091	5094	5097	5100	5103	5106	5109	5112	5115	5118	5121	5124	5127	5130
					5133	5136	5139	5142	5145	5148	5151	5154	5157	5160	5163	5166	5169	5172	5175	5178	5181	5184	5187
					5190	5193	5196	5199	5202	5205	5208	5211	5214	5217	5220	5223	5226	5229	5232	5235	5238	5241	5244
					5247	5250	5253	5256	5259	5262	5265	5268	5271	5274	5277	5280	5283	5286	5289	5292	5295	5298	5301
					5304	5307	5310	5313	5316	5319	5322	5325	5328	5331	5334	5337	5340	5343	5346	5349	5352	5355	5358
					5361	5364	5367	5370	5373	5376	5379	5382	5385	5388	5391	5394	5397	5400	5403	5406	5409	5412	5415
					5418	5421	5424	5427	5430	5433	5436	5439	5442	5445	5448	5451	5454	5457	5460	5463	5466	5469	5472
					5475	5478	5481	5484	5487	5490	5493	5496	5499	5502	5505	5508	5511	5514	5517	5520	5523	5526	5529
					5532	5535	5538	5541	5544	5547	5550	5553	5556	5559	5562	5565	5568	5571	5574	5577	5580	5583	5586
					5589	5592	5595	5598	5601	5604	5607	5610	5613	5616	5619	5622	5625	5628	5631	5634	5637	5640	5643
					5646	5649	5652	5655	5658	5661	5664	5667	5670	5673	5676	5679	5682	5685	5688	5691	5694	5697	5700
					5703	5706	5709	5712	5715	5718	5721	5724	5727	5730	5733	5736	5739	5742	5745	5748	5751	5754	5757
					5760	5763	5766	5769	5772	5775	5778	5781	5784	5787	5790	5793	5796	5799	5802	5805	5808	5811	5814
					5817	5820	5823	5826	5829	5832	5835	5838	5841	5844	5847	5850	5853	5856	5859	5862	5865	5868	5871
					5874	5877	5880	5883	5886	5889	5892	5895	5898	5901	5904	5907	5910	5913	5916	5919	5922	5925	5928
					5931	5934	5937	5940	5943	5946	5949	5952	5955	5958	5961	5964	5967	5970	5973	5976	5979	5982	5985
					5988	5991	5994	5997	6000	6003	6006	6009	6012	6015	6018	6021	6024	6027	6030	6033	6036	6039	6042
					6045	6048	6051	6054	6057	6060	6063	6066	6069	6072	6075	6078	6081	6084	6087	6090	6093	6096	6099
					6102	6105	6108	6111	6114	6117	6120	6123	6126	6129	6132	6135	6138	6141	6144	6147	6150	6153	6156
					6159	6162	6165	6168	6171	6174	6177	6180	6183	6186	6189	6192	6195	6198	6201	6204	6207	6210	6213
					6216	6219	6222	6225	6228	6231	6234	6237	6240	6243	6246	6249	6252	6255	6258	6261	6264	6267	6270
					6273	6276	6279	6282	6285	6288	6291	6294	6297	6300	6303	6306	6309	6312	6315	6318	6321	6324	6327
					6330	6333	6336	6339	6342	6345	6348	6351	6354	6357	6360	6363	6366	6369	6372	6375	6378	6381	6384
					6387	6390	6393	6396	6399	6402	6405	6408	6411	6414	6417	6420	6423	6426	6429	6432	6435	6438	6441
					6444	6447	6450	6453	6456	6459	6462	6465	6468	6471	6474	6477	6480	6483	6486	6489	6492	6495	6498
					6501	6504	6507	6510	6513	6516	6519	6522	6525	6528	6531	6534	6537	6540	6543	6546	6549	6552	6555
					6558	6561	6564	6567	6570	6573	6576	6579	6582	6585	6588	6591	6594	6597	6600	6603	6606	6609	6612
					6615	6618	6621	6624	6627	6630	6633	6636	6639	6642	6645	6648	6651	6654	6657	6660	6663	6666	6669
					6672	6675	6678	6681	6684	6687	6690	6693	6696	6699	6702	6705	6708	6711	6714	6717	6720	6723	6726
					6729	6732	6735	6738	6741	6744	6747	6750	6753	6756	6759	6762	6765	6768	6771	6774	6777	6780	6783
					6786	6789	6792	6795	6798	6801	6804	6807	6810	6813	6816	6819	6822	6825	6828	6831	6834	6837	6840
					6843	6846	6849	6852	6855	6858	6861	6864	6867	6870	6873	6876	6879	6882	6885	6888	6891	6894	6897
					6900	6903	6906	6909	6912	6915	6918	6921	6924	6927	6930	6933	6936	6939	6942	6945	6948	6951	6954
					6957	6960	6963	6966	6969	6972	6975	6978	6981	6984	6987	6990	6993	6996	6999	7002	7005	7008	7011
					7014	7017	7020	7023	7026	7029	7032	7035	7038	7041	7044	7047	7050	7053	7056	7059	7062	7065	7068
					7071	7074	7077	7080	7083	7086	7089	7092	7095	7098	7101	7104	7107	7110	7113	7116	7119	7122	7125
					7128	7131	7134	7137	7140	7143	7146	7149	7152	7155	7158	7161	7164	7167	7170	7173	7176	7179	7182
					7185	7188	7191	7194	7197	7200	7203	7206	7209	7212	7215	7218	7221	7224	7227	7230	7233	7236	7239
					7242	7245	7248	7251	7254	7257	7260	7263	7266	7269	7272	7275	7278	7281	7284	7287	7290	7293	7296
					7299	7302	7305	7308	7311	7314	7317	7320	7323	7326	7329	7332	7335	7338	7341	7344	7347	7350	7353
					7356	7359	7362	7365	7368	7371	7374	7377	7380	7383	7386	7389	7392	7395	7398	7401	7404	7407	7410
					7413	7416	7419	7422	7425	7428	7431	7434	7437	7440	7443	7446	7449	7452	7455	7458	7461	7464	7467
					7470	7473	7476	7479	7482	7485	7488	7491	7494	7497	7500	7503	7506	7509	7512	7515	7518	7521	7524
					7527	7530	7533	7536	7539	7542	7545	7548	7551	7554	7557	7560	7563	7566	7569	7572	7575	7578	7581
					7584	7587	7590	7593	7596	7599	7602	7605	7608	7611	7614	7617	7620	7623	7626	7629	7632	7635	7638
					7641	7644	7647	7650	7653	7656	7659	7662	7665	7668	7671	7674	7677	7680	7683	7686	7689	7692	7695
					7698	7701	7704	7707	7710	7713	7716	7719	7722	7725	7728	7731	7734	7737	7740	7743	7746	7749	7752
					7755	7758	7761	7764	7767	7770	7773	7776	7779	7782	7785	7788	7791	7794	7797	7800	7803	7806	7809
					7812	7815	7818	7821	7824	7827	7830	7833	7836	7839	7842	7845	7848	7851	7854	7857	7860	7863	7866
					7869	7872	7875	7878	7881	7884	7887	7890	7893	7896	7899	7902	7905	7908	7911	7914	7917	7920	7923
					7926	7929	7932	7935	7938	7941	7944	7947	7950	7953	7956	7959	7962	7965	7968	7971	7974	7977	7980
					7983	7986	7989	7992	7995	7998	8001	8004	8007	8010	8013	8016	8019	8022	8025	8028	8031	8034	8037
					8040	8043	8046	8049	8052	8055	8058	8061	8064	8067	8070	8073	8076	8079	8082	8085	8088	8091	8094
					8097	8100	8103	8106	8109	8112	8115	8118	8121	8124	8127	8130	8133	8136	8139	8142	8145	8148	8151
					8154	8157	8160	8163	8166	8169	8172	8175	8178	8181	8184	8187	8190	8193	8196	8199	8202	8205	8208
					8211	8214	8217	8220	8223	8226	8229	8232	8235	8238	8241	8244	8247	8250	8253	8256	8259	8262	8265
					8268	8271	8274	8277	8280	8283	8286	8289	8292	8295	8298	8301	8304	8307	8310	8313	8316	8319	8322
					8325	8328	8331	8334	8337	8340	8343	8346	8349	8352	8355	8358	8361	8364	8367	8370	8373	8376	8379
					8382	8385	8388	8391	8394	8397	8400	8403	8406	8409	8412	8415	8418	8421	8424	8427	8430	8433	8436
					8439	8442	8445	8448	8451	8454	8457	8460	8463	8466	8469	8472	8475	8478	8481	8484	8487	8490	8493
					8496	8499	8502	8505	8508	8511	8514	8517	8520	8523	8526	8529	8532	8535	8538	8541	8544	8547	8550
					8553	8556	8559	8562	8565	8568	8571	8574	8577	8580	8583	8586	8589	8592	8595	8598	8601	8604	8607
					8610	8613	8616	8619	8622	8625	8628	8631	8634	8637	8640	8643	8646	8649	8652	8655	8658	8661	8664
					8667	8670	8673	8676	8679	8682	8685	8688	8691	8694	8697	8700	8703	8706	8709	8712	8715	8718	8721
					8724	8727	8730	8733	8736	8739	8742	8745	8748	8751	8754	8757	8760	8763	8766	8769	8772	8775	8778
					8781	8784	8787	8790	8793	8796	8799	8802	8805	8808	8811	8814	8817	8820	8823	8826	8829	8832	8835
					8838	8841	8844	8847	8850	8853	8856	8859	8862	8865	8868	8871	8874	8877	8880	8883	8886	8889	8892
					8895	8898	8901	8904	8907	8910	8913	8916	8919	8922	8925	8928	8931	8934	8937	8940	8943	8946	8949
					8952	8955	8958	8961	8964	8967	8970	8973	8976	8979	8982	8985	8988	8991	8994	8997	9000	9003	9006
					9009	9012	9015	9018	9021	9024	9027	9030	9033	9036	9039	9042	9045	9048	9051	9054	9057	9060	9063
					9066	9069	9072	9075	9078	9081	9084	9087	9090	9093	9096	9099	9102	9105	9108	9111	9114	9117	9120
					9123	9126	9129	9132	9135	9138	9141	9144	9147	9150	9153	9156	9159	9162	9165	9168	9171	9174	9177
					9180	9183	9186	9189	9192	9195	9198	9201	9204	9207	9210	9213	9216	9219	9222	9225	9228	9231	9234
					9237	9240	9243	9246	9249	9252	9255	9258	9261	9264	9267	9270	9273	9276	9279	9282	9285	9288	9291
					9294	9297	9300	9303	9306	9309	9312	9315	9318	9321	9324	9327	9330	9333	9336	9339	9342	9345	9348
					9351	9354	9357	9360	9363	9366	9369	9372	9375	9378	9381	9384	9387	9390	9393	9396	9399	9402	9405
					9408	9411	9414	9417	9420	9423	9426	9429	9432	9435	9438	9441	9444	9447	9450	9453	9456	9459	9462
					9465	9468	9471	9474	9477	9480	9483	9486	9489	9492	9495	9498	9501	9504	9507	9510	9513	9516	9519
					9522	9525	9528	9531	9534	9537	9540	9543	9546	9549	9552	9555	9558	9561	9564	9567	9570	9573	9576
					9579	9582	9585	9588	9591	9594	9597	9600	9603	9606	9609	9612	9615	9618	9621	9624	9627	9630	9633
					9636	9639	9642	9645	9648	9651	9654	9657	9660	9663	9666	9669	9672	9675	9678	9681	9684	9687	9690
					9693	9696	9699	9702	9705	9708	9711	9714	9717	9720	9723	9726	9729	9732	9735	9738	9741	9744	9747
					9750	9753	9756	9759	9762	9765	9768	9771	9774	9777	9780	9783	9786	9789	9792	9795	9798	9801	9804
					9807	9810	9813	9816	9819	9822	9825	9828	9831	9834	9837	9840	9843	9846	9849	9852	9855	9858	9861
					9864	9867	9870	9873	9876	9879	9882	9885	9888	9891	9894	9897	9900	9903	9906	9909	9912	9915	9918
					9921	9924	9927	9930	9933	9936	9939	9942	9945	9948	9951	9954	9957	9960	9963	9966	9969	9972	9975
					9978	9981	9984	9987	9990	9993	9996	9999	10002	10005	10008	10011	10014	10017	10020	10023	10026	10029	10032
					10035	10038	10041	10044	10047	10050	10053	10056	10059	10062	10065	10068	10071	10074	10077	10080	10083	10086	10089
					10092	10095	10098	10101	10104	10107	10110	10113	10116	10119	10122	10125	10128	10131	10134	10137	10140	10143	10146
					10149	10152	10155	10158	10161	10164	10167	10170	10173	10176	10179	10182	10185	10188	10191	10194	10197	10200	10203
					10206	10209	10212	10215	10218	10221	10224	10227	10230	10233	10236	10239	10242	10245	10248	10251	10254	10257	10260
					10263	10266	10269	10272	10275	10278	10281	10284	10287	10290	10293	10296	10299	10302	10305	10308	10311	10314	10317
					10320	10323	10326	10329	10332	10335	10338	10341	10344	10347	10350	10353	10356	10359	10362	10365	10368	10371	10374
					10377	10380	10383	10386	10389	10392	10395	10398	10401	10404	10407	10410	10413	10416	10419	10422	10425	10428	10431
					10434	10437	10440	10443	10446	10449	10452	10455	10458	10461	10464	10467	10470	10473	10476	10479	10482	10485	10488
					10491	10494	10497	10500	10503	10506	10509	10512	10515	10518	10521	10524	10527	10530	10533	10536	10539	10542	10545
					10548	10551	10554	10557	10560	10563	10566	10569	10572	10575	10578	10581	10584	10587	10590	10593	10596	10599	10602
					10605	10608	10611	10614	10617	10620	10623	10626	10629	10632	10635	10638	10641	10644	10647	10650	10653	10656	10659
					10662	10665	10668	10671	10674	10677	10680	10683	10686	10689	10692	10695	10698	10701	10704	10707	10710	10713	10716
					10719	10722	10725	10728	10731	10734	10737	10740	10743	10746	10749	10752	10755	10758	10761	10764	10767	10770	10773
					10776	10779	10782	10785	10788	10791	10794	10797	10800	10803	10806	10809	10812	10815	10818	10821	10824	10827	10830
					10833	10836	10839	10842	10845	10848	10851	10854	10857	10860	10863	10866	10869	10872	10875	10878	10881	10884	10887
					10890	10893	10896	10899	10902	10905	10908	10911	10914	10917	10920	10923	10926	10929	10932	10935	10938	10941	10944
					10947	10950	10953	10956	10959	10962	10965	10968	10971	10974	10977	10980	10983	10986	10989	10992	10995	10998	11001
					11004	11007	11010	11013	11016	11019	11022	11025	11028	11031	11034	11037	11040	11043	11046	11049	11052	11055	11058
					11061	11064	11067	11070	11073	11076	11079	11082	11085	11088	11091	11094	11097	11100	11103	11106	11109	11112	11115
					11118	11121	11124	11127	11130	11133	11136	11139	11142	11145	11148	11151	11154	11157	11160	11163	11166	11169	11172
					11175	11178	11181	11184	11187	11190	11193	11196	11199	11202	11205	11208	11211	11214	11217	11220	11223	11226	11229
					11232	11235	11238	11241	11244	11247	11250	11253	11256	11259	11262	11265	11268	11271	11274	11277	11280	11283	11286
					11289	11292	11295	11298	11301	11304	11307	11310	11313	11316	11319	11322	11325	11328	11331	11334	11337	11340	11343
					11346	11349	11352	11355	11358	11361	11364	11367	11370	11373	11376	11379	11382	11385	11388	11391	11394	11397	11400
					11403	11406	11409	11412	11415	11418	11421	11424	11427	11430	11433	11436	11439	11442	11445	11448	11451	11454	11457
					11460	11463	11466	11469	11472	11475	11478	11481	11484	11487	11490	11493	11496	11499	11502	11505	11508	11511	11514
					11517	11520	11523	11526	11529	11532	11535	11538	11541	11544	11547	11550	11553	11556	11559	11562	11565	11568	11571
					11574	11577	11580	11583	11586	11589	11592	11595	11598	11601	11604	11607	11610	11613	11616	11619	11622	11625	11628
					11631	11634	11637	11640	11643	11646	11649	11652	11655	11658	11661	11664	11667	11670	11673	11676	11679	11682	11685
					11688	11691	11694	11697	11700	11703	11706	11709	11712	11715	11718	11721	11724	11727	11730	11733	11736	11739	11742
					11745	11748	11751	11754	11757	11760	11763	11766	11769	11772	11775	11778	11781	11784	11787	11790	11793	11796	11799
					11802	11805	11808	11811	11814	11817	11820	11823	11826	11829	11832	11835	11838	11841	11844	11847	11850	11853	11856
					11859	11862	11865	11868	11871	11874	11877	11880	11883	11886	11889	11892	11895	11898	11901	11904	11907	11910	11913
					11916	11919	11922	11925	11928	11931	11934	11937	11940	11943	11946	11949	11952	11955	11958	11961	11964	11967	11970
					11973	11976	11979	11982	11985	11988	11991	11994	11997	12000	12003	12006	12009	12012	12015	12018	12021	12024	12027
					12030	12033	12036	12039	12042	12045	12048	12051	12054	12057	12060	12063	12066	12069	12072	12075	12078	12081	12084
					12087	12090	12093	12096	12099	12102	12105	12108	12111	12114	12117	12120	12123	12126	12129	12132	12135	12138	12141
					12144	12147	12150	12153	12156	12159	12162	12165	12168	12171	12174	12177	12180	12183	12186	12189	12192	12195	12198
					12201	12204	12207	12210	12213	12216	12219	12222	12225	12228	12231	12234	12237	12240	12243	12246	12249	12252	12255
					12258	12261	12264	12267	12270	12273	12276	12279	12282	12285	12288	12291	12294	12297	12300	12303	12306	12309	12312
					12315	12318	12321	12324	12327	12330	12333	12336	12339	12342	12345	12348	12351	12354	12357	12360	12363	12366	12369
					12372	12375	12378	12381	12384	12387	12390	12393	12396	12399	12402	12405	12408	12411	12414	12417	12420	12423	12426
					12429	12432	12435	12438	12441	12444	12447	12450	12453	12456	12459	12462	12465	12468	12471	12474	12477	12480	12483
					12486	12489	12492	12495	12498	12501	12504	12507	12510	12513	12516	12519	12522	12525	12528	12531	12534	12537	12540
					12543	12546	12549	12552	12555	12558	12561	12564	12567	12570	12573	12576	12579	12582	12585	12588	12591	12594	12597
					12600	12603	12606	12609	12612	12615	12618	12621	12624	12627	12630	12633	12636	12639	12642	12645	12648	12651	12654
					12657	12660	12663	12666	12669	12672	12675	12678	12681	12684	12687	12690	12693	12696	12699	12702	12705	12708	12711
					12714	12717	12720	12723	12726	12729	12732	12735	12738	12741	12744	12747	12750	12753	12756	12759	12762	12765	12768
					12771	12774	12777	12780	12783	12786	12789	12792	12795	12798	12801	12804	12807	12810	12813	12816	12819	12822	12825
					12828	12831	12834	12837	12840	12843	12846	12849	12852	12855	12858	12861	12864	12867	12870	12873	12876	12879	12882
					12885	12888	12891	12894	12897	12900	12903	12906	12909	12912	12915	12918	12921	12924	12927	12930	12933	12936	12939
					12942	12945	12948	12951	12954	12957	12960	12963	12966	12969	12972	12975	12978	12981	12984	12987	12990	12993	12996
					12999	13002	13005	13008	13011	13014	13017	13020	13023	13026	13029	13032	13035	13038	13041	13044	13047	13050	13053
					13056	13059	13062	13065	13068	13071	13074	13077	13080	13083	13086	13089	13092	13095	13098	13101	13104	13107	13110
					13113	13116	13119	13122	13125	13128	13131	13134	13137	13140	13143	13146	13149	13152	13155	13158	13161	13164	13167
					13170	13173	13176	13179	13182	13185	13188	13191	13194	13197	13200	13203	13206	13209	13212	13215	13218	13221	13224
					13227	13230	13233	13236	13239	13242	13245	13248	13251	13254	13257	13260	13263	13266	13269	13272	13275	13278	13281
					13284	13287	13290	13293	13296	13299	13302	13305	13308	13311	13314	13317	13320	13323	13326	13329	13332	13335	13338
					13341	13344	13347	13350	13353	13356	13359	13362	13365	13368	13371	13374	13377	13380	13383	13386	13389	13392	13395
					13398	13401	13404	13407	13410	13413	13416	13419	13422	13425	13428	13431	13434	13437	13440	13443	13446	13449	13452
					13455	13458	13461	13464	13467	13470	13473	13476	13479	13482	13485	13488	13491	13494	13497	13500	13503	13506	13509
					13512	13515	13518	13521	13524	13527	13530	13533	13536	13539	13542	13545	13548	13551	13554	13557	13560	13563	13566
					13569	13572	13575	13578	13581	13584	13587	13590	13593	13596	13599	13602	13605	13608	13611	13614	13617	13620	13623
					13626	13629	13632	13635	13638	13641	13644	13647	13650	13653	13656	13659	13662	13665	13668	13671	13674	13677	13680
					13683	13686	13689	13692	13695	13698	13701	13704	13707	13710	13713	13716	13719	13722	13725	13728	13731	13734	13737
					13740	13743	13746	13749	13752	13755	13758	13761	13764	13767	13770	13773	13776	13779	13782	13785	13788	13791	13794
					13797	13800	13803	13806	13809	13812	13815	13818	13821	13824	13827	13830	13833	13836	13839	13842	13845	13848	13851
					13854	13857	13860	13863	13866	13869	13872	13875	13878	13881	13884	13887	13890	13893	13896	13899	13902	13905	13908
					13911	13914	13917	13920	13923	13926	13929	13932	13935	13938	13941	13944	13947	13950	13953	13956	13959	13962	13965
					13968	13971	13974	13977	13980	13983	13986	13989	13992	13995	13998	14001	14004	14007	14010	14013	14016	14019	14022
					14025	14028	14031	14034	14037	14040	14043	14046	14049	14052	14055	14058	14061	14064	14067	14070	14073	14076	14079
					14082	14085	14088	14091	14094	14097	14100	14103	14106	14109	14112	14115	14118	14121	14124	14127	14130	14133	14136
					14139	14142	14145	14148	14151	14154	14157	14160	14163	14166	14169	14172	14175	14178	14181	14184	14187	14190	14193
					14196	14199	14202	14205	14208	14211	14214	14217	14220	14223	14226	14229	14232	14235	14238	14241	14244	14247	14250
					14253	14256	14259	14262	14265	14268	14271	14274	14277	14280	14283	14286	14289	14292	14295	14298	14301	14304	14307
					14310	14313	14316	14319	14322	14325	14328	14331	14334	14337	14340	14343	14346	14349	14352	14355	14358	14361	14364
					14367	14370	14373	14376	14379	14382	14385	14388	14391	14394	14397	14400	14403	14406	14409	14412	14415	14418	14421
					14424	14427	14430	14433	14436	14439	14442	14445	14448	14451	14454	
				</DataArray>
				<DataArray type="UInt8" Name="types" NumberOfComponents="1" format="ascii">
					5	5	5	5	5	5	5	5	5	5	5	5	5	5	5	5	5	5	5
					5	5	5	5	5	5	5	5	5	5	5	5	5	5	5	5	5	5	5
					5	5	5	5	5	5	5	5	5	5	5	5	5	5	5	5	5	5	5
					5	5	5	5	5	5	5	5	5	5	5	5	5	5	5	5	5	5	5
					5	5	5	5	5	5	5	5	5	5	5	5	5	5	5	5	5	5	5
					5	5	5	5	5	5	5	5	5	5	5	5	5	5	5	5	5	5	5
					5	5	5	5	5	5	5	5	5	5	5	5	5	5	5	5	5	5	5
					5	5	5	5	5	5	5	5	5	5	5	5	5	5	5	5	5	5	5
					5	5	5	5	5	5	5	5	5	5	5	5	5	5	5	5	5	5	5
					5	5	5	5	5	5	5	5	5	5	5	5	5	5	5	5	5	5	5
					5	5	5	5	5	5	5	5	5	5	5	5	5	5	5	5	5	5	5
					5	5	5	5	5	5	5	5	5	5	5	5	5	5	5	5	5	5	5
					5	5	5	5	5	5	5	5	5	5	5	5	5	5	5	5	5	5	5
					5	5	5	5	5	5	5	5	5	5	5	5	5	5	5	5	5	5	5
					5	5	5	5	5	5	5	5	5	5	5	5	5	5	5	5	5	5	5
					5	5	5	5	5	5	5	5	5	5	5	5	5	5	5	5	5	5	5
					5	5	5	5	5	5	5	5	5	5	5	5	5	5	5	5	5	5	5
					5	5	5	5	5	5	5	5	5	5	5	5	5	5	5	5	5	5	5
					5	5	5	5	5	5	5	5	5	5	5	5	5	5	5	5	5	5	5
					5	5	5	5	5	5	5	5	5	5	5	5	5	5	5	5	5	5	5
					5	5	5	5	5	5	5	5	5	5	5	5	5	5	5	5	5	5	5
					5	5	5	5	5	5	5	5	5	5	5	5	5	5	5	5	5	5	5
					5	5	5	5	5	5	5	5	5	5	5	5	5	5	5	5	5	5	5
					5	5	5	5	5	5	5	5	5	5	5	5	5	5	5	5	5	5	5
					5	5	5	5	5	5	5	5	5	5	5	5	5	5	5	5	5	5	5
					5	5	5	5	5	5	5	5	5	5	5	5	5	5	5	5	5	5	5
					5	5	5	5	5	5	5	5	5	5	5	5	5	5	5	5	5	5	5
					5	5	5	5	5	5	5	5	5	5	5	5	5	5	5	5	5	5	5
					5	5	5	5	5	5	5	5	5	5	5	5	5	5	5	5	5	5	5
					5	5	5	5	5	5	5	5	5	5	5	5	5	5	5	5	5	5	5
					5	5	5	5	5	5	5	5	5	5	5	5	5	5	5	5	5	5	5
					5	5	5	5	5	5	5	5	5	5	5	5	5	5	5	5	5	5	5
					5	5	5	5	5	5	5	5	5	5	5	5	5	5	5	5	5	5	5
					5	5	5	5	5	5	5	5	5	5	5	5	5	5	5	5	5	5	5
					5	5	5	5	5	5	5	5	5	5	5	5	5	5	5	5	5	5	5
					5	5	5	5	5	5	5	5	5	5	5	5	5	5	5	5	5	5	5
					5	5	5	5	5	5	5	5	5	5	5	5	5	5	5	5	5	5	5
					5	5	5	5	5	5	5	5	5	5	5	5	5	5	5	5	5	5	5
					5	5	5	5	5	5	5	5	5	5	5	5	5	5	5	5	5	5	5
					5	5	5	5	5	5	5	5	5	5	5	5	5	5	5	5	5	5	5
					5	5	5	5	5	5	5	5	5	5	5	5	5	5	5	5	5	5	5
					5	5	5	5	5	5	5	5	5	5	5	5	5	5	5	5	5	5	5
					5	5	5	5	5	5	5	5	5	5	5	5	5	5	5	5	5	5	5
					5	5	5	5	5	5	5	5	5	5	5	5	5	5	5	5	5	5	5
					5	5	5	5	5	5	5	5	5	5	5	5	5	5	5	5	5	5	5
					5	5	5	5	5	5	5	5	5	5	5	5	5	5	5	5	5	5	5
					5	5	5	5	5	5	5	5	5	5	5	5	5	5	5	5	5	5	5
					5	5	5	5	5	5	5	5	5	5	5	5	5	5	5	5	5	5	5
					5	5	5	5	5	5	5	5	5	5	5	5	5	5	5	5	5	5	5
					5	5	5	5	5	5	5	5	5	5	5	5	5	5	5	5	5	5	5
					5	5	5	5	5	5	5	5	5	5	5	5	5	5	5	5	5	5	5
					5	5	5	5	5	5	5	5	5	5	5	5	5	5	5	5	5	5	5
					5	5	5	5	5	5	5	5	5	5	5	5	5	5	5	5	5	5	5
					5	5	5	5	5	5	5	5	5	5	5	5	5	5	5	5	5	5	5
					5	5	5	5	5	5	5	5	5	5	5	5	5	5	5	5	5	5	5
					5	5	5	5	5	5	5	5	5	5	5	5	5	5	5	5	5	5	5
					5	5	5	5	5	5	5	5	5	5	5	5	5	5	5	5	5	5	5
					5	5	5	5	5	5	5	5	5	5	5	5	5	5	5	5	5	5	5
					5	5	5	5	5	5	5	5	5	5	5	5	5	5	5	5	5	5	5
					5	5	5	5	5	5	5	5	5	5	5	5	5	5	5	5	5	5	5
					5	5	5	5	5	5	5	5	5	5	5	5	5	5	5	5	5	5	5
					5	5	5	5	5	5	5	5	5	5	5	5	5	5	5	5	5	5	5
					5	5	5	5	5	5	5	5	5	5	5	5	5	5	5	5	5	5	5
					5	5	5	5	5	5	5	5	5	5	5	5	5	5	5	5	5	5	5
					5	5	5	5	5	5	5	5	5	5	5	5	5	5	5	5	5	5	5
					5	5	5	5	5	5	5	5	5	5	5	5	5	5	5	5	5	5	5
					5	5	5	5	5	5	5	5	5	5	5	5	5	5	5	5	5	5	5
					5	5	5	5	5	5	5	5	5	5	5	5	5	5	5	5	5	5	5
					5	5	5	5	5	5	5	5	5	5	5	5	5	5	5	5	5	5	5
					5	5	5	5	5	5	5	5	5	5	5	5	5	5	5	5	5	5	5
					5	5	5	5	5	5	5	5	5	5	5	5	5	5	5	5	5	5	5
					5	5	5	5	5	5	5	5	5	5	5	5	5	5	5	5	5	5	5
					5	5	5	5	5	5	5	5	5	5	5	5	5	5	5	5	5	5	5
					5	5	5	5	5	5	5	5	5	5	5	5	5	5	5	5	5	5	5
					5	5	5	5	5	5	5	5	5	5	5	5	5	5	5	5	5	5	5
					5	5	5	5	5	5	5	5	5	5	5	5	5	5	5	5	5	5	5
					5	5	5	5	5	5	5	5	5	5	5	5	5	5	5	5	5	5	5
					5	5	5	5	5	5	5	5	5	5	5	5	5	5	5	5	5	5	5
					5	5	5	5	5	5	5	5	5	5	5	5	5	5	5	5	5	5	5
					5	5	5	5	5	5	5	5	5	5	5	5	5	5	5	5	5	5	5
					5	5	5	5	5	5	5	5	5	5	5	5	5	5	5	5	5	5	5
					5	5	5	5	5	5	5	5	5	5	5	5	5	5	5	5	5	5	5
					5	5	5	5	5	5	5	5	5	5	5	5	5	5	5	5	5	5	5
					5	5	5	5	5	5	5	5	5	5	5	5	5	5	5	5	5	5	5
					5	5	5	5	5	5	5	5	5	5	5	5	5	5	5	5	5	5	5
					5	5	5	5	5	5	5	5	5	5	5	5	5	5	5	5	5	5	5
					5	5	5	5	5	5	5	5	5	5	5	5	5	5	5	5	5	5	5
					5	5	5	5	5	5	5	5	5	5	5	5	5	5	5	5	5	5	5
					5	5	5	5	5	5	5	5	5	5	5	5	5	5	5	5	5	5	5
					5	5	5	5	5	5	5	5	5	5	5	5	5	5	5	5	5	5	5
					5	5	5	5	5	5	5	5	5	5	5	5	5	5	5	5	5	5	5
					5	5	5	5	5	5	5	5	5	5	5	5	5	5	5	5	5	5	5
					5	5	5	5	5	5	5	5	5	5	5	5	5	5	5	5	5	5	5
					5	5	5	5	5	5	5	5	5	5	5	5	5	5	5	5	5	5	5
					5	5	5	5	5	5	5	5	5	5	5	5	5	5	5	5	5	5	5
					5	5	5	5	5	5	5	5	5	5	5	5	5	5	5	5	5	5	5
					5	5	5	5	5	5	5	5	5	5	5	5	5	5	5	5	5	5	5
					5	5	5	5	5	5	5	5	5	5	5	5	5	5	5	5	5	5	5
					5	5	5	5	5	5	5	5	5	5	5	5	5	5	5	5	5	5	5
					5	5	5	5	5	5	5	5	5	5	5	5	5	5	5	5	5	5	5
					5	5	5	5	5	5	5	5	5	5	5	5	5	5	5	5	5	5	5
					5	5	5	5	5	5	5	5	5	5	5	5	5	5	5	5	5	5	5
					5	5	5	5	5	5	5	5	5	5	5	5	5	5	5	5	5	5	5
					5	5	5	5	5	5	5	5	5	5	5	5	5	5	5	5	5	5	5
					5	5	5	5	5	5	5	5	5	5	5	5	5	5	5	5	5	5	5
					5	5	5	5	5	5	5	5	5	5	5	5	5	5	5	5	5	5	5
					5	5	5	5	5	5	5	5	5	5	5	5	5	5	5	5	5	5	5
					5	5	5	5	5	5	5	5	5	5	5	5	5	5	5	5	5	5	5
					5	5	5	5	5	5	5	5	5	5	5	5	5	5	5	5	5	5	5
					5	5	5	5	5	5	5	5	5	5	5	5	5	5	5	5	5	5	5
					5	5	5	5	5	5	5	5	5	5	5	5	5	5	5	5	5	5	5
					5	5	5	5	5	5	5	5	5	5	5	5	5	5	5	5	5	5	5
					5	5	5	5	5	5	5	5	5	5	5	5	5	5	5	5	5	5	5
					5	5	5	5	5	5	5	5	5	5	5	5	5	5	5	5	5	5	5
					5	5	5	5	5	5	5	5	5	5	5	5	5	5	5	5	5	5	5
					5	5	5	5	5	5	5	5	5	5	5	5	5	5	5	5	5	5	5
					5	5	5	5	5	5	5	5	5	5	5	5	5	5	5	5	5	5	5
					5	5	5	5	5	5	5	5	5	5	5	5	5	5	5	5	5	5	5
					5	5	5	5	5	5	5	5	5	5	5	5	5	5	5	5	5	5	5
					5	5	5	5	5	5	5	5	5	5	5	5	5	5	5	5	5	5	5
					5	5	5	5	5	5	5	5	5	5	5	5	5	5	5	5	5	5	5
					5	5	5	5	5	5	5	5	5	5	5	5	5	5	5	5	5	5	5
					5	5	5	5	5	5	5	5	5	5	5	5	5	5	5	5	5	5	5
					5	5	5	5	5	5	5	5	5	5	5	5	5	5	5	5	5	5	5
					5	5	5	5	5	5	5	5	5	5	5	5	5	5	5	5	5	5	5
					5	5	5	5	5	5	5	5	5	5	5	5	5	5	5	5	5	5	5
					5	5	5	5	5	5	5	5	5	5	5	5	5	5	5	5	5	5	5
					5	5	5	5	5	5	5	5	5	5	5	5	5	5	5	5	5	5	5
					5	5	5	5	5	5	5	5	5	5	5	5	5	5	5	5	5	5	5
					5	5	5	5	5	5	5	5	5	5	5	5	5	5	5	5	5	5	5
					5	5	5	5	5	5	5	5	5	5	5	5	5	5	5	5	5	5	5
					5	5	5	5	5	5	5	5	5	5	5	5	5	5	5	5	5	5	5
					5	5	5	5	5	5	5	5	5	5	5	5	5	5	5	5	5	5	5
					5	5	5	5	5	5	5	5	5	5	5	5	5	5	5	5	5	5	5
					5	5	5	5	5	5	5	5	5	5	5	5	5	5	5	5	5	5	5
					5	5	5	5	5	5	5	5	5	5	5	5	5	5	5	5	5	5	5
					5	5	5	5	5	5	5	5	5	5	5	5	5	5	5	5	5	5	5
					5	5	5	5	5	5	5	5	5	5	5	5	5	5	5	5	5	5	5
					5	5	5	5	5	5	5	5	5	5	5	5	5	5	5	5	5	5	5
					5	5	5	5	5	5	5	5	5	5	5	5	5	5	5	5	5	5	5
					5	5	5	5	5	5	5	5	5	5	5	5	5	5	5	5	5	5	5
					5	5	5	5	5	5	5	5	5	5	5	5	5	5	5	5	5	5	5
					5	5	5	5	5	5	5	5	5	5	5	5	5	5	5	5	5	5	5
					5	5	5	5	5	5	5	5	5	5	5	5	5	5	5	5	5	5	5
					5	5	5	5	5	5	5	5	5	5	5	5	5	5	5	5	5	5	5
					5	5	5	5	5	5	5	5	5	5	5	5	5	5	5	5	5	5	5
					5	5	5	5	5	5	5	5	5	5	5	5	5	5	5	5	5	5	5
					5	5	5	5	5	5	5	5	5	5	5	5	5	5	5	5	5	5	5
					5	5	5	5	5	5	5	5	5	5	5	5	5	5	5	5	5	5	5
					5	5	5	5	5	5	5	5	5	5	5	5	5	5	5	5	5	5	5
					5	5	5	5	5	5	5	5	5	5	5	5	5	5	5	5	5	5	5
					5	5	5	5	5	5	5	5	5	5	5	5	5	5	5	5	5	5	5
					5	5	5	5	5	5	5	5	5	5	5	5	5	5	5	5	5	5	5
					5	5	5	5	5	5	5	5	5	5	5	5	5	5	5	5	5	5	5
					5	5	5	5	5	5	5	5	5	5	5	5	5	5	5	5	5	5	5
					5	5	5	5	5	5	5	5	5	5	5	5	5	5	5	5	5	5	5
					5	5	5	5	5	5	5	5	5	5	5	5	5	5	5	5	5	5	5
					5	5	5	5	5	5	5	5	5	5	5	5	5	5	5	5	5	5	5
					5	5	5	5	5	5	5	5	5	5	5	5	5	5	5	5	5	5	5
					5	5	5	5	5	5	5	5	5	5	5	5	5	5	5	5	5	5	5
					5	5	5	5	5	5	5	5	5	5	5	5	5	5	5	5	5	5	5
					5	5	5	5	5	5	5	5	5	5	5	5	5	5	5	5	5	5	5
					5	5	5	5	5	5	5	5	5	5	5	5	5	5	5	5	5	5	5
					5	5	5	5	5	5	5	5	5	5	5	5	5	5	5	5	5	5	5
					5	5	5	5	5	5	5	5	5	5	5	5	5	5	5	5	5	5	5
					5	5	5	5	5	5	5	5	5	5	5	5	5	5	5	5	5	5	5
					5	5	5	5	5	5	5	5	5	5	5	5	5	5	5	5	5	5	5
					5	5	5	5	5	5	5	5	5	5	5	5	5	5	5	5	5	5	5
					5	5	5	5	5	5	5	5	5	5	5	5	5	5	5	5	5	5	5
					5	5	5	5	5	5	5	5	5	5	5	5	5	5	5	5	5	5	5
					5	5	5	5	5	5	5	5	5	5	5	5	5	5	5	5	5	5	5
					5	5	5	5	5	5	5	5	5	5	5	5	5	5	5	5	5	5	5
					5	5	5	5	5	5	5	5	5	5	5	5	5	5	5	5	5	5	5
					5	5	5	5	5	5	5	5	5	5	5	5	5	5	5	5	5	5	5
					5	5	5	5	5	5	5	5	5	5	5	5	5	5	5	5	5	5	5
					5	5	5	5	5	5	5	5	5	5	5	5	5	5	5	5	5	5	5
					5	5	5	5	5	5	5	5	5	5	5	5	5	5	5	5	5	5	5
					5	5	5	5	5	5	5	5	5	5	5	5	5	5	5	5	5	5	5
					5	5	5	5	5	5	5	5	5	5	5	5	5	5	5	5	5	5	5
					5	5	5	5	5	5	5	5	5	5	5	5	5	5	5	5	5	5	5
					5	5	5	5	5	5	5	5	5	5	5	5	5	5	5	5	5	5	5
					5	5	5	5	5	5	5	5	5	5	5	5	5	5	5	5	5	5	5
					5	5	5	5	5	5	5	5	5	5	5	5	5	5	5	5	5	5	5
					5	5	5	5	5	5	5	5	5	5	5	5	5	5	5	5	5	5	5
					5	5	5	5	5	5	5	5	5	5	5	5	5	5	5	5	5	5	5
					5	5	5	5	5	5	5	5	5	5	5	5	5	5	5	5	5	5	5
					5	5	5	5	5	5	5	5	5	5	5	5	5	5	5	5	5	5	5
					5	5	5	5	5	5	5	5	5	5	5	5	5	5	5	5	5	5	5
					5	5	5	5	5	5	5	5	5	5	5	5	5	5	5	5	5	5	5
					5	5	5	5	5	5	5	5	5	5	5	5	5	5	5	5	5	5	5
					5	5	5	5	5	5	5	5	5	5	5	5	5	5	5	5	5	5	5
					5	5	5	5	5	5	5	5	5	5	5	5	5	5	5	5	5	5	5
					5	5	5	5	5	5	5	5	5	5	5	5	5	5	5	5	5	5	5
					5	5	5	5	5	5	5	5	5	5	5	5	5	5	5	5	5	5	5
					5	5	5	5	5	5	5	5	5	5	5	5	5	5	5	5	5	5	5
					5	5	5	5	5	5	5	5	5	5	5	5	5	5	5	5	5	5	5
					5	5	5	5	5	5	5	5	5	5	5	5	5	5	5	5	5	5	5
					5	5	5	5	5	5	5	5	5	5	5	5	5	5	5	5	5	5	5
					5	5	5	5	5	5	5	5	5	5	5	5	5	5	5	5	5	5	5
					5	5	5	5	5	5	5	5	5	5	5	5	5	5	5	5	5	5	5
					5	5	5	5	5	5	5	5	5	5	5	5	5	5	5	5	5	5	5
					5	5	5	5	5	5	5	5	5	5	5	5	5	5	5	5	5	5	5
					5	5	5	5	5	5	5	5	5	5	5	5	5	5	5	5	5	5	5
					5	5	5	5	5	5	5	5	5	5	5	5	5	5	5	5	5	5	5
					5	5	5	5	5	5	5	5	5	5	5	5	5	5	5	5	5	5	5
					5	5	5	5	5	5	5	5	5	5	5	5	5	5	5	5	5	5	5
					5	5	5	5	5	5	5	5	5	5	5	5	5	5	5	5	5	5	5
					5	5	5	5	5	5	5	5	5	5	5	5	5	5	5	5	5	5	5
					5	5	5	5	5	5	5	5	5	5	5	5	5	5	5	5	5	5	5
					5	5	5	5	5	5	5	5	5	5	5	5	5	5	5	5	5	5	5
					5	5	5	5	5	5	5	5	5	5	5	5	5	5	5	5	5	5	5
					5	5	5	5	5	5	5	5	5	5	5	5	5	5	5	5	5	5	5
					5	5	5	5	5	5	5	5	5	5	5	5	5	5	5	5	5	5	5
					5	5	5	5	5	5	5	5	5	5	5	5	5	5	5	5	5	5	5
					5	5	5	5	5	5	5	5	5	5	5	5	5	5	5	5	5	5	5
					5	5	5	5	5	5	5	5	5	5	5	5	5	5	5	5	5	5	5
					5	5	5	5	5	5	5	5	5	5	5	5	5	5	5	5	5	5	5
					5	5	5	5	5	5	5	5	5	5	5	5	5	5	5	5	5	5	5
					5	5	5	5	5	5	5	5	5	5	5	5	5	5	5	5	5	5	5
					5	5	5	5	5	5	5	5	5	5	5	5	5	5	5	5	5	5	5
					5	5	5	5	5	5	5	5	5	5	5	5	5	5	5	5	5	5	5
					5	5	5	5	5	5	5	5	5	5	5	5	5	5	5	5	5	5	5
					5	5	5	5	5	5	5	5	5	5	5	5	5	5	5	5	5	5	5
					5	5	5	5	5	5	5	5	5	5	5	5	5	5	5	5	5	5	5
					5	5	5	5	5	5	5	5	5	5	5	5	5	5	5	5	5	5	5
					5	5	5	5	5	5	5	5	5	5	5	5	5	5	5	5	5	5	5
					5	5	5	5	5	5	5	5	5	5	5	5	5	5	5	5	5	5	5
					5	5	5	5	5	5	5	5	5	5	5	5	5	5	5	5	5	5	5
					5	5	5	5	5	5	5	5	5	5	5	5	5	5	5	5	5	5	5
					5	5	5	5	5	5	5	5	5	5	5	5	5	5	5	5	5	5	5
					5	5	5	5	5	5	5	5	5	5	5	5	5	5	5	5	5	5	5
					5	5	5	5	5	5	5	5	5	5	5	5	5	5	5	5	5	5	5
					5	5	5	5	5	5	5	5	5	5	5	5	5	5	5	5	5	5	5
					5	5	5	5	5	5	5	5	5	5	5	5	5	5	5	5	5	5	5
					5	5	5	5	5	5	5	5	5	5	5	5	5	5	5	5	5	5	5
					5	5	5	5	5	5	5	5	5	5	5	5	5	5	5	5	5	5	5
					5	5	5	5	5	5	5	5	5	5	5	5	5	5	5	5	5	5	5
					5	5	5	5	5	5	5	5	5	5	5	5	5	5	5	5	5	5	5
					5	5	5	5	5	5	5	5	5	5	5	5	5	5	5	5	5	5	5
					5	5	5	5	5	5	5	5	5	5	5	5	5	5	5	5	5	5	5
					5	5	5	5	5	5	5	5	5	5	5	5	5	5	5	5	5	5	5
					5	5	5	5	5	5	5	5	5	5	5	5	5	5	5	5	5	5	5
					5	5	5	5	5	5	5	5	5	5	5	5	5	5	5	5	5	5	5
					5	5	5	5	5	5	5	5	5	5	5	5	5	5	5	5	5	5	5
					5	5	5	5	5	5	5	5	5	5	5	5	5	5	5	5	5	5	5
					5	5	5	5	5	5	5	5	5	5	5	5	5	5	5	5	5	5	5
					5	5	5	5	5	5	5	5	5	5	5	5	5	5	5	5	5	5	5
					5	5	5	5	5	5	5	5	5	5	5	5	5	5	5	5	5	5	5
					5	5	5	5	5	5	5	5	5	5	5	5	5	5	5	5	5	5	5
					5	5	5	5	5	5	5	5	5	5	5	5	5	5	5	5	5	5	5
					5	5	5	5	5	5	5	5	5	5	5	5	5	5	5	5	5	5	5
					5	5	5	5	5	5	5	5	5	5	5	5	5	5	5	5	5	5	5
					5	5	5	5	5	5	5	5	5	5	5	5	5	5	5	5	5	5	5
					5	5	5	5	5	5	5	5	5	5	5	
				</DataArray>
			</Cells>
			<CellData Scalars="region id">
				<DataArray type="Float64" Name="region id" NumberOfComponents="1" format="ascii">
					1	1	1	1	1	1	1	1
					1	1	1	1	1	1	1	1	1
					1	1	1	1	1	1	1	1	1
					1	1	1	1	1	1	1	1	1
					1	1	1	1	1	1	1	1	1
					1	1	1	1	1	1	1	1	1
					1	1	1	1	1	1	1	1	1
					1	1	1	1	1	1	1	1	1
					1	1	1	1	1	1	1	1	1
					1	1	1	1	1	1	1	1	1
					1	1	1	1	1	1	1	1	1
					1	1	1	1	1	1	1	1	1
					1	1	1	1	1	1	1	1	1
					1	1	1	1	1	1	1	1	1
					1	1	1	1	1	1	1	1	1
					1	1	1	1	1	1	1	1	1
					1	1	1	1	1	1	1	1	1
					1	1	1	1	1	1	1	1	1
					1	1	1	1	1	1	1	1	1
					1	1	1	1	1	1	1	1	1
					1	1	1	1	1	1	1	1	1
					1	1	1	1	1	1	1	1	1
					1	1	1	1	1	1	1	1	1
					1	1	1	1	1	1	1	1	1
					1	1	1	1	1	1	1	1	1
					1	1	1	1	1	1	1	1	1
					1	1	1	1	1	1	1	1	1
					1	1	1	1	1	1	1	1	1
					1	1	1	1	1	1	1	1	1
					1	1	1	1	1	1	1	1	1
					1	1	1	1	1	1	1	1	1
					1	1	1	1	1	1	1	1	1
					1	1	1	1	1	1	1	1	1
					1	1	1	1	1	1	1	1	1
					1	1	1	1	1	1	1	1	1
					1	1	1	1	1	1	1	1	1
					1	1	1	1	1	1	1	1	1
					1	1	1	1	1	1	1	1	1
					1	1	1	1	1	1	1	1	1
					1	1	1	1	1	1	1	1	1
					1	1	1	1	1	1	1	1	1
					1	1	1	1	1	1	1	1	1
					1	1	1	1	1	1	1	1	1
					1	1	1	1	1	1	1	1	1
					1	1	1	1	1	1	1	1	1
					1	1	1	1	1	1	1	1	1
					1	1	1	1	1	1	1	1	1
					1	1	1	1	1	1	1	1	1
					1	1	1	1	1	1	1	1	1
					1	1	1	1	1	1	1	1	1
					1	1	1	1	1	1	1	1	1
					1	1	1	1	1	1	1	1	1
					1	1	1	1	1	1	1	1	1
					1	1	1	1	1	1	1	1	1
					1	1	1	1	1	1	1	1	1
					1	1	1	1	1	1	1	1	1
					1	1	1	1	1	1	1	1	1
					1	1	1	1	1	1	1	1	1
					1	1	1	1	1	1	1	1	1
					1	1	1	1	1	1	1	1	1
					1	1	1	1	1	1	1	1	1
					1	1	1	1	1	1	1	1	1
					1	1	1	1	1	1	1	1	1
					1	1	1	1	1	1	1	1	1
					1	1	1	1	1	1	1	1	1
					1	1	1	1	1	1	1	1	1
					1	1	1	1	1	1	1	1	1
					1	1	1	1	1	1	1	1	1
					1	1	1	1	1	1	1	1	1
					1	1	1	1	1	1	1	1	1
					1	1	1	1	1	1	1	1	1
					1	1	1	1	1	1	1	1	1
					1	1	1	1	1	1	1	1	1
					1	1	1	1	1	1	1	1	1
					1	1	1	1	1	1	1	1	1
					1	1	1	1	1	1	1	1	1
					1	1	1	1	1	1	1	1	1
					1	1	1	1	1	1	1	1	1
					1	1	1	1	1	1	1	1	1
					1	1	1	1	1	1	1	1	1
					1	1	1	1	1	1	1	1	1
					1	1	1	1	1	1	1	1	1
					1	1	1	1	1	1	1	1	1
					1	1	1	1	1	1	1	1	1
					1	1	1	1	1	1	1	1	1
					1	1	1	1	1	1	1	1	1
					1	1	1	1	1	1	1	1	1
					1	1	1	1	1	1	1	1	1
					1	1	1	1	1	1	1	1	1
					1	1	1	1	1	1	1	1	1
					1	1	1	1	1	1	1	1	1
					1	1	1	1	1	1	1	1	1
					1	1	1	1	1	1	1	1	1
					1	1	1	1	1	1	1	1	1
					1	1	1	1	1	1	1	1	1
					1	1	1	1	1	1	1	1	1
					1	1	1	1	1	1	1	1	1
					1	1	1	1	1	1	1	1	1
					1	1	1	1	1	1	1	1	1
					1	1	1	1	1	1	1	1	1
					1	1	1	1	1	1	1	1	1
					1	1	1	1	1	1	1	1	1
					1	1	1	1	1	1	1	1	1
					1	1	1	1	1	1	1	1	1
					1	1	1	1	1	1	1	1	1
					1	1	1	1	1	1	1	1	1
					1	1	1	1	1	1	1	1	1
					1	1	1	1	1	1	1	1	1
					1	1	1	1	1	1	1	1	1
					1	1	1	1	1	1	1	1	1
					1	1	1	1	1	1	1	1	1
					1	1	1	1	1	1	1	1	1
					1	1	1	1	1	1	1	1	1
					1	1	1	1	1	1	1	1	1
					1	1	1	1	1	1	1	1	1
					1	1	1	1	1	1	1	1	1
					1	1	1	1	1	1	1	1	1
					1	1	1	1	1	1	1	1	1
					1	1	1	1	1	1	1	1	1
					1	1	1	1	1	1	1	1	1
					1	1	1	1	1	1	1	1	1
					1	1	1	1	1	1	1	1	1
					1	1	1	1	1	1	1	1	1
					1	1	1	1	1	1	1	1	1
					1	1	1	1	1	1	1	1	1
					1	1	1	1	1	1	1	1	1
					1	1	1	1	1	1	1	1	1
					1	1	1	1	1	1	1	1	1
					1	1	1	1	1	1	1	1	1
					1	1	1	1	1	1	1	1	1
					1	1	1	1	1	1	1	1	1
					1	1	1	1	1	1	1	1	1
					1	1	1	1	1	1	1	1	1
					1	1	1	1	1	1	1	1	1
					1	1	1	1	1	1	1	1	1
					1	1	1	1	1	1	1	1	1
					1	1	1	1	1	1	1	1	1
					1	1	1	1	1	1	1	1	1
					1	1	1	1	1	1	1	1	1
					1	1	1	1	1	1	1	1	1
					1	1	1	1	1	1	1	1	1
					1	1	1	1	1	1	1	1	1
					1	1	1	1	1	1	1	1	1
					1	1	1	1	1	1	1	1	1
					1	1	1	1	1	1	1	1	1
					1	1	1	1	1	1	1	1	2
					2	2	2	2	2	2	2	2	2
					2	2	2	2	2	2	2	2	2
					2	2	2	2	2	2	2	2	2
					2	2	2	2	2	2	2	2	2
					2	2	2	2	2	2	2	2	2
					2	2	2	2	2	2	2	2	2
					2	2	2	2	2	2	2	2	2
					2	2	2	2	2	2	2	2	2
					2	2	2	2	2	2	2	2	2
					2	2	2	2	2	2	2	2	2
					2	2	2	2	2	2	2	2	2
					2	2	2	2	2	2	2	2	2
					2	2	2	2	2	2	2	2	2
					2	2	2	2	2	2	2	2	2
					2	2	2	2	2	2	2	2	2
					2	2	2	2	2	2	2	2	2
					2	2	2	2	2	2	2	2	2
					2	2	2	2	2	2	2	2	2
					2	2	2	2	2	2	2	2	2
					2	2	2	2	2	2	2	2	2
					2	2	2	2	2	2	2	2	2
					2	2	2	2	2	2	2	2	2
					2	2	2	2	2	2	2	2	2
					2	2	2	2	2	2	2	2	2
					2	2	2	2	2	2	2	2	2
					2	2	2	2	2	2	2	2	2
					2	2	2	2	2	2	2	2	2
					2	2	2	2	2	2	2	2	2
					2	2	2	2	2	2	2	2	2
					2	2	2	2	2	2	2	2	2
					2	2	2	2	2	2	2	2	2
					2	2	2	2	2	2	2	2	2
					2	2	2	2	2	2	2	2	2
					2	2	2	2	2	2	2	2	2
					2	2	2	2	2	2	2	2	2
					2	2	2	2	2	2	2	2	2
					2	2	2	2	2	2	2	2	2
					2	2	2	2	2	2	2	2	2
					2	2	2	2	2	2	2	2	2
					2	2	2	2	2	2	2	2	2
					2	2	2	2	2	2	2	2	2
					2	2	2	2	2	2	2	2	2
					2	2	2	2	2	2	2	2	2
					2	2	2	2	2	2	2	2	2
					2	2	2	2	2	2	2	2	2
					2	2	2	2	2	2	2	2	2
					2	2	2	2	2	2	2	2	2
					2	2	2	2	2	2	2	2	2
					2	2	2	2	2	2	2	2	2
					2	2	2	2	2	2	2	2	2
					2	2	2	2	2	2	2	2	2
					2	2	2	2	2	2	2	2	2
					2	2	2	2	2	2	2	2	2
					2	2	2	2	2	2	2	2	2
					2	2	2	2	2	2	2	2	2
					2	2	2	2	2	2	2	2	2
					2	2	2	2	2	2	2	2	2
					2	2	2	2	2	2	2	2	2
					2	2	2	2	2	2	2	2	2
					2	2	2	2	2	2	2	2	2
					2	2	2	2	2	2	2	2	2
					2	2	2	2	2	2	2	2	2
					2	2	2	2	2	2	2	2	2
					2	2	2	2	2	2	2	2	2
					2	2	2	2	2	2	2	2	2
					2	2	2	2	2	2	2	2	2
					2	2	2	2	2	2	2	2	2
					2	2	2	2	2	2	2	2	2
					2	2	2	2	2	2	2	2	2
					2	2	2	2	2	2	2	2	2
					2	2	2	2	2	2	2	2	2
					2	2	2	2	2	2	2	2	2
					2	2	2	2	2	2	2	2	2
					2	2	2	2	2	2	2	2	2
					2	2	2	2	2	2	2	2	2
					2	2	2	2	2	2	2	2	2
					2	2	2	2	2	2	2	2	2
					2	2	2	2	2	2	2	2	2
					2	2	2	1	1	1	1	1	1
					1	1	1	1	1	1	1	1	1
					1	1	1	1	1	1	1	1	1
					1	1	1	1	1	1	1	1	1
					1	1	1	1	1	1	1	1	1
					1	1	1	1	1	1	1	1	1
					1	1	1	1	1	1	1	1	1
					1	1	1	1	1	1	1	1	1
					1	1	1	1	1	1	1	1	1
					1	1	1	1	1	1	1	1	1
					1	1	1	1	1	1	1	1	1
					1	1	1	1	1	1	1	1	1
					1	1	1	1	1	1	1	1	1
					1	1	1	1	1	1	1	1	1
					1	1	1	1	1	1	1	1	1
					1	1	1	1	1	1	1	1	1
					1	1	1	1	1	1	1	1	1
					1	1	1	1	1	1	1	1	1
					1	1	1	1	1	1	1	1	1
					1	1	1	1	1	1	1	1	1
					1	1	1	1	1	1	1	1	1
					1	1	1	1	1	1	1	1	1
					1	1	1	1	1	1	1	1	1
					1	1	1	1	1	1	1	1	1
					1	1	1	1	1	1	1	1	1
					1	1	1	1	1	1	1	1	1
					1	1	1	1	1	1	1	1	1
					1	1	1	1	1	1	1	1	1
					1	1	1	1	1	1	1	1	1
					1	1	1	1	1	1	1	1	1
					1	1	1	1	1	1	1	1	1
					1	1	1	1	1	1	1	1	1
					1	1	1	1	1	1	1	1	1
					1	1	1	1	1	1	1	1	1
					1	1	1	1	1	1	1	1	1
					1	1	1	1	1	1	1	1	1
					1	1	1	1	1	1	1	1	1
					1	1	1	1	1	1	1	1	1
					1	1	1	1	1	1	1	2	2
					2	2	2	2	2	2	2	2	2
					2	2	2	2	2	2	2	2	2
					2	2	2	2	2	2	2	2	2
					2	2	2	2	2	2	2	2	2
					2	2	2	2	2	2	2	2	2
					2	2	2	2	2	2	2	2	2
					2	2	2	2	2	2	2	2	2
					2	2	2	2	2	2	2	2	2
					2	2	2	2	2	2	2	2	2
					2	2	2	2	2	2	2	2	2
					2	2	2	2	2	2	2	2	2
					2	2	2	2	2	2	2	2	2
					2	2	2	2	2	2	2	2	2
					2	2	2	2	2	2	2	2	2
					2	2	2	2	2	2	2	2	2
					2	2	2	2	2	2	2	2	2
					2	2	2	2	2	2	2	2	2
					2	2	2	2	2	2	2	2	2
					2	2	2	2	2	2	2	2	2
					2	2	2	2	2	2	2	2	2
					2	2	2	2	2	2	2	2	2
					2	2	2	2	2	2	2	2	2
					2	2	2	2	2	2	2	2	2
					2	2	2	2	2	2	2	2	2
					2	2	2	2	2	2	2	2	2
					2	2	2	2	2	2	2	2	2
					2	2	2	2	2	2	2	2	2
					2	2	2	2	2	2	2	2	2
					2	2	2	2	2	2	2	2	2
					2	2	2	2	2	2	2	2	2
					2	2	2	2	2	2	2	2	2
					2	2	2	2	2	2	2	2	2
					2	2	2	2	2	2	2	2	2
					2	2	2	2	2	2	2	2	2
					2	2	2	2	2	2	2	2	2
					2	2	2	2	2	2	2	2	2
					2	2	2	2	2	2	2	2	2
					2	2	2	2	2	2	2	2	2
					2	2	2	2	2	2	2	2	2
					2	2	2	2	2	2	2	2	2
					2	2	2	2	2	2	2	2	2
					2	2	2	2	2	2	2	2	2
					2	2	2	2	2	2	2	2	2
					2	2	2	2	2	2	2	2	2
					2	2	2	2	2	2	2	2	2
					2	2	2	2	2	2	2	2	2
					2	2	2	2	2	2	2	2	2
					2	2	2	2	2	2	2	2	2
					2	2	2	2	2	2	2	2	2
					2	2	2	2	2	2	2	2	2
					2	2	2	2	2	2	2	2	2
					2	2	2	2	2	2	2	2	2
					2	2	2	2	2	2	2	2	2
					2	2	2	2	2	2	2	2	2
					2	2	2	2	2	2	2	2	2
					2	2	2	2	2	2	2	2	2
					2	2	2	2	2	2	2	2	2
					2	2	2	2	2	2	2	2	2
					2	2	2	2	2	2	2	2	2
					2	2	2	2	2	2	2	2	2
					2	2	2	2	2	2	2	2	2
					2	2	2	2	2	2	2	2	2
					2	2	2	2	2	2	2	2	2
					2	2	2	2	2	2	2	2	2
					2	2	2	2	2	2	2	2	2
					2	2	2	2	2	2	2	2	2
					2	2	2	2	2	2	2	2	2
					2	2	2	2	2	2	2	2	2
					2	2	2	2	2	2	2	2	2
					2	2	2	2	2	2	2	2	2
					2	2	2	2	2	2	2	2	2
					2	2	2	2	2	2	2	2	2
					2	2	2	2	2	2	2	2	2
					2	2	2	2	2	2	2	2	2
					2	2	2	2	2	2	2	2	2
					2	2	2	2	2	2	2	2	2
					2	2	2	2	2	2	2	2	2
					2	2	2	2	2	2	2	2	2
					2	2	2	2	2	2	2	2	2
					2	2	2	2	2	2	2	2	2
					2	2	2	2	2	2	2	2	2
					2	2	2	2	2	2	2	2	2
					2	2	2	2	2	2	2	2	2
					2	2	2	2	2	2	2	2	2
					2	2	2	2	2	2	2	2	2
					2	2	2	2	2	2	2	2	2
					2	2	2	2	2	2	2	2	2
					2	2	2	2	2	2	2	2	2
					2	2	2	2	2	2	2	2	2
					2	2	2	2	2	2	2	2	2
					2	2	2	2	2	2	2	2	2
					2	2	2	2	2	2	2	2	2
					2	2	2	2	2	2	2	2	2
					2	2	2	2	2	2	2	2	2
					2	2	2	2	2	2	2	2	2
					2	2	2	2	2	2	2	2	2
					2	2	2	2	2	2	2	2	2
					2	2	2	2	2	2	2	2	2
					2	2	2	2	2	2	2	2	2
					2	2	2	2	2	2	2	2	2
					2	2	2	2	2	2	2	2	2
					2	2	2	2	2	2	2	2	2
					2	2	2	2	2	2	2	2	2
					2	2	2	2	2	2	2	2	2
					2	2	2	2	2	2	2	2	2
					2	2	2	2	2	2	2	2	2
					2	2	2	2	2	2	2	2	2
					2	2	2	2	2	2	2	2	2
					2	2	2	2	2	2	2	2	2
					2	2	2	2	2	2	2	2	2
					2	2	2	2	2	2	2	2	2
					2	2	2	2	2	2	2	2	2
					2	2	2	2	2	2	2	2	2
					2	2	2	2	2	2	2	2	2
					2	2	2	2	2	2	2	2	2
					2	2	2	2	2	2	2	2	2
					2	2	2	2	2	2	2	2	2
					2	2	2	2	2	2	2	2	2
					2	2	2	2	2	2	2	2	2
					2	2	2	2	2	2	2	2	2
					2	2	2	2	2	2	2	2	2
					2	2	2	2	2	2	2	2	2
					2	2	2	2	2	2	2	2	2
					2	2	2	2	2	2	2	2	2
					2	2	2	2	2	2	2	2	2
					2	2	2	2	2	2	2	2	2
					2	2	2	2	2	2	2	2	2
					2	2	2	2	2	2	2	2	2
					2	2	2	2	2	2	2	2	2
					2	2	2	2	2	2	2	2	2
					2	2	2	2	2	2	2	2	2
					2	2	2	2	2	2	2	2	2
					2	2	2	2	2	2	2	2	2
					2	2	2	2	2	2	2	2	2
					2	2	2	2	2	2	2	2	2
					2	2	2	2	2	2	2	2	2
					2	2	2	2	2	2	2	2	2
					2	2	2	2	2	2	2	2	2
					2	2	2	2	2	2	2	2	2
					2	2	2	2	2	2	2	2	2
					2	2	2	2	2	2	2	2	2
					2	2	2	2	2	2	2	2	2
					2	2	2	2	2	2	2	2	2
					2	2	2	2	2	2	2	2	2
					2	2	2	2	2	2	2	2	2
					2	2	2	2	2	2	2	2	2
					2	2	2	2	2	2	2	2	2
					2	2	2	2	2	2	2	2	2
					2	2	2	2	2	2	2	2	2
					2	2	2	2	2	2	2	2	2
					2	2	2	2	2	2	2	2	2
					2	2	2	2	2	2	2	2	2
					2	2	2	2	2	2	2	2	2
					2	2	2	2	2	2	2	2	2
					2	2	2	2	2	2	2	2	2
					2	2	2	2	2	2	2	2	2
					2	2	2	2	2	2	2	2	2
					2	2	2	2	2	2	2	2	2
					2	2	2	2	2	2	2	2	2
					2	2	2	2	2	2	2	2	2
					2	2	2	2	2	2	2	2	2
					2	2	2	2	2	2	2	2	2
					2	2	2	2	2	2	2	2	2
					2	2	2	2	2	2	2	2	2
					2	2	2	2	2	2	2	2	2
					2	2	2	2	2	2	2	2	2
					2	2	2	2	2	2	2	2	2
					2	2	2	2	2	2	2	2	2
					2	2	2	2	2	2	2	2	2
					2	2	2	2	2	2	2	2	2
					2	2	2	2	2	2	2	2	2
					2	2	2	2	2	2	2	2	2
					2	2	2	2	2	2	2	2	2
					2	2	2	2	2	2	2	2	2
					2	2	2	2	2	2	2	2	2
					2	2	2	2	2	2	2	2	2
					2	2	2	2	2	2	2	2	2
					2	2	2	2	2	2	2	2	2
					2	2	2	2	2	2	2	2	2
					2	1	1	1	1	1	1	1	1
					1	1	1	1	1	1	1	1	1
					1	1	1	1	1	1	1	1	1
					1	1	1	1	1	1	1	1	1
					1	1	1	1	1	1	1	1	1
					1	1	1	1	1	1	1	1	1
					1	1	1	1	1	1	1	1	1
					1	1	1	1	1	1	1	1	1
					1	1	1	1	1	1	1	1	1
					1	1	1	1	1	1	1	1	1
					1	1	1	1	1	1	1	1	1
					1	1	1	1	1	1	1	1	1
					1	1	1	1	1	1	1	1	1
					1	1	1	1	1	1	1	1	1
					1	1	1	1	1	1	1	1	1
					1	1	1	1	1	1	1	1	1
					1	1	1	1	1	1	1	1	1
					1	1	1	1	1	1	1	1	1
					1	1	1	1	1	1	1	1	1
					1	1	1	1	1	1	1	1	1
					1	1	1	1	1	1	1	1	1
					1	1	1	1	1	1	1	1	1
					1	1	1	1	1	1	1	1	1
					1	1	1	1	1	1	1	1	1
					1	1	1	1	1	1	1	1	1
					1	1	1	1	1	1	1	1	1
					1	1	1	1	1	1	1	1	1
					1	1	1	1	1	1	1	1	1
					1	1	1	1	1	1	1	1	1
					1	1	1	1	1	1	1	1	1
					1	1	1	1	1	1	1	1	1
					1	1	1	1	1	1	1	1	1
					1	1	1	1	1	1	1	1	1
					1	1	1	1	1	1	1	1	1
					1	1	1	1	1	1	1	1	1
					1	1	1	1	1	1	1	1	1
					1	1	1	1	1	1	1	1	1
					1	1	1	1	1	1	1	1	1
					1	1	1	1	1	1	1	1	1
					1	1	1	1	1	1	1	1	1
					1	1	1	1	1	1	1	1	1
					1	1	1	1	1	1	1	1	1
					1	1	1	1	1	1	1	1	1
					1	1	1	1	1	1	1	1	1
					1	1	1	1	1	1	1	1	1
					1	1	1	1	1	1	1	1	1
					1	1	1	1	1	1	1	1	1
					1	1	1	1	1	1	1	1	1
					1	1	1	1	1	1	1	1	1
					1	1	1	1	1	1	1	1	1
					1	1	1	1	1	1	1	1	1
					1	1	1	1	1	1	1	1	1
					1	1	1	1	1	1	1	1	1
					1	1	1	1	1	1	1	1	1
					1	1	1	1	1	1	1	1	1
					1	1	1	1	1	1	1	1	1
					1	1	1	1	1	1	1	1	1
					1	1	1	1	1	1	1	1	1
					1	1	1	1	1	1	1	1	1
					1	1	1	1	1	1	1	1	1
					1	1	1	1	1	1	1	1	1
					1	1	1	1	1	1	1	1	1
					1	1	1	1	1	1	1	1	1
					1	1	1	1	1	1	1	1	1
					1	1	1	1	1	1	1	1	1
					1	1	1	1	1	1	1	1	1
					1	1	1	1	1	1	1	1	1
					1	1	1	1	1	1	1	1	1
					1	1	1	1	1	1	1	1	1
					1	1	1	1	1	1	1	1	1
					1	1	1	1	1	1	1	1	1
					1	1	1	1	1	1	1	1	1
					1	1	1	1	1	1	1	1	1
					1	1	1	1	1	1	1	1	1
					1	1	1	1	1	1	1	1	1
					1	1	1	1	1	1	1	1	1
					1	1	1	1	1	1	1	1	1
					1	1	1	1	1	1	1	1	1
					1	1	1	1	1	1	1	1	1
					1	1	1	1	1	1	1	1	1
					1	2	2	2	2	2	2	2	2
					2	2	2	2	2	2	2	2	2
					2	2	2	2	2	2	2	2	2
					2	2	2	2	2	2	2	2	2
					2	2	2	2	2	2	2	2	2
					2	2	2	2	2	2	2	2	2
					2	2	2	2	2	2	2	2	2
					2	2	2	2	2	2	2	2	2
					2	2	2	2	2	2	2	2	2
					2	2	2	2	2	2	2	2	2
					2	2	2	2	2	2	2	2	2
					2	2	2	2	2	2	1	1	1
					1	1	1	1	1	1	1	1	1
					1	1	1	1	
				</DataArray>
			</CellData>
		</Piece>
	</UnstructuredGrid>
</VTKFile>
