<?xml version="0.9"?>

<!--
CSMP_Simulation
-->

<VTKFile type="UnstructuredGrid" version="0.9" byte_order="LittleEndian">
	<UnstructuredGrid>
		<Piece NumberOfPoints="8000" NumberOfCells="7821">
			<Points>
				<DataArray type="Float32" Name="Position" NumberOfComponents="3" format="ascii">
					3.232323232323233	9.873417721518988	0	3.333333333333333	9.873417721518988	0	3.434343434343434	9.873417721518988	0	3.535353535353535	9.873417721518988	0
					3.636363636363637	9.873417721518988	0	3.737373737373737	9.873417721518988	0	3.838383838383838	9.873417721518988	0	3.939393939393939	9.873417721518988	0
					4.040404040404041	9.873417721518988	0	4.141414141414142	9.873417721518988	0	4.242424242424242	9.873417721518988	0	4.343434343434343	9.873417721518988	0
					4.444444444444445	9.873417721518988	0	4.545454545454545	9.873417721518988	0	4.646464646464646	9.873417721518988	0	4.747474747474747	9.873417721518988	0
					4.848484848484849	9.873417721518988	0	4.94949494949495	9.873417721518988	0	5.050505050505051	9.873417721518988	0	5.151515151515151	9.873417721518988	0
					5.252525252525253	9.873417721518988	0	5.353535353535354	9.873417721518988	0	5.454545454545454	9.873417721518988	0	5.555555555555555	9.873417721518988	0
					5.656565656565657	9.873417721518988	0	5.757575757575758	9.873417721518988	0	5.858585858585858	9.873417721518988	0	5.959595959595959	9.873417721518988	0
					6.060606060606061	9.873417721518988	0	6.161616161616161	9.873417721518988	0	6.262626262626263	9.873417721518988	0	6.363636363636363	9.873417721518988	0
					0.4040404040404041	9.873417721518988	0	0.5050505050505051	9.873417721518988	0	0.6060606060606061	9.873417721518988	0	0.7070707070707071	9.873417721518988	0
					5.656565656565657	9.746835443037975	0	5.757575757575758	9.746835443037975	0	5.858585858585858	9.746835443037975	0	5.959595959595959	9.746835443037975	0
					6.060606060606061	9.746835443037975	0	6.161616161616161	9.746835443037975	0	6.262626262626263	9.746835443037975	0	6.363636363636363	9.746835443037975	0
					6.464646464646465	9.746835443037975	0	6.565656565656566	9.746835443037975	0	6.666666666666666	9.746835443037975	0	6.767676767676768	9.746835443037975	0
					6.868686868686869	9.746835443037975	0	6.969696969696971	9.746835443037975	0	7.070707070707071	9.746835443037975	0	7.171717171717171	9.746835443037975	0
					7.272727272727273	9.746835443037975	0	7.373737373737374	9.746835443037975	0	7.474747474747475	9.746835443037975	0	7.575757575757576	9.746835443037975	0
					7.676767676767676	9.746835443037975	0	7.777777777777778	9.746835443037975	0	7.878787878787879	9.746835443037975	0	7.97979797979798	9.746835443037975	0
					8.080808080808081	9.746835443037975	0	8.181818181818182	9.746835443037975	0	8.282828282828284	9.746835443037975	0	8.383838383838384	9.746835443037975	0
					8.484848484848484	9.746835443037975	0	8.585858585858585	9.746835443037975	0	8.686868686868687	9.746835443037975	0	8.787878787878787	9.746835443037975	0
					8.888888888888889	9.746835443037975	0	8.98989898989899	9.746835443037975	0	9.09090909090909	9.746835443037975	0	9.191919191919192	9.746835443037975	0
					9.292929292929292	9.746835443037975	0	9.393939393939394	9.746835443037975	0	9.494949494949495	9.746835443037975	0	9.595959595959595	9.746835443037975	0
					9.696969696969697	9.746835443037975	0	9.797979797979798	9.746835443037975	0	9.8989898989899	9.746835443037975	0	0.101010101010101	9.620253164556962	0
					0.202020202020202	9.620253164556962	0	0.303030303030303	9.620253164556962	0	0.4040404040404041	9.620253164556962	0	0.5050505050505051	9.620253164556962	0
					0.6060606060606061	9.620253164556962	0	0.7070707070707071	9.620253164556962	0	0.8080808080808082	9.620253164556962	0	0.9090909090909092	9.620253164556962	0
					1.01010101010101	9.620253164556962	0	1.111111111111111	9.620253164556962	0	1.212121212121212	9.620253164556962	0	1.313131313131313	9.620253164556962	0
					1.414141414141414	9.620253164556962	0	1.515151515151515	9.620253164556962	0	1.616161616161616	9.620253164556962	0	1.717171717171717	9.620253164556962	0
					1.818181818181818	9.620253164556962	0	1.919191919191919	9.620253164556962	0	2.02020202020202	9.620253164556962	0	2.121212121212121	9.620253164556962	0
					2.222222222222222	9.620253164556962	0	2.323232323232323	9.620253164556962	0	2.424242424242424	9.620253164556962	0	2.525252525252526	9.620253164556962	0
					2.626262626262626	9.620253164556962	0	2.727272727272727	9.620253164556962	0	2.828282828282828	9.620253164556962	0	2.929292929292929	9.620253164556962	0
					3.03030303030303	9.620253164556962	0	3.131313131313131	9.620253164556962	0	3.232323232323233	9.620253164556962	0	3.333333333333333	9.620253164556962	0
					3.434343434343434	9.620253164556962	0	3.535353535353535	9.620253164556962	0	3.636363636363637	9.620253164556962	0	3.737373737373737	9.620253164556962	0
					3.838383838383838	9.620253164556962	0	3.939393939393939	9.620253164556962	0	4.040404040404041	9.620253164556962	0	4.141414141414142	9.620253164556962	0
					4.242424242424242	9.620253164556962	0	4.343434343434343	9.620253164556962	0	4.444444444444445	9.620253164556962	0	4.545454545454545	9.620253164556962	0
					4.646464646464646	9.620253164556962	0	4.747474747474747	9.620253164556962	0	4.848484848484849	9.620253164556962	0	4.94949494949495	9.620253164556962	0
					5.050505050505051	9.620253164556962	0	5.151515151515151	9.620253164556962	0	5.252525252525253	9.620253164556962	0	5.353535353535354	9.620253164556962	0
					5.454545454545454	9.620253164556962	0	5.555555555555555	9.620253164556962	0	5.656565656565657	9.620253164556962	0	5.757575757575758	9.620253164556962	0
					5.858585858585858	9.620253164556962	0	5.959595959595959	9.620253164556962	0	6.060606060606061	9.620253164556962	0	6.161616161616161	9.620253164556962	0
					6.262626262626263	9.620253164556962	0	6.363636363636363	9.620253164556962	0	6.464646464646465	9.620253164556962	0	6.565656565656566	9.620253164556962	0
					6.666666666666666	9.620253164556962	0	6.767676767676768	9.620253164556962	0	6.868686868686869	9.620253164556962	0	6.969696969696971	9.620253164556962	0
					7.070707070707071	9.620253164556962	0	7.171717171717171	9.620253164556962	0	7.272727272727273	9.620253164556962	0	7.373737373737374	9.620253164556962	0
					7.474747474747475	9.620253164556962	0	7.575757575757576	9.620253164556962	0	7.676767676767676	9.620253164556962	0	7.777777777777778	9.620253164556962	0
					7.878787878787879	9.620253164556962	0	7.97979797979798	9.620253164556962	0	8.080808080808081	9.620253164556962	0	8.181818181818182	9.620253164556962	0
					8.282828282828284	9.620253164556962	0	8.383838383838384	9.620253164556962	0	8.484848484848484	9.620253164556962	0	8.585858585858585	9.620253164556962	0
					8.686868686868687	9.620253164556962	0	8.787878787878787	9.620253164556962	0	8.888888888888889	9.620253164556962	0	8.98989898989899	9.620253164556962	0
					9.09090909090909	9.620253164556962	0	9.191919191919192	9.620253164556962	0	9.292929292929292	9.620253164556962	0	9.393939393939394	9.620253164556962	0
					9.494949494949495	9.620253164556962	0	9.595959595959595	9.620253164556962	0	9.696969696969697	9.620253164556962	0	9.797979797979798	9.620253164556962	0
					9.8989898989899	9.620253164556962	0	0.101010101010101	9.493670886075948	0	0.202020202020202	9.493670886075948	0	0.303030303030303	9.493670886075948	0
					0.4040404040404041	9.493670886075948	0	0.5050505050505051	9.493670886075948	0	0.6060606060606061	9.493670886075948	0	0.7070707070707071	9.493670886075948	0
					0.8080808080808082	9.493670886075948	0	0.9090909090909092	9.493670886075948	0	1.01010101010101	9.493670886075948	0	1.111111111111111	9.493670886075948	0
					1.212121212121212	9.493670886075948	0	1.313131313131313	9.493670886075948	0	1.414141414141414	9.493670886075948	0	1.515151515151515	9.493670886075948	0
					1.616161616161616	9.493670886075948	0	1.717171717171717	9.493670886075948	0	1.818181818181818	9.493670886075948	0	1.919191919191919	9.493670886075948	0
					2.02020202020202	9.493670886075948	0	2.121212121212121	9.493670886075948	0	2.222222222222222	9.493670886075948	0	2.323232323232323	9.493670886075948	0
					2.424242424242424	9.493670886075948	0	2.525252525252526	9.493670886075948	0	2.626262626262626	9.493670886075948	0	2.727272727272727	9.493670886075948	0
					2.828282828282828	9.493670886075948	0	2.929292929292929	9.493670886075948	0	3.03030303030303	9.493670886075948	0	3.131313131313131	9.493670886075948	0
					3.232323232323233	9.493670886075948	0	3.333333333333333	9.493670886075948	0	3.434343434343434	9.493670886075948	0	3.535353535353535	9.493670886075948	0
					3.636363636363637	9.493670886075948	0	3.737373737373737	9.493670886075948	0	3.838383838383838	9.493670886075948	0	3.939393939393939	9.493670886075948	0
					4.040404040404041	9.493670886075948	0	4.141414141414142	9.493670886075948	0	4.242424242424242	9.493670886075948	0	4.343434343434343	9.493670886075948	0
					4.444444444444445	9.493670886075948	0	4.545454545454545	9.493670886075948	0	4.646464646464646	9.493670886075948	0	4.747474747474747	9.493670886075948	0
					4.848484848484849	9.493670886075948	0	4.94949494949495	9.493670886075948	0	5.050505050505051	9.493670886075948	0	5.151515151515151	9.493670886075948	0
					5.252525252525253	9.493670886075948	0	5.353535353535354	9.493670886075948	0	5.454545454545454	9.493670886075948	0	5.555555555555555	9.493670886075948	0
					5.656565656565657	9.493670886075948	0	5.757575757575758	9.493670886075948	0	5.858585858585858	9.493670886075948	0	5.959595959595959	9.493670886075948	0
					6.060606060606061	9.493670886075948	0	6.161616161616161	9.493670886075948	0	6.262626262626263	9.493670886075948	0	6.363636363636363	9.493670886075948	0
					6.464646464646465	9.493670886075948	0	6.565656565656566	9.493670886075948	0	6.666666666666666	9.493670886075948	0	6.767676767676768	9.493670886075948	0
					6.868686868686869	9.493670886075948	0	6.969696969696971	9.493670886075948	0	7.070707070707071	9.493670886075948	0	7.171717171717171	9.493670886075948	0
					7.272727272727273	9.493670886075948	0	7.373737373737374	9.493670886075948	0	7.474747474747475	9.493670886075948	0	7.575757575757576	9.493670886075948	0
					7.676767676767676	9.493670886075948	0	7.777777777777778	9.493670886075948	0	7.878787878787879	9.493670886075948	0	7.97979797979798	9.493670886075948	0
					8.080808080808081	9.493670886075948	0	8.181818181818182	9.493670886075948	0	8.282828282828284	9.493670886075948	0	8.383838383838384	9.493670886075948	0
					8.484848484848484	9.493670886075948	0	8.585858585858585	9.493670886075948	0	8.686868686868687	9.493670886075948	0	8.787878787878787	9.493670886075948	0
					8.888888888888889	9.493670886075948	0	8.98989898989899	9.493670886075948	0	9.09090909090909	9.493670886075948	0	9.191919191919192	9.493670886075948	0
					9.292929292929292	9.493670886075948	0	9.393939393939394	9.493670886075948	0	9.494949494949495	9.493670886075948	0	9.595959595959595	9.493670886075948	0
					9.696969696969697	9.493670886075948	0	9.797979797979798	9.493670886075948	0	9.8989898989899	9.493670886075948	0	0.101010101010101	9.367088607594937	0
					0.202020202020202	9.367088607594937	0	0.303030303030303	9.367088607594937	0	0.4040404040404041	9.367088607594937	0	0.5050505050505051	9.367088607594937	0
					0.6060606060606061	9.367088607594937	0	0.7070707070707071	9.367088607594937	0	0.8080808080808082	9.367088607594937	0	0.9090909090909092	9.367088607594937	0
					1.01010101010101	9.367088607594937	0	1.111111111111111	9.367088607594937	0	9.696969696969697	4.936708860759494	0	9.797979797979798	4.936708860759494	0
					9.8989898989899	4.936708860759494	0	0.101010101010101	4.810126582278481	0	0.202020202020202	4.810126582278481	0	0.303030303030303	4.810126582278481	0
					0.4040404040404041	4.810126582278481	0	0.5050505050505051	4.810126582278481	0	0.6060606060606061	4.810126582278481	0	0.7070707070707071	4.810126582278481	0
					0.8080808080808082	4.810126582278481	0	0.9090909090909092	4.810126582278481	0	1.01010101010101	4.810126582278481	0	1.111111111111111	4.810126582278481	0
					1.212121212121212	4.810126582278481	0	1.313131313131313	4.810126582278481	0	1.414141414141414	4.810126582278481	0	1.515151515151515	4.810126582278481	0
					1.616161616161616	4.810126582278481	0	1.717171717171717	4.810126582278481	0	1.818181818181818	4.810126582278481	0	1.919191919191919	4.810126582278481	0
					2.02020202020202	4.810126582278481	0	2.121212121212121	4.810126582278481	0	2.222222222222222	4.810126582278481	0	2.323232323232323	4.810126582278481	0
					2.424242424242424	4.810126582278481	0	2.525252525252526	4.810126582278481	0	2.626262626262626	4.810126582278481	0	2.727272727272727	4.810126582278481	0
					2.828282828282828	4.810126582278481	0	2.929292929292929	4.810126582278481	0	3.03030303030303	4.810126582278481	0	3.131313131313131	4.810126582278481	0
					3.232323232323233	4.810126582278481	0	3.333333333333333	4.810126582278481	0	3.434343434343434	4.810126582278481	0	3.535353535353535	4.810126582278481	0
					3.636363636363637	4.810126582278481	0	3.737373737373737	4.810126582278481	0	3.838383838383838	4.810126582278481	0	3.939393939393939	4.810126582278481	0
					4.040404040404041	4.810126582278481	0	4.141414141414142	4.810126582278481	0	4.242424242424242	4.810126582278481	0	4.343434343434343	4.810126582278481	0
					4.444444444444445	4.810126582278481	0	4.545454545454545	4.810126582278481	0	4.646464646464646	4.810126582278481	0	4.747474747474747	4.810126582278481	0
					4.848484848484849	4.810126582278481	0	4.94949494949495	4.810126582278481	0	5.050505050505051	4.810126582278481	0	5.151515151515151	4.810126582278481	0
					5.252525252525253	4.810126582278481	0	5.353535353535354	4.810126582278481	0	5.454545454545454	4.810126582278481	0	5.555555555555555	4.810126582278481	0
					5.656565656565657	4.810126582278481	0	5.757575757575758	4.810126582278481	0	5.858585858585858	4.810126582278481	0	5.959595959595959	4.810126582278481	0
					6.060606060606061	4.810126582278481	0	6.161616161616161	4.810126582278481	0	6.262626262626263	4.810126582278481	0	6.363636363636363	4.810126582278481	0
					6.464646464646465	4.810126582278481	0	6.565656565656566	4.810126582278481	0	6.666666666666666	4.810126582278481	0	6.767676767676768	4.810126582278481	0
					6.868686868686869	4.810126582278481	0	6.969696969696971	4.810126582278481	0	7.070707070707071	4.810126582278481	0	7.171717171717171	4.810126582278481	0
					7.272727272727273	4.810126582278481	0	7.373737373737374	4.810126582278481	0	7.474747474747475	4.810126582278481	0	7.575757575757576	4.810126582278481	0
					7.676767676767676	4.810126582278481	0	7.777777777777778	4.810126582278481	0	7.878787878787879	4.810126582278481	0	7.97979797979798	4.810126582278481	0
					8.080808080808081	4.810126582278481	0	8.181818181818182	4.810126582278481	0	8.282828282828284	4.810126582278481	0	8.383838383838384	4.810126582278481	0
					8.484848484848484	4.810126582278481	0	8.585858585858585	4.810126582278481	0	8.686868686868687	4.810126582278481	0	8.787878787878787	4.810126582278481	0
					8.888888888888889	4.810126582278481	0	8.98989898989899	4.810126582278481	0	9.09090909090909	4.810126582278481	0	9.191919191919192	4.810126582278481	0
					9.292929292929292	4.810126582278481	0	9.393939393939394	4.810126582278481	0	9.494949494949495	4.810126582278481	0	9.595959595959595	4.810126582278481	0
					9.696969696969697	4.810126582278481	0	9.797979797979798	4.810126582278481	0	9.8989898989899	4.810126582278481	0	0.101010101010101	4.683544303797468	0
					0.202020202020202	4.683544303797468	0	0.303030303030303	4.683544303797468	0	0.4040404040404041	4.683544303797468	0	0.5050505050505051	4.683544303797468	0
					0.6060606060606061	4.683544303797468	0	0.7070707070707071	4.683544303797468	0	0.8080808080808082	4.683544303797468	0	0.9090909090909092	4.683544303797468	0
					1.01010101010101	4.683544303797468	0	1.111111111111111	4.683544303797468	0	1.212121212121212	4.683544303797468	0	1.313131313131313	4.683544303797468	0
					1.414141414141414	4.683544303797468	0	1.515151515151515	4.683544303797468	0	1.616161616161616	4.683544303797468	0	1.717171717171717	4.683544303797468	0
					1.818181818181818	4.683544303797468	0	1.919191919191919	4.683544303797468	0	2.02020202020202	4.683544303797468	0	2.121212121212121	4.683544303797468	0
					2.222222222222222	4.683544303797468	0	2.323232323232323	4.683544303797468	0	2.424242424242424	4.683544303797468	0	2.525252525252526	4.683544303797468	0
					2.626262626262626	4.683544303797468	0	2.727272727272727	4.683544303797468	0	2.828282828282828	4.683544303797468	0	2.929292929292929	4.683544303797468	0
					3.03030303030303	4.683544303797468	0	3.131313131313131	4.683544303797468	0	3.232323232323233	4.683544303797468	0	3.333333333333333	4.683544303797468	0
					3.434343434343434	4.683544303797468	0	3.535353535353535	4.683544303797468	0	3.636363636363637	4.683544303797468	0	3.737373737373737	4.683544303797468	0
					3.838383838383838	4.683544303797468	0	3.939393939393939	4.683544303797468	0	4.040404040404041	4.683544303797468	0	4.141414141414142	4.683544303797468	0
					4.242424242424242	4.683544303797468	0	4.343434343434343	4.683544303797468	0	4.444444444444445	4.683544303797468	0	4.545454545454545	4.683544303797468	0
					4.646464646464646	4.683544303797468	0	4.747474747474747	4.683544303797468	0	4.848484848484849	4.683544303797468	0	4.94949494949495	4.683544303797468	0
					5.050505050505051	4.683544303797468	0	5.151515151515151	4.683544303797468	0	5.252525252525253	4.683544303797468	0	5.353535353535354	4.683544303797468	0
					5.454545454545454	4.683544303797468	0	5.555555555555555	4.683544303797468	0	5.656565656565657	4.683544303797468	0	5.757575757575758	4.683544303797468	0
					5.858585858585858	4.683544303797468	0	5.959595959595959	4.683544303797468	0	6.060606060606061	4.683544303797468	0	6.161616161616161	4.683544303797468	0
					6.262626262626263	4.683544303797468	0	6.363636363636363	4.683544303797468	0	6.464646464646465	4.683544303797468	0	6.565656565656566	4.683544303797468	0
					6.666666666666666	4.683544303797468	0	6.767676767676768	4.683544303797468	0	6.868686868686869	4.683544303797468	0	6.969696969696971	4.683544303797468	0
					7.070707070707071	4.683544303797468	0	7.171717171717171	4.683544303797468	0	7.272727272727273	4.683544303797468	0	7.373737373737374	4.683544303797468	0
					7.474747474747475	4.683544303797468	0	7.575757575757576	4.683544303797468	0	7.676767676767676	4.683544303797468	0	7.777777777777778	4.683544303797468	0
					7.878787878787879	4.683544303797468	0	7.97979797979798	4.683544303797468	0	8.080808080808081	4.683544303797468	0	8.181818181818182	4.683544303797468	0
					8.282828282828284	4.683544303797468	0	8.383838383838384	4.683544303797468	0	8.484848484848484	4.683544303797468	0	8.585858585858585	4.683544303797468	0
					8.686868686868687	4.683544303797468	0	8.787878787878787	4.683544303797468	0	8.888888888888889	4.683544303797468	0	8.98989898989899	4.683544303797468	0
					9.09090909090909	4.683544303797468	0	9.191919191919192	4.683544303797468	0	9.292929292929292	4.683544303797468	0	9.393939393939394	4.683544303797468	0
					9.494949494949495	4.683544303797468	0	9.595959595959595	4.683544303797468	0	9.696969696969697	4.683544303797468	0	9.797979797979798	4.683544303797468	0
					9.8989898989899	4.683544303797468	0	0.101010101010101	4.556962025316455	0	0.202020202020202	4.556962025316455	0	0.303030303030303	4.556962025316455	0
					0.4040404040404041	4.556962025316455	0	0.5050505050505051	4.556962025316455	0	0.6060606060606061	4.556962025316455	0	0.7070707070707071	4.556962025316455	0
					0.8080808080808082	4.556962025316455	0	0.9090909090909092	4.556962025316455	0	1.01010101010101	4.556962025316455	0	1.111111111111111	4.556962025316455	0
					1.212121212121212	4.556962025316455	0	1.313131313131313	4.556962025316455	0	1.414141414141414	4.556962025316455	0	1.515151515151515	4.556962025316455	0
					1.616161616161616	4.556962025316455	0	1.717171717171717	4.556962025316455	0	1.818181818181818	4.556962025316455	0	1.919191919191919	4.556962025316455	0
					2.02020202020202	4.556962025316455	0	2.121212121212121	4.556962025316455	0	2.222222222222222	4.556962025316455	0	2.323232323232323	4.556962025316455	0
					2.424242424242424	4.556962025316455	0	2.525252525252526	4.556962025316455	0	2.626262626262626	4.556962025316455	0	2.727272727272727	4.556962025316455	0
					2.828282828282828	4.556962025316455	0	2.929292929292929	4.556962025316455	0	3.03030303030303	4.556962025316455	0	3.131313131313131	4.556962025316455	0
					3.232323232323233	4.556962025316455	0	3.333333333333333	4.556962025316455	0	3.434343434343434	4.556962025316455	0	3.535353535353535	4.556962025316455	0
					3.636363636363637	4.556962025316455	0	3.737373737373737	4.556962025316455	0	3.838383838383838	4.556962025316455	0	3.939393939393939	4.556962025316455	0
					4.040404040404041	4.556962025316455	0	4.141414141414142	4.556962025316455	0	4.242424242424242	4.556962025316455	0	4.343434343434343	4.556962025316455	0
					4.444444444444445	4.556962025316455	0	4.545454545454545	4.556962025316455	0	4.646464646464646	4.556962025316455	0	4.747474747474747	4.556962025316455	0
					4.848484848484849	4.556962025316455	0	4.94949494949495	4.556962025316455	0	5.050505050505051	4.556962025316455	0	5.151515151515151	4.556962025316455	0
					5.252525252525253	4.556962025316455	0	5.353535353535354	4.556962025316455	0	5.454545454545454	4.556962025316455	0	5.555555555555555	4.556962025316455	0
					5.656565656565657	4.556962025316455	0	5.757575757575758	4.556962025316455	0	5.858585858585858	4.556962025316455	0	5.959595959595959	4.556962025316455	0
					6.060606060606061	4.556962025316455	0	6.161616161616161	4.556962025316455	0	6.262626262626263	4.556962025316455	0	6.363636363636363	4.556962025316455	0
					6.464646464646465	4.556962025316455	0	6.565656565656566	4.556962025316455	0	6.666666666666666	4.556962025316455	0	6.767676767676768	4.556962025316455	0
					6.868686868686869	4.556962025316455	0	6.969696969696971	4.556962025316455	0	7.070707070707071	4.556962025316455	0	7.171717171717171	4.556962025316455	0
					7.272727272727273	4.556962025316455	0	7.373737373737374	4.556962025316455	0	7.474747474747475	4.556962025316455	0	7.575757575757576	4.556962025316455	0
					7.676767676767676	4.556962025316455	0	7.777777777777778	4.556962025316455	0	7.878787878787879	4.556962025316455	0	7.97979797979798	4.556962025316455	0
					8.080808080808081	4.556962025316455	0	8.181818181818182	4.556962025316455	0	8.282828282828284	4.556962025316455	0	8.383838383838384	4.556962025316455	0
					8.484848484848484	4.556962025316455	0	8.585858585858585	4.556962025316455	0	8.686868686868687	4.556962025316455	0	8.787878787878787	4.556962025316455	0
					8.888888888888889	4.556962025316455	0	8.98989898989899	4.556962025316455	0	9.09090909090909	4.556962025316455	0	9.191919191919192	4.556962025316455	0
					9.292929292929292	4.556962025316455	0	9.393939393939394	4.556962025316455	0	9.494949494949495	4.556962025316455	0	9.595959595959595	4.556962025316455	0
					9.696969696969697	4.556962025316455	0	9.797979797979798	4.556962025316455	0	9.8989898989899	4.556962025316455	0	0.101010101010101	4.430379746835443	0
					0.202020202020202	4.430379746835443	0	0.303030303030303	4.430379746835443	0	0.4040404040404041	4.430379746835443	0	0.5050505050505051	4.430379746835443	0
					0.6060606060606061	4.430379746835443	0	0.7070707070707071	4.430379746835443	0	0.8080808080808082	4.430379746835443	0	0.9090909090909092	4.430379746835443	0
					1.01010101010101	4.430379746835443	0	1.111111111111111	4.430379746835443	0	1.212121212121212	4.430379746835443	0	1.313131313131313	4.430379746835443	0
					1.414141414141414	4.430379746835443	0	1.515151515151515	4.430379746835443	0	1.616161616161616	4.430379746835443	0	1.717171717171717	4.430379746835443	0
					1.818181818181818	4.430379746835443	0	1.919191919191919	4.430379746835443	0	2.02020202020202	4.430379746835443	0	2.121212121212121	4.430379746835443	0
					2.222222222222222	4.430379746835443	0	2.323232323232323	4.430379746835443	0	2.424242424242424	4.430379746835443	0	2.525252525252526	4.430379746835443	0
					2.626262626262626	4.430379746835443	0	2.727272727272727	4.430379746835443	0	2.828282828282828	4.430379746835443	0	2.929292929292929	4.430379746835443	0
					3.03030303030303	4.430379746835443	0	3.131313131313131	4.430379746835443	0	3.232323232323233	4.430379746835443	0	3.333333333333333	4.430379746835443	0
					3.434343434343434	4.430379746835443	0	3.535353535353535	4.430379746835443	0	3.636363636363637	4.430379746835443	0	3.737373737373737	4.430379746835443	0
					3.838383838383838	4.430379746835443	0	3.939393939393939	4.430379746835443	0	4.040404040404041	4.430379746835443	0	4.141414141414142	4.430379746835443	0
					4.242424242424242	4.430379746835443	0	4.343434343434343	4.430379746835443	0	4.444444444444445	4.430379746835443	0	4.545454545454545	4.430379746835443	0
					4.646464646464646	4.430379746835443	0	4.747474747474747	4.430379746835443	0	4.848484848484849	4.430379746835443	0	4.94949494949495	4.430379746835443	0
					5.050505050505051	4.430379746835443	0	5.151515151515151	4.430379746835443	0	5.252525252525253	4.430379746835443	0	5.353535353535354	4.430379746835443	0
					5.454545454545454	4.430379746835443	0	5.555555555555555	4.430379746835443	0	5.656565656565657	4.430379746835443	0	5.757575757575758	4.430379746835443	0
					5.858585858585858	4.430379746835443	0	5.959595959595959	4.430379746835443	0	6.060606060606061	4.430379746835443	0	6.161616161616161	4.430379746835443	0
					6.262626262626263	4.430379746835443	0	6.363636363636363	4.430379746835443	0	6.464646464646465	4.430379746835443	0	6.565656565656566	4.430379746835443	0
					6.666666666666666	4.430379746835443	0	6.767676767676768	4.430379746835443	0	6.868686868686869	4.430379746835443	0	6.969696969696971	4.430379746835443	0
					7.070707070707071	4.430379746835443	0	7.171717171717171	4.430379746835443	0	7.272727272727273	4.430379746835443	0	7.373737373737374	4.430379746835443	0
					7.474747474747475	4.430379746835443	0	7.575757575757576	4.430379746835443	0	7.676767676767676	4.430379746835443	0	7.777777777777778	4.430379746835443	0
					7.878787878787879	4.430379746835443	0	7.97979797979798	4.430379746835443	0	8.080808080808081	4.430379746835443	0	8.181818181818182	4.430379746835443	0
					8.282828282828284	4.430379746835443	0	8.383838383838384	4.430379746835443	0	8.484848484848484	4.430379746835443	0	8.585858585858585	4.430379746835443	0
					8.686868686868687	4.430379746835443	0	8.787878787878787	4.430379746835443	0	8.888888888888889	4.430379746835443	0	8.98989898989899	4.430379746835443	0
					9.09090909090909	4.430379746835443	0	9.191919191919192	4.430379746835443	0	9.292929292929292	4.430379746835443	0	9.393939393939394	4.430379746835443	0
					9.494949494949495	4.430379746835443	0	9.595959595959595	4.430379746835443	0	9.696969696969697	4.430379746835443	0	9.797979797979798	4.430379746835443	0
					9.8989898989899	4.430379746835443	0	0.101010101010101	4.30379746835443	0	0.202020202020202	4.30379746835443	0	0.303030303030303	4.30379746835443	0
					0.4040404040404041	4.30379746835443	0	0.5050505050505051	4.30379746835443	0	0.6060606060606061	4.30379746835443	0	0.7070707070707071	4.30379746835443	0
					0.8080808080808082	4.30379746835443	0	0.9090909090909092	4.30379746835443	0	1.01010101010101	4.30379746835443	0	1.111111111111111	4.30379746835443	0
					1.212121212121212	4.30379746835443	0	1.313131313131313	4.30379746835443	0	1.414141414141414	4.30379746835443	0	1.515151515151515	4.30379746835443	0
					1.616161616161616	4.30379746835443	0	1.717171717171717	4.30379746835443	0	1.818181818181818	4.30379746835443	0	1.919191919191919	4.30379746835443	0
					2.02020202020202	4.30379746835443	0	2.121212121212121	4.30379746835443	0	2.222222222222222	4.30379746835443	0	2.323232323232323	4.30379746835443	0
					2.424242424242424	4.30379746835443	0	2.525252525252526	4.30379746835443	0	2.626262626262626	4.30379746835443	0	2.727272727272727	4.30379746835443	0
					2.828282828282828	4.30379746835443	0	2.929292929292929	4.30379746835443	0	3.03030303030303	4.30379746835443	0	3.131313131313131	4.30379746835443	0
					3.232323232323233	4.30379746835443	0	3.333333333333333	4.30379746835443	0	3.434343434343434	4.30379746835443	0	3.535353535353535	4.30379746835443	0
					3.636363636363637	4.30379746835443	0	3.737373737373737	4.30379746835443	0	3.838383838383838	4.30379746835443	0	3.939393939393939	4.30379746835443	0
					4.040404040404041	4.30379746835443	0	4.141414141414142	4.30379746835443	0	4.242424242424242	4.30379746835443	0	4.343434343434343	4.30379746835443	0
					4.444444444444445	4.30379746835443	0	4.545454545454545	4.30379746835443	0	4.646464646464646	4.30379746835443	0	4.747474747474747	4.30379746835443	0
					4.848484848484849	4.30379746835443	0	4.94949494949495	4.30379746835443	0	5.050505050505051	4.30379746835443	0	5.151515151515151	4.30379746835443	0
					5.252525252525253	4.30379746835443	0	5.353535353535354	4.30379746835443	0	5.454545454545454	4.30379746835443	0	5.555555555555555	4.30379746835443	0
					5.656565656565657	4.30379746835443	0	5.757575757575758	4.30379746835443	0	5.858585858585858	4.30379746835443	0	5.959595959595959	4.30379746835443	0
					6.060606060606061	4.30379746835443	0	6.161616161616161	4.30379746835443	0	6.262626262626263	4.30379746835443	0	6.363636363636363	4.30379746835443	0
					6.464646464646465	4.30379746835443	0	6.565656565656566	4.30379746835443	0	6.666666666666666	4.30379746835443	0	6.767676767676768	4.30379746835443	0
					6.868686868686869	4.30379746835443	0	6.969696969696971	4.30379746835443	0	7.070707070707071	4.30379746835443	0	7.171717171717171	4.30379746835443	0
					7.272727272727273	4.30379746835443	0	7.373737373737374	4.30379746835443	0	7.474747474747475	4.30379746835443	0	7.575757575757576	4.30379746835443	0
					7.676767676767676	4.30379746835443	0	7.777777777777778	4.30379746835443	0	7.878787878787879	4.30379746835443	0	7.97979797979798	4.30379746835443	0
					8.080808080808081	4.30379746835443	0	8.181818181818182	4.30379746835443	0	8.282828282828284	4.30379746835443	0	8.383838383838384	4.30379746835443	0
					8.484848484848484	4.30379746835443	0	8.585858585858585	4.30379746835443	0	8.686868686868687	4.30379746835443	0	8.787878787878787	4.30379746835443	0
					8.888888888888889	4.30379746835443	0	8.98989898989899	4.30379746835443	0	9.09090909090909	4.30379746835443	0	9.191919191919192	4.30379746835443	0
					9.292929292929292	4.30379746835443	0	9.393939393939394	4.30379746835443	0	9.494949494949495	4.30379746835443	0	9.595959595959595	4.30379746835443	0
					9.696969696969697	4.30379746835443	0	9.797979797979798	4.30379746835443	0	9.8989898989899	4.30379746835443	0	0.101010101010101	4.177215189873418	0
					0.202020202020202	4.177215189873418	0	0.303030303030303	4.177215189873418	0	0.4040404040404041	4.177215189873418	0	0.5050505050505051	4.177215189873418	0
					0.6060606060606061	4.177215189873418	0	0.7070707070707071	4.177215189873418	0	0.8080808080808082	4.177215189873418	0	0.9090909090909092	4.177215189873418	0
					1.01010101010101	4.177215189873418	0	1.111111111111111	4.177215189873418	0	1.212121212121212	4.177215189873418	0	1.313131313131313	4.177215189873418	0
					1.414141414141414	4.177215189873418	0	1.515151515151515	4.177215189873418	0	1.616161616161616	4.177215189873418	0	1.717171717171717	4.177215189873418	0
					1.818181818181818	4.177215189873418	0	1.919191919191919	4.177215189873418	0	2.02020202020202	4.177215189873418	0	2.121212121212121	4.177215189873418	0
					2.222222222222222	4.177215189873418	0	2.323232323232323	4.177215189873418	0	2.424242424242424	4.177215189873418	0	2.525252525252526	4.177215189873418	0
					2.626262626262626	4.177215189873418	0	2.727272727272727	4.177215189873418	0	2.828282828282828	4.177215189873418	0	2.929292929292929	4.177215189873418	0
					3.03030303030303	4.177215189873418	0	3.131313131313131	4.177215189873418	0	3.232323232323233	4.177215189873418	0	3.333333333333333	4.177215189873418	0
					3.434343434343434	4.177215189873418	0	3.535353535353535	4.177215189873418	0	3.636363636363637	4.177215189873418	0	3.737373737373737	4.177215189873418	0
					3.838383838383838	4.177215189873418	0	3.939393939393939	4.177215189873418	0	4.040404040404041	4.177215189873418	0	4.141414141414142	4.177215189873418	0
					4.242424242424242	4.177215189873418	0	4.343434343434343	4.177215189873418	0	4.444444444444445	4.177215189873418	0	4.545454545454545	4.177215189873418	0
					4.646464646464646	4.177215189873418	0	4.747474747474747	4.177215189873418	0	4.848484848484849	4.177215189873418	0	4.94949494949495	4.177215189873418	0
					5.050505050505051	4.177215189873418	0	5.151515151515151	4.177215189873418	0	5.252525252525253	4.177215189873418	0	5.353535353535354	4.177215189873418	0
					5.454545454545454	4.177215189873418	0	5.555555555555555	4.177215189873418	0	5.656565656565657	4.177215189873418	0	5.757575757575758	4.177215189873418	0
					5.858585858585858	4.177215189873418	0	5.959595959595959	4.177215189873418	0	6.060606060606061	4.177215189873418	0	6.161616161616161	4.177215189873418	0
					6.262626262626263	4.177215189873418	0	6.363636363636363	4.177215189873418	0	6.464646464646465	4.177215189873418	0	6.565656565656566	4.177215189873418	0
					6.666666666666666	4.177215189873418	0	6.767676767676768	4.177215189873418	0	6.868686868686869	4.177215189873418	0	6.969696969696971	4.177215189873418	0
					7.070707070707071	4.177215189873418	0	7.171717171717171	4.177215189873418	0	7.272727272727273	4.177215189873418	0	7.373737373737374	4.177215189873418	0
					7.474747474747475	4.177215189873418	0	7.575757575757576	4.177215189873418	0	7.676767676767676	4.177215189873418	0	7.777777777777778	4.177215189873418	0
					7.878787878787879	4.177215189873418	0	7.97979797979798	4.177215189873418	0	8.080808080808081	4.177215189873418	0	8.181818181818182	4.177215189873418	0
					8.282828282828284	4.177215189873418	0	8.383838383838384	4.177215189873418	0	8.484848484848484	4.177215189873418	0	8.585858585858585	4.177215189873418	0
					8.686868686868687	4.177215189873418	0	8.787878787878787	4.177215189873418	0	8.888888888888889	4.177215189873418	0	8.98989898989899	4.177215189873418	0
					9.09090909090909	4.177215189873418	0	9.191919191919192	4.177215189873418	0	9.292929292929292	4.177215189873418	0	9.393939393939394	4.177215189873418	0
					9.494949494949495	4.177215189873418	0	9.595959595959595	4.177215189873418	0	9.696969696969697	4.177215189873418	0	9.797979797979798	4.177215189873418	0
					9.8989898989899	4.177215189873418	0	0.101010101010101	4.050632911392405	0	0.202020202020202	4.050632911392405	0	0.303030303030303	4.050632911392405	0
					0.4040404040404041	4.050632911392405	0	0.5050505050505051	4.050632911392405	0	0.6060606060606061	4.050632911392405	0	0.7070707070707071	4.050632911392405	0
					0.8080808080808082	4.050632911392405	0	0.9090909090909092	4.050632911392405	0	1.01010101010101	4.050632911392405	0	1.111111111111111	4.050632911392405	0
					1.212121212121212	4.050632911392405	0	1.313131313131313	4.050632911392405	0	1.414141414141414	4.050632911392405	0	1.515151515151515	4.050632911392405	0
					1.616161616161616	4.050632911392405	0	1.717171717171717	4.050632911392405	0	1.818181818181818	4.050632911392405	0	1.919191919191919	4.050632911392405	0
					2.02020202020202	4.050632911392405	0	2.121212121212121	4.050632911392405	0	2.222222222222222	4.050632911392405	0	2.323232323232323	4.050632911392405	0
					2.424242424242424	4.050632911392405	0	2.525252525252526	4.050632911392405	0	2.626262626262626	4.050632911392405	0	2.727272727272727	4.050632911392405	0
					2.828282828282828	4.050632911392405	0	2.929292929292929	4.050632911392405	0	3.03030303030303	4.050632911392405	0	3.131313131313131	4.050632911392405	0
					3.232323232323233	4.050632911392405	0	3.333333333333333	4.050632911392405	0	3.434343434343434	4.050632911392405	0	3.535353535353535	4.050632911392405	0
					3.636363636363637	4.050632911392405	0	3.737373737373737	4.050632911392405	0	3.838383838383838	4.050632911392405	0	3.939393939393939	4.050632911392405	0
					4.040404040404041	4.050632911392405	0	4.141414141414142	4.050632911392405	0	4.242424242424242	4.050632911392405	0	4.343434343434343	4.050632911392405	0
					4.444444444444445	4.050632911392405	0	4.545454545454545	4.050632911392405	0	4.646464646464646	4.050632911392405	0	4.747474747474747	4.050632911392405	0
					4.848484848484849	4.050632911392405	0	4.94949494949495	4.050632911392405	0	5.050505050505051	4.050632911392405	0	5.151515151515151	4.050632911392405	0
					5.252525252525253	4.050632911392405	0	5.353535353535354	4.050632911392405	0	5.454545454545454	4.050632911392405	0	5.555555555555555	4.050632911392405	0
					5.656565656565657	4.050632911392405	0	5.757575757575758	4.050632911392405	0	5.858585858585858	4.050632911392405	0	5.959595959595959	4.050632911392405	0
					6.060606060606061	4.050632911392405	0	6.161616161616161	4.050632911392405	0	6.262626262626263	4.050632911392405	0	6.363636363636363	4.050632911392405	0
					6.464646464646465	4.050632911392405	0	6.565656565656566	4.050632911392405	0	6.666666666666666	4.050632911392405	0	6.767676767676768	4.050632911392405	0
					6.868686868686869	4.050632911392405	0	6.969696969696971	4.050632911392405	0	7.070707070707071	4.050632911392405	0	7.171717171717171	4.050632911392405	0
					7.272727272727273	4.050632911392405	0	7.373737373737374	4.050632911392405	0	7.474747474747475	4.050632911392405	0	7.575757575757576	4.050632911392405	0
					7.676767676767676	4.050632911392405	0	7.777777777777778	4.050632911392405	0	7.878787878787879	4.050632911392405	0	7.97979797979798	4.050632911392405	0
					8.080808080808081	4.050632911392405	0	8.181818181818182	4.050632911392405	0	8.282828282828284	4.050632911392405	0	8.383838383838384	4.050632911392405	0
					8.484848484848484	4.050632911392405	0	8.585858585858585	4.050632911392405	0	8.686868686868687	4.050632911392405	0	8.787878787878787	4.050632911392405	0
					8.888888888888889	4.050632911392405	0	8.98989898989899	4.050632911392405	0	9.09090909090909	4.050632911392405	0	9.191919191919192	4.050632911392405	0
					9.292929292929292	4.050632911392405	0	9.393939393939394	4.050632911392405	0	9.494949494949495	4.050632911392405	0	9.595959595959595	4.050632911392405	0
					9.696969696969697	4.050632911392405	0	9.797979797979798	4.050632911392405	0	9.8989898989899	4.050632911392405	0	0.101010101010101	3.924050632911392	0
					0.202020202020202	3.924050632911392	0	0.303030303030303	3.924050632911392	0	0.4040404040404041	3.924050632911392	0	0.5050505050505051	3.924050632911392	0
					0.6060606060606061	3.924050632911392	0	0.7070707070707071	3.924050632911392	0	0.8080808080808082	3.924050632911392	0	0.9090909090909092	3.924050632911392	0
					1.01010101010101	3.924050632911392	0	1.111111111111111	3.924050632911392	0	1.212121212121212	3.924050632911392	0	1.313131313131313	3.924050632911392	0
					1.414141414141414	3.924050632911392	0	1.515151515151515	3.924050632911392	0	1.616161616161616	3.924050632911392	0	1.717171717171717	3.924050632911392	0
					1.818181818181818	3.924050632911392	0	1.919191919191919	3.924050632911392	0	2.02020202020202	3.924050632911392	0	2.121212121212121	3.924050632911392	0
					2.222222222222222	3.924050632911392	0	2.323232323232323	3.924050632911392	0	2.424242424242424	3.924050632911392	0	2.525252525252526	3.924050632911392	0
					2.626262626262626	3.924050632911392	0	2.727272727272727	3.924050632911392	0	2.828282828282828	3.924050632911392	0	2.929292929292929	3.924050632911392	0
					3.03030303030303	3.924050632911392	0	3.131313131313131	3.924050632911392	0	3.232323232323233	3.924050632911392	0	3.333333333333333	3.924050632911392	0
					3.434343434343434	3.924050632911392	0	3.535353535353535	3.924050632911392	0	3.636363636363637	3.924050632911392	0	3.737373737373737	3.924050632911392	0
					3.838383838383838	3.924050632911392	0	3.939393939393939	3.924050632911392	0	4.040404040404041	3.924050632911392	0	4.141414141414142	3.924050632911392	0
					4.242424242424242	3.924050632911392	0	4.343434343434343	3.924050632911392	0	4.444444444444445	3.924050632911392	0	4.545454545454545	3.924050632911392	0
					4.646464646464646	3.924050632911392	0	4.747474747474747	3.924050632911392	0	4.848484848484849	3.924050632911392	0	4.94949494949495	3.924050632911392	0
					5.050505050505051	3.924050632911392	0	5.151515151515151	3.924050632911392	0	5.252525252525253	3.924050632911392	0	5.353535353535354	3.924050632911392	0
					5.454545454545454	3.924050632911392	0	5.555555555555555	3.924050632911392	0	5.656565656565657	3.924050632911392	0	5.757575757575758	3.924050632911392	0
					5.858585858585858	3.924050632911392	0	5.959595959595959	3.924050632911392	0	6.060606060606061	3.924050632911392	0	6.161616161616161	3.924050632911392	0
					6.262626262626263	3.924050632911392	0	6.363636363636363	3.924050632911392	0	6.464646464646465	3.924050632911392	0	6.565656565656566	3.924050632911392	0
					6.666666666666666	3.924050632911392	0	6.767676767676768	3.924050632911392	0	6.868686868686869	3.924050632911392	0	6.969696969696971	3.924050632911392	0
					7.070707070707071	3.924050632911392	0	7.171717171717171	3.924050632911392	0	7.272727272727273	3.924050632911392	0	7.373737373737374	3.924050632911392	0
					7.474747474747475	3.924050632911392	0	7.575757575757576	3.924050632911392	0	7.676767676767676	3.924050632911392	0	7.777777777777778	3.924050632911392	0
					7.878787878787879	3.924050632911392	0	7.97979797979798	3.924050632911392	0	8.080808080808081	3.924050632911392	0	8.181818181818182	3.924050632911392	0
					8.282828282828284	3.924050632911392	0	8.383838383838384	3.924050632911392	0	8.484848484848484	3.924050632911392	0	8.585858585858585	3.924050632911392	0
					8.686868686868687	3.924050632911392	0	8.787878787878787	3.924050632911392	0	8.888888888888889	3.924050632911392	0	8.98989898989899	3.924050632911392	0
					9.09090909090909	3.924050632911392	0	9.191919191919192	3.924050632911392	0	9.292929292929292	3.924050632911392	0	9.393939393939394	3.924050632911392	0
					9.494949494949495	3.924050632911392	0	9.595959595959595	3.924050632911392	0	9.696969696969697	3.924050632911392	0	9.797979797979798	3.924050632911392	0
					9.8989898989899	3.924050632911392	0	0.101010101010101	3.79746835443038	0	0.202020202020202	3.79746835443038	0	0.303030303030303	3.79746835443038	0
					0.4040404040404041	3.79746835443038	0	0.5050505050505051	3.79746835443038	0	0.6060606060606061	3.79746835443038	0	0.7070707070707071	3.79746835443038	0
					0.8080808080808082	3.79746835443038	0	0.9090909090909092	3.79746835443038	0	1.01010101010101	3.79746835443038	0	1.111111111111111	3.79746835443038	0
					1.212121212121212	3.79746835443038	0	1.313131313131313	3.79746835443038	0	1.414141414141414	3.79746835443038	0	1.515151515151515	3.79746835443038	0
					1.616161616161616	3.79746835443038	0	1.717171717171717	3.79746835443038	0	1.818181818181818	3.79746835443038	0	1.919191919191919	3.79746835443038	0
					2.02020202020202	3.79746835443038	0	2.121212121212121	3.79746835443038	0	2.222222222222222	3.79746835443038	0	2.323232323232323	3.79746835443038	0
					2.424242424242424	3.79746835443038	0	2.525252525252526	3.79746835443038	0	2.626262626262626	3.79746835443038	0	2.727272727272727	3.79746835443038	0
					2.828282828282828	3.79746835443038	0	2.929292929292929	3.79746835443038	0	3.03030303030303	3.79746835443038	0	3.131313131313131	3.79746835443038	0
					3.232323232323233	3.79746835443038	0	3.333333333333333	3.79746835443038	0	3.434343434343434	3.79746835443038	0	3.535353535353535	3.79746835443038	0
					3.636363636363637	3.79746835443038	0	3.737373737373737	3.79746835443038	0	3.838383838383838	3.79746835443038	0	3.939393939393939	3.79746835443038	0
					4.040404040404041	3.79746835443038	0	4.141414141414142	3.79746835443038	0	4.242424242424242	3.79746835443038	0	4.343434343434343	3.79746835443038	0
					4.444444444444445	3.79746835443038	0	4.545454545454545	3.79746835443038	0	4.646464646464646	3.79746835443038	0	4.747474747474747	3.79746835443038	0
					4.848484848484849	3.79746835443038	0	4.94949494949495	3.79746835443038	0	5.050505050505051	3.79746835443038	0	5.151515151515151	3.79746835443038	0
					5.252525252525253	3.79746835443038	0	5.353535353535354	3.79746835443038	0	5.454545454545454	3.79746835443038	0	5.555555555555555	3.79746835443038	0
					5.656565656565657	3.79746835443038	0	5.757575757575758	3.79746835443038	0	5.858585858585858	3.79746835443038	0	5.959595959595959	3.79746835443038	0
					6.060606060606061	3.79746835443038	0	6.161616161616161	3.79746835443038	0	6.262626262626263	3.79746835443038	0	6.363636363636363	3.79746835443038	0
					6.464646464646465	3.79746835443038	0	6.565656565656566	3.79746835443038	0	6.666666666666666	3.79746835443038	0	6.767676767676768	3.79746835443038	0
					6.868686868686869	3.79746835443038	0	6.969696969696971	3.79746835443038	0	7.070707070707071	3.79746835443038	0	7.171717171717171	3.79746835443038	0
					7.272727272727273	3.79746835443038	0	7.373737373737374	3.79746835443038	0	7.474747474747475	3.79746835443038	0	7.575757575757576	3.79746835443038	0
					7.676767676767676	3.79746835443038	0	7.777777777777778	3.79746835443038	0	7.878787878787879	3.79746835443038	0	7.97979797979798	3.79746835443038	0
					8.080808080808081	3.79746835443038	0	8.181818181818182	3.79746835443038	0	8.282828282828284	3.79746835443038	0	8.383838383838384	3.79746835443038	0
					8.484848484848484	3.79746835443038	0	8.585858585858585	3.79746835443038	0	8.686868686868687	3.79746835443038	0	8.787878787878787	3.79746835443038	0
					8.888888888888889	3.79746835443038	0	8.98989898989899	3.79746835443038	0	9.09090909090909	3.79746835443038	0	9.191919191919192	3.79746835443038	0
					9.292929292929292	3.79746835443038	0	9.393939393939394	3.79746835443038	0	9.494949494949495	3.79746835443038	0	9.595959595959595	3.79746835443038	0
					9.696969696969697	3.79746835443038	0	9.797979797979798	3.79746835443038	0	9.8989898989899	3.79746835443038	0	0.101010101010101	3.670886075949367	0
					0.202020202020202	3.670886075949367	0	0.303030303030303	3.670886075949367	0	0.4040404040404041	3.670886075949367	0	0.5050505050505051	3.670886075949367	0
					0.6060606060606061	3.670886075949367	0	0.7070707070707071	3.670886075949367	0	0.8080808080808082	3.670886075949367	0	0.9090909090909092	3.670886075949367	0
					1.01010101010101	3.670886075949367	0	1.111111111111111	3.670886075949367	0	1.212121212121212	3.670886075949367	0	1.313131313131313	3.670886075949367	0
					1.414141414141414	3.670886075949367	0	1.515151515151515	3.670886075949367	0	1.616161616161616	3.670886075949367	0	1.717171717171717	3.670886075949367	0
					1.818181818181818	3.670886075949367	0	1.919191919191919	3.670886075949367	0	2.02020202020202	3.670886075949367	0	2.121212121212121	3.670886075949367	0
					2.222222222222222	3.670886075949367	0	2.323232323232323	3.670886075949367	0	2.424242424242424	3.670886075949367	0	2.525252525252526	3.670886075949367	0
					2.626262626262626	3.670886075949367	0	2.727272727272727	3.670886075949367	0	2.828282828282828	3.670886075949367	0	2.929292929292929	3.670886075949367	0
					3.03030303030303	3.670886075949367	0	3.131313131313131	3.670886075949367	0	3.232323232323233	3.670886075949367	0	3.333333333333333	3.670886075949367	0
					3.434343434343434	3.670886075949367	0	3.535353535353535	3.670886075949367	0	3.636363636363637	3.670886075949367	0	3.737373737373737	3.670886075949367	0
					3.838383838383838	3.670886075949367	0	3.939393939393939	3.670886075949367	0	4.040404040404041	3.670886075949367	0	4.141414141414142	3.670886075949367	0
					4.242424242424242	3.670886075949367	0	4.343434343434343	3.670886075949367	0	4.444444444444445	3.670886075949367	0	4.545454545454545	3.670886075949367	0
					4.646464646464646	3.670886075949367	0	4.747474747474747	3.670886075949367	0	4.848484848484849	3.670886075949367	0	4.94949494949495	3.670886075949367	0
					5.050505050505051	3.670886075949367	0	5.151515151515151	3.670886075949367	0	5.252525252525253	3.670886075949367	0	5.353535353535354	3.670886075949367	0
					5.454545454545454	3.670886075949367	0	5.555555555555555	3.670886075949367	0	5.656565656565657	3.670886075949367	0	5.757575757575758	3.670886075949367	0
					5.858585858585858	3.670886075949367	0	5.959595959595959	3.670886075949367	0	6.060606060606061	3.670886075949367	0	6.161616161616161	3.670886075949367	0
					6.262626262626263	3.670886075949367	0	6.363636363636363	3.670886075949367	0	6.464646464646465	3.670886075949367	0	6.565656565656566	3.670886075949367	0
					6.666666666666666	3.670886075949367	0	6.767676767676768	3.670886075949367	0	6.868686868686869	3.670886075949367	0	6.969696969696971	3.670886075949367	0
					7.070707070707071	3.670886075949367	0	7.171717171717171	3.670886075949367	0	7.272727272727273	3.670886075949367	0	7.373737373737374	3.670886075949367	0
					7.474747474747475	3.670886075949367	0	7.575757575757576	3.670886075949367	0	7.676767676767676	3.670886075949367	0	7.777777777777778	3.670886075949367	0
					7.878787878787879	3.670886075949367	0	7.97979797979798	3.670886075949367	0	8.080808080808081	3.670886075949367	0	8.181818181818182	3.670886075949367	0
					8.282828282828284	3.670886075949367	0	8.383838383838384	3.670886075949367	0	8.484848484848484	3.670886075949367	0	8.585858585858585	3.670886075949367	0
					8.686868686868687	3.670886075949367	0	8.787878787878787	3.670886075949367	0	8.888888888888889	3.670886075949367	0	8.98989898989899	3.670886075949367	0
					9.09090909090909	3.670886075949367	0	9.191919191919192	3.670886075949367	0	9.292929292929292	3.670886075949367	0	9.393939393939394	3.670886075949367	0
					9.494949494949495	3.670886075949367	0	9.595959595959595	3.670886075949367	0	9.696969696969697	3.670886075949367	0	9.797979797979798	3.670886075949367	0
					9.8989898989899	3.670886075949367	0	0.101010101010101	3.544303797468355	0	0.202020202020202	3.544303797468355	0	0.303030303030303	3.544303797468355	0
					0.4040404040404041	3.544303797468355	0	0.5050505050505051	3.544303797468355	0	0.6060606060606061	3.544303797468355	0	0.7070707070707071	3.544303797468355	0
					0.8080808080808082	3.544303797468355	0	0.9090909090909092	3.544303797468355	0	1.01010101010101	3.544303797468355	0	1.111111111111111	3.544303797468355	0
					1.212121212121212	3.544303797468355	0	1.313131313131313	3.544303797468355	0	1.414141414141414	3.544303797468355	0	1.515151515151515	3.544303797468355	0
					1.616161616161616	3.544303797468355	0	1.717171717171717	3.544303797468355	0	1.818181818181818	3.544303797468355	0	1.919191919191919	3.544303797468355	0
					2.02020202020202	3.544303797468355	0	2.121212121212121	3.544303797468355	0	2.222222222222222	3.544303797468355	0	2.323232323232323	3.544303797468355	0
					2.424242424242424	3.544303797468355	0	2.525252525252526	3.544303797468355	0	2.626262626262626	3.544303797468355	0	2.727272727272727	3.544303797468355	0
					2.828282828282828	3.544303797468355	0	2.929292929292929	3.544303797468355	0	3.03030303030303	3.544303797468355	0	3.131313131313131	3.544303797468355	0
					3.232323232323233	3.544303797468355	0	3.333333333333333	3.544303797468355	0	3.434343434343434	3.544303797468355	0	3.535353535353535	3.544303797468355	0
					3.636363636363637	3.544303797468355	0	3.737373737373737	3.544303797468355	0	3.838383838383838	3.544303797468355	0	3.939393939393939	3.544303797468355	0
					4.040404040404041	3.544303797468355	0	4.141414141414142	3.544303797468355	0	4.242424242424242	3.544303797468355	0	4.343434343434343	3.544303797468355	0
					4.444444444444445	3.544303797468355	0	4.545454545454545	3.544303797468355	0	4.646464646464646	3.544303797468355	0	4.747474747474747	3.544303797468355	0
					4.848484848484849	3.544303797468355	0	4.94949494949495	3.544303797468355	0	5.050505050505051	3.544303797468355	0	5.151515151515151	3.544303797468355	0
					5.252525252525253	3.544303797468355	0	5.353535353535354	3.544303797468355	0	5.454545454545454	3.544303797468355	0	5.555555555555555	3.544303797468355	0
					5.656565656565657	3.544303797468355	0	5.757575757575758	3.544303797468355	0	5.858585858585858	3.544303797468355	0	5.959595959595959	3.544303797468355	0
					6.060606060606061	3.544303797468355	0	6.161616161616161	3.544303797468355	0	6.262626262626263	3.544303797468355	0	6.363636363636363	3.544303797468355	0
					6.464646464646465	3.544303797468355	0	6.565656565656566	3.544303797468355	0	6.666666666666666	3.544303797468355	0	6.767676767676768	3.544303797468355	0
					6.868686868686869	3.544303797468355	0	6.969696969696971	3.544303797468355	0	7.070707070707071	3.544303797468355	0	7.171717171717171	3.544303797468355	0
					7.272727272727273	3.544303797468355	0	7.373737373737374	3.544303797468355	0	7.474747474747475	3.544303797468355	0	7.575757575757576	3.544303797468355	0
					7.676767676767676	3.544303797468355	0	7.777777777777778	3.544303797468355	0	7.878787878787879	3.544303797468355	0	7.97979797979798	3.544303797468355	0
					8.080808080808081	3.544303797468355	0	8.181818181818182	3.544303797468355	0	8.282828282828284	3.544303797468355	0	8.383838383838384	3.544303797468355	0
					8.484848484848484	3.544303797468355	0	8.585858585858585	3.544303797468355	0	8.686868686868687	3.544303797468355	0	8.787878787878787	3.544303797468355	0
					8.888888888888889	3.544303797468355	0	8.98989898989899	3.544303797468355	0	9.09090909090909	3.544303797468355	0	9.191919191919192	3.544303797468355	0
					9.292929292929292	3.544303797468355	0	9.393939393939394	3.544303797468355	0	9.494949494949495	3.544303797468355	0	9.595959595959595	3.544303797468355	0
					9.696969696969697	3.544303797468355	0	9.797979797979798	3.544303797468355	0	9.8989898989899	3.544303797468355	0	0.101010101010101	3.417721518987342	0
					0.202020202020202	3.417721518987342	0	0.303030303030303	3.417721518987342	0	0.4040404040404041	3.417721518987342	0	0.5050505050505051	3.417721518987342	0
					0.6060606060606061	3.417721518987342	0	0.7070707070707071	3.417721518987342	0	0.8080808080808082	3.417721518987342	0	0.9090909090909092	3.417721518987342	0
					1.01010101010101	3.417721518987342	0	1.111111111111111	3.417721518987342	0	1.212121212121212	3.417721518987342	0	1.313131313131313	3.417721518987342	0
					1.414141414141414	3.417721518987342	0	1.515151515151515	3.417721518987342	0	1.616161616161616	3.417721518987342	0	1.717171717171717	3.417721518987342	0
					1.818181818181818	3.417721518987342	0	1.919191919191919	3.417721518987342	0	2.02020202020202	3.417721518987342	0	2.121212121212121	3.417721518987342	0
					2.222222222222222	3.417721518987342	0	2.323232323232323	3.417721518987342	0	2.424242424242424	3.417721518987342	0	2.525252525252526	3.417721518987342	0
					2.626262626262626	3.417721518987342	0	2.727272727272727	3.417721518987342	0	2.828282828282828	3.417721518987342	0	2.929292929292929	3.417721518987342	0
					3.03030303030303	3.417721518987342	0	3.131313131313131	3.417721518987342	0	3.232323232323233	3.417721518987342	0	3.333333333333333	3.417721518987342	0
					3.434343434343434	3.417721518987342	0	3.535353535353535	3.417721518987342	0	3.636363636363637	3.417721518987342	0	3.737373737373737	3.417721518987342	0
					3.838383838383838	3.417721518987342	0	3.939393939393939	3.417721518987342	0	4.040404040404041	3.417721518987342	0	4.141414141414142	3.417721518987342	0
					4.242424242424242	3.417721518987342	0	4.343434343434343	3.417721518987342	0	4.444444444444445	3.417721518987342	0	4.545454545454545	3.417721518987342	0
					4.646464646464646	3.417721518987342	0	4.747474747474747	3.417721518987342	0	4.848484848484849	3.417721518987342	0	4.94949494949495	3.417721518987342	0
					5.050505050505051	3.417721518987342	0	5.151515151515151	3.417721518987342	0	5.252525252525253	3.417721518987342	0	5.353535353535354	3.417721518987342	0
					5.454545454545454	3.417721518987342	0	5.555555555555555	3.417721518987342	0	5.656565656565657	3.417721518987342	0	5.757575757575758	3.417721518987342	0
					5.858585858585858	3.417721518987342	0	5.959595959595959	3.417721518987342	0	6.060606060606061	3.417721518987342	0	6.161616161616161	3.417721518987342	0
					6.262626262626263	3.417721518987342	0	6.363636363636363	3.417721518987342	0	6.464646464646465	3.417721518987342	0	6.565656565656566	3.417721518987342	0
					6.666666666666666	3.417721518987342	0	6.767676767676768	3.417721518987342	0	6.868686868686869	3.417721518987342	0	6.969696969696971	3.417721518987342	0
					7.070707070707071	3.417721518987342	0	7.171717171717171	3.417721518987342	0	7.272727272727273	3.417721518987342	0	7.373737373737374	3.417721518987342	0
					7.474747474747475	3.417721518987342	0	7.575757575757576	3.417721518987342	0	7.676767676767676	3.417721518987342	0	7.777777777777778	3.417721518987342	0
					7.878787878787879	3.417721518987342	0	7.97979797979798	3.417721518987342	0	8.080808080808081	3.417721518987342	0	8.181818181818182	3.417721518987342	0
					8.282828282828284	3.417721518987342	0	8.383838383838384	3.417721518987342	0	8.484848484848484	3.417721518987342	0	8.585858585858585	3.417721518987342	0
					8.686868686868687	3.417721518987342	0	8.787878787878787	3.417721518987342	0	8.888888888888889	3.417721518987342	0	8.98989898989899	3.417721518987342	0
					9.09090909090909	3.417721518987342	0	9.191919191919192	3.417721518987342	0	9.292929292929292	3.417721518987342	0	9.393939393939394	3.417721518987342	0
					9.494949494949495	3.417721518987342	0	9.595959595959595	3.417721518987342	0	9.696969696969697	3.417721518987342	0	9.797979797979798	3.417721518987342	0
					9.8989898989899	3.417721518987342	0	0.101010101010101	3.291139240506329	0	0.202020202020202	3.291139240506329	0	0.303030303030303	3.291139240506329	0
					0.4040404040404041	3.291139240506329	0	0.5050505050505051	3.291139240506329	0	0.6060606060606061	3.291139240506329	0	0.7070707070707071	3.291139240506329	0
					0.8080808080808082	3.291139240506329	0	0.9090909090909092	3.291139240506329	0	1.01010101010101	3.291139240506329	0	1.111111111111111	3.291139240506329	0
					1.212121212121212	3.291139240506329	0	1.313131313131313	3.291139240506329	0	1.414141414141414	3.291139240506329	0	1.515151515151515	3.291139240506329	0
					1.616161616161616	3.291139240506329	0	1.717171717171717	3.291139240506329	0	1.818181818181818	3.291139240506329	0	1.919191919191919	3.291139240506329	0
					2.02020202020202	3.291139240506329	0	2.121212121212121	3.291139240506329	0	2.222222222222222	3.291139240506329	0	2.323232323232323	3.291139240506329	0
					2.424242424242424	3.291139240506329	0	2.525252525252526	3.291139240506329	0	2.626262626262626	3.291139240506329	0	2.727272727272727	3.291139240506329	0
					2.828282828282828	3.291139240506329	0	2.929292929292929	3.291139240506329	0	3.03030303030303	3.291139240506329	0	3.131313131313131	3.291139240506329	0
					3.232323232323233	3.291139240506329	0	3.333333333333333	3.291139240506329	0	3.434343434343434	3.291139240506329	0	3.535353535353535	3.291139240506329	0
					3.636363636363637	3.291139240506329	0	3.737373737373737	3.291139240506329	0	3.838383838383838	3.291139240506329	0	3.939393939393939	3.291139240506329	0
					4.040404040404041	3.291139240506329	0	4.141414141414142	3.291139240506329	0	4.242424242424242	3.291139240506329	0	4.343434343434343	3.291139240506329	0
					4.444444444444445	3.291139240506329	0	4.545454545454545	3.291139240506329	0	4.646464646464646	3.291139240506329	0	4.747474747474747	3.291139240506329	0
					4.848484848484849	3.291139240506329	0	4.94949494949495	3.291139240506329	0	5.050505050505051	3.291139240506329	0	5.151515151515151	3.291139240506329	0
					5.252525252525253	3.291139240506329	0	5.353535353535354	3.291139240506329	0	5.454545454545454	3.291139240506329	0	5.555555555555555	3.291139240506329	0
					5.656565656565657	3.291139240506329	0	5.757575757575758	3.291139240506329	0	5.858585858585858	3.291139240506329	0	5.959595959595959	3.291139240506329	0
					6.060606060606061	3.291139240506329	0	6.161616161616161	3.291139240506329	0	6.262626262626263	3.291139240506329	0	6.363636363636363	3.291139240506329	0
					6.464646464646465	3.291139240506329	0	6.565656565656566	3.291139240506329	0	6.666666666666666	3.291139240506329	0	6.767676767676768	3.291139240506329	0
					6.868686868686869	3.291139240506329	0	6.969696969696971	3.291139240506329	0	7.070707070707071	3.291139240506329	0	7.171717171717171	3.291139240506329	0
					7.272727272727273	3.291139240506329	0	7.373737373737374	3.291139240506329	0	7.474747474747475	3.291139240506329	0	7.575757575757576	3.291139240506329	0
					7.676767676767676	3.291139240506329	0	7.777777777777778	3.291139240506329	0	7.878787878787879	3.291139240506329	0	7.97979797979798	3.291139240506329	0
					8.080808080808081	3.291139240506329	0	8.181818181818182	3.291139240506329	0	8.282828282828284	3.291139240506329	0	8.383838383838384	3.291139240506329	0
					8.484848484848484	3.291139240506329	0	8.585858585858585	3.291139240506329	0	8.686868686868687	3.291139240506329	0	8.787878787878787	3.291139240506329	0
					8.888888888888889	3.291139240506329	0	8.98989898989899	3.291139240506329	0	9.09090909090909	3.291139240506329	0	9.191919191919192	3.291139240506329	0
					9.292929292929292	3.291139240506329	0	9.393939393939394	3.291139240506329	0	9.494949494949495	3.291139240506329	0	9.595959595959595	3.291139240506329	0
					9.696969696969697	3.291139240506329	0	9.797979797979798	3.291139240506329	0	9.8989898989899	3.291139240506329	0	0.101010101010101	3.164556962025316	0
					0.202020202020202	3.164556962025316	0	0.303030303030303	3.164556962025316	0	0.4040404040404041	3.164556962025316	0	0.5050505050505051	3.164556962025316	0
					0.6060606060606061	3.164556962025316	0	0.7070707070707071	3.164556962025316	0	0.8080808080808082	3.164556962025316	0	0.9090909090909092	3.164556962025316	0
					1.01010101010101	3.164556962025316	0	1.111111111111111	3.164556962025316	0	1.212121212121212	3.164556962025316	0	1.313131313131313	3.164556962025316	0
					1.414141414141414	3.164556962025316	0	1.515151515151515	3.164556962025316	0	1.616161616161616	3.164556962025316	0	1.717171717171717	3.164556962025316	0
					1.818181818181818	3.164556962025316	0	1.919191919191919	3.164556962025316	0	2.02020202020202	3.164556962025316	0	2.121212121212121	3.164556962025316	0
					2.222222222222222	3.164556962025316	0	2.323232323232323	3.164556962025316	0	2.424242424242424	3.164556962025316	0	2.525252525252526	3.164556962025316	0
					2.626262626262626	3.164556962025316	0	2.727272727272727	3.164556962025316	0	2.828282828282828	3.164556962025316	0	2.929292929292929	3.164556962025316	0
					3.03030303030303	3.164556962025316	0	3.131313131313131	3.164556962025316	0	3.232323232323233	3.164556962025316	0	3.333333333333333	3.164556962025316	0
					3.434343434343434	3.164556962025316	0	3.535353535353535	3.164556962025316	0	3.636363636363637	3.164556962025316	0	3.737373737373737	3.164556962025316	0
					3.838383838383838	3.164556962025316	0	3.939393939393939	3.164556962025316	0	4.040404040404041	3.164556962025316	0	4.141414141414142	3.164556962025316	0
					4.242424242424242	3.164556962025316	0	4.343434343434343	3.164556962025316	0	4.444444444444445	3.164556962025316	0	4.545454545454545	3.164556962025316	0
					4.646464646464646	3.164556962025316	0	4.747474747474747	3.164556962025316	0	4.848484848484849	3.164556962025316	0	4.94949494949495	3.164556962025316	0
					5.050505050505051	3.164556962025316	0	5.151515151515151	3.164556962025316	0	5.252525252525253	3.164556962025316	0	5.353535353535354	3.164556962025316	0
					5.454545454545454	3.164556962025316	0	5.555555555555555	3.164556962025316	0	5.656565656565657	3.164556962025316	0	5.757575757575758	3.164556962025316	0
					5.858585858585858	3.164556962025316	0	5.959595959595959	3.164556962025316	0	6.060606060606061	3.164556962025316	0	6.161616161616161	3.164556962025316	0
					6.262626262626263	3.164556962025316	0	6.363636363636363	3.164556962025316	0	6.464646464646465	3.164556962025316	0	6.565656565656566	3.164556962025316	0
					6.666666666666666	3.164556962025316	0	6.767676767676768	3.164556962025316	0	6.868686868686869	3.164556962025316	0	6.969696969696971	3.164556962025316	0
					7.070707070707071	3.164556962025316	0	7.171717171717171	3.164556962025316	0	7.272727272727273	3.164556962025316	0	7.373737373737374	3.164556962025316	0
					7.474747474747475	3.164556962025316	0	7.575757575757576	3.164556962025316	0	7.676767676767676	3.164556962025316	0	7.777777777777778	3.164556962025316	0
					7.878787878787879	3.164556962025316	0	7.97979797979798	3.164556962025316	0	8.080808080808081	3.164556962025316	0	8.181818181818182	3.164556962025316	0
					8.282828282828284	3.164556962025316	0	8.383838383838384	3.164556962025316	0	8.484848484848484	3.164556962025316	0	8.585858585858585	3.164556962025316	0
					8.686868686868687	3.164556962025316	0	8.787878787878787	3.164556962025316	0	8.888888888888889	3.164556962025316	0	8.98989898989899	3.164556962025316	0
					9.09090909090909	3.164556962025316	0	9.191919191919192	3.164556962025316	0	9.292929292929292	3.164556962025316	0	9.393939393939394	3.164556962025316	0
					9.494949494949495	3.164556962025316	0	9.595959595959595	3.164556962025316	0	9.696969696969697	3.164556962025316	0	9.797979797979798	3.164556962025316	0
					9.8989898989899	3.164556962025316	0	0.101010101010101	3.037974683544304	0	0.202020202020202	3.037974683544304	0	0.303030303030303	3.037974683544304	0
					0.4040404040404041	3.037974683544304	0	0.5050505050505051	3.037974683544304	0	0.6060606060606061	3.037974683544304	0	0.7070707070707071	3.037974683544304	0
					0.8080808080808082	3.037974683544304	0	0.9090909090909092	3.037974683544304	0	1.01010101010101	3.037974683544304	0	1.111111111111111	3.037974683544304	0
					1.212121212121212	3.037974683544304	0	1.313131313131313	3.037974683544304	0	1.414141414141414	3.037974683544304	0	1.515151515151515	3.037974683544304	0
					1.616161616161616	3.037974683544304	0	1.717171717171717	3.037974683544304	0	1.818181818181818	3.037974683544304	0	1.919191919191919	3.037974683544304	0
					2.02020202020202	3.037974683544304	0	2.121212121212121	3.037974683544304	0	2.222222222222222	3.037974683544304	0	2.323232323232323	3.037974683544304	0
					2.424242424242424	3.037974683544304	0	2.525252525252526	3.037974683544304	0	2.626262626262626	3.037974683544304	0	2.727272727272727	3.037974683544304	0
					2.828282828282828	3.037974683544304	0	2.929292929292929	3.037974683544304	0	3.03030303030303	3.037974683544304	0	3.131313131313131	3.037974683544304	0
					3.232323232323233	3.037974683544304	0	3.333333333333333	3.037974683544304	0	3.434343434343434	3.037974683544304	0	3.535353535353535	3.037974683544304	0
					3.636363636363637	3.037974683544304	0	3.737373737373737	3.037974683544304	0	3.838383838383838	3.037974683544304	0	3.939393939393939	3.037974683544304	0
					4.040404040404041	3.037974683544304	0	4.141414141414142	3.037974683544304	0	4.242424242424242	3.037974683544304	0	4.343434343434343	3.037974683544304	0
					4.444444444444445	3.037974683544304	0	4.545454545454545	3.037974683544304	0	4.646464646464646	3.037974683544304	0	4.747474747474747	3.037974683544304	0
					4.848484848484849	3.037974683544304	0	4.94949494949495	3.037974683544304	0	5.050505050505051	3.037974683544304	0	5.151515151515151	3.037974683544304	0
					5.252525252525253	3.037974683544304	0	5.353535353535354	3.037974683544304	0	5.454545454545454	3.037974683544304	0	5.555555555555555	3.037974683544304	0
					5.656565656565657	3.037974683544304	0	5.757575757575758	3.037974683544304	0	5.858585858585858	3.037974683544304	0	5.959595959595959	3.037974683544304	0
					6.060606060606061	3.037974683544304	0	6.161616161616161	3.037974683544304	0	6.262626262626263	3.037974683544304	0	6.363636363636363	3.037974683544304	0
					6.464646464646465	3.037974683544304	0	6.565656565656566	3.037974683544304	0	6.666666666666666	3.037974683544304	0	6.767676767676768	3.037974683544304	0
					6.868686868686869	3.037974683544304	0	6.969696969696971	3.037974683544304	0	7.070707070707071	3.037974683544304	0	7.171717171717171	3.037974683544304	0
					7.272727272727273	3.037974683544304	0	7.373737373737374	3.037974683544304	0	7.474747474747475	3.037974683544304	0	7.575757575757576	3.037974683544304	0
					7.676767676767676	3.037974683544304	0	7.777777777777778	3.037974683544304	0	7.878787878787879	3.037974683544304	0	7.97979797979798	3.037974683544304	0
					8.080808080808081	3.037974683544304	0	8.181818181818182	3.037974683544304	0	8.282828282828284	3.037974683544304	0	8.383838383838384	3.037974683544304	0
					8.484848484848484	3.037974683544304	0	8.585858585858585	3.037974683544304	0	8.686868686868687	3.037974683544304	0	8.787878787878787	3.037974683544304	0
					8.888888888888889	3.037974683544304	0	8.98989898989899	3.037974683544304	0	9.09090909090909	3.037974683544304	0	9.191919191919192	3.037974683544304	0
					9.292929292929292	3.037974683544304	0	9.393939393939394	3.037974683544304	0	9.494949494949495	3.037974683544304	0	9.595959595959595	3.037974683544304	0
					9.696969696969697	3.037974683544304	0	9.797979797979798	3.037974683544304	0	9.8989898989899	3.037974683544304	0	0.101010101010101	2.911392405063291	0
					0.202020202020202	2.911392405063291	0	0.303030303030303	2.911392405063291	0	0.4040404040404041	2.911392405063291	0	0.5050505050505051	2.911392405063291	0
					0.6060606060606061	2.911392405063291	0	0.7070707070707071	2.911392405063291	0	0.8080808080808082	2.911392405063291	0	0.9090909090909092	2.911392405063291	0
					1.01010101010101	2.911392405063291	0	1.111111111111111	2.911392405063291	0	1.212121212121212	2.911392405063291	0	1.313131313131313	2.911392405063291	0
					1.414141414141414	2.911392405063291	0	1.515151515151515	2.911392405063291	0	1.616161616161616	2.911392405063291	0	1.717171717171717	2.911392405063291	0
					1.818181818181818	2.911392405063291	0	1.919191919191919	2.911392405063291	0	2.02020202020202	2.911392405063291	0	2.121212121212121	2.911392405063291	0
					2.222222222222222	2.911392405063291	0	2.323232323232323	2.911392405063291	0	2.424242424242424	2.911392405063291	0	2.525252525252526	2.911392405063291	0
					2.626262626262626	2.911392405063291	0	2.727272727272727	2.911392405063291	0	2.828282828282828	2.911392405063291	0	2.929292929292929	2.911392405063291	0
					3.03030303030303	2.911392405063291	0	3.131313131313131	2.911392405063291	0	3.232323232323233	2.911392405063291	0	3.333333333333333	2.911392405063291	0
					3.434343434343434	2.911392405063291	0	3.535353535353535	2.911392405063291	0	3.636363636363637	2.911392405063291	0	3.737373737373737	2.911392405063291	0
					3.838383838383838	2.911392405063291	0	3.939393939393939	2.911392405063291	0	4.040404040404041	2.911392405063291	0	4.141414141414142	2.911392405063291	0
					4.242424242424242	2.911392405063291	0	4.343434343434343	2.911392405063291	0	4.444444444444445	2.911392405063291	0	4.545454545454545	2.911392405063291	0
					4.646464646464646	2.911392405063291	0	4.747474747474747	2.911392405063291	0	4.848484848484849	2.911392405063291	0	4.94949494949495	2.911392405063291	0
					5.050505050505051	2.911392405063291	0	5.151515151515151	2.911392405063291	0	5.252525252525253	2.911392405063291	0	5.353535353535354	2.911392405063291	0
					5.454545454545454	2.911392405063291	0	5.555555555555555	2.911392405063291	0	5.656565656565657	2.911392405063291	0	5.757575757575758	2.911392405063291	0
					5.858585858585858	2.911392405063291	0	5.959595959595959	2.911392405063291	0	6.060606060606061	2.911392405063291	0	6.161616161616161	2.911392405063291	0
					6.262626262626263	2.911392405063291	0	6.363636363636363	2.911392405063291	0	6.464646464646465	2.911392405063291	0	6.565656565656566	2.911392405063291	0
					6.666666666666666	2.911392405063291	0	6.767676767676768	2.911392405063291	0	6.868686868686869	2.911392405063291	0	6.969696969696971	2.911392405063291	0
					7.070707070707071	2.911392405063291	0	7.171717171717171	2.911392405063291	0	7.272727272727273	2.911392405063291	0	7.373737373737374	2.911392405063291	0
					7.474747474747475	2.911392405063291	0	7.575757575757576	2.911392405063291	0	7.676767676767676	2.911392405063291	0	7.777777777777778	2.911392405063291	0
					7.878787878787879	2.911392405063291	0	7.97979797979798	2.911392405063291	0	8.080808080808081	2.911392405063291	0	8.181818181818182	2.911392405063291	0
					8.282828282828284	2.911392405063291	0	8.383838383838384	2.911392405063291	0	8.484848484848484	2.911392405063291	0	8.585858585858585	2.911392405063291	0
					8.686868686868687	2.911392405063291	0	8.787878787878787	2.911392405063291	0	8.888888888888889	2.911392405063291	0	8.98989898989899	2.911392405063291	0
					9.09090909090909	2.911392405063291	0	9.191919191919192	2.911392405063291	0	9.292929292929292	2.911392405063291	0	9.393939393939394	2.911392405063291	0
					9.494949494949495	2.911392405063291	0	9.595959595959595	2.911392405063291	0	9.696969696969697	2.911392405063291	0	9.797979797979798	2.911392405063291	0
					9.8989898989899	2.911392405063291	0	0.101010101010101	2.784810126582278	0	0.202020202020202	2.784810126582278	0	0.303030303030303	2.784810126582278	0
					0.4040404040404041	2.784810126582278	0	0.5050505050505051	2.784810126582278	0	0.6060606060606061	2.784810126582278	0	0.7070707070707071	2.784810126582278	0
					0.8080808080808082	2.784810126582278	0	0.9090909090909092	2.784810126582278	0	1.01010101010101	2.784810126582278	0	1.111111111111111	2.784810126582278	0
					1.212121212121212	2.784810126582278	0	1.313131313131313	2.784810126582278	0	1.414141414141414	2.784810126582278	0	1.515151515151515	2.784810126582278	0
					1.616161616161616	2.784810126582278	0	1.717171717171717	2.784810126582278	0	1.818181818181818	2.784810126582278	0	1.919191919191919	2.784810126582278	0
					2.02020202020202	2.784810126582278	0	2.121212121212121	2.784810126582278	0	2.222222222222222	2.784810126582278	0	2.323232323232323	2.784810126582278	0
					2.424242424242424	2.784810126582278	0	2.525252525252526	2.784810126582278	0	2.626262626262626	2.784810126582278	0	2.727272727272727	2.784810126582278	0
					2.828282828282828	2.784810126582278	0	2.929292929292929	2.784810126582278	0	3.03030303030303	2.784810126582278	0	3.131313131313131	2.784810126582278	0
					3.232323232323233	2.784810126582278	0	3.333333333333333	2.784810126582278	0	3.434343434343434	2.784810126582278	0	3.535353535353535	2.784810126582278	0
					3.636363636363637	2.784810126582278	0	3.737373737373737	2.784810126582278	0	3.838383838383838	2.784810126582278	0	3.939393939393939	2.784810126582278	0
					4.040404040404041	2.784810126582278	0	4.141414141414142	2.784810126582278	0	4.242424242424242	2.784810126582278	0	4.343434343434343	2.784810126582278	0
					4.444444444444445	2.784810126582278	0	4.545454545454545	2.784810126582278	0	4.646464646464646	2.784810126582278	0	4.747474747474747	2.784810126582278	0
					4.848484848484849	2.784810126582278	0	4.94949494949495	2.784810126582278	0	5.050505050505051	2.784810126582278	0	5.151515151515151	2.784810126582278	0
					5.252525252525253	2.784810126582278	0	5.353535353535354	2.784810126582278	0	5.454545454545454	2.784810126582278	0	5.555555555555555	2.784810126582278	0
					5.656565656565657	2.784810126582278	0	5.757575757575758	2.784810126582278	0	5.858585858585858	2.784810126582278	0	5.959595959595959	2.784810126582278	0
					6.060606060606061	2.784810126582278	0	6.161616161616161	2.784810126582278	0	6.262626262626263	2.784810126582278	0	6.363636363636363	2.784810126582278	0
					6.464646464646465	2.784810126582278	0	6.565656565656566	2.784810126582278	0	6.666666666666666	2.784810126582278	0	6.767676767676768	2.784810126582278	0
					6.868686868686869	2.784810126582278	0	6.969696969696971	2.784810126582278	0	7.070707070707071	2.784810126582278	0	7.171717171717171	2.784810126582278	0
					7.272727272727273	2.784810126582278	0	7.373737373737374	2.784810126582278	0	7.474747474747475	2.784810126582278	0	7.575757575757576	2.784810126582278	0
					7.676767676767676	2.784810126582278	0	7.777777777777778	2.784810126582278	0	7.878787878787879	2.784810126582278	0	7.97979797979798	2.784810126582278	0
					8.080808080808081	2.784810126582278	0	8.181818181818182	2.784810126582278	0	8.282828282828284	2.784810126582278	0	8.383838383838384	2.784810126582278	0
					8.484848484848484	2.784810126582278	0	8.585858585858585	2.784810126582278	0	8.686868686868687	2.784810126582278	0	8.787878787878787	2.784810126582278	0
					8.888888888888889	2.784810126582278	0	8.98989898989899	2.784810126582278	0	9.09090909090909	2.784810126582278	0	9.191919191919192	2.784810126582278	0
					9.292929292929292	2.784810126582278	0	9.393939393939394	2.784810126582278	0	9.494949494949495	2.784810126582278	0	9.595959595959595	2.784810126582278	0
					9.696969696969697	2.784810126582278	0	9.797979797979798	2.784810126582278	0	9.8989898989899	2.784810126582278	0	0.101010101010101	2.658227848101266	0
					0.202020202020202	2.658227848101266	0	0.303030303030303	2.658227848101266	0	0.4040404040404041	2.658227848101266	0	0.5050505050505051	2.658227848101266	0
					0.6060606060606061	2.658227848101266	0	0.7070707070707071	2.658227848101266	0	0.8080808080808082	2.658227848101266	0	0.9090909090909092	2.658227848101266	0
					1.01010101010101	2.658227848101266	0	1.111111111111111	2.658227848101266	0	1.212121212121212	2.658227848101266	0	1.313131313131313	2.658227848101266	0
					1.414141414141414	2.658227848101266	0	1.515151515151515	2.658227848101266	0	1.616161616161616	2.658227848101266	0	1.717171717171717	2.658227848101266	0
					1.818181818181818	2.658227848101266	0	1.919191919191919	2.658227848101266	0	2.02020202020202	2.658227848101266	0	2.121212121212121	2.658227848101266	0
					2.222222222222222	2.658227848101266	0	2.323232323232323	2.658227848101266	0	2.424242424242424	2.658227848101266	0	2.525252525252526	2.658227848101266	0
					2.626262626262626	2.658227848101266	0	2.727272727272727	2.658227848101266	0	2.828282828282828	2.658227848101266	0	2.929292929292929	2.658227848101266	0
					3.03030303030303	2.658227848101266	0	3.131313131313131	2.658227848101266	0	3.232323232323233	2.658227848101266	0	3.333333333333333	2.658227848101266	0
					3.434343434343434	2.658227848101266	0	3.535353535353535	2.658227848101266	0	3.636363636363637	2.658227848101266	0	3.737373737373737	2.658227848101266	0
					3.838383838383838	2.658227848101266	0	3.939393939393939	2.658227848101266	0	4.040404040404041	2.658227848101266	0	4.141414141414142	2.658227848101266	0
					4.242424242424242	2.658227848101266	0	4.343434343434343	2.658227848101266	0	4.444444444444445	2.658227848101266	0	4.545454545454545	2.658227848101266	0
					4.646464646464646	2.658227848101266	0	4.747474747474747	2.658227848101266	0	4.848484848484849	2.658227848101266	0	4.94949494949495	2.658227848101266	0
					5.050505050505051	2.658227848101266	0	5.151515151515151	2.658227848101266	0	5.252525252525253	2.658227848101266	0	5.353535353535354	2.658227848101266	0
					5.454545454545454	2.658227848101266	0	5.555555555555555	2.658227848101266	0	5.656565656565657	2.658227848101266	0	5.757575757575758	2.658227848101266	0
					5.858585858585858	2.658227848101266	0	5.959595959595959	2.658227848101266	0	6.060606060606061	2.658227848101266	0	6.161616161616161	2.658227848101266	0
					6.262626262626263	2.658227848101266	0	6.363636363636363	2.658227848101266	0	6.464646464646465	2.658227848101266	0	6.565656565656566	2.658227848101266	0
					6.666666666666666	2.658227848101266	0	6.767676767676768	2.658227848101266	0	6.868686868686869	2.658227848101266	0	6.969696969696971	2.658227848101266	0
					7.070707070707071	2.658227848101266	0	7.171717171717171	2.658227848101266	0	7.272727272727273	2.658227848101266	0	7.373737373737374	2.658227848101266	0
					7.474747474747475	2.658227848101266	0	7.575757575757576	2.658227848101266	0	7.676767676767676	2.658227848101266	0	7.777777777777778	2.658227848101266	0
					7.878787878787879	2.658227848101266	0	7.97979797979798	2.658227848101266	0	8.080808080808081	2.658227848101266	0	8.181818181818182	2.658227848101266	0
					8.282828282828284	2.658227848101266	0	8.383838383838384	2.658227848101266	0	8.484848484848484	2.658227848101266	0	8.585858585858585	2.658227848101266	0
					8.686868686868687	2.658227848101266	0	8.787878787878787	2.658227848101266	0	8.888888888888889	2.658227848101266	0	8.98989898989899	2.658227848101266	0
					9.09090909090909	2.658227848101266	0	9.191919191919192	2.658227848101266	0	9.292929292929292	2.658227848101266	0	9.393939393939394	2.658227848101266	0
					9.494949494949495	2.658227848101266	0	9.595959595959595	2.658227848101266	0	9.696969696969697	2.658227848101266	0	9.797979797979798	2.658227848101266	0
					9.8989898989899	2.658227848101266	0	0.101010101010101	2.531645569620253	0	0.202020202020202	2.531645569620253	0	0.303030303030303	2.531645569620253	0
					0.4040404040404041	2.531645569620253	0	0.5050505050505051	2.531645569620253	0	0.6060606060606061	2.531645569620253	0	0.7070707070707071	2.531645569620253	0
					0.8080808080808082	2.531645569620253	0	0.9090909090909092	2.531645569620253	0	1.01010101010101	2.531645569620253	0	1.111111111111111	2.531645569620253	0
					1.212121212121212	2.531645569620253	0	1.313131313131313	2.531645569620253	0	1.414141414141414	2.531645569620253	0	1.515151515151515	2.531645569620253	0
					1.616161616161616	2.531645569620253	0	1.717171717171717	2.531645569620253	0	1.818181818181818	2.531645569620253	0	1.919191919191919	2.531645569620253	0
					2.02020202020202	2.531645569620253	0	2.121212121212121	2.531645569620253	0	2.222222222222222	2.531645569620253	0	2.323232323232323	2.531645569620253	0
					2.424242424242424	2.531645569620253	0	2.525252525252526	2.531645569620253	0	2.626262626262626	2.531645569620253	0	2.727272727272727	2.531645569620253	0
					2.828282828282828	2.531645569620253	0	2.929292929292929	2.531645569620253	0	3.03030303030303	2.531645569620253	0	3.131313131313131	2.531645569620253	0
					3.232323232323233	2.531645569620253	0	3.333333333333333	2.531645569620253	0	3.434343434343434	2.531645569620253	0	3.535353535353535	2.531645569620253	0
					3.636363636363637	2.531645569620253	0	3.737373737373737	2.531645569620253	0	3.838383838383838	2.531645569620253	0	3.939393939393939	2.531645569620253	0
					4.040404040404041	2.531645569620253	0	4.141414141414142	2.531645569620253	0	4.242424242424242	2.531645569620253	0	4.343434343434343	2.531645569620253	0
					4.444444444444445	2.531645569620253	0	4.545454545454545	2.531645569620253	0	4.646464646464646	2.531645569620253	0	4.747474747474747	2.531645569620253	0
					4.848484848484849	2.531645569620253	0	4.94949494949495	2.531645569620253	0	5.050505050505051	2.531645569620253	0	5.151515151515151	2.531645569620253	0
					5.252525252525253	2.531645569620253	0	5.353535353535354	2.531645569620253	0	5.454545454545454	2.531645569620253	0	5.555555555555555	2.531645569620253	0
					5.656565656565657	2.531645569620253	0	5.757575757575758	2.531645569620253	0	5.858585858585858	2.531645569620253	0	5.959595959595959	2.531645569620253	0
					6.060606060606061	2.531645569620253	0	6.161616161616161	2.531645569620253	0	6.262626262626263	2.531645569620253	0	6.363636363636363	2.531645569620253	0
					6.464646464646465	2.531645569620253	0	6.565656565656566	2.531645569620253	0	6.666666666666666	2.531645569620253	0	6.767676767676768	2.531645569620253	0
					6.868686868686869	2.531645569620253	0	6.969696969696971	2.531645569620253	0	7.070707070707071	2.531645569620253	0	7.171717171717171	2.531645569620253	0
					7.272727272727273	2.531645569620253	0	7.373737373737374	2.531645569620253	0	7.474747474747475	2.531645569620253	0	7.575757575757576	2.531645569620253	0
					7.676767676767676	2.531645569620253	0	7.777777777777778	2.531645569620253	0	7.878787878787879	2.531645569620253	0	7.97979797979798	2.531645569620253	0
					8.080808080808081	2.531645569620253	0	8.181818181818182	2.531645569620253	0	8.282828282828284	2.531645569620253	0	8.383838383838384	2.531645569620253	0
					8.484848484848484	2.531645569620253	0	8.585858585858585	2.531645569620253	0	8.686868686868687	2.531645569620253	0	8.787878787878787	2.531645569620253	0
					8.888888888888889	2.531645569620253	0	8.98989898989899	2.531645569620253	0	9.09090909090909	2.531645569620253	0	9.191919191919192	2.531645569620253	0
					9.292929292929292	2.531645569620253	0	9.393939393939394	2.531645569620253	0	9.494949494949495	2.531645569620253	0	9.595959595959595	2.531645569620253	0
					9.696969696969697	2.531645569620253	0	9.797979797979798	2.531645569620253	0	9.8989898989899	2.531645569620253	0	0.101010101010101	2.40506329113924	0
					0.202020202020202	2.40506329113924	0	0.303030303030303	2.40506329113924	0	0.4040404040404041	2.40506329113924	0	0.5050505050505051	2.40506329113924	0
					0.6060606060606061	2.40506329113924	0	0.7070707070707071	2.40506329113924	0	0.8080808080808082	2.40506329113924	0	0.9090909090909092	2.40506329113924	0
					1.01010101010101	2.40506329113924	0	1.111111111111111	2.40506329113924	0	1.212121212121212	2.40506329113924	0	1.313131313131313	2.40506329113924	0
					1.414141414141414	2.40506329113924	0	1.515151515151515	2.40506329113924	0	1.616161616161616	2.40506329113924	0	1.717171717171717	2.40506329113924	0
					1.818181818181818	2.40506329113924	0	1.919191919191919	2.40506329113924	0	2.02020202020202	2.40506329113924	0	2.121212121212121	2.40506329113924	0
					2.222222222222222	2.40506329113924	0	2.323232323232323	2.40506329113924	0	2.424242424242424	2.40506329113924	0	2.525252525252526	2.40506329113924	0
					2.626262626262626	2.40506329113924	0	2.727272727272727	2.40506329113924	0	2.828282828282828	2.40506329113924	0	2.929292929292929	2.40506329113924	0
					3.03030303030303	2.40506329113924	0	3.131313131313131	2.40506329113924	0	3.232323232323233	2.40506329113924	0	3.333333333333333	2.40506329113924	0
					3.434343434343434	2.40506329113924	0	3.535353535353535	2.40506329113924	0	3.636363636363637	2.40506329113924	0	3.737373737373737	2.40506329113924	0
					3.838383838383838	2.40506329113924	0	3.939393939393939	2.40506329113924	0	4.040404040404041	2.40506329113924	0	4.141414141414142	2.40506329113924	0
					4.242424242424242	2.40506329113924	0	4.343434343434343	2.40506329113924	0	4.444444444444445	2.40506329113924	0	4.545454545454545	2.40506329113924	0
					4.646464646464646	2.40506329113924	0	4.747474747474747	2.40506329113924	0	4.848484848484849	2.40506329113924	0	4.94949494949495	2.40506329113924	0
					5.050505050505051	2.40506329113924	0	5.151515151515151	2.40506329113924	0	5.252525252525253	2.40506329113924	0	5.353535353535354	2.40506329113924	0
					5.454545454545454	2.40506329113924	0	5.555555555555555	2.40506329113924	0	5.656565656565657	2.40506329113924	0	5.757575757575758	2.40506329113924	0
					5.858585858585858	2.40506329113924	0	5.959595959595959	2.40506329113924	0	6.060606060606061	2.40506329113924	0	6.161616161616161	2.40506329113924	0
					6.262626262626263	2.40506329113924	0	6.363636363636363	2.40506329113924	0	6.464646464646465	2.40506329113924	0	6.565656565656566	2.40506329113924	0
					6.666666666666666	2.40506329113924	0	6.767676767676768	2.40506329113924	0	6.868686868686869	2.40506329113924	0	6.969696969696971	2.40506329113924	0
					7.070707070707071	2.40506329113924	0	7.171717171717171	2.40506329113924	0	7.272727272727273	2.40506329113924	0	7.373737373737374	2.40506329113924	0
					7.474747474747475	2.40506329113924	0	7.575757575757576	2.40506329113924	0	7.676767676767676	2.40506329113924	0	7.777777777777778	2.40506329113924	0
					7.878787878787879	2.40506329113924	0	7.97979797979798	2.40506329113924	0	8.080808080808081	2.40506329113924	0	8.181818181818182	2.40506329113924	0
					8.282828282828284	2.40506329113924	0	8.383838383838384	2.40506329113924	0	8.484848484848484	2.40506329113924	0	8.585858585858585	2.40506329113924	0
					8.686868686868687	2.40506329113924	0	8.787878787878787	2.40506329113924	0	8.888888888888889	2.40506329113924	0	8.98989898989899	2.40506329113924	0
					9.09090909090909	2.40506329113924	0	9.191919191919192	2.40506329113924	0	9.292929292929292	2.40506329113924	0	9.393939393939394	2.40506329113924	0
					9.494949494949495	2.40506329113924	0	9.595959595959595	2.40506329113924	0	9.696969696969697	2.40506329113924	0	9.797979797979798	2.40506329113924	0
					9.8989898989899	2.40506329113924	0	0.101010101010101	2.278481012658228	0	0.202020202020202	2.278481012658228	0	0.303030303030303	2.278481012658228	0
					0.4040404040404041	2.278481012658228	0	0.5050505050505051	2.278481012658228	0	0.6060606060606061	2.278481012658228	0	0.7070707070707071	2.278481012658228	0
					0.8080808080808082	2.278481012658228	0	0.9090909090909092	2.278481012658228	0	1.01010101010101	2.278481012658228	0	1.111111111111111	2.278481012658228	0
					1.212121212121212	2.278481012658228	0	1.313131313131313	2.278481012658228	0	1.414141414141414	2.278481012658228	0	1.515151515151515	2.278481012658228	0
					1.616161616161616	2.278481012658228	0	1.717171717171717	2.278481012658228	0	1.818181818181818	2.278481012658228	0	1.919191919191919	2.278481012658228	0
					2.02020202020202	2.278481012658228	0	2.121212121212121	2.278481012658228	0	2.222222222222222	2.278481012658228	0	2.323232323232323	2.278481012658228	0
					2.424242424242424	2.278481012658228	0	2.525252525252526	2.278481012658228	0	2.626262626262626	2.278481012658228	0	2.727272727272727	2.278481012658228	0
					2.828282828282828	2.278481012658228	0	2.929292929292929	2.278481012658228	0	3.03030303030303	2.278481012658228	0	3.131313131313131	2.278481012658228	0
					3.232323232323233	2.278481012658228	0	3.333333333333333	2.278481012658228	0	3.434343434343434	2.278481012658228	0	3.535353535353535	2.278481012658228	0
					3.636363636363637	2.278481012658228	0	3.737373737373737	2.278481012658228	0	3.838383838383838	2.278481012658228	0	3.939393939393939	2.278481012658228	0
					4.040404040404041	2.278481012658228	0	4.141414141414142	2.278481012658228	0	4.242424242424242	2.278481012658228	0	4.343434343434343	2.278481012658228	0
					4.444444444444445	2.278481012658228	0	4.545454545454545	2.278481012658228	0	4.646464646464646	2.278481012658228	0	4.747474747474747	2.278481012658228	0
					4.848484848484849	2.278481012658228	0	4.94949494949495	2.278481012658228	0	5.050505050505051	2.278481012658228	0	5.151515151515151	2.278481012658228	0
					5.252525252525253	2.278481012658228	0	5.353535353535354	2.278481012658228	0	5.454545454545454	2.278481012658228	0	5.555555555555555	2.278481012658228	0
					5.656565656565657	2.278481012658228	0	5.757575757575758	2.278481012658228	0	5.858585858585858	2.278481012658228	0	5.959595959595959	2.278481012658228	0
					6.060606060606061	2.278481012658228	0	6.161616161616161	2.278481012658228	0	6.262626262626263	2.278481012658228	0	6.363636363636363	2.278481012658228	0
					6.464646464646465	2.278481012658228	0	6.565656565656566	2.278481012658228	0	6.666666666666666	2.278481012658228	0	6.767676767676768	2.278481012658228	0
					6.868686868686869	2.278481012658228	0	6.969696969696971	2.278481012658228	0	7.070707070707071	2.278481012658228	0	7.171717171717171	2.278481012658228	0
					7.272727272727273	2.278481012658228	0	7.373737373737374	2.278481012658228	0	7.474747474747475	2.278481012658228	0	7.575757575757576	2.278481012658228	0
					7.676767676767676	2.278481012658228	0	7.777777777777778	2.278481012658228	0	7.878787878787879	2.278481012658228	0	7.97979797979798	2.278481012658228	0
					8.080808080808081	2.278481012658228	0	8.181818181818182	2.278481012658228	0	8.282828282828284	2.278481012658228	0	8.383838383838384	2.278481012658228	0
					8.484848484848484	2.278481012658228	0	8.585858585858585	2.278481012658228	0	8.686868686868687	2.278481012658228	0	8.787878787878787	2.278481012658228	0
					8.888888888888889	2.278481012658228	0	8.98989898989899	2.278481012658228	0	9.09090909090909	2.278481012658228	0	9.191919191919192	2.278481012658228	0
					9.292929292929292	2.278481012658228	0	9.393939393939394	2.278481012658228	0	9.494949494949495	2.278481012658228	0	9.595959595959595	2.278481012658228	0
					9.696969696969697	2.278481012658228	0	9.797979797979798	2.278481012658228	0	9.8989898989899	2.278481012658228	0	0.101010101010101	2.151898734177215	0
					0.202020202020202	2.151898734177215	0	0.303030303030303	2.151898734177215	0	0.4040404040404041	2.151898734177215	0	0.5050505050505051	2.151898734177215	0
					0.6060606060606061	2.151898734177215	0	0.7070707070707071	2.151898734177215	0	0.8080808080808082	2.151898734177215	0	0.9090909090909092	2.151898734177215	0
					1.01010101010101	2.151898734177215	0	1.111111111111111	2.151898734177215	0	1.212121212121212	2.151898734177215	0	1.313131313131313	2.151898734177215	0
					1.414141414141414	2.151898734177215	0	1.515151515151515	2.151898734177215	0	1.616161616161616	2.151898734177215	0	1.717171717171717	2.151898734177215	0
					1.818181818181818	2.151898734177215	0	1.919191919191919	2.151898734177215	0	2.02020202020202	2.151898734177215	0	2.121212121212121	2.151898734177215	0
					2.222222222222222	2.151898734177215	0	2.323232323232323	2.151898734177215	0	2.424242424242424	2.151898734177215	0	2.525252525252526	2.151898734177215	0
					2.626262626262626	2.151898734177215	0	2.727272727272727	2.151898734177215	0	2.828282828282828	2.151898734177215	0	2.929292929292929	2.151898734177215	0
					3.03030303030303	2.151898734177215	0	3.131313131313131	2.151898734177215	0	3.232323232323233	2.151898734177215	0	3.333333333333333	2.151898734177215	0
					3.434343434343434	2.151898734177215	0	3.535353535353535	2.151898734177215	0	3.636363636363637	2.151898734177215	0	3.737373737373737	2.151898734177215	0
					3.838383838383838	2.151898734177215	0	3.939393939393939	2.151898734177215	0	4.040404040404041	2.151898734177215	0	4.141414141414142	2.151898734177215	0
					4.242424242424242	2.151898734177215	0	4.343434343434343	2.151898734177215	0	4.444444444444445	2.151898734177215	0	4.545454545454545	2.151898734177215	0
					4.646464646464646	2.151898734177215	0	4.747474747474747	2.151898734177215	0	4.848484848484849	2.151898734177215	0	4.94949494949495	2.151898734177215	0
					5.050505050505051	2.151898734177215	0	5.151515151515151	2.151898734177215	0	5.252525252525253	2.151898734177215	0	5.353535353535354	2.151898734177215	0
					5.454545454545454	2.151898734177215	0	5.555555555555555	2.151898734177215	0	5.656565656565657	2.151898734177215	0	5.757575757575758	2.151898734177215	0
					5.858585858585858	2.151898734177215	0	5.959595959595959	2.151898734177215	0	6.060606060606061	2.151898734177215	0	6.161616161616161	2.151898734177215	0
					6.262626262626263	2.151898734177215	0	6.363636363636363	2.151898734177215	0	6.464646464646465	2.151898734177215	0	6.565656565656566	2.151898734177215	0
					6.666666666666666	2.151898734177215	0	6.767676767676768	2.151898734177215	0	6.868686868686869	2.151898734177215	0	6.969696969696971	2.151898734177215	0
					7.070707070707071	2.151898734177215	0	7.171717171717171	2.151898734177215	0	7.272727272727273	2.151898734177215	0	7.373737373737374	2.151898734177215	0
					7.474747474747475	2.151898734177215	0	7.575757575757576	2.151898734177215	0	7.676767676767676	2.151898734177215	0	7.777777777777778	2.151898734177215	0
					7.878787878787879	2.151898734177215	0	7.97979797979798	2.151898734177215	0	8.080808080808081	2.151898734177215	0	8.181818181818182	2.151898734177215	0
					8.282828282828284	2.151898734177215	0	8.383838383838384	2.151898734177215	0	8.484848484848484	2.151898734177215	0	8.585858585858585	2.151898734177215	0
					8.686868686868687	2.151898734177215	0	8.787878787878787	2.151898734177215	0	8.888888888888889	2.151898734177215	0	8.98989898989899	2.151898734177215	0
					9.09090909090909	2.151898734177215	0	9.191919191919192	2.151898734177215	0	9.292929292929292	2.151898734177215	0	9.393939393939394	2.151898734177215	0
					9.494949494949495	2.151898734177215	0	9.595959595959595	2.151898734177215	0	9.696969696969697	2.151898734177215	0	9.797979797979798	2.151898734177215	0
					9.8989898989899	2.151898734177215	0	0.101010101010101	2.025316455696203	0	0.202020202020202	2.025316455696203	0	0.303030303030303	2.025316455696203	0
					0.4040404040404041	2.025316455696203	0	0.5050505050505051	2.025316455696203	0	0.6060606060606061	2.025316455696203	0	0.7070707070707071	2.025316455696203	0
					0.8080808080808082	2.025316455696203	0	0.9090909090909092	2.025316455696203	0	1.01010101010101	2.025316455696203	0	1.111111111111111	2.025316455696203	0
					1.212121212121212	2.025316455696203	0	1.313131313131313	2.025316455696203	0	1.414141414141414	2.025316455696203	0	1.515151515151515	2.025316455696203	0
					1.616161616161616	2.025316455696203	0	1.717171717171717	2.025316455696203	0	1.818181818181818	2.025316455696203	0	1.919191919191919	2.025316455696203	0
					2.02020202020202	2.025316455696203	0	2.121212121212121	2.025316455696203	0	2.222222222222222	2.025316455696203	0	2.323232323232323	2.025316455696203	0
					2.424242424242424	2.025316455696203	0	2.525252525252526	2.025316455696203	0	2.626262626262626	2.025316455696203	0	2.727272727272727	2.025316455696203	0
					2.828282828282828	2.025316455696203	0	2.929292929292929	2.025316455696203	0	3.03030303030303	2.025316455696203	0	3.131313131313131	2.025316455696203	0
					3.232323232323233	2.025316455696203	0	3.333333333333333	2.025316455696203	0	3.434343434343434	2.025316455696203	0	3.535353535353535	2.025316455696203	0
					3.636363636363637	2.025316455696203	0	3.737373737373737	2.025316455696203	0	3.838383838383838	2.025316455696203	0	3.939393939393939	2.025316455696203	0
					4.040404040404041	2.025316455696203	0	4.141414141414142	2.025316455696203	0	4.242424242424242	2.025316455696203	0	4.343434343434343	2.025316455696203	0
					4.444444444444445	2.025316455696203	0	4.545454545454545	2.025316455696203	0	4.646464646464646	2.025316455696203	0	4.747474747474747	2.025316455696203	0
					4.848484848484849	2.025316455696203	0	4.94949494949495	2.025316455696203	0	5.050505050505051	2.025316455696203	0	5.151515151515151	2.025316455696203	0
					5.252525252525253	2.025316455696203	0	5.353535353535354	2.025316455696203	0	5.454545454545454	2.025316455696203	0	5.555555555555555	2.025316455696203	0
					5.656565656565657	2.025316455696203	0	5.757575757575758	2.025316455696203	0	5.858585858585858	2.025316455696203	0	5.959595959595959	2.025316455696203	0
					6.060606060606061	2.025316455696203	0	6.161616161616161	2.025316455696203	0	6.262626262626263	2.025316455696203	0	6.363636363636363	2.025316455696203	0
					6.464646464646465	2.025316455696203	0	6.565656565656566	2.025316455696203	0	6.666666666666666	2.025316455696203	0	6.767676767676768	2.025316455696203	0
					6.868686868686869	2.025316455696203	0	6.969696969696971	2.025316455696203	0	7.070707070707071	2.025316455696203	0	7.171717171717171	2.025316455696203	0
					7.272727272727273	2.025316455696203	0	7.373737373737374	2.025316455696203	0	7.474747474747475	2.025316455696203	0	7.575757575757576	2.025316455696203	0
					7.676767676767676	2.025316455696203	0	7.777777777777778	2.025316455696203	0	7.878787878787879	2.025316455696203	0	7.97979797979798	2.025316455696203	0
					8.080808080808081	2.025316455696203	0	8.181818181818182	2.025316455696203	0	8.282828282828284	2.025316455696203	0	8.383838383838384	2.025316455696203	0
					8.484848484848484	2.025316455696203	0	8.585858585858585	2.025316455696203	0	8.686868686868687	2.025316455696203	0	8.787878787878787	2.025316455696203	0
					8.888888888888889	2.025316455696203	0	8.98989898989899	2.025316455696203	0	9.09090909090909	2.025316455696203	0	9.191919191919192	2.025316455696203	0
					9.292929292929292	2.025316455696203	0	9.393939393939394	2.025316455696203	0	9.494949494949495	2.025316455696203	0	9.595959595959595	2.025316455696203	0
					9.696969696969697	2.025316455696203	0	9.797979797979798	2.025316455696203	0	9.8989898989899	2.025316455696203	0	0.101010101010101	1.89873417721519	0
					0.202020202020202	1.89873417721519	0	0.303030303030303	1.89873417721519	0	0.4040404040404041	1.89873417721519	0	0.5050505050505051	1.89873417721519	0
					0.6060606060606061	1.89873417721519	0	0.7070707070707071	1.89873417721519	0	0.8080808080808082	1.89873417721519	0	0.9090909090909092	1.89873417721519	0
					1.01010101010101	1.89873417721519	0	1.111111111111111	1.89873417721519	0	1.212121212121212	1.89873417721519	0	1.313131313131313	1.89873417721519	0
					1.414141414141414	1.89873417721519	0	1.515151515151515	1.89873417721519	0	1.616161616161616	1.89873417721519	0	1.717171717171717	1.89873417721519	0
					1.818181818181818	1.89873417721519	0	1.919191919191919	1.89873417721519	0	2.02020202020202	1.89873417721519	0	2.121212121212121	1.89873417721519	0
					2.222222222222222	1.89873417721519	0	2.323232323232323	1.89873417721519	0	2.424242424242424	1.89873417721519	0	2.525252525252526	1.89873417721519	0
					2.626262626262626	1.89873417721519	0	2.727272727272727	1.89873417721519	0	2.828282828282828	1.89873417721519	0	2.929292929292929	1.89873417721519	0
					3.03030303030303	1.89873417721519	0	3.131313131313131	1.89873417721519	0	3.232323232323233	1.89873417721519	0	3.333333333333333	1.89873417721519	0
					3.434343434343434	1.89873417721519	0	3.535353535353535	1.89873417721519	0	3.636363636363637	1.89873417721519	0	3.737373737373737	1.89873417721519	0
					3.838383838383838	1.89873417721519	0	3.939393939393939	1.89873417721519	0	4.040404040404041	1.89873417721519	0	4.141414141414142	1.89873417721519	0
					4.242424242424242	1.89873417721519	0	4.343434343434343	1.89873417721519	0	4.444444444444445	1.89873417721519	0	4.545454545454545	1.89873417721519	0
					4.646464646464646	1.89873417721519	0	4.747474747474747	1.89873417721519	0	4.848484848484849	1.89873417721519	0	4.94949494949495	1.89873417721519	0
					5.050505050505051	1.89873417721519	0	5.151515151515151	1.89873417721519	0	5.252525252525253	1.89873417721519	0	5.353535353535354	1.89873417721519	0
					5.454545454545454	1.89873417721519	0	5.555555555555555	1.89873417721519	0	5.656565656565657	1.89873417721519	0	5.757575757575758	1.89873417721519	0
					5.858585858585858	1.89873417721519	0	5.959595959595959	1.89873417721519	0	6.060606060606061	1.89873417721519	0	6.161616161616161	1.89873417721519	0
					6.262626262626263	1.89873417721519	0	6.363636363636363	1.89873417721519	0	6.464646464646465	1.89873417721519	0	6.565656565656566	1.89873417721519	0
					6.666666666666666	1.89873417721519	0	6.767676767676768	1.89873417721519	0	6.868686868686869	1.89873417721519	0	6.969696969696971	1.89873417721519	0
					7.070707070707071	1.89873417721519	0	7.171717171717171	1.89873417721519	0	7.272727272727273	1.89873417721519	0	7.373737373737374	1.89873417721519	0
					7.474747474747475	1.89873417721519	0	7.575757575757576	1.89873417721519	0	7.676767676767676	1.89873417721519	0	7.777777777777778	1.89873417721519	0
					7.878787878787879	1.89873417721519	0	7.97979797979798	1.89873417721519	0	8.080808080808081	1.89873417721519	0	8.181818181818182	1.89873417721519	0
					8.282828282828284	1.89873417721519	0	8.383838383838384	1.89873417721519	0	8.484848484848484	1.89873417721519	0	8.585858585858585	1.89873417721519	0
					8.686868686868687	1.89873417721519	0	8.787878787878787	1.89873417721519	0	8.888888888888889	1.89873417721519	0	8.98989898989899	1.89873417721519	0
					9.09090909090909	1.89873417721519	0	9.191919191919192	1.89873417721519	0	9.292929292929292	1.89873417721519	0	9.393939393939394	1.89873417721519	0
					9.494949494949495	1.89873417721519	0	9.595959595959595	1.89873417721519	0	9.696969696969697	1.89873417721519	0	9.797979797979798	1.89873417721519	0
					9.8989898989899	1.89873417721519	0	0.101010101010101	1.772151898734177	0	0.202020202020202	1.772151898734177	0	0.303030303030303	1.772151898734177	0
					0.4040404040404041	1.772151898734177	0	0.5050505050505051	1.772151898734177	0	0.6060606060606061	1.772151898734177	0	0.7070707070707071	1.772151898734177	0
					0.8080808080808082	1.772151898734177	0	0.9090909090909092	1.772151898734177	0	1.01010101010101	1.772151898734177	0	1.111111111111111	1.772151898734177	0
					1.212121212121212	1.772151898734177	0	1.313131313131313	1.772151898734177	0	1.414141414141414	1.772151898734177	0	1.515151515151515	1.772151898734177	0
					1.616161616161616	1.772151898734177	0	1.717171717171717	1.772151898734177	0	1.818181818181818	1.772151898734177	0	1.919191919191919	1.772151898734177	0
					2.02020202020202	1.772151898734177	0	2.121212121212121	1.772151898734177	0	2.222222222222222	1.772151898734177	0	2.323232323232323	1.772151898734177	0
					2.424242424242424	1.772151898734177	0	2.525252525252526	1.772151898734177	0	2.626262626262626	1.772151898734177	0	2.727272727272727	1.772151898734177	0
					2.828282828282828	1.772151898734177	0	2.929292929292929	1.772151898734177	0	3.03030303030303	1.772151898734177	0	3.131313131313131	1.772151898734177	0
					3.232323232323233	1.772151898734177	0	3.333333333333333	1.772151898734177	0	3.434343434343434	1.772151898734177	0	3.535353535353535	1.772151898734177	0
					3.636363636363637	1.772151898734177	0	3.737373737373737	1.772151898734177	0	3.838383838383838	1.772151898734177	0	3.939393939393939	1.772151898734177	0
					4.040404040404041	1.772151898734177	0	4.141414141414142	1.772151898734177	0	4.242424242424242	1.772151898734177	0	4.343434343434343	1.772151898734177	0
					4.444444444444445	1.772151898734177	0	4.545454545454545	1.772151898734177	0	4.646464646464646	1.772151898734177	0	4.747474747474747	1.772151898734177	0
					4.848484848484849	1.772151898734177	0	4.94949494949495	1.772151898734177	0	5.050505050505051	1.772151898734177	0	5.151515151515151	1.772151898734177	0
					5.252525252525253	1.772151898734177	0	5.353535353535354	1.772151898734177	0	5.454545454545454	1.772151898734177	0	5.555555555555555	1.772151898734177	0
					5.656565656565657	1.772151898734177	0	5.757575757575758	1.772151898734177	0	5.858585858585858	1.772151898734177	0	5.959595959595959	1.772151898734177	0
					6.060606060606061	1.772151898734177	0	6.161616161616161	1.772151898734177	0	6.262626262626263	1.772151898734177	0	6.363636363636363	1.772151898734177	0
					6.464646464646465	1.772151898734177	0	6.565656565656566	1.772151898734177	0	6.666666666666666	1.772151898734177	0	6.767676767676768	1.772151898734177	0
					6.868686868686869	1.772151898734177	0	6.969696969696971	1.772151898734177	0	7.070707070707071	1.772151898734177	0	7.171717171717171	1.772151898734177	0
					7.272727272727273	1.772151898734177	0	7.373737373737374	1.772151898734177	0	7.474747474747475	1.772151898734177	0	7.575757575757576	1.772151898734177	0
					7.676767676767676	1.772151898734177	0	7.777777777777778	1.772151898734177	0	7.878787878787879	1.772151898734177	0	7.97979797979798	1.772151898734177	0
					8.080808080808081	1.772151898734177	0	8.181818181818182	1.772151898734177	0	8.282828282828284	1.772151898734177	0	8.383838383838384	1.772151898734177	0
					8.484848484848484	1.772151898734177	0	8.585858585858585	1.772151898734177	0	8.686868686868687	1.772151898734177	0	8.787878787878787	1.772151898734177	0
					8.888888888888889	1.772151898734177	0	8.98989898989899	1.772151898734177	0	9.09090909090909	1.772151898734177	0	9.191919191919192	1.772151898734177	0
					9.292929292929292	1.772151898734177	0	9.393939393939394	1.772151898734177	0	9.494949494949495	1.772151898734177	0	9.595959595959595	1.772151898734177	0
					9.696969696969697	1.772151898734177	0	9.797979797979798	1.772151898734177	0	9.8989898989899	1.772151898734177	0	0.101010101010101	1.645569620253164	0
					0.202020202020202	1.645569620253164	0	0.303030303030303	1.645569620253164	0	0.4040404040404041	1.645569620253164	0	0.5050505050505051	1.645569620253164	0
					0.6060606060606061	1.645569620253164	0	0.7070707070707071	1.645569620253164	0	0.8080808080808082	1.645569620253164	0	0.9090909090909092	1.645569620253164	0
					1.01010101010101	1.645569620253164	0	1.111111111111111	1.645569620253164	0	1.212121212121212	1.645569620253164	0	1.313131313131313	1.645569620253164	0
					1.414141414141414	1.645569620253164	0	1.515151515151515	1.645569620253164	0	1.616161616161616	1.645569620253164	0	1.717171717171717	1.645569620253164	0
					1.818181818181818	1.645569620253164	0	1.919191919191919	1.645569620253164	0	2.02020202020202	1.645569620253164	0	2.121212121212121	1.645569620253164	0
					2.222222222222222	1.645569620253164	0	2.323232323232323	1.645569620253164	0	2.424242424242424	1.645569620253164	0	2.525252525252526	1.645569620253164	0
					2.626262626262626	1.645569620253164	0	2.727272727272727	1.645569620253164	0	2.828282828282828	1.645569620253164	0	2.929292929292929	1.645569620253164	0
					3.03030303030303	1.645569620253164	0	3.131313131313131	1.645569620253164	0	3.232323232323233	1.645569620253164	0	3.333333333333333	1.645569620253164	0
					3.434343434343434	1.645569620253164	0	3.535353535353535	1.645569620253164	0	3.636363636363637	1.645569620253164	0	3.737373737373737	1.645569620253164	0
					3.838383838383838	1.645569620253164	0	3.939393939393939	1.645569620253164	0	4.040404040404041	1.645569620253164	0	4.141414141414142	1.645569620253164	0
					4.242424242424242	1.645569620253164	0	4.343434343434343	1.645569620253164	0	4.444444444444445	1.645569620253164	0	4.545454545454545	1.645569620253164	0
					4.646464646464646	1.645569620253164	0	4.747474747474747	1.645569620253164	0	4.848484848484849	1.645569620253164	0	4.94949494949495	1.645569620253164	0
					5.050505050505051	1.645569620253164	0	5.151515151515151	1.645569620253164	0	5.252525252525253	1.645569620253164	0	5.353535353535354	1.645569620253164	0
					5.454545454545454	1.645569620253164	0	5.555555555555555	1.645569620253164	0	5.656565656565657	1.645569620253164	0	5.757575757575758	1.645569620253164	0
					5.858585858585858	1.645569620253164	0	5.959595959595959	1.645569620253164	0	6.060606060606061	1.645569620253164	0	6.161616161616161	1.645569620253164	0
					6.262626262626263	1.645569620253164	0	6.363636363636363	1.645569620253164	0	6.464646464646465	1.645569620253164	0	6.565656565656566	1.645569620253164	0
					6.666666666666666	1.645569620253164	0	6.767676767676768	1.645569620253164	0	6.868686868686869	1.645569620253164	0	6.969696969696971	1.645569620253164	0
					7.070707070707071	1.645569620253164	0	7.171717171717171	1.645569620253164	0	7.272727272727273	1.645569620253164	0	7.373737373737374	1.645569620253164	0
					7.474747474747475	1.645569620253164	0	7.575757575757576	1.645569620253164	0	7.676767676767676	1.645569620253164	0	7.777777777777778	1.645569620253164	0
					7.878787878787879	1.645569620253164	0	7.97979797979798	1.645569620253164	0	8.080808080808081	1.645569620253164	0	8.181818181818182	1.645569620253164	0
					8.282828282828284	1.645569620253164	0	8.383838383838384	1.645569620253164	0	8.484848484848484	1.645569620253164	0	8.585858585858585	1.645569620253164	0
					8.686868686868687	1.645569620253164	0	8.787878787878787	1.645569620253164	0	8.888888888888889	1.645569620253164	0	8.98989898989899	1.645569620253164	0
					9.09090909090909	1.645569620253164	0	9.191919191919192	1.645569620253164	0	9.292929292929292	1.645569620253164	0	9.393939393939394	1.645569620253164	0
					9.494949494949495	1.645569620253164	0	9.595959595959595	1.645569620253164	0	9.696969696969697	1.645569620253164	0	9.797979797979798	1.645569620253164	0
					9.8989898989899	1.645569620253164	0	0.101010101010101	1.518987341772152	0	0.202020202020202	1.518987341772152	0	0.303030303030303	1.518987341772152	0
					0.4040404040404041	1.518987341772152	0	0.5050505050505051	1.518987341772152	0	0.6060606060606061	1.518987341772152	0	0.7070707070707071	1.518987341772152	0
					0.8080808080808082	1.518987341772152	0	0.9090909090909092	1.518987341772152	0	1.01010101010101	1.518987341772152	0	1.111111111111111	1.518987341772152	0
					1.212121212121212	1.518987341772152	0	1.313131313131313	1.518987341772152	0	1.414141414141414	1.518987341772152	0	1.515151515151515	1.518987341772152	0
					1.616161616161616	1.518987341772152	0	1.717171717171717	1.518987341772152	0	1.818181818181818	1.518987341772152	0	1.919191919191919	1.518987341772152	0
					2.02020202020202	1.518987341772152	0	2.121212121212121	1.518987341772152	0	2.222222222222222	1.518987341772152	0	2.323232323232323	1.518987341772152	0
					2.424242424242424	1.518987341772152	0	2.525252525252526	1.518987341772152	0	2.626262626262626	1.518987341772152	0	2.727272727272727	1.518987341772152	0
					2.828282828282828	1.518987341772152	0	2.929292929292929	1.518987341772152	0	3.03030303030303	1.518987341772152	0	3.131313131313131	1.518987341772152	0
					3.232323232323233	1.518987341772152	0	3.333333333333333	1.518987341772152	0	3.434343434343434	1.518987341772152	0	3.535353535353535	1.518987341772152	0
					3.636363636363637	1.518987341772152	0	3.737373737373737	1.518987341772152	0	3.838383838383838	1.518987341772152	0	3.939393939393939	1.518987341772152	0
					4.040404040404041	1.518987341772152	0	4.141414141414142	1.518987341772152	0	4.242424242424242	1.518987341772152	0	4.343434343434343	1.518987341772152	0
					4.444444444444445	1.518987341772152	0	4.545454545454545	1.518987341772152	0	4.646464646464646	1.518987341772152	0	4.747474747474747	1.518987341772152	0
					4.848484848484849	1.518987341772152	0	4.94949494949495	1.518987341772152	0	5.050505050505051	1.518987341772152	0	5.151515151515151	1.518987341772152	0
					5.252525252525253	1.518987341772152	0	5.353535353535354	1.518987341772152	0	5.454545454545454	1.518987341772152	0	5.555555555555555	1.518987341772152	0
					5.656565656565657	1.518987341772152	0	5.757575757575758	1.518987341772152	0	5.858585858585858	1.518987341772152	0	5.959595959595959	1.518987341772152	0
					6.060606060606061	1.518987341772152	0	6.161616161616161	1.518987341772152	0	6.262626262626263	1.518987341772152	0	6.363636363636363	1.518987341772152	0
					6.464646464646465	1.518987341772152	0	6.565656565656566	1.518987341772152	0	6.666666666666666	1.518987341772152	0	6.767676767676768	1.518987341772152	0
					6.868686868686869	1.518987341772152	0	6.969696969696971	1.518987341772152	0	7.070707070707071	1.518987341772152	0	7.171717171717171	1.518987341772152	0
					7.272727272727273	1.518987341772152	0	7.373737373737374	1.518987341772152	0	7.474747474747475	1.518987341772152	0	7.575757575757576	1.518987341772152	0
					7.676767676767676	1.518987341772152	0	7.777777777777778	1.518987341772152	0	7.878787878787879	1.518987341772152	0	7.97979797979798	1.518987341772152	0
					8.080808080808081	1.518987341772152	0	8.181818181818182	1.518987341772152	0	8.282828282828284	1.518987341772152	0	8.383838383838384	1.518987341772152	0
					8.484848484848484	1.518987341772152	0	8.585858585858585	1.518987341772152	0	8.686868686868687	1.518987341772152	0	8.787878787878787	1.518987341772152	0
					8.888888888888889	1.518987341772152	0	8.98989898989899	1.518987341772152	0	9.09090909090909	1.518987341772152	0	9.191919191919192	1.518987341772152	0
					9.292929292929292	1.518987341772152	0	9.393939393939394	1.518987341772152	0	9.494949494949495	1.518987341772152	0	9.595959595959595	1.518987341772152	0
					9.696969696969697	1.518987341772152	0	9.797979797979798	1.518987341772152	0	9.8989898989899	1.518987341772152	0	0.101010101010101	1.392405063291139	0
					0.202020202020202	1.392405063291139	0	0.303030303030303	1.392405063291139	0	0.4040404040404041	1.392405063291139	0	0.5050505050505051	1.392405063291139	0
					0.6060606060606061	1.392405063291139	0	0.7070707070707071	1.392405063291139	0	0.8080808080808082	1.392405063291139	0	0.9090909090909092	1.392405063291139	0
					1.01010101010101	1.392405063291139	0	1.111111111111111	1.392405063291139	0	1.212121212121212	1.392405063291139	0	1.313131313131313	1.392405063291139	0
					1.414141414141414	1.392405063291139	0	1.515151515151515	1.392405063291139	0	1.616161616161616	1.392405063291139	0	1.717171717171717	1.392405063291139	0
					1.818181818181818	1.392405063291139	0	1.919191919191919	1.392405063291139	0	2.02020202020202	1.392405063291139	0	2.121212121212121	1.392405063291139	0
					2.222222222222222	1.392405063291139	0	2.323232323232323	1.392405063291139	0	2.424242424242424	1.392405063291139	0	2.525252525252526	1.392405063291139	0
					2.626262626262626	1.392405063291139	0	2.727272727272727	1.392405063291139	0	2.828282828282828	1.392405063291139	0	2.929292929292929	1.392405063291139	0
					3.03030303030303	1.392405063291139	0	3.131313131313131	1.392405063291139	0	3.232323232323233	1.392405063291139	0	3.333333333333333	1.392405063291139	0
					3.434343434343434	1.392405063291139	0	3.535353535353535	1.392405063291139	0	3.636363636363637	1.392405063291139	0	3.737373737373737	1.392405063291139	0
					3.838383838383838	1.392405063291139	0	3.939393939393939	1.392405063291139	0	4.040404040404041	1.392405063291139	0	4.141414141414142	1.392405063291139	0
					4.242424242424242	1.392405063291139	0	4.343434343434343	1.392405063291139	0	4.444444444444445	1.392405063291139	0	4.545454545454545	1.392405063291139	0
					4.646464646464646	1.392405063291139	0	4.747474747474747	1.392405063291139	0	4.848484848484849	1.392405063291139	0	4.94949494949495	1.392405063291139	0
					5.050505050505051	1.392405063291139	0	5.151515151515151	1.392405063291139	0	5.252525252525253	1.392405063291139	0	5.353535353535354	1.392405063291139	0
					5.454545454545454	1.392405063291139	0	5.555555555555555	1.392405063291139	0	5.656565656565657	1.392405063291139	0	5.757575757575758	1.392405063291139	0
					5.858585858585858	1.392405063291139	0	5.959595959595959	1.392405063291139	0	6.060606060606061	1.392405063291139	0	6.161616161616161	1.392405063291139	0
					6.262626262626263	1.392405063291139	0	6.363636363636363	1.392405063291139	0	6.464646464646465	1.392405063291139	0	6.565656565656566	1.392405063291139	0
					6.666666666666666	1.392405063291139	0	6.767676767676768	1.392405063291139	0	6.868686868686869	1.392405063291139	0	6.969696969696971	1.392405063291139	0
					7.070707070707071	1.392405063291139	0	7.171717171717171	1.392405063291139	0	7.272727272727273	1.392405063291139	0	7.373737373737374	1.392405063291139	0
					7.474747474747475	1.392405063291139	0	7.575757575757576	1.392405063291139	0	7.676767676767676	1.392405063291139	0	7.777777777777778	1.392405063291139	0
					7.878787878787879	1.392405063291139	0	7.97979797979798	1.392405063291139	0	8.080808080808081	1.392405063291139	0	8.181818181818182	1.392405063291139	0
					8.282828282828284	1.392405063291139	0	8.383838383838384	1.392405063291139	0	8.484848484848484	1.392405063291139	0	8.585858585858585	1.392405063291139	0
					8.686868686868687	1.392405063291139	0	8.787878787878787	1.392405063291139	0	8.888888888888889	1.392405063291139	0	8.98989898989899	1.392405063291139	0
					9.09090909090909	1.392405063291139	0	9.191919191919192	1.392405063291139	0	9.292929292929292	1.392405063291139	0	9.393939393939394	1.392405063291139	0
					9.494949494949495	1.392405063291139	0	9.595959595959595	1.392405063291139	0	9.696969696969697	1.392405063291139	0	9.797979797979798	1.392405063291139	0
					9.8989898989899	1.392405063291139	0	0.101010101010101	1.265822784810127	0	0.202020202020202	1.265822784810127	0	0.303030303030303	1.265822784810127	0
					0.4040404040404041	1.265822784810127	0	0.5050505050505051	1.265822784810127	0	0.6060606060606061	1.265822784810127	0	0.7070707070707071	1.265822784810127	0
					0.8080808080808082	1.265822784810127	0	0.9090909090909092	1.265822784810127	0	1.01010101010101	1.265822784810127	0	1.111111111111111	1.265822784810127	0
					1.212121212121212	1.265822784810127	0	1.313131313131313	1.265822784810127	0	1.414141414141414	1.265822784810127	0	1.515151515151515	1.265822784810127	0
					1.616161616161616	1.265822784810127	0	1.717171717171717	1.265822784810127	0	1.818181818181818	1.265822784810127	0	1.919191919191919	1.265822784810127	0
					2.02020202020202	1.265822784810127	0	2.121212121212121	1.265822784810127	0	2.222222222222222	1.265822784810127	0	2.323232323232323	1.265822784810127	0
					2.424242424242424	1.265822784810127	0	2.525252525252526	1.265822784810127	0	2.626262626262626	1.265822784810127	0	2.727272727272727	1.265822784810127	0
					2.828282828282828	1.265822784810127	0	2.929292929292929	1.265822784810127	0	3.03030303030303	1.265822784810127	0	3.131313131313131	1.265822784810127	0
					3.232323232323233	1.265822784810127	0	3.333333333333333	1.265822784810127	0	3.434343434343434	1.265822784810127	0	3.535353535353535	1.265822784810127	0
					3.636363636363637	1.265822784810127	0	3.737373737373737	1.265822784810127	0	3.838383838383838	1.265822784810127	0	3.939393939393939	1.265822784810127	0
					4.040404040404041	1.265822784810127	0	4.141414141414142	1.265822784810127	0	4.242424242424242	1.265822784810127	0	4.343434343434343	1.265822784810127	0
					4.444444444444445	1.265822784810127	0	4.545454545454545	1.265822784810127	0	4.646464646464646	1.265822784810127	0	4.747474747474747	1.265822784810127	0
					4.848484848484849	1.265822784810127	0	4.94949494949495	1.265822784810127	0	5.050505050505051	1.265822784810127	0	5.151515151515151	1.265822784810127	0
					5.252525252525253	1.265822784810127	0	5.353535353535354	1.265822784810127	0	5.454545454545454	1.265822784810127	0	5.555555555555555	1.265822784810127	0
					5.656565656565657	1.265822784810127	0	5.757575757575758	1.265822784810127	0	5.858585858585858	1.265822784810127	0	5.959595959595959	1.265822784810127	0
					6.060606060606061	1.265822784810127	0	6.161616161616161	1.265822784810127	0	6.262626262626263	1.265822784810127	0	6.363636363636363	1.265822784810127	0
					6.464646464646465	1.265822784810127	0	6.565656565656566	1.265822784810127	0	6.666666666666666	1.265822784810127	0	6.767676767676768	1.265822784810127	0
					6.868686868686869	1.265822784810127	0	6.969696969696971	1.265822784810127	0	7.070707070707071	1.265822784810127	0	7.171717171717171	1.265822784810127	0
					7.272727272727273	1.265822784810127	0	7.373737373737374	1.265822784810127	0	7.474747474747475	1.265822784810127	0	7.575757575757576	1.265822784810127	0
					7.676767676767676	1.265822784810127	0	7.777777777777778	1.265822784810127	0	7.878787878787879	1.265822784810127	0	7.97979797979798	1.265822784810127	0
					8.080808080808081	1.265822784810127	0	8.181818181818182	1.265822784810127	0	8.282828282828284	1.265822784810127	0	8.383838383838384	1.265822784810127	0
					8.484848484848484	1.265822784810127	0	8.585858585858585	1.265822784810127	0	8.686868686868687	1.265822784810127	0	8.787878787878787	1.265822784810127	0
					8.888888888888889	1.265822784810127	0	8.98989898989899	1.265822784810127	0	9.09090909090909	1.265822784810127	0	9.191919191919192	1.265822784810127	0
					9.292929292929292	1.265822784810127	0	9.393939393939394	1.265822784810127	0	9.494949494949495	1.265822784810127	0	9.595959595959595	1.265822784810127	0
					9.696969696969697	1.265822784810127	0	9.797979797979798	1.265822784810127	0	9.8989898989899	1.265822784810127	0	0.101010101010101	1.139240506329114	0
					0.202020202020202	1.139240506329114	0	0.303030303030303	1.139240506329114	0	0.4040404040404041	1.139240506329114	0	0.5050505050505051	1.139240506329114	0
					0.6060606060606061	1.139240506329114	0	0.7070707070707071	1.139240506329114	0	0.8080808080808082	1.139240506329114	0	0.9090909090909092	1.139240506329114	0
					1.01010101010101	1.139240506329114	0	1.111111111111111	1.139240506329114	0	1.212121212121212	1.139240506329114	0	1.313131313131313	1.139240506329114	0
					1.414141414141414	1.139240506329114	0	1.515151515151515	1.139240506329114	0	1.616161616161616	1.139240506329114	0	1.717171717171717	1.139240506329114	0
					1.818181818181818	1.139240506329114	0	1.919191919191919	1.139240506329114	0	2.02020202020202	1.139240506329114	0	2.121212121212121	1.139240506329114	0
					2.222222222222222	1.139240506329114	0	2.323232323232323	1.139240506329114	0	2.424242424242424	1.139240506329114	0	2.525252525252526	1.139240506329114	0
					2.626262626262626	1.139240506329114	0	2.727272727272727	1.139240506329114	0	2.828282828282828	1.139240506329114	0	2.929292929292929	1.139240506329114	0
					3.03030303030303	1.139240506329114	0	3.131313131313131	1.139240506329114	0	3.232323232323233	1.139240506329114	0	3.333333333333333	1.139240506329114	0
					3.434343434343434	1.139240506329114	0	3.535353535353535	1.139240506329114	0	3.636363636363637	1.139240506329114	0	3.737373737373737	1.139240506329114	0
					3.838383838383838	1.139240506329114	0	3.939393939393939	1.139240506329114	0	4.040404040404041	1.139240506329114	0	4.141414141414142	1.139240506329114	0
					4.242424242424242	1.139240506329114	0	4.343434343434343	1.139240506329114	0	4.444444444444445	1.139240506329114	0	4.545454545454545	1.139240506329114	0
					4.646464646464646	1.139240506329114	0	4.747474747474747	1.139240506329114	0	4.848484848484849	1.139240506329114	0	4.94949494949495	1.139240506329114	0
					5.050505050505051	1.139240506329114	0	5.151515151515151	1.139240506329114	0	5.252525252525253	1.139240506329114	0	5.353535353535354	1.139240506329114	0
					5.454545454545454	1.139240506329114	0	5.555555555555555	1.139240506329114	0	5.656565656565657	1.139240506329114	0	5.757575757575758	1.139240506329114	0
					5.858585858585858	1.139240506329114	0	5.959595959595959	1.139240506329114	0	6.060606060606061	1.139240506329114	0	6.161616161616161	1.139240506329114	0
					6.262626262626263	1.139240506329114	0	6.363636363636363	1.139240506329114	0	6.464646464646465	1.139240506329114	0	6.565656565656566	1.139240506329114	0
					6.666666666666666	1.139240506329114	0	6.767676767676768	1.139240506329114	0	6.868686868686869	1.139240506329114	0	6.969696969696971	1.139240506329114	0
					7.070707070707071	1.139240506329114	0	7.171717171717171	1.139240506329114	0	7.272727272727273	1.139240506329114	0	7.373737373737374	1.139240506329114	0
					7.474747474747475	1.139240506329114	0	7.575757575757576	1.139240506329114	0	7.676767676767676	1.139240506329114	0	7.777777777777778	1.139240506329114	0
					7.878787878787879	1.139240506329114	0	7.97979797979798	1.139240506329114	0	8.080808080808081	1.139240506329114	0	8.181818181818182	1.139240506329114	0
					8.282828282828284	1.139240506329114	0	8.383838383838384	1.139240506329114	0	8.484848484848484	1.139240506329114	0	8.585858585858585	1.139240506329114	0
					8.686868686868687	1.139240506329114	0	8.787878787878787	1.139240506329114	0	8.888888888888889	1.139240506329114	0	8.98989898989899	1.139240506329114	0
					9.09090909090909	1.139240506329114	0	9.191919191919192	1.139240506329114	0	9.292929292929292	1.139240506329114	0	9.393939393939394	1.139240506329114	0
					9.494949494949495	1.139240506329114	0	9.595959595959595	1.139240506329114	0	9.696969696969697	1.139240506329114	0	9.797979797979798	1.139240506329114	0
					9.8989898989899	1.139240506329114	0	0.101010101010101	1.012658227848101	0	0.202020202020202	1.012658227848101	0	0.303030303030303	1.012658227848101	0
					0.4040404040404041	1.012658227848101	0	0.5050505050505051	1.012658227848101	0	0.6060606060606061	1.012658227848101	0	0.7070707070707071	1.012658227848101	0
					0.8080808080808082	1.012658227848101	0	0.9090909090909092	1.012658227848101	0	1.01010101010101	1.012658227848101	0	1.111111111111111	1.012658227848101	0
					1.212121212121212	1.012658227848101	0	1.313131313131313	1.012658227848101	0	1.414141414141414	1.012658227848101	0	1.515151515151515	1.012658227848101	0
					1.616161616161616	1.012658227848101	0	1.717171717171717	1.012658227848101	0	1.818181818181818	1.012658227848101	0	1.919191919191919	1.012658227848101	0
					2.02020202020202	1.012658227848101	0	2.121212121212121	1.012658227848101	0	2.222222222222222	1.012658227848101	0	2.323232323232323	1.012658227848101	0
					2.424242424242424	1.012658227848101	0	2.525252525252526	1.012658227848101	0	2.626262626262626	1.012658227848101	0	2.727272727272727	1.012658227848101	0
					2.828282828282828	1.012658227848101	0	2.929292929292929	1.012658227848101	0	3.03030303030303	1.012658227848101	0	3.131313131313131	1.012658227848101	0
					3.232323232323233	1.012658227848101	0	3.333333333333333	1.012658227848101	0	3.434343434343434	1.012658227848101	0	3.535353535353535	1.012658227848101	0
					3.636363636363637	1.012658227848101	0	3.737373737373737	1.012658227848101	0	3.838383838383838	1.012658227848101	0	3.939393939393939	1.012658227848101	0
					4.040404040404041	1.012658227848101	0	4.141414141414142	1.012658227848101	0	4.242424242424242	1.012658227848101	0	4.343434343434343	1.012658227848101	0
					4.444444444444445	1.012658227848101	0	4.545454545454545	1.012658227848101	0	4.646464646464646	1.012658227848101	0	4.747474747474747	1.012658227848101	0
					4.848484848484849	1.012658227848101	0	4.94949494949495	1.012658227848101	0	5.050505050505051	1.012658227848101	0	5.151515151515151	1.012658227848101	0
					5.252525252525253	1.012658227848101	0	5.353535353535354	1.012658227848101	0	5.454545454545454	1.012658227848101	0	5.555555555555555	1.012658227848101	0
					5.656565656565657	1.012658227848101	0	5.757575757575758	1.012658227848101	0	5.858585858585858	1.012658227848101	0	5.959595959595959	1.012658227848101	0
					6.060606060606061	1.012658227848101	0	6.161616161616161	1.012658227848101	0	6.262626262626263	1.012658227848101	0	6.363636363636363	1.012658227848101	0
					6.464646464646465	1.012658227848101	0	6.565656565656566	1.012658227848101	0	6.666666666666666	1.012658227848101	0	6.767676767676768	1.012658227848101	0
					6.868686868686869	1.012658227848101	0	6.969696969696971	1.012658227848101	0	7.070707070707071	1.012658227848101	0	7.171717171717171	1.012658227848101	0
					7.272727272727273	1.012658227848101	0	7.373737373737374	1.012658227848101	0	7.474747474747475	1.012658227848101	0	7.575757575757576	1.012658227848101	0
					7.676767676767676	1.012658227848101	0	7.777777777777778	1.012658227848101	0	7.878787878787879	1.012658227848101	0	7.97979797979798	1.012658227848101	0
					8.080808080808081	1.012658227848101	0	8.181818181818182	1.012658227848101	0	8.282828282828284	1.012658227848101	0	8.383838383838384	1.012658227848101	0
					8.484848484848484	1.012658227848101	0	8.585858585858585	1.012658227848101	0	8.686868686868687	1.012658227848101	0	8.787878787878787	1.012658227848101	0
					8.888888888888889	1.012658227848101	0	8.98989898989899	1.012658227848101	0	9.09090909090909	1.012658227848101	0	9.191919191919192	1.012658227848101	0
					9.292929292929292	1.012658227848101	0	9.393939393939394	1.012658227848101	0	9.494949494949495	1.012658227848101	0	9.595959595959595	1.012658227848101	0
					9.696969696969697	1.012658227848101	0	9.797979797979798	1.012658227848101	0	9.8989898989899	1.012658227848101	0	0.101010101010101	0.8860759493670887	0
					0.202020202020202	0.8860759493670887	0	0.303030303030303	0.8860759493670887	0	0.4040404040404041	0.8860759493670887	0	0.5050505050505051	0.8860759493670887	0
					0.6060606060606061	0.8860759493670887	0	0.7070707070707071	0.8860759493670887	0	0.8080808080808082	0.8860759493670887	0	0.9090909090909092	0.8860759493670887	0
					1.01010101010101	0.8860759493670887	0	1.111111111111111	0.8860759493670887	0	1.212121212121212	0.8860759493670887	0	1.313131313131313	0.8860759493670887	0
					1.414141414141414	0.8860759493670887	0	1.515151515151515	0.8860759493670887	0	1.616161616161616	0.8860759493670887	0	1.717171717171717	0.8860759493670887	0
					1.818181818181818	0.8860759493670887	0	1.919191919191919	0.8860759493670887	0	2.02020202020202	0.8860759493670887	0	2.121212121212121	0.8860759493670887	0
					2.222222222222222	0.8860759493670887	0	2.323232323232323	0.8860759493670887	0	2.424242424242424	0.8860759493670887	0	2.525252525252526	0.8860759493670887	0
					2.626262626262626	0.8860759493670887	0	2.727272727272727	0.8860759493670887	0	2.828282828282828	0.8860759493670887	0	2.929292929292929	0.8860759493670887	0
					3.03030303030303	0.8860759493670887	0	3.131313131313131	0.8860759493670887	0	3.232323232323233	0.8860759493670887	0	3.333333333333333	0.8860759493670887	0
					3.434343434343434	0.8860759493670887	0	3.535353535353535	0.8860759493670887	0	3.636363636363637	0.8860759493670887	0	3.737373737373737	0.8860759493670887	0
					3.838383838383838	0.8860759493670887	0	3.939393939393939	0.8860759493670887	0	4.040404040404041	0.8860759493670887	0	4.141414141414142	0.8860759493670887	0
					4.242424242424242	0.8860759493670887	0	4.343434343434343	0.8860759493670887	0	4.444444444444445	0.8860759493670887	0	4.545454545454545	0.8860759493670887	0
					4.646464646464646	0.8860759493670887	0	4.747474747474747	0.8860759493670887	0	4.848484848484849	0.8860759493670887	0	4.94949494949495	0.8860759493670887	0
					5.050505050505051	0.8860759493670887	0	5.151515151515151	0.8860759493670887	0	5.252525252525253	0.8860759493670887	0	5.353535353535354	0.8860759493670887	0
					5.454545454545454	0.8860759493670887	0	5.555555555555555	0.8860759493670887	0	5.656565656565657	0.8860759493670887	0	5.757575757575758	0.8860759493670887	0
					5.858585858585858	0.8860759493670887	0	5.959595959595959	0.8860759493670887	0	6.060606060606061	0.8860759493670887	0	6.161616161616161	0.8860759493670887	0
					6.262626262626263	0.8860759493670887	0	6.363636363636363	0.8860759493670887	0	6.464646464646465	0.8860759493670887	0	6.565656565656566	0.8860759493670887	0
					6.666666666666666	0.8860759493670887	0	6.767676767676768	0.8860759493670887	0	6.868686868686869	0.8860759493670887	0	6.969696969696971	0.8860759493670887	0
					7.070707070707071	0.8860759493670887	0	7.171717171717171	0.8860759493670887	0	7.272727272727273	0.8860759493670887	0	7.373737373737374	0.8860759493670887	0
					7.474747474747475	0.8860759493670887	0	7.575757575757576	0.8860759493670887	0	7.676767676767676	0.8860759493670887	0	7.777777777777778	0.8860759493670887	0
					7.878787878787879	0.8860759493670887	0	7.97979797979798	0.8860759493670887	0	8.080808080808081	0.8860759493670887	0	8.181818181818182	0.8860759493670887	0
					8.282828282828284	0.8860759493670887	0	8.383838383838384	0.8860759493670887	0	8.484848484848484	0.8860759493670887	0	8.585858585858585	0.8860759493670887	0
					8.686868686868687	0.8860759493670887	0	8.787878787878787	0.8860759493670887	0	8.888888888888889	0.8860759493670887	0	8.98989898989899	0.8860759493670887	0
					9.09090909090909	0.8860759493670887	0	9.191919191919192	0.8860759493670887	0	9.292929292929292	0.8860759493670887	0	9.393939393939394	0.8860759493670887	0
					9.494949494949495	0.8860759493670887	0	9.595959595959595	0.8860759493670887	0	9.696969696969697	0.8860759493670887	0	9.797979797979798	0.8860759493670887	0
					9.8989898989899	0.8860759493670887	0	0.101010101010101	0.759493670886076	0	0.202020202020202	0.759493670886076	0	0.303030303030303	0.759493670886076	0
					0.4040404040404041	0.759493670886076	0	0.5050505050505051	0.759493670886076	0	0.6060606060606061	0.759493670886076	0	0.7070707070707071	0.759493670886076	0
					0.8080808080808082	0.759493670886076	0	0.9090909090909092	0.759493670886076	0	1.01010101010101	0.759493670886076	0	1.111111111111111	0.759493670886076	0
					1.212121212121212	0.759493670886076	0	1.313131313131313	0.759493670886076	0	1.414141414141414	0.759493670886076	0	1.515151515151515	0.759493670886076	0
					1.616161616161616	0.759493670886076	0	1.717171717171717	0.759493670886076	0	1.818181818181818	0.759493670886076	0	1.919191919191919	0.759493670886076	0
					2.02020202020202	0.759493670886076	0	2.121212121212121	0.759493670886076	0	2.222222222222222	0.759493670886076	0	2.323232323232323	0.759493670886076	0
					2.424242424242424	0.759493670886076	0	2.525252525252526	0.759493670886076	0	2.626262626262626	0.759493670886076	0	2.727272727272727	0.759493670886076	0
					2.828282828282828	0.759493670886076	0	2.929292929292929	0.759493670886076	0	3.03030303030303	0.759493670886076	0	3.131313131313131	0.759493670886076	0
					3.232323232323233	0.759493670886076	0	3.333333333333333	0.759493670886076	0	3.434343434343434	0.759493670886076	0	3.535353535353535	0.759493670886076	0
					3.636363636363637	0.759493670886076	0	3.737373737373737	0.759493670886076	0	3.838383838383838	0.759493670886076	0	3.939393939393939	0.759493670886076	0
					4.040404040404041	0.759493670886076	0	4.141414141414142	0.759493670886076	0	4.242424242424242	0.759493670886076	0	4.343434343434343	0.759493670886076	0
					4.444444444444445	0.759493670886076	0	4.545454545454545	0.759493670886076	0	4.646464646464646	0.759493670886076	0	4.747474747474747	0.759493670886076	0
					4.848484848484849	0.759493670886076	0	4.94949494949495	0.759493670886076	0	5.050505050505051	0.759493670886076	0	5.151515151515151	0.759493670886076	0
					5.252525252525253	0.759493670886076	0	5.353535353535354	0.759493670886076	0	5.454545454545454	0.759493670886076	0	5.555555555555555	0.759493670886076	0
					5.656565656565657	0.759493670886076	0	5.757575757575758	0.759493670886076	0	5.858585858585858	0.759493670886076	0	5.959595959595959	0.759493670886076	0
					6.060606060606061	0.759493670886076	0	6.161616161616161	0.759493670886076	0	6.262626262626263	0.759493670886076	0	6.363636363636363	0.759493670886076	0
					6.464646464646465	0.759493670886076	0	6.565656565656566	0.759493670886076	0	6.666666666666666	0.759493670886076	0	6.767676767676768	0.759493670886076	0
					6.868686868686869	0.759493670886076	0	6.969696969696971	0.759493670886076	0	7.070707070707071	0.759493670886076	0	7.171717171717171	0.759493670886076	0
					7.272727272727273	0.759493670886076	0	7.373737373737374	0.759493670886076	0	7.474747474747475	0.759493670886076	0	7.575757575757576	0.759493670886076	0
					7.676767676767676	0.759493670886076	0	7.777777777777778	0.759493670886076	0	7.878787878787879	0.759493670886076	0	7.97979797979798	0.759493670886076	0
					8.080808080808081	0.759493670886076	0	8.181818181818182	0.759493670886076	0	8.282828282828284	0.759493670886076	0	8.383838383838384	0.759493670886076	0
					8.484848484848484	0.759493670886076	0	8.585858585858585	0.759493670886076	0	8.686868686868687	0.759493670886076	0	8.787878787878787	0.759493670886076	0
					8.888888888888889	0.759493670886076	0	8.98989898989899	0.759493670886076	0	9.09090909090909	0.759493670886076	0	9.191919191919192	0.759493670886076	0
					9.292929292929292	0.759493670886076	0	9.393939393939394	0.759493670886076	0	9.494949494949495	0.759493670886076	0	9.595959595959595	0.759493670886076	0
					9.696969696969697	0.759493670886076	0	9.797979797979798	0.759493670886076	0	9.8989898989899	0.759493670886076	0	0.101010101010101	0.6329113924050633	0
					0.202020202020202	0.6329113924050633	0	0.303030303030303	0.6329113924050633	0	0.4040404040404041	0.6329113924050633	0	0.5050505050505051	0.6329113924050633	0
					0.6060606060606061	0.6329113924050633	0	0.7070707070707071	0.6329113924050633	0	0.8080808080808082	0.6329113924050633	0	0.9090909090909092	0.6329113924050633	0
					1.01010101010101	0.6329113924050633	0	1.111111111111111	0.6329113924050633	0	1.212121212121212	0.6329113924050633	0	1.313131313131313	0.6329113924050633	0
					1.414141414141414	0.6329113924050633	0	1.515151515151515	0.6329113924050633	0	1.616161616161616	0.6329113924050633	0	1.717171717171717	0.6329113924050633	0
					1.818181818181818	0.6329113924050633	0	1.919191919191919	0.6329113924050633	0	2.02020202020202	0.6329113924050633	0	2.121212121212121	0.6329113924050633	0
					2.222222222222222	0.6329113924050633	0	2.323232323232323	0.6329113924050633	0	2.424242424242424	0.6329113924050633	0	2.525252525252526	0.6329113924050633	0
					2.626262626262626	0.6329113924050633	0	2.727272727272727	0.6329113924050633	0	2.828282828282828	0.6329113924050633	0	2.929292929292929	0.6329113924050633	0
					3.03030303030303	0.6329113924050633	0	3.131313131313131	0.6329113924050633	0	3.232323232323233	0.6329113924050633	0	3.333333333333333	0.6329113924050633	0
					3.434343434343434	0.6329113924050633	0	3.535353535353535	0.6329113924050633	0	3.636363636363637	0.6329113924050633	0	3.737373737373737	0.6329113924050633	0
					3.838383838383838	0.6329113924050633	0	3.939393939393939	0.6329113924050633	0	4.040404040404041	0.6329113924050633	0	4.141414141414142	0.6329113924050633	0
					4.242424242424242	0.6329113924050633	0	4.343434343434343	0.6329113924050633	0	4.444444444444445	0.6329113924050633	0	4.545454545454545	0.6329113924050633	0
					4.646464646464646	0.6329113924050633	0	4.747474747474747	0.6329113924050633	0	4.848484848484849	0.6329113924050633	0	4.94949494949495	0.6329113924050633	0
					5.050505050505051	0.6329113924050633	0	5.151515151515151	0.6329113924050633	0	5.252525252525253	0.6329113924050633	0	5.353535353535354	0.6329113924050633	0
					5.454545454545454	0.6329113924050633	0	5.555555555555555	0.6329113924050633	0	5.656565656565657	0.6329113924050633	0	5.757575757575758	0.6329113924050633	0
					5.858585858585858	0.6329113924050633	0	5.959595959595959	0.6329113924050633	0	6.060606060606061	0.6329113924050633	0	6.161616161616161	0.6329113924050633	0
					6.262626262626263	0.6329113924050633	0	6.363636363636363	0.6329113924050633	0	6.464646464646465	0.6329113924050633	0	6.565656565656566	0.6329113924050633	0
					6.666666666666666	0.6329113924050633	0	6.767676767676768	0.6329113924050633	0	6.868686868686869	0.6329113924050633	0	6.969696969696971	0.6329113924050633	0
					7.070707070707071	0.6329113924050633	0	7.171717171717171	0.6329113924050633	0	7.272727272727273	0.6329113924050633	0	7.373737373737374	0.6329113924050633	0
					7.474747474747475	0.6329113924050633	0	7.575757575757576	0.6329113924050633	0	7.676767676767676	0.6329113924050633	0	7.777777777777778	0.6329113924050633	0
					7.878787878787879	0.6329113924050633	0	7.97979797979798	0.6329113924050633	0	8.080808080808081	0.6329113924050633	0	8.181818181818182	0.6329113924050633	0
					8.282828282828284	0.6329113924050633	0	8.383838383838384	0.6329113924050633	0	8.484848484848484	0.6329113924050633	0	8.585858585858585	0.6329113924050633	0
					8.686868686868687	0.6329113924050633	0	8.787878787878787	0.6329113924050633	0	8.888888888888889	0.6329113924050633	0	8.98989898989899	0.6329113924050633	0
					9.09090909090909	0.6329113924050633	0	9.191919191919192	0.6329113924050633	0	9.292929292929292	0.6329113924050633	0	9.393939393939394	0.6329113924050633	0
					9.494949494949495	0.6329113924050633	0	9.595959595959595	0.6329113924050633	0	9.696969696969697	0.6329113924050633	0	9.797979797979798	0.6329113924050633	0
					9.8989898989899	0.6329113924050633	0	0.101010101010101	0.5063291139240507	0	0.202020202020202	0.5063291139240507	0	0.303030303030303	0.5063291139240507	0
					0.4040404040404041	0.5063291139240507	0	0.5050505050505051	0.5063291139240507	0	0.6060606060606061	0.5063291139240507	0	0.7070707070707071	0.5063291139240507	0
					0.8080808080808082	0.5063291139240507	0	0.9090909090909092	0.5063291139240507	0	1.01010101010101	0.5063291139240507	0	1.111111111111111	0.5063291139240507	0
					1.212121212121212	0.5063291139240507	0	1.313131313131313	0.5063291139240507	0	1.414141414141414	0.5063291139240507	0	1.515151515151515	0.5063291139240507	0
					1.616161616161616	0.5063291139240507	0	1.717171717171717	0.5063291139240507	0	1.818181818181818	0.5063291139240507	0	1.919191919191919	0.5063291139240507	0
					2.02020202020202	0.5063291139240507	0	2.121212121212121	0.5063291139240507	0	2.222222222222222	0.5063291139240507	0	2.323232323232323	0.5063291139240507	0
					2.424242424242424	0.5063291139240507	0	2.525252525252526	0.5063291139240507	0	2.626262626262626	0.5063291139240507	0	2.727272727272727	0.5063291139240507	0
					2.828282828282828	0.5063291139240507	0	2.929292929292929	0.5063291139240507	0	3.03030303030303	0.5063291139240507	0	3.131313131313131	0.5063291139240507	0
					3.232323232323233	0.5063291139240507	0	3.333333333333333	0.5063291139240507	0	3.434343434343434	0.5063291139240507	0	3.535353535353535	0.5063291139240507	0
					3.636363636363637	0.5063291139240507	0	3.737373737373737	0.5063291139240507	0	3.838383838383838	0.5063291139240507	0	3.939393939393939	0.5063291139240507	0
					4.040404040404041	0.5063291139240507	0	4.141414141414142	0.5063291139240507	0	4.242424242424242	0.5063291139240507	0	4.343434343434343	0.5063291139240507	0
					4.444444444444445	0.5063291139240507	0	4.545454545454545	0.5063291139240507	0	4.646464646464646	0.5063291139240507	0	4.747474747474747	0.5063291139240507	0
					4.848484848484849	0.5063291139240507	0	4.94949494949495	0.5063291139240507	0	5.050505050505051	0.5063291139240507	0	5.151515151515151	0.5063291139240507	0
					5.252525252525253	0.5063291139240507	0	5.353535353535354	0.5063291139240507	0	5.454545454545454	0.5063291139240507	0	5.555555555555555	0.5063291139240507	0
					5.656565656565657	0.5063291139240507	0	5.757575757575758	0.5063291139240507	0	5.858585858585858	0.5063291139240507	0	5.959595959595959	0.5063291139240507	0
					6.060606060606061	0.5063291139240507	0	6.161616161616161	0.5063291139240507	0	6.262626262626263	0.5063291139240507	0	6.363636363636363	0.5063291139240507	0
					6.464646464646465	0.5063291139240507	0	6.565656565656566	0.5063291139240507	0	6.666666666666666	0.5063291139240507	0	6.767676767676768	0.5063291139240507	0
					6.868686868686869	0.5063291139240507	0	6.969696969696971	0.5063291139240507	0	7.070707070707071	0.5063291139240507	0	7.171717171717171	0.5063291139240507	0
					7.272727272727273	0.5063291139240507	0	7.373737373737374	0.5063291139240507	0	7.474747474747475	0.5063291139240507	0	7.575757575757576	0.5063291139240507	0
					7.676767676767676	0.5063291139240507	0	7.777777777777778	0.5063291139240507	0	7.878787878787879	0.5063291139240507	0	7.97979797979798	0.5063291139240507	0
					8.080808080808081	0.5063291139240507	0	8.181818181818182	0.5063291139240507	0	8.282828282828284	0.5063291139240507	0	8.383838383838384	0.5063291139240507	0
					8.484848484848484	0.5063291139240507	0	8.585858585858585	0.5063291139240507	0	8.686868686868687	0.5063291139240507	0	8.787878787878787	0.5063291139240507	0
					8.888888888888889	0.5063291139240507	0	8.98989898989899	0.5063291139240507	0	9.09090909090909	0.5063291139240507	0	9.191919191919192	0.5063291139240507	0
					9.292929292929292	0.5063291139240507	0	9.393939393939394	0.5063291139240507	0	9.494949494949495	0.5063291139240507	0	9.595959595959595	0.5063291139240507	0
					9.696969696969697	0.5063291139240507	0	9.797979797979798	0.5063291139240507	0	9.8989898989899	0.5063291139240507	0	0.101010101010101	0.379746835443038	0
					0.202020202020202	0.379746835443038	0	0.303030303030303	0.379746835443038	0	0.4040404040404041	0.379746835443038	0	0.5050505050505051	0.379746835443038	0
					0.6060606060606061	0.379746835443038	0	0.7070707070707071	0.379746835443038	0	0.8080808080808082	0.379746835443038	0	0.9090909090909092	0.379746835443038	0
					1.01010101010101	0.379746835443038	0	1.111111111111111	0.379746835443038	0	1.212121212121212	0.379746835443038	0	1.313131313131313	0.379746835443038	0
					1.414141414141414	0.379746835443038	0	1.515151515151515	0.379746835443038	0	1.616161616161616	0.379746835443038	0	1.717171717171717	0.379746835443038	0
					1.818181818181818	0.379746835443038	0	1.919191919191919	0.379746835443038	0	2.02020202020202	0.379746835443038	0	2.121212121212121	0.379746835443038	0
					2.222222222222222	0.379746835443038	0	2.323232323232323	0.379746835443038	0	2.424242424242424	0.379746835443038	0	2.525252525252526	0.379746835443038	0
					2.626262626262626	0.379746835443038	0	2.727272727272727	0.379746835443038	0	2.828282828282828	0.379746835443038	0	2.929292929292929	0.379746835443038	0
					3.03030303030303	0.379746835443038	0	3.131313131313131	0.379746835443038	0	3.232323232323233	0.379746835443038	0	3.333333333333333	0.379746835443038	0
					3.434343434343434	0.379746835443038	0	3.535353535353535	0.379746835443038	0	3.636363636363637	0.379746835443038	0	3.737373737373737	0.379746835443038	0
					3.838383838383838	0.379746835443038	0	3.939393939393939	0.379746835443038	0	4.040404040404041	0.379746835443038	0	4.141414141414142	0.379746835443038	0
					4.242424242424242	0.379746835443038	0	4.343434343434343	0.379746835443038	0	4.444444444444445	0.379746835443038	0	4.545454545454545	0.379746835443038	0
					4.646464646464646	0.379746835443038	0	4.747474747474747	0.379746835443038	0	4.848484848484849	0.379746835443038	0	4.94949494949495	0.379746835443038	0
					5.050505050505051	0.379746835443038	0	5.151515151515151	0.379746835443038	0	5.252525252525253	0.379746835443038	0	5.353535353535354	0.379746835443038	0
					5.454545454545454	0.379746835443038	0	5.555555555555555	0.379746835443038	0	5.656565656565657	0.379746835443038	0	5.757575757575758	0.379746835443038	0
					5.858585858585858	0.379746835443038	0	5.959595959595959	0.379746835443038	0	6.060606060606061	0.379746835443038	0	6.161616161616161	0.379746835443038	0
					6.262626262626263	0.379746835443038	0	6.363636363636363	0.379746835443038	0	6.464646464646465	0.379746835443038	0	6.565656565656566	0.379746835443038	0
					6.666666666666666	0.379746835443038	0	6.767676767676768	0.379746835443038	0	6.868686868686869	0.379746835443038	0	6.969696969696971	0.379746835443038	0
					7.070707070707071	0.379746835443038	0	7.171717171717171	0.379746835443038	0	7.272727272727273	0.379746835443038	0	7.373737373737374	0.379746835443038	0
					7.474747474747475	0.379746835443038	0	7.575757575757576	0.379746835443038	0	7.676767676767676	0.379746835443038	0	7.777777777777778	0.379746835443038	0
					7.878787878787879	0.379746835443038	0	7.97979797979798	0.379746835443038	0	8.080808080808081	0.379746835443038	0	8.181818181818182	0.379746835443038	0
					8.282828282828284	0.379746835443038	0	8.383838383838384	0.379746835443038	0	8.484848484848484	0.379746835443038	0	8.585858585858585	0.379746835443038	0
					8.686868686868687	0.379746835443038	0	8.787878787878787	0.379746835443038	0	8.888888888888889	0.379746835443038	0	8.98989898989899	0.379746835443038	0
					9.09090909090909	0.379746835443038	0	9.191919191919192	0.379746835443038	0	9.292929292929292	0.379746835443038	0	9.393939393939394	0.379746835443038	0
					9.494949494949495	0.379746835443038	0	9.595959595959595	0.379746835443038	0	9.696969696969697	0.379746835443038	0	9.797979797979798	0.379746835443038	0
					9.8989898989899	0.379746835443038	0	0.101010101010101	0.2531645569620253	0	0.202020202020202	0.2531645569620253	0	0.303030303030303	0.2531645569620253	0
					0.4040404040404041	0.2531645569620253	0	0.5050505050505051	0.2531645569620253	0	0.6060606060606061	0.2531645569620253	0	0.7070707070707071	0.2531645569620253	0
					0.8080808080808082	0.2531645569620253	0	0.9090909090909092	0.2531645569620253	0	1.01010101010101	0.2531645569620253	0	1.111111111111111	0.2531645569620253	0
					1.212121212121212	0.2531645569620253	0	1.313131313131313	0.2531645569620253	0	1.414141414141414	0.2531645569620253	0	1.515151515151515	0.2531645569620253	0
					1.616161616161616	0.2531645569620253	0	1.717171717171717	0.2531645569620253	0	1.818181818181818	0.2531645569620253	0	1.919191919191919	0.2531645569620253	0
					2.02020202020202	0.2531645569620253	0	2.121212121212121	0.2531645569620253	0	2.222222222222222	0.2531645569620253	0	2.323232323232323	0.2531645569620253	0
					2.424242424242424	0.2531645569620253	0	2.525252525252526	0.2531645569620253	0	2.626262626262626	0.2531645569620253	0	2.727272727272727	0.2531645569620253	0
					2.828282828282828	0.2531645569620253	0	2.929292929292929	0.2531645569620253	0	3.03030303030303	0.2531645569620253	0	3.131313131313131	0.2531645569620253	0
					3.232323232323233	0.2531645569620253	0	3.333333333333333	0.2531645569620253	0	3.434343434343434	0.2531645569620253	0	3.535353535353535	0.2531645569620253	0
					3.636363636363637	0.2531645569620253	0	3.737373737373737	0.2531645569620253	0	3.838383838383838	0.2531645569620253	0	3.939393939393939	0.2531645569620253	0
					4.040404040404041	0.2531645569620253	0	4.141414141414142	0.2531645569620253	0	4.242424242424242	0.2531645569620253	0	4.343434343434343	0.2531645569620253	0
					4.444444444444445	0.2531645569620253	0	4.545454545454545	0.2531645569620253	0	4.646464646464646	0.2531645569620253	0	4.747474747474747	0.2531645569620253	0
					4.848484848484849	0.2531645569620253	0	4.94949494949495	0.2531645569620253	0	5.050505050505051	0.2531645569620253	0	5.151515151515151	0.2531645569620253	0
					5.252525252525253	0.2531645569620253	0	5.353535353535354	0.2531645569620253	0	5.454545454545454	0.2531645569620253	0	5.555555555555555	0.2531645569620253	0
					5.656565656565657	0.2531645569620253	0	5.757575757575758	0.2531645569620253	0	5.858585858585858	0.2531645569620253	0	5.959595959595959	0.2531645569620253	0
					6.060606060606061	0.2531645569620253	0	6.161616161616161	0.2531645569620253	0	6.262626262626263	0.2531645569620253	0	6.363636363636363	0.2531645569620253	0
					6.464646464646465	0.2531645569620253	0	6.565656565656566	0.2531645569620253	0	6.666666666666666	0.2531645569620253	0	6.767676767676768	0.2531645569620253	0
					6.868686868686869	0.2531645569620253	0	6.969696969696971	0.2531645569620253	0	7.070707070707071	0.2531645569620253	0	7.171717171717171	0.2531645569620253	0
					7.272727272727273	0.2531645569620253	0	7.373737373737374	0.2531645569620253	0	7.474747474747475	0.2531645569620253	0	7.575757575757576	0.2531645569620253	0
					7.676767676767676	0.2531645569620253	0	7.777777777777778	0.2531645569620253	0	7.878787878787879	0.2531645569620253	0	7.97979797979798	0.2531645569620253	0
					8.080808080808081	0.2531645569620253	0	8.181818181818182	0.2531645569620253	0	8.282828282828284	0.2531645569620253	0	8.383838383838384	0.2531645569620253	0
					8.484848484848484	0.2531645569620253	0	8.585858585858585	0.2531645569620253	0	8.686868686868687	0.2531645569620253	0	8.787878787878787	0.2531645569620253	0
					8.888888888888889	0.2531645569620253	0	8.98989898989899	0.2531645569620253	0	9.09090909090909	0.2531645569620253	0	9.191919191919192	0.2531645569620253	0
					9.292929292929292	0.2531645569620253	0	9.393939393939394	0.2531645569620253	0	9.494949494949495	0.2531645569620253	0	9.595959595959595	0.2531645569620253	0
					9.696969696969697	0.2531645569620253	0	9.797979797979798	0.2531645569620253	0	9.8989898989899	0.2531645569620253	0	0.101010101010101	0.1265822784810127	0
					0.202020202020202	0.1265822784810127	0	0.303030303030303	0.1265822784810127	0	0.4040404040404041	0.1265822784810127	0	0.5050505050505051	0.1265822784810127	0
					0.6060606060606061	0.1265822784810127	0	0.7070707070707071	0.1265822784810127	0	0.8080808080808082	0.1265822784810127	0	0.9090909090909092	0.1265822784810127	0
					1.01010101010101	0.1265822784810127	0	1.111111111111111	0.1265822784810127	0	1.212121212121212	0.1265822784810127	0	1.313131313131313	0.1265822784810127	0
					1.414141414141414	0.1265822784810127	0	1.515151515151515	0.1265822784810127	0	1.616161616161616	0.1265822784810127	0	1.717171717171717	0.1265822784810127	0
					1.818181818181818	0.1265822784810127	0	1.919191919191919	0.1265822784810127	0	2.02020202020202	0.1265822784810127	0	2.121212121212121	0.1265822784810127	0
					2.222222222222222	0.1265822784810127	0	2.323232323232323	0.1265822784810127	0	2.424242424242424	0.1265822784810127	0	2.525252525252526	0.1265822784810127	0
					2.626262626262626	0.1265822784810127	0	2.727272727272727	0.1265822784810127	0	2.828282828282828	0.1265822784810127	0	2.929292929292929	0.1265822784810127	0
					3.03030303030303	0.1265822784810127	0	3.131313131313131	0.1265822784810127	0	3.232323232323233	0.1265822784810127	0	3.333333333333333	0.1265822784810127	0
					3.434343434343434	0.1265822784810127	0	3.535353535353535	0.1265822784810127	0	3.636363636363637	0.1265822784810127	0	3.737373737373737	0.1265822784810127	0
					3.838383838383838	0.1265822784810127	0	3.939393939393939	0.1265822784810127	0	4.040404040404041	0.1265822784810127	0	4.141414141414142	0.1265822784810127	0
					4.242424242424242	0.1265822784810127	0	4.343434343434343	0.1265822784810127	0	4.444444444444445	0.1265822784810127	0	4.545454545454545	0.1265822784810127	0
					4.646464646464646	0.1265822784810127	0	4.747474747474747	0.1265822784810127	0	4.848484848484849	0.1265822784810127	0	4.94949494949495	0.1265822784810127	0
					5.050505050505051	0.1265822784810127	0	5.151515151515151	0.1265822784810127	0	5.252525252525253	0.1265822784810127	0	5.353535353535354	0.1265822784810127	0
					5.454545454545454	0.1265822784810127	0	5.555555555555555	0.1265822784810127	0	5.656565656565657	0.1265822784810127	0	5.757575757575758	0.1265822784810127	0
					5.858585858585858	0.1265822784810127	0	5.959595959595959	0.1265822784810127	0	6.060606060606061	0.1265822784810127	0	6.161616161616161	0.1265822784810127	0
					6.262626262626263	0.1265822784810127	0	6.363636363636363	0.1265822784810127	0	6.464646464646465	0.1265822784810127	0	6.565656565656566	0.1265822784810127	0
					6.666666666666666	0.1265822784810127	0	6.767676767676768	0.1265822784810127	0	6.868686868686869	0.1265822784810127	0	6.969696969696971	0.1265822784810127	0
					7.070707070707071	0.1265822784810127	0	7.171717171717171	0.1265822784810127	0	7.272727272727273	0.1265822784810127	0	7.373737373737374	0.1265822784810127	0
					7.474747474747475	0.1265822784810127	0	7.575757575757576	0.1265822784810127	0	7.676767676767676	0.1265822784810127	0	7.777777777777778	0.1265822784810127	0
					7.878787878787879	0.1265822784810127	0	7.97979797979798	0.1265822784810127	0	8.080808080808081	0.1265822784810127	0	8.181818181818182	0.1265822784810127	0
					8.282828282828284	0.1265822784810127	0	8.383838383838384	0.1265822784810127	0	8.484848484848484	0.1265822784810127	0	8.585858585858585	0.1265822784810127	0
					8.686868686868687	0.1265822784810127	0	8.787878787878787	0.1265822784810127	0	8.888888888888889	0.1265822784810127	0	8.98989898989899	0.1265822784810127	0
					9.09090909090909	0.1265822784810127	0	9.191919191919192	0.1265822784810127	0	9.292929292929292	0.1265822784810127	0	9.393939393939394	0.1265822784810127	0
					9.494949494949495	0.1265822784810127	0	9.595959595959595	0.1265822784810127	0	9.696969696969697	0.1265822784810127	0	9.797979797979798	0.1265822784810127	0
					9.8989898989899	0.1265822784810127	0	0.8080808080808082	9.873417721518988	0	0.9090909090909092	9.873417721518988	0	1.01010101010101	9.873417721518988	0
					1.111111111111111	9.873417721518988	0	1.212121212121212	9.873417721518988	0	1.313131313131313	9.873417721518988	0	1.414141414141414	9.873417721518988	0
					1.515151515151515	9.873417721518988	0	4.848484848484849	7.468354430379747	0	4.94949494949495	7.468354430379747	0	5.050505050505051	7.468354430379747	0
					5.151515151515151	7.468354430379747	0	5.252525252525253	7.468354430379747	0	5.353535353535354	7.468354430379747	0	5.454545454545454	7.468354430379747	0
					5.555555555555555	7.468354430379747	0	5.656565656565657	7.468354430379747	0	5.757575757575758	7.468354430379747	0	5.858585858585858	7.468354430379747	0
					5.959595959595959	7.468354430379747	0	6.060606060606061	7.468354430379747	0	6.161616161616161	7.468354430379747	0	6.262626262626263	7.468354430379747	0
					6.363636363636363	7.468354430379747	0	6.464646464646465	7.468354430379747	0	6.565656565656566	7.468354430379747	0	6.666666666666666	7.468354430379747	0
					6.767676767676768	7.468354430379747	0	6.868686868686869	7.468354430379747	0	6.969696969696971	7.468354430379747	0	7.070707070707071	7.468354430379747	0
					7.171717171717171	7.468354430379747	0	7.272727272727273	7.468354430379747	0	7.373737373737374	7.468354430379747	0	7.474747474747475	7.468354430379747	0
					7.575757575757576	7.468354430379747	0	7.676767676767676	7.468354430379747	0	7.777777777777778	7.468354430379747	0	7.878787878787879	7.468354430379747	0
					7.97979797979798	7.468354430379747	0	8.080808080808081	7.468354430379747	0	8.181818181818182	7.468354430379747	0	8.282828282828284	7.468354430379747	0
					8.383838383838384	7.468354430379747	0	8.484848484848484	7.468354430379747	0	8.585858585858585	7.468354430379747	0	8.686868686868687	7.468354430379747	0
					8.787878787878787	7.468354430379747	0	8.888888888888889	7.468354430379747	0	8.98989898989899	7.468354430379747	0	9.09090909090909	7.468354430379747	0
					9.191919191919192	7.468354430379747	0	9.292929292929292	7.468354430379747	0	9.393939393939394	7.468354430379747	0	9.494949494949495	7.468354430379747	0
					9.595959595959595	7.468354430379747	0	9.696969696969697	7.468354430379747	0	9.797979797979798	7.468354430379747	0	9.8989898989899	7.468354430379747	0
					0.101010101010101	7.341772151898734	0	0.202020202020202	7.341772151898734	0	0.303030303030303	7.341772151898734	0	0.4040404040404041	7.341772151898734	0
					0.5050505050505051	7.341772151898734	0	0.6060606060606061	7.341772151898734	0	0.7070707070707071	7.341772151898734	0	0.8080808080808082	7.341772151898734	0
					0.9090909090909092	7.341772151898734	0	1.01010101010101	7.341772151898734	0	1.111111111111111	7.341772151898734	0	1.212121212121212	7.341772151898734	0
					1.313131313131313	7.341772151898734	0	1.414141414141414	7.341772151898734	0	1.515151515151515	7.341772151898734	0	1.616161616161616	7.341772151898734	0
					1.717171717171717	7.341772151898734	0	1.818181818181818	7.341772151898734	0	1.919191919191919	7.341772151898734	0	2.02020202020202	7.341772151898734	0
					2.121212121212121	7.341772151898734	0	2.222222222222222	7.341772151898734	0	2.323232323232323	7.341772151898734	0	2.424242424242424	7.341772151898734	0
					2.525252525252526	7.341772151898734	0	2.626262626262626	7.341772151898734	0	2.727272727272727	7.341772151898734	0	2.828282828282828	7.341772151898734	0
					2.929292929292929	7.341772151898734	0	3.03030303030303	7.341772151898734	0	3.131313131313131	7.341772151898734	0	3.232323232323233	7.341772151898734	0
					3.333333333333333	7.341772151898734	0	3.434343434343434	7.341772151898734	0	3.535353535353535	7.341772151898734	0	3.636363636363637	7.341772151898734	0
					3.737373737373737	7.341772151898734	0	3.838383838383838	7.341772151898734	0	3.939393939393939	7.341772151898734	0	4.040404040404041	7.341772151898734	0
					4.141414141414142	7.341772151898734	0	4.242424242424242	7.341772151898734	0	4.343434343434343	7.341772151898734	0	4.444444444444445	7.341772151898734	0
					4.545454545454545	7.341772151898734	0	4.646464646464646	7.341772151898734	0	4.747474747474747	7.341772151898734	0	4.848484848484849	7.341772151898734	0
					4.94949494949495	7.341772151898734	0	5.050505050505051	7.341772151898734	0	5.151515151515151	7.341772151898734	0	5.252525252525253	7.341772151898734	0
					5.353535353535354	7.341772151898734	0	5.454545454545454	7.341772151898734	0	5.555555555555555	7.341772151898734	0	5.656565656565657	7.341772151898734	0
					5.757575757575758	7.341772151898734	0	5.858585858585858	7.341772151898734	0	5.959595959595959	7.341772151898734	0	6.060606060606061	7.341772151898734	0
					6.161616161616161	7.341772151898734	0	6.262626262626263	7.341772151898734	0	6.363636363636363	7.341772151898734	0	6.464646464646465	7.341772151898734	0
					6.565656565656566	7.341772151898734	0	6.666666666666666	7.341772151898734	0	6.767676767676768	7.341772151898734	0	6.868686868686869	7.341772151898734	0
					6.969696969696971	7.341772151898734	0	7.070707070707071	7.341772151898734	0	7.171717171717171	7.341772151898734	0	7.272727272727273	7.341772151898734	0
					7.373737373737374	7.341772151898734	0	7.474747474747475	7.341772151898734	0	7.575757575757576	7.341772151898734	0	7.676767676767676	7.341772151898734	0
					7.777777777777778	7.341772151898734	0	7.878787878787879	7.341772151898734	0	7.97979797979798	7.341772151898734	0	8.080808080808081	7.341772151898734	0
					8.181818181818182	7.341772151898734	0	8.282828282828284	7.341772151898734	0	8.383838383838384	7.341772151898734	0	8.484848484848484	7.341772151898734	0
					8.585858585858585	7.341772151898734	0	8.686868686868687	7.341772151898734	0	8.787878787878787	7.341772151898734	0	8.888888888888889	7.341772151898734	0
					8.98989898989899	7.341772151898734	0	9.09090909090909	7.341772151898734	0	9.191919191919192	7.341772151898734	0	9.292929292929292	7.341772151898734	0
					9.393939393939394	7.341772151898734	0	9.494949494949495	7.341772151898734	0	9.595959595959595	7.341772151898734	0	9.696969696969697	7.341772151898734	0
					9.797979797979798	7.341772151898734	0	9.8989898989899	7.341772151898734	0	0.101010101010101	7.215189873417721	0	0.202020202020202	7.215189873417721	0
					0.303030303030303	7.215189873417721	0	0.4040404040404041	7.215189873417721	0	0.5050505050505051	7.215189873417721	0	0.6060606060606061	7.215189873417721	0
					0.7070707070707071	7.215189873417721	0	0.8080808080808082	7.215189873417721	0	0.9090909090909092	7.215189873417721	0	1.01010101010101	7.215189873417721	0
					1.111111111111111	7.215189873417721	0	1.212121212121212	7.215189873417721	0	1.313131313131313	7.215189873417721	0	1.414141414141414	7.215189873417721	0
					1.515151515151515	7.215189873417721	0	1.616161616161616	7.215189873417721	0	1.717171717171717	7.215189873417721	0	1.818181818181818	7.215189873417721	0
					1.919191919191919	7.215189873417721	0	2.02020202020202	7.215189873417721	0	2.121212121212121	7.215189873417721	0	2.222222222222222	7.215189873417721	0
					2.323232323232323	7.215189873417721	0	2.424242424242424	7.215189873417721	0	2.525252525252526	7.215189873417721	0	2.626262626262626	7.215189873417721	0
					2.727272727272727	7.215189873417721	0	2.828282828282828	7.215189873417721	0	2.929292929292929	7.215189873417721	0	3.03030303030303	7.215189873417721	0
					3.131313131313131	7.215189873417721	0	3.232323232323233	7.215189873417721	0	3.333333333333333	7.215189873417721	0	3.434343434343434	7.215189873417721	0
					3.535353535353535	7.215189873417721	0	3.636363636363637	7.215189873417721	0	3.737373737373737	7.215189873417721	0	3.838383838383838	7.215189873417721	0
					3.939393939393939	7.215189873417721	0	4.040404040404041	7.215189873417721	0	4.141414141414142	7.215189873417721	0	4.242424242424242	7.215189873417721	0
					4.343434343434343	7.215189873417721	0	4.444444444444445	7.215189873417721	0	4.545454545454545	7.215189873417721	0	4.646464646464646	7.215189873417721	0
					4.747474747474747	7.215189873417721	0	4.848484848484849	7.215189873417721	0	4.94949494949495	7.215189873417721	0	5.050505050505051	7.215189873417721	0
					5.151515151515151	7.215189873417721	0	5.252525252525253	7.215189873417721	0	5.353535353535354	7.215189873417721	0	5.454545454545454	7.215189873417721	0
					5.555555555555555	7.215189873417721	0	5.656565656565657	7.215189873417721	0	5.757575757575758	7.215189873417721	0	5.858585858585858	7.215189873417721	0
					5.959595959595959	7.215189873417721	0	6.060606060606061	7.215189873417721	0	6.161616161616161	7.215189873417721	0	6.262626262626263	7.215189873417721	0
					6.363636363636363	7.215189873417721	0	6.464646464646465	7.215189873417721	0	6.565656565656566	7.215189873417721	0	6.666666666666666	7.215189873417721	0
					6.767676767676768	7.215189873417721	0	6.868686868686869	7.215189873417721	0	6.969696969696971	7.215189873417721	0	7.070707070707071	7.215189873417721	0
					7.171717171717171	7.215189873417721	0	7.272727272727273	7.215189873417721	0	7.373737373737374	7.215189873417721	0	7.474747474747475	7.215189873417721	0
					7.575757575757576	7.215189873417721	0	7.676767676767676	7.215189873417721	0	7.777777777777778	7.215189873417721	0	7.878787878787879	7.215189873417721	0
					7.97979797979798	7.215189873417721	0	8.080808080808081	7.215189873417721	0	8.181818181818182	7.215189873417721	0	8.282828282828284	7.215189873417721	0
					8.383838383838384	7.215189873417721	0	8.484848484848484	7.215189873417721	0	8.585858585858585	7.215189873417721	0	8.686868686868687	7.215189873417721	0
					8.787878787878787	7.215189873417721	0	8.888888888888889	7.215189873417721	0	8.98989898989899	7.215189873417721	0	9.09090909090909	7.215189873417721	0
					9.191919191919192	7.215189873417721	0	9.292929292929292	7.215189873417721	0	9.393939393939394	7.215189873417721	0	9.494949494949495	7.215189873417721	0
					9.595959595959595	7.215189873417721	0	9.696969696969697	7.215189873417721	0	9.797979797979798	7.215189873417721	0	9.8989898989899	7.215189873417721	0
					0.101010101010101	7.088607594936709	0	0.202020202020202	7.088607594936709	0	0.303030303030303	7.088607594936709	0	0.4040404040404041	7.088607594936709	0
					0.5050505050505051	7.088607594936709	0	0.6060606060606061	7.088607594936709	0	0.7070707070707071	7.088607594936709	0	0.8080808080808082	7.088607594936709	0
					0.9090909090909092	7.088607594936709	0	1.01010101010101	7.088607594936709	0	1.111111111111111	7.088607594936709	0	1.212121212121212	7.088607594936709	0
					1.313131313131313	7.088607594936709	0	1.414141414141414	7.088607594936709	0	1.515151515151515	7.088607594936709	0	1.616161616161616	7.088607594936709	0
					1.717171717171717	7.088607594936709	0	1.818181818181818	7.088607594936709	0	1.919191919191919	7.088607594936709	0	2.02020202020202	7.088607594936709	0
					2.121212121212121	7.088607594936709	0	2.222222222222222	7.088607594936709	0	2.323232323232323	7.088607594936709	0	2.424242424242424	7.088607594936709	0
					2.525252525252526	7.088607594936709	0	2.626262626262626	7.088607594936709	0	2.727272727272727	7.088607594936709	0	2.828282828282828	7.088607594936709	0
					2.929292929292929	7.088607594936709	0	3.03030303030303	7.088607594936709	0	3.131313131313131	7.088607594936709	0	3.232323232323233	7.088607594936709	0
					3.333333333333333	7.088607594936709	0	3.434343434343434	7.088607594936709	0	3.535353535353535	7.088607594936709	0	3.636363636363637	7.088607594936709	0
					3.737373737373737	7.088607594936709	0	3.838383838383838	7.088607594936709	0	3.939393939393939	7.088607594936709	0	4.040404040404041	7.088607594936709	0
					4.141414141414142	7.088607594936709	0	4.242424242424242	7.088607594936709	0	4.343434343434343	7.088607594936709	0	4.444444444444445	7.088607594936709	0
					4.545454545454545	7.088607594936709	0	4.646464646464646	7.088607594936709	0	4.747474747474747	7.088607594936709	0	4.848484848484849	7.088607594936709	0
					4.94949494949495	7.088607594936709	0	5.050505050505051	7.088607594936709	0	5.151515151515151	7.088607594936709	0	5.252525252525253	7.088607594936709	0
					5.353535353535354	7.088607594936709	0	5.454545454545454	7.088607594936709	0	5.555555555555555	7.088607594936709	0	5.656565656565657	7.088607594936709	0
					5.757575757575758	7.088607594936709	0	5.858585858585858	7.088607594936709	0	5.959595959595959	7.088607594936709	0	6.060606060606061	7.088607594936709	0
					6.161616161616161	7.088607594936709	0	6.262626262626263	7.088607594936709	0	6.363636363636363	7.088607594936709	0	6.464646464646465	7.088607594936709	0
					6.565656565656566	7.088607594936709	0	6.666666666666666	7.088607594936709	0	6.767676767676768	7.088607594936709	0	6.868686868686869	7.088607594936709	0
					6.969696969696971	7.088607594936709	0	7.070707070707071	7.088607594936709	0	7.171717171717171	7.088607594936709	0	7.272727272727273	7.088607594936709	0
					7.373737373737374	7.088607594936709	0	7.474747474747475	7.088607594936709	0	7.575757575757576	7.088607594936709	0	7.676767676767676	7.088607594936709	0
					7.777777777777778	7.088607594936709	0	7.878787878787879	7.088607594936709	0	7.97979797979798	7.088607594936709	0	8.080808080808081	7.088607594936709	0
					8.181818181818182	7.088607594936709	0	8.282828282828284	7.088607594936709	0	8.383838383838384	7.088607594936709	0	8.484848484848484	7.088607594936709	0
					8.585858585858585	7.088607594936709	0	8.686868686868687	7.088607594936709	0	8.787878787878787	7.088607594936709	0	8.888888888888889	7.088607594936709	0
					8.98989898989899	7.088607594936709	0	9.09090909090909	7.088607594936709	0	9.191919191919192	7.088607594936709	0	9.292929292929292	7.088607594936709	0
					9.393939393939394	7.088607594936709	0	9.494949494949495	7.088607594936709	0	9.595959595959595	7.088607594936709	0	9.696969696969697	7.088607594936709	0
					9.797979797979798	7.088607594936709	0	9.8989898989899	7.088607594936709	0	0.101010101010101	6.962025316455697	0	0.202020202020202	6.962025316455697	0
					0.303030303030303	6.962025316455697	0	0.4040404040404041	6.962025316455697	0	0.5050505050505051	6.962025316455697	0	0.6060606060606061	6.962025316455697	0
					0.7070707070707071	6.962025316455697	0	0.8080808080808082	6.962025316455697	0	0.9090909090909092	6.962025316455697	0	1.01010101010101	6.962025316455697	0
					1.111111111111111	6.962025316455697	0	1.212121212121212	6.962025316455697	0	1.313131313131313	6.962025316455697	0	1.414141414141414	6.962025316455697	0
					1.515151515151515	6.962025316455697	0	1.616161616161616	6.962025316455697	0	1.717171717171717	6.962025316455697	0	1.818181818181818	6.962025316455697	0
					1.919191919191919	6.962025316455697	0	2.02020202020202	6.962025316455697	0	2.121212121212121	6.962025316455697	0	2.222222222222222	6.962025316455697	0
					2.323232323232323	6.962025316455697	0	2.424242424242424	6.962025316455697	0	2.525252525252526	6.962025316455697	0	2.626262626262626	6.962025316455697	0
					2.727272727272727	6.962025316455697	0	2.828282828282828	6.962025316455697	0	2.929292929292929	6.962025316455697	0	3.03030303030303	6.962025316455697	0
					3.131313131313131	6.962025316455697	0	3.232323232323233	6.962025316455697	0	3.333333333333333	6.962025316455697	0	3.434343434343434	6.962025316455697	0
					3.535353535353535	6.962025316455697	0	3.636363636363637	6.962025316455697	0	3.737373737373737	6.962025316455697	0	3.838383838383838	6.962025316455697	0
					3.939393939393939	6.962025316455697	0	4.040404040404041	6.962025316455697	0	4.141414141414142	6.962025316455697	0	4.242424242424242	6.962025316455697	0
					4.343434343434343	6.962025316455697	0	4.444444444444445	6.962025316455697	0	4.545454545454545	6.962025316455697	0	4.646464646464646	6.962025316455697	0
					4.747474747474747	6.962025316455697	0	4.848484848484849	6.962025316455697	0	4.94949494949495	6.962025316455697	0	5.050505050505051	6.962025316455697	0
					5.151515151515151	6.962025316455697	0	5.252525252525253	6.962025316455697	0	5.353535353535354	6.962025316455697	0	5.454545454545454	6.962025316455697	0
					5.555555555555555	6.962025316455697	0	5.656565656565657	6.962025316455697	0	5.757575757575758	6.962025316455697	0	5.858585858585858	6.962025316455697	0
					5.959595959595959	6.962025316455697	0	6.060606060606061	6.962025316455697	0	6.161616161616161	6.962025316455697	0	6.262626262626263	6.962025316455697	0
					6.363636363636363	6.962025316455697	0	6.464646464646465	6.962025316455697	0	6.565656565656566	6.962025316455697	0	6.666666666666666	6.962025316455697	0
					6.767676767676768	6.962025316455697	0	6.868686868686869	6.962025316455697	0	6.969696969696971	6.962025316455697	0	7.070707070707071	6.962025316455697	0
					7.171717171717171	6.962025316455697	0	7.272727272727273	6.962025316455697	0	7.373737373737374	6.962025316455697	0	7.474747474747475	6.962025316455697	0
					7.575757575757576	6.962025316455697	0	7.676767676767676	6.962025316455697	0	7.777777777777778	6.962025316455697	0	7.878787878787879	6.962025316455697	0
					7.97979797979798	6.962025316455697	0	8.080808080808081	6.962025316455697	0	8.181818181818182	6.962025316455697	0	8.282828282828284	6.962025316455697	0
					8.383838383838384	6.962025316455697	0	8.484848484848484	6.962025316455697	0	8.585858585858585	6.962025316455697	0	8.686868686868687	6.962025316455697	0
					8.787878787878787	6.962025316455697	0	8.888888888888889	6.962025316455697	0	8.98989898989899	6.962025316455697	0	9.09090909090909	6.962025316455697	0
					9.191919191919192	6.962025316455697	0	9.292929292929292	6.962025316455697	0	9.393939393939394	6.962025316455697	0	9.494949494949495	6.962025316455697	0
					9.595959595959595	6.962025316455697	0	9.696969696969697	6.962025316455697	0	9.797979797979798	6.962025316455697	0	9.8989898989899	6.962025316455697	0
					0.101010101010101	6.835443037974684	0	0.202020202020202	6.835443037974684	0	0.303030303030303	6.835443037974684	0	0.4040404040404041	6.835443037974684	0
					0.5050505050505051	6.835443037974684	0	0.6060606060606061	6.835443037974684	0	0.7070707070707071	6.835443037974684	0	0.8080808080808082	6.835443037974684	0
					0.9090909090909092	6.835443037974684	0	1.01010101010101	6.835443037974684	0	1.111111111111111	6.835443037974684	0	1.212121212121212	6.835443037974684	0
					1.313131313131313	6.835443037974684	0	1.414141414141414	6.835443037974684	0	1.515151515151515	6.835443037974684	0	1.616161616161616	6.835443037974684	0
					1.717171717171717	6.835443037974684	0	1.818181818181818	6.835443037974684	0	1.919191919191919	6.835443037974684	0	2.02020202020202	6.835443037974684	0
					2.121212121212121	6.835443037974684	0	2.222222222222222	6.835443037974684	0	2.323232323232323	6.835443037974684	0	2.424242424242424	6.835443037974684	0
					2.525252525252526	6.835443037974684	0	2.626262626262626	6.835443037974684	0	2.727272727272727	6.835443037974684	0	2.828282828282828	6.835443037974684	0
					2.929292929292929	6.835443037974684	0	3.03030303030303	6.835443037974684	0	3.131313131313131	6.835443037974684	0	3.232323232323233	6.835443037974684	0
					3.333333333333333	6.835443037974684	0	3.434343434343434	6.835443037974684	0	3.535353535353535	6.835443037974684	0	3.636363636363637	6.835443037974684	0
					3.737373737373737	6.835443037974684	0	3.838383838383838	6.835443037974684	0	3.939393939393939	6.835443037974684	0	4.040404040404041	6.835443037974684	0
					4.141414141414142	6.835443037974684	0	4.242424242424242	6.835443037974684	0	4.343434343434343	6.835443037974684	0	4.444444444444445	6.835443037974684	0
					4.545454545454545	6.835443037974684	0	4.646464646464646	6.835443037974684	0	4.747474747474747	6.835443037974684	0	4.848484848484849	6.835443037974684	0
					4.94949494949495	6.835443037974684	0	5.050505050505051	6.835443037974684	0	5.151515151515151	6.835443037974684	0	5.252525252525253	6.835443037974684	0
					5.353535353535354	6.835443037974684	0	5.454545454545454	6.835443037974684	0	5.555555555555555	6.835443037974684	0	5.656565656565657	6.835443037974684	0
					5.757575757575758	6.835443037974684	0	5.858585858585858	6.835443037974684	0	5.959595959595959	6.835443037974684	0	6.060606060606061	6.835443037974684	0
					6.161616161616161	6.835443037974684	0	6.262626262626263	6.835443037974684	0	6.363636363636363	6.835443037974684	0	6.464646464646465	6.835443037974684	0
					6.565656565656566	6.835443037974684	0	6.666666666666666	6.835443037974684	0	6.767676767676768	6.835443037974684	0	6.868686868686869	6.835443037974684	0
					6.969696969696971	6.835443037974684	0	7.070707070707071	6.835443037974684	0	7.171717171717171	6.835443037974684	0	7.272727272727273	6.835443037974684	0
					7.373737373737374	6.835443037974684	0	7.474747474747475	6.835443037974684	0	7.575757575757576	6.835443037974684	0	7.676767676767676	6.835443037974684	0
					7.777777777777778	6.835443037974684	0	7.878787878787879	6.835443037974684	0	7.97979797979798	6.835443037974684	0	8.080808080808081	6.835443037974684	0
					8.181818181818182	6.835443037974684	0	8.282828282828284	6.835443037974684	0	8.383838383838384	6.835443037974684	0	8.484848484848484	6.835443037974684	0
					8.585858585858585	6.835443037974684	0	8.686868686868687	6.835443037974684	0	8.787878787878787	6.835443037974684	0	8.888888888888889	6.835443037974684	0
					8.98989898989899	6.835443037974684	0	9.09090909090909	6.835443037974684	0	9.191919191919192	6.835443037974684	0	9.292929292929292	6.835443037974684	0
					9.393939393939394	6.835443037974684	0	9.494949494949495	6.835443037974684	0	9.595959595959595	6.835443037974684	0	9.696969696969697	6.835443037974684	0
					9.797979797979798	6.835443037974684	0	9.8989898989899	6.835443037974684	0	0.101010101010101	6.708860759493671	0	0.202020202020202	6.708860759493671	0
					0.303030303030303	6.708860759493671	0	0.4040404040404041	6.708860759493671	0	0.5050505050505051	6.708860759493671	0	0.6060606060606061	6.708860759493671	0
					0.7070707070707071	6.708860759493671	0	0.8080808080808082	6.708860759493671	0	0.9090909090909092	6.708860759493671	0	1.01010101010101	6.708860759493671	0
					1.111111111111111	6.708860759493671	0	1.212121212121212	6.708860759493671	0	1.313131313131313	6.708860759493671	0	1.414141414141414	6.708860759493671	0
					1.515151515151515	6.708860759493671	0	1.616161616161616	6.708860759493671	0	1.717171717171717	6.708860759493671	0	1.818181818181818	6.708860759493671	0
					1.919191919191919	6.708860759493671	0	2.02020202020202	6.708860759493671	0	2.121212121212121	6.708860759493671	0	2.222222222222222	6.708860759493671	0
					2.323232323232323	6.708860759493671	0	2.424242424242424	6.708860759493671	0	2.525252525252526	6.708860759493671	0	2.626262626262626	6.708860759493671	0
					2.727272727272727	6.708860759493671	0	2.828282828282828	6.708860759493671	0	2.929292929292929	6.708860759493671	0	3.03030303030303	6.708860759493671	0
					3.131313131313131	6.708860759493671	0	3.232323232323233	6.708860759493671	0	3.333333333333333	6.708860759493671	0	3.434343434343434	6.708860759493671	0
					3.535353535353535	6.708860759493671	0	3.636363636363637	6.708860759493671	0	3.737373737373737	6.708860759493671	0	3.838383838383838	6.708860759493671	0
					3.939393939393939	6.708860759493671	0	4.040404040404041	6.708860759493671	0	4.141414141414142	6.708860759493671	0	4.242424242424242	6.708860759493671	0
					4.343434343434343	6.708860759493671	0	4.444444444444445	6.708860759493671	0	4.545454545454545	6.708860759493671	0	4.646464646464646	6.708860759493671	0
					4.747474747474747	6.708860759493671	0	4.848484848484849	6.708860759493671	0	4.94949494949495	6.708860759493671	0	5.050505050505051	6.708860759493671	0
					5.151515151515151	6.708860759493671	0	5.252525252525253	6.708860759493671	0	5.353535353535354	6.708860759493671	0	5.454545454545454	6.708860759493671	0
					5.555555555555555	6.708860759493671	0	5.656565656565657	6.708860759493671	0	5.757575757575758	6.708860759493671	0	5.858585858585858	6.708860759493671	0
					5.959595959595959	6.708860759493671	0	6.060606060606061	6.708860759493671	0	6.161616161616161	6.708860759493671	0	6.262626262626263	6.708860759493671	0
					6.363636363636363	6.708860759493671	0	6.464646464646465	6.708860759493671	0	6.565656565656566	6.708860759493671	0	6.666666666666666	6.708860759493671	0
					6.767676767676768	6.708860759493671	0	6.868686868686869	6.708860759493671	0	6.969696969696971	6.708860759493671	0	7.070707070707071	6.708860759493671	0
					7.171717171717171	6.708860759493671	0	7.272727272727273	6.708860759493671	0	7.373737373737374	6.708860759493671	0	7.474747474747475	6.708860759493671	0
					7.575757575757576	6.708860759493671	0	7.676767676767676	6.708860759493671	0	7.777777777777778	6.708860759493671	0	7.878787878787879	6.708860759493671	0
					7.97979797979798	6.708860759493671	0	8.080808080808081	6.708860759493671	0	8.181818181818182	6.708860759493671	0	8.282828282828284	6.708860759493671	0
					8.383838383838384	6.708860759493671	0	8.484848484848484	6.708860759493671	0	8.585858585858585	6.708860759493671	0	8.686868686868687	6.708860759493671	0
					8.787878787878787	6.708860759493671	0	8.888888888888889	6.708860759493671	0	8.98989898989899	6.708860759493671	0	9.09090909090909	6.708860759493671	0
					9.191919191919192	6.708860759493671	0	9.292929292929292	6.708860759493671	0	9.393939393939394	6.708860759493671	0	9.494949494949495	6.708860759493671	0
					9.595959595959595	6.708860759493671	0	9.696969696969697	6.708860759493671	0	9.797979797979798	6.708860759493671	0	9.8989898989899	6.708860759493671	0
					0.101010101010101	6.582278481012658	0	0.202020202020202	6.582278481012658	0	0.303030303030303	6.582278481012658	0	0.4040404040404041	6.582278481012658	0
					0.5050505050505051	6.582278481012658	0	0.6060606060606061	6.582278481012658	0	0.7070707070707071	6.582278481012658	0	0.8080808080808082	6.582278481012658	0
					0.9090909090909092	6.582278481012658	0	1.01010101010101	6.582278481012658	0	1.111111111111111	6.582278481012658	0	1.212121212121212	6.582278481012658	0
					1.313131313131313	6.582278481012658	0	1.414141414141414	6.582278481012658	0	1.515151515151515	6.582278481012658	0	1.616161616161616	6.582278481012658	0
					1.717171717171717	6.582278481012658	0	1.818181818181818	6.582278481012658	0	1.919191919191919	6.582278481012658	0	2.02020202020202	6.582278481012658	0
					2.121212121212121	6.582278481012658	0	2.222222222222222	6.582278481012658	0	2.323232323232323	6.582278481012658	0	2.424242424242424	6.582278481012658	0
					2.525252525252526	6.582278481012658	0	2.626262626262626	6.582278481012658	0	2.727272727272727	6.582278481012658	0	2.828282828282828	6.582278481012658	0
					2.929292929292929	6.582278481012658	0	3.03030303030303	6.582278481012658	0	3.131313131313131	6.582278481012658	0	3.232323232323233	6.582278481012658	0
					3.333333333333333	6.582278481012658	0	3.434343434343434	6.582278481012658	0	3.535353535353535	6.582278481012658	0	3.636363636363637	6.582278481012658	0
					3.737373737373737	6.582278481012658	0	3.838383838383838	6.582278481012658	0	3.939393939393939	6.582278481012658	0	4.040404040404041	6.582278481012658	0
					4.141414141414142	6.582278481012658	0	4.242424242424242	6.582278481012658	0	4.343434343434343	6.582278481012658	0	4.444444444444445	6.582278481012658	0
					4.545454545454545	6.582278481012658	0	4.646464646464646	6.582278481012658	0	4.747474747474747	6.582278481012658	0	4.848484848484849	6.582278481012658	0
					4.94949494949495	6.582278481012658	0	5.050505050505051	6.582278481012658	0	5.151515151515151	6.582278481012658	0	5.252525252525253	6.582278481012658	0
					5.353535353535354	6.582278481012658	0	5.454545454545454	6.582278481012658	0	5.555555555555555	6.582278481012658	0	5.656565656565657	6.582278481012658	0
					5.757575757575758	6.582278481012658	0	5.858585858585858	6.582278481012658	0	5.959595959595959	6.582278481012658	0	6.060606060606061	6.582278481012658	0
					6.161616161616161	6.582278481012658	0	6.262626262626263	6.582278481012658	0	6.363636363636363	6.582278481012658	0	6.464646464646465	6.582278481012658	0
					6.565656565656566	6.582278481012658	0	6.666666666666666	6.582278481012658	0	6.767676767676768	6.582278481012658	0	6.868686868686869	6.582278481012658	0
					6.969696969696971	6.582278481012658	0	7.070707070707071	6.582278481012658	0	7.171717171717171	6.582278481012658	0	7.272727272727273	6.582278481012658	0
					7.373737373737374	6.582278481012658	0	7.474747474747475	6.582278481012658	0	7.575757575757576	6.582278481012658	0	7.676767676767676	6.582278481012658	0
					7.777777777777778	6.582278481012658	0	7.878787878787879	6.582278481012658	0	7.97979797979798	6.582278481012658	0	8.080808080808081	6.582278481012658	0
					8.181818181818182	6.582278481012658	0	8.282828282828284	6.582278481012658	0	8.383838383838384	6.582278481012658	0	8.484848484848484	6.582278481012658	0
					8.585858585858585	6.582278481012658	0	8.686868686868687	6.582278481012658	0	8.787878787878787	6.582278481012658	0	8.888888888888889	6.582278481012658	0
					8.98989898989899	6.582278481012658	0	9.09090909090909	6.582278481012658	0	9.191919191919192	6.582278481012658	0	9.292929292929292	6.582278481012658	0
					9.393939393939394	6.582278481012658	0	9.494949494949495	6.582278481012658	0	9.595959595959595	6.582278481012658	0	9.696969696969697	6.582278481012658	0
					9.797979797979798	6.582278481012658	0	9.8989898989899	6.582278481012658	0	0.101010101010101	6.455696202531645	0	0.202020202020202	6.455696202531645	0
					0.303030303030303	6.455696202531645	0	0.4040404040404041	6.455696202531645	0	0.5050505050505051	6.455696202531645	0	0.6060606060606061	6.455696202531645	0
					0.7070707070707071	6.455696202531645	0	0.8080808080808082	6.455696202531645	0	0.9090909090909092	6.455696202531645	0	1.01010101010101	6.455696202531645	0
					1.111111111111111	6.455696202531645	0	1.212121212121212	6.455696202531645	0	1.313131313131313	6.455696202531645	0	1.414141414141414	6.455696202531645	0
					1.515151515151515	6.455696202531645	0	1.616161616161616	6.455696202531645	0	1.717171717171717	6.455696202531645	0	1.818181818181818	6.455696202531645	0
					1.919191919191919	6.455696202531645	0	2.02020202020202	6.455696202531645	0	2.121212121212121	6.455696202531645	0	2.222222222222222	6.455696202531645	0
					2.323232323232323	6.455696202531645	0	2.424242424242424	6.455696202531645	0	2.525252525252526	6.455696202531645	0	2.626262626262626	6.455696202531645	0
					2.727272727272727	6.455696202531645	0	2.828282828282828	6.455696202531645	0	2.929292929292929	6.455696202531645	0	3.03030303030303	6.455696202531645	0
					3.131313131313131	6.455696202531645	0	3.232323232323233	6.455696202531645	0	3.333333333333333	6.455696202531645	0	3.434343434343434	6.455696202531645	0
					3.535353535353535	6.455696202531645	0	3.636363636363637	6.455696202531645	0	3.737373737373737	6.455696202531645	0	3.838383838383838	6.455696202531645	0
					3.939393939393939	6.455696202531645	0	4.040404040404041	6.455696202531645	0	4.141414141414142	6.455696202531645	0	4.242424242424242	6.455696202531645	0
					4.343434343434343	6.455696202531645	0	4.444444444444445	6.455696202531645	0	4.545454545454545	6.455696202531645	0	4.646464646464646	6.455696202531645	0
					4.747474747474747	6.455696202531645	0	4.848484848484849	6.455696202531645	0	4.94949494949495	6.455696202531645	0	5.050505050505051	6.455696202531645	0
					5.151515151515151	6.455696202531645	0	5.252525252525253	6.455696202531645	0	5.353535353535354	6.455696202531645	0	5.454545454545454	6.455696202531645	0
					5.555555555555555	6.455696202531645	0	5.656565656565657	6.455696202531645	0	5.757575757575758	6.455696202531645	0	5.858585858585858	6.455696202531645	0
					5.959595959595959	6.455696202531645	0	6.060606060606061	6.455696202531645	0	6.161616161616161	6.455696202531645	0	6.262626262626263	6.455696202531645	0
					6.363636363636363	6.455696202531645	0	6.464646464646465	6.455696202531645	0	6.565656565656566	6.455696202531645	0	6.666666666666666	6.455696202531645	0
					6.767676767676768	6.455696202531645	0	6.868686868686869	6.455696202531645	0	6.969696969696971	6.455696202531645	0	7.070707070707071	6.455696202531645	0
					7.171717171717171	6.455696202531645	0	7.272727272727273	6.455696202531645	0	7.373737373737374	6.455696202531645	0	7.474747474747475	6.455696202531645	0
					7.575757575757576	6.455696202531645	0	7.676767676767676	6.455696202531645	0	7.777777777777778	6.455696202531645	0	7.878787878787879	6.455696202531645	0
					7.97979797979798	6.455696202531645	0	8.080808080808081	6.455696202531645	0	8.181818181818182	6.455696202531645	0	8.282828282828284	6.455696202531645	0
					8.383838383838384	6.455696202531645	0	8.484848484848484	6.455696202531645	0	8.585858585858585	6.455696202531645	0	8.686868686868687	6.455696202531645	0
					8.787878787878787	6.455696202531645	0	8.888888888888889	6.455696202531645	0	8.98989898989899	6.455696202531645	0	9.09090909090909	6.455696202531645	0
					9.191919191919192	6.455696202531645	0	9.292929292929292	6.455696202531645	0	9.393939393939394	6.455696202531645	0	9.494949494949495	6.455696202531645	0
					9.595959595959595	6.455696202531645	0	9.696969696969697	6.455696202531645	0	9.797979797979798	6.455696202531645	0	9.8989898989899	6.455696202531645	0
					0.101010101010101	6.329113924050633	0	0.202020202020202	6.329113924050633	0	0.303030303030303	6.329113924050633	0	0.4040404040404041	6.329113924050633	0
					0.5050505050505051	6.329113924050633	0	0.6060606060606061	6.329113924050633	0	0.7070707070707071	6.329113924050633	0	0.8080808080808082	6.329113924050633	0
					0.9090909090909092	6.329113924050633	0	1.01010101010101	6.329113924050633	0	1.111111111111111	6.329113924050633	0	1.212121212121212	6.329113924050633	0
					1.313131313131313	6.329113924050633	0	1.414141414141414	6.329113924050633	0	1.515151515151515	6.329113924050633	0	1.616161616161616	6.329113924050633	0
					1.717171717171717	6.329113924050633	0	1.818181818181818	6.329113924050633	0	1.919191919191919	6.329113924050633	0	2.02020202020202	6.329113924050633	0
					2.121212121212121	6.329113924050633	0	2.222222222222222	6.329113924050633	0	2.323232323232323	6.329113924050633	0	2.424242424242424	6.329113924050633	0
					2.525252525252526	6.329113924050633	0	2.626262626262626	6.329113924050633	0	2.727272727272727	6.329113924050633	0	2.828282828282828	6.329113924050633	0
					2.929292929292929	6.329113924050633	0	3.03030303030303	6.329113924050633	0	3.131313131313131	6.329113924050633	0	3.232323232323233	6.329113924050633	0
					3.333333333333333	6.329113924050633	0	3.434343434343434	6.329113924050633	0	3.535353535353535	6.329113924050633	0	3.636363636363637	6.329113924050633	0
					3.737373737373737	6.329113924050633	0	3.838383838383838	6.329113924050633	0	3.939393939393939	6.329113924050633	0	4.040404040404041	6.329113924050633	0
					4.141414141414142	6.329113924050633	0	4.242424242424242	6.329113924050633	0	4.343434343434343	6.329113924050633	0	4.444444444444445	6.329113924050633	0
					4.545454545454545	6.329113924050633	0	4.646464646464646	6.329113924050633	0	4.747474747474747	6.329113924050633	0	4.848484848484849	6.329113924050633	0
					4.94949494949495	6.329113924050633	0	5.050505050505051	6.329113924050633	0	5.151515151515151	6.329113924050633	0	5.252525252525253	6.329113924050633	0
					5.353535353535354	6.329113924050633	0	5.454545454545454	6.329113924050633	0	5.555555555555555	6.329113924050633	0	5.656565656565657	6.329113924050633	0
					5.757575757575758	6.329113924050633	0	5.858585858585858	6.329113924050633	0	5.959595959595959	6.329113924050633	0	6.060606060606061	6.329113924050633	0
					6.161616161616161	6.329113924050633	0	6.262626262626263	6.329113924050633	0	6.363636363636363	6.329113924050633	0	6.464646464646465	6.329113924050633	0
					6.565656565656566	6.329113924050633	0	6.666666666666666	6.329113924050633	0	6.767676767676768	6.329113924050633	0	6.868686868686869	6.329113924050633	0
					6.969696969696971	6.329113924050633	0	7.070707070707071	6.329113924050633	0	7.171717171717171	6.329113924050633	0	7.272727272727273	6.329113924050633	0
					7.373737373737374	6.329113924050633	0	7.474747474747475	6.329113924050633	0	7.575757575757576	6.329113924050633	0	7.676767676767676	6.329113924050633	0
					7.777777777777778	6.329113924050633	0	7.878787878787879	6.329113924050633	0	7.97979797979798	6.329113924050633	0	8.080808080808081	6.329113924050633	0
					8.181818181818182	6.329113924050633	0	8.282828282828284	6.329113924050633	0	8.383838383838384	6.329113924050633	0	8.484848484848484	6.329113924050633	0
					8.585858585858585	6.329113924050633	0	8.686868686868687	6.329113924050633	0	8.787878787878787	6.329113924050633	0	8.888888888888889	6.329113924050633	0
					8.98989898989899	6.329113924050633	0	9.09090909090909	6.329113924050633	0	9.191919191919192	6.329113924050633	0	9.292929292929292	6.329113924050633	0
					9.393939393939394	6.329113924050633	0	9.494949494949495	6.329113924050633	0	9.595959595959595	6.329113924050633	0	9.696969696969697	6.329113924050633	0
					9.797979797979798	6.329113924050633	0	9.8989898989899	6.329113924050633	0	0.101010101010101	6.20253164556962	0	0.202020202020202	6.20253164556962	0
					0.303030303030303	6.20253164556962	0	0.4040404040404041	6.20253164556962	0	0.5050505050505051	6.20253164556962	0	0.6060606060606061	6.20253164556962	0
					0.7070707070707071	6.20253164556962	0	0.8080808080808082	6.20253164556962	0	0.9090909090909092	6.20253164556962	0	1.01010101010101	6.20253164556962	0
					1.111111111111111	6.20253164556962	0	1.212121212121212	6.20253164556962	0	1.313131313131313	6.20253164556962	0	1.414141414141414	6.20253164556962	0
					1.515151515151515	6.20253164556962	0	1.616161616161616	6.20253164556962	0	1.717171717171717	6.20253164556962	0	1.818181818181818	6.20253164556962	0
					1.919191919191919	6.20253164556962	0	2.02020202020202	6.20253164556962	0	2.121212121212121	6.20253164556962	0	2.222222222222222	6.20253164556962	0
					2.323232323232323	6.20253164556962	0	2.424242424242424	6.20253164556962	0	2.525252525252526	6.20253164556962	0	2.626262626262626	6.20253164556962	0
					2.727272727272727	6.20253164556962	0	2.828282828282828	6.20253164556962	0	2.929292929292929	6.20253164556962	0	3.03030303030303	6.20253164556962	0
					3.131313131313131	6.20253164556962	0	3.232323232323233	6.20253164556962	0	3.333333333333333	6.20253164556962	0	3.434343434343434	6.20253164556962	0
					3.535353535353535	6.20253164556962	0	3.636363636363637	6.20253164556962	0	3.737373737373737	6.20253164556962	0	3.838383838383838	6.20253164556962	0
					3.939393939393939	6.20253164556962	0	4.040404040404041	6.20253164556962	0	4.141414141414142	6.20253164556962	0	4.242424242424242	6.20253164556962	0
					4.343434343434343	6.20253164556962	0	4.444444444444445	6.20253164556962	0	4.545454545454545	6.20253164556962	0	4.646464646464646	6.20253164556962	0
					4.747474747474747	6.20253164556962	0	4.848484848484849	6.20253164556962	0	4.94949494949495	6.20253164556962	0	5.050505050505051	6.20253164556962	0
					5.151515151515151	6.20253164556962	0	5.252525252525253	6.20253164556962	0	5.353535353535354	6.20253164556962	0	5.454545454545454	6.20253164556962	0
					5.555555555555555	6.20253164556962	0	5.656565656565657	6.20253164556962	0	5.757575757575758	6.20253164556962	0	5.858585858585858	6.20253164556962	0
					5.959595959595959	6.20253164556962	0	6.060606060606061	6.20253164556962	0	6.161616161616161	6.20253164556962	0	6.262626262626263	6.20253164556962	0
					6.363636363636363	6.20253164556962	0	6.464646464646465	6.20253164556962	0	6.565656565656566	6.20253164556962	0	6.666666666666666	6.20253164556962	0
					6.767676767676768	6.20253164556962	0	6.868686868686869	6.20253164556962	0	6.969696969696971	6.20253164556962	0	7.070707070707071	6.20253164556962	0
					7.171717171717171	6.20253164556962	0	7.272727272727273	6.20253164556962	0	7.373737373737374	6.20253164556962	0	7.474747474747475	6.20253164556962	0
					7.575757575757576	6.20253164556962	0	7.676767676767676	6.20253164556962	0	7.777777777777778	6.20253164556962	0	7.878787878787879	6.20253164556962	0
					7.97979797979798	6.20253164556962	0	8.080808080808081	6.20253164556962	0	8.181818181818182	6.20253164556962	0	8.282828282828284	6.20253164556962	0
					8.383838383838384	6.20253164556962	0	8.484848484848484	6.20253164556962	0	8.585858585858585	6.20253164556962	0	8.686868686868687	6.20253164556962	0
					8.787878787878787	6.20253164556962	0	8.888888888888889	6.20253164556962	0	8.98989898989899	6.20253164556962	0	9.09090909090909	6.20253164556962	0
					9.191919191919192	6.20253164556962	0	9.292929292929292	6.20253164556962	0	9.393939393939394	6.20253164556962	0	9.494949494949495	6.20253164556962	0
					9.595959595959595	6.20253164556962	0	9.696969696969697	6.20253164556962	0	9.797979797979798	6.20253164556962	0	9.8989898989899	6.20253164556962	0
					0.101010101010101	6.075949367088608	0	0.202020202020202	6.075949367088608	0	0.303030303030303	6.075949367088608	0	0.4040404040404041	6.075949367088608	0
					0.5050505050505051	6.075949367088608	0	0.6060606060606061	6.075949367088608	0	0.7070707070707071	6.075949367088608	0	0.8080808080808082	6.075949367088608	0
					0.9090909090909092	6.075949367088608	0	1.01010101010101	6.075949367088608	0	1.111111111111111	6.075949367088608	0	1.212121212121212	6.075949367088608	0
					1.313131313131313	6.075949367088608	0	1.414141414141414	6.075949367088608	0	1.515151515151515	6.075949367088608	0	1.616161616161616	6.075949367088608	0
					1.717171717171717	6.075949367088608	0	1.818181818181818	6.075949367088608	0	1.919191919191919	6.075949367088608	0	2.02020202020202	6.075949367088608	0
					2.121212121212121	6.075949367088608	0	2.222222222222222	6.075949367088608	0	2.323232323232323	6.075949367088608	0	2.424242424242424	6.075949367088608	0
					2.525252525252526	6.075949367088608	0	2.626262626262626	6.075949367088608	0	2.727272727272727	6.075949367088608	0	2.828282828282828	6.075949367088608	0
					2.929292929292929	6.075949367088608	0	3.03030303030303	6.075949367088608	0	3.131313131313131	6.075949367088608	0	3.232323232323233	6.075949367088608	0
					3.333333333333333	6.075949367088608	0	3.434343434343434	6.075949367088608	0	3.535353535353535	6.075949367088608	0	3.636363636363637	6.075949367088608	0
					3.737373737373737	6.075949367088608	0	3.838383838383838	6.075949367088608	0	3.939393939393939	6.075949367088608	0	4.040404040404041	6.075949367088608	0
					4.141414141414142	6.075949367088608	0	4.242424242424242	6.075949367088608	0	4.343434343434343	6.075949367088608	0	4.444444444444445	6.075949367088608	0
					4.545454545454545	6.075949367088608	0	4.646464646464646	6.075949367088608	0	4.747474747474747	6.075949367088608	0	4.848484848484849	6.075949367088608	0
					4.94949494949495	6.075949367088608	0	5.050505050505051	6.075949367088608	0	5.151515151515151	6.075949367088608	0	5.252525252525253	6.075949367088608	0
					5.353535353535354	6.075949367088608	0	5.454545454545454	6.075949367088608	0	5.555555555555555	6.075949367088608	0	5.656565656565657	6.075949367088608	0
					5.757575757575758	6.075949367088608	0	5.858585858585858	6.075949367088608	0	5.959595959595959	6.075949367088608	0	6.060606060606061	6.075949367088608	0
					6.161616161616161	6.075949367088608	0	6.262626262626263	6.075949367088608	0	6.363636363636363	6.075949367088608	0	6.464646464646465	6.075949367088608	0
					6.565656565656566	6.075949367088608	0	6.666666666666666	6.075949367088608	0	6.767676767676768	6.075949367088608	0	6.868686868686869	6.075949367088608	0
					6.969696969696971	6.075949367088608	0	7.070707070707071	6.075949367088608	0	7.171717171717171	6.075949367088608	0	7.272727272727273	6.075949367088608	0
					7.373737373737374	6.075949367088608	0	7.474747474747475	6.075949367088608	0	7.575757575757576	6.075949367088608	0	7.676767676767676	6.075949367088608	0
					7.777777777777778	6.075949367088608	0	7.878787878787879	6.075949367088608	0	7.97979797979798	6.075949367088608	0	8.080808080808081	6.075949367088608	0
					8.181818181818182	6.075949367088608	0	8.282828282828284	6.075949367088608	0	8.383838383838384	6.075949367088608	0	8.484848484848484	6.075949367088608	0
					8.585858585858585	6.075949367088608	0	8.686868686868687	6.075949367088608	0	8.787878787878787	6.075949367088608	0	8.888888888888889	6.075949367088608	0
					8.98989898989899	6.075949367088608	0	9.09090909090909	6.075949367088608	0	9.191919191919192	6.075949367088608	0	9.292929292929292	6.075949367088608	0
					9.393939393939394	6.075949367088608	0	9.494949494949495	6.075949367088608	0	9.595959595959595	6.075949367088608	0	9.696969696969697	6.075949367088608	0
					9.797979797979798	6.075949367088608	0	9.8989898989899	6.075949367088608	0	0.101010101010101	5.949367088607595	0	0.202020202020202	5.949367088607595	0
					0.303030303030303	5.949367088607595	0	0.4040404040404041	5.949367088607595	0	0.5050505050505051	5.949367088607595	0	0.6060606060606061	5.949367088607595	0
					0.7070707070707071	5.949367088607595	0	0.8080808080808082	5.949367088607595	0	0.9090909090909092	5.949367088607595	0	1.01010101010101	5.949367088607595	0
					1.111111111111111	5.949367088607595	0	1.212121212121212	5.949367088607595	0	1.313131313131313	5.949367088607595	0	1.414141414141414	5.949367088607595	0
					1.515151515151515	5.949367088607595	0	1.616161616161616	5.949367088607595	0	1.717171717171717	5.949367088607595	0	1.818181818181818	5.949367088607595	0
					1.919191919191919	5.949367088607595	0	2.02020202020202	5.949367088607595	0	2.121212121212121	5.949367088607595	0	2.222222222222222	5.949367088607595	0
					2.323232323232323	5.949367088607595	0	2.424242424242424	5.949367088607595	0	2.525252525252526	5.949367088607595	0	2.626262626262626	5.949367088607595	0
					2.727272727272727	5.949367088607595	0	2.828282828282828	5.949367088607595	0	2.929292929292929	5.949367088607595	0	3.03030303030303	5.949367088607595	0
					3.131313131313131	5.949367088607595	0	3.232323232323233	5.949367088607595	0	3.333333333333333	5.949367088607595	0	3.434343434343434	5.949367088607595	0
					3.535353535353535	5.949367088607595	0	3.636363636363637	5.949367088607595	0	3.737373737373737	5.949367088607595	0	3.838383838383838	5.949367088607595	0
					3.939393939393939	5.949367088607595	0	4.040404040404041	5.949367088607595	0	4.141414141414142	5.949367088607595	0	4.242424242424242	5.949367088607595	0
					4.343434343434343	5.949367088607595	0	4.444444444444445	5.949367088607595	0	4.545454545454545	5.949367088607595	0	4.646464646464646	5.949367088607595	0
					4.747474747474747	5.949367088607595	0	4.848484848484849	5.949367088607595	0	4.94949494949495	5.949367088607595	0	5.050505050505051	5.949367088607595	0
					5.151515151515151	5.949367088607595	0	5.252525252525253	5.949367088607595	0	5.353535353535354	5.949367088607595	0	5.454545454545454	5.949367088607595	0
					5.555555555555555	5.949367088607595	0	5.656565656565657	5.949367088607595	0	5.757575757575758	5.949367088607595	0	5.858585858585858	5.949367088607595	0
					5.959595959595959	5.949367088607595	0	6.060606060606061	5.949367088607595	0	6.161616161616161	5.949367088607595	0	6.262626262626263	5.949367088607595	0
					6.363636363636363	5.949367088607595	0	6.464646464646465	5.949367088607595	0	6.565656565656566	5.949367088607595	0	6.666666666666666	5.949367088607595	0
					6.767676767676768	5.949367088607595	0	6.868686868686869	5.949367088607595	0	6.969696969696971	5.949367088607595	0	7.070707070707071	5.949367088607595	0
					7.171717171717171	5.949367088607595	0	7.272727272727273	5.949367088607595	0	7.373737373737374	5.949367088607595	0	7.474747474747475	5.949367088607595	0
					7.575757575757576	5.949367088607595	0	7.676767676767676	5.949367088607595	0	7.777777777777778	5.949367088607595	0	7.878787878787879	5.949367088607595	0
					7.97979797979798	5.949367088607595	0	8.080808080808081	5.949367088607595	0	8.181818181818182	5.949367088607595	0	8.282828282828284	5.949367088607595	0
					8.383838383838384	5.949367088607595	0	8.484848484848484	5.949367088607595	0	8.585858585858585	5.949367088607595	0	8.686868686868687	5.949367088607595	0
					8.787878787878787	5.949367088607595	0	8.888888888888889	5.949367088607595	0	8.98989898989899	5.949367088607595	0	9.09090909090909	5.949367088607595	0
					9.191919191919192	5.949367088607595	0	9.292929292929292	5.949367088607595	0	9.393939393939394	5.949367088607595	0	9.494949494949495	5.949367088607595	0
					9.595959595959595	5.949367088607595	0	9.696969696969697	5.949367088607595	0	9.797979797979798	5.949367088607595	0	9.8989898989899	5.949367088607595	0
					0.101010101010101	5.822784810126582	0	0.202020202020202	5.822784810126582	0	0.303030303030303	5.822784810126582	0	0.4040404040404041	5.822784810126582	0
					0.5050505050505051	5.822784810126582	0	0.6060606060606061	5.822784810126582	0	0.7070707070707071	5.822784810126582	0	0.8080808080808082	5.822784810126582	0
					0.9090909090909092	5.822784810126582	0	1.01010101010101	5.822784810126582	0	1.111111111111111	5.822784810126582	0	1.212121212121212	5.822784810126582	0
					1.313131313131313	5.822784810126582	0	1.414141414141414	5.822784810126582	0	1.515151515151515	5.822784810126582	0	1.616161616161616	5.822784810126582	0
					1.717171717171717	5.822784810126582	0	1.818181818181818	5.822784810126582	0	1.919191919191919	5.822784810126582	0	2.02020202020202	5.822784810126582	0
					2.121212121212121	5.822784810126582	0	2.222222222222222	5.822784810126582	0	2.323232323232323	5.822784810126582	0	2.424242424242424	5.822784810126582	0
					2.525252525252526	5.822784810126582	0	2.626262626262626	5.822784810126582	0	2.727272727272727	5.822784810126582	0	2.828282828282828	5.822784810126582	0
					2.929292929292929	5.822784810126582	0	3.03030303030303	5.822784810126582	0	3.131313131313131	5.822784810126582	0	3.232323232323233	5.822784810126582	0
					3.333333333333333	5.822784810126582	0	3.434343434343434	5.822784810126582	0	3.535353535353535	5.822784810126582	0	3.636363636363637	5.822784810126582	0
					3.737373737373737	5.822784810126582	0	3.838383838383838	5.822784810126582	0	3.939393939393939	5.822784810126582	0	4.040404040404041	5.822784810126582	0
					4.141414141414142	5.822784810126582	0	4.242424242424242	5.822784810126582	0	4.343434343434343	5.822784810126582	0	4.444444444444445	5.822784810126582	0
					4.545454545454545	5.822784810126582	0	4.646464646464646	5.822784810126582	0	4.747474747474747	5.822784810126582	0	4.848484848484849	5.822784810126582	0
					4.94949494949495	5.822784810126582	0	5.050505050505051	5.822784810126582	0	5.151515151515151	5.822784810126582	0	5.252525252525253	5.822784810126582	0
					5.353535353535354	5.822784810126582	0	5.454545454545454	5.822784810126582	0	5.555555555555555	5.822784810126582	0	5.656565656565657	5.822784810126582	0
					5.757575757575758	5.822784810126582	0	5.858585858585858	5.822784810126582	0	5.959595959595959	5.822784810126582	0	6.060606060606061	5.822784810126582	0
					6.161616161616161	5.822784810126582	0	6.262626262626263	5.822784810126582	0	6.363636363636363	5.822784810126582	0	6.464646464646465	5.822784810126582	0
					6.565656565656566	5.822784810126582	0	6.666666666666666	5.822784810126582	0	6.767676767676768	5.822784810126582	0	6.868686868686869	5.822784810126582	0
					6.969696969696971	5.822784810126582	0	7.070707070707071	5.822784810126582	0	7.171717171717171	5.822784810126582	0	7.272727272727273	5.822784810126582	0
					7.373737373737374	5.822784810126582	0	7.474747474747475	5.822784810126582	0	7.575757575757576	5.822784810126582	0	7.676767676767676	5.822784810126582	0
					7.777777777777778	5.822784810126582	0	7.878787878787879	5.822784810126582	0	7.97979797979798	5.822784810126582	0	8.080808080808081	5.822784810126582	0
					8.181818181818182	5.822784810126582	0	8.282828282828284	5.822784810126582	0	8.383838383838384	5.822784810126582	0	8.484848484848484	5.822784810126582	0
					8.585858585858585	5.822784810126582	0	8.686868686868687	5.822784810126582	0	8.787878787878787	5.822784810126582	0	8.888888888888889	5.822784810126582	0
					8.98989898989899	5.822784810126582	0	9.09090909090909	5.822784810126582	0	9.191919191919192	5.822784810126582	0	9.292929292929292	5.822784810126582	0
					9.393939393939394	5.822784810126582	0	9.494949494949495	5.822784810126582	0	9.595959595959595	5.822784810126582	0	9.696969696969697	5.822784810126582	0
					9.797979797979798	5.822784810126582	0	9.8989898989899	5.822784810126582	0	0.101010101010101	5.69620253164557	0	0.202020202020202	5.69620253164557	0
					0.303030303030303	5.69620253164557	0	0.4040404040404041	5.69620253164557	0	0.5050505050505051	5.69620253164557	0	0.6060606060606061	5.69620253164557	0
					0.7070707070707071	5.69620253164557	0	0.8080808080808082	5.69620253164557	0	0.9090909090909092	5.69620253164557	0	1.01010101010101	5.69620253164557	0
					1.111111111111111	5.69620253164557	0	1.212121212121212	5.69620253164557	0	1.313131313131313	5.69620253164557	0	1.414141414141414	5.69620253164557	0
					1.515151515151515	5.69620253164557	0	1.616161616161616	5.69620253164557	0	1.717171717171717	5.69620253164557	0	1.818181818181818	5.69620253164557	0
					1.919191919191919	5.69620253164557	0	2.02020202020202	5.69620253164557	0	2.121212121212121	5.69620253164557	0	2.222222222222222	5.69620253164557	0
					2.323232323232323	5.69620253164557	0	2.424242424242424	5.69620253164557	0	2.525252525252526	5.69620253164557	0	2.626262626262626	5.69620253164557	0
					2.727272727272727	5.69620253164557	0	2.828282828282828	5.69620253164557	0	2.929292929292929	5.69620253164557	0	3.03030303030303	5.69620253164557	0
					3.131313131313131	5.69620253164557	0	3.232323232323233	5.69620253164557	0	3.333333333333333	5.69620253164557	0	3.434343434343434	5.69620253164557	0
					3.535353535353535	5.69620253164557	0	3.636363636363637	5.69620253164557	0	3.737373737373737	5.69620253164557	0	3.838383838383838	5.69620253164557	0
					3.939393939393939	5.69620253164557	0	4.040404040404041	5.69620253164557	0	4.141414141414142	5.69620253164557	0	4.242424242424242	5.69620253164557	0
					4.343434343434343	5.69620253164557	0	4.444444444444445	5.69620253164557	0	4.545454545454545	5.69620253164557	0	4.646464646464646	5.69620253164557	0
					4.747474747474747	5.69620253164557	0	4.848484848484849	5.69620253164557	0	4.94949494949495	5.69620253164557	0	5.050505050505051	5.69620253164557	0
					5.151515151515151	5.69620253164557	0	5.252525252525253	5.69620253164557	0	5.353535353535354	5.69620253164557	0	5.454545454545454	5.69620253164557	0
					5.555555555555555	5.69620253164557	0	5.656565656565657	5.69620253164557	0	5.757575757575758	5.69620253164557	0	5.858585858585858	5.69620253164557	0
					5.959595959595959	5.69620253164557	0	6.060606060606061	5.69620253164557	0	6.161616161616161	5.69620253164557	0	6.262626262626263	5.69620253164557	0
					6.363636363636363	5.69620253164557	0	6.464646464646465	5.69620253164557	0	6.565656565656566	5.69620253164557	0	6.666666666666666	5.69620253164557	0
					6.767676767676768	5.69620253164557	0	6.868686868686869	5.69620253164557	0	6.969696969696971	5.69620253164557	0	7.070707070707071	5.69620253164557	0
					7.171717171717171	5.69620253164557	0	7.272727272727273	5.69620253164557	0	7.373737373737374	5.69620253164557	0	7.474747474747475	5.69620253164557	0
					7.575757575757576	5.69620253164557	0	7.676767676767676	5.69620253164557	0	7.777777777777778	5.69620253164557	0	7.878787878787879	5.69620253164557	0
					7.97979797979798	5.69620253164557	0	8.080808080808081	5.69620253164557	0	8.181818181818182	5.69620253164557	0	8.282828282828284	5.69620253164557	0
					8.383838383838384	5.69620253164557	0	8.484848484848484	5.69620253164557	0	8.585858585858585	5.69620253164557	0	8.686868686868687	5.69620253164557	0
					8.787878787878787	5.69620253164557	0	8.888888888888889	5.69620253164557	0	8.98989898989899	5.69620253164557	0	9.09090909090909	5.69620253164557	0
					9.191919191919192	5.69620253164557	0	9.292929292929292	5.69620253164557	0	9.393939393939394	5.69620253164557	0	9.494949494949495	5.69620253164557	0
					9.595959595959595	5.69620253164557	0	9.696969696969697	5.69620253164557	0	9.797979797979798	5.69620253164557	0	9.8989898989899	5.69620253164557	0
					0.101010101010101	5.569620253164556	0	0.202020202020202	5.569620253164556	0	0.303030303030303	5.569620253164556	0	0.4040404040404041	5.569620253164556	0
					0.5050505050505051	5.569620253164556	0	0.6060606060606061	5.569620253164556	0	0.7070707070707071	5.569620253164556	0	0.8080808080808082	5.569620253164556	0
					0.9090909090909092	5.569620253164556	0	1.01010101010101	5.569620253164556	0	1.111111111111111	5.569620253164556	0	1.212121212121212	5.569620253164556	0
					1.313131313131313	5.569620253164556	0	1.414141414141414	5.569620253164556	0	1.515151515151515	5.569620253164556	0	1.616161616161616	5.569620253164556	0
					1.717171717171717	5.569620253164556	0	1.818181818181818	5.569620253164556	0	1.919191919191919	5.569620253164556	0	2.02020202020202	5.569620253164556	0
					2.121212121212121	5.569620253164556	0	2.222222222222222	5.569620253164556	0	2.323232323232323	5.569620253164556	0	2.424242424242424	5.569620253164556	0
					2.525252525252526	5.569620253164556	0	2.626262626262626	5.569620253164556	0	2.727272727272727	5.569620253164556	0	2.828282828282828	5.569620253164556	0
					2.929292929292929	5.569620253164556	0	3.03030303030303	5.569620253164556	0	3.131313131313131	5.569620253164556	0	3.232323232323233	5.569620253164556	0
					3.333333333333333	5.569620253164556	0	3.434343434343434	5.569620253164556	0	3.535353535353535	5.569620253164556	0	3.636363636363637	5.569620253164556	0
					3.737373737373737	5.569620253164556	0	3.838383838383838	5.569620253164556	0	3.939393939393939	5.569620253164556	0	4.040404040404041	5.569620253164556	0
					4.141414141414142	5.569620253164556	0	4.242424242424242	5.569620253164556	0	4.343434343434343	5.569620253164556	0	4.444444444444445	5.569620253164556	0
					4.545454545454545	5.569620253164556	0	4.646464646464646	5.569620253164556	0	4.747474747474747	5.569620253164556	0	4.848484848484849	5.569620253164556	0
					4.94949494949495	5.569620253164556	0	5.050505050505051	5.569620253164556	0	5.151515151515151	5.569620253164556	0	5.252525252525253	5.569620253164556	0
					5.353535353535354	5.569620253164556	0	5.454545454545454	5.569620253164556	0	5.555555555555555	5.569620253164556	0	5.656565656565657	5.569620253164556	0
					5.757575757575758	5.569620253164556	0	5.858585858585858	5.569620253164556	0	5.959595959595959	5.569620253164556	0	6.060606060606061	5.569620253164556	0
					6.161616161616161	5.569620253164556	0	6.262626262626263	5.569620253164556	0	6.363636363636363	5.569620253164556	0	6.464646464646465	5.569620253164556	0
					6.565656565656566	5.569620253164556	0	6.666666666666666	5.569620253164556	0	6.767676767676768	5.569620253164556	0	6.868686868686869	5.569620253164556	0
					6.969696969696971	5.569620253164556	0	7.070707070707071	5.569620253164556	0	7.171717171717171	5.569620253164556	0	7.272727272727273	5.569620253164556	0
					7.373737373737374	5.569620253164556	0	7.474747474747475	5.569620253164556	0	7.575757575757576	5.569620253164556	0	7.676767676767676	5.569620253164556	0
					7.777777777777778	5.569620253164556	0	7.878787878787879	5.569620253164556	0	7.97979797979798	5.569620253164556	0	8.080808080808081	5.569620253164556	0
					8.181818181818182	5.569620253164556	0	8.282828282828284	5.569620253164556	0	8.383838383838384	5.569620253164556	0	8.484848484848484	5.569620253164556	0
					8.585858585858585	5.569620253164556	0	8.686868686868687	5.569620253164556	0	8.787878787878787	5.569620253164556	0	8.888888888888889	5.569620253164556	0
					8.98989898989899	5.569620253164556	0	9.09090909090909	5.569620253164556	0	9.191919191919192	5.569620253164556	0	9.292929292929292	5.569620253164556	0
					9.393939393939394	5.569620253164556	0	9.494949494949495	5.569620253164556	0	9.595959595959595	5.569620253164556	0	9.696969696969697	5.569620253164556	0
					9.797979797979798	5.569620253164556	0	9.8989898989899	5.569620253164556	0	0.101010101010101	5.443037974683545	0	0.202020202020202	5.443037974683545	0
					0.303030303030303	5.443037974683545	0	0.4040404040404041	5.443037974683545	0	0.5050505050505051	5.443037974683545	0	0.6060606060606061	5.443037974683545	0
					0.7070707070707071	5.443037974683545	0	0.8080808080808082	5.443037974683545	0	0.9090909090909092	5.443037974683545	0	1.01010101010101	5.443037974683545	0
					1.111111111111111	5.443037974683545	0	1.212121212121212	5.443037974683545	0	1.313131313131313	5.443037974683545	0	1.414141414141414	5.443037974683545	0
					1.515151515151515	5.443037974683545	0	1.616161616161616	5.443037974683545	0	1.717171717171717	5.443037974683545	0	1.818181818181818	5.443037974683545	0
					1.919191919191919	5.443037974683545	0	2.02020202020202	5.443037974683545	0	2.121212121212121	5.443037974683545	0	2.222222222222222	5.443037974683545	0
					2.323232323232323	5.443037974683545	0	2.424242424242424	5.443037974683545	0	2.525252525252526	5.443037974683545	0	2.626262626262626	5.443037974683545	0
					2.727272727272727	5.443037974683545	0	2.828282828282828	5.443037974683545	0	2.929292929292929	5.443037974683545	0	3.03030303030303	5.443037974683545	0
					3.131313131313131	5.443037974683545	0	3.232323232323233	5.443037974683545	0	3.333333333333333	5.443037974683545	0	3.434343434343434	5.443037974683545	0
					3.535353535353535	5.443037974683545	0	3.636363636363637	5.443037974683545	0	3.737373737373737	5.443037974683545	0	3.838383838383838	5.443037974683545	0
					3.939393939393939	5.443037974683545	0	4.040404040404041	5.443037974683545	0	4.141414141414142	5.443037974683545	0	4.242424242424242	5.443037974683545	0
					4.343434343434343	5.443037974683545	0	4.444444444444445	5.443037974683545	0	4.545454545454545	5.443037974683545	0	4.646464646464646	5.443037974683545	0
					4.747474747474747	5.443037974683545	0	4.848484848484849	5.443037974683545	0	4.94949494949495	5.443037974683545	0	5.050505050505051	5.443037974683545	0
					5.151515151515151	5.443037974683545	0	5.252525252525253	5.443037974683545	0	5.353535353535354	5.443037974683545	0	5.454545454545454	5.443037974683545	0
					5.555555555555555	5.443037974683545	0	5.656565656565657	5.443037974683545	0	5.757575757575758	5.443037974683545	0	5.858585858585858	5.443037974683545	0
					5.959595959595959	5.443037974683545	0	6.060606060606061	5.443037974683545	0	6.161616161616161	5.443037974683545	0	6.262626262626263	5.443037974683545	0
					6.363636363636363	5.443037974683545	0	6.464646464646465	5.443037974683545	0	6.565656565656566	5.443037974683545	0	6.666666666666666	5.443037974683545	0
					6.767676767676768	5.443037974683545	0	6.868686868686869	5.443037974683545	0	6.969696969696971	5.443037974683545	0	7.070707070707071	5.443037974683545	0
					7.171717171717171	5.443037974683545	0	7.272727272727273	5.443037974683545	0	7.373737373737374	5.443037974683545	0	7.474747474747475	5.443037974683545	0
					7.575757575757576	5.443037974683545	0	7.676767676767676	5.443037974683545	0	7.777777777777778	5.443037974683545	0	7.878787878787879	5.443037974683545	0
					7.97979797979798	5.443037974683545	0	8.080808080808081	5.443037974683545	0	8.181818181818182	5.443037974683545	0	8.282828282828284	5.443037974683545	0
					8.383838383838384	5.443037974683545	0	8.484848484848484	5.443037974683545	0	8.585858585858585	5.443037974683545	0	8.686868686868687	5.443037974683545	0
					8.787878787878787	5.443037974683545	0	8.888888888888889	5.443037974683545	0	8.98989898989899	5.443037974683545	0	9.09090909090909	5.443037974683545	0
					9.191919191919192	5.443037974683545	0	9.292929292929292	5.443037974683545	0	9.393939393939394	5.443037974683545	0	9.494949494949495	5.443037974683545	0
					9.595959595959595	5.443037974683545	0	9.696969696969697	5.443037974683545	0	9.797979797979798	5.443037974683545	0	9.8989898989899	5.443037974683545	0
					0.101010101010101	5.316455696202532	0	0.202020202020202	5.316455696202532	0	0.303030303030303	5.316455696202532	0	0.4040404040404041	5.316455696202532	0
					0.5050505050505051	5.316455696202532	0	0.6060606060606061	5.316455696202532	0	0.7070707070707071	5.316455696202532	0	0.8080808080808082	5.316455696202532	0
					0.9090909090909092	5.316455696202532	0	1.01010101010101	5.316455696202532	0	1.111111111111111	5.316455696202532	0	1.212121212121212	5.316455696202532	0
					1.313131313131313	5.316455696202532	0	1.414141414141414	5.316455696202532	0	1.515151515151515	5.316455696202532	0	1.616161616161616	5.316455696202532	0
					1.717171717171717	5.316455696202532	0	1.818181818181818	5.316455696202532	0	1.919191919191919	5.316455696202532	0	2.02020202020202	5.316455696202532	0
					2.121212121212121	5.316455696202532	0	2.222222222222222	5.316455696202532	0	2.323232323232323	5.316455696202532	0	2.424242424242424	5.316455696202532	0
					2.525252525252526	5.316455696202532	0	2.626262626262626	5.316455696202532	0	2.727272727272727	5.316455696202532	0	2.828282828282828	5.316455696202532	0
					2.929292929292929	5.316455696202532	0	3.03030303030303	5.316455696202532	0	3.131313131313131	5.316455696202532	0	3.232323232323233	5.316455696202532	0
					3.333333333333333	5.316455696202532	0	3.434343434343434	5.316455696202532	0	3.535353535353535	5.316455696202532	0	3.636363636363637	5.316455696202532	0
					3.737373737373737	5.316455696202532	0	3.838383838383838	5.316455696202532	0	3.939393939393939	5.316455696202532	0	4.040404040404041	5.316455696202532	0
					4.141414141414142	5.316455696202532	0	4.242424242424242	5.316455696202532	0	4.343434343434343	5.316455696202532	0	4.444444444444445	5.316455696202532	0
					4.545454545454545	5.316455696202532	0	4.646464646464646	5.316455696202532	0	4.747474747474747	5.316455696202532	0	4.848484848484849	5.316455696202532	0
					4.94949494949495	5.316455696202532	0	5.050505050505051	5.316455696202532	0	5.151515151515151	5.316455696202532	0	5.252525252525253	5.316455696202532	0
					5.353535353535354	5.316455696202532	0	5.454545454545454	5.316455696202532	0	5.555555555555555	5.316455696202532	0	5.656565656565657	5.316455696202532	0
					5.757575757575758	5.316455696202532	0	5.858585858585858	5.316455696202532	0	5.959595959595959	5.316455696202532	0	6.060606060606061	5.316455696202532	0
					6.161616161616161	5.316455696202532	0	6.262626262626263	5.316455696202532	0	6.363636363636363	5.316455696202532	0	6.464646464646465	5.316455696202532	0
					6.565656565656566	5.316455696202532	0	6.666666666666666	5.316455696202532	0	6.767676767676768	5.316455696202532	0	6.868686868686869	5.316455696202532	0
					6.969696969696971	5.316455696202532	0	7.070707070707071	5.316455696202532	0	7.171717171717171	5.316455696202532	0	7.272727272727273	5.316455696202532	0
					7.373737373737374	5.316455696202532	0	7.474747474747475	5.316455696202532	0	7.575757575757576	5.316455696202532	0	7.676767676767676	5.316455696202532	0
					7.777777777777778	5.316455696202532	0	7.878787878787879	5.316455696202532	0	7.97979797979798	5.316455696202532	0	8.080808080808081	5.316455696202532	0
					8.181818181818182	5.316455696202532	0	8.282828282828284	5.316455696202532	0	8.383838383838384	5.316455696202532	0	8.484848484848484	5.316455696202532	0
					8.585858585858585	5.316455696202532	0	8.686868686868687	5.316455696202532	0	8.787878787878787	5.316455696202532	0	8.888888888888889	5.316455696202532	0
					8.98989898989899	5.316455696202532	0	9.09090909090909	5.316455696202532	0	9.191919191919192	5.316455696202532	0	9.292929292929292	5.316455696202532	0
					9.393939393939394	5.316455696202532	0	9.494949494949495	5.316455696202532	0	9.595959595959595	5.316455696202532	0	9.696969696969697	5.316455696202532	0
					9.797979797979798	5.316455696202532	0	9.8989898989899	5.316455696202532	0	0.101010101010101	5.189873417721519	0	0.202020202020202	5.189873417721519	0
					0.303030303030303	5.189873417721519	0	0.4040404040404041	5.189873417721519	0	0.5050505050505051	5.189873417721519	0	0.6060606060606061	5.189873417721519	0
					0.7070707070707071	5.189873417721519	0	0.8080808080808082	5.189873417721519	0	0.9090909090909092	5.189873417721519	0	1.01010101010101	5.189873417721519	0
					1.111111111111111	5.189873417721519	0	1.212121212121212	5.189873417721519	0	1.313131313131313	5.189873417721519	0	1.414141414141414	5.189873417721519	0
					1.515151515151515	5.189873417721519	0	1.616161616161616	5.189873417721519	0	1.717171717171717	5.189873417721519	0	1.818181818181818	5.189873417721519	0
					1.919191919191919	5.189873417721519	0	2.02020202020202	5.189873417721519	0	2.121212121212121	5.189873417721519	0	2.222222222222222	5.189873417721519	0
					2.323232323232323	5.189873417721519	0	2.424242424242424	5.189873417721519	0	2.525252525252526	5.189873417721519	0	2.626262626262626	5.189873417721519	0
					2.727272727272727	5.189873417721519	0	2.828282828282828	5.189873417721519	0	2.929292929292929	5.189873417721519	0	3.03030303030303	5.189873417721519	0
					3.131313131313131	5.189873417721519	0	3.232323232323233	5.189873417721519	0	3.333333333333333	5.189873417721519	0	3.434343434343434	5.189873417721519	0
					3.535353535353535	5.189873417721519	0	3.636363636363637	5.189873417721519	0	3.737373737373737	5.189873417721519	0	3.838383838383838	5.189873417721519	0
					3.939393939393939	5.189873417721519	0	4.040404040404041	5.189873417721519	0	4.141414141414142	5.189873417721519	0	4.242424242424242	5.189873417721519	0
					4.343434343434343	5.189873417721519	0	4.444444444444445	5.189873417721519	0	4.545454545454545	5.189873417721519	0	4.646464646464646	5.189873417721519	0
					4.747474747474747	5.189873417721519	0	4.848484848484849	5.189873417721519	0	4.94949494949495	5.189873417721519	0	5.050505050505051	5.189873417721519	0
					5.151515151515151	5.189873417721519	0	5.252525252525253	5.189873417721519	0	5.353535353535354	5.189873417721519	0	5.454545454545454	5.189873417721519	0
					5.555555555555555	5.189873417721519	0	5.656565656565657	5.189873417721519	0	5.757575757575758	5.189873417721519	0	5.858585858585858	5.189873417721519	0
					5.959595959595959	5.189873417721519	0	6.060606060606061	5.189873417721519	0	6.161616161616161	5.189873417721519	0	6.262626262626263	5.189873417721519	0
					6.363636363636363	5.189873417721519	0	6.464646464646465	5.189873417721519	0	6.565656565656566	5.189873417721519	0	6.666666666666666	5.189873417721519	0
					6.767676767676768	5.189873417721519	0	6.868686868686869	5.189873417721519	0	6.969696969696971	5.189873417721519	0	7.070707070707071	5.189873417721519	0
					7.171717171717171	5.189873417721519	0	7.272727272727273	5.189873417721519	0	7.373737373737374	5.189873417721519	0	7.474747474747475	5.189873417721519	0
					7.575757575757576	5.189873417721519	0	7.676767676767676	5.189873417721519	0	7.777777777777778	5.189873417721519	0	7.878787878787879	5.189873417721519	0
					7.97979797979798	5.189873417721519	0	8.080808080808081	5.189873417721519	0	8.181818181818182	5.189873417721519	0	8.282828282828284	5.189873417721519	0
					8.383838383838384	5.189873417721519	0	8.484848484848484	5.189873417721519	0	8.585858585858585	5.189873417721519	0	8.686868686868687	5.189873417721519	0
					8.787878787878787	5.189873417721519	0	8.888888888888889	5.189873417721519	0	8.98989898989899	5.189873417721519	0	9.09090909090909	5.189873417721519	0
					9.191919191919192	5.189873417721519	0	9.292929292929292	5.189873417721519	0	9.393939393939394	5.189873417721519	0	9.494949494949495	5.189873417721519	0
					9.595959595959595	5.189873417721519	0	9.696969696969697	5.189873417721519	0	9.797979797979798	5.189873417721519	0	9.8989898989899	5.189873417721519	0
					0.101010101010101	5.063291139240507	0	0.202020202020202	5.063291139240507	0	0.303030303030303	5.063291139240507	0	0.4040404040404041	5.063291139240507	0
					0.5050505050505051	5.063291139240507	0	0.6060606060606061	5.063291139240507	0	0.7070707070707071	5.063291139240507	0	0.8080808080808082	5.063291139240507	0
					0.9090909090909092	5.063291139240507	0	1.01010101010101	5.063291139240507	0	1.111111111111111	5.063291139240507	0	1.212121212121212	5.063291139240507	0
					1.313131313131313	5.063291139240507	0	1.414141414141414	5.063291139240507	0	1.515151515151515	5.063291139240507	0	1.616161616161616	5.063291139240507	0
					1.717171717171717	5.063291139240507	0	1.818181818181818	5.063291139240507	0	1.919191919191919	5.063291139240507	0	2.02020202020202	5.063291139240507	0
					2.121212121212121	5.063291139240507	0	2.222222222222222	5.063291139240507	0	2.323232323232323	5.063291139240507	0	2.424242424242424	5.063291139240507	0
					2.525252525252526	5.063291139240507	0	2.626262626262626	5.063291139240507	0	2.727272727272727	5.063291139240507	0	2.828282828282828	5.063291139240507	0
					2.929292929292929	5.063291139240507	0	3.03030303030303	5.063291139240507	0	3.131313131313131	5.063291139240507	0	3.232323232323233	5.063291139240507	0
					3.333333333333333	5.063291139240507	0	3.434343434343434	5.063291139240507	0	3.535353535353535	5.063291139240507	0	3.636363636363637	5.063291139240507	0
					3.737373737373737	5.063291139240507	0	3.838383838383838	5.063291139240507	0	3.939393939393939	5.063291139240507	0	4.040404040404041	5.063291139240507	0
					4.141414141414142	5.063291139240507	0	4.242424242424242	5.063291139240507	0	4.343434343434343	5.063291139240507	0	4.444444444444445	5.063291139240507	0
					4.545454545454545	5.063291139240507	0	4.646464646464646	5.063291139240507	0	4.747474747474747	5.063291139240507	0	4.848484848484849	5.063291139240507	0
					4.94949494949495	5.063291139240507	0	5.050505050505051	5.063291139240507	0	5.151515151515151	5.063291139240507	0	5.252525252525253	5.063291139240507	0
					5.353535353535354	5.063291139240507	0	5.454545454545454	5.063291139240507	0	5.555555555555555	5.063291139240507	0	5.656565656565657	5.063291139240507	0
					5.757575757575758	5.063291139240507	0	5.858585858585858	5.063291139240507	0	5.959595959595959	5.063291139240507	0	6.060606060606061	5.063291139240507	0
					6.161616161616161	5.063291139240507	0	6.262626262626263	5.063291139240507	0	6.363636363636363	5.063291139240507	0	6.464646464646465	5.063291139240507	0
					6.565656565656566	5.063291139240507	0	6.666666666666666	5.063291139240507	0	6.767676767676768	5.063291139240507	0	6.868686868686869	5.063291139240507	0
					6.969696969696971	5.063291139240507	0	7.070707070707071	5.063291139240507	0	7.171717171717171	5.063291139240507	0	7.272727272727273	5.063291139240507	0
					7.373737373737374	5.063291139240507	0	7.474747474747475	5.063291139240507	0	7.575757575757576	5.063291139240507	0	7.676767676767676	5.063291139240507	0
					7.777777777777778	5.063291139240507	0	7.878787878787879	5.063291139240507	0	7.97979797979798	5.063291139240507	0	8.080808080808081	5.063291139240507	0
					8.181818181818182	5.063291139240507	0	8.282828282828284	5.063291139240507	0	8.383838383838384	5.063291139240507	0	8.484848484848484	5.063291139240507	0
					8.585858585858585	5.063291139240507	0	8.686868686868687	5.063291139240507	0	8.787878787878787	5.063291139240507	0	8.888888888888889	5.063291139240507	0
					8.98989898989899	5.063291139240507	0	9.09090909090909	5.063291139240507	0	9.191919191919192	5.063291139240507	0	9.292929292929292	5.063291139240507	0
					9.393939393939394	5.063291139240507	0	9.494949494949495	5.063291139240507	0	9.595959595959595	5.063291139240507	0	9.696969696969697	5.063291139240507	0
					9.797979797979798	5.063291139240507	0	9.8989898989899	5.063291139240507	0	0.101010101010101	4.936708860759494	0	0.202020202020202	4.936708860759494	0
					0.303030303030303	4.936708860759494	0	0.4040404040404041	4.936708860759494	0	0.5050505050505051	4.936708860759494	0	0.6060606060606061	4.936708860759494	0
					0.7070707070707071	4.936708860759494	0	0.8080808080808082	4.936708860759494	0	0.9090909090909092	4.936708860759494	0	1.01010101010101	4.936708860759494	0
					1.111111111111111	4.936708860759494	0	1.212121212121212	4.936708860759494	0	1.313131313131313	4.936708860759494	0	1.414141414141414	4.936708860759494	0
					1.515151515151515	4.936708860759494	0	1.616161616161616	4.936708860759494	0	1.717171717171717	4.936708860759494	0	1.818181818181818	4.936708860759494	0
					1.919191919191919	4.936708860759494	0	2.02020202020202	4.936708860759494	0	2.121212121212121	4.936708860759494	0	2.222222222222222	4.936708860759494	0
					2.323232323232323	4.936708860759494	0	2.424242424242424	4.936708860759494	0	2.525252525252526	4.936708860759494	0	2.626262626262626	4.936708860759494	0
					2.727272727272727	4.936708860759494	0	2.828282828282828	4.936708860759494	0	2.929292929292929	4.936708860759494	0	3.03030303030303	4.936708860759494	0
					3.131313131313131	4.936708860759494	0	3.232323232323233	4.936708860759494	0	3.333333333333333	4.936708860759494	0	3.434343434343434	4.936708860759494	0
					3.535353535353535	4.936708860759494	0	3.636363636363637	4.936708860759494	0	3.737373737373737	4.936708860759494	0	3.838383838383838	4.936708860759494	0
					3.939393939393939	4.936708860759494	0	4.040404040404041	4.936708860759494	0	4.141414141414142	4.936708860759494	0	4.242424242424242	4.936708860759494	0
					4.343434343434343	4.936708860759494	0	4.444444444444445	4.936708860759494	0	4.545454545454545	4.936708860759494	0	4.646464646464646	4.936708860759494	0
					4.747474747474747	4.936708860759494	0	4.848484848484849	4.936708860759494	0	4.94949494949495	4.936708860759494	0	5.050505050505051	4.936708860759494	0
					5.151515151515151	4.936708860759494	0	5.252525252525253	4.936708860759494	0	5.353535353535354	4.936708860759494	0	5.454545454545454	4.936708860759494	0
					5.555555555555555	4.936708860759494	0	5.656565656565657	4.936708860759494	0	5.757575757575758	4.936708860759494	0	5.858585858585858	4.936708860759494	0
					5.959595959595959	4.936708860759494	0	6.060606060606061	4.936708860759494	0	6.161616161616161	4.936708860759494	0	6.262626262626263	4.936708860759494	0
					6.363636363636363	4.936708860759494	0	6.464646464646465	4.936708860759494	0	6.565656565656566	4.936708860759494	0	6.666666666666666	4.936708860759494	0
					6.767676767676768	4.936708860759494	0	6.868686868686869	4.936708860759494	0	6.969696969696971	4.936708860759494	0	7.070707070707071	4.936708860759494	0
					7.171717171717171	4.936708860759494	0	7.272727272727273	4.936708860759494	0	7.373737373737374	4.936708860759494	0	7.474747474747475	4.936708860759494	0
					7.575757575757576	4.936708860759494	0	7.676767676767676	4.936708860759494	0	7.777777777777778	4.936708860759494	0	7.878787878787879	4.936708860759494	0
					7.97979797979798	4.936708860759494	0	8.080808080808081	4.936708860759494	0	8.181818181818182	4.936708860759494	0	8.282828282828284	4.936708860759494	0
					8.383838383838384	4.936708860759494	0	8.484848484848484	4.936708860759494	0	8.585858585858585	4.936708860759494	0	8.686868686868687	4.936708860759494	0
					8.787878787878787	4.936708860759494	0	8.888888888888889	4.936708860759494	0	8.98989898989899	4.936708860759494	0	9.09090909090909	4.936708860759494	0
					9.191919191919192	4.936708860759494	0	9.292929292929292	4.936708860759494	0	9.393939393939394	4.936708860759494	0	9.494949494949495	4.936708860759494	0
					9.595959595959595	4.936708860759494	0	0.101010101010101	9.873417721518988	0	0.202020202020202	9.873417721518988	0	0.303030303030303	9.873417721518988	0
					2.424242424242424	8.734177215189874	0	2.525252525252526	8.734177215189874	0	2.626262626262626	8.734177215189874	0	2.727272727272727	8.734177215189874	0
					2.828282828282828	8.734177215189874	0	2.929292929292929	8.734177215189874	0	3.03030303030303	8.734177215189874	0	3.131313131313131	8.734177215189874	0
					3.232323232323233	8.734177215189874	0	3.333333333333333	8.734177215189874	0	3.434343434343434	8.734177215189874	0	3.535353535353535	8.734177215189874	0
					3.636363636363637	8.734177215189874	0	3.737373737373737	8.734177215189874	0	3.838383838383838	8.734177215189874	0	3.939393939393939	8.734177215189874	0
					4.040404040404041	8.734177215189874	0	4.141414141414142	8.734177215189874	0	4.242424242424242	8.734177215189874	0	4.343434343434343	8.734177215189874	0
					4.444444444444445	8.734177215189874	0	4.545454545454545	8.734177215189874	0	4.646464646464646	8.734177215189874	0	4.747474747474747	8.734177215189874	0
					4.848484848484849	8.734177215189874	0	4.94949494949495	8.734177215189874	0	5.050505050505051	8.734177215189874	0	5.151515151515151	8.734177215189874	0
					5.252525252525253	8.734177215189874	0	5.353535353535354	8.734177215189874	0	5.454545454545454	8.734177215189874	0	5.555555555555555	8.734177215189874	0
					5.656565656565657	8.734177215189874	0	5.757575757575758	8.734177215189874	0	5.858585858585858	8.734177215189874	0	5.959595959595959	8.734177215189874	0
					6.060606060606061	8.734177215189874	0	6.161616161616161	8.734177215189874	0	6.262626262626263	8.734177215189874	0	6.363636363636363	8.734177215189874	0
					6.464646464646465	8.734177215189874	0	6.565656565656566	8.734177215189874	0	6.666666666666666	8.734177215189874	0	6.767676767676768	8.734177215189874	0
					6.868686868686869	8.734177215189874	0	6.969696969696971	8.734177215189874	0	7.070707070707071	8.734177215189874	0	7.171717171717171	8.734177215189874	0
					7.272727272727273	8.734177215189874	0	7.373737373737374	8.734177215189874	0	7.474747474747475	8.734177215189874	0	7.575757575757576	8.734177215189874	0
					7.676767676767676	8.734177215189874	0	7.777777777777778	8.734177215189874	0	7.878787878787879	8.734177215189874	0	7.97979797979798	8.734177215189874	0
					8.080808080808081	8.734177215189874	0	8.181818181818182	8.734177215189874	0	8.282828282828284	8.734177215189874	0	8.383838383838384	8.734177215189874	0
					8.484848484848484	8.734177215189874	0	8.585858585858585	8.734177215189874	0	8.686868686868687	8.734177215189874	0	8.787878787878787	8.734177215189874	0
					8.888888888888889	8.734177215189874	0	8.98989898989899	8.734177215189874	0	9.09090909090909	8.734177215189874	0	9.191919191919192	8.734177215189874	0
					9.292929292929292	8.734177215189874	0	9.393939393939394	8.734177215189874	0	9.494949494949495	8.734177215189874	0	9.595959595959595	8.734177215189874	0
					9.696969696969697	8.734177215189874	0	9.797979797979798	8.734177215189874	0	9.8989898989899	8.734177215189874	0	0.101010101010101	8.60759493670886	0
					0.202020202020202	8.60759493670886	0	0.303030303030303	8.60759493670886	0	0.4040404040404041	8.60759493670886	0	0.5050505050505051	8.60759493670886	0
					0.6060606060606061	8.60759493670886	0	0.7070707070707071	8.60759493670886	0	0.8080808080808082	8.60759493670886	0	0.9090909090909092	8.60759493670886	0
					1.01010101010101	8.60759493670886	0	1.111111111111111	8.60759493670886	0	1.212121212121212	8.60759493670886	0	1.313131313131313	8.60759493670886	0
					1.414141414141414	8.60759493670886	0	1.515151515151515	8.60759493670886	0	1.616161616161616	8.60759493670886	0	1.717171717171717	8.60759493670886	0
					1.818181818181818	8.60759493670886	0	1.919191919191919	8.60759493670886	0	2.02020202020202	8.60759493670886	0	2.121212121212121	8.60759493670886	0
					2.222222222222222	8.60759493670886	0	2.323232323232323	8.60759493670886	0	2.424242424242424	8.60759493670886	0	2.525252525252526	8.60759493670886	0
					2.626262626262626	8.60759493670886	0	2.727272727272727	8.60759493670886	0	2.828282828282828	8.60759493670886	0	2.929292929292929	8.60759493670886	0
					3.03030303030303	8.60759493670886	0	3.131313131313131	8.60759493670886	0	3.232323232323233	8.60759493670886	0	3.333333333333333	8.60759493670886	0
					3.434343434343434	8.60759493670886	0	3.535353535353535	8.60759493670886	0	3.636363636363637	8.60759493670886	0	3.737373737373737	8.60759493670886	0
					3.838383838383838	8.60759493670886	0	3.939393939393939	8.60759493670886	0	4.040404040404041	8.60759493670886	0	4.141414141414142	8.60759493670886	0
					4.242424242424242	8.60759493670886	0	4.343434343434343	8.60759493670886	0	4.444444444444445	8.60759493670886	0	4.545454545454545	8.60759493670886	0
					4.646464646464646	8.60759493670886	0	4.747474747474747	8.60759493670886	0	4.848484848484849	8.60759493670886	0	4.94949494949495	8.60759493670886	0
					5.050505050505051	8.60759493670886	0	5.151515151515151	8.60759493670886	0	5.252525252525253	8.60759493670886	0	5.353535353535354	8.60759493670886	0
					5.454545454545454	8.60759493670886	0	5.555555555555555	8.60759493670886	0	5.656565656565657	8.60759493670886	0	5.757575757575758	8.60759493670886	0
					5.858585858585858	8.60759493670886	0	5.959595959595959	8.60759493670886	0	6.060606060606061	8.60759493670886	0	6.161616161616161	8.60759493670886	0
					6.262626262626263	8.60759493670886	0	6.363636363636363	8.60759493670886	0	6.464646464646465	8.60759493670886	0	6.565656565656566	8.60759493670886	0
					6.666666666666666	8.60759493670886	0	6.767676767676768	8.60759493670886	0	6.868686868686869	8.60759493670886	0	6.969696969696971	8.60759493670886	0
					7.070707070707071	8.60759493670886	0	7.171717171717171	8.60759493670886	0	7.272727272727273	8.60759493670886	0	7.373737373737374	8.60759493670886	0
					7.474747474747475	8.60759493670886	0	7.575757575757576	8.60759493670886	0	7.676767676767676	8.60759493670886	0	7.777777777777778	8.60759493670886	0
					7.878787878787879	8.60759493670886	0	7.97979797979798	8.60759493670886	0	8.080808080808081	8.60759493670886	0	8.181818181818182	8.60759493670886	0
					8.282828282828284	8.60759493670886	0	8.383838383838384	8.60759493670886	0	8.484848484848484	8.60759493670886	0	8.585858585858585	8.60759493670886	0
					8.686868686868687	8.60759493670886	0	8.787878787878787	8.60759493670886	0	8.888888888888889	8.60759493670886	0	8.98989898989899	8.60759493670886	0
					9.09090909090909	8.60759493670886	0	9.191919191919192	8.60759493670886	0	9.292929292929292	8.60759493670886	0	9.393939393939394	8.60759493670886	0
					9.494949494949495	8.60759493670886	0	9.595959595959595	8.60759493670886	0	9.696969696969697	8.60759493670886	0	9.797979797979798	8.60759493670886	0
					9.8989898989899	8.60759493670886	0	0.101010101010101	8.481012658227847	0	0.202020202020202	8.481012658227847	0	0.303030303030303	8.481012658227847	0
					0.4040404040404041	8.481012658227847	0	0.5050505050505051	8.481012658227847	0	0.6060606060606061	8.481012658227847	0	0.7070707070707071	8.481012658227847	0
					0.8080808080808082	8.481012658227847	0	0.9090909090909092	8.481012658227847	0	1.01010101010101	8.481012658227847	0	1.111111111111111	8.481012658227847	0
					1.212121212121212	8.481012658227847	0	1.313131313131313	8.481012658227847	0	1.414141414141414	8.481012658227847	0	1.515151515151515	8.481012658227847	0
					1.616161616161616	8.481012658227847	0	1.717171717171717	8.481012658227847	0	1.818181818181818	8.481012658227847	0	1.919191919191919	8.481012658227847	0
					2.02020202020202	8.481012658227847	0	2.121212121212121	8.481012658227847	0	2.222222222222222	8.481012658227847	0	2.323232323232323	8.481012658227847	0
					2.424242424242424	8.481012658227847	0	2.525252525252526	8.481012658227847	0	2.626262626262626	8.481012658227847	0	2.727272727272727	8.481012658227847	0
					2.828282828282828	8.481012658227847	0	2.929292929292929	8.481012658227847	0	3.03030303030303	8.481012658227847	0	3.131313131313131	8.481012658227847	0
					3.232323232323233	8.481012658227847	0	3.333333333333333	8.481012658227847	0	3.434343434343434	8.481012658227847	0	3.535353535353535	8.481012658227847	0
					3.636363636363637	8.481012658227847	0	3.737373737373737	8.481012658227847	0	3.838383838383838	8.481012658227847	0	3.939393939393939	8.481012658227847	0
					4.040404040404041	8.481012658227847	0	4.141414141414142	8.481012658227847	0	4.242424242424242	8.481012658227847	0	4.343434343434343	8.481012658227847	0
					4.444444444444445	8.481012658227847	0	4.545454545454545	8.481012658227847	0	4.646464646464646	8.481012658227847	0	4.747474747474747	8.481012658227847	0
					4.848484848484849	8.481012658227847	0	4.94949494949495	8.481012658227847	0	5.050505050505051	8.481012658227847	0	5.151515151515151	8.481012658227847	0
					5.252525252525253	8.481012658227847	0	5.353535353535354	8.481012658227847	0	5.454545454545454	8.481012658227847	0	5.555555555555555	8.481012658227847	0
					5.656565656565657	8.481012658227847	0	5.757575757575758	8.481012658227847	0	5.858585858585858	8.481012658227847	0	5.959595959595959	8.481012658227847	0
					6.060606060606061	8.481012658227847	0	6.161616161616161	8.481012658227847	0	6.262626262626263	8.481012658227847	0	6.363636363636363	8.481012658227847	0
					6.464646464646465	8.481012658227847	0	6.565656565656566	8.481012658227847	0	6.666666666666666	8.481012658227847	0	6.767676767676768	8.481012658227847	0
					6.868686868686869	8.481012658227847	0	6.969696969696971	8.481012658227847	0	7.070707070707071	8.481012658227847	0	7.171717171717171	8.481012658227847	0
					7.272727272727273	8.481012658227847	0	7.373737373737374	8.481012658227847	0	7.474747474747475	8.481012658227847	0	7.575757575757576	8.481012658227847	0
					7.676767676767676	8.481012658227847	0	7.777777777777778	8.481012658227847	0	7.878787878787879	8.481012658227847	0	7.97979797979798	8.481012658227847	0
					8.080808080808081	8.481012658227847	0	8.181818181818182	8.481012658227847	0	8.282828282828284	8.481012658227847	0	8.383838383838384	8.481012658227847	0
					8.484848484848484	8.481012658227847	0	8.585858585858585	8.481012658227847	0	8.686868686868687	8.481012658227847	0	8.787878787878787	8.481012658227847	0
					8.888888888888889	8.481012658227847	0	8.98989898989899	8.481012658227847	0	9.09090909090909	8.481012658227847	0	9.191919191919192	8.481012658227847	0
					9.292929292929292	8.481012658227847	0	9.393939393939394	8.481012658227847	0	9.494949494949495	8.481012658227847	0	9.595959595959595	8.481012658227847	0
					9.696969696969697	8.481012658227847	0	9.797979797979798	8.481012658227847	0	9.8989898989899	8.481012658227847	0	0.101010101010101	8.354430379746836	0
					0.202020202020202	8.354430379746836	0	0.303030303030303	8.354430379746836	0	0.4040404040404041	8.354430379746836	0	0.5050505050505051	8.354430379746836	0
					0.6060606060606061	8.354430379746836	0	0.7070707070707071	8.354430379746836	0	0.8080808080808082	8.354430379746836	0	0.9090909090909092	8.354430379746836	0
					1.01010101010101	8.354430379746836	0	1.111111111111111	8.354430379746836	0	1.212121212121212	8.354430379746836	0	1.313131313131313	8.354430379746836	0
					1.414141414141414	8.354430379746836	0	1.515151515151515	8.354430379746836	0	1.616161616161616	8.354430379746836	0	1.717171717171717	8.354430379746836	0
					1.818181818181818	8.354430379746836	0	1.919191919191919	8.354430379746836	0	2.02020202020202	8.354430379746836	0	2.121212121212121	8.354430379746836	0
					2.222222222222222	8.354430379746836	0	2.323232323232323	8.354430379746836	0	2.424242424242424	8.354430379746836	0	2.525252525252526	8.354430379746836	0
					2.626262626262626	8.354430379746836	0	2.727272727272727	8.354430379746836	0	2.828282828282828	8.354430379746836	0	2.929292929292929	8.354430379746836	0
					3.03030303030303	8.354430379746836	0	3.131313131313131	8.354430379746836	0	3.232323232323233	8.354430379746836	0	3.333333333333333	8.354430379746836	0
					3.434343434343434	8.354430379746836	0	3.535353535353535	8.354430379746836	0	3.636363636363637	8.354430379746836	0	3.737373737373737	8.354430379746836	0
					3.838383838383838	8.354430379746836	0	3.939393939393939	8.354430379746836	0	4.040404040404041	8.354430379746836	0	4.141414141414142	8.354430379746836	0
					4.242424242424242	8.354430379746836	0	4.343434343434343	8.354430379746836	0	4.444444444444445	8.354430379746836	0	4.545454545454545	8.354430379746836	0
					4.646464646464646	8.354430379746836	0	4.747474747474747	8.354430379746836	0	4.848484848484849	8.354430379746836	0	4.94949494949495	8.354430379746836	0
					5.050505050505051	8.354430379746836	0	5.151515151515151	8.354430379746836	0	5.252525252525253	8.354430379746836	0	5.353535353535354	8.354430379746836	0
					5.454545454545454	8.354430379746836	0	5.555555555555555	8.354430379746836	0	5.656565656565657	8.354430379746836	0	5.757575757575758	8.354430379746836	0
					5.858585858585858	8.354430379746836	0	5.959595959595959	8.354430379746836	0	6.060606060606061	8.354430379746836	0	6.161616161616161	8.354430379746836	0
					6.262626262626263	8.354430379746836	0	6.363636363636363	8.354430379746836	0	6.464646464646465	8.354430379746836	0	6.565656565656566	8.354430379746836	0
					6.666666666666666	8.354430379746836	0	6.767676767676768	8.354430379746836	0	6.868686868686869	8.354430379746836	0	6.969696969696971	8.354430379746836	0
					7.070707070707071	8.354430379746836	0	7.171717171717171	8.354430379746836	0	7.272727272727273	8.354430379746836	0	7.373737373737374	8.354430379746836	0
					7.474747474747475	8.354430379746836	0	7.575757575757576	8.354430379746836	0	7.676767676767676	8.354430379746836	0	7.777777777777778	8.354430379746836	0
					7.878787878787879	8.354430379746836	0	7.97979797979798	8.354430379746836	0	8.080808080808081	8.354430379746836	0	8.181818181818182	8.354430379746836	0
					8.282828282828284	8.354430379746836	0	8.383838383838384	8.354430379746836	0	8.484848484848484	8.354430379746836	0	8.585858585858585	8.354430379746836	0
					8.686868686868687	8.354430379746836	0	8.787878787878787	8.354430379746836	0	8.888888888888889	8.354430379746836	0	8.98989898989899	8.354430379746836	0
					9.09090909090909	8.354430379746836	0	9.191919191919192	8.354430379746836	0	9.292929292929292	8.354430379746836	0	9.393939393939394	8.354430379746836	0
					9.494949494949495	8.354430379746836	0	9.595959595959595	8.354430379746836	0	9.696969696969697	8.354430379746836	0	9.797979797979798	8.354430379746836	0
					9.8989898989899	8.354430379746836	0	0.101010101010101	8.227848101265824	0	0.202020202020202	8.227848101265824	0	0.303030303030303	8.227848101265824	0
					0.4040404040404041	8.227848101265824	0	0.5050505050505051	8.227848101265824	0	0.6060606060606061	8.227848101265824	0	0.7070707070707071	8.227848101265824	0
					0.8080808080808082	8.227848101265824	0	0.9090909090909092	8.227848101265824	0	1.01010101010101	8.227848101265824	0	1.111111111111111	8.227848101265824	0
					1.212121212121212	8.227848101265824	0	1.313131313131313	8.227848101265824	0	1.414141414141414	8.227848101265824	0	1.515151515151515	8.227848101265824	0
					1.616161616161616	8.227848101265824	0	1.717171717171717	8.227848101265824	0	1.818181818181818	8.227848101265824	0	1.919191919191919	8.227848101265824	0
					2.02020202020202	8.227848101265824	0	2.121212121212121	8.227848101265824	0	2.222222222222222	8.227848101265824	0	2.323232323232323	8.227848101265824	0
					2.424242424242424	8.227848101265824	0	2.525252525252526	8.227848101265824	0	2.626262626262626	8.227848101265824	0	2.727272727272727	8.227848101265824	0
					2.828282828282828	8.227848101265824	0	2.929292929292929	8.227848101265824	0	3.03030303030303	8.227848101265824	0	3.131313131313131	8.227848101265824	0
					3.232323232323233	8.227848101265824	0	3.333333333333333	8.227848101265824	0	3.434343434343434	8.227848101265824	0	3.535353535353535	8.227848101265824	0
					3.636363636363637	8.227848101265824	0	3.737373737373737	8.227848101265824	0	3.838383838383838	8.227848101265824	0	3.939393939393939	8.227848101265824	0
					4.040404040404041	8.227848101265824	0	4.141414141414142	8.227848101265824	0	4.242424242424242	8.227848101265824	0	4.343434343434343	8.227848101265824	0
					4.444444444444445	8.227848101265824	0	4.545454545454545	8.227848101265824	0	4.646464646464646	8.227848101265824	0	4.747474747474747	8.227848101265824	0
					4.848484848484849	8.227848101265824	0	4.94949494949495	8.227848101265824	0	5.050505050505051	8.227848101265824	0	5.151515151515151	8.227848101265824	0
					5.252525252525253	8.227848101265824	0	5.353535353535354	8.227848101265824	0	5.454545454545454	8.227848101265824	0	5.555555555555555	8.227848101265824	0
					5.656565656565657	8.227848101265824	0	5.757575757575758	8.227848101265824	0	5.858585858585858	8.227848101265824	0	5.959595959595959	8.227848101265824	0
					6.060606060606061	8.227848101265824	0	6.161616161616161	8.227848101265824	0	6.262626262626263	8.227848101265824	0	6.363636363636363	8.227848101265824	0
					6.464646464646465	8.227848101265824	0	6.565656565656566	8.227848101265824	0	6.666666666666666	8.227848101265824	0	6.767676767676768	8.227848101265824	0
					6.868686868686869	8.227848101265824	0	6.969696969696971	8.227848101265824	0	7.070707070707071	8.227848101265824	0	7.171717171717171	8.227848101265824	0
					7.272727272727273	8.227848101265824	0	7.373737373737374	8.227848101265824	0	7.474747474747475	8.227848101265824	0	7.575757575757576	8.227848101265824	0
					7.676767676767676	8.227848101265824	0	7.777777777777778	8.227848101265824	0	7.878787878787879	8.227848101265824	0	7.97979797979798	8.227848101265824	0
					8.080808080808081	8.227848101265824	0	8.181818181818182	8.227848101265824	0	8.282828282828284	8.227848101265824	0	8.383838383838384	8.227848101265824	0
					8.484848484848484	8.227848101265824	0	8.585858585858585	8.227848101265824	0	8.686868686868687	8.227848101265824	0	8.787878787878787	8.227848101265824	0
					8.888888888888889	8.227848101265824	0	8.98989898989899	8.227848101265824	0	9.09090909090909	8.227848101265824	0	9.191919191919192	8.227848101265824	0
					9.292929292929292	8.227848101265824	0	9.393939393939394	8.227848101265824	0	9.494949494949495	8.227848101265824	0	9.595959595959595	8.227848101265824	0
					9.696969696969697	8.227848101265824	0	9.797979797979798	8.227848101265824	0	9.8989898989899	8.227848101265824	0	0.101010101010101	8.101265822784811	0
					0.202020202020202	8.101265822784811	0	0.303030303030303	8.101265822784811	0	0.4040404040404041	8.101265822784811	0	0.5050505050505051	8.101265822784811	0
					0.6060606060606061	8.101265822784811	0	0.7070707070707071	8.101265822784811	0	0.8080808080808082	8.101265822784811	0	0.9090909090909092	8.101265822784811	0
					1.01010101010101	8.101265822784811	0	1.111111111111111	8.101265822784811	0	1.212121212121212	8.101265822784811	0	1.313131313131313	8.101265822784811	0
					1.414141414141414	8.101265822784811	0	1.515151515151515	8.101265822784811	0	1.616161616161616	8.101265822784811	0	1.717171717171717	8.101265822784811	0
					1.818181818181818	8.101265822784811	0	1.919191919191919	8.101265822784811	0	2.02020202020202	8.101265822784811	0	2.121212121212121	8.101265822784811	0
					2.222222222222222	8.101265822784811	0	2.323232323232323	8.101265822784811	0	2.424242424242424	8.101265822784811	0	2.525252525252526	8.101265822784811	0
					2.626262626262626	8.101265822784811	0	2.727272727272727	8.101265822784811	0	2.828282828282828	8.101265822784811	0	2.929292929292929	8.101265822784811	0
					3.03030303030303	8.101265822784811	0	3.131313131313131	8.101265822784811	0	3.232323232323233	8.101265822784811	0	3.333333333333333	8.101265822784811	0
					3.434343434343434	8.101265822784811	0	3.535353535353535	8.101265822784811	0	3.636363636363637	8.101265822784811	0	3.737373737373737	8.101265822784811	0
					3.838383838383838	8.101265822784811	0	3.939393939393939	8.101265822784811	0	4.040404040404041	8.101265822784811	0	4.141414141414142	8.101265822784811	0
					4.242424242424242	8.101265822784811	0	4.343434343434343	8.101265822784811	0	4.444444444444445	8.101265822784811	0	4.545454545454545	8.101265822784811	0
					4.646464646464646	8.101265822784811	0	4.747474747474747	8.101265822784811	0	4.848484848484849	8.101265822784811	0	4.94949494949495	8.101265822784811	0
					5.050505050505051	8.101265822784811	0	5.151515151515151	8.101265822784811	0	5.252525252525253	8.101265822784811	0	5.353535353535354	8.101265822784811	0
					5.454545454545454	8.101265822784811	0	5.555555555555555	8.101265822784811	0	5.656565656565657	8.101265822784811	0	5.757575757575758	8.101265822784811	0
					5.858585858585858	8.101265822784811	0	5.959595959595959	8.101265822784811	0	6.060606060606061	8.101265822784811	0	6.161616161616161	8.101265822784811	0
					6.262626262626263	8.101265822784811	0	6.363636363636363	8.101265822784811	0	6.464646464646465	8.101265822784811	0	6.565656565656566	8.101265822784811	0
					6.666666666666666	8.101265822784811	0	6.767676767676768	8.101265822784811	0	6.868686868686869	8.101265822784811	0	6.969696969696971	8.101265822784811	0
					7.070707070707071	8.101265822784811	0	7.171717171717171	8.101265822784811	0	7.272727272727273	8.101265822784811	0	7.373737373737374	8.101265822784811	0
					7.474747474747475	8.101265822784811	0	7.575757575757576	8.101265822784811	0	7.676767676767676	8.101265822784811	0	7.777777777777778	8.101265822784811	0
					7.878787878787879	8.101265822784811	0	7.97979797979798	8.101265822784811	0	8.080808080808081	8.101265822784811	0	8.181818181818182	8.101265822784811	0
					8.282828282828284	8.101265822784811	0	8.383838383838384	8.101265822784811	0	8.484848484848484	8.101265822784811	0	8.585858585858585	8.101265822784811	0
					8.686868686868687	8.101265822784811	0	8.787878787878787	8.101265822784811	0	8.888888888888889	8.101265822784811	0	8.98989898989899	8.101265822784811	0
					9.09090909090909	8.101265822784811	0	9.191919191919192	8.101265822784811	0	9.292929292929292	8.101265822784811	0	9.393939393939394	8.101265822784811	0
					9.494949494949495	8.101265822784811	0	9.595959595959595	8.101265822784811	0	9.696969696969697	8.101265822784811	0	9.797979797979798	8.101265822784811	0
					9.8989898989899	8.101265822784811	0	0.101010101010101	7.974683544303797	0	0.202020202020202	7.974683544303797	0	0.303030303030303	7.974683544303797	0
					0.4040404040404041	7.974683544303797	0	0.5050505050505051	7.974683544303797	0	0.6060606060606061	7.974683544303797	0	0.7070707070707071	7.974683544303797	0
					0.8080808080808082	7.974683544303797	0	0.9090909090909092	7.974683544303797	0	1.01010101010101	7.974683544303797	0	1.111111111111111	7.974683544303797	0
					1.212121212121212	7.974683544303797	0	1.313131313131313	7.974683544303797	0	1.414141414141414	7.974683544303797	0	1.515151515151515	7.974683544303797	0
					1.616161616161616	7.974683544303797	0	1.717171717171717	7.974683544303797	0	1.818181818181818	7.974683544303797	0	1.919191919191919	7.974683544303797	0
					2.02020202020202	7.974683544303797	0	2.121212121212121	7.974683544303797	0	2.222222222222222	7.974683544303797	0	2.323232323232323	7.974683544303797	0
					2.424242424242424	7.974683544303797	0	2.525252525252526	7.974683544303797	0	2.626262626262626	7.974683544303797	0	2.727272727272727	7.974683544303797	0
					2.828282828282828	7.974683544303797	0	2.929292929292929	7.974683544303797	0	3.03030303030303	7.974683544303797	0	3.131313131313131	7.974683544303797	0
					3.232323232323233	7.974683544303797	0	3.333333333333333	7.974683544303797	0	3.434343434343434	7.974683544303797	0	3.535353535353535	7.974683544303797	0
					3.636363636363637	7.974683544303797	0	3.737373737373737	7.974683544303797	0	3.838383838383838	7.974683544303797	0	3.939393939393939	7.974683544303797	0
					4.040404040404041	7.974683544303797	0	4.141414141414142	7.974683544303797	0	4.242424242424242	7.974683544303797	0	4.343434343434343	7.974683544303797	0
					4.444444444444445	7.974683544303797	0	4.545454545454545	7.974683544303797	0	4.646464646464646	7.974683544303797	0	4.747474747474747	7.974683544303797	0
					4.848484848484849	7.974683544303797	0	4.94949494949495	7.974683544303797	0	5.050505050505051	7.974683544303797	0	5.151515151515151	7.974683544303797	0
					5.252525252525253	7.974683544303797	0	5.353535353535354	7.974683544303797	0	5.454545454545454	7.974683544303797	0	5.555555555555555	7.974683544303797	0
					5.656565656565657	7.974683544303797	0	5.757575757575758	7.974683544303797	0	5.858585858585858	7.974683544303797	0	5.959595959595959	7.974683544303797	0
					6.060606060606061	7.974683544303797	0	6.161616161616161	7.974683544303797	0	6.262626262626263	7.974683544303797	0	6.363636363636363	7.974683544303797	0
					6.464646464646465	7.974683544303797	0	6.565656565656566	7.974683544303797	0	6.666666666666666	7.974683544303797	0	6.767676767676768	7.974683544303797	0
					6.868686868686869	7.974683544303797	0	6.969696969696971	7.974683544303797	0	7.070707070707071	7.974683544303797	0	7.171717171717171	7.974683544303797	0
					7.272727272727273	7.974683544303797	0	7.373737373737374	7.974683544303797	0	7.474747474747475	7.974683544303797	0	7.575757575757576	7.974683544303797	0
					7.676767676767676	7.974683544303797	0	7.777777777777778	7.974683544303797	0	7.878787878787879	7.974683544303797	0	7.97979797979798	7.974683544303797	0
					8.080808080808081	7.974683544303797	0	8.181818181818182	7.974683544303797	0	8.282828282828284	7.974683544303797	0	8.383838383838384	7.974683544303797	0
					8.484848484848484	7.974683544303797	0	8.585858585858585	7.974683544303797	0	8.686868686868687	7.974683544303797	0	8.787878787878787	7.974683544303797	0
					8.888888888888889	7.974683544303797	0	8.98989898989899	7.974683544303797	0	9.09090909090909	7.974683544303797	0	9.191919191919192	7.974683544303797	0
					9.292929292929292	7.974683544303797	0	9.393939393939394	7.974683544303797	0	9.494949494949495	7.974683544303797	0	9.595959595959595	7.974683544303797	0
					9.696969696969697	7.974683544303797	0	9.797979797979798	7.974683544303797	0	9.8989898989899	7.974683544303797	0	0.101010101010101	7.848101265822784	0
					0.202020202020202	7.848101265822784	0	0.303030303030303	7.848101265822784	0	0.4040404040404041	7.848101265822784	0	0.5050505050505051	7.848101265822784	0
					0.6060606060606061	7.848101265822784	0	0.7070707070707071	7.848101265822784	0	0.8080808080808082	7.848101265822784	0	0.9090909090909092	7.848101265822784	0
					1.01010101010101	7.848101265822784	0	1.111111111111111	7.848101265822784	0	1.212121212121212	7.848101265822784	0	1.313131313131313	7.848101265822784	0
					1.414141414141414	7.848101265822784	0	1.515151515151515	7.848101265822784	0	1.616161616161616	7.848101265822784	0	1.717171717171717	7.848101265822784	0
					1.818181818181818	7.848101265822784	0	1.919191919191919	7.848101265822784	0	2.02020202020202	7.848101265822784	0	2.121212121212121	7.848101265822784	0
					2.222222222222222	7.848101265822784	0	2.323232323232323	7.848101265822784	0	2.424242424242424	7.848101265822784	0	2.525252525252526	7.848101265822784	0
					2.626262626262626	7.848101265822784	0	2.727272727272727	7.848101265822784	0	2.828282828282828	7.848101265822784	0	2.929292929292929	7.848101265822784	0
					3.03030303030303	7.848101265822784	0	3.131313131313131	7.848101265822784	0	3.232323232323233	7.848101265822784	0	3.333333333333333	7.848101265822784	0
					3.434343434343434	7.848101265822784	0	3.535353535353535	7.848101265822784	0	3.636363636363637	7.848101265822784	0	3.737373737373737	7.848101265822784	0
					3.838383838383838	7.848101265822784	0	3.939393939393939	7.848101265822784	0	4.040404040404041	7.848101265822784	0	4.141414141414142	7.848101265822784	0
					4.242424242424242	7.848101265822784	0	4.343434343434343	7.848101265822784	0	4.444444444444445	7.848101265822784	0	4.545454545454545	7.848101265822784	0
					4.646464646464646	7.848101265822784	0	4.747474747474747	7.848101265822784	0	4.848484848484849	7.848101265822784	0	4.94949494949495	7.848101265822784	0
					5.050505050505051	7.848101265822784	0	5.151515151515151	7.848101265822784	0	5.252525252525253	7.848101265822784	0	5.353535353535354	7.848101265822784	0
					5.454545454545454	7.848101265822784	0	5.555555555555555	7.848101265822784	0	5.656565656565657	7.848101265822784	0	5.757575757575758	7.848101265822784	0
					5.858585858585858	7.848101265822784	0	5.959595959595959	7.848101265822784	0	6.060606060606061	7.848101265822784	0	6.161616161616161	7.848101265822784	0
					6.262626262626263	7.848101265822784	0	6.363636363636363	7.848101265822784	0	6.464646464646465	7.848101265822784	0	6.565656565656566	7.848101265822784	0
					6.666666666666666	7.848101265822784	0	6.767676767676768	7.848101265822784	0	6.868686868686869	7.848101265822784	0	6.969696969696971	7.848101265822784	0
					7.070707070707071	7.848101265822784	0	7.171717171717171	7.848101265822784	0	7.272727272727273	7.848101265822784	0	7.373737373737374	7.848101265822784	0
					7.474747474747475	7.848101265822784	0	7.575757575757576	7.848101265822784	0	7.676767676767676	7.848101265822784	0	7.777777777777778	7.848101265822784	0
					7.878787878787879	7.848101265822784	0	7.97979797979798	7.848101265822784	0	8.080808080808081	7.848101265822784	0	8.181818181818182	7.848101265822784	0
					8.282828282828284	7.848101265822784	0	8.383838383838384	7.848101265822784	0	8.484848484848484	7.848101265822784	0	8.585858585858585	7.848101265822784	0
					8.686868686868687	7.848101265822784	0	8.787878787878787	7.848101265822784	0	8.888888888888889	7.848101265822784	0	8.98989898989899	7.848101265822784	0
					9.09090909090909	7.848101265822784	0	9.191919191919192	7.848101265822784	0	9.292929292929292	7.848101265822784	0	9.393939393939394	7.848101265822784	0
					9.494949494949495	7.848101265822784	0	9.595959595959595	7.848101265822784	0	9.696969696969697	7.848101265822784	0	9.797979797979798	7.848101265822784	0
					9.8989898989899	7.848101265822784	0	0.101010101010101	7.721518987341772	0	0.202020202020202	7.721518987341772	0	0.303030303030303	7.721518987341772	0
					0.4040404040404041	7.721518987341772	0	0.5050505050505051	7.721518987341772	0	0.6060606060606061	7.721518987341772	0	0.7070707070707071	7.721518987341772	0
					0.8080808080808082	7.721518987341772	0	0.9090909090909092	7.721518987341772	0	1.01010101010101	7.721518987341772	0	1.111111111111111	7.721518987341772	0
					1.212121212121212	7.721518987341772	0	1.313131313131313	7.721518987341772	0	1.414141414141414	7.721518987341772	0	1.515151515151515	7.721518987341772	0
					1.616161616161616	7.721518987341772	0	1.717171717171717	7.721518987341772	0	1.818181818181818	7.721518987341772	0	1.919191919191919	7.721518987341772	0
					2.02020202020202	7.721518987341772	0	2.121212121212121	7.721518987341772	0	2.222222222222222	7.721518987341772	0	2.323232323232323	7.721518987341772	0
					2.424242424242424	7.721518987341772	0	2.525252525252526	7.721518987341772	0	2.626262626262626	7.721518987341772	0	2.727272727272727	7.721518987341772	0
					2.828282828282828	7.721518987341772	0	2.929292929292929	7.721518987341772	0	3.03030303030303	7.721518987341772	0	3.131313131313131	7.721518987341772	0
					3.232323232323233	7.721518987341772	0	3.333333333333333	7.721518987341772	0	3.434343434343434	7.721518987341772	0	3.535353535353535	7.721518987341772	0
					3.636363636363637	7.721518987341772	0	3.737373737373737	7.721518987341772	0	3.838383838383838	7.721518987341772	0	3.939393939393939	7.721518987341772	0
					4.040404040404041	7.721518987341772	0	4.141414141414142	7.721518987341772	0	4.242424242424242	7.721518987341772	0	4.343434343434343	7.721518987341772	0
					4.444444444444445	7.721518987341772	0	4.545454545454545	7.721518987341772	0	4.646464646464646	7.721518987341772	0	4.747474747474747	7.721518987341772	0
					4.848484848484849	7.721518987341772	0	4.94949494949495	7.721518987341772	0	5.050505050505051	7.721518987341772	0	5.151515151515151	7.721518987341772	0
					5.252525252525253	7.721518987341772	0	5.353535353535354	7.721518987341772	0	5.454545454545454	7.721518987341772	0	5.555555555555555	7.721518987341772	0
					5.656565656565657	7.721518987341772	0	5.757575757575758	7.721518987341772	0	5.858585858585858	7.721518987341772	0	5.959595959595959	7.721518987341772	0
					6.060606060606061	7.721518987341772	0	6.161616161616161	7.721518987341772	0	6.262626262626263	7.721518987341772	0	6.363636363636363	7.721518987341772	0
					6.464646464646465	7.721518987341772	0	6.565656565656566	7.721518987341772	0	6.666666666666666	7.721518987341772	0	6.767676767676768	7.721518987341772	0
					6.868686868686869	7.721518987341772	0	6.969696969696971	7.721518987341772	0	7.070707070707071	7.721518987341772	0	7.171717171717171	7.721518987341772	0
					7.272727272727273	7.721518987341772	0	7.373737373737374	7.721518987341772	0	7.474747474747475	7.721518987341772	0	7.575757575757576	7.721518987341772	0
					7.676767676767676	7.721518987341772	0	7.777777777777778	7.721518987341772	0	7.878787878787879	7.721518987341772	0	7.97979797979798	7.721518987341772	0
					8.080808080808081	7.721518987341772	0	8.181818181818182	7.721518987341772	0	8.282828282828284	7.721518987341772	0	8.383838383838384	7.721518987341772	0
					8.484848484848484	7.721518987341772	0	8.585858585858585	7.721518987341772	0	8.686868686868687	7.721518987341772	0	8.787878787878787	7.721518987341772	0
					8.888888888888889	7.721518987341772	0	8.98989898989899	7.721518987341772	0	9.09090909090909	7.721518987341772	0	9.191919191919192	7.721518987341772	0
					9.292929292929292	7.721518987341772	0	9.393939393939394	7.721518987341772	0	9.494949494949495	7.721518987341772	0	9.595959595959595	7.721518987341772	0
					9.696969696969697	7.721518987341772	0	9.797979797979798	7.721518987341772	0	9.8989898989899	7.721518987341772	0	0.101010101010101	7.59493670886076	0
					0.202020202020202	7.59493670886076	0	0.303030303030303	7.59493670886076	0	0.4040404040404041	7.59493670886076	0	0.5050505050505051	7.59493670886076	0
					0.6060606060606061	7.59493670886076	0	0.7070707070707071	7.59493670886076	0	0.8080808080808082	7.59493670886076	0	0.9090909090909092	7.59493670886076	0
					1.01010101010101	7.59493670886076	0	1.111111111111111	7.59493670886076	0	1.212121212121212	7.59493670886076	0	1.313131313131313	7.59493670886076	0
					1.414141414141414	7.59493670886076	0	1.515151515151515	7.59493670886076	0	1.616161616161616	7.59493670886076	0	1.717171717171717	7.59493670886076	0
					1.818181818181818	7.59493670886076	0	1.919191919191919	7.59493670886076	0	2.02020202020202	7.59493670886076	0	2.121212121212121	7.59493670886076	0
					2.222222222222222	7.59493670886076	0	2.323232323232323	7.59493670886076	0	2.424242424242424	7.59493670886076	0	2.525252525252526	7.59493670886076	0
					2.626262626262626	7.59493670886076	0	2.727272727272727	7.59493670886076	0	2.828282828282828	7.59493670886076	0	2.929292929292929	7.59493670886076	0
					3.03030303030303	7.59493670886076	0	3.131313131313131	7.59493670886076	0	3.232323232323233	7.59493670886076	0	3.333333333333333	7.59493670886076	0
					3.434343434343434	7.59493670886076	0	3.535353535353535	7.59493670886076	0	3.636363636363637	7.59493670886076	0	3.737373737373737	7.59493670886076	0
					3.838383838383838	7.59493670886076	0	3.939393939393939	7.59493670886076	0	4.040404040404041	7.59493670886076	0	4.141414141414142	7.59493670886076	0
					4.242424242424242	7.59493670886076	0	4.343434343434343	7.59493670886076	0	4.444444444444445	7.59493670886076	0	4.545454545454545	7.59493670886076	0
					4.646464646464646	7.59493670886076	0	4.747474747474747	7.59493670886076	0	4.848484848484849	7.59493670886076	0	4.94949494949495	7.59493670886076	0
					5.050505050505051	7.59493670886076	0	5.151515151515151	7.59493670886076	0	5.252525252525253	7.59493670886076	0	5.353535353535354	7.59493670886076	0
					5.454545454545454	7.59493670886076	0	5.555555555555555	7.59493670886076	0	5.656565656565657	7.59493670886076	0	5.757575757575758	7.59493670886076	0
					5.858585858585858	7.59493670886076	0	5.959595959595959	7.59493670886076	0	6.060606060606061	7.59493670886076	0	6.161616161616161	7.59493670886076	0
					6.262626262626263	7.59493670886076	0	6.363636363636363	7.59493670886076	0	6.464646464646465	7.59493670886076	0	6.565656565656566	7.59493670886076	0
					6.666666666666666	7.59493670886076	0	6.767676767676768	7.59493670886076	0	6.868686868686869	7.59493670886076	0	6.969696969696971	7.59493670886076	0
					7.070707070707071	7.59493670886076	0	7.171717171717171	7.59493670886076	0	7.272727272727273	7.59493670886076	0	7.373737373737374	7.59493670886076	0
					7.474747474747475	7.59493670886076	0	7.575757575757576	7.59493670886076	0	7.676767676767676	7.59493670886076	0	7.777777777777778	7.59493670886076	0
					7.878787878787879	7.59493670886076	0	7.97979797979798	7.59493670886076	0	8.080808080808081	7.59493670886076	0	8.181818181818182	7.59493670886076	0
					8.282828282828284	7.59493670886076	0	8.383838383838384	7.59493670886076	0	8.484848484848484	7.59493670886076	0	8.585858585858585	7.59493670886076	0
					8.686868686868687	7.59493670886076	0	8.787878787878787	7.59493670886076	0	8.888888888888889	7.59493670886076	0	8.98989898989899	7.59493670886076	0
					9.09090909090909	7.59493670886076	0	9.191919191919192	7.59493670886076	0	9.292929292929292	7.59493670886076	0	9.393939393939394	7.59493670886076	0
					9.494949494949495	7.59493670886076	0	9.595959595959595	7.59493670886076	0	9.696969696969697	7.59493670886076	0	9.797979797979798	7.59493670886076	0
					9.8989898989899	7.59493670886076	0	0.101010101010101	7.468354430379747	0	0.202020202020202	7.468354430379747	0	0.303030303030303	7.468354430379747	0
					0.4040404040404041	7.468354430379747	0	0.5050505050505051	7.468354430379747	0	0.6060606060606061	7.468354430379747	0	0.7070707070707071	7.468354430379747	0
					0.8080808080808082	7.468354430379747	0	0.9090909090909092	7.468354430379747	0	1.01010101010101	7.468354430379747	0	1.111111111111111	7.468354430379747	0
					1.212121212121212	7.468354430379747	0	1.313131313131313	7.468354430379747	0	1.414141414141414	7.468354430379747	0	1.515151515151515	7.468354430379747	0
					1.616161616161616	7.468354430379747	0	1.717171717171717	7.468354430379747	0	1.818181818181818	7.468354430379747	0	1.919191919191919	7.468354430379747	0
					2.02020202020202	7.468354430379747	0	2.121212121212121	7.468354430379747	0	2.222222222222222	7.468354430379747	0	2.323232323232323	7.468354430379747	0
					2.424242424242424	7.468354430379747	0	2.525252525252526	7.468354430379747	0	2.626262626262626	7.468354430379747	0	2.727272727272727	7.468354430379747	0
					2.828282828282828	7.468354430379747	0	2.929292929292929	7.468354430379747	0	3.03030303030303	7.468354430379747	0	3.131313131313131	7.468354430379747	0
					3.232323232323233	7.468354430379747	0	3.333333333333333	7.468354430379747	0	3.434343434343434	7.468354430379747	0	3.535353535353535	7.468354430379747	0
					3.636363636363637	7.468354430379747	0	3.737373737373737	7.468354430379747	0	3.838383838383838	7.468354430379747	0	3.939393939393939	7.468354430379747	0
					4.040404040404041	7.468354430379747	0	4.141414141414142	7.468354430379747	0	4.242424242424242	7.468354430379747	0	4.343434343434343	7.468354430379747	0
					4.444444444444445	7.468354430379747	0	4.545454545454545	7.468354430379747	0	4.646464646464646	7.468354430379747	0	4.747474747474747	7.468354430379747	0
					1.212121212121212	9.367088607594937	0	1.313131313131313	9.367088607594937	0	1.414141414141414	9.367088607594937	0	1.515151515151515	9.367088607594937	0
					1.616161616161616	9.367088607594937	0	1.717171717171717	9.367088607594937	0	1.818181818181818	9.367088607594937	0	1.919191919191919	9.367088607594937	0
					2.02020202020202	9.367088607594937	0	2.121212121212121	9.367088607594937	0	2.222222222222222	9.367088607594937	0	2.323232323232323	9.367088607594937	0
					2.424242424242424	9.367088607594937	0	2.525252525252526	9.367088607594937	0	2.626262626262626	9.367088607594937	0	2.727272727272727	9.367088607594937	0
					2.828282828282828	9.367088607594937	0	2.929292929292929	9.367088607594937	0	3.03030303030303	9.367088607594937	0	3.131313131313131	9.367088607594937	0
					3.232323232323233	9.367088607594937	0	3.333333333333333	9.367088607594937	0	3.434343434343434	9.367088607594937	0	3.535353535353535	9.367088607594937	0
					3.636363636363637	9.367088607594937	0	3.737373737373737	9.367088607594937	0	3.838383838383838	9.367088607594937	0	3.939393939393939	9.367088607594937	0
					4.040404040404041	9.367088607594937	0	4.141414141414142	9.367088607594937	0	4.242424242424242	9.367088607594937	0	4.343434343434343	9.367088607594937	0
					4.444444444444445	9.367088607594937	0	4.545454545454545	9.367088607594937	0	4.646464646464646	9.367088607594937	0	4.747474747474747	9.367088607594937	0
					4.848484848484849	9.367088607594937	0	4.94949494949495	9.367088607594937	0	5.050505050505051	9.367088607594937	0	5.151515151515151	9.367088607594937	0
					5.252525252525253	9.367088607594937	0	5.353535353535354	9.367088607594937	0	5.454545454545454	9.367088607594937	0	5.555555555555555	9.367088607594937	0
					5.656565656565657	9.367088607594937	0	5.757575757575758	9.367088607594937	0	5.858585858585858	9.367088607594937	0	5.959595959595959	9.367088607594937	0
					6.060606060606061	9.367088607594937	0	6.161616161616161	9.367088607594937	0	6.262626262626263	9.367088607594937	0	6.363636363636363	9.367088607594937	0
					6.464646464646465	9.367088607594937	0	6.565656565656566	9.367088607594937	0	6.666666666666666	9.367088607594937	0	6.767676767676768	9.367088607594937	0
					6.868686868686869	9.367088607594937	0	6.969696969696971	9.367088607594937	0	7.070707070707071	9.367088607594937	0	7.171717171717171	9.367088607594937	0
					7.272727272727273	9.367088607594937	0	7.373737373737374	9.367088607594937	0	7.474747474747475	9.367088607594937	0	7.575757575757576	9.367088607594937	0
					7.676767676767676	9.367088607594937	0	7.777777777777778	9.367088607594937	0	7.878787878787879	9.367088607594937	0	7.97979797979798	9.367088607594937	0
					8.080808080808081	9.367088607594937	0	8.181818181818182	9.367088607594937	0	8.282828282828284	9.367088607594937	0	8.383838383838384	9.367088607594937	0
					8.484848484848484	9.367088607594937	0	8.585858585858585	9.367088607594937	0	8.686868686868687	9.367088607594937	0	8.787878787878787	9.367088607594937	0
					8.888888888888889	9.367088607594937	0	8.98989898989899	9.367088607594937	0	9.09090909090909	9.367088607594937	0	9.191919191919192	9.367088607594937	0
					9.292929292929292	9.367088607594937	0	9.393939393939394	9.367088607594937	0	9.494949494949495	9.367088607594937	0	9.595959595959595	9.367088607594937	0
					9.696969696969697	9.367088607594937	0	9.797979797979798	9.367088607594937	0	9.8989898989899	9.367088607594937	0	0.101010101010101	9.240506329113924	0
					0.202020202020202	9.240506329113924	0	0.303030303030303	9.240506329113924	0	0.4040404040404041	9.240506329113924	0	0.5050505050505051	9.240506329113924	0
					0.6060606060606061	9.240506329113924	0	0.7070707070707071	9.240506329113924	0	0.8080808080808082	9.240506329113924	0	0.9090909090909092	9.240506329113924	0
					1.01010101010101	9.240506329113924	0	1.111111111111111	9.240506329113924	0	1.212121212121212	9.240506329113924	0	1.313131313131313	9.240506329113924	0
					1.414141414141414	9.240506329113924	0	1.515151515151515	9.240506329113924	0	1.616161616161616	9.240506329113924	0	1.717171717171717	9.240506329113924	0
					1.818181818181818	9.240506329113924	0	1.919191919191919	9.240506329113924	0	2.02020202020202	9.240506329113924	0	2.121212121212121	9.240506329113924	0
					2.222222222222222	9.240506329113924	0	2.323232323232323	9.240506329113924	0	2.424242424242424	9.240506329113924	0	2.525252525252526	9.240506329113924	0
					2.626262626262626	9.240506329113924	0	2.727272727272727	9.240506329113924	0	2.828282828282828	9.240506329113924	0	2.929292929292929	9.240506329113924	0
					3.03030303030303	9.240506329113924	0	3.131313131313131	9.240506329113924	0	3.232323232323233	9.240506329113924	0	3.333333333333333	9.240506329113924	0
					3.434343434343434	9.240506329113924	0	3.535353535353535	9.240506329113924	0	3.636363636363637	9.240506329113924	0	3.737373737373737	9.240506329113924	0
					3.838383838383838	9.240506329113924	0	3.939393939393939	9.240506329113924	0	4.040404040404041	9.240506329113924	0	4.141414141414142	9.240506329113924	0
					4.242424242424242	9.240506329113924	0	4.343434343434343	9.240506329113924	0	4.444444444444445	9.240506329113924	0	4.545454545454545	9.240506329113924	0
					4.646464646464646	9.240506329113924	0	4.747474747474747	9.240506329113924	0	4.848484848484849	9.240506329113924	0	4.94949494949495	9.240506329113924	0
					5.050505050505051	9.240506329113924	0	5.151515151515151	9.240506329113924	0	5.252525252525253	9.240506329113924	0	5.353535353535354	9.240506329113924	0
					5.454545454545454	9.240506329113924	0	5.555555555555555	9.240506329113924	0	5.656565656565657	9.240506329113924	0	5.757575757575758	9.240506329113924	0
					5.858585858585858	9.240506329113924	0	5.959595959595959	9.240506329113924	0	6.060606060606061	9.240506329113924	0	6.161616161616161	9.240506329113924	0
					6.262626262626263	9.240506329113924	0	6.363636363636363	9.240506329113924	0	6.464646464646465	9.240506329113924	0	6.565656565656566	9.240506329113924	0
					6.666666666666666	9.240506329113924	0	6.767676767676768	9.240506329113924	0	6.868686868686869	9.240506329113924	0	6.969696969696971	9.240506329113924	0
					7.070707070707071	9.240506329113924	0	7.171717171717171	9.240506329113924	0	7.272727272727273	9.240506329113924	0	7.373737373737374	9.240506329113924	0
					7.474747474747475	9.240506329113924	0	7.575757575757576	9.240506329113924	0	7.676767676767676	9.240506329113924	0	7.777777777777778	9.240506329113924	0
					7.878787878787879	9.240506329113924	0	7.97979797979798	9.240506329113924	0	8.080808080808081	9.240506329113924	0	8.181818181818182	9.240506329113924	0
					8.282828282828284	9.240506329113924	0	8.383838383838384	9.240506329113924	0	8.484848484848484	9.240506329113924	0	8.585858585858585	9.240506329113924	0
					8.686868686868687	9.240506329113924	0	8.787878787878787	9.240506329113924	0	8.888888888888889	9.240506329113924	0	8.98989898989899	9.240506329113924	0
					9.09090909090909	9.240506329113924	0	9.191919191919192	9.240506329113924	0	9.292929292929292	9.240506329113924	0	9.393939393939394	9.240506329113924	0
					9.494949494949495	9.240506329113924	0	9.595959595959595	9.240506329113924	0	9.696969696969697	9.240506329113924	0	9.797979797979798	9.240506329113924	0
					9.8989898989899	9.240506329113924	0	0.101010101010101	9.11392405063291	0	0.202020202020202	9.11392405063291	0	0.303030303030303	9.11392405063291	0
					0.4040404040404041	9.11392405063291	0	0.5050505050505051	9.11392405063291	0	0.6060606060606061	9.11392405063291	0	0.7070707070707071	9.11392405063291	0
					0.8080808080808082	9.11392405063291	0	0.9090909090909092	9.11392405063291	0	1.01010101010101	9.11392405063291	0	1.111111111111111	9.11392405063291	0
					1.212121212121212	9.11392405063291	0	1.313131313131313	9.11392405063291	0	1.414141414141414	9.11392405063291	0	1.515151515151515	9.11392405063291	0
					1.616161616161616	9.11392405063291	0	1.717171717171717	9.11392405063291	0	1.818181818181818	9.11392405063291	0	1.919191919191919	9.11392405063291	0
					2.02020202020202	9.11392405063291	0	2.121212121212121	9.11392405063291	0	2.222222222222222	9.11392405063291	0	2.323232323232323	9.11392405063291	0
					2.424242424242424	9.11392405063291	0	2.525252525252526	9.11392405063291	0	2.626262626262626	9.11392405063291	0	2.727272727272727	9.11392405063291	0
					2.828282828282828	9.11392405063291	0	2.929292929292929	9.11392405063291	0	3.03030303030303	9.11392405063291	0	3.131313131313131	9.11392405063291	0
					3.232323232323233	9.11392405063291	0	3.333333333333333	9.11392405063291	0	3.434343434343434	9.11392405063291	0	3.535353535353535	9.11392405063291	0
					3.636363636363637	9.11392405063291	0	3.737373737373737	9.11392405063291	0	3.838383838383838	9.11392405063291	0	3.939393939393939	9.11392405063291	0
					4.040404040404041	9.11392405063291	0	4.141414141414142	9.11392405063291	0	4.242424242424242	9.11392405063291	0	4.343434343434343	9.11392405063291	0
					4.444444444444445	9.11392405063291	0	4.545454545454545	9.11392405063291	0	4.646464646464646	9.11392405063291	0	4.747474747474747	9.11392405063291	0
					4.848484848484849	9.11392405063291	0	4.94949494949495	9.11392405063291	0	5.050505050505051	9.11392405063291	0	5.151515151515151	9.11392405063291	0
					5.252525252525253	9.11392405063291	0	5.353535353535354	9.11392405063291	0	5.454545454545454	9.11392405063291	0	5.555555555555555	9.11392405063291	0
					5.656565656565657	9.11392405063291	0	5.757575757575758	9.11392405063291	0	5.858585858585858	9.11392405063291	0	5.959595959595959	9.11392405063291	0
					6.060606060606061	9.11392405063291	0	6.161616161616161	9.11392405063291	0	6.262626262626263	9.11392405063291	0	6.363636363636363	9.11392405063291	0
					6.464646464646465	9.11392405063291	0	6.565656565656566	9.11392405063291	0	6.666666666666666	9.11392405063291	0	6.767676767676768	9.11392405063291	0
					6.868686868686869	9.11392405063291	0	6.969696969696971	9.11392405063291	0	7.070707070707071	9.11392405063291	0	7.171717171717171	9.11392405063291	0
					7.272727272727273	9.11392405063291	0	7.373737373737374	9.11392405063291	0	7.474747474747475	9.11392405063291	0	7.575757575757576	9.11392405063291	0
					7.676767676767676	9.11392405063291	0	7.777777777777778	9.11392405063291	0	7.878787878787879	9.11392405063291	0	7.97979797979798	9.11392405063291	0
					8.080808080808081	9.11392405063291	0	8.181818181818182	9.11392405063291	0	8.282828282828284	9.11392405063291	0	8.383838383838384	9.11392405063291	0
					8.484848484848484	9.11392405063291	0	8.585858585858585	9.11392405063291	0	8.686868686868687	9.11392405063291	0	8.787878787878787	9.11392405063291	0
					8.888888888888889	9.11392405063291	0	8.98989898989899	9.11392405063291	0	9.09090909090909	9.11392405063291	0	9.191919191919192	9.11392405063291	0
					9.292929292929292	9.11392405063291	0	9.393939393939394	9.11392405063291	0	9.494949494949495	9.11392405063291	0	9.595959595959595	9.11392405063291	0
					9.696969696969697	9.11392405063291	0	9.797979797979798	9.11392405063291	0	9.8989898989899	9.11392405063291	0	0.101010101010101	8.987341772151899	0
					0.202020202020202	8.987341772151899	0	0.303030303030303	8.987341772151899	0	0.4040404040404041	8.987341772151899	0	0.5050505050505051	8.987341772151899	0
					0.6060606060606061	8.987341772151899	0	0.7070707070707071	8.987341772151899	0	0.8080808080808082	8.987341772151899	0	0.9090909090909092	8.987341772151899	0
					1.01010101010101	8.987341772151899	0	1.111111111111111	8.987341772151899	0	1.212121212121212	8.987341772151899	0	1.313131313131313	8.987341772151899	0
					1.414141414141414	8.987341772151899	0	1.515151515151515	8.987341772151899	0	1.616161616161616	8.987341772151899	0	1.717171717171717	8.987341772151899	0
					1.818181818181818	8.987341772151899	0	1.919191919191919	8.987341772151899	0	2.02020202020202	8.987341772151899	0	2.121212121212121	8.987341772151899	0
					2.222222222222222	8.987341772151899	0	2.323232323232323	8.987341772151899	0	2.424242424242424	8.987341772151899	0	2.525252525252526	8.987341772151899	0
					2.626262626262626	8.987341772151899	0	2.727272727272727	8.987341772151899	0	2.828282828282828	8.987341772151899	0	2.929292929292929	8.987341772151899	0
					3.03030303030303	8.987341772151899	0	3.131313131313131	8.987341772151899	0	3.232323232323233	8.987341772151899	0	3.333333333333333	8.987341772151899	0
					3.434343434343434	8.987341772151899	0	3.535353535353535	8.987341772151899	0	3.636363636363637	8.987341772151899	0	3.737373737373737	8.987341772151899	0
					3.838383838383838	8.987341772151899	0	3.939393939393939	8.987341772151899	0	4.040404040404041	8.987341772151899	0	4.141414141414142	8.987341772151899	0
					4.242424242424242	8.987341772151899	0	4.343434343434343	8.987341772151899	0	4.444444444444445	8.987341772151899	0	4.545454545454545	8.987341772151899	0
					4.646464646464646	8.987341772151899	0	4.747474747474747	8.987341772151899	0	4.848484848484849	8.987341772151899	0	4.94949494949495	8.987341772151899	0
					5.050505050505051	8.987341772151899	0	5.151515151515151	8.987341772151899	0	5.252525252525253	8.987341772151899	0	5.353535353535354	8.987341772151899	0
					5.454545454545454	8.987341772151899	0	5.555555555555555	8.987341772151899	0	5.656565656565657	8.987341772151899	0	5.757575757575758	8.987341772151899	0
					5.858585858585858	8.987341772151899	0	5.959595959595959	8.987341772151899	0	6.060606060606061	8.987341772151899	0	6.161616161616161	8.987341772151899	0
					6.262626262626263	8.987341772151899	0	6.363636363636363	8.987341772151899	0	6.464646464646465	8.987341772151899	0	6.565656565656566	8.987341772151899	0
					6.666666666666666	8.987341772151899	0	6.767676767676768	8.987341772151899	0	6.868686868686869	8.987341772151899	0	6.969696969696971	8.987341772151899	0
					7.070707070707071	8.987341772151899	0	7.171717171717171	8.987341772151899	0	7.272727272727273	8.987341772151899	0	7.373737373737374	8.987341772151899	0
					7.474747474747475	8.987341772151899	0	7.575757575757576	8.987341772151899	0	7.676767676767676	8.987341772151899	0	7.777777777777778	8.987341772151899	0
					7.878787878787879	8.987341772151899	0	7.97979797979798	8.987341772151899	0	8.080808080808081	8.987341772151899	0	8.181818181818182	8.987341772151899	0
					8.282828282828284	8.987341772151899	0	8.383838383838384	8.987341772151899	0	8.484848484848484	8.987341772151899	0	8.585858585858585	8.987341772151899	0
					8.686868686868687	8.987341772151899	0	8.787878787878787	8.987341772151899	0	8.888888888888889	8.987341772151899	0	8.98989898989899	8.987341772151899	0
					9.09090909090909	8.987341772151899	0	9.191919191919192	8.987341772151899	0	9.292929292929292	8.987341772151899	0	9.393939393939394	8.987341772151899	0
					9.494949494949495	8.987341772151899	0	9.595959595959595	8.987341772151899	0	9.696969696969697	8.987341772151899	0	9.797979797979798	8.987341772151899	0
					9.8989898989899	8.987341772151899	0	0.101010101010101	8.860759493670885	0	0.202020202020202	8.860759493670885	0	0.303030303030303	8.860759493670885	0
					0.4040404040404041	8.860759493670885	0	0.5050505050505051	8.860759493670885	0	0.6060606060606061	8.860759493670885	0	0.7070707070707071	8.860759493670885	0
					0.8080808080808082	8.860759493670885	0	0.9090909090909092	8.860759493670885	0	1.01010101010101	8.860759493670885	0	1.111111111111111	8.860759493670885	0
					1.212121212121212	8.860759493670885	0	1.313131313131313	8.860759493670885	0	1.414141414141414	8.860759493670885	0	1.515151515151515	8.860759493670885	0
					1.616161616161616	8.860759493670885	0	1.717171717171717	8.860759493670885	0	1.818181818181818	8.860759493670885	0	1.919191919191919	8.860759493670885	0
					2.02020202020202	8.860759493670885	0	2.121212121212121	8.860759493670885	0	2.222222222222222	8.860759493670885	0	2.323232323232323	8.860759493670885	0
					2.424242424242424	8.860759493670885	0	2.525252525252526	8.860759493670885	0	2.626262626262626	8.860759493670885	0	2.727272727272727	8.860759493670885	0
					2.828282828282828	8.860759493670885	0	2.929292929292929	8.860759493670885	0	3.03030303030303	8.860759493670885	0	3.131313131313131	8.860759493670885	0
					3.232323232323233	8.860759493670885	0	3.333333333333333	8.860759493670885	0	3.434343434343434	8.860759493670885	0	3.535353535353535	8.860759493670885	0
					3.636363636363637	8.860759493670885	0	3.737373737373737	8.860759493670885	0	3.838383838383838	8.860759493670885	0	3.939393939393939	8.860759493670885	0
					4.040404040404041	8.860759493670885	0	4.141414141414142	8.860759493670885	0	4.242424242424242	8.860759493670885	0	4.343434343434343	8.860759493670885	0
					4.444444444444445	8.860759493670885	0	4.545454545454545	8.860759493670885	0	4.646464646464646	8.860759493670885	0	4.747474747474747	8.860759493670885	0
					4.848484848484849	8.860759493670885	0	4.94949494949495	8.860759493670885	0	5.050505050505051	8.860759493670885	0	5.151515151515151	8.860759493670885	0
					5.252525252525253	8.860759493670885	0	5.353535353535354	8.860759493670885	0	5.454545454545454	8.860759493670885	0	5.555555555555555	8.860759493670885	0
					5.656565656565657	8.860759493670885	0	5.757575757575758	8.860759493670885	0	5.858585858585858	8.860759493670885	0	5.959595959595959	8.860759493670885	0
					6.060606060606061	8.860759493670885	0	6.161616161616161	8.860759493670885	0	6.262626262626263	8.860759493670885	0	6.363636363636363	8.860759493670885	0
					6.464646464646465	8.860759493670885	0	6.565656565656566	8.860759493670885	0	6.666666666666666	8.860759493670885	0	6.767676767676768	8.860759493670885	0
					6.868686868686869	8.860759493670885	0	6.969696969696971	8.860759493670885	0	7.070707070707071	8.860759493670885	0	7.171717171717171	8.860759493670885	0
					7.272727272727273	8.860759493670885	0	7.373737373737374	8.860759493670885	0	7.474747474747475	8.860759493670885	0	7.575757575757576	8.860759493670885	0
					7.676767676767676	8.860759493670885	0	7.777777777777778	8.860759493670885	0	7.878787878787879	8.860759493670885	0	7.97979797979798	8.860759493670885	0
					8.080808080808081	8.860759493670885	0	8.181818181818182	8.860759493670885	0	8.282828282828284	8.860759493670885	0	8.383838383838384	8.860759493670885	0
					8.484848484848484	8.860759493670885	0	8.585858585858585	8.860759493670885	0	8.686868686868687	8.860759493670885	0	8.787878787878787	8.860759493670885	0
					8.888888888888889	8.860759493670885	0	8.98989898989899	8.860759493670885	0	9.09090909090909	8.860759493670885	0	9.191919191919192	8.860759493670885	0
					9.292929292929292	8.860759493670885	0	9.393939393939394	8.860759493670885	0	9.494949494949495	8.860759493670885	0	9.595959595959595	8.860759493670885	0
					9.696969696969697	8.860759493670885	0	9.797979797979798	8.860759493670885	0	9.8989898989899	8.860759493670885	0	0.101010101010101	8.734177215189874	0
					0.202020202020202	8.734177215189874	0	0.303030303030303	8.734177215189874	0	0.4040404040404041	8.734177215189874	0	0.5050505050505051	8.734177215189874	0
					0.6060606060606061	8.734177215189874	0	0.7070707070707071	8.734177215189874	0	0.8080808080808082	8.734177215189874	0	0.9090909090909092	8.734177215189874	0
					1.01010101010101	8.734177215189874	0	1.111111111111111	8.734177215189874	0	1.212121212121212	8.734177215189874	0	1.313131313131313	8.734177215189874	0
					1.414141414141414	8.734177215189874	0	1.515151515151515	8.734177215189874	0	1.616161616161616	8.734177215189874	0	1.717171717171717	8.734177215189874	0
					1.818181818181818	8.734177215189874	0	1.919191919191919	8.734177215189874	0	2.02020202020202	8.734177215189874	0	2.121212121212121	8.734177215189874	0
					2.222222222222222	8.734177215189874	0	2.323232323232323	8.734177215189874	0	6.464646464646465	9.873417721518988	0	6.565656565656566	9.873417721518988	0
					6.666666666666666	9.873417721518988	0	6.767676767676768	9.873417721518988	0	6.868686868686869	9.873417721518988	0	6.969696969696971	9.873417721518988	0
					7.070707070707071	9.873417721518988	0	7.171717171717171	9.873417721518988	0	7.272727272727273	9.873417721518988	0	7.373737373737374	9.873417721518988	0
					7.474747474747475	9.873417721518988	0	7.575757575757576	9.873417721518988	0	7.676767676767676	9.873417721518988	0	7.777777777777778	9.873417721518988	0
					7.878787878787879	9.873417721518988	0	7.97979797979798	9.873417721518988	0	8.080808080808081	9.873417721518988	0	8.181818181818182	9.873417721518988	0
					8.282828282828284	9.873417721518988	0	8.383838383838384	9.873417721518988	0	8.484848484848484	9.873417721518988	0	8.585858585858585	9.873417721518988	0
					8.686868686868687	9.873417721518988	0	8.787878787878787	9.873417721518988	0	8.888888888888889	9.873417721518988	0	8.98989898989899	9.873417721518988	0
					9.09090909090909	9.873417721518988	0	9.191919191919192	9.873417721518988	0	9.292929292929292	9.873417721518988	0	9.393939393939394	9.873417721518988	0
					9.494949494949495	9.873417721518988	0	9.595959595959595	9.873417721518988	0	9.696969696969697	9.873417721518988	0	9.797979797979798	9.873417721518988	0
					9.8989898989899	9.873417721518988	0	0.101010101010101	9.746835443037975	0	0.202020202020202	9.746835443037975	0	0.303030303030303	9.746835443037975	0
					0.4040404040404041	9.746835443037975	0	0.5050505050505051	9.746835443037975	0	0.6060606060606061	9.746835443037975	0	0.7070707070707071	9.746835443037975	0
					0.8080808080808082	9.746835443037975	0	0.9090909090909092	9.746835443037975	0	1.01010101010101	9.746835443037975	0	1.111111111111111	9.746835443037975	0
					1.212121212121212	9.746835443037975	0	1.313131313131313	9.746835443037975	0	1.414141414141414	9.746835443037975	0	1.515151515151515	9.746835443037975	0
					1.616161616161616	9.746835443037975	0	1.717171717171717	9.746835443037975	0	1.818181818181818	9.746835443037975	0	1.919191919191919	9.746835443037975	0
					2.02020202020202	9.746835443037975	0	2.121212121212121	9.746835443037975	0	2.222222222222222	9.746835443037975	0	2.323232323232323	9.746835443037975	0
					2.424242424242424	9.746835443037975	0	2.525252525252526	9.746835443037975	0	2.626262626262626	9.746835443037975	0	2.727272727272727	9.746835443037975	0
					2.828282828282828	9.746835443037975	0	2.929292929292929	9.746835443037975	0	3.03030303030303	9.746835443037975	0	3.131313131313131	9.746835443037975	0
					3.232323232323233	9.746835443037975	0	3.333333333333333	9.746835443037975	0	3.434343434343434	9.746835443037975	0	3.535353535353535	9.746835443037975	0
					3.636363636363637	9.746835443037975	0	3.737373737373737	9.746835443037975	0	3.838383838383838	9.746835443037975	0	3.939393939393939	9.746835443037975	0
					4.040404040404041	9.746835443037975	0	4.141414141414142	9.746835443037975	0	4.242424242424242	9.746835443037975	0	4.343434343434343	9.746835443037975	0
					4.444444444444445	9.746835443037975	0	4.545454545454545	9.746835443037975	0	4.646464646464646	9.746835443037975	0	4.747474747474747	9.746835443037975	0
					4.848484848484849	9.746835443037975	0	4.94949494949495	9.746835443037975	0	5.050505050505051	9.746835443037975	0	5.151515151515151	9.746835443037975	0
					5.252525252525253	9.746835443037975	0	5.353535353535354	9.746835443037975	0	5.454545454545454	9.746835443037975	0	5.555555555555555	9.746835443037975	0
					1.616161616161616	9.873417721518988	0	1.717171717171717	9.873417721518988	0	1.818181818181818	9.873417721518988	0	1.919191919191919	9.873417721518988	0
					2.02020202020202	9.873417721518988	0	2.121212121212121	9.873417721518988	0	2.222222222222222	9.873417721518988	0	2.323232323232323	9.873417721518988	0
					2.424242424242424	9.873417721518988	0	2.525252525252526	9.873417721518988	0	2.626262626262626	9.873417721518988	0	2.727272727272727	9.873417721518988	0
					2.828282828282828	9.873417721518988	0	2.929292929292929	9.873417721518988	0	3.03030303030303	9.873417721518988	0	3.131313131313131	9.873417721518988	0
					3.232323232323233	10	0	3.333333333333333	10	0	3.434343434343434	10	0	3.535353535353535	10	0
					3.636363636363637	10	0	3.737373737373737	10	0	3.838383838383838	10	0	3.939393939393939	10	0
					4.040404040404041	10	0	4.141414141414142	10	0	4.242424242424242	10	0	4.343434343434343	10	0
					4.444444444444445	10	0	4.545454545454545	10	0	4.646464646464646	10	0	4.747474747474747	10	0
					4.848484848484849	10	0	4.94949494949495	10	0	5.050505050505051	10	0	5.151515151515151	10	0
					5.252525252525253	10	0	5.353535353535354	10	0	5.454545454545454	10	0	5.555555555555555	10	0
					5.656565656565657	10	0	5.757575757575758	10	0	5.858585858585858	10	0	5.959595959595959	10	0
					6.060606060606061	10	0	6.161616161616161	10	0	6.262626262626263	10	0	6.363636363636363	10	0
					0.4040404040404041	10	0	0.5050505050505051	10	0	0.6060606060606061	10	0	0.7070707070707071	10	0
					10	9.746835443037975	0	0	9.620253164556962	0	10	9.620253164556962	0	0	9.493670886075948	0
					10	9.493670886075948	0	0	9.367088607594937	0	10	4.936708860759494	0	0	4.810126582278481	0
					10	4.810126582278481	0	0	4.683544303797468	0	10	4.683544303797468	0	0	4.556962025316455	0
					10	4.556962025316455	0	0	4.430379746835443	0	10	4.430379746835443	0	0	4.30379746835443	0
					10	4.30379746835443	0	0	4.177215189873418	0	10	4.177215189873418	0	0	4.050632911392405	0
					10	4.050632911392405	0	0	3.924050632911392	0	10	3.924050632911392	0	0	3.79746835443038	0
					10	3.79746835443038	0	0	3.670886075949367	0	10	3.670886075949367	0	0	3.544303797468355	0
					10	3.544303797468355	0	0	3.417721518987342	0	10	3.417721518987342	0	0	3.291139240506329	0
					10	3.291139240506329	0	0	3.164556962025316	0	10	3.164556962025316	0	0	3.037974683544304	0
					10	3.037974683544304	0	0	2.911392405063291	0	10	2.911392405063291	0	0	2.784810126582278	0
					10	2.784810126582278	0	0	2.658227848101266	0	10	2.658227848101266	0	0	2.531645569620253	0
					10	2.531645569620253	0	0	2.40506329113924	0	10	2.40506329113924	0	0	2.278481012658228	0
					10	2.278481012658228	0	0	2.151898734177215	0	10	2.151898734177215	0	0	2.025316455696203	0
					10	2.025316455696203	0	0	1.89873417721519	0	10	1.89873417721519	0	0	1.772151898734177	0
					10	1.772151898734177	0	0	1.645569620253164	0	10	1.645569620253164	0	0	1.518987341772152	0
					10	1.518987341772152	0	0	1.392405063291139	0	10	1.392405063291139	0	0	1.265822784810127	0
					10	1.265822784810127	0	0	1.139240506329114	0	10	1.139240506329114	0	0	1.012658227848101	0
					10	1.012658227848101	0	0	0.8860759493670887	0	10	0.8860759493670887	0	0	0.759493670886076	0
					10	0.759493670886076	0	0	0.6329113924050633	0	10	0.6329113924050633	0	0	0.5063291139240507	0
					10	0.5063291139240507	0	0	0.379746835443038	0	10	0.379746835443038	0	0	0.2531645569620253	0
					10	0.2531645569620253	0	0	0.1265822784810127	0	10	0.1265822784810127	0	0	0	0
					0.101010101010101	0	0	0.202020202020202	0	0	0.303030303030303	0	0	0.4040404040404041	0	0
					0.5050505050505051	0	0	0.6060606060606061	0	0	0.7070707070707071	0	0	0.8080808080808082	0	0
					0.9090909090909092	0	0	1.01010101010101	0	0	1.111111111111111	0	0	1.212121212121212	0	0
					1.313131313131313	0	0	1.414141414141414	0	0	1.515151515151515	0	0	1.616161616161616	0	0
					1.717171717171717	0	0	1.818181818181818	0	0	1.919191919191919	0	0	2.02020202020202	0	0
					2.121212121212121	0	0	2.222222222222222	0	0	2.323232323232323	0	0	2.424242424242424	0	0
					2.525252525252526	0	0	2.626262626262626	0	0	2.727272727272727	0	0	2.828282828282828	0	0
					2.929292929292929	0	0	3.03030303030303	0	0	3.131313131313131	0	0	3.232323232323233	0	0
					3.333333333333333	0	0	3.434343434343434	0	0	3.535353535353535	0	0	3.636363636363637	0	0
					3.737373737373737	0	0	3.838383838383838	0	0	3.939393939393939	0	0	4.040404040404041	0	0
					4.141414141414142	0	0	4.242424242424242	0	0	4.343434343434343	0	0	4.444444444444445	0	0
					4.545454545454545	0	0	4.646464646464646	0	0	4.747474747474747	0	0	4.848484848484849	0	0
					4.94949494949495	0	0	5.050505050505051	0	0	5.151515151515151	0	0	5.252525252525253	0	0
					5.353535353535354	0	0	5.454545454545454	0	0	5.555555555555555	0	0	5.656565656565657	0	0
					5.757575757575758	0	0	5.858585858585858	0	0	5.959595959595959	0	0	6.060606060606061	0	0
					6.161616161616161	0	0	6.262626262626263	0	0	6.363636363636363	0	0	6.464646464646465	0	0
					6.565656565656566	0	0	6.666666666666666	0	0	6.767676767676768	0	0	6.868686868686869	0	0
					6.969696969696971	0	0	7.070707070707071	0	0	7.171717171717171	0	0	7.272727272727273	0	0
					7.373737373737374	0	0	7.474747474747475	0	0	7.575757575757576	0	0	7.676767676767676	0	0
					7.777777777777778	0	0	7.878787878787879	0	0	7.97979797979798	0	0	8.080808080808081	0	0
					8.181818181818182	0	0	8.282828282828284	0	0	8.383838383838384	0	0	8.484848484848484	0	0
					8.585858585858585	0	0	8.686868686868687	0	0	8.787878787878787	0	0	8.888888888888889	0	0
					8.98989898989899	0	0	9.09090909090909	0	0	9.191919191919192	0	0	9.292929292929292	0	0
					9.393939393939394	0	0	9.494949494949495	0	0	9.595959595959595	0	0	9.696969696969697	0	0
					9.797979797979798	0	0	9.8989898989899	0	0	10	0	0	0.8080808080808082	10	0
					0.9090909090909092	10	0	1.01010101010101	10	0	1.111111111111111	10	0	1.212121212121212	10	0
					1.313131313131313	10	0	1.414141414141414	10	0	1.515151515151515	10	0	10	7.468354430379747	0
					0	7.341772151898734	0	10	7.341772151898734	0	0	7.215189873417721	0	10	7.215189873417721	0
					0	7.088607594936709	0	10	7.088607594936709	0	0	6.962025316455697	0	10	6.962025316455697	0
					0	6.835443037974684	0	10	6.835443037974684	0	0	6.708860759493671	0	10	6.708860759493671	0
					0	6.582278481012658	0	10	6.582278481012658	0	0	6.455696202531645	0	10	6.455696202531645	0
					0	6.329113924050633	0	10	6.329113924050633	0	0	6.20253164556962	0	10	6.20253164556962	0
					0	6.075949367088608	0	10	6.075949367088608	0	0	5.949367088607595	0	10	5.949367088607595	0
					0	5.822784810126582	0	10	5.822784810126582	0	0	5.69620253164557	0	10	5.69620253164557	0
					0	5.569620253164556	0	10	5.569620253164556	0	0	5.443037974683545	0	10	5.443037974683545	0
					0	5.316455696202532	0	10	5.316455696202532	0	0	5.189873417721519	0	10	5.189873417721519	0
					0	5.063291139240507	0	10	5.063291139240507	0	0	4.936708860759494	0	0	10	0
					0	9.873417721518988	0	0.101010101010101	10	0	0.202020202020202	10	0	0.303030303030303	10	0
					10	8.734177215189874	0	0	8.60759493670886	0	10	8.60759493670886	0	0	8.481012658227847	0
					10	8.481012658227847	0	0	8.354430379746836	0	10	8.354430379746836	0	0	8.227848101265824	0
					10	8.227848101265824	0	0	8.101265822784811	0	10	8.101265822784811	0	0	7.974683544303797	0
					10	7.974683544303797	0	0	7.848101265822784	0	10	7.848101265822784	0	0	7.721518987341772	0
					10	7.721518987341772	0	0	7.59493670886076	0	10	7.59493670886076	0	0	7.468354430379747	0
					10	9.367088607594937	0	0	9.240506329113924	0	10	9.240506329113924	0	0	9.11392405063291	0
					10	9.11392405063291	0	0	8.987341772151899	0	10	8.987341772151899	0	0	8.860759493670885	0
					10	8.860759493670885	0	0	8.734177215189874	0	6.464646464646465	10	0	6.565656565656566	10	0
					6.666666666666666	10	0	6.767676767676768	10	0	6.868686868686869	10	0	6.969696969696971	10	0
					7.070707070707071	10	0	7.171717171717171	10	0	7.272727272727273	10	0	7.373737373737374	10	0
					7.474747474747475	10	0	7.575757575757576	10	0	7.676767676767676	10	0	7.777777777777778	10	0
					7.878787878787879	10	0	7.97979797979798	10	0	8.080808080808081	10	0	8.181818181818182	10	0
					8.282828282828284	10	0	8.383838383838384	10	0	8.484848484848484	10	0	8.585858585858585	10	0
					8.686868686868687	10	0	8.787878787878787	10	0	8.888888888888889	10	0	8.98989898989899	10	0
					9.09090909090909	10	0	9.191919191919192	10	0	9.292929292929292	10	0	9.393939393939394	10	0
					9.494949494949495	10	0	9.595959595959595	10	0	9.696969696969697	10	0	9.797979797979798	10	0
					9.8989898989899	10	0	10	9.873417721518988	0	10	10	0	0	9.746835443037975	0
					1.616161616161616	10	0	1.717171717171717	10	0	1.818181818181818	10	0	1.919191919191919	10	0
					2.02020202020202	10	0	2.121212121212121	10	0	2.222222222222222	10	0	2.323232323232323	10	0
					2.424242424242424	10	0	2.525252525252526	10	0	2.626262626262626	10	0	2.727272727272727	10	0
					2.828282828282828	10	0	2.929292929292929	10	0	3.03030303030303	10	0	3.131313131313131	10	0
									</DataArray>
			</Points>
			<Cells>
				<DataArray type="Int32" Name="connectivity" NumberOfComponents="1" format="ascii">
					6140	6141	6043	6042	6141	6142	6044	6043	6142	6143	6045	6044	6143	6144	6046	6045	6144	6145	6047
					6046	6145	6146	6048	6047	6146	6147	6049	6048	6147	6148	6050	6049	6148	6149	6051	6050	6149	6150
					6052	6051	6150	6151	6053	6052	6151	6152	6054	6053	6152	6153	6055	6054	6153	6154	6056	6055	6154
					6155	6057	6056	6155	6156	6058	6057	6156	6157	6059	6058	6157	6158	6060	6059	6158	6159	6061	6060
					6159	6160	6062	6061	6160	6161	6063	6062	6161	6162	6064	6063	6162	6163	6065	6064	6163	6164	6066
					6065	6164	6165	6067	6066	6165	6166	6068	6067	6166	6167	6069	6068	6167	6168	6070	6069	6168	6169
					6071	6070	6169	6170	6072	6071	6170	6171	6073	6072	6171	6172	6074	6073	6172	6173	6075	6074	6173
					6174	6076	6075	6174	6175	6077	6076	6175	6176	6078	6077	6176	6177	6079	6078	6177	6178	6080	6079
					6178	6179	6081	6080	6179	6180	6082	6081	6180	6181	6083	6082	6181	6182	6084	6083	6182	6183	6085
					6084	6183	6184	6086	6085	6184	6185	6087	6086	6185	6186	6088	6087	6186	6187	6089	6088	6187	6188
					6090	6089	6188	6189	6091	6090	6189	6190	6092	6091	6190	6191	6093	6092	6191	6192	6094	6093	6192
					6193	6095	6094	6193	6194	6096	6095	6194	6195	6097	6096	6195	6196	6098	6097	6196	6197	6099	6098
					6197	6198	6100	6099	6198	6199	6101	6100	6199	6200	6102	6101	6200	6201	6103	6102	6201	6202	6104
					6103	6202	6203	6105	6104	6203	6204	6106	6105	6205	6206	6108	6107	6206	6207	6109	6108	6207	6208
					6110	6109	6208	6209	6111	6110	6209	6210	6112	6111	6210	6211	6113	6112	6211	6212	6114	6113	6212
					6213	6115	6114	6213	6214	6116	6115	6214	6215	6117	6116	6215	6216	6118	6117	6216	6217	6119	6118
					6217	6218	6120	6119	6218	6219	6121	6120	6219	6220	6122	6121	6220	6221	6123	6122	6221	6222	6124
					6123	6222	6223	6125	6124	6223	6224	6126	6125	6224	6225	6127	6126	6225	6226	6128	6127	6226	6227
					6129	6128	6227	6228	6130	6129	6228	6229	6131	6130	6229	6230	6132	6131	6230	6231	6133	6132	6231
					6232	6134	6133	6232	6233	6135	6134	6233	6234	6136	6135	6234	6235	6137	6136	6235	6236	6138	6137
					6236	6237	6139	6138	6237	6238	6140	6139	6238	6239	6141	6140	6239	6240	6142	6141	6240	6241	6143
					6142	6241	6242	6144	6143	6242	6243	6145	6144	6243	6244	6146	6145	6244	6245	6147	6146	6245	6246
					6148	6147	6246	6247	6149	6148	6247	6248	6150	6149	6248	6249	6151	6150	6249	6250	6152	6151	6250
					6251	6153	6152	6251	6252	6154	6153	6252	6253	6155	6154	6253	6254	6156	6155	6254	6255	6157	6156
					6255	6256	6158	6157	6256	6257	6159	6158	6257	6258	6160	6159	6258	6259	6161	6160	6259	6260	6162
					6161	6260	6261	6163	6162	6261	6262	6164	6163	6262	6263	6165	6164	6263	6264	6166	6165	6264	6265
					6167	6166	6265	6266	6168	6167	6266	6267	6169	6168	6267	6268	6170	6169	6268	6269	6171	6170	6269
					6270	6172	6171	6270	6271	6173	6172	6271	6272	6174	6173	6272	6273	6175	6174	6273	6274	6176	6175
					6274	6275	6177	6176	6275	6276	6178	6177	6276	6277	6179	6178	6277	6278	6180	6179	6278	6279	6181
					6180	6279	6280	6182	6181	6280	6281	6183	6182	6281	6282	6184	6183	6282	6283	6185	6184	6283	6284
					6186	6185	6284	6285	6187	6186	6285	6286	6188	6187	6286	6287	6189	6188	6287	6288	6190	6189	6288
					6289	6191	6190	6289	6290	6192	6191	6290	6291	6193	6192	6291	6292	6194	6193	6292	6293	6195	6194
					6293	6294	6196	6195	6294	6295	6197	6196	6295	6296	6198	6197	6296	6297	6199	6198	6297	6298	6200
					6199	6298	6299	6201	6200	6299	6300	6202	6201	6300	6301	6203	6202	6301	6302	6204	6203	6303	6304
					6206	6205	6304	6305	6207	6206	6305	6306	6208	6207	6306	6307	6209	6208	6307	6308	6210	6209	6308
					6309	6211	6210	6309	6310	6212	6211	6310	6311	6213	6212	6311	6312	6214	6213	6312	6313	6215	6214
					6313	6314	6216	6215	6314	6315	6217	6216	6315	6316	6218	6217	6316	6317	6219	6218	6317	6318	6220
					6219	6318	6319	6221	6220	6319	6320	6222	6221	6320	6321	6223	6222	6321	6322	6224	6223	6322	6323
					6225	6224	6323	6324	6226	6225	6324	6325	6227	6226	6325	6326	6228	6227	6326	6327	6229	6228	6327
					6328	6230	6229	6328	6329	6231	6230	6329	6330	6232	6231	6330	6331	6233	6232	6331	6332	6234	6233
					6332	6333	6235	6234	6333	6334	6236	6235	6334	6335	6237	6236	6335	6336	6238	6237	6336	6337	6239
					6238	6337	6338	6240	6239	6338	6339	6241	6240	6339	6340	6242	6241	6340	6341	6243	6242	6341	6342
					6244	6243	6342	6343	6245	6244	6343	6344	6246	6245	6344	6345	6247	6246	6345	6346	6248	6247	6346
					6347	6249	6248	6347	6348	6250	6249	6348	6349	6251	6250	6349	6350	6252	6251	6350	6351	6253	6252
					6351	6352	6254	6253	6352	6353	6255	6254	6353	6354	6256	6255	6354	6355	6257	6256	6355	6356	6258
					6257	6356	6357	6259	6258	6357	6358	6260	6259	6358	6359	6261	6260	6359	6360	6262	6261	6360	6361
					6263	6262	6361	6362	6264	6263	6362	6363	6265	6264	6363	6364	6266	6265	6364	6365	6267	6266	6365
					6366	6268	6267	6366	6367	6269	6268	6367	6368	6270	6269	6368	6369	6271	6270	6369	6370	6272	6271
					6370	6371	6273	6272	6371	6372	6274	6273	6372	6373	6275	6274	6373	6374	6276	6275	6374	6375	6277
					6276	6375	6376	6278	6277	6376	6377	6279	6278	6377	6378	6280	6279	6378	6379	6281	6280	6379	6380
					6282	6281	6380	6381	6283	6282	6381	6382	6284	6283	6382	6383	6285	6284	6383	6384	6286	6285	6384
					6385	6287	6286	6385	6386	6288	6287	6386	6387	6289	6288	6387	6388	6290	6289	6388	6389	6291	6290
					6389	6390	6292	6291	6390	6391	6293	6292	6391	6392	6294	6293	6392	6393	6295	6294	6393	6394	6296
					6295	6394	6395	6297	6296	6395	6396	6298	6297	6396	6397	6299	6298	6397	6398	6300	6299	6398	6399
					6301	6300	6399	6400	6302	6301	6401	6402	6304	6303	6402	6403	6305	6304	6403	6404	6306	6305	6404
					6405	6307	6306	6405	6406	6308	6307	6406	6407	6309	6308	6407	6408	6310	6309	6408	6409	6311	6310
					6409	6410	6312	6311	6410	6411	6313	6312	6411	6412	6314	6313	6412	6413	6315	6314	6413	6414	6316
					6315	6414	6415	6317	6316	6415	6416	6318	6317	6416	6417	6319	6318	6417	6418	6320	6319	6418	6419
					6321	6320	6419	6420	6322	6321	6420	6421	6323	6322	6421	6422	6324	6323	6422	6423	6325	6324	6423
					6424	6326	6325	6424	6425	6327	6326	6425	6426	6328	6327	6426	6427	6329	6328	6427	6428	6330	6329
					6428	6429	6331	6330	6429	6430	6332	6331	6430	6431	6333	6332	6431	6432	6334	6333	6432	6433	6335
					6334	6433	6434	6336	6335	6434	6435	6337	6336	6435	6436	6338	6337	6436	6437	6339	6338	6437	6438
					6340	6339	6438	6439	6341	6340	6439	6440	6342	6341	6440	6441	6343	6342	6441	6442	6344	6343	6442
					6443	6345	6344	6443	6444	6346	6345	6444	6445	6347	6346	6445	6446	6348	6347	6446	6447	6349	6348
					6447	6448	6350	6349	6448	6449	6351	6350	6449	6450	6352	6351	6450	6451	6353	6352	6451	6452	6354
					6353	6452	6453	6355	6354	6453	6454	6356	6355	6454	6455	6357	6356	6455	6456	6358	6357	6456	6457
					6359	6358	6457	6458	6360	6359	6458	6459	6361	6360	6459	6460	6362	6361	6460	6461	6363	6362	6461
					6462	6364	6363	6462	6463	6365	6364	6463	6464	6366	6365	6464	6465	6367	6366	6465	6466	6368	6367
					6466	6467	6369	6368	6467	6468	6370	6369	6468	6469	6371	6370	6469	6470	6372	6371	6470	6471	6373
					6372	6471	6472	6374	6373	6472	6473	6375	6374	6473	6474	6376	6375	6474	6475	6377	6376	6475	6476
					6378	6377	6476	6477	6379	6378	6477	6478	6380	6379	6478	6479	6381	6380	6479	6480	6382	6381	6480
					6481	6383	6382	6481	6482	6384	6383	6482	6483	6385	6384	6483	6484	6386	6385	6484	6485	6387	6386
					6485	6486	6388	6387	6486	6487	6389	6388	6487	6488	6390	6389	6488	6489	6391	6390	6489	6490	6392
					6391	6490	6491	6393	6392	6491	6492	6394	6393	6492	6493	6395	6394	6493	6494	6396	6395	6494	6495
					6397	6396	6495	6496	6398	6397	6496	6497	6399	6398	6497	6498	6400	6399	6499	6500	6402	6401	6500
					6501	6403	6402	6501	6502	6404	6403	6502	6503	6405	6404	6503	6504	6406	6405	6504	6505	6407	6406
					6505	6506	6408	6407	6506	6507	6409	6408	6507	6508	6410	6409	6508	6509	6411	6410	6509	6510	6412
					6411	6510	6511	6413	6412	6511	6512	6414	6413	6512	6513	6415	6414	6513	6514	6416	6415	6514	6515
					6417	6416	6515	6516	6418	6417	6516	6517	6419	6418	6517	6518	6420	6419	6518	6519	6421	6420	6519
					6520	6422	6421	6520	6521	6423	6422	6521	6522	6424	6423	6522	6523	6425	6424	6523	6524	6426	6425
					6524	6525	6427	6426	6525	6526	6428	6427	6526	6527	6429	6428	6527	6528	6430	6429	6528	6529	6431
					6430	6529	6530	6432	6431	6530	6531	6433	6432	6531	6532	6434	6433	6532	6533	6435	6434	6533	6534
					6436	6435	6534	6535	6437	6436	6535	6536	6438	6437	6536	6537	6439	6438	6537	6538	6440	6439	6538
					6539	6441	6440	6539	6540	6442	6441	6540	6541	6443	6442	6541	6542	6444	6443	6542	6543	6445	6444
					6543	6544	6446	6445	6544	6545	6447	6446	6545	6546	6448	6447	6546	6547	6449	6448	6547	6548	6450
					6449	6548	6549	6451	6450	6549	6550	6452	6451	6550	6551	6453	6452	6551	6552	6454	6453	6552	6553
					6455	6454	6553	6554	6456	6455	6554	6555	6457	6456	6555	6556	6458	6457	6556	6557	6459	6458	6557
					6558	6460	6459	6558	6559	6461	6460	6559	6560	6462	6461	6560	6561	6463	6462	6561	6562	6464	6463
					6562	6563	6465	6464	6563	6564	6466	6465	6564	6565	6467	6466	6565	6566	6468	6467	6566	6567	6469
					6468	6567	6568	6470	6469	6568	6569	6471	6470	6569	6570	6472	6471	6570	6571	6473	6472	6571	6572
					6474	6473	6572	6573	6475	6474	6573	6574	6476	6475	6574	6575	6477	6476	6575	6576	6478	6477	6576
					6577	6479	6478	6577	6578	6480	6479	6578	6579	6481	6480	6579	6580	6482	6481	6580	6581	6483	6482
					6581	6582	6484	6483	6582	6583	6485	6484	6583	6584	6486	6485	6584	6585	6487	6486	6585	6586	6488
					6487	6586	6587	6489	6488	6587	6588	6490	6489	6588	6589	6491	6490	6589	6590	6492	6491	6590	6591
					6493	6492	6591	6592	6494	6493	6592	6593	6495	6494	6593	6594	6496	6495	6594	6595	6497	6496	6595
					6596	6498	6497	6597	6598	6500	6499	6598	6599	6501	6500	6599	6600	6502	6501	6600	6601	6503	6502
					6601	6602	6504	6503	6602	6603	6505	6504	6603	6604	6506	6505	6604	6605	6507	6506	6605	6606	6508
					6507	6606	6607	6509	6508	6607	6608	6510	6509	6608	6609	6511	6510	6609	6610	6512	6511	6610	6611
					6513	6512	6611	6612	6514	6513	6612	6613	6515	6514	6613	6614	6516	6515	6614	6615	6517	6516	6615
					6616	6518	6517	6616	6617	6519	6518	6617	6618	6520	6519	6618	6619	6521	6520	6619	6620	6522	6521
					6620	6621	6523	6522	6621	6622	6524	6523	6622	6623	6525	6524	6623	6624	6526	6525	6624	6625	6527
					6526	6625	6626	6528	6527	6626	6627	6529	6528	6627	6628	6530	6529	6628	6629	6531	6530	6629	6630
					6532	6531	6630	6631	6533	6532	6631	6632	6534	6533	6632	6633	6535	6534	6633	6634	6536	6535	6634
					6635	6537	6536	6635	6636	6538	6537	6636	6637	6539	6538	6637	6638	6540	6539	6638	6639	6541	6540
					6639	6640	6542	6541	6640	6641	6543	6542	6641	6642	6544	6543	6642	6643	6545	6544	6643	6644	6546
					6545	6644	6645	6547	6546	6645	6646	6548	6547	6646	6647	6549	6548	6647	6648	6550	6549	6648	6649
					6551	6550	6649	6650	6552	6551	6650	6651	6553	6552	6651	6652	6554	6553	6652	6653	6555	6554	6653
					6654	6556	6555	6654	6655	6557	6556	6655	6656	6558	6557	6656	6657	6559	6558	6657	6658	6560	6559
					6658	6659	6561	6560	6659	6660	6562	6561	6660	6661	6563	6562	6661	6662	6564	6563	6662	6663	6565
					6564	6663	6664	6566	6565	6664	6665	6567	6566	6665	6666	6568	6567	6666	6667	6569	6568	6667	6668
					6570	6569	6668	6669	6571	6570	6669	6670	6572	6571	6670	6671	6573	6572	6671	6672	6574	6573	6672
					6673	6575	6574	6673	6674	6576	6575	6674	6675	6577	6576	6675	6676	6578	6577	6676	6677	6579	6578
					6677	6678	6580	6579	6678	6679	6581	6580	6679	6680	6582	6581	6680	6681	6583	6582	6681	6682	6584
					6583	6682	6683	6585	6584	6683	6684	6586	6585	6684	6685	6587	6586	6685	6686	6588	6587	6686	6687
					6589	6588	6687	6688	6590	6589	6688	6689	6591	6590	6689	6690	6592	6591	6690	6691	6593	6592	6691
					6692	6594	6593	6692	6693	6595	6594	6693	6694	6596	6595	6695	6696	6598	6597	6696	6697	6599	6598
					6697	6698	6600	6599	6698	6699	6601	6600	6699	6700	6602	6601	6700	6701	6603	6602	6701	6702	6604
					6603	6702	6703	6605	6604	6703	6704	6606	6605	6704	6705	6607	6606	6705	6706	6608	6607	6706	6707
					6609	6608	6707	6708	6610	6609	6708	6709	6611	6610	6709	6710	6612	6611	6710	6711	6613	6612	6711
					6712	6614	6613	6712	6713	6615	6614	6713	6714	6616	6615	6714	6715	6617	6616	6715	6716	6618	6617
					6716	6717	6619	6618	6717	6718	6620	6619	6718	6719	6621	6620	6719	6720	6622	6621	6720	6721	6623
					6622	6721	6722	6624	6623	6722	6723	6625	6624	6723	6724	6626	6625	6724	6725	6627	6626	6725	6726
					6628	6627	6726	6727	6629	6628	6727	6728	6630	6629	6728	6729	6631	6630	6729	6730	6632	6631	6730
					6731	6633	6632	6731	6732	6634	6633	6732	6733	6635	6634	6733	6734	6636	6635	6734	6735	6637	6636
					6735	6736	6638	6637	6736	6737	6639	6638	6737	6738	6640	6639	6738	6739	6641	6640	6739	6740	6642
					6641	6740	6741	6643	6642	6741	6742	6644	6643	6742	6743	6645	6644	6743	6744	6646	6645	6744	6745
					6647	6646	6745	6746	6648	6647	6746	6747	6649	6648	6747	6748	6650	6649	6748	6749	6651	6650	6749
					6750	6652	6651	6750	6751	6653	6652	6751	6752	6654	6653	6752	6753	6655	6654	6753	6754	6656	6655
					6754	6755	6657	6656	6755	6756	6658	6657	6756	6757	6659	6658	6757	6758	6660	6659	6758	6759	6661
					6660	6759	6760	6662	6661	6760	6761	6663	6662	6761	6762	6664	6663	6762	6763	6665	6664	6763	6764
					6666	6665	6764	6765	6667	6666	6765	6766	6668	6667	6766	6767	6669	6668	6767	6768	6670	6669	6768
					6769	6671	6670	6769	6770	6672	6671	6770	6771	6673	6672	6771	6772	6674	6673	6772	6773	6675	6674
					6773	6774	6676	6675	6774	6775	6677	6676	6775	6776	6678	6677	6776	6777	6679	6678	6777	6778	6680
					6679	6778	6779	6681	6680	6779	6780	6682	6681	6780	6781	6683	6682	6781	6782	6684	6683	6782	6783
					6685	6684	6783	6784	6686	6685	6784	6785	6687	6686	6785	6786	6688	6687	6786	6787	6689	6688	6787
					6788	6690	6689	6788	6789	6691	6690	6789	6790	6692	6691	6790	6791	6693	6692	6791	6792	6694	6693
					6793	6794	6696	6695	6794	6795	6697	6696	6795	6796	6698	6697	6796	6797	6699	6698	6797	6798	6700
					6699	6798	6799	6701	6700	6799	6800	6702	6701	6800	6801	6703	6702	6801	6802	6704	6703	6802	6803
					6705	6704	6803	6804	6706	6705	6804	6805	6707	6706	6805	6806	6708	6707	6806	6807	6709	6708	6807
					6808	6710	6709	6808	6809	6711	6710	6809	6810	6712	6711	6810	6811	6713	6712	6811	6812	6714	6713
					6812	6813	6715	6714	6813	6814	6716	6715	6814	6815	6717	6716	6815	6816	6718	6717	6816	6817	6719
					6718	6817	6818	6720	6719	6818	6819	6721	6720	6819	6820	6722	6721	6820	6821	6723	6722	6821	6822
					6724	6723	6822	6823	6725	6724	6823	6824	6726	6725	6824	6825	6727	6726	6825	6826	6728	6727	6826
					6827	6729	6728	6827	6828	6730	6729	6828	6829	6731	6730	6829	6830	6732	6731	6830	6831	6733	6732
					6831	6832	6734	6733	6832	6833	6735	6734	6833	6834	6736	6735	6834	6835	6737	6736	6835	6836	6738
					6737	6836	6837	6739	6738	6837	6838	6740	6739	6838	6839	6741	6740	6839	6840	6742	6741	6840	6841
					6743	6742	6841	6842	6744	6743	6842	6843	6745	6744	6843	6844	6746	6745	6844	6845	6747	6746	6845
					6846	6748	6747	6846	6847	6749	6748	6847	6848	6750	6749	6848	6849	6751	6750	6849	6850	6752	6751
					6850	6851	6753	6752	6851	6852	6754	6753	6852	6853	6755	6754	6853	6854	6756	6755	6854	6855	6757
					6756	6855	6856	6758	6757	6856	6857	6759	6758	6857	6858	6760	6759	6858	6859	6761	6760	6859	6860
					6762	6761	6860	6861	6763	6762	6861	6862	6764	6763	6862	6863	6765	6764	6863	6864	6766	6765	6864
					6865	6767	6766	6865	6866	6768	6767	6866	6867	6769	6768	6867	6868	6770	6769	6868	6869	6771	6770
					6869	6870	6772	6771	6870	6871	6773	6772	6871	6872	6774	6773	6872	6873	6775	6774	6873	6874	6776
					6775	6874	6875	6777	6776	6875	6876	6778	6777	6876	6877	6779	6778	6877	6878	6780	6779	6878	6879
					6781	6780	6879	6880	6782	6781	6880	6881	6783	6782	6881	6882	6784	6783	6882	6883	6785	6784	6883
					6884	6786	6785	6884	6885	6787	6786	6885	6886	6788	6787	6886	6887	6789	6788	6887	6888	6790	6789
					6888	6889	6791	6790	6889	6890	6792	6791	6891	6892	6794	6793	6892	6893	6795	6794	6893	6894	6796
					6795	6894	6895	6797	6796	6895	6896	6798	6797	6896	6897	6799	6798	6897	6898	6800	6799	6898	6899
					6801	6800	6899	6900	6802	6801	6900	6901	6803	6802	6901	6902	6804	6803	6902	6903	6805	6804	6903
					6904	6806	6805	6904	6905	6807	6806	6905	6906	6808	6807	6906	6907	6809	6808	6907	6908	6810	6809
					6908	6909	6811	6810	6909	6910	6812	6811	6910	6911	6813	6812	6911	6912	6814	6813	6912	6913	6815
					6814	6913	6914	6816	6815	6914	6915	6817	6816	6915	6916	6818	6817	6916	6917	6819	6818	6917	6918
					6820	6819	6918	6919	6821	6820	6919	6920	6822	6821	6920	6921	6823	6822	6921	6922	6824	6823	6922
					6923	6825	6824	6923	6924	6826	6825	6924	6925	6827	6826	6925	6926	6828	6827	6926	6927	6829	6828
					6927	6928	6830	6829	6928	6929	6831	6830	6929	6930	6832	6831	6930	6931	6833	6832	6931	6932	6834
					6833	6932	6933	6835	6834	6933	6934	6836	6835	6934	6935	6837	6836	6935	6936	6838	6837	6936	6937
					6839	6838	6937	6938	6840	6839	6938	6939	6841	6840	6939	6940	6842	6841	6940	6941	6843	6842	6941
					6942	6844	6843	6942	6943	6845	6844	6943	6944	6846	6845	6944	6945	6847	6846	6945	6946	6848	6847
					6946	6947	6849	6848	6947	6948	6850	6849	6948	6949	6851	6850	6949	6950	6852	6851	6950	6951	6853
					6852	6951	6952	6854	6853	6952	6953	6855	6854	6953	6954	6856	6855	6954	6955	6857	6856	6955	6956
					6858	6857	6956	6957	6859	6858	6957	6958	6860	6859	6958	6959	6861	6860	6959	6960	6862	6861	6960
					6961	6863	6862	6961	6962	6864	6863	6962	6963	6865	6864	6963	6964	6866	6865	6964	6965	6867	6866
					6965	6966	6868	6867	6966	6967	6869	6868	6967	6968	6870	6869	6968	6969	6871	6870	6969	6970	6872
					6871	6970	6971	6873	6872	6971	6972	6874	6873	6972	6973	6875	6874	6973	6974	6876	6875	6974	6975
					6877	6876	6975	6976	6878	6877	6976	6977	6879	6878	6977	6978	6880	6879	6978	6979	6881	6880	6979
					6980	6882	6881	6980	6981	6883	6882	6981	6982	6884	6883	6982	6983	6885	6884	6983	6984	6886	6885
					6984	6985	6887	6886	6985	6986	6888	6887	6986	6987	6889	6888	6987	6988	6890	6889	6989	6990	6892
					6891	6990	6991	6893	6892	6991	6992	6894	6893	6992	6993	6895	6894	6993	6994	6896	6895	6994	6995
					6897	6896	6995	6996	6898	6897	6996	6997	6899	6898	6997	6998	6900	6899	6998	6999	6901	6900	6999
					7000	6902	6901	7000	7001	6903	6902	7001	7002	6904	6903	7002	7003	6905	6904	7003	7004	6906	6905
					7004	7005	6907	6906	7005	7006	6908	6907	7006	7007	6909	6908	7007	7008	6910	6909	7008	7009	6911
					6910	7009	7010	6912	6911	7010	7011	6913	6912	7011	7012	6914	6913	7012	7013	6915	6914	7013	7014
					6916	6915	7014	7015	6917	6916	7015	7016	6918	6917	7016	7017	6919	6918	7017	7018	6920	6919	7018
					7019	6921	6920	7019	7020	6922	6921	7020	7021	6923	6922	7021	7022	6924	6923	7022	7023	6925	6924
					7023	7024	6926	6925	7024	7025	6927	6926	7025	7026	6928	6927	7026	7027	6929	6928	7027	7028	6930
					6929	7028	7029	6931	6930	7029	7030	6932	6931	7030	7031	6933	6932	7031	7032	6934	6933	7032	7033
					6935	6934	7033	7034	6936	6935	7034	7035	6937	6936	7035	4021	6938	6937	4021	4022	6939	6938	4022
					4023	6940	6939	4023	4024	6941	6940	4024	4025	6942	6941	4025	4026	6943	6942	4026	4027	6944	6943
					4027	4028	6945	6944	4028	4029	6946	6945	4029	4030	6947	6946	4030	4031	6948	6947	4031	4032	6949
					6948	4032	4033	6950	6949	4033	4034	6951	6950	4034	4035	6952	6951	4035	4036	6953	6952	4036	4037
					6954	6953	4037	4038	6955	6954	4038	4039	6956	6955	4039	4040	6957	6956	4040	4041	6958	6957	4041
					4042	6959	6958	4042	4043	6960	6959	4043	4044	6961	6960	4044	4045	6962	6961	4045	4046	6963	6962
					4046	4047	6964	6963	4047	4048	6965	6964	4048	4049	6966	6965	4049	4050	6967	6966	4050	4051	6968
					6967	4051	4052	6969	6968	4052	4053	6970	6969	4053	4054	6971	6970	4054	4055	6972	6971	4055	4056
					6973	6972	4056	4057	6974	6973	4057	4058	6975	6974	4058	4059	6976	6975	4059	4060	6977	6976	4060
					4061	6978	6977	4061	4062	6979	6978	4062	4063	6980	6979	4063	4064	6981	6980	4064	4065	6982	6981
					4065	4066	6983	6982	4066	4067	6984	6983	4067	4068	6985	6984	4068	4069	6986	6985	4069	4070	6987
					6986	4070	4071	6988	6987	4072	4073	6990	6989	4073	4074	6991	6990	4074	4075	6992	6991	4075	4076
					6993	6992	4076	4077	6994	6993	4077	4078	6995	6994	4078	4079	6996	6995	4079	4080	6997	6996	4080
					4081	6998	6997	4081	4082	6999	6998	4082	4083	7000	6999	4083	4084	7001	7000	4084	4085	7002	7001
					4085	4086	7003	7002	4086	4087	7004	7003	4087	4088	7005	7004	4088	4089	7006	7005	4089	4090	7007
					7006	4090	4091	7008	7007	4091	4092	7009	7008	4092	4093	7010	7009	4093	4094	7011	7010	4094	4095
					7012	7011	4095	4096	7013	7012	4096	4097	7014	7013	4097	4098	7015	7014	4098	4099	7016	7015	4099
					4100	7017	7016	4100	4101	7018	7017	4101	4102	7019	7018	4102	4103	7020	7019	4103	4104	7021	7020
					4104	4105	7022	7021	4105	4106	7023	7022	4106	4107	7024	7023	4107	4108	7025	7024	4108	4109	7026
					7025	4109	4110	7027	7026	4110	4111	7028	7027	4111	4112	7029	7028	4112	4113	7030	7029	4113	4114
					7031	7030	4114	4115	7032	7031	4115	4116	7033	7032	4116	4117	7034	7033	4117	4118	7035	7034	4118
					4119	4021	7035	4119	4120	4022	4021	4120	4121	4023	4022	4121	4122	4024	4023	4122	4123	4025	4024
					4123	4124	4026	4025	4124	4125	4027	4026	4125	4126	4028	4027	4126	4127	4029	4028	4127	4128	4030
					4029	4128	4129	4031	4030	4129	4130	4032	4031	4130	4131	4033	4032	4131	4132	4034	4033	4132	4133
					4035	4034	4133	4134	4036	4035	4134	4135	4037	4036	4135	4136	4038	4037	4136	4137	4039	4038	4137
					4138	4040	4039	4138	4139	4041	4040	136	137	39	38	137	138	40	39	138	139	41	40
					139	140	42	41	140	141	43	42	141	142	44	43	142	143	45	44	143	144	46
					45	144	145	47	46	145	146	48	47	146	147	49	48	147	148	50	49	148	149
					51	50	149	150	52	51	150	151	53	52	151	152	54	53	152	153	55	54	153
					154	56	55	154	155	57	56	155	156	58	57	156	157	59	58	157	158	60	59
					158	159	61	60	159	160	62	61	160	161	63	62	161	162	64	63	162	163	65
					64	163	164	66	65	164	165	67	66	165	166	68	67	166	167	69	68	167	168
					70	69	168	169	71	70	169	170	72	71	170	171	73	72	171	172	74	73	172
					173	75	74	173	174	76	75	174	175	77	76	175	176	78	77	177	178	80	79
					178	179	81	80	179	180	82	81	180	181	83	82	181	182	84	83	182	183	85
					84	183	184	86	85	184	185	87	86	185	186	88	87	186	187	89	88	187	188
					90	89	188	189	91	90	189	190	92	91	190	191	93	92	191	192	94	93	192
					193	95	94	193	194	96	95	194	195	97	96	195	196	98	97	196	197	99	98
					197	198	100	99	198	199	101	100	199	200	102	101	200	201	103	102	201	202	104
					103	202	203	105	104	203	204	106	105	204	205	107	106	205	206	108	107	206	207
					109	108	207	208	110	109	208	209	111	110	209	210	112	111	210	211	113	112	211
					212	114	113	212	213	115	114	213	214	116	115	214	215	117	116	215	216	118	117
					216	217	119	118	217	218	120	119	218	219	121	120	219	220	122	121	220	221	123
					122	221	222	124	123	222	223	125	124	223	224	126	125	224	225	127	126	225	226
					128	127	226	227	129	128	227	228	130	129	228	229	131	130	229	230	132	131	230
					231	133	132	231	232	134	133	232	233	135	134	233	234	136	135	234	235	137	136
					235	236	138	137	236	237	139	138	237	238	140	139	238	239	141	140	239	240	142
					141	240	241	143	142	241	242	144	143	242	243	145	144	243	244	146	145	244	245
					147	146	245	246	148	147	246	247	149	148	247	248	150	149	248	249	151	150	249
					250	152	151	250	251	153	152	251	252	154	153	252	253	155	154	253	254	156	155
					254	255	157	156	255	256	158	157	256	257	159	158	257	258	160	159	258	259	161
					160	259	260	162	161	260	261	163	162	261	262	164	163	262	263	165	164	263	264
					166	165	264	265	167	166	265	266	168	167	266	267	169	168	267	268	170	169	268
					269	171	170	269	270	172	171	270	271	173	172	271	272	174	173	272	273	175	174
					273	274	176	175	275	276	178	177	276	277	179	178	277	278	180	179	278	279	181
					180	279	280	182	181	280	281	183	182	281	282	184	183	282	283	185	184	283	284
					186	185	284	285	187	186	285	7036	188	187	7036	7037	189	188	7037	7038	190	189	7038
					7039	191	190	7039	7040	192	191	7040	7041	193	192	7041	7042	194	193	7042	7043	195	194
					7043	7044	196	195	7044	7045	197	196	7045	7046	198	197	7046	7047	199	198	7047	7048	200
					199	7048	7049	201	200	7049	7050	202	201	7050	7051	203	202	7051	7052	204	203	7052	7053
					205	204	7053	7054	206	205	7054	7055	207	206	7055	7056	208	207	7056	7057	209	208	7057
					7058	210	209	7058	7059	211	210	7059	7060	212	211	7060	7061	213	212	7061	7062	214	213
					7062	7063	215	214	7063	7064	216	215	7064	7065	217	216	7065	7066	218	217	7066	7067	219
					218	7067	7068	220	219	7068	7069	221	220	7069	7070	222	221	7070	7071	223	222	7071	7072
					224	223	7072	7073	225	224	7073	7074	226	225	7074	7075	227	226	7075	7076	228	227	7076
					7077	229	228	7077	7078	230	229	7078	7079	231	230	7079	7080	232	231	7080	7081	233	232
					7081	7082	234	233	7082	7083	235	234	7083	7084	236	235	7084	7085	237	236	7085	7086	238
					237	7086	7087	239	238	7087	7088	240	239	7088	7089	241	240	7089	7090	242	241	7090	7091
					243	242	7091	7092	244	243	7092	7093	245	244	7093	7094	246	245	7094	7095	247	246	7095
					7096	248	247	7096	7097	249	248	7097	7098	250	249	7098	7099	251	250	7099	7100	252	251
					7100	7101	253	252	7101	7102	254	253	7102	7103	255	254	7103	7104	256	255	7104	7105	257
					256	7105	7106	258	257	7106	7107	259	258	7107	7108	260	259	7108	7109	261	260	7109	7110
					262	261	7110	7111	263	262	7111	7112	264	263	7112	7113	265	264	7113	7114	266	265	7114
					7115	267	266	7115	7116	268	267	7116	7117	269	268	7117	7118	270	269	7118	7119	271	270
					7119	7120	272	271	7120	7121	273	272	7121	7122	274	273	7123	7124	276	275	7124	7125	277
					276	7125	7126	278	277	7126	7127	279	278	7127	7128	280	279	7128	7129	281	280	7129	7130
					282	281	7130	7131	283	282	7131	7132	284	283	7132	7133	285	284	7133	7134	7036	285	7134
					7135	7037	7036	7135	7136	7038	7037	7136	7137	7039	7038	7137	7138	7040	7039	7138	7139	7041	7040
					7573	7574	6030	6029	7574	7575	6031	6030	7575	7576	32	6031	7576	7577	33	32	7577	7578	34
					33	7578	7579	35	34	7579	7580	4013	35	7580	7581	4014	4013	7581	7582	4015	4014	7582	7583
					4016	4015	7583	7584	4017	4016	7584	7585	4018	4017	7585	7586	4019	4018	7586	7587	4020	4019	7587
					7588	7628	4020	7588	7589	7629	7628	7589	7590	7630	7629	7590	7591	7631	7630	7591	7592	7632	7631
					7592	7593	7633	7632	7593	7594	7634	7633	7594	7595	7635	7634	7595	7596	7636	7635	7596	7597	7637
					7636	7597	7598	7638	7637	7598	7599	7639	7638	7599	7600	7640	7639	7600	7601	7641	7640	4139	4140
					4042	4041	4140	4141	4043	4042	4141	4142	4044	4043	4142	4143	4045	4044	4143	4144	4046	4045	4144
					4145	4047	4046	4145	4146	4048	4047	4146	4147	4049	4048	4147	4148	4050	4049	4148	4149	4051	4050
					4149	4150	4052	4051	4150	4151	4053	4052	4151	4152	4054	4053	4152	4153	4055	4054	4153	4154	4056
					4055	4154	4155	4057	4056	4155	4156	4058	4057	4156	4157	4059	4058	4157	4158	4060	4059	4158	4159
					4061	4060	4159	4160	4062	4061	4160	4161	4063	4062	4161	4162	4064	4063	4162	4163	4065	4064	4163
					4164	4066	4065	4164	4165	4067	4066	4165	4166	4068	4067	4166	4167	4069	4068	4167	4168	4070	4069
					4168	4169	4071	4070	4170	4171	4073	4072	4171	4172	4074	4073	4172	4173	4075	4074	4173	4174	4076
					4075	4174	4175	4077	4076	4175	4176	4078	4077	4176	4177	4079	4078	4177	4178	4080	4079	4178	4179
					4081	4080	4179	4180	4082	4081	4180	4181	4083	4082	4181	4182	4084	4083	4182	4183	4085	4084	4183
					4184	4086	4085	4184	4185	4087	4086	4185	4186	4088	4087	4186	4187	4089	4088	4187	4188	4090	4089
					4188	4189	4091	4090	4189	4190	4092	4091	4190	4191	4093	4092	4191	4192	4094	4093	4192	4193	4095
					4094	4193	4194	4096	4095	4194	4195	4097	4096	4195	4196	4098	4097	4196	4197	4099	4098	4197	4198
					4100	4099	4198	4199	4101	4100	4199	4200	4102	4101	4200	4201	4103	4102	4201	4202	4104	4103	4202
					4203	4105	4104	4203	4204	4106	4105	4204	4205	4107	4106	4205	4206	4108	4107	4206	4207	4109	4108
					4207	4208	4110	4109	4208	4209	4111	4110	4209	4210	4112	4111	4210	4211	4113	4112	4211	4212	4114
					4113	4212	4213	4115	4114	4213	4214	4116	4115	4214	4215	4117	4116	4215	4216	4118	4117	4216	4217
					4119	4118	4217	4218	4120	4119	4218	4219	4121	4120	4219	4220	4122	4121	4220	4221	4123	4122	4221
					4222	4124	4123	4222	4223	4125	4124	4223	4224	4126	4125	4224	4225	4127	4126	4225	4226	4128	4127
					4226	4227	4129	4128	4227	4228	4130	4129	4228	4229	4131	4130	4229	4230	4132	4131	4230	4231	4133
					4132	4231	4232	4134	4133	4232	4233	4135	4134	4233	4234	4136	4135	4234	4235	4137	4136	4235	4236
					4138	4137	4236	4237	4139	4138	4237	4238	4140	4139	4238	4239	4141	4140	4239	4240	4142	4141	4240
					4241	4143	4142	4241	4242	4144	4143	4242	4243	4145	4144	4243	4244	4146	4145	4244	4245	4147	4146
					4245	4246	4148	4147	4246	4247	4149	4148	4247	4248	4150	4149	4248	4249	4151	4150	4249	4250	4152
					4151	4250	4251	4153	4152	4251	4252	4154	4153	4252	4253	4155	4154	4253	4254	4156	4155	4254	4255
					4157	4156	4255	4256	4158	4157	4256	4257	4159	4158	4257	4258	4160	4159	4258	4259	4161	4160	4259
					4260	4162	4161	4260	4261	4163	4162	4261	4262	4164	4163	4262	4263	4165	4164	4263	4264	4166	4165
					4264	4265	4167	4166	4265	4266	4168	4167	4266	4267	4169	4168	4268	4269	4171	4170	4269	4270	4172
					4171	4270	4271	4173	4172	4271	4272	4174	4173	4272	4273	4175	4174	4273	4274	4176	4175	4274	4275
					4177	4176	4275	4276	4178	4177	4276	4277	4179	4178	4277	4278	4180	4179	4278	4279	4181	4180	4279
					4280	4182	4181	4280	4281	4183	4182	4281	4282	4184	4183	4282	4283	4185	4184	4283	4284	4186	4185
					4284	4285	4187	4186	4285	4286	4188	4187	4286	4287	4189	4188	4287	4288	4190	4189	4288	4289	4191
					4190	4289	4290	4192	4191	4290	4291	4193	4192	4291	4292	4194	4193	4292	4293	4195	4194	4293	4294
					4196	4195	4294	4295	4197	4196	4295	4296	4198	4197	4296	4297	4199	4198	4297	4298	4200	4199	4298
					4299	4201	4200	4299	4300	4202	4201	4300	4301	4203	4202	4301	4302	4204	4203	4302	4303	4205	4204
					4303	4304	4206	4205	4304	4305	4207	4206	4305	4306	4208	4207	4306	4307	4209	4208	4307	4308	4210
					4209	4308	4309	4211	4210	4309	4310	4212	4211	4310	4311	4213	4212	4311	4312	4214	4213	4312	4313
					4215	4214	4313	4314	4216	4215	4314	4315	4217	4216	4315	4316	4218	4217	4316	4317	4219	4218	4317
					4318	4220	4219	4318	4319	4221	4220	4319	4320	4222	4221	4320	4321	4223	4222	4321	4322	4224	4223
					4322	4323	4225	4224	4323	4324	4226	4225	4324	4325	4227	4226	4325	4326	4228	4227	4326	4327	4229
					4228	4327	4328	4230	4229	4328	4329	4231	4230	4329	4330	4232	4231	4330	4331	4233	4232	4331	4332
					4234	4233	4332	4333	4235	4234	4333	4334	4236	4235	4334	4335	4237	4236	4335	4336	4238	4237	4336
					4337	4239	4238	4337	4338	4240	4239	4338	4339	4241	4240	4339	4340	4242	4241	4340	4341	4243	4242
					4341	4342	4244	4243	4342	4343	4245	4244	4343	4344	4246	4245	4344	4345	4247	4246	4345	4346	4248
					4247	4346	4347	4249	4248	4347	4348	4250	4249	4348	4349	4251	4250	4349	4350	4252	4251	4350	4351
					4253	4252	4351	4352	4254	4253	4352	4353	4255	4254	4353	4354	4256	4255	4354	4355	4257	4256	4355
					4356	4258	4257	4356	4357	4259	4258	4357	4358	4260	4259	4358	4359	4261	4260	4359	4360	4262	4261
					4360	4361	4263	4262	4361	4362	4264	4263	4362	4363	4265	4264	4363	4364	4266	4265	4364	4365	4267
					4266	4366	4367	4269	4268	4367	4368	4270	4269	4368	4369	4271	4270	4369	4370	4272	4271	4370	4371
					4273	4272	4371	4372	4274	4273	4372	4373	4275	4274	4373	4374	4276	4275	4374	4375	4277	4276	4375
					4376	4278	4277	4376	4377	4279	4278	4377	4378	4280	4279	4378	4379	4281	4280	4379	4380	4282	4281
					4380	4381	4283	4282	4381	4382	4284	4283	4382	4383	4285	4284	4383	4384	4286	4285	4384	4385	4287
					4286	4385	4386	4288	4287	4386	4387	4289	4288	4387	4388	4290	4289	4388	4389	4291	4290	4389	4390
					4292	4291	4390	4391	4293	4292	4391	4392	4294	4293	4392	4393	4295	4294	4393	4394	4296	4295	4394
					4395	4297	4296	4395	4396	4298	4297	4396	4397	4299	4298	4397	4398	4300	4299	4398	4399	4301	4300
					4399	4400	4302	4301	4400	4401	4303	4302	4401	4402	4304	4303	4402	4403	4305	4304	4403	4404	4306
					4305	4404	4405	4307	4306	4405	4406	4308	4307	4406	4407	4309	4308	4407	4408	4310	4309	4408	4409
					4311	4310	4409	4410	4312	4311	4410	4411	4313	4312	4411	4412	4314	4313	4412	4413	4315	4314	4413
					4414	4316	4315	4414	4415	4317	4316	4415	4416	4318	4317	4416	4417	4319	4318	4417	4418	4320	4319
					4418	4419	4321	4320	4419	4420	4322	4321	4420	4421	4323	4322	4421	4422	4324	4323	4422	4423	4325
					4324	4423	4424	4326	4325	4424	4425	4327	4326	4425	4426	4328	4327	4426	4427	4329	4328	4427	4428
					4330	4329	4428	4429	4331	4330	4429	4430	4332	4331	4430	4431	4333	4332	4431	4432	4334	4333	4432
					4433	4335	4334	4433	4434	4336	4335	4434	4435	4337	4336	4435	4436	4338	4337	4436	4437	4339	4338
					4437	4438	4340	4339	4438	4439	4341	4340	4439	4440	4342	4341	4440	4441	4343	4342	4441	4442	4344
					4343	4442	4443	4345	4344	4443	4444	4346	4345	4444	4445	4347	4346	4445	4446	4348	4347	4446	4447
					4349	4348	4447	4448	4350	4349	4448	4449	4351	4350	4449	4450	4352	4351	4450	4451	4353	4352	4451
					4452	4354	4353	4452	4453	4355	4354	4453	4454	4356	4355	4454	4455	4357	4356	4455	4456	4358	4357
					4456	4457	4359	4358	4457	4458	4360	4359	4458	4459	4361	4360	4459	4460	4362	4361	4460	4461	4363
					4362	4461	4462	4364	4363	4462	4463	4365	4364	4464	4465	4367	4366	4465	4466	4368	4367	4466	4467
					4369	4368	4467	4468	4370	4369	4468	4469	4371	4370	4469	4470	4372	4371	4470	4471	4373	4372	4471
					4472	4374	4373	4472	4473	4375	4374	4473	4474	4376	4375	4474	4475	4377	4376	4475	4476	4378	4377
					4476	4477	4379	4378	4477	4478	4380	4379	4478	4479	4381	4380	4479	4480	4382	4381	4480	4481	4383
					4382	4481	4482	4384	4383	4482	4483	4385	4384	4483	4484	4386	4385	4484	4485	4387	4386	4485	4486
					4388	4387	4486	4487	4389	4388	4487	4488	4390	4389	4488	4489	4391	4390	4489	4490	4392	4391	4490
					4491	4393	4392	4491	4492	4394	4393	4492	4493	4395	4394	4493	4494	4396	4395	4494	4495	4397	4396
					4495	4496	4398	4397	4496	4497	4399	4398	4497	4498	4400	4399	4498	4499	4401	4400	4499	4500	4402
					4401	4500	4501	4403	4402	4501	4502	4404	4403	4502	4503	4405	4404	4503	4504	4406	4405	4504	4505
					4407	4406	4505	4506	4408	4407	4506	4507	4409	4408	4507	4508	4410	4409	4508	4509	4411	4410	4509
					4510	4412	4411	4510	4511	4413	4412	4511	4512	4414	4413	4512	4513	4415	4414	4513	4514	4416	4415
					4514	4515	4417	4416	4515	4516	4418	4417	4516	4517	4419	4418	4517	4518	4420	4419	4518	4519	4421
					4420	4519	4520	4422	4421	4520	4521	4423	4422	4521	4522	4424	4423	4522	4523	4425	4424	4523	4524
					4426	4425	4524	4525	4427	4426	4525	4526	4428	4427	4526	4527	4429	4428	4527	4528	4430	4429	4528
					4529	4431	4430	4529	4530	4432	4431	4530	4531	4433	4432	4531	4532	4434	4433	4532	4533	4435	4434
					4533	4534	4436	4435	4534	4535	4437	4436	4535	4536	4438	4437	4536	4537	4439	4438	4537	4538	4440
					4439	4538	4539	4441	4440	4539	4540	4442	4441	4540	4541	4443	4442	4541	4542	4444	4443	4542	4543
					4445	4444	4543	4544	4446	4445	4544	4545	4447	4446	4545	4546	4448	4447	4546	4547	4449	4448	4547
					4548	4450	4449	4548	4549	4451	4450	4549	4550	4452	4451	4550	4551	4453	4452	4551	4552	4454	4453
					4552	4553	4455	4454	4553	4554	4456	4455	4554	4555	4457	4456	4555	4556	4458	4457	4556	4557	4459
					4458	4557	4558	4460	4459	4558	4559	4461	4460	4559	4560	4462	4461	4560	4561	4463	4462	4562	4563
					4465	4464	4563	4564	4466	4465	4564	4565	4467	4466	4565	4566	4468	4467	4566	4567	4469	4468	4567
					4568	4470	4469	4568	4569	4471	4470	4569	4570	4472	4471	4570	4571	4473	4472	4571	4572	4474	4473
					4572	4573	4475	4474	4573	4574	4476	4475	4574	4575	4477	4476	4575	4576	4478	4477	4576	4577	4479
					4478	4577	4578	4480	4479	4578	4579	4481	4480	4579	4580	4482	4481	4580	4581	4483	4482	4581	4582
					4484	4483	4582	4583	4485	4484	4583	4584	4486	4485	4584	4585	4487	4486	4585	4586	4488	4487	4586
					4587	4489	4488	4587	4588	4490	4489	4588	4589	4491	4490	4589	4590	4492	4491	4590	4591	4493	4492
					4591	4592	4494	4493	4592	4593	4495	4494	4593	4594	4496	4495	4594	4595	4497	4496	4595	4596	4498
					4497	4596	4597	4499	4498	4597	4598	4500	4499	4598	4599	4501	4500	4599	4600	4502	4501	4600	4601
					4503	4502	4601	4602	4504	4503	4602	4603	4505	4504	4603	4604	4506	4505	4604	4605	4507	4506	4605
					4606	4508	4507	4606	4607	4509	4508	4607	4608	4510	4509	4608	4609	4511	4510	4609	4610	4512	4511
					4610	4611	4513	4512	4611	4612	4514	4513	4612	4613	4515	4514	4613	4614	4516	4515	4614	4615	4517
					4516	4615	4616	4518	4517	4616	4617	4519	4518	4617	4618	4520	4519	4618	4619	4521	4520	4619	4620
					4522	4521	4620	4621	4523	4522	4621	4622	4524	4523	4622	4623	4525	4524	4623	4624	4526	4525	4624
					4625	4527	4526	4625	4626	4528	4527	4626	4627	4529	4528	4627	4628	4530	4529	4628	4629	4531	4530
					4629	4630	4532	4531	4630	4631	4533	4532	4631	4632	4534	4533	4632	4633	4535	4534	4633	4634	4536
					4535	4634	4635	4537	4536	4635	4636	4538	4537	4636	4637	4539	4538	4637	4638	4540	4539	4638	4639
					4541	4540	4639	4640	4542	4541	4640	4641	4543	4542	4641	4642	4544	4543	4642	4643	4545	4544	4643
					4644	4546	4545	4644	4645	4547	4546	4645	4646	4548	4547	4646	4647	4549	4548	4647	4648	4550	4549
					4648	4649	4551	4550	4649	4650	4552	4551	4650	4651	4553	4552	4651	4652	4554	4553	4652	4653	4555
					4554	4653	4654	4556	4555	4654	4655	4557	4556	4655	4656	4558	4557	4656	4657	4559	4558	4657	4658
					4560	4559	4658	4659	4561	4560	4660	4661	4563	4562	4661	4662	4564	4563	4662	4663	4565	4564	4663
					4664	4566	4565	4664	4665	4567	4566	4665	4666	4568	4567	4666	4667	4569	4568	4667	4668	4570	4569
					4668	4669	4571	4570	4669	4670	4572	4571	4670	4671	4573	4572	4671	4672	4574	4573	4672	4673	4575
					4574	4673	4674	4576	4575	4674	4675	4577	4576	4675	4676	4578	4577	4676	4677	4579	4578	4677	4678
					4580	4579	4678	4679	4581	4580	4679	4680	4582	4581	4680	4681	4583	4582	4681	4682	4584	4583	4682
					4683	4585	4584	4683	4684	4586	4585	4684	4685	4587	4586	4685	4686	4588	4587	4686	4687	4589	4588
					4687	4688	4590	4589	4688	4689	4591	4590	4689	4690	4592	4591	4690	4691	4593	4592	4691	4692	4594
					4593	4692	4693	4595	4594	4693	4694	4596	4595	4694	4695	4597	4596	4695	4696	4598	4597	4696	4697
					4599	4598	4697	4698	4600	4599	4698	4699	4601	4600	4699	4700	4602	4601	4700	4701	4603	4602	4701
					4702	4604	4603	4702	4703	4605	4604	4703	4704	4606	4605	4704	4705	4607	4606	4705	4706	4608	4607
					4706	4707	4609	4608	4707	4708	4610	4609	4708	4709	4611	4610	4709	4710	4612	4611	4710	4711	4613
					4612	4711	4712	4614	4613	4712	4713	4615	4614	4713	4714	4616	4615	4714	4715	4617	4616	4715	4716
					4618	4617	4716	4717	4619	4618	4717	4718	4620	4619	4718	4719	4621	4620	4719	4720	4622	4621	4720
					4721	4623	4622	4721	4722	4624	4623	4722	4723	4625	4624	4723	4724	4626	4625	4724	4725	4627	4626
					4725	4726	4628	4627	4726	4727	4629	4628	4727	4728	4630	4629	4728	4729	4631	4630	4729	4730	4632
					4631	4730	4731	4633	4632	4731	4732	4634	4633	4732	4733	4635	4634	4733	4734	4636	4635	4734	4735
					4637	4636	4735	4736	4638	4637	4736	4737	4639	4638	4737	4738	4640	4639	4738	4739	4641	4640	4739
					4740	4642	4641	4740	4741	4643	4642	4741	4742	4644	4643	4742	4743	4645	4644	4743	4744	4646	4645
					4744	4745	4647	4646	4745	4746	4648	4647	4746	4747	4649	4648	4747	4748	4650	4649	4748	4749	4651
					4650	4749	4750	4652	4651	4750	4751	4653	4652	4751	4752	4654	4653	4752	4753	4655	4654	4753	4754
					4656	4655	4754	4755	4657	4656	4755	4756	4658	4657	4756	4757	4659	4658	4758	4759	4661	4660	4759
					4760	4662	4661	4760	4761	4663	4662	4761	4762	4664	4663	4762	4763	4665	4664	4763	4764	4666	4665
					4764	4765	4667	4666	4765	4766	4668	4667	4766	4767	4669	4668	4767	4768	4670	4669	4768	4769	4671
					4670	4769	4770	4672	4671	4770	4771	4673	4672	4771	4772	4674	4673	4772	4773	4675	4674	4773	4774
					4676	4675	4774	4775	4677	4676	4775	4776	4678	4677	4776	4777	4679	4678	4777	4778	4680	4679	4778
					4779	4681	4680	4779	4780	4682	4681	4780	4781	4683	4682	4781	4782	4684	4683	4782	4783	4685	4684
					4783	4784	4686	4685	4784	4785	4687	4686	4785	4786	4688	4687	4786	4787	4689	4688	4787	4788	4690
					4689	4788	4789	4691	4690	4789	4790	4692	4691	4790	4791	4693	4692	4791	4792	4694	4693	4792	4793
					4695	4694	4793	4794	4696	4695	4794	4795	4697	4696	4795	4796	4698	4697	4796	4797	4699	4698	4797
					4798	4700	4699	4798	4799	4701	4700	4799	4800	4702	4701	4800	4801	4703	4702	4801	4802	4704	4703
					4802	4803	4705	4704	4803	4804	4706	4705	4804	4805	4707	4706	4805	4806	4708	4707	4806	4807	4709
					4708	4807	4808	4710	4709	4808	4809	4711	4710	4809	4810	4712	4711	4810	4811	4713	4712	4811	4812
					4714	4713	4812	4813	4715	4714	4813	4814	4716	4715	4814	4815	4717	4716	4815	4816	4718	4717	4816
					4817	4719	4718	4817	4818	4720	4719	4818	4819	4721	4720	4819	4820	4722	4721	4820	4821	4723	4722
					4821	4822	4724	4723	4822	4823	4725	4724	4823	4824	4726	4725	4824	4825	4727	4726	4825	4826	4728
					4727	4826	4827	4729	4728	4827	4828	4730	4729	4828	4829	4731	4730	4829	4830	4732	4731	4830	4831
					4733	4732	4831	4832	4734	4733	4832	4833	4735	4734	4833	4834	4736	4735	4834	4835	4737	4736	4835
					4836	4738	4737	4836	4837	4739	4738	4837	4838	4740	4739	4838	4839	4741	4740	4839	4840	4742	4741
					4840	4841	4743	4742	4841	4842	4744	4743	4842	4843	4745	4744	4843	4844	4746	4745	4844	4845	4747
					4746	4845	4846	4748	4747	4846	4847	4749	4748	4847	4848	4750	4749	4848	4849	4751	4750	4849	4850
					4752	4751	4850	4851	4753	4752	4851	4852	4754	4753	4852	4853	4755	4754	4853	4854	4756	4755	4854
					4855	4757	4756	4856	4857	4759	4758	4857	4858	4760	4759	4858	4859	4761	4760	4859	4860	4762	4761
					4860	4861	4763	4762	4861	4862	4764	4763	4862	4863	4765	4764	4863	4864	4766	4765	4864	4865	4767
					4766	4865	4866	4768	4767	4866	4867	4769	4768	4867	4868	4770	4769	4868	4869	4771	4770	4869	4870
					4772	4771	4870	4871	4773	4772	4871	4872	4774	4773	4872	4873	4775	4774	4873	4874	4776	4775	4874
					4875	4777	4776	4875	4876	4778	4777	4876	4877	4779	4778	4877	4878	4780	4779	4878	4879	4781	4780
					4879	4880	4782	4781	4880	4881	4783	4782	4881	4882	4784	4783	4882	4883	4785	4784	4883	4884	4786
					4785	4884	4885	4787	4786	4885	4886	4788	4787	4886	4887	4789	4788	4887	4888	4790	4789	4888	4889
					4791	4790	4889	4890	4792	4791	4890	4891	4793	4792	4891	4892	4794	4793	4892	4893	4795	4794	4893
					4894	4796	4795	4894	4895	4797	4796	4895	4896	4798	4797	4896	4897	4799	4798	4897	4898	4800	4799
					4898	4899	4801	4800	4899	4900	4802	4801	4900	4901	4803	4802	4901	4902	4804	4803	4902	4903	4805
					4804	4903	4904	4806	4805	4904	4905	4807	4806	4905	4906	4808	4807	4906	4907	4809	4808	4907	4908
					4810	4809	4908	4909	4811	4810	4909	4910	4812	4811	4910	4911	4813	4812	4911	4912	4814	4813	4912
					4913	4815	4814	4913	4914	4816	4815	4914	4915	4817	4816	4915	4916	4818	4817	4916	4917	4819	4818
					4917	4918	4820	4819	4918	4919	4821	4820	4919	4920	4822	4821	4920	4921	4823	4822	4921	4922	4824
					4823	4922	4923	4825	4824	4923	4924	4826	4825	4924	4925	4827	4826	4925	4926	4828	4827	4926	4927
					4829	4828	4927	4928	4830	4829	4928	4929	4831	4830	4929	4930	4832	4831	4930	4931	4833	4832	4931
					4932	4834	4833	4932	4933	4835	4834	4933	4934	4836	4835	4934	4935	4837	4836	4935	4936	4838	4837
					4936	4937	4839	4838	4937	4938	4840	4839	4938	4939	4841	4840	4939	4940	4842	4841	4940	4941	4843
					4842	4941	4942	4844	4843	4942	4943	4845	4844	4943	4944	4846	4845	4944	4945	4847	4846	4945	4946
					4848	4847	4946	4947	4849	4848	4947	4948	4850	4849	4948	4949	4851	4850	4949	4950	4852	4851	4950
					4951	4853	4852	4951	4952	4854	4853	4952	4953	4855	4854	4954	4955	4857	4856	4955	4956	4858	4857
					4956	4957	4859	4858	4957	4958	4860	4859	4958	4959	4861	4860	4959	4960	4862	4861	4960	4961	4863
					4862	4961	4962	4864	4863	4962	4963	4865	4864	4963	4964	4866	4865	4964	4965	4867	4866	4965	4966
					4868	4867	4966	4967	4869	4868	4967	4968	4870	4869	4968	4969	4871	4870	4969	4970	4872	4871	4970
					4971	4873	4872	4971	4972	4874	4873	4972	4973	4875	4874	4973	4974	4876	4875	4974	4975	4877	4876
					4975	4976	4878	4877	4976	4977	4879	4878	4977	4978	4880	4879	4978	4979	4881	4880	4979	4980	4882
					4881	4980	4981	4883	4882	4981	4982	4884	4883	4982	4983	4885	4884	4983	4984	4886	4885	4984	4985
					4887	4886	4985	4986	4888	4887	4986	4987	4889	4888	4987	4988	4890	4889	4988	4989	4891	4890	4989
					4990	4892	4891	4990	4991	4893	4892	4991	4992	4894	4893	4992	4993	4895	4894	4993	4994	4896	4895
					4994	4995	4897	4896	4995	4996	4898	4897	4996	4997	4899	4898	4997	4998	4900	4899	4998	4999	4901
					4900	4999	5000	4902	4901	5000	5001	4903	4902	5001	5002	4904	4903	5002	5003	4905	4904	5003	5004
					4906	4905	5004	5005	4907	4906	5005	5006	4908	4907	5006	5007	4909	4908	5007	5008	4910	4909	5008
					5009	4911	4910	5009	5010	4912	4911	5010	5011	4913	4912	5011	5012	4914	4913	5012	5013	4915	4914
					5013	5014	4916	4915	5014	5015	4917	4916	5015	5016	4918	4917	5016	5017	4919	4918	5017	5018	4920
					4919	5018	5019	4921	4920	5019	5020	4922	4921	5020	5021	4923	4922	5021	5022	4924	4923	5022	5023
					4925	4924	5023	5024	4926	4925	5024	5025	4927	4926	5025	5026	4928	4927	5026	5027	4929	4928	5027
					5028	4930	4929	5028	5029	4931	4930	5029	5030	4932	4931	5030	5031	4933	4932	5031	5032	4934	4933
					5032	5033	4935	4934	5033	5034	4936	4935	5034	5035	4937	4936	5035	5036	4938	4937	5036	5037	4939
					4938	5037	5038	4940	4939	5038	5039	4941	4940	5039	5040	4942	4941	5040	5041	4943	4942	5041	5042
					4944	4943	5042	5043	4945	4944	5043	5044	4946	4945	5044	5045	4947	4946	5045	5046	4948	4947	5046
					5047	4949	4948	5047	5048	4950	4949	5048	5049	4951	4950	5049	5050	4952	4951	5050	5051	4953	4952
					5052	5053	4955	4954	5053	5054	4956	4955	5054	5055	4957	4956	5055	5056	4958	4957	5056	5057	4959
					4958	5057	5058	4960	4959	5058	5059	4961	4960	5059	5060	4962	4961	5060	5061	4963	4962	5061	5062
					4964	4963	5062	5063	4965	4964	5063	5064	4966	4965	5064	5065	4967	4966	5065	5066	4968	4967	5066
					5067	4969	4968	5067	5068	4970	4969	5068	5069	4971	4970	5069	5070	4972	4971	5070	5071	4973	4972
					5071	5072	4974	4973	5072	5073	4975	4974	5073	5074	4976	4975	5074	5075	4977	4976	5075	5076	4978
					4977	5076	5077	4979	4978	5077	5078	4980	4979	5078	5079	4981	4980	5079	5080	4982	4981	5080	5081
					4983	4982	5081	5082	4984	4983	5082	5083	4985	4984	5083	5084	4986	4985	5084	5085	4987	4986	5085
					5086	4988	4987	5086	5087	4989	4988	5087	5088	4990	4989	5088	5089	4991	4990	5089	5090	4992	4991
					5090	5091	4993	4992	5091	5092	4994	4993	5092	5093	4995	4994	5093	5094	4996	4995	5094	5095	4997
					4996	5095	5096	4998	4997	5096	5097	4999	4998	5097	5098	5000	4999	5098	5099	5001	5000	5099	5100
					5002	5001	5100	5101	5003	5002	5101	5102	5004	5003	5102	5103	5005	5004	5103	5104	5006	5005	5104
					5105	5007	5006	5105	5106	5008	5007	5106	5107	5009	5008	5107	5108	5010	5009	5108	5109	5011	5010
					5109	5110	5012	5011	5110	5111	5013	5012	5111	5112	5014	5013	5112	5113	5015	5014	5113	5114	5016
					5015	5114	5115	5017	5016	5115	5116	5018	5017	5116	5117	5019	5018	5117	5118	5020	5019	5118	5119
					5021	5020	5119	5120	5022	5021	5120	5121	5023	5022	5121	5122	5024	5023	5122	5123	5025	5024	5123
					5124	5026	5025	5124	5125	5027	5026	5125	5126	5028	5027	5126	5127	5029	5028	5127	5128	5030	5029
					5128	5129	5031	5030	5129	5130	5032	5031	5130	5131	5033	5032	5131	5132	5034	5033	5132	5133	5035
					5034	5133	5134	5036	5035	5134	5135	5037	5036	5135	5136	5038	5037	5136	5137	5039	5038	5137	5138
					5040	5039	5138	5139	5041	5040	5139	5140	5042	5041	5140	5141	5043	5042	5141	5142	5044	5043	5142
					5143	5045	5044	5143	5144	5046	5045	5144	5145	5047	5046	5145	5146	5048	5047	5146	5147	5049	5048
					5147	5148	5050	5049	5148	5149	5051	5050	5150	5151	5053	5052	5151	5152	5054	5053	5152	5153	5055
					5054	5153	5154	5056	5055	5154	5155	5057	5056	5155	5156	5058	5057	5156	5157	5059	5058	5157	5158
					5060	5059	5158	5159	5061	5060	5159	5160	5062	5061	5160	5161	5063	5062	5161	5162	5064	5063	5162
					5163	5065	5064	5163	5164	5066	5065	5164	5165	5067	5066	5165	5166	5068	5067	5166	5167	5069	5068
					5167	5168	5070	5069	5168	5169	5071	5070	5169	5170	5072	5071	5170	5171	5073	5072	5171	5172	5074
					5073	5172	5173	5075	5074	5173	5174	5076	5075	5174	5175	5077	5076	5175	5176	5078	5077	5176	5177
					5079	5078	5177	5178	5080	5079	5178	5179	5081	5080	5179	5180	5082	5081	5180	5181	5083	5082	5181
					5182	5084	5083	5182	5183	5085	5084	5183	5184	5086	5085	5184	5185	5087	5086	5185	5186	5088	5087
					5186	5187	5089	5088	5187	5188	5090	5089	5188	5189	5091	5090	5189	5190	5092	5091	5190	5191	5093
					5092	5191	5192	5094	5093	5192	5193	5095	5094	5193	5194	5096	5095	5194	5195	5097	5096	5195	5196
					5098	5097	5196	5197	5099	5098	5197	5198	5100	5099	5198	5199	5101	5100	5199	5200	5102	5101	5200
					5201	5103	5102	5201	5202	5104	5103	5202	5203	5105	5104	5203	5204	5106	5105	5204	5205	5107	5106
					5205	5206	5108	5107	5206	5207	5109	5108	5207	5208	5110	5109	5208	5209	5111	5110	5209	5210	5112
					5111	5210	5211	5113	5112	5211	5212	5114	5113	5212	5213	5115	5114	5213	5214	5116	5115	5214	5215
					5117	5116	5215	5216	5118	5117	5216	5217	5119	5118	5217	5218	5120	5119	5218	5219	5121	5120	5219
					5220	5122	5121	5220	5221	5123	5122	5221	5222	5124	5123	5222	5223	5125	5124	5223	5224	5126	5125
					5224	5225	5127	5126	5225	5226	5128	5127	5226	5227	5129	5128	5227	5228	5130	5129	5228	5229	5131
					5130	5229	5230	5132	5131	5230	5231	5133	5132	5231	5232	5134	5133	5232	5233	5135	5134	5233	5234
					5136	5135	5234	5235	5137	5136	5235	5236	5138	5137	5236	5237	5139	5138	5237	5238	5140	5139	5238
					5239	5141	5140	5239	5240	5142	5141	5240	5241	5143	5142	5241	5242	5144	5143	5242	5243	5145	5144
					5243	5244	5146	5145	5244	5245	5147	5146	5245	5246	5148	5147	5246	5247	5149	5148	5248	5249	5151
					5150	5249	5250	5152	5151	5250	5251	5153	5152	5251	5252	5154	5153	5252	5253	5155	5154	5253	5254
					5156	5155	5254	5255	5157	5156	5255	5256	5158	5157	5256	5257	5159	5158	5257	5258	5160	5159	5258
					5259	5161	5160	5259	5260	5162	5161	5260	5261	5163	5162	5261	5262	5164	5163	5262	5263	5165	5164
					5263	5264	5166	5165	5264	5265	5167	5166	5265	5266	5168	5167	5266	5267	5169	5168	5267	5268	5170
					5169	5268	5269	5171	5170	5269	5270	5172	5171	5270	5271	5173	5172	5271	5272	5174	5173	5272	5273
					5175	5174	5273	5274	5176	5175	5274	5275	5177	5176	5275	5276	5178	5177	5276	5277	5179	5178	5277
					5278	5180	5179	5278	5279	5181	5180	5279	5280	5182	5181	5280	5281	5183	5182	5281	5282	5184	5183
					5282	5283	5185	5184	5283	5284	5186	5185	5284	5285	5187	5186	5285	5286	5188	5187	5286	5287	5189
					5188	5287	5288	5190	5189	5288	5289	5191	5190	5289	5290	5192	5191	5290	5291	5193	5192	5291	5292
					5194	5193	5292	5293	5195	5194	5293	5294	5196	5195	5294	5295	5197	5196	5295	5296	5198	5197	5296
					5297	5199	5198	5297	5298	5200	5199	5298	5299	5201	5200	5299	5300	5202	5201	5300	5301	5203	5202
					5301	5302	5204	5203	5302	5303	5205	5204	5303	5304	5206	5205	5304	5305	5207	5206	5305	5306	5208
					5207	5306	5307	5209	5208	5307	5308	5210	5209	5308	5309	5211	5210	5309	5310	5212	5211	5310	5311
					5213	5212	5311	5312	5214	5213	5312	5313	5215	5214	5313	5314	5216	5215	5314	5315	5217	5216	5315
					5316	5218	5217	5316	5317	5219	5218	5317	5318	5220	5219	5318	5319	5221	5220	5319	5320	5222	5221
					5320	5321	5223	5222	5321	5322	5224	5223	5322	5323	5225	5224	5323	5324	5226	5225	5324	5325	5227
					5226	5325	5326	5228	5227	5326	5327	5229	5228	5327	5328	5230	5229	5328	5329	5231	5230	5329	5330
					5232	5231	5330	5331	5233	5232	5331	5332	5234	5233	5332	5333	5235	5234	5333	5334	5236	5235	5334
					5335	5237	5236	5335	5336	5238	5237	5336	5337	5239	5238	5337	5338	5240	5239	5338	5339	5241	5240
					5339	5340	5242	5241	5340	5341	5243	5242	5341	5342	5244	5243	5342	5343	5245	5244	5343	5344	5246
					5245	5344	5345	5247	5246	5346	5347	5249	5248	5347	5348	5250	5249	5348	5349	5251	5250	5349	5350
					5252	5251	5350	5351	5253	5252	5351	5352	5254	5253	5352	5353	5255	5254	5353	5354	5256	5255	5354
					5355	5257	5256	5355	5356	5258	5257	5356	5357	5259	5258	5357	5358	5260	5259	5358	5359	5261	5260
					5359	5360	5262	5261	5360	5361	5263	5262	5361	5362	5264	5263	5362	5363	5265	5264	5363	5364	5266
					5265	5364	5365	5267	5266	5365	5366	5268	5267	5366	5367	5269	5268	5367	5368	5270	5269	5368	5369
					5271	5270	5369	5370	5272	5271	5370	5371	5273	5272	5371	5372	5274	5273	5372	5373	5275	5274	5373
					5374	5276	5275	5374	5375	5277	5276	5375	5376	5278	5277	5376	5377	5279	5278	5377	5378	5280	5279
					5378	5379	5281	5280	5379	5380	5282	5281	5380	5381	5283	5282	5381	5382	5284	5283	5382	5383	5285
					5284	5383	5384	5286	5285	5384	5385	5287	5286	5385	5386	5288	5287	5386	5387	5289	5288	5387	5388
					5290	5289	5388	5389	5291	5290	5389	5390	5292	5291	5390	5391	5293	5292	5391	5392	5294	5293	5392
					5393	5295	5294	5393	5394	5296	5295	5394	5395	5297	5296	5395	5396	5298	5297	5396	5397	5299	5298
					5397	5398	5300	5299	5398	5399	5301	5300	5399	5400	5302	5301	5400	5401	5303	5302	5401	5402	5304
					5303	5402	5403	5305	5304	5403	5404	5306	5305	5404	5405	5307	5306	5405	5406	5308	5307	5406	5407
					5309	5308	5407	5408	5310	5309	5408	5409	5311	5310	5409	5410	5312	5311	5410	5411	5313	5312	5411
					5412	5314	5313	5412	5413	5315	5314	5413	5414	5316	5315	5414	5415	5317	5316	5415	5416	5318	5317
					5416	5417	5319	5318	5417	5418	5320	5319	5418	5419	5321	5320	5419	5420	5322	5321	5420	5421	5323
					5322	5421	5422	5324	5323	5422	5423	5325	5324	5423	5424	5326	5325	5424	5425	5327	5326	5425	5426
					5328	5327	5426	5427	5329	5328	5427	5428	5330	5329	5428	5429	5331	5330	5429	5430	5332	5331	5430
					5431	5333	5332	5431	5432	5334	5333	5432	5433	5335	5334	5433	5434	5336	5335	5434	5435	5337	5336
					5435	5436	5338	5337	5436	5437	5339	5338	5437	5438	5340	5339	5438	5439	5341	5340	5439	5440	5342
					5341	5440	5441	5343	5342	5441	5442	5344	5343	5442	5443	5345	5344	5444	5445	5347	5346	5445	5446
					5348	5347	5446	5447	5349	5348	5447	5448	5350	5349	5448	5449	5351	5350	5449	5450	5352	5351	5450
					5451	5353	5352	5451	5452	5354	5353	5452	5453	5355	5354	5453	5454	5356	5355	5454	5455	5357	5356
					5455	5456	5358	5357	5456	5457	5359	5358	5457	5458	5360	5359	5458	5459	5361	5360	5459	5460	5362
					5361	5460	5461	5363	5362	5461	5462	5364	5363	5462	5463	5365	5364	5463	5464	5366	5365	5464	5465
					5367	5366	5465	5466	5368	5367	5466	5467	5369	5368	5467	5468	5370	5369	5468	5469	5371	5370	5469
					5470	5372	5371	5470	5471	5373	5372	5471	5472	5374	5373	5472	5473	5375	5374	5473	5474	5376	5375
					5474	5475	5377	5376	5475	5476	5378	5377	5476	5477	5379	5378	5477	5478	5380	5379	5478	5479	5381
					5380	5479	5480	5382	5381	5480	5481	5383	5382	5481	5482	5384	5383	5482	5483	5385	5384	5483	5484
					5386	5385	5484	5485	5387	5386	5485	5486	5388	5387	5486	5487	5389	5388	5487	5488	5390	5389	5488
					5489	5391	5390	5489	5490	5392	5391	5490	5491	5393	5392	5491	5492	5394	5393	5492	5493	5395	5394
					5493	5494	5396	5395	5494	5495	5397	5396	5495	5496	5398	5397	5496	5497	5399	5398	5497	5498	5400
					5399	5498	5499	5401	5400	5499	5500	5402	5401	5500	5501	5403	5402	5501	5502	5404	5403	5502	5503
					5405	5404	5503	5504	5406	5405	5504	5505	5407	5406	5505	5506	5408	5407	5506	5507	5409	5408	5507
					5508	5410	5409	5508	5509	5411	5410	5509	5510	5412	5411	5510	5511	5413	5412	5511	5512	5414	5413
					5512	5513	5415	5414	5513	5514	5416	5415	5514	5515	5417	5416	5515	5516	5418	5417	5516	5517	5419
					5418	5517	5518	5420	5419	5518	5519	5421	5420	5519	5520	5422	5421	5520	5521	5423	5422	5521	5522
					5424	5423	5522	5523	5425	5424	5523	5524	5426	5425	5524	5525	5427	5426	5525	5526	5428	5427	5526
					5527	5429	5428	5527	5528	5430	5429	5528	5529	5431	5430	5529	5530	5432	5431	5530	5531	5433	5432
					5531	5532	5434	5433	5532	5533	5435	5434	5533	5534	5436	5435	5534	5535	5437	5436	5535	5536	5438
					5437	5536	5537	5439	5438	5537	5538	5440	5439	5538	5539	5441	5440	5539	5540	5442	5441	5540	5541
					5443	5442	5542	5543	5445	5444	5543	5544	5446	5445	5544	5545	5447	5446	5545	5546	5448	5447	5546
					5547	5449	5448	5547	5548	5450	5449	5548	5549	5451	5450	5549	5550	5452	5451	5550	5551	5453	5452
					5551	5552	5454	5453	5552	5553	5455	5454	5553	5554	5456	5455	5554	5555	5457	5456	5555	5556	5458
					5457	5556	5557	5459	5458	5557	5558	5460	5459	5558	5559	5461	5460	5559	5560	5462	5461	5560	5561
					5463	5462	5561	5562	5464	5463	5562	5563	5465	5464	5563	5564	5466	5465	5564	5565	5467	5466	5565
					5566	5468	5467	5566	5567	5469	5468	5567	5568	5470	5469	5568	5569	5471	5470	5569	5570	5472	5471
					5570	5571	5473	5472	5571	5572	5474	5473	5572	5573	5475	5474	5573	5574	5476	5475	5574	5575	5477
					5476	5575	5576	5478	5477	5576	5577	5479	5478	5577	5578	5480	5479	5578	5579	5481	5480	5579	5580
					5482	5481	5580	5581	5483	5482	5581	5582	5484	5483	5582	5583	5485	5484	5583	5584	5486	5485	5584
					5585	5487	5486	5585	5586	5488	5487	5586	5587	5489	5488	5587	5588	5490	5489	5588	5589	5491	5490
					5589	5590	5492	5491	5590	5591	5493	5492	5591	5592	5494	5493	5592	5593	5495	5494	5593	5594	5496
					5495	5594	5595	5497	5496	5595	5596	5498	5497	5596	5597	5499	5498	5597	5598	5500	5499	5598	5599
					5501	5500	5599	5600	5502	5501	5600	5601	5503	5502	5601	5602	5504	5503	5602	5603	5505	5504	5603
					5604	5506	5505	5604	5605	5507	5506	5605	5606	5508	5507	5606	5607	5509	5508	5607	5608	5510	5509
					5608	5609	5511	5510	5609	5610	5512	5511	5610	5611	5513	5512	5611	5612	5514	5513	5612	5613	5515
					5514	5613	5614	5516	5515	5614	5615	5517	5516	5615	5616	5518	5517	5616	5617	5519	5518	5617	5618
					5520	5519	5618	5619	5521	5520	5619	5620	5522	5521	5620	5621	5523	5522	5621	5622	5524	5523	5622
					5623	5525	5524	5623	5624	5526	5525	5624	5625	5527	5526	5625	5626	5528	5527	5626	5627	5529	5528
					5627	5628	5530	5529	5628	5629	5531	5530	5629	5630	5532	5531	5630	5631	5533	5532	5631	5632	5534
					5533	5632	5633	5535	5534	5633	5634	5536	5535	5634	5635	5537	5536	5635	5636	5538	5537	5636	5637
					5539	5538	5637	5638	5540	5539	5638	5639	5541	5540	5640	5641	5543	5542	5641	5642	5544	5543	5642
					5643	5545	5544	5643	5644	5546	5545	5644	5645	5547	5546	5645	5646	5548	5547	5646	5647	5549	5548
					5647	5648	5550	5549	5648	5649	5551	5550	5649	5650	5552	5551	5650	5651	5553	5552	5651	5652	5554
					5553	5652	5653	5555	5554	5653	5654	5556	5555	5654	5655	5557	5556	5655	5656	5558	5557	5656	5657
					5559	5558	5657	5658	5560	5559	5658	5659	5561	5560	5659	5660	5562	5561	5660	5661	5563	5562	5661
					5662	5564	5563	5662	5663	5565	5564	5663	5664	5566	5565	5664	5665	5567	5566	5665	5666	5568	5567
					5666	5667	5569	5568	5667	5668	5570	5569	5668	5669	5571	5570	5669	5670	5572	5571	5670	5671	5573
					5572	5671	5672	5574	5573	5672	5673	5575	5574	5673	5674	5576	5575	5674	5675	5577	5576	5675	5676
					5578	5577	5676	5677	5579	5578	5677	5678	5580	5579	5678	5679	5581	5580	5679	5680	5582	5581	5680
					5681	5583	5582	5681	5682	5584	5583	5682	5683	5585	5584	5683	5684	5586	5585	5684	5685	5587	5586
					5685	5686	5588	5587	5686	5687	5589	5588	5687	5688	5590	5589	5688	5689	5591	5590	5689	5690	5592
					5591	5690	5691	5593	5592	5691	5692	5594	5593	5692	5693	5595	5594	5693	5694	5596	5595	5694	5695
					5597	5596	5695	5696	5598	5597	5696	5697	5599	5598	5697	5698	5600	5599	5698	5699	5601	5600	5699
					5700	5602	5601	5700	5701	5603	5602	5701	5702	5604	5603	5702	5703	5605	5604	5703	5704	5606	5605
					5704	5705	5607	5606	5705	5706	5608	5607	5706	5707	5609	5608	5707	5708	5610	5609	5708	5709	5611
					5610	5709	5710	5612	5611	5710	5711	5613	5612	5711	5712	5614	5613	5712	5713	5615	5614	5713	5714
					5616	5615	5714	5715	5617	5616	5715	5716	5618	5617	5716	5717	5619	5618	5717	5718	5620	5619	5718
					5719	5621	5620	5719	5720	5622	5621	5720	5721	5623	5622	5721	5722	5624	5623	5722	5723	5625	5624
					5723	5724	5626	5625	5724	5725	5627	5626	5725	5726	5628	5627	5726	5727	5629	5628	5727	5728	5630
					5629	5728	5729	5631	5630	5729	5730	5632	5631	5730	5731	5633	5632	5731	5732	5634	5633	5732	5733
					5635	5634	5733	5734	5636	5635	5734	5735	5637	5636	5735	5736	5638	5637	5736	5737	5639	5638	5738
					5739	5641	5640	5739	5740	5642	5641	5740	5741	5643	5642	5741	5742	5644	5643	5742	5743	5645	5644
					5743	5744	5646	5645	5744	5745	5647	5646	5745	5746	5648	5647	5746	5747	5649	5648	5747	5748	5650
					5649	5748	5749	5651	5650	5749	5750	5652	5651	5750	5751	5653	5652	5751	5752	5654	5653	5752	5753
					5655	5654	5753	5754	5656	5655	5754	5755	5657	5656	5755	5756	5658	5657	5756	5757	5659	5658	5757
					5758	5660	5659	5758	5759	5661	5660	5759	5760	5662	5661	5760	5761	5663	5662	5761	5762	5664	5663
					5762	5763	5665	5664	5763	5764	5666	5665	5764	5765	5667	5666	5765	5766	5668	5667	5766	5767	5669
					5668	5767	5768	5670	5669	5768	5769	5671	5670	5769	5770	5672	5671	5770	5771	5673	5672	5771	5772
					5674	5673	5772	5773	5675	5674	5773	5774	5676	5675	5774	5775	5677	5676	5775	5776	5678	5677	5776
					5777	5679	5678	5777	5778	5680	5679	5778	5779	5681	5680	5779	5780	5682	5681	5780	5781	5683	5682
					5781	5782	5684	5683	5782	5783	5685	5684	5783	5784	5686	5685	5784	5785	5687	5686	5785	5786	5688
					5687	5786	5787	5689	5688	5787	5788	5690	5689	5788	5789	5691	5690	5789	5790	5692	5691	5790	5791
					5693	5692	5791	5792	5694	5693	5792	5793	5695	5694	5793	5794	5696	5695	5794	5795	5697	5696	5795
					5796	5698	5697	5796	5797	5699	5698	5797	5798	5700	5699	5798	5799	5701	5700	5799	5800	5702	5701
					5800	5801	5703	5702	5801	5802	5704	5703	5802	5803	5705	5704	5803	5804	5706	5705	5804	5805	5707
					5706	5805	5806	5708	5707	5806	5807	5709	5708	5807	5808	5710	5709	5808	5809	5711	5710	5809	5810
					5712	5711	5810	5811	5713	5712	5811	5812	5714	5713	5812	5813	5715	5714	5813	5814	5716	5715	5814
					5815	5717	5716	5815	5816	5718	5717	5816	5817	5719	5718	5817	5818	5720	5719	5818	5819	5721	5720
					5819	5820	5722	5721	5820	5821	5723	5722	5821	5822	5724	5723	5822	5823	5725	5724	5823	5824	5726
					5725	5824	5825	5727	5726	5825	5826	5728	5727	5826	5827	5729	5728	5827	5828	5730	5729	5828	5829
					5731	5730	5829	5830	5732	5731	5830	5831	5733	5732	5831	5832	5734	5733	5832	5833	5735	5734	5833
					5834	5736	5735	5834	5835	5737	5736	5836	5837	5739	5738	5837	5838	5740	5739	5838	5839	5741	5740
					5839	5840	5742	5741	5840	5841	5743	5742	5841	5842	5744	5743	5842	5843	5745	5744	5843	5844	5746
					5745	5844	5845	5747	5746	5845	5846	5748	5747	5846	5847	5749	5748	5847	5848	5750	5749	5848	5849
					5751	5750	5849	5850	5752	5751	5850	5851	5753	5752	5851	5852	5754	5753	5852	5853	5755	5754	5853
					5854	5756	5755	5854	5855	5757	5756	5855	5856	5758	5757	5856	5857	5759	5758	5857	5858	5760	5759
					5858	5859	5761	5760	5859	5860	5762	5761	5860	5861	5763	5762	5861	5862	5764	5763	5862	5863	5765
					5764	5863	5864	5766	5765	5864	5865	5767	5766	5865	5866	5768	5767	5866	5867	5769	5768	5867	5868
					5770	5769	5868	5869	5771	5770	5869	5870	5772	5771	5870	5871	5773	5772	5871	5872	5774	5773	5872
					5873	5775	5774	5873	5874	5776	5775	5874	5875	5777	5776	5875	5876	5778	5777	5876	5877	5779	5778
					5877	5878	5780	5779	5878	5879	5781	5780	5879	5880	5782	5781	5880	5881	5783	5782	5881	5882	5784
					5783	5882	5883	5785	5784	5883	5884	5786	5785	5884	5885	5787	5786	5885	5886	5788	5787	5886	5887
					5789	5788	5887	5888	5790	5789	5888	5889	5791	5790	5889	5890	5792	5791	5890	5891	5793	5792	5891
					5892	5794	5793	5892	5893	5795	5794	5893	5894	5796	5795	5894	5895	5797	5796	5895	5896	5798	5797
					5896	5897	5799	5798	5897	5898	5800	5799	5898	5899	5801	5800	5899	5900	5802	5801	5900	5901	5803
					5802	5901	5902	5804	5803	5902	5903	5805	5804	5903	5904	5806	5805	5904	5905	5807	5806	5905	5906
					5808	5807	5906	5907	5809	5808	5907	5908	5810	5809	5908	5909	5811	5810	5909	5910	5812	5811	5910
					5911	5813	5812	5911	5912	5814	5813	5912	5913	5815	5814	5913	5914	5816	5815	5914	5915	5817	5816
					5915	5916	5818	5817	5916	5917	5819	5818	5917	5918	5820	5819	5918	5919	5821	5820	5919	5920	5822
					5821	5920	5921	5823	5822	5921	5922	5824	5823	5922	5923	5825	5824	5923	5924	5826	5825	5924	5925
					5827	5826	5925	5926	5828	5827	5926	5927	5829	5828	5927	5928	5830	5829	5928	5929	5831	5830	5929
					5930	5832	5831	5930	5931	5833	5832	5931	5932	5834	5833	5932	5933	5835	5834	5934	5935	5837	5836
					5935	5936	5838	5837	5936	5937	5839	5838	5937	5938	5840	5839	5938	5939	5841	5840	5939	5940	5842
					5841	5940	5941	5843	5842	5941	5942	5844	5843	5942	5943	5845	5844	5943	5944	5846	5845	5944	5945
					5847	5846	5945	5946	5848	5847	5946	5947	5849	5848	5947	5948	5850	5849	5948	5949	5851	5850	5949
					5950	5852	5851	5950	5951	5853	5852	5951	5952	5854	5853	5952	5953	5855	5854	5953	5954	5856	5855
					5954	5955	5857	5856	5955	5956	5858	5857	5956	5957	5859	5858	5957	5958	5860	5859	5958	5959	5861
					5860	5959	5960	5862	5861	5960	5961	5863	5862	5961	5962	5864	5863	5962	5963	5865	5864	5963	5964
					5866	5865	5964	5965	5867	5866	5965	5966	5868	5867	5966	5967	5869	5868	5967	5968	5870	5869	5968
					5969	5871	5870	5969	5970	5872	5871	5970	5971	5873	5872	5971	5972	5874	5873	5972	5973	5875	5874
					5973	5974	5876	5875	5974	5975	5877	5876	5975	5976	5878	5877	5976	5977	5879	5878	5977	5978	5880
					5879	5978	5979	5881	5880	5979	5980	5882	5881	5980	5981	5883	5882	5981	5982	5884	5883	5982	5983
					5885	5884	5983	5984	5886	5885	5984	5985	5887	5886	5985	5986	5888	5887	5986	5987	5889	5888	5987
					5988	5890	5889	5988	5989	5891	5890	5989	5990	5892	5891	5990	5991	5893	5892	5991	5992	5894	5893
					5992	5993	5895	5894	5993	5994	5896	5895	5994	5995	5897	5896	5995	5996	5898	5897	5996	5997	5899
					5898	5997	5998	5900	5899	5998	5999	5901	5900	5999	6000	5902	5901	6000	6001	5903	5902	6001	6002
					5904	5903	6002	6003	5905	5904	6003	6004	5906	5905	6004	6005	5907	5906	6005	6006	5908	5907	6006
					6007	5909	5908	6007	6008	5910	5909	6008	6009	5911	5910	6009	6010	5912	5911	6010	6011	5913	5912
					6011	6012	5914	5913	6012	6013	5915	5914	6013	6014	5916	5915	6014	6015	5917	5916	6015	6016	5918
					5917	6016	6017	5919	5918	6017	6018	5920	5919	6018	6019	5921	5920	6019	6020	5922	5921	6020	6021
					5923	5922	6021	6022	5924	5923	6022	6023	5925	5924	6023	6024	5926	5925	6024	6025	5927	5926	6025
					6026	5928	5927	6026	6027	5929	5928	6027	6028	5930	5929	6028	286	5931	5930	286	287	5932	5931
					287	288	5933	5932	289	290	5935	5934	290	291	5936	5935	291	292	5937	5936	292	293	5938
					5937	293	294	5939	5938	294	295	5940	5939	295	296	5941	5940	296	297	5942	5941	297	298
					5943	5942	298	299	5944	5943	299	300	5945	5944	300	301	5946	5945	301	302	5947	5946	302
					303	5948	5947	303	304	5949	5948	304	305	5950	5949	305	306	5951	5950	306	307	5952	5951
					307	308	5953	5952	308	309	5954	5953	309	310	5955	5954	310	311	5956	5955	311	312	5957
					5956	312	313	5958	5957	313	314	5959	5958	314	315	5960	5959	315	316	5961	5960	316	317
					5962	5961	317	318	5963	5962	318	319	5964	5963	319	320	5965	5964	320	321	5966	5965	321
					322	5967	5966	322	323	5968	5967	323	324	5969	5968	324	325	5970	5969	325	326	5971	5970
					326	327	5972	5971	327	328	5973	5972	328	329	5974	5973	329	330	5975	5974	330	331	5976
					5975	331	332	5977	5976	332	333	5978	5977	333	334	5979	5978	334	335	5980	5979	335	336
					5981	5980	336	337	5982	5981	337	338	5983	5982	338	339	5984	5983	339	340	5985	5984	340
					341	5986	5985	341	342	5987	5986	342	343	5988	5987	343	344	5989	5988	344	345	5990	5989
					345	346	5991	5990	346	347	5992	5991	347	348	5993	5992	348	349	5994	5993	349	350	5995
					5994	350	351	5996	5995	351	352	5997	5996	352	353	5998	5997	353	354	5999	5998	354	355
					6000	5999	355	356	6001	6000	356	357	6002	6001	357	358	6003	6002	358	359	6004	6003	359
					360	6005	6004	360	361	6006	6005	361	362	6007	6006	362	363	6008	6007	363	364	6009	6008
					364	365	6010	6009	365	366	6011	6010	366	367	6012	6011	367	368	6013	6012	368	369	6014
					6013	369	370	6015	6014	370	371	6016	6015	371	372	6017	6016	372	373	6018	6017	373	374
					6019	6018	374	375	6020	6019	375	376	6021	6020	376	377	6022	6021	377	378	6023	6022	378
					379	6024	6023	379	380	6025	6024	380	381	6026	6025	381	382	6027	6026	382	383	6028	6027
					383	384	286	6028	384	385	287	286	385	386	288	287	387	388	290	289	388	389	291
					290	389	390	292	291	390	391	293	292	391	392	294	293	392	393	295	294	393	394
					296	295	394	395	297	296	395	396	298	297	396	397	299	298	397	398	300	299	398
					399	301	300	399	400	302	301	400	401	303	302	401	402	304	303	402	403	305	304
					403	404	306	305	404	405	307	306	405	406	308	307	406	407	309	308	407	408	310
					309	408	409	311	310	409	410	312	311	410	411	313	312	411	412	314	313	412	413
					315	314	413	414	316	315	414	415	317	316	415	416	318	317	416	417	319	318	417
					418	320	319	418	419	321	320	419	420	322	321	420	421	323	322	421	422	324	323
					422	423	325	324	7601	7602	7642	7641	7602	7603	7643	7642	7603	7604	0	7643	7604	7605	1
					0	7605	7606	2	1	7606	7607	3	2	7607	7608	4	3	7608	7609	5	4	7609	7610
					6	5	7610	7611	7	6	7611	7612	8	7	7612	7613	9	8	7613	7614	10	9	7614
					7615	11	10	7615	7616	12	11	7616	7617	13	12	7617	7618	14	13	7618	7619	15	14
					7619	7620	16	15	7620	7621	17	16	7621	7622	18	17	7622	7623	19	18	7623	7624	20
					19	7624	7625	21	20	7625	7626	22	21	7626	7627	23	22	7627	36	24	23	36	37
					25	24	37	38	26	25	38	39	27	26	39	40	28	27	40	41	29	28	41
					42	30	29	42	43	31	30	43	44	7538	31	44	45	7539	7538	45	46	7540	7539
					46	47	7541	7540	47	48	7542	7541	48	49	7543	7542	49	50	7544	7543	50	51	7545
					7544	51	52	7546	7545	52	53	7547	7546	53	54	7548	7547	54	55	7549	7548	55	56
					7550	7549	56	57	7551	7550	57	58	7552	7551	58	59	7553	7552	59	60	7554	7553	60
					61	7555	7554	61	62	7556	7555	62	63	7557	7556	63	64	7558	7557	64	65	7559	7558
					65	66	7560	7559	66	67	7561	7560	67	68	7562	7561	68	69	7563	7562	69	70	7564
					7563	70	71	7565	7564	71	72	7566	7565	72	73	7567	7566	73	74	7568	7567	74	75
					7569	7568	75	76	7570	7569	76	77	7571	7570	77	78	7572	7571	79	80	7574	7573	80
					81	7575	7574	81	82	7576	7575	82	83	7577	7576	83	84	7578	7577	84	85	7579	7578
					85	86	7580	7579	86	87	7581	7580	87	88	7582	7581	88	89	7583	7582	89	90	7584
					7583	90	91	7585	7584	91	92	7586	7585	92	93	7587	7586	93	94	7588	7587	94	95
					7589	7588	95	96	7590	7589	96	97	7591	7590	97	98	7592	7591	98	99	7593	7592	99
					100	7594	7593	100	101	7595	7594	101	102	7596	7595	102	103	7597	7596	103	104	7598	7597
					104	105	7599	7598	105	106	7600	7599	106	107	7601	7600	107	108	7602	7601	108	109	7603
					7602	109	110	7604	7603	110	111	7605	7604	111	112	7606	7605	112	113	7607	7606	113	114
					7608	7607	114	115	7609	7608	115	116	7610	7609	116	117	7611	7610	117	118	7612	7611	118
					119	7613	7612	119	120	7614	7613	120	121	7615	7614	121	122	7616	7615	122	123	7617	7616
					123	124	7618	7617	124	125	7619	7618	125	126	7620	7619	126	127	7621	7620	127	128	7622
					7621	128	129	7623	7622	129	130	7624	7623	130	131	7625	7624	131	132	7626	7625	132	133
					7627	7626	133	134	36	7627	134	135	37	36	135	136	38	37	423	424	326	325	424
					425	327	326	425	426	328	327	426	427	329	328	427	428	330	329	428	429	331	330
					429	430	332	331	430	431	333	332	431	432	334	333	432	433	335	334	433	434	336
					335	434	435	337	336	435	436	338	337	436	437	339	338	437	438	340	339	438	439
					341	340	439	440	342	341	440	441	343	342	441	442	344	343	442	443	345	344	443
					444	346	345	444	445	347	346	445	446	348	347	446	447	349	348	447	448	350	349
					448	449	351	350	449	450	352	351	450	451	353	352	451	452	354	353	452	453	355
					354	453	454	356	355	454	455	357	356	455	456	358	357	456	457	359	358	457	458
					360	359	458	459	361	360	459	460	362	361	460	461	363	362	461	462	364	363	462
					463	365	364	463	464	366	365	464	465	367	366	465	466	368	367	466	467	369	368
					467	468	370	369	468	469	371	370	469	470	372	371	470	471	373	372	471	472	374
					373	472	473	375	374	473	474	376	375	474	475	377	376	475	476	378	377	476	477
					379	378	477	478	380	379	478	479	381	380	479	480	382	381	480	481	383	382	481
					482	384	383	482	483	385	384	483	484	386	385	485	486	388	387	486	487	389	388
					487	488	390	389	488	489	391	390	489	490	392	391	490	491	393	392	491	492	394
					393	492	493	395	394	493	494	396	395	494	495	397	396	495	496	398	397	496	497
					399	398	497	498	400	399	498	499	401	400	499	500	402	401	500	501	403	402	501
					502	404	403	502	503	405	404	503	504	406	405	504	505	407	406	505	506	408	407
					506	507	409	408	507	508	410	409	508	509	411	410	509	510	412	411	510	511	413
					412	511	512	414	413	512	513	415	414	513	514	416	415	514	515	417	416	515	516
					418	417	516	517	419	418	517	518	420	419	518	519	421	420	519	520	422	421	520
					521	423	422	521	522	424	423	522	523	425	424	523	524	426	425	524	525	427	426
					525	526	428	427	526	527	429	428	527	528	430	429	528	529	431	430	529	530	432
					431	530	531	433	432	531	532	434	433	532	533	435	434	533	534	436	435	534	535
					437	436	535	536	438	437	536	537	439	438	537	538	440	439	538	539	441	440	539
					540	442	441	540	541	443	442	541	542	444	443	542	543	445	444	543	544	446	445
					544	545	447	446	545	546	448	447	546	547	449	448	547	548	450	449	548	549	451
					450	549	550	452	451	550	551	453	452	551	552	454	453	552	553	455	454	553	554
					456	455	554	555	457	456	555	556	458	457	556	557	459	458	557	558	460	459	558
					559	461	460	559	560	462	461	560	561	463	462	561	562	464	463	562	563	465	464
					563	564	466	465	564	565	467	466	565	566	468	467	566	567	469	468	567	568	470
					469	568	569	471	470	569	570	472	471	570	571	473	472	571	572	474	473	572	573
					475	474	573	574	476	475	574	575	477	476	575	576	478	477	576	577	479	478	577
					578	480	479	578	579	481	480	579	580	482	481	580	581	483	482	581	582	484	483
					583	584	486	485	584	585	487	486	585	586	488	487	586	587	489	488	587	588	490
					489	588	589	491	490	589	590	492	491	590	591	493	492	591	592	494	493	592	593
					495	494	593	594	496	495	594	595	497	496	595	596	498	497	596	597	499	498	597
					598	500	499	598	599	501	500	599	600	502	501	600	601	503	502	601	602	504	503
					602	603	505	504	603	604	506	505	604	605	507	506	605	606	508	507	606	607	509
					508	607	608	510	509	608	609	511	510	609	610	512	511	610	611	513	512	611	612
					514	513	612	613	515	514	613	614	516	515	614	615	517	516	615	616	518	517	616
					617	519	518	617	618	520	519	618	619	521	520	619	620	522	521	620	621	523	522
					621	622	524	523	622	623	525	524	623	624	526	525	624	625	527	526	625	626	528
					527	626	627	529	528	627	628	530	529	628	629	531	530	629	630	532	531	630	631
					533	532	631	632	534	533	632	633	535	534	633	634	536	535	634	635	537	536	635
					636	538	537	636	637	539	538	637	638	540	539	638	639	541	540	639	640	542	541
					640	641	543	542	641	642	544	543	642	643	545	544	643	644	546	545	644	645	547
					546	645	646	548	547	646	647	549	548	647	648	550	549	648	649	551	550	649	650
					552	551	650	651	553	552	651	652	554	553	652	653	555	554	653	654	556	555	654
					655	557	556	655	656	558	557	656	657	559	558	657	658	560	559	658	659	561	560
					659	660	562	561	660	661	563	562	661	662	564	563	662	663	565	564	663	664	566
					565	664	665	567	566	665	666	568	567	666	667	569	568	667	668	570	569	668	669
					571	570	669	670	572	571	670	671	573	572	671	672	574	573	672	673	575	574	673
					674	576	575	674	675	577	576	675	676	578	577	676	677	579	578	677	678	580	579
					678	679	581	580	679	680	582	581	681	682	584	583	682	683	585	584	683	684	586
					585	684	685	587	586	685	686	588	587	686	687	589	588	687	688	590	589	688	689
					591	590	689	690	592	591	690	691	593	592	691	692	594	593	692	693	595	594	693
					694	596	595	694	695	597	596	695	696	598	597	696	697	599	598	697	698	600	599
					698	699	601	600	699	700	602	601	700	701	603	602	701	702	604	603	702	703	605
					604	703	704	606	605	704	705	607	606	705	706	608	607	706	707	609	608	707	708
					610	609	708	709	611	610	709	710	612	611	710	711	613	612	711	712	614	613	712
					713	615	614	713	714	616	615	714	715	617	616	715	716	618	617	716	717	619	618
					717	718	620	619	718	719	621	620	719	720	622	621	720	721	623	622	721	722	624
					623	722	723	625	624	723	724	626	625	724	725	627	626	725	726	628	627	726	727
					629	628	727	728	630	629	728	729	631	630	729	730	632	631	730	731	633	632	731
					732	634	633	732	733	635	634	733	734	636	635	734	735	637	636	735	736	638	637
					736	737	639	638	737	738	640	639	738	739	641	640	739	740	642	641	740	741	643
					642	741	742	644	643	742	743	645	644	743	744	646	645	744	745	647	646	745	746
					648	647	746	747	649	648	747	748	650	649	748	749	651	650	749	750	652	651	750
					751	653	652	751	752	654	653	752	753	655	654	753	754	656	655	754	755	657	656
					755	756	658	657	756	757	659	658	757	758	660	659	758	759	661	660	759	760	662
					661	760	761	663	662	761	762	664	663	762	763	665	664	763	764	666	665	764	765
					667	666	765	766	668	667	766	767	669	668	767	768	670	669	768	769	671	670	769
					770	672	671	770	771	673	672	771	772	674	673	772	773	675	674	773	774	676	675
					774	775	677	676	775	776	678	677	776	777	679	678	777	778	680	679	779	780	682
					681	780	781	683	682	781	782	684	683	782	783	685	684	783	784	686	685	784	785
					687	686	785	786	688	687	786	787	689	688	787	788	690	689	788	789	691	690	789
					790	692	691	790	791	693	692	791	792	694	693	792	793	695	694	793	794	696	695
					794	795	697	696	795	796	698	697	796	797	699	698	797	798	700	699	798	799	701
					700	799	800	702	701	800	801	703	702	801	802	704	703	802	803	705	704	803	804
					706	705	804	805	707	706	805	806	708	707	806	807	709	708	807	808	710	709	808
					809	711	710	809	810	712	711	810	811	713	712	811	812	714	713	812	813	715	714
					813	814	716	715	814	815	717	716	815	816	718	717	816	817	719	718	817	818	720
					719	818	819	721	720	819	820	722	721	820	821	723	722	821	822	724	723	822	823
					725	724	823	824	726	725	824	825	727	726	825	826	728	727	826	827	729	728	827
					828	730	729	828	829	731	730	829	830	732	731	830	831	733	732	831	832	734	733
					832	833	735	734	833	834	736	735	834	835	737	736	835	836	738	737	836	837	739
					738	837	838	740	739	838	839	741	740	839	840	742	741	840	841	743	742	841	842
					744	743	842	843	745	744	843	844	746	745	844	845	747	746	845	846	748	747	846
					847	749	748	847	848	750	749	848	849	751	750	849	850	752	751	850	851	753	752
					851	852	754	753	852	853	755	754	853	854	756	755	854	855	757	756	855	856	758
					757	856	857	759	758	857	858	760	759	858	859	761	760	859	860	762	761	860	861
					763	762	861	862	764	763	862	863	765	764	863	864	766	765	864	865	767	766	865
					866	768	767	866	867	769	768	867	868	770	769	868	869	771	770	869	870	772	771
					870	871	773	772	871	872	774	773	872	873	775	774	873	874	776	775	874	875	777
					776	875	876	778	777	877	878	780	779	878	879	781	780	879	880	782	781	880	881
					783	782	881	882	784	783	882	883	785	784	883	884	786	785	884	885	787	786	885
					886	788	787	886	887	789	788	887	888	790	789	888	889	791	790	889	890	792	791
					890	891	793	792	891	892	794	793	892	893	795	794	893	894	796	795	894	895	797
					796	895	896	798	797	896	897	799	798	897	898	800	799	898	899	801	800	899	900
					802	801	900	901	803	802	901	902	804	803	902	903	805	804	903	904	806	805	904
					905	807	806	905	906	808	807	906	907	809	808	907	908	810	809	908	909	811	810
					909	910	812	811	910	911	813	812	911	912	814	813	912	913	815	814	913	914	816
					815	914	915	817	816	915	916	818	817	916	917	819	818	917	918	820	819	918	919
					821	820	919	920	822	821	920	921	823	822	921	922	824	823	922	923	825	824	923
					924	826	825	924	925	827	826	925	926	828	827	926	927	829	828	927	928	830	829
					928	929	831	830	929	930	832	831	930	931	833	832	931	932	834	833	932	933	835
					834	933	934	836	835	934	935	837	836	935	936	838	837	936	937	839	838	937	938
					840	839	938	939	841	840	939	940	842	841	940	941	843	842	941	942	844	843	942
					943	845	844	943	944	846	845	944	945	847	846	945	946	848	847	946	947	849	848
					947	948	850	849	948	949	851	850	949	950	852	851	950	951	853	852	951	952	854
					853	952	953	855	854	953	954	856	855	954	955	857	856	955	956	858	857	956	957
					859	858	957	958	860	859	958	959	861	860	959	960	862	861	960	961	863	862	961
					962	864	863	962	963	865	864	963	964	866	865	964	965	867	866	965	966	868	867
					966	967	869	868	967	968	870	869	968	969	871	870	969	970	872	871	970	971	873
					872	971	972	874	873	972	973	875	874	973	974	876	875	975	976	878	877	976	977
					879	878	977	978	880	879	978	979	881	880	979	980	882	881	980	981	883	882	981
					982	884	883	982	983	885	884	983	984	886	885	984	985	887	886	985	986	888	887
					986	987	889	888	987	988	890	889	988	989	891	890	989	990	892	891	990	991	893
					892	991	992	894	893	992	993	895	894	993	994	896	895	994	995	897	896	995	996
					898	897	996	997	899	898	997	998	900	899	998	999	901	900	999	1000	902	901	1000
					1001	903	902	1001	1002	904	903	1002	1003	905	904	1003	1004	906	905	1004	1005	907	906
					1005	1006	908	907	1006	1007	909	908	1007	1008	910	909	1008	1009	911	910	1009	1010	912
					911	1010	1011	913	912	1011	1012	914	913	1012	1013	915	914	1013	1014	916	915	1014	1015
					917	916	1015	1016	918	917	1016	1017	919	918	1017	1018	920	919	1018	1019	921	920	1019
					1020	922	921	1020	1021	923	922	1021	1022	924	923	1022	1023	925	924	1023	1024	926	925
					1024	1025	927	926	1025	1026	928	927	1026	1027	929	928	1027	1028	930	929	1028	1029	931
					930	1029	1030	932	931	1030	1031	933	932	1031	1032	934	933	1032	1033	935	934	1033	1034
					936	935	1034	1035	937	936	1035	1036	938	937	1036	1037	939	938	1037	1038	940	939	1038
					1039	941	940	1039	1040	942	941	1040	1041	943	942	1041	1042	944	943	1042	1043	945	944
					1043	1044	946	945	1044	1045	947	946	1045	1046	948	947	1046	1047	949	948	1047	1048	950
					949	1048	1049	951	950	1049	1050	952	951	1050	1051	953	952	1051	1052	954	953	1052	1053
					955	954	1053	1054	956	955	1054	1055	957	956	1055	1056	958	957	1056	1057	959	958	1057
					1058	960	959	1058	1059	961	960	1059	1060	962	961	1060	1061	963	962	1061	1062	964	963
					1062	1063	965	964	1063	1064	966	965	1064	1065	967	966	1065	1066	968	967	1066	1067	969
					968	1067	1068	970	969	1068	1069	971	970	1069	1070	972	971	1070	1071	973	972	1071	1072
					974	973	1073	1074	976	975	1074	1075	977	976	1075	1076	978	977	1076	1077	979	978	1077
					1078	980	979	1078	1079	981	980	1079	1080	982	981	1080	1081	983	982	1081	1082	984	983
					1082	1083	985	984	1083	1084	986	985	1084	1085	987	986	1085	1086	988	987	1086	1087	989
					988	1087	1088	990	989	1088	1089	991	990	1089	1090	992	991	1090	1091	993	992	1091	1092
					994	993	1092	1093	995	994	1093	1094	996	995	1094	1095	997	996	1095	1096	998	997	1096
					1097	999	998	1097	1098	1000	999	1098	1099	1001	1000	1099	1100	1002	1001	1100	1101	1003	1002
					1101	1102	1004	1003	1102	1103	1005	1004	1103	1104	1006	1005	1104	1105	1007	1006	1105	1106	1008
					1007	1106	1107	1009	1008	1107	1108	1010	1009	1108	1109	1011	1010	1109	1110	1012	1011	1110	1111
					1013	1012	1111	1112	1014	1013	1112	1113	1015	1014	1113	1114	1016	1015	1114	1115	1017	1016	1115
					1116	1018	1017	1116	1117	1019	1018	1117	1118	1020	1019	1118	1119	1021	1020	1119	1120	1022	1021
					1120	1121	1023	1022	1121	1122	1024	1023	1122	1123	1025	1024	1123	1124	1026	1025	1124	1125	1027
					1026	1125	1126	1028	1027	1126	1127	1029	1028	1127	1128	1030	1029	1128	1129	1031	1030	1129	1130
					1032	1031	1130	1131	1033	1032	1131	1132	1034	1033	1132	1133	1035	1034	1133	1134	1036	1035	1134
					1135	1037	1036	1135	1136	1038	1037	1136	1137	1039	1038	1137	1138	1040	1039	1138	1139	1041	1040
					1139	1140	1042	1041	1140	1141	1043	1042	1141	1142	1044	1043	1142	1143	1045	1044	1143	1144	1046
					1045	1144	1145	1047	1046	1145	1146	1048	1047	1146	1147	1049	1048	1147	1148	1050	1049	1148	1149
					1051	1050	1149	1150	1052	1051	1150	1151	1053	1052	1151	1152	1054	1053	1152	1153	1055	1054	1153
					1154	1056	1055	1154	1155	1057	1056	1155	1156	1058	1057	1156	1157	1059	1058	1157	1158	1060	1059
					1158	1159	1061	1060	1159	1160	1062	1061	1160	1161	1063	1062	1161	1162	1064	1063	1162	1163	1065
					1064	1163	1164	1066	1065	1164	1165	1067	1066	1165	1166	1068	1067	1166	1167	1069	1068	1167	1168
					1070	1069	1168	1169	1071	1070	1169	1170	1072	1071	1171	1172	1074	1073	1172	1173	1075	1074	1173
					1174	1076	1075	1174	1175	1077	1076	1175	1176	1078	1077	1176	1177	1079	1078	1177	1178	1080	1079
					1178	1179	1081	1080	1179	1180	1082	1081	1180	1181	1083	1082	1181	1182	1084	1083	1182	1183	1085
					1084	1183	1184	1086	1085	1184	1185	1087	1086	1185	1186	1088	1087	1186	1187	1089	1088	1187	1188
					1090	1089	1188	1189	1091	1090	1189	1190	1092	1091	1190	1191	1093	1092	1191	1192	1094	1093	1192
					1193	1095	1094	1193	1194	1096	1095	1194	1195	1097	1096	1195	1196	1098	1097	1196	1197	1099	1098
					1197	1198	1100	1099	1198	1199	1101	1100	1199	1200	1102	1101	1200	1201	1103	1102	1201	1202	1104
					1103	1202	1203	1105	1104	1203	1204	1106	1105	1204	1205	1107	1106	1205	1206	1108	1107	1206	1207
					1109	1108	1207	1208	1110	1109	1208	1209	1111	1110	1209	1210	1112	1111	1210	1211	1113	1112	1211
					1212	1114	1113	1212	1213	1115	1114	1213	1214	1116	1115	1214	1215	1117	1116	1215	1216	1118	1117
					1216	1217	1119	1118	1217	1218	1120	1119	1218	1219	1121	1120	1219	1220	1122	1121	1220	1221	1123
					1122	1221	1222	1124	1123	1222	1223	1125	1124	1223	1224	1126	1125	1224	1225	1127	1126	1225	1226
					1128	1127	1226	1227	1129	1128	1227	1228	1130	1129	1228	1229	1131	1130	1229	1230	1132	1131	1230
					1231	1133	1132	1231	1232	1134	1133	1232	1233	1135	1134	1233	1234	1136	1135	1234	1235	1137	1136
					1235	1236	1138	1137	1236	1237	1139	1138	1237	1238	1140	1139	1238	1239	1141	1140	1239	1240	1142
					1141	1240	1241	1143	1142	1241	1242	1144	1143	1242	1243	1145	1144	1243	1244	1146	1145	1244	1245
					1147	1146	1245	1246	1148	1147	1246	1247	1149	1148	1247	1248	1150	1149	1248	1249	1151	1150	1249
					1250	1152	1151	1250	1251	1153	1152	1251	1252	1154	1153	1252	1253	1155	1154	1253	1254	1156	1155
					1254	1255	1157	1156	1255	1256	1158	1157	1256	1257	1159	1158	1257	1258	1160	1159	1258	1259	1161
					1160	1259	1260	1162	1161	1260	1261	1163	1162	1261	1262	1164	1163	1262	1263	1165	1164	1263	1264
					1166	1165	1264	1265	1167	1166	1265	1266	1168	1167	1266	1267	1169	1168	1267	1268	1170	1169	1269
					1270	1172	1171	1270	1271	1173	1172	1271	1272	1174	1173	1272	1273	1175	1174	1273	1274	1176	1175
					1274	1275	1177	1176	1275	1276	1178	1177	1276	1277	1179	1178	1277	1278	1180	1179	1278	1279	1181
					1180	1279	1280	1182	1181	1280	1281	1183	1182	1281	1282	1184	1183	1282	1283	1185	1184	1283	1284
					1186	1185	1284	1285	1187	1186	1285	1286	1188	1187	1286	1287	1189	1188	1287	1288	1190	1189	1288
					1289	1191	1190	1289	1290	1192	1191	1290	1291	1193	1192	1291	1292	1194	1193	1292	1293	1195	1194
					1293	1294	1196	1195	1294	1295	1197	1196	1295	1296	1198	1197	1296	1297	1199	1198	1297	1298	1200
					1199	1298	1299	1201	1200	1299	1300	1202	1201	1300	1301	1203	1202	1301	1302	1204	1203	1302	1303
					1205	1204	1303	1304	1206	1205	1304	1305	1207	1206	1305	1306	1208	1207	1306	1307	1209	1208	1307
					1308	1210	1209	1308	1309	1211	1210	1309	1310	1212	1211	1310	1311	1213	1212	1311	1312	1214	1213
					1312	1313	1215	1214	1313	1314	1216	1215	1314	1315	1217	1216	1315	1316	1218	1217	1316	1317	1219
					1218	1317	1318	1220	1219	1318	1319	1221	1220	1319	1320	1222	1221	1320	1321	1223	1222	1321	1322
					1224	1223	1322	1323	1225	1224	1323	1324	1226	1225	1324	1325	1227	1226	1325	1326	1228	1227	1326
					1327	1229	1228	1327	1328	1230	1229	1328	1329	1231	1230	1329	1330	1232	1231	1330	1331	1233	1232
					1331	1332	1234	1233	1332	1333	1235	1234	1333	1334	1236	1235	1334	1335	1237	1236	1335	1336	1238
					1237	1336	1337	1239	1238	1337	1338	1240	1239	1338	1339	1241	1240	1339	1340	1242	1241	1340	1341
					1243	1242	1341	1342	1244	1243	1342	1343	1245	1244	1343	1344	1246	1245	1344	1345	1247	1246	1345
					1346	1248	1247	1346	1347	1249	1248	1347	1348	1250	1249	1348	1349	1251	1250	1349	1350	1252	1251
					1350	1351	1253	1252	1351	1352	1254	1253	1352	1353	1255	1254	1353	1354	1256	1255	1354	1355	1257
					1256	1355	1356	1258	1257	1356	1357	1259	1258	1357	1358	1260	1259	1358	1359	1261	1260	1359	1360
					1262	1261	1360	1361	1263	1262	1361	1362	1264	1263	1362	1363	1265	1264	1363	1364	1266	1265	1364
					1365	1267	1266	1365	1366	1268	1267	1367	1368	1270	1269	1368	1369	1271	1270	1369	1370	1272	1271
					1370	1371	1273	1272	1371	1372	1274	1273	1372	1373	1275	1274	1373	1374	1276	1275	1374	1375	1277
					1276	1375	1376	1278	1277	1376	1377	1279	1278	1377	1378	1280	1279	1378	1379	1281	1280	1379	1380
					1282	1281	1380	1381	1283	1282	1381	1382	1284	1283	1382	1383	1285	1284	1383	1384	1286	1285	1384
					1385	1287	1286	1385	1386	1288	1287	1386	1387	1289	1288	1387	1388	1290	1289	1388	1389	1291	1290
					1389	1390	1292	1291	1390	1391	1293	1292	1391	1392	1294	1293	1392	1393	1295	1294	1393	1394	1296
					1295	1394	1395	1297	1296	1395	1396	1298	1297	1396	1397	1299	1298	1397	1398	1300	1299	1398	1399
					1301	1300	1399	1400	1302	1301	1400	1401	1303	1302	1401	1402	1304	1303	1402	1403	1305	1304	1403
					1404	1306	1305	1404	1405	1307	1306	1405	1406	1308	1307	1406	1407	1309	1308	1407	1408	1310	1309
					1408	1409	1311	1310	1409	1410	1312	1311	1410	1411	1313	1312	1411	1412	1314	1313	1412	1413	1315
					1314	1413	1414	1316	1315	1414	1415	1317	1316	1415	1416	1318	1317	1416	1417	1319	1318	1417	1418
					1320	1319	1418	1419	1321	1320	1419	1420	1322	1321	1420	1421	1323	1322	1421	1422	1324	1323	1422
					1423	1325	1324	1423	1424	1326	1325	1424	1425	1327	1326	1425	1426	1328	1327	1426	1427	1329	1328
					1427	1428	1330	1329	1428	1429	1331	1330	1429	1430	1332	1331	1430	1431	1333	1332	1431	1432	1334
					1333	1432	1433	1335	1334	1433	1434	1336	1335	1434	1435	1337	1336	1435	1436	1338	1337	1436	1437
					1339	1338	1437	1438	1340	1339	1438	1439	1341	1340	1439	1440	1342	1341	1440	1441	1343	1342	1441
					1442	1344	1343	1442	1443	1345	1344	1443	1444	1346	1345	1444	1445	1347	1346	1445	1446	1348	1347
					1446	1447	1349	1348	1447	1448	1350	1349	1448	1449	1351	1350	1449	1450	1352	1351	1450	1451	1353
					1352	1451	1452	1354	1353	1452	1453	1355	1354	1453	1454	1356	1355	1454	1455	1357	1356	1455	1456
					1358	1357	1456	1457	1359	1358	1457	1458	1360	1359	1458	1459	1361	1360	1459	1460	1362	1361	1460
					1461	1363	1362	1461	1462	1364	1363	1462	1463	1365	1364	1463	1464	1366	1365	1465	1466	1368	1367
					1466	1467	1369	1368	1467	1468	1370	1369	1468	1469	1371	1370	1469	1470	1372	1371	1470	1471	1373
					1372	1471	1472	1374	1373	1472	1473	1375	1374	1473	1474	1376	1375	1474	1475	1377	1376	1475	1476
					1378	1377	1476	1477	1379	1378	1477	1478	1380	1379	1478	1479	1381	1380	1479	1480	1382	1381	1480
					1481	1383	1382	1481	1482	1384	1383	1482	1483	1385	1384	1483	1484	1386	1385	1484	1485	1387	1386
					1485	1486	1388	1387	1486	1487	1389	1388	1487	1488	1390	1389	1488	1489	1391	1390	1489	1490	1392
					1391	1490	1491	1393	1392	1491	1492	1394	1393	1492	1493	1395	1394	1493	1494	1396	1395	1494	1495
					1397	1396	1495	1496	1398	1397	1496	1497	1399	1398	1497	1498	1400	1399	1498	1499	1401	1400	1499
					1500	1402	1401	1500	1501	1403	1402	1501	1502	1404	1403	1502	1503	1405	1404	1503	1504	1406	1405
					1504	1505	1407	1406	1505	1506	1408	1407	1506	1507	1409	1408	1507	1508	1410	1409	1508	1509	1411
					1410	1509	1510	1412	1411	1510	1511	1413	1412	1511	1512	1414	1413	1512	1513	1415	1414	1513	1514
					1416	1415	1514	1515	1417	1416	1515	1516	1418	1417	1516	1517	1419	1418	1517	1518	1420	1419	1518
					1519	1421	1420	1519	1520	1422	1421	1520	1521	1423	1422	1521	1522	1424	1423	1522	1523	1425	1424
					1523	1524	1426	1425	1524	1525	1427	1426	1525	1526	1428	1427	1526	1527	1429	1428	1527	1528	1430
					1429	1528	1529	1431	1430	1529	1530	1432	1431	1530	1531	1433	1432	1531	1532	1434	1433	1532	1533
					1435	1434	1533	1534	1436	1435	1534	1535	1437	1436	1535	1536	1438	1437	1536	1537	1439	1438	1537
					1538	1440	1439	1538	1539	1441	1440	1539	1540	1442	1441	1540	1541	1443	1442	1541	1542	1444	1443
					1542	1543	1445	1444	1543	1544	1446	1445	1544	1545	1447	1446	1545	1546	1448	1447	1546	1547	1449
					1448	1547	1548	1450	1449	1548	1549	1451	1450	1549	1550	1452	1451	1550	1551	1453	1452	1551	1552
					1454	1453	1552	1553	1455	1454	1553	1554	1456	1455	1554	1555	1457	1456	1555	1556	1458	1457	1556
					1557	1459	1458	1557	1558	1460	1459	1558	1559	1461	1460	1559	1560	1462	1461	1560	1561	1463	1462
					1561	1562	1464	1463	1563	1564	1466	1465	1564	1565	1467	1466	1565	1566	1468	1467	1566	1567	1469
					1468	1567	1568	1470	1469	1568	1569	1471	1470	1569	1570	1472	1471	1570	1571	1473	1472	1571	1572
					1474	1473	1572	1573	1475	1474	1573	1574	1476	1475	1574	1575	1477	1476	1575	1576	1478	1477	1576
					1577	1479	1478	1577	1578	1480	1479	1578	1579	1481	1480	1579	1580	1482	1481	1580	1581	1483	1482
					1581	1582	1484	1483	1582	1583	1485	1484	1583	1584	1486	1485	1584	1585	1487	1486	1585	1586	1488
					1487	1586	1587	1489	1488	1587	1588	1490	1489	1588	1589	1491	1490	1589	1590	1492	1491	1590	1591
					1493	1492	1591	1592	1494	1493	1592	1593	1495	1494	1593	1594	1496	1495	1594	1595	1497	1496	1595
					1596	1498	1497	1596	1597	1499	1498	1597	1598	1500	1499	1598	1599	1501	1500	1599	1600	1502	1501
					1600	1601	1503	1502	1601	1602	1504	1503	1602	1603	1505	1504	1603	1604	1506	1505	1604	1605	1507
					1506	1605	1606	1508	1507	1606	1607	1509	1508	1607	1608	1510	1509	1608	1609	1511	1510	1609	1610
					1512	1511	1610	1611	1513	1512	1611	1612	1514	1513	1612	1613	1515	1514	1613	1614	1516	1515	1614
					1615	1517	1516	1615	1616	1518	1517	1616	1617	1519	1518	1617	1618	1520	1519	1618	1619	1521	1520
					1619	1620	1522	1521	1620	1621	1523	1522	1621	1622	1524	1523	1622	1623	1525	1524	1623	1624	1526
					1525	1624	1625	1527	1526	1625	1626	1528	1527	1626	1627	1529	1528	1627	1628	1530	1529	1628	1629
					1531	1530	1629	1630	1532	1531	1630	1631	1533	1532	1631	1632	1534	1533	1632	1633	1535	1534	1633
					1634	1536	1535	1634	1635	1537	1536	1635	1636	1538	1537	1636	1637	1539	1538	1637	1638	1540	1539
					1638	1639	1541	1540	1639	1640	1542	1541	1640	1641	1543	1542	1641	1642	1544	1543	1642	1643	1545
					1544	1643	1644	1546	1545	1644	1645	1547	1546	1645	1646	1548	1547	1646	1647	1549	1548	1647	1648
					1550	1549	1648	1649	1551	1550	1649	1650	1552	1551	1650	1651	1553	1552	1651	1652	1554	1553	1652
					1653	1555	1554	1653	1654	1556	1555	1654	1655	1557	1556	1655	1656	1558	1557	1656	1657	1559	1558
					1657	1658	1560	1559	1658	1659	1561	1560	1659	1660	1562	1561	1661	1662	1564	1563	1662	1663	1565
					1564	1663	1664	1566	1565	1664	1665	1567	1566	1665	1666	1568	1567	1666	1667	1569	1568	1667	1668
					1570	1569	1668	1669	1571	1570	1669	1670	1572	1571	1670	1671	1573	1572	1671	1672	1574	1573	1672
					1673	1575	1574	1673	1674	1576	1575	1674	1675	1577	1576	1675	1676	1578	1577	1676	1677	1579	1578
					1677	1678	1580	1579	1678	1679	1581	1580	1679	1680	1582	1581	1680	1681	1583	1582	1681	1682	1584
					1583	1682	1683	1585	1584	1683	1684	1586	1585	1684	1685	1587	1586	1685	1686	1588	1587	1686	1687
					1589	1588	1687	1688	1590	1589	1688	1689	1591	1590	1689	1690	1592	1591	1690	1691	1593	1592	1691
					1692	1594	1593	1692	1693	1595	1594	1693	1694	1596	1595	1694	1695	1597	1596	1695	1696	1598	1597
					1696	1697	1599	1598	1697	1698	1600	1599	1698	1699	1601	1600	1699	1700	1602	1601	1700	1701	1603
					1602	1701	1702	1604	1603	1702	1703	1605	1604	1703	1704	1606	1605	1704	1705	1607	1606	1705	1706
					1608	1607	1706	1707	1609	1608	1707	1708	1610	1609	1708	1709	1611	1610	1709	1710	1612	1611	1710
					1711	1613	1612	1711	1712	1614	1613	1712	1713	1615	1614	1713	1714	1616	1615	1714	1715	1617	1616
					1715	1716	1618	1617	1716	1717	1619	1618	1717	1718	1620	1619	1718	1719	1621	1620	1719	1720	1622
					1621	1720	1721	1623	1622	1721	1722	1624	1623	1722	1723	1625	1624	1723	1724	1626	1625	1724	1725
					1627	1626	1725	1726	1628	1627	1726	1727	1629	1628	1727	1728	1630	1629	1728	1729	1631	1630	1729
					1730	1632	1631	1730	1731	1633	1632	1731	1732	1634	1633	1732	1733	1635	1634	1733	1734	1636	1635
					1734	1735	1637	1636	1735	1736	1638	1637	1736	1737	1639	1638	1737	1738	1640	1639	1738	1739	1641
					1640	1739	1740	1642	1641	1740	1741	1643	1642	1741	1742	1644	1643	1742	1743	1645	1644	1743	1744
					1646	1645	1744	1745	1647	1646	1745	1746	1648	1647	1746	1747	1649	1648	1747	1748	1650	1649	1748
					1749	1651	1650	1749	1750	1652	1651	1750	1751	1653	1652	1751	1752	1654	1653	1752	1753	1655	1654
					1753	1754	1656	1655	1754	1755	1657	1656	1755	1756	1658	1657	1756	1757	1659	1658	1757	1758	1660
					1659	1759	1760	1662	1661	1760	1761	1663	1662	1761	1762	1664	1663	1762	1763	1665	1664	1763	1764
					1666	1665	1764	1765	1667	1666	1765	1766	1668	1667	1766	1767	1669	1668	1767	1768	1670	1669	1768
					1769	1671	1670	1769	1770	1672	1671	1770	1771	1673	1672	1771	1772	1674	1673	1772	1773	1675	1674
					1773	1774	1676	1675	1774	1775	1677	1676	1775	1776	1678	1677	1776	1777	1679	1678	1777	1778	1680
					1679	1778	1779	1681	1680	1779	1780	1682	1681	1780	1781	1683	1682	1781	1782	1684	1683	1782	1783
					1685	1684	1783	1784	1686	1685	1784	1785	1687	1686	1785	1786	1688	1687	1786	1787	1689	1688	1787
					1788	1690	1689	1788	1789	1691	1690	1789	1790	1692	1691	1790	1791	1693	1692	1791	1792	1694	1693
					1792	1793	1695	1694	1793	1794	1696	1695	1794	1795	1697	1696	1795	1796	1698	1697	1796	1797	1699
					1698	1797	1798	1700	1699	1798	1799	1701	1700	1799	1800	1702	1701	1800	1801	1703	1702	1801	1802
					1704	1703	1802	1803	1705	1704	1803	1804	1706	1705	1804	1805	1707	1706	1805	1806	1708	1707	1806
					1807	1709	1708	1807	1808	1710	1709	1808	1809	1711	1710	1809	1810	1712	1711	1810	1811	1713	1712
					1811	1812	1714	1713	1812	1813	1715	1714	1813	1814	1716	1715	1814	1815	1717	1716	1815	1816	1718
					1717	1816	1817	1719	1718	1817	1818	1720	1719	1818	1819	1721	1720	1819	1820	1722	1721	1820	1821
					1723	1722	1821	1822	1724	1723	1822	1823	1725	1724	1823	1824	1726	1725	1824	1825	1727	1726	1825
					1826	1728	1727	1826	1827	1729	1728	1827	1828	1730	1729	1828	1829	1731	1730	1829	1830	1732	1731
					1830	1831	1733	1732	1831	1832	1734	1733	1832	1833	1735	1734	1833	1834	1736	1735	1834	1835	1737
					1736	1835	1836	1738	1737	1836	1837	1739	1738	1837	1838	1740	1739	1838	1839	1741	1740	1839	1840
					1742	1741	1840	1841	1743	1742	1841	1842	1744	1743	1842	1843	1745	1744	1843	1844	1746	1745	1844
					1845	1747	1746	1845	1846	1748	1747	1846	1847	1749	1748	1847	1848	1750	1749	1848	1849	1751	1750
					1849	1850	1752	1751	1850	1851	1753	1752	1851	1852	1754	1753	1852	1853	1755	1754	1853	1854	1756
					1755	1854	1855	1757	1756	1855	1856	1758	1757	1857	1858	1760	1759	1858	1859	1761	1760	1859	1860
					1762	1761	1860	1861	1763	1762	1861	1862	1764	1763	1862	1863	1765	1764	1863	1864	1766	1765	1864
					1865	1767	1766	1865	1866	1768	1767	1866	1867	1769	1768	1867	1868	1770	1769	1868	1869	1771	1770
					1869	1870	1772	1771	1870	1871	1773	1772	1871	1872	1774	1773	1872	1873	1775	1774	1873	1874	1776
					1775	1874	1875	1777	1776	1875	1876	1778	1777	1876	1877	1779	1778	1877	1878	1780	1779	1878	1879
					1781	1780	1879	1880	1782	1781	1880	1881	1783	1782	1881	1882	1784	1783	1882	1883	1785	1784	1883
					1884	1786	1785	1884	1885	1787	1786	1885	1886	1788	1787	1886	1887	1789	1788	1887	1888	1790	1789
					1888	1889	1791	1790	1889	1890	1792	1791	1890	1891	1793	1792	1891	1892	1794	1793	1892	1893	1795
					1794	1893	1894	1796	1795	1894	1895	1797	1796	1895	1896	1798	1797	1896	1897	1799	1798	1897	1898
					1800	1799	1898	1899	1801	1800	1899	1900	1802	1801	1900	1901	1803	1802	1901	1902	1804	1803	1902
					1903	1805	1804	1903	1904	1806	1805	1904	1905	1807	1806	1905	1906	1808	1807	1906	1907	1809	1808
					1907	1908	1810	1809	1908	1909	1811	1810	1909	1910	1812	1811	1910	1911	1813	1812	1911	1912	1814
					1813	1912	1913	1815	1814	1913	1914	1816	1815	1914	1915	1817	1816	1915	1916	1818	1817	1916	1917
					1819	1818	1917	1918	1820	1819	1918	1919	1821	1820	1919	1920	1822	1821	1920	1921	1823	1822	1921
					1922	1824	1823	1922	1923	1825	1824	1923	1924	1826	1825	1924	1925	1827	1826	1925	1926	1828	1827
					1926	1927	1829	1828	1927	1928	1830	1829	1928	1929	1831	1830	1929	1930	1832	1831	1930	1931	1833
					1832	1931	1932	1834	1833	1932	1933	1835	1834	1933	1934	1836	1835	1934	1935	1837	1836	1935	1936
					1838	1837	1936	1937	1839	1838	1937	1938	1840	1839	1938	1939	1841	1840	1939	1940	1842	1841	1940
					1941	1843	1842	1941	1942	1844	1843	1942	1943	1845	1844	1943	1944	1846	1845	1944	1945	1847	1846
					1945	1946	1848	1847	1946	1947	1849	1848	1947	1948	1850	1849	1948	1949	1851	1850	1949	1950	1852
					1851	1950	1951	1853	1852	1951	1952	1854	1853	1952	1953	1855	1854	1953	1954	1856	1855	1955	1956
					1858	1857	1956	1957	1859	1858	1957	1958	1860	1859	1958	1959	1861	1860	1959	1960	1862	1861	1960
					1961	1863	1862	1961	1962	1864	1863	1962	1963	1865	1864	1963	1964	1866	1865	1964	1965	1867	1866
					1965	1966	1868	1867	1966	1967	1869	1868	1967	1968	1870	1869	1968	1969	1871	1870	1969	1970	1872
					1871	1970	1971	1873	1872	1971	1972	1874	1873	1972	1973	1875	1874	1973	1974	1876	1875	1974	1975
					1877	1876	1975	1976	1878	1877	1976	1977	1879	1878	1977	1978	1880	1879	1978	1979	1881	1880	1979
					1980	1882	1881	1980	1981	1883	1882	1981	1982	1884	1883	1982	1983	1885	1884	1983	1984	1886	1885
					1984	1985	1887	1886	1985	1986	1888	1887	1986	1987	1889	1888	1987	1988	1890	1889	1988	1989	1891
					1890	1989	1990	1892	1891	1990	1991	1893	1892	1991	1992	1894	1893	1992	1993	1895	1894	1993	1994
					1896	1895	1994	1995	1897	1896	1995	1996	1898	1897	1996	1997	1899	1898	1997	1998	1900	1899	1998
					1999	1901	1900	1999	2000	1902	1901	2000	2001	1903	1902	2001	2002	1904	1903	2002	2003	1905	1904
					2003	2004	1906	1905	2004	2005	1907	1906	2005	2006	1908	1907	2006	2007	1909	1908	2007	2008	1910
					1909	2008	2009	1911	1910	2009	2010	1912	1911	2010	2011	1913	1912	2011	2012	1914	1913	2012	2013
					1915	1914	2013	2014	1916	1915	2014	2015	1917	1916	2015	2016	1918	1917	2016	2017	1919	1918	2017
					2018	1920	1919	2018	2019	1921	1920	2019	2020	1922	1921	2020	2021	1923	1922	2021	2022	1924	1923
					2022	2023	1925	1924	2023	2024	1926	1925	2024	2025	1927	1926	2025	2026	1928	1927	2026	2027	1929
					1928	2027	2028	1930	1929	2028	2029	1931	1930	2029	2030	1932	1931	2030	2031	1933	1932	2031	2032
					1934	1933	2032	2033	1935	1934	2033	2034	1936	1935	2034	2035	1937	1936	2035	2036	1938	1937	2036
					2037	1939	1938	2037	2038	1940	1939	2038	2039	1941	1940	2039	2040	1942	1941	2040	2041	1943	1942
					2041	2042	1944	1943	2042	2043	1945	1944	2043	2044	1946	1945	2044	2045	1947	1946	2045	2046	1948
					1947	2046	2047	1949	1948	2047	2048	1950	1949	2048	2049	1951	1950	2049	2050	1952	1951	2050	2051
					1953	1952	2051	2052	1954	1953	2053	2054	1956	1955	2054	2055	1957	1956	2055	2056	1958	1957	2056
					2057	1959	1958	2057	2058	1960	1959	2058	2059	1961	1960	2059	2060	1962	1961	2060	2061	1963	1962
					2061	2062	1964	1963	2062	2063	1965	1964	2063	2064	1966	1965	2064	2065	1967	1966	2065	2066	1968
					1967	2066	2067	1969	1968	2067	2068	1970	1969	2068	2069	1971	1970	2069	2070	1972	1971	2070	2071
					1973	1972	2071	2072	1974	1973	2072	2073	1975	1974	2073	2074	1976	1975	2074	2075	1977	1976	2075
					2076	1978	1977	2076	2077	1979	1978	2077	2078	1980	1979	2078	2079	1981	1980	2079	2080	1982	1981
					2080	2081	1983	1982	2081	2082	1984	1983	2082	2083	1985	1984	2083	2084	1986	1985	2084	2085	1987
					1986	2085	2086	1988	1987	2086	2087	1989	1988	2087	2088	1990	1989	2088	2089	1991	1990	2089	2090
					1992	1991	2090	2091	1993	1992	2091	2092	1994	1993	2092	2093	1995	1994	2093	2094	1996	1995	2094
					2095	1997	1996	2095	2096	1998	1997	2096	2097	1999	1998	2097	2098	2000	1999	2098	2099	2001	2000
					2099	2100	2002	2001	2100	2101	2003	2002	2101	2102	2004	2003	2102	2103	2005	2004	2103	2104	2006
					2005	2104	2105	2007	2006	2105	2106	2008	2007	2106	2107	2009	2008	2107	2108	2010	2009	2108	2109
					2011	2010	2109	2110	2012	2011	2110	2111	2013	2012	2111	2112	2014	2013	2112	2113	2015	2014	2113
					2114	2016	2015	2114	2115	2017	2016	2115	2116	2018	2017	2116	2117	2019	2018	2117	2118	2020	2019
					2118	2119	2021	2020	2119	2120	2022	2021	2120	2121	2023	2022	2121	2122	2024	2023	2122	2123	2025
					2024	2123	2124	2026	2025	2124	2125	2027	2026	2125	2126	2028	2027	2126	2127	2029	2028	2127	2128
					2030	2029	2128	2129	2031	2030	2129	2130	2032	2031	2130	2131	2033	2032	2131	2132	2034	2033	2132
					2133	2035	2034	2133	2134	2036	2035	2134	2135	2037	2036	2135	2136	2038	2037	2136	2137	2039	2038
					2137	2138	2040	2039	2138	2139	2041	2040	2139	2140	2042	2041	2140	2141	2043	2042	2141	2142	2044
					2043	2142	2143	2045	2044	2143	2144	2046	2045	2144	2145	2047	2046	2145	2146	2048	2047	2146	2147
					2049	2048	2147	2148	2050	2049	2148	2149	2051	2050	2149	2150	2052	2051	2151	2152	2054	2053	2152
					2153	2055	2054	2153	2154	2056	2055	2154	2155	2057	2056	2155	2156	2058	2057	2156	2157	2059	2058
					2157	2158	2060	2059	2158	2159	2061	2060	2159	2160	2062	2061	2160	2161	2063	2062	2161	2162	2064
					2063	2162	2163	2065	2064	2163	2164	2066	2065	2164	2165	2067	2066	2165	2166	2068	2067	2166	2167
					2069	2068	2167	2168	2070	2069	2168	2169	2071	2070	2169	2170	2072	2071	2170	2171	2073	2072	2171
					2172	2074	2073	2172	2173	2075	2074	2173	2174	2076	2075	2174	2175	2077	2076	2175	2176	2078	2077
					2176	2177	2079	2078	2177	2178	2080	2079	2178	2179	2081	2080	2179	2180	2082	2081	2180	2181	2083
					2082	2181	2182	2084	2083	2182	2183	2085	2084	2183	2184	2086	2085	2184	2185	2087	2086	2185	2186
					2088	2087	2186	2187	2089	2088	2187	2188	2090	2089	2188	2189	2091	2090	2189	2190	2092	2091	2190
					2191	2093	2092	2191	2192	2094	2093	2192	2193	2095	2094	2193	2194	2096	2095	2194	2195	2097	2096
					2195	2196	2098	2097	2196	2197	2099	2098	2197	2198	2100	2099	2198	2199	2101	2100	2199	2200	2102
					2101	2200	2201	2103	2102	2201	2202	2104	2103	2202	2203	2105	2104	2203	2204	2106	2105	2204	2205
					2107	2106	2205	2206	2108	2107	2206	2207	2109	2108	2207	2208	2110	2109	2208	2209	2111	2110	2209
					2210	2112	2111	2210	2211	2113	2112	2211	2212	2114	2113	2212	2213	2115	2114	2213	2214	2116	2115
					2214	2215	2117	2116	2215	2216	2118	2117	2216	2217	2119	2118	2217	2218	2120	2119	2218	2219	2121
					2120	2219	2220	2122	2121	2220	2221	2123	2122	2221	2222	2124	2123	2222	2223	2125	2124	2223	2224
					2126	2125	2224	2225	2127	2126	2225	2226	2128	2127	2226	2227	2129	2128	2227	2228	2130	2129	2228
					2229	2131	2130	2229	2230	2132	2131	2230	2231	2133	2132	2231	2232	2134	2133	2232	2233	2135	2134
					2233	2234	2136	2135	2234	2235	2137	2136	2235	2236	2138	2137	2236	2237	2139	2138	2237	2238	2140
					2139	2238	2239	2141	2140	2239	2240	2142	2141	2240	2241	2143	2142	2241	2242	2144	2143	2242	2243
					2145	2144	2243	2244	2146	2145	2244	2245	2147	2146	2245	2246	2148	2147	2246	2247	2149	2148	2247
					2248	2150	2149	2249	2250	2152	2151	2250	2251	2153	2152	2251	2252	2154	2153	2252	2253	2155	2154
					2253	2254	2156	2155	2254	2255	2157	2156	2255	2256	2158	2157	2256	2257	2159	2158	2257	2258	2160
					2159	2258	2259	2161	2160	2259	2260	2162	2161	2260	2261	2163	2162	2261	2262	2164	2163	2262	2263
					2165	2164	2263	2264	2166	2165	2264	2265	2167	2166	2265	2266	2168	2167	2266	2267	2169	2168	2267
					2268	2170	2169	2268	2269	2171	2170	2269	2270	2172	2171	2270	2271	2173	2172	2271	2272	2174	2173
					2272	2273	2175	2174	2273	2274	2176	2175	2274	2275	2177	2176	2275	2276	2178	2177	2276	2277	2179
					2178	2277	2278	2180	2179	2278	2279	2181	2180	2279	2280	2182	2181	2280	2281	2183	2182	2281	2282
					2184	2183	2282	2283	2185	2184	2283	2284	2186	2185	2284	2285	2187	2186	2285	2286	2188	2187	2286
					2287	2189	2188	2287	2288	2190	2189	2288	2289	2191	2190	2289	2290	2192	2191	2290	2291	2193	2192
					2291	2292	2194	2193	2292	2293	2195	2194	2293	2294	2196	2195	2294	2295	2197	2196	2295	2296	2198
					2197	2296	2297	2199	2198	2297	2298	2200	2199	2298	2299	2201	2200	2299	2300	2202	2201	2300	2301
					2203	2202	2301	2302	2204	2203	2302	2303	2205	2204	2303	2304	2206	2205	2304	2305	2207	2206	2305
					2306	2208	2207	2306	2307	2209	2208	2307	2308	2210	2209	2308	2309	2211	2210	2309	2310	2212	2211
					2310	2311	2213	2212	2311	2312	2214	2213	2312	2313	2215	2214	2313	2314	2216	2215	2314	2315	2217
					2216	2315	2316	2218	2217	2316	2317	2219	2218	2317	2318	2220	2219	2318	2319	2221	2220	2319	2320
					2222	2221	2320	2321	2223	2222	2321	2322	2224	2223	2322	2323	2225	2224	2323	2324	2226	2225	2324
					2325	2227	2226	2325	2326	2228	2227	2326	2327	2229	2228	2327	2328	2230	2229	2328	2329	2231	2230
					2329	2330	2232	2231	2330	2331	2233	2232	2331	2332	2234	2233	2332	2333	2235	2234	2333	2334	2236
					2235	2334	2335	2237	2236	2335	2336	2238	2237	2336	2337	2239	2238	2337	2338	2240	2239	2338	2339
					2241	2240	2339	2340	2242	2241	2340	2341	2243	2242	2341	2342	2244	2243	2342	2343	2245	2244	2343
					2344	2246	2245	2344	2345	2247	2246	2345	2346	2248	2247	2347	2348	2250	2249	2348	2349	2251	2250
					2349	2350	2252	2251	2350	2351	2253	2252	2351	2352	2254	2253	2352	2353	2255	2254	2353	2354	2256
					2255	2354	2355	2257	2256	2355	2356	2258	2257	2356	2357	2259	2258	2357	2358	2260	2259	2358	2359
					2261	2260	2359	2360	2262	2261	2360	2361	2263	2262	2361	2362	2264	2263	2362	2363	2265	2264	2363
					2364	2266	2265	2364	2365	2267	2266	2365	2366	2268	2267	2366	2367	2269	2268	2367	2368	2270	2269
					2368	2369	2271	2270	2369	2370	2272	2271	2370	2371	2273	2272	2371	2372	2274	2273	2372	2373	2275
					2274	2373	2374	2276	2275	2374	2375	2277	2276	2375	2376	2278	2277	2376	2377	2279	2278	2377	2378
					2280	2279	2378	2379	2281	2280	2379	2380	2282	2281	2380	2381	2283	2282	2381	2382	2284	2283	2382
					2383	2285	2284	2383	2384	2286	2285	2384	2385	2287	2286	2385	2386	2288	2287	2386	2387	2289	2288
					2387	2388	2290	2289	2388	2389	2291	2290	2389	2390	2292	2291	2390	2391	2293	2292	2391	2392	2294
					2293	2392	2393	2295	2294	2393	2394	2296	2295	2394	2395	2297	2296	2395	2396	2298	2297	2396	2397
					2299	2298	2397	2398	2300	2299	2398	2399	2301	2300	2399	2400	2302	2301	2400	2401	2303	2302	2401
					2402	2304	2303	2402	2403	2305	2304	2403	2404	2306	2305	2404	2405	2307	2306	2405	2406	2308	2307
					2406	2407	2309	2308	2407	2408	2310	2309	2408	2409	2311	2310	2409	2410	2312	2311	2410	2411	2313
					2312	2411	2412	2314	2313	2412	2413	2315	2314	2413	2414	2316	2315	2414	2415	2317	2316	2415	2416
					2318	2317	2416	2417	2319	2318	2417	2418	2320	2319	2418	2419	2321	2320	2419	2420	2322	2321	2420
					2421	2323	2322	2421	2422	2324	2323	2422	2423	2325	2324	2423	2424	2326	2325	2424	2425	2327	2326
					2425	2426	2328	2327	2426	2427	2329	2328	2427	2428	2330	2329	2428	2429	2331	2330	2429	2430	2332
					2331	2430	2431	2333	2332	2431	2432	2334	2333	2432	2433	2335	2334	2433	2434	2336	2335	2434	2435
					2337	2336	2435	2436	2338	2337	2436	2437	2339	2338	2437	2438	2340	2339	2438	2439	2341	2340	2439
					2440	2342	2341	2440	2441	2343	2342	2441	2442	2344	2343	2442	2443	2345	2344	2443	2444	2346	2345
					2445	2446	2348	2347	2446	2447	2349	2348	2447	2448	2350	2349	2448	2449	2351	2350	2449	2450	2352
					2351	2450	2451	2353	2352	2451	2452	2354	2353	2452	2453	2355	2354	2453	2454	2356	2355	2454	2455
					2357	2356	2455	2456	2358	2357	2456	2457	2359	2358	2457	2458	2360	2359	2458	2459	2361	2360	2459
					2460	2362	2361	2460	2461	2363	2362	2461	2462	2364	2363	2462	2463	2365	2364	2463	2464	2366	2365
					2464	2465	2367	2366	2465	2466	2368	2367	2466	2467	2369	2368	2467	2468	2370	2369	2468	2469	2371
					2370	2469	2470	2372	2371	2470	2471	2373	2372	2471	2472	2374	2373	2472	2473	2375	2374	2473	2474
					2376	2375	2474	2475	2377	2376	2475	2476	2378	2377	2476	2477	2379	2378	2477	2478	2380	2379	2478
					2479	2381	2380	2479	2480	2382	2381	2480	2481	2383	2382	2481	2482	2384	2383	2482	2483	2385	2384
					2483	2484	2386	2385	2484	2485	2387	2386	2485	2486	2388	2387	2486	2487	2389	2388	2487	2488	2390
					2389	2488	2489	2391	2390	2489	2490	2392	2391	2490	2491	2393	2392	2491	2492	2394	2393	2492	2493
					2395	2394	2493	2494	2396	2395	2494	2495	2397	2396	2495	2496	2398	2397	2496	2497	2399	2398	2497
					2498	2400	2399	2498	2499	2401	2400	2499	2500	2402	2401	2500	2501	2403	2402	2501	2502	2404	2403
					2502	2503	2405	2404	2503	2504	2406	2405	2504	2505	2407	2406	2505	2506	2408	2407	2506	2507	2409
					2408	2507	2508	2410	2409	2508	2509	2411	2410	2509	2510	2412	2411	2510	2511	2413	2412	2511	2512
					2414	2413	2512	2513	2415	2414	2513	2514	2416	2415	2514	2515	2417	2416	2515	2516	2418	2417	2516
					2517	2419	2418	2517	2518	2420	2419	2518	2519	2421	2420	2519	2520	2422	2421	2520	2521	2423	2422
					2521	2522	2424	2423	2522	2523	2425	2424	2523	2524	2426	2425	2524	2525	2427	2426	2525	2526	2428
					2427	2526	2527	2429	2428	2527	2528	2430	2429	2528	2529	2431	2430	2529	2530	2432	2431	2530	2531
					2433	2432	2531	2532	2434	2433	2532	2533	2435	2434	2533	2534	2436	2435	2534	2535	2437	2436	2535
					2536	2438	2437	2536	2537	2439	2438	2537	2538	2440	2439	2538	2539	2441	2440	2539	2540	2442	2441
					2540	2541	2443	2442	2541	2542	2444	2443	2543	2544	2446	2445	2544	2545	2447	2446	2545	2546	2448
					2447	2546	2547	2449	2448	2547	2548	2450	2449	2548	2549	2451	2450	2549	2550	2452	2451	2550	2551
					2453	2452	2551	2552	2454	2453	2552	2553	2455	2454	2553	2554	2456	2455	2554	2555	2457	2456	2555
					2556	2458	2457	2556	2557	2459	2458	2557	2558	2460	2459	2558	2559	2461	2460	2559	2560	2462	2461
					2560	2561	2463	2462	2561	2562	2464	2463	2562	2563	2465	2464	2563	2564	2466	2465	2564	2565	2467
					2466	2565	2566	2468	2467	2566	2567	2469	2468	2567	2568	2470	2469	2568	2569	2471	2470	2569	2570
					2472	2471	2570	2571	2473	2472	2571	2572	2474	2473	2572	2573	2475	2474	2573	2574	2476	2475	2574
					2575	2477	2476	2575	2576	2478	2477	2576	2577	2479	2478	2577	2578	2480	2479	2578	2579	2481	2480
					2579	2580	2482	2481	2580	2581	2483	2482	2581	2582	2484	2483	2582	2583	2485	2484	2583	2584	2486
					2485	2584	2585	2487	2486	2585	2586	2488	2487	2586	2587	2489	2488	2587	2588	2490	2489	2588	2589
					2491	2490	2589	2590	2492	2491	2590	2591	2493	2492	2591	2592	2494	2493	2592	2593	2495	2494	2593
					2594	2496	2495	2594	2595	2497	2496	2595	2596	2498	2497	2596	2597	2499	2498	2597	2598	2500	2499
					2598	2599	2501	2500	2599	2600	2502	2501	2600	2601	2503	2502	2601	2602	2504	2503	2602	2603	2505
					2504	2603	2604	2506	2505	2604	2605	2507	2506	2605	2606	2508	2507	2606	2607	2509	2508	2607	2608
					2510	2509	2608	2609	2511	2510	2609	2610	2512	2511	2610	2611	2513	2512	2611	2612	2514	2513	2612
					2613	2515	2514	2613	2614	2516	2515	2614	2615	2517	2516	2615	2616	2518	2517	2616	2617	2519	2518
					2617	2618	2520	2519	2618	2619	2521	2520	2619	2620	2522	2521	2620	2621	2523	2522	2621	2622	2524
					2523	2622	2623	2525	2524	2623	2624	2526	2525	2624	2625	2527	2526	2625	2626	2528	2527	2626	2627
					2529	2528	2627	2628	2530	2529	2628	2629	2531	2530	2629	2630	2532	2531	2630	2631	2533	2532	2631
					2632	2534	2533	2632	2633	2535	2534	2633	2634	2536	2535	2634	2635	2537	2536	2635	2636	2538	2537
					2636	2637	2539	2538	2637	2638	2540	2539	2638	2639	2541	2540	2639	2640	2542	2541	2641	2642	2544
					2543	2642	2643	2545	2544	2643	2644	2546	2545	2644	2645	2547	2546	2645	2646	2548	2547	2646	2647
					2549	2548	2647	2648	2550	2549	2648	2649	2551	2550	2649	2650	2552	2551	2650	2651	2553	2552	2651
					2652	2554	2553	2652	2653	2555	2554	2653	2654	2556	2555	2654	2655	2557	2556	2655	2656	2558	2557
					2656	2657	2559	2558	2657	2658	2560	2559	2658	2659	2561	2560	2659	2660	2562	2561	2660	2661	2563
					2562	2661	2662	2564	2563	2662	2663	2565	2564	2663	2664	2566	2565	2664	2665	2567	2566	2665	2666
					2568	2567	2666	2667	2569	2568	2667	2668	2570	2569	2668	2669	2571	2570	2669	2670	2572	2571	2670
					2671	2573	2572	2671	2672	2574	2573	2672	2673	2575	2574	2673	2674	2576	2575	2674	2675	2577	2576
					2675	2676	2578	2577	2676	2677	2579	2578	2677	2678	2580	2579	2678	2679	2581	2580	2679	2680	2582
					2581	2680	2681	2583	2582	2681	2682	2584	2583	2682	2683	2585	2584	2683	2684	2586	2585	2684	2685
					2587	2586	2685	2686	2588	2587	2686	2687	2589	2588	2687	2688	2590	2589	2688	2689	2591	2590	2689
					2690	2592	2591	2690	2691	2593	2592	2691	2692	2594	2593	2692	2693	2595	2594	2693	2694	2596	2595
					2694	2695	2597	2596	2695	2696	2598	2597	2696	2697	2599	2598	2697	2698	2600	2599	2698	2699	2601
					2600	2699	2700	2602	2601	2700	2701	2603	2602	2701	2702	2604	2603	2702	2703	2605	2604	2703	2704
					2606	2605	2704	2705	2607	2606	2705	2706	2608	2607	2706	2707	2609	2608	2707	2708	2610	2609	2708
					2709	2611	2610	2709	2710	2612	2611	2710	2711	2613	2612	2711	2712	2614	2613	2712	2713	2615	2614
					2713	2714	2616	2615	2714	2715	2617	2616	2715	2716	2618	2617	2716	2717	2619	2618	2717	2718	2620
					2619	2718	2719	2621	2620	2719	2720	2622	2621	2720	2721	2623	2622	2721	2722	2624	2623	2722	2723
					2625	2624	2723	2724	2626	2625	2724	2725	2627	2626	2725	2726	2628	2627	2726	2727	2629	2628	2727
					2728	2630	2629	2728	2729	2631	2630	2729	2730	2632	2631	2730	2731	2633	2632	2731	2732	2634	2633
					2732	2733	2635	2634	2733	2734	2636	2635	2734	2735	2637	2636	2735	2736	2638	2637	2736	2737	2639
					2638	2737	2738	2640	2639	2739	2740	2642	2641	2740	2741	2643	2642	2741	2742	2644	2643	2742	2743
					2645	2644	2743	2744	2646	2645	2744	2745	2647	2646	2745	2746	2648	2647	2746	2747	2649	2648	2747
					2748	2650	2649	2748	2749	2651	2650	2749	2750	2652	2651	2750	2751	2653	2652	2751	2752	2654	2653
					2752	2753	2655	2654	2753	2754	2656	2655	2754	2755	2657	2656	2755	2756	2658	2657	2756	2757	2659
					2658	2757	2758	2660	2659	2758	2759	2661	2660	2759	2760	2662	2661	2760	2761	2663	2662	2761	2762
					2664	2663	2762	2763	2665	2664	2763	2764	2666	2665	2764	2765	2667	2666	2765	2766	2668	2667	2766
					2767	2669	2668	2767	2768	2670	2669	2768	2769	2671	2670	2769	2770	2672	2671	2770	2771	2673	2672
					2771	2772	2674	2673	2772	2773	2675	2674	2773	2774	2676	2675	2774	2775	2677	2676	2775	2776	2678
					2677	2776	2777	2679	2678	2777	2778	2680	2679	2778	2779	2681	2680	2779	2780	2682	2681	2780	2781
					2683	2682	2781	2782	2684	2683	2782	2783	2685	2684	2783	2784	2686	2685	2784	2785	2687	2686	2785
					2786	2688	2687	2786	2787	2689	2688	2787	2788	2690	2689	2788	2789	2691	2690	2789	2790	2692	2691
					2790	2791	2693	2692	2791	2792	2694	2693	2792	2793	2695	2694	2793	2794	2696	2695	2794	2795	2697
					2696	2795	2796	2698	2697	2796	2797	2699	2698	2797	2798	2700	2699	2798	2799	2701	2700	2799	2800
					2702	2701	2800	2801	2703	2702	2801	2802	2704	2703	2802	2803	2705	2704	2803	2804	2706	2705	2804
					2805	2707	2706	2805	2806	2708	2707	2806	2807	2709	2708	2807	2808	2710	2709	2808	2809	2711	2710
					2809	2810	2712	2711	2810	2811	2713	2712	2811	2812	2714	2713	2812	2813	2715	2714	2813	2814	2716
					2715	2814	2815	2717	2716	2815	2816	2718	2717	2816	2817	2719	2718	2817	2818	2720	2719	2818	2819
					2721	2720	2819	2820	2722	2721	2820	2821	2723	2722	2821	2822	2724	2723	2822	2823	2725	2724	2823
					2824	2726	2725	2824	2825	2727	2726	2825	2826	2728	2727	2826	2827	2729	2728	2827	2828	2730	2729
					2828	2829	2731	2730	2829	2830	2732	2731	2830	2831	2733	2732	2831	2832	2734	2733	2832	2833	2735
					2734	2833	2834	2736	2735	2834	2835	2737	2736	2835	2836	2738	2737	2837	2838	2740	2739	2838	2839
					2741	2740	2839	2840	2742	2741	2840	2841	2743	2742	2841	2842	2744	2743	2842	2843	2745	2744	2843
					2844	2746	2745	2844	2845	2747	2746	2845	2846	2748	2747	2846	2847	2749	2748	2847	2848	2750	2749
					2848	2849	2751	2750	2849	2850	2752	2751	2850	2851	2753	2752	2851	2852	2754	2753	2852	2853	2755
					2754	2853	2854	2756	2755	2854	2855	2757	2756	2855	2856	2758	2757	2856	2857	2759	2758	2857	2858
					2760	2759	2858	2859	2761	2760	2859	2860	2762	2761	2860	2861	2763	2762	2861	2862	2764	2763	2862
					2863	2765	2764	2863	2864	2766	2765	2864	2865	2767	2766	2865	2866	2768	2767	2866	2867	2769	2768
					2867	2868	2770	2769	2868	2869	2771	2770	2869	2870	2772	2771	2870	2871	2773	2772	2871	2872	2774
					2773	2872	2873	2775	2774	2873	2874	2776	2775	2874	2875	2777	2776	2875	2876	2778	2777	2876	2877
					2779	2778	2877	2878	2780	2779	2878	2879	2781	2780	2879	2880	2782	2781	2880	2881	2783	2782	2881
					2882	2784	2783	2882	2883	2785	2784	2883	2884	2786	2785	2884	2885	2787	2786	2885	2886	2788	2787
					2886	2887	2789	2788	2887	2888	2790	2789	2888	2889	2791	2790	2889	2890	2792	2791	2890	2891	2793
					2792	2891	2892	2794	2793	2892	2893	2795	2794	2893	2894	2796	2795	2894	2895	2797	2796	2895	2896
					2798	2797	2896	2897	2799	2798	2897	2898	2800	2799	2898	2899	2801	2800	2899	2900	2802	2801	2900
					2901	2803	2802	2901	2902	2804	2803	2902	2903	2805	2804	2903	2904	2806	2805	2904	2905	2807	2806
					2905	2906	2808	2807	2906	2907	2809	2808	2907	2908	2810	2809	2908	2909	2811	2810	2909	2910	2812
					2811	2910	2911	2813	2812	2911	2912	2814	2813	2912	2913	2815	2814	2913	2914	2816	2815	2914	2915
					2817	2816	2915	2916	2818	2817	2916	2917	2819	2818	2917	2918	2820	2819	2918	2919	2821	2820	2919
					2920	2822	2821	2920	2921	2823	2822	2921	2922	2824	2823	2922	2923	2825	2824	2923	2924	2826	2825
					2924	2925	2827	2826	2925	2926	2828	2827	2926	2927	2829	2828	2927	2928	2830	2829	2928	2929	2831
					2830	2929	2930	2832	2831	2930	2931	2833	2832	2931	2932	2834	2833	2932	2933	2835	2834	2933	2934
					2836	2835	2935	2936	2838	2837	2936	2937	2839	2838	2937	2938	2840	2839	2938	2939	2841	2840	2939
					2940	2842	2841	2940	2941	2843	2842	2941	2942	2844	2843	2942	2943	2845	2844	2943	2944	2846	2845
					2944	2945	2847	2846	2945	2946	2848	2847	2946	2947	2849	2848	2947	2948	2850	2849	2948	2949	2851
					2850	2949	2950	2852	2851	2950	2951	2853	2852	2951	2952	2854	2853	2952	2953	2855	2854	2953	2954
					2856	2855	2954	2955	2857	2856	2955	2956	2858	2857	2956	2957	2859	2858	2957	2958	2860	2859	2958
					2959	2861	2860	2959	2960	2862	2861	2960	2961	2863	2862	2961	2962	2864	2863	2962	2963	2865	2864
					2963	2964	2866	2865	2964	2965	2867	2866	2965	2966	2868	2867	2966	2967	2869	2868	2967	2968	2870
					2869	2968	2969	2871	2870	2969	2970	2872	2871	2970	2971	2873	2872	2971	2972	2874	2873	2972	2973
					2875	2874	2973	2974	2876	2875	2974	2975	2877	2876	2975	2976	2878	2877	2976	2977	2879	2878	2977
					2978	2880	2879	2978	2979	2881	2880	2979	2980	2882	2881	2980	2981	2883	2882	2981	2982	2884	2883
					2982	2983	2885	2884	2983	2984	2886	2885	2984	2985	2887	2886	2985	2986	2888	2887	2986	2987	2889
					2888	2987	2988	2890	2889	2988	2989	2891	2890	2989	2990	2892	2891	2990	2991	2893	2892	2991	2992
					2894	2893	2992	2993	2895	2894	2993	2994	2896	2895	2994	2995	2897	2896	2995	2996	2898	2897	2996
					2997	2899	2898	2997	2998	2900	2899	2998	2999	2901	2900	2999	3000	2902	2901	3000	3001	2903	2902
					3001	3002	2904	2903	3002	3003	2905	2904	3003	3004	2906	2905	3004	3005	2907	2906	3005	3006	2908
					2907	3006	3007	2909	2908	3007	3008	2910	2909	3008	3009	2911	2910	3009	3010	2912	2911	3010	3011
					2913	2912	3011	3012	2914	2913	3012	3013	2915	2914	3013	3014	2916	2915	3014	3015	2917	2916	3015
					3016	2918	2917	3016	3017	2919	2918	3017	3018	2920	2919	3018	3019	2921	2920	3019	3020	2922	2921
					3020	3021	2923	2922	3021	3022	2924	2923	3022	3023	2925	2924	3023	3024	2926	2925	3024	3025	2927
					2926	3025	3026	2928	2927	3026	3027	2929	2928	3027	3028	2930	2929	3028	3029	2931	2930	3029	3030
					2932	2931	3030	3031	2933	2932	3031	3032	2934	2933	3033	3034	2936	2935	3034	3035	2937	2936	3035
					3036	2938	2937	3036	3037	2939	2938	3037	3038	2940	2939	3038	3039	2941	2940	3039	3040	2942	2941
					3040	3041	2943	2942	3041	3042	2944	2943	3042	3043	2945	2944	3043	3044	2946	2945	3044	3045	2947
					2946	3045	3046	2948	2947	3046	3047	2949	2948	3047	3048	2950	2949	3048	3049	2951	2950	3049	3050
					2952	2951	3050	3051	2953	2952	3051	3052	2954	2953	3052	3053	2955	2954	3053	3054	2956	2955	3054
					3055	2957	2956	3055	3056	2958	2957	3056	3057	2959	2958	3057	3058	2960	2959	3058	3059	2961	2960
					3059	3060	2962	2961	3060	3061	2963	2962	3061	3062	2964	2963	3062	3063	2965	2964	3063	3064	2966
					2965	3064	3065	2967	2966	3065	3066	2968	2967	3066	3067	2969	2968	3067	3068	2970	2969	3068	3069
					2971	2970	3069	3070	2972	2971	3070	3071	2973	2972	3071	3072	2974	2973	3072	3073	2975	2974	3073
					3074	2976	2975	3074	3075	2977	2976	3075	3076	2978	2977	3076	3077	2979	2978	3077	3078	2980	2979
					3078	3079	2981	2980	3079	3080	2982	2981	3080	3081	2983	2982	3081	3082	2984	2983	3082	3083	2985
					2984	3083	3084	2986	2985	3084	3085	2987	2986	3085	3086	2988	2987	3086	3087	2989	2988	3087	3088
					2990	2989	3088	3089	2991	2990	3089	3090	2992	2991	3090	3091	2993	2992	3091	3092	2994	2993	3092
					3093	2995	2994	3093	3094	2996	2995	3094	3095	2997	2996	3095	3096	2998	2997	3096	3097	2999	2998
					3097	3098	3000	2999	3098	3099	3001	3000	3099	3100	3002	3001	3100	3101	3003	3002	3101	3102	3004
					3003	3102	3103	3005	3004	3103	3104	3006	3005	3104	3105	3007	3006	3105	3106	3008	3007	3106	3107
					3009	3008	3107	3108	3010	3009	3108	3109	3011	3010	3109	3110	3012	3011	3110	3111	3013	3012	3111
					3112	3014	3013	3112	3113	3015	3014	3113	3114	3016	3015	3114	3115	3017	3016	3115	3116	3018	3017
					3116	3117	3019	3018	3117	3118	3020	3019	3118	3119	3021	3020	3119	3120	3022	3021	3120	3121	3023
					3022	3121	3122	3024	3023	3122	3123	3025	3024	3123	3124	3026	3025	3124	3125	3027	3026	3125	3126
					3028	3027	3126	3127	3029	3028	3127	3128	3030	3029	3128	3129	3031	3030	3129	3130	3032	3031	3131
					3132	3034	3033	3132	3133	3035	3034	3133	3134	3036	3035	3134	3135	3037	3036	3135	3136	3038	3037
					3136	3137	3039	3038	3137	3138	3040	3039	3138	3139	3041	3040	3139	3140	3042	3041	3140	3141	3043
					3042	3141	3142	3044	3043	3142	3143	3045	3044	3143	3144	3046	3045	3144	3145	3047	3046	3145	3146
					3048	3047	3146	3147	3049	3048	3147	3148	3050	3049	3148	3149	3051	3050	3149	3150	3052	3051	3150
					3151	3053	3052	3151	3152	3054	3053	3152	3153	3055	3054	3153	3154	3056	3055	3154	3155	3057	3056
					3155	3156	3058	3057	3156	3157	3059	3058	3157	3158	3060	3059	3158	3159	3061	3060	3159	3160	3062
					3061	3160	3161	3063	3062	3161	3162	3064	3063	3162	3163	3065	3064	3163	3164	3066	3065	3164	3165
					3067	3066	3165	3166	3068	3067	3166	3167	3069	3068	3167	3168	3070	3069	3168	3169	3071	3070	3169
					3170	3072	3071	3170	3171	3073	3072	3171	3172	3074	3073	3172	3173	3075	3074	3173	3174	3076	3075
					3174	3175	3077	3076	3175	3176	3078	3077	3176	3177	3079	3078	3177	3178	3080	3079	3178	3179	3081
					3080	3179	3180	3082	3081	3180	3181	3083	3082	3181	3182	3084	3083	3182	3183	3085	3084	3183	3184
					3086	3085	3184	3185	3087	3086	3185	3186	3088	3087	3186	3187	3089	3088	3187	3188	3090	3089	3188
					3189	3091	3090	3189	3190	3092	3091	3190	3191	3093	3092	3191	3192	3094	3093	3192	3193	3095	3094
					3193	3194	3096	3095	3194	3195	3097	3096	3195	3196	3098	3097	3196	3197	3099	3098	3197	3198	3100
					3099	3198	3199	3101	3100	3199	3200	3102	3101	3200	3201	3103	3102	3201	3202	3104	3103	3202	3203
					3105	3104	3203	3204	3106	3105	3204	3205	3107	3106	3205	3206	3108	3107	3206	3207	3109	3108	3207
					3208	3110	3109	3208	3209	3111	3110	3209	3210	3112	3111	3210	3211	3113	3112	3211	3212	3114	3113
					3212	3213	3115	3114	3213	3214	3116	3115	3214	3215	3117	3116	3215	3216	3118	3117	3216	3217	3119
					3118	3217	3218	3120	3119	3218	3219	3121	3120	3219	3220	3122	3121	3220	3221	3123	3122	3221	3222
					3124	3123	3222	3223	3125	3124	3223	3224	3126	3125	3224	3225	3127	3126	3225	3226	3128	3127	3226
					3227	3129	3128	3227	3228	3130	3129	3229	3230	3132	3131	3230	3231	3133	3132	3231	3232	3134	3133
					3232	3233	3135	3134	3233	3234	3136	3135	3234	3235	3137	3136	3235	3236	3138	3137	3236	3237	3139
					3138	3237	3238	3140	3139	3238	3239	3141	3140	3239	3240	3142	3141	3240	3241	3143	3142	3241	3242
					3144	3143	3242	3243	3145	3144	3243	3244	3146	3145	3244	3245	3147	3146	3245	3246	3148	3147	3246
					3247	3149	3148	3247	3248	3150	3149	3248	3249	3151	3150	3249	3250	3152	3151	3250	3251	3153	3152
					3251	3252	3154	3153	3252	3253	3155	3154	3253	3254	3156	3155	3254	3255	3157	3156	3255	3256	3158
					3157	3256	3257	3159	3158	3257	3258	3160	3159	3258	3259	3161	3160	3259	3260	3162	3161	3260	3261
					3163	3162	3261	3262	3164	3163	3262	3263	3165	3164	3263	3264	3166	3165	3264	3265	3167	3166	3265
					3266	3168	3167	3266	3267	3169	3168	3267	3268	3170	3169	3268	3269	3171	3170	3269	3270	3172	3171
					3270	3271	3173	3172	3271	3272	3174	3173	3272	3273	3175	3174	3273	3274	3176	3175	3274	3275	3177
					3176	3275	3276	3178	3177	3276	3277	3179	3178	3277	3278	3180	3179	3278	3279	3181	3180	3279	3280
					3182	3181	3280	3281	3183	3182	3281	3282	3184	3183	3282	3283	3185	3184	3283	3284	3186	3185	3284
					3285	3187	3186	3285	3286	3188	3187	3286	3287	3189	3188	3287	3288	3190	3189	3288	3289	3191	3190
					3289	3290	3192	3191	3290	3291	3193	3192	3291	3292	3194	3193	3292	3293	3195	3194	3293	3294	3196
					3195	3294	3295	3197	3196	3295	3296	3198	3197	3296	3297	3199	3198	3297	3298	3200	3199	3298	3299
					3201	3200	3299	3300	3202	3201	3300	3301	3203	3202	3301	3302	3204	3203	3302	3303	3205	3204	3303
					3304	3206	3205	3304	3305	3207	3206	3305	3306	3208	3207	3306	3307	3209	3208	3307	3308	3210	3209
					3308	3309	3211	3210	3309	3310	3212	3211	3310	3311	3213	3212	3311	3312	3214	3213	3312	3313	3215
					3214	3313	3314	3216	3215	3314	3315	3217	3216	3315	3316	3218	3217	3316	3317	3219	3218	3317	3318
					3220	3219	3318	3319	3221	3220	3319	3320	3222	3221	3320	3321	3223	3222	3321	3322	3224	3223	3322
					3323	3225	3224	3323	3324	3226	3225	3324	3325	3227	3226	3325	3326	3228	3227	3327	3328	3230	3229
					3328	3329	3231	3230	3329	3330	3232	3231	3330	3331	3233	3232	3331	3332	3234	3233	3332	3333	3235
					3234	3333	3334	3236	3235	3334	3335	3237	3236	3335	3336	3238	3237	3336	3337	3239	3238	3337	3338
					3240	3239	3338	3339	3241	3240	3339	3340	3242	3241	3340	3341	3243	3242	3341	3342	3244	3243	3342
					3343	3245	3244	3343	3344	3246	3245	3344	3345	3247	3246	3345	3346	3248	3247	3346	3347	3249	3248
					3347	3348	3250	3249	3348	3349	3251	3250	3349	3350	3252	3251	3350	3351	3253	3252	3351	3352	3254
					3253	3352	3353	3255	3254	3353	3354	3256	3255	3354	3355	3257	3256	3355	3356	3258	3257	3356	3357
					3259	3258	3357	3358	3260	3259	3358	3359	3261	3260	3359	3360	3262	3261	3360	3361	3263	3262	3361
					3362	3264	3263	3362	3363	3265	3264	3363	3364	3266	3265	3364	3365	3267	3266	3365	3366	3268	3267
					3366	3367	3269	3268	3367	3368	3270	3269	3368	3369	3271	3270	3369	3370	3272	3271	3370	3371	3273
					3272	3371	3372	3274	3273	3372	3373	3275	3274	3373	3374	3276	3275	3374	3375	3277	3276	3375	3376
					3278	3277	3376	3377	3279	3278	3377	3378	3280	3279	3378	3379	3281	3280	3379	3380	3282	3281	3380
					3381	3283	3282	3381	3382	3284	3283	3382	3383	3285	3284	3383	3384	3286	3285	3384	3385	3287	3286
					3385	3386	3288	3287	3386	3387	3289	3288	3387	3388	3290	3289	3388	3389	3291	3290	3389	3390	3292
					3291	3390	3391	3293	3292	3391	3392	3294	3293	3392	3393	3295	3294	3393	3394	3296	3295	3394	3395
					3297	3296	3395	3396	3298	3297	3396	3397	3299	3298	3397	3398	3300	3299	3398	3399	3301	3300	3399
					3400	3302	3301	3400	3401	3303	3302	3401	3402	3304	3303	3402	3403	3305	3304	3403	3404	3306	3305
					3404	3405	3307	3306	3405	3406	3308	3307	3406	3407	3309	3308	3407	3408	3310	3309	3408	3409	3311
					3310	3409	3410	3312	3311	3410	3411	3313	3312	3411	3412	3314	3313	3412	3413	3315	3314	3413	3414
					3316	3315	3414	3415	3317	3316	3415	3416	3318	3317	3416	3417	3319	3318	3417	3418	3320	3319	3418
					3419	3321	3320	3419	3420	3322	3321	3420	3421	3323	3322	3421	3422	3324	3323	3422	3423	3325	3324
					3423	3424	3326	3325	3425	3426	3328	3327	3426	3427	3329	3328	3427	3428	3330	3329	3428	3429	3331
					3330	3429	3430	3332	3331	3430	3431	3333	3332	3431	3432	3334	3333	3432	3433	3335	3334	3433	3434
					3336	3335	3434	3435	3337	3336	3435	3436	3338	3337	3436	3437	3339	3338	3437	3438	3340	3339	3438
					3439	3341	3340	3439	3440	3342	3341	3440	3441	3343	3342	3441	3442	3344	3343	3442	3443	3345	3344
					3443	3444	3346	3345	3444	3445	3347	3346	3445	3446	3348	3347	3446	3447	3349	3348	3447	3448	3350
					3349	3448	3449	3351	3350	3449	3450	3352	3351	3450	3451	3353	3352	3451	3452	3354	3353	3452	3453
					3355	3354	3453	3454	3356	3355	3454	3455	3357	3356	3455	3456	3358	3357	3456	3457	3359	3358	3457
					3458	3360	3359	3458	3459	3361	3360	3459	3460	3362	3361	3460	3461	3363	3362	3461	3462	3364	3363
					3462	3463	3365	3364	3463	3464	3366	3365	3464	3465	3367	3366	3465	3466	3368	3367	3466	3467	3369
					3368	3467	3468	3370	3369	3468	3469	3371	3370	3469	3470	3372	3371	3470	3471	3373	3372	3471	3472
					3374	3373	3472	3473	3375	3374	3473	3474	3376	3375	3474	3475	3377	3376	3475	3476	3378	3377	3476
					3477	3379	3378	3477	3478	3380	3379	3478	3479	3381	3380	3479	3480	3382	3381	3480	3481	3383	3382
					3481	3482	3384	3383	3482	3483	3385	3384	3483	3484	3386	3385	3484	3485	3387	3386	3485	3486	3388
					3387	3486	3487	3389	3388	3487	3488	3390	3389	3488	3489	3391	3390	3489	3490	3392	3391	3490	3491
					3393	3392	3491	3492	3394	3393	3492	3493	3395	3394	3493	3494	3396	3395	3494	3495	3397	3396	3495
					3496	3398	3397	3496	3497	3399	3398	3497	3498	3400	3399	3498	3499	3401	3400	3499	3500	3402	3401
					3500	3501	3403	3402	3501	3502	3404	3403	3502	3503	3405	3404	3503	3504	3406	3405	3504	3505	3407
					3406	3505	3506	3408	3407	3506	3507	3409	3408	3507	3508	3410	3409	3508	3509	3411	3410	3509	3510
					3412	3411	3510	3511	3413	3412	3511	3512	3414	3413	3512	3513	3415	3414	3513	3514	3416	3415	3514
					3515	3417	3416	3515	3516	3418	3417	3516	3517	3419	3418	3517	3518	3420	3419	3518	3519	3421	3420
					3519	3520	3422	3421	3520	3521	3423	3422	3521	3522	3424	3423	3523	3524	3426	3425	3524	3525	3427
					3426	3525	3526	3428	3427	3526	3527	3429	3428	3527	3528	3430	3429	3528	3529	3431	3430	3529	3530
					3432	3431	3530	3531	3433	3432	3531	3532	3434	3433	3532	3533	3435	3434	3533	3534	3436	3435	3534
					3535	3437	3436	3535	3536	3438	3437	3536	3537	3439	3438	3537	3538	3440	3439	3538	3539	3441	3440
					3539	3540	3442	3441	3540	3541	3443	3442	3541	3542	3444	3443	3542	3543	3445	3444	3543	3544	3446
					3445	3544	3545	3447	3446	3545	3546	3448	3447	3546	3547	3449	3448	3547	3548	3450	3449	3548	3549
					3451	3450	3549	3550	3452	3451	3550	3551	3453	3452	3551	3552	3454	3453	3552	3553	3455	3454	3553
					3554	3456	3455	3554	3555	3457	3456	3555	3556	3458	3457	3556	3557	3459	3458	3557	3558	3460	3459
					3558	3559	3461	3460	3559	3560	3462	3461	3560	3561	3463	3462	3561	3562	3464	3463	3562	3563	3465
					3464	3563	3564	3466	3465	3564	3565	3467	3466	3565	3566	3468	3467	3566	3567	3469	3468	3567	3568
					3470	3469	3568	3569	3471	3470	3569	3570	3472	3471	3570	3571	3473	3472	3571	3572	3474	3473	3572
					3573	3475	3474	3573	3574	3476	3475	3574	3575	3477	3476	3575	3576	3478	3477	3576	3577	3479	3478
					3577	3578	3480	3479	3578	3579	3481	3480	3579	3580	3482	3481	3580	3581	3483	3482	3581	3582	3484
					3483	3582	3583	3485	3484	3583	3584	3486	3485	3584	3585	3487	3486	3585	3586	3488	3487	3586	3587
					3489	3488	3587	3588	3490	3489	3588	3589	3491	3490	3589	3590	3492	3491	3590	3591	3493	3492	3591
					3592	3494	3493	3592	3593	3495	3494	3593	3594	3496	3495	3594	3595	3497	3496	3595	3596	3498	3497
					3596	3597	3499	3498	3597	3598	3500	3499	3598	3599	3501	3500	3599	3600	3502	3501	3600	3601	3503
					3502	3601	3602	3504	3503	3602	3603	3505	3504	3603	3604	3506	3505	3604	3605	3507	3506	3605	3606
					3508	3507	3606	3607	3509	3508	3607	3608	3510	3509	3608	3609	3511	3510	3609	3610	3512	3511	3610
					3611	3513	3512	3611	3612	3514	3513	3612	3613	3515	3514	3613	3614	3516	3515	3614	3615	3517	3516
					3615	3616	3518	3517	3616	3617	3519	3518	3617	3618	3520	3519	3618	3619	3521	3520	3619	3620	3522
					3521	3621	3622	3524	3523	3622	3623	3525	3524	3623	3624	3526	3525	3624	3625	3527	3526	3625	3626
					3528	3527	3626	3627	3529	3528	3627	3628	3530	3529	3628	3629	3531	3530	3629	3630	3532	3531	3630
					3631	3533	3532	3631	3632	3534	3533	3632	3633	3535	3534	3633	3634	3536	3535	3634	3635	3537	3536
					3635	3636	3538	3537	3636	3637	3539	3538	3637	3638	3540	3539	3638	3639	3541	3540	3639	3640	3542
					3541	3640	3641	3543	3542	3641	3642	3544	3543	3642	3643	3545	3544	3643	3644	3546	3545	3644	3645
					3547	3546	3645	3646	3548	3547	3646	3647	3549	3548	3647	3648	3550	3549	3648	3649	3551	3550	3649
					3650	3552	3551	3650	3651	3553	3552	3651	3652	3554	3553	3652	3653	3555	3554	3653	3654	3556	3555
					3654	3655	3557	3556	3655	3656	3558	3557	3656	3657	3559	3558	3657	3658	3560	3559	3658	3659	3561
					3560	3659	3660	3562	3561	3660	3661	3563	3562	3661	3662	3564	3563	3662	3663	3565	3564	3663	3664
					3566	3565	3664	3665	3567	3566	3665	3666	3568	3567	3666	3667	3569	3568	3667	3668	3570	3569	3668
					3669	3571	3570	3669	3670	3572	3571	3670	3671	3573	3572	3671	3672	3574	3573	3672	3673	3575	3574
					3673	3674	3576	3575	3674	3675	3577	3576	3675	3676	3578	3577	3676	3677	3579	3578	3677	3678	3580
					3579	3678	3679	3581	3580	3679	3680	3582	3581	3680	3681	3583	3582	3681	3682	3584	3583	3682	3683
					3585	3584	3683	3684	3586	3585	3684	3685	3587	3586	3685	3686	3588	3587	3686	3687	3589	3588	3687
					3688	3590	3589	3688	3689	3591	3590	3689	3690	3592	3591	3690	3691	3593	3592	3691	3692	3594	3593
					3692	3693	3595	3594	3693	3694	3596	3595	3694	3695	3597	3596	3695	3696	3598	3597	3696	3697	3599
					3598	3697	3698	3600	3599	3698	3699	3601	3600	3699	3700	3602	3601	3700	3701	3603	3602	3701	3702
					3604	3603	3702	3703	3605	3604	3703	3704	3606	3605	3704	3705	3607	3606	3705	3706	3608	3607	3706
					3707	3609	3608	3707	3708	3610	3609	3708	3709	3611	3610	3709	3710	3612	3611	3710	3711	3613	3612
					3711	3712	3614	3613	3712	3713	3615	3614	3713	3714	3616	3615	3714	3715	3617	3616	3715	3716	3618
					3617	3716	3717	3619	3618	3717	3718	3620	3619	3719	3720	3622	3621	3720	3721	3623	3622	3721	3722
					3624	3623	3722	3723	3625	3624	3723	3724	3626	3625	3724	3725	3627	3626	3725	3726	3628	3627	3726
					3727	3629	3628	3727	3728	3630	3629	3728	3729	3631	3630	3729	3730	3632	3631	3730	3731	3633	3632
					3731	3732	3634	3633	3732	3733	3635	3634	3733	3734	3636	3635	3734	3735	3637	3636	3735	3736	3638
					3637	3736	3737	3639	3638	3737	3738	3640	3639	3738	3739	3641	3640	3739	3740	3642	3641	3740	3741
					3643	3642	3741	3742	3644	3643	3742	3743	3645	3644	3743	3744	3646	3645	3744	3745	3647	3646	3745
					3746	3648	3647	3746	3747	3649	3648	3747	3748	3650	3649	3748	3749	3651	3650	3749	3750	3652	3651
					3750	3751	3653	3652	3751	3752	3654	3653	3752	3753	3655	3654	3753	3754	3656	3655	3754	3755	3657
					3656	3755	3756	3658	3657	3756	3757	3659	3658	3757	3758	3660	3659	3758	3759	3661	3660	3759	3760
					3662	3661	3760	3761	3663	3662	3761	3762	3664	3663	3762	3763	3665	3664	3763	3764	3666	3665	3764
					3765	3667	3666	3765	3766	3668	3667	3766	3767	3669	3668	3767	3768	3670	3669	3768	3769	3671	3670
					3769	3770	3672	3671	3770	3771	3673	3672	3771	3772	3674	3673	3772	3773	3675	3674	3773	3774	3676
					3675	3774	3775	3677	3676	3775	3776	3678	3677	3776	3777	3679	3678	3777	3778	3680	3679	3778	3779
					3681	3680	3779	3780	3682	3681	3780	3781	3683	3682	3781	3782	3684	3683	3782	3783	3685	3684	3783
					3784	3686	3685	3784	3785	3687	3686	3785	3786	3688	3687	3786	3787	3689	3688	3787	3788	3690	3689
					3788	3789	3691	3690	3789	3790	3692	3691	3790	3791	3693	3692	3791	3792	3694	3693	3792	3793	3695
					3694	3793	3794	3696	3695	3794	3795	3697	3696	3795	3796	3698	3697	3796	3797	3699	3698	3797	3798
					3700	3699	3798	3799	3701	3700	3799	3800	3702	3701	3800	3801	3703	3702	3801	3802	3704	3703	3802
					3803	3705	3704	3803	3804	3706	3705	3804	3805	3707	3706	3805	3806	3708	3707	3806	3807	3709	3708
					3807	3808	3710	3709	3808	3809	3711	3710	3809	3810	3712	3711	3810	3811	3713	3712	3811	3812	3714
					3713	3812	3813	3715	3714	3813	3814	3716	3715	3814	3815	3717	3716	3815	3816	3718	3717	3817	3818
					3720	3719	3818	3819	3721	3720	3819	3820	3722	3721	3820	3821	3723	3722	3821	3822	3724	3723	3822
					3823	3725	3724	3823	3824	3726	3725	3824	3825	3727	3726	3825	3826	3728	3727	3826	3827	3729	3728
					3827	3828	3730	3729	3828	3829	3731	3730	3829	3830	3732	3731	3830	3831	3733	3732	3831	3832	3734
					3733	3832	3833	3735	3734	3833	3834	3736	3735	3834	3835	3737	3736	3835	3836	3738	3737	3836	3837
					3739	3738	3837	3838	3740	3739	3838	3839	3741	3740	3839	3840	3742	3741	3840	3841	3743	3742	3841
					3842	3744	3743	3842	3843	3745	3744	3843	3844	3746	3745	3844	3845	3747	3746	3845	3846	3748	3747
					3846	3847	3749	3748	3847	3848	3750	3749	3848	3849	3751	3750	3849	3850	3752	3751	3850	3851	3753
					3752	3851	3852	3754	3753	3852	3853	3755	3754	3853	3854	3756	3755	3854	3855	3757	3756	3855	3856
					3758	3757	3856	3857	3759	3758	3857	3858	3760	3759	3858	3859	3761	3760	3859	3860	3762	3761	3860
					3861	3763	3762	3861	3862	3764	3763	3862	3863	3765	3764	3863	3864	3766	3765	3864	3865	3767	3766
					3865	3866	3768	3767	3866	3867	3769	3768	3867	3868	3770	3769	3868	3869	3771	3770	3869	3870	3772
					3771	3870	3871	3773	3772	3871	3872	3774	3773	3872	3873	3775	3774	3873	3874	3776	3775	3874	3875
					3777	3776	3875	3876	3778	3777	3876	3877	3779	3778	3877	3878	3780	3779	3878	3879	3781	3780	3879
					3880	3782	3781	3880	3881	3783	3782	3881	3882	3784	3783	3882	3883	3785	3784	3883	3884	3786	3785
					3884	3885	3787	3786	3885	3886	3788	3787	3886	3887	3789	3788	3887	3888	3790	3789	3888	3889	3791
					3790	3889	3890	3792	3791	3890	3891	3793	3792	3891	3892	3794	3793	3892	3893	3795	3794	3893	3894
					3796	3795	3894	3895	3797	3796	3895	3896	3798	3797	3896	3897	3799	3798	3897	3898	3800	3799	3898
					3899	3801	3800	3899	3900	3802	3801	3900	3901	3803	3802	3901	3902	3804	3803	3902	3903	3805	3804
					3903	3904	3806	3805	3904	3905	3807	3806	3905	3906	3808	3807	3906	3907	3809	3808	3907	3908	3810
					3809	3908	3909	3811	3810	3909	3910	3812	3811	3910	3911	3813	3812	3911	3912	3814	3813	3912	3913
					3815	3814	3913	3914	3816	3815	3915	3916	3818	3817	3916	3917	3819	3818	3917	3918	3820	3819	3918
					3919	3821	3820	3919	3920	3822	3821	3920	3921	3823	3822	3921	3922	3824	3823	3922	3923	3825	3824
					3923	3924	3826	3825	3924	3925	3827	3826	3925	3926	3828	3827	3926	3927	3829	3828	3927	3928	3830
					3829	3928	3929	3831	3830	3929	3930	3832	3831	3930	3931	3833	3832	3931	3932	3834	3833	3932	3933
					3835	3834	3933	3934	3836	3835	3934	3935	3837	3836	3935	3936	3838	3837	3936	3937	3839	3838	3937
					3938	3840	3839	3938	3939	3841	3840	3939	3940	3842	3841	3940	3941	3843	3842	3941	3942	3844	3843
					3942	3943	3845	3844	3943	3944	3846	3845	3944	3945	3847	3846	3945	3946	3848	3847	3946	3947	3849
					3848	3947	3948	3850	3849	3948	3949	3851	3850	3949	3950	3852	3851	3950	3951	3853	3852	3951	3952
					3854	3853	3952	3953	3855	3854	3953	3954	3856	3855	3954	3955	3857	3856	3955	3956	3858	3857	3956
					3957	3859	3858	3957	3958	3860	3859	3958	3959	3861	3860	3959	3960	3862	3861	3960	3961	3863	3862
					3961	3962	3864	3863	3962	3963	3865	3864	3963	3964	3866	3865	3964	3965	3867	3866	3965	3966	3868
					3867	3966	3967	3869	3868	3967	3968	3870	3869	3968	3969	3871	3870	3969	3970	3872	3871	3970	3971
					3873	3872	3971	3972	3874	3873	3972	3973	3875	3874	3973	3974	3876	3875	3974	3975	3877	3876	3975
					3976	3878	3877	3976	3977	3879	3878	3977	3978	3880	3879	3978	3979	3881	3880	3979	3980	3882	3881
					3980	3981	3883	3882	3981	3982	3884	3883	3982	3983	3885	3884	3983	3984	3886	3885	3984	3985	3887
					3886	3985	3986	3888	3887	3986	3987	3889	3888	3987	3988	3890	3889	3988	3989	3891	3890	3989	3990
					3892	3891	3990	3991	3893	3892	3991	3992	3894	3893	3992	3993	3895	3894	3993	3994	3896	3895	3994
					3995	3897	3896	3995	3996	3898	3897	3996	3997	3899	3898	3997	3998	3900	3899	3998	3999	3901	3900
					3999	4000	3902	3901	4000	4001	3903	3902	4001	4002	3904	3903	4002	4003	3905	3904	4003	4004	3906
					3905	4004	4005	3907	3906	4005	4006	3908	3907	4006	4007	3909	3908	4007	4008	3910	3909	4008	4009
					3911	3910	4009	4010	3912	3911	4010	4011	3913	3912	4011	4012	3914	3913	7139	7140	7042	7041	7140
					7141	7043	7042	7141	7142	7044	7043	7142	7143	7045	7044	7143	7144	7046	7045	7144	7145	7047	7046
					7145	7146	7048	7047	7146	7147	7049	7048	7147	7148	7050	7049	7148	7149	7051	7050	7149	7150	7052
					7051	7150	7151	7053	7052	7151	7152	7054	7053	7152	7153	7055	7054	7153	7154	7056	7055	7154	7155
					7057	7056	7155	7156	7058	7057	7156	7157	7059	7058	7157	7158	7060	7059	7158	7159	7061	7060	7159
					7160	7062	7061	7160	7161	7063	7062	7161	7162	7064	7063	7162	7163	7065	7064	7163	7164	7066	7065
					7164	7165	7067	7066	7165	7166	7068	7067	7166	7167	7069	7068	7167	7168	7070	7069	7168	7169	7071
					7070	7169	7170	7072	7071	7170	7171	7073	7072	7171	7172	7074	7073	7172	7173	7075	7074	7173	7174
					7076	7075	7174	7175	7077	7076	7175	7176	7078	7077	7176	7177	7079	7078	7177	7178	7080	7079	7178
					7179	7081	7080	7179	7180	7082	7081	7180	7181	7083	7082	7181	7182	7084	7083	7182	7183	7085	7084
					7183	7184	7086	7085	7184	7185	7087	7086	7185	7186	7088	7087	7186	7187	7089	7088	7187	7188	7090
					7089	7188	7189	7091	7090	7189	7190	7092	7091	7190	7191	7093	7092	7191	7192	7094	7093	7192	7193
					7095	7094	7193	7194	7096	7095	7194	7195	7097	7096	7195	7196	7098	7097	7196	7197	7099	7098	7197
					7198	7100	7099	7198	7199	7101	7100	7199	7200	7102	7101	7200	7201	7103	7102	7201	7202	7104	7103
					7202	7203	7105	7104	7203	7204	7106	7105	7204	7205	7107	7106	7205	7206	7108	7107	7206	7207	7109
					7108	7207	7208	7110	7109	7208	7209	7111	7110	7209	7210	7112	7111	7210	7211	7113	7112	7211	7212
					7114	7113	7212	7213	7115	7114	7213	7214	7116	7115	7214	7215	7117	7116	7215	7216	7118	7117	7216
					7217	7119	7118	7217	7218	7120	7119	7218	7219	7121	7120	7219	7220	7122	7121	7221	7222	7124	7123
					7222	7223	7125	7124	7223	7224	7126	7125	7224	7225	7127	7126	7225	7226	7128	7127	7226	7227	7129
					7128	7227	7228	7130	7129	7228	7229	7131	7130	7229	7230	7132	7131	7230	7231	7133	7132	7231	7232
					7134	7133	7232	7233	7135	7134	7233	7234	7136	7135	7234	7235	7137	7136	7235	7236	7138	7137	7236
					7237	7139	7138	7237	7238	7140	7139	7238	7239	7141	7140	7239	7240	7142	7141	7240	7241	7143	7142
					7241	7242	7144	7143	7242	7243	7145	7144	7243	7244	7146	7145	7244	7245	7147	7146	7245	7246	7148
					7147	7246	7247	7149	7148	7247	7248	7150	7149	7248	7249	7151	7150	7249	7250	7152	7151	7250	7251
					7153	7152	7251	7252	7154	7153	7252	7253	7155	7154	7253	7254	7156	7155	7254	7255	7157	7156	7255
					7256	7158	7157	7256	7257	7159	7158	7257	7258	7160	7159	7258	7259	7161	7160	7259	7260	7162	7161
					7260	7261	7163	7162	7261	7262	7164	7163	7262	7263	7165	7164	7263	7264	7166	7165	7264	7265	7167
					7166	7265	7266	7168	7167	7266	7267	7169	7168	7267	7268	7170	7169	7268	7269	7171	7170	7269	7270
					7172	7171	7270	7271	7173	7172	7271	7272	7174	7173	7272	7273	7175	7174	7273	7274	7176	7175	7274
					7275	7177	7176	7275	7276	7178	7177	7276	7277	7179	7178	7277	7278	7180	7179	7278	7279	7181	7180
					7279	7280	7182	7181	7280	7281	7183	7182	7281	7282	7184	7183	7282	7283	7185	7184	7283	7284	7186
					7185	7284	7285	7187	7186	7285	7286	7188	7187	7286	7287	7189	7188	7287	7288	7190	7189	7288	7289
					7191	7190	7289	7290	7192	7191	7290	7291	7193	7192	7291	7292	7194	7193	7292	7293	7195	7194	7293
					7294	7196	7195	7294	7295	7197	7196	7295	7296	7198	7197	7296	7297	7199	7198	7297	7298	7200	7199
					7298	7299	7201	7200	7299	7300	7202	7201	7300	7301	7203	7202	7301	7302	7204	7203	7302	7303	7205
					7204	7303	7304	7206	7205	7304	7305	7207	7206	7305	7306	7208	7207	7306	7307	7209	7208	7307	7308
					7210	7209	7308	7309	7211	7210	7309	7310	7212	7211	7310	7311	7213	7212	7311	7312	7214	7213	7312
					7313	7215	7214	7313	7314	7216	7215	7314	7315	7217	7216	7315	7316	7218	7217	7316	7317	7219	7218
					7317	7318	7220	7219	7319	7320	7222	7221	7320	7321	7223	7222	7321	7322	7224	7223	7322	7323	7225
					7224	7323	7324	7226	7225	7324	7325	7227	7226	7325	7326	7228	7227	7326	7327	7229	7228	7327	7328
					7230	7229	7328	7329	7231	7230	7329	7330	7232	7231	7330	7331	7233	7232	7331	7332	7234	7233	7332
					7333	7235	7234	7333	7334	7236	7235	7334	7335	7237	7236	7335	7336	7238	7237	7336	7337	7239	7238
					7337	7338	7240	7239	7338	7339	7241	7240	7339	7340	7242	7241	7340	7341	7243	7242	7341	7342	7244
					7243	7342	7343	7245	7244	7343	7344	7246	7245	7344	7345	7247	7246	7345	7346	7248	7247	7346	7347
					7249	7248	7347	7348	7250	7249	7348	7349	7251	7250	7349	7350	7252	7251	7350	7351	7253	7252	7351
					7352	7254	7253	7352	7353	7255	7254	7353	7354	7256	7255	7354	7355	7257	7256	7355	7356	7258	7257
					7356	7357	7259	7258	7357	7358	7260	7259	7358	7359	7261	7260	7359	7360	7262	7261	7360	7361	7263
					7262	7361	7362	7264	7263	7362	7363	7265	7264	7363	7364	7266	7265	7364	7365	7267	7266	7365	7366
					7268	7267	7366	7367	7269	7268	7367	7368	7270	7269	7368	7369	7271	7270	7369	7370	7272	7271	7370
					7371	7273	7272	7371	7372	7274	7273	7372	7373	7275	7274	7373	7374	7276	7275	7374	7375	7277	7276
					7375	7376	7278	7277	7376	7377	7279	7278	7377	7378	7280	7279	7378	7379	7281	7280	7379	7380	7282
					7281	7380	7381	7283	7282	7381	7382	7284	7283	7382	7383	7285	7284	7383	7384	7286	7285	7384	7385
					7287	7286	7385	7386	7288	7287	7386	7387	7289	7288	7387	7388	7290	7289	7388	7389	7291	7290	7389
					7390	7292	7291	7390	7391	7293	7292	7391	7392	7294	7293	7392	7393	7295	7294	7393	7394	7296	7295
					7394	7395	7297	7296	7395	7396	7298	7297	7396	7397	7299	7298	7397	7398	7300	7299	7398	7399	7301
					7300	7399	7400	7302	7301	7400	7401	7303	7302	7401	7402	7304	7303	7402	7403	7305	7304	7403	7404
					7306	7305	7404	7405	7307	7306	7405	7406	7308	7307	7406	7407	7309	7308	7407	7408	7310	7309	7408
					7409	7311	7310	7409	7410	7312	7311	7410	7411	7313	7312	7411	7412	7314	7313	7412	7413	7315	7314
					7413	7414	7316	7315	7414	7415	7317	7316	7415	7416	7318	7317	7417	7418	7320	7319	7418	7419	7321
					7320	7419	7420	7322	7321	7420	7421	7323	7322	7421	7422	7324	7323	7422	7423	7325	7324	7423	7424
					7326	7325	7424	7425	7327	7326	7425	7426	7328	7327	7426	7427	7329	7328	7427	7428	7330	7329	7428
					7429	7331	7330	7429	7430	7332	7331	7430	7431	7333	7332	7431	7432	7334	7333	7432	7433	7335	7334
					7433	7434	7336	7335	7434	7435	7337	7336	7435	7436	7338	7337	7436	7437	7339	7338	7437	7438	7340
					7339	7438	7439	7341	7340	7439	7440	7342	7341	7440	7441	7343	7342	7441	7442	7344	7343	7442	7443
					7345	7344	7443	7444	7346	7345	7444	7445	7347	7346	7445	7446	7348	7347	7446	7447	7349	7348	7447
					7448	7350	7349	7448	7449	7351	7350	7449	7450	7352	7351	7450	7451	7353	7352	7451	7452	7354	7353
					7452	7453	7355	7354	7453	7454	7356	7355	7454	7455	7357	7356	7455	7456	7358	7357	7456	7457	7359
					7358	7457	7458	7360	7359	7458	7459	7361	7360	7459	7460	7362	7361	7460	7461	7363	7362	7461	7462
					7364	7363	7462	7463	7365	7364	7463	7464	7366	7365	7464	7465	7367	7366	7465	7466	7368	7367	7466
					7467	7369	7368	7467	7468	7370	7369	7468	7469	7371	7370	7469	7470	7372	7371	7470	7471	7373	7372
					7471	7472	7374	7373	7472	7473	7375	7374	7473	7474	7376	7375	7474	7475	7377	7376	7475	7476	7378
					7377	7476	7477	7379	7378	7477	7478	7380	7379	7478	7479	7381	7380	7479	7480	7382	7381	7480	7481
					7383	7382	7481	7482	7384	7383	7482	7483	7385	7384	7483	7484	7386	7385	7484	7485	7387	7386	7485
					7486	7388	7387	7486	7487	7389	7388	7487	7488	7390	7389	7488	7489	7391	7390	7489	7490	7392	7391
					7490	7491	7393	7392	7491	7492	7394	7393	7492	7493	7395	7394	7493	7494	7396	7395	7494	7495	7397
					7396	7495	7496	7398	7397	7496	7497	7399	7398	7497	7498	7400	7399	7498	7499	7401	7400	7499	7500
					7402	7401	7500	7501	7403	7402	7501	7502	7404	7403	7502	7503	7405	7404	7503	7504	7406	7405	7504
					7505	7407	7406	7505	7506	7408	7407	7506	7507	7409	7408	7507	7508	7410	7409	7508	7509	7411	7410
					7509	7510	7412	7411	7510	7511	7413	7412	7511	7512	7414	7413	7512	7513	7415	7414	7513	7514	7416
					7415	7515	7516	7418	7417	7516	7517	7419	7418	7517	7518	7420	7419	7518	7519	7421	7420	7519	7520
					7422	7421	7520	7521	7423	7422	7521	7522	7424	7423	7522	7523	7425	7424	7523	7524	7426	7425	7524
					7525	7427	7426	7525	7526	7428	7427	7526	7527	7429	7428	7527	7528	7430	7429	7528	7529	7431	7430
					7529	7530	7432	7431	7530	7531	7433	7432	7531	7532	7434	7433	7532	7533	7435	7434	7533	7534	7436
					7435	7534	7535	7437	7436	7535	7536	7438	7437	7536	7537	7439	7438	7537	6032	7440	7439	6032	6033
					7441	7440	6033	6034	7442	7441	6034	6035	7443	7442	6035	6036	7444	7443	6036	6037	7445	7444	6037
					6038	7446	7445	6038	6039	7447	7446	6039	6040	7448	7447	6040	6041	7449	7448	6041	6042	7450	7449
					6042	6043	7451	7450	6043	6044	7452	7451	6044	6045	7453	7452	6045	6046	7454	7453	6046	6047	7455
					7454	6047	6048	7456	7455	6048	6049	7457	7456	6049	6050	7458	7457	6050	6051	7459	7458	6051	6052
					7460	7459	6052	6053	7461	7460	6053	6054	7462	7461	6054	6055	7463	7462	6055	6056	7464	7463	6056
					6057	7465	7464	6057	6058	7466	7465	6058	6059	7467	7466	6059	6060	7468	7467	6060	6061	7469	7468
					6061	6062	7470	7469	6062	6063	7471	7470	6063	6064	7472	7471	6064	6065	7473	7472	6065	6066	7474
					7473	6066	6067	7475	7474	6067	6068	7476	7475	6068	6069	7477	7476	6069	6070	7478	7477	6070	6071
					7479	7478	6071	6072	7480	7479	6072	6073	7481	7480	6073	6074	7482	7481	6074	6075	7483	7482	6075
					6076	7484	7483	6076	6077	7485	7484	6077	6078	7486	7485	6078	6079	7487	7486	6079	6080	7488	7487
					6080	6081	7489	7488	6081	6082	7490	7489	6082	6083	7491	7490	6083	6084	7492	7491	6084	6085	7493
					7492	6085	6086	7494	7493	6086	6087	7495	7494	6087	6088	7496	7495	6088	6089	7497	7496	6089	6090
					7498	7497	6090	6091	7499	7498	6091	6092	7500	7499	6092	6093	7501	7500	6093	6094	7502	7501	6094
					6095	7503	7502	6095	6096	7504	7503	6096	6097	7505	7504	6097	6098	7506	7505	6098	6099	7507	7506
					6099	6100	7508	7507	6100	6101	7509	7508	6101	6102	7510	7509	6102	6103	7511	7510	6103	6104	7512
					7511	6104	6105	7513	7512	6105	6106	7514	7513	6107	6108	7516	7515	6108	6109	7517	7516	6109	6110
					7518	7517	6110	6111	7519	7518	6111	6112	7520	7519	6112	6113	7521	7520	6113	6114	7522	7521	6114
					6115	7523	7522	6115	6116	7524	7523	6116	6117	7525	7524	6117	6118	7526	7525	6118	6119	7527	7526
					6119	6120	7528	7527	6120	6121	7529	7528	6121	6122	7530	7529	6122	6123	7531	7530	6123	6124	7532
					7531	6124	6125	7533	7532	6125	6126	7534	7533	6126	6127	7535	7534	6127	6128	7536	7535	6128	6129
					7537	7536	6129	6130	6032	7537	6130	6131	6033	6032	6131	6132	6034	6033	6132	6133	6035	6034	6133
					6134	6036	6035	6134	6135	6037	6036	6135	6136	6038	6037	6136	6137	6039	6038	6137	6138	6040	6039
					6138	6139	6041	6040	6139	6140	6042	6041	7628	7629	7985	7984	7629	7630	7986	7985	7630	7631	7987
					7986	7631	7632	7988	7987	7632	7633	7989	7988	7633	7634	7990	7989	7634	7635	7991	7990	7635	7636
					7992	7991	7636	7637	7993	7992	7637	7638	7994	7993	7638	7639	7995	7994	7639	7640	7996	7995	7640
					7641	7997	7996	7641	7642	7998	7997	7642	7643	7999	7998	7643	0	7644	7999	6204	7918	7916	6106
					7919	6205	6107	7917	6302	7920	7918	6204	7921	6303	6205	7919	6400	7922	7920	6302	7923	6401	6303
					7921	6498	7924	7922	6400	7925	6499	6401	7923	6596	7926	7924	6498	7927	6597	6499	7925	6694	7928
					7926	6596	7929	6695	6597	7927	6792	7930	7928	6694	7931	6793	6695	7929	6890	7932	7930	6792	7933
					6891	6793	7931	6988	7934	7932	6890	7935	6989	6891	7933	4071	7871	7934	6988	7872	4072	6989	7935
					0	1	7645	7644	1	2	7646	7645	2	3	7647	7646	3	4	7648	7647	4	5	7649
					7648	5	6	7650	7649	6	7	7651	7650	7	8	7652	7651	8	9	7653	7652	9	10
					7654	7653	10	11	7655	7654	11	12	7656	7655	12	13	7657	7656	13	14	7658	7657	14
					15	7659	7658	15	16	7660	7659	16	17	7661	7660	17	18	7662	7661	18	19	7663	7662
					19	20	7664	7663	20	21	7665	7664	21	22	7666	7665	22	23	7667	7666	23	24	7668
					7667	24	25	7669	7668	25	26	7670	7669	26	27	7671	7670	27	28	7672	7671	28	29
					7673	7672	29	30	7674	7673	30	31	7675	7674	31	7538	7946	7675	176	7682	7680	78	7683
					177	79	7681	274	7684	7682	176	7685	275	177	7683	7122	7936	7684	274	7937	7123	275	7685
					7538	7539	7947	7946	7539	7540	7948	7947	7540	7541	7949	7948	7541	7542	7950	7949	7542	7543	7951
					7950	7543	7544	7952	7951	7544	7545	7953	7952	7545	7546	7954	7953	7546	7547	7955	7954	7547	7548
					7956	7955	7548	7549	7957	7956	7549	7550	7958	7957	7550	7551	7959	7958	7551	7552	7960	7959	7552
					7553	7961	7960	7553	7554	7962	7961	7554	7555	7963	7962	7555	7556	7964	7963	7556	7557	7965	7964
					7557	7558	7966	7965	7558	7559	7967	7966	7559	7560	7968	7967	7560	7561	7969	7968	7561	7562	7970
					7969	7562	7563	7971	7970	7563	7564	7972	7971	7564	7565	7973	7972	7565	7566	7974	7973	7566	7567
					7975	7974	7567	7568	7976	7975	7568	7569	7977	7976	7569	7570	7978	7977	7570	7571	7979	7978	7571
					7572	7980	7979	7572	7981	7982	7980	7983	7573	6029	7912	4169	7873	7871	4071	7874	4170	4072	7872
					4267	7875	7873	4169	7876	4268	4170	7874	4365	7877	7875	4267	7878	4366	4268	7876	4463	7879	7877
					4365	7880	4464	4366	7878	4561	7881	7879	4463	7882	4562	4464	7880	4659	7883	7881	4561	7884	4660
					4562	7882	4757	7885	7883	4659	7886	4758	4660	7884	4855	7887	7885	4757	7888	4856	4758	7886	4953
					7889	7887	4855	7890	4954	4856	7888	5051	7891	7889	4953	7892	5052	4954	7890	5149	7893	7891	5051
					7894	5150	5052	7892	5247	7895	7893	5149	7896	5248	5150	7894	5345	7897	7895	5247	7898	5346	5248
					7896	5443	7899	7897	5345	7900	5444	5346	7898	5541	7901	7899	5443	7902	5542	5444	7900	5639	7903
					7901	5541	7904	5640	5542	7902	5737	7905	7903	5639	7906	5738	5640	7904	5835	7907	7905	5737	7908
					5836	5738	7906	5933	7909	7907	5835	7910	5934	5836	7908	288	7686	7909	5933	7687	289	5934	7910
					386	7688	7686	288	7689	387	289	7687	78	7680	7981	7572	7681	79	7573	7983	7912	6029	7913
					7911	6029	6030	7914	7913	6030	6031	7915	7914	6031	32	7676	7915	32	33	7677	7676	33	34
					7678	7677	34	35	7679	7678	35	4013	7863	7679	484	7690	7688	386	7691	485	387	7689	582
					7692	7690	484	7693	583	485	7691	680	7694	7692	582	7695	681	583	7693	778	7696	7694	680
					7697	779	681	7695	876	7698	7696	778	7699	877	779	7697	974	7700	7698	876	7701	975	877
					7699	1072	7702	7700	974	7703	1073	975	7701	1170	7704	7702	1072	7705	1171	1073	7703	1268	7706
					7704	1170	7707	1269	1171	7705	1366	7708	7706	1268	7709	1367	1269	7707	1464	7710	7708	1366	7711
					1465	1367	7709	1562	7712	7710	1464	7713	1563	1465	7711	1660	7714	7712	1562	7715	1661	1563	7713
					1758	7716	7714	1660	7717	1759	1661	7715	1856	7718	7716	1758	7719	1857	1759	7717	1954	7720	7718
					1856	7721	1955	1857	7719	2052	7722	7720	1954	7723	2053	1955	7721	2150	7724	7722	2052	7725	2151
					2053	7723	2248	7726	7724	2150	7727	2249	2151	7725	2346	7728	7726	2248	7729	2347	2249	7727	2444
					7730	7728	2346	7731	2445	2347	7729	2542	7732	7730	2444	7733	2543	2445	7731	2640	7734	7732	2542
					7735	2641	2543	7733	2738	7736	7734	2640	7737	2739	2641	7735	2836	7738	7736	2738	7739	2837	2739
					7737	2934	7740	7738	2836	7741	2935	2837	7739	3032	7742	7740	2934	7743	3033	2935	7741	3130	7744
					7742	3032	7745	3131	3033	7743	3228	7746	7744	3130	7747	3229	3131	7745	3326	7748	7746	3228	7749
					3327	3229	7747	3424	7750	7748	3326	7751	3425	3327	7749	3522	7752	7750	3424	7753	3523	3425	7751
					3620	7754	7752	3522	7755	3621	3523	7753	3718	7756	7754	3620	7757	3719	3621	7755	3816	7758	7756
					3718	7759	3817	3719	7757	3914	7760	7758	3816	7761	3915	3817	7759	4012	7762	7760	3914	7763	7764
					3915	7761	7764	7765	3916	3915	7765	7766	3917	3916	7766	7767	3918	3917	7767	7768	3919	3918	7768
					7769	3920	3919	7769	7770	3921	3920	7770	7771	3922	3921	7771	7772	3923	3922	7772	7773	3924	3923
					7773	7774	3925	3924	7774	7775	3926	3925	7775	7776	3927	3926	7776	7777	3928	3927	7777	7778	3929
					3928	7778	7779	3930	3929	7779	7780	3931	3930	7780	7781	3932	3931	7781	7782	3933	3932	7782	7783
					3934	3933	7783	7784	3935	3934	7784	7785	3936	3935	7785	7786	3937	3936	7786	7787	3938	3937	7787
					7788	3939	3938	7788	7789	3940	3939	7789	7790	3941	3940	7790	7791	3942	3941	7791	7792	3943	3942
					7792	7793	3944	3943	7793	7794	3945	3944	7794	7795	3946	3945	7795	7796	3947	3946	7796	7797	3948
					3947	7797	7798	3949	3948	7798	7799	3950	3949	7799	7800	3951	3950	7800	7801	3952	3951	7801	7802
					3953	3952	7802	7803	3954	3953	7803	7804	3955	3954	7804	7805	3956	3955	7805	7806	3957	3956	7806
					7807	3958	3957	7807	7808	3959	3958	7808	7809	3960	3959	7809	7810	3961	3960	7810	7811	3962	3961
					7811	7812	3963	3962	7812	7813	3964	3963	7813	7814	3965	3964	7814	7815	3966	3965	7815	7816	3967
					3966	7816	7817	3968	3967	7817	7818	3969	3968	7818	7819	3970	3969	7819	7820	3971	3970	7820	7821
					3972	3971	7821	7822	3973	3972	7822	7823	3974	3973	7823	7824	3975	3974	7824	7825	3976	3975	7825
					7826	3977	3976	7826	7827	3978	3977	7827	7828	3979	3978	7828	7829	3980	3979	7829	7830	3981	3980
					7830	7831	3982	3981	7831	7832	3983	3982	7832	7833	3984	3983	7833	7834	3985	3984	7834	7835	3986
					3985	7835	7836	3987	3986	7836	7837	3988	3987	7837	7838	3989	3988	7838	7839	3990	3989	7839	7840
					3991	3990	7840	7841	3992	3991	7841	7842	3993	3992	7842	7843	3994	3993	7843	7844	3995	3994	7844
					7845	3996	3995	7845	7846	3997	3996	7846	7847	3998	3997	7847	7848	3999	3998	7848	7849	4000	3999
					7849	7850	4001	4000	7850	7851	4002	4001	7851	7852	4003	4002	7852	7853	4004	4003	7853	7854	4005
					4004	7854	7855	4006	4005	7855	7856	4007	4006	7856	7857	4008	4007	7857	7858	4009	4008	7858	7859
					4010	4009	7859	7860	4011	4010	7860	7861	4012	4011	7861	7862	7762	4012	4013	4014	7864	7863	4014
					4015	7865	7864	4015	4016	7866	7865	4016	4017	7867	7866	4017	4018	7868	7867	4018	4019	7869	7868
					4019	4020	7870	7869	4020	7628	7984	7870	7220	7938	7936	7122	7939	7221	7123	7937	7318	7940	7938
					7220	7941	7319	7221	7939	7416	7942	7940	7318	7943	7417	7319	7941	7514	7944	7942	7416	7945	7515
					7417	7943	6106	7916	7944	7514	7917	6107	7515	7945	
				</DataArray>
				<DataArray type="Int32" Name="offsets" NumberOfComponents="1" format="ascii">
					4	8	12	16	20	24	28	32	36	40	44	48	52	56	60	64	68	72	76
					80	84	88	92	96	100	104	108	112	116	120	124	128	132	136	140	144	148	152
					156	160	164	168	172	176	180	184	188	192	196	200	204	208	212	216	220	224	228
					232	236	240	244	248	252	256	260	264	268	272	276	280	284	288	292	296	300	304
					308	312	316	320	324	328	332	336	340	344	348	352	356	360	364	368	372	376	380
					384	388	392	396	400	404	408	412	416	420	424	428	432	436	440	444	448	452	456
					460	464	468	472	476	480	484	488	492	496	500	504	508	512	516	520	524	528	532
					536	540	544	548	552	556	560	564	568	572	576	580	584	588	592	596	600	604	608
					612	616	620	624	628	632	636	640	644	648	652	656	660	664	668	672	676	680	684
					688	692	696	700	704	708	712	716	720	724	728	732	736	740	744	748	752	756	760
					764	768	772	776	780	784	788	792	796	800	804	808	812	816	820	824	828	832	836
					840	844	848	852	856	860	864	868	872	876	880	884	888	892	896	900	904	908	912
					916	920	924	928	932	936	940	944	948	952	956	960	964	968	972	976	980	984	988
					992	996	1000	1004	1008	1012	1016	1020	1024	1028	1032	1036	1040	1044	1048	1052	1056	1060	1064
					1068	1072	1076	1080	1084	1088	1092	1096	1100	1104	1108	1112	1116	1120	1124	1128	1132	1136	1140
					1144	1148	1152	1156	1160	1164	1168	1172	1176	1180	1184	1188	1192	1196	1200	1204	1208	1212	1216
					1220	1224	1228	1232	1236	1240	1244	1248	1252	1256	1260	1264	1268	1272	1276	1280	1284	1288	1292
					1296	1300	1304	1308	1312	1316	1320	1324	1328	1332	1336	1340	1344	1348	1352	1356	1360	1364	1368
					1372	1376	1380	1384	1388	1392	1396	1400	1404	1408	1412	1416	1420	1424	1428	1432	1436	1440	1444
					1448	1452	1456	1460	1464	1468	1472	1476	1480	1484	1488	1492	1496	1500	1504	1508	1512	1516	1520
					1524	1528	1532	1536	1540	1544	1548	1552	1556	1560	1564	1568	1572	1576	1580	1584	1588	1592	1596
					1600	1604	1608	1612	1616	1620	1624	1628	1632	1636	1640	1644	1648	1652	1656	1660	1664	1668	1672
					1676	1680	1684	1688	1692	1696	1700	1704	1708	1712	1716	1720	1724	1728	1732	1736	1740	1744	1748
					1752	1756	1760	1764	1768	1772	1776	1780	1784	1788	1792	1796	1800	1804	1808	1812	1816	1820	1824
					1828	1832	1836	1840	1844	1848	1852	1856	1860	1864	1868	1872	1876	1880	1884	1888	1892	1896	1900
					1904	1908	1912	1916	1920	1924	1928	1932	1936	1940	1944	1948	1952	1956	1960	1964	1968	1972	1976
					1980	1984	1988	1992	1996	2000	2004	2008	2012	2016	2020	2024	2028	2032	2036	2040	2044	2048	2052
					2056	2060	2064	2068	2072	2076	2080	2084	2088	2092	2096	2100	2104	2108	2112	2116	2120	2124	2128
					2132	2136	2140	2144	2148	2152	2156	2160	2164	2168	2172	2176	2180	2184	2188	2192	2196	2200	2204
					2208	2212	2216	2220	2224	2228	2232	2236	2240	2244	2248	2252	2256	2260	2264	2268	2272	2276	2280
					2284	2288	2292	2296	2300	2304	2308	2312	2316	2320	2324	2328	2332	2336	2340	2344	2348	2352	2356
					2360	2364	2368	2372	2376	2380	2384	2388	2392	2396	2400	2404	2408	2412	2416	2420	2424	2428	2432
					2436	2440	2444	2448	2452	2456	2460	2464	2468	2472	2476	2480	2484	2488	2492	2496	2500	2504	2508
					2512	2516	2520	2524	2528	2532	2536	2540	2544	2548	2552	2556	2560	2564	2568	2572	2576	2580	2584
					2588	2592	2596	2600	2604	2608	2612	2616	2620	2624	2628	2632	2636	2640	2644	2648	2652	2656	2660
					2664	2668	2672	2676	2680	2684	2688	2692	2696	2700	2704	2708	2712	2716	2720	2724	2728	2732	2736
					2740	2744	2748	2752	2756	2760	2764	2768	2772	2776	2780	2784	2788	2792	2796	2800	2804	2808	2812
					2816	2820	2824	2828	2832	2836	2840	2844	2848	2852	2856	2860	2864	2868	2872	2876	2880	2884	2888
					2892	2896	2900	2904	2908	2912	2916	2920	2924	2928	2932	2936	2940	2944	2948	2952	2956	2960	2964
					2968	2972	2976	2980	2984	2988	2992	2996	3000	3004	3008	3012	3016	3020	3024	3028	3032	3036	3040
					3044	3048	3052	3056	3060	3064	3068	3072	3076	3080	3084	3088	3092	3096	3100	3104	3108	3112	3116
					3120	3124	3128	3132	3136	3140	3144	3148	3152	3156	3160	3164	3168	3172	3176	3180	3184	3188	3192
					3196	3200	3204	3208	3212	3216	3220	3224	3228	3232	3236	3240	3244	3248	3252	3256	3260	3264	3268
					3272	3276	3280	3284	3288	3292	3296	3300	3304	3308	3312	3316	3320	3324	3328	3332	3336	3340	3344
					3348	3352	3356	3360	3364	3368	3372	3376	3380	3384	3388	3392	3396	3400	3404	3408	3412	3416	3420
					3424	3428	3432	3436	3440	3444	3448	3452	3456	3460	3464	3468	3472	3476	3480	3484	3488	3492	3496
					3500	3504	3508	3512	3516	3520	3524	3528	3532	3536	3540	3544	3548	3552	3556	3560	3564	3568	3572
					3576	3580	3584	3588	3592	3596	3600	3604	3608	3612	3616	3620	3624	3628	3632	3636	3640	3644	3648
					3652	3656	3660	3664	3668	3672	3676	3680	3684	3688	3692	3696	3700	3704	3708	3712	3716	3720	3724
					3728	3732	3736	3740	3744	3748	3752	3756	3760	3764	3768	3772	3776	3780	3784	3788	3792	3796	3800
					3804	3808	3812	3816	3820	3824	3828	3832	3836	3840	3844	3848	3852	3856	3860	3864	3868	3872	3876
					3880	3884	3888	3892	3896	3900	3904	3908	3912	3916	3920	3924	3928	3932	3936	3940	3944	3948	3952
					3956	3960	3964	3968	3972	3976	3980	3984	3988	3992	3996	4000	4004	4008	4012	4016	4020	4024	4028
					4032	4036	4040	4044	4048	4052	4056	4060	4064	4068	4072	4076	4080	4084	4088	4092	4096	4100	4104
					4108	4112	4116	4120	4124	4128	4132	4136	4140	4144	4148	4152	4156	4160	4164	4168	4172	4176	4180
					4184	4188	4192	4196	4200	4204	4208	4212	4216	4220	4224	4228	4232	4236	4240	4244	4248	4252	4256
					4260	4264	4268	4272	4276	4280	4284	4288	4292	4296	4300	4304	4308	4312	4316	4320	4324	4328	4332
					4336	4340	4344	4348	4352	4356	4360	4364	4368	4372	4376	4380	4384	4388	4392	4396	4400	4404	4408
					4412	4416	4420	4424	4428	4432	4436	4440	4444	4448	4452	4456	4460	4464	4468	4472	4476	4480	4484
					4488	4492	4496	4500	4504	4508	4512	4516	4520	4524	4528	4532	4536	4540	4544	4548	4552	4556	4560
					4564	4568	4572	4576	4580	4584	4588	4592	4596	4600	4604	4608	4612	4616	4620	4624	4628	4632	4636
					4640	4644	4648	4652	4656	4660	4664	4668	4672	4676	4680	4684	4688	4692	4696	4700	4704	4708	4712
					4716	4720	4724	4728	4732	4736	4740	4744	4748	4752	4756	4760	4764	4768	4772	4776	4780	4784	4788
					4792	4796	4800	4804	4808	4812	4816	4820	4824	4828	4832	4836	4840	4844	4848	4852	4856	4860	4864
					4868	4872	4876	4880	4884	4888	4892	4896	4900	4904	4908	4912	4916	4920	4924	4928	4932	4936	4940
					4944	4948	4952	4956	4960	4964	4968	4972	4976	4980	4984	4988	4992	4996	5000	5004	5008	5012	5016
					5020	5024	5028	5032	5036	5040	5044	5048	5052	5056	5060	5064	5068	5072	5076	5080	5084	5088	5092
					5096	5100	5104	5108	5112	5116	5120	5124	5128	5132	5136	5140	5144	5148	5152	5156	5160	5164	5168
					5172	5176	5180	5184	5188	5192	5196	5200	5204	5208	5212	5216	5220	5224	5228	5232	5236	5240	5244
					5248	5252	5256	5260	5264	5268	5272	5276	5280	5284	5288	5292	5296	5300	5304	5308	5312	5316	5320
					5324	5328	5332	5336	5340	5344	5348	5352	5356	5360	5364	5368	5372	5376	5380	5384	5388	5392	5396
					5400	5404	5408	5412	5416	5420	5424	5428	5432	5436	5440	5444	5448	5452	5456	5460	5464	5468	5472
					5476	5480	5484	5488	5492	5496	5500	5504	5508	5512	5516	5520	5524	5528	5532	5536	5540	5544	5548
					5552	5556	5560	5564	5568	5572	5576	5580	5584	5588	5592	5596	5600	5604	5608	5612	5616	5620	5624
					5628	5632	5636	5640	5644	5648	5652	5656	5660	5664	5668	5672	5676	5680	5684	5688	5692	5696	5700
					5704	5708	5712	5716	5720	5724	5728	5732	5736	5740	5744	5748	5752	5756	5760	5764	5768	5772	5776
					5780	5784	5788	5792	5796	5800	5804	5808	5812	5816	5820	5824	5828	5832	5836	5840	5844	5848	5852
					5856	5860	5864	5868	5872	5876	5880	5884	5888	5892	5896	5900	5904	5908	5912	5916	5920	5924	5928
					5932	5936	5940	5944	5948	5952	5956	5960	5964	5968	5972	5976	5980	5984	5988	5992	5996	6000	6004
					6008	6012	6016	6020	6024	6028	6032	6036	6040	6044	6048	6052	6056	6060	6064	6068	6072	6076	6080
					6084	6088	6092	6096	6100	6104	6108	6112	6116	6120	6124	6128	6132	6136	6140	6144	6148	6152	6156
					6160	6164	6168	6172	6176	6180	6184	6188	6192	6196	6200	6204	6208	6212	6216	6220	6224	6228	6232
					6236	6240	6244	6248	6252	6256	6260	6264	6268	6272	6276	6280	6284	6288	6292	6296	6300	6304	6308
					6312	6316	6320	6324	6328	6332	6336	6340	6344	6348	6352	6356	6360	6364	6368	6372	6376	6380	6384
					6388	6392	6396	6400	6404	6408	6412	6416	6420	6424	6428	6432	6436	6440	6444	6448	6452	6456	6460
					6464	6468	6472	6476	6480	6484	6488	6492	6496	6500	6504	6508	6512	6516	6520	6524	6528	6532	6536
					6540	6544	6548	6552	6556	6560	6564	6568	6572	6576	6580	6584	6588	6592	6596	6600	6604	6608	6612
					6616	6620	6624	6628	6632	6636	6640	6644	6648	6652	6656	6660	6664	6668	6672	6676	6680	6684	6688
					6692	6696	6700	6704	6708	6712	6716	6720	6724	6728	6732	6736	6740	6744	6748	6752	6756	6760	6764
					6768	6772	6776	6780	6784	6788	6792	6796	6800	6804	6808	6812	6816	6820	6824	6828	6832	6836	6840
					6844	6848	6852	6856	6860	6864	6868	6872	6876	6880	6884	6888	6892	6896	6900	6904	6908	6912	6916
					6920	6924	6928	6932	6936	6940	6944	6948	6952	6956	6960	6964	6968	6972	6976	6980	6984	6988	6992
					6996	7000	7004	7008	7012	7016	7020	7024	7028	7032	7036	7040	7044	7048	7052	7056	7060	7064	7068
					7072	7076	7080	7084	7088	7092	7096	7100	7104	7108	7112	7116	7120	7124	7128	7132	7136	7140	7144
					7148	7152	7156	7160	7164	7168	7172	7176	7180	7184	7188	7192	7196	7200	7204	7208	7212	7216	7220
					7224	7228	7232	7236	7240	7244	7248	7252	7256	7260	7264	7268	7272	7276	7280	7284	7288	7292	7296
					7300	7304	7308	7312	7316	7320	7324	7328	7332	7336	7340	7344	7348	7352	7356	7360	7364	7368	7372
					7376	7380	7384	7388	7392	7396	7400	7404	7408	7412	7416	7420	7424	7428	7432	7436	7440	7444	7448
					7452	7456	7460	7464	7468	7472	7476	7480	7484	7488	7492	7496	7500	7504	7508	7512	7516	7520	7524
					7528	7532	7536	7540	7544	7548	7552	7556	7560	7564	7568	7572	7576	7580	7584	7588	7592	7596	7600
					7604	7608	7612	7616	7620	7624	7628	7632	7636	7640	7644	7648	7652	7656	7660	7664	7668	7672	7676
					7680	7684	7688	7692	7696	7700	7704	7708	7712	7716	7720	7724	7728	7732	7736	7740	7744	7748	7752
					7756	7760	7764	7768	7772	7776	7780	7784	7788	7792	7796	7800	7804	7808	7812	7816	7820	7824	7828
					7832	7836	7840	7844	7848	7852	7856	7860	7864	7868	7872	7876	7880	7884	7888	7892	7896	7900	7904
					7908	7912	7916	7920	7924	7928	7932	7936	7940	7944	7948	7952	7956	7960	7964	7968	7972	7976	7980
					7984	7988	7992	7996	8000	8004	8008	8012	8016	8020	8024	8028	8032	8036	8040	8044	8048	8052	8056
					8060	8064	8068	8072	8076	8080	8084	8088	8092	8096	8100	8104	8108	8112	8116	8120	8124	8128	8132
					8136	8140	8144	8148	8152	8156	8160	8164	8168	8172	8176	8180	8184	8188	8192	8196	8200	8204	8208
					8212	8216	8220	8224	8228	8232	8236	8240	8244	8248	8252	8256	8260	8264	8268	8272	8276	8280	8284
					8288	8292	8296	8300	8304	8308	8312	8316	8320	8324	8328	8332	8336	8340	8344	8348	8352	8356	8360
					8364	8368	8372	8376	8380	8384	8388	8392	8396	8400	8404	8408	8412	8416	8420	8424	8428	8432	8436
					8440	8444	8448	8452	8456	8460	8464	8468	8472	8476	8480	8484	8488	8492	8496	8500	8504	8508	8512
					8516	8520	8524	8528	8532	8536	8540	8544	8548	8552	8556	8560	8564	8568	8572	8576	8580	8584	8588
					8592	8596	8600	8604	8608	8612	8616	8620	8624	8628	8632	8636	8640	8644	8648	8652	8656	8660	8664
					8668	8672	8676	8680	8684	8688	8692	8696	8700	8704	8708	8712	8716	8720	8724	8728	8732	8736	8740
					8744	8748	8752	8756	8760	8764	8768	8772	8776	8780	8784	8788	8792	8796	8800	8804	8808	8812	8816
					8820	8824	8828	8832	8836	8840	8844	8848	8852	8856	8860	8864	8868	8872	8876	8880	8884	8888	8892
					8896	8900	8904	8908	8912	8916	8920	8924	8928	8932	8936	8940	8944	8948	8952	8956	8960	8964	8968
					8972	8976	8980	8984	8988	8992	8996	9000	9004	9008	9012	9016	9020	9024	9028	9032	9036	9040	9044
					9048	9052	9056	9060	9064	9068	9072	9076	9080	9084	9088	9092	9096	9100	9104	9108	9112	9116	9120
					9124	9128	9132	9136	9140	9144	9148	9152	9156	9160	9164	9168	9172	9176	9180	9184	9188	9192	9196
					9200	9204	9208	9212	9216	9220	9224	9228	9232	9236	9240	9244	9248	9252	9256	9260	9264	9268	9272
					9276	9280	9284	9288	9292	9296	9300	9304	9308	9312	9316	9320	9324	9328	9332	9336	9340	9344	9348
					9352	9356	9360	9364	9368	9372	9376	9380	9384	9388	9392	9396	9400	9404	9408	9412	9416	9420	9424
					9428	9432	9436	9440	9444	9448	9452	9456	9460	9464	9468	9472	9476	9480	9484	9488	9492	9496	9500
					9504	9508	9512	9516	9520	9524	9528	9532	9536	9540	9544	9548	9552	9556	9560	9564	9568	9572	9576
					9580	9584	9588	9592	9596	9600	9604	9608	9612	9616	9620	9624	9628	9632	9636	9640	9644	9648	9652
					9656	9660	9664	9668	9672	9676	9680	9684	9688	9692	9696	9700	9704	9708	9712	9716	9720	9724	9728
					9732	9736	9740	9744	9748	9752	9756	9760	9764	9768	9772	9776	9780	9784	9788	9792	9796	9800	9804
					9808	9812	9816	9820	9824	9828	9832	9836	9840	9844	9848	9852	9856	9860	9864	9868	9872	9876	9880
					9884	9888	9892	9896	9900	9904	9908	9912	9916	9920	9924	9928	9932	9936	9940	9944	9948	9952	9956
					9960	9964	9968	9972	9976	9980	9984	9988	9992	9996	10000	10004	10008	10012	10016	10020	10024	10028	10032
					10036	10040	10044	10048	10052	10056	10060	10064	10068	10072	10076	10080	10084	10088	10092	10096	10100	10104	10108
					10112	10116	10120	10124	10128	10132	10136	10140	10144	10148	10152	10156	10160	10164	10168	10172	10176	10180	10184
					10188	10192	10196	10200	10204	10208	10212	10216	10220	10224	10228	10232	10236	10240	10244	10248	10252	10256	10260
					10264	10268	10272	10276	10280	10284	10288	10292	10296	10300	10304	10308	10312	10316	10320	10324	10328	10332	10336
					10340	10344	10348	10352	10356	10360	10364	10368	10372	10376	10380	10384	10388	10392	10396	10400	10404	10408	10412
					10416	10420	10424	10428	10432	10436	10440	10444	10448	10452	10456	10460	10464	10468	10472	10476	10480	10484	10488
					10492	10496	10500	10504	10508	10512	10516	10520	10524	10528	10532	10536	10540	10544	10548	10552	10556	10560	10564
					10568	10572	10576	10580	10584	10588	10592	10596	10600	10604	10608	10612	10616	10620	10624	10628	10632	10636	10640
					10644	10648	10652	10656	10660	10664	10668	10672	10676	10680	10684	10688	10692	10696	10700	10704	10708	10712	10716
					10720	10724	10728	10732	10736	10740	10744	10748	10752	10756	10760	10764	10768	10772	10776	10780	10784	10788	10792
					10796	10800	10804	10808	10812	10816	10820	10824	10828	10832	10836	10840	10844	10848	10852	10856	10860	10864	10868
					10872	10876	10880	10884	10888	10892	10896	10900	10904	10908	10912	10916	10920	10924	10928	10932	10936	10940	10944
					10948	10952	10956	10960	10964	10968	10972	10976	10980	10984	10988	10992	10996	11000	11004	11008	11012	11016	11020
					11024	11028	11032	11036	11040	11044	11048	11052	11056	11060	11064	11068	11072	11076	11080	11084	11088	11092	11096
					11100	11104	11108	11112	11116	11120	11124	11128	11132	11136	11140	11144	11148	11152	11156	11160	11164	11168	11172
					11176	11180	11184	11188	11192	11196	11200	11204	11208	11212	11216	11220	11224	11228	11232	11236	11240	11244	11248
					11252	11256	11260	11264	11268	11272	11276	11280	11284	11288	11292	11296	11300	11304	11308	11312	11316	11320	11324
					11328	11332	11336	11340	11344	11348	11352	11356	11360	11364	11368	11372	11376	11380	11384	11388	11392	11396	11400
					11404	11408	11412	11416	11420	11424	11428	11432	11436	11440	11444	11448	11452	11456	11460	11464	11468	11472	11476
					11480	11484	11488	11492	11496	11500	11504	11508	11512	11516	11520	11524	11528	11532	11536	11540	11544	11548	11552
					11556	11560	11564	11568	11572	11576	11580	11584	11588	11592	11596	11600	11604	11608	11612	11616	11620	11624	11628
					11632	11636	11640	11644	11648	11652	11656	11660	11664	11668	11672	11676	11680	11684	11688	11692	11696	11700	11704
					11708	11712	11716	11720	11724	11728	11732	11736	11740	11744	11748	11752	11756	11760	11764	11768	11772	11776	11780
					11784	11788	11792	11796	11800	11804	11808	11812	11816	11820	11824	11828	11832	11836	11840	11844	11848	11852	11856
					11860	11864	11868	11872	11876	11880	11884	11888	11892	11896	11900	11904	11908	11912	11916	11920	11924	11928	11932
					11936	11940	11944	11948	11952	11956	11960	11964	11968	11972	11976	11980	11984	11988	11992	11996	12000	12004	12008
					12012	12016	12020	12024	12028	12032	12036	12040	12044	12048	12052	12056	12060	12064	12068	12072	12076	12080	12084
					12088	12092	12096	12100	12104	12108	12112	12116	12120	12124	12128	12132	12136	12140	12144	12148	12152	12156	12160
					12164	12168	12172	12176	12180	12184	12188	12192	12196	12200	12204	12208	12212	12216	12220	12224	12228	12232	12236
					12240	12244	12248	12252	12256	12260	12264	12268	12272	12276	12280	12284	12288	12292	12296	12300	12304	12308	12312
					12316	12320	12324	12328	12332	12336	12340	12344	12348	12352	12356	12360	12364	12368	12372	12376	12380	12384	12388
					12392	12396	12400	12404	12408	12412	12416	12420	12424	12428	12432	12436	12440	12444	12448	12452	12456	12460	12464
					12468	12472	12476	12480	12484	12488	12492	12496	12500	12504	12508	12512	12516	12520	12524	12528	12532	12536	12540
					12544	12548	12552	12556	12560	12564	12568	12572	12576	12580	12584	12588	12592	12596	12600	12604	12608	12612	12616
					12620	12624	12628	12632	12636	12640	12644	12648	12652	12656	12660	12664	12668	12672	12676	12680	12684	12688	12692
					12696	12700	12704	12708	12712	12716	12720	12724	12728	12732	12736	12740	12744	12748	12752	12756	12760	12764	12768
					12772	12776	12780	12784	12788	12792	12796	12800	12804	12808	12812	12816	12820	12824	12828	12832	12836	12840	12844
					12848	12852	12856	12860	12864	12868	12872	12876	12880	12884	12888	12892	12896	12900	12904	12908	12912	12916	12920
					12924	12928	12932	12936	12940	12944	12948	12952	12956	12960	12964	12968	12972	12976	12980	12984	12988	12992	12996
					13000	13004	13008	13012	13016	13020	13024	13028	13032	13036	13040	13044	13048	13052	13056	13060	13064	13068	13072
					13076	13080	13084	13088	13092	13096	13100	13104	13108	13112	13116	13120	13124	13128	13132	13136	13140	13144	13148
					13152	13156	13160	13164	13168	13172	13176	13180	13184	13188	13192	13196	13200	13204	13208	13212	13216	13220	13224
					13228	13232	13236	13240	13244	13248	13252	13256	13260	13264	13268	13272	13276	13280	13284	13288	13292	13296	13300
					13304	13308	13312	13316	13320	13324	13328	13332	13336	13340	13344	13348	13352	13356	13360	13364	13368	13372	13376
					13380	13384	13388	13392	13396	13400	13404	13408	13412	13416	13420	13424	13428	13432	13436	13440	13444	13448	13452
					13456	13460	13464	13468	13472	13476	13480	13484	13488	13492	13496	13500	13504	13508	13512	13516	13520	13524	13528
					13532	13536	13540	13544	13548	13552	13556	13560	13564	13568	13572	13576	13580	13584	13588	13592	13596	13600	13604
					13608	13612	13616	13620	13624	13628	13632	13636	13640	13644	13648	13652	13656	13660	13664	13668	13672	13676	13680
					13684	13688	13692	13696	13700	13704	13708	13712	13716	13720	13724	13728	13732	13736	13740	13744	13748	13752	13756
					13760	13764	13768	13772	13776	13780	13784	13788	13792	13796	13800	13804	13808	13812	13816	13820	13824	13828	13832
					13836	13840	13844	13848	13852	13856	13860	13864	13868	13872	13876	13880	13884	13888	13892	13896	13900	13904	13908
					13912	13916	13920	13924	13928	13932	13936	13940	13944	13948	13952	13956	13960	13964	13968	13972	13976	13980	13984
					13988	13992	13996	14000	14004	14008	14012	14016	14020	14024	14028	14032	14036	14040	14044	14048	14052	14056	14060
					14064	14068	14072	14076	14080	14084	14088	14092	14096	14100	14104	14108	14112	14116	14120	14124	14128	14132	14136
					14140	14144	14148	14152	14156	14160	14164	14168	14172	14176	14180	14184	14188	14192	14196	14200	14204	14208	14212
					14216	14220	14224	14228	14232	14236	14240	14244	14248	14252	14256	14260	14264	14268	14272	14276	14280	14284	14288
					14292	14296	14300	14304	14308	14312	14316	14320	14324	14328	14332	14336	14340	14344	14348	14352	14356	14360	14364
					14368	14372	14376	14380	14384	14388	14392	14396	14400	14404	14408	14412	14416	14420	14424	14428	14432	14436	14440
					14444	14448	14452	14456	14460	14464	14468	14472	14476	14480	14484	14488	14492	14496	14500	14504	14508	14512	14516
					14520	14524	14528	14532	14536	14540	14544	14548	14552	14556	14560	14564	14568	14572	14576	14580	14584	14588	14592
					14596	14600	14604	14608	14612	14616	14620	14624	14628	14632	14636	14640	14644	14648	14652	14656	14660	14664	14668
					14672	14676	14680	14684	14688	14692	14696	14700	14704	14708	14712	14716	14720	14724	14728	14732	14736	14740	14744
					14748	14752	14756	14760	14764	14768	14772	14776	14780	14784	14788	14792	14796	14800	14804	14808	14812	14816	14820
					14824	14828	14832	14836	14840	14844	14848	14852	14856	14860	14864	14868	14872	14876	14880	14884	14888	14892	14896
					14900	14904	14908	14912	14916	14920	14924	14928	14932	14936	14940	14944	14948	14952	14956	14960	14964	14968	14972
					14976	14980	14984	14988	14992	14996	15000	15004	15008	15012	15016	15020	15024	15028	15032	15036	15040	15044	15048
					15052	15056	15060	15064	15068	15072	15076	15080	15084	15088	15092	15096	15100	15104	15108	15112	15116	15120	15124
					15128	15132	15136	15140	15144	15148	15152	15156	15160	15164	15168	15172	15176	15180	15184	15188	15192	15196	15200
					15204	15208	15212	15216	15220	15224	15228	15232	15236	15240	15244	15248	15252	15256	15260	15264	15268	15272	15276
					15280	15284	15288	15292	15296	15300	15304	15308	15312	15316	15320	15324	15328	15332	15336	15340	15344	15348	15352
					15356	15360	15364	15368	15372	15376	15380	15384	15388	15392	15396	15400	15404	15408	15412	15416	15420	15424	15428
					15432	15436	15440	15444	15448	15452	15456	15460	15464	15468	15472	15476	15480	15484	15488	15492	15496	15500	15504
					15508	15512	15516	15520	15524	15528	15532	15536	15540	15544	15548	15552	15556	15560	15564	15568	15572	15576	15580
					15584	15588	15592	15596	15600	15604	15608	15612	15616	15620	15624	15628	15632	15636	15640	15644	15648	15652	15656
					15660	15664	15668	15672	15676	15680	15684	15688	15692	15696	15700	15704	15708	15712	15716	15720	15724	15728	15732
					15736	15740	15744	15748	15752	15756	15760	15764	15768	15772	15776	15780	15784	15788	15792	15796	15800	15804	15808
					15812	15816	15820	15824	15828	15832	15836	15840	15844	15848	15852	15856	15860	15864	15868	15872	15876	15880	15884
					15888	15892	15896	15900	15904	15908	15912	15916	15920	15924	15928	15932	15936	15940	15944	15948	15952	15956	15960
					15964	15968	15972	15976	15980	15984	15988	15992	15996	16000	16004	16008	16012	16016	16020	16024	16028	16032	16036
					16040	16044	16048	16052	16056	16060	16064	16068	16072	16076	16080	16084	16088	16092	16096	16100	16104	16108	16112
					16116	16120	16124	16128	16132	16136	16140	16144	16148	16152	16156	16160	16164	16168	16172	16176	16180	16184	16188
					16192	16196	16200	16204	16208	16212	16216	16220	16224	16228	16232	16236	16240	16244	16248	16252	16256	16260	16264
					16268	16272	16276	16280	16284	16288	16292	16296	16300	16304	16308	16312	16316	16320	16324	16328	16332	16336	16340
					16344	16348	16352	16356	16360	16364	16368	16372	16376	16380	16384	16388	16392	16396	16400	16404	16408	16412	16416
					16420	16424	16428	16432	16436	16440	16444	16448	16452	16456	16460	16464	16468	16472	16476	16480	16484	16488	16492
					16496	16500	16504	16508	16512	16516	16520	16524	16528	16532	16536	16540	16544	16548	16552	16556	16560	16564	16568
					16572	16576	16580	16584	16588	16592	16596	16600	16604	16608	16612	16616	16620	16624	16628	16632	16636	16640	16644
					16648	16652	16656	16660	16664	16668	16672	16676	16680	16684	16688	16692	16696	16700	16704	16708	16712	16716	16720
					16724	16728	16732	16736	16740	16744	16748	16752	16756	16760	16764	16768	16772	16776	16780	16784	16788	16792	16796
					16800	16804	16808	16812	16816	16820	16824	16828	16832	16836	16840	16844	16848	16852	16856	16860	16864	16868	16872
					16876	16880	16884	16888	16892	16896	16900	16904	16908	16912	16916	16920	16924	16928	16932	16936	16940	16944	16948
					16952	16956	16960	16964	16968	16972	16976	16980	16984	16988	16992	16996	17000	17004	17008	17012	17016	17020	17024
					17028	17032	17036	17040	17044	17048	17052	17056	17060	17064	17068	17072	17076	17080	17084	17088	17092	17096	17100
					17104	17108	17112	17116	17120	17124	17128	17132	17136	17140	17144	17148	17152	17156	17160	17164	17168	17172	17176
					17180	17184	17188	17192	17196	17200	17204	17208	17212	17216	17220	17224	17228	17232	17236	17240	17244	17248	17252
					17256	17260	17264	17268	17272	17276	17280	17284	17288	17292	17296	17300	17304	17308	17312	17316	17320	17324	17328
					17332	17336	17340	17344	17348	17352	17356	17360	17364	17368	17372	17376	17380	17384	17388	17392	17396	17400	17404
					17408	17412	17416	17420	17424	17428	17432	17436	17440	17444	17448	17452	17456	17460	17464	17468	17472	17476	17480
					17484	17488	17492	17496	17500	17504	17508	17512	17516	17520	17524	17528	17532	17536	17540	17544	17548	17552	17556
					17560	17564	17568	17572	17576	17580	17584	17588	17592	17596	17600	17604	17608	17612	17616	17620	17624	17628	17632
					17636	17640	17644	17648	17652	17656	17660	17664	17668	17672	17676	17680	17684	17688	17692	17696	17700	17704	17708
					17712	17716	17720	17724	17728	17732	17736	17740	17744	17748	17752	17756	17760	17764	17768	17772	17776	17780	17784
					17788	17792	17796	17800	17804	17808	17812	17816	17820	17824	17828	17832	17836	17840	17844	17848	17852	17856	17860
					17864	17868	17872	17876	17880	17884	17888	17892	17896	17900	17904	17908	17912	17916	17920	17924	17928	17932	17936
					17940	17944	17948	17952	17956	17960	17964	17968	17972	17976	17980	17984	17988	17992	17996	18000	18004	18008	18012
					18016	18020	18024	18028	18032	18036	18040	18044	18048	18052	18056	18060	18064	18068	18072	18076	18080	18084	18088
					18092	18096	18100	18104	18108	18112	18116	18120	18124	18128	18132	18136	18140	18144	18148	18152	18156	18160	18164
					18168	18172	18176	18180	18184	18188	18192	18196	18200	18204	18208	18212	18216	18220	18224	18228	18232	18236	18240
					18244	18248	18252	18256	18260	18264	18268	18272	18276	18280	18284	18288	18292	18296	18300	18304	18308	18312	18316
					18320	18324	18328	18332	18336	18340	18344	18348	18352	18356	18360	18364	18368	18372	18376	18380	18384	18388	18392
					18396	18400	18404	18408	18412	18416	18420	18424	18428	18432	18436	18440	18444	18448	18452	18456	18460	18464	18468
					18472	18476	18480	18484	18488	18492	18496	18500	18504	18508	18512	18516	18520	18524	18528	18532	18536	18540	18544
					18548	18552	18556	18560	18564	18568	18572	18576	18580	18584	18588	18592	18596	18600	18604	18608	18612	18616	18620
					18624	18628	18632	18636	18640	18644	18648	18652	18656	18660	18664	18668	18672	18676	18680	18684	18688	18692	18696
					18700	18704	18708	18712	18716	18720	18724	18728	18732	18736	18740	18744	18748	18752	18756	18760	18764	18768	18772
					18776	18780	18784	18788	18792	18796	18800	18804	18808	18812	18816	18820	18824	18828	18832	18836	18840	18844	18848
					18852	18856	18860	18864	18868	18872	18876	18880	18884	18888	18892	18896	18900	18904	18908	18912	18916	18920	18924
					18928	18932	18936	18940	18944	18948	18952	18956	18960	18964	18968	18972	18976	18980	18984	18988	18992	18996	19000
					19004	19008	19012	19016	19020	19024	19028	19032	19036	19040	19044	19048	19052	19056	19060	19064	19068	19072	19076
					19080	19084	19088	19092	19096	19100	19104	19108	19112	19116	19120	19124	19128	19132	19136	19140	19144	19148	19152
					19156	19160	19164	19168	19172	19176	19180	19184	19188	19192	19196	19200	19204	19208	19212	19216	19220	19224	19228
					19232	19236	19240	19244	19248	19252	19256	19260	19264	19268	19272	19276	19280	19284	19288	19292	19296	19300	19304
					19308	19312	19316	19320	19324	19328	19332	19336	19340	19344	19348	19352	19356	19360	19364	19368	19372	19376	19380
					19384	19388	19392	19396	19400	19404	19408	19412	19416	19420	19424	19428	19432	19436	19440	19444	19448	19452	19456
					19460	19464	19468	19472	19476	19480	19484	19488	19492	19496	19500	19504	19508	19512	19516	19520	19524	19528	19532
					19536	19540	19544	19548	19552	19556	19560	19564	19568	19572	19576	19580	19584	19588	19592	19596	19600	19604	19608
					19612	19616	19620	19624	19628	19632	19636	19640	19644	19648	19652	19656	19660	19664	19668	19672	19676	19680	19684
					19688	19692	19696	19700	19704	19708	19712	19716	19720	19724	19728	19732	19736	19740	19744	19748	19752	19756	19760
					19764	19768	19772	19776	19780	19784	19788	19792	19796	19800	19804	19808	19812	19816	19820	19824	19828	19832	19836
					19840	19844	19848	19852	19856	19860	19864	19868	19872	19876	19880	19884	19888	19892	19896	19900	19904	19908	19912
					19916	19920	19924	19928	19932	19936	19940	19944	19948	19952	19956	19960	19964	19968	19972	19976	19980	19984	19988
					19992	19996	20000	20004	20008	20012	20016	20020	20024	20028	20032	20036	20040	20044	20048	20052	20056	20060	20064
					20068	20072	20076	20080	20084	20088	20092	20096	20100	20104	20108	20112	20116	20120	20124	20128	20132	20136	20140
					20144	20148	20152	20156	20160	20164	20168	20172	20176	20180	20184	20188	20192	20196	20200	20204	20208	20212	20216
					20220	20224	20228	20232	20236	20240	20244	20248	20252	20256	20260	20264	20268	20272	20276	20280	20284	20288	20292
					20296	20300	20304	20308	20312	20316	20320	20324	20328	20332	20336	20340	20344	20348	20352	20356	20360	20364	20368
					20372	20376	20380	20384	20388	20392	20396	20400	20404	20408	20412	20416	20420	20424	20428	20432	20436	20440	20444
					20448	20452	20456	20460	20464	20468	20472	20476	20480	20484	20488	20492	20496	20500	20504	20508	20512	20516	20520
					20524	20528	20532	20536	20540	20544	20548	20552	20556	20560	20564	20568	20572	20576	20580	20584	20588	20592	20596
					20600	20604	20608	20612	20616	20620	20624	20628	20632	20636	20640	20644	20648	20652	20656	20660	20664	20668	20672
					20676	20680	20684	20688	20692	20696	20700	20704	20708	20712	20716	20720	20724	20728	20732	20736	20740	20744	20748
					20752	20756	20760	20764	20768	20772	20776	20780	20784	20788	20792	20796	20800	20804	20808	20812	20816	20820	20824
					20828	20832	20836	20840	20844	20848	20852	20856	20860	20864	20868	20872	20876	20880	20884	20888	20892	20896	20900
					20904	20908	20912	20916	20920	20924	20928	20932	20936	20940	20944	20948	20952	20956	20960	20964	20968	20972	20976
					20980	20984	20988	20992	20996	21000	21004	21008	21012	21016	21020	21024	21028	21032	21036	21040	21044	21048	21052
					21056	21060	21064	21068	21072	21076	21080	21084	21088	21092	21096	21100	21104	21108	21112	21116	21120	21124	21128
					21132	21136	21140	21144	21148	21152	21156	21160	21164	21168	21172	21176	21180	21184	21188	21192	21196	21200	21204
					21208	21212	21216	21220	21224	21228	21232	21236	21240	21244	21248	21252	21256	21260	21264	21268	21272	21276	21280
					21284	21288	21292	21296	21300	21304	21308	21312	21316	21320	21324	21328	21332	21336	21340	21344	21348	21352	21356
					21360	21364	21368	21372	21376	21380	21384	21388	21392	21396	21400	21404	21408	21412	21416	21420	21424	21428	21432
					21436	21440	21444	21448	21452	21456	21460	21464	21468	21472	21476	21480	21484	21488	21492	21496	21500	21504	21508
					21512	21516	21520	21524	21528	21532	21536	21540	21544	21548	21552	21556	21560	21564	21568	21572	21576	21580	21584
					21588	21592	21596	21600	21604	21608	21612	21616	21620	21624	21628	21632	21636	21640	21644	21648	21652	21656	21660
					21664	21668	21672	21676	21680	21684	21688	21692	21696	21700	21704	21708	21712	21716	21720	21724	21728	21732	21736
					21740	21744	21748	21752	21756	21760	21764	21768	21772	21776	21780	21784	21788	21792	21796	21800	21804	21808	21812
					21816	21820	21824	21828	21832	21836	21840	21844	21848	21852	21856	21860	21864	21868	21872	21876	21880	21884	21888
					21892	21896	21900	21904	21908	21912	21916	21920	21924	21928	21932	21936	21940	21944	21948	21952	21956	21960	21964
					21968	21972	21976	21980	21984	21988	21992	21996	22000	22004	22008	22012	22016	22020	22024	22028	22032	22036	22040
					22044	22048	22052	22056	22060	22064	22068	22072	22076	22080	22084	22088	22092	22096	22100	22104	22108	22112	22116
					22120	22124	22128	22132	22136	22140	22144	22148	22152	22156	22160	22164	22168	22172	22176	22180	22184	22188	22192
					22196	22200	22204	22208	22212	22216	22220	22224	22228	22232	22236	22240	22244	22248	22252	22256	22260	22264	22268
					22272	22276	22280	22284	22288	22292	22296	22300	22304	22308	22312	22316	22320	22324	22328	22332	22336	22340	22344
					22348	22352	22356	22360	22364	22368	22372	22376	22380	22384	22388	22392	22396	22400	22404	22408	22412	22416	22420
					22424	22428	22432	22436	22440	22444	22448	22452	22456	22460	22464	22468	22472	22476	22480	22484	22488	22492	22496
					22500	22504	22508	22512	22516	22520	22524	22528	22532	22536	22540	22544	22548	22552	22556	22560	22564	22568	22572
					22576	22580	22584	22588	22592	22596	22600	22604	22608	22612	22616	22620	22624	22628	22632	22636	22640	22644	22648
					22652	22656	22660	22664	22668	22672	22676	22680	22684	22688	22692	22696	22700	22704	22708	22712	22716	22720	22724
					22728	22732	22736	22740	22744	22748	22752	22756	22760	22764	22768	22772	22776	22780	22784	22788	22792	22796	22800
					22804	22808	22812	22816	22820	22824	22828	22832	22836	22840	22844	22848	22852	22856	22860	22864	22868	22872	22876
					22880	22884	22888	22892	22896	22900	22904	22908	22912	22916	22920	22924	22928	22932	22936	22940	22944	22948	22952
					22956	22960	22964	22968	22972	22976	22980	22984	22988	22992	22996	23000	23004	23008	23012	23016	23020	23024	23028
					23032	23036	23040	23044	23048	23052	23056	23060	23064	23068	23072	23076	23080	23084	23088	23092	23096	23100	23104
					23108	23112	23116	23120	23124	23128	23132	23136	23140	23144	23148	23152	23156	23160	23164	23168	23172	23176	23180
					23184	23188	23192	23196	23200	23204	23208	23212	23216	23220	23224	23228	23232	23236	23240	23244	23248	23252	23256
					23260	23264	23268	23272	23276	23280	23284	23288	23292	23296	23300	23304	23308	23312	23316	23320	23324	23328	23332
					23336	23340	23344	23348	23352	23356	23360	23364	23368	23372	23376	23380	23384	23388	23392	23396	23400	23404	23408
					23412	23416	23420	23424	23428	23432	23436	23440	23444	23448	23452	23456	23460	23464	23468	23472	23476	23480	23484
					23488	23492	23496	23500	23504	23508	23512	23516	23520	23524	23528	23532	23536	23540	23544	23548	23552	23556	23560
					23564	23568	23572	23576	23580	23584	23588	23592	23596	23600	23604	23608	23612	23616	23620	23624	23628	23632	23636
					23640	23644	23648	23652	23656	23660	23664	23668	23672	23676	23680	23684	23688	23692	23696	23700	23704	23708	23712
					23716	23720	23724	23728	23732	23736	23740	23744	23748	23752	23756	23760	23764	23768	23772	23776	23780	23784	23788
					23792	23796	23800	23804	23808	23812	23816	23820	23824	23828	23832	23836	23840	23844	23848	23852	23856	23860	23864
					23868	23872	23876	23880	23884	23888	23892	23896	23900	23904	23908	23912	23916	23920	23924	23928	23932	23936	23940
					23944	23948	23952	23956	23960	23964	23968	23972	23976	23980	23984	23988	23992	23996	24000	24004	24008	24012	24016
					24020	24024	24028	24032	24036	24040	24044	24048	24052	24056	24060	24064	24068	24072	24076	24080	24084	24088	24092
					24096	24100	24104	24108	24112	24116	24120	24124	24128	24132	24136	24140	24144	24148	24152	24156	24160	24164	24168
					24172	24176	24180	24184	24188	24192	24196	24200	24204	24208	24212	24216	24220	24224	24228	24232	24236	24240	24244
					24248	24252	24256	24260	24264	24268	24272	24276	24280	24284	24288	24292	24296	24300	24304	24308	24312	24316	24320
					24324	24328	24332	24336	24340	24344	24348	24352	24356	24360	24364	24368	24372	24376	24380	24384	24388	24392	24396
					24400	24404	24408	24412	24416	24420	24424	24428	24432	24436	24440	24444	24448	24452	24456	24460	24464	24468	24472
					24476	24480	24484	24488	24492	24496	24500	24504	24508	24512	24516	24520	24524	24528	24532	24536	24540	24544	24548
					24552	24556	24560	24564	24568	24572	24576	24580	24584	24588	24592	24596	24600	24604	24608	24612	24616	24620	24624
					24628	24632	24636	24640	24644	24648	24652	24656	24660	24664	24668	24672	24676	24680	24684	24688	24692	24696	24700
					24704	24708	24712	24716	24720	24724	24728	24732	24736	24740	24744	24748	24752	24756	24760	24764	24768	24772	24776
					24780	24784	24788	24792	24796	24800	24804	24808	24812	24816	24820	24824	24828	24832	24836	24840	24844	24848	24852
					24856	24860	24864	24868	24872	24876	24880	24884	24888	24892	24896	24900	24904	24908	24912	24916	24920	24924	24928
					24932	24936	24940	24944	24948	24952	24956	24960	24964	24968	24972	24976	24980	24984	24988	24992	24996	25000	25004
					25008	25012	25016	25020	25024	25028	25032	25036	25040	25044	25048	25052	25056	25060	25064	25068	25072	25076	25080
					25084	25088	25092	25096	25100	25104	25108	25112	25116	25120	25124	25128	25132	25136	25140	25144	25148	25152	25156
					25160	25164	25168	25172	25176	25180	25184	25188	25192	25196	25200	25204	25208	25212	25216	25220	25224	25228	25232
					25236	25240	25244	25248	25252	25256	25260	25264	25268	25272	25276	25280	25284	25288	25292	25296	25300	25304	25308
					25312	25316	25320	25324	25328	25332	25336	25340	25344	25348	25352	25356	25360	25364	25368	25372	25376	25380	25384
					25388	25392	25396	25400	25404	25408	25412	25416	25420	25424	25428	25432	25436	25440	25444	25448	25452	25456	25460
					25464	25468	25472	25476	25480	25484	25488	25492	25496	25500	25504	25508	25512	25516	25520	25524	25528	25532	25536
					25540	25544	25548	25552	25556	25560	25564	25568	25572	25576	25580	25584	25588	25592	25596	25600	25604	25608	25612
					25616	25620	25624	25628	25632	25636	25640	25644	25648	25652	25656	25660	25664	25668	25672	25676	25680	25684	25688
					25692	25696	25700	25704	25708	25712	25716	25720	25724	25728	25732	25736	25740	25744	25748	25752	25756	25760	25764
					25768	25772	25776	25780	25784	25788	25792	25796	25800	25804	25808	25812	25816	25820	25824	25828	25832	25836	25840
					25844	25848	25852	25856	25860	25864	25868	25872	25876	25880	25884	25888	25892	25896	25900	25904	25908	25912	25916
					25920	25924	25928	25932	25936	25940	25944	25948	25952	25956	25960	25964	25968	25972	25976	25980	25984	25988	25992
					25996	26000	26004	26008	26012	26016	26020	26024	26028	26032	26036	26040	26044	26048	26052	26056	26060	26064	26068
					26072	26076	26080	26084	26088	26092	26096	26100	26104	26108	26112	26116	26120	26124	26128	26132	26136	26140	26144
					26148	26152	26156	26160	26164	26168	26172	26176	26180	26184	26188	26192	26196	26200	26204	26208	26212	26216	26220
					26224	26228	26232	26236	26240	26244	26248	26252	26256	26260	26264	26268	26272	26276	26280	26284	26288	26292	26296
					26300	26304	26308	26312	26316	26320	26324	26328	26332	26336	26340	26344	26348	26352	26356	26360	26364	26368	26372
					26376	26380	26384	26388	26392	26396	26400	26404	26408	26412	26416	26420	26424	26428	26432	26436	26440	26444	26448
					26452	26456	26460	26464	26468	26472	26476	26480	26484	26488	26492	26496	26500	26504	26508	26512	26516	26520	26524
					26528	26532	26536	26540	26544	26548	26552	26556	26560	26564	26568	26572	26576	26580	26584	26588	26592	26596	26600
					26604	26608	26612	26616	26620	26624	26628	26632	26636	26640	26644	26648	26652	26656	26660	26664	26668	26672	26676
					26680	26684	26688	26692	26696	26700	26704	26708	26712	26716	26720	26724	26728	26732	26736	26740	26744	26748	26752
					26756	26760	26764	26768	26772	26776	26780	26784	26788	26792	26796	26800	26804	26808	26812	26816	26820	26824	26828
					26832	26836	26840	26844	26848	26852	26856	26860	26864	26868	26872	26876	26880	26884	26888	26892	26896	26900	26904
					26908	26912	26916	26920	26924	26928	26932	26936	26940	26944	26948	26952	26956	26960	26964	26968	26972	26976	26980
					26984	26988	26992	26996	27000	27004	27008	27012	27016	27020	27024	27028	27032	27036	27040	27044	27048	27052	27056
					27060	27064	27068	27072	27076	27080	27084	27088	27092	27096	27100	27104	27108	27112	27116	27120	27124	27128	27132
					27136	27140	27144	27148	27152	27156	27160	27164	27168	27172	27176	27180	27184	27188	27192	27196	27200	27204	27208
					27212	27216	27220	27224	27228	27232	27236	27240	27244	27248	27252	27256	27260	27264	27268	27272	27276	27280	27284
					27288	27292	27296	27300	27304	27308	27312	27316	27320	27324	27328	27332	27336	27340	27344	27348	27352	27356	27360
					27364	27368	27372	27376	27380	27384	27388	27392	27396	27400	27404	27408	27412	27416	27420	27424	27428	27432	27436
					27440	27444	27448	27452	27456	27460	27464	27468	27472	27476	27480	27484	27488	27492	27496	27500	27504	27508	27512
					27516	27520	27524	27528	27532	27536	27540	27544	27548	27552	27556	27560	27564	27568	27572	27576	27580	27584	27588
					27592	27596	27600	27604	27608	27612	27616	27620	27624	27628	27632	27636	27640	27644	27648	27652	27656	27660	27664
					27668	27672	27676	27680	27684	27688	27692	27696	27700	27704	27708	27712	27716	27720	27724	27728	27732	27736	27740
					27744	27748	27752	27756	27760	27764	27768	27772	27776	27780	27784	27788	27792	27796	27800	27804	27808	27812	27816
					27820	27824	27828	27832	27836	27840	27844	27848	27852	27856	27860	27864	27868	27872	27876	27880	27884	27888	27892
					27896	27900	27904	27908	27912	27916	27920	27924	27928	27932	27936	27940	27944	27948	27952	27956	27960	27964	27968
					27972	27976	27980	27984	27988	27992	27996	28000	28004	28008	28012	28016	28020	28024	28028	28032	28036	28040	28044
					28048	28052	28056	28060	28064	28068	28072	28076	28080	28084	28088	28092	28096	28100	28104	28108	28112	28116	28120
					28124	28128	28132	28136	28140	28144	28148	28152	28156	28160	28164	28168	28172	28176	28180	28184	28188	28192	28196
					28200	28204	28208	28212	28216	28220	28224	28228	28232	28236	28240	28244	28248	28252	28256	28260	28264	28268	28272
					28276	28280	28284	28288	28292	28296	28300	28304	28308	28312	28316	28320	28324	28328	28332	28336	28340	28344	28348
					28352	28356	28360	28364	28368	28372	28376	28380	28384	28388	28392	28396	28400	28404	28408	28412	28416	28420	28424
					28428	28432	28436	28440	28444	28448	28452	28456	28460	28464	28468	28472	28476	28480	28484	28488	28492	28496	28500
					28504	28508	28512	28516	28520	28524	28528	28532	28536	28540	28544	28548	28552	28556	28560	28564	28568	28572	28576
					28580	28584	28588	28592	28596	28600	28604	28608	28612	28616	28620	28624	28628	28632	28636	28640	28644	28648	28652
					28656	28660	28664	28668	28672	28676	28680	28684	28688	28692	28696	28700	28704	28708	28712	28716	28720	28724	28728
					28732	28736	28740	28744	28748	28752	28756	28760	28764	28768	28772	28776	28780	28784	28788	28792	28796	28800	28804
					28808	28812	28816	28820	28824	28828	28832	28836	28840	28844	28848	28852	28856	28860	28864	28868	28872	28876	28880
					28884	28888	28892	28896	28900	28904	28908	28912	28916	28920	28924	28928	28932	28936	28940	28944	28948	28952	28956
					28960	28964	28968	28972	28976	28980	28984	28988	28992	28996	29000	29004	29008	29012	29016	29020	29024	29028	29032
					29036	29040	29044	29048	29052	29056	29060	29064	29068	29072	29076	29080	29084	29088	29092	29096	29100	29104	29108
					29112	29116	29120	29124	29128	29132	29136	29140	29144	29148	29152	29156	29160	29164	29168	29172	29176	29180	29184
					29188	29192	29196	29200	29204	29208	29212	29216	29220	29224	29228	29232	29236	29240	29244	29248	29252	29256	29260
					29264	29268	29272	29276	29280	29284	29288	29292	29296	29300	29304	29308	29312	29316	29320	29324	29328	29332	29336
					29340	29344	29348	29352	29356	29360	29364	29368	29372	29376	29380	29384	29388	29392	29396	29400	29404	29408	29412
					29416	29420	29424	29428	29432	29436	29440	29444	29448	29452	29456	29460	29464	29468	29472	29476	29480	29484	29488
					29492	29496	29500	29504	29508	29512	29516	29520	29524	29528	29532	29536	29540	29544	29548	29552	29556	29560	29564
					29568	29572	29576	29580	29584	29588	29592	29596	29600	29604	29608	29612	29616	29620	29624	29628	29632	29636	29640
					29644	29648	29652	29656	29660	29664	29668	29672	29676	29680	29684	29688	29692	29696	29700	29704	29708	29712	29716
					29720	29724	29728	29732	29736	29740	29744	29748	29752	29756	29760	29764	29768	29772	29776	29780	29784	29788	29792
					29796	29800	29804	29808	29812	29816	29820	29824	29828	29832	29836	29840	29844	29848	29852	29856	29860	29864	29868
					29872	29876	29880	29884	29888	29892	29896	29900	29904	29908	29912	29916	29920	29924	29928	29932	29936	29940	29944
					29948	29952	29956	29960	29964	29968	29972	29976	29980	29984	29988	29992	29996	30000	30004	30008	30012	30016	30020
					30024	30028	30032	30036	30040	30044	30048	30052	30056	30060	30064	30068	30072	30076	30080	30084	30088	30092	30096
					30100	30104	30108	30112	30116	30120	30124	30128	30132	30136	30140	30144	30148	30152	30156	30160	30164	30168	30172
					30176	30180	30184	30188	30192	30196	30200	30204	30208	30212	30216	30220	30224	30228	30232	30236	30240	30244	30248
					30252	30256	30260	30264	30268	30272	30276	30280	30284	30288	30292	30296	30300	30304	30308	30312	30316	30320	30324
					30328	30332	30336	30340	30344	30348	30352	30356	30360	30364	30368	30372	30376	30380	30384	30388	30392	30396	30400
					30404	30408	30412	30416	30420	30424	30428	30432	30436	30440	30444	30448	30452	30456	30460	30464	30468	30472	30476
					30480	30484	30488	30492	30496	30500	30504	30508	30512	30516	30520	30524	30528	30532	30536	30540	30544	30548	30552
					30556	30560	30564	30568	30572	30576	30580	30584	30588	30592	30596	30600	30604	30608	30612	30616	30620	30624	30628
					30632	30636	30640	30644	30648	30652	30656	30660	30664	30668	30672	30676	30680	30684	30688	30692	30696	30700	30704
					30708	30712	30716	30720	30724	30728	30732	30736	30740	30744	30748	30752	30756	30760	30764	30768	30772	30776	30780
					30784	30788	30792	30796	30800	30804	30808	30812	30816	30820	30824	30828	30832	30836	30840	30844	30848	30852	30856
					30860	30864	30868	30872	30876	30880	30884	30888	30892	30896	30900	30904	30908	30912	30916	30920	30924	30928	30932
					30936	30940	30944	30948	30952	30956	30960	30964	30968	30972	30976	30980	30984	30988	30992	30996	31000	31004	31008
					31012	31016	31020	31024	31028	31032	31036	31040	31044	31048	31052	31056	31060	31064	31068	31072	31076	31080	31084
					31088	31092	31096	31100	31104	31108	31112	31116	31120	31124	31128	31132	31136	31140	31144	31148	31152	31156	31160
					31164	31168	31172	31176	31180	31184	31188	31192	31196	31200	31204	31208	31212	31216	31220	31224	31228	31232	31236
					31240	31244	31248	31252	31256	31260	31264	31268	31272	31276	31280	31284	
				</DataArray>
				<DataArray type="UInt8" Name="types" NumberOfComponents="1" format="ascii">
					9	9	9	9	9	9	9	9	9	9	9	9	9	9	9	9	9	9	9
					9	9	9	9	9	9	9	9	9	9	9	9	9	9	9	9	9	9	9
					9	9	9	9	9	9	9	9	9	9	9	9	9	9	9	9	9	9	9
					9	9	9	9	9	9	9	9	9	9	9	9	9	9	9	9	9	9	9
					9	9	9	9	9	9	9	9	9	9	9	9	9	9	9	9	9	9	9
					9	9	9	9	9	9	9	9	9	9	9	9	9	9	9	9	9	9	9
					9	9	9	9	9	9	9	9	9	9	9	9	9	9	9	9	9	9	9
					9	9	9	9	9	9	9	9	9	9	9	9	9	9	9	9	9	9	9
					9	9	9	9	9	9	9	9	9	9	9	9	9	9	9	9	9	9	9
					9	9	9	9	9	9	9	9	9	9	9	9	9	9	9	9	9	9	9
					9	9	9	9	9	9	9	9	9	9	9	9	9	9	9	9	9	9	9
					9	9	9	9	9	9	9	9	9	9	9	9	9	9	9	9	9	9	9
					9	9	9	9	9	9	9	9	9	9	9	9	9	9	9	9	9	9	9
					9	9	9	9	9	9	9	9	9	9	9	9	9	9	9	9	9	9	9
					9	9	9	9	9	9	9	9	9	9	9	9	9	9	9	9	9	9	9
					9	9	9	9	9	9	9	9	9	9	9	9	9	9	9	9	9	9	9
					9	9	9	9	9	9	9	9	9	9	9	9	9	9	9	9	9	9	9
					9	9	9	9	9	9	9	9	9	9	9	9	9	9	9	9	9	9	9
					9	9	9	9	9	9	9	9	9	9	9	9	9	9	9	9	9	9	9
					9	9	9	9	9	9	9	9	9	9	9	9	9	9	9	9	9	9	9
					9	9	9	9	9	9	9	9	9	9	9	9	9	9	9	9	9	9	9
					9	9	9	9	9	9	9	9	9	9	9	9	9	9	9	9	9	9	9
					9	9	9	9	9	9	9	9	9	9	9	9	9	9	9	9	9	9	9
					9	9	9	9	9	9	9	9	9	9	9	9	9	9	9	9	9	9	9
					9	9	9	9	9	9	9	9	9	9	9	9	9	9	9	9	9	9	9
					9	9	9	9	9	9	9	9	9	9	9	9	9	9	9	9	9	9	9
					9	9	9	9	9	9	9	9	9	9	9	9	9	9	9	9	9	9	9
					9	9	9	9	9	9	9	9	9	9	9	9	9	9	9	9	9	9	9
					9	9	9	9	9	9	9	9	9	9	9	9	9	9	9	9	9	9	9
					9	9	9	9	9	9	9	9	9	9	9	9	9	9	9	9	9	9	9
					9	9	9	9	9	9	9	9	9	9	9	9	9	9	9	9	9	9	9
					9	9	9	9	9	9	9	9	9	9	9	9	9	9	9	9	9	9	9
					9	9	9	9	9	9	9	9	9	9	9	9	9	9	9	9	9	9	9
					9	9	9	9	9	9	9	9	9	9	9	9	9	9	9	9	9	9	9
					9	9	9	9	9	9	9	9	9	9	9	9	9	9	9	9	9	9	9
					9	9	9	9	9	9	9	9	9	9	9	9	9	9	9	9	9	9	9
					9	9	9	9	9	9	9	9	9	9	9	9	9	9	9	9	9	9	9
					9	9	9	9	9	9	9	9	9	9	9	9	9	9	9	9	9	9	9
					9	9	9	9	9	9	9	9	9	9	9	9	9	9	9	9	9	9	9
					9	9	9	9	9	9	9	9	9	9	9	9	9	9	9	9	9	9	9
					9	9	9	9	9	9	9	9	9	9	9	9	9	9	9	9	9	9	9
					9	9	9	9	9	9	9	9	9	9	9	9	9	9	9	9	9	9	9
					9	9	9	9	9	9	9	9	9	9	9	9	9	9	9	9	9	9	9
					9	9	9	9	9	9	9	9	9	9	9	9	9	9	9	9	9	9	9
					9	9	9	9	9	9	9	9	9	9	9	9	9	9	9	9	9	9	9
					9	9	9	9	9	9	9	9	9	9	9	9	9	9	9	9	9	9	9
					9	9	9	9	9	9	9	9	9	9	9	9	9	9	9	9	9	9	9
					9	9	9	9	9	9	9	9	9	9	9	9	9	9	9	9	9	9	9
					9	9	9	9	9	9	9	9	9	9	9	9	9	9	9	9	9	9	9
					9	9	9	9	9	9	9	9	9	9	9	9	9	9	9	9	9	9	9
					9	9	9	9	9	9	9	9	9	9	9	9	9	9	9	9	9	9	9
					9	9	9	9	9	9	9	9	9	9	9	9	9	9	9	9	9	9	9
					9	9	9	9	9	9	9	9	9	9	9	9	9	9	9	9	9	9	9
					9	9	9	9	9	9	9	9	9	9	9	9	9	9	9	9	9	9	9
					9	9	9	9	9	9	9	9	9	9	9	9	9	9	9	9	9	9	9
					9	9	9	9	9	9	9	9	9	9	9	9	9	9	9	9	9	9	9
					9	9	9	9	9	9	9	9	9	9	9	9	9	9	9	9	9	9	9
					9	9	9	9	9	9	9	9	9	9	9	9	9	9	9	9	9	9	9
					9	9	9	9	9	9	9	9	9	9	9	9	9	9	9	9	9	9	9
					9	9	9	9	9	9	9	9	9	9	9	9	9	9	9	9	9	9	9
					9	9	9	9	9	9	9	9	9	9	9	9	9	9	9	9	9	9	9
					9	9	9	9	9	9	9	9	9	9	9	9	9	9	9	9	9	9	9
					9	9	9	9	9	9	9	9	9	9	9	9	9	9	9	9	9	9	9
					9	9	9	9	9	9	9	9	9	9	9	9	9	9	9	9	9	9	9
					9	9	9	9	9	9	9	9	9	9	9	9	9	9	9	9	9	9	9
					9	9	9	9	9	9	9	9	9	9	9	9	9	9	9	9	9	9	9
					9	9	9	9	9	9	9	9	9	9	9	9	9	9	9	9	9	9	9
					9	9	9	9	9	9	9	9	9	9	9	9	9	9	9	9	9	9	9
					9	9	9	9	9	9	9	9	9	9	9	9	9	9	9	9	9	9	9
					9	9	9	9	9	9	9	9	9	9	9	9	9	9	9	9	9	9	9
					9	9	9	9	9	9	9	9	9	9	9	9	9	9	9	9	9	9	9
					9	9	9	9	9	9	9	9	9	9	9	9	9	9	9	9	9	9	9
					9	9	9	9	9	9	9	9	9	9	9	9	9	9	9	9	9	9	9
					9	9	9	9	9	9	9	9	9	9	9	9	9	9	9	9	9	9	9
					9	9	9	9	9	9	9	9	9	9	9	9	9	9	9	9	9	9	9
					9	9	9	9	9	9	9	9	9	9	9	9	9	9	9	9	9	9	9
					9	9	9	9	9	9	9	9	9	9	9	9	9	9	9	9	9	9	9
					9	9	9	9	9	9	9	9	9	9	9	9	9	9	9	9	9	9	9
					9	9	9	9	9	9	9	9	9	9	9	9	9	9	9	9	9	9	9
					9	9	9	9	9	9	9	9	9	9	9	9	9	9	9	9	9	9	9
					9	9	9	9	9	9	9	9	9	9	9	9	9	9	9	9	9	9	9
					9	9	9	9	9	9	9	9	9	9	9	9	9	9	9	9	9	9	9
					9	9	9	9	9	9	9	9	9	9	9	9	9	9	9	9	9	9	9
					9	9	9	9	9	9	9	9	9	9	9	9	9	9	9	9	9	9	9
					9	9	9	9	9	9	9	9	9	9	9	9	9	9	9	9	9	9	9
					9	9	9	9	9	9	9	9	9	9	9	9	9	9	9	9	9	9	9
					9	9	9	9	9	9	9	9	9	9	9	9	9	9	9	9	9	9	9
					9	9	9	9	9	9	9	9	9	9	9	9	9	9	9	9	9	9	9
					9	9	9	9	9	9	9	9	9	9	9	9	9	9	9	9	9	9	9
					9	9	9	9	9	9	9	9	9	9	9	9	9	9	9	9	9	9	9
					9	9	9	9	9	9	9	9	9	9	9	9	9	9	9	9	9	9	9
					9	9	9	9	9	9	9	9	9	9	9	9	9	9	9	9	9	9	9
					9	9	9	9	9	9	9	9	9	9	9	9	9	9	9	9	9	9	9
					9	9	9	9	9	9	9	9	9	9	9	9	9	9	9	9	9	9	9
					9	9	9	9	9	9	9	9	9	9	9	9	9	9	9	9	9	9	9
					9	9	9	9	9	9	9	9	9	9	9	9	9	9	9	9	9	9	9
					9	9	9	9	9	9	9	9	9	9	9	9	9	9	9	9	9	9	9
					9	9	9	9	9	9	9	9	9	9	9	9	9	9	9	9	9	9	9
					9	9	9	9	9	9	9	9	9	9	9	9	9	9	9	9	9	9	9
					9	9	9	9	9	9	9	9	9	9	9	9	9	9	9	9	9	9	9
					9	9	9	9	9	9	9	9	9	9	9	9	9	9	9	9	9	9	9
					9	9	9	9	9	9	9	9	9	9	9	9	9	9	9	9	9	9	9
					9	9	9	9	9	9	9	9	9	9	9	9	9	9	9	9	9	9	9
					9	9	9	9	9	9	9	9	9	9	9	9	9	9	9	9	9	9	9
					9	9	9	9	9	9	9	9	9	9	9	9	9	9	9	9	9	9	9
					9	9	9	9	9	9	9	9	9	9	9	9	9	9	9	9	9	9	9
					9	9	9	9	9	9	9	9	9	9	9	9	9	9	9	9	9	9	9
					9	9	9	9	9	9	9	9	9	9	9	9	9	9	9	9	9	9	9
					9	9	9	9	9	9	9	9	9	9	9	9	9	9	9	9	9	9	9
					9	9	9	9	9	9	9	9	9	9	9	9	9	9	9	9	9	9	9
					9	9	9	9	9	9	9	9	9	9	9	9	9	9	9	9	9	9	9
					9	9	9	9	9	9	9	9	9	9	9	9	9	9	9	9	9	9	9
					9	9	9	9	9	9	9	9	9	9	9	9	9	9	9	9	9	9	9
					9	9	9	9	9	9	9	9	9	9	9	9	9	9	9	9	9	9	9
					9	9	9	9	9	9	9	9	9	9	9	9	9	9	9	9	9	9	9
					9	9	9	9	9	9	9	9	9	9	9	9	9	9	9	9	9	9	9
					9	9	9	9	9	9	9	9	9	9	9	9	9	9	9	9	9	9	9
					9	9	9	9	9	9	9	9	9	9	9	9	9	9	9	9	9	9	9
					9	9	9	9	9	9	9	9	9	9	9	9	9	9	9	9	9	9	9
					9	9	9	9	9	9	9	9	9	9	9	9	9	9	9	9	9	9	9
					9	9	9	9	9	9	9	9	9	9	9	9	9	9	9	9	9	9	9
					9	9	9	9	9	9	9	9	9	9	9	9	9	9	9	9	9	9	9
					9	9	9	9	9	9	9	9	9	9	9	9	9	9	9	9	9	9	9
					9	9	9	9	9	9	9	9	9	9	9	9	9	9	9	9	9	9	9
					9	9	9	9	9	9	9	9	9	9	9	9	9	9	9	9	9	9	9
					9	9	9	9	9	9	9	9	9	9	9	9	9	9	9	9	9	9	9
					9	9	9	9	9	9	9	9	9	9	9	9	9	9	9	9	9	9	9
					9	9	9	9	9	9	9	9	9	9	9	9	9	9	9	9	9	9	9
					9	9	9	9	9	9	9	9	9	9	9	9	9	9	9	9	9	9	9
					9	9	9	9	9	9	9	9	9	9	9	9	9	9	9	9	9	9	9
					9	9	9	9	9	9	9	9	9	9	9	9	9	9	9	9	9	9	9
					9	9	9	9	9	9	9	9	9	9	9	9	9	9	9	9	9	9	9
					9	9	9	9	9	9	9	9	9	9	9	9	9	9	9	9	9	9	9
					9	9	9	9	9	9	9	9	9	9	9	9	9	9	9	9	9	9	9
					9	9	9	9	9	9	9	9	9	9	9	9	9	9	9	9	9	9	9
					9	9	9	9	9	9	9	9	9	9	9	9	9	9	9	9	9	9	9
					9	9	9	9	9	9	9	9	9	9	9	9	9	9	9	9	9	9	9
					9	9	9	9	9	9	9	9	9	9	9	9	9	9	9	9	9	9	9
					9	9	9	9	9	9	9	9	9	9	9	9	9	9	9	9	9	9	9
					9	9	9	9	9	9	9	9	9	9	9	9	9	9	9	9	9	9	9
					9	9	9	9	9	9	9	9	9	9	9	9	9	9	9	9	9	9	9
					9	9	9	9	9	9	9	9	9	9	9	9	9	9	9	9	9	9	9
					9	9	9	9	9	9	9	9	9	9	9	9	9	9	9	9	9	9	9
					9	9	9	9	9	9	9	9	9	9	9	9	9	9	9	9	9	9	9
					9	9	9	9	9	9	9	9	9	9	9	9	9	9	9	9	9	9	9
					9	9	9	9	9	9	9	9	9	9	9	9	9	9	9	9	9	9	9
					9	9	9	9	9	9	9	9	9	9	9	9	9	9	9	9	9	9	9
					9	9	9	9	9	9	9	9	9	9	9	9	9	9	9	9	9	9	9
					9	9	9	9	9	9	9	9	9	9	9	9	9	9	9	9	9	9	9
					9	9	9	9	9	9	9	9	9	9	9	9	9	9	9	9	9	9	9
					9	9	9	9	9	9	9	9	9	9	9	9	9	9	9	9	9	9	9
					9	9	9	9	9	9	9	9	9	9	9	9	9	9	9	9	9	9	9
					9	9	9	9	9	9	9	9	9	9	9	9	9	9	9	9	9	9	9
					9	9	9	9	9	9	9	9	9	9	9	9	9	9	9	9	9	9	9
					9	9	9	9	9	9	9	9	9	9	9	9	9	9	9	9	9	9	9
					9	9	9	9	9	9	9	9	9	9	9	9	9	9	9	9	9	9	9
					9	9	9	9	9	9	9	9	9	9	9	9	9	9	9	9	9	9	9
					9	9	9	9	9	9	9	9	9	9	9	9	9	9	9	9	9	9	9
					9	9	9	9	9	9	9	9	9	9	9	9	9	9	9	9	9	9	9
					9	9	9	9	9	9	9	9	9	9	9	9	9	9	9	9	9	9	9
					9	9	9	9	9	9	9	9	9	9	9	9	9	9	9	9	9	9	9
					9	9	9	9	9	9	9	9	9	9	9	9	9	9	9	9	9	9	9
					9	9	9	9	9	9	9	9	9	9	9	9	9	9	9	9	9	9	9
					9	9	9	9	9	9	9	9	9	9	9	9	9	9	9	9	9	9	9
					9	9	9	9	9	9	9	9	9	9	9	9	9	9	9	9	9	9	9
					9	9	9	9	9	9	9	9	9	9	9	9	9	9	9	9	9	9	9
					9	9	9	9	9	9	9	9	9	9	9	9	9	9	9	9	9	9	9
					9	9	9	9	9	9	9	9	9	9	9	9	9	9	9	9	9	9	9
					9	9	9	9	9	9	9	9	9	9	9	9	9	9	9	9	9	9	9
					9	9	9	9	9	9	9	9	9	9	9	9	9	9	9	9	9	9	9
					9	9	9	9	9	9	9	9	9	9	9	9	9	9	9	9	9	9	9
					9	9	9	9	9	9	9	9	9	9	9	9	9	9	9	9	9	9	9
					9	9	9	9	9	9	9	9	9	9	9	9	9	9	9	9	9	9	9
					9	9	9	9	9	9	9	9	9	9	9	9	9	9	9	9	9	9	9
					9	9	9	9	9	9	9	9	9	9	9	9	9	9	9	9	9	9	9
					9	9	9	9	9	9	9	9	9	9	9	9	9	9	9	9	9	9	9
					9	9	9	9	9	9	9	9	9	9	9	9	9	9	9	9	9	9	9
					9	9	9	9	9	9	9	9	9	9	9	9	9	9	9	9	9	9	9
					9	9	9	9	9	9	9	9	9	9	9	9	9	9	9	9	9	9	9
					9	9	9	9	9	9	9	9	9	9	9	9	9	9	9	9	9	9	9
					9	9	9	9	9	9	9	9	9	9	9	9	9	9	9	9	9	9	9
					9	9	9	9	9	9	9	9	9	9	9	9	9	9	9	9	9	9	9
					9	9	9	9	9	9	9	9	9	9	9	9	9	9	9	9	9	9	9
					9	9	9	9	9	9	9	9	9	9	9	9	9	9	9	9	9	9	9
					9	9	9	9	9	9	9	9	9	9	9	9	9	9	9	9	9	9	9
					9	9	9	9	9	9	9	9	9	9	9	9	9	9	9	9	9	9	9
					9	9	9	9	9	9	9	9	9	9	9	9	9	9	9	9	9	9	9
					9	9	9	9	9	9	9	9	9	9	9	9	9	9	9	9	9	9	9
					9	9	9	9	9	9	9	9	9	9	9	9	9	9	9	9	9	9	9
					9	9	9	9	9	9	9	9	9	9	9	9	9	9	9	9	9	9	9
					9	9	9	9	9	9	9	9	9	9	9	9	9	9	9	9	9	9	9
					9	9	9	9	9	9	9	9	9	9	9	9	9	9	9	9	9	9	9
					9	9	9	9	9	9	9	9	9	9	9	9	9	9	9	9	9	9	9
					9	9	9	9	9	9	9	9	9	9	9	9	9	9	9	9	9	9	9
					9	9	9	9	9	9	9	9	9	9	9	9	9	9	9	9	9	9	9
					9	9	9	9	9	9	9	9	9	9	9	9	9	9	9	9	9	9	9
					9	9	9	9	9	9	9	9	9	9	9	9	9	9	9	9	9	9	9
					9	9	9	9	9	9	9	9	9	9	9	9	9	9	9	9	9	9	9
					9	9	9	9	9	9	9	9	9	9	9	9	9	9	9	9	9	9	9
					9	9	9	9	9	9	9	9	9	9	9	9	9	9	9	9	9	9	9
					9	9	9	9	9	9	9	9	9	9	9	9	9	9	9	9	9	9	9
					9	9	9	9	9	9	9	9	9	9	9	9	9	9	9	9	9	9	9
					9	9	9	9	9	9	9	9	9	9	9	9	9	9	9	9	9	9	9
					9	9	9	9	9	9	9	9	9	9	9	9	9	9	9	9	9	9	9
					9	9	9	9	9	9	9	9	9	9	9	9	9	9	9	9	9	9	9
					9	9	9	9	9	9	9	9	9	9	9	9	9	9	9	9	9	9	9
					9	9	9	9	9	9	9	9	9	9	9	9	9	9	9	9	9	9	9
					9	9	9	9	9	9	9	9	9	9	9	9	9	9	9	9	9	9	9
					9	9	9	9	9	9	9	9	9	9	9	9	9	9	9	9	9	9	9
					9	9	9	9	9	9	9	9	9	9	9	9	9	9	9	9	9	9	9
					9	9	9	9	9	9	9	9	9	9	9	9	9	9	9	9	9	9	9
					9	9	9	9	9	9	9	9	9	9	9	9	9	9	9	9	9	9	9
					9	9	9	9	9	9	9	9	9	9	9	9	9	9	9	9	9	9	9
					9	9	9	9	9	9	9	9	9	9	9	9	9	9	9	9	9	9	9
					9	9	9	9	9	9	9	9	9	9	9	9	9	9	9	9	9	9	9
					9	9	9	9	9	9	9	9	9	9	9	9	9	9	9	9	9	9	9
					9	9	9	9	9	9	9	9	9	9	9	9	9	9	9	9	9	9	9
					9	9	9	9	9	9	9	9	9	9	9	9	9	9	9	9	9	9	9
					9	9	9	9	9	9	9	9	9	9	9	9	9	9	9	9	9	9	9
					9	9	9	9	9	9	9	9	9	9	9	9	9	9	9	9	9	9	9
					9	9	9	9	9	9	9	9	9	9	9	9	9	9	9	9	9	9	9
					9	9	9	9	9	9	9	9	9	9	9	9	9	9	9	9	9	9	9
					9	9	9	9	9	9	9	9	9	9	9	9	9	9	9	9	9	9	9
					9	9	9	9	9	9	9	9	9	9	9	9	9	9	9	9	9	9	9
					9	9	9	9	9	9	9	9	9	9	9	9	9	9	9	9	9	9	9
					9	9	9	9	9	9	9	9	9	9	9	9	9	9	9	9	9	9	9
					9	9	9	9	9	9	9	9	9	9	9	9	9	9	9	9	9	9	9
					9	9	9	9	9	9	9	9	9	9	9	9	9	9	9	9	9	9	9
					9	9	9	9	9	9	9	9	9	9	9	9	9	9	9	9	9	9	9
					9	9	9	9	9	9	9	9	9	9	9	9	9	9	9	9	9	9	9
					9	9	9	9	9	9	9	9	9	9	9	9	9	9	9	9	9	9	9
					9	9	9	9	9	9	9	9	9	9	9	9	9	9	9	9	9	9	9
					9	9	9	9	9	9	9	9	9	9	9	9	9	9	9	9	9	9	9
					9	9	9	9	9	9	9	9	9	9	9	9	9	9	9	9	9	9	9
					9	9	9	9	9	9	9	9	9	9	9	9	9	9	9	9	9	9	9
					9	9	9	9	9	9	9	9	9	9	9	9	9	9	9	9	9	9	9
					9	9	9	9	9	9	9	9	9	9	9	9	9	9	9	9	9	9	9
					9	9	9	9	9	9	9	9	9	9	9	9	9	9	9	9	9	9	9
					9	9	9	9	9	9	9	9	9	9	9	9	9	9	9	9	9	9	9
					9	9	9	9	9	9	9	9	9	9	9	9	9	9	9	9	9	9	9
					9	9	9	9	9	9	9	9	9	9	9	9	9	9	9	9	9	9	9
					9	9	9	9	9	9	9	9	9	9	9	9	9	9	9	9	9	9	9
					9	9	9	9	9	9	9	9	9	9	9	9	9	9	9	9	9	9	9
					9	9	9	9	9	9	9	9	9	9	9	9	9	9	9	9	9	9	9
					9	9	9	9	9	9	9	9	9	9	9	9	9	9	9	9	9	9	9
					9	9	9	9	9	9	9	9	9	9	9	9	9	9	9	9	9	9	9
					9	9	9	9	9	9	9	9	9	9	9	9	9	9	9	9	9	9	9
					9	9	9	9	9	9	9	9	9	9	9	9	9	9	9	9	9	9	9
					9	9	9	9	9	9	9	9	9	9	9	9	9	9	9	9	9	9	9
					9	9	9	9	9	9	9	9	9	9	9	9	9	9	9	9	9	9	9
					9	9	9	9	9	9	9	9	9	9	9	9	9	9	9	9	9	9	9
					9	9	9	9	9	9	9	9	9	9	9	9	9	9	9	9	9	9	9
					9	9	9	9	9	9	9	9	9	9	9	9	9	9	9	9	9	9	9
					9	9	9	9	9	9	9	9	9	9	9	9	9	9	9	9	9	9	9
					9	9	9	9	9	9	9	9	9	9	9	9	9	9	9	9	9	9	9
					9	9	9	9	9	9	9	9	9	9	9	9	9	9	9	9	9	9	9
					9	9	9	9	9	9	9	9	9	9	9	9	9	9	9	9	9	9	9
					9	9	9	9	9	9	9	9	9	9	9	9	9	9	9	9	9	9	9
					9	9	9	9	9	9	9	9	9	9	9	9	9	9	9	9	9	9	9
					9	9	9	9	9	9	9	9	9	9	9	9	9	9	9	9	9	9	9
					9	9	9	9	9	9	9	9	9	9	9	9	9	9	9	9	9	9	9
					9	9	9	9	9	9	9	9	9	9	9	9	9	9	9	9	9	9	9
					9	9	9	9	9	9	9	9	9	9	9	9	9	9	9	9	9	9	9
					9	9	9	9	9	9	9	9	9	9	9	9	9	9	9	9	9	9	9
					9	9	9	9	9	9	9	9	9	9	9	9	9	9	9	9	9	9	9
					9	9	9	9	9	9	9	9	9	9	9	9	9	9	9	9	9	9	9
					9	9	9	9	9	9	9	9	9	9	9	9	9	9	9	9	9	9	9
					9	9	9	9	9	9	9	9	9	9	9	9	9	9	9	9	9	9	9
					9	9	9	9	9	9	9	9	9	9	9	9	9	9	9	9	9	9	9
					9	9	9	9	9	9	9	9	9	9	9	9	9	9	9	9	9	9	9
					9	9	9	9	9	9	9	9	9	9	9	9	9	9	9	9	9	9	9
					9	9	9	9	9	9	9	9	9	9	9	9	9	9	9	9	9	9	9
					9	9	9	9	9	9	9	9	9	9	9	9	9	9	9	9	9	9	9
					9	9	9	9	9	9	9	9	9	9	9	9	9	9	9	9	9	9	9
					9	9	9	9	9	9	9	9	9	9	9	9	9	9	9	9	9	9	9
					9	9	9	9	9	9	9	9	9	9	9	9	9	9	9	9	9	9	9
					9	9	9	9	9	9	9	9	9	9	9	9	9	9	9	9	9	9	9
					9	9	9	9	9	9	9	9	9	9	9	9	9	9	9	9	9	9	9
					9	9	9	9	9	9	9	9	9	9	9	9	9	9	9	9	9	9	9
					9	9	9	9	9	9	9	9	9	9	9	9	9	9	9	9	9	9	9
					9	9	9	9	9	9	9	9	9	9	9	9	9	9	9	9	9	9	9
					9	9	9	9	9	9	9	9	9	9	9	9	9	9	9	9	9	9	9
					9	9	9	9	9	9	9	9	9	9	9	9	9	9	9	9	9	9	9
					9	9	9	9	9	9	9	9	9	9	9	9	9	9	9	9	9	9	9
					9	9	9	9	9	9	9	9	9	9	9	9	9	9	9	9	9	9	9
					9	9	9	9	9	9	9	9	9	9	9	9	9	9	9	9	9	9	9
					9	9	9	9	9	9	9	9	9	9	9	9	9	9	9	9	9	9	9
					9	9	9	9	9	9	9	9	9	9	9	9	9	9	9	9	9	9	9
					9	9	9	9	9	9	9	9	9	9	9	9	9	9	9	9	9	9	9
					9	9	9	9	9	9	9	9	9	9	9	9	9	9	9	9	9	9	9
					9	9	9	9	9	9	9	9	9	9	9	9	9	9	9	9	9	9	9
					9	9	9	9	9	9	9	9	9	9	9	9	9	9	9	9	9	9	9
					9	9	9	9	9	9	9	9	9	9	9	9	9	9	9	9	9	9	9
					9	9	9	9	9	9	9	9	9	9	9	9	9	9	9	9	9	9	9
					9	9	9	9	9	9	9	9	9	9	9	9	9	9	9	9	9	9	9
					9	9	9	9	9	9	9	9	9	9	9	9	9	9	9	9	9	9	9
					9	9	9	9	9	9	9	9	9	9	9	9	9	9	9	9	9	9	9
					9	9	9	9	9	9	9	9	9	9	9	9	9	9	9	9	9	9	9
					9	9	9	9	9	9	9	9	9	9	9	9	9	9	9	9	9	9	9
					9	9	9	9	9	9	9	9	9	9	9	9	9	9	9	9	9	9	9
					9	9	9	9	9	9	9	9	9	9	9	9	9	9	9	9	9	9	9
					9	9	9	9	9	9	9	9	9	9	9	9	9	9	9	9	9	9	9
					9	9	9	9	9	9	9	9	9	9	9	9	9	9	9	9	9	9	9
					9	9	9	9	9	9	9	9	9	9	9	9	9	9	9	9	9	9	9
					9	9	9	9	9	9	9	9	9	9	9	9	9	9	9	9	9	9	9
					9	9	9	9	9	9	9	9	9	9	9	9	9	9	9	9	9	9	9
					9	9	9	9	9	9	9	9	9	9	9	9	9	9	9	9	9	9	9
					9	9	9	9	9	9	9	9	9	9	9	9	9	9	9	9	9	9	9
					9	9	9	9	9	9	9	9	9	9	9	9	9	9	9	9	9	9	9
					9	9	9	9	9	9	9	9	9	9	9	9	9	9	9	9	9	9	9
					9	9	9	9	9	9	9	9	9	9	9	9	9	9	9	9	9	9	9
					9	9	9	9	9	9	9	9	9	9	9	9	9	9	9	9	9	9	9
					9	9	9	9	9	9	9	9	9	9	9	9	9	9	9	9	9	9	9
					9	9	9	9	9	9	9	9	9	9	9	9	9	9	9	9	9	9	9
					9	9	9	9	9	9	9	9	9	9	9	9	9	9	9	9	9	9	9
					9	9	9	9	9	9	9	9	9	9	9	9	9	9	9	9	9	9	9
					9	9	9	9	9	9	9	9	9	9	9	9	9	9	9	9	9	9	9
					9	9	9	9	9	9	9	9	9	9	9	9	9	9	9	9	9	9	9
					9	9	9	9	9	9	9	9	9	9	9	9	9	9	9	9	9	9	9
					9	9	9	9	9	9	9	9	9	9	9	9	9	9	9	9	9	9	9
					9	9	9	9	9	9	9	9	9	9	9	9	9	9	9	9	9	9	9
					9	9	9	9	9	9	9	9	9	9	9	9	9	9	9	9	9	9	9
					9	9	9	9	9	9	9	9	9	9	9	9	9	9	9	9	9	9	9
					9	9	9	9	9	9	9	9	9	9	9	9	9	9	9	9	9	9	9
					9	9	9	9	9	9	9	9	9	9	9	9	9	9	9	9	9	9	9
					9	9	9	9	9	9	9	9	9	9	9	9	9	9	9	9	9	9	9
					9	9	9	9	9	9	9	9	9	9	9	9	9	9	9	9	9	9	9
					9	9	9	9	9	9	9	9	9	9	9	9	9	9	9	9	9	9	9
					9	9	9	9	9	9	9	9	9	9	9	9	9	9	9	9	9	9	9
					9	9	9	9	9	9	9	9	9	9	9	9	9	9	9	9	9	9	9
					9	9	9	9	9	9	9	9	9	9	9	9	9	9	9	9	9	9	9
					9	9	9	9	9	9	9	9	9	9	9	9	9	9	9	9	9	9	9
					9	9	9	9	9	9	9	9	9	9	9	9	9	9	9	9	9	9	9
					9	9	9	9	9	9	9	9	9	9	9	9	9	9	9	9	9	9	9
					9	9	9	9	9	9	9	9	9	9	9	9	9	9	9	9	9	9	9
					9	9	9	9	9	9	9	9	9	9	9	9	9	9	9	9	9	9	9
					9	9	9	9	9	9	9	9	9	9	9	9	9	9	9	9	9	9	9
					9	9	9	9	9	9	9	9	9	9	9	9	9	9	9	9	9	9	9
					9	9	9	9	9	9	9	9	9	9	9	9	9	9	9	9	9	9	9
					9	9	9	9	9	9	9	9	9	9	9	9	9	9	9	9	9	9	9
					9	9	9	9	9	9	9	9	9	9	9	9	9	9	9	9	9	9	9
					9	9	9	9	9	9	9	9	9	9	9	9	9	9	9	9	9	9	9
					9	9	9	9	9	9	9	9	9	9	9	9	9	9	9	9	9	9	9
					9	9	9	9	9	9	9	9	9	9	9	9	9	9	9	9	9	9	9
					9	9	9	9	9	9	9	9	9	9	9	9	9	9	9	9	9	9	9
					9	9	9	9	9	9	9	9	9	9	9	9	9	9	9	9	9	9	9
					9	9	9	9	9	9	9	9	9	9	9	9	9	9	9	9	9	9	9
					9	9	9	9	9	9	9	9	9	9	9	9	9	9	9	9	9	9	9
					9	9	9	9	9	9	9	9	9	9	9	9	9	9	9	9	9	9	9
					9	9	9	9	9	9	9	9	9	9	9	9	9	9	9	9	9	9	9
					9	9	9	9	9	9	9	9	9	9	9	9	9	9	9	9	9	9	9
					9	9	9	9	9	9	9	9	9	9	9	9	9	9	9	9	9	9	9
					9	9	9	9	9	9	9	9	9	9	9	9	9	9	9	9	9	9	9
					9	9	9	9	9	9	9	9	9	9	9	9	9	9	9	9	9	9	9
					9	9	9	9	9	9	9	9	9	9	9	9	9	9	9	9	9	9	9
					9	9	9	9	9	9	9	9	9	9	9	9	9	9	9	9	9	9	9
					9	9	9	9	9	9	9	9	9	9	9	9	9	9	9	9	9	9	9
					9	9	9	9	9	9	9	9	9	9	9	9	9	9	9	9	9	9	9
					9	9	9	9	9	9	9	9	9	9	9	9	9	9	9	9	9	9	9
					9	9	9	9	9	9	9	9	9	9	9	9	9	9	9	9	9	9	9
					9	9	9	9	9	9	9	9	9	9	9	9	9	9	9	9	9	9	9
					9	9	9	9	9	9	9	9	9	9	9	9	9	9	9	9	9	9	9
					9	9	9	9	9	9	9	9	9	9	9	9	9	9	9	9	9	9	9
					9	9	9	9	9	9	9	9	9	9	9	9	9	9	9	9	9	9	9
					9	9	9	9	9	9	9	9	9	9	9	9	9	9	9	9	9	9	9
					9	9	9	9	9	9	9	9	9	9	9	9	9	9	9	9	9	9	9
					9	9	9	9	9	9	9	9	9	9	9	9	9	9	9	9	9	9	9
					9	9	9	9	9	9	9	9	9	9	9	9	9	9	9	9	9	9	9
					9	9	9	9	9	9	9	9	9	9	9	9	9	9	9	9	9	9	9
					9	9	9	9	9	9	9	9	9	9	9	9	9	9	9	9	9	9	9
					9	9	9	9	9	9	9	9	9	9	9	9	9	9	9	9	9	9	9
					9	9	9	9	9	9	9	9	9	9	9	9	9	9	9	9	9	9	9
					9	9	9	9	9	9	9	9	9	9	9	9	9	9	9	9	9	9	9
					9	9	9	9	9	9	9	9	9	9	9	9	9	9	9	9	9	9	9
					9	9	9	9	9	9	9	9	9	9	9	9	9	9	9	9	9	9	9
					9	9	9	9	9	9	9	9	9	9	9	9	9	9	9	9	9	9	9
					9	9	9	9	9	9	9	9	9	9	9	9	9	9	9	9	9	9	9
					9	9	9	9	9	9	9	9	9	9	9	9	9	9	9	9	9	9	9
					9	9	9	9	9	9	9	9	9	9	9	9	9	9	9	9	9	9	9
					9	9	9	9	9	9	9	9	9	9	9	9	9	9	9	9	9	9	9
					9	9	9	9	9	9	9	9	9	9	9	9	9	9	9	9	9	9	9
					9	9	9	9	9	9	9	9	9	9	9	9	9	9	9	9	9	9	9
					9	9	9	9	9	9	9	9	9	9	9	9	9	9	9	9	9	9	9
					9	9	9	9	9	9	9	9	9	9	9	9	9	9	9	9	9	9	9
					9	9	9	9	9	9	9	9	9	9	9	9	9	9	9	9	9	9	9
					9	9	9	9	9	9	9	9	9	9	9	9	9	9	9	9	9	9	9
					9	9	9	9	9	9	9	9	9	9	9	9	9	9	9	9	9	9	9
					9	9	9	9	9	9	9	9	9	9	9	9	9	9	9	9	9	9	9
					9	9	9	9	9	9	9	9	9	9	9	9	9	9	9	9	9	9	9
					9	9	9	9	9	9	9	9	9	9	9	9	9	9	9	9	9	9	9
					9	9	9	9	9	9	9	9	9	9	9	9	9	9	9	9	9	9	9
					9	9	9	9	9	9	9	9	9	9	9	9	9	9	9	9	9	9	9
					9	9	9	9	9	9	9	9	9	9	9	9	9	9	9	9	9	9	9
					9	9	9	9	9	9	9	9	9	9	9	9	9	9	9	9	9	9	9
					9	9	9	9	9	9	9	9	9	9	9	9	9	9	9	9	9	9	9
					9	9	9	9	9	9	9	9	9	9	9	9	9	9	9	9	9	9	9
					9	9	9	9	9	9	9	9	9	9	9	9	9	9	9	9	9	9	9
					9	9	9	9	9	9	9	9	9	9	9	9	9	9	9	9	9	9	9
					9	9	9	9	9	9	9	9	9	9	9	9	9	9	9	9	9	9	9
					9	9	9	9	9	9	9	9	9	9	9	9	9	9	9	9	9	9	9
					9	9	9	9	9	9	9	9	9	9	9	9	9	9	9	9	9	9	9
					9	9	9	9	9	9	9	9	9	9	9	9	9	9	9	9	9	9	9
					9	9	9	9	9	9	9	9	9	9	9	9	9	9	9	9	9	9	9
					9	9	9	9	9	9	9	9	9	9	9	9	9	9	9	9	9	9	9
					9	9	9	9	9	9	9	9	9	9	9	9	9	9	9	9	9	9	9
					9	9	9	9	9	9	9	9	9	9	9	9	9	9	9	9	9	9	9
					9	9	9	9	9	9	9	9	9	9	9	9	9	9	9	9	9	9	9
					9	9	9	9	9	9	9	9	9	9	9	9	9	9	9	9	9	9	9
					9	9	9	9	9	9	9	9	9	9	9	9	9	9	9	9	9	9	9
					9	9	9	9	9	9	9	9	9	9	9	9	9	9	9	9	9	9	9
					9	9	9	9	9	9	9	9	9	9	9	9	9	9	9	9	9	9	9
					9	9	9	9	9	9	9	9	9	9	9	9	
				</DataArray>
			</Cells>
			<CellData Scalars="region id">
				<DataArray type="Float64" Name="region id" NumberOfComponents="1" format="ascii">
					1	1	1	1	1	1	1	1
					1	1	1	1	1	1	1	1	1
					1	1	1	1	1	1	1	1	1
					1	1	1	1	1	1	1	1	1
					1	1	1	1	1	1	1	1	1
					1	1	1	1	1	1	1	1	1
					1	1	1	1	1	1	1	1	1
					1	1	1	1	1	1	1	1	1
					1	1	1	1	1	1	1	1	1
					1	1	1	1	1	1	1	1	1
					1	1	1	1	1	1	1	1	1
					1	1	1	1	1	1	1	1	1
					1	1	1	1	1	1	1	1	1
					1	1	1	1	1	1	1	1	1
					1	1	1	1	1	1	1	1	1
					1	1	1	1	1	1	1	1	1
					1	1	1	1	1	1	1	1	1
					1	1	1	1	1	1	1	1	1
					1	1	1	1	1	1	1	1	1
					1	1	1	1	1	1	1	1	1
					1	1	1	1	1	1	1	1	1
					1	1	1	1	1	1	1	1	1
					1	1	1	1	1	1	1	1	1
					1	1	1	1	1	1	1	1	1
					1	1	1	1	1	1	1	1	1
					1	1	1	1	1	1	1	1	1
					1	1	1	1	1	1	1	1	1
					1	1	1	1	1	1	1	1	1
					1	1	1	1	1	1	1	1	1
					1	1	1	1	1	1	1	1	1
					1	1	1	1	1	1	1	1	1
					1	1	1	1	1	1	1	1	1
					1	1	1	1	1	1	1	1	1
					1	1	1	1	1	1	1	1	1
					1	1	1	1	1	1	1	1	1
					1	1	1	1	1	1	1	1	1
					1	1	1	1	1	1	1	1	1
					1	1	1	1	1	1	1	1	1
					1	1	1	1	1	1	1	1	1
					1	1	1	1	1	1	1	1	1
					1	1	1	1	1	1	1	1	1
					1	1	1	1	1	1	1	1	1
					1	1	1	1	1	1	1	1	1
					1	1	1	1	1	1	1	1	1
					1	1	1	1	1	1	1	1	1
					1	1	1	1	1	1	1	1	1
					1	1	1	1	1	1	1	1	1
					1	1	1	1	1	1	1	1	1
					1	1	1	1	1	1	1	1	1
					1	1	1	1	1	1	1	1	1
					1	1	1	1	1	1	1	1	1
					1	1	1	1	1	1	1	1	1
					1	1	1	1	1	1	1	1	1
					1	1	1	1	1	1	1	1	1
					1	1	1	1	1	1	1	1	1
					1	1	1	1	1	1	1	1	1
					1	1	1	1	1	1	1	1	1
					1	1	1	1	1	1	1	1	1
					1	1	1	1	1	1	1	1	1
					1	1	1	1	1	1	1	1	1
					1	1	1	1	1	1	1	1	1
					1	1	1	1	1	1	1	1	1
					1	1	1	1	1	1	1	1	1
					1	1	1	1	1	1	1	1	1
					1	1	1	1	1	1	1	1	1
					1	1	1	1	1	1	1	1	1
					1	1	1	1	1	1	1	1	1
					1	1	1	1	1	1	1	1	1
					1	1	1	1	1	1	1	1	1
					1	1	1	1	1	1	1	1	1
					1	1	1	1	1	1	1	1	1
					1	1	1	1	1	1	1	1	1
					1	1	1	1	1	1	1	1	1
					1	1	1	1	1	1	1	1	1
					1	1	1	1	1	1	1	1	1
					1	1	1	1	1	1	1	1	1
					1	1	1	1	1	1	1	1	1
					1	1	1	1	1	1	1	1	1
					1	1	1	1	1	1	1	1	1
					1	1	1	1	1	1	1	1	1
					1	1	1	1	1	1	1	1	1
					1	1	1	1	1	1	1	1	1
					1	1	1	1	1	1	1	1	1
					1	1	1	1	1	1	1	1	1
					1	1	1	1	1	1	1	1	1
					1	1	1	1	1	1	1	1	1
					1	1	1	1	1	1	1	1	1
					1	1	1	1	1	1	1	1	1
					1	1	1	1	1	1	1	1	1
					1	1	1	1	1	1	1	1	1
					1	1	1	1	1	1	1	1	1
					1	1	1	1	1	1	1	1	1
					1	1	1	1	1	1	1	1	1
					1	1	1	1	1	1	1	1	1
					1	1	1	1	1	1	1	1	1
					1	1	1	1	1	1	1	1	1
					1	1	1	1	1	1	1	1	1
					1	1	1	1	1	1	1	1	1
					1	1	1	1	1	1	1	1	1
					1	1	1	1	1	1	1	1	1
					1	1	1	1	1	1	1	1	1
					1	1	1	1	1	1	1	1	1
					1	1	1	1	1	1	1	1	1
					1	1	1	1	1	1	1	1	1
					1	1	1	1	1	1	1	1	1
					1	1	1	1	1	1	1	1	1
					1	1	1	1	1	1	1	1	1
					1	1	1	1	1	1	1	1	1
					1	1	1	1	1	1	1	1	1
					1	1	1	1	1	1	1	1	1
					1	1	1	1	1	1	1	1	1
					1	1	1	1	1	1	1	1	1
					1	1	1	1	1	1	1	1	1
					1	1	1	1	1	1	1	1	1
					1	1	1	1	1	1	1	1	1
					1	1	1	1	1	1	1	1	1
					1	1	1	1	1	1	1	1	1
					1	1	1	1	1	1	1	1	1
					1	1	1	1	1	1	1	1	1
					1	1	1	1	1	1	1	1	1
					1	1	1	1	1	1	1	1	1
					1	1	1	1	1	1	1	1	1
					1	1	1	1	1	1	1	1	1
					1	1	1	1	1	1	1	1	1
					1	1	1	1	1	1	1	1	1
					1	1	1	1	1	1	1	1	1
					1	1	1	1	1	1	1	1	1
					1	1	1	1	1	1	1	1	1
					1	1	1	1	1	1	1	1	1
					1	1	1	1	1	1	1	1	1
					1	1	1	1	1	1	1	1	1
					1	1	1	1	1	1	1	1	1
					1	1	1	1	1	1	1	1	1
					1	1	1	1	1	1	1	1	1
					1	1	1	1	1	1	1	1	1
					1	1	1	1	1	1	1	1	1
					1	1	1	1	1	1	1	1	1
					1	1	1	1	1	1	1	1	1
					1	1	1	1	1	1	1	1	1
					1	1	1	1	1	1	1	1	1
					1	1	1	1	1	1	1	1	1
					1	1	1	1	1	1	1	1	1
					1	1	1	1	1	1	1	1	1
					1	1	1	1	1	1	1	1	1
					1	1	1	1	1	1	1	1	1
					1	1	1	1	1	1	1	1	1
					1	1	1	1	1	1	1	1	1
					1	1	1	1	1	1	1	1	1
					1	1	1	1	1	1	1	1	1
					1	1	1	1	1	1	1	1	1
					1	1	1	1	1	1	1	1	1
					1	1	1	1	1	1	1	1	1
					1	1	1	1	1	1	1	1	1
					1	1	1	1	1	1	1	1	1
					1	1	1	1	1	1	1	1	1
					1	1	1	1	1	1	1	1	1
					1	1	1	1	1	1	1	1	1
					1	1	1	1	1	1	1	1	1
					1	1	1	1	1	1	1	1	1
					1	1	1	1	1	1	1	1	1
					1	1	1	1	1	1	1	1	1
					1	1	1	1	1	1	1	1	1
					1	1	1	1	1	1	1	1	1
					1	1	1	1	1	1	1	1	1
					1	1	1	1	1	1	1	1	1
					1	1	1	1	1	1	1	1	1
					1	1	1	1	1	1	1	1	1
					1	1	1	1	1	1	1	1	1
					1	1	1	1	1	1	1	1	1
					1	1	1	1	1	1	1	1	1
					1	1	1	1	1	1	1	1	1
					1	1	1	1	1	1	1	1	1
					1	1	1	1	1	1	1	1	1
					1	1	1	1	1	1	1	1	1
					1	1	1	1	1	1	1	1	1
					1	1	1	1	1	1	1	1	1
					1	1	1	1	1	1	1	1	1
					1	1	1	1	1	1	1	1	1
					1	1	1	1	1	1	1	1	1
					1	1	1	1	1	1	1	1	1
					1	1	1	1	1	1	1	1	1
					1	1	1	1	1	1	1	1	1
					1	1	1	1	1	1	1	1	1
					1	1	1	1	1	1	1	1	1
					1	1	1	1	1	1	1	1	1
					1	1	1	1	1	1	1	1	1
					1	1	1	1	1	1	1	1	1
					1	1	1	1	1	1	1	1	1
					1	1	1	1	1	1	1	1	1
					1	1	1	1	1	1	1	1	1
					1	1	1	1	1	1	1	1	1
					1	1	1	1	1	1	1	1	1
					1	1	1	1	1	1	1	1	1
					1	1	1	1	1	1	1	1	1
					1	1	1	1	1	1	1	1	1
					1	1	1	1	1	1	1	1	1
					1	1	1	1	1	1	1	1	1
					1	1	1	1	1	1	1	1	1
					1	1	1	1	1	1	1	1	1
					1	1	1	1	1	1	1	1	1
					1	1	1	1	1	1	1	1	1
					1	1	1	1	1	1	1	1	1
					1	1	1	1	1	1	1	1	1
					1	1	1	1	1	1	1	1	1
					1	1	1	1	1	1	1	1	1
					1	1	1	1	1	1	1	1	1
					1	1	1	1	1	1	1	1	1
					1	1	1	1	1	1	1	1	1
					1	1	1	1	1	1	1	1	1
					1	1	1	1	1	1	1	1	1
					1	1	1	1	1	1	1	1	1
					1	1	1	1	1	1	1	1	1
					1	1	1	1	1	1	1	1	1
					1	1	1	1	1	1	1	1	1
					1	1	1	1	1	1	1	1	1
					1	1	1	1	1	1	1	1	1
					1	1	1	1	1	1	1	1	1
					1	1	1	1	1	1	1	1	1
					1	1	1	1	1	1	1	1	1
					1	1	1	1	1	1	1	1	1
					1	1	1	1	1	1	1	1	1
					1	1	1	1	1	1	1	1	1
					1	1	1	1	1	1	1	1	1
					1	1	1	1	1	1	1	1	1
					1	1	1	1	1	1	1	1	1
					1	1	1	1	1	1	1	1	1
					1	1	1	1	1	1	1	1	1
					1	1	1	1	1	1	1	1	1
					1	1	1	1	1	1	1	1	1
					1	1	1	1	1	1	1	1	1
					1	1	1	1	1	1	1	1	1
					1	1	1	1	1	1	1	1	1
					1	1	1	1	1	1	1	1	1
					1	1	1	1	1	1	1	1	1
					1	1	1	1	1	1	1	1	1
					1	1	1	1	1	1	1	1	1
					1	1	1	1	1	1	1	1	1
					1	1	1	1	1	1	1	1	1
					1	1	1	1	1	1	1	1	1
					1	1	1	1	1	1	1	1	1
					1	1	1	1	1	1	1	1	1
					1	1	1	1	1	1	1	1	1
					1	1	1	1	1	1	1	1	1
					1	1	1	1	1	1	1	1	1
					1	1	1	1	1	1	1	1	1
					1	1	1	1	1	1	1	1	1
					1	1	1	1	1	1	1	1	1
					1	1	1	1	1	1	1	1	1
					1	1	1	1	1	1	1	1	1
					1	1	1	1	1	1	1	1	1
					1	1	1	1	1	1	1	1	1
					1	1	1	1	1	1	1	1	1
					1	1	1	1	1	1	1	1	1
					1	1	1	1	1	1	1	1	1
					1	1	1	1	1	1	1	1	1
					1	1	1	1	1	1	1	1	1
					1	1	1	1	1	1	1	1	1
					1	1	1	1	1	1	1	1	1
					1	1	1	1	1	1	1	1	1
					1	1	1	1	1	1	1	1	1
					1	1	1	1	1	1	1	1	1
					1	1	1	1	1	1	1	1	1
					1	1	1	1	1	1	1	1	1
					1	1	1	1	1	1	1	1	1
					1	1	1	1	1	1	1	1	1
					1	1	1	1	1	1	1	1	1
					1	1	1	1	1	1	1	1	1
					1	1	1	1	1	1	1	1	1
					1	1	1	1	1	1	1	1	1
					1	1	1	1	1	1	1	1	1
					1	1	1	1	1	1	1	1	1
					1	1	1	1	1	1	1	1	1
					1	1	1	1	1	1	1	1	1
					1	1	1	1	1	1	1	1	1
					1	1	1	1	1	1	1	1	1
					1	1	1	1	1	1	1	1	1
					1	1	1	1	1	1	1	1	1
					1	1	1	1	1	1	1	1	1
					1	1	1	1	1	1	1	1	1
					1	1	1	1	1	1	1	1	1
					1	1	1	1	1	1	1	1	1
					1	1	1	1	1	1	1	1	1
					1	1	1	1	1	1	1	1	1
					1	1	1	1	1	1	1	1	1
					1	1	1	1	1	1	1	1	1
					1	1	1	1	1	1	1	1	1
					1	1	1	1	1	1	1	1	1
					1	1	1	1	1	1	1	1	1
					1	1	1	1	1	1	1	1	1
					1	1	1	1	1	1	1	1	1
					1	1	1	1	1	1	1	1	1
					1	1	1	1	1	1	1	1	1
					1	1	1	1	1	1	1	1	1
					1	1	1	1	1	1	1	1	1
					1	1	1	1	1	1	1	1	1
					1	1	1	1	1	1	1	1	1
					1	1	1	1	1	1	1	1	1
					1	1	1	1	1	1	1	1	1
					1	1	1	1	1	1	1	1	1
					1	1	1	1	1	1	1	1	1
					1	1	1	1	1	1	1	1	1
					1	1	1	1	1	1	1	1	1
					1	1	1	1	1	1	1	1	1
					1	1	1	1	1	1	1	1	1
					1	1	1	1	1	1	1	1	1
					1	1	1	1	1	1	1	1	1
					1	1	1	1	1	1	1	1	1
					1	1	1	1	1	1	1	1	1
					1	1	1	1	1	1	1	1	1
					1	1	1	1	1	1	1	1	1
					1	1	1	1	1	1	1	1	1
					1	1	1	1	1	1	1	1	1
					1	1	1	1	1	1	1	1	1
					1	1	1	1	1	1	1	1	1
					1	1	1	1	1	1	1	1	1
					1	1	1	1	1	1	1	1	1
					1	1	1	1	1	1	1	1	1
					1	1	1	1	1	1	1	1	1
					1	1	1	1	1	1	1	1	1
					1	1	1	1	1	1	1	1	1
					1	1	1	1	1	1	1	1	1
					1	1	1	1	1	1	1	1	1
					1	1	1	1	1	1	1	1	1
					1	1	1	1	1	1	1	1	1
					1	1	1	1	1	1	1	1	1
					1	1	1	1	1	1	1	1	1
					1	1	1	1	1	1	1	1	1
					1	1	1	1	1	1	1	1	1
					1	1	1	1	1	1	1	1	1
					1	1	1	1	1	1	1	1	1
					1	1	1	1	1	1	1	1	1
					1	1	1	1	1	1	1	1	1
					1	1	1	1	1	1	1	1	1
					1	1	1	1	1	1	1	1	1
					1	1	1	1	1	1	1	1	1
					1	1	1	1	1	1	1	1	1
					1	1	1	1	1	1	1	1	1
					1	1	1	1	1	1	1	1	1
					1	1	1	1	1	1	1	1	1
					1	1	1	1	1	1	1	1	1
					1	1	1	1	1	1	1	1	1
					1	1	1	1	1	1	1	1	1
					1	1	1	1	1	1	1	1	1
					1	1	1	1	1	1	1	1	1
					1	1	1	1	1	1	1	1	1
					1	1	1	1	1	1	1	1	1
					1	1	1	1	1	1	1	1	1
					1	1	1	1	1	1	1	1	1
					1	1	1	1	1	1	1	1	1
					1	1	1	1	1	1	1	1	1
					1	1	1	1	1	1	1	1	1
					1	1	1	1	1	1	1	1	1
					1	1	1	1	1	1	1	1	1
					1	1	1	1	1	1	1	1	1
					1	1	1	1	1	1	1	1	1
					1	1	1	1	1	1	1	1	1
					1	1	1	1	1	1	1	1	1
					1	1	1	1	1	1	1	1	1
					1	1	1	1	1	1	1	1	1
					1	1	1	1	1	1	1	1	1
					1	1	1	1	1	1	1	1	1
					1	1	1	1	1	1	1	1	1
					1	1	1	1	1	1	1	1	1
					1	1	1	1	1	1	1	1	1
					1	1	1	1	1	1	1	1	1
					1	1	1	1	1	1	1	1	1
					1	1	1	1	1	1	1	1	1
					1	1	1	1	1	1	1	1	1
					1	1	1	1	1	1	1	1	1
					1	1	1	1	1	1	1	1	1
					1	1	1	1	1	1	1	1	1
					1	1	1	1	1	1	1	1	1
					1	1	1	1	1	1	1	1	1
					1	1	1	1	1	1	1	1	1
					1	1	1	1	1	1	1	1	1
					1	1	1	1	1	1	1	1	1
					1	1	1	1	1	1	1	1	1
					1	1	1	1	1	1	1	1	1
					1	1	1	1	1	1	1	1	1
					1	1	1	1	1	1	1	1	1
					1	1	1	1	1	1	1	1	1
					1	1	1	1	1	1	1	1	1
					1	1	1	1	1	1	1	1	1
					1	1	1	1	1	1	1	1	1
					1	1	1	1	1	1	1	1	1
					1	1	1	1	1	1	1	1	1
					1	1	1	1	1	1	1	1	1
					1	1	1	1	1	1	1	1	1
					1	1	1	1	1	1	1	1	1
					1	1	1	1	1	1	1	1	1
					1	1	1	1	1	1	1	1	1
					1	1	1	1	1	1	1	1	1
					1	1	1	1	1	1	1	1	1
					1	1	1	1	1	1	1	1	1
					1	1	1	1	1	1	1	1	1
					1	1	1	1	1	1	1	1	1
					1	1	1	1	1	1	1	1	1
					1	1	1	1	1	1	1	1	1
					1	1	1	1	1	1	1	1	1
					1	1	1	1	1	1	1	1	1
					1	1	1	1	1	1	1	1	1
					1	1	1	1	1	1	1	1	1
					1	1	1	1	1	1	1	1	1
					1	1	1	1	1	1	1	1	1
					1	1	1	1	1	1	1	1	1
					1	1	1	1	1	1	1	1	1
					1	1	1	1	1	1	1	1	1
					1	1	1	1	1	1	1	1	1
					1	1	1	1	1	1	1	1	1
					1	1	1	1	1	1	1	1	1
					1	1	1	1	1	1	1	1	1
					1	1	1	1	1	1	1	1	1
					1	1	1	1	1	1	1	1	1
					1	1	1	1	1	1	1	1	1
					1	1	1	1	1	1	1	1	1
					1	1	1	1	1	1	1	1	1
					1	1	1	1	1	1	1	1	1
					1	1	1	1	1	1	1	1	1
					1	1	1	1	1	1	1	1	1
					1	1	1	1	1	1	1	1	1
					1	1	1	1	1	1	1	1	1
					1	1	1	1	1	1	1	1	1
					1	1	1	1	1	1	1	1	1
					1	1	1	1	1	1	1	1	1
					1	1	1	1	1	1	1	1	1
					1	1	1	1	1	1	1	1	1
					1	1	1	1	1	1	1	1	1
					1	1	1	1	1	1	1	1	1
					1	1	1	1	1	1	1	1	1
					1	1	1	1	1	1	1	1	1
					1	1	1	1	1	1	1	1	1
					1	1	1	1	1	1	1	1	1
					1	1	1	1	1	1	1	1	1
					1	1	1	1	1	1	1	1	1
					1	1	1	1	1	1	1	1	1
					1	1	1	1	1	1	1	1	1
					1	1	1	1	1	1	1	1	1
					1	1	1	1	1	1	1	1	1
					1	1	1	1	1	1	1	1	1
					1	1	1	1	1	1	1	1	1
					1	1	1	1	1	1	1	1	1
					1	1	1	1	1	1	1	1	1
					1	1	1	1	1	1	1	1	1
					1	1	1	1	1	1	1	1	1
					1	1	1	1	1	1	1	1	1
					1	1	1	1	1	1	1	1	1
					1	1	1	1	1	1	1	1	1
					1	1	1	1	1	1	1	1	1
					1	1	1	1	1	1	1	1	1
					1	1	1	1	1	1	1	1	1
					1	1	1	1	1	1	1	1	1
					1	1	1	1	1	1	1	1	1
					1	1	1	1	1	1	1	1	1
					1	1	1	1	1	1	1	1	1
					1	1	1	1	1	1	1	1	1
					1	1	1	1	1	1	1	1	1
					1	1	1	1	1	1	1	1	1
					1	1	1	1	1	1	1	1	1
					1	1	1	1	1	1	1	1	1
					1	1	1	1	1	1	1	1	1
					1	1	1	1	1	1	1	1	1
					1	1	1	1	1	1	1	1	1
					1	1	1	1	1	1	1	1	1
					1	1	1	1	1	1	1	1	1
					1	1	1	1	1	1	1	1	1
					1	1	1	1	1	1	1	1	1
					1	1	1	1	1	1	1	1	1
					1	1	1	1	1	1	1	1	1
					1	1	1	1	1	1	1	1	1
					1	1	1	1	1	1	1	1	1
					1	1	1	1	1	1	1	1	1
					1	1	1	1	1	1	1	1	1
					1	1	1	1	1	1	1	1	1
					1	1	1	1	1	1	1	1	1
					1	1	1	1	1	1	1	1	1
					1	1	1	1	1	1	1	1	1
					1	1	1	1	1	1	1	1	1
					1	1	1	1	1	1	1	1	1
					1	1	1	1	1	1	1	1	1
					1	1	1	1	1	1	1	1	1
					1	1	1	1	1	1	1	1	1
					1	1	1	1	1	1	1	1	1
					1	1	1	1	1	1	1	1	1
					1	1	1	1	1	1	1	1	1
					1	1	1	1	1	1	1	1	1
					1	1	1	1	1	1	1	1	1
					1	1	1	1	1	1	1	1	1
					1	1	1	1	1	1	1	1	1
					1	1	1	1	1	1	1	1	1
					1	1	1	1	1	1	1	1	1
					1	1	1	1	1	1	1	1	1
					1	1	1	1	1	1	1	1	1
					1	1	1	1	1	1	1	1	1
					1	1	1	1	1	1	1	1	1
					1	1	1	1	1	1	1	1	1
					1	1	1	1	1	1	1	1	1
					1	1	1	1	1	1	1	1	1
					1	1	1	1	1	1	1	1	1
					1	1	1	1	1	1	1	1	1
					1	1	1	1	1	1	1	1	1
					1	1	1	1	1	1	1	1	1
					1	1	1	1	1	1	1	1	1
					1	1	1	1	1	1	1	1	1
					1	1	1	1	1	1	1	1	1
					1	1	1	1	1	1	1	1	1
					1	1	1	1	1	1	1	1	1
					1	1	1	1	1	1	1	1	1
					1	1	1	1	1	1	1	1	1
					1	1	1	1	1	1	1	1	1
					1	1	1	1	1	1	1	1	1
					1	1	1	1	1	1	1	1	1
					1	1	1	1	1	1	1	1	1
					1	1	1	1	1	1	1	1	1
					1	1	1	1	1	1	1	1	1
					1	1	1	1	1	1	1	1	1
					1	1	1	1	1	1	1	1	1
					1	1	1	1	1	1	1	1	1
					1	1	1	1	1	1	1	1	1
					1	1	1	1	1	1	1	1	1
					1	1	1	1	1	1	1	1	1
					1	1	1	1	1	1	1	1	1
					1	1	1	1	1	1	1	1	1
					1	1	1	1	1	1	1	1	1
					1	1	1	1	1	1	1	1	1
					1	1	1	1	1	1	1	1	1
					1	1	1	1	1	1	1	1	1
					1	1	1	1	1	1	1	1	1
					1	1	1	1	1	1	1	1	1
					1	1	1	1	1	1	1	1	1
					1	1	1	1	1	1	1	1	1
					1	1	1	1	1	1	1	1	1
					1	1	1	1	1	1	1	1	1
					1	1	1	1	1	1	1	1	1
					1	1	1	1	1	1	1	1	1
					1	1	1	1	1	1	1	1	1
					1	1	1	1	1	1	1	1	1
					1	1	1	1	1	1	1	1	1
					1	1	1	1	1	1	1	1	1
					1	1	1	1	1	1	1	1	1
					1	1	1	1	1	1	1	1	1
					1	1	1	1	1	1	1	1	1
					1	1	1	1	1	1	1	1	1
					1	1	1	1	1	1	1	1	1
					1	1	1	1	1	1	1	1	1
					1	1	1	1	1	1	1	1	1
					1	1	1	1	1	1	1	1	1
					1	1	1	1	1	1	1	1	1
					1	1	1	1	1	1	1	1	1
					1	1	1	1	1	1	1	1	1
					1	1	1	1	1	1	1	1	1
					1	1	1	1	1	1	1	1	1
					1	1	1	1	1	1	1	1	1
					1	1	1	1	1	1	1	1	1
					1	1	1	1	1	1	1	1	1
					1	1	1	1	1	1	1	1	1
					1	1	1	1	1	1	1	1	1
					1	1	1	1	1	1	1	1	1
					1	1	1	1	1	1	1	1	1
					1	1	1	1	1	1	1	1	1
					1	1	1	1	1	1	1	1	1
					1	1	1	1	1	1	1	1	1
					1	1	1	1	1	1	1	1	1
					1	1	1	1	1	1	1	1	1
					1	1	1	1	1	1	1	1	1
					1	1	1	1	1	1	1	1	1
					1	1	1	1	1	1	1	1	1
					1	1	1	1	1	1	1	1	1
					1	1	1	1	1	1	1	1	1
					1	1	1	1	1	1	1	1	1
					1	1	1	1	1	1	1	1	1
					1	1	1	1	1	1	1	1	1
					1	1	1	1	1	1	1	1	1
					1	1	1	1	1	1	1	1	1
					1	1	1	1	1	1	1	1	1
					1	1	1	1	1	1	1	1	1
					1	1	1	1	1	1	1	1	1
					1	1	1	1	1	1	1	1	1
					1	1	1	1	1	1	1	1	1
					1	1	1	1	1	1	1	1	1
					1	1	1	1	1	1	1	1	1
					1	1	1	1	1	1	1	1	1
					1	1	1	1	1	1	1	1	1
					1	1	1	1	1	1	1	1	1
					1	1	1	1	1	1	1	1	1
					1	1	1	1	1	1	1	1	1
					1	1	1	1	1	1	1	1	1
					1	1	1	1	1	1	1	1	1
					1	1	1	1	1	1	1	1	1
					1	1	1	1	1	1	1	1	1
					1	1	1	1	1	1	1	1	1
					1	1	1	1	1	1	1	1	1
					1	1	1	1	1	1	1	1	1
					1	1	1	1	1	1	1	1	1
					1	1	1	1	1	1	1	1	1
					1	1	1	1	1	1	1	1	1
					1	1	1	1	1	1	1	1	1
					1	1	1	1	1	1	1	1	1
					1	1	1	1	1	1	1	1	1
					1	1	1	1	1	1	1	1	1
					1	1	1	1	1	1	1	1	1
					1	1	1	1	1	1	1	1	1
					1	1	1	1	1	1	1	1	1
					1	1	1	1	1	1	1	1	1
					1	1	1	1	1	1	1	1	1
					1	1	1	1	1	1	1	1	1
					1	1	1	1	1	1	1	1	1
					1	1	1	1	1	1	1	1	1
					1	1	1	1	1	1	1	1	1
					1	1	1	1	1	1	1	1	1
					1	1	1	1	1	1	1	1	1
					1	1	1	1	1	1	1	1	1
					1	1	1	1	1	1	1	1	1
					1	1	1	1	1	1	1	1	1
					1	1	1	1	1	1	1	1	1
					1	1	1	1	1	1	1	1	1
					1	1	1	1	1	1	1	1	1
					1	1	1	1	1	1	1	1	1
					1	1	1	1	1	1	1	1	1
					1	1	1	1	1	1	1	1	1
					1	1	1	1	1	1	1	1	1
					1	1	1	1	1	1	1	1	1
					1	1	1	1	1	1	1	1	1
					1	1	1	1	1	1	1	1	1
					1	1	1	1	1	1	1	1	1
					1	1	1	1	1	1	1	1	1
					1	1	1	1	1	1	1	1	1
					1	1	1	1	1	1	1	1	1
					1	1	1	1	1	1	1	1	1
					1	1	1	1	1	1	1	1	1
					1	1	1	1	1	1	1	1	1
					1	1	1	1	1	1	1	1	1
					1	1	1	1	1	1	1	1	1
					1	1	1	1	1	1	1	1	1
					1	1	1	1	1	1	1	1	1
					1	1	1	1	1	1	1	1	1
					1	1	1	1	1	1	1	1	1
					1	1	1	1	1	1	1	1	1
					1	1	1	1	1	1	1	1	1
					1	1	1	1	1	1	1	1	1
					1	1	1	1	1	1	1	1	1
					1	1	1	1	1	1	1	1	1
					1	1	1	1	1	1	1	1	1
					1	1	1	1	1	1	1	1	1
					1	1	1	1	1	1	1	1	1
					1	1	1	1	1	1	1	1	1
					1	1	1	1	1	1	1	1	1
					1	1	1	1	1	1	1	1	1
					1	1	1	1	1	1	1	1	1
					1	1	1	1	1	1	1	1	1
					1	1	1	1	1	1	1	1	1
					1	1	1	1	1	1	1	1	1
					1	1	1	1	1	1	1	1	1
					1	1	1	1	1	1	1	1	1
					1	1	1	1	1	1	1	1	1
					1	1	1	1	1	1	1	1	1
					1	1	1	1	1	1	1	1	1
					1	1	1	1	1	1	1	1	1
					1	1	1	1	1	1	1	1	1
					1	1	1	1	1	1	1	1	1
					1	1	1	1	1	1	1	1	1
					1	1	1	1	1	1	1	1	1
					1	1	1	1	1	1	1	1	1
					1	1	1	1	1	1	1	1	1
					1	1	1	1	1	1	1	1	1
					1	1	1	1	1	1	1	1	1
					1	1	1	1	1	1	1	1	1
					1	1	1	1	1	1	1	1	1
					1	1	1	1	1	1	1	1	1
					1	1	1	1	1	1	1	1	1
					1	1	1	1	1	1	1	1	1
					1	1	1	1	1	1	1	1	1
					1	1	1	1	1	1	1	1	1
					1	1	1	1	1	1	1	1	1
					1	1	1	1	1	1	1	1	1
					1	1	1	1	1	1	1	1	1
					1	1	1	1	1	1	1	1	1
					1	1	1	1	1	1	1	1	1
					1	1	1	1	1	1	1	1	1
					1	1	1	1	1	1	1	1	1
					1	1	1	1	1	1	1	1	1
					1	1	1	1	1	1	1	1	1
					1	1	1	1	1	1	1	1	1
					1	1	1	1	1	1	1	1	1
					1	1	1	1	1	1	1	1	1
					1	1	1	1	1	1	1	1	1
					1	1	1	1	1	1	1	1	1
					1	1	1	1	1	1	1	1	1
					1	1	1	1	1	1	1	1	1
					1	1	1	1	1	1	1	1	1
					1	1	1	1	1	1	1	1	1
					1	1	1	1	1	1	1	1	1
					1	1	1	1	1	1	1	1	1
					1	1	1	1	1	1	1	1	1
					1	1	1	1	1	1	1	1	1
					1	1	1	1	1	1	1	1	1
					1	1	1	1	1	1	1	1	1
					1	1	1	1	1	1	1	1	1
					1	1	1	1	1	1	1	1	1
					1	1	1	1	1	1	1	1	1
					1	1	1	1	1	1	1	1	1
					1	1	1	1	1	1	1	1	1
					1	1	1	1	1	1	1	1	1
					1	1	1	1	1	1	1	1	1
					1	1	1	1	1	1	1	1	1
					1	1	1	1	1	1	1	1	1
					1	1	1	1	1	1	1	1	1
					1	1	1	1	1	1	1	1	1
					1	1	1	1	1	1	1	1	1
					1	1	1	1	1	1	1	1	1
					1	1	1	1	1	1	1	1	1
					1	1	1	1	1	1	1	1	1
					1	1	1	1	1	1	1	1	1
					1	1	1	1	1	1	1	1	1
					1	1	1	1	1	1	1	1	1
					1	1	1	1	1	1	1	1	1
					1	1	1	1	1	1	1	1	1
					1	1	1	1	1	1	1	1	1
					1	1	1	1	1	1	1	1	1
					1	1	1	1	1	1	1	1	1
					1	1	1	1	1	1	1	1	1
					1	1	1	1	1	1	1	1	1
					1	1	1	1	1	1	1	1	1
					1	1	1	1	1	1	1	1	1
					1	1	1	1	1	1	1	1	1
					1	1	1	1	1	1	1	1	1
					1	1	1	1	1	1	1	1	1
					1	1	1	1	1	1	1	1	1
					1	1	1	1	1	1	1	1	1
					1	1	1	1	1	1	1	1	1
					1	1	1	1	1	1	1	1	1
					1	1	1	1	1	1	1	1	1
					1	1	1	1	1	1	1	1	1
					1	1	1	1	1	1	1	1	1
					1	1	1	1	1	1	1	1	1
					1	1	1	1	1	1	1	1	1
					1	1	1	1	1	1	1	1	1
					1	1	1	1	1	1	1	1	1
					1	1	1	1	1	1	1	1	1
					1	1	1	1	1	1	1	1	1
					1	1	1	1	1	1	1	1	1
					1	1	1	1	1	1	1	1	1
					1	1	1	1	1	1	1	1	1
					1	1	1	1	1	1	1	1	1
					1	1	1	1	1	1	1	1	1
					1	1	1	1	1	1	1	1	1
					1	1	1	1	1	1	1	1	1
					1	1	1	1	1	1	1	1	1
					1	1	1	1	1	1	1	1	1
					1	1	1	1	1	1	1	1	1
					1	1	1	1	1	1	1	1	1
					1	1	1	1	1	1	1	1	1
					1	1	1	1	1	1	1	1	1
					1	1	1	1	1	1	1	1	1
					1	1	1	1	1	1	1	1	1
					1	1	1	1	1	1	1	1	1
					1	1	1	1	1	1	1	1	1
					1	1	1	1	1	1	1	1	1
					1	1	1	1	1	1	1	1	1
					1	1	1	1	1	1	1	1	1
					1	1	1	1	1	1	1	1	1
					1	1	1	1	1	1	1	1	1
					1	1	1	1	1	1	1	1	1
					1	1	1	1	1	1	1	1	1
					1	1	1	1	1	1	1	1	1
					1	1	1	1	1	1	1	1	1
					1	1	1	1	1	1	1	1	1
					1	1	1	1	1	1	1	1	1
					1	1	1	1	1	1	1	1	1
					1	1	1	1	1	1	1	1	1
					1	1	1	1	1	1	1	1	1
					1	1	1	1	1	1	1	1	1
					1	1	1	1	1	1	1	1	1
					1	1	1	1	1	1	1	1	1
					1	1	1	1	1	1	1	1	1
					1	1	1	1	1	1	1	1	1
					1	1	1	1	1	1	1	1	1
					1	1	1	1	1	1	1	1	1
					1	1	1	1	1	1	1	1	1
					1	1	1	1	1	1	1	1	1
					1	1	1	1	1	1	1	1	1
					1	1	1	1	1	1	1	1	1
					1	1	1	1	1	1	1	1	1
					1	1	1	1	1	1	1	1	1
					1	1	1	1	1	1	1	1	1
					1	1	1	1	1	1	1	1	1
					1	1	1	1	1	1	1	1	1
					1	1	1	1	1	1	1	1	1
					1	1	1	1	1	1	1	1	1
					1	1	1	1	1	1	1	1	1
					1	1	1	1	1	1	1	1	1
					1	1	1	1	1	1	1	1	1
					1	1	1	1	1	1	1	1	1
					1	1	1	1	1	1	1	1	1
					1	1	1	1	1	1	1	1	1
					1	1	1	1	1	1	1	1	1
					1	1	1	1	1	1	1	1	1
					1	1	1	1	1	1	1	1	1
					1	1	1	1	1	1	1	1	1
					1	1	1	1	1	1	1	1	1
					1	1	1	1	1	1	1	1	1
					1	1	1	1	1	1	1	1	1
					1	1	1	1	1	1	1	1	1
					1	1	1	1	1	1	1	1	1
					1	1	1	1	1	1	1	1	1
					1	1	1	1	1	1	1	1	1
					1	1	1	1	1	1	1	1	1
					1	1	1	1	1	1	1	1	1
					1	1	1	1	1	1	1	1	1
					1	1	1	1	1	1	1	1	1
					1	1	1	1	1	1	1	1	1
					1	1	1	1	1	1	1	1	1
					1	1	1	1	1	1	1	1	1
					1	1	1	1	1	1	1	1	1
					1	1	1	1	1	1	1	1	1
					1	1	1	1	1	1	1	1	1
					1	1	1	1	1	1	1	1	1
					1	1	1	1	1	1	1	1	1
					1	1	1	1	1	1	1	1	1
					1	1	1	1	1	1	1	1	1
					1	1	1	1	1	1	1	1	1
					1	1	1	1	1	1	1	1	1
					1	1	1	1	1	1	1	1	1
					1	1	1	1	1	1	1	1	1
					1	1	1	1	1	1	1	1	1
					1	1	1	1	1	1	1	1	1
					1	1	1	1	1	1	1	1	1
					1	1	1	1	1	1	1	1	1
					1	1	1	1	1	1	1	1	1
					1	1	1	1	1	1	1	1	1
					1	1	1	1	1	1	1	1	1
					1	1	1	1	1	1	1	1	1
					1	1	1	1	1	1	1	1	1
					1	1	1	1	1	1	1	1	1
					1	1	1	1	1	1	1	1	1
					1	1	1	1	1	1	1	1	1
					1	1	1	1	1	1	1	1	1
					1	1	1	1	1	1	1	1	1
					1	1	1	1	1	1	1	1	1
					1	1	1	1	1	1	1	1	1
					1	1	1	1	1	1	1	1	1
					1	1	1	1	1	1	1	1	1
					1	1	1	1	1	1	1	1	1
					1	1	1	1	1	1	1	1	1
					1	1	1	1	1	1	1	1	1
					1	1	1	1	1	1	1	1	1
					1	1	1	1	1	1	1	1	1
					1	1	1	1	1	1	1	1	1
					1	1	1	1	1	1	1	1	1
					1	1	1	1	1	1	1	1	1
					1	1	1	1	1	1	1	1	1
					1	1	1	1	1	1	1	1	1
					1	1	1	1	1	1	1	1	1
					1	1	1	1	1	1	1	1	1
					1	1	1	1	1	1	1	1	1
					1	1	1	1	1	1	1	1	1
					1	1	1	1	1	1	1	1	1
					1	1	1	1	1	1	1	1	1
					1	1	1	1	1	1	1	1	1
					1	1	1	1	1	1	1	1	1
					1	1	1	1	1	1	1	1	1
					1	1	1	1	1	1	1	1	1
					1	1	1	1	1	1	1	1	1
					1	1	1	1	1	1	1	1	1
					1	1	1	1	1	1	1	1	1
					1	1	1	1	1	1	1	1	1
					1	1	1	1	1	1	1	1	1
					1	1	1	1	1	1	1	1	1
					1	1	1	1	1	1	1	1	1
					1	1	1	1	1	1	1	1	1
					1	
				</DataArray>
			</CellData>
		</Piece>
	</UnstructuredGrid>
</VTKFile>
