<?xml version="0.9"?>

<!--
CSMP_Simulation
-->

<VTKFile type="UnstructuredGrid" version="0.9" byte_order="LittleEndian">
	<UnstructuredGrid>
		<Piece NumberOfPoints="8181" NumberOfCells="16000">
			<Points>
				<DataArray type="Float32" Name="Position" NumberOfComponents="3" format="ascii">
					32	79	0	33	79	0	34	79	0	35	79	0
					36	79	0	37	79	0	38	79	0	39	79	0
					40	79	0	41	79	0	42	79	0	43	79	0
					44	79	0	45	79	0	46	79	0	47	79	0
					48	79	0	49	79	0	50	79	0	51	79	0
					52	79	0	53	79	0	54	79	0	55.00000000000001	79	0
					56.00000000000001	79	0	56.99999999999999	79	0	57.99999999999999	79	0	59	79	0
					60	79	0	61	79	0	62	79	0	63	79	0
					54	78	0	55.00000000000001	78	0	56.00000000000001	78	0	56.99999999999999	78	0
					57.99999999999999	78	0	59	78	0	60	78	0	61	78	0
					62	78	0	63	78	0	64	78	0	65	78	0
					66	78	0	67	78	0	68	78	0	69	78	0
					70	78	0	71	78	0	72	78	0	73	78	0
					74	78	0	75	78	0	76	78	0	77	78	0
					78	78	0	79	78	0	80	78	0	81	78	0
					82	78	0	83	78	0	84	78	0	85	78	0
					86	78	0	87	78	0	88	78	0	89	78	0
					90	78	0	91	78	0	92	78	0	93	78	0
					94	78	0	95	78	0	96	78	0	97	78	0
					98	78	0	99	78	0	1	77	0	2	77	0
					3	77	0	4	77	0	5	77	0	6	77	0
					7.000000000000001	77	0	8	77	0	9	77	0	10	77	0
					11	77	0	12	77	0	13	77	0	14	77	0
					15	77	0	16	77	0	17	77	0	18	77	0
					19	77	0	20	77	0	21	77	0	22	77	0
					23	77	0	24	77	0	25	77	0	26	77	0
					27	77	0	28	77	0	29	77	0	30	77	0
					31	77	0	32	77	0	33	77	0	34	77	0
					35	77	0	36	77	0	37	77	0	38	77	0
					39	77	0	40	77	0	41	77	0	42	77	0
					43	77	0	44	77	0	45	77	0	46	77	0
					47	77	0	48	77	0	49	77	0	50	77	0
					51	77	0	52	77	0	53	77	0	54	77	0
					55.00000000000001	77	0	56.00000000000001	77	0	56.99999999999999	77	0	57.99999999999999	77	0
					59	77	0	60	77	0	61	77	0	62	77	0
					63	77	0	64	77	0	65	77	0	66	77	0
					67	77	0	68	77	0	69	77	0	70	77	0
					71	77	0	72	77	0	73	77	0	74	77	0
					75	77	0	76	77	0	77	77	0	78	77	0
					79	77	0	80	77	0	81	77	0	82	77	0
					83	77	0	84	77	0	85	77	0	86	77	0
					87	77	0	88	77	0	89	77	0	90	77	0
					91	77	0	92	77	0	93	77	0	94	77	0
					95	77	0	96	77	0	97	77	0	98	77	0
					99	77	0	1	76	0	2	76	0	3	76	0
					4	76	0	5	76	0	6	76	0	7.000000000000001	76	0
					8	76	0	9	76	0	10	76	0	11	76	0
					12	76	0	13	76	0	14	76	0	15	76	0
					16	76	0	17	76	0	18	76	0	19	76	0
					20	76	0	21	76	0	22	76	0	23	76	0
					24	76	0	25	76	0	26	76	0	27	76	0
					28	76	0	29	76	0	30	76	0	31	76	0
					32	76	0	33	76	0	34	76	0	35	76	0
					36	76	0	37	76	0	38	76	0	39	76	0
					40	76	0	41	76	0	42	76	0	43	76	0
					44	76	0	45	76	0	46	76	0	47	76	0
					48	76	0	49	76	0	50	76	0	51	76	0
					52	76	0	53	76	0	54	76	0	55.00000000000001	76	0
					56.00000000000001	76	0	56.99999999999999	76	0	57.99999999999999	76	0	59	76	0
					60	76	0	61	76	0	62	76	0	63	76	0
					64	76	0	65	76	0	66	76	0	67	76	0
					68	76	0	69	76	0	70	76	0	71	76	0
					72	76	0	73	76	0	74	76	0	75	76	0
					76	76	0	77	76	0	78	76	0	79	76	0
					80	76	0	81	76	0	82	76	0	83	76	0
					84	76	0	85	76	0	86	76	0	87	76	0
					88	76	0	89	76	0	90	76	0	91	76	0
					92	76	0	93	76	0	94	76	0	95	76	0
					96	76	0	97	76	0	98	76	0	99	76	0
					1	75	0	2	75	0	3	75	0	4	75	0
					5	75	0	6	75	0	56.00000000000001	40	0	56.99999999999999	40	0
					57.99999999999999	40	0	59	40	0	60	40	0	61	40	0
					62	40	0	63	40	0	64	40	0	65	40	0
					66	40	0	67	40	0	68	40	0	69	40	0
					70	40	0	71	40	0	72	40	0	73	40	0
					74	40	0	75	40	0	76	40	0	77	40	0
					78	40	0	79	40	0	80	40	0	81	40	0
					82	40	0	83	40	0	84	40	0	85	40	0
					86	40	0	87	40	0	88	40	0	89	40	0
					90	40	0	91	40	0	92	40	0	93	40	0
					94	40	0	95	40	0	96	40	0	97	40	0
					98	40	0	99	40	0	1	39	0	2	39	0
					3	39	0	4	39	0	5	39	0	6	39	0
					7.000000000000001	39	0	8	39	0	9	39	0	10	39	0
					11	39	0	12	39	0	13	39	0	14	39	0
					15	39	0	16	39	0	17	39	0	18	39	0
					19	39	0	20	39	0	21	39	0	22	39	0
					23	39	0	24	39	0	25	39	0	26	39	0
					27	39	0	28	39	0	29	39	0	30	39	0
					31	39	0	32	39	0	33	39	0	34	39	0
					35	39	0	36	39	0	37	39	0	38	39	0
					39	39	0	40	39	0	41	39	0	42	39	0
					43	39	0	44	39	0	45	39	0	46	39	0
					47	39	0	48	39	0	49	39	0	50	39	0
					51	39	0	52	39	0	53	39	0	54	39	0
					55.00000000000001	39	0	56.00000000000001	39	0	56.99999999999999	39	0	57.99999999999999	39	0
					59	39	0	60	39	0	61	39	0	62	39	0
					63	39	0	64	39	0	65	39	0	66	39	0
					67	39	0	68	39	0	69	39	0	70	39	0
					71	39	0	72	39	0	73	39	0	74	39	0
					75	39	0	76	39	0	77	39	0	78	39	0
					79	39	0	80	39	0	81	39	0	82	39	0
					83	39	0	84	39	0	85	39	0	86	39	0
					87	39	0	88	39	0	89	39	0	90	39	0
					91	39	0	92	39	0	93	39	0	94	39	0
					95	39	0	96	39	0	97	39	0	98	39	0
					99	39	0	1	38	0	2	38	0	3	38	0
					4	38	0	5	38	0	6	38	0	7.000000000000001	38	0
					8	38	0	9	38	0	10	38	0	11	38	0
					12	38	0	13	38	0	14	38	0	15	38	0
					16	38	0	17	38	0	18	38	0	19	38	0
					20	38	0	21	38	0	22	38	0	23	38	0
					24	38	0	25	38	0	26	38	0	27	38	0
					28	38	0	29	38	0	30	38	0	31	38	0
					32	38	0	33	38	0	34	38	0	35	38	0
					36	38	0	37	38	0	38	38	0	39	38	0
					40	38	0	41	38	0	42	38	0	43	38	0
					44	38	0	45	38	0	46	38	0	47	38	0
					48	38	0	49	38	0	50	38	0	51	38	0
					52	38	0	53	38	0	54	38	0	55.00000000000001	38	0
					56.00000000000001	38	0	56.99999999999999	38	0	57.99999999999999	38	0	59	38	0
					60	38	0	61	38	0	62	38	0	63	38	0
					64	38	0	65	38	0	66	38	0	67	38	0
					68	38	0	69	38	0	70	38	0	71	38	0
					72	38	0	73	38	0	74	38	0	75	38	0
					76	38	0	77	38	0	78	38	0	79	38	0
					80	38	0	81	38	0	82	38	0	83	38	0
					84	38	0	85	38	0	86	38	0	87	38	0
					88	38	0	89	38	0	90	38	0	91	38	0
					92	38	0	93	38	0	94	38	0	95	38	0
					96	38	0	97	38	0	98	38	0	99	38	0
					1	37	0	2	37	0	3	37	0	4	37	0
					5	37	0	6	37	0	7.000000000000001	37	0	8	37	0
					9	37	0	10	37	0	11	37	0	12	37	0
					13	37	0	14	37	0	15	37	0	16	37	0
					17	37	0	18	37	0	19	37	0	20	37	0
					21	37	0	22	37	0	23	37	0	24	37	0
					25	37	0	26	37	0	27	37	0	28	37	0
					29	37	0	30	37	0	31	37	0	32	37	0
					33	37	0	34	37	0	35	37	0	36	37	0
					37	37	0	38	37	0	39	37	0	40	37	0
					41	37	0	42	37	0	43	37	0	44	37	0
					45	37	0	46	37	0	47	37	0	48	37	0
					49	37	0	50	37	0	51	37	0	52	37	0
					53	37	0	54	37	0	55.00000000000001	37	0	56.00000000000001	37	0
					56.99999999999999	37	0	57.99999999999999	37	0	59	37	0	60	37	0
					61	37	0	62	37	0	63	37	0	64	37	0
					65	37	0	66	37	0	67	37	0	68	37	0
					69	37	0	70	37	0	71	37	0	72	37	0
					73	37	0	74	37	0	75	37	0	76	37	0
					77	37	0	78	37	0	79	37	0	80	37	0
					81	37	0	82	37	0	83	37	0	84	37	0
					85	37	0	86	37	0	87	37	0	88	37	0
					89	37	0	90	37	0	91	37	0	92	37	0
					93	37	0	94	37	0	95	37	0	96	37	0
					97	37	0	98	37	0	99	37	0	1	36	0
					2	36	0	3	36	0	4	36	0	5	36	0
					6	36	0	7.000000000000001	36	0	8	36	0	9	36	0
					10	36	0	11	36	0	12	36	0	13	36	0
					14	36	0	15	36	0	16	36	0	17	36	0
					18	36	0	19	36	0	20	36	0	21	36	0
					22	36	0	23	36	0	24	36	0	25	36	0
					26	36	0	27	36	0	28	36	0	29	36	0
					30	36	0	31	36	0	32	36	0	33	36	0
					34	36	0	35	36	0	36	36	0	37	36	0
					38	36	0	39	36	0	40	36	0	41	36	0
					42	36	0	43	36	0	44	36	0	45	36	0
					46	36	0	47	36	0	48	36	0	49	36	0
					50	36	0	51	36	0	52	36	0	53	36	0
					54	36	0	55.00000000000001	36	0	56.00000000000001	36	0	56.99999999999999	36	0
					57.99999999999999	36	0	59	36	0	60	36	0	61	36	0
					62	36	0	63	36	0	64	36	0	65	36	0
					66	36	0	67	36	0	68	36	0	69	36	0
					70	36	0	71	36	0	72	36	0	73	36	0
					74	36	0	75	36	0	76	36	0	77	36	0
					78	36	0	79	36	0	80	36	0	81	36	0
					82	36	0	83	36	0	84	36	0	85	36	0
					86	36	0	87	36	0	88	36	0	89	36	0
					90	36	0	91	36	0	92	36	0	93	36	0
					94	36	0	95	36	0	96	36	0	97	36	0
					98	36	0	99	36	0	1	35	0	2	35	0
					3	35	0	4	35	0	5	35	0	6	35	0
					7.000000000000001	35	0	8	35	0	9	35	0	10	35	0
					11	35	0	12	35	0	13	35	0	14	35	0
					15	35	0	16	35	0	17	35	0	18	35	0
					19	35	0	20	35	0	21	35	0	22	35	0
					23	35	0	24	35	0	25	35	0	26	35	0
					27	35	0	28	35	0	29	35	0	30	35	0
					31	35	0	32	35	0	33	35	0	34	35	0
					35	35	0	36	35	0	37	35	0	38	35	0
					39	35	0	40	35	0	41	35	0	42	35	0
					43	35	0	44	35	0	45	35	0	46	35	0
					47	35	0	48	35	0	49	35	0	50	35	0
					51	35	0	52	35	0	53	35	0	54	35	0
					55.00000000000001	35	0	56.00000000000001	35	0	56.99999999999999	35	0	57.99999999999999	35	0
					59	35	0	60	35	0	61	35	0	62	35	0
					63	35	0	64	35	0	65	35	0	66	35	0
					67	35	0	68	35	0	69	35	0	70	35	0
					71	35	0	72	35	0	73	35	0	74	35	0
					75	35	0	76	35	0	77	35	0	78	35	0
					79	35	0	80	35	0	81	35	0	82	35	0
					83	35	0	84	35	0	85	35	0	86	35	0
					87	35	0	88	35	0	89	35	0	90	35	0
					91	35	0	92	35	0	93	35	0	94	35	0
					95	35	0	96	35	0	97	35	0	98	35	0
					99	35	0	1	34	0	2	34	0	3	34	0
					4	34	0	5	34	0	6	34	0	7.000000000000001	34	0
					8	34	0	9	34	0	10	34	0	11	34	0
					12	34	0	13	34	0	14	34	0	15	34	0
					16	34	0	17	34	0	18	34	0	19	34	0
					20	34	0	21	34	0	22	34	0	23	34	0
					24	34	0	25	34	0	26	34	0	27	34	0
					28	34	0	29	34	0	30	34	0	31	34	0
					32	34	0	33	34	0	34	34	0	35	34	0
					36	34	0	37	34	0	38	34	0	39	34	0
					40	34	0	41	34	0	42	34	0	43	34	0
					44	34	0	45	34	0	46	34	0	47	34	0
					48	34	0	49	34	0	50	34	0	51	34	0
					52	34	0	53	34	0	54	34	0	55.00000000000001	34	0
					56.00000000000001	34	0	56.99999999999999	34	0	57.99999999999999	34	0	59	34	0
					60	34	0	61	34	0	62	34	0	63	34	0
					64	34	0	65	34	0	66	34	0	67	34	0
					68	34	0	69	34	0	70	34	0	71	34	0
					72	34	0	73	34	0	74	34	0	75	34	0
					76	34	0	77	34	0	78	34	0	79	34	0
					80	34	0	81	34	0	82	34	0	83	34	0
					84	34	0	85	34	0	86	34	0	87	34	0
					88	34	0	89	34	0	90	34	0	91	34	0
					92	34	0	93	34	0	94	34	0	95	34	0
					96	34	0	97	34	0	98	34	0	99	34	0
					1	33	0	2	33	0	3	33	0	4	33	0
					5	33	0	6	33	0	7.000000000000001	33	0	8	33	0
					9	33	0	10	33	0	11	33	0	12	33	0
					13	33	0	14	33	0	15	33	0	16	33	0
					17	33	0	18	33	0	19	33	0	20	33	0
					21	33	0	22	33	0	23	33	0	24	33	0
					25	33	0	26	33	0	27	33	0	28	33	0
					29	33	0	30	33	0	31	33	0	32	33	0
					33	33	0	34	33	0	35	33	0	36	33	0
					37	33	0	38	33	0	39	33	0	40	33	0
					41	33	0	42	33	0	43	33	0	44	33	0
					45	33	0	46	33	0	47	33	0	48	33	0
					49	33	0	50	33	0	51	33	0	52	33	0
					53	33	0	54	33	0	55.00000000000001	33	0	56.00000000000001	33	0
					56.99999999999999	33	0	57.99999999999999	33	0	59	33	0	60	33	0
					61	33	0	62	33	0	63	33	0	64	33	0
					65	33	0	66	33	0	67	33	0	68	33	0
					69	33	0	70	33	0	71	33	0	72	33	0
					73	33	0	74	33	0	75	33	0	76	33	0
					77	33	0	78	33	0	79	33	0	80	33	0
					81	33	0	82	33	0	83	33	0	84	33	0
					85	33	0	86	33	0	87	33	0	88	33	0
					89	33	0	90	33	0	91	33	0	92	33	0
					93	33	0	94	33	0	95	33	0	96	33	0
					97	33	0	98	33	0	99	33	0	1	32	0
					2	32	0	3	32	0	4	32	0	5	32	0
					6	32	0	7.000000000000001	32	0	8	32	0	9	32	0
					10	32	0	11	32	0	12	32	0	13	32	0
					14	32	0	15	32	0	16	32	0	17	32	0
					18	32	0	19	32	0	20	32	0	21	32	0
					22	32	0	23	32	0	24	32	0	25	32	0
					26	32	0	27	32	0	28	32	0	29	32	0
					30	32	0	31	32	0	32	32	0	33	32	0
					34	32	0	35	32	0	36	32	0	37	32	0
					38	32	0	39	32	0	40	32	0	41	32	0
					42	32	0	43	32	0	44	32	0	45	32	0
					46	32	0	47	32	0	48	32	0	49	32	0
					50	32	0	51	32	0	52	32	0	53	32	0
					54	32	0	55.00000000000001	32	0	56.00000000000001	32	0	56.99999999999999	32	0
					57.99999999999999	32	0	59	32	0	60	32	0	61	32	0
					62	32	0	63	32	0	64	32	0	65	32	0
					66	32	0	67	32	0	68	32	0	69	32	0
					70	32	0	71	32	0	72	32	0	73	32	0
					74	32	0	75	32	0	76	32	0	77	32	0
					78	32	0	79	32	0	80	32	0	81	32	0
					82	32	0	83	32	0	84	32	0	85	32	0
					86	32	0	87	32	0	88	32	0	89	32	0
					90	32	0	91	32	0	92	32	0	93	32	0
					94	32	0	95	32	0	96	32	0	97	32	0
					98	32	0	99	32	0	1	31	0	2	31	0
					3	31	0	4	31	0	5	31	0	6	31	0
					7.000000000000001	31	0	8	31	0	9	31	0	10	31	0
					11	31	0	12	31	0	13	31	0	14	31	0
					15	31	0	16	31	0	17	31	0	18	31	0
					19	31	0	20	31	0	21	31	0	22	31	0
					23	31	0	24	31	0	25	31	0	26	31	0
					27	31	0	28	31	0	29	31	0	30	31	0
					31	31	0	32	31	0	33	31	0	34	31	0
					35	31	0	36	31	0	37	31	0	38	31	0
					39	31	0	40	31	0	41	31	0	42	31	0
					43	31	0	44	31	0	45	31	0	46	31	0
					47	31	0	48	31	0	49	31	0	50	31	0
					51	31	0	52	31	0	53	31	0	54	31	0
					55.00000000000001	31	0	56.00000000000001	31	0	56.99999999999999	31	0	57.99999999999999	31	0
					59	31	0	60	31	0	61	31	0	62	31	0
					63	31	0	64	31	0	65	31	0	66	31	0
					67	31	0	68	31	0	69	31	0	70	31	0
					71	31	0	72	31	0	73	31	0	74	31	0
					75	31	0	76	31	0	77	31	0	78	31	0
					79	31	0	80	31	0	81	31	0	82	31	0
					83	31	0	84	31	0	85	31	0	86	31	0
					87	31	0	88	31	0	89	31	0	90	31	0
					91	31	0	92	31	0	93	31	0	94	31	0
					95	31	0	96	31	0	97	31	0	98	31	0
					99	31	0	1	30	0	2	30	0	3	30	0
					4	30	0	5	30	0	6	30	0	7.000000000000001	30	0
					8	30	0	9	30	0	10	30	0	11	30	0
					12	30	0	13	30	0	14	30	0	15	30	0
					16	30	0	17	30	0	18	30	0	19	30	0
					20	30	0	21	30	0	22	30	0	23	30	0
					24	30	0	25	30	0	26	30	0	27	30	0
					28	30	0	29	30	0	30	30	0	31	30	0
					32	30	0	33	30	0	34	30	0	35	30	0
					36	30	0	37	30	0	38	30	0	39	30	0
					40	30	0	41	30	0	42	30	0	43	30	0
					44	30	0	45	30	0	46	30	0	47	30	0
					48	30	0	49	30	0	50	30	0	51	30	0
					52	30	0	53	30	0	54	30	0	55.00000000000001	30	0
					56.00000000000001	30	0	56.99999999999999	30	0	57.99999999999999	30	0	59	30	0
					60	30	0	61	30	0	62	30	0	63	30	0
					64	30	0	65	30	0	66	30	0	67	30	0
					68	30	0	69	30	0	70	30	0	71	30	0
					72	30	0	73	30	0	74	30	0	75	30	0
					76	30	0	77	30	0	78	30	0	79	30	0
					80	30	0	81	30	0	82	30	0	83	30	0
					84	30	0	85	30	0	86	30	0	87	30	0
					88	30	0	89	30	0	90	30	0	91	30	0
					92	30	0	93	30	0	94	30	0	95	30	0
					96	30	0	97	30	0	98	30	0	99	30	0
					1	29	0	2	29	0	3	29	0	4	29	0
					5	29	0	6	29	0	7.000000000000001	29	0	8	29	0
					9	29	0	10	29	0	11	29	0	12	29	0
					13	29	0	14	29	0	15	29	0	16	29	0
					17	29	0	18	29	0	19	29	0	20	29	0
					21	29	0	22	29	0	23	29	0	24	29	0
					25	29	0	26	29	0	27	29	0	28	29	0
					29	29	0	30	29	0	31	29	0	32	29	0
					33	29	0	34	29	0	35	29	0	36	29	0
					37	29	0	38	29	0	39	29	0	40	29	0
					41	29	0	42	29	0	43	29	0	44	29	0
					45	29	0	46	29	0	47	29	0	48	29	0
					49	29	0	50	29	0	51	29	0	52	29	0
					53	29	0	54	29	0	55.00000000000001	29	0	56.00000000000001	29	0
					56.99999999999999	29	0	57.99999999999999	29	0	59	29	0	60	29	0
					61	29	0	62	29	0	63	29	0	64	29	0
					65	29	0	66	29	0	67	29	0	68	29	0
					69	29	0	70	29	0	71	29	0	72	29	0
					73	29	0	74	29	0	75	29	0	76	29	0
					77	29	0	78	29	0	79	29	0	80	29	0
					81	29	0	82	29	0	83	29	0	84	29	0
					85	29	0	86	29	0	87	29	0	88	29	0
					89	29	0	90	29	0	91	29	0	92	29	0
					93	29	0	94	29	0	95	29	0	96	29	0
					97	29	0	98	29	0	99	29	0	1	28	0
					2	28	0	3	28	0	4	28	0	5	28	0
					6	28	0	7.000000000000001	28	0	8	28	0	9	28	0
					10	28	0	11	28	0	12	28	0	13	28	0
					14	28	0	15	28	0	16	28	0	17	28	0
					18	28	0	19	28	0	20	28	0	21	28	0
					22	28	0	23	28	0	24	28	0	25	28	0
					26	28	0	27	28	0	28	28	0	29	28	0
					30	28	0	31	28	0	32	28	0	33	28	0
					34	28	0	35	28	0	36	28	0	37	28	0
					38	28	0	39	28	0	40	28	0	41	28	0
					42	28	0	43	28	0	44	28	0	45	28	0
					46	28	0	47	28	0	48	28	0	49	28	0
					50	28	0	51	28	0	52	28	0	53	28	0
					54	28	0	55.00000000000001	28	0	56.00000000000001	28	0	56.99999999999999	28	0
					57.99999999999999	28	0	59	28	0	60	28	0	61	28	0
					62	28	0	63	28	0	64	28	0	65	28	0
					66	28	0	67	28	0	68	28	0	69	28	0
					70	28	0	71	28	0	72	28	0	73	28	0
					74	28	0	75	28	0	76	28	0	77	28	0
					78	28	0	79	28	0	80	28	0	81	28	0
					82	28	0	83	28	0	84	28	0	85	28	0
					86	28	0	87	28	0	88	28	0	89	28	0
					90	28	0	91	28	0	92	28	0	93	28	0
					94	28	0	95	28	0	96	28	0	97	28	0
					98	28	0	99	28	0	1	27	0	2	27	0
					3	27	0	4	27	0	5	27	0	6	27	0
					7.000000000000001	27	0	8	27	0	9	27	0	10	27	0
					11	27	0	12	27	0	13	27	0	14	27	0
					15	27	0	16	27	0	17	27	0	18	27	0
					19	27	0	20	27	0	21	27	0	22	27	0
					23	27	0	24	27	0	25	27	0	26	27	0
					27	27	0	28	27	0	29	27	0	30	27	0
					31	27	0	32	27	0	33	27	0	34	27	0
					35	27	0	36	27	0	37	27	0	38	27	0
					39	27	0	40	27	0	41	27	0	42	27	0
					43	27	0	44	27	0	45	27	0	46	27	0
					47	27	0	48	27	0	49	27	0	50	27	0
					51	27	0	52	27	0	53	27	0	54	27	0
					55.00000000000001	27	0	56.00000000000001	27	0	56.99999999999999	27	0	57.99999999999999	27	0
					59	27	0	60	27	0	61	27	0	62	27	0
					63	27	0	64	27	0	65	27	0	66	27	0
					67	27	0	68	27	0	69	27	0	70	27	0
					71	27	0	72	27	0	73	27	0	74	27	0
					75	27	0	76	27	0	77	27	0	78	27	0
					79	27	0	80	27	0	81	27	0	82	27	0
					83	27	0	84	27	0	85	27	0	86	27	0
					87	27	0	88	27	0	89	27	0	90	27	0
					91	27	0	92	27	0	93	27	0	94	27	0
					95	27	0	96	27	0	97	27	0	98	27	0
					99	27	0	1	26	0	2	26	0	3	26	0
					4	26	0	5	26	0	6	26	0	7.000000000000001	26	0
					8	26	0	9	26	0	10	26	0	11	26	0
					12	26	0	13	26	0	14	26	0	15	26	0
					16	26	0	17	26	0	18	26	0	19	26	0
					20	26	0	21	26	0	22	26	0	23	26	0
					24	26	0	25	26	0	26	26	0	27	26	0
					28	26	0	29	26	0	30	26	0	31	26	0
					32	26	0	33	26	0	34	26	0	35	26	0
					36	26	0	37	26	0	38	26	0	39	26	0
					40	26	0	41	26	0	42	26	0	43	26	0
					44	26	0	45	26	0	46	26	0	47	26	0
					48	26	0	49	26	0	50	26	0	51	26	0
					52	26	0	53	26	0	54	26	0	55.00000000000001	26	0
					56.00000000000001	26	0	56.99999999999999	26	0	57.99999999999999	26	0	59	26	0
					60	26	0	61	26	0	62	26	0	63	26	0
					64	26	0	65	26	0	66	26	0	67	26	0
					68	26	0	69	26	0	70	26	0	71	26	0
					72	26	0	73	26	0	74	26	0	75	26	0
					76	26	0	77	26	0	78	26	0	79	26	0
					80	26	0	81	26	0	82	26	0	83	26	0
					84	26	0	85	26	0	86	26	0	87	26	0
					88	26	0	89	26	0	90	26	0	91	26	0
					92	26	0	93	26	0	94	26	0	95	26	0
					96	26	0	97	26	0	98	26	0	99	26	0
					1	25	0	2	25	0	3	25	0	4	25	0
					5	25	0	6	25	0	7.000000000000001	25	0	8	25	0
					9	25	0	10	25	0	11	25	0	12	25	0
					13	25	0	14	25	0	15	25	0	16	25	0
					17	25	0	18	25	0	19	25	0	20	25	0
					21	25	0	22	25	0	23	25	0	24	25	0
					25	25	0	26	25	0	27	25	0	28	25	0
					29	25	0	30	25	0	31	25	0	32	25	0
					33	25	0	34	25	0	35	25	0	36	25	0
					37	25	0	38	25	0	39	25	0	40	25	0
					41	25	0	42	25	0	43	25	0	44	25	0
					45	25	0	46	25	0	47	25	0	48	25	0
					49	25	0	50	25	0	51	25	0	52	25	0
					53	25	0	54	25	0	55.00000000000001	25	0	56.00000000000001	25	0
					56.99999999999999	25	0	57.99999999999999	25	0	59	25	0	60	25	0
					61	25	0	62	25	0	63	25	0	64	25	0
					65	25	0	66	25	0	67	25	0	68	25	0
					69	25	0	70	25	0	71	25	0	72	25	0
					73	25	0	74	25	0	75	25	0	76	25	0
					77	25	0	78	25	0	79	25	0	80	25	0
					81	25	0	82	25	0	83	25	0	84	25	0
					85	25	0	86	25	0	87	25	0	88	25	0
					89	25	0	90	25	0	91	25	0	92	25	0
					93	25	0	94	25	0	95	25	0	96	25	0
					97	25	0	98	25	0	99	25	0	1	24	0
					2	24	0	3	24	0	4	24	0	5	24	0
					6	24	0	7.000000000000001	24	0	8	24	0	9	24	0
					10	24	0	11	24	0	12	24	0	13	24	0
					14	24	0	15	24	0	16	24	0	17	24	0
					18	24	0	19	24	0	20	24	0	21	24	0
					22	24	0	23	24	0	24	24	0	25	24	0
					26	24	0	27	24	0	28	24	0	29	24	0
					30	24	0	31	24	0	32	24	0	33	24	0
					34	24	0	35	24	0	36	24	0	37	24	0
					38	24	0	39	24	0	40	24	0	41	24	0
					42	24	0	43	24	0	44	24	0	45	24	0
					46	24	0	47	24	0	48	24	0	49	24	0
					50	24	0	51	24	0	52	24	0	53	24	0
					54	24	0	55.00000000000001	24	0	56.00000000000001	24	0	56.99999999999999	24	0
					57.99999999999999	24	0	59	24	0	60	24	0	61	24	0
					62	24	0	63	24	0	64	24	0	65	24	0
					66	24	0	67	24	0	68	24	0	69	24	0
					70	24	0	71	24	0	72	24	0	73	24	0
					74	24	0	75	24	0	76	24	0	77	24	0
					78	24	0	79	24	0	80	24	0	81	24	0
					82	24	0	83	24	0	84	24	0	85	24	0
					86	24	0	87	24	0	88	24	0	89	24	0
					90	24	0	91	24	0	92	24	0	93	24	0
					94	24	0	95	24	0	96	24	0	97	24	0
					98	24	0	99	24	0	1	23	0	2	23	0
					3	23	0	4	23	0	5	23	0	6	23	0
					7.000000000000001	23	0	8	23	0	9	23	0	10	23	0
					11	23	0	12	23	0	13	23	0	14	23	0
					15	23	0	16	23	0	17	23	0	18	23	0
					19	23	0	20	23	0	21	23	0	22	23	0
					23	23	0	24	23	0	25	23	0	26	23	0
					27	23	0	28	23	0	29	23	0	30	23	0
					31	23	0	32	23	0	33	23	0	34	23	0
					35	23	0	36	23	0	37	23	0	38	23	0
					39	23	0	40	23	0	41	23	0	42	23	0
					43	23	0	44	23	0	45	23	0	46	23	0
					47	23	0	48	23	0	49	23	0	50	23	0
					51	23	0	52	23	0	53	23	0	54	23	0
					55.00000000000001	23	0	56.00000000000001	23	0	56.99999999999999	23	0	57.99999999999999	23	0
					59	23	0	60	23	0	61	23	0	62	23	0
					63	23	0	64	23	0	65	23	0	66	23	0
					67	23	0	68	23	0	69	23	0	70	23	0
					71	23	0	72	23	0	73	23	0	74	23	0
					75	23	0	76	23	0	77	23	0	78	23	0
					79	23	0	80	23	0	81	23	0	82	23	0
					83	23	0	84	23	0	85	23	0	86	23	0
					87	23	0	88	23	0	89	23	0	90	23	0
					91	23	0	92	23	0	93	23	0	94	23	0
					95	23	0	96	23	0	97	23	0	98	23	0
					99	23	0	1	22	0	2	22	0	3	22	0
					4	22	0	5	22	0	6	22	0	7.000000000000001	22	0
					8	22	0	9	22	0	10	22	0	11	22	0
					12	22	0	13	22	0	14	22	0	15	22	0
					16	22	0	17	22	0	18	22	0	19	22	0
					20	22	0	21	22	0	22	22	0	23	22	0
					24	22	0	25	22	0	26	22	0	27	22	0
					28	22	0	29	22	0	30	22	0	31	22	0
					32	22	0	33	22	0	34	22	0	35	22	0
					36	22	0	37	22	0	38	22	0	39	22	0
					40	22	0	41	22	0	42	22	0	43	22	0
					44	22	0	45	22	0	46	22	0	47	22	0
					48	22	0	49	22	0	50	22	0	51	22	0
					52	22	0	53	22	0	54	22	0	55.00000000000001	22	0
					56.00000000000001	22	0	56.99999999999999	22	0	57.99999999999999	22	0	59	22	0
					60	22	0	61	22	0	62	22	0	63	22	0
					64	22	0	65	22	0	66	22	0	67	22	0
					68	22	0	69	22	0	70	22	0	71	22	0
					72	22	0	73	22	0	74	22	0	75	22	0
					76	22	0	77	22	0	78	22	0	79	22	0
					80	22	0	81	22	0	82	22	0	83	22	0
					84	22	0	85	22	0	86	22	0	87	22	0
					88	22	0	89	22	0	90	22	0	91	22	0
					92	22	0	93	22	0	94	22	0	95	22	0
					96	22	0	97	22	0	98	22	0	99	22	0
					1	21	0	2	21	0	3	21	0	4	21	0
					5	21	0	6	21	0	7.000000000000001	21	0	8	21	0
					9	21	0	10	21	0	11	21	0	12	21	0
					13	21	0	14	21	0	15	21	0	16	21	0
					17	21	0	18	21	0	19	21	0	20	21	0
					21	21	0	22	21	0	23	21	0	24	21	0
					25	21	0	26	21	0	27	21	0	28	21	0
					29	21	0	30	21	0	31	21	0	32	21	0
					33	21	0	34	21	0	35	21	0	36	21	0
					37	21	0	38	21	0	39	21	0	40	21	0
					41	21	0	42	21	0	43	21	0	44	21	0
					45	21	0	46	21	0	47	21	0	48	21	0
					49	21	0	50	21	0	51	21	0	52	21	0
					53	21	0	54	21	0	55.00000000000001	21	0	56.00000000000001	21	0
					56.99999999999999	21	0	57.99999999999999	21	0	59	21	0	60	21	0
					61	21	0	62	21	0	63	21	0	64	21	0
					65	21	0	66	21	0	67	21	0	68	21	0
					69	21	0	70	21	0	71	21	0	72	21	0
					73	21	0	74	21	0	75	21	0	76	21	0
					77	21	0	78	21	0	79	21	0	80	21	0
					81	21	0	82	21	0	83	21	0	84	21	0
					85	21	0	86	21	0	87	21	0	88	21	0
					89	21	0	90	21	0	91	21	0	92	21	0
					93	21	0	94	21	0	95	21	0	96	21	0
					97	21	0	98	21	0	99	21	0	1	20	0
					2	20	0	3	20	0	4	20	0	5	20	0
					6	20	0	7.000000000000001	20	0	8	20	0	9	20	0
					10	20	0	11	20	0	12	20	0	13	20	0
					14	20	0	15	20	0	16	20	0	17	20	0
					18	20	0	19	20	0	20	20	0	21	20	0
					22	20	0	23	20	0	24	20	0	25	20	0
					26	20	0	27	20	0	28	20	0	29	20	0
					30	20	0	31	20	0	32	20	0	33	20	0
					34	20	0	35	20	0	36	20	0	37	20	0
					38	20	0	39	20	0	40	20	0	41	20	0
					42	20	0	43	20	0	44	20	0	45	20	0
					46	20	0	47	20	0	48	20	0	49	20	0
					50	20	0	51	20	0	52	20	0	53	20	0
					54	20	0	55.00000000000001	20	0	56.00000000000001	20	0	56.99999999999999	20	0
					57.99999999999999	20	0	59	20	0	60	20	0	61	20	0
					62	20	0	63	20	0	64	20	0	65	20	0
					66	20	0	67	20	0	68	20	0	69	20	0
					70	20	0	71	20	0	72	20	0	73	20	0
					74	20	0	75	20	0	76	20	0	77	20	0
					78	20	0	79	20	0	80	20	0	81	20	0
					82	20	0	83	20	0	84	20	0	85	20	0
					86	20	0	87	20	0	88	20	0	89	20	0
					90	20	0	91	20	0	92	20	0	93	20	0
					94	20	0	95	20	0	96	20	0	97	20	0
					98	20	0	99	20	0	1	19	0	2	19	0
					3	19	0	4	19	0	5	19	0	6	19	0
					7.000000000000001	19	0	8	19	0	9	19	0	10	19	0
					11	19	0	12	19	0	13	19	0	14	19	0
					15	19	0	16	19	0	17	19	0	18	19	0
					19	19	0	20	19	0	21	19	0	22	19	0
					23	19	0	24	19	0	25	19	0	26	19	0
					27	19	0	28	19	0	29	19	0	30	19	0
					31	19	0	32	19	0	33	19	0	34	19	0
					35	19	0	36	19	0	37	19	0	38	19	0
					39	19	0	40	19	0	41	19	0	42	19	0
					43	19	0	44	19	0	45	19	0	46	19	0
					47	19	0	48	19	0	49	19	0	50	19	0
					51	19	0	52	19	0	53	19	0	54	19	0
					55.00000000000001	19	0	56.00000000000001	19	0	56.99999999999999	19	0	57.99999999999999	19	0
					59	19	0	60	19	0	61	19	0	62	19	0
					63	19	0	64	19	0	65	19	0	66	19	0
					67	19	0	68	19	0	69	19	0	70	19	0
					71	19	0	72	19	0	73	19	0	74	19	0
					75	19	0	76	19	0	77	19	0	78	19	0
					79	19	0	80	19	0	81	19	0	82	19	0
					83	19	0	84	19	0	85	19	0	86	19	0
					87	19	0	88	19	0	89	19	0	90	19	0
					91	19	0	92	19	0	93	19	0	94	19	0
					95	19	0	96	19	0	97	19	0	98	19	0
					99	19	0	1	18	0	2	18	0	3	18	0
					4	18	0	5	18	0	6	18	0	7.000000000000001	18	0
					8	18	0	9	18	0	10	18	0	11	18	0
					12	18	0	13	18	0	14	18	0	15	18	0
					16	18	0	17	18	0	18	18	0	19	18	0
					20	18	0	21	18	0	22	18	0	23	18	0
					24	18	0	25	18	0	26	18	0	27	18	0
					28	18	0	29	18	0	30	18	0	31	18	0
					32	18	0	33	18	0	34	18	0	35	18	0
					36	18	0	37	18	0	38	18	0	39	18	0
					40	18	0	41	18	0	42	18	0	43	18	0
					44	18	0	45	18	0	46	18	0	47	18	0
					48	18	0	49	18	0	50	18	0	51	18	0
					52	18	0	53	18	0	54	18	0	55.00000000000001	18	0
					56.00000000000001	18	0	56.99999999999999	18	0	57.99999999999999	18	0	59	18	0
					60	18	0	61	18	0	62	18	0	63	18	0
					64	18	0	65	18	0	66	18	0	67	18	0
					68	18	0	69	18	0	70	18	0	71	18	0
					72	18	0	73	18	0	74	18	0	75	18	0
					76	18	0	77	18	0	78	18	0	79	18	0
					80	18	0	81	18	0	82	18	0	83	18	0
					84	18	0	85	18	0	86	18	0	87	18	0
					88	18	0	89	18	0	90	18	0	91	18	0
					92	18	0	93	18	0	94	18	0	95	18	0
					96	18	0	97	18	0	98	18	0	99	18	0
					1	17	0	2	17	0	3	17	0	4	17	0
					5	17	0	6	17	0	7.000000000000001	17	0	8	17	0
					9	17	0	10	17	0	11	17	0	12	17	0
					13	17	0	14	17	0	15	17	0	16	17	0
					17	17	0	18	17	0	19	17	0	20	17	0
					21	17	0	22	17	0	23	17	0	24	17	0
					25	17	0	26	17	0	27	17	0	28	17	0
					29	17	0	30	17	0	31	17	0	32	17	0
					33	17	0	34	17	0	35	17	0	36	17	0
					37	17	0	38	17	0	39	17	0	40	17	0
					41	17	0	42	17	0	43	17	0	44	17	0
					45	17	0	46	17	0	47	17	0	48	17	0
					49	17	0	50	17	0	51	17	0	52	17	0
					53	17	0	54	17	0	55.00000000000001	17	0	56.00000000000001	17	0
					56.99999999999999	17	0	57.99999999999999	17	0	59	17	0	60	17	0
					61	17	0	62	17	0	63	17	0	64	17	0
					65	17	0	66	17	0	67	17	0	68	17	0
					69	17	0	70	17	0	71	17	0	72	17	0
					73	17	0	74	17	0	75	17	0	76	17	0
					77	17	0	78	17	0	79	17	0	80	17	0
					81	17	0	82	17	0	83	17	0	84	17	0
					85	17	0	86	17	0	87	17	0	88	17	0
					89	17	0	90	17	0	91	17	0	92	17	0
					93	17	0	94	17	0	95	17	0	96	17	0
					97	17	0	98	17	0	99	17	0	1	16	0
					2	16	0	3	16	0	4	16	0	5	16	0
					6	16	0	7.000000000000001	16	0	8	16	0	9	16	0
					10	16	0	11	16	0	12	16	0	13	16	0
					14	16	0	15	16	0	16	16	0	17	16	0
					18	16	0	19	16	0	20	16	0	21	16	0
					22	16	0	23	16	0	24	16	0	25	16	0
					26	16	0	27	16	0	28	16	0	29	16	0
					30	16	0	31	16	0	32	16	0	33	16	0
					34	16	0	35	16	0	36	16	0	37	16	0
					38	16	0	39	16	0	40	16	0	41	16	0
					42	16	0	43	16	0	44	16	0	45	16	0
					46	16	0	47	16	0	48	16	0	49	16	0
					50	16	0	51	16	0	52	16	0	53	16	0
					54	16	0	55.00000000000001	16	0	56.00000000000001	16	0	56.99999999999999	16	0
					57.99999999999999	16	0	59	16	0	60	16	0	61	16	0
					62	16	0	63	16	0	64	16	0	65	16	0
					66	16	0	67	16	0	68	16	0	69	16	0
					70	16	0	71	16	0	72	16	0	73	16	0
					74	16	0	75	16	0	76	16	0	77	16	0
					78	16	0	79	16	0	80	16	0	81	16	0
					82	16	0	83	16	0	84	16	0	85	16	0
					86	16	0	87	16	0	88	16	0	89	16	0
					90	16	0	91	16	0	92	16	0	93	16	0
					94	16	0	95	16	0	96	16	0	97	16	0
					98	16	0	99	16	0	1	15	0	2	15	0
					3	15	0	4	15	0	5	15	0	6	15	0
					7.000000000000001	15	0	8	15	0	9	15	0	10	15	0
					11	15	0	12	15	0	13	15	0	14	15	0
					15	15	0	16	15	0	17	15	0	18	15	0
					19	15	0	20	15	0	21	15	0	22	15	0
					23	15	0	24	15	0	25	15	0	26	15	0
					27	15	0	28	15	0	29	15	0	30	15	0
					31	15	0	32	15	0	33	15	0	34	15	0
					35	15	0	36	15	0	37	15	0	38	15	0
					39	15	0	40	15	0	41	15	0	42	15	0
					43	15	0	44	15	0	45	15	0	46	15	0
					47	15	0	48	15	0	49	15	0	50	15	0
					51	15	0	52	15	0	53	15	0	54	15	0
					55.00000000000001	15	0	56.00000000000001	15	0	56.99999999999999	15	0	57.99999999999999	15	0
					59	15	0	60	15	0	61	15	0	62	15	0
					63	15	0	64	15	0	65	15	0	66	15	0
					67	15	0	68	15	0	69	15	0	70	15	0
					71	15	0	72	15	0	73	15	0	74	15	0
					75	15	0	76	15	0	77	15	0	78	15	0
					79	15	0	80	15	0	81	15	0	82	15	0
					83	15	0	84	15	0	85	15	0	86	15	0
					87	15	0	88	15	0	89	15	0	90	15	0
					91	15	0	92	15	0	93	15	0	94	15	0
					95	15	0	96	15	0	97	15	0	98	15	0
					99	15	0	1	14	0	2	14	0	3	14	0
					4	14	0	5	14	0	6	14	0	7.000000000000001	14	0
					8	14	0	9	14	0	10	14	0	11	14	0
					12	14	0	13	14	0	14	14	0	15	14	0
					16	14	0	17	14	0	18	14	0	19	14	0
					20	14	0	21	14	0	22	14	0	23	14	0
					24	14	0	25	14	0	26	14	0	27	14	0
					28	14	0	29	14	0	30	14	0	31	14	0
					32	14	0	33	14	0	34	14	0	35	14	0
					36	14	0	37	14	0	38	14	0	39	14	0
					40	14	0	41	14	0	42	14	0	43	14	0
					44	14	0	45	14	0	46	14	0	47	14	0
					48	14	0	49	14	0	50	14	0	51	14	0
					52	14	0	53	14	0	54	14	0	55.00000000000001	14	0
					56.00000000000001	14	0	56.99999999999999	14	0	57.99999999999999	14	0	59	14	0
					60	14	0	61	14	0	62	14	0	63	14	0
					64	14	0	65	14	0	66	14	0	67	14	0
					68	14	0	69	14	0	70	14	0	71	14	0
					72	14	0	73	14	0	74	14	0	75	14	0
					76	14	0	77	14	0	78	14	0	79	14	0
					80	14	0	81	14	0	82	14	0	83	14	0
					84	14	0	85	14	0	86	14	0	87	14	0
					88	14	0	89	14	0	90	14	0	91	14	0
					92	14	0	93	14	0	94	14	0	95	14	0
					96	14	0	97	14	0	98	14	0	99	14	0
					1	13	0	2	13	0	3	13	0	4	13	0
					5	13	0	6	13	0	7.000000000000001	13	0	8	13	0
					9	13	0	10	13	0	11	13	0	12	13	0
					13	13	0	14	13	0	15	13	0	16	13	0
					17	13	0	18	13	0	19	13	0	20	13	0
					21	13	0	22	13	0	23	13	0	24	13	0
					25	13	0	26	13	0	27	13	0	28	13	0
					29	13	0	30	13	0	31	13	0	32	13	0
					33	13	0	34	13	0	35	13	0	36	13	0
					37	13	0	38	13	0	39	13	0	40	13	0
					41	13	0	42	13	0	43	13	0	44	13	0
					45	13	0	46	13	0	47	13	0	48	13	0
					49	13	0	50	13	0	51	13	0	52	13	0
					53	13	0	54	13	0	55.00000000000001	13	0	56.00000000000001	13	0
					56.99999999999999	13	0	57.99999999999999	13	0	59	13	0	60	13	0
					61	13	0	62	13	0	63	13	0	64	13	0
					65	13	0	66	13	0	67	13	0	68	13	0
					69	13	0	70	13	0	71	13	0	72	13	0
					73	13	0	74	13	0	75	13	0	76	13	0
					77	13	0	78	13	0	79	13	0	80	13	0
					81	13	0	82	13	0	83	13	0	84	13	0
					85	13	0	86	13	0	87	13	0	88	13	0
					89	13	0	90	13	0	91	13	0	92	13	0
					93	13	0	94	13	0	95	13	0	96	13	0
					97	13	0	98	13	0	99	13	0	1	12	0
					2	12	0	3	12	0	4	12	0	5	12	0
					6	12	0	7.000000000000001	12	0	8	12	0	9	12	0
					10	12	0	11	12	0	12	12	0	13	12	0
					14	12	0	15	12	0	16	12	0	17	12	0
					18	12	0	19	12	0	20	12	0	21	12	0
					22	12	0	23	12	0	24	12	0	25	12	0
					26	12	0	27	12	0	28	12	0	29	12	0
					30	12	0	31	12	0	32	12	0	33	12	0
					34	12	0	35	12	0	36	12	0	37	12	0
					38	12	0	39	12	0	40	12	0	41	12	0
					42	12	0	43	12	0	44	12	0	45	12	0
					46	12	0	47	12	0	48	12	0	49	12	0
					50	12	0	51	12	0	52	12	0	53	12	0
					54	12	0	55.00000000000001	12	0	56.00000000000001	12	0	56.99999999999999	12	0
					57.99999999999999	12	0	59	12	0	60	12	0	61	12	0
					62	12	0	63	12	0	64	12	0	65	12	0
					66	12	0	67	12	0	68	12	0	69	12	0
					70	12	0	71	12	0	72	12	0	73	12	0
					74	12	0	75	12	0	76	12	0	77	12	0
					78	12	0	79	12	0	80	12	0	81	12	0
					82	12	0	83	12	0	84	12	0	85	12	0
					86	12	0	87	12	0	88	12	0	89	12	0
					90	12	0	91	12	0	92	12	0	93	12	0
					94	12	0	95	12	0	96	12	0	97	12	0
					98	12	0	99	12	0	1	11	0	2	11	0
					3	11	0	4	11	0	5	11	0	6	11	0
					7.000000000000001	11	0	8	11	0	9	11	0	10	11	0
					11	11	0	12	11	0	13	11	0	14	11	0
					15	11	0	16	11	0	17	11	0	18	11	0
					19	11	0	20	11	0	21	11	0	22	11	0
					23	11	0	24	11	0	25	11	0	26	11	0
					27	11	0	28	11	0	29	11	0	30	11	0
					31	11	0	32	11	0	33	11	0	34	11	0
					35	11	0	36	11	0	37	11	0	38	11	0
					39	11	0	40	11	0	41	11	0	42	11	0
					43	11	0	44	11	0	45	11	0	46	11	0
					47	11	0	48	11	0	49	11	0	50	11	0
					51	11	0	52	11	0	53	11	0	54	11	0
					55.00000000000001	11	0	56.00000000000001	11	0	56.99999999999999	11	0	57.99999999999999	11	0
					59	11	0	60	11	0	61	11	0	62	11	0
					63	11	0	64	11	0	65	11	0	66	11	0
					67	11	0	68	11	0	69	11	0	70	11	0
					71	11	0	72	11	0	73	11	0	74	11	0
					75	11	0	76	11	0	77	11	0	78	11	0
					79	11	0	80	11	0	81	11	0	82	11	0
					83	11	0	84	11	0	85	11	0	86	11	0
					87	11	0	88	11	0	89	11	0	90	11	0
					91	11	0	92	11	0	93	11	0	94	11	0
					95	11	0	96	11	0	97	11	0	98	11	0
					99	11	0	1	10	0	2	10	0	3	10	0
					4	10	0	5	10	0	6	10	0	7.000000000000001	10	0
					8	10	0	9	10	0	10	10	0	11	10	0
					12	10	0	13	10	0	14	10	0	15	10	0
					16	10	0	17	10	0	18	10	0	19	10	0
					20	10	0	21	10	0	22	10	0	23	10	0
					24	10	0	25	10	0	26	10	0	27	10	0
					28	10	0	29	10	0	30	10	0	31	10	0
					32	10	0	33	10	0	34	10	0	35	10	0
					36	10	0	37	10	0	38	10	0	39	10	0
					40	10	0	41	10	0	42	10	0	43	10	0
					44	10	0	45	10	0	46	10	0	47	10	0
					48	10	0	49	10	0	50	10	0	51	10	0
					52	10	0	53	10	0	54	10	0	55.00000000000001	10	0
					56.00000000000001	10	0	56.99999999999999	10	0	57.99999999999999	10	0	59	10	0
					60	10	0	61	10	0	62	10	0	63	10	0
					64	10	0	65	10	0	66	10	0	67	10	0
					68	10	0	69	10	0	70	10	0	71	10	0
					72	10	0	73	10	0	74	10	0	75	10	0
					76	10	0	77	10	0	78	10	0	79	10	0
					80	10	0	81	10	0	82	10	0	83	10	0
					84	10	0	85	10	0	86	10	0	87	10	0
					88	10	0	89	10	0	90	10	0	91	10	0
					92	10	0	93	10	0	94	10	0	95	10	0
					96	10	0	97	10	0	98	10	0	99	10	0
					1	9	0	2	9	0	3	9	0	4	9	0
					5	9	0	6	9	0	7.000000000000001	9	0	8	9	0
					9	9	0	10	9	0	11	9	0	12	9	0
					13	9	0	14	9	0	15	9	0	16	9	0
					17	9	0	18	9	0	19	9	0	20	9	0
					21	9	0	22	9	0	23	9	0	24	9	0
					25	9	0	26	9	0	27	9	0	28	9	0
					29	9	0	30	9	0	31	9	0	32	9	0
					33	9	0	34	9	0	35	9	0	36	9	0
					37	9	0	38	9	0	39	9	0	40	9	0
					41	9	0	42	9	0	43	9	0	44	9	0
					45	9	0	46	9	0	47	9	0	48	9	0
					49	9	0	50	9	0	51	9	0	52	9	0
					53	9	0	54	9	0	55.00000000000001	9	0	56.00000000000001	9	0
					56.99999999999999	9	0	57.99999999999999	9	0	59	9	0	60	9	0
					61	9	0	62	9	0	63	9	0	64	9	0
					65	9	0	66	9	0	67	9	0	68	9	0
					69	9	0	70	9	0	71	9	0	72	9	0
					73	9	0	74	9	0	75	9	0	76	9	0
					77	9	0	78	9	0	79	9	0	80	9	0
					81	9	0	82	9	0	83	9	0	84	9	0
					85	9	0	86	9	0	87	9	0	88	9	0
					89	9	0	90	9	0	91	9	0	92	9	0
					93	9	0	94	9	0	95	9	0	96	9	0
					97	9	0	98	9	0	99	9	0	1	8	0
					2	8	0	3	8	0	4	8	0	5	8	0
					6	8	0	7.000000000000001	8	0	8	8	0	9	8	0
					10	8	0	11	8	0	12	8	0	13	8	0
					14	8	0	15	8	0	16	8	0	17	8	0
					18	8	0	19	8	0	20	8	0	21	8	0
					22	8	0	23	8	0	24	8	0	25	8	0
					26	8	0	27	8	0	28	8	0	29	8	0
					30	8	0	31	8	0	32	8	0	33	8	0
					34	8	0	35	8	0	36	8	0	37	8	0
					38	8	0	39	8	0	40	8	0	41	8	0
					42	8	0	43	8	0	44	8	0	45	8	0
					46	8	0	47	8	0	48	8	0	49	8	0
					50	8	0	51	8	0	52	8	0	53	8	0
					54	8	0	55.00000000000001	8	0	56.00000000000001	8	0	56.99999999999999	8	0
					57.99999999999999	8	0	59	8	0	60	8	0	61	8	0
					62	8	0	63	8	0	64	8	0	65	8	0
					66	8	0	67	8	0	68	8	0	69	8	0
					70	8	0	71	8	0	72	8	0	73	8	0
					74	8	0	75	8	0	76	8	0	77	8	0
					78	8	0	79	8	0	80	8	0	81	8	0
					82	8	0	83	8	0	84	8	0	85	8	0
					86	8	0	87	8	0	88	8	0	89	8	0
					90	8	0	91	8	0	92	8	0	93	8	0
					94	8	0	95	8	0	96	8	0	97	8	0
					98	8	0	99	8	0	1	7	0	2	7	0
					3	7	0	4	7	0	5	7	0	6	7	0
					7.000000000000001	7	0	8	7	0	9	7	0	10	7	0
					11	7	0	12	7	0	13	7	0	14	7	0
					15	7	0	16	7	0	17	7	0	18	7	0
					19	7	0	20	7	0	21	7	0	22	7	0
					23	7	0	24	7	0	25	7	0	26	7	0
					27	7	0	28	7	0	29	7	0	30	7	0
					31	7	0	32	7	0	33	7	0	34	7	0
					35	7	0	36	7	0	37	7	0	38	7	0
					39	7	0	40	7	0	41	7	0	42	7	0
					43	7	0	44	7	0	45	7	0	46	7	0
					47	7	0	48	7	0	49	7	0	50	7	0
					51	7	0	52	7	0	53	7	0	54	7	0
					55.00000000000001	7	0	56.00000000000001	7	0	56.99999999999999	7	0	57.99999999999999	7	0
					59	7	0	60	7	0	61	7	0	62	7	0
					63	7	0	64	7	0	65	7	0	66	7	0
					67	7	0	68	7	0	69	7	0	70	7	0
					71	7	0	72	7	0	73	7	0	74	7	0
					75	7	0	76	7	0	77	7	0	78	7	0
					79	7	0	80	7	0	81	7	0	82	7	0
					83	7	0	84	7	0	85	7	0	86	7	0
					87	7	0	88	7	0	89	7	0	90	7	0
					91	7	0	92	7	0	93	7	0	94	7	0
					95	7	0	96	7	0	97	7	0	98	7	0
					99	7	0	1	6	0	2	6	0	3	6	0
					4	6	0	5	6	0	6	6	0	7.000000000000001	6	0
					8	6	0	9	6	0	10	6	0	11	6	0
					12	6	0	13	6	0	14	6	0	15	6	0
					16	6	0	17	6	0	18	6	0	19	6	0
					20	6	0	21	6	0	22	6	0	23	6	0
					24	6	0	25	6	0	26	6	0	27	6	0
					28	6	0	29	6	0	30	6	0	31	6	0
					32	6	0	33	6	0	34	6	0	35	6	0
					36	6	0	37	6	0	38	6	0	39	6	0
					40	6	0	41	6	0	42	6	0	43	6	0
					44	6	0	45	6	0	46	6	0	47	6	0
					48	6	0	49	6	0	50	6	0	51	6	0
					52	6	0	53	6	0	54	6	0	55.00000000000001	6	0
					56.00000000000001	6	0	56.99999999999999	6	0	57.99999999999999	6	0	59	6	0
					60	6	0	61	6	0	62	6	0	63	6	0
					64	6	0	65	6	0	66	6	0	67	6	0
					68	6	0	69	6	0	70	6	0	71	6	0
					72	6	0	73	6	0	74	6	0	75	6	0
					76	6	0	77	6	0	78	6	0	79	6	0
					80	6	0	81	6	0	82	6	0	83	6	0
					84	6	0	85	6	0	86	6	0	87	6	0
					88	6	0	89	6	0	90	6	0	91	6	0
					92	6	0	93	6	0	94	6	0	95	6	0
					96	6	0	97	6	0	98	6	0	99	6	0
					1	5	0	2	5	0	3	5	0	4	5	0
					5	5	0	6	5	0	7.000000000000001	5	0	8	5	0
					9	5	0	10	5	0	11	5	0	12	5	0
					13	5	0	14	5	0	15	5	0	16	5	0
					17	5	0	18	5	0	19	5	0	20	5	0
					21	5	0	22	5	0	23	5	0	24	5	0
					25	5	0	26	5	0	27	5	0	28	5	0
					29	5	0	30	5	0	31	5	0	32	5	0
					33	5	0	34	5	0	35	5	0	36	5	0
					37	5	0	38	5	0	39	5	0	40	5	0
					41	5	0	42	5	0	43	5	0	44	5	0
					45	5	0	46	5	0	47	5	0	48	5	0
					49	5	0	50	5	0	51	5	0	52	5	0
					53	5	0	54	5	0	55.00000000000001	5	0	56.00000000000001	5	0
					56.99999999999999	5	0	57.99999999999999	5	0	59	5	0	60	5	0
					61	5	0	62	5	0	63	5	0	64	5	0
					65	5	0	66	5	0	67	5	0	68	5	0
					69	5	0	70	5	0	71	5	0	72	5	0
					73	5	0	74	5	0	75	5	0	76	5	0
					77	5	0	78	5	0	79	5	0	80	5	0
					81	5	0	82	5	0	83	5	0	84	5	0
					85	5	0	86	5	0	87	5	0	88	5	0
					89	5	0	90	5	0	91	5	0	92	5	0
					93	5	0	94	5	0	95	5	0	96	5	0
					97	5	0	98	5	0	99	5	0	1	4	0
					2	4	0	3	4	0	4	4	0	5	4	0
					6	4	0	7.000000000000001	4	0	8	4	0	9	4	0
					10	4	0	11	4	0	12	4	0	13	4	0
					14	4	0	15	4	0	16	4	0	17	4	0
					18	4	0	19	4	0	20	4	0	21	4	0
					22	4	0	23	4	0	24	4	0	25	4	0
					26	4	0	27	4	0	28	4	0	29	4	0
					30	4	0	31	4	0	32	4	0	33	4	0
					34	4	0	35	4	0	36	4	0	37	4	0
					38	4	0	39	4	0	40	4	0	41	4	0
					42	4	0	43	4	0	44	4	0	45	4	0
					46	4	0	47	4	0	48	4	0	49	4	0
					50	4	0	51	4	0	52	4	0	53	4	0
					54	4	0	55.00000000000001	4	0	56.00000000000001	4	0	56.99999999999999	4	0
					57.99999999999999	4	0	59	4	0	60	4	0	61	4	0
					62	4	0	63	4	0	64	4	0	65	4	0
					66	4	0	67	4	0	68	4	0	69	4	0
					70	4	0	71	4	0	72	4	0	73	4	0
					74	4	0	75	4	0	76	4	0	77	4	0
					78	4	0	79	4	0	80	4	0	81	4	0
					82	4	0	83	4	0	84	4	0	85	4	0
					86	4	0	87	4	0	88	4	0	89	4	0
					90	4	0	91	4	0	92	4	0	93	4	0
					94	4	0	95	4	0	96	4	0	97	4	0
					98	4	0	99	4	0	1	3	0	2	3	0
					3	3	0	4	3	0	5	3	0	6	3	0
					7.000000000000001	3	0	8	3	0	9	3	0	10	3	0
					11	3	0	12	3	0	13	3	0	14	3	0
					15	3	0	16	3	0	17	3	0	18	3	0
					19	3	0	20	3	0	21	3	0	22	3	0
					23	3	0	24	3	0	25	3	0	26	3	0
					27	3	0	28	3	0	29	3	0	30	3	0
					31	3	0	32	3	0	33	3	0	34	3	0
					35	3	0	36	3	0	37	3	0	38	3	0
					39	3	0	40	3	0	41	3	0	42	3	0
					43	3	0	44	3	0	45	3	0	46	3	0
					47	3	0	48	3	0	49	3	0	50	3	0
					51	3	0	52	3	0	53	3	0	54	3	0
					55.00000000000001	3	0	56.00000000000001	3	0	56.99999999999999	3	0	57.99999999999999	3	0
					59	3	0	60	3	0	61	3	0	62	3	0
					63	3	0	64	3	0	65	3	0	66	3	0
					67	3	0	68	3	0	69	3	0	70	3	0
					71	3	0	72	3	0	73	3	0	74	3	0
					75	3	0	76	3	0	77	3	0	78	3	0
					79	3	0	80	3	0	81	3	0	82	3	0
					83	3	0	84	3	0	85	3	0	86	3	0
					87	3	0	88	3	0	89	3	0	90	3	0
					91	3	0	92	3	0	93	3	0	94	3	0
					95	3	0	96	3	0	97	3	0	98	3	0
					99	3	0	1	2	0	2	2	0	3	2	0
					4	2	0	5	2	0	6	2	0	7.000000000000001	2	0
					8	2	0	9	2	0	10	2	0	11	2	0
					12	2	0	13	2	0	14	2	0	15	2	0
					16	2	0	17	2	0	18	2	0	19	2	0
					20	2	0	21	2	0	22	2	0	23	2	0
					24	2	0	25	2	0	26	2	0	27	2	0
					28	2	0	29	2	0	30	2	0	31	2	0
					32	2	0	33	2	0	34	2	0	35	2	0
					36	2	0	37	2	0	38	2	0	39	2	0
					40	2	0	41	2	0	42	2	0	43	2	0
					44	2	0	45	2	0	46	2	0	47	2	0
					48	2	0	49	2	0	50	2	0	51	2	0
					52	2	0	53	2	0	54	2	0	55.00000000000001	2	0
					56.00000000000001	2	0	56.99999999999999	2	0	57.99999999999999	2	0	59	2	0
					60	2	0	61	2	0	62	2	0	63	2	0
					64	2	0	65	2	0	66	2	0	67	2	0
					68	2	0	69	2	0	70	2	0	71	2	0
					72	2	0	73	2	0	74	2	0	75	2	0
					76	2	0	77	2	0	78	2	0	79	2	0
					80	2	0	81	2	0	82	2	0	83	2	0
					84	2	0	85	2	0	86	2	0	87	2	0
					88	2	0	89	2	0	90	2	0	91	2	0
					92	2	0	93	2	0	94	2	0	95	2	0
					96	2	0	97	2	0	98	2	0	99	2	0
					1	1	0	2	1	0	3	1	0	4	1	0
					5	1	0	6	1	0	7.000000000000001	1	0	8	1	0
					9	1	0	10	1	0	11	1	0	12	1	0
					13	1	0	14	1	0	15	1	0	16	1	0
					17	1	0	18	1	0	19	1	0	20	1	0
					21	1	0	22	1	0	23	1	0	24	1	0
					25	1	0	26	1	0	27	1	0	28	1	0
					29	1	0	30	1	0	31	1	0	32	1	0
					33	1	0	34	1	0	35	1	0	36	1	0
					37	1	0	38	1	0	39	1	0	40	1	0
					41	1	0	42	1	0	43	1	0	44	1	0
					45	1	0	46	1	0	47	1	0	48	1	0
					49	1	0	50	1	0	51	1	0	52	1	0
					53	1	0	54	1	0	55.00000000000001	1	0	56.00000000000001	1	0
					56.99999999999999	1	0	57.99999999999999	1	0	59	1	0	60	1	0
					61	1	0	62	1	0	63	1	0	64	1	0
					65	1	0	66	1	0	67	1	0	68	1	0
					69	1	0	70	1	0	71	1	0	72	1	0
					73	1	0	74	1	0	75	1	0	76	1	0
					77	1	0	78	1	0	79	1	0	80	1	0
					81	1	0	82	1	0	83	1	0	84	1	0
					85	1	0	86	1	0	87	1	0	88	1	0
					89	1	0	90	1	0	91	1	0	92	1	0
					93	1	0	94	1	0	95	1	0	96	1	0
					97	1	0	98	1	0	99	1	0	28	60	0
					29	60	0	30	60	0	31	60	0	32	60	0
					33	60	0	34	60	0	35	60	0	36	60	0
					37	60	0	38	60	0	39	60	0	40	60	0
					41	60	0	42	60	0	43	60	0	44	60	0
					45	60	0	46	60	0	47	60	0	48	60	0
					49	60	0	50	60	0	51	60	0	52	60	0
					53	60	0	54	60	0	55.00000000000001	60	0	56.00000000000001	60	0
					56.99999999999999	60	0	57.99999999999999	60	0	59	60	0	60	60	0
					61	60	0	62	60	0	63	60	0	64	60	0
					65	60	0	66	60	0	67	60	0	68	60	0
					69	60	0	70	60	0	71	60	0	72	60	0
					73	60	0	74	60	0	75	60	0	76	60	0
					77	60	0	78	60	0	79	60	0	80	60	0
					81	60	0	82	60	0	83	60	0	84	60	0
					85	60	0	86	60	0	87	60	0	88	60	0
					89	60	0	90	60	0	91	60	0	92	60	0
					93	60	0	94	60	0	95	60	0	96	60	0
					97	60	0	98	60	0	99	60	0	1	59	0
					2	59	0	3	59	0	4	59	0	5	59	0
					6	59	0	7.000000000000001	59	0	8	59	0	9	59	0
					10	59	0	11	59	0	12	59	0	13	59	0
					14	59	0	15	59	0	16	59	0	17	59	0
					18	59	0	19	59	0	20	59	0	21	59	0
					22	59	0	23	59	0	24	59	0	25	59	0
					26	59	0	27	59	0	28	59	0	29	59	0
					30	59	0	31	59	0	32	59	0	33	59	0
					34	59	0	35	59	0	36	59	0	37	59	0
					38	59	0	39	59	0	40	59	0	41	59	0
					42	59	0	43	59	0	44	59	0	45	59	0
					46	59	0	47	59	0	48	59	0	49	59	0
					50	59	0	51	59	0	52	59	0	53	59	0
					54	59	0	55.00000000000001	59	0	56.00000000000001	59	0	56.99999999999999	59	0
					57.99999999999999	59	0	59	59	0	60	59	0	61	59	0
					62	59	0	63	59	0	64	59	0	65	59	0
					66	59	0	67	59	0	68	59	0	69	59	0
					70	59	0	71	59	0	72	59	0	73	59	0
					74	59	0	75	59	0	76	59	0	77	59	0
					78	59	0	79	59	0	80	59	0	81	59	0
					82	59	0	83	59	0	84	59	0	85	59	0
					86	59	0	87	59	0	88	59	0	89	59	0
					90	59	0	91	59	0	92	59	0	93	59	0
					94	59	0	95	59	0	96	59	0	97	59	0
					98	59	0	99	59	0	1	58	0	2	58	0
					3	58	0	4	58	0	5	58	0	6	58	0
					7.000000000000001	58	0	8	58	0	9	58	0	10	58	0
					11	58	0	12	58	0	13	58	0	14	58	0
					15	58	0	16	58	0	17	58	0	18	58	0
					19	58	0	20	58	0	21	58	0	22	58	0
					23	58	0	24	58	0	25	58	0	26	58	0
					27	58	0	28	58	0	29	58	0	30	58	0
					31	58	0	32	58	0	33	58	0	34	58	0
					35	58	0	36	58	0	37	58	0	38	58	0
					39	58	0	40	58	0	41	58	0	42	58	0
					43	58	0	44	58	0	45	58	0	46	58	0
					47	58	0	48	58	0	49	58	0	50	58	0
					51	58	0	52	58	0	53	58	0	54	58	0
					55.00000000000001	58	0	56.00000000000001	58	0	56.99999999999999	58	0	57.99999999999999	58	0
					59	58	0	60	58	0	61	58	0	62	58	0
					63	58	0	64	58	0	65	58	0	66	58	0
					67	58	0	68	58	0	69	58	0	70	58	0
					71	58	0	72	58	0	73	58	0	74	58	0
					75	58	0	76	58	0	77	58	0	78	58	0
					79	58	0	80	58	0	81	58	0	82	58	0
					83	58	0	84	58	0	85	58	0	86	58	0
					87	58	0	88	58	0	89	58	0	90	58	0
					91	58	0	92	58	0	93	58	0	94	58	0
					95	58	0	96	58	0	97	58	0	98	58	0
					99	58	0	1	57	0	2	57	0	3	57	0
					4	57	0	5	57	0	6	57	0	7.000000000000001	57	0
					8	57	0	9	57	0	10	57	0	11	57	0
					12	57	0	13	57	0	14	57	0	15	57	0
					16	57	0	17	57	0	18	57	0	19	57	0
					20	57	0	21	57	0	22	57	0	23	57	0
					24	57	0	25	57	0	26	57	0	27	57	0
					28	57	0	29	57	0	30	57	0	31	57	0
					32	57	0	33	57	0	34	57	0	35	57	0
					36	57	0	37	57	0	38	57	0	39	57	0
					40	57	0	41	57	0	42	57	0	43	57	0
					44	57	0	45	57	0	46	57	0	47	57	0
					48	57	0	49	57	0	50	57	0	51	57	0
					52	57	0	53	57	0	54	57	0	55.00000000000001	57	0
					56.00000000000001	57	0	56.99999999999999	57	0	57.99999999999999	57	0	59	57	0
					60	57	0	61	57	0	62	57	0	63	57	0
					64	57	0	65	57	0	66	57	0	67	57	0
					68	57	0	69	57	0	70	57	0	71	57	0
					72	57	0	73	57	0	74	57	0	75	57	0
					76	57	0	77	57	0	78	57	0	79	57	0
					80	57	0	81	57	0	82	57	0	83	57	0
					84	57	0	85	57	0	86	57	0	87	57	0
					88	57	0	89	57	0	90	57	0	91	57	0
					92	57	0	93	57	0	94	57	0	95	57	0
					96	57	0	97	57	0	98	57	0	99	57	0
					1	56	0	2	56	0	3	56	0	4	56	0
					5	56	0	6	56	0	7.000000000000001	56	0	8	56	0
					9	56	0	10	56	0	11	56	0	12	56	0
					13	56	0	14	56	0	15	56	0	16	56	0
					17	56	0	18	56	0	19	56	0	20	56	0
					21	56	0	22	56	0	23	56	0	24	56	0
					25	56	0	26	56	0	27	56	0	28	56	0
					29	56	0	30	56	0	31	56	0	32	56	0
					33	56	0	34	56	0	35	56	0	36	56	0
					37	56	0	38	56	0	39	56	0	40	56	0
					41	56	0	42	56	0	43	56	0	44	56	0
					45	56	0	46	56	0	47	56	0	48	56	0
					49	56	0	50	56	0	51	56	0	52	56	0
					53	56	0	54	56	0	55.00000000000001	56	0	56.00000000000001	56	0
					56.99999999999999	56	0	57.99999999999999	56	0	59	56	0	60	56	0
					61	56	0	62	56	0	63	56	0	64	56	0
					65	56	0	66	56	0	67	56	0	68	56	0
					69	56	0	70	56	0	71	56	0	72	56	0
					73	56	0	74	56	0	75	56	0	76	56	0
					77	56	0	78	56	0	79	56	0	80	56	0
					81	56	0	82	56	0	83	56	0	84	56	0
					85	56	0	86	56	0	87	56	0	88	56	0
					89	56	0	90	56	0	91	56	0	92	56	0
					93	56	0	94	56	0	95	56	0	96	56	0
					97	56	0	98	56	0	99	56	0	1	55	0
					2	55	0	3	55	0	4	55	0	5	55	0
					6	55	0	7.000000000000001	55	0	8	55	0	9	55	0
					10	55	0	11	55	0	12	55	0	13	55	0
					14	55	0	15	55	0	16	55	0	17	55	0
					18	55	0	19	55	0	20	55	0	21	55	0
					22	55	0	23	55	0	24	55	0	25	55	0
					26	55	0	27	55	0	28	55	0	29	55	0
					30	55	0	31	55	0	32	55	0	33	55	0
					34	55	0	35	55	0	36	55	0	37	55	0
					38	55	0	39	55	0	40	55	0	41	55	0
					42	55	0	43	55	0	44	55	0	45	55	0
					46	55	0	47	55	0	48	55	0	49	55	0
					50	55	0	51	55	0	52	55	0	53	55	0
					54	55	0	55.00000000000001	55	0	56.00000000000001	55	0	56.99999999999999	55	0
					57.99999999999999	55	0	59	55	0	60	55	0	61	55	0
					62	55	0	63	55	0	64	55	0	65	55	0
					66	55	0	67	55	0	68	55	0	69	55	0
					70	55	0	71	55	0	72	55	0	73	55	0
					74	55	0	75	55	0	76	55	0	77	55	0
					78	55	0	79	55	0	80	55	0	81	55	0
					82	55	0	83	55	0	84	55	0	85	55	0
					86	55	0	87	55	0	88	55	0	89	55	0
					90	55	0	91	55	0	92	55	0	93	55	0
					94	55	0	95	55	0	96	55	0	97	55	0
					98	55	0	99	55	0	1	54	0	2	54	0
					3	54	0	4	54	0	5	54	0	6	54	0
					7.000000000000001	54	0	8	54	0	9	54	0	10	54	0
					11	54	0	12	54	0	13	54	0	14	54	0
					15	54	0	16	54	0	17	54	0	18	54	0
					19	54	0	20	54	0	21	54	0	22	54	0
					23	54	0	24	54	0	25	54	0	26	54	0
					27	54	0	28	54	0	29	54	0	30	54	0
					31	54	0	32	54	0	33	54	0	34	54	0
					35	54	0	36	54	0	37	54	0	38	54	0
					39	54	0	40	54	0	41	54	0	42	54	0
					43	54	0	44	54	0	45	54	0	46	54	0
					47	54	0	48	54	0	49	54	0	50	54	0
					51	54	0	52	54	0	53	54	0	54	54	0
					55.00000000000001	54	0	56.00000000000001	54	0	56.99999999999999	54	0	57.99999999999999	54	0
					59	54	0	60	54	0	61	54	0	62	54	0
					63	54	0	64	54	0	65	54	0	66	54	0
					67	54	0	68	54	0	69	54	0	70	54	0
					71	54	0	72	54	0	73	54	0	74	54	0
					75	54	0	76	54	0	77	54	0	78	54	0
					79	54	0	80	54	0	81	54	0	82	54	0
					83	54	0	84	54	0	85	54	0	86	54	0
					87	54	0	88	54	0	89	54	0	90	54	0
					91	54	0	92	54	0	93	54	0	94	54	0
					95	54	0	96	54	0	97	54	0	98	54	0
					99	54	0	1	53	0	2	53	0	3	53	0
					4	53	0	5	53	0	6	53	0	7.000000000000001	53	0
					8	53	0	9	53	0	10	53	0	11	53	0
					12	53	0	13	53	0	14	53	0	15	53	0
					16	53	0	17	53	0	18	53	0	19	53	0
					20	53	0	21	53	0	22	53	0	23	53	0
					24	53	0	25	53	0	26	53	0	27	53	0
					28	53	0	29	53	0	30	53	0	31	53	0
					32	53	0	33	53	0	34	53	0	35	53	0
					36	53	0	37	53	0	38	53	0	39	53	0
					40	53	0	41	53	0	42	53	0	43	53	0
					44	53	0	45	53	0	46	53	0	47	53	0
					48	53	0	49	53	0	50	53	0	51	53	0
					52	53	0	53	53	0	54	53	0	55.00000000000001	53	0
					56.00000000000001	53	0	56.99999999999999	53	0	57.99999999999999	53	0	59	53	0
					60	53	0	61	53	0	62	53	0	63	53	0
					64	53	0	65	53	0	66	53	0	67	53	0
					68	53	0	69	53	0	70	53	0	71	53	0
					72	53	0	73	53	0	74	53	0	75	53	0
					76	53	0	77	53	0	78	53	0	79	53	0
					80	53	0	81	53	0	82	53	0	83	53	0
					84	53	0	85	53	0	86	53	0	87	53	0
					88	53	0	89	53	0	90	53	0	91	53	0
					92	53	0	93	53	0	94	53	0	95	53	0
					96	53	0	97	53	0	98	53	0	99	53	0
					1	52	0	2	52	0	3	52	0	4	52	0
					5	52	0	6	52	0	7.000000000000001	52	0	8	52	0
					9	52	0	10	52	0	11	52	0	12	52	0
					13	52	0	14	52	0	15	52	0	16	52	0
					17	52	0	18	52	0	19	52	0	20	52	0
					21	52	0	22	52	0	23	52	0	24	52	0
					25	52	0	26	52	0	27	52	0	28	52	0
					29	52	0	30	52	0	31	52	0	32	52	0
					33	52	0	34	52	0	35	52	0	36	52	0
					37	52	0	38	52	0	39	52	0	40	52	0
					41	52	0	42	52	0	43	52	0	44	52	0
					45	52	0	46	52	0	47	52	0	48	52	0
					49	52	0	50	52	0	51	52	0	52	52	0
					53	52	0	54	52	0	55.00000000000001	52	0	56.00000000000001	52	0
					56.99999999999999	52	0	57.99999999999999	52	0	59	52	0	60	52	0
					61	52	0	62	52	0	63	52	0	64	52	0
					65	52	0	66	52	0	67	52	0	68	52	0
					69	52	0	70	52	0	71	52	0	72	52	0
					73	52	0	74	52	0	75	52	0	76	52	0
					77	52	0	78	52	0	79	52	0	80	52	0
					81	52	0	82	52	0	83	52	0	84	52	0
					85	52	0	86	52	0	87	52	0	88	52	0
					89	52	0	90	52	0	91	52	0	92	52	0
					93	52	0	94	52	0	95	52	0	96	52	0
					97	52	0	98	52	0	99	52	0	1	51	0
					2	51	0	3	51	0	4	51	0	5	51	0
					6	51	0	7.000000000000001	51	0	8	51	0	9	51	0
					10	51	0	11	51	0	12	51	0	13	51	0
					14	51	0	15	51	0	16	51	0	17	51	0
					18	51	0	19	51	0	20	51	0	21	51	0
					22	51	0	23	51	0	24	51	0	25	51	0
					26	51	0	27	51	0	28	51	0	29	51	0
					30	51	0	31	51	0	32	51	0	33	51	0
					34	51	0	35	51	0	36	51	0	37	51	0
					38	51	0	39	51	0	40	51	0	41	51	0
					42	51	0	43	51	0	44	51	0	45	51	0
					46	51	0	47	51	0	48	51	0	49	51	0
					50	51	0	51	51	0	52	51	0	53	51	0
					54	51	0	55.00000000000001	51	0	56.00000000000001	51	0	56.99999999999999	51	0
					57.99999999999999	51	0	59	51	0	60	51	0	61	51	0
					62	51	0	63	51	0	64	51	0	65	51	0
					66	51	0	67	51	0	68	51	0	69	51	0
					70	51	0	71	51	0	72	51	0	73	51	0
					74	51	0	75	51	0	76	51	0	77	51	0
					78	51	0	79	51	0	80	51	0	81	51	0
					82	51	0	83	51	0	84	51	0	85	51	0
					86	51	0	87	51	0	88	51	0	89	51	0
					90	51	0	91	51	0	92	51	0	93	51	0
					94	51	0	95	51	0	96	51	0	97	51	0
					98	51	0	99	51	0	1	50	0	2	50	0
					3	50	0	4	50	0	5	50	0	6	50	0
					7.000000000000001	50	0	8	50	0	9	50	0	10	50	0
					11	50	0	12	50	0	13	50	0	14	50	0
					15	50	0	16	50	0	17	50	0	18	50	0
					19	50	0	20	50	0	21	50	0	22	50	0
					23	50	0	24	50	0	25	50	0	26	50	0
					27	50	0	28	50	0	29	50	0	30	50	0
					31	50	0	32	50	0	33	50	0	34	50	0
					35	50	0	36	50	0	37	50	0	38	50	0
					39	50	0	40	50	0	41	50	0	42	50	0
					43	50	0	44	50	0	45	50	0	46	50	0
					47	50	0	48	50	0	49	50	0	50	50	0
					51	50	0	52	50	0	53	50	0	54	50	0
					55.00000000000001	50	0	56.00000000000001	50	0	56.99999999999999	50	0	57.99999999999999	50	0
					59	50	0	60	50	0	61	50	0	62	50	0
					63	50	0	64	50	0	65	50	0	66	50	0
					67	50	0	68	50	0	69	50	0	70	50	0
					71	50	0	72	50	0	73	50	0	74	50	0
					75	50	0	76	50	0	77	50	0	78	50	0
					79	50	0	80	50	0	81	50	0	82	50	0
					83	50	0	84	50	0	85	50	0	86	50	0
					87	50	0	88	50	0	89	50	0	90	50	0
					91	50	0	92	50	0	93	50	0	94	50	0
					95	50	0	96	50	0	97	50	0	98	50	0
					99	50	0	1	49	0	2	49	0	3	49	0
					4	49	0	5	49	0	6	49	0	7.000000000000001	49	0
					8	49	0	9	49	0	10	49	0	11	49	0
					12	49	0	13	49	0	14	49	0	15	49	0
					16	49	0	17	49	0	18	49	0	19	49	0
					20	49	0	21	49	0	22	49	0	23	49	0
					24	49	0	25	49	0	26	49	0	27	49	0
					28	49	0	29	49	0	30	49	0	31	49	0
					32	49	0	33	49	0	34	49	0	35	49	0
					36	49	0	37	49	0	38	49	0	39	49	0
					40	49	0	41	49	0	42	49	0	43	49	0
					44	49	0	45	49	0	46	49	0	47	49	0
					48	49	0	49	49	0	50	49	0	51	49	0
					52	49	0	53	49	0	54	49	0	55.00000000000001	49	0
					56.00000000000001	49	0	56.99999999999999	49	0	57.99999999999999	49	0	59	49	0
					60	49	0	61	49	0	62	49	0	63	49	0
					64	49	0	65	49	0	66	49	0	67	49	0
					68	49	0	69	49	0	70	49	0	71	49	0
					72	49	0	73	49	0	74	49	0	75	49	0
					76	49	0	77	49	0	78	49	0	79	49	0
					80	49	0	81	49	0	82	49	0	83	49	0
					84	49	0	85	49	0	86	49	0	87	49	0
					88	49	0	89	49	0	90	49	0	91	49	0
					92	49	0	93	49	0	94	49	0	95	49	0
					96	49	0	97	49	0	98	49	0	99	49	0
					1	48	0	2	48	0	3	48	0	4	48	0
					5	48	0	6	48	0	7.000000000000001	48	0	8	48	0
					9	48	0	10	48	0	11	48	0	12	48	0
					13	48	0	14	48	0	15	48	0	16	48	0
					17	48	0	18	48	0	19	48	0	20	48	0
					21	48	0	22	48	0	23	48	0	24	48	0
					25	48	0	26	48	0	27	48	0	28	48	0
					29	48	0	30	48	0	31	48	0	32	48	0
					33	48	0	34	48	0	35	48	0	36	48	0
					37	48	0	38	48	0	39	48	0	40	48	0
					41	48	0	42	48	0	43	48	0	44	48	0
					45	48	0	46	48	0	47	48	0	48	48	0
					49	48	0	50	48	0	51	48	0	52	48	0
					53	48	0	54	48	0	55.00000000000001	48	0	56.00000000000001	48	0
					56.99999999999999	48	0	57.99999999999999	48	0	59	48	0	60	48	0
					61	48	0	62	48	0	63	48	0	64	48	0
					65	48	0	66	48	0	67	48	0	68	48	0
					69	48	0	70	48	0	71	48	0	72	48	0
					73	48	0	74	48	0	75	48	0	76	48	0
					77	48	0	78	48	0	79	48	0	80	48	0
					81	48	0	82	48	0	83	48	0	84	48	0
					85	48	0	86	48	0	87	48	0	88	48	0
					89	48	0	90	48	0	91	48	0	92	48	0
					93	48	0	94	48	0	95	48	0	96	48	0
					97	48	0	98	48	0	99	48	0	1	47	0
					2	47	0	3	47	0	4	47	0	5	47	0
					6	47	0	7.000000000000001	47	0	8	47	0	9	47	0
					10	47	0	11	47	0	12	47	0	13	47	0
					14	47	0	15	47	0	16	47	0	17	47	0
					18	47	0	19	47	0	20	47	0	21	47	0
					22	47	0	23	47	0	24	47	0	25	47	0
					26	47	0	27	47	0	28	47	0	29	47	0
					30	47	0	31	47	0	32	47	0	33	47	0
					34	47	0	35	47	0	36	47	0	37	47	0
					38	47	0	39	47	0	40	47	0	41	47	0
					42	47	0	43	47	0	44	47	0	45	47	0
					46	47	0	47	47	0	48	47	0	49	47	0
					50	47	0	51	47	0	52	47	0	53	47	0
					54	47	0	55.00000000000001	47	0	56.00000000000001	47	0	56.99999999999999	47	0
					57.99999999999999	47	0	59	47	0	60	47	0	61	47	0
					62	47	0	63	47	0	64	47	0	65	47	0
					66	47	0	67	47	0	68	47	0	69	47	0
					70	47	0	71	47	0	72	47	0	73	47	0
					74	47	0	75	47	0	76	47	0	77	47	0
					78	47	0	79	47	0	80	47	0	81	47	0
					82	47	0	83	47	0	84	47	0	85	47	0
					86	47	0	87	47	0	88	47	0	89	47	0
					90	47	0	91	47	0	92	47	0	93	47	0
					94	47	0	95	47	0	96	47	0	97	47	0
					98	47	0	99	47	0	1	46	0	2	46	0
					3	46	0	4	46	0	5	46	0	6	46	0
					7.000000000000001	46	0	8	46	0	9	46	0	10	46	0
					11	46	0	12	46	0	13	46	0	14	46	0
					15	46	0	16	46	0	17	46	0	18	46	0
					19	46	0	20	46	0	21	46	0	22	46	0
					23	46	0	24	46	0	25	46	0	26	46	0
					27	46	0	28	46	0	29	46	0	30	46	0
					31	46	0	32	46	0	33	46	0	34	46	0
					35	46	0	36	46	0	37	46	0	38	46	0
					39	46	0	40	46	0	41	46	0	42	46	0
					43	46	0	44	46	0	45	46	0	46	46	0
					47	46	0	48	46	0	49	46	0	50	46	0
					51	46	0	52	46	0	53	46	0	54	46	0
					55.00000000000001	46	0	56.00000000000001	46	0	56.99999999999999	46	0	57.99999999999999	46	0
					59	46	0	60	46	0	61	46	0	62	46	0
					63	46	0	64	46	0	65	46	0	66	46	0
					67	46	0	68	46	0	69	46	0	70	46	0
					71	46	0	72	46	0	73	46	0	74	46	0
					75	46	0	76	46	0	77	46	0	78	46	0
					79	46	0	80	46	0	81	46	0	82	46	0
					83	46	0	84	46	0	85	46	0	86	46	0
					87	46	0	88	46	0	89	46	0	90	46	0
					91	46	0	92	46	0	93	46	0	94	46	0
					95	46	0	96	46	0	97	46	0	98	46	0
					99	46	0	1	45	0	2	45	0	3	45	0
					4	45	0	5	45	0	6	45	0	7.000000000000001	45	0
					8	45	0	9	45	0	10	45	0	11	45	0
					12	45	0	13	45	0	14	45	0	15	45	0
					16	45	0	17	45	0	18	45	0	19	45	0
					20	45	0	21	45	0	22	45	0	23	45	0
					24	45	0	25	45	0	26	45	0	27	45	0
					28	45	0	29	45	0	30	45	0	31	45	0
					32	45	0	33	45	0	34	45	0	35	45	0
					36	45	0	37	45	0	38	45	0	39	45	0
					40	45	0	41	45	0	42	45	0	43	45	0
					44	45	0	45	45	0	46	45	0	47	45	0
					48	45	0	49	45	0	50	45	0	51	45	0
					52	45	0	53	45	0	54	45	0	55.00000000000001	45	0
					56.00000000000001	45	0	56.99999999999999	45	0	57.99999999999999	45	0	59	45	0
					60	45	0	61	45	0	62	45	0	63	45	0
					64	45	0	65	45	0	66	45	0	67	45	0
					68	45	0	69	45	0	70	45	0	71	45	0
					72	45	0	73	45	0	74	45	0	75	45	0
					76	45	0	77	45	0	78	45	0	79	45	0
					80	45	0	81	45	0	82	45	0	83	45	0
					84	45	0	85	45	0	86	45	0	87	45	0
					88	45	0	89	45	0	90	45	0	91	45	0
					92	45	0	93	45	0	94	45	0	95	45	0
					96	45	0	97	45	0	98	45	0	99	45	0
					1	44	0	2	44	0	3	44	0	4	44	0
					5	44	0	6	44	0	7.000000000000001	44	0	8	44	0
					9	44	0	10	44	0	11	44	0	12	44	0
					13	44	0	14	44	0	15	44	0	16	44	0
					17	44	0	18	44	0	19	44	0	20	44	0
					21	44	0	22	44	0	23	44	0	24	44	0
					25	44	0	26	44	0	27	44	0	28	44	0
					29	44	0	30	44	0	31	44	0	32	44	0
					33	44	0	34	44	0	35	44	0	36	44	0
					37	44	0	38	44	0	39	44	0	40	44	0
					41	44	0	42	44	0	43	44	0	44	44	0
					45	44	0	46	44	0	47	44	0	48	44	0
					49	44	0	50	44	0	51	44	0	52	44	0
					53	44	0	54	44	0	55.00000000000001	44	0	56.00000000000001	44	0
					56.99999999999999	44	0	57.99999999999999	44	0	59	44	0	60	44	0
					61	44	0	62	44	0	63	44	0	64	44	0
					65	44	0	66	44	0	67	44	0	68	44	0
					69	44	0	70	44	0	71	44	0	72	44	0
					73	44	0	74	44	0	75	44	0	76	44	0
					77	44	0	78	44	0	79	44	0	80	44	0
					81	44	0	82	44	0	83	44	0	84	44	0
					85	44	0	86	44	0	87	44	0	88	44	0
					89	44	0	90	44	0	91	44	0	92	44	0
					93	44	0	94	44	0	95	44	0	96	44	0
					97	44	0	98	44	0	99	44	0	1	43	0
					2	43	0	3	43	0	4	43	0	5	43	0
					6	43	0	7.000000000000001	43	0	8	43	0	9	43	0
					10	43	0	11	43	0	12	43	0	13	43	0
					14	43	0	15	43	0	16	43	0	17	43	0
					18	43	0	19	43	0	20	43	0	21	43	0
					22	43	0	23	43	0	24	43	0	25	43	0
					26	43	0	27	43	0	28	43	0	29	43	0
					30	43	0	31	43	0	32	43	0	33	43	0
					34	43	0	35	43	0	36	43	0	37	43	0
					38	43	0	39	43	0	40	43	0	41	43	0
					42	43	0	43	43	0	44	43	0	45	43	0
					46	43	0	47	43	0	48	43	0	49	43	0
					50	43	0	51	43	0	52	43	0	53	43	0
					54	43	0	55.00000000000001	43	0	56.00000000000001	43	0	56.99999999999999	43	0
					57.99999999999999	43	0	59	43	0	60	43	0	61	43	0
					62	43	0	63	43	0	64	43	0	65	43	0
					66	43	0	67	43	0	68	43	0	69	43	0
					70	43	0	71	43	0	72	43	0	73	43	0
					74	43	0	75	43	0	76	43	0	77	43	0
					78	43	0	79	43	0	80	43	0	81	43	0
					82	43	0	83	43	0	84	43	0	85	43	0
					86	43	0	87	43	0	88	43	0	89	43	0
					90	43	0	91	43	0	92	43	0	93	43	0
					94	43	0	95	43	0	96	43	0	97	43	0
					98	43	0	99	43	0	1	42	0	2	42	0
					3	42	0	4	42	0	5	42	0	6	42	0
					7.000000000000001	42	0	8	42	0	9	42	0	10	42	0
					11	42	0	12	42	0	13	42	0	14	42	0
					15	42	0	16	42	0	17	42	0	18	42	0
					19	42	0	20	42	0	21	42	0	22	42	0
					23	42	0	24	42	0	25	42	0	26	42	0
					27	42	0	28	42	0	29	42	0	30	42	0
					31	42	0	32	42	0	33	42	0	34	42	0
					35	42	0	36	42	0	37	42	0	38	42	0
					39	42	0	40	42	0	41	42	0	42	42	0
					43	42	0	44	42	0	45	42	0	46	42	0
					47	42	0	48	42	0	49	42	0	50	42	0
					51	42	0	52	42	0	53	42	0	54	42	0
					55.00000000000001	42	0	56.00000000000001	42	0	56.99999999999999	42	0	57.99999999999999	42	0
					59	42	0	60	42	0	61	42	0	62	42	0
					63	42	0	64	42	0	65	42	0	66	42	0
					67	42	0	68	42	0	69	42	0	70	42	0
					71	42	0	72	42	0	73	42	0	74	42	0
					75	42	0	76	42	0	77	42	0	78	42	0
					79	42	0	80	42	0	81	42	0	82	42	0
					83	42	0	84	42	0	85	42	0	86	42	0
					87	42	0	88	42	0	89	42	0	90	42	0
					91	42	0	92	42	0	93	42	0	94	42	0
					95	42	0	96	42	0	97	42	0	98	42	0
					99	42	0	1	41	0	2	41	0	3	41	0
					4	41	0	5	41	0	6	41	0	7.000000000000001	41	0
					8	41	0	9	41	0	10	41	0	11	41	0
					12	41	0	13	41	0	14	41	0	15	41	0
					16	41	0	17	41	0	18	41	0	19	41	0
					20	41	0	21	41	0	22	41	0	23	41	0
					24	41	0	25	41	0	26	41	0	27	41	0
					28	41	0	29	41	0	30	41	0	31	41	0
					32	41	0	33	41	0	34	41	0	35	41	0
					36	41	0	37	41	0	38	41	0	39	41	0
					40	41	0	41	41	0	42	41	0	43	41	0
					44	41	0	45	41	0	46	41	0	47	41	0
					48	41	0	49	41	0	50	41	0	51	41	0
					52	41	0	53	41	0	54	41	0	55.00000000000001	41	0
					56.00000000000001	41	0	56.99999999999999	41	0	57.99999999999999	41	0	59	41	0
					60	41	0	61	41	0	62	41	0	63	41	0
					64	41	0	65	41	0	66	41	0	67	41	0
					68	41	0	69	41	0	70	41	0	71	41	0
					72	41	0	73	41	0	74	41	0	75	41	0
					76	41	0	77	41	0	78	41	0	79	41	0
					80	41	0	81	41	0	82	41	0	83	41	0
					84	41	0	85	41	0	86	41	0	87	41	0
					88	41	0	89	41	0	90	41	0	91	41	0
					92	41	0	93	41	0	94	41	0	95	41	0
					96	41	0	97	41	0	98	41	0	99	41	0
					1	40	0	2	40	0	3	40	0	4	40	0
					5	40	0	6	40	0	7.000000000000001	40	0	8	40	0
					9	40	0	10	40	0	11	40	0	12	40	0
					13	40	0	14	40	0	15	40	0	16	40	0
					17	40	0	18	40	0	19	40	0	20	40	0
					21	40	0	22	40	0	23	40	0	24	40	0
					25	40	0	26	40	0	27	40	0	28	40	0
					29	40	0	30	40	0	31	40	0	32	40	0
					33	40	0	34	40	0	35	40	0	36	40	0
					37	40	0	38	40	0	39	40	0	40	40	0
					41	40	0	42	40	0	43	40	0	44	40	0
					45	40	0	46	40	0	47	40	0	48	40	0
					49	40	0	50	40	0	51	40	0	52	40	0
					53	40	0	54	40	0	55.00000000000001	40	0	8	79	0
					9	79	0	10	79	0	11	79	0	12	79	0
					13	79	0	14	79	0	15	79	0	16	79	0
					17	79	0	18	79	0	19	79	0	20	79	0
					21	79	0	22	79	0	23	79	0	24	79	0
					25	79	0	26	79	0	27	79	0	28	79	0
					29	79	0	30	79	0	31	79	0	64	79	0
					65	79	0	66	79	0	67	79	0	68	79	0
					69	79	0	70	79	0	71	79	0	72	79	0
					73	79	0	74	79	0	75	79	0	76	79	0
					77	79	0	78	79	0	79	79	0	80	79	0
					81	79	0	82	79	0	83	79	0	84	79	0
					85	79	0	86	79	0	87	79	0	88	79	0
					89	79	0	90	79	0	91	79	0	92	79	0
					93	79	0	94	79	0	95	79	0	96	79	0
					97	79	0	98	79	0	99	79	0	1	78	0
					2	78	0	3	78	0	4	78	0	5	78	0
					6	78	0	7.000000000000001	78	0	8	78	0	9	78	0
					10	78	0	11	78	0	12	78	0	13	78	0
					14	78	0	15	78	0	16	78	0	17	78	0
					18	78	0	19	78	0	20	78	0	21	78	0
					22	78	0	23	78	0	24	78	0	25	78	0
					26	78	0	27	78	0	28	78	0	29	78	0
					30	78	0	31	78	0	32	78	0	33	78	0
					34	78	0	35	78	0	36	78	0	37	78	0
					38	78	0	39	78	0	40	78	0	41	78	0
					42	78	0	43	78	0	44	78	0	45	78	0
					46	78	0	47	78	0	48	78	0	49	78	0
					50	78	0	51	78	0	52	78	0	53	78	0
					14	70	0	15	70	0	16	70	0	17	70	0
					18	70	0	19	70	0	20	70	0	21	70	0
					22	70	0	23	70	0	24	70	0	25	70	0
					26	70	0	27	70	0	28	70	0	29	70	0
					30	70	0	31	70	0	32	70	0	33	70	0
					34	70	0	35	70	0	36	70	0	37	70	0
					38	70	0	39	70	0	40	70	0	41	70	0
					42	70	0	43	70	0	44	70	0	45	70	0
					46	70	0	47	70	0	48	70	0	49	70	0
					50	70	0	51	70	0	52	70	0	53	70	0
					54	70	0	55.00000000000001	70	0	56.00000000000001	70	0	56.99999999999999	70	0
					57.99999999999999	70	0	59	70	0	60	70	0	61	70	0
					62	70	0	63	70	0	64	70	0	65	70	0
					66	70	0	67	70	0	68	70	0	69	70	0
					70	70	0	71	70	0	72	70	0	73	70	0
					74	70	0	75	70	0	76	70	0	77	70	0
					78	70	0	79	70	0	80	70	0	81	70	0
					82	70	0	83	70	0	84	70	0	85	70	0
					86	70	0	87	70	0	88	70	0	89	70	0
					90	70	0	91	70	0	92	70	0	93	70	0
					94	70	0	95	70	0	96	70	0	97	70	0
					98	70	0	99	70	0	1	69	0	2	69	0
					3	69	0	4	69	0	5	69	0	6	69	0
					7.000000000000001	69	0	8	69	0	9	69	0	10	69	0
					11	69	0	12	69	0	13	69	0	14	69	0
					15	69	0	16	69	0	17	69	0	18	69	0
					19	69	0	20	69	0	21	69	0	22	69	0
					23	69	0	24	69	0	25	69	0	26	69	0
					27	69	0	28	69	0	29	69	0	30	69	0
					31	69	0	32	69	0	33	69	0	34	69	0
					35	69	0	36	69	0	37	69	0	38	69	0
					39	69	0	40	69	0	41	69	0	42	69	0
					43	69	0	44	69	0	45	69	0	46	69	0
					47	69	0	48	69	0	49	69	0	50	69	0
					51	69	0	52	69	0	53	69	0	54	69	0
					55.00000000000001	69	0	56.00000000000001	69	0	56.99999999999999	69	0	57.99999999999999	69	0
					59	69	0	60	69	0	61	69	0	62	69	0
					63	69	0	64	69	0	65	69	0	66	69	0
					67	69	0	68	69	0	69	69	0	70	69	0
					71	69	0	72	69	0	73	69	0	74	69	0
					75	69	0	76	69	0	77	69	0	78	69	0
					79	69	0	80	69	0	81	69	0	82	69	0
					83	69	0	84	69	0	85	69	0	86	69	0
					87	69	0	88	69	0	89	69	0	90	69	0
					91	69	0	92	69	0	93	69	0	94	69	0
					95	69	0	96	69	0	97	69	0	98	69	0
					99	69	0	1	68	0	2	68	0	3	68	0
					4	68	0	5	68	0	6	68	0	7.000000000000001	68	0
					8	68	0	9	68	0	10	68	0	11	68	0
					12	68	0	13	68	0	14	68	0	15	68	0
					16	68	0	17	68	0	18	68	0	19	68	0
					20	68	0	21	68	0	22	68	0	23	68	0
					24	68	0	25	68	0	26	68	0	27	68	0
					28	68	0	29	68	0	30	68	0	31	68	0
					32	68	0	33	68	0	34	68	0	35	68	0
					36	68	0	37	68	0	38	68	0	39	68	0
					40	68	0	41	68	0	42	68	0	43	68	0
					44	68	0	45	68	0	46	68	0	47	68	0
					48	68	0	49	68	0	50	68	0	51	68	0
					52	68	0	53	68	0	54	68	0	55.00000000000001	68	0
					56.00000000000001	68	0	56.99999999999999	68	0	57.99999999999999	68	0	59	68	0
					60	68	0	61	68	0	62	68	0	63	68	0
					64	68	0	65	68	0	66	68	0	67	68	0
					68	68	0	69	68	0	70	68	0	71	68	0
					72	68	0	73	68	0	74	68	0	75	68	0
					76	68	0	77	68	0	78	68	0	79	68	0
					80	68	0	81	68	0	82	68	0	83	68	0
					84	68	0	85	68	0	86	68	0	87	68	0
					88	68	0	89	68	0	90	68	0	91	68	0
					92	68	0	93	68	0	94	68	0	95	68	0
					96	68	0	97	68	0	98	68	0	99	68	0
					1	67	0	2	67	0	3	67	0	4	67	0
					5	67	0	6	67	0	7.000000000000001	67	0	8	67	0
					9	67	0	10	67	0	11	67	0	12	67	0
					13	67	0	14	67	0	15	67	0	16	67	0
					17	67	0	18	67	0	19	67	0	20	67	0
					21	67	0	22	67	0	23	67	0	24	67	0
					25	67	0	26	67	0	27	67	0	28	67	0
					29	67	0	30	67	0	31	67	0	32	67	0
					33	67	0	34	67	0	35	67	0	36	67	0
					37	67	0	38	67	0	39	67	0	40	67	0
					41	67	0	42	67	0	43	67	0	44	67	0
					45	67	0	46	67	0	47	67	0	48	67	0
					49	67	0	50	67	0	51	67	0	52	67	0
					53	67	0	54	67	0	55.00000000000001	67	0	56.00000000000001	67	0
					56.99999999999999	67	0	57.99999999999999	67	0	59	67	0	60	67	0
					61	67	0	62	67	0	63	67	0	64	67	0
					65	67	0	66	67	0	67	67	0	68	67	0
					69	67	0	70	67	0	71	67	0	72	67	0
					73	67	0	74	67	0	75	67	0	76	67	0
					77	67	0	78	67	0	79	67	0	80	67	0
					81	67	0	82	67	0	83	67	0	84	67	0
					85	67	0	86	67	0	87	67	0	88	67	0
					89	67	0	90	67	0	91	67	0	92	67	0
					93	67	0	94	67	0	95	67	0	96	67	0
					97	67	0	98	67	0	99	67	0	1	66	0
					2	66	0	3	66	0	4	66	0	5	66	0
					6	66	0	7.000000000000001	66	0	8	66	0	9	66	0
					10	66	0	11	66	0	12	66	0	13	66	0
					14	66	0	15	66	0	16	66	0	17	66	0
					18	66	0	19	66	0	20	66	0	21	66	0
					22	66	0	23	66	0	24	66	0	25	66	0
					26	66	0	27	66	0	28	66	0	29	66	0
					30	66	0	31	66	0	32	66	0	33	66	0
					34	66	0	35	66	0	36	66	0	37	66	0
					38	66	0	39	66	0	40	66	0	41	66	0
					42	66	0	43	66	0	44	66	0	45	66	0
					46	66	0	47	66	0	48	66	0	49	66	0
					50	66	0	51	66	0	52	66	0	53	66	0
					54	66	0	55.00000000000001	66	0	56.00000000000001	66	0	56.99999999999999	66	0
					57.99999999999999	66	0	59	66	0	60	66	0	61	66	0
					62	66	0	63	66	0	64	66	0	65	66	0
					66	66	0	67	66	0	68	66	0	69	66	0
					70	66	0	71	66	0	72	66	0	73	66	0
					74	66	0	75	66	0	76	66	0	77	66	0
					78	66	0	79	66	0	80	66	0	81	66	0
					82	66	0	83	66	0	84	66	0	85	66	0
					86	66	0	87	66	0	88	66	0	89	66	0
					90	66	0	91	66	0	92	66	0	93	66	0
					94	66	0	95	66	0	96	66	0	97	66	0
					98	66	0	99	66	0	1	65	0	2	65	0
					3	65	0	4	65	0	5	65	0	6	65	0
					7.000000000000001	65	0	8	65	0	9	65	0	10	65	0
					11	65	0	12	65	0	13	65	0	14	65	0
					15	65	0	16	65	0	17	65	0	18	65	0
					19	65	0	20	65	0	21	65	0	22	65	0
					23	65	0	24	65	0	25	65	0	26	65	0
					27	65	0	28	65	0	29	65	0	30	65	0
					31	65	0	32	65	0	33	65	0	34	65	0
					35	65	0	36	65	0	37	65	0	38	65	0
					39	65	0	40	65	0	41	65	0	42	65	0
					43	65	0	44	65	0	45	65	0	46	65	0
					47	65	0	48	65	0	49	65	0	50	65	0
					51	65	0	52	65	0	53	65	0	54	65	0
					55.00000000000001	65	0	56.00000000000001	65	0	56.99999999999999	65	0	57.99999999999999	65	0
					59	65	0	60	65	0	61	65	0	62	65	0
					63	65	0	64	65	0	65	65	0	66	65	0
					67	65	0	68	65	0	69	65	0	70	65	0
					71	65	0	72	65	0	73	65	0	74	65	0
					75	65	0	76	65	0	77	65	0	78	65	0
					79	65	0	80	65	0	81	65	0	82	65	0
					83	65	0	84	65	0	85	65	0	86	65	0
					87	65	0	88	65	0	89	65	0	90	65	0
					91	65	0	92	65	0	93	65	0	94	65	0
					95	65	0	96	65	0	97	65	0	98	65	0
					99	65	0	1	64	0	2	64	0	3	64	0
					4	64	0	5	64	0	6	64	0	7.000000000000001	64	0
					8	64	0	9	64	0	10	64	0	11	64	0
					12	64	0	13	64	0	14	64	0	15	64	0
					16	64	0	17	64	0	18	64	0	19	64	0
					20	64	0	21	64	0	22	64	0	23	64	0
					24	64	0	25	64	0	26	64	0	27	64	0
					28	64	0	29	64	0	30	64	0	31	64	0
					32	64	0	33	64	0	34	64	0	35	64	0
					36	64	0	37	64	0	38	64	0	39	64	0
					40	64	0	41	64	0	42	64	0	43	64	0
					44	64	0	45	64	0	46	64	0	47	64	0
					48	64	0	49	64	0	50	64	0	51	64	0
					52	64	0	53	64	0	54	64	0	55.00000000000001	64	0
					56.00000000000001	64	0	56.99999999999999	64	0	57.99999999999999	64	0	59	64	0
					60	64	0	61	64	0	62	64	0	63	64	0
					64	64	0	65	64	0	66	64	0	67	64	0
					68	64	0	69	64	0	70	64	0	71	64	0
					72	64	0	73	64	0	74	64	0	75	64	0
					76	64	0	77	64	0	78	64	0	79	64	0
					80	64	0	81	64	0	82	64	0	83	64	0
					84	64	0	85	64	0	86	64	0	87	64	0
					88	64	0	89	64	0	90	64	0	91	64	0
					92	64	0	93	64	0	94	64	0	95	64	0
					96	64	0	97	64	0	98	64	0	99	64	0
					1	63	0	2	63	0	3	63	0	4	63	0
					5	63	0	6	63	0	7.000000000000001	63	0	8	63	0
					9	63	0	10	63	0	11	63	0	12	63	0
					13	63	0	14	63	0	15	63	0	16	63	0
					17	63	0	18	63	0	19	63	0	20	63	0
					21	63	0	22	63	0	23	63	0	24	63	0
					25	63	0	26	63	0	27	63	0	28	63	0
					29	63	0	30	63	0	31	63	0	32	63	0
					33	63	0	34	63	0	35	63	0	36	63	0
					37	63	0	38	63	0	39	63	0	40	63	0
					41	63	0	42	63	0	43	63	0	44	63	0
					45	63	0	46	63	0	47	63	0	48	63	0
					49	63	0	50	63	0	51	63	0	52	63	0
					53	63	0	54	63	0	55.00000000000001	63	0	56.00000000000001	63	0
					56.99999999999999	63	0	57.99999999999999	63	0	59	63	0	60	63	0
					61	63	0	62	63	0	63	63	0	64	63	0
					65	63	0	66	63	0	67	63	0	68	63	0
					69	63	0	70	63	0	71	63	0	72	63	0
					73	63	0	74	63	0	75	63	0	76	63	0
					77	63	0	78	63	0	79	63	0	80	63	0
					81	63	0	82	63	0	83	63	0	84	63	0
					85	63	0	86	63	0	87	63	0	88	63	0
					89	63	0	90	63	0	91	63	0	92	63	0
					93	63	0	94	63	0	95	63	0	96	63	0
					97	63	0	98	63	0	99	63	0	1	62	0
					2	62	0	3	62	0	4	62	0	5	62	0
					6	62	0	7.000000000000001	62	0	8	62	0	9	62	0
					10	62	0	11	62	0	12	62	0	13	62	0
					14	62	0	15	62	0	16	62	0	17	62	0
					18	62	0	19	62	0	20	62	0	21	62	0
					22	62	0	23	62	0	24	62	0	25	62	0
					26	62	0	27	62	0	28	62	0	29	62	0
					30	62	0	31	62	0	32	62	0	33	62	0
					34	62	0	35	62	0	36	62	0	37	62	0
					38	62	0	39	62	0	40	62	0	41	62	0
					42	62	0	43	62	0	44	62	0	45	62	0
					46	62	0	47	62	0	48	62	0	49	62	0
					50	62	0	51	62	0	52	62	0	53	62	0
					54	62	0	55.00000000000001	62	0	56.00000000000001	62	0	56.99999999999999	62	0
					57.99999999999999	62	0	59	62	0	60	62	0	61	62	0
					62	62	0	63	62	0	64	62	0	65	62	0
					66	62	0	67	62	0	68	62	0	69	62	0
					70	62	0	71	62	0	72	62	0	73	62	0
					74	62	0	75	62	0	76	62	0	77	62	0
					78	62	0	79	62	0	80	62	0	81	62	0
					82	62	0	83	62	0	84	62	0	85	62	0
					86	62	0	87	62	0	88	62	0	89	62	0
					90	62	0	91	62	0	92	62	0	93	62	0
					94	62	0	95	62	0	96	62	0	97	62	0
					98	62	0	99	62	0	1	61	0	2	61	0
					3	61	0	4	61	0	5	61	0	6	61	0
					7.000000000000001	61	0	8	61	0	9	61	0	10	61	0
					11	61	0	12	61	0	13	61	0	14	61	0
					15	61	0	16	61	0	17	61	0	18	61	0
					19	61	0	20	61	0	21	61	0	22	61	0
					23	61	0	24	61	0	25	61	0	26	61	0
					27	61	0	28	61	0	29	61	0	30	61	0
					31	61	0	32	61	0	33	61	0	34	61	0
					35	61	0	36	61	0	37	61	0	38	61	0
					39	61	0	40	61	0	41	61	0	42	61	0
					43	61	0	44	61	0	45	61	0	46	61	0
					47	61	0	48	61	0	49	61	0	50	61	0
					51	61	0	52	61	0	53	61	0	54	61	0
					55.00000000000001	61	0	56.00000000000001	61	0	56.99999999999999	61	0	57.99999999999999	61	0
					59	61	0	60	61	0	61	61	0	62	61	0
					63	61	0	64	61	0	65	61	0	66	61	0
					67	61	0	68	61	0	69	61	0	70	61	0
					71	61	0	72	61	0	73	61	0	74	61	0
					75	61	0	76	61	0	77	61	0	78	61	0
					79	61	0	80	61	0	81	61	0	82	61	0
					83	61	0	84	61	0	85	61	0	86	61	0
					87	61	0	88	61	0	89	61	0	90	61	0
					91	61	0	92	61	0	93	61	0	94	61	0
					95	61	0	96	61	0	97	61	0	98	61	0
					99	61	0	1	60	0	2	60	0	3	60	0
					4	60	0	5	60	0	6	60	0	7.000000000000001	60	0
					8	60	0	9	60	0	10	60	0	11	60	0
					12	60	0	13	60	0	14	60	0	15	60	0
					16	60	0	17	60	0	18	60	0	19	60	0
					20	60	0	21	60	0	22	60	0	23	60	0
					24	60	0	25	60	0	26	60	0	27	60	0
					1	79	0	2	79	0	3	79	0	4	79	0
					5	79	0	6	79	0	7.000000000000001	79	0	7.000000000000001	75	0
					8	75	0	9	75	0	10	75	0	11	75	0
					12	75	0	13	75	0	14	75	0	15	75	0
					16	75	0	17	75	0	18	75	0	19	75	0
					20	75	0	21	75	0	22	75	0	23	75	0
					24	75	0	25	75	0	26	75	0	27	75	0
					28	75	0	29	75	0	30	75	0	31	75	0
					32	75	0	33	75	0	34	75	0	35	75	0
					36	75	0	37	75	0	38	75	0	39	75	0
					40	75	0	41	75	0	42	75	0	43	75	0
					44	75	0	45	75	0	46	75	0	47	75	0
					48	75	0	49	75	0	50	75	0	51	75	0
					52	75	0	53	75	0	54	75	0	55.00000000000001	75	0
					56.00000000000001	75	0	56.99999999999999	75	0	57.99999999999999	75	0	59	75	0
					60	75	0	61	75	0	62	75	0	63	75	0
					64	75	0	65	75	0	66	75	0	67	75	0
					68	75	0	69	75	0	70	75	0	71	75	0
					72	75	0	73	75	0	74	75	0	75	75	0
					76	75	0	77	75	0	78	75	0	79	75	0
					80	75	0	81	75	0	82	75	0	83	75	0
					84	75	0	85	75	0	86	75	0	87	75	0
					88	75	0	89	75	0	90	75	0	91	75	0
					92	75	0	93	75	0	94	75	0	95	75	0
					96	75	0	97	75	0	98	75	0	99	75	0
					1	74	0	2	74	0	3	74	0	4	74	0
					5	74	0	6	74	0	7.000000000000001	74	0	8	74	0
					9	74	0	10	74	0	11	74	0	12	74	0
					13	74	0	14	74	0	15	74	0	16	74	0
					17	74	0	18	74	0	19	74	0	20	74	0
					21	74	0	22	74	0	23	74	0	24	74	0
					25	74	0	26	74	0	27	74	0	28	74	0
					29	74	0	30	74	0	31	74	0	32	74	0
					33	74	0	34	74	0	35	74	0	36	74	0
					37	74	0	38	74	0	39	74	0	40	74	0
					41	74	0	42	74	0	43	74	0	44	74	0
					45	74	0	46	74	0	47	74	0	48	74	0
					49	74	0	50	74	0	51	74	0	52	74	0
					53	74	0	54	74	0	55.00000000000001	74	0	56.00000000000001	74	0
					56.99999999999999	74	0	57.99999999999999	74	0	59	74	0	60	74	0
					61	74	0	62	74	0	63	74	0	64	74	0
					65	74	0	66	74	0	67	74	0	68	74	0
					69	74	0	70	74	0	71	74	0	72	74	0
					73	74	0	74	74	0	75	74	0	76	74	0
					77	74	0	78	74	0	79	74	0	80	74	0
					81	74	0	82	74	0	83	74	0	84	74	0
					85	74	0	86	74	0	87	74	0	88	74	0
					89	74	0	90	74	0	91	74	0	92	74	0
					93	74	0	94	74	0	95	74	0	96	74	0
					97	74	0	98	74	0	99	74	0	1	73	0
					2	73	0	3	73	0	4	73	0	5	73	0
					6	73	0	7.000000000000001	73	0	8	73	0	9	73	0
					10	73	0	11	73	0	12	73	0	13	73	0
					14	73	0	15	73	0	16	73	0	17	73	0
					18	73	0	19	73	0	20	73	0	21	73	0
					22	73	0	23	73	0	24	73	0	25	73	0
					26	73	0	27	73	0	28	73	0	29	73	0
					30	73	0	31	73	0	32	73	0	33	73	0
					34	73	0	35	73	0	36	73	0	37	73	0
					38	73	0	39	73	0	40	73	0	41	73	0
					42	73	0	43	73	0	44	73	0	45	73	0
					46	73	0	47	73	0	48	73	0	49	73	0
					50	73	0	51	73	0	52	73	0	53	73	0
					54	73	0	55.00000000000001	73	0	56.00000000000001	73	0	56.99999999999999	73	0
					57.99999999999999	73	0	59	73	0	60	73	0	61	73	0
					62	73	0	63	73	0	64	73	0	65	73	0
					66	73	0	67	73	0	68	73	0	69	73	0
					70	73	0	71	73	0	72	73	0	73	73	0
					74	73	0	75	73	0	76	73	0	77	73	0
					78	73	0	79	73	0	80	73	0	81	73	0
					82	73	0	83	73	0	84	73	0	85	73	0
					86	73	0	87	73	0	88	73	0	89	73	0
					90	73	0	91	73	0	92	73	0	93	73	0
					94	73	0	95	73	0	96	73	0	97	73	0
					98	73	0	99	73	0	1	72	0	2	72	0
					3	72	0	4	72	0	5	72	0	6	72	0
					7.000000000000001	72	0	8	72	0	9	72	0	10	72	0
					11	72	0	12	72	0	13	72	0	14	72	0
					15	72	0	16	72	0	17	72	0	18	72	0
					19	72	0	20	72	0	21	72	0	22	72	0
					23	72	0	24	72	0	25	72	0	26	72	0
					27	72	0	28	72	0	29	72	0	30	72	0
					31	72	0	32	72	0	33	72	0	34	72	0
					35	72	0	36	72	0	37	72	0	38	72	0
					39	72	0	40	72	0	41	72	0	42	72	0
					43	72	0	44	72	0	45	72	0	46	72	0
					47	72	0	48	72	0	49	72	0	50	72	0
					51	72	0	52	72	0	53	72	0	54	72	0
					55.00000000000001	72	0	56.00000000000001	72	0	56.99999999999999	72	0	57.99999999999999	72	0
					59	72	0	60	72	0	61	72	0	62	72	0
					63	72	0	64	72	0	65	72	0	66	72	0
					67	72	0	68	72	0	69	72	0	70	72	0
					71	72	0	72	72	0	73	72	0	74	72	0
					75	72	0	76	72	0	77	72	0	78	72	0
					79	72	0	80	72	0	81	72	0	82	72	0
					83	72	0	84	72	0	85	72	0	86	72	0
					87	72	0	88	72	0	89	72	0	90	72	0
					91	72	0	92	72	0	93	72	0	94	72	0
					95	72	0	96	72	0	97	72	0	98	72	0
					99	72	0	1	71	0	2	71	0	3	71	0
					4	71	0	5	71	0	6	71	0	7.000000000000001	71	0
					8	71	0	9	71	0	10	71	0	11	71	0
					12	71	0	13	71	0	14	71	0	15	71	0
					16	71	0	17	71	0	18	71	0	19	71	0
					20	71	0	21	71	0	22	71	0	23	71	0
					24	71	0	25	71	0	26	71	0	27	71	0
					28	71	0	29	71	0	30	71	0	31	71	0
					32	71	0	33	71	0	34	71	0	35	71	0
					36	71	0	37	71	0	38	71	0	39	71	0
					40	71	0	41	71	0	42	71	0	43	71	0
					44	71	0	45	71	0	46	71	0	47	71	0
					48	71	0	49	71	0	50	71	0	51	71	0
					52	71	0	53	71	0	54	71	0	55.00000000000001	71	0
					56.00000000000001	71	0	56.99999999999999	71	0	57.99999999999999	71	0	59	71	0
					60	71	0	61	71	0	62	71	0	63	71	0
					64	71	0	65	71	0	66	71	0	67	71	0
					68	71	0	69	71	0	70	71	0	71	71	0
					72	71	0	73	71	0	74	71	0	75	71	0
					76	71	0	77	71	0	78	71	0	79	71	0
					80	71	0	81	71	0	82	71	0	83	71	0
					84	71	0	85	71	0	86	71	0	87	71	0
					88	71	0	89	71	0	90	71	0	91	71	0
					92	71	0	93	71	0	94	71	0	95	71	0
					96	71	0	97	71	0	98	71	0	99	71	0
					1	70	0	2	70	0	3	70	0	4	70	0
					5	70	0	6	70	0	7.000000000000001	70	0	8	70	0
					9	70	0	10	70	0	11	70	0	12	70	0
					13	70	0	32	80	0	33	80	0	34	80	0
					35	80	0	36	80	0	37	80	0	38	80	0
					39	80	0	40	80	0	41	80	0	42	80	0
					43	80	0	44	80	0	45	80	0	46	80	0
					47	80	0	48	80	0	49	80	0	50	80	0
					51	80	0	52	80	0	53	80	0	54	80	0
					55.00000000000001	80	0	56.00000000000001	80	0	56.99999999999999	80	0	57.99999999999999	80	0
					59	80	0	60	80	0	61	80	0	62	80	0
					63	80	0	100	78	0	0	77	0	100	77	0
					0	76	0	100	76	0	0	75	0	100	40	0
					0	39	0	100	39	0	0	38	0	100	38	0
					0	37	0	100	37	0	0	36	0	100	36	0
					0	35	0	100	35	0	0	34	0	100	34	0
					0	33	0	100	33	0	0	32	0	100	32	0
					0	31	0	100	31	0	0	30	0	100	30	0
					0	29	0	100	29	0	0	28	0	100	28	0
					0	27	0	100	27	0	0	26	0	100	26	0
					0	25	0	100	25	0	0	24	0	100	24	0
					0	23	0	100	23	0	0	22	0	100	22	0
					0	21	0	100	21	0	0	20	0	100	20	0
					0	19	0	100	19	0	0	18	0	100	18	0
					0	17	0	100	17	0	0	16	0	100	16	0
					0	15	0	100	15	0	0	14	0	100	14	0
					0	13	0	100	13	0	0	12	0	100	12	0
					0	11	0	100	11	0	0	10	0	100	10	0
					0	9	0	100	9	0	0	8	0	100	8	0
					0	7	0	100	7	0	0	6	0	100	6	0
					0	5	0	100	5	0	0	4	0	100	4	0
					0	3	0	100	3	0	0	2	0	100	2	0
					0	1	0	100	1	0	0	0	0	1	0	0
					2	0	0	3	0	0	4	0	0	5	0	0
					6	0	0	7.000000000000001	0	0	8	0	0	9	0	0
					10	0	0	11	0	0	12	0	0	13	0	0
					14	0	0	15	0	0	16	0	0	17	0	0
					18	0	0	19	0	0	20	0	0	21	0	0
					22	0	0	23	0	0	24	0	0	25	0	0
					26	0	0	27	0	0	28	0	0	29	0	0
					30	0	0	31	0	0	32	0	0	33	0	0
					34	0	0	35	0	0	36	0	0	37	0	0
					38	0	0	39	0	0	40	0	0	41	0	0
					42	0	0	43	0	0	44	0	0	45	0	0
					46	0	0	47	0	0	48	0	0	49	0	0
					50	0	0	51	0	0	52	0	0	53	0	0
					54	0	0	55.00000000000001	0	0	56.00000000000001	0	0	56.99999999999999	0	0
					57.99999999999999	0	0	59	0	0	60	0	0	61	0	0
					62	0	0	63	0	0	64	0	0	65	0	0
					66	0	0	67	0	0	68	0	0	69	0	0
					70	0	0	71	0	0	72	0	0	73	0	0
					74	0	0	75	0	0	76	0	0	77	0	0
					78	0	0	79	0	0	80	0	0	81	0	0
					82	0	0	83	0	0	84	0	0	85	0	0
					86	0	0	87	0	0	88	0	0	89	0	0
					90	0	0	91	0	0	92	0	0	93	0	0
					94	0	0	95	0	0	96	0	0	97	0	0
					98	0	0	99	0	0	100	0	0	100	60	0
					0	59	0	100	59	0	0	58	0	100	58	0
					0	57	0	100	57	0	0	56	0	100	56	0
					0	55	0	100	55	0	0	54	0	100	54	0
					0	53	0	100	53	0	0	52	0	100	52	0
					0	51	0	100	51	0	0	50	0	100	50	0
					0	49	0	100	49	0	0	48	0	100	48	0
					0	47	0	100	47	0	0	46	0	100	46	0
					0	45	0	100	45	0	0	44	0	100	44	0
					0	43	0	100	43	0	0	42	0	100	42	0
					0	41	0	100	41	0	0	40	0	8	80	0
					9	80	0	10	80	0	11	80	0	12	80	0
					13	80	0	14	80	0	15	80	0	16	80	0
					17	80	0	18	80	0	19	80	0	20	80	0
					21	80	0	22	80	0	23	80	0	24	80	0
					25	80	0	26	80	0	27	80	0	28	80	0
					29	80	0	30	80	0	31	80	0	64	80	0
					65	80	0	66	80	0	67	80	0	68	80	0
					69	80	0	70	80	0	71	80	0	72	80	0
					73	80	0	74	80	0	75	80	0	76	80	0
					77	80	0	78	80	0	79	80	0	80	80	0
					81	80	0	82	80	0	83	80	0	84	80	0
					85	80	0	86	80	0	87	80	0	88	80	0
					89	80	0	90	80	0	91	80	0	92	80	0
					93	80	0	94	80	0	95	80	0	96	80	0
					97	80	0	98	80	0	99	80	0	100	79	0
					100	80	0	0	78	0	100	70	0	0	69	0
					100	69	0	0	68	0	100	68	0	0	67	0
					100	67	0	0	66	0	100	66	0	0	65	0
					100	65	0	0	64	0	100	64	0	0	63	0
					100	63	0	0	62	0	100	62	0	0	61	0
					100	61	0	0	60	0	0	80	0	0	79	0
					1	80	0	2	80	0	3	80	0	4	80	0
					5	80	0	6	80	0	7.000000000000001	80	0	100	75	0
					0	74	0	100	74	0	0	73	0	100	73	0
					0	72	0	100	72	0	0	71	0	100	71	0
					0	70	0	
				</DataArray>
			</Points>
			<Cells>
				<DataArray type="Int32" Name="connectivity" NumberOfComponents="1" format="ascii">
					8103	6219	6220	8104	6220	6221	8105	6221	6222	8106	6222	6223	8107	6223	6224	8108	6224	6225	8109
					6225	6226	8110	6226	6227	8111	6227	6228	8112	6228	6229	8113	6229	6230	8114	6230	6231	8115	6231
					6232	8116	6232	6233	8117	6233	6234	8118	6234	6235	8119	6235	6236	8120	6236	6237	8121	6237	6238
					8122	6238	6239	8123	6239	6240	8124	6240	6241	8125	6241	6242	8126	6242	6243	8127	6243	6244	8128
					6244	6245	8129	6245	6246	8130	6246	6247	8131	6247	6248	8132	6248	6249	8133	6249	6250	8134	6250
					6251	8135	6251	6252	8136	6252	6253	8137	6253	6254	8138	6254	8139	6255	7312	8163	7312	6255	6256
					6256	7313	7312	7313	6256	6257	6257	7314	7313	7314	6257	6258	6258	7315	7314	7315	6258	6259	6259
					7316	7315	7316	6259	6260	6260	7317	7316	7317	6260	6261	6261	7318	7317	7318	6261	6262	6262	6195
					7318	6195	6262	6263	6263	6196	6195	6196	6263	6264	6264	6197	6196	6197	6264	6265	6265	6198	6197
					6198	6265	6266	6266	6199	6198	6199	6266	6267	6267	6200	6199	6200	6267	6268	6268	6201	6200	6201
					6268	6269	6269	6202	6201	6202	6269	6270	6270	6203	6202	6203	6270	6271	6271	6204	6203	6204	6271
					6272	6272	6205	6204	6205	6272	6273	6273	6206	6205	6206	6273	6274	6274	6207	6206	6207	6274	6275
					6275	6208	6207	6208	6275	6276	6276	6209	6208	6209	6276	6277	6277	6210	6209	6210	6277	6278	6278
					6211	6210	6211	6278	6279	6279	6212	6211	6212	6279	6280	6280	6213	6212	6213	6280	6281	6281	6214
					6213	6214	6281	6282	6282	6215	6214	8079	6195	6196	8080	6196	6197	8081	6197	6198	8082	6198	6199
					8083	6199	6200	8084	6200	6201	8085	6201	6202	8086	6202	6203	7324	7423	7424	7424	7325	7324	7325
					7424	7425	7425	7326	7325	7326	7425	7426	7426	7327	7326	7327	7426	7427	7427	7328	7327	7328	7427
					7428	7428	7329	7328	7329	7428	7429	7429	7330	7329	7330	7429	7430	7430	7331	7330	7331	7430	7431
					7431	7332	7331	7332	7431	7432	7432	7333	7332	7333	7432	7433	7433	7334	7333	7334	7433	7434	7434
					7335	7334	7335	7434	7435	7435	7336	7335	7336	7435	7436	7436	7337	7336	7337	7436	7437	7437	7338
					7337	7338	7437	7438	7438	7339	7338	7339	7438	7439	7439	7340	7339	7340	7439	7440	7440	7341	7340
					7341	7440	7441	7441	7342	7341	7342	7441	7442	7442	7343	7342	7343	7442	7443	7443	7344	7343	7344
					7443	7444	7444	7345	7344	7345	7444	7445	7445	7346	7345	7346	7445	7446	7446	7347	7346	7347	7446
					7447	7447	7348	7347	7348	7447	7448	7448	7349	7348	7349	7448	7449	7449	7350	7349	7350	7449	7450
					7450	7351	7350	7351	7450	7451	7451	7352	7351	7352	7451	7452	7452	7353	7352	7353	7452	7453	7453
					7354	7353	7354	7453	7454	7454	7355	7354	7355	7454	7455	7455	7356	7355	7356	7455	7456	7456	7357
					7356	7357	7456	7457	7457	7358	7357	7358	7457	7458	7458	7359	7358	7359	7458	7459	7459	7360	7359
					7360	7459	7460	7460	7361	7360	7361	7460	7461	7461	7362	7361	7362	7461	7462	7462	7363	7362	7363
					7462	7463	7463	7364	7363	7364	7463	7464	7464	7365	7364	7365	7464	7465	7465	7366	7365	7366	7465
					7466	7466	7367	7366	7367	7466	7467	7467	7368	7367	7368	7467	7468	7468	7369	7368	7369	7468	7469
					7469	7370	7369	7370	7469	7470	7470	7371	7370	7371	7470	7471	7471	7372	7371	7372	7471	7472	7472
					7373	7372	7373	7472	7473	7473	7374	7373	7374	7473	7474	7474	7375	7374	7375	7474	7475	7475	7376
					7375	7376	7475	7476	7476	7377	7376	7377	7476	7477	7477	7378	7377	7378	7477	7478	7478	7379	7378
					7379	7478	7479	7479	7380	7379	7380	7479	7480	7480	7381	7380	7381	7480	7481	7481	7382	7381	7382
					7481	7482	7482	7383	7382	7383	7482	7483	7483	7384	7383	7384	7483	7484	7484	7385	7384	7385	7484
					7485	7485	7386	7385	7386	7485	7486	7486	7387	7386	7387	7486	7487	7487	7388	7387	7388	7487	7488
					7488	7389	7388	7389	7488	7489	7489	7390	7389	7390	7489	7490	7490	7391	7390	7391	7490	7491	7491
					7392	7391	7392	7491	7492	7492	7393	7392	7393	7492	7493	7493	7394	7393	7394	7493	7494	7494	7395
					7394	7395	7494	7495	7495	7396	7395	7396	7495	7496	7496	7397	7396	7397	7496	7497	7497	7398	7397
					7398	7497	7498	7498	7399	7398	7399	7498	7499	7499	7400	7399	7400	7499	7500	7500	7401	7400	7401
					7500	7501	7501	7402	7401	7402	7501	7502	7502	7403	7402	7403	7502	7503	7503	7404	7403	7404	7503
					7504	7504	7405	7404	7405	7504	7505	7505	7406	7405	7406	7505	7506	7506	7407	7406	7407	7506	7507
					7507	7408	7407	7408	7507	7508	7508	7409	7408	7409	7508	7509	7509	7410	7409	7410	7509	7510	7510
					7411	7410	7411	7510	8173	7511	7412	8172	7412	7511	7512	7512	7413	7412	7413	7512	7513	7513	7414
					7413	7414	7513	7514	7514	7415	7414	7415	7514	7515	7515	7416	7415	7416	7515	7516	7516	7417	7416
					7417	7516	7517	7517	7418	7417	7418	7517	7518	7518	7419	7418	7419	7518	7519	7519	7420	7419	7420
					7519	7520	7520	7421	7420	7421	7520	7521	7521	7422	7421	7422	7521	7522	7522	7423	7422	7423	7522
					7523	7523	7424	7423	7424	7523	7524	7524	7425	7424	7425	7524	7525	7525	7426	7425	7426	7525	7526
					7526	7427	7426	7427	7526	7527	7527	7428	7427	7428	7527	7528	7528	7429	7428	7429	7528	7529	7529
					7430	7429	7430	7529	7530	7530	7431	7430	7431	7530	7531	7531	7432	7431	7432	7531	7532	7532	7433
					7432	7433	7532	7533	7533	7434	7433	7434	7533	7534	7534	7435	7434	7435	7534	7535	7535	7436	7435
					7436	7535	7536	7536	7437	7436	7437	7536	7537	7537	7438	7437	7438	7537	7538	7538	7439	7438	7439
					7538	7539	7539	7440	7439	7440	7539	7540	7540	7441	7440	7441	7540	7541	7541	7442	7441	7442	7541
					7542	7542	7443	7442	7443	7542	7543	7543	7444	7443	7444	7543	7544	7544	7445	7444	7445	7544	7545
					7545	7446	7445	7446	7545	7546	7546	7447	7446	7447	7546	7547	7547	7448	7447	7448	7547	7548	7548
					7449	7448	7449	7548	7549	7549	7450	7449	7450	7549	7550	7550	7451	7450	7451	7550	7551	7551	7452
					7451	7452	7551	7552	7552	7453	7452	7453	7552	7553	7553	7454	7453	7454	7553	7554	7554	7455	7454
					7455	7554	7555	7555	7456	7455	7456	7555	7556	7556	7457	7456	7457	7556	7557	7557	7458	7457	7458
					7557	7558	7558	7459	7458	7459	7558	7559	7559	7460	7459	7460	7559	7560	7560	7461	7460	7461	7560
					7561	7561	7462	7461	7462	7561	7562	7562	7463	7462	7463	7562	7563	7563	7464	7463	7464	7563	7564
					7564	7465	7464	7465	7564	7565	7565	7466	7465	7466	7565	7566	7566	7467	7466	7467	7566	7567	7567
					7468	7467	7468	7567	7568	7568	7469	7468	7469	7568	7569	7569	7470	7469	7470	7569	7570	7570	7471
					7470	7471	7570	7571	7571	7472	7471	7472	7571	7572	7572	7473	7472	7473	7572	7573	7573	7474	7473
					7474	7573	7574	7574	7475	7474	7475	7574	7575	7575	7476	7475	7476	7575	7576	7576	7477	7476	7477
					7576	7577	7577	7478	7477	7478	7577	7578	7578	7479	7478	7479	7578	7579	7579	7480	7479	7480	7579
					7580	7580	7481	7480	7481	7580	7581	7581	7482	7481	7482	7581	7582	7582	7483	7482	7483	7582	7583
					7583	7484	7483	7484	7583	7584	7584	7485	7484	7485	7584	7585	7585	7486	7485	7486	7585	7586	7586
					7487	7486	7487	7586	7587	7587	7488	7487	7488	7587	7588	7588	7489	7488	7489	7588	7589	7589	7490
					7489	7490	7589	7590	7590	7491	7490	7491	7590	7591	7591	7492	7491	7492	7591	7592	7592	7493	7492
					7493	7592	7593	7593	7494	7493	7494	7593	7594	7594	7495	7494	7495	7594	7595	7595	7496	7495	7496
					7595	7596	7596	7497	7496	7497	7596	7597	7597	7498	7497	7498	7597	7598	7598	7499	7498	7499	7598
					7599	7599	7500	7499	7500	7599	7600	7600	7501	7500	7501	7600	7601	7601	7502	7501	7502	7601	7602
					7602	7503	7502	7503	7602	7603	7603	7504	7503	7504	7603	7604	7604	7505	7504	7505	7604	7605	7605
					7506	7505	7506	7605	7606	7606	7507	7506	7507	7606	7607	7607	7508	7507	7508	7607	7608	7608	7509
					7508	7509	7608	7609	7609	7510	7509	7510	7609	8175	7610	7511	8174	7511	7610	7611	7611	7512	7511
					7512	7611	7612	7612	7513	7512	7513	7612	7613	7613	7514	7513	7514	7613	7614	7614	7515	7514	7515
					7614	7615	7615	7516	7515	7516	7615	7616	7616	7517	7516	7517	7616	7617	7617	7518	7517	7518	7617
					7618	7618	7519	7518	7519	7618	7619	7619	7520	7519	7520	7619	7620	7620	7521	7520	7521	7620	7621
					7621	7522	7521	7522	7621	7622	7622	7523	7522	7523	7622	7623	7623	7524	7523	7524	7623	7624	7624
					7525	7524	7525	7624	7625	7625	7526	7525	7526	7625	7626	7626	7527	7526	7527	7626	7627	7627	7528
					7527	7528	7627	7628	7628	7529	7528	7529	7628	7629	7629	7530	7529	7530	7629	7630	7630	7531	7530
					7531	7630	7631	7631	7532	7531	7532	7631	7632	7632	7533	7532	7533	7632	7633	7633	7534	7533	7534
					7633	7634	7634	7535	7534	7535	7634	7635	7635	7536	7535	7536	7635	7636	7636	7537	7536	7537	7636
					7637	7637	7538	7537	7538	7637	7638	7638	7539	7538	7539	7638	7639	7639	7540	7539	7540	7639	7640
					7640	7541	7540	7541	7640	7641	7641	7542	7541	7542	7641	7642	7642	7543	7542	7543	7642	7643	7643
					7544	7543	7544	7643	7644	7644	7545	7544	7545	7644	7645	7645	7546	7545	7546	7645	7646	7646	7547
					7546	7547	7646	7647	7647	7548	7547	7548	7647	7648	7648	7549	7548	7549	7648	7649	7649	7550	7549
					7550	7649	7650	7650	7551	7550	7551	7650	7651	7651	7552	7551	7552	7651	7652	7652	7553	7552	7553
					7652	7653	7653	7554	7553	7554	7653	7654	7654	7555	7554	7555	7654	7655	7655	7556	7555	7556	7655
					7656	7656	7557	7556	7557	7656	7657	7657	7558	7557	7558	7657	7658	7658	7559	7558	7559	7658	7659
					7659	7560	7559	7560	7659	7660	7660	7561	7560	7561	7660	7661	7661	7562	7561	7562	7661	7662	7662
					7563	7562	7563	7662	7663	7663	7564	7563	7564	7663	7664	7664	7565	7564	7565	7664	7665	7665	7566
					7565	7566	7665	7666	7666	7567	7566	7567	7666	7667	7667	7568	7567	7568	7667	7668	7668	7569	7568
					7569	7668	7669	7669	7570	7569	7570	7669	7670	7670	7571	7570	7571	7670	7671	7671	7572	7571	7572
					7671	7672	7672	7573	7572	7573	7672	7673	7673	7574	7573	7574	7673	7674	7674	7575	7574	7575	7674
					7675	7675	7576	7575	7576	7675	7676	7676	7577	7576	7577	7676	7677	7677	7578	7577	7578	7677	7678
					7678	7579	7578	7579	7678	7679	7679	7580	7579	7580	7679	7680	7680	7581	7580	7581	7680	7681	7681
					7582	7581	7582	7681	7682	7682	7583	7582	7583	7682	7683	7683	7584	7583	7584	7683	7684	7684	7585
					7584	7585	7684	7685	7685	7586	7585	7586	7685	7686	7686	7587	7586	7587	7686	7687	7687	7588	7587
					7588	7687	7688	7688	7589	7588	7589	7688	7689	7689	7590	7589	7590	7689	7690	7690	7591	7590	7591
					7690	7691	7691	7592	7591	7592	7691	7692	7692	7593	7592	7593	7692	7693	7693	7594	7593	7594	7693
					7694	7694	7595	7594	7595	7694	7695	7695	7596	7595	7596	7695	7696	7696	7597	7596	7597	7696	7697
					7697	7598	7597	7598	7697	7698	7698	7599	7598	7599	7698	7699	7699	7600	7599	7600	7699	7700	7700
					7601	7600	7601	7700	7701	7701	7602	7601	7602	7701	7702	7702	7603	7602	7603	7702	7703	7703	7604
					7603	7604	7703	7704	7704	7605	7604	7605	7704	7705	7705	7606	7605	7606	7705	7706	7706	7607	7606
					7607	7706	7707	7707	7608	7607	7608	7707	7708	7708	7609	7608	7609	7708	8177	7709	7610	8176	7610
					7709	7710	7710	7611	7610	7611	7710	7711	7711	7612	7611	7612	7711	7712	7712	7613	7612	7613	7712
					7713	7713	7614	7613	7614	7713	7714	7714	7615	7614	7615	7714	7715	7715	7616	7615	7616	7715	7716
					7716	7617	7616	7617	7716	7717	7717	7618	7617	7618	7717	7718	7718	7619	7618	7619	7718	7719	7719
					7620	7619	7620	7719	7720	7720	7621	7620	7621	7720	7721	7721	7622	7621	7622	7721	7722	7722	7623
					7622	7623	7722	7723	7723	7624	7623	7624	7723	7724	7724	7625	7624	7625	7724	7725	7725	7626	7625
					7626	7725	7726	7726	7627	7626	7627	7726	7727	7727	7628	7627	7628	7727	7728	7728	7629	7628	7629
					7728	7729	7729	7630	7629	7630	7729	7730	7730	7631	7630	7631	7730	7731	7731	7632	7631	7632	7731
					7732	7732	7633	7632	7633	7732	7733	7733	7634	7633	7634	7733	7734	7734	7635	7634	7635	7734	7735
					7735	7636	7635	7636	7735	7736	7736	7637	7636	7637	7736	7737	7737	7638	7637	7638	7737	7738	7738
					7639	7638	7639	7738	7739	7739	7640	7639	7640	7739	7740	7740	7641	7640	7641	7740	7741	7741	7642
					7641	7642	7741	7742	7742	7643	7642	7643	7742	7743	7743	7644	7643	7644	7743	7744	7744	7645	7644
					7645	7744	7745	7745	7646	7645	7646	7745	7746	7746	7647	7646	7647	7746	7747	7747	7648	7647	7648
					7747	7748	7748	7649	7648	7649	7748	7749	7749	7650	7649	7650	7749	7750	7750	7651	7650	7651	7750
					7751	7751	7652	7651	7652	7751	7752	7752	7653	7652	7653	7752	7753	7753	7654	7653	7654	7753	7754
					7754	7655	7654	7655	7754	7755	7755	7656	7655	7656	7755	7756	7756	7657	7656	7657	7756	7757	7757
					7658	7657	7658	7757	7758	7758	7659	7658	7659	7758	7759	7759	7660	7659	7660	7759	7760	7760	7661
					7660	7661	7760	7761	7761	7662	7661	7662	7761	7762	7762	7663	7662	7663	7762	7763	7763	7664	7663
					7664	7763	7764	7764	7665	7664	7665	7764	7765	7765	7666	7665	7666	7765	7766	7766	7667	7666	7667
					7766	7767	7767	7668	7667	7668	7767	7768	7768	7669	7668	7669	7768	7769	7769	7670	7669	7670	7769
					7770	7770	7671	7670	7671	7770	7771	7771	7672	7671	7672	7771	7772	7772	7673	7672	7673	7772	7773
					7773	7674	7673	7674	7773	7774	7774	7675	7674	7675	7774	7775	7775	7676	7675	7676	7775	7776	7776
					7677	7676	7677	7776	7777	7777	7678	7677	7678	7777	7778	7778	7679	7678	7679	7778	7779	7779	7680
					7679	7680	7779	7780	7780	7681	7680	7681	7780	7781	7781	7682	7681	7682	7781	7782	7782	7683	7682
					7683	7782	7783	7783	7684	7683	7684	7783	7784	7784	7685	7684	7685	7784	7785	7785	7686	7685	7686
					7785	7786	7786	7687	7686	7687	7786	7787	7787	7688	7687	7688	7787	7788	7788	7689	7688	7689	7788
					7789	7789	7690	7689	7690	7789	7790	7790	7691	7690	7691	7790	7791	7791	7692	7691	7692	7791	7792
					7792	7693	7692	7693	7792	7793	7793	7694	7693	7694	7793	7794	7794	7695	7694	7695	7794	7795	7795
					7696	7695	7696	7795	7796	7796	7697	7696	7697	7796	7797	7797	7698	7697	7698	7797	7798	7798	7699
					7698	7699	7798	7799	7799	7700	7699	7700	7799	7800	7800	7701	7700	7701	7800	7801	7801	7702	7701
					7702	7801	7802	7802	7703	7702	7703	7802	7803	7803	7704	7703	7704	7803	7804	7804	7705	7704	7705
					7804	7805	7805	7706	7705	7706	7805	7806	7806	7707	7706	7707	7806	7807	7807	7708	7707	7708	7807
					8179	7808	7709	8178	7709	7808	7809	7809	7710	7709	7710	7809	7810	7810	7711	7710	7711	7810	7811
					7811	7712	7711	7712	7811	7812	7812	7713	7712	7713	7812	7813	7813	7714	7713	7714	7813	7814	7814
					7715	7714	7715	7814	7815	7815	7716	7715	7716	7815	7816	7816	7717	7716	7717	7816	7817	7817	7718
					7717	7718	7817	7818	7818	7719	7718	7719	7818	7819	7819	7720	7719	7720	7819	7820	7820	7721	7720
					7721	7820	6308	6308	7722	7721	7722	6308	6309	6309	7723	7722	7723	6309	6310	6310	7724	7723	7724
					6310	6311	6311	7725	7724	7725	6311	6312	6312	7726	7725	7726	6312	6313	6313	7727	7726	7727	6313
					6314	6314	7728	7727	7728	6314	6315	6315	7729	7728	7729	6315	6316	6316	7730	7729	7730	6316	6317
					6317	7731	7730	7731	6317	6318	6318	7732	7731	7732	6318	6319	6319	7733	7732	7733	6319	6320	6320
					7734	7733	7734	6320	6321	6321	7735	7734	7735	6321	6322	6322	7736	7735	7736	6322	6323	6323	7737
					7736	7737	6323	6324	6324	7738	7737	7738	6324	6325	6325	7739	7738	7739	6325	6326	6326	7740	7739
					7740	6326	6327	6327	7741	7740	7741	6327	6328	6328	7742	7741	7742	6328	6329	6329	7743	7742	7743
					6329	6330	6330	7744	7743	7744	6330	6331	6331	7745	7744	7745	6331	6332	6332	7746	7745	7746	6332
					6333	6333	7747	7746	7747	6333	6334	6334	7748	7747	7748	6334	6335	6335	7749	7748	7749	6335	6336
					6336	7750	7749	7750	6336	6337	6337	7751	7750	7751	6337	6338	6338	7752	7751	7752	6338	6339	6339
					7753	7752	7753	6339	6340	6340	7754	7753	7754	6340	6341	6341	7755	7754	7755	6341	6342	6342	7756
					7755	7756	6342	6343	6343	7757	7756	7757	6343	6344	6344	7758	7757	7758	6344	6345	6345	7759	7758
					7759	6345	6346	6346	7760	7759	7760	6346	6347	6347	7761	7760	7761	6347	6348	6348	7762	7761	7762
					6348	6349	6349	7763	7762	7763	6349	6350	6350	7764	7763	7764	6350	6351	6351	7765	7764	7765	6351
					6352	6352	7766	7765	7766	6352	6353	6353	7767	7766	7767	6353	6354	6354	7768	7767	7768	6354	6355
					6355	7769	7768	7769	6355	6356	6356	7770	7769	7770	6356	6357	6357	7771	7770	7771	6357	6358	6358
					7772	7771	7772	6358	6359	6359	7773	7772	7773	6359	6360	6360	7774	7773	7774	6360	6361	6361	7775
					7774	7775	6361	6362	6362	7776	7775	7776	6362	6363	6363	7777	7776	7777	6363	6364	6364	7778	7777
					7778	6364	6365	6365	7779	7778	7779	6365	6366	6366	7780	7779	7780	6366	6367	6367	7781	7780	7781
					6367	6368	6368	7782	7781	7782	6368	6369	6369	7783	7782	7783	6369	6370	6370	7784	7783	7784	6370
					6371	6371	7785	7784	7785	6371	6372	6372	7786	7785	7786	6372	6373	6373	7787	7786	7787	6373	6374
					6374	7788	7787	7788	6374	6375	6375	7789	7788	7789	6375	6376	6376	7790	7789	7790	6376	6377	6377
					7791	7790	7791	6377	6378	6378	7792	7791	7792	6378	6379	6379	7793	7792	7793	6379	6380	6380	7794
					7793	7794	6380	6381	6381	7795	7794	7795	6381	6382	6382	7796	7795	7796	6382	6383	6383	7797	7796
					7797	6383	6384	6384	7798	7797	7798	6384	6385	6385	7799	7798	7799	6385	6386	6386	7800	7799	7800
					6386	6387	6387	7801	7800	7801	6387	6388	6388	7802	7801	7802	6388	6389	6389	7803	7802	7803	6389
					6390	6390	7804	7803	7804	6390	6391	6391	7805	7804	7805	6391	6392	6392	7806	7805	7806	6392	6393
					6393	7807	7806	7807	6393	8142	6394	7808	8180	7808	6394	6395	6395	7809	7808	7809	6395	6396	6396
					7810	7809	7810	6396	6397	6397	7811	7810	7811	6397	6398	6398	7812	7811	7812	6398	6399	6399	7813
					7812	7813	6399	6400	6400	7814	7813	7814	6400	6401	6401	7815	7814	7815	6401	6402	6402	7816	7815
					7816	6402	6403	6403	7817	7816	7817	6403	6404	6404	7818	7817	7818	6404	6405	6405	7819	7818	7819
					6405	6406	6406	7820	7819	7820	6406	6407	6407	6308	7820	6308	6407	6408	6408	6309	6308	6309	6408
					6409	6409	6310	6309	6310	6409	6410	6410	6311	6310	6311	6410	6411	6411	6312	6311	6312	6411	6412
					6412	6313	6312	6313	6412	6413	6413	6314	6313	6314	6413	6414	6414	6315	6314	6315	6414	6415	6415
					6316	6315	6316	6415	6416	6416	6317	6316	6317	6416	6417	6417	6318	6317	6215	6282	6283	6283	6216
					6215	6216	6283	6284	6284	6217	6216	6217	6284	6285	6285	6218	6217	6218	6285	6286	6286	0	6218
					0	6286	6287	6287	1	0	1	6287	6288	6288	2	1	2	6288	6289	6289	3	2	3
					6289	6290	6290	4	3	4	6290	6291	6291	5	4	5	6291	6292	6292	6	5	6	6292
					6293	6293	7	6	7	6293	6294	6294	8	7	8	6294	6295	6295	9	8	9	6295	6296
					6296	10	9	10	6296	6297	6297	11	10	11	6297	6298	6298	12	11	12	6298	6299	6299
					13	12	13	6299	6300	6300	14	13	14	6300	6301	6301	15	14	15	6301	6302	6302	16
					15	16	6302	6303	6303	17	16	17	6303	6304	6304	18	17	18	6304	6305	6305	19	18
					19	6305	6306	6306	20	19	20	6306	6307	6307	21	20	21	6307	32	32	22	21	22
					32	33	33	23	22	23	33	34	34	24	23	24	34	35	35	25	24	25	35
					36	36	26	25	26	36	37	37	27	26	27	37	38	38	28	27	28	38	39
					39	29	28	29	39	40	40	30	29	30	40	41	41	31	30	31	41	42	42
					6219	31	6219	42	43	43	6220	6219	6220	43	44	44	6221	6220	6221	44	45	45	6222
					6221	6222	45	46	46	6223	6222	6223	46	47	47	6224	6223	6224	47	48	48	6225	6224
					6225	48	49	49	6226	6225	6226	49	50	50	6227	6226	6227	50	51	51	6228	6227	6228
					51	52	52	6229	6228	6229	52	53	53	6230	6229	6230	53	54	54	6231	6230	6231	54
					55	55	6232	6231	6232	55	56	56	6233	6232	6233	56	57	57	6234	6233	6234	57	58
					58	6235	6234	6235	58	59	59	6236	6235	6236	59	60	60	6237	6236	6237	60	61	61
					6238	6237	6238	61	62	62	6239	6238	6239	62	63	63	6240	6239	6240	63	64	64	6241
					6240	6241	64	65	65	6242	6241	6242	65	66	66	6243	6242	6243	66	67	67	6244	6243
					6244	67	68	68	6245	6244	6245	68	69	69	6246	6245	6246	69	70	70	6247	6246	6247
					70	71	71	6248	6247	6248	71	72	72	6249	6248	6249	72	73	73	6250	6249	6250	73
					74	74	6251	6250	6251	74	75	75	6252	6251	6252	75	76	76	6253	6252	6253	76	77
					77	6254	6253	6254	77	7853	78	6255	8141	6255	78	79	79	6256	6255	6256	79	80	80
					6257	6256	6257	80	81	81	6258	6257	6258	81	82	82	6259	6258	6259	82	83	83	6260
					6259	6260	83	84	84	6261	6260	6261	84	85	85	6262	6261	6262	85	86	86	6263	6262
					6263	86	87	87	6264	6263	6264	87	88	88	6265	6264	6265	88	89	89	6266	6265	6266
					89	90	90	6267	6266	6267	90	91	91	6268	6267	6268	91	92	92	6269	6268	6269	92
					93	93	6270	6269	6270	93	94	94	6271	6270	6271	94	95	95	6272	6271	6272	95	96
					96	6273	6272	6273	96	97	97	6274	6273	6274	97	98	98	6275	6274	6275	98	99	99
					6276	6275	6276	99	100	100	6277	6276	6277	100	101	101	6278	6277	6278	101	102	102	6279
					6278	6279	102	103	103	6280	6279	6280	103	104	104	6281	6280	6281	104	105	105	6282	6281
					6282	105	106	106	6283	6282	6283	106	107	107	6284	6283	6284	107	108	108	6285	6284	6285
					108	109	109	6286	6285	6286	109	110	110	6287	6286	6287	110	111	111	6288	6287	6288	111
					112	112	6289	6288	6289	112	113	113	6290	6289	6290	113	114	114	6291	6290	6291	114	115
					115	6292	6291	6292	115	116	116	6293	6292	6293	116	117	117	6294	6293	6294	117	118	118
					6295	6294	6295	118	119	119	6296	6295	6296	119	120	120	6297	6296	6297	120	121	121	6298
					6297	6298	121	122	122	6299	6298	6299	122	123	123	6300	6299	6300	123	124	124	6301	6300
					6301	124	125	125	6302	6301	6302	125	126	126	6303	6302	6303	126	127	127	6304	6303	6304
					127	128	128	6305	6304	6305	128	129	129	6306	6305	6306	129	130	130	6307	6306	6307	130
					131	131	32	6307	32	131	132	132	33	32	33	132	133	133	34	33	6318	6417	6418
					6418	6319	6318	6319	6418	6419	6419	6320	6319	6320	6419	6420	6420	6321	6320	6321	6420	6421	6421
					6322	6321	6322	6421	6422	6422	6323	6322	6323	6422	6423	6423	6324	6323	6324	6423	6424	6424	6325
					6324	6325	6424	6425	6425	6326	6325	6326	6425	6426	6426	6327	6326	6327	6426	6427	6427	6328	6327
					6328	6427	6428	6428	6329	6328	6329	6428	6429	6429	6330	6329	6330	6429	6430	6430	6331	6330	6331
					6430	6431	6431	6332	6331	6332	6431	6432	6432	6333	6332	6333	6432	6433	6433	6334	6333	6334	6433
					6434	6434	6335	6334	6335	6434	6435	6435	6336	6335	6336	6435	6436	6436	6337	6336	6337	6436	6437
					6437	6338	6337	6338	6437	6438	6438	6339	6338	6339	6438	6439	6439	6340	6339	6340	6439	6440	6440
					6341	6340	6341	6440	6441	6441	6342	6341	6342	6441	6442	6442	6343	6342	6343	6442	6443	6443	6344
					6343	6344	6443	6444	6444	6345	6344	6345	6444	6445	6445	6346	6345	6346	6445	6446	6446	6347	6346
					6347	6446	6447	6447	6348	6347	6348	6447	6448	6448	6349	6348	6349	6448	6449	6449	6350	6349	6350
					6449	6450	6450	6351	6350	6351	6450	6451	6451	6352	6351	6352	6451	6452	6452	6353	6352	6353	6452
					6453	6453	6354	6353	6354	6453	6454	6454	6355	6354	6355	6454	6455	6455	6356	6355	6356	6455	6456
					6456	6357	6356	6357	6456	6457	6457	6358	6357	6358	6457	6458	6458	6359	6358	6359	6458	6459	6459
					6360	6359	6360	6459	6460	6460	6361	6360	6361	6460	6461	6461	6362	6361	6362	6461	6462	6462	6363
					6362	6363	6462	6463	6463	6364	6363	6364	6463	6464	6464	6365	6364	6365	6464	6465	6465	6366	6365
					6366	6465	6466	6466	6367	6366	6367	6466	6467	6467	6368	6367	6368	6467	6468	6468	6369	6368	6369
					6468	6469	6469	6370	6369	6370	6469	6470	6470	6371	6370	6371	6470	6471	6471	6372	6371	6372	6471
					6472	6472	6373	6372	6373	6472	6473	6473	6374	6373	6374	6473	6474	6474	6375	6374	6375	6474	6475
					6475	6376	6375	6376	6475	6476	6476	6377	6376	6377	6476	6477	6477	6378	6377	6378	6477	6478	6478
					6379	6378	6379	6478	6479	6479	6380	6379	6380	6479	6480	6480	6381	6380	6381	6480	6481	6481	6382
					6381	6382	6481	6482	6482	6383	6382	6383	6482	6483	6483	6384	6383	6384	6483	6484	6484	6385	6384
					6385	6484	6485	6485	6386	6385	6386	6485	6486	6486	6387	6386	6387	6486	6487	6487	6388	6387	6388
					6487	6488	6488	6389	6388	6389	6488	6489	6489	6390	6389	6390	6489	6490	6490	6391	6390	6391	6490
					6491	6491	6392	6391	6392	6491	6492	6492	6393	6392	6393	6492	8144	6493	6394	8143	6394	6493	6494
					6494	6395	6394	6395	6494	6495	6495	6396	6395	6396	6495	6496	6496	6397	6396	6397	6496	6497	6497
					6398	6397	6398	6497	6498	6498	6399	6398	6399	6498	6499	6499	6400	6399	6400	6499	6500	6500	6401
					6400	6401	6500	6501	6501	6402	6401	6402	6501	6502	6502	6403	6402	6403	6502	6503	6503	6404	6403
					6404	6503	6504	6504	6405	6404	6405	6504	6505	6505	6406	6405	6406	6505	6506	6506	6407	6406	6407
					6506	6507	6507	6408	6407	6408	6507	6508	6508	6409	6408	6409	6508	6509	6509	6410	6409	6410	6509
					6510	6510	6411	6410	6411	6510	6511	6511	6412	6411	6412	6511	6512	6512	6413	6412	6413	6512	6513
					6513	6414	6413	6414	6513	6514	6514	6415	6414	6415	6514	6515	6515	6416	6415	6416	6515	6516	6516
					6417	6416	6417	6516	6517	6517	6418	6417	6418	6517	6518	6518	6419	6418	6419	6518	6519	6519	6420
					6419	6420	6519	6520	6520	6421	6420	6421	6520	6521	6521	6422	6421	6422	6521	6522	6522	6423	6422
					6423	6522	6523	6523	6424	6423	6424	6523	6524	6524	6425	6424	6425	6524	6525	6525	6426	6425	6426
					6525	6526	6526	6427	6426	6427	6526	6527	6527	6428	6427	6428	6527	6528	6528	6429	6428	6429	6528
					6529	6529	6430	6429	6430	6529	6530	6530	6431	6430	6431	6530	6531	6531	6432	6431	6432	6531	6532
					6532	6433	6432	6433	6532	6533	6533	6434	6433	6434	6533	6534	6534	6435	6434	6435	6534	6535	6535
					6436	6435	6436	6535	6536	6536	6437	6436	6437	6536	6537	6537	6438	6437	6438	6537	6538	6538	6439
					6438	6439	6538	6539	6539	6440	6439	6440	6539	6540	6540	6441	6440	6441	6540	6541	6541	6442	6441
					6442	6541	6542	6542	6443	6442	6443	6542	6543	6543	6444	6443	6444	6543	6544	6544	6445	6444	6445
					6544	6545	6545	6446	6445	6446	6545	6546	6546	6447	6446	6447	6546	6547	6547	6448	6447	6448	6547
					6548	6548	6449	6448	6449	6548	6549	6549	6450	6449	6450	6549	6550	6550	6451	6450	6451	6550	6551
					6551	6452	6451	6452	6551	6552	6552	6453	6452	6453	6552	6553	6553	6454	6453	6454	6553	6554	6554
					6455	6454	6455	6554	6555	6555	6456	6455	6456	6555	6556	6556	6457	6456	6457	6556	6557	6557	6458
					6457	6458	6557	6558	6558	6459	6458	6459	6558	6559	6559	6460	6459	6460	6559	6560	6560	6461	6460
					6461	6560	6561	6561	6462	6461	6462	6561	6562	6562	6463	6462	6463	6562	6563	6563	6464	6463	6464
					6563	6564	6564	6465	6464	6465	6564	6565	6565	6466	6465	6466	6565	6566	6566	6467	6466	6467	6566
					6567	6567	6468	6467	6468	6567	6568	6568	6469	6468	6469	6568	6569	6569	6470	6469	6470	6569	6570
					6570	6471	6470	6471	6570	6571	6571	6472	6471	6472	6571	6572	6572	6473	6472	6473	6572	6573	6573
					6474	6473	6474	6573	6574	6574	6475	6474	6475	6574	6575	6575	6476	6475	6476	6575	6576	6576	6477
					6476	6477	6576	6577	6577	6478	6477	6478	6577	6578	6578	6479	6478	6479	6578	6579	6579	6480	6479
					6480	6579	6580	6580	6481	6480	6481	6580	6581	6581	6482	6481	6482	6581	6582	6582	6483	6482	6483
					6582	6583	6583	6484	6483	6484	6583	6584	6584	6485	6484	6485	6584	6585	6585	6486	6485	6486	6585
					6586	6586	6487	6486	6487	6586	6587	6587	6488	6487	6488	6587	6588	6588	6489	6488	6489	6588	6589
					6589	6490	6489	6490	6589	6590	6590	6491	6490	6491	6590	6591	6591	6492	6491	6492	6591	8146	6592
					6493	8145	6493	6592	6593	6593	6494	6493	6494	6593	6594	6594	6495	6494	6495	6594	6595	6595	6496
					6495	6496	6595	6596	6596	6497	6496	6497	6596	6597	6597	6498	6497	6498	6597	6598	6598	6499	6498
					6499	6598	6599	6599	6500	6499	6500	6599	6600	6600	6501	6500	6501	6600	6601	6601	6502	6501	6502
					6601	6602	6602	6503	6502	6503	6602	6603	6603	6504	6503	6504	6603	6604	6604	6505	6504	6505	6604
					6605	6605	6506	6505	6506	6605	6606	6606	6507	6506	6507	6606	6607	6607	6508	6507	6508	6607	6608
					6608	6509	6508	6509	6608	6609	6609	6510	6509	6510	6609	6610	6610	6511	6510	6511	6610	6611	6611
					6512	6511	6512	6611	6612	6612	6513	6512	6513	6612	6613	6613	6514	6513	6514	6613	6614	6614	6515
					6514	6515	6614	6615	6615	6516	6515	6516	6615	6616	6616	6517	6516	6517	6616	6617	6617	6518	6517
					6518	6617	6618	6618	6519	6518	6519	6618	6619	6619	6520	6519	6520	6619	6620	6620	6521	6520	6521
					6620	6621	6621	6522	6521	6522	6621	6622	6622	6523	6522	6523	6622	6623	6623	6524	6523	6524	6623
					6624	6624	6525	6524	6525	6624	6625	6625	6526	6525	6526	6625	6626	6626	6527	6526	6527	6626	6627
					6627	6528	6527	6528	6627	6628	6628	6529	6528	6529	6628	6629	6629	6530	6529	6530	6629	6630	6630
					6531	6530	6531	6630	6631	6631	6532	6531	6532	6631	6632	6632	6533	6532	6533	6632	6633	6633	6534
					6533	6534	6633	6634	6634	6535	6534	6535	6634	6635	6635	6536	6535	6536	6635	6636	6636	6537	6536
					6537	6636	6637	6637	6538	6537	6538	6637	6638	6638	6539	6538	6539	6638	6639	6639	6540	6539	6540
					6639	6640	6640	6541	6540	6541	6640	6641	6641	6542	6541	6542	6641	6642	6642	6543	6542	6543	6642
					6643	6643	6544	6543	6544	6643	6644	6644	6545	6544	6545	6644	6645	6645	6546	6545	6546	6645	6646
					6646	6547	6546	6547	6646	6647	6647	6548	6547	6548	6647	6648	6648	6549	6548	6549	6648	6649	6649
					6550	6549	6550	6649	6650	6650	6551	6550	6551	6650	6651	6651	6552	6551	6552	6651	6652	6652	6553
					6552	6553	6652	6653	6653	6554	6553	6554	6653	6654	6654	6555	6554	6555	6654	6655	6655	6556	6555
					6556	6655	6656	6656	6557	6556	6557	6656	6657	6657	6558	6557	6558	6657	6658	6658	6559	6558	6559
					6658	6659	6659	6560	6559	6560	6659	6660	6660	6561	6560	6561	6660	6661	6661	6562	6561	6562	6661
					6662	6662	6563	6562	6563	6662	6663	6663	6564	6563	6564	6663	6664	6664	6565	6564	6565	6664	6665
					6665	6566	6565	6566	6665	6666	6666	6567	6566	6567	6666	6667	6667	6568	6567	6568	6667	6668	6668
					6569	6568	6569	6668	6669	6669	6570	6569	6570	6669	6670	6670	6571	6570	6571	6670	6671	6671	6572
					6571	6572	6671	6672	6672	6573	6572	6573	6672	6673	6673	6574	6573	6574	6673	6674	6674	6575	6574
					6575	6674	6675	6675	6576	6575	6576	6675	6676	6676	6577	6576	6577	6676	6677	6677	6578	6577	6578
					6677	6678	6678	6579	6578	6579	6678	6679	6679	6580	6579	6580	6679	6680	6680	6581	6580	6581	6680
					6681	6681	6582	6581	6582	6681	6682	6682	6583	6582	6583	6682	6683	6683	6584	6583	6584	6683	6684
					6684	6585	6584	6585	6684	6685	6685	6586	6585	6586	6685	6686	6686	6587	6586	6587	6686	6687	6687
					6588	6587	6588	6687	6688	6688	6589	6588	6589	6688	6689	6689	6590	6589	6590	6689	6690	6690	6591
					6590	6591	6690	8148	6691	6592	8147	6592	6691	6692	6692	6593	6592	6593	6692	6693	6693	6594	6593
					6594	6693	6694	6694	6595	6594	6595	6694	6695	6695	6596	6595	6596	6695	6696	6696	6597	6596	6597
					6696	6697	6697	6598	6597	6598	6697	6698	6698	6599	6598	6599	6698	6699	6699	6600	6599	6600	6699
					6700	6700	6601	6600	6601	6700	6701	6701	6602	6601	6602	6701	6702	6702	6603	6602	6603	6702	6703
					6703	6604	6603	6604	6703	6704	6704	6605	6604	6605	6704	6705	6705	6606	6605	6606	6705	6706	6706
					6607	6606	6607	6706	6707	6707	6608	6607	6608	6707	6708	6708	6609	6608	6609	6708	6709	6709	6610
					6609	6610	6709	6710	6710	6611	6610	6611	6710	6711	6711	6612	6611	6612	6711	6712	6712	6613	6612
					6613	6712	6713	6713	6614	6613	6614	6713	6714	6714	6615	6614	6615	6714	6715	6715	6616	6615	6616
					6715	6716	6716	6617	6616	6617	6716	6717	6717	6618	6617	6618	6717	6718	6718	6619	6618	6619	6718
					6719	6719	6620	6619	6620	6719	6720	6720	6621	6620	6621	6720	6721	6721	6622	6621	6622	6721	6722
					6722	6623	6622	6623	6722	6723	6723	6624	6623	6624	6723	6724	6724	6625	6624	6625	6724	6725	6725
					6626	6625	6626	6725	6726	6726	6627	6626	6627	6726	6727	6727	6628	6627	6628	6727	6728	6728	6629
					6628	6629	6728	6729	6729	6630	6629	6630	6729	6730	6730	6631	6630	6631	6730	6731	6731	6632	6631
					6632	6731	6732	6732	6633	6632	6633	6732	6733	6733	6634	6633	6634	6733	6734	6734	6635	6634	6635
					6734	6735	6735	6636	6635	6636	6735	6736	6736	6637	6636	6637	6736	6737	6737	6638	6637	6638	6737
					6738	6738	6639	6638	6639	6738	6739	6739	6640	6639	6640	6739	6740	6740	6641	6640	6641	6740	6741
					6741	6642	6641	6642	6741	6742	6742	6643	6642	6643	6742	6743	6743	6644	6643	6644	6743	6744	6744
					6645	6644	6645	6744	6745	6745	6646	6645	6646	6745	6746	6746	6647	6646	6647	6746	6747	6747	6648
					6647	6648	6747	6748	6748	6649	6648	6649	6748	6749	6749	6650	6649	6650	6749	6750	6750	6651	6650
					6651	6750	6751	6751	6652	6651	6652	6751	6752	6752	6653	6652	6653	6752	6753	6753	6654	6653	6654
					6753	6754	6754	6655	6654	6655	6754	6755	6755	6656	6655	6656	6755	6756	6756	6657	6656	6657	6756
					6757	6757	6658	6657	6658	6757	6758	6758	6659	6658	6659	6758	6759	6759	6660	6659	6660	6759	6760
					6760	6661	6660	6661	6760	6761	6761	6662	6661	6662	6761	6762	6762	6663	6662	6663	6762	6763	6763
					6664	6663	6664	6763	6764	6764	6665	6664	6665	6764	6765	6765	6666	6665	6666	6765	6766	6766	6667
					6666	6667	6766	6767	6767	6668	6667	6668	6767	6768	6768	6669	6668	6669	6768	6769	6769	6670	6669
					6670	6769	6770	6770	6671	6670	6671	6770	6771	6771	6672	6671	6672	6771	6772	6772	6673	6672	6673
					6772	6773	6773	6674	6673	6674	6773	6774	6774	6675	6674	6675	6774	6775	6775	6676	6675	6676	6775
					6776	6776	6677	6676	6677	6776	6777	6777	6678	6677	6678	6777	6778	6778	6679	6678	6679	6778	6779
					6779	6680	6679	6680	6779	6780	6780	6681	6680	6681	6780	6781	6781	6682	6681	6682	6781	6782	6782
					6683	6682	6683	6782	6783	6783	6684	6683	6684	6783	6784	6784	6685	6684	6685	6784	6785	6785	6686
					6685	6686	6785	6786	6786	6687	6686	6687	6786	6787	6787	6688	6687	6688	6787	6788	6788	6689	6688
					6689	6788	6789	6789	6690	6689	6690	6789	8150	6790	6691	8149	6691	6790	6791	6791	6692	6691	6692
					6791	6792	6792	6693	6692	6693	6792	6793	6793	6694	6693	6694	6793	6794	6794	6695	6694	6695	6794
					6795	6795	6696	6695	6696	6795	6796	6796	6697	6696	6697	6796	6797	6797	6698	6697	6698	6797	6798
					6798	6699	6698	6699	6798	6799	6799	6700	6699	6700	6799	6800	6800	6701	6700	6701	6800	6801	6801
					6702	6701	6702	6801	6802	6802	6703	6702	6703	6802	6803	6803	6704	6703	6704	6803	6804	6804	6705
					6704	6705	6804	6805	6805	6706	6705	6706	6805	6806	6806	6707	6706	6707	6806	6807	6807	6708	6707
					6708	6807	6808	6808	6709	6708	6709	6808	6809	6809	6710	6709	6710	6809	6810	6810	6711	6710	6711
					6810	6811	6811	6712	6711	6712	6811	6812	6812	6713	6712	6713	6812	6813	6813	6714	6713	6714	6813
					6814	6814	6715	6714	6715	6814	6815	6815	6716	6715	6716	6815	6816	6816	6717	6716	6717	6816	6817
					6817	6718	6717	6718	6817	6818	6818	6719	6718	6719	6818	6819	6819	6720	6719	6720	6819	6820	6820
					6721	6720	6721	6820	6821	6821	6722	6721	6722	6821	6822	6822	6723	6722	6723	6822	6823	6823	6724
					6723	6724	6823	6824	6824	6725	6724	6725	6824	6825	6825	6726	6725	6726	6825	6826	6826	6727	6726
					6727	6826	6827	6827	6728	6727	6728	6827	6828	6828	6729	6728	6729	6828	6829	6829	6730	6729	6730
					6829	6830	6830	6731	6730	6731	6830	6831	6831	6732	6731	6732	6831	6832	6832	6733	6732	6733	6832
					6833	6833	6734	6733	6734	6833	6834	6834	6735	6734	6735	6834	6835	6835	6736	6735	6736	6835	6836
					6836	6737	6736	6737	6836	6837	6837	6738	6737	6738	6837	6838	6838	6739	6738	6739	6838	6839	6839
					6740	6739	6740	6839	6840	6840	6741	6740	6741	6840	6841	6841	6742	6741	6742	6841	6842	6842	6743
					6742	6743	6842	6843	6843	6744	6743	6744	6843	6844	6844	6745	6744	6745	6844	6845	6845	6746	6745
					6746	6845	6846	6846	6747	6746	6747	6846	6847	6847	6748	6747	6748	6847	6848	6848	6749	6748	6749
					6848	6849	6849	6750	6749	6750	6849	6850	6850	6751	6750	6751	6850	6851	6851	6752	6751	6752	6851
					6852	6852	6753	6752	6753	6852	6853	6853	6754	6753	6754	6853	6854	6854	6755	6754	6755	6854	6855
					6855	6756	6755	6756	6855	6856	6856	6757	6756	6757	6856	6857	6857	6758	6757	6758	6857	6858	6858
					6759	6758	6759	6858	6859	6859	6760	6759	6760	6859	6860	6860	6761	6760	6761	6860	6861	6861	6762
					6761	6762	6861	6862	6862	6763	6762	6763	6862	6863	6863	6764	6763	6764	6863	6864	6864	6765	6764
					6765	6864	6865	6865	6766	6765	6766	6865	6866	6866	6767	6766	6767	6866	6867	6867	6768	6767	6768
					6867	6868	6868	6769	6768	6769	6868	6869	6869	6770	6769	6770	6869	6870	6870	6771	6770	6771	6870
					6871	6871	6772	6771	6772	6871	6872	6872	6773	6772	6773	6872	6873	6873	6774	6773	6774	6873	6874
					6874	6775	6774	6775	6874	6875	6875	6776	6775	6776	6875	6876	6876	6777	6776	6777	6876	6877	6877
					6778	6777	6778	6877	6878	6878	6779	6778	6779	6878	6879	6879	6780	6779	6780	6879	6880	6880	6781
					6780	6781	6880	6881	6881	6782	6781	6782	6881	6882	6882	6783	6782	6783	6882	6883	6883	6784	6783
					6784	6883	6884	6884	6785	6784	6785	6884	6885	6885	6786	6785	6786	6885	6886	6886	6787	6786	6787
					6886	6887	6887	6788	6787	6788	6887	6888	6888	6789	6788	6789	6888	8152	6889	6790	8151	6790	6889
					6890	6890	6791	6790	6791	6890	6891	6891	6792	6791	6792	6891	6892	6892	6793	6792	6793	6892	6893
					6893	6794	6793	6794	6893	6894	6894	6795	6794	6795	6894	6895	6895	6796	6795	6796	6895	6896	6896
					6797	6796	6797	6896	6897	6897	6798	6797	6798	6897	6898	6898	6799	6798	6799	6898	6899	6899	6800
					6799	6800	6899	6900	6900	6801	6800	6801	6900	6901	6901	6802	6801	6802	6901	6902	6902	6803	6802
					6803	6902	6903	6903	6804	6803	6804	6903	6904	6904	6805	6804	6805	6904	6905	6905	6806	6805	6806
					6905	6906	6906	6807	6806	6807	6906	6907	6907	6808	6807	6808	6907	6908	6908	6809	6808	6809	6908
					6909	6909	6810	6809	6810	6909	6910	6910	6811	6810	6811	6910	6911	6911	6812	6811	6812	6911	6912
					6912	6813	6812	6813	6912	6913	6913	6814	6813	6814	6913	6914	6914	6815	6814	6815	6914	6915	6915
					6816	6815	6816	6915	6916	6916	6817	6816	6817	6916	6917	6917	6818	6817	6818	6917	6918	6918	6819
					6818	6819	6918	6919	6919	6820	6819	6820	6919	6920	6920	6821	6820	6821	6920	6921	6921	6822	6821
					6822	6921	6922	6922	6823	6822	6823	6922	6923	6923	6824	6823	6824	6923	6924	6924	6825	6824	6825
					6924	6925	6925	6826	6825	6826	6925	6926	6926	6827	6826	6827	6926	6927	6927	6828	6827	6828	6927
					6928	6928	6829	6828	6829	6928	6929	6929	6830	6829	6830	6929	6930	6930	6831	6830	6831	6930	6931
					6931	6832	6831	6832	6931	6932	6932	6833	6832	6833	6932	6933	6933	6834	6833	6834	6933	6934	6934
					6835	6834	6835	6934	6935	6935	6836	6835	6836	6935	6936	6936	6837	6836	6837	6936	6937	6937	6838
					6837	6838	6937	6938	6938	6839	6838	6839	6938	6939	6939	6840	6839	6840	6939	6940	6940	6841	6840
					6841	6940	6941	6941	6842	6841	6842	6941	6942	6942	6843	6842	6843	6942	6943	6943	6844	6843	6844
					6943	6944	6944	6845	6844	6845	6944	6945	6945	6846	6845	6846	6945	6946	6946	6847	6846	6847	6946
					6947	6947	6848	6847	6848	6947	6948	6948	6849	6848	6849	6948	6949	6949	6850	6849	6850	6949	6950
					6950	6851	6850	6851	6950	6951	6951	6852	6851	6852	6951	6952	6952	6853	6852	6853	6952	6953	6953
					6854	6853	6854	6953	6954	6954	6855	6854	6855	6954	6955	6955	6856	6855	6856	6955	6956	6956	6857
					6856	6857	6956	6957	6957	6858	6857	6858	6957	6958	6958	6859	6858	6859	6958	6959	6959	6860	6859
					6860	6959	6960	6960	6861	6860	6861	6960	6961	6961	6862	6861	6862	6961	6962	6962	6863	6862	6863
					6962	6963	6963	6864	6863	6864	6963	6964	6964	6865	6864	6865	6964	6965	6965	6866	6865	6866	6965
					6966	6966	6867	6866	6867	6966	6967	6967	6868	6867	6868	6967	6968	6968	6869	6868	6869	6968	6969
					6969	6870	6869	6870	6969	6970	6970	6871	6870	6871	6970	6971	6971	6872	6871	6872	6971	6972	6972
					6873	6872	6873	6972	6973	6973	6874	6873	6874	6973	6974	6974	6875	6874	6875	6974	6975	6975	6876
					6875	6876	6975	6976	6976	6877	6876	6877	6976	6977	6977	6878	6877	6878	6977	6978	6978	6879	6878
					6879	6978	6979	6979	6880	6879	6880	6979	6980	6980	6881	6880	6881	6980	6981	6981	6882	6881	6882
					6981	6982	6982	6883	6882	6883	6982	6983	6983	6884	6883	6884	6983	6984	6984	6885	6884	6885	6984
					6985	6985	6886	6885	6886	6985	6986	6986	6887	6886	6887	6986	6987	6987	6888	6887	6888	6987	8154
					6988	6889	8153	6889	6988	6989	6989	6890	6889	6890	6989	6990	6990	6891	6890	6891	6990	6991	6991
					6892	6891	6892	6991	6992	6992	6893	6892	6893	6992	6993	6993	6894	6893	6894	6993	6994	6994	6895
					6894	6895	6994	6995	6995	6896	6895	6896	6995	6996	6996	6897	6896	6897	6996	6997	6997	6898	6897
					6898	6997	6998	6998	6899	6898	6899	6998	6999	6999	6900	6899	6900	6999	7000	7000	6901	6900	6901
					7000	7001	7001	6902	6901	6902	7001	7002	7002	6903	6902	6903	7002	7003	7003	6904	6903	6904	7003
					7004	7004	6905	6904	6905	7004	7005	7005	6906	6905	6906	7005	7006	7006	6907	6906	6907	7006	7007
					7007	6908	6907	6908	7007	7008	7008	6909	6908	6909	7008	7009	7009	6910	6909	6910	7009	7010	7010
					6911	6910	6911	7010	7011	7011	6912	6911	6912	7011	7012	7012	6913	6912	6913	7012	7013	7013	6914
					6913	6914	7013	7014	7014	6915	6914	6915	7014	7015	7015	6916	6915	6916	7015	7016	7016	6917	6916
					6917	7016	7017	7017	6918	6917	6918	7017	7018	7018	6919	6918	6919	7018	7019	7019	6920	6919	6920
					7019	7020	7020	6921	6920	6921	7020	7021	7021	6922	6921	6922	7021	7022	7022	6923	6922	6923	7022
					7023	7023	6924	6923	6924	7023	7024	7024	6925	6924	6925	7024	7025	7025	6926	6925	6926	7025	7026
					7026	6927	6926	6927	7026	7027	7027	6928	6927	6928	7027	7028	7028	6929	6928	6929	7028	7029	7029
					6930	6929	6930	7029	7030	7030	6931	6930	6931	7030	7031	7031	6932	6931	6932	7031	7032	7032	6933
					6932	6933	7032	7033	7033	6934	6933	6934	7033	7034	7034	6935	6934	6935	7034	7035	7035	6936	6935
					6936	7035	7036	7036	6937	6936	6937	7036	7037	7037	6938	6937	6938	7037	7038	7038	6939	6938	6939
					7038	7039	7039	6940	6939	6940	7039	7040	7040	6941	6940	6941	7040	7041	7041	6942	6941	6942	7041
					7042	7042	6943	6942	6943	7042	7043	7043	6944	6943	6944	7043	7044	7044	6945	6944	6945	7044	7045
					7045	6946	6945	6946	7045	7046	7046	6947	6946	6947	7046	7047	7047	6948	6947	6948	7047	7048	7048
					6949	6948	6949	7048	7049	7049	6950	6949	6950	7049	7050	7050	6951	6950	6951	7050	7051	7051	6952
					6951	6952	7051	7052	7052	6953	6952	6953	7052	7053	7053	6954	6953	6954	7053	7054	7054	6955	6954
					6955	7054	7055	7055	6956	6955	6956	7055	7056	7056	6957	6956	6957	7056	7057	7057	6958	6957	6958
					7057	7058	7058	6959	6958	6959	7058	7059	7059	6960	6959	6960	7059	7060	7060	6961	6960	6961	7060
					7061	7061	6962	6961	6962	7061	7062	7062	6963	6962	6963	7062	7063	7063	6964	6963	6964	7063	7064
					7064	6965	6964	6965	7064	7065	7065	6966	6965	6966	7065	7066	7066	6967	6966	6967	7066	7067	7067
					6968	6967	6968	7067	7068	7068	6969	6968	6969	7068	7069	7069	6970	6969	6970	7069	7070	7070	6971
					6970	6971	7070	7071	7071	6972	6971	6972	7071	7072	7072	6973	6972	6973	7072	7073	7073	6974	6973
					6974	7073	7074	7074	6975	6974	6975	7074	7075	7075	6976	6975	6976	7075	7076	7076	6977	6976	6977
					7076	7077	7077	6978	6977	6978	7077	7078	7078	6979	6978	6979	7078	7079	7079	6980	6979	6980	7079
					7080	7080	6981	6980	6981	7080	7081	7081	6982	6981	6982	7081	7082	7082	6983	6982	6983	7082	7083
					7083	6984	6983	6984	7083	7084	7084	6985	6984	6985	7084	7085	7085	6986	6985	6986	7085	7086	7086
					6987	6986	6987	7086	8156	7087	6988	8155	6988	7087	7088	7088	6989	6988	6989	7088	7089	7089	6990
					6989	6990	7089	7090	7090	6991	6990	6991	7090	7091	7091	6992	6991	6992	7091	7092	7092	6993	6992
					6993	7092	7093	7093	6994	6993	6994	7093	7094	7094	6995	6994	6995	7094	7095	7095	6996	6995	6996
					7095	7096	7096	6997	6996	6997	7096	7097	7097	6998	6997	6998	7097	7098	7098	6999	6998	6999	7098
					7099	7099	7000	6999	7000	7099	7100	7100	7001	7000	7001	7100	7101	7101	7002	7001	7002	7101	7102
					7102	7003	7002	7003	7102	7103	7103	7004	7003	7004	7103	7104	7104	7005	7004	7005	7104	7105	7105
					7006	7005	7006	7105	7106	7106	7007	7006	7007	7106	7107	7107	7008	7007	7008	7107	7108	7108	7009
					7008	7009	7108	7109	7109	7010	7009	7010	7109	7110	7110	7011	7010	7011	7110	7111	7111	7012	7011
					7012	7111	7112	7112	7013	7012	7013	7112	7113	7113	7014	7013	7014	7113	7114	7114	7015	7014	7015
					7114	7115	7115	7016	7015	7016	7115	7116	7116	7017	7016	7017	7116	7117	7117	7018	7017	7018	7117
					7118	7118	7019	7018	7019	7118	7119	7119	7020	7019	7020	7119	7120	7120	7021	7020	7021	7120	7121
					7121	7022	7021	7022	7121	7122	7122	7023	7022	7023	7122	7123	7123	7024	7023	7024	7123	7124	7124
					7025	7024	7025	7124	7125	7125	7026	7025	7026	7125	7126	7126	7027	7026	7027	7126	7127	7127	7028
					7027	7028	7127	7128	7128	7029	7028	7029	7128	7129	7129	7030	7029	7030	7129	7130	7130	7031	7030
					7031	7130	7131	7131	7032	7031	7032	7131	7132	7132	7033	7032	7033	7132	7133	7133	7034	7033	7034
					7133	7134	7134	7035	7034	7035	7134	7135	7135	7036	7035	7036	7135	7136	7136	7037	7036	7037	7136
					7137	7137	7038	7037	7038	7137	7138	7138	7039	7038	7039	7138	7139	7139	7040	7039	7040	7139	7140
					7140	7041	7040	7041	7140	7141	7141	7042	7041	7042	7141	7142	7142	7043	7042	7043	7142	7143	7143
					7044	7043	7044	7143	7144	7144	7045	7044	7045	7144	7145	7145	7046	7045	7046	7145	7146	7146	7047
					7046	7047	7146	7147	7147	7048	7047	7048	7147	7148	7148	7049	7048	7049	7148	7149	7149	7050	7049
					7050	7149	7150	7150	7051	7050	7051	7150	7151	7151	7052	7051	7052	7151	7152	7152	7053	7052	7053
					7152	7153	7153	7054	7053	7054	7153	7154	7154	7055	7054	7055	7154	7155	7155	7056	7055	7056	7155
					7156	7156	7057	7056	7057	7156	7157	7157	7058	7057	7058	7157	7158	7158	7059	7058	7059	7158	7159
					7159	7060	7059	7060	7159	7160	7160	7061	7060	7061	7160	7161	7161	7062	7061	7062	7161	7162	7162
					7063	7062	7063	7162	7163	7163	7064	7063	7064	7163	7164	7164	7065	7064	7065	7164	7165	7165	7066
					7065	7066	7165	7166	7166	7067	7066	7067	7166	7167	7167	7068	7067	7068	7167	7168	7168	7069	7068
					7069	7168	7169	7169	7070	7069	7070	7169	7170	7170	7071	7070	7071	7170	7171	7171	7072	7071	7072
					7171	7172	7172	7073	7072	7073	7172	7173	7173	7074	7073	7074	7173	7174	7174	7075	7074	7075	7174
					7175	7175	7076	7075	7076	7175	7176	7176	7077	7076	7077	7176	7177	7177	7078	7077	7078	7177	7178
					7178	7079	7078	7079	7178	7179	7179	7080	7079	7080	7179	7180	7180	7081	7080	7081	7180	7181	7181
					7082	7081	7082	7181	7182	7182	7083	7082	7083	7182	7183	7183	7084	7083	7084	7183	7184	7184	7085
					7084	7085	7184	7185	7185	7086	7085	7086	7185	8158	7186	7087	8157	7087	7186	7187	7187	7088	7087
					7088	7187	7188	7188	7089	7088	7089	7188	7189	7189	7090	7089	7090	7189	7190	7190	7091	7090	7091
					7190	7191	7191	7092	7091	7092	7191	7192	7192	7093	7092	7093	7192	7193	7193	7094	7093	7094	7193
					7194	7194	7095	7094	7095	7194	7195	7195	7096	7095	7096	7195	7196	7196	7097	7096	7097	7196	7197
					7197	7098	7097	7098	7197	7198	7198	7099	7098	7099	7198	7199	7199	7100	7099	7100	7199	7200	7200
					7101	7100	7101	7200	7201	7201	7102	7101	7102	7201	7202	7202	7103	7102	7103	7202	7203	7203	7104
					7103	7104	7203	7204	7204	7105	7104	7105	7204	7205	7205	7106	7105	7106	7205	7206	7206	7107	7106
					7107	7206	7207	7207	7108	7107	7108	7207	7208	7208	7109	7108	7109	7208	7209	7209	7110	7109	7110
					7209	7210	7210	7111	7110	7111	7210	7211	7211	7112	7111	7112	7211	7212	7212	7113	7112	7113	7212
					7213	7213	7114	7113	7114	7213	7214	7214	7115	7114	7115	7214	7215	7215	7116	7115	7116	7215	7216
					7216	7117	7116	7117	7216	7217	7217	7118	7117	7118	7217	7218	7218	7119	7118	7119	7218	7219	7219
					7120	7119	7120	7219	7220	7220	7121	7120	7121	7220	7221	7221	7122	7121	7122	7221	7222	7222	7123
					7122	7123	7222	7223	7223	7124	7123	7124	7223	7224	7224	7125	7124	7125	7224	7225	7225	7126	7125
					7126	7225	7226	7226	7127	7126	7127	7226	7227	7227	7128	7127	7128	7227	7228	7228	7129	7128	7129
					7228	7229	7229	7130	7129	7130	7229	7230	7230	7131	7130	7131	7230	7231	7231	7132	7131	7132	7231
					7232	7232	7133	7132	7133	7232	7233	7233	7134	7133	7134	7233	7234	7234	7135	7134	7135	7234	7235
					7235	7136	7135	7136	7235	7236	7236	7137	7136	7137	7236	7237	7237	7138	7137	7138	7237	7238	7238
					7139	7138	7139	7238	7239	7239	7140	7139	7140	7239	7240	7240	7141	7140	7141	7240	7241	7241	7142
					7141	7142	7241	7242	7242	7143	7142	7143	7242	7243	7243	7144	7143	7144	7243	7244	7244	7145	7144
					7145	7244	7245	7245	7146	7145	7146	7245	7246	7246	7147	7146	7147	7246	7247	7247	7148	7147	7148
					7247	7248	7248	7149	7148	7149	7248	7249	7249	7150	7149	7150	7249	7250	7250	7151	7150	7151	7250
					7251	7251	7152	7151	7152	7251	7252	7252	7153	7152	7153	7252	7253	7253	7154	7153	7154	7253	7254
					7254	7155	7154	7155	7254	7255	7255	7156	7155	7156	7255	7256	7256	7157	7156	7157	7256	7257	7257
					7158	7157	7158	7257	7258	7258	7159	7158	7159	7258	7259	7259	7160	7159	7160	7259	7260	7260	7161
					7160	7161	7260	7261	7261	7162	7161	7162	7261	7262	7262	7163	7162	7163	7262	7263	7263	7164	7163
					7164	7263	7264	7264	7165	7164	7165	7264	7265	7265	7166	7165	7166	7265	7266	7266	7167	7166	7167
					7266	7267	7267	7168	7167	7168	7267	7268	7268	7169	7168	7169	7268	7269	7269	7170	7169	7170	7269
					7270	7270	7171	7170	7171	7270	7271	7271	7172	7171	7172	7271	7272	7272	7173	7172	7173	7272	7273
					7273	7174	7173	7174	7273	7274	7274	7175	7174	7175	7274	7275	7275	7176	7175	7176	7275	7276	7276
					7177	7176	7177	7276	7277	7277	7178	7177	7178	7277	7278	7278	7179	7178	7179	7278	7279	7279	7180
					7179	7180	7279	7280	7280	7181	7180	7181	7280	7281	7281	7182	7181	7182	7281	7282	7282	7183	7182
					7183	7282	7283	7283	7184	7183	7184	7283	7284	7284	7185	7184	7185	7284	8160	7285	7186	8159	7186
					7285	7286	7286	7187	7186	7187	7286	7287	7287	7188	7187	7188	7287	7288	7288	7189	7188	7189	7288
					7289	7289	7190	7189	7190	7289	7290	7290	7191	7190	7191	7290	7291	7291	7192	7191	7192	7291	7292
					7292	7193	7192	7193	7292	7293	7293	7194	7193	7194	7293	7294	7294	7195	7194	7195	7294	7295	7295
					7196	7195	7196	7295	7296	7296	7197	7196	7197	7296	7297	7297	7198	7197	7198	7297	7298	7298	7199
					7198	7199	7298	7299	7299	7200	7199	7200	7299	7300	7300	7201	7200	7201	7300	7301	7301	7202	7201
					7202	7301	7302	7302	7203	7202	7203	7302	7303	7303	7204	7203	7204	7303	7304	7304	7205	7204	7205
					7304	7305	7305	7206	7205	7206	7305	7306	7306	7207	7206	7207	7306	7307	7307	7208	7207	7208	7307
					7308	7308	7209	7208	7209	7308	7309	7309	7210	7209	7210	7309	7310	7310	7211	7210	7211	7310	7311
					7311	7212	7211	7212	7311	4187	4187	7213	7212	7213	4187	4188	4188	7214	7213	7214	4188	4189	4189
					7215	7214	7215	4189	4190	4190	7216	7215	7216	4190	4191	4191	7217	7216	7217	4191	4192	4192	7218
					7217	7218	4192	4193	4193	7219	7218	7219	4193	4194	4194	7220	7219	7220	4194	4195	4195	7221	7220
					7221	4195	4196	4196	7222	7221	7222	4196	4197	4197	7223	7222	7223	4197	4198	4198	7224	7223	7224
					4198	4199	4199	7225	7224	7225	4199	4200	4200	7226	7225	7226	4200	4201	4201	7227	7226	7227	4201
					4202	4202	7228	7227	7228	4202	4203	4203	7229	7228	7229	4203	4204	4204	7230	7229	7230	4204	4205
					4205	7231	7230	7231	4205	4206	4206	7232	7231	7232	4206	4207	4207	7233	7232	7233	4207	4208	4208
					7234	7233	7234	4208	4209	4209	7235	7234	7235	4209	4210	4210	7236	7235	7236	4210	4211	4211	7237
					7236	7237	4211	4212	4212	7238	7237	7238	4212	4213	4213	7239	7238	7239	4213	4214	4214	7240	7239
					7240	4214	4215	4215	7241	7240	7241	4215	4216	4216	7242	7241	7242	4216	4217	4217	7243	7242	7243
					4217	4218	4218	7244	7243	7244	4218	4219	4219	7245	7244	7245	4219	4220	4220	7246	7245	7246	4220
					4221	4221	7247	7246	7247	4221	4222	4222	7248	7247	7248	4222	4223	4223	7249	7248	7249	4223	4224
					4224	7250	7249	7250	4224	4225	4225	7251	7250	7251	4225	4226	4226	7252	7251	7252	4226	4227	4227
					7253	7252	7253	4227	4228	4228	7254	7253	7254	4228	4229	4229	7255	7254	7255	4229	4230	4230	7256
					7255	7256	4230	4231	4231	7257	7256	7257	4231	4232	4232	7258	7257	7258	4232	4233	4233	7259	7258
					7259	4233	4234	4234	7260	7259	7260	4234	4235	4235	7261	7260	7261	4235	4236	4236	7262	7261	7262
					4236	4237	4237	7263	7262	7263	4237	4238	4238	7264	7263	7264	4238	4239	4239	7265	7264	7265	4239
					4240	4240	7266	7265	7266	4240	4241	4241	7267	7266	7267	4241	4242	4242	7268	7267	7268	4242	4243
					4243	7269	7268	7269	4243	4244	4244	7270	7269	7270	4244	4245	4245	7271	7270	7271	4245	4246	4246
					7272	7271	7272	4246	4247	4247	7273	7272	7273	4247	4248	4248	7274	7273	7274	4248	4249	4249	7275
					7274	7275	4249	4250	4250	7276	7275	7276	4250	4251	4251	7277	7276	7277	4251	4252	4252	7278	7277
					7278	4252	4253	4253	7279	7278	7279	4253	4254	4254	7280	7279	7280	4254	4255	4255	7281	7280	7281
					4255	4256	4256	7282	7281	7282	4256	4257	4257	7283	7282	7283	4257	4258	4258	7284	7283	7284	4258
					8039	4259	7285	8161	7285	4259	4260	4260	7286	7285	7286	4260	4261	4261	7287	7286	7287	4261	4262
					4262	7288	7287	7288	4262	4263	4263	7289	7288	7289	4263	4264	4264	7290	7289	7290	4264	4265	4265
					7291	7290	7291	4265	4266	4266	7292	7291	7292	4266	4267	4267	7293	7292	7293	4267	4268	4268	7294
					7293	7294	4268	4269	4269	7295	7294	7295	4269	4270	4270	7296	7295	7296	4270	4271	4271	7297	7296
					7297	4271	4272	4272	7298	7297	7298	4272	4273	4273	7299	7298	7299	4273	4274	4274	7300	7299	7300
					4274	4275	4275	7301	7300	7301	4275	4276	4276	7302	7301	7302	4276	4277	4277	7303	7302	7303	4277
					4278	4278	7304	7303	7304	4278	4279	4279	7305	7304	7305	4279	4280	4280	7306	7305	7306	4280	4281
					4281	7307	7306	7307	4281	4282	4282	7308	7307	7308	4282	4283	4283	7309	7308	7309	4283	4284	4284
					7310	7309	7310	4284	4285	4285	7311	7310	7311	4285	4286	4286	4187	7311	4187	4286	4287	4287	4188
					4187	4188	4287	4288	4288	4189	4188	4189	4288	4289	4289	4190	4189	4190	4289	4290	4290	4191	4190
					4191	4290	4291	4291	4192	4191	4192	4291	4292	4292	4193	4192	4193	4292	4293	4293	4194	4193	4194
					4293	4294	4294	4195	4194	4195	4294	4295	4295	4196	4195	4196	4295	4296	4296	4197	4196	4197	4296
					4297	4297	4198	4197	4198	4297	4298	4298	4199	4198	4199	4298	4299	4299	4200	4199	4200	4299	4300
					4300	4201	4200	4201	4300	4301	4301	4202	4201	4202	4301	4302	4302	4203	4202	4203	4302	4303	4303
					4204	4203	4204	4303	4304	4304	4205	4204	4205	4304	4305	4305	4206	4205	4206	4305	4306	4306	4207
					4206	322	421	422	422	323	322	323	422	423	423	324	323	324	423	424	424	325	324
					325	424	7861	425	326	7860	326	425	426	426	327	326	327	426	427	427	328	327	328
					427	428	428	329	328	329	428	429	429	330	329	330	429	430	430	331	330	331	430
					431	431	332	331	332	431	432	432	333	332	333	432	433	433	334	333	334	433	434
					434	335	334	335	434	435	435	336	335	336	435	436	436	337	336	337	436	437	437
					338	337	338	437	438	438	339	338	339	438	439	439	340	339	340	439	440	440	341
					340	341	440	441	441	342	341	342	441	442	442	343	342	343	442	443	443	344	343
					344	443	444	444	345	344	345	444	445	445	346	345	346	445	446	446	347	346	347
					446	447	447	348	347	348	447	448	448	349	348	349	448	449	449	350	349	350	449
					450	450	351	350	351	450	451	451	352	351	352	451	452	452	353	352	353	452	453
					453	354	353	354	453	454	454	355	354	355	454	455	455	356	355	356	455	456	456
					357	356	357	456	457	457	358	357	358	457	458	458	359	358	359	458	459	459	360
					359	360	459	460	460	361	360	361	460	461	461	362	361	362	461	462	462	363	362
					363	462	463	463	364	363	364	463	464	464	365	364	365	464	465	465	366	365	366
					465	466	466	367	366	367	466	467	467	368	367	368	467	468	468	369	368	369	468
					469	469	370	369	370	469	470	470	371	370	371	470	471	471	372	371	372	471	472
					472	373	372	373	472	473	473	374	373	374	473	474	474	375	374	375	474	475	475
					376	375	376	475	476	476	377	376	377	476	477	477	378	377	378	477	478	478	379
					378	379	478	479	479	380	379	380	479	480	480	381	380	381	480	481	481	382	381
					382	481	482	482	383	382	383	482	483	483	384	383	384	483	484	484	385	384	385
					484	485	485	386	385	386	485	486	486	387	386	387	486	487	487	388	387	388	487
					488	488	389	388	389	488	489	489	390	389	390	489	490	490	391	390	391	490	491
					491	392	391	392	491	492	492	393	392	393	492	493	493	394	393	394	493	494	494
					395	394	395	494	495	495	396	395	396	495	496	496	397	396	397	496	497	497	398
					397	398	497	498	498	399	398	399	498	499	499	400	399	400	499	500	500	401	400
					401	500	501	501	402	401	402	501	502	502	403	402	403	502	503	503	404	403	404
					503	504	504	405	404	405	504	505	505	406	405	406	505	506	506	407	406	407	506
					507	507	408	407	408	507	508	508	409	408	409	508	509	509	410	409	410	509	510
					510	411	410	411	510	511	511	412	411	412	511	512	512	413	412	413	512	513	513
					414	413	414	513	514	514	415	414	415	514	515	515	416	415	416	515	516	516	417
					416	417	516	517	517	418	417	418	517	518	518	419	418	419	518	519	519	420	419
					420	519	520	520	421	420	421	520	521	521	422	421	422	521	522	522	423	422	423
					522	523	523	424	423	424	523	7863	524	425	7862	425	524	525	525	426	425	426	525
					526	526	427	426	427	526	527	527	428	427	428	527	528	528	429	428	429	528	529
					529	430	429	430	529	530	530	431	430	431	530	531	531	432	431	432	531	532	532
					433	432	433	532	533	533	434	433	434	533	534	534	435	434	435	534	535	535	436
					435	436	535	536	536	437	436	437	536	537	537	438	437	438	537	538	538	439	438
					439	538	539	539	440	439	440	539	540	540	441	440	441	540	541	541	442	441	442
					541	542	542	443	442	443	542	543	543	444	443	444	543	544	544	445	444	445	544
					545	545	446	445	446	545	546	546	447	446	447	546	547	547	448	447	448	547	548
					548	449	448	449	548	549	549	450	449	450	549	550	550	451	450	451	550	551	551
					452	451	452	551	552	552	453	452	453	552	553	553	454	453	454	553	554	554	455
					454	455	554	555	555	456	455	456	555	556	556	457	456	457	556	557	557	458	457
					458	557	558	558	459	458	459	558	559	559	460	459	460	559	560	560	461	460	461
					560	561	561	462	461	462	561	562	562	463	462	463	562	563	563	464	463	464	563
					564	564	465	464	465	564	565	565	466	465	466	565	566	566	467	466	467	566	567
					567	468	467	468	567	568	568	469	468	469	568	569	569	470	469	470	569	570	570
					471	470	471	570	571	571	472	471	472	571	572	572	473	472	473	572	573	573	474
					473	474	573	574	574	475	474	475	574	575	575	476	475	476	575	576	576	477	476
					477	576	577	577	478	477	478	577	578	578	479	478	479	578	579	579	480	479	480
					579	580	580	481	480	481	580	581	581	482	481	482	581	582	582	483	482	483	582
					583	583	484	483	484	583	584	584	485	484	485	584	585	585	486	485	486	585	586
					586	487	486	487	586	587	587	488	487	488	587	588	588	489	488	489	588	589	589
					490	489	490	589	590	590	491	490	491	590	591	591	492	491	492	591	592	592	493
					492	493	592	593	593	494	493	494	593	594	594	495	494	495	594	595	595	496	495
					496	595	596	596	497	496	497	596	597	597	498	497	498	597	598	598	499	498	499
					598	599	599	500	499	500	599	600	600	501	500	501	600	601	601	502	501	502	601
					602	602	503	502	503	602	603	603	504	503	504	603	604	604	505	504	505	604	605
					605	506	505	506	605	606	606	507	506	507	606	607	607	508	507	508	607	608	608
					509	508	509	608	609	609	510	509	510	609	610	610	511	510	511	610	611	611	512
					511	512	611	612	612	513	512	513	612	613	613	514	513	514	613	614	614	515	514
					515	614	615	615	516	515	516	615	616	616	517	516	517	616	617	617	518	517	518
					617	618	618	519	518	519	618	619	619	520	519	520	619	620	620	521	520	521	620
					621	621	522	521	522	621	622	622	523	522	523	622	7865	623	524	7864	524	623	624
					624	525	524	525	624	625	625	526	525	526	625	626	626	527	526	527	626	627	627
					528	527	528	627	628	628	529	528	529	628	629	629	530	529	530	629	630	630	531
					530	531	630	631	631	532	531	532	631	632	632	533	532	533	632	633	633	534	533
					534	633	634	634	535	534	535	634	635	635	536	535	536	635	636	636	537	536	537
					636	637	637	538	537	538	637	638	638	539	538	539	638	639	639	540	539	540	639
					640	640	541	540	541	640	641	641	542	541	542	641	642	642	543	542	543	642	643
					643	544	543	544	643	644	644	545	544	545	644	645	645	546	545	546	645	646	646
					547	546	547	646	647	647	548	547	548	647	648	648	549	548	549	648	649	649	550
					549	550	649	650	650	551	550	551	650	651	651	552	551	552	651	652	652	553	552
					553	652	653	653	554	553	554	653	654	654	555	554	555	654	655	655	556	555	556
					655	656	656	557	556	557	656	657	657	558	557	558	657	658	658	559	558	559	658
					659	659	560	559	560	659	660	660	561	560	561	660	661	661	562	561	562	661	662
					662	563	562	563	662	663	663	564	563	564	663	664	664	565	564	565	664	665	665
					566	565	566	665	666	666	567	566	567	666	667	667	568	567	568	667	668	668	569
					568	569	668	669	669	570	569	570	669	670	670	571	570	571	670	671	671	572	571
					572	671	672	672	573	572	573	672	673	673	574	573	574	673	674	674	575	574	575
					674	675	675	576	575	576	675	676	676	577	576	577	676	677	677	578	577	578	677
					678	678	579	578	579	678	679	679	580	579	580	679	680	680	581	580	581	680	681
					681	582	581	582	681	682	682	583	582	583	682	683	683	584	583	584	683	684	684
					585	584	585	684	685	685	586	585	586	685	686	686	587	586	587	686	687	687	588
					587	588	687	688	688	589	588	589	688	689	689	590	589	590	689	690	690	591	590
					591	690	691	691	592	591	592	691	692	692	593	592	593	692	693	693	594	593	594
					693	694	694	595	594	595	694	695	695	596	595	596	695	696	696	597	596	597	696
					697	697	598	597	598	697	698	698	599	598	599	698	699	699	600	599	600	699	700
					700	601	600	601	700	701	701	602	601	602	701	702	702	603	602	603	702	703	703
					604	603	604	703	704	704	605	604	605	704	705	705	606	605	606	705	706	706	607
					606	607	706	707	707	608	607	608	707	708	708	609	608	609	708	709	709	610	609
					610	709	710	710	611	610	611	710	711	711	612	611	612	711	712	712	613	612	613
					712	713	713	614	613	614	713	714	714	615	614	615	714	715	715	616	615	616	715
					716	716	617	616	617	716	717	717	618	617	618	717	718	718	619	618	619	718	719
					719	620	619	620	719	720	720	621	620	621	720	721	721	622	621	622	721	7867	722
					623	7866	623	722	723	723	624	623	624	723	724	724	625	624	625	724	725	725	626
					625	626	725	726	726	627	626	627	726	727	727	628	627	628	727	728	728	629	628
					629	728	729	729	630	629	630	729	730	730	631	630	631	730	731	731	632	631	632
					731	732	732	633	632	633	732	733	733	634	633	634	733	734	734	635	634	635	734
					735	735	636	635	636	735	736	736	637	636	637	736	737	737	638	637	638	737	738
					738	639	638	639	738	739	739	640	639	640	739	740	740	641	640	641	740	741	741
					642	641	642	741	742	742	643	642	643	742	743	743	644	643	644	743	744	744	645
					644	645	744	745	745	646	645	646	745	746	746	647	646	647	746	747	747	648	647
					648	747	748	748	649	648	649	748	749	749	650	649	650	749	750	750	651	650	651
					750	751	751	652	651	652	751	752	752	653	652	653	752	753	753	654	653	654	753
					754	754	655	654	655	754	755	755	656	655	656	755	756	756	657	656	657	756	757
					757	658	657	658	757	758	758	659	658	659	758	759	759	660	659	660	759	760	760
					661	660	661	760	761	761	662	661	662	761	762	762	663	662	663	762	763	763	664
					663	664	763	764	764	665	664	665	764	765	765	666	665	666	765	766	766	667	666
					667	766	767	767	668	667	668	767	768	768	669	668	669	768	769	769	670	669	670
					769	770	770	671	670	671	770	771	771	672	671	672	771	772	772	673	672	673	772
					773	773	674	673	674	773	774	774	675	674	675	774	775	775	676	675	676	775	776
					776	677	676	677	776	777	777	678	677	678	777	778	778	679	678	679	778	779	779
					680	679	680	779	780	780	681	680	681	780	781	781	682	681	682	781	782	782	683
					682	683	782	783	783	684	683	684	783	784	784	685	684	685	784	785	785	686	685
					686	785	786	786	687	686	687	786	787	787	688	687	688	787	788	788	689	688	689
					788	789	789	690	689	690	789	790	790	691	690	691	790	791	791	692	691	692	791
					792	792	693	692	693	792	793	793	694	693	694	793	794	794	695	694	695	794	795
					795	696	695	696	795	796	796	697	696	697	796	797	797	698	697	698	797	798	798
					699	698	699	798	799	799	700	699	700	799	800	800	701	700	701	800	801	801	702
					701	702	801	802	802	703	702	703	802	803	803	704	703	704	803	804	804	705	704
					705	804	805	805	706	705	706	805	806	806	707	706	707	806	807	807	708	707	708
					807	808	808	709	708	709	808	809	809	710	709	710	809	810	810	711	710	711	810
					811	811	712	711	712	811	812	812	713	712	713	812	813	813	714	713	714	813	814
					814	715	714	715	814	815	815	716	715	716	815	816	816	717	716	717	816	817	817
					718	717	718	817	818	818	719	718	719	818	819	819	720	719	720	819	820	820	721
					720	721	820	7869	821	722	7868	722	821	822	822	723	722	723	822	823	823	724	723
					724	823	824	824	725	724	725	824	825	825	726	725	726	825	826	826	727	726	727
					826	827	827	728	727	728	827	828	828	729	728	729	828	829	829	730	729	730	829
					830	830	731	730	731	830	831	831	732	731	732	831	832	832	733	732	733	832	833
					833	734	733	734	833	834	834	735	734	735	834	835	835	736	735	736	835	836	836
					737	736	737	836	837	837	738	737	738	837	838	838	739	738	739	838	839	839	740
					739	740	839	840	840	741	740	741	840	841	841	742	741	742	841	842	842	743	742
					743	842	843	843	744	743	744	843	844	844	745	744	745	844	845	845	746	745	746
					845	846	846	747	746	747	846	847	847	748	747	748	847	848	848	749	748	749	848
					849	849	750	749	750	849	850	850	751	750	751	850	851	851	752	751	752	851	852
					852	753	752	753	852	853	853	754	753	754	853	854	854	755	754	755	854	855	855
					756	755	756	855	856	856	757	756	757	856	857	857	758	757	758	857	858	858	759
					758	759	858	859	859	760	759	760	859	860	860	761	760	761	860	861	861	762	761
					762	861	862	862	763	762	763	862	863	863	764	763	764	863	864	864	765	764	765
					864	865	865	766	765	766	865	866	866	767	766	767	866	867	867	768	767	768	867
					868	868	769	768	769	868	869	869	770	769	770	869	870	870	771	770	771	870	871
					871	772	771	772	871	872	872	773	772	773	872	873	873	774	773	774	873	874	874
					775	774	775	874	875	875	776	775	776	875	876	876	777	776	777	876	877	877	778
					777	778	877	878	878	779	778	779	878	879	879	780	779	780	879	880	880	781	780
					781	880	881	881	782	781	782	881	882	882	783	782	783	882	883	883	784	783	784
					883	884	884	785	784	785	884	885	885	786	785	786	885	886	886	787	786	787	886
					887	887	788	787	788	887	888	888	789	788	789	888	889	889	790	789	790	889	890
					890	791	790	791	890	891	891	792	791	792	891	892	892	793	792	793	892	893	893
					794	793	794	893	894	894	795	794	795	894	895	895	796	795	796	895	896	896	797
					796	797	896	897	897	798	797	798	897	898	898	799	798	799	898	899	899	800	799
					800	899	900	900	801	800	801	900	901	901	802	801	802	901	902	902	803	802	803
					902	903	903	804	803	804	903	904	904	805	804	805	904	905	905	806	805	806	905
					906	906	807	806	807	906	907	907	808	807	808	907	908	908	809	808	809	908	909
					909	810	809	810	909	910	910	811	810	811	910	911	911	812	811	812	911	912	912
					813	812	813	912	913	913	814	813	814	913	914	914	815	814	815	914	915	915	816
					815	816	915	916	916	817	816	817	916	917	917	818	817	818	917	918	918	819	818
					819	918	919	919	820	819	820	919	7871	920	821	7870	821	920	921	921	822	821	822
					921	922	922	823	822	823	922	923	923	824	823	824	923	924	924	825	824	825	924
					925	925	826	825	826	925	926	926	827	826	827	926	927	927	828	827	828	927	928
					928	829	828	829	928	929	929	830	829	830	929	930	930	831	830	831	930	931	931
					832	831	832	931	932	932	833	832	833	932	933	933	834	833	834	933	934	934	835
					834	835	934	935	935	836	835	836	935	936	936	837	836	837	936	937	937	838	837
					838	937	938	938	839	838	839	938	939	939	840	839	840	939	940	940	841	840	841
					940	941	941	842	841	842	941	942	942	843	842	843	942	943	943	844	843	844	943
					944	944	845	844	845	944	945	945	846	845	846	945	946	946	847	846	847	946	947
					947	848	847	848	947	948	948	849	848	849	948	949	949	850	849	850	949	950	950
					851	850	851	950	951	951	852	851	852	951	952	952	853	852	853	952	953	953	854
					853	854	953	954	954	855	854	855	954	955	955	856	855	856	955	956	956	857	856
					857	956	957	957	858	857	858	957	958	958	859	858	859	958	959	959	860	859	860
					959	960	960	861	860	861	960	961	961	862	861	862	961	962	962	863	862	863	962
					963	963	864	863	864	963	964	964	865	864	865	964	965	965	866	865	866	965	966
					966	867	866	867	966	967	967	868	867	868	967	968	968	869	868	869	968	969	969
					870	869	870	969	970	970	871	870	871	970	971	971	872	871	872	971	972	972	873
					872	873	972	973	973	874	873	874	973	974	974	875	874	875	974	975	975	876	875
					876	975	976	976	877	876	877	976	977	977	878	877	878	977	978	978	879	878	879
					978	979	979	880	879	880	979	980	980	881	880	881	980	981	981	882	881	882	981
					982	982	883	882	883	982	983	983	884	883	884	983	984	984	885	884	885	984	985
					985	886	885	886	985	986	986	887	886	887	986	987	987	888	887	888	987	988	988
					889	888	889	988	989	989	890	889	890	989	990	990	891	890	891	990	991	991	892
					891	892	991	992	992	893	892	893	992	993	993	894	893	894	993	994	994	895	894
					895	994	995	995	896	895	896	995	996	996	897	896	897	996	997	997	898	897	898
					997	998	998	899	898	899	998	999	999	900	899	900	999	1000	1000	901	900	901	1000
					1001	1001	902	901	902	1001	1002	1002	903	902	903	1002	1003	1003	904	903	904	1003	1004
					1004	905	904	905	1004	1005	1005	906	905	906	1005	1006	1006	907	906	907	1006	1007	1007
					908	907	908	1007	1008	1008	909	908	909	1008	1009	1009	910	909	910	1009	1010	1010	911
					910	911	1010	1011	1011	912	911	912	1011	1012	1012	913	912	913	1012	1013	1013	914	913
					914	1013	1014	1014	915	914	915	1014	1015	1015	916	915	916	1015	1016	1016	917	916	917
					1016	1017	1017	918	917	918	1017	1018	1018	919	918	919	1018	7873	1019	920	7872	920	1019
					1020	1020	921	920	921	1020	1021	1021	922	921	922	1021	1022	1022	923	922	923	1022	1023
					1023	924	923	924	1023	1024	1024	925	924	925	1024	1025	1025	926	925	926	1025	1026	1026
					927	926	927	1026	1027	1027	928	927	928	1027	1028	1028	929	928	929	1028	1029	1029	930
					929	930	1029	1030	1030	931	930	931	1030	1031	1031	932	931	932	1031	1032	1032	933	932
					933	1032	1033	1033	934	933	934	1033	1034	1034	935	934	935	1034	1035	1035	936	935	936
					1035	1036	1036	937	936	937	1036	1037	1037	938	937	938	1037	1038	1038	939	938	939	1038
					1039	1039	940	939	940	1039	1040	1040	941	940	941	1040	1041	1041	942	941	942	1041	1042
					1042	943	942	943	1042	1043	1043	944	943	944	1043	1044	1044	945	944	945	1044	1045	1045
					946	945	946	1045	1046	1046	947	946	947	1046	1047	1047	948	947	948	1047	1048	1048	949
					948	949	1048	1049	1049	950	949	950	1049	1050	1050	951	950	951	1050	1051	1051	952	951
					952	1051	1052	1052	953	952	953	1052	1053	1053	954	953	954	1053	1054	1054	955	954	955
					1054	1055	1055	956	955	956	1055	1056	1056	957	956	957	1056	1057	1057	958	957	958	1057
					1058	1058	959	958	959	1058	1059	1059	960	959	960	1059	1060	1060	961	960	961	1060	1061
					1061	962	961	962	1061	1062	1062	963	962	963	1062	1063	1063	964	963	964	1063	1064	1064
					965	964	965	1064	1065	1065	966	965	966	1065	1066	1066	967	966	967	1066	1067	1067	968
					967	968	1067	1068	1068	969	968	969	1068	1069	1069	970	969	970	1069	1070	1070	971	970
					971	1070	1071	1071	972	971	972	1071	1072	1072	973	972	973	1072	1073	1073	974	973	974
					1073	1074	1074	975	974	975	1074	1075	1075	976	975	976	1075	1076	1076	977	976	977	1076
					1077	1077	978	977	978	1077	1078	1078	979	978	979	1078	1079	1079	980	979	980	1079	1080
					1080	981	980	981	1080	1081	1081	982	981	982	1081	1082	1082	983	982	983	1082	1083	1083
					984	983	984	1083	1084	1084	985	984	985	1084	1085	1085	986	985	986	1085	1086	1086	987
					986	987	1086	1087	1087	988	987	988	1087	1088	1088	989	988	989	1088	1089	1089	990	989
					990	1089	1090	1090	991	990	991	1090	1091	1091	992	991	992	1091	1092	1092	993	992	993
					1092	1093	1093	994	993	994	1093	1094	1094	995	994	995	1094	1095	1095	996	995	996	1095
					1096	1096	997	996	997	1096	1097	1097	998	997	998	1097	1098	1098	999	998	999	1098	1099
					1099	1000	999	1000	1099	1100	1100	1001	1000	1001	1100	1101	1101	1002	1001	1002	1101	1102	1102
					1003	1002	1003	1102	1103	1103	1004	1003	1004	1103	1104	1104	1005	1004	1005	1104	1105	1105	1006
					1005	1006	1105	1106	1106	1007	1006	1007	1106	1107	1107	1008	1007	1008	1107	1108	1108	1009	1008
					1009	1108	1109	1109	1010	1009	1010	1109	1110	1110	1011	1010	1011	1110	1111	1111	1012	1011	1012
					1111	1112	1112	1013	1012	1013	1112	1113	1113	1014	1013	1014	1113	1114	1114	1015	1014	1015	1114
					1115	1115	1016	1015	1016	1115	1116	1116	1017	1016	1017	1116	1117	1117	1018	1017	1018	1117	7875
					1118	1019	7874	1019	1118	1119	1119	1020	1019	1020	1119	1120	1120	1021	1020	1021	1120	1121	1121
					1022	1021	1022	1121	1122	1122	1023	1022	1023	1122	1123	1123	1024	1023	1024	1123	1124	1124	1025
					1024	1025	1124	1125	1125	1026	1025	1026	1125	1126	1126	1027	1026	1027	1126	1127	1127	1028	1027
					1028	1127	1128	1128	1029	1028	1029	1128	1129	1129	1030	1029	1030	1129	1130	1130	1031	1030	1031
					1130	1131	1131	1032	1031	1032	1131	1132	1132	1033	1032	1033	1132	1133	1133	1034	1033	1034	1133
					1134	1134	1035	1034	1035	1134	1135	1135	1036	1035	1036	1135	1136	1136	1037	1036	1037	1136	1137
					1137	1038	1037	1038	1137	1138	1138	1039	1038	1039	1138	1139	1139	1040	1039	1040	1139	1140	1140
					1041	1040	1041	1140	1141	1141	1042	1041	1042	1141	1142	1142	1043	1042	1043	1142	1143	1143	1044
					1043	1044	1143	1144	1144	1045	1044	1045	1144	1145	1145	1046	1045	1046	1145	1146	1146	1047	1046
					1047	1146	1147	1147	1048	1047	1048	1147	1148	1148	1049	1048	1049	1148	1149	1149	1050	1049	1050
					1149	1150	1150	1051	1050	1051	1150	1151	1151	1052	1051	1052	1151	1152	1152	1053	1052	1053	1152
					1153	1153	1054	1053	1054	1153	1154	1154	1055	1054	1055	1154	1155	1155	1056	1055	1056	1155	1156
					1156	1057	1056	1057	1156	1157	1157	1058	1057	1058	1157	1158	1158	1059	1058	1059	1158	1159	1159
					1060	1059	1060	1159	1160	1160	1061	1060	1061	1160	1161	1161	1062	1061	1062	1161	1162	1162	1063
					1062	1063	1162	1163	1163	1064	1063	1064	1163	1164	1164	1065	1064	1065	1164	1165	1165	1066	1065
					1066	1165	1166	1166	1067	1066	1067	1166	1167	1167	1068	1067	1068	1167	1168	1168	1069	1068	1069
					1168	1169	1169	1070	1069	1070	1169	1170	1170	1071	1070	1071	1170	1171	1171	1072	1071	1072	1171
					1172	1172	1073	1072	1073	1172	1173	1173	1074	1073	1074	1173	1174	1174	1075	1074	1075	1174	1175
					1175	1076	1075	1076	1175	1176	1176	1077	1076	1077	1176	1177	1177	1078	1077	1078	1177	1178	1178
					1079	1078	1079	1178	1179	1179	1080	1079	1080	1179	1180	1180	1081	1080	1081	1180	1181	1181	1082
					1081	1082	1181	1182	1182	1083	1082	1083	1182	1183	1183	1084	1083	1084	1183	1184	1184	1085	1084
					1085	1184	1185	1185	1086	1085	1086	1185	1186	1186	1087	1086	1087	1186	1187	1187	1088	1087	1088
					1187	1188	1188	1089	1088	1089	1188	1189	1189	1090	1089	1090	1189	1190	1190	1091	1090	1091	1190
					1191	1191	1092	1091	1092	1191	1192	1192	1093	1092	1093	1192	1193	1193	1094	1093	1094	1193	1194
					1194	1095	1094	1095	1194	1195	1195	1096	1095	1096	1195	1196	1196	1097	1096	1097	1196	1197	1197
					1098	1097	1098	1197	1198	1198	1099	1098	1099	1198	1199	1199	1100	1099	1100	1199	1200	1200	1101
					1100	1101	1200	1201	1201	1102	1101	1102	1201	1202	1202	1103	1102	1103	1202	1203	1203	1104	1103
					1104	1203	1204	1204	1105	1104	1105	1204	1205	1205	1106	1105	1106	1205	1206	1206	1107	1106	1107
					1206	1207	1207	1108	1107	1108	1207	1208	1208	1109	1108	1109	1208	1209	1209	1110	1109	1110	1209
					1210	1210	1111	1110	1111	1210	1211	1211	1112	1111	1112	1211	1212	1212	1113	1112	1113	1212	1213
					1213	1114	1113	1114	1213	1214	1214	1115	1114	1115	1214	1215	1215	1116	1115	1116	1215	1216	1216
					1117	1116	1117	1216	7877	1217	1118	7876	1118	1217	1218	1218	1119	1118	1119	1218	1219	1219	1120
					1119	1120	1219	1220	1220	1121	1120	1121	1220	1221	1221	1122	1121	1122	1221	1222	1222	1123	1122
					1123	1222	1223	1223	1124	1123	1124	1223	1224	1224	1125	1124	1125	1224	1225	1225	1126	1125	1126
					1225	1226	1226	1127	1126	1127	1226	1227	1227	1128	1127	1128	1227	1228	1228	1129	1128	1129	1228
					1229	1229	1130	1129	1130	1229	1230	1230	1131	1130	1131	1230	1231	1231	1132	1131	1132	1231	1232
					1232	1133	1132	1133	1232	1233	1233	1134	1133	1134	1233	1234	1234	1135	1134	1135	1234	1235	1235
					1136	1135	1136	1235	1236	1236	1137	1136	1137	1236	1237	1237	1138	1137	1138	1237	1238	1238	1139
					1138	1139	1238	1239	1239	1140	1139	1140	1239	1240	1240	1141	1140	1141	1240	1241	1241	1142	1141
					1142	1241	1242	1242	1143	1142	1143	1242	1243	1243	1144	1143	1144	1243	1244	1244	1145	1144	1145
					1244	1245	1245	1146	1145	1146	1245	1246	1246	1147	1146	1147	1246	1247	1247	1148	1147	1148	1247
					1248	1248	1149	1148	1149	1248	1249	1249	1150	1149	1150	1249	1250	1250	1151	1150	1151	1250	1251
					1251	1152	1151	1152	1251	1252	1252	1153	1152	1153	1252	1253	1253	1154	1153	1154	1253	1254	1254
					1155	1154	1155	1254	1255	1255	1156	1155	1156	1255	1256	1256	1157	1156	1157	1256	1257	1257	1158
					1157	1158	1257	1258	1258	1159	1158	1159	1258	1259	1259	1160	1159	1160	1259	1260	1260	1161	1160
					1161	1260	1261	1261	1162	1161	1162	1261	1262	1262	1163	1162	1163	1262	1263	1263	1164	1163	1164
					1263	1264	1264	1165	1164	1165	1264	1265	1265	1166	1165	1166	1265	1266	1266	1167	1166	1167	1266
					1267	1267	1168	1167	1168	1267	1268	1268	1169	1168	1169	1268	1269	1269	1170	1169	1170	1269	1270
					1270	1171	1170	1171	1270	1271	1271	1172	1171	1172	1271	1272	1272	1173	1172	1173	1272	1273	1273
					1174	1173	1174	1273	1274	1274	1175	1174	1175	1274	1275	1275	1176	1175	1176	1275	1276	1276	1177
					1176	1177	1276	1277	1277	1178	1177	1178	1277	1278	1278	1179	1178	1179	1278	1279	1279	1180	1179
					1180	1279	1280	1280	1181	1180	1181	1280	1281	1281	1182	1181	1182	1281	1282	1282	1183	1182	1183
					1282	1283	1283	1184	1183	1184	1283	1284	1284	1185	1184	1185	1284	1285	1285	1186	1185	1186	1285
					1286	1286	1187	1186	1187	1286	1287	1287	1188	1187	1188	1287	1288	1288	1189	1188	1189	1288	1289
					1289	1190	1189	1190	1289	1290	1290	1191	1190	1191	1290	1291	1291	1192	1191	1192	1291	1292	1292
					1193	1192	1193	1292	1293	1293	1194	1193	1194	1293	1294	1294	1195	1194	1195	1294	1295	1295	1196
					1195	1196	1295	1296	1296	1197	1196	1197	1296	1297	1297	1198	1197	1198	1297	1298	1298	1199	1198
					1199	1298	1299	1299	1200	1199	1200	1299	1300	1300	1201	1200	1201	1300	1301	1301	1202	1201	1202
					1301	1302	1302	1203	1202	1203	1302	1303	1303	1204	1203	1204	1303	1304	1304	1205	1204	1205	1304
					1305	1305	1206	1205	1206	1305	1306	1306	1207	1206	1207	1306	1307	1307	1208	1207	1208	1307	1308
					1308	1209	1208	1209	1308	1309	1309	1210	1209	1210	1309	1310	1310	1211	1210	1211	1310	1311	1311
					1212	1211	1212	1311	1312	1312	1213	1212	1213	1312	1313	1313	1214	1213	1214	1313	1314	1314	1215
					1214	1215	1314	1315	1315	1216	1215	1216	1315	7879	1316	1217	7878	1217	1316	1317	1317	1218	1217
					1218	1317	1318	1318	1219	1218	1219	1318	1319	1319	1220	1219	1220	1319	1320	1320	1221	1220	1221
					1320	1321	1321	1222	1221	1222	1321	1322	1322	1223	1222	1223	1322	1323	1323	1224	1223	1224	1323
					1324	1324	1225	1224	1225	1324	1325	1325	1226	1225	1226	1325	1326	1326	1227	1226	1227	1326	1327
					1327	1228	1227	1228	1327	1328	1328	1229	1228	1229	1328	1329	1329	1230	1229	1230	1329	1330	1330
					1231	1230	1231	1330	1331	1331	1232	1231	1232	1331	1332	1332	1233	1232	1233	1332	1333	1333	1234
					1233	1234	1333	1334	1334	1235	1234	1235	1334	1335	1335	1236	1235	1236	1335	1336	1336	1237	1236
					1237	1336	1337	1337	1238	1237	1238	1337	1338	1338	1239	1238	1239	1338	1339	1339	1240	1239	1240
					1339	1340	1340	1241	1240	1241	1340	1341	1341	1242	1241	1242	1341	1342	1342	1243	1242	1243	1342
					1343	1343	1244	1243	1244	1343	1344	1344	1245	1244	1245	1344	1345	1345	1246	1245	1246	1345	1346
					1346	1247	1246	1247	1346	1347	1347	1248	1247	1248	1347	1348	1348	1249	1248	1249	1348	1349	1349
					1250	1249	1250	1349	1350	1350	1251	1250	1251	1350	1351	1351	1252	1251	1252	1351	1352	1352	1253
					1252	1253	1352	1353	1353	1254	1253	1254	1353	1354	1354	1255	1254	1255	1354	1355	1355	1256	1255
					1256	1355	1356	1356	1257	1256	1257	1356	1357	1357	1258	1257	1258	1357	1358	1358	1259	1258	1259
					1358	1359	1359	1260	1259	1260	1359	1360	1360	1261	1260	1261	1360	1361	1361	1262	1261	1262	1361
					1362	1362	1263	1262	1263	1362	1363	1363	1264	1263	1264	1363	1364	1364	1265	1264	1265	1364	1365
					1365	1266	1265	1266	1365	1366	1366	1267	1266	1267	1366	1367	1367	1268	1267	1268	1367	1368	1368
					1269	1268	1269	1368	1369	1369	1270	1269	1270	1369	1370	1370	1271	1270	1271	1370	1371	1371	1272
					1271	1272	1371	1372	1372	1273	1272	1273	1372	1373	1373	1274	1273	1274	1373	1374	1374	1275	1274
					1275	1374	1375	1375	1276	1275	1276	1375	1376	1376	1277	1276	1277	1376	1377	1377	1278	1277	1278
					1377	1378	1378	1279	1278	1279	1378	1379	1379	1280	1279	1280	1379	1380	1380	1281	1280	1281	1380
					1381	1381	1282	1281	1282	1381	1382	1382	1283	1282	1283	1382	1383	1383	1284	1283	1284	1383	1384
					1384	1285	1284	1285	1384	1385	1385	1286	1285	1286	1385	1386	1386	1287	1286	1287	1386	1387	1387
					1288	1287	1288	1387	1388	1388	1289	1288	1289	1388	1389	1389	1290	1289	1290	1389	1390	1390	1291
					1290	1291	1390	1391	1391	1292	1291	1292	1391	1392	1392	1293	1292	1293	1392	1393	1393	1294	1293
					1294	1393	1394	1394	1295	1294	1295	1394	1395	1395	1296	1295	1296	1395	1396	1396	1297	1296	1297
					1396	1397	1397	1298	1297	1298	1397	1398	1398	1299	1298	1299	1398	1399	1399	1300	1299	1300	1399
					1400	1400	1301	1300	1301	1400	1401	1401	1302	1301	1302	1401	1402	1402	1303	1302	1303	1402	1403
					1403	1304	1303	1304	1403	1404	1404	1305	1304	1305	1404	1405	1405	1306	1305	1306	1405	1406	1406
					1307	1306	1307	1406	1407	1407	1308	1307	1308	1407	1408	1408	1309	1308	1309	1408	1409	1409	1310
					1309	1310	1409	1410	1410	1311	1310	1311	1410	1411	1411	1312	1311	1312	1411	1412	1412	1313	1312
					1313	1412	1413	1413	1314	1313	1314	1413	1414	1414	1315	1314	1315	1414	7881	1415	1316	7880	1316
					1415	1416	1416	1317	1316	1317	1416	1417	1417	1318	1317	1318	1417	1418	1418	1319	1318	1319	1418
					1419	1419	1320	1319	1320	1419	1420	1420	1321	1320	1321	1420	1421	1421	1322	1321	1322	1421	1422
					1422	1323	1322	1323	1422	1423	1423	1324	1323	1324	1423	1424	1424	1325	1324	1325	1424	1425	1425
					1326	1325	1326	1425	1426	1426	1327	1326	1327	1426	1427	1427	1328	1327	1328	1427	1428	1428	1329
					1328	1329	1428	1429	1429	1330	1329	1330	1429	1430	1430	1331	1330	1331	1430	1431	1431	1332	1331
					1332	1431	1432	1432	1333	1332	1333	1432	1433	1433	1334	1333	1334	1433	1434	1434	1335	1334	1335
					1434	1435	1435	1336	1335	1336	1435	1436	1436	1337	1336	1337	1436	1437	1437	1338	1337	1338	1437
					1438	1438	1339	1338	1339	1438	1439	1439	1340	1339	1340	1439	1440	1440	1341	1340	1341	1440	1441
					1441	1342	1341	1342	1441	1442	1442	1343	1342	1343	1442	1443	1443	1344	1343	1344	1443	1444	1444
					1345	1344	1345	1444	1445	1445	1346	1345	1346	1445	1446	1446	1347	1346	1347	1446	1447	1447	1348
					1347	1348	1447	1448	1448	1349	1348	1349	1448	1449	1449	1350	1349	1350	1449	1450	1450	1351	1350
					1351	1450	1451	1451	1352	1351	1352	1451	1452	1452	1353	1352	1353	1452	1453	1453	1354	1353	1354
					1453	1454	1454	1355	1354	1355	1454	1455	1455	1356	1355	1356	1455	1456	1456	1357	1356	1357	1456
					1457	1457	1358	1357	1358	1457	1458	1458	1359	1358	1359	1458	1459	1459	1360	1359	1360	1459	1460
					1460	1361	1360	1361	1460	1461	1461	1362	1361	1362	1461	1462	1462	1363	1362	1363	1462	1463	1463
					1364	1363	1364	1463	1464	1464	1365	1364	1365	1464	1465	1465	1366	1365	1366	1465	1466	1466	1367
					1366	1367	1466	1467	1467	1368	1367	1368	1467	1468	1468	1369	1368	1369	1468	1469	1469	1370	1369
					1370	1469	1470	1470	1371	1370	1371	1470	1471	1471	1372	1371	1372	1471	1472	1472	1373	1372	1373
					1472	1473	1473	1374	1373	1374	1473	1474	1474	1375	1374	1375	1474	1475	1475	1376	1375	1376	1475
					1476	1476	1377	1376	1377	1476	1477	1477	1378	1377	1378	1477	1478	1478	1379	1378	1379	1478	1479
					1479	1380	1379	1380	1479	1480	1480	1381	1380	1381	1480	1481	1481	1382	1381	1382	1481	1482	1482
					1383	1382	1383	1482	1483	1483	1384	1383	1384	1483	1484	1484	1385	1384	1385	1484	1485	1485	1386
					1385	1386	1485	1486	1486	1387	1386	1387	1486	1487	1487	1388	1387	1388	1487	1488	1488	1389	1388
					1389	1488	1489	1489	1390	1389	1390	1489	1490	1490	1391	1390	1391	1490	1491	1491	1392	1391	1392
					1491	1492	1492	1393	1392	1393	1492	1493	1493	1394	1393	1394	1493	1494	1494	1395	1394	1395	1494
					1495	1495	1396	1395	1396	1495	1496	1496	1397	1396	1397	1496	1497	1497	1398	1397	1398	1497	1498
					1498	1399	1398	1399	1498	1499	1499	1400	1399	1400	1499	1500	1500	1401	1400	1401	1500	1501	1501
					1402	1401	1402	1501	1502	1502	1403	1402	1403	1502	1503	1503	1404	1403	1404	1503	1504	1504	1405
					1404	1405	1504	1505	1505	1406	1405	1406	1505	1506	1506	1407	1406	1407	1506	1507	1507	1408	1407
					1408	1507	1508	1508	1409	1408	1409	1508	1509	1509	1410	1409	1410	1509	1510	1510	1411	1410	1411
					1510	1511	1511	1412	1411	1412	1511	1512	1512	1413	1412	1413	1512	1513	1513	1414	1413	1414	1513
					7883	1514	1415	7882	1415	1514	1515	1515	1416	1415	1416	1515	1516	1516	1417	1416	1417	1516	1517
					1517	1418	1417	1418	1517	1518	1518	1419	1418	1419	1518	1519	1519	1420	1419	1420	1519	1520	1520
					1421	1420	1421	1520	1521	1521	1422	1421	1422	1521	1522	1522	1423	1422	1423	1522	1523	1523	1424
					1423	1424	1523	1524	1524	1425	1424	1425	1524	1525	1525	1426	1425	1426	1525	1526	1526	1427	1426
					1427	1526	1527	1527	1428	1427	1428	1527	1528	1528	1429	1428	1429	1528	1529	1529	1430	1429	1430
					1529	1530	1530	1431	1430	1431	1530	1531	1531	1432	1431	1432	1531	1532	1532	1433	1432	1433	1532
					1533	1533	1434	1433	1434	1533	1534	1534	1435	1434	1435	1534	1535	1535	1436	1435	1436	1535	1536
					1536	1437	1436	1437	1536	1537	1537	1438	1437	1438	1537	1538	1538	1439	1438	1439	1538	1539	1539
					1440	1439	1440	1539	1540	1540	1441	1440	1441	1540	1541	1541	1442	1441	1442	1541	1542	1542	1443
					1442	1443	1542	1543	1543	1444	1443	1444	1543	1544	1544	1445	1444	1445	1544	1545	1545	1446	1445
					1446	1545	1546	1546	1447	1446	1447	1546	1547	1547	1448	1447	1448	1547	1548	1548	1449	1448	1449
					1548	1549	1549	1450	1449	1450	1549	1550	1550	1451	1450	1451	1550	1551	1551	1452	1451	1452	1551
					1552	1552	1453	1452	1453	1552	1553	1553	1454	1453	1454	1553	1554	1554	1455	1454	1455	1554	1555
					1555	1456	1455	1456	1555	1556	1556	1457	1456	1457	1556	1557	1557	1458	1457	1458	1557	1558	1558
					1459	1458	1459	1558	1559	1559	1460	1459	1460	1559	1560	1560	1461	1460	1461	1560	1561	1561	1462
					1461	1462	1561	1562	1562	1463	1462	1463	1562	1563	1563	1464	1463	1464	1563	1564	1564	1465	1464
					1465	1564	1565	1565	1466	1465	1466	1565	1566	1566	1467	1466	1467	1566	1567	1567	1468	1467	1468
					1567	1568	1568	1469	1468	1469	1568	1569	1569	1470	1469	1470	1569	1570	1570	1471	1470	1471	1570
					1571	1571	1472	1471	1472	1571	1572	1572	1473	1472	1473	1572	1573	1573	1474	1473	1474	1573	1574
					1574	1475	1474	1475	1574	1575	1575	1476	1475	1476	1575	1576	1576	1477	1476	1477	1576	1577	1577
					1478	1477	1478	1577	1578	1578	1479	1478	1479	1578	1579	1579	1480	1479	1480	1579	1580	1580	1481
					1480	1481	1580	1581	1581	1482	1481	1482	1581	1582	1582	1483	1482	1483	1582	1583	1583	1484	1483
					1484	1583	1584	1584	1485	1484	1485	1584	1585	1585	1486	1485	1486	1585	1586	1586	1487	1486	1487
					1586	1587	1587	1488	1487	1488	1587	1588	1588	1489	1488	1489	1588	1589	1589	1490	1489	1490	1589
					1590	1590	1491	1490	1491	1590	1591	1591	1492	1491	1492	1591	1592	1592	1493	1492	1493	1592	1593
					1593	1494	1493	1494	1593	1594	1594	1495	1494	1495	1594	1595	1595	1496	1495	1496	1595	1596	1596
					1497	1496	1497	1596	1597	1597	1498	1497	1498	1597	1598	1598	1499	1498	1499	1598	1599	1599	1500
					1499	1500	1599	1600	1600	1501	1500	1501	1600	1601	1601	1502	1501	1502	1601	1602	1602	1503	1502
					1503	1602	1603	1603	1504	1503	1504	1603	1604	1604	1505	1504	1505	1604	1605	1605	1506	1505	1506
					1605	1606	1606	1507	1506	1507	1606	1607	1607	1508	1507	1508	1607	1608	1608	1509	1508	1509	1608
					1609	1609	1510	1509	1510	1609	1610	1610	1511	1510	1511	1610	1611	1611	1512	1511	1512	1611	1612
					1612	1513	1512	1513	1612	7885	1613	1514	7884	1514	1613	1614	1614	1515	1514	1515	1614	1615	1615
					1516	1515	1516	1615	1616	1616	1517	1516	1517	1616	1617	1617	1518	1517	1518	1617	1618	1618	1519
					1518	1519	1618	1619	1619	1520	1519	1520	1619	1620	1620	1521	1520	1521	1620	1621	1621	1522	1521
					1522	1621	1622	1622	1523	1522	1523	1622	1623	1623	1524	1523	1524	1623	1624	1624	1525	1524	1525
					1624	1625	1625	1526	1525	1526	1625	1626	1626	1527	1526	1527	1626	1627	1627	1528	1527	1528	1627
					1628	1628	1529	1528	1529	1628	1629	1629	1530	1529	1530	1629	1630	1630	1531	1530	1531	1630	1631
					1631	1532	1531	1532	1631	1632	1632	1533	1532	1533	1632	1633	1633	1534	1533	1534	1633	1634	1634
					1535	1534	1535	1634	1635	1635	1536	1535	1536	1635	1636	1636	1537	1536	1537	1636	1637	1637	1538
					1537	1538	1637	1638	1638	1539	1538	1539	1638	1639	1639	1540	1539	1540	1639	1640	1640	1541	1540
					1541	1640	1641	1641	1542	1541	1542	1641	1642	1642	1543	1542	1543	1642	1643	1643	1544	1543	1544
					1643	1644	1644	1545	1544	1545	1644	1645	1645	1546	1545	1546	1645	1646	1646	1547	1546	1547	1646
					1647	1647	1548	1547	1548	1647	1648	1648	1549	1548	1549	1648	1649	1649	1550	1549	1550	1649	1650
					1650	1551	1550	1551	1650	1651	1651	1552	1551	1552	1651	1652	1652	1553	1552	1553	1652	1653	1653
					1554	1553	1554	1653	1654	1654	1555	1554	1555	1654	1655	1655	1556	1555	1556	1655	1656	1656	1557
					1556	1557	1656	1657	1657	1558	1557	1558	1657	1658	1658	1559	1558	1559	1658	1659	1659	1560	1559
					1560	1659	1660	1660	1561	1560	1561	1660	1661	1661	1562	1561	1562	1661	1662	1662	1563	1562	1563
					1662	1663	1663	1564	1563	1564	1663	1664	1664	1565	1564	1565	1664	1665	1665	1566	1565	1566	1665
					1666	1666	1567	1566	1567	1666	1667	1667	1568	1567	1568	1667	1668	1668	1569	1568	1569	1668	1669
					1669	1570	1569	1570	1669	1670	1670	1571	1570	1571	1670	1671	1671	1572	1571	1572	1671	1672	1672
					1573	1572	1573	1672	1673	1673	1574	1573	1574	1673	1674	1674	1575	1574	1575	1674	1675	1675	1576
					1575	1576	1675	1676	1676	1577	1576	1577	1676	1677	1677	1578	1577	1578	1677	1678	1678	1579	1578
					1579	1678	1679	1679	1580	1579	1580	1679	1680	1680	1581	1580	1581	1680	1681	1681	1582	1581	1582
					1681	1682	1682	1583	1582	1583	1682	1683	1683	1584	1583	1584	1683	1684	1684	1585	1584	1585	1684
					1685	1685	1586	1585	1586	1685	1686	1686	1587	1586	1587	1686	1687	1687	1588	1587	1588	1687	1688
					1688	1589	1588	1589	1688	1689	1689	1590	1589	1590	1689	1690	1690	1591	1590	1591	1690	1691	1691
					1592	1591	1592	1691	1692	1692	1593	1592	1593	1692	1693	1693	1594	1593	1594	1693	1694	1694	1595
					1594	1595	1694	1695	1695	1596	1595	1596	1695	1696	1696	1597	1596	1597	1696	1697	1697	1598	1597
					1598	1697	1698	1698	1599	1598	1599	1698	1699	1699	1600	1599	1600	1699	1700	1700	1601	1600	1601
					1700	1701	1701	1602	1601	1602	1701	1702	1702	1603	1602	1603	1702	1703	1703	1604	1603	1604	1703
					1704	1704	1605	1604	1605	1704	1705	1705	1606	1605	1606	1705	1706	1706	1607	1606	1607	1706	1707
					1707	1608	1607	1608	1707	1708	1708	1609	1608	1609	1708	1709	1709	1610	1609	1610	1709	1710	1710
					1611	1610	1611	1710	1711	1711	1612	1611	1612	1711	7887	1712	1613	7886	1613	1712	1713	1713	1614
					1613	1614	1713	1714	1714	1615	1614	1615	1714	1715	1715	1616	1615	1616	1715	1716	1716	1617	1616
					1617	1716	1717	1717	1618	1617	1618	1717	1718	1718	1619	1618	1619	1718	1719	1719	1620	1619	1620
					1719	1720	1720	1621	1620	1621	1720	1721	1721	1622	1621	1622	1721	1722	1722	1623	1622	1623	1722
					1723	1723	1624	1623	1624	1723	1724	1724	1625	1624	1625	1724	1725	1725	1626	1625	1626	1725	1726
					1726	1627	1626	1627	1726	1727	1727	1628	1627	1628	1727	1728	1728	1629	1628	1629	1728	1729	1729
					1630	1629	1630	1729	1730	1730	1631	1630	1631	1730	1731	1731	1632	1631	1632	1731	1732	1732	1633
					1632	1633	1732	1733	1733	1634	1633	1634	1733	1734	1734	1635	1634	1635	1734	1735	1735	1636	1635
					1636	1735	1736	1736	1637	1636	1637	1736	1737	1737	1638	1637	1638	1737	1738	1738	1639	1638	1639
					1738	1739	1739	1640	1639	1640	1739	1740	1740	1641	1640	1641	1740	1741	1741	1642	1641	1642	1741
					1742	1742	1643	1642	1643	1742	1743	1743	1644	1643	1644	1743	1744	1744	1645	1644	1645	1744	1745
					1745	1646	1645	1646	1745	1746	1746	1647	1646	1647	1746	1747	1747	1648	1647	1648	1747	1748	1748
					1649	1648	1649	1748	1749	1749	1650	1649	1650	1749	1750	1750	1651	1650	1651	1750	1751	1751	1652
					1651	1652	1751	1752	1752	1653	1652	1653	1752	1753	1753	1654	1653	1654	1753	1754	1754	1655	1654
					1655	1754	1755	1755	1656	1655	1656	1755	1756	1756	1657	1656	1657	1756	1757	1757	1658	1657	1658
					1757	1758	1758	1659	1658	1659	1758	1759	1759	1660	1659	1660	1759	1760	1760	1661	1660	1661	1760
					1761	1761	1662	1661	1662	1761	1762	1762	1663	1662	1663	1762	1763	1763	1664	1663	1664	1763	1764
					1764	1665	1664	1665	1764	1765	1765	1666	1665	1666	1765	1766	1766	1667	1666	1667	1766	1767	1767
					1668	1667	1668	1767	1768	1768	1669	1668	1669	1768	1769	1769	1670	1669	1670	1769	1770	1770	1671
					1670	1671	1770	1771	1771	1672	1671	1672	1771	1772	1772	1673	1672	1673	1772	1773	1773	1674	1673
					1674	1773	1774	1774	1675	1674	1675	1774	1775	1775	1676	1675	1676	1775	1776	1776	1677	1676	1677
					1776	1777	1777	1678	1677	1678	1777	1778	1778	1679	1678	1679	1778	1779	1779	1680	1679	1680	1779
					1780	1780	1681	1680	1681	1780	1781	1781	1682	1681	1682	1781	1782	1782	1683	1682	1683	1782	1783
					1783	1684	1683	1684	1783	1784	1784	1685	1684	1685	1784	1785	1785	1686	1685	1686	1785	1786	1786
					1687	1686	1687	1786	1787	1787	1688	1687	1688	1787	1788	1788	1689	1688	1689	1788	1789	1789	1690
					1689	1690	1789	1790	1790	1691	1690	1691	1790	1791	1791	1692	1691	1692	1791	1792	1792	1693	1692
					1693	1792	1793	1793	1694	1693	1694	1793	1794	1794	1695	1694	1695	1794	1795	1795	1696	1695	1696
					1795	1796	1796	1697	1696	1697	1796	1797	1797	1698	1697	1698	1797	1798	1798	1699	1698	1699	1798
					1799	1799	1700	1699	1700	1799	1800	1800	1701	1700	1701	1800	1801	1801	1702	1701	1702	1801	1802
					1802	1703	1702	1703	1802	1803	1803	1704	1703	1704	1803	1804	1804	1705	1704	1705	1804	1805	1805
					1706	1705	1706	1805	1806	1806	1707	1706	1707	1806	1807	1807	1708	1707	1708	1807	1808	1808	1709
					1708	1709	1808	1809	1809	1710	1709	1710	1809	1810	1810	1711	1710	1711	1810	7889	1811	1712	7888
					1712	1811	1812	1812	1713	1712	1713	1812	1813	1813	1714	1713	1714	1813	1814	1814	1715	1714	1715
					1814	1815	1815	1716	1715	1716	1815	1816	1816	1717	1716	1717	1816	1817	1817	1718	1717	1718	1817
					1818	1818	1719	1718	1719	1818	1819	1819	1720	1719	1720	1819	1820	1820	1721	1720	1721	1820	1821
					1821	1722	1721	1722	1821	1822	1822	1723	1722	1723	1822	1823	1823	1724	1723	1724	1823	1824	1824
					1725	1724	1725	1824	1825	1825	1726	1725	1726	1825	1826	1826	1727	1726	1727	1826	1827	1827	1728
					1727	1728	1827	1828	1828	1729	1728	1729	1828	1829	1829	1730	1729	1730	1829	1830	1830	1731	1730
					1731	1830	1831	1831	1732	1731	1732	1831	1832	1832	1733	1732	1733	1832	1833	1833	1734	1733	1734
					1833	1834	1834	1735	1734	1735	1834	1835	1835	1736	1735	1736	1835	1836	1836	1737	1736	1737	1836
					1837	1837	1738	1737	1738	1837	1838	1838	1739	1738	1739	1838	1839	1839	1740	1739	1740	1839	1840
					1840	1741	1740	1741	1840	1841	1841	1742	1741	1742	1841	1842	1842	1743	1742	1743	1842	1843	1843
					1744	1743	1744	1843	1844	1844	1745	1744	1745	1844	1845	1845	1746	1745	1746	1845	1846	1846	1747
					1746	1747	1846	1847	1847	1748	1747	1748	1847	1848	1848	1749	1748	1749	1848	1849	1849	1750	1749
					1750	1849	1850	1850	1751	1750	1751	1850	1851	1851	1752	1751	1752	1851	1852	1852	1753	1752	1753
					1852	1853	1853	1754	1753	1754	1853	1854	1854	1755	1754	1755	1854	1855	1855	1756	1755	1756	1855
					1856	1856	1757	1756	1757	1856	1857	1857	1758	1757	1758	1857	1858	1858	1759	1758	1759	1858	1859
					1859	1760	1759	1760	1859	1860	1860	1761	1760	1761	1860	1861	1861	1762	1761	1762	1861	1862	1862
					1763	1762	1763	1862	1863	1863	1764	1763	1764	1863	1864	1864	1765	1764	1765	1864	1865	1865	1766
					1765	1766	1865	1866	1866	1767	1766	1767	1866	1867	1867	1768	1767	1768	1867	1868	1868	1769	1768
					1769	1868	1869	1869	1770	1769	1770	1869	1870	1870	1771	1770	1771	1870	1871	1871	1772	1771	1772
					1871	1872	1872	1773	1772	1773	1872	1873	1873	1774	1773	1774	1873	1874	1874	1775	1774	1775	1874
					1875	1875	1776	1775	1776	1875	1876	1876	1777	1776	1777	1876	1877	1877	1778	1777	1778	1877	1878
					1878	1779	1778	1779	1878	1879	1879	1780	1779	1780	1879	1880	1880	1781	1780	1781	1880	1881	1881
					1782	1781	1782	1881	1882	1882	1783	1782	1783	1882	1883	1883	1784	1783	1784	1883	1884	1884	1785
					1784	1785	1884	1885	1885	1786	1785	1786	1885	1886	1886	1787	1786	1787	1886	1887	1887	1788	1787
					1788	1887	1888	1888	1789	1788	1789	1888	1889	1889	1790	1789	1790	1889	1890	1890	1791	1790	1791
					1890	1891	1891	1792	1791	1792	1891	1892	1892	1793	1792	1793	1892	1893	1893	1794	1793	1794	1893
					1894	1894	1795	1794	1795	1894	1895	1895	1796	1795	1796	1895	1896	1896	1797	1796	1797	1896	1897
					1897	1798	1797	1798	1897	1898	1898	1799	1798	1799	1898	1899	1899	1800	1799	1800	1899	1900	1900
					1801	1800	1801	1900	1901	1901	1802	1801	1802	1901	1902	1902	1803	1802	1803	1902	1903	1903	1804
					1803	1804	1903	1904	1904	1805	1804	1805	1904	1905	1905	1806	1805	1806	1905	1906	1906	1807	1806
					1807	1906	1907	1907	1808	1807	1808	1907	1908	1908	1809	1808	1809	1908	1909	1909	1810	1809	1810
					1909	7891	1910	1811	7890	1811	1910	1911	1911	1812	1811	1812	1911	1912	1912	1813	1812	1813	1912
					1913	1913	1814	1813	1814	1913	1914	1914	1815	1814	1815	1914	1915	1915	1816	1815	1816	1915	1916
					1916	1817	1816	1817	1916	1917	1917	1818	1817	1818	1917	1918	1918	1819	1818	1819	1918	1919	1919
					1820	1819	1820	1919	1920	1920	1821	1820	1821	1920	1921	1921	1822	1821	1822	1921	1922	1922	1823
					1822	1823	1922	1923	1923	1824	1823	1824	1923	1924	1924	1825	1824	1825	1924	1925	1925	1826	1825
					1826	1925	1926	1926	1827	1826	1827	1926	1927	1927	1828	1827	1828	1927	1928	1928	1829	1828	1829
					1928	1929	1929	1830	1829	1830	1929	1930	1930	1831	1830	1831	1930	1931	1931	1832	1831	1832	1931
					1932	1932	1833	1832	1833	1932	1933	1933	1834	1833	1834	1933	1934	1934	1835	1834	1835	1934	1935
					1935	1836	1835	1836	1935	1936	1936	1837	1836	1837	1936	1937	1937	1838	1837	1838	1937	1938	1938
					1839	1838	1839	1938	1939	1939	1840	1839	1840	1939	1940	1940	1841	1840	1841	1940	1941	1941	1842
					1841	1842	1941	1942	1942	1843	1842	1843	1942	1943	1943	1844	1843	1844	1943	1944	1944	1845	1844
					1845	1944	1945	1945	1846	1845	1846	1945	1946	1946	1847	1846	1847	1946	1947	1947	1848	1847	1848
					1947	1948	1948	1849	1848	1849	1948	1949	1949	1850	1849	1850	1949	1950	1950	1851	1850	1851	1950
					1951	1951	1852	1851	1852	1951	1952	1952	1853	1852	1853	1952	1953	1953	1854	1853	1854	1953	1954
					1954	1855	1854	1855	1954	1955	1955	1856	1855	1856	1955	1956	1956	1857	1856	1857	1956	1957	1957
					1858	1857	1858	1957	1958	1958	1859	1858	1859	1958	1959	1959	1860	1859	1860	1959	1960	1960	1861
					1860	1861	1960	1961	1961	1862	1861	1862	1961	1962	1962	1863	1862	1863	1962	1963	1963	1864	1863
					1864	1963	1964	1964	1865	1864	1865	1964	1965	1965	1866	1865	1866	1965	1966	1966	1867	1866	1867
					1966	1967	1967	1868	1867	1868	1967	1968	1968	1869	1868	1869	1968	1969	1969	1870	1869	1870	1969
					1970	1970	1871	1870	1871	1970	1971	1971	1872	1871	1872	1971	1972	1972	1873	1872	1873	1972	1973
					1973	1874	1873	1874	1973	1974	1974	1875	1874	1875	1974	1975	1975	1876	1875	1876	1975	1976	1976
					1877	1876	1877	1976	1977	1977	1878	1877	1878	1977	1978	1978	1879	1878	1879	1978	1979	1979	1880
					1879	1880	1979	1980	1980	1881	1880	1881	1980	1981	1981	1882	1881	1882	1981	1982	1982	1883	1882
					1883	1982	1983	1983	1884	1883	1884	1983	1984	1984	1885	1884	1885	1984	1985	1985	1886	1885	1886
					1985	1986	1986	1887	1886	1887	1986	1987	1987	1888	1887	1888	1987	1988	1988	1889	1888	1889	1988
					1989	1989	1890	1889	1890	1989	1990	1990	1891	1890	1891	1990	1991	1991	1892	1891	1892	1991	1992
					1992	1893	1892	1893	1992	1993	1993	1894	1893	1894	1993	1994	1994	1895	1894	1895	1994	1995	1995
					1896	1895	1896	1995	1996	1996	1897	1896	1897	1996	1997	1997	1898	1897	1898	1997	1998	1998	1899
					1898	1899	1998	1999	1999	1900	1899	1900	1999	2000	2000	1901	1900	1901	2000	2001	2001	1902	1901
					1902	2001	2002	2002	1903	1902	1903	2002	2003	2003	1904	1903	1904	2003	2004	2004	1905	1904	1905
					2004	2005	2005	1906	1905	1906	2005	2006	2006	1907	1906	1907	2006	2007	2007	1908	1907	1908	2007
					2008	2008	1909	1908	1909	2008	7893	2009	1910	7892	1910	2009	2010	2010	1911	1910	1911	2010	2011
					2011	1912	1911	1912	2011	2012	2012	1913	1912	1913	2012	2013	2013	1914	1913	1914	2013	2014	2014
					1915	1914	1915	2014	2015	2015	1916	1915	1916	2015	2016	2016	1917	1916	1917	2016	2017	2017	1918
					1917	1918	2017	2018	2018	1919	1918	1919	2018	2019	2019	1920	1919	1920	2019	2020	2020	1921	1920
					1921	2020	2021	2021	1922	1921	1922	2021	2022	2022	1923	1922	1923	2022	2023	2023	1924	1923	1924
					2023	2024	2024	1925	1924	1925	2024	2025	2025	1926	1925	1926	2025	2026	2026	1927	1926	1927	2026
					2027	2027	1928	1927	1928	2027	2028	2028	1929	1928	1929	2028	2029	2029	1930	1929	1930	2029	2030
					2030	1931	1930	1931	2030	2031	2031	1932	1931	1932	2031	2032	2032	1933	1932	1933	2032	2033	2033
					1934	1933	1934	2033	2034	2034	1935	1934	1935	2034	2035	2035	1936	1935	1936	2035	2036	2036	1937
					1936	1937	2036	2037	2037	1938	1937	1938	2037	2038	2038	1939	1938	1939	2038	2039	2039	1940	1939
					1940	2039	2040	2040	1941	1940	1941	2040	2041	2041	1942	1941	1942	2041	2042	2042	1943	1942	1943
					2042	2043	2043	1944	1943	1944	2043	2044	2044	1945	1944	1945	2044	2045	2045	1946	1945	1946	2045
					2046	2046	1947	1946	1947	2046	2047	2047	1948	1947	1948	2047	2048	2048	1949	1948	1949	2048	2049
					2049	1950	1949	1950	2049	2050	2050	1951	1950	1951	2050	2051	2051	1952	1951	1952	2051	2052	2052
					1953	1952	1953	2052	2053	2053	1954	1953	1954	2053	2054	2054	1955	1954	1955	2054	2055	2055	1956
					1955	1956	2055	2056	2056	1957	1956	1957	2056	2057	2057	1958	1957	1958	2057	2058	2058	1959	1958
					1959	2058	2059	2059	1960	1959	1960	2059	2060	2060	1961	1960	1961	2060	2061	2061	1962	1961	1962
					2061	2062	2062	1963	1962	1963	2062	2063	2063	1964	1963	1964	2063	2064	2064	1965	1964	1965	2064
					2065	2065	1966	1965	1966	2065	2066	2066	1967	1966	1967	2066	2067	2067	1968	1967	1968	2067	2068
					2068	1969	1968	1969	2068	2069	2069	1970	1969	1970	2069	2070	2070	1971	1970	1971	2070	2071	2071
					1972	1971	1972	2071	2072	2072	1973	1972	1973	2072	2073	2073	1974	1973	1974	2073	2074	2074	1975
					1974	1975	2074	2075	2075	1976	1975	1976	2075	2076	2076	1977	1976	1977	2076	2077	2077	1978	1977
					1978	2077	2078	2078	1979	1978	1979	2078	2079	2079	1980	1979	1980	2079	2080	2080	1981	1980	1981
					2080	2081	2081	1982	1981	1982	2081	2082	2082	1983	1982	1983	2082	2083	2083	1984	1983	1984	2083
					2084	2084	1985	1984	1985	2084	2085	2085	1986	1985	1986	2085	2086	2086	1987	1986	1987	2086	2087
					2087	1988	1987	1988	2087	2088	2088	1989	1988	1989	2088	2089	2089	1990	1989	1990	2089	2090	2090
					1991	1990	1991	2090	2091	2091	1992	1991	1992	2091	2092	2092	1993	1992	1993	2092	2093	2093	1994
					1993	1994	2093	2094	2094	1995	1994	1995	2094	2095	2095	1996	1995	1996	2095	2096	2096	1997	1996
					1997	2096	2097	2097	1998	1997	1998	2097	2098	2098	1999	1998	1999	2098	2099	2099	2000	1999	2000
					2099	2100	2100	2001	2000	2001	2100	2101	2101	2002	2001	2002	2101	2102	2102	2003	2002	2003	2102
					2103	2103	2004	2003	2004	2103	2104	2104	2005	2004	2005	2104	2105	2105	2006	2005	2006	2105	2106
					2106	2007	2006	2007	2106	2107	2107	2008	2007	2008	2107	7895	2108	2009	7894	2009	2108	2109	2109
					2010	2009	2010	2109	2110	2110	2011	2010	2011	2110	2111	2111	2012	2011	2012	2111	2112	2112	2013
					2012	2013	2112	2113	2113	2014	2013	2014	2113	2114	2114	2015	2014	2015	2114	2115	2115	2016	2015
					2016	2115	2116	2116	2017	2016	2017	2116	2117	2117	2018	2017	2018	2117	2118	2118	2019	2018	2019
					2118	2119	2119	2020	2019	2020	2119	2120	2120	2021	2020	2021	2120	2121	2121	2022	2021	2022	2121
					2122	2122	2023	2022	2023	2122	2123	2123	2024	2023	2024	2123	2124	2124	2025	2024	2025	2124	2125
					2125	2026	2025	2026	2125	2126	2126	2027	2026	2027	2126	2127	2127	2028	2027	2028	2127	2128	2128
					2029	2028	2029	2128	2129	2129	2030	2029	2030	2129	2130	2130	2031	2030	2031	2130	2131	2131	2032
					2031	2032	2131	2132	2132	2033	2032	2033	2132	2133	2133	2034	2033	2034	2133	2134	2134	2035	2034
					2035	2134	2135	2135	2036	2035	2036	2135	2136	2136	2037	2036	2037	2136	2137	2137	2038	2037	2038
					2137	2138	2138	2039	2038	2039	2138	2139	2139	2040	2039	2040	2139	2140	2140	2041	2040	2041	2140
					2141	2141	2042	2041	2042	2141	2142	2142	2043	2042	2043	2142	2143	2143	2044	2043	2044	2143	2144
					2144	2045	2044	2045	2144	2145	2145	2046	2045	2046	2145	2146	2146	2047	2046	2047	2146	2147	2147
					2048	2047	2048	2147	2148	2148	2049	2048	2049	2148	2149	2149	2050	2049	2050	2149	2150	2150	2051
					2050	2051	2150	2151	2151	2052	2051	2052	2151	2152	2152	2053	2052	2053	2152	2153	2153	2054	2053
					2054	2153	2154	2154	2055	2054	2055	2154	2155	2155	2056	2055	2056	2155	2156	2156	2057	2056	2057
					2156	2157	2157	2058	2057	2058	2157	2158	2158	2059	2058	2059	2158	2159	2159	2060	2059	2060	2159
					2160	2160	2061	2060	2061	2160	2161	2161	2062	2061	2062	2161	2162	2162	2063	2062	2063	2162	2163
					2163	2064	2063	2064	2163	2164	2164	2065	2064	2065	2164	2165	2165	2066	2065	2066	2165	2166	2166
					2067	2066	2067	2166	2167	2167	2068	2067	2068	2167	2168	2168	2069	2068	2069	2168	2169	2169	2070
					2069	2070	2169	2170	2170	2071	2070	2071	2170	2171	2171	2072	2071	2072	2171	2172	2172	2073	2072
					2073	2172	2173	2173	2074	2073	2074	2173	2174	2174	2075	2074	2075	2174	2175	2175	2076	2075	2076
					2175	2176	2176	2077	2076	2077	2176	2177	2177	2078	2077	2078	2177	2178	2178	2079	2078	2079	2178
					2179	2179	2080	2079	2080	2179	2180	2180	2081	2080	2081	2180	2181	2181	2082	2081	2082	2181	2182
					2182	2083	2082	2083	2182	2183	2183	2084	2083	2084	2183	2184	2184	2085	2084	2085	2184	2185	2185
					2086	2085	2086	2185	2186	2186	2087	2086	2087	2186	2187	2187	2088	2087	2088	2187	2188	2188	2089
					2088	2089	2188	2189	2189	2090	2089	2090	2189	2190	2190	2091	2090	2091	2190	2191	2191	2092	2091
					2092	2191	2192	2192	2093	2092	2093	2192	2193	2193	2094	2093	2094	2193	2194	2194	2095	2094	2095
					2194	2195	2195	2096	2095	2096	2195	2196	2196	2097	2096	2097	2196	2197	2197	2098	2097	2098	2197
					2198	2198	2099	2098	2099	2198	2199	2199	2100	2099	2100	2199	2200	2200	2101	2100	2101	2200	2201
					2201	2102	2101	2102	2201	2202	2202	2103	2102	2103	2202	2203	2203	2104	2103	2104	2203	2204	2204
					2105	2104	2105	2204	2205	2205	2106	2105	2106	2205	2206	2206	2107	2106	2107	2206	7897	2207	2108
					7896	2108	2207	2208	2208	2109	2108	2109	2208	2209	2209	2110	2109	2110	2209	2210	2210	2111	2110
					2111	2210	2211	2211	2112	2111	2112	2211	2212	2212	2113	2112	2113	2212	2213	2213	2114	2113	2114
					2213	2214	2214	2115	2114	2115	2214	2215	2215	2116	2115	2116	2215	2216	2216	2117	2116	2117	2216
					2217	2217	2118	2117	2118	2217	2218	2218	2119	2118	2119	2218	2219	2219	2120	2119	2120	2219	2220
					2220	2121	2120	2121	2220	2221	2221	2122	2121	2122	2221	2222	2222	2123	2122	2123	2222	2223	2223
					2124	2123	2124	2223	2224	2224	2125	2124	2125	2224	2225	2225	2126	2125	2126	2225	2226	2226	2127
					2126	2127	2226	2227	2227	2128	2127	2128	2227	2228	2228	2129	2128	2129	2228	2229	2229	2130	2129
					2130	2229	2230	2230	2131	2130	2131	2230	2231	2231	2132	2131	2132	2231	2232	2232	2133	2132	2133
					2232	2233	2233	2134	2133	2134	2233	2234	2234	2135	2134	2135	2234	2235	2235	2136	2135	2136	2235
					2236	2236	2137	2136	2137	2236	2237	2237	2138	2137	2138	2237	2238	2238	2139	2138	2139	2238	2239
					2239	2140	2139	2140	2239	2240	2240	2141	2140	2141	2240	2241	2241	2142	2141	2142	2241	2242	2242
					2143	2142	2143	2242	2243	2243	2144	2143	2144	2243	2244	2244	2145	2144	2145	2244	2245	2245	2146
					2145	2146	2245	2246	2246	2147	2146	2147	2246	2247	2247	2148	2147	2148	2247	2248	2248	2149	2148
					2149	2248	2249	2249	2150	2149	2150	2249	2250	2250	2151	2150	2151	2250	2251	2251	2152	2151	2152
					2251	2252	2252	2153	2152	2153	2252	2253	2253	2154	2153	2154	2253	2254	2254	2155	2154	2155	2254
					2255	2255	2156	2155	2156	2255	2256	2256	2157	2156	2157	2256	2257	2257	2158	2157	2158	2257	2258
					2258	2159	2158	2159	2258	2259	2259	2160	2159	2160	2259	2260	2260	2161	2160	2161	2260	2261	2261
					2162	2161	2162	2261	2262	2262	2163	2162	2163	2262	2263	2263	2164	2163	2164	2263	2264	2264	2165
					2164	2165	2264	2265	2265	2166	2165	2166	2265	2266	2266	2167	2166	2167	2266	2267	2267	2168	2167
					2168	2267	2268	2268	2169	2168	2169	2268	2269	2269	2170	2169	2170	2269	2270	2270	2171	2170	2171
					2270	2271	2271	2172	2171	2172	2271	2272	2272	2173	2172	2173	2272	2273	2273	2174	2173	2174	2273
					2274	2274	2175	2174	2175	2274	2275	2275	2176	2175	2176	2275	2276	2276	2177	2176	2177	2276	2277
					2277	2178	2177	2178	2277	2278	2278	2179	2178	2179	2278	2279	2279	2180	2179	2180	2279	2280	2280
					2181	2180	2181	2280	2281	2281	2182	2181	2182	2281	2282	2282	2183	2182	2183	2282	2283	2283	2184
					2183	2184	2283	2284	2284	2185	2184	2185	2284	2285	2285	2186	2185	2186	2285	2286	2286	2187	2186
					2187	2286	2287	2287	2188	2187	2188	2287	2288	2288	2189	2188	2189	2288	2289	2289	2190	2189	2190
					2289	2290	2290	2191	2190	2191	2290	2291	2291	2192	2191	2192	2291	2292	2292	2193	2192	2193	2292
					2293	2293	2194	2193	2194	2293	2294	2294	2195	2194	2195	2294	2295	2295	2196	2195	2196	2295	2296
					2296	2197	2196	2197	2296	2297	2297	2198	2197	2198	2297	2298	2298	2199	2198	2199	2298	2299	2299
					2200	2199	2200	2299	2300	2300	2201	2200	2201	2300	2301	2301	2202	2201	2202	2301	2302	2302	2203
					2202	2203	2302	2303	2303	2204	2203	2204	2303	2304	2304	2205	2204	2205	2304	2305	2305	2206	2205
					2206	2305	7899	2306	2207	7898	2207	2306	2307	2307	2208	2207	2208	2307	2308	2308	2209	2208	2209
					2308	2309	2309	2210	2209	2210	2309	2310	2310	2211	2210	2211	2310	2311	2311	2212	2211	2212	2311
					2312	2312	2213	2212	2213	2312	2313	2313	2214	2213	2214	2313	2314	2314	2215	2214	2215	2314	2315
					2315	2216	2215	2216	2315	2316	2316	2217	2216	2217	2316	2317	2317	2218	2217	2218	2317	2318	2318
					2219	2218	2219	2318	2319	2319	2220	2219	2220	2319	2320	2320	2221	2220	2221	2320	2321	2321	2222
					2221	2222	2321	2322	2322	2223	2222	2223	2322	2323	2323	2224	2223	2224	2323	2324	2324	2225	2224
					2225	2324	2325	2325	2226	2225	2226	2325	2326	2326	2227	2226	2227	2326	2327	2327	2228	2227	2228
					2327	2328	2328	2229	2228	2229	2328	2329	2329	2230	2229	2230	2329	2330	2330	2231	2230	2231	2330
					2331	2331	2232	2231	2232	2331	2332	2332	2233	2232	2233	2332	2333	2333	2234	2233	2234	2333	2334
					2334	2235	2234	2235	2334	2335	2335	2236	2235	2236	2335	2336	2336	2237	2236	2237	2336	2337	2337
					2238	2237	2238	2337	2338	2338	2239	2238	2239	2338	2339	2339	2240	2239	2240	2339	2340	2340	2241
					2240	2241	2340	2341	2341	2242	2241	2242	2341	2342	2342	2243	2242	2243	2342	2343	2343	2244	2243
					2244	2343	2344	2344	2245	2244	2245	2344	2345	2345	2246	2245	2246	2345	2346	2346	2247	2246	2247
					2346	2347	2347	2248	2247	2248	2347	2348	2348	2249	2248	2249	2348	2349	2349	2250	2249	2250	2349
					2350	2350	2251	2250	2251	2350	2351	2351	2252	2251	2252	2351	2352	2352	2253	2252	2253	2352	2353
					2353	2254	2253	2254	2353	2354	2354	2255	2254	2255	2354	2355	2355	2256	2255	2256	2355	2356	2356
					2257	2256	2257	2356	2357	2357	2258	2257	2258	2357	2358	2358	2259	2258	2259	2358	2359	2359	2260
					2259	2260	2359	2360	2360	2261	2260	2261	2360	2361	2361	2262	2261	2262	2361	2362	2362	2263	2262
					2263	2362	2363	2363	2264	2263	2264	2363	2364	2364	2265	2264	2265	2364	2365	2365	2266	2265	2266
					2365	2366	2366	2267	2266	2267	2366	2367	2367	2268	2267	2268	2367	2368	2368	2269	2268	2269	2368
					2369	2369	2270	2269	2270	2369	2370	2370	2271	2270	2271	2370	2371	2371	2272	2271	2272	2371	2372
					2372	2273	2272	2273	2372	2373	2373	2274	2273	2274	2373	2374	2374	2275	2274	2275	2374	2375	2375
					2276	2275	2276	2375	2376	2376	2277	2276	2277	2376	2377	2377	2278	2277	2278	2377	2378	2378	2279
					2278	2279	2378	2379	2379	2280	2279	2280	2379	2380	2380	2281	2280	2281	2380	2381	2381	2282	2281
					2282	2381	2382	2382	2283	2282	2283	2382	2383	2383	2284	2283	2284	2383	2384	2384	2285	2284	2285
					2384	2385	2385	2286	2285	2286	2385	2386	2386	2287	2286	2287	2386	2387	2387	2288	2287	2288	2387
					2388	2388	2289	2288	2289	2388	2389	2389	2290	2289	2290	2389	2390	2390	2291	2290	2291	2390	2391
					2391	2292	2291	2292	2391	2392	2392	2293	2292	2293	2392	2393	2393	2294	2293	2294	2393	2394	2394
					2295	2294	2295	2394	2395	2395	2296	2295	2296	2395	2396	2396	2297	2296	2297	2396	2397	2397	2298
					2297	2298	2397	2398	2398	2299	2298	2299	2398	2399	2399	2300	2299	2300	2399	2400	2400	2301	2300
					2301	2400	2401	2401	2302	2301	2302	2401	2402	2402	2303	2302	2303	2402	2403	2403	2304	2303	2304
					2403	2404	2404	2305	2304	2305	2404	7901	2405	2306	7900	2306	2405	2406	2406	2307	2306	2307	2406
					2407	2407	2308	2307	2308	2407	2408	2408	2309	2308	2309	2408	2409	2409	2310	2309	2310	2409	2410
					2410	2311	2310	2311	2410	2411	2411	2312	2311	2312	2411	2412	2412	2313	2312	2313	2412	2413	2413
					2314	2313	2314	2413	2414	2414	2315	2314	2315	2414	2415	2415	2316	2315	2316	2415	2416	2416	2317
					2316	2317	2416	2417	2417	2318	2317	2318	2417	2418	2418	2319	2318	2319	2418	2419	2419	2320	2319
					2320	2419	2420	2420	2321	2320	2321	2420	2421	2421	2322	2321	2322	2421	2422	2422	2323	2322	2323
					2422	2423	2423	2324	2323	2324	2423	2424	2424	2325	2324	2325	2424	2425	2425	2326	2325	2326	2425
					2426	2426	2327	2326	2327	2426	2427	2427	2328	2327	2328	2427	2428	2428	2329	2328	2329	2428	2429
					2429	2330	2329	2330	2429	2430	2430	2331	2330	2331	2430	2431	2431	2332	2331	2332	2431	2432	2432
					2333	2332	2333	2432	2433	2433	2334	2333	2334	2433	2434	2434	2335	2334	2335	2434	2435	2435	2336
					2335	2336	2435	2436	2436	2337	2336	2337	2436	2437	2437	2338	2337	2338	2437	2438	2438	2339	2338
					2339	2438	2439	2439	2340	2339	2340	2439	2440	2440	2341	2340	2341	2440	2441	2441	2342	2341	2342
					2441	2442	2442	2343	2342	2343	2442	2443	2443	2344	2343	2344	2443	2444	2444	2345	2344	2345	2444
					2445	2445	2346	2345	2346	2445	2446	2446	2347	2346	2347	2446	2447	2447	2348	2347	2348	2447	2448
					2448	2349	2348	2349	2448	2449	2449	2350	2349	2350	2449	2450	2450	2351	2350	2351	2450	2451	2451
					2352	2351	2352	2451	2452	2452	2353	2352	2353	2452	2453	2453	2354	2353	2354	2453	2454	2454	2355
					2354	2355	2454	2455	2455	2356	2355	2356	2455	2456	2456	2357	2356	2357	2456	2457	2457	2358	2357
					2358	2457	2458	2458	2359	2358	2359	2458	2459	2459	2360	2359	2360	2459	2460	2460	2361	2360	2361
					2460	2461	2461	2362	2361	2362	2461	2462	2462	2363	2362	2363	2462	2463	2463	2364	2363	2364	2463
					2464	2464	2365	2364	2365	2464	2465	2465	2366	2365	2366	2465	2466	2466	2367	2366	2367	2466	2467
					2467	2368	2367	2368	2467	2468	2468	2369	2368	2369	2468	2469	2469	2370	2369	2370	2469	2470	2470
					2371	2370	2371	2470	2471	2471	2372	2371	2372	2471	2472	2472	2373	2372	2373	2472	2473	2473	2374
					2373	2374	2473	2474	2474	2375	2374	2375	2474	2475	2475	2376	2375	2376	2475	2476	2476	2377	2376
					2377	2476	2477	2477	2378	2377	2378	2477	2478	2478	2379	2378	2379	2478	2479	2479	2380	2379	2380
					2479	2480	2480	2381	2380	2381	2480	2481	2481	2382	2381	2382	2481	2482	2482	2383	2382	2383	2482
					2483	2483	2384	2383	2384	2483	2484	2484	2385	2384	2385	2484	2485	2485	2386	2385	2386	2485	2486
					2486	2387	2386	2387	2486	2487	2487	2388	2387	2388	2487	2488	2488	2389	2388	2389	2488	2489	2489
					2390	2389	2390	2489	2490	2490	2391	2390	2391	2490	2491	2491	2392	2391	2392	2491	2492	2492	2393
					2392	2393	2492	2493	2493	2394	2393	2394	2493	2494	2494	2395	2394	2395	2494	2495	2495	2396	2395
					2396	2495	2496	2496	2397	2396	2397	2496	2497	2497	2398	2397	2398	2497	2498	2498	2399	2398	2399
					2498	2499	2499	2400	2399	2400	2499	2500	2500	2401	2400	2401	2500	2501	2501	2402	2401	2402	2501
					2502	2502	2403	2402	2403	2502	2503	2503	2404	2403	2404	2503	7903	2504	2405	7902	2405	2504	2505
					2505	2406	2405	2406	2505	2506	2506	2407	2406	2407	2506	2507	2507	2408	2407	2408	2507	2508	2508
					2409	2408	2409	2508	2509	2509	2410	2409	2410	2509	2510	2510	2411	2410	2411	2510	2511	2511	2412
					2411	2412	2511	2512	2512	2413	2412	2413	2512	2513	2513	2414	2413	2414	2513	2514	2514	2415	2414
					2415	2514	2515	2515	2416	2415	2416	2515	2516	2516	2417	2416	2417	2516	2517	2517	2418	2417	2418
					2517	2518	2518	2419	2418	2419	2518	2519	2519	2420	2419	2420	2519	2520	2520	2421	2420	2421	2520
					2521	2521	2422	2421	2422	2521	2522	2522	2423	2422	2423	2522	2523	2523	2424	2423	2424	2523	2524
					2524	2425	2424	2425	2524	2525	2525	2426	2425	2426	2525	2526	2526	2427	2426	2427	2526	2527	2527
					2428	2427	2428	2527	2528	2528	2429	2428	2429	2528	2529	2529	2430	2429	2430	2529	2530	2530	2431
					2430	2431	2530	2531	2531	2432	2431	2432	2531	2532	2532	2433	2432	2433	2532	2533	2533	2434	2433
					2434	2533	2534	2534	2435	2434	2435	2534	2535	2535	2436	2435	2436	2535	2536	2536	2437	2436	2437
					2536	2537	2537	2438	2437	2438	2537	2538	2538	2439	2438	2439	2538	2539	2539	2440	2439	2440	2539
					2540	2540	2441	2440	2441	2540	2541	2541	2442	2441	2442	2541	2542	2542	2443	2442	2443	2542	2543
					2543	2444	2443	2444	2543	2544	2544	2445	2444	2445	2544	2545	2545	2446	2445	2446	2545	2546	2546
					2447	2446	2447	2546	2547	2547	2448	2447	2448	2547	2548	2548	2449	2448	2449	2548	2549	2549	2450
					2449	2450	2549	2550	2550	2451	2450	2451	2550	2551	2551	2452	2451	2452	2551	2552	2552	2453	2452
					2453	2552	2553	2553	2454	2453	2454	2553	2554	2554	2455	2454	2455	2554	2555	2555	2456	2455	2456
					2555	2556	2556	2457	2456	2457	2556	2557	2557	2458	2457	2458	2557	2558	2558	2459	2458	2459	2558
					2559	2559	2460	2459	2460	2559	2560	2560	2461	2460	2461	2560	2561	2561	2462	2461	2462	2561	2562
					2562	2463	2462	2463	2562	2563	2563	2464	2463	2464	2563	2564	2564	2465	2464	2465	2564	2565	2565
					2466	2465	2466	2565	2566	2566	2467	2466	2467	2566	2567	2567	2468	2467	2468	2567	2568	2568	2469
					2468	2469	2568	2569	2569	2470	2469	2470	2569	2570	2570	2471	2470	2471	2570	2571	2571	2472	2471
					2472	2571	2572	2572	2473	2472	2473	2572	2573	2573	2474	2473	2474	2573	2574	2574	2475	2474	2475
					2574	2575	2575	2476	2475	2476	2575	2576	2576	2477	2476	2477	2576	2577	2577	2478	2477	2478	2577
					2578	2578	2479	2478	2479	2578	2579	2579	2480	2479	2480	2579	2580	2580	2481	2480	2481	2580	2581
					2581	2482	2481	2482	2581	2582	2582	2483	2482	2483	2582	2583	2583	2484	2483	2484	2583	2584	2584
					2485	2484	2485	2584	2585	2585	2486	2485	2486	2585	2586	2586	2487	2486	2487	2586	2587	2587	2488
					2487	2488	2587	2588	2588	2489	2488	2489	2588	2589	2589	2490	2489	2490	2589	2590	2590	2491	2490
					2491	2590	2591	2591	2492	2491	2492	2591	2592	2592	2493	2492	2493	2592	2593	2593	2494	2493	2494
					2593	2594	2594	2495	2494	2495	2594	2595	2595	2496	2495	2496	2595	2596	2596	2497	2496	2497	2596
					2597	2597	2498	2497	2498	2597	2598	2598	2499	2498	2499	2598	2599	2599	2500	2499	2500	2599	2600
					2600	2501	2500	2501	2600	2601	2601	2502	2501	2502	2601	2602	2602	2503	2502	2503	2602	7905	2603
					2504	7904	2504	2603	2604	2604	2505	2504	2505	2604	2605	2605	2506	2505	2506	2605	2606	2606	2507
					2506	2507	2606	2607	2607	2508	2507	2508	2607	2608	2608	2509	2508	2509	2608	2609	2609	2510	2509
					2510	2609	2610	2610	2511	2510	2511	2610	2611	2611	2512	2511	2512	2611	2612	2612	2513	2512	2513
					2612	2613	2613	2514	2513	2514	2613	2614	2614	2515	2514	2515	2614	2615	2615	2516	2515	2516	2615
					2616	2616	2517	2516	2517	2616	2617	2617	2518	2517	2518	2617	2618	2618	2519	2518	2519	2618	2619
					2619	2520	2519	2520	2619	2620	2620	2521	2520	2521	2620	2621	2621	2522	2521	2522	2621	2622	2622
					2523	2522	2523	2622	2623	2623	2524	2523	2524	2623	2624	2624	2525	2524	2525	2624	2625	2625	2526
					2525	2526	2625	2626	2626	2527	2526	2527	2626	2627	2627	2528	2527	2528	2627	2628	2628	2529	2528
					2529	2628	2629	2629	2530	2529	2530	2629	2630	2630	2531	2530	2531	2630	2631	2631	2532	2531	2532
					2631	2632	2632	2533	2532	2533	2632	2633	2633	2534	2533	2534	2633	2634	2634	2535	2534	2535	2634
					2635	2635	2536	2535	2536	2635	2636	2636	2537	2536	2537	2636	2637	2637	2538	2537	2538	2637	2638
					2638	2539	2538	2539	2638	2639	2639	2540	2539	2540	2639	2640	2640	2541	2540	2541	2640	2641	2641
					2542	2541	2542	2641	2642	2642	2543	2542	2543	2642	2643	2643	2544	2543	2544	2643	2644	2644	2545
					2544	2545	2644	2645	2645	2546	2545	2546	2645	2646	2646	2547	2546	2547	2646	2647	2647	2548	2547
					2548	2647	2648	2648	2549	2548	2549	2648	2649	2649	2550	2549	2550	2649	2650	2650	2551	2550	2551
					2650	2651	2651	2552	2551	2552	2651	2652	2652	2553	2552	2553	2652	2653	2653	2554	2553	2554	2653
					2654	2654	2555	2554	2555	2654	2655	2655	2556	2555	2556	2655	2656	2656	2557	2556	2557	2656	2657
					2657	2558	2557	2558	2657	2658	2658	2559	2558	2559	2658	2659	2659	2560	2559	2560	2659	2660	2660
					2561	2560	2561	2660	2661	2661	2562	2561	2562	2661	2662	2662	2563	2562	2563	2662	2663	2663	2564
					2563	2564	2663	2664	2664	2565	2564	2565	2664	2665	2665	2566	2565	2566	2665	2666	2666	2567	2566
					2567	2666	2667	2667	2568	2567	2568	2667	2668	2668	2569	2568	2569	2668	2669	2669	2570	2569	2570
					2669	2670	2670	2571	2570	2571	2670	2671	2671	2572	2571	2572	2671	2672	2672	2573	2572	2573	2672
					2673	2673	2574	2573	2574	2673	2674	2674	2575	2574	2575	2674	2675	2675	2576	2575	2576	2675	2676
					2676	2577	2576	2577	2676	2677	2677	2578	2577	2578	2677	2678	2678	2579	2578	2579	2678	2679	2679
					2580	2579	2580	2679	2680	2680	2581	2580	2581	2680	2681	2681	2582	2581	2582	2681	2682	2682	2583
					2582	2583	2682	2683	2683	2584	2583	2584	2683	2684	2684	2585	2584	2585	2684	2685	2685	2586	2585
					2586	2685	2686	2686	2587	2586	2587	2686	2687	2687	2588	2587	2588	2687	2688	2688	2589	2588	2589
					2688	2689	2689	2590	2589	2590	2689	2690	2690	2591	2590	2591	2690	2691	2691	2592	2591	2592	2691
					2692	2692	2593	2592	2593	2692	2693	2693	2594	2593	2594	2693	2694	2694	2595	2594	2595	2694	2695
					2695	2596	2595	2596	2695	2696	2696	2597	2596	2597	2696	2697	2697	2598	2597	2598	2697	2698	2698
					2599	2598	2599	2698	2699	2699	2600	2599	2600	2699	2700	2700	2601	2600	2601	2700	2701	2701	2602
					2601	2602	2701	7907	2702	2603	7906	2603	2702	2703	2703	2604	2603	2604	2703	2704	2704	2605	2604
					2605	2704	2705	2705	2606	2605	2606	2705	2706	2706	2607	2606	2607	2706	2707	2707	2608	2607	2608
					2707	2708	2708	2609	2608	2609	2708	2709	2709	2610	2609	2610	2709	2710	2710	2611	2610	2611	2710
					2711	2711	2612	2611	2612	2711	2712	2712	2613	2612	2613	2712	2713	2713	2614	2613	2614	2713	2714
					2714	2615	2614	2615	2714	2715	2715	2616	2615	2616	2715	2716	2716	2617	2616	2617	2716	2717	2717
					2618	2617	2618	2717	2718	2718	2619	2618	2619	2718	2719	2719	2620	2619	2620	2719	2720	2720	2621
					2620	2621	2720	2721	2721	2622	2621	2622	2721	2722	2722	2623	2622	2623	2722	2723	2723	2624	2623
					2624	2723	2724	2724	2625	2624	2625	2724	2725	2725	2626	2625	2626	2725	2726	2726	2627	2626	2627
					2726	2727	2727	2628	2627	2628	2727	2728	2728	2629	2628	2629	2728	2729	2729	2630	2629	2630	2729
					2730	2730	2631	2630	2631	2730	2731	2731	2632	2631	2632	2731	2732	2732	2633	2632	2633	2732	2733
					2733	2634	2633	2634	2733	2734	2734	2635	2634	2635	2734	2735	2735	2636	2635	2636	2735	2736	2736
					2637	2636	2637	2736	2737	2737	2638	2637	2638	2737	2738	2738	2639	2638	2639	2738	2739	2739	2640
					2639	2640	2739	2740	2740	2641	2640	2641	2740	2741	2741	2642	2641	2642	2741	2742	2742	2643	2642
					2643	2742	2743	2743	2644	2643	2644	2743	2744	2744	2645	2644	2645	2744	2745	2745	2646	2645	2646
					2745	2746	2746	2647	2646	2647	2746	2747	2747	2648	2647	2648	2747	2748	2748	2649	2648	2649	2748
					2749	2749	2650	2649	2650	2749	2750	2750	2651	2650	2651	2750	2751	2751	2652	2651	2652	2751	2752
					2752	2653	2652	2653	2752	2753	2753	2654	2653	2654	2753	2754	2754	2655	2654	2655	2754	2755	2755
					2656	2655	2656	2755	2756	2756	2657	2656	2657	2756	2757	2757	2658	2657	2658	2757	2758	2758	2659
					2658	2659	2758	2759	2759	2660	2659	2660	2759	2760	2760	2661	2660	2661	2760	2761	2761	2662	2661
					2662	2761	2762	2762	2663	2662	2663	2762	2763	2763	2664	2663	2664	2763	2764	2764	2665	2664	2665
					2764	2765	2765	2666	2665	2666	2765	2766	2766	2667	2666	2667	2766	2767	2767	2668	2667	2668	2767
					2768	2768	2669	2668	2669	2768	2769	2769	2670	2669	2670	2769	2770	2770	2671	2670	2671	2770	2771
					2771	2672	2671	2672	2771	2772	2772	2673	2672	2673	2772	2773	2773	2674	2673	2674	2773	2774	2774
					2675	2674	2675	2774	2775	2775	2676	2675	2676	2775	2776	2776	2677	2676	2677	2776	2777	2777	2678
					2677	2678	2777	2778	2778	2679	2678	2679	2778	2779	2779	2680	2679	2680	2779	2780	2780	2681	2680
					2681	2780	2781	2781	2682	2681	2682	2781	2782	2782	2683	2682	2683	2782	2783	2783	2684	2683	2684
					2783	2784	2784	2685	2684	2685	2784	2785	2785	2686	2685	2686	2785	2786	2786	2687	2686	2687	2786
					2787	2787	2688	2687	2688	2787	2788	2788	2689	2688	2689	2788	2789	2789	2690	2689	2690	2789	2790
					2790	2691	2690	2691	2790	2791	2791	2692	2691	2692	2791	2792	2792	2693	2692	2693	2792	2793	2793
					2694	2693	2694	2793	2794	2794	2695	2694	2695	2794	2795	2795	2696	2695	2696	2795	2796	2796	2697
					2696	2697	2796	2797	2797	2698	2697	2698	2797	2798	2798	2699	2698	2699	2798	2799	2799	2700	2699
					2700	2799	2800	2800	2701	2700	2701	2800	7909	2801	2702	7908	2702	2801	2802	2802	2703	2702	2703
					2802	2803	2803	2704	2703	2704	2803	2804	2804	2705	2704	2705	2804	2805	2805	2706	2705	2706	2805
					2806	2806	2707	2706	2707	2806	2807	2807	2708	2707	2708	2807	2808	2808	2709	2708	2709	2808	2809
					2809	2710	2709	2710	2809	2810	2810	2711	2710	2711	2810	2811	2811	2712	2711	2712	2811	2812	2812
					2713	2712	2713	2812	2813	2813	2714	2713	2714	2813	2814	2814	2715	2714	2715	2814	2815	2815	2716
					2715	2716	2815	2816	2816	2717	2716	2717	2816	2817	2817	2718	2717	2718	2817	2818	2818	2719	2718
					2719	2818	2819	2819	2720	2719	2720	2819	2820	2820	2721	2720	2721	2820	2821	2821	2722	2721	2722
					2821	2822	2822	2723	2722	2723	2822	2823	2823	2724	2723	2724	2823	2824	2824	2725	2724	2725	2824
					2825	2825	2726	2725	2726	2825	2826	2826	2727	2726	2727	2826	2827	2827	2728	2727	2728	2827	2828
					2828	2729	2728	2729	2828	2829	2829	2730	2729	2730	2829	2830	2830	2731	2730	2731	2830	2831	2831
					2732	2731	2732	2831	2832	2832	2733	2732	2733	2832	2833	2833	2734	2733	2734	2833	2834	2834	2735
					2734	2735	2834	2835	2835	2736	2735	2736	2835	2836	2836	2737	2736	2737	2836	2837	2837	2738	2737
					2738	2837	2838	2838	2739	2738	2739	2838	2839	2839	2740	2739	2740	2839	2840	2840	2741	2740	2741
					2840	2841	2841	2742	2741	2742	2841	2842	2842	2743	2742	2743	2842	2843	2843	2744	2743	2744	2843
					2844	2844	2745	2744	2745	2844	2845	2845	2746	2745	2746	2845	2846	2846	2747	2746	2747	2846	2847
					2847	2748	2747	2748	2847	2848	2848	2749	2748	2749	2848	2849	2849	2750	2749	2750	2849	2850	2850
					2751	2750	2751	2850	2851	2851	2752	2751	2752	2851	2852	2852	2753	2752	2753	2852	2853	2853	2754
					2753	2754	2853	2854	2854	2755	2754	2755	2854	2855	2855	2756	2755	2756	2855	2856	2856	2757	2756
					2757	2856	2857	2857	2758	2757	2758	2857	2858	2858	2759	2758	2759	2858	2859	2859	2760	2759	2760
					2859	2860	2860	2761	2760	2761	2860	2861	2861	2762	2761	2762	2861	2862	2862	2763	2762	2763	2862
					2863	2863	2764	2763	2764	2863	2864	2864	2765	2764	2765	2864	2865	2865	2766	2765	2766	2865	2866
					2866	2767	2766	2767	2866	2867	2867	2768	2767	2768	2867	2868	2868	2769	2768	2769	2868	2869	2869
					2770	2769	2770	2869	2870	2870	2771	2770	2771	2870	2871	2871	2772	2771	2772	2871	2872	2872	2773
					2772	2773	2872	2873	2873	2774	2773	2774	2873	2874	2874	2775	2774	2775	2874	2875	2875	2776	2775
					2776	2875	2876	2876	2777	2776	2777	2876	2877	2877	2778	2777	2778	2877	2878	2878	2779	2778	2779
					2878	2879	2879	2780	2779	2780	2879	2880	2880	2781	2780	2781	2880	2881	2881	2782	2781	2782	2881
					2882	2882	2783	2782	2783	2882	2883	2883	2784	2783	2784	2883	2884	2884	2785	2784	2785	2884	2885
					2885	2786	2785	2786	2885	2886	2886	2787	2786	2787	2886	2887	2887	2788	2787	2788	2887	2888	2888
					2789	2788	2789	2888	2889	2889	2790	2789	2790	2889	2890	2890	2791	2790	2791	2890	2891	2891	2792
					2791	2792	2891	2892	2892	2793	2792	2793	2892	2893	2893	2794	2793	2794	2893	2894	2894	2795	2794
					2795	2894	2895	2895	2796	2795	2796	2895	2896	2896	2797	2796	2797	2896	2897	2897	2798	2797	2798
					2897	2898	2898	2799	2798	2799	2898	2899	2899	2800	2799	2800	2899	7911	2900	2801	7910	2801	2900
					2901	2901	2802	2801	2802	2901	2902	2902	2803	2802	2803	2902	2903	2903	2804	2803	2804	2903	2904
					2904	2805	2804	2805	2904	2905	2905	2806	2805	2806	2905	2906	2906	2807	2806	2807	2906	2907	2907
					2808	2807	2808	2907	2908	2908	2809	2808	2809	2908	2909	2909	2810	2809	2810	2909	2910	2910	2811
					2810	2811	2910	2911	2911	2812	2811	2812	2911	2912	2912	2813	2812	2813	2912	2913	2913	2814	2813
					2814	2913	2914	2914	2815	2814	2815	2914	2915	2915	2816	2815	2816	2915	2916	2916	2817	2816	2817
					2916	2917	2917	2818	2817	2818	2917	2918	2918	2819	2818	2819	2918	2919	2919	2820	2819	2820	2919
					2920	2920	2821	2820	2821	2920	2921	2921	2822	2821	2822	2921	2922	2922	2823	2822	2823	2922	2923
					2923	2824	2823	2824	2923	2924	2924	2825	2824	2825	2924	2925	2925	2826	2825	2826	2925	2926	2926
					2827	2826	2827	2926	2927	2927	2828	2827	2828	2927	2928	2928	2829	2828	2829	2928	2929	2929	2830
					2829	2830	2929	2930	2930	2831	2830	2831	2930	2931	2931	2832	2831	2832	2931	2932	2932	2833	2832
					2833	2932	2933	2933	2834	2833	2834	2933	2934	2934	2835	2834	2835	2934	2935	2935	2836	2835	2836
					2935	2936	2936	2837	2836	2837	2936	2937	2937	2838	2837	2838	2937	2938	2938	2839	2838	2839	2938
					2939	2939	2840	2839	2840	2939	2940	2940	2841	2840	2841	2940	2941	2941	2842	2841	2842	2941	2942
					2942	2843	2842	2843	2942	2943	2943	2844	2843	2844	2943	2944	2944	2845	2844	2845	2944	2945	2945
					2846	2845	2846	2945	2946	2946	2847	2846	2847	2946	2947	2947	2848	2847	2848	2947	2948	2948	2849
					2848	2849	2948	2949	2949	2850	2849	2850	2949	2950	2950	2851	2850	2851	2950	2951	2951	2852	2851
					2852	2951	2952	2952	2853	2852	2853	2952	2953	2953	2854	2853	2854	2953	2954	2954	2855	2854	2855
					2954	2955	2955	2856	2855	2856	2955	2956	2956	2857	2856	2857	2956	2957	2957	2858	2857	2858	2957
					2958	2958	2859	2858	2859	2958	2959	2959	2860	2859	2860	2959	2960	2960	2861	2860	2861	2960	2961
					2961	2862	2861	2862	2961	2962	2962	2863	2862	2863	2962	2963	2963	2864	2863	2864	2963	2964	2964
					2865	2864	2865	2964	2965	2965	2866	2865	2866	2965	2966	2966	2867	2866	2867	2966	2967	2967	2868
					2867	2868	2967	2968	2968	2869	2868	2869	2968	2969	2969	2870	2869	2870	2969	2970	2970	2871	2870
					2871	2970	2971	2971	2872	2871	2872	2971	2972	2972	2873	2872	2873	2972	2973	2973	2874	2873	2874
					2973	2974	2974	2875	2874	2875	2974	2975	2975	2876	2875	2876	2975	2976	2976	2877	2876	2877	2976
					2977	2977	2878	2877	2878	2977	2978	2978	2879	2878	2879	2978	2979	2979	2880	2879	2880	2979	2980
					2980	2881	2880	2881	2980	2981	2981	2882	2881	2882	2981	2982	2982	2883	2882	2883	2982	2983	2983
					2884	2883	2884	2983	2984	2984	2885	2884	2885	2984	2985	2985	2886	2885	2886	2985	2986	2986	2887
					2886	2887	2986	2987	2987	2888	2887	2888	2987	2988	2988	2889	2888	2889	2988	2989	2989	2890	2889
					2890	2989	2990	2990	2891	2890	2891	2990	2991	2991	2892	2891	2892	2991	2992	2992	2893	2892	2893
					2992	2993	2993	2894	2893	2894	2993	2994	2994	2895	2894	2895	2994	2995	2995	2896	2895	2896	2995
					2996	2996	2897	2896	2897	2996	2997	2997	2898	2897	2898	2997	2998	2998	2899	2898	2899	2998	7913
					2999	2900	7912	2900	2999	3000	3000	2901	2900	2901	3000	3001	3001	2902	2901	2902	3001	3002	3002
					2903	2902	2903	3002	3003	3003	2904	2903	2904	3003	3004	3004	2905	2904	2905	3004	3005	3005	2906
					2905	2906	3005	3006	3006	2907	2906	2907	3006	3007	3007	2908	2907	2908	3007	3008	3008	2909	2908
					2909	3008	3009	3009	2910	2909	2910	3009	3010	3010	2911	2910	2911	3010	3011	3011	2912	2911	2912
					3011	3012	3012	2913	2912	2913	3012	3013	3013	2914	2913	2914	3013	3014	3014	2915	2914	2915	3014
					3015	3015	2916	2915	2916	3015	3016	3016	2917	2916	2917	3016	3017	3017	2918	2917	2918	3017	3018
					3018	2919	2918	2919	3018	3019	3019	2920	2919	2920	3019	3020	3020	2921	2920	2921	3020	3021	3021
					2922	2921	2922	3021	3022	3022	2923	2922	2923	3022	3023	3023	2924	2923	2924	3023	3024	3024	2925
					2924	2925	3024	3025	3025	2926	2925	2926	3025	3026	3026	2927	2926	2927	3026	3027	3027	2928	2927
					2928	3027	3028	3028	2929	2928	2929	3028	3029	3029	2930	2929	2930	3029	3030	3030	2931	2930	2931
					3030	3031	3031	2932	2931	2932	3031	3032	3032	2933	2932	2933	3032	3033	3033	2934	2933	2934	3033
					3034	3034	2935	2934	2935	3034	3035	3035	2936	2935	2936	3035	3036	3036	2937	2936	2937	3036	3037
					3037	2938	2937	2938	3037	3038	3038	2939	2938	2939	3038	3039	3039	2940	2939	2940	3039	3040	3040
					2941	2940	2941	3040	3041	3041	2942	2941	2942	3041	3042	3042	2943	2942	2943	3042	3043	3043	2944
					2943	2944	3043	3044	3044	2945	2944	2945	3044	3045	3045	2946	2945	2946	3045	3046	3046	2947	2946
					2947	3046	3047	3047	2948	2947	2948	3047	3048	3048	2949	2948	2949	3048	3049	3049	2950	2949	2950
					3049	3050	3050	2951	2950	2951	3050	3051	3051	2952	2951	2952	3051	3052	3052	2953	2952	2953	3052
					3053	3053	2954	2953	2954	3053	3054	3054	2955	2954	2955	3054	3055	3055	2956	2955	2956	3055	3056
					3056	2957	2956	2957	3056	3057	3057	2958	2957	2958	3057	3058	3058	2959	2958	2959	3058	3059	3059
					2960	2959	2960	3059	3060	3060	2961	2960	2961	3060	3061	3061	2962	2961	2962	3061	3062	3062	2963
					2962	2963	3062	3063	3063	2964	2963	2964	3063	3064	3064	2965	2964	2965	3064	3065	3065	2966	2965
					2966	3065	3066	3066	2967	2966	2967	3066	3067	3067	2968	2967	2968	3067	3068	3068	2969	2968	2969
					3068	3069	3069	2970	2969	2970	3069	3070	3070	2971	2970	2971	3070	3071	3071	2972	2971	2972	3071
					3072	3072	2973	2972	2973	3072	3073	3073	2974	2973	2974	3073	3074	3074	2975	2974	2975	3074	3075
					3075	2976	2975	2976	3075	3076	3076	2977	2976	2977	3076	3077	3077	2978	2977	2978	3077	3078	3078
					2979	2978	2979	3078	3079	3079	2980	2979	2980	3079	3080	3080	2981	2980	2981	3080	3081	3081	2982
					2981	2982	3081	3082	3082	2983	2982	2983	3082	3083	3083	2984	2983	2984	3083	3084	3084	2985	2984
					2985	3084	3085	3085	2986	2985	2986	3085	3086	3086	2987	2986	2987	3086	3087	3087	2988	2987	2988
					3087	3088	3088	2989	2988	2989	3088	3089	3089	2990	2989	2990	3089	3090	3090	2991	2990	2991	3090
					3091	3091	2992	2991	2992	3091	3092	3092	2993	2992	2993	3092	3093	3093	2994	2993	2994	3093	3094
					3094	2995	2994	2995	3094	3095	3095	2996	2995	2996	3095	3096	3096	2997	2996	2997	3096	3097	3097
					2998	2997	2998	3097	7915	3098	2999	7914	2999	3098	3099	3099	3000	2999	3000	3099	3100	3100	3001
					3000	3001	3100	3101	3101	3002	3001	3002	3101	3102	3102	3003	3002	3003	3102	3103	3103	3004	3003
					3004	3103	3104	3104	3005	3004	3005	3104	3105	3105	3006	3005	3006	3105	3106	3106	3007	3006	3007
					3106	3107	3107	3008	3007	3008	3107	3108	3108	3009	3008	3009	3108	3109	3109	3010	3009	3010	3109
					3110	3110	3011	3010	3011	3110	3111	3111	3012	3011	3012	3111	3112	3112	3013	3012	3013	3112	3113
					3113	3014	3013	3014	3113	3114	3114	3015	3014	3015	3114	3115	3115	3016	3015	3016	3115	3116	3116
					3017	3016	3017	3116	3117	3117	3018	3017	3018	3117	3118	3118	3019	3018	3019	3118	3119	3119	3020
					3019	3020	3119	3120	3120	3021	3020	3021	3120	3121	3121	3022	3021	3022	3121	3122	3122	3023	3022
					3023	3122	3123	3123	3024	3023	3024	3123	3124	3124	3025	3024	3025	3124	3125	3125	3026	3025	3026
					3125	3126	3126	3027	3026	3027	3126	3127	3127	3028	3027	3028	3127	3128	3128	3029	3028	3029	3128
					3129	3129	3030	3029	3030	3129	3130	3130	3031	3030	3031	3130	3131	3131	3032	3031	3032	3131	3132
					3132	3033	3032	3033	3132	3133	3133	3034	3033	3034	3133	3134	3134	3035	3034	3035	3134	3135	3135
					3036	3035	3036	3135	3136	3136	3037	3036	3037	3136	3137	3137	3038	3037	3038	3137	3138	3138	3039
					3038	3039	3138	3139	3139	3040	3039	3040	3139	3140	3140	3041	3040	3041	3140	3141	3141	3042	3041
					3042	3141	3142	3142	3043	3042	3043	3142	3143	3143	3044	3043	3044	3143	3144	3144	3045	3044	3045
					3144	3145	3145	3046	3045	3046	3145	3146	3146	3047	3046	3047	3146	3147	3147	3048	3047	3048	3147
					3148	3148	3049	3048	3049	3148	3149	3149	3050	3049	3050	3149	3150	3150	3051	3050	3051	3150	3151
					3151	3052	3051	3052	3151	3152	3152	3053	3052	3053	3152	3153	3153	3054	3053	3054	3153	3154	3154
					3055	3054	3055	3154	3155	3155	3056	3055	3056	3155	3156	3156	3057	3056	3057	3156	3157	3157	3058
					3057	3058	3157	3158	3158	3059	3058	3059	3158	3159	3159	3060	3059	3060	3159	3160	3160	3061	3060
					3061	3160	3161	3161	3062	3061	3062	3161	3162	3162	3063	3062	3063	3162	3163	3163	3064	3063	3064
					3163	3164	3164	3065	3064	3065	3164	3165	3165	3066	3065	3066	3165	3166	3166	3067	3066	3067	3166
					3167	3167	3068	3067	3068	3167	3168	3168	3069	3068	3069	3168	3169	3169	3070	3069	3070	3169	3170
					3170	3071	3070	3071	3170	3171	3171	3072	3071	3072	3171	3172	3172	3073	3072	3073	3172	3173	3173
					3074	3073	3074	3173	3174	3174	3075	3074	3075	3174	3175	3175	3076	3075	3076	3175	3176	3176	3077
					3076	3077	3176	3177	3177	3078	3077	3078	3177	3178	3178	3079	3078	3079	3178	3179	3179	3080	3079
					3080	3179	3180	3180	3081	3080	3081	3180	3181	3181	3082	3081	3082	3181	3182	3182	3083	3082	3083
					3182	3183	3183	3084	3083	3084	3183	3184	3184	3085	3084	3085	3184	3185	3185	3086	3085	3086	3185
					3186	3186	3087	3086	3087	3186	3187	3187	3088	3087	3088	3187	3188	3188	3089	3088	3089	3188	3189
					3189	3090	3089	3090	3189	3190	3190	3091	3090	3091	3190	3191	3191	3092	3091	3092	3191	3192	3192
					3093	3092	3093	3192	3193	3193	3094	3093	3094	3193	3194	3194	3095	3094	3095	3194	3195	3195	3096
					3095	3096	3195	3196	3196	3097	3096	3097	3196	7917	3197	3098	7916	3098	3197	3198	3198	3099	3098
					3099	3198	3199	3199	3100	3099	3100	3199	3200	3200	3101	3100	3101	3200	3201	3201	3102	3101	3102
					3201	3202	3202	3103	3102	3103	3202	3203	3203	3104	3103	3104	3203	3204	3204	3105	3104	3105	3204
					3205	3205	3106	3105	3106	3205	3206	3206	3107	3106	3107	3206	3207	3207	3108	3107	3108	3207	3208
					3208	3109	3108	3109	3208	3209	3209	3110	3109	3110	3209	3210	3210	3111	3110	3111	3210	3211	3211
					3112	3111	3112	3211	3212	3212	3113	3112	3113	3212	3213	3213	3114	3113	3114	3213	3214	3214	3115
					3114	3115	3214	3215	3215	3116	3115	3116	3215	3216	3216	3117	3116	3117	3216	3217	3217	3118	3117
					3118	3217	3218	3218	3119	3118	3119	3218	3219	3219	3120	3119	3120	3219	3220	3220	3121	3120	3121
					3220	3221	3221	3122	3121	3122	3221	3222	3222	3123	3122	3123	3222	3223	3223	3124	3123	3124	3223
					3224	3224	3125	3124	3125	3224	3225	3225	3126	3125	3126	3225	3226	3226	3127	3126	3127	3226	3227
					3227	3128	3127	3128	3227	3228	3228	3129	3128	3129	3228	3229	3229	3130	3129	3130	3229	3230	3230
					3131	3130	3131	3230	3231	3231	3132	3131	3132	3231	3232	3232	3133	3132	3133	3232	3233	3233	3134
					3133	3134	3233	3234	3234	3135	3134	3135	3234	3235	3235	3136	3135	3136	3235	3236	3236	3137	3136
					3137	3236	3237	3237	3138	3137	3138	3237	3238	3238	3139	3138	3139	3238	3239	3239	3140	3139	3140
					3239	3240	3240	3141	3140	3141	3240	3241	3241	3142	3141	3142	3241	3242	3242	3143	3142	3143	3242
					3243	3243	3144	3143	3144	3243	3244	3244	3145	3144	3145	3244	3245	3245	3146	3145	3146	3245	3246
					3246	3147	3146	3147	3246	3247	3247	3148	3147	3148	3247	3248	3248	3149	3148	3149	3248	3249	3249
					3150	3149	3150	3249	3250	3250	3151	3150	3151	3250	3251	3251	3152	3151	3152	3251	3252	3252	3153
					3152	3153	3252	3253	3253	3154	3153	3154	3253	3254	3254	3155	3154	3155	3254	3255	3255	3156	3155
					3156	3255	3256	3256	3157	3156	3157	3256	3257	3257	3158	3157	3158	3257	3258	3258	3159	3158	3159
					3258	3259	3259	3160	3159	3160	3259	3260	3260	3161	3160	3161	3260	3261	3261	3162	3161	3162	3261
					3262	3262	3163	3162	3163	3262	3263	3263	3164	3163	3164	3263	3264	3264	3165	3164	3165	3264	3265
					3265	3166	3165	3166	3265	3266	3266	3167	3166	3167	3266	3267	3267	3168	3167	3168	3267	3268	3268
					3169	3168	3169	3268	3269	3269	3170	3169	3170	3269	3270	3270	3171	3170	3171	3270	3271	3271	3172
					3171	3172	3271	3272	3272	3173	3172	3173	3272	3273	3273	3174	3173	3174	3273	3274	3274	3175	3174
					3175	3274	3275	3275	3176	3175	3176	3275	3276	3276	3177	3176	3177	3276	3277	3277	3178	3177	3178
					3277	3278	3278	3179	3178	3179	3278	3279	3279	3180	3179	3180	3279	3280	3280	3181	3180	3181	3280
					3281	3281	3182	3181	3182	3281	3282	3282	3183	3182	3183	3282	3283	3283	3184	3183	3184	3283	3284
					3284	3185	3184	3185	3284	3285	3285	3186	3185	3186	3285	3286	3286	3187	3186	3187	3286	3287	3287
					3188	3187	3188	3287	3288	3288	3189	3188	3189	3288	3289	3289	3190	3189	3190	3289	3290	3290	3191
					3190	3191	3290	3291	3291	3192	3191	3192	3291	3292	3292	3193	3192	3193	3292	3293	3293	3194	3193
					3194	3293	3294	3294	3195	3194	3195	3294	3295	3295	3196	3195	3196	3295	7919	3296	3197	7918	3197
					3296	3297	3297	3198	3197	3198	3297	3298	3298	3199	3198	3199	3298	3299	3299	3200	3199	3200	3299
					3300	3300	3201	3200	3201	3300	3301	3301	3202	3201	3202	3301	3302	3302	3203	3202	3203	3302	3303
					3303	3204	3203	3204	3303	3304	3304	3205	3204	3205	3304	3305	3305	3206	3205	3206	3305	3306	3306
					3207	3206	3207	3306	3307	3307	3208	3207	3208	3307	3308	3308	3209	3208	3209	3308	3309	3309	3210
					3209	3210	3309	3310	3310	3211	3210	3211	3310	3311	3311	3212	3211	3212	3311	3312	3312	3213	3212
					3213	3312	3313	3313	3214	3213	3214	3313	3314	3314	3215	3214	3215	3314	3315	3315	3216	3215	3216
					3315	3316	3316	3217	3216	3217	3316	3317	3317	3218	3217	3218	3317	3318	3318	3219	3218	3219	3318
					3319	3319	3220	3219	3220	3319	3320	3320	3221	3220	3221	3320	3321	3321	3222	3221	3222	3321	3322
					3322	3223	3222	3223	3322	3323	3323	3224	3223	3224	3323	3324	3324	3225	3224	3225	3324	3325	3325
					3226	3225	3226	3325	3326	3326	3227	3226	3227	3326	3327	3327	3228	3227	3228	3327	3328	3328	3229
					3228	3229	3328	3329	3329	3230	3229	3230	3329	3330	3330	3231	3230	3231	3330	3331	3331	3232	3231
					3232	3331	3332	3332	3233	3232	3233	3332	3333	3333	3234	3233	3234	3333	3334	3334	3235	3234	3235
					3334	3335	3335	3236	3235	3236	3335	3336	3336	3237	3236	3237	3336	3337	3337	3238	3237	3238	3337
					3338	3338	3239	3238	3239	3338	3339	3339	3240	3239	3240	3339	3340	3340	3241	3240	3241	3340	3341
					3341	3242	3241	3242	3341	3342	3342	3243	3242	3243	3342	3343	3343	3244	3243	3244	3343	3344	3344
					3245	3244	3245	3344	3345	3345	3246	3245	3246	3345	3346	3346	3247	3246	3247	3346	3347	3347	3248
					3247	3248	3347	3348	3348	3249	3248	3249	3348	3349	3349	3250	3249	3250	3349	3350	3350	3251	3250
					3251	3350	3351	3351	3252	3251	3252	3351	3352	3352	3253	3252	3253	3352	3353	3353	3254	3253	3254
					3353	3354	3354	3255	3254	3255	3354	3355	3355	3256	3255	3256	3355	3356	3356	3257	3256	3257	3356
					3357	3357	3258	3257	3258	3357	3358	3358	3259	3258	3259	3358	3359	3359	3260	3259	3260	3359	3360
					3360	3261	3260	3261	3360	3361	3361	3262	3261	3262	3361	3362	3362	3263	3262	3263	3362	3363	3363
					3264	3263	3264	3363	3364	3364	3265	3264	3265	3364	3365	3365	3266	3265	3266	3365	3366	3366	3267
					3266	3267	3366	3367	3367	3268	3267	3268	3367	3368	3368	3269	3268	3269	3368	3369	3369	3270	3269
					3270	3369	3370	3370	3271	3270	3271	3370	3371	3371	3272	3271	3272	3371	3372	3372	3273	3272	3273
					3372	3373	3373	3274	3273	3274	3373	3374	3374	3275	3274	3275	3374	3375	3375	3276	3275	3276	3375
					3376	3376	3277	3276	3277	3376	3377	3377	3278	3277	3278	3377	3378	3378	3279	3278	3279	3378	3379
					3379	3280	3279	3280	3379	3380	3380	3281	3280	3281	3380	3381	3381	3282	3281	3282	3381	3382	3382
					3283	3282	3283	3382	3383	3383	3284	3283	3284	3383	3384	3384	3285	3284	3285	3384	3385	3385	3286
					3285	3286	3385	3386	3386	3287	3286	3287	3386	3387	3387	3288	3287	3288	3387	3388	3388	3289	3288
					3289	3388	3389	3389	3290	3289	3290	3389	3390	3390	3291	3290	3291	3390	3391	3391	3292	3291	3292
					3391	3392	3392	3293	3292	3293	3392	3393	3393	3294	3293	3294	3393	3394	3394	3295	3294	3295	3394
					7921	3395	3296	7920	3296	3395	3396	3396	3297	3296	3297	3396	3397	3397	3298	3297	3298	3397	3398
					3398	3299	3298	3299	3398	3399	3399	3300	3299	3300	3399	3400	3400	3301	3300	3301	3400	3401	3401
					3302	3301	3302	3401	3402	3402	3303	3302	3303	3402	3403	3403	3304	3303	3304	3403	3404	3404	3305
					3304	3305	3404	3405	3405	3306	3305	3306	3405	3406	3406	3307	3306	3307	3406	3407	3407	3308	3307
					3308	3407	3408	3408	3309	3308	3309	3408	3409	3409	3310	3309	3310	3409	3410	3410	3311	3310	3311
					3410	3411	3411	3312	3311	3312	3411	3412	3412	3313	3312	3313	3412	3413	3413	3314	3313	3314	3413
					3414	3414	3315	3314	3315	3414	3415	3415	3316	3315	3316	3415	3416	3416	3317	3316	3317	3416	3417
					3417	3318	3317	3318	3417	3418	3418	3319	3318	3319	3418	3419	3419	3320	3319	3320	3419	3420	3420
					3321	3320	3321	3420	3421	3421	3322	3321	3322	3421	3422	3422	3323	3322	3323	3422	3423	3423	3324
					3323	3324	3423	3424	3424	3325	3324	3325	3424	3425	3425	3326	3325	3326	3425	3426	3426	3327	3326
					3327	3426	3427	3427	3328	3327	3328	3427	3428	3428	3329	3328	3329	3428	3429	3429	3330	3329	3330
					3429	3430	3430	3331	3330	3331	3430	3431	3431	3332	3331	3332	3431	3432	3432	3333	3332	3333	3432
					3433	3433	3334	3333	3334	3433	3434	3434	3335	3334	3335	3434	3435	3435	3336	3335	3336	3435	3436
					3436	3337	3336	3337	3436	3437	3437	3338	3337	3338	3437	3438	3438	3339	3338	3339	3438	3439	3439
					3340	3339	3340	3439	3440	3440	3341	3340	3341	3440	3441	3441	3342	3341	3342	3441	3442	3442	3343
					3342	3343	3442	3443	3443	3344	3343	3344	3443	3444	3444	3345	3344	3345	3444	3445	3445	3346	3345
					3346	3445	3446	3446	3347	3346	3347	3446	3447	3447	3348	3347	3348	3447	3448	3448	3349	3348	3349
					3448	3449	3449	3350	3349	3350	3449	3450	3450	3351	3350	3351	3450	3451	3451	3352	3351	3352	3451
					3452	3452	3353	3352	3353	3452	3453	3453	3354	3353	3354	3453	3454	3454	3355	3354	3355	3454	3455
					3455	3356	3355	3356	3455	3456	3456	3357	3356	3357	3456	3457	3457	3358	3357	3358	3457	3458	3458
					3359	3358	3359	3458	3459	3459	3360	3359	3360	3459	3460	3460	3361	3360	3361	3460	3461	3461	3362
					3361	3362	3461	3462	3462	3363	3362	3363	3462	3463	3463	3364	3363	3364	3463	3464	3464	3365	3364
					3365	3464	3465	3465	3366	3365	3366	3465	3466	3466	3367	3366	3367	3466	3467	3467	3368	3367	3368
					3467	3468	3468	3369	3368	3369	3468	3469	3469	3370	3369	3370	3469	3470	3470	3371	3370	3371	3470
					3471	3471	3372	3371	3372	3471	3472	3472	3373	3372	3373	3472	3473	3473	3374	3373	3374	3473	3474
					3474	3375	3374	3375	3474	3475	3475	3376	3375	3376	3475	3476	3476	3377	3376	3377	3476	3477	3477
					3378	3377	3378	3477	3478	3478	3379	3378	3379	3478	3479	3479	3380	3379	3380	3479	3480	3480	3381
					3380	3381	3480	3481	3481	3382	3381	3382	3481	3482	3482	3383	3382	3383	3482	3483	3483	3384	3383
					3384	3483	3484	3484	3385	3384	3385	3484	3485	3485	3386	3385	3386	3485	3486	3486	3387	3386	3387
					3486	3487	3487	3388	3387	3388	3487	3488	3488	3389	3388	3389	3488	3489	3489	3390	3389	3390	3489
					3490	3490	3391	3390	3391	3490	3491	3491	3392	3391	3392	3491	3492	3492	3393	3392	3393	3492	3493
					3493	3394	3393	3394	3493	7923	3494	3395	7922	3395	3494	3495	3495	3396	3395	3396	3495	3496	3496
					3397	3396	3397	3496	3497	3497	3398	3397	3398	3497	3498	3498	3399	3398	3399	3498	3499	3499	3400
					3399	3400	3499	3500	3500	3401	3400	3401	3500	3501	3501	3402	3401	3402	3501	3502	3502	3403	3402
					3403	3502	3503	3503	3404	3403	3404	3503	3504	3504	3405	3404	3405	3504	3505	3505	3406	3405	3406
					3505	3506	3506	3407	3406	3407	3506	3507	3507	3408	3407	3408	3507	3508	3508	3409	3408	3409	3508
					3509	3509	3410	3409	3410	3509	3510	3510	3411	3410	3411	3510	3511	3511	3412	3411	3412	3511	3512
					3512	3413	3412	3413	3512	3513	3513	3414	3413	3414	3513	3514	3514	3415	3414	3415	3514	3515	3515
					3416	3415	3416	3515	3516	3516	3417	3416	3417	3516	3517	3517	3418	3417	3418	3517	3518	3518	3419
					3418	3419	3518	3519	3519	3420	3419	3420	3519	3520	3520	3421	3420	3421	3520	3521	3521	3422	3421
					3422	3521	3522	3522	3423	3422	3423	3522	3523	3523	3424	3423	3424	3523	3524	3524	3425	3424	3425
					3524	3525	3525	3426	3425	3426	3525	3526	3526	3427	3426	3427	3526	3527	3527	3428	3427	3428	3527
					3528	3528	3429	3428	3429	3528	3529	3529	3430	3429	3430	3529	3530	3530	3431	3430	3431	3530	3531
					3531	3432	3431	3432	3531	3532	3532	3433	3432	3433	3532	3533	3533	3434	3433	3434	3533	3534	3534
					3435	3434	3435	3534	3535	3535	3436	3435	3436	3535	3536	3536	3437	3436	3437	3536	3537	3537	3438
					3437	3438	3537	3538	3538	3439	3438	3439	3538	3539	3539	3440	3439	3440	3539	3540	3540	3441	3440
					3441	3540	3541	3541	3442	3441	3442	3541	3542	3542	3443	3442	3443	3542	3543	3543	3444	3443	3444
					3543	3544	3544	3445	3444	3445	3544	3545	3545	3446	3445	3446	3545	3546	3546	3447	3446	3447	3546
					3547	3547	3448	3447	3448	3547	3548	3548	3449	3448	3449	3548	3549	3549	3450	3449	3450	3549	3550
					3550	3451	3450	3451	3550	3551	3551	3452	3451	3452	3551	3552	3552	3453	3452	3453	3552	3553	3553
					3454	3453	3454	3553	3554	3554	3455	3454	3455	3554	3555	3555	3456	3455	3456	3555	3556	3556	3457
					3456	3457	3556	3557	3557	3458	3457	3458	3557	3558	3558	3459	3458	3459	3558	3559	3559	3460	3459
					3460	3559	3560	3560	3461	3460	3461	3560	3561	3561	3462	3461	3462	3561	3562	3562	3463	3462	3463
					3562	3563	3563	3464	3463	3464	3563	3564	3564	3465	3464	3465	3564	3565	3565	3466	3465	3466	3565
					3566	3566	3467	3466	3467	3566	3567	3567	3468	3467	3468	3567	3568	3568	3469	3468	3469	3568	3569
					3569	3470	3469	3470	3569	3570	3570	3471	3470	3471	3570	3571	3571	3472	3471	3472	3571	3572	3572
					3473	3472	3473	3572	3573	3573	3474	3473	3474	3573	3574	3574	3475	3474	3475	3574	3575	3575	3476
					3475	3476	3575	3576	3576	3477	3476	3477	3576	3577	3577	3478	3477	3478	3577	3578	3578	3479	3478
					3479	3578	3579	3579	3480	3479	3480	3579	3580	3580	3481	3480	3481	3580	3581	3581	3482	3481	3482
					3581	3582	3582	3483	3482	3483	3582	3583	3583	3484	3483	3484	3583	3584	3584	3485	3484	3485	3584
					3585	3585	3486	3485	3486	3585	3586	3586	3487	3486	3487	3586	3587	3587	3488	3487	3488	3587	3588
					3588	3489	3488	3489	3588	3589	3589	3490	3489	3490	3589	3590	3590	3491	3490	3491	3590	3591	3591
					3492	3491	3492	3591	3592	3592	3493	3492	3493	3592	7925	3593	3494	7924	3494	3593	3594	3594	3495
					3494	3495	3594	3595	3595	3496	3495	3496	3595	3596	3596	3497	3496	3497	3596	3597	3597	3498	3497
					3498	3597	3598	3598	3499	3498	3499	3598	3599	3599	3500	3499	3500	3599	3600	3600	3501	3500	3501
					3600	3601	3601	3502	3501	3502	3601	3602	3602	3503	3502	3503	3602	3603	3603	3504	3503	3504	3603
					3604	3604	3505	3504	3505	3604	3605	3605	3506	3505	3506	3605	3606	3606	3507	3506	3507	3606	3607
					3607	3508	3507	3508	3607	3608	3608	3509	3508	3509	3608	3609	3609	3510	3509	3510	3609	3610	3610
					3511	3510	3511	3610	3611	3611	3512	3511	3512	3611	3612	3612	3513	3512	3513	3612	3613	3613	3514
					3513	3514	3613	3614	3614	3515	3514	3515	3614	3615	3615	3516	3515	3516	3615	3616	3616	3517	3516
					3517	3616	3617	3617	3518	3517	3518	3617	3618	3618	3519	3518	3519	3618	3619	3619	3520	3519	3520
					3619	3620	3620	3521	3520	3521	3620	3621	3621	3522	3521	3522	3621	3622	3622	3523	3522	3523	3622
					3623	3623	3524	3523	3524	3623	3624	3624	3525	3524	3525	3624	3625	3625	3526	3525	3526	3625	3626
					3626	3527	3526	3527	3626	3627	3627	3528	3527	3528	3627	3628	3628	3529	3528	3529	3628	3629	3629
					3530	3529	3530	3629	3630	3630	3531	3530	3531	3630	3631	3631	3532	3531	3532	3631	3632	3632	3533
					3532	3533	3632	3633	3633	3534	3533	3534	3633	3634	3634	3535	3534	3535	3634	3635	3635	3536	3535
					3536	3635	3636	3636	3537	3536	3537	3636	3637	3637	3538	3537	3538	3637	3638	3638	3539	3538	3539
					3638	3639	3639	3540	3539	3540	3639	3640	3640	3541	3540	3541	3640	3641	3641	3542	3541	3542	3641
					3642	3642	3543	3542	3543	3642	3643	3643	3544	3543	3544	3643	3644	3644	3545	3544	3545	3644	3645
					3645	3546	3545	3546	3645	3646	3646	3547	3546	3547	3646	3647	3647	3548	3547	3548	3647	3648	3648
					3549	3548	3549	3648	3649	3649	3550	3549	3550	3649	3650	3650	3551	3550	3551	3650	3651	3651	3552
					3551	3552	3651	3652	3652	3553	3552	3553	3652	3653	3653	3554	3553	3554	3653	3654	3654	3555	3554
					3555	3654	3655	3655	3556	3555	3556	3655	3656	3656	3557	3556	3557	3656	3657	3657	3558	3557	3558
					3657	3658	3658	3559	3558	3559	3658	3659	3659	3560	3559	3560	3659	3660	3660	3561	3560	3561	3660
					3661	3661	3562	3561	3562	3661	3662	3662	3563	3562	3563	3662	3663	3663	3564	3563	3564	3663	3664
					3664	3565	3564	3565	3664	3665	3665	3566	3565	3566	3665	3666	3666	3567	3566	3567	3666	3667	3667
					3568	3567	3568	3667	3668	3668	3569	3568	3569	3668	3669	3669	3570	3569	3570	3669	3670	3670	3571
					3570	3571	3670	3671	3671	3572	3571	3572	3671	3672	3672	3573	3572	3573	3672	3673	3673	3574	3573
					3574	3673	3674	3674	3575	3574	3575	3674	3675	3675	3576	3575	3576	3675	3676	3676	3577	3576	3577
					3676	3677	3677	3578	3577	3578	3677	3678	3678	3579	3578	3579	3678	3679	3679	3580	3579	3580	3679
					3680	3680	3581	3580	3581	3680	3681	3681	3582	3581	3582	3681	3682	3682	3583	3582	3583	3682	3683
					3683	3584	3583	3584	3683	3684	3684	3585	3584	3585	3684	3685	3685	3586	3585	3586	3685	3686	3686
					3587	3586	3587	3686	3687	3687	3588	3587	3588	3687	3688	3688	3589	3588	3589	3688	3689	3689	3590
					3589	3590	3689	3690	3690	3591	3590	3591	3690	3691	3691	3592	3591	3592	3691	7927	3692	3593	7926
					3593	3692	3693	3693	3594	3593	3594	3693	3694	3694	3595	3594	3595	3694	3695	3695	3596	3595	3596
					3695	3696	3696	3597	3596	3597	3696	3697	3697	3598	3597	3598	3697	3698	3698	3599	3598	3599	3698
					3699	3699	3600	3599	3600	3699	3700	3700	3601	3600	3601	3700	3701	3701	3602	3601	3602	3701	3702
					3702	3603	3602	3603	3702	3703	3703	3604	3603	3604	3703	3704	3704	3605	3604	3605	3704	3705	3705
					3606	3605	3606	3705	3706	3706	3607	3606	3607	3706	3707	3707	3608	3607	3608	3707	3708	3708	3609
					3608	3609	3708	3709	3709	3610	3609	3610	3709	3710	3710	3611	3610	3611	3710	3711	3711	3612	3611
					3612	3711	3712	3712	3613	3612	3613	3712	3713	3713	3614	3613	3614	3713	3714	3714	3615	3614	3615
					3714	3715	3715	3616	3615	3616	3715	3716	3716	3617	3616	3617	3716	3717	3717	3618	3617	3618	3717
					3718	3718	3619	3618	3619	3718	3719	3719	3620	3619	3620	3719	3720	3720	3621	3620	3621	3720	3721
					3721	3622	3621	3622	3721	3722	3722	3623	3622	3623	3722	3723	3723	3624	3623	3624	3723	3724	3724
					3625	3624	3625	3724	3725	3725	3626	3625	3626	3725	3726	3726	3627	3626	3627	3726	3727	3727	3628
					3627	3628	3727	3728	3728	3629	3628	3629	3728	3729	3729	3630	3629	3630	3729	3730	3730	3631	3630
					3631	3730	3731	3731	3632	3631	3632	3731	3732	3732	3633	3632	3633	3732	3733	3733	3634	3633	3634
					3733	3734	3734	3635	3634	3635	3734	3735	3735	3636	3635	3636	3735	3736	3736	3637	3636	3637	3736
					3737	3737	3638	3637	3638	3737	3738	3738	3639	3638	3639	3738	3739	3739	3640	3639	3640	3739	3740
					3740	3641	3640	3641	3740	3741	3741	3642	3641	3642	3741	3742	3742	3643	3642	3643	3742	3743	3743
					3644	3643	3644	3743	3744	3744	3645	3644	3645	3744	3745	3745	3646	3645	3646	3745	3746	3746	3647
					3646	3647	3746	3747	3747	3648	3647	3648	3747	3748	3748	3649	3648	3649	3748	3749	3749	3650	3649
					3650	3749	3750	3750	3651	3650	3651	3750	3751	3751	3652	3651	3652	3751	3752	3752	3653	3652	3653
					3752	3753	3753	3654	3653	3654	3753	3754	3754	3655	3654	3655	3754	3755	3755	3656	3655	3656	3755
					3756	3756	3657	3656	3657	3756	3757	3757	3658	3657	3658	3757	3758	3758	3659	3658	3659	3758	3759
					3759	3660	3659	3660	3759	3760	3760	3661	3660	3661	3760	3761	3761	3662	3661	3662	3761	3762	3762
					3663	3662	3663	3762	3763	3763	3664	3663	3664	3763	3764	3764	3665	3664	3665	3764	3765	3765	3666
					3665	3666	3765	3766	3766	3667	3666	3667	3766	3767	3767	3668	3667	3668	3767	3768	3768	3669	3668
					3669	3768	3769	3769	3670	3669	3670	3769	3770	3770	3671	3670	3671	3770	3771	3771	3672	3671	3672
					3771	3772	3772	3673	3672	3673	3772	3773	3773	3674	3673	3674	3773	3774	3774	3675	3674	3675	3774
					3775	3775	3676	3675	3676	3775	3776	3776	3677	3676	3677	3776	3777	3777	3678	3677	3678	3777	3778
					3778	3679	3678	3679	3778	3779	3779	3680	3679	3680	3779	3780	3780	3681	3680	3681	3780	3781	3781
					3682	3681	3682	3781	3782	3782	3683	3682	3683	3782	3783	3783	3684	3683	3684	3783	3784	3784	3685
					3684	3685	3784	3785	3785	3686	3685	3686	3785	3786	3786	3687	3686	3687	3786	3787	3787	3688	3687
					3688	3787	3788	3788	3689	3688	3689	3788	3789	3789	3690	3689	3690	3789	3790	3790	3691	3690	3691
					3790	7929	3791	3692	7928	3692	3791	3792	3792	3693	3692	3693	3792	3793	3793	3694	3693	3694	3793
					3794	3794	3695	3694	3695	3794	3795	3795	3696	3695	3696	3795	3796	3796	3697	3696	3697	3796	3797
					3797	3698	3697	3698	3797	3798	3798	3699	3698	3699	3798	3799	3799	3700	3699	3700	3799	3800	3800
					3701	3700	3701	3800	3801	3801	3702	3701	3702	3801	3802	3802	3703	3702	3703	3802	3803	3803	3704
					3703	3704	3803	3804	3804	3705	3704	3705	3804	3805	3805	3706	3705	3706	3805	3806	3806	3707	3706
					3707	3806	3807	3807	3708	3707	3708	3807	3808	3808	3709	3708	3709	3808	3809	3809	3710	3709	3710
					3809	3810	3810	3711	3710	3711	3810	3811	3811	3712	3711	3712	3811	3812	3812	3713	3712	3713	3812
					3813	3813	3714	3713	3714	3813	3814	3814	3715	3714	3715	3814	3815	3815	3716	3715	3716	3815	3816
					3816	3717	3716	3717	3816	3817	3817	3718	3717	3718	3817	3818	3818	3719	3718	3719	3818	3819	3819
					3720	3719	3720	3819	3820	3820	3721	3720	3721	3820	3821	3821	3722	3721	3722	3821	3822	3822	3723
					3722	3723	3822	3823	3823	3724	3723	3724	3823	3824	3824	3725	3724	3725	3824	3825	3825	3726	3725
					3726	3825	3826	3826	3727	3726	3727	3826	3827	3827	3728	3727	3728	3827	3828	3828	3729	3728	3729
					3828	3829	3829	3730	3729	3730	3829	3830	3830	3731	3730	3731	3830	3831	3831	3732	3731	3732	3831
					3832	3832	3733	3732	3733	3832	3833	3833	3734	3733	3734	3833	3834	3834	3735	3734	3735	3834	3835
					3835	3736	3735	3736	3835	3836	3836	3737	3736	3737	3836	3837	3837	3738	3737	3738	3837	3838	3838
					3739	3738	3739	3838	3839	3839	3740	3739	3740	3839	3840	3840	3741	3740	3741	3840	3841	3841	3742
					3741	3742	3841	3842	3842	3743	3742	3743	3842	3843	3843	3744	3743	3744	3843	3844	3844	3745	3744
					3745	3844	3845	3845	3746	3745	3746	3845	3846	3846	3747	3746	3747	3846	3847	3847	3748	3747	3748
					3847	3848	3848	3749	3748	3749	3848	3849	3849	3750	3749	3750	3849	3850	3850	3751	3750	3751	3850
					3851	3851	3752	3751	3752	3851	3852	3852	3753	3752	3753	3852	3853	3853	3754	3753	3754	3853	3854
					3854	3755	3754	3755	3854	3855	3855	3756	3755	3756	3855	3856	3856	3757	3756	3757	3856	3857	3857
					3758	3757	3758	3857	3858	3858	3759	3758	3759	3858	3859	3859	3760	3759	3760	3859	3860	3860	3761
					3760	3761	3860	3861	3861	3762	3761	3762	3861	3862	3862	3763	3762	3763	3862	3863	3863	3764	3763
					3764	3863	3864	3864	3765	3764	3765	3864	3865	3865	3766	3765	3766	3865	3866	3866	3767	3766	3767
					3866	3867	3867	3768	3767	3768	3867	3868	3868	3769	3768	3769	3868	3869	3869	3770	3769	3770	3869
					3870	3870	3771	3770	3771	3870	3871	3871	3772	3771	3772	3871	3872	3872	3773	3772	3773	3872	3873
					3873	3774	3773	3774	3873	3874	3874	3775	3774	3775	3874	3875	3875	3776	3775	3776	3875	3876	3876
					3777	3776	3777	3876	3877	3877	3778	3777	3778	3877	3878	3878	3779	3778	3779	3878	3879	3879	3780
					3779	3780	3879	3880	3880	3781	3780	3781	3880	3881	3881	3782	3781	3782	3881	3882	3882	3783	3782
					3783	3882	3883	3883	3784	3783	3784	3883	3884	3884	3785	3784	3785	3884	3885	3885	3786	3785	3786
					3885	3886	3886	3787	3786	3787	3886	3887	3887	3788	3787	3788	3887	3888	3888	3789	3788	3789	3888
					3889	3889	3790	3789	3790	3889	7931	3890	3791	7930	3791	3890	3891	3891	3792	3791	3792	3891	3892
					3892	3793	3792	3793	3892	3893	3893	3794	3793	3794	3893	3894	3894	3795	3794	3795	3894	3895	3895
					3796	3795	3796	3895	3896	3896	3797	3796	3797	3896	3897	3897	3798	3797	3798	3897	3898	3898	3799
					3798	3799	3898	3899	3899	3800	3799	3800	3899	3900	3900	3801	3800	3801	3900	3901	3901	3802	3801
					3802	3901	3902	3902	3803	3802	3803	3902	3903	3903	3804	3803	3804	3903	3904	3904	3805	3804	3805
					3904	3905	3905	3806	3805	3806	3905	3906	3906	3807	3806	3807	3906	3907	3907	3808	3807	3808	3907
					3908	3908	3809	3808	3809	3908	3909	3909	3810	3809	3810	3909	3910	3910	3811	3810	3811	3910	3911
					3911	3812	3811	3812	3911	3912	3912	3813	3812	3813	3912	3913	3913	3814	3813	3814	3913	3914	3914
					3815	3814	3815	3914	3915	3915	3816	3815	3816	3915	3916	3916	3817	3816	3817	3916	3917	3917	3818
					3817	3818	3917	3918	3918	3819	3818	3819	3918	3919	3919	3820	3819	3820	3919	3920	3920	3821	3820
					3821	3920	3921	3921	3822	3821	3822	3921	3922	3922	3823	3822	3823	3922	3923	3923	3824	3823	3824
					3923	3924	3924	3825	3824	3825	3924	3925	3925	3826	3825	3826	3925	3926	3926	3827	3826	3827	3926
					3927	3927	3828	3827	3828	3927	3928	3928	3829	3828	3829	3928	3929	3929	3830	3829	3830	3929	3930
					3930	3831	3830	3831	3930	3931	3931	3832	3831	3832	3931	3932	3932	3833	3832	3833	3932	3933	3933
					3834	3833	3834	3933	3934	3934	3835	3834	3835	3934	3935	3935	3836	3835	3836	3935	3936	3936	3837
					3836	3837	3936	3937	3937	3838	3837	3838	3937	3938	3938	3839	3838	3839	3938	3939	3939	3840	3839
					3840	3939	3940	3940	3841	3840	3841	3940	3941	3941	3842	3841	3842	3941	3942	3942	3843	3842	3843
					3942	3943	3943	3844	3843	3844	3943	3944	3944	3845	3844	3845	3944	3945	3945	3846	3845	3846	3945
					3946	3946	3847	3846	3847	3946	3947	3947	3848	3847	3848	3947	3948	3948	3849	3848	3849	3948	3949
					3949	3850	3849	3850	3949	3950	3950	3851	3850	3851	3950	3951	3951	3852	3851	3852	3951	3952	3952
					3853	3852	3853	3952	3953	3953	3854	3853	3854	3953	3954	3954	3855	3854	3855	3954	3955	3955	3856
					3855	3856	3955	3956	3956	3857	3856	3857	3956	3957	3957	3858	3857	3858	3957	3958	3958	3859	3858
					3859	3958	3959	3959	3860	3859	3860	3959	3960	3960	3861	3860	3861	3960	3961	3961	3862	3861	3862
					3961	3962	3962	3863	3862	3863	3962	3963	3963	3864	3863	3864	3963	3964	3964	3865	3864	3865	3964
					3965	3965	3866	3865	3866	3965	3966	3966	3867	3866	3867	3966	3967	3967	3868	3867	3868	3967	3968
					3968	3869	3868	3869	3968	3969	3969	3870	3869	3870	3969	3970	3970	3871	3870	3871	3970	3971	3971
					3872	3871	3872	3971	3972	3972	3873	3872	3873	3972	3973	3973	3874	3873	3874	3973	3974	3974	3875
					3874	3875	3974	3975	3975	3876	3875	3876	3975	3976	3976	3877	3876	3877	3976	3977	3977	3878	3877
					3878	3977	3978	3978	3879	3878	3879	3978	3979	3979	3880	3879	3880	3979	3980	3980	3881	3880	3881
					3980	3981	3981	3882	3881	3882	3981	3982	3982	3883	3882	3883	3982	3983	3983	3884	3883	3884	3983
					3984	3984	3885	3884	3885	3984	3985	3985	3886	3885	3886	3985	3986	3986	3887	3886	3887	3986	3987
					3987	3888	3887	3888	3987	3988	3988	3889	3888	3889	3988	7933	3989	3890	7932	3890	3989	3990	3990
					3891	3890	3891	3990	3991	3991	3892	3891	3892	3991	3992	3992	3893	3892	3893	3992	3993	3993	3894
					3893	3894	3993	3994	3994	3895	3894	3895	3994	3995	3995	3896	3895	3896	3995	3996	3996	3897	3896
					3897	3996	3997	3997	3898	3897	3898	3997	3998	3998	3899	3898	3899	3998	3999	3999	3900	3899	3900
					3999	4000	4000	3901	3900	3901	4000	4001	4001	3902	3901	3902	4001	4002	4002	3903	3902	3903	4002
					4003	4003	3904	3903	3904	4003	4004	4004	3905	3904	3905	4004	4005	4005	3906	3905	3906	4005	4006
					4006	3907	3906	3907	4006	4007	4007	3908	3907	3908	4007	4008	4008	3909	3908	3909	4008	4009	4009
					3910	3909	3910	4009	4010	4010	3911	3910	3911	4010	4011	4011	3912	3911	3912	4011	4012	4012	3913
					3912	3913	4012	4013	4013	3914	3913	3914	4013	4014	4014	3915	3914	3915	4014	4015	4015	3916	3915
					3916	4015	4016	4016	3917	3916	3917	4016	4017	4017	3918	3917	3918	4017	4018	4018	3919	3918	3919
					4018	4019	4019	3920	3919	3920	4019	4020	4020	3921	3920	3921	4020	4021	4021	3922	3921	3922	4021
					4022	4022	3923	3922	3923	4022	4023	4023	3924	3923	3924	4023	4024	4024	3925	3924	3925	4024	4025
					4025	3926	3925	3926	4025	4026	4026	3927	3926	3927	4026	4027	4027	3928	3927	3928	4027	4028	4028
					3929	3928	3929	4028	4029	4029	3930	3929	3930	4029	4030	4030	3931	3930	3931	4030	4031	4031	3932
					3931	3932	4031	4032	4032	3933	3932	3933	4032	4033	4033	3934	3933	3934	4033	4034	4034	3935	3934
					3935	4034	4035	4035	3936	3935	3936	4035	4036	4036	3937	3936	3937	4036	4037	4037	3938	3937	3938
					4037	4038	4038	3939	3938	3939	4038	4039	4039	3940	3939	3940	4039	4040	4040	3941	3940	3941	4040
					4041	4041	3942	3941	3942	4041	4042	4042	3943	3942	3943	4042	4043	4043	3944	3943	3944	4043	4044
					4044	3945	3944	3945	4044	4045	4045	3946	3945	3946	4045	4046	4046	3947	3946	3947	4046	4047	4047
					3948	3947	3948	4047	4048	4048	3949	3948	3949	4048	4049	4049	3950	3949	3950	4049	4050	4050	3951
					3950	3951	4050	4051	4051	3952	3951	3952	4051	4052	4052	3953	3952	3953	4052	4053	4053	3954	3953
					3954	4053	4054	4054	3955	3954	3955	4054	4055	4055	3956	3955	3956	4055	4056	4056	3957	3956	3957
					4056	4057	4057	3958	3957	3958	4057	4058	4058	3959	3958	3959	4058	4059	4059	3960	3959	3960	4059
					4060	4060	3961	3960	3961	4060	4061	4061	3962	3961	3962	4061	4062	4062	3963	3962	3963	4062	4063
					4063	3964	3963	3964	4063	4064	4064	3965	3964	3965	4064	4065	4065	3966	3965	3966	4065	4066	4066
					3967	3966	3967	4066	4067	4067	3968	3967	3968	4067	4068	4068	3969	3968	3969	4068	4069	4069	3970
					3969	3970	4069	4070	4070	3971	3970	3971	4070	4071	4071	3972	3971	3972	4071	4072	4072	3973	3972
					3973	4072	4073	4073	3974	3973	3974	4073	4074	4074	3975	3974	3975	4074	4075	4075	3976	3975	3976
					4075	4076	4076	3977	3976	3977	4076	4077	4077	3978	3977	3978	4077	4078	4078	3979	3978	3979	4078
					4079	4079	3980	3979	3980	4079	4080	4080	3981	3980	3981	4080	4081	4081	3982	3981	3982	4081	4082
					4082	3983	3982	3983	4082	4083	4083	3984	3983	3984	4083	4084	4084	3985	3984	3985	4084	4085	4085
					3986	3985	3986	4085	4086	4086	3987	3986	3987	4086	4087	4087	3988	3987	3988	4087	7935	4088	3989
					7934	3989	4088	4089	4089	3990	3989	3990	4089	4090	4090	3991	3990	3991	4090	4091	4091	3992	3991
					3992	4091	4092	4092	3993	3992	3993	4092	4093	4093	3994	3993	3994	4093	4094	4094	3995	3994	3995
					4094	4095	4095	3996	3995	3996	4095	4096	4096	3997	3996	3997	4096	4097	4097	3998	3997	3998	4097
					4098	4098	3999	3998	3999	4098	4099	4099	4000	3999	4000	4099	4100	4100	4001	4000	4001	4100	4101
					4101	4002	4001	4002	4101	4102	4102	4003	4002	4003	4102	4103	4103	4004	4003	4004	4103	4104	4104
					4005	4004	4005	4104	4105	4105	4006	4005	4006	4105	4106	4106	4007	4006	4007	4106	4107	4107	4008
					4007	4008	4107	4108	4108	4009	4008	4009	4108	4109	4109	4010	4009	4010	4109	4110	4110	4011	4010
					4011	4110	4111	4111	4012	4011	4012	4111	4112	4112	4013	4012	4013	4112	4113	4113	4014	4013	4014
					4113	4114	4114	4015	4014	4015	4114	4115	4115	4016	4015	4016	4115	4116	4116	4017	4016	4017	4116
					4117	4117	4018	4017	4018	4117	4118	4118	4019	4018	4019	4118	4119	4119	4020	4019	4020	4119	4120
					4120	4021	4020	4021	4120	4121	4121	4022	4021	4022	4121	4122	4122	4023	4022	4023	4122	4123	4123
					4024	4023	4024	4123	4124	4124	4025	4024	4025	4124	4125	4125	4026	4025	4026	4125	4126	4126	4027
					4026	4027	4126	4127	4127	4028	4027	4028	4127	4128	4128	4029	4028	4029	4128	4129	4129	4030	4029
					4030	4129	4130	4130	4031	4030	4031	4130	4131	4131	4032	4031	4032	4131	4132	4132	4033	4032	4033
					4132	4133	4133	4034	4033	4034	4133	4134	4134	4035	4034	4035	4134	4135	4135	4036	4035	4036	4135
					4136	4136	4037	4036	4037	4136	4137	4137	4038	4037	4038	4137	4138	4138	4039	4038	4039	4138	4139
					4139	4040	4039	4040	4139	4140	4140	4041	4040	4041	4140	4141	4141	4042	4041	4042	4141	4142	4142
					4043	4042	4043	4142	4143	4143	4044	4043	4044	4143	4144	4144	4045	4044	4045	4144	4145	4145	4046
					4045	4046	4145	4146	4146	4047	4046	4047	4146	4147	4147	4048	4047	4048	4147	4148	4148	4049	4048
					4049	4148	4149	4149	4050	4049	4050	4149	4150	4150	4051	4050	4051	4150	4151	4151	4052	4051	4052
					4151	4152	4152	4053	4052	4053	4152	4153	4153	4054	4053	4054	4153	4154	4154	4055	4054	4055	4154
					4155	4155	4056	4055	4056	4155	4156	4156	4057	4056	4057	4156	4157	4157	4058	4057	4058	4157	4158
					4158	4059	4058	4059	4158	4159	4159	4060	4059	4060	4159	4160	4160	4061	4060	4061	4160	4161	4161
					4062	4061	4062	4161	4162	4162	4063	4062	4063	4162	4163	4163	4064	4063	4064	4163	4164	4164	4065
					4064	4065	4164	4165	4165	4066	4065	4066	4165	4166	4166	4067	4066	4067	4166	4167	4167	4068	4067
					4068	4167	4168	4168	4069	4068	4069	4168	4169	4169	4070	4069	4070	4169	4170	4170	4071	4070	4071
					4170	4171	4171	4072	4071	4072	4171	4172	4172	4073	4072	4073	4172	4173	4173	4074	4073	4074	4173
					4174	4174	4075	4074	4075	4174	4175	4175	4076	4075	4076	4175	4176	4176	4077	4076	4077	4176	4177
					4177	4078	4077	4078	4177	4178	4178	4079	4078	4079	4178	4179	4179	4080	4079	4080	4179	4180	4180
					4081	4080	4081	4180	4181	4181	4082	4081	4082	4181	4182	4182	4083	4082	4083	4182	4183	4183	4084
					4083	4084	4183	4184	4184	4085	4084	4085	4184	4185	4185	4086	4085	4086	4185	4186	4186	4087	4086
					4087	4186	7937	7939	4088	7936	7940	4089	4088	7941	4090	4089	7942	4091	4090	7943	4092	4091	7944
					4093	4092	7945	4094	4093	7946	4095	4094	7947	4096	4095	7948	4097	4096	7949	4098	4097	7950	4099
					4098	7951	4100	4099	7952	4101	4100	7953	4102	4101	7954	4103	4102	7955	4104	4103	7956	4105	4104
					7957	4106	4105	7958	4107	4106	7959	4108	4107	7960	4109	4108	7961	4110	4109	7962	4111	4110	7963
					4112	4111	7964	4113	4112	7965	4114	4113	7966	4115	4114	7967	4116	4115	7968	4117	4116	7969	4118
					4117	7970	4119	4118	7971	4120	4119	7972	4121	4120	7973	4122	4121	7974	4123	4122	7975	4124	4123
					7976	4125	4124	7977	4126	4125	7978	4127	4126	7979	4128	4127	7980	4129	4128	7981	4130	4129	7982
					4131	4130	7983	4132	4131	7984	4133	4132	7985	4134	4133	7986	4135	4134	7987	4136	4135	7988	4137
					4136	7989	4138	4137	7990	4139	4138	7991	4140	4139	7992	4141	4140	7993	4142	4141	7994	4143	4142
					7995	4144	4143	7996	4145	4144	7997	4146	4145	7998	4147	4146	7999	4148	4147	8000	4149	4148	8001
					4150	4149	8002	4151	4150	8003	4152	4151	8004	4153	4152	8005	4154	4153	8006	4155	4154	8007	4156
					4155	8008	4157	4156	8009	4158	4157	8010	4159	4158	8011	4160	4159	8012	4161	4160	8013	4162	4161
					8014	4163	4162	8015	4164	4163	8016	4165	4164	8017	4166	4165	8018	4167	4166	8019	4168	4167	8020
					4169	4168	8021	4170	4169	8022	4171	4170	8023	4172	4171	8024	4173	4172	8025	4174	4173	8026	4175
					4174	8027	4176	4175	8028	4177	4176	8029	4178	4177	8030	4179	4178	8031	4180	4179	8032	4181	4180
					8033	4182	4181	8034	4183	4182	8035	4184	4183	8036	4185	4184	8037	4186	4185	8087	6203	6204	8088
					6204	6205	8089	6205	6206	8090	6206	6207	8091	6207	6208	8092	6208	6209	8093	6209	6210	8094	6210
					6211	8095	6211	6212	8096	6212	6213	8097	6213	6214	8098	6214	6215	8099	6215	6216	8100	6216	6217
					8101	6217	6218	8102	6218	0	7821	0	1	7822	1	2	7823	2	3	7824	3	4	7825
					4	5	7826	5	6	7827	6	7	7828	7	8	7829	8	9	7830	9	10	7831	10
					11	7832	11	12	7833	12	13	7834	13	14	7835	14	15	7836	15	16	7837	16	17
					7838	17	18	7839	18	19	7840	19	20	7841	20	21	7842	21	22	7843	22	23	7844
					23	24	7845	24	25	7846	25	26	7847	26	27	7848	27	28	7849	28	29	7850	29
					30	7851	30	31	7852	31	6219	8164	7312	7313	8165	7313	7314	8166	7314	7315	8167	7315	7316
					8168	7316	7317	8169	7317	7318	8170	7318	6195	4207	4306	4307	4307	4208	4207	4208	4307	4308	4308
					4209	4208	4209	4308	4309	4309	4210	4209	4210	4309	4310	4310	4211	4210	4211	4310	4311	4311	4212
					4211	4212	4311	4312	4312	4213	4212	4213	4312	4313	4313	4214	4213	4214	4313	4314	4314	4215	4214
					4215	4314	4315	4315	4216	4215	4216	4315	4316	4316	4217	4216	4217	4316	4317	4317	4218	4217	4218
					4317	4318	4318	4219	4218	4219	4318	4319	4319	4220	4219	4220	4319	4320	4320	4221	4220	4221	4320
					4321	4321	4222	4221	4222	4321	4322	4322	4223	4222	4223	4322	4323	4323	4224	4223	4224	4323	4324
					4324	4225	4224	4225	4324	4325	4325	4226	4225	4226	4325	4326	4326	4227	4226	4227	4326	4327	4327
					4228	4227	4228	4327	4328	4328	4229	4228	4229	4328	4329	4329	4230	4229	4230	4329	4330	4330	4231
					4230	4231	4330	4331	4331	4232	4231	4232	4331	4332	4332	4233	4232	4233	4332	4333	4333	4234	4233
					4234	4333	4334	4334	4235	4234	4235	4334	4335	4335	4236	4235	4236	4335	4336	4336	4237	4236	4237
					4336	4337	4337	4238	4237	4238	4337	4338	4338	4239	4238	4239	4338	4339	4339	4240	4239	4240	4339
					4340	4340	4241	4240	4241	4340	4341	4341	4242	4241	4242	4341	4342	4342	4243	4242	4243	4342	4343
					4343	4244	4243	4244	4343	4344	4344	4245	4244	4245	4344	4345	4345	4246	4245	4246	4345	4346	4346
					4247	4246	4247	4346	4347	4347	4248	4247	4248	4347	4348	4348	4249	4248	4249	4348	4349	4349	4250
					4249	4250	4349	4350	4350	4251	4250	4251	4350	4351	4351	4252	4251	4252	4351	4352	4352	4253	4252
					4253	4352	4353	4353	4254	4253	4254	4353	4354	4354	4255	4254	4255	4354	4355	4355	4256	4255	4256
					4355	4356	4356	4257	4256	4257	4356	4357	4357	4258	4257	4258	4357	8041	4358	4259	8040	4259	4358
					4359	4359	4260	4259	4260	4359	4360	4360	4261	4260	4261	4360	4361	4361	4262	4261	4262	4361	4362
					4362	4263	4262	4263	4362	4363	4363	4264	4263	4264	4363	4364	4364	4265	4264	4265	4364	4365	4365
					4266	4265	4266	4365	4366	4366	4267	4266	4267	4366	4367	4367	4268	4267	4268	4367	4368	4368	4269
					4268	4269	4368	4369	4369	4270	4269	4270	4369	4370	4370	4271	4270	4271	4370	4371	4371	4272	4271
					4272	4371	4372	4372	4273	4272	4273	4372	4373	4373	4274	4273	4274	4373	4374	4374	4275	4274	4275
					4374	4375	4375	4276	4275	4276	4375	4376	4376	4277	4276	4277	4376	4377	4377	4278	4277	4278	4377
					4378	4378	4279	4278	4279	4378	4379	4379	4280	4279	4280	4379	4380	4380	4281	4280	4281	4380	4381
					4381	4282	4281	4282	4381	4382	4382	4283	4282	4283	4382	4383	4383	4284	4283	4284	4383	4384	4384
					4285	4284	4285	4384	4385	4385	4286	4285	4286	4385	4386	4386	4287	4286	4287	4386	4387	4387	4288
					4287	4288	4387	4388	4388	4289	4288	4289	4388	4389	4389	4290	4289	4290	4389	4390	4390	4291	4290
					4291	4390	4391	4391	4292	4291	4292	4391	4392	4392	4293	4292	4293	4392	4393	4393	4294	4293	4294
					4393	4394	4394	4295	4294	4295	4394	4395	4395	4296	4295	4296	4395	4396	4396	4297	4296	4297	4396
					4397	4397	4298	4297	4298	4397	4398	4398	4299	4298	4299	4398	4399	4399	4300	4299	4300	4399	4400
					4400	4301	4300	4301	4400	4401	4401	4302	4301	4302	4401	4402	4402	4303	4302	4303	4402	4403	4403
					4304	4303	4304	4403	4404	4404	4305	4304	4305	4404	4405	4405	4306	4305	4306	4405	4406	4406	4307
					4306	4307	4406	4407	4407	4308	4307	4308	4407	4408	4408	4309	4308	4309	4408	4409	4409	4310	4309
					4310	4409	4410	4410	4311	4310	4311	4410	4411	4411	4312	4311	4312	4411	4412	4412	4313	4312	4313
					4412	4413	4413	4314	4313	4314	4413	4414	4414	4315	4314	4315	4414	4415	4415	4316	4315	4316	4415
					4416	4416	4317	4316	4317	4416	4417	4417	4318	4317	4318	4417	4418	4418	4319	4318	4319	4418	4419
					4419	4320	4319	4320	4419	4420	4420	4321	4320	4321	4420	4421	4421	4322	4321	4322	4421	4422	4422
					4323	4322	4323	4422	4423	4423	4324	4323	4324	4423	4424	4424	4325	4324	4325	4424	4425	4425	4326
					4325	4326	4425	4426	4426	4327	4326	4327	4426	4427	4427	4328	4327	4328	4427	4428	4428	4329	4328
					4329	4428	4429	4429	4330	4329	4330	4429	4430	4430	4331	4330	4331	4430	4431	4431	4332	4331	4332
					4431	4432	4432	4333	4332	4333	4432	4433	4433	4334	4333	4334	4433	4434	4434	4335	4334	4335	4434
					4435	4435	4336	4335	4336	4435	4436	4436	4337	4336	4337	4436	4437	4437	4338	4337	4338	4437	4438
					4438	4339	4338	4339	4438	4439	4439	4340	4339	4340	4439	4440	4440	4341	4340	4341	4440	4441	4441
					4342	4341	4342	4441	4442	4442	4343	4342	4343	4442	4443	4443	4344	4343	4344	4443	4444	4444	4345
					4344	4345	4444	4445	4445	4346	4345	4346	4445	4446	4446	4347	4346	4347	4446	4447	4447	4348	4347
					4348	4447	4448	4448	4349	4348	4349	4448	4449	4449	4350	4349	4350	4449	4450	4450	4351	4350	4351
					4450	4451	4451	4352	4351	4352	4451	4452	4452	4353	4352	4353	4452	4453	4453	4354	4353	4354	4453
					4454	4454	4355	4354	4355	4454	4455	4455	4356	4355	4356	4455	4456	4456	4357	4356	4357	4456	8043
					4457	4358	8042	4358	4457	4458	4458	4359	4358	4359	4458	4459	4459	4360	4359	4360	4459	4460	4460
					4361	4360	4361	4460	4461	4461	4362	4361	4362	4461	4462	4462	4363	4362	4363	4462	4463	4463	4364
					4363	4364	4463	4464	4464	4365	4364	4365	4464	4465	4465	4366	4365	4366	4465	4466	4466	4367	4366
					4367	4466	4467	4467	4368	4367	4368	4467	4468	4468	4369	4368	4369	4468	4469	4469	4370	4369	4370
					4469	4470	4470	4371	4370	4371	4470	4471	4471	4372	4371	4372	4471	4472	4472	4373	4372	4373	4472
					4473	4473	4374	4373	4374	4473	4474	4474	4375	4374	4375	4474	4475	4475	4376	4375	4376	4475	4476
					4476	4377	4376	4377	4476	4477	4477	4378	4377	4378	4477	4478	4478	4379	4378	4379	4478	4479	4479
					4380	4379	4380	4479	4480	4480	4381	4380	4381	4480	4481	4481	4382	4381	4382	4481	4482	4482	4383
					4382	4383	4482	4483	4483	4384	4383	4384	4483	4484	4484	4385	4384	4385	4484	4485	4485	4386	4385
					4386	4485	4486	4486	4387	4386	4387	4486	4487	4487	4388	4387	4388	4487	4488	4488	4389	4388	4389
					4488	4489	4489	4390	4389	4390	4489	4490	4490	4391	4390	4391	4490	4491	4491	4392	4391	4392	4491
					4492	4492	4393	4392	4393	4492	4493	4493	4394	4393	4394	4493	4494	4494	4395	4394	4395	4494	4495
					4495	4396	4395	4396	4495	4496	4496	4397	4396	4397	4496	4497	4497	4398	4397	4398	4497	4498	4498
					4399	4398	4399	4498	4499	4499	4400	4399	4400	4499	4500	4500	4401	4400	4401	4500	4501	4501	4402
					4401	4402	4501	4502	4502	4403	4402	4403	4502	4503	4503	4404	4403	4404	4503	4504	4504	4405	4404
					4405	4504	4505	4505	4406	4405	4406	4505	4506	4506	4407	4406	4407	4506	4507	4507	4408	4407	4408
					4507	4508	4508	4409	4408	4409	4508	4509	4509	4410	4409	4410	4509	4510	4510	4411	4410	4411	4510
					4511	4511	4412	4411	4412	4511	4512	4512	4413	4412	4413	4512	4513	4513	4414	4413	4414	4513	4514
					4514	4415	4414	4415	4514	4515	4515	4416	4415	4416	4515	4516	4516	4417	4416	4417	4516	4517	4517
					4418	4417	4418	4517	4518	4518	4419	4418	4419	4518	4519	4519	4420	4419	4420	4519	4520	4520	4421
					4420	4421	4520	4521	4521	4422	4421	4422	4521	4522	4522	4423	4422	4423	4522	4523	4523	4424	4423
					4424	4523	4524	4524	4425	4424	4425	4524	4525	4525	4426	4425	4426	4525	4526	4526	4427	4426	4427
					4526	4527	4527	4428	4427	4428	4527	4528	4528	4429	4428	4429	4528	4529	4529	4430	4429	4430	4529
					4530	4530	4431	4430	4431	4530	4531	4531	4432	4431	4432	4531	4532	4532	4433	4432	4433	4532	4533
					4533	4434	4433	4434	4533	4534	4534	4435	4434	4435	4534	4535	4535	4436	4435	4436	4535	4536	4536
					4437	4436	4437	4536	4537	4537	4438	4437	4438	4537	4538	4538	4439	4438	4439	4538	4539	4539	4440
					4439	4440	4539	4540	4540	4441	4440	4441	4540	4541	4541	4442	4441	4442	4541	4542	4542	4443	4442
					4443	4542	4543	4543	4444	4443	4444	4543	4544	4544	4445	4444	4445	4544	4545	4545	4446	4445	4446
					4545	4546	4546	4447	4446	4447	4546	4547	4547	4448	4447	4448	4547	4548	4548	4449	4448	4449	4548
					4549	4549	4450	4449	4450	4549	4550	4550	4451	4450	4451	4550	4551	4551	4452	4451	4452	4551	4552
					4552	4453	4452	4453	4552	4553	4553	4454	4453	4454	4553	4554	4554	4455	4454	4455	4554	4555	4555
					4456	4455	4456	4555	8045	4556	4457	8044	4457	4556	4557	4557	4458	4457	4458	4557	4558	4558	4459
					4458	4459	4558	4559	4559	4460	4459	4460	4559	4560	4560	4461	4460	4461	4560	4561	4561	4462	4461
					4462	4561	4562	4562	4463	4462	4463	4562	4563	4563	4464	4463	4464	4563	4564	4564	4465	4464	4465
					4564	4565	4565	4466	4465	4466	4565	4566	4566	4467	4466	4467	4566	4567	4567	4468	4467	4468	4567
					4568	4568	4469	4468	4469	4568	4569	4569	4470	4469	4470	4569	4570	4570	4471	4470	4471	4570	4571
					4571	4472	4471	4472	4571	4572	4572	4473	4472	4473	4572	4573	4573	4474	4473	4474	4573	4574	4574
					4475	4474	4475	4574	4575	4575	4476	4475	4476	4575	4576	4576	4477	4476	4477	4576	4577	4577	4478
					4477	4478	4577	4578	4578	4479	4478	4479	4578	4579	4579	4480	4479	4480	4579	4580	4580	4481	4480
					4481	4580	4581	4581	4482	4481	4482	4581	4582	4582	4483	4482	4483	4582	4583	4583	4484	4483	4484
					4583	4584	4584	4485	4484	4485	4584	4585	4585	4486	4485	4486	4585	4586	4586	4487	4486	4487	4586
					4587	4587	4488	4487	4488	4587	4588	4588	4489	4488	4489	4588	4589	4589	4490	4489	4490	4589	4590
					4590	4491	4490	4491	4590	4591	4591	4492	4491	4492	4591	4592	4592	4493	4492	4493	4592	4593	4593
					4494	4493	4494	4593	4594	4594	4495	4494	4495	4594	4595	4595	4496	4495	4496	4595	4596	4596	4497
					4496	4497	4596	4597	4597	4498	4497	4498	4597	4598	4598	4499	4498	4499	4598	4599	4599	4500	4499
					4500	4599	4600	4600	4501	4500	4501	4600	4601	4601	4502	4501	4502	4601	4602	4602	4503	4502	4503
					4602	4603	4603	4504	4503	4504	4603	4604	4604	4505	4504	4505	4604	4605	4605	4506	4505	4506	4605
					4606	4606	4507	4506	4507	4606	4607	4607	4508	4507	4508	4607	4608	4608	4509	4508	4509	4608	4609
					4609	4510	4509	4510	4609	4610	4610	4511	4510	4511	4610	4611	4611	4512	4511	4512	4611	4612	4612
					4513	4512	4513	4612	4613	4613	4514	4513	4514	4613	4614	4614	4515	4514	4515	4614	4615	4615	4516
					4515	4516	4615	4616	4616	4517	4516	4517	4616	4617	4617	4518	4517	4518	4617	4618	4618	4519	4518
					4519	4618	4619	4619	4520	4519	4520	4619	4620	4620	4521	4520	4521	4620	4621	4621	4522	4521	4522
					4621	4622	4622	4523	4522	4523	4622	4623	4623	4524	4523	4524	4623	4624	4624	4525	4524	4525	4624
					4625	4625	4526	4525	4526	4625	4626	4626	4527	4526	4527	4626	4627	4627	4528	4527	4528	4627	4628
					4628	4529	4528	4529	4628	4629	4629	4530	4529	4530	4629	4630	4630	4531	4530	4531	4630	4631	4631
					4532	4531	4532	4631	4632	4632	4533	4532	4533	4632	4633	4633	4534	4533	4534	4633	4634	4634	4535
					4534	4535	4634	4635	4635	4536	4535	4536	4635	4636	4636	4537	4536	4537	4636	4637	4637	4538	4537
					4538	4637	4638	4638	4539	4538	4539	4638	4639	4639	4540	4539	4540	4639	4640	4640	4541	4540	4541
					4640	4641	4641	4542	4541	4542	4641	4642	4642	4543	4542	4543	4642	4643	4643	4544	4543	4544	4643
					4644	4644	4545	4544	4545	4644	4645	4645	4546	4545	4546	4645	4646	4646	4547	4546	4547	4646	4647
					4647	4548	4547	4548	4647	4648	4648	4549	4548	4549	4648	4649	4649	4550	4549	4550	4649	4650	4650
					4551	4550	4551	4650	4651	4651	4552	4551	4552	4651	4652	4652	4553	4552	4553	4652	4653	4653	4554
					4553	4554	4653	4654	4654	4555	4554	4555	4654	8047	4655	4556	8046	4556	4655	4656	4656	4557	4556
					4557	4656	4657	4657	4558	4557	4558	4657	4658	4658	4559	4558	4559	4658	4659	4659	4560	4559	4560
					4659	4660	4660	4561	4560	4561	4660	4661	4661	4562	4561	4562	4661	4662	4662	4563	4562	4563	4662
					4663	4663	4564	4563	4564	4663	4664	4664	4565	4564	4565	4664	4665	4665	4566	4565	4566	4665	4666
					4666	4567	4566	4567	4666	4667	4667	4568	4567	4568	4667	4668	4668	4569	4568	4569	4668	4669	4669
					4570	4569	4570	4669	4670	4670	4571	4570	4571	4670	4671	4671	4572	4571	4572	4671	4672	4672	4573
					4572	4573	4672	4673	4673	4574	4573	4574	4673	4674	4674	4575	4574	4575	4674	4675	4675	4576	4575
					4576	4675	4676	4676	4577	4576	4577	4676	4677	4677	4578	4577	4578	4677	4678	4678	4579	4578	4579
					4678	4679	4679	4580	4579	4580	4679	4680	4680	4581	4580	4581	4680	4681	4681	4582	4581	4582	4681
					4682	4682	4583	4582	4583	4682	4683	4683	4584	4583	4584	4683	4684	4684	4585	4584	4585	4684	4685
					4685	4586	4585	4586	4685	4686	4686	4587	4586	4587	4686	4687	4687	4588	4587	4588	4687	4688	4688
					4589	4588	4589	4688	4689	4689	4590	4589	4590	4689	4690	4690	4591	4590	4591	4690	4691	4691	4592
					4591	4592	4691	4692	4692	4593	4592	4593	4692	4693	4693	4594	4593	4594	4693	4694	4694	4595	4594
					4595	4694	4695	4695	4596	4595	4596	4695	4696	4696	4597	4596	4597	4696	4697	4697	4598	4597	4598
					4697	4698	4698	4599	4598	4599	4698	4699	4699	4600	4599	4600	4699	4700	4700	4601	4600	4601	4700
					4701	4701	4602	4601	4602	4701	4702	4702	4603	4602	4603	4702	4703	4703	4604	4603	4604	4703	4704
					4704	4605	4604	4605	4704	4705	4705	4606	4605	4606	4705	4706	4706	4607	4606	4607	4706	4707	4707
					4608	4607	4608	4707	4708	4708	4609	4608	4609	4708	4709	4709	4610	4609	4610	4709	4710	4710	4611
					4610	4611	4710	4711	4711	4612	4611	4612	4711	4712	4712	4613	4612	4613	4712	4713	4713	4614	4613
					4614	4713	4714	4714	4615	4614	4615	4714	4715	4715	4616	4615	4616	4715	4716	4716	4617	4616	4617
					4716	4717	4717	4618	4617	4618	4717	4718	4718	4619	4618	4619	4718	4719	4719	4620	4619	4620	4719
					4720	4720	4621	4620	4621	4720	4721	4721	4622	4621	4622	4721	4722	4722	4623	4622	4623	4722	4723
					4723	4624	4623	4624	4723	4724	4724	4625	4624	4625	4724	4725	4725	4626	4625	4626	4725	4726	4726
					4627	4626	4627	4726	4727	4727	4628	4627	4628	4727	4728	4728	4629	4628	4629	4728	4729	4729	4630
					4629	4630	4729	4730	4730	4631	4630	4631	4730	4731	4731	4632	4631	4632	4731	4732	4732	4633	4632
					4633	4732	4733	4733	4634	4633	4634	4733	4734	4734	4635	4634	4635	4734	4735	4735	4636	4635	4636
					4735	4736	4736	4637	4636	4637	4736	4737	4737	4638	4637	4638	4737	4738	4738	4639	4638	4639	4738
					4739	4739	4640	4639	4640	4739	4740	4740	4641	4640	4641	4740	4741	4741	4642	4641	4642	4741	4742
					4742	4643	4642	4643	4742	4743	4743	4644	4643	4644	4743	4744	4744	4645	4644	4645	4744	4745	4745
					4646	4645	4646	4745	4746	4746	4647	4646	4647	4746	4747	4747	4648	4647	4648	4747	4748	4748	4649
					4648	4649	4748	4749	4749	4650	4649	4650	4749	4750	4750	4651	4650	4651	4750	4751	4751	4652	4651
					4652	4751	4752	4752	4653	4652	4653	4752	4753	4753	4654	4653	4654	4753	8049	4754	4655	8048	4655
					4754	4755	4755	4656	4655	4656	4755	4756	4756	4657	4656	4657	4756	4757	4757	4658	4657	4658	4757
					4758	4758	4659	4658	4659	4758	4759	4759	4660	4659	4660	4759	4760	4760	4661	4660	4661	4760	4761
					4761	4662	4661	4662	4761	4762	4762	4663	4662	4663	4762	4763	4763	4664	4663	4664	4763	4764	4764
					4665	4664	4665	4764	4765	4765	4666	4665	4666	4765	4766	4766	4667	4666	4667	4766	4767	4767	4668
					4667	4668	4767	4768	4768	4669	4668	4669	4768	4769	4769	4670	4669	4670	4769	4770	4770	4671	4670
					4671	4770	4771	4771	4672	4671	4672	4771	4772	4772	4673	4672	4673	4772	4773	4773	4674	4673	4674
					4773	4774	4774	4675	4674	4675	4774	4775	4775	4676	4675	4676	4775	4776	4776	4677	4676	4677	4776
					4777	4777	4678	4677	4678	4777	4778	4778	4679	4678	4679	4778	4779	4779	4680	4679	4680	4779	4780
					4780	4681	4680	4681	4780	4781	4781	4682	4681	4682	4781	4782	4782	4683	4682	4683	4782	4783	4783
					4684	4683	4684	4783	4784	4784	4685	4684	4685	4784	4785	4785	4686	4685	4686	4785	4786	4786	4687
					4686	4687	4786	4787	4787	4688	4687	4688	4787	4788	4788	4689	4688	4689	4788	4789	4789	4690	4689
					4690	4789	4790	4790	4691	4690	4691	4790	4791	4791	4692	4691	4692	4791	4792	4792	4693	4692	4693
					4792	4793	4793	4694	4693	4694	4793	4794	4794	4695	4694	4695	4794	4795	4795	4696	4695	4696	4795
					4796	4796	4697	4696	4697	4796	4797	4797	4698	4697	4698	4797	4798	4798	4699	4698	4699	4798	4799
					4799	4700	4699	4700	4799	4800	4800	4701	4700	4701	4800	4801	4801	4702	4701	4702	4801	4802	4802
					4703	4702	4703	4802	4803	4803	4704	4703	4704	4803	4804	4804	4705	4704	4705	4804	4805	4805	4706
					4705	4706	4805	4806	4806	4707	4706	4707	4806	4807	4807	4708	4707	4708	4807	4808	4808	4709	4708
					4709	4808	4809	4809	4710	4709	4710	4809	4810	4810	4711	4710	4711	4810	4811	4811	4712	4711	4712
					4811	4812	4812	4713	4712	4713	4812	4813	4813	4714	4713	4714	4813	4814	4814	4715	4714	4715	4814
					4815	4815	4716	4715	4716	4815	4816	4816	4717	4716	4717	4816	4817	4817	4718	4717	4718	4817	4818
					4818	4719	4718	4719	4818	4819	4819	4720	4719	4720	4819	4820	4820	4721	4720	4721	4820	4821	4821
					4722	4721	4722	4821	4822	4822	4723	4722	4723	4822	4823	4823	4724	4723	4724	4823	4824	4824	4725
					4724	4725	4824	4825	4825	4726	4725	4726	4825	4826	4826	4727	4726	4727	4826	4827	4827	4728	4727
					4728	4827	4828	4828	4729	4728	4729	4828	4829	4829	4730	4729	4730	4829	4830	4830	4731	4730	4731
					4830	4831	4831	4732	4731	4732	4831	4832	4832	4733	4732	4733	4832	4833	4833	4734	4733	4734	4833
					4834	4834	4735	4734	4735	4834	4835	4835	4736	4735	4736	4835	4836	4836	4737	4736	4737	4836	4837
					4837	4738	4737	4738	4837	4838	4838	4739	4738	4739	4838	4839	4839	4740	4739	4740	4839	4840	4840
					4741	4740	4741	4840	4841	4841	4742	4741	4742	4841	4842	4842	4743	4742	4743	4842	4843	4843	4744
					4743	4744	4843	4844	4844	4745	4744	4745	4844	4845	4845	4746	4745	4746	4845	4846	4846	4747	4746
					4747	4846	4847	4847	4748	4747	4748	4847	4848	4848	4749	4748	4749	4848	4849	4849	4750	4749	4750
					4849	4850	4850	4751	4750	4751	4850	4851	4851	4752	4751	4752	4851	4852	4852	4753	4752	4753	4852
					8051	4853	4754	8050	4754	4853	4854	4854	4755	4754	4755	4854	4855	4855	4756	4755	4756	4855	4856
					4856	4757	4756	4757	4856	4857	4857	4758	4757	4758	4857	4858	4858	4759	4758	4759	4858	4859	4859
					4760	4759	4760	4859	4860	4860	4761	4760	4761	4860	4861	4861	4762	4761	4762	4861	4862	4862	4763
					4762	4763	4862	4863	4863	4764	4763	4764	4863	4864	4864	4765	4764	4765	4864	4865	4865	4766	4765
					4766	4865	4866	4866	4767	4766	4767	4866	4867	4867	4768	4767	4768	4867	4868	4868	4769	4768	4769
					4868	4869	4869	4770	4769	4770	4869	4870	4870	4771	4770	4771	4870	4871	4871	4772	4771	4772	4871
					4872	4872	4773	4772	4773	4872	4873	4873	4774	4773	4774	4873	4874	4874	4775	4774	4775	4874	4875
					4875	4776	4775	4776	4875	4876	4876	4777	4776	4777	4876	4877	4877	4778	4777	4778	4877	4878	4878
					4779	4778	4779	4878	4879	4879	4780	4779	4780	4879	4880	4880	4781	4780	4781	4880	4881	4881	4782
					4781	4782	4881	4882	4882	4783	4782	4783	4882	4883	4883	4784	4783	4784	4883	4884	4884	4785	4784
					4785	4884	4885	4885	4786	4785	4786	4885	4886	4886	4787	4786	4787	4886	4887	4887	4788	4787	4788
					4887	4888	4888	4789	4788	4789	4888	4889	4889	4790	4789	4790	4889	4890	4890	4791	4790	4791	4890
					4891	4891	4792	4791	4792	4891	4892	4892	4793	4792	4793	4892	4893	4893	4794	4793	4794	4893	4894
					4894	4795	4794	4795	4894	4895	4895	4796	4795	4796	4895	4896	4896	4797	4796	4797	4896	4897	4897
					4798	4797	4798	4897	4898	4898	4799	4798	4799	4898	4899	4899	4800	4799	4800	4899	4900	4900	4801
					4800	4801	4900	4901	4901	4802	4801	4802	4901	4902	4902	4803	4802	4803	4902	4903	4903	4804	4803
					4804	4903	4904	4904	4805	4804	4805	4904	4905	4905	4806	4805	4806	4905	4906	4906	4807	4806	4807
					4906	4907	4907	4808	4807	4808	4907	4908	4908	4809	4808	4809	4908	4909	4909	4810	4809	4810	4909
					4910	4910	4811	4810	4811	4910	4911	4911	4812	4811	4812	4911	4912	4912	4813	4812	4813	4912	4913
					4913	4814	4813	4814	4913	4914	4914	4815	4814	4815	4914	4915	4915	4816	4815	4816	4915	4916	4916
					4817	4816	4817	4916	4917	4917	4818	4817	4818	4917	4918	4918	4819	4818	4819	4918	4919	4919	4820
					4819	4820	4919	4920	4920	4821	4820	4821	4920	4921	4921	4822	4821	4822	4921	4922	4922	4823	4822
					4823	4922	4923	4923	4824	4823	4824	4923	4924	4924	4825	4824	4825	4924	4925	4925	4826	4825	4826
					4925	4926	4926	4827	4826	4827	4926	4927	4927	4828	4827	4828	4927	4928	4928	4829	4828	4829	4928
					4929	4929	4830	4829	4830	4929	4930	4930	4831	4830	4831	4930	4931	4931	4832	4831	4832	4931	4932
					4932	4833	4832	4833	4932	4933	4933	4834	4833	4834	4933	4934	4934	4835	4834	4835	4934	4935	4935
					4836	4835	4836	4935	4936	4936	4837	4836	4837	4936	4937	4937	4838	4837	4838	4937	4938	4938	4839
					4838	4839	4938	4939	4939	4840	4839	4840	4939	4940	4940	4841	4840	4841	4940	4941	4941	4842	4841
					4842	4941	4942	4942	4843	4842	4843	4942	4943	4943	4844	4843	4844	4943	4944	4944	4845	4844	4845
					4944	4945	4945	4846	4845	4846	4945	4946	4946	4847	4846	4847	4946	4947	4947	4848	4847	4848	4947
					4948	4948	4849	4848	4849	4948	4949	4949	4850	4849	4850	4949	4950	4950	4851	4850	4851	4950	4951
					4951	4852	4851	4852	4951	8053	4952	4853	8052	4853	4952	4953	4953	4854	4853	4854	4953	4954	4954
					4855	4854	4855	4954	4955	4955	4856	4855	4856	4955	4956	4956	4857	4856	4857	4956	4957	4957	4858
					4857	4858	4957	4958	4958	4859	4858	4859	4958	4959	4959	4860	4859	4860	4959	4960	4960	4861	4860
					4861	4960	4961	4961	4862	4861	4862	4961	4962	4962	4863	4862	4863	4962	4963	4963	4864	4863	4864
					4963	4964	4964	4865	4864	4865	4964	4965	4965	4866	4865	4866	4965	4966	4966	4867	4866	4867	4966
					4967	4967	4868	4867	4868	4967	4968	4968	4869	4868	4869	4968	4969	4969	4870	4869	4870	4969	4970
					4970	4871	4870	4871	4970	4971	4971	4872	4871	4872	4971	4972	4972	4873	4872	4873	4972	4973	4973
					4874	4873	4874	4973	4974	4974	4875	4874	4875	4974	4975	4975	4876	4875	4876	4975	4976	4976	4877
					4876	4877	4976	4977	4977	4878	4877	4878	4977	4978	4978	4879	4878	4879	4978	4979	4979	4880	4879
					4880	4979	4980	4980	4881	4880	4881	4980	4981	4981	4882	4881	4882	4981	4982	4982	4883	4882	4883
					4982	4983	4983	4884	4883	4884	4983	4984	4984	4885	4884	4885	4984	4985	4985	4886	4885	4886	4985
					4986	4986	4887	4886	4887	4986	4987	4987	4888	4887	4888	4987	4988	4988	4889	4888	4889	4988	4989
					4989	4890	4889	4890	4989	4990	4990	4891	4890	4891	4990	4991	4991	4892	4891	4892	4991	4992	4992
					4893	4892	4893	4992	4993	4993	4894	4893	4894	4993	4994	4994	4895	4894	4895	4994	4995	4995	4896
					4895	4896	4995	4996	4996	4897	4896	4897	4996	4997	4997	4898	4897	4898	4997	4998	4998	4899	4898
					4899	4998	4999	4999	4900	4899	4900	4999	5000	5000	4901	4900	4901	5000	5001	5001	4902	4901	4902
					5001	5002	5002	4903	4902	4903	5002	5003	5003	4904	4903	4904	5003	5004	5004	4905	4904	4905	5004
					5005	5005	4906	4905	4906	5005	5006	5006	4907	4906	4907	5006	5007	5007	4908	4907	4908	5007	5008
					5008	4909	4908	4909	5008	5009	5009	4910	4909	4910	5009	5010	5010	4911	4910	4911	5010	5011	5011
					4912	4911	4912	5011	5012	5012	4913	4912	4913	5012	5013	5013	4914	4913	4914	5013	5014	5014	4915
					4914	4915	5014	5015	5015	4916	4915	4916	5015	5016	5016	4917	4916	4917	5016	5017	5017	4918	4917
					4918	5017	5018	5018	4919	4918	4919	5018	5019	5019	4920	4919	4920	5019	5020	5020	4921	4920	4921
					5020	5021	5021	4922	4921	4922	5021	5022	5022	4923	4922	4923	5022	5023	5023	4924	4923	4924	5023
					5024	5024	4925	4924	4925	5024	5025	5025	4926	4925	4926	5025	5026	5026	4927	4926	4927	5026	5027
					5027	4928	4927	4928	5027	5028	5028	4929	4928	4929	5028	5029	5029	4930	4929	4930	5029	5030	5030
					4931	4930	4931	5030	5031	5031	4932	4931	4932	5031	5032	5032	4933	4932	4933	5032	5033	5033	4934
					4933	4934	5033	5034	5034	4935	4934	4935	5034	5035	5035	4936	4935	4936	5035	5036	5036	4937	4936
					4937	5036	5037	5037	4938	4937	4938	5037	5038	5038	4939	4938	4939	5038	5039	5039	4940	4939	4940
					5039	5040	5040	4941	4940	4941	5040	5041	5041	4942	4941	4942	5041	5042	5042	4943	4942	4943	5042
					5043	5043	4944	4943	4944	5043	5044	5044	4945	4944	4945	5044	5045	5045	4946	4945	4946	5045	5046
					5046	4947	4946	4947	5046	5047	5047	4948	4947	4948	5047	5048	5048	4949	4948	4949	5048	5049	5049
					4950	4949	4950	5049	5050	5050	4951	4950	4951	5050	8055	5051	4952	8054	4952	5051	5052	5052	4953
					4952	4953	5052	5053	5053	4954	4953	4954	5053	5054	5054	4955	4954	4955	5054	5055	5055	4956	4955
					4956	5055	5056	5056	4957	4956	4957	5056	5057	5057	4958	4957	4958	5057	5058	5058	4959	4958	4959
					5058	5059	5059	4960	4959	4960	5059	5060	5060	4961	4960	4961	5060	5061	5061	4962	4961	4962	5061
					5062	5062	4963	4962	4963	5062	5063	5063	4964	4963	4964	5063	5064	5064	4965	4964	4965	5064	5065
					5065	4966	4965	4966	5065	5066	5066	4967	4966	4967	5066	5067	5067	4968	4967	4968	5067	5068	5068
					4969	4968	4969	5068	5069	5069	4970	4969	4970	5069	5070	5070	4971	4970	4971	5070	5071	5071	4972
					4971	4972	5071	5072	5072	4973	4972	4973	5072	5073	5073	4974	4973	4974	5073	5074	5074	4975	4974
					4975	5074	5075	5075	4976	4975	4976	5075	5076	5076	4977	4976	4977	5076	5077	5077	4978	4977	4978
					5077	5078	5078	4979	4978	4979	5078	5079	5079	4980	4979	4980	5079	5080	5080	4981	4980	4981	5080
					5081	5081	4982	4981	4982	5081	5082	5082	4983	4982	4983	5082	5083	5083	4984	4983	4984	5083	5084
					5084	4985	4984	4985	5084	5085	5085	4986	4985	4986	5085	5086	5086	4987	4986	4987	5086	5087	5087
					4988	4987	4988	5087	5088	5088	4989	4988	4989	5088	5089	5089	4990	4989	4990	5089	5090	5090	4991
					4990	4991	5090	5091	5091	4992	4991	4992	5091	5092	5092	4993	4992	4993	5092	5093	5093	4994	4993
					4994	5093	5094	5094	4995	4994	4995	5094	5095	5095	4996	4995	4996	5095	5096	5096	4997	4996	4997
					5096	5097	5097	4998	4997	4998	5097	5098	5098	4999	4998	4999	5098	5099	5099	5000	4999	5000	5099
					5100	5100	5001	5000	5001	5100	5101	5101	5002	5001	5002	5101	5102	5102	5003	5002	5003	5102	5103
					5103	5004	5003	5004	5103	5104	5104	5005	5004	5005	5104	5105	5105	5006	5005	5006	5105	5106	5106
					5007	5006	5007	5106	5107	5107	5008	5007	5008	5107	5108	5108	5009	5008	5009	5108	5109	5109	5010
					5009	5010	5109	5110	5110	5011	5010	5011	5110	5111	5111	5012	5011	5012	5111	5112	5112	5013	5012
					5013	5112	5113	5113	5014	5013	5014	5113	5114	5114	5015	5014	5015	5114	5115	5115	5016	5015	5016
					5115	5116	5116	5017	5016	5017	5116	5117	5117	5018	5017	5018	5117	5118	5118	5019	5018	5019	5118
					5119	5119	5020	5019	5020	5119	5120	5120	5021	5020	5021	5120	5121	5121	5022	5021	5022	5121	5122
					5122	5023	5022	5023	5122	5123	5123	5024	5023	5024	5123	5124	5124	5025	5024	5025	5124	5125	5125
					5026	5025	5026	5125	5126	5126	5027	5026	5027	5126	5127	5127	5028	5027	5028	5127	5128	5128	5029
					5028	5029	5128	5129	5129	5030	5029	5030	5129	5130	5130	5031	5030	5031	5130	5131	5131	5032	5031
					5032	5131	5132	5132	5033	5032	5033	5132	5133	5133	5034	5033	5034	5133	5134	5134	5035	5034	5035
					5134	5135	5135	5036	5035	5036	5135	5136	5136	5037	5036	5037	5136	5137	5137	5038	5037	5038	5137
					5138	5138	5039	5038	5039	5138	5139	5139	5040	5039	5040	5139	5140	5140	5041	5040	5041	5140	5141
					5141	5042	5041	5042	5141	5142	5142	5043	5042	5043	5142	5143	5143	5044	5043	5044	5143	5144	5144
					5045	5044	5045	5144	5145	5145	5046	5045	5046	5145	5146	5146	5047	5046	5047	5146	5147	5147	5048
					5047	5048	5147	5148	5148	5049	5048	5049	5148	5149	5149	5050	5049	5050	5149	8057	5150	5051	8056
					5051	5150	5151	5151	5052	5051	5052	5151	5152	5152	5053	5052	5053	5152	5153	5153	5054	5053	5054
					5153	5154	5154	5055	5054	5055	5154	5155	5155	5056	5055	5056	5155	5156	5156	5057	5056	5057	5156
					5157	5157	5058	5057	5058	5157	5158	5158	5059	5058	5059	5158	5159	5159	5060	5059	5060	5159	5160
					5160	5061	5060	5061	5160	5161	5161	5062	5061	5062	5161	5162	5162	5063	5062	5063	5162	5163	5163
					5064	5063	5064	5163	5164	5164	5065	5064	5065	5164	5165	5165	5066	5065	5066	5165	5166	5166	5067
					5066	5067	5166	5167	5167	5068	5067	5068	5167	5168	5168	5069	5068	5069	5168	5169	5169	5070	5069
					5070	5169	5170	5170	5071	5070	5071	5170	5171	5171	5072	5071	5072	5171	5172	5172	5073	5072	5073
					5172	5173	5173	5074	5073	5074	5173	5174	5174	5075	5074	5075	5174	5175	5175	5076	5075	5076	5175
					5176	5176	5077	5076	5077	5176	5177	5177	5078	5077	5078	5177	5178	5178	5079	5078	5079	5178	5179
					5179	5080	5079	5080	5179	5180	5180	5081	5080	5081	5180	5181	5181	5082	5081	5082	5181	5182	5182
					5083	5082	5083	5182	5183	5183	5084	5083	5084	5183	5184	5184	5085	5084	5085	5184	5185	5185	5086
					5085	5086	5185	5186	5186	5087	5086	5087	5186	5187	5187	5088	5087	5088	5187	5188	5188	5089	5088
					5089	5188	5189	5189	5090	5089	5090	5189	5190	5190	5091	5090	5091	5190	5191	5191	5092	5091	5092
					5191	5192	5192	5093	5092	5093	5192	5193	5193	5094	5093	5094	5193	5194	5194	5095	5094	5095	5194
					5195	5195	5096	5095	5096	5195	5196	5196	5097	5096	5097	5196	5197	5197	5098	5097	5098	5197	5198
					5198	5099	5098	5099	5198	5199	5199	5100	5099	5100	5199	5200	5200	5101	5100	5101	5200	5201	5201
					5102	5101	5102	5201	5202	5202	5103	5102	5103	5202	5203	5203	5104	5103	5104	5203	5204	5204	5105
					5104	5105	5204	5205	5205	5106	5105	5106	5205	5206	5206	5107	5106	5107	5206	5207	5207	5108	5107
					5108	5207	5208	5208	5109	5108	5109	5208	5209	5209	5110	5109	5110	5209	5210	5210	5111	5110	5111
					5210	5211	5211	5112	5111	5112	5211	5212	5212	5113	5112	5113	5212	5213	5213	5114	5113	5114	5213
					5214	5214	5115	5114	5115	5214	5215	5215	5116	5115	5116	5215	5216	5216	5117	5116	5117	5216	5217
					5217	5118	5117	5118	5217	5218	5218	5119	5118	5119	5218	5219	5219	5120	5119	5120	5219	5220	5220
					5121	5120	5121	5220	5221	5221	5122	5121	5122	5221	5222	5222	5123	5122	5123	5222	5223	5223	5124
					5123	5124	5223	5224	5224	5125	5124	5125	5224	5225	5225	5126	5125	5126	5225	5226	5226	5127	5126
					5127	5226	5227	5227	5128	5127	5128	5227	5228	5228	5129	5128	5129	5228	5229	5229	5130	5129	5130
					5229	5230	5230	5131	5130	5131	5230	5231	5231	5132	5131	5132	5231	5232	5232	5133	5132	5133	5232
					5233	5233	5134	5133	5134	5233	5234	5234	5135	5134	5135	5234	5235	5235	5136	5135	5136	5235	5236
					5236	5137	5136	5137	5236	5237	5237	5138	5137	5138	5237	5238	5238	5139	5138	5139	5238	5239	5239
					5140	5139	5140	5239	5240	5240	5141	5140	5141	5240	5241	5241	5142	5141	5142	5241	5242	5242	5143
					5142	5143	5242	5243	5243	5144	5143	5144	5243	5244	5244	5145	5144	5145	5244	5245	5245	5146	5145
					5146	5245	5246	5246	5147	5146	5147	5246	5247	5247	5148	5147	5148	5247	5248	5248	5149	5148	5149
					5248	8059	5249	5150	8058	5150	5249	5250	5250	5151	5150	5151	5250	5251	5251	5152	5151	5152	5251
					5252	5252	5153	5152	5153	5252	5253	5253	5154	5153	5154	5253	5254	5254	5155	5154	5155	5254	5255
					5255	5156	5155	5156	5255	5256	5256	5157	5156	5157	5256	5257	5257	5158	5157	5158	5257	5258	5258
					5159	5158	5159	5258	5259	5259	5160	5159	5160	5259	5260	5260	5161	5160	5161	5260	5261	5261	5162
					5161	5162	5261	5262	5262	5163	5162	5163	5262	5263	5263	5164	5163	5164	5263	5264	5264	5165	5164
					5165	5264	5265	5265	5166	5165	5166	5265	5266	5266	5167	5166	5167	5266	5267	5267	5168	5167	5168
					5267	5268	5268	5169	5168	5169	5268	5269	5269	5170	5169	5170	5269	5270	5270	5171	5170	5171	5270
					5271	5271	5172	5171	5172	5271	5272	5272	5173	5172	5173	5272	5273	5273	5174	5173	5174	5273	5274
					5274	5175	5174	5175	5274	5275	5275	5176	5175	5176	5275	5276	5276	5177	5176	5177	5276	5277	5277
					5178	5177	5178	5277	5278	5278	5179	5178	5179	5278	5279	5279	5180	5179	5180	5279	5280	5280	5181
					5180	5181	5280	5281	5281	5182	5181	5182	5281	5282	5282	5183	5182	5183	5282	5283	5283	5184	5183
					5184	5283	5284	5284	5185	5184	5185	5284	5285	5285	5186	5185	5186	5285	5286	5286	5187	5186	5187
					5286	5287	5287	5188	5187	5188	5287	5288	5288	5189	5188	5189	5288	5289	5289	5190	5189	5190	5289
					5290	5290	5191	5190	5191	5290	5291	5291	5192	5191	5192	5291	5292	5292	5193	5192	5193	5292	5293
					5293	5194	5193	5194	5293	5294	5294	5195	5194	5195	5294	5295	5295	5196	5195	5196	5295	5296	5296
					5197	5196	5197	5296	5297	5297	5198	5197	5198	5297	5298	5298	5199	5198	5199	5298	5299	5299	5200
					5199	5200	5299	5300	5300	5201	5200	5201	5300	5301	5301	5202	5201	5202	5301	5302	5302	5203	5202
					5203	5302	5303	5303	5204	5203	5204	5303	5304	5304	5205	5204	5205	5304	5305	5305	5206	5205	5206
					5305	5306	5306	5207	5206	5207	5306	5307	5307	5208	5207	5208	5307	5308	5308	5209	5208	5209	5308
					5309	5309	5210	5209	5210	5309	5310	5310	5211	5210	5211	5310	5311	5311	5212	5211	5212	5311	5312
					5312	5213	5212	5213	5312	5313	5313	5214	5213	5214	5313	5314	5314	5215	5214	5215	5314	5315	5315
					5216	5215	5216	5315	5316	5316	5217	5216	5217	5316	5317	5317	5218	5217	5218	5317	5318	5318	5219
					5218	5219	5318	5319	5319	5220	5219	5220	5319	5320	5320	5221	5220	5221	5320	5321	5321	5222	5221
					5222	5321	5322	5322	5223	5222	5223	5322	5323	5323	5224	5223	5224	5323	5324	5324	5225	5224	5225
					5324	5325	5325	5226	5225	5226	5325	5326	5326	5227	5226	5227	5326	5327	5327	5228	5227	5228	5327
					5328	5328	5229	5228	5229	5328	5329	5329	5230	5229	5230	5329	5330	5330	5231	5230	5231	5330	5331
					5331	5232	5231	5232	5331	5332	5332	5233	5232	5233	5332	5333	5333	5234	5233	5234	5333	5334	5334
					5235	5234	5235	5334	5335	5335	5236	5235	5236	5335	5336	5336	5237	5236	5237	5336	5337	5337	5238
					5237	5238	5337	5338	5338	5239	5238	5239	5338	5339	5339	5240	5239	5240	5339	5340	5340	5241	5240
					5241	5340	5341	5341	5242	5241	5242	5341	5342	5342	5243	5242	5243	5342	5343	5343	5244	5243	5244
					5343	5344	5344	5245	5244	5245	5344	5345	5345	5246	5245	5246	5345	5346	5346	5247	5246	5247	5346
					5347	5347	5248	5247	5248	5347	8061	5348	5249	8060	5249	5348	5349	5349	5250	5249	5250	5349	5350
					5350	5251	5250	5251	5350	5351	5351	5252	5251	5252	5351	5352	5352	5253	5252	5253	5352	5353	5353
					5254	5253	5254	5353	5354	5354	5255	5254	5255	5354	5355	5355	5256	5255	5256	5355	5356	5356	5257
					5256	5257	5356	5357	5357	5258	5257	5258	5357	5358	5358	5259	5258	5259	5358	5359	5359	5260	5259
					5260	5359	5360	5360	5261	5260	5261	5360	5361	5361	5262	5261	5262	5361	5362	5362	5263	5262	5263
					5362	5363	5363	5264	5263	5264	5363	5364	5364	5265	5264	5265	5364	5365	5365	5266	5265	5266	5365
					5366	5366	5267	5266	5267	5366	5367	5367	5268	5267	5268	5367	5368	5368	5269	5268	5269	5368	5369
					5369	5270	5269	5270	5369	5370	5370	5271	5270	5271	5370	5371	5371	5272	5271	5272	5371	5372	5372
					5273	5272	5273	5372	5373	5373	5274	5273	5274	5373	5374	5374	5275	5274	5275	5374	5375	5375	5276
					5275	5276	5375	5376	5376	5277	5276	5277	5376	5377	5377	5278	5277	5278	5377	5378	5378	5279	5278
					5279	5378	5379	5379	5280	5279	5280	5379	5380	5380	5281	5280	5281	5380	5381	5381	5282	5281	5282
					5381	5382	5382	5283	5282	5283	5382	5383	5383	5284	5283	5284	5383	5384	5384	5285	5284	5285	5384
					5385	5385	5286	5285	5286	5385	5386	5386	5287	5286	5287	5386	5387	5387	5288	5287	5288	5387	5388
					5388	5289	5288	5289	5388	5389	5389	5290	5289	5290	5389	5390	5390	5291	5290	5291	5390	5391	5391
					5292	5291	5292	5391	5392	5392	5293	5292	5293	5392	5393	5393	5294	5293	5294	5393	5394	5394	5295
					5294	5295	5394	5395	5395	5296	5295	5296	5395	5396	5396	5297	5296	5297	5396	5397	5397	5298	5297
					5298	5397	5398	5398	5299	5298	5299	5398	5399	5399	5300	5299	5300	5399	5400	5400	5301	5300	5301
					5400	5401	5401	5302	5301	5302	5401	5402	5402	5303	5302	5303	5402	5403	5403	5304	5303	5304	5403
					5404	5404	5305	5304	5305	5404	5405	5405	5306	5305	5306	5405	5406	5406	5307	5306	5307	5406	5407
					5407	5308	5307	5308	5407	5408	5408	5309	5308	5309	5408	5409	5409	5310	5309	5310	5409	5410	5410
					5311	5310	5311	5410	5411	5411	5312	5311	5312	5411	5412	5412	5313	5312	5313	5412	5413	5413	5314
					5313	5314	5413	5414	5414	5315	5314	5315	5414	5415	5415	5316	5315	5316	5415	5416	5416	5317	5316
					5317	5416	5417	5417	5318	5317	5318	5417	5418	5418	5319	5318	5319	5418	5419	5419	5320	5319	5320
					5419	5420	5420	5321	5320	5321	5420	5421	5421	5322	5321	5322	5421	5422	5422	5323	5322	5323	5422
					5423	5423	5324	5323	5324	5423	5424	5424	5325	5324	5325	5424	5425	5425	5326	5325	5326	5425	5426
					5426	5327	5326	5327	5426	5427	5427	5328	5327	5328	5427	5428	5428	5329	5328	5329	5428	5429	5429
					5330	5329	5330	5429	5430	5430	5331	5330	5331	5430	5431	5431	5332	5331	5332	5431	5432	5432	5333
					5332	5333	5432	5433	5433	5334	5333	5334	5433	5434	5434	5335	5334	5335	5434	5435	5435	5336	5335
					5336	5435	5436	5436	5337	5336	5337	5436	5437	5437	5338	5337	5338	5437	5438	5438	5339	5338	5339
					5438	5439	5439	5340	5339	5340	5439	5440	5440	5341	5340	5341	5440	5441	5441	5342	5341	5342	5441
					5442	5442	5343	5342	5343	5442	5443	5443	5344	5343	5344	5443	5444	5444	5345	5344	5345	5444	5445
					5445	5346	5345	5346	5445	5446	5446	5347	5346	5347	5446	8063	5447	5348	8062	5348	5447	5448	5448
					5349	5348	5349	5448	5449	5449	5350	5349	5350	5449	5450	5450	5351	5350	5351	5450	5451	5451	5352
					5351	5352	5451	5452	5452	5353	5352	5353	5452	5453	5453	5354	5353	5354	5453	5454	5454	5355	5354
					5355	5454	5455	5455	5356	5355	5356	5455	5456	5456	5357	5356	5357	5456	5457	5457	5358	5357	5358
					5457	5458	5458	5359	5358	5359	5458	5459	5459	5360	5359	5360	5459	5460	5460	5361	5360	5361	5460
					5461	5461	5362	5361	5362	5461	5462	5462	5363	5362	5363	5462	5463	5463	5364	5363	5364	5463	5464
					5464	5365	5364	5365	5464	5465	5465	5366	5365	5366	5465	5466	5466	5367	5366	5367	5466	5467	5467
					5368	5367	5368	5467	5468	5468	5369	5368	5369	5468	5469	5469	5370	5369	5370	5469	5470	5470	5371
					5370	5371	5470	5471	5471	5372	5371	5372	5471	5472	5472	5373	5372	5373	5472	5473	5473	5374	5373
					5374	5473	5474	5474	5375	5374	5375	5474	5475	5475	5376	5375	5376	5475	5476	5476	5377	5376	5377
					5476	5477	5477	5378	5377	5378	5477	5478	5478	5379	5378	5379	5478	5479	5479	5380	5379	5380	5479
					5480	5480	5381	5380	5381	5480	5481	5481	5382	5381	5382	5481	5482	5482	5383	5382	5383	5482	5483
					5483	5384	5383	5384	5483	5484	5484	5385	5384	5385	5484	5485	5485	5386	5385	5386	5485	5486	5486
					5387	5386	5387	5486	5487	5487	5388	5387	5388	5487	5488	5488	5389	5388	5389	5488	5489	5489	5390
					5389	5390	5489	5490	5490	5391	5390	5391	5490	5491	5491	5392	5391	5392	5491	5492	5492	5393	5392
					5393	5492	5493	5493	5394	5393	5394	5493	5494	5494	5395	5394	5395	5494	5495	5495	5396	5395	5396
					5495	5496	5496	5397	5396	5397	5496	5497	5497	5398	5397	5398	5497	5498	5498	5399	5398	5399	5498
					5499	5499	5400	5399	5400	5499	5500	5500	5401	5400	5401	5500	5501	5501	5402	5401	5402	5501	5502
					5502	5403	5402	5403	5502	5503	5503	5404	5403	5404	5503	5504	5504	5405	5404	5405	5504	5505	5505
					5406	5405	5406	5505	5506	5506	5407	5406	5407	5506	5507	5507	5408	5407	5408	5507	5508	5508	5409
					5408	5409	5508	5509	5509	5410	5409	5410	5509	5510	5510	5411	5410	5411	5510	5511	5511	5412	5411
					5412	5511	5512	5512	5413	5412	5413	5512	5513	5513	5414	5413	5414	5513	5514	5514	5415	5414	5415
					5514	5515	5515	5416	5415	5416	5515	5516	5516	5417	5416	5417	5516	5517	5517	5418	5417	5418	5517
					5518	5518	5419	5418	5419	5518	5519	5519	5420	5419	5420	5519	5520	5520	5421	5420	5421	5520	5521
					5521	5422	5421	5422	5521	5522	5522	5423	5422	5423	5522	5523	5523	5424	5423	5424	5523	5524	5524
					5425	5424	5425	5524	5525	5525	5426	5425	5426	5525	5526	5526	5427	5426	5427	5526	5527	5527	5428
					5427	5428	5527	5528	5528	5429	5428	5429	5528	5529	5529	5430	5429	5430	5529	5530	5530	5431	5430
					5431	5530	5531	5531	5432	5431	5432	5531	5532	5532	5433	5432	5433	5532	5533	5533	5434	5433	5434
					5533	5534	5534	5435	5434	5435	5534	5535	5535	5436	5435	5436	5535	5536	5536	5437	5436	5437	5536
					5537	5537	5438	5437	5438	5537	5538	5538	5439	5438	5439	5538	5539	5539	5440	5439	5440	5539	5540
					5540	5441	5440	5441	5540	5541	5541	5442	5441	5442	5541	5542	5542	5443	5442	5443	5542	5543	5543
					5444	5443	5444	5543	5544	5544	5445	5444	5445	5544	5545	5545	5446	5445	5446	5545	8065	5546	5447
					8064	5447	5546	5547	5547	5448	5447	5448	5547	5548	5548	5449	5448	5449	5548	5549	5549	5450	5449
					5450	5549	5550	5550	5451	5450	5451	5550	5551	5551	5452	5451	5452	5551	5552	5552	5453	5452	5453
					5552	5553	5553	5454	5453	5454	5553	5554	5554	5455	5454	5455	5554	5555	5555	5456	5455	5456	5555
					5556	5556	5457	5456	5457	5556	5557	5557	5458	5457	5458	5557	5558	5558	5459	5458	5459	5558	5559
					5559	5460	5459	5460	5559	5560	5560	5461	5460	5461	5560	5561	5561	5462	5461	5462	5561	5562	5562
					5463	5462	5463	5562	5563	5563	5464	5463	5464	5563	5564	5564	5465	5464	5465	5564	5565	5565	5466
					5465	5466	5565	5566	5566	5467	5466	5467	5566	5567	5567	5468	5467	5468	5567	5568	5568	5469	5468
					5469	5568	5569	5569	5470	5469	5470	5569	5570	5570	5471	5470	5471	5570	5571	5571	5472	5471	5472
					5571	5572	5572	5473	5472	5473	5572	5573	5573	5474	5473	5474	5573	5574	5574	5475	5474	5475	5574
					5575	5575	5476	5475	5476	5575	5576	5576	5477	5476	5477	5576	5577	5577	5478	5477	5478	5577	5578
					5578	5479	5478	5479	5578	5579	5579	5480	5479	5480	5579	5580	5580	5481	5480	5481	5580	5581	5581
					5482	5481	5482	5581	5582	5582	5483	5482	5483	5582	5583	5583	5484	5483	5484	5583	5584	5584	5485
					5484	5485	5584	5585	5585	5486	5485	5486	5585	5586	5586	5487	5486	5487	5586	5587	5587	5488	5487
					5488	5587	5588	5588	5489	5488	5489	5588	5589	5589	5490	5489	5490	5589	5590	5590	5491	5490	5491
					5590	5591	5591	5492	5491	5492	5591	5592	5592	5493	5492	5493	5592	5593	5593	5494	5493	5494	5593
					5594	5594	5495	5494	5495	5594	5595	5595	5496	5495	5496	5595	5596	5596	5497	5496	5497	5596	5597
					5597	5498	5497	5498	5597	5598	5598	5499	5498	5499	5598	5599	5599	5500	5499	5500	5599	5600	5600
					5501	5500	5501	5600	5601	5601	5502	5501	5502	5601	5602	5602	5503	5502	5503	5602	5603	5603	5504
					5503	5504	5603	5604	5604	5505	5504	5505	5604	5605	5605	5506	5505	5506	5605	5606	5606	5507	5506
					5507	5606	5607	5607	5508	5507	5508	5607	5608	5608	5509	5508	5509	5608	5609	5609	5510	5509	5510
					5609	5610	5610	5511	5510	5511	5610	5611	5611	5512	5511	5512	5611	5612	5612	5513	5512	5513	5612
					5613	5613	5514	5513	5514	5613	5614	5614	5515	5514	5515	5614	5615	5615	5516	5515	5516	5615	5616
					5616	5517	5516	5517	5616	5617	5617	5518	5517	5518	5617	5618	5618	5519	5518	5519	5618	5619	5619
					5520	5519	5520	5619	5620	5620	5521	5520	5521	5620	5621	5621	5522	5521	5522	5621	5622	5622	5523
					5522	5523	5622	5623	5623	5524	5523	5524	5623	5624	5624	5525	5524	5525	5624	5625	5625	5526	5525
					5526	5625	5626	5626	5527	5526	5527	5626	5627	5627	5528	5527	5528	5627	5628	5628	5529	5528	5529
					5628	5629	5629	5530	5529	5530	5629	5630	5630	5531	5530	5531	5630	5631	5631	5532	5531	5532	5631
					5632	5632	5533	5532	5533	5632	5633	5633	5534	5533	5534	5633	5634	5634	5535	5534	5535	5634	5635
					5635	5536	5535	5536	5635	5636	5636	5537	5536	5537	5636	5637	5637	5538	5537	5538	5637	5638	5638
					5539	5538	5539	5638	5639	5639	5540	5539	5540	5639	5640	5640	5541	5540	5541	5640	5641	5641	5542
					5541	5542	5641	5642	5642	5543	5542	5543	5642	5643	5643	5544	5543	5544	5643	5644	5644	5545	5544
					5545	5644	8067	5645	5546	8066	5546	5645	5646	5646	5547	5546	5547	5646	5647	5647	5548	5547	5548
					5647	5648	5648	5549	5548	5549	5648	5649	5649	5550	5549	5550	5649	5650	5650	5551	5550	5551	5650
					5651	5651	5552	5551	5552	5651	5652	5652	5553	5552	5553	5652	5653	5653	5554	5553	5554	5653	5654
					5654	5555	5554	5555	5654	5655	5655	5556	5555	5556	5655	5656	5656	5557	5556	5557	5656	5657	5657
					5558	5557	5558	5657	5658	5658	5559	5558	5559	5658	5659	5659	5560	5559	5560	5659	5660	5660	5561
					5560	5561	5660	5661	5661	5562	5561	5562	5661	5662	5662	5563	5562	5563	5662	5663	5663	5564	5563
					5564	5663	5664	5664	5565	5564	5565	5664	5665	5665	5566	5565	5566	5665	5666	5666	5567	5566	5567
					5666	5667	5667	5568	5567	5568	5667	5668	5668	5569	5568	5569	5668	5669	5669	5570	5569	5570	5669
					5670	5670	5571	5570	5571	5670	5671	5671	5572	5571	5572	5671	5672	5672	5573	5572	5573	5672	5673
					5673	5574	5573	5574	5673	5674	5674	5575	5574	5575	5674	5675	5675	5576	5575	5576	5675	5676	5676
					5577	5576	5577	5676	5677	5677	5578	5577	5578	5677	5678	5678	5579	5578	5579	5678	5679	5679	5580
					5579	5580	5679	5680	5680	5581	5580	5581	5680	5681	5681	5582	5581	5582	5681	5682	5682	5583	5582
					5583	5682	5683	5683	5584	5583	5584	5683	5684	5684	5585	5584	5585	5684	5685	5685	5586	5585	5586
					5685	5686	5686	5587	5586	5587	5686	5687	5687	5588	5587	5588	5687	5688	5688	5589	5588	5589	5688
					5689	5689	5590	5589	5590	5689	5690	5690	5591	5590	5591	5690	5691	5691	5592	5591	5592	5691	5692
					5692	5593	5592	5593	5692	5693	5693	5594	5593	5594	5693	5694	5694	5595	5594	5595	5694	5695	5695
					5596	5595	5596	5695	5696	5696	5597	5596	5597	5696	5697	5697	5598	5597	5598	5697	5698	5698	5599
					5598	5599	5698	5699	5699	5600	5599	5600	5699	5700	5700	5601	5600	5601	5700	5701	5701	5602	5601
					5602	5701	5702	5702	5603	5602	5603	5702	5703	5703	5604	5603	5604	5703	5704	5704	5605	5604	5605
					5704	5705	5705	5606	5605	5606	5705	5706	5706	5607	5606	5607	5706	5707	5707	5608	5607	5608	5707
					5708	5708	5609	5608	5609	5708	5709	5709	5610	5609	5610	5709	5710	5710	5611	5610	5611	5710	5711
					5711	5612	5611	5612	5711	5712	5712	5613	5612	5613	5712	5713	5713	5614	5613	5614	5713	5714	5714
					5615	5614	5615	5714	5715	5715	5616	5615	5616	5715	5716	5716	5617	5616	5617	5716	5717	5717	5618
					5617	5618	5717	5718	5718	5619	5618	5619	5718	5719	5719	5620	5619	5620	5719	5720	5720	5621	5620
					5621	5720	5721	5721	5622	5621	5622	5721	5722	5722	5623	5622	5623	5722	5723	5723	5624	5623	5624
					5723	5724	5724	5625	5624	5625	5724	5725	5725	5626	5625	5626	5725	5726	5726	5627	5626	5627	5726
					5727	5727	5628	5627	5628	5727	5728	5728	5629	5628	5629	5728	5729	5729	5630	5629	5630	5729	5730
					5730	5631	5630	5631	5730	5731	5731	5632	5631	5632	5731	5732	5732	5633	5632	5633	5732	5733	5733
					5634	5633	5634	5733	5734	5734	5635	5634	5635	5734	5735	5735	5636	5635	5636	5735	5736	5736	5637
					5636	5637	5736	5737	5737	5638	5637	5638	5737	5738	5738	5639	5638	5639	5738	5739	5739	5640	5639
					5640	5739	5740	5740	5641	5640	5641	5740	5741	5741	5642	5641	5642	5741	5742	5742	5643	5642	5643
					5742	5743	5743	5644	5643	5644	5743	8069	5744	5645	8068	5645	5744	5745	5745	5646	5645	5646	5745
					5746	5746	5647	5646	5647	5746	5747	5747	5648	5647	5648	5747	5748	5748	5649	5648	5649	5748	5749
					5749	5650	5649	5650	5749	5750	5750	5651	5650	5651	5750	5751	5751	5652	5651	5652	5751	5752	5752
					5653	5652	5653	5752	5753	5753	5654	5653	5654	5753	5754	5754	5655	5654	5655	5754	5755	5755	5656
					5655	5656	5755	5756	5756	5657	5656	5657	5756	5757	5757	5658	5657	5658	5757	5758	5758	5659	5658
					5659	5758	5759	5759	5660	5659	5660	5759	5760	5760	5661	5660	5661	5760	5761	5761	5662	5661	5662
					5761	5762	5762	5663	5662	5663	5762	5763	5763	5664	5663	5664	5763	5764	5764	5665	5664	5665	5764
					5765	5765	5666	5665	5666	5765	5766	5766	5667	5666	5667	5766	5767	5767	5668	5667	5668	5767	5768
					5768	5669	5668	5669	5768	5769	5769	5670	5669	5670	5769	5770	5770	5671	5670	5671	5770	5771	5771
					5672	5671	5672	5771	5772	5772	5673	5672	5673	5772	5773	5773	5674	5673	5674	5773	5774	5774	5675
					5674	5675	5774	5775	5775	5676	5675	5676	5775	5776	5776	5677	5676	5677	5776	5777	5777	5678	5677
					5678	5777	5778	5778	5679	5678	5679	5778	5779	5779	5680	5679	5680	5779	5780	5780	5681	5680	5681
					5780	5781	5781	5682	5681	5682	5781	5782	5782	5683	5682	5683	5782	5783	5783	5684	5683	5684	5783
					5784	5784	5685	5684	5685	5784	5785	5785	5686	5685	5686	5785	5786	5786	5687	5686	5687	5786	5787
					5787	5688	5687	5688	5787	5788	5788	5689	5688	5689	5788	5789	5789	5690	5689	5690	5789	5790	5790
					5691	5690	5691	5790	5791	5791	5692	5691	5692	5791	5792	5792	5693	5692	5693	5792	5793	5793	5694
					5693	5694	5793	5794	5794	5695	5694	5695	5794	5795	5795	5696	5695	5696	5795	5796	5796	5697	5696
					5697	5796	5797	5797	5698	5697	5698	5797	5798	5798	5699	5698	5699	5798	5799	5799	5700	5699	5700
					5799	5800	5800	5701	5700	5701	5800	5801	5801	5702	5701	5702	5801	5802	5802	5703	5702	5703	5802
					5803	5803	5704	5703	5704	5803	5804	5804	5705	5704	5705	5804	5805	5805	5706	5705	5706	5805	5806
					5806	5707	5706	5707	5806	5807	5807	5708	5707	5708	5807	5808	5808	5709	5708	5709	5808	5809	5809
					5710	5709	5710	5809	5810	5810	5711	5710	5711	5810	5811	5811	5712	5711	5712	5811	5812	5812	5713
					5712	5713	5812	5813	5813	5714	5713	5714	5813	5814	5814	5715	5714	5715	5814	5815	5815	5716	5715
					5716	5815	5816	5816	5717	5716	5717	5816	5817	5817	5718	5717	5718	5817	5818	5818	5719	5718	5719
					5818	5819	5819	5720	5719	5720	5819	5820	5820	5721	5720	5721	5820	5821	5821	5722	5721	5722	5821
					5822	5822	5723	5722	5723	5822	5823	5823	5724	5723	5724	5823	5824	5824	5725	5724	5725	5824	5825
					5825	5726	5725	5726	5825	5826	5826	5727	5726	5727	5826	5827	5827	5728	5727	5728	5827	5828	5828
					5729	5728	5729	5828	5829	5829	5730	5729	5730	5829	5830	5830	5731	5730	5731	5830	5831	5831	5732
					5731	5732	5831	5832	5832	5733	5732	5733	5832	5833	5833	5734	5733	5734	5833	5834	5834	5735	5734
					5735	5834	5835	5835	5736	5735	5736	5835	5836	5836	5737	5736	5737	5836	5837	5837	5738	5737	5738
					5837	5838	5838	5739	5738	5739	5838	5839	5839	5740	5739	5740	5839	5840	5840	5741	5740	5741	5840
					5841	5841	5742	5741	5742	5841	5842	5842	5743	5742	5743	5842	8071	5843	5744	8070	5744	5843	5844
					5844	5745	5744	5745	5844	5845	5845	5746	5745	5746	5845	5846	5846	5747	5746	5747	5846	5847	5847
					5748	5747	5748	5847	5848	5848	5749	5748	5749	5848	5849	5849	5750	5749	5750	5849	5850	5850	5751
					5750	5751	5850	5851	5851	5752	5751	5752	5851	5852	5852	5753	5752	5753	5852	5853	5853	5754	5753
					5754	5853	5854	5854	5755	5754	5755	5854	5855	5855	5756	5755	5756	5855	5856	5856	5757	5756	5757
					5856	5857	5857	5758	5757	5758	5857	5858	5858	5759	5758	5759	5858	5859	5859	5760	5759	5760	5859
					5860	5860	5761	5760	5761	5860	5861	5861	5762	5761	5762	5861	5862	5862	5763	5762	5763	5862	5863
					5863	5764	5763	5764	5863	5864	5864	5765	5764	5765	5864	5865	5865	5766	5765	5766	5865	5866	5866
					5767	5766	5767	5866	5867	5867	5768	5767	5768	5867	5868	5868	5769	5768	5769	5868	5869	5869	5770
					5769	5770	5869	5870	5870	5771	5770	5771	5870	5871	5871	5772	5771	5772	5871	5872	5872	5773	5772
					5773	5872	5873	5873	5774	5773	5774	5873	5874	5874	5775	5774	5775	5874	5875	5875	5776	5775	5776
					5875	5876	5876	5777	5776	5777	5876	5877	5877	5778	5777	5778	5877	5878	5878	5779	5778	5779	5878
					5879	5879	5780	5779	5780	5879	5880	5880	5781	5780	5781	5880	5881	5881	5782	5781	5782	5881	5882
					5882	5783	5782	5783	5882	5883	5883	5784	5783	5784	5883	5884	5884	5785	5784	5785	5884	5885	5885
					5786	5785	5786	5885	5886	5886	5787	5786	5787	5886	5887	5887	5788	5787	5788	5887	5888	5888	5789
					5788	5789	5888	5889	5889	5790	5789	5790	5889	5890	5890	5791	5790	5791	5890	5891	5891	5792	5791
					5792	5891	5892	5892	5793	5792	5793	5892	5893	5893	5794	5793	5794	5893	5894	5894	5795	5794	5795
					5894	5895	5895	5796	5795	5796	5895	5896	5896	5797	5796	5797	5896	5897	5897	5798	5797	5798	5897
					5898	5898	5799	5798	5799	5898	5899	5899	5800	5799	5800	5899	5900	5900	5801	5800	5801	5900	5901
					5901	5802	5801	5802	5901	5902	5902	5803	5802	5803	5902	5903	5903	5804	5803	5804	5903	5904	5904
					5805	5804	5805	5904	5905	5905	5806	5805	5806	5905	5906	5906	5807	5806	5807	5906	5907	5907	5808
					5807	5808	5907	5908	5908	5809	5808	5809	5908	5909	5909	5810	5809	5810	5909	5910	5910	5811	5810
					5811	5910	5911	5911	5812	5811	5812	5911	5912	5912	5813	5812	5813	5912	5913	5913	5814	5813	5814
					5913	5914	5914	5815	5814	5815	5914	5915	5915	5816	5815	5816	5915	5916	5916	5817	5816	5817	5916
					5917	5917	5818	5817	5818	5917	5918	5918	5819	5818	5819	5918	5919	5919	5820	5819	5820	5919	5920
					5920	5821	5820	5821	5920	5921	5921	5822	5821	5822	5921	5922	5922	5823	5822	5823	5922	5923	5923
					5824	5823	5824	5923	5924	5924	5825	5824	5825	5924	5925	5925	5826	5825	5826	5925	5926	5926	5827
					5826	5827	5926	5927	5927	5828	5827	5828	5927	5928	5928	5829	5828	5829	5928	5929	5929	5830	5829
					5830	5929	5930	5930	5831	5830	5831	5930	5931	5931	5832	5831	5832	5931	5932	5932	5833	5832	5833
					5932	5933	5933	5834	5833	5834	5933	5934	5934	5835	5834	5835	5934	5935	5935	5836	5835	5836	5935
					5936	5936	5837	5836	5837	5936	5937	5937	5838	5837	5838	5937	5938	5938	5839	5838	5839	5938	5939
					5939	5840	5839	5840	5939	5940	5940	5841	5840	5841	5940	5941	5941	5842	5841	5842	5941	8073	5942
					5843	8072	5843	5942	5943	5943	5844	5843	5844	5943	5944	5944	5845	5844	5845	5944	5945	5945	5846
					5845	5846	5945	5946	5946	5847	5846	5847	5946	5947	5947	5848	5847	5848	5947	5948	5948	5849	5848
					5849	5948	5949	5949	5850	5849	5850	5949	5950	5950	5851	5850	5851	5950	5951	5951	5852	5851	5852
					5951	5952	5952	5853	5852	5853	5952	5953	5953	5854	5853	5854	5953	5954	5954	5855	5854	5855	5954
					5955	5955	5856	5855	5856	5955	5956	5956	5857	5856	5857	5956	5957	5957	5858	5857	5858	5957	5958
					5958	5859	5858	5859	5958	5959	5959	5860	5859	5860	5959	5960	5960	5861	5860	5861	5960	5961	5961
					5862	5861	5862	5961	5962	5962	5863	5862	5863	5962	5963	5963	5864	5863	5864	5963	5964	5964	5865
					5864	5865	5964	5965	5965	5866	5865	5866	5965	5966	5966	5867	5866	5867	5966	5967	5967	5868	5867
					5868	5967	5968	5968	5869	5868	5869	5968	5969	5969	5870	5869	5870	5969	5970	5970	5871	5870	5871
					5970	5971	5971	5872	5871	5872	5971	5972	5972	5873	5872	5873	5972	5973	5973	5874	5873	5874	5973
					5974	5974	5875	5874	5875	5974	5975	5975	5876	5875	5876	5975	5976	5976	5877	5876	5877	5976	5977
					5977	5878	5877	5878	5977	5978	5978	5879	5878	5879	5978	5979	5979	5880	5879	5880	5979	5980	5980
					5881	5880	5881	5980	5981	5981	5882	5881	5882	5981	5982	5982	5883	5882	5883	5982	5983	5983	5884
					5883	5884	5983	5984	5984	5885	5884	5885	5984	5985	5985	5886	5885	5886	5985	5986	5986	5887	5886
					5887	5986	5987	5987	5888	5887	5888	5987	5988	5988	5889	5888	5889	5988	5989	5989	5890	5889	5890
					5989	5990	5990	5891	5890	5891	5990	5991	5991	5892	5891	5892	5991	5992	5992	5893	5892	5893	5992
					5993	5993	5894	5893	5894	5993	5994	5994	5895	5894	5895	5994	5995	5995	5896	5895	5896	5995	5996
					5996	5897	5896	5897	5996	5997	5997	5898	5897	5898	5997	5998	5998	5899	5898	5899	5998	5999	5999
					5900	5899	5900	5999	6000	6000	5901	5900	5901	6000	6001	6001	5902	5901	5902	6001	6002	6002	5903
					5902	5903	6002	6003	6003	5904	5903	5904	6003	6004	6004	5905	5904	5905	6004	6005	6005	5906	5905
					5906	6005	6006	6006	5907	5906	5907	6006	6007	6007	5908	5907	5908	6007	6008	6008	5909	5908	5909
					6008	6009	6009	5910	5909	5910	6009	6010	6010	5911	5910	5911	6010	6011	6011	5912	5911	5912	6011
					6012	6012	5913	5912	5913	6012	6013	6013	5914	5913	5914	6013	6014	6014	5915	5914	5915	6014	6015
					6015	5916	5915	5916	6015	6016	6016	5917	5916	5917	6016	6017	6017	5918	5917	5918	6017	6018	6018
					5919	5918	5919	6018	6019	6019	5920	5919	5920	6019	6020	6020	5921	5920	5921	6020	6021	6021	5922
					5921	5922	6021	6022	6022	5923	5922	5923	6022	6023	6023	5924	5923	5924	6023	6024	6024	5925	5924
					5925	6024	6025	6025	5926	5925	5926	6025	6026	6026	5927	5926	5927	6026	6027	6027	5928	5927	5928
					6027	6028	6028	5929	5928	5929	6028	6029	6029	5930	5929	5930	6029	6030	6030	5931	5930	5931	6030
					6031	6031	5932	5931	5932	6031	6032	6032	5933	5932	5933	6032	6033	6033	5934	5933	5934	6033	6034
					6034	5935	5934	5935	6034	6035	6035	5936	5935	5936	6035	6036	6036	5937	5936	5937	6036	6037	6037
					5938	5937	5938	6037	6038	6038	5939	5938	5939	6038	6039	6039	5940	5939	5940	6039	6040	6040	5941
					5940	5941	6040	8075	6041	5942	8074	5942	6041	6042	6042	5943	5942	5943	6042	6043	6043	5944	5943
					5944	6043	6044	6044	5945	5944	5945	6044	6045	6045	5946	5945	5946	6045	6046	6046	5947	5946	5947
					6046	6047	6047	5948	5947	5948	6047	6048	6048	5949	5948	5949	6048	6049	6049	5950	5949	5950	6049
					6050	6050	5951	5950	5951	6050	6051	6051	5952	5951	5952	6051	6052	6052	5953	5952	5953	6052	6053
					6053	5954	5953	5954	6053	6054	6054	5955	5954	5955	6054	6055	6055	5956	5955	5956	6055	6056	6056
					5957	5956	5957	6056	6057	6057	5958	5957	5958	6057	6058	6058	5959	5958	5959	6058	6059	6059	5960
					5959	5960	6059	6060	6060	5961	5960	5961	6060	6061	6061	5962	5961	5962	6061	6062	6062	5963	5962
					5963	6062	6063	6063	5964	5963	5964	6063	6064	6064	5965	5964	5965	6064	6065	6065	5966	5965	5966
					6065	6066	6066	5967	5966	5967	6066	6067	6067	5968	5967	5968	6067	6068	6068	5969	5968	5969	6068
					6069	6069	5970	5969	5970	6069	6070	6070	5971	5970	5971	6070	6071	6071	5972	5971	5972	6071	6072
					6072	5973	5972	5973	6072	6073	6073	5974	5973	5974	6073	6074	6074	5975	5974	5975	6074	6075	6075
					5976	5975	5976	6075	6076	6076	5977	5976	5977	6076	6077	6077	5978	5977	5978	6077	6078	6078	5979
					5978	5979	6078	6079	6079	5980	5979	5980	6079	6080	6080	5981	5980	5981	6080	6081	6081	5982	5981
					5982	6081	6082	6082	5983	5982	5983	6082	6083	6083	5984	5983	5984	6083	6084	6084	5985	5984	5985
					6084	6085	6085	5986	5985	5986	6085	6086	6086	5987	5986	5987	6086	6087	6087	5988	5987	5988	6087
					6088	6088	5989	5988	5989	6088	6089	6089	5990	5989	5990	6089	6090	6090	5991	5990	5991	6090	6091
					6091	5992	5991	5992	6091	6092	6092	5993	5992	5993	6092	6093	6093	5994	5993	5994	6093	6094	6094
					5995	5994	5995	6094	6095	6095	5996	5995	5996	6095	6096	6096	5997	5996	5997	6096	6097	6097	5998
					5997	5998	6097	6098	6098	5999	5998	5999	6098	6099	6099	6000	5999	6000	6099	6100	6100	6001	6000
					6001	6100	6101	6101	6002	6001	6002	6101	6102	6102	6003	6002	6003	6102	6103	6103	6004	6003	6004
					6103	6104	6104	6005	6004	6005	6104	6105	6105	6006	6005	6006	6105	6106	6106	6007	6006	6007	6106
					6107	6107	6008	6007	6008	6107	6108	6108	6009	6008	6009	6108	6109	6109	6010	6009	6010	6109	6110
					6110	6011	6010	6011	6110	6111	6111	6012	6011	6012	6111	6112	6112	6013	6012	6013	6112	6113	6113
					6014	6013	6014	6113	6114	6114	6015	6014	6015	6114	6115	6115	6016	6015	6016	6115	6116	6116	6017
					6016	6017	6116	6117	6117	6018	6017	6018	6117	6118	6118	6019	6018	6019	6118	6119	6119	6020	6019
					6020	6119	6120	6120	6021	6020	6021	6120	6121	6121	6022	6021	6022	6121	6122	6122	6023	6022	6023
					6122	6123	6123	6024	6023	6024	6123	6124	6124	6025	6024	6025	6124	6125	6125	6026	6025	6026	6125
					6126	6126	6027	6026	6027	6126	6127	6127	6028	6027	6028	6127	6128	6128	6029	6028	6029	6128	6129
					6129	6030	6029	6030	6129	6130	6130	6031	6030	6031	6130	6131	6131	6032	6031	6032	6131	6132	6132
					6033	6032	6033	6132	6133	6133	6034	6033	6034	6133	6134	6134	6035	6034	6035	6134	6135	6135	6036
					6035	6036	6135	6136	6136	6037	6036	6037	6136	6137	6137	6038	6037	6038	6137	6138	6138	6039	6038
					6039	6138	6139	6139	6040	6039	6040	6139	8077	6140	6041	8076	6041	6140	6141	6141	6042	6041	6042
					6141	6142	6142	6043	6042	6043	6142	6143	6143	6044	6043	6044	6143	6144	6144	6045	6044	6045	6144
					6145	6145	6046	6045	6046	6145	6146	6146	6047	6046	6047	6146	6147	6147	6048	6047	6048	6147	6148
					6148	6049	6048	6049	6148	6149	6149	6050	6049	6050	6149	6150	6150	6051	6050	6051	6150	6151	6151
					6052	6051	6052	6151	6152	6152	6053	6052	6053	6152	6153	6153	6054	6053	6054	6153	6154	6154	6055
					6054	6055	6154	6155	6155	6056	6055	6056	6155	6156	6156	6057	6056	6057	6156	6157	6157	6058	6057
					6058	6157	6158	6158	6059	6058	6059	6158	6159	6159	6060	6059	6060	6159	6160	6160	6061	6060	6061
					6160	6161	6161	6062	6061	6062	6161	6162	6162	6063	6062	6063	6162	6163	6163	6064	6063	6064	6163
					6164	6164	6065	6064	6065	6164	6165	6165	6066	6065	6066	6165	6166	6166	6067	6066	6067	6166	6167
					6167	6068	6067	6068	6167	6168	6168	6069	6068	6069	6168	6169	6169	6070	6069	6070	6169	6170	6170
					6071	6070	6071	6170	6171	6171	6072	6071	6072	6171	6172	6172	6073	6072	6073	6172	6173	6173	6074
					6073	6074	6173	6174	6174	6075	6074	6075	6174	6175	6175	6076	6075	6076	6175	6176	6176	6077	6076
					6077	6176	6177	6177	6078	6077	6078	6177	6178	6178	6079	6078	6079	6178	6179	6179	6080	6079	6080
					6179	6180	6180	6081	6080	6081	6180	6181	6181	6082	6081	6082	6181	6182	6182	6083	6082	6083	6182
					6183	6183	6084	6083	6084	6183	6184	6184	6085	6084	6085	6184	6185	6185	6086	6085	6086	6185	6186
					6186	6087	6086	6087	6186	6187	6187	6088	6087	6088	6187	6188	6188	6089	6088	6089	6188	6189	6189
					6090	6089	6090	6189	6190	6190	6091	6090	6091	6190	6191	6191	6092	6091	6092	6191	6192	6192	6093
					6092	6093	6192	6193	6193	6094	6093	6094	6193	6194	6194	6095	6094	6095	6194	282	282	6096	6095
					6096	282	283	283	6097	6096	6097	283	284	284	6098	6097	6098	284	285	285	6099	6098	6099
					285	286	286	6100	6099	6100	286	287	287	6101	6100	6101	287	288	288	6102	6101	6102	288
					289	289	6103	6102	6103	289	290	290	6104	6103	6104	290	291	291	6105	6104	6105	291	292
					292	6106	6105	6106	292	293	293	6107	6106	6107	293	294	294	6108	6107	6108	294	295	295
					6109	6108	6109	295	296	296	6110	6109	6110	296	297	297	6111	6110	6111	297	298	298	6112
					6111	6112	298	299	299	6113	6112	6113	299	300	300	6114	6113	6114	300	301	301	6115	6114
					6115	301	302	302	6116	6115	6116	302	303	303	6117	6116	6117	303	304	304	6118	6117	6118
					304	305	305	6119	6118	6119	305	306	306	6120	6119	6120	306	307	307	6121	6120	6121	307
					308	308	6122	6121	6122	308	309	309	6123	6122	6123	309	310	310	6124	6123	6124	310	311
					311	6125	6124	6125	311	312	312	6126	6125	6126	312	313	313	6127	6126	6127	313	314	314
					6128	6127	6128	314	315	315	6129	6128	6129	315	316	316	6130	6129	6130	316	317	317	6131
					6130	6131	317	318	318	6132	6131	6132	318	319	319	6133	6132	6133	319	320	320	6134	6133
					6134	320	321	321	6135	6134	6135	321	322	322	6136	6135	6136	322	323	323	6137	6136	6137
					323	324	324	6138	6137	6138	324	325	325	6139	6138	6139	325	7859	326	6140	8078	6140	326
					327	327	6141	6140	6141	327	328	328	6142	6141	6142	328	329	329	6143	6142	6143	329	330
					330	6144	6143	6144	330	331	331	6145	6144	6145	331	332	332	6146	6145	6146	332	333	333
					6147	6146	6147	333	334	334	6148	6147	6148	334	335	335	6149	6148	6149	335	336	336	6150
					6149	6150	336	337	337	6151	6150	6151	337	338	338	6152	6151	6152	338	339	339	6153	6152
					6153	339	340	340	6154	6153	6154	340	341	341	6155	6154	6155	341	342	342	6156	6155	6156
					342	343	343	6157	6156	6157	343	344	344	6158	6157	6158	344	345	345	6159	6158	6159	345
					346	346	6160	6159	6160	346	347	347	6161	6160	6161	347	348	348	6162	6161	6162	348	349
					349	6163	6162	6163	349	350	350	6164	6163	6164	350	351	351	6165	6164	6165	351	352	352
					6166	6165	6166	352	353	353	6167	6166	6167	353	354	354	6168	6167	6168	354	355	355	6169
					6168	6169	355	356	356	6170	6169	6170	356	357	357	6171	6170	6171	357	358	358	6172	6171
					6172	358	359	359	6173	6172	6173	359	360	360	6174	6173	6174	360	361	361	6175	6174	6175
					361	362	362	6176	6175	6176	362	363	363	6177	6176	6177	363	364	364	6178	6177	6178	364
					365	365	6179	6178	6179	365	366	366	6180	6179	6180	366	367	367	6181	6180	6181	367	368
					368	6182	6181	6182	368	369	369	6183	6182	6183	369	370	370	6184	6183	6184	370	371	371
					6185	6184	6185	371	372	372	6186	6185	6186	372	373	373	6187	6186	6187	373	374	374	6188
					6187	6188	374	375	375	6189	6188	6189	375	376	376	6190	6189	6190	376	377	377	6191	6190
					6191	377	378	378	6192	6191	6192	378	379	379	6193	6192	6193	379	380	380	6194	6193	6194
					380	381	381	282	6194	282	381	382	382	283	282	283	382	383	383	284	283	284	383
					384	384	285	284	285	384	385	385	286	285	286	385	386	386	287	286	287	386	387
					387	288	287	288	387	388	388	289	288	289	388	389	389	290	289	290	389	390	390
					291	290	291	390	391	391	292	291	292	391	392	392	293	292	293	392	393	393	294
					293	294	393	394	394	295	294	295	394	395	395	296	295	296	395	396	396	297	296
					297	396	397	397	298	297	298	397	398	398	299	298	299	398	399	399	300	299	300
					399	400	400	301	300	301	400	401	401	302	301	302	401	402	402	303	302	303	402
					403	403	304	303	304	403	404	404	305	304	305	404	405	405	306	305	306	405	406
					406	307	306	307	406	407	407	308	307	308	407	408	408	309	308	309	408	409	409
					310	309	310	409	410	410	311	310	311	410	411	411	312	311	312	411	412	412	313
					312	313	412	413	413	314	313	314	413	414	414	315	314	315	414	415	415	316	315
					316	415	416	416	317	316	317	416	417	417	318	317	318	417	418	418	319	318	319
					418	419	419	320	319	320	419	420	420	321	320	321	420	421	421	322	321	34	133
					134	134	35	34	35	134	135	135	36	35	36	135	136	136	37	36	37	136	137
					137	38	37	38	137	138	138	39	38	39	138	139	139	40	39	40	139	140	140
					41	40	41	140	141	141	42	41	42	141	142	142	43	42	43	142	143	143	44
					43	44	143	144	144	45	44	45	144	145	145	46	45	46	145	146	146	47	46
					47	146	147	147	48	47	48	147	148	148	49	48	49	148	149	149	50	49	50
					149	150	150	51	50	51	150	151	151	52	51	52	151	152	152	53	52	53	152
					153	153	54	53	54	153	154	154	55	54	55	154	155	155	56	55	56	155	156
					156	57	56	57	156	157	157	58	57	58	157	158	158	59	58	59	158	159	159
					60	59	60	159	160	160	61	60	61	160	161	161	62	61	62	161	162	162	63
					62	63	162	163	163	64	63	64	163	164	164	65	64	65	164	165	165	66	65
					66	165	166	166	67	66	67	166	167	167	68	67	68	167	168	168	69	68	69
					168	169	169	70	69	70	169	170	170	71	70	71	170	171	171	72	71	72	171
					172	172	73	72	73	172	173	173	74	73	74	173	174	174	75	74	75	174	175
					175	76	75	76	175	176	176	77	76	77	176	7855	177	78	7854	78	177	178	178
					79	78	79	178	179	179	80	79	80	179	180	180	81	80	81	180	181	181	82
					81	82	181	182	182	83	82	83	182	183	183	84	83	84	183	184	184	85	84
					85	184	185	185	86	85	86	185	186	186	87	86	87	186	187	187	88	87	88
					187	188	188	89	88	89	188	189	189	90	89	90	189	190	190	91	90	91	190
					191	191	92	91	92	191	192	192	93	92	93	192	193	193	94	93	94	193	194
					194	95	94	95	194	195	195	96	95	96	195	196	196	97	96	97	196	197	197
					98	97	98	197	198	198	99	98	99	198	199	199	100	99	100	199	200	200	101
					100	101	200	201	201	102	101	102	201	202	202	103	102	103	202	203	203	104	103
					104	203	204	204	105	104	105	204	205	205	106	105	106	205	206	206	107	106	107
					206	207	207	108	107	108	207	208	208	109	108	109	208	209	209	110	109	110	209
					210	210	111	110	111	210	211	211	112	111	112	211	212	212	113	112	113	212	213
					213	114	113	114	213	214	214	115	114	115	214	215	215	116	115	116	215	216	216
					117	116	117	216	217	217	118	117	118	217	218	218	119	118	119	218	219	219	120
					119	120	219	220	220	121	120	121	220	221	221	122	121	122	221	222	222	123	122
					123	222	223	223	124	123	124	223	224	224	125	124	125	224	225	225	126	125	126
					225	226	226	127	126	127	226	227	227	128	127	128	227	228	228	129	128	129	228
					229	229	130	129	130	229	230	230	131	130	131	230	231	231	132	131	132	231	232
					232	133	132	133	232	233	233	134	133	134	233	234	234	135	134	135	234	235	235
					136	135	136	235	236	236	137	136	137	236	237	237	138	137	138	237	238	238	139
					138	139	238	239	239	140	139	140	239	240	240	141	140	141	240	241	241	142	141
					142	241	242	242	143	142	143	242	243	243	144	143	144	243	244	244	145	144	145
					244	245	245	146	145	146	245	246	246	147	146	147	246	247	247	148	147	148	247
					248	248	149	148	149	248	249	249	150	149	150	249	250	250	151	150	151	250	251
					251	152	151	152	251	252	252	153	152	153	252	253	253	154	153	154	253	254	254
					155	154	155	254	255	255	156	155	156	255	256	256	157	156	157	256	257	257	158
					157	158	257	258	258	159	158	159	258	259	259	160	159	160	259	260	260	161	160
					161	260	261	261	162	161	162	261	262	262	163	162	163	262	263	263	164	163	164
					263	264	264	165	164	165	264	265	265	166	165	166	265	266	266	167	166	167	266
					267	267	168	167	168	267	268	268	169	168	169	268	269	269	170	169	170	269	270
					270	171	170	171	270	271	271	172	171	172	271	272	272	173	172	173	272	273	273
					174	173	174	273	274	274	175	174	175	274	275	275	176	175	176	275	7857	276	177
					7856	177	276	277	277	178	177	178	277	278	278	179	178	179	278	279	279	180	179
					180	279	280	280	181	180	181	280	281	281	182	181	182	281	7319	7319	183	182	183
					7319	7320	7320	184	183	184	7320	7321	7321	185	184	185	7321	7322	7322	186	185	186	7322
					7323	7323	187	186	187	7323	7324	7324	188	187	188	7324	7325	7325	189	188	189	7325	7326
					7326	190	189	190	7326	7327	7327	191	190	191	7327	7328	7328	192	191	192	7328	7329	7329
					193	192	193	7329	7330	7330	194	193	194	7330	7331	7331	195	194	195	7331	7332	7332	196
					195	196	7332	7333	7333	197	196	197	7333	7334	7334	198	197	198	7334	7335	7335	199	198
					199	7335	7336	7336	200	199	200	7336	7337	7337	201	200	201	7337	7338	7338	202	201	202
					7338	7339	7339	203	202	203	7339	7340	7340	204	203	204	7340	7341	7341	205	204	205	7341
					7342	7342	206	205	206	7342	7343	7343	207	206	207	7343	7344	7344	208	207	208	7344	7345
					7345	209	208	209	7345	7346	7346	210	209	210	7346	7347	7347	211	210	211	7347	7348	7348
					212	211	212	7348	7349	7349	213	212	213	7349	7350	7350	214	213	214	7350	7351	7351	215
					214	215	7351	7352	7352	216	215	216	7352	7353	7353	217	216	217	7353	7354	7354	218	217
					218	7354	7355	7355	219	218	219	7355	7356	7356	220	219	220	7356	7357	7357	221	220	221
					7357	7358	7358	222	221	222	7358	7359	7359	223	222	223	7359	7360	7360	224	223	224	7360
					7361	7361	225	224	225	7361	7362	7362	226	225	226	7362	7363	7363	227	226	227	7363	7364
					7364	228	227	228	7364	7365	7365	229	228	229	7365	7366	7366	230	229	230	7366	7367	7367
					231	230	231	7367	7368	7368	232	231	232	7368	7369	7369	233	232	233	7369	7370	7370	234
					233	234	7370	7371	7371	235	234	235	7371	7372	7372	236	235	236	7372	7373	7373	237	236
					237	7373	7374	7374	238	237	238	7374	7375	7375	239	238	239	7375	7376	7376	240	239	240
					7376	7377	7377	241	240	241	7377	7378	7378	242	241	242	7378	7379	7379	243	242	243	7379
					7380	7380	244	243	244	7380	7381	7381	245	244	245	7381	7382	7382	246	245	246	7382	7383
					7383	247	246	247	7383	7384	7384	248	247	248	7384	7385	7385	249	248	249	7385	7386	7386
					250	249	250	7386	7387	7387	251	250	251	7387	7388	7388	252	251	252	7388	7389	7389	253
					252	253	7389	7390	7390	254	253	254	7390	7391	7391	255	254	255	7391	7392	7392	256	255
					256	7392	7393	7393	257	256	257	7393	7394	7394	258	257	258	7394	7395	7395	259	258	259
					7395	7396	7396	260	259	260	7396	7397	7397	261	260	261	7397	7398	7398	262	261	262	7398
					7399	7399	263	262	263	7399	7400	7400	264	263	264	7400	7401	7401	265	264	265	7401	7402
					7402	266	265	266	7402	7403	7403	267	266	267	7403	7404	7404	268	267	268	7404	7405	7405
					269	268	269	7405	7406	7406	270	269	270	7406	7407	7407	271	270	271	7407	7408	7408	272
					271	272	7408	7409	7409	273	272	273	7409	7410	7410	274	273	274	7410	7411	7411	275	274
					275	7411	8171	7412	276	7858	276	7412	7413	7413	277	276	277	7413	7414	7414	278	277	278
					7414	7415	7415	279	278	279	7415	7416	7416	280	279	280	7416	7417	7417	281	280	281	7417
					7418	7418	7319	281	7319	7418	7419	7419	7320	7319	7320	7419	7420	7420	7321	7320	7321	7420	7421
					7421	7322	7321	7322	7421	7422	7422	7323	7322	7323	7422	7423	7423	7324	7323	6220	8104	8103	6221
					8105	8104	6222	8106	8105	6223	8107	8106	6224	8108	8107	6225	8109	8108	6226	8110	8109	6227	8111
					8110	6228	8112	8111	6229	8113	8112	6230	8114	8113	6231	8115	8114	6232	8116	8115	6233	8117	8116
					6234	8118	8117	6235	8119	8118	6236	8120	8119	6237	8121	8120	6238	8122	8121	6239	8123	8122	6240
					8124	8123	6241	8125	8124	6242	8126	8125	6243	8127	8126	6244	8128	8127	6245	8129	8128	6246	8130
					8129	6247	8131	8130	6248	8132	8131	6249	8133	8132	6250	8134	8133	6251	8135	8134	6252	8136	8135
					6253	8137	8136	6254	8138	8137	8139	8140	8138	8163	8141	6255	6196	8080	8079	6197	8081	8080	6198
					8082	8081	6199	8083	8082	6200	8084	8083	6201	8085	8084	6202	8086	8085	6203	8087	8086	8173	8171
					7411	8172	8174	7511	8175	8173	7510	8174	8176	7610	8177	8175	7609	8176	8178	7709	8179	8177	7708
					8178	8180	7808	8142	8179	7807	8180	8143	6394	7853	8139	6254	8141	7854	78	8144	8142	6393	8143
					8145	6493	8146	8144	6492	8145	8147	6592	8148	8146	6591	8147	8149	6691	8150	8148	6690	8149	8151
					6790	8152	8150	6789	8151	8153	6889	8154	8152	6888	8153	8155	6988	8156	8154	6987	8155	8157	7087
					8158	8156	7086	8157	8159	7186	8160	8158	7185	8159	8161	7285	8039	8160	7284	8161	8040	4259	7861
					7859	325	7860	7862	425	7863	7861	424	7862	7864	524	7865	7863	523	7864	7866	623	7867	7865
					622	7866	7868	722	7869	7867	721	7868	7870	821	7871	7869	820	7870	7872	920	7873	7871	919
					7872	7874	1019	7875	7873	1018	7874	7876	1118	7877	7875	1117	7876	7878	1217	7879	7877	1216	7878
					7880	1316	7881	7879	1315	7880	7882	1415	7883	7881	1414	7882	7884	1514	7885	7883	1513	7884	7886
					1613	7887	7885	1612	7886	7888	1712	7889	7887	1711	7888	7890	1811	7891	7889	1810	7890	7892	1910
					7893	7891	1909	7892	7894	2009	7895	7893	2008	7894	7896	2108	7897	7895	2107	7896	7898	2207	7899
					7897	2206	7898	7900	2306	7901	7899	2305	7900	7902	2405	7903	7901	2404	7902	7904	2504	7905	7903
					2503	7904	7906	2603	7907	7905	2602	7906	7908	2702	7909	7907	2701	7908	7910	2801	7911	7909	2800
					7910	7912	2900	7913	7911	2899	7912	7914	2999	7915	7913	2998	7914	7916	3098	7917	7915	3097	7916
					7918	3197	7919	7917	3196	7918	7920	3296	7921	7919	3295	7920	7922	3395	7923	7921	3394	7922	7924
					3494	7925	7923	3493	7924	7926	3593	7927	7925	3592	7926	7928	3692	7929	7927	3691	7928	7930	3791
					7931	7929	3790	7930	7932	3890	7933	7931	3889	7932	7934	3989	7935	7933	3988	7934	7936	4088	7937
					7935	4087	7936	7938	7939	4088	7939	7940	4089	7940	7941	4090	7941	7942	4091	7942	7943	4092	7943
					7944	4093	7944	7945	4094	7945	7946	4095	7946	7947	4096	7947	7948	4097	7948	7949	4098	7949	7950
					4099	7950	7951	4100	7951	7952	4101	7952	7953	4102	7953	7954	4103	7954	7955	4104	7955	7956	4105
					7956	7957	4106	7957	7958	4107	7958	7959	4108	7959	7960	4109	7960	7961	4110	7961	7962	4111	7962
					7963	4112	7963	7964	4113	7964	7965	4114	7965	7966	4115	7966	7967	4116	7967	7968	4117	7968	7969
					4118	7969	7970	4119	7970	7971	4120	7971	7972	4121	7972	7973	4122	7973	7974	4123	7974	7975	4124
					7975	7976	4125	7976	7977	4126	7977	7978	4127	7978	7979	4128	7979	7980	4129	7980	7981	4130	7981
					7982	4131	7982	7983	4132	7983	7984	4133	7984	7985	4134	7985	7986	4135	7986	7987	4136	7987	7988
					4137	7988	7989	4138	7989	7990	4139	7990	7991	4140	7991	7992	4141	7992	7993	4142	7993	7994	4143
					7994	7995	4144	7995	7996	4145	7996	7997	4146	7997	7998	4147	7998	7999	4148	7999	8000	4149	8000
					8001	4150	8001	8002	4151	8002	8003	4152	8003	8004	4153	8004	8005	4154	8005	8006	4155	8006	8007
					4156	8007	8008	4157	8008	8009	4158	8009	8010	4159	8010	8011	4160	8011	8012	4161	8012	8013	4162
					8013	8014	4163	8014	8015	4164	8015	8016	4165	8016	8017	4166	8017	8018	4167	8018	8019	4168	8019
					8020	4169	8020	8021	4170	8021	8022	4171	8022	8023	4172	8023	8024	4173	8024	8025	4174	8025	8026
					4175	8026	8027	4176	8027	8028	4177	8028	8029	4178	8029	8030	4179	8030	8031	4180	8031	8032	4181
					8032	8033	4182	8033	8034	4183	8034	8035	4184	8035	8036	4185	8036	8037	4186	8037	8038	8038	7937
					4186	6204	8088	8087	6205	8089	8088	6206	8090	8089	6207	8091	8090	6208	8092	8091	6209	8093	8092
					6210	8094	8093	6211	8095	8094	6212	8096	8095	6213	8097	8096	6214	8098	8097	6215	8099	8098	6216
					8100	8099	6217	8101	8100	6218	8102	8101	0	7821	8102	1	7822	7821	2	7823	7822	3	7824
					7823	4	7825	7824	5	7826	7825	6	7827	7826	7	7828	7827	8	7829	7828	9	7830	7829
					10	7831	7830	11	7832	7831	12	7833	7832	13	7834	7833	14	7835	7834	15	7836	7835	16
					7837	7836	17	7838	7837	18	7839	7838	19	7840	7839	20	7841	7840	21	7842	7841	22	7843
					7842	23	7844	7843	24	7845	7844	25	7846	7845	26	7847	7846	27	7848	7847	28	7849	7848
					29	7850	7849	30	7851	7850	31	7852	7851	6219	8103	7852	8162	8163	7312	7312	8164	8162	7313
					8165	8164	7314	8166	8165	7315	8167	8166	7316	8168	8167	7317	8169	8168	7318	8170	8169	6195	8079
					8170	8041	8039	4258	8040	8042	4358	8043	8041	4357	8042	8044	4457	8045	8043	4456	8044	8046	4556
					8047	8045	4555	8046	8048	4655	8049	8047	4654	8048	8050	4754	8051	8049	4753	8050	8052	4853	8053
					8051	4852	8052	8054	4952	8055	8053	4951	8054	8056	5051	8057	8055	5050	8056	8058	5150	8059	8057
					5149	8058	8060	5249	8061	8059	5248	8060	8062	5348	8063	8061	5347	8062	8064	5447	8065	8063	5446
					8064	8066	5546	8067	8065	5545	8066	8068	5645	8069	8067	5644	8068	8070	5744	8071	8069	5743	8070
					8072	5843	8073	8071	5842	8072	8074	5942	8075	8073	5941	8074	8076	6041	8077	8075	6040	8076	8078
					6140	7859	8077	6139	8078	7860	326	7855	7853	77	7854	7856	177	7857	7855	176	7856	7858	276
					8171	7857	275	7858	8172	7412	
				</DataArray>
				<DataArray type="Int32" Name="offsets" NumberOfComponents="1" format="ascii">
					3	6	9	12	15	18	21	24	27	30	33	36	39	42	45	48	51	54	57
					60	63	66	69	72	75	78	81	84	87	90	93	96	99	102	105	108	111	114
					117	120	123	126	129	132	135	138	141	144	147	150	153	156	159	162	165	168	171
					174	177	180	183	186	189	192	195	198	201	204	207	210	213	216	219	222	225	228
					231	234	237	240	243	246	249	252	255	258	261	264	267	270	273	276	279	282	285
					288	291	294	297	300	303	306	309	312	315	318	321	324	327	330	333	336	339	342
					345	348	351	354	357	360	363	366	369	372	375	378	381	384	387	390	393	396	399
					402	405	408	411	414	417	420	423	426	429	432	435	438	441	444	447	450	453	456
					459	462	465	468	471	474	477	480	483	486	489	492	495	498	501	504	507	510	513
					516	519	522	525	528	531	534	537	540	543	546	549	552	555	558	561	564	567	570
					573	576	579	582	585	588	591	594	597	600	603	606	609	612	615	618	621	624	627
					630	633	636	639	642	645	648	651	654	657	660	663	666	669	672	675	678	681	684
					687	690	693	696	699	702	705	708	711	714	717	720	723	726	729	732	735	738	741
					744	747	750	753	756	759	762	765	768	771	774	777	780	783	786	789	792	795	798
					801	804	807	810	813	816	819	822	825	828	831	834	837	840	843	846	849	852	855
					858	861	864	867	870	873	876	879	882	885	888	891	894	897	900	903	906	909	912
					915	918	921	924	927	930	933	936	939	942	945	948	951	954	957	960	963	966	969
					972	975	978	981	984	987	990	993	996	999	1002	1005	1008	1011	1014	1017	1020	1023	1026
					1029	1032	1035	1038	1041	1044	1047	1050	1053	1056	1059	1062	1065	1068	1071	1074	1077	1080	1083
					1086	1089	1092	1095	1098	1101	1104	1107	1110	1113	1116	1119	1122	1125	1128	1131	1134	1137	1140
					1143	1146	1149	1152	1155	1158	1161	1164	1167	1170	1173	1176	1179	1182	1185	1188	1191	1194	1197
					1200	1203	1206	1209	1212	1215	1218	1221	1224	1227	1230	1233	1236	1239	1242	1245	1248	1251	1254
					1257	1260	1263	1266	1269	1272	1275	1278	1281	1284	1287	1290	1293	1296	1299	1302	1305	1308	1311
					1314	1317	1320	1323	1326	1329	1332	1335	1338	1341	1344	1347	1350	1353	1356	1359	1362	1365	1368
					1371	1374	1377	1380	1383	1386	1389	1392	1395	1398	1401	1404	1407	1410	1413	1416	1419	1422	1425
					1428	1431	1434	1437	1440	1443	1446	1449	1452	1455	1458	1461	1464	1467	1470	1473	1476	1479	1482
					1485	1488	1491	1494	1497	1500	1503	1506	1509	1512	1515	1518	1521	1524	1527	1530	1533	1536	1539
					1542	1545	1548	1551	1554	1557	1560	1563	1566	1569	1572	1575	1578	1581	1584	1587	1590	1593	1596
					1599	1602	1605	1608	1611	1614	1617	1620	1623	1626	1629	1632	1635	1638	1641	1644	1647	1650	1653
					1656	1659	1662	1665	1668	1671	1674	1677	1680	1683	1686	1689	1692	1695	1698	1701	1704	1707	1710
					1713	1716	1719	1722	1725	1728	1731	1734	1737	1740	1743	1746	1749	1752	1755	1758	1761	1764	1767
					1770	1773	1776	1779	1782	1785	1788	1791	1794	1797	1800	1803	1806	1809	1812	1815	1818	1821	1824
					1827	1830	1833	1836	1839	1842	1845	1848	1851	1854	1857	1860	1863	1866	1869	1872	1875	1878	1881
					1884	1887	1890	1893	1896	1899	1902	1905	1908	1911	1914	1917	1920	1923	1926	1929	1932	1935	1938
					1941	1944	1947	1950	1953	1956	1959	1962	1965	1968	1971	1974	1977	1980	1983	1986	1989	1992	1995
					1998	2001	2004	2007	2010	2013	2016	2019	2022	2025	2028	2031	2034	2037	2040	2043	2046	2049	2052
					2055	2058	2061	2064	2067	2070	2073	2076	2079	2082	2085	2088	2091	2094	2097	2100	2103	2106	2109
					2112	2115	2118	2121	2124	2127	2130	2133	2136	2139	2142	2145	2148	2151	2154	2157	2160	2163	2166
					2169	2172	2175	2178	2181	2184	2187	2190	2193	2196	2199	2202	2205	2208	2211	2214	2217	2220	2223
					2226	2229	2232	2235	2238	2241	2244	2247	2250	2253	2256	2259	2262	2265	2268	2271	2274	2277	2280
					2283	2286	2289	2292	2295	2298	2301	2304	2307	2310	2313	2316	2319	2322	2325	2328	2331	2334	2337
					2340	2343	2346	2349	2352	2355	2358	2361	2364	2367	2370	2373	2376	2379	2382	2385	2388	2391	2394
					2397	2400	2403	2406	2409	2412	2415	2418	2421	2424	2427	2430	2433	2436	2439	2442	2445	2448	2451
					2454	2457	2460	2463	2466	2469	2472	2475	2478	2481	2484	2487	2490	2493	2496	2499	2502	2505	2508
					2511	2514	2517	2520	2523	2526	2529	2532	2535	2538	2541	2544	2547	2550	2553	2556	2559	2562	2565
					2568	2571	2574	2577	2580	2583	2586	2589	2592	2595	2598	2601	2604	2607	2610	2613	2616	2619	2622
					2625	2628	2631	2634	2637	2640	2643	2646	2649	2652	2655	2658	2661	2664	2667	2670	2673	2676	2679
					2682	2685	2688	2691	2694	2697	2700	2703	2706	2709	2712	2715	2718	2721	2724	2727	2730	2733	2736
					2739	2742	2745	2748	2751	2754	2757	2760	2763	2766	2769	2772	2775	2778	2781	2784	2787	2790	2793
					2796	2799	2802	2805	2808	2811	2814	2817	2820	2823	2826	2829	2832	2835	2838	2841	2844	2847	2850
					2853	2856	2859	2862	2865	2868	2871	2874	2877	2880	2883	2886	2889	2892	2895	2898	2901	2904	2907
					2910	2913	2916	2919	2922	2925	2928	2931	2934	2937	2940	2943	2946	2949	2952	2955	2958	2961	2964
					2967	2970	2973	2976	2979	2982	2985	2988	2991	2994	2997	3000	3003	3006	3009	3012	3015	3018	3021
					3024	3027	3030	3033	3036	3039	3042	3045	3048	3051	3054	3057	3060	3063	3066	3069	3072	3075	3078
					3081	3084	3087	3090	3093	3096	3099	3102	3105	3108	3111	3114	3117	3120	3123	3126	3129	3132	3135
					3138	3141	3144	3147	3150	3153	3156	3159	3162	3165	3168	3171	3174	3177	3180	3183	3186	3189	3192
					3195	3198	3201	3204	3207	3210	3213	3216	3219	3222	3225	3228	3231	3234	3237	3240	3243	3246	3249
					3252	3255	3258	3261	3264	3267	3270	3273	3276	3279	3282	3285	3288	3291	3294	3297	3300	3303	3306
					3309	3312	3315	3318	3321	3324	3327	3330	3333	3336	3339	3342	3345	3348	3351	3354	3357	3360	3363
					3366	3369	3372	3375	3378	3381	3384	3387	3390	3393	3396	3399	3402	3405	3408	3411	3414	3417	3420
					3423	3426	3429	3432	3435	3438	3441	3444	3447	3450	3453	3456	3459	3462	3465	3468	3471	3474	3477
					3480	3483	3486	3489	3492	3495	3498	3501	3504	3507	3510	3513	3516	3519	3522	3525	3528	3531	3534
					3537	3540	3543	3546	3549	3552	3555	3558	3561	3564	3567	3570	3573	3576	3579	3582	3585	3588	3591
					3594	3597	3600	3603	3606	3609	3612	3615	3618	3621	3624	3627	3630	3633	3636	3639	3642	3645	3648
					3651	3654	3657	3660	3663	3666	3669	3672	3675	3678	3681	3684	3687	3690	3693	3696	3699	3702	3705
					3708	3711	3714	3717	3720	3723	3726	3729	3732	3735	3738	3741	3744	3747	3750	3753	3756	3759	3762
					3765	3768	3771	3774	3777	3780	3783	3786	3789	3792	3795	3798	3801	3804	3807	3810	3813	3816	3819
					3822	3825	3828	3831	3834	3837	3840	3843	3846	3849	3852	3855	3858	3861	3864	3867	3870	3873	3876
					3879	3882	3885	3888	3891	3894	3897	3900	3903	3906	3909	3912	3915	3918	3921	3924	3927	3930	3933
					3936	3939	3942	3945	3948	3951	3954	3957	3960	3963	3966	3969	3972	3975	3978	3981	3984	3987	3990
					3993	3996	3999	4002	4005	4008	4011	4014	4017	4020	4023	4026	4029	4032	4035	4038	4041	4044	4047
					4050	4053	4056	4059	4062	4065	4068	4071	4074	4077	4080	4083	4086	4089	4092	4095	4098	4101	4104
					4107	4110	4113	4116	4119	4122	4125	4128	4131	4134	4137	4140	4143	4146	4149	4152	4155	4158	4161
					4164	4167	4170	4173	4176	4179	4182	4185	4188	4191	4194	4197	4200	4203	4206	4209	4212	4215	4218
					4221	4224	4227	4230	4233	4236	4239	4242	4245	4248	4251	4254	4257	4260	4263	4266	4269	4272	4275
					4278	4281	4284	4287	4290	4293	4296	4299	4302	4305	4308	4311	4314	4317	4320	4323	4326	4329	4332
					4335	4338	4341	4344	4347	4350	4353	4356	4359	4362	4365	4368	4371	4374	4377	4380	4383	4386	4389
					4392	4395	4398	4401	4404	4407	4410	4413	4416	4419	4422	4425	4428	4431	4434	4437	4440	4443	4446
					4449	4452	4455	4458	4461	4464	4467	4470	4473	4476	4479	4482	4485	4488	4491	4494	4497	4500	4503
					4506	4509	4512	4515	4518	4521	4524	4527	4530	4533	4536	4539	4542	4545	4548	4551	4554	4557	4560
					4563	4566	4569	4572	4575	4578	4581	4584	4587	4590	4593	4596	4599	4602	4605	4608	4611	4614	4617
					4620	4623	4626	4629	4632	4635	4638	4641	4644	4647	4650	4653	4656	4659	4662	4665	4668	4671	4674
					4677	4680	4683	4686	4689	4692	4695	4698	4701	4704	4707	4710	4713	4716	4719	4722	4725	4728	4731
					4734	4737	4740	4743	4746	4749	4752	4755	4758	4761	4764	4767	4770	4773	4776	4779	4782	4785	4788
					4791	4794	4797	4800	4803	4806	4809	4812	4815	4818	4821	4824	4827	4830	4833	4836	4839	4842	4845
					4848	4851	4854	4857	4860	4863	4866	4869	4872	4875	4878	4881	4884	4887	4890	4893	4896	4899	4902
					4905	4908	4911	4914	4917	4920	4923	4926	4929	4932	4935	4938	4941	4944	4947	4950	4953	4956	4959
					4962	4965	4968	4971	4974	4977	4980	4983	4986	4989	4992	4995	4998	5001	5004	5007	5010	5013	5016
					5019	5022	5025	5028	5031	5034	5037	5040	5043	5046	5049	5052	5055	5058	5061	5064	5067	5070	5073
					5076	5079	5082	5085	5088	5091	5094	5097	5100	5103	5106	5109	5112	5115	5118	5121	5124	5127	5130
					5133	5136	5139	5142	5145	5148	5151	5154	5157	5160	5163	5166	5169	5172	5175	5178	5181	5184	5187
					5190	5193	5196	5199	5202	5205	5208	5211	5214	5217	5220	5223	5226	5229	5232	5235	5238	5241	5244
					5247	5250	5253	5256	5259	5262	5265	5268	5271	5274	5277	5280	5283	5286	5289	5292	5295	5298	5301
					5304	5307	5310	5313	5316	5319	5322	5325	5328	5331	5334	5337	5340	5343	5346	5349	5352	5355	5358
					5361	5364	5367	5370	5373	5376	5379	5382	5385	5388	5391	5394	5397	5400	5403	5406	5409	5412	5415
					5418	5421	5424	5427	5430	5433	5436	5439	5442	5445	5448	5451	5454	5457	5460	5463	5466	5469	5472
					5475	5478	5481	5484	5487	5490	5493	5496	5499	5502	5505	5508	5511	5514	5517	5520	5523	5526	5529
					5532	5535	5538	5541	5544	5547	5550	5553	5556	5559	5562	5565	5568	5571	5574	5577	5580	5583	5586
					5589	5592	5595	5598	5601	5604	5607	5610	5613	5616	5619	5622	5625	5628	5631	5634	5637	5640	5643
					5646	5649	5652	5655	5658	5661	5664	5667	5670	5673	5676	5679	5682	5685	5688	5691	5694	5697	5700
					5703	5706	5709	5712	5715	5718	5721	5724	5727	5730	5733	5736	5739	5742	5745	5748	5751	5754	5757
					5760	5763	5766	5769	5772	5775	5778	5781	5784	5787	5790	5793	5796	5799	5802	5805	5808	5811	5814
					5817	5820	5823	5826	5829	5832	5835	5838	5841	5844	5847	5850	5853	5856	5859	5862	5865	5868	5871
					5874	5877	5880	5883	5886	5889	5892	5895	5898	5901	5904	5907	5910	5913	5916	5919	5922	5925	5928
					5931	5934	5937	5940	5943	5946	5949	5952	5955	5958	5961	5964	5967	5970	5973	5976	5979	5982	5985
					5988	5991	5994	5997	6000	6003	6006	6009	6012	6015	6018	6021	6024	6027	6030	6033	6036	6039	6042
					6045	6048	6051	6054	6057	6060	6063	6066	6069	6072	6075	6078	6081	6084	6087	6090	6093	6096	6099
					6102	6105	6108	6111	6114	6117	6120	6123	6126	6129	6132	6135	6138	6141	6144	6147	6150	6153	6156
					6159	6162	6165	6168	6171	6174	6177	6180	6183	6186	6189	6192	6195	6198	6201	6204	6207	6210	6213
					6216	6219	6222	6225	6228	6231	6234	6237	6240	6243	6246	6249	6252	6255	6258	6261	6264	6267	6270
					6273	6276	6279	6282	6285	6288	6291	6294	6297	6300	6303	6306	6309	6312	6315	6318	6321	6324	6327
					6330	6333	6336	6339	6342	6345	6348	6351	6354	6357	6360	6363	6366	6369	6372	6375	6378	6381	6384
					6387	6390	6393	6396	6399	6402	6405	6408	6411	6414	6417	6420	6423	6426	6429	6432	6435	6438	6441
					6444	6447	6450	6453	6456	6459	6462	6465	6468	6471	6474	6477	6480	6483	6486	6489	6492	6495	6498
					6501	6504	6507	6510	6513	6516	6519	6522	6525	6528	6531	6534	6537	6540	6543	6546	6549	6552	6555
					6558	6561	6564	6567	6570	6573	6576	6579	6582	6585	6588	6591	6594	6597	6600	6603	6606	6609	6612
					6615	6618	6621	6624	6627	6630	6633	6636	6639	6642	6645	6648	6651	6654	6657	6660	6663	6666	6669
					6672	6675	6678	6681	6684	6687	6690	6693	6696	6699	6702	6705	6708	6711	6714	6717	6720	6723	6726
					6729	6732	6735	6738	6741	6744	6747	6750	6753	6756	6759	6762	6765	6768	6771	6774	6777	6780	6783
					6786	6789	6792	6795	6798	6801	6804	6807	6810	6813	6816	6819	6822	6825	6828	6831	6834	6837	6840
					6843	6846	6849	6852	6855	6858	6861	6864	6867	6870	6873	6876	6879	6882	6885	6888	6891	6894	6897
					6900	6903	6906	6909	6912	6915	6918	6921	6924	6927	6930	6933	6936	6939	6942	6945	6948	6951	6954
					6957	6960	6963	6966	6969	6972	6975	6978	6981	6984	6987	6990	6993	6996	6999	7002	7005	7008	7011
					7014	7017	7020	7023	7026	7029	7032	7035	7038	7041	7044	7047	7050	7053	7056	7059	7062	7065	7068
					7071	7074	7077	7080	7083	7086	7089	7092	7095	7098	7101	7104	7107	7110	7113	7116	7119	7122	7125
					7128	7131	7134	7137	7140	7143	7146	7149	7152	7155	7158	7161	7164	7167	7170	7173	7176	7179	7182
					7185	7188	7191	7194	7197	7200	7203	7206	7209	7212	7215	7218	7221	7224	7227	7230	7233	7236	7239
					7242	7245	7248	7251	7254	7257	7260	7263	7266	7269	7272	7275	7278	7281	7284	7287	7290	7293	7296
					7299	7302	7305	7308	7311	7314	7317	7320	7323	7326	7329	7332	7335	7338	7341	7344	7347	7350	7353
					7356	7359	7362	7365	7368	7371	7374	7377	7380	7383	7386	7389	7392	7395	7398	7401	7404	7407	7410
					7413	7416	7419	7422	7425	7428	7431	7434	7437	7440	7443	7446	7449	7452	7455	7458	7461	7464	7467
					7470	7473	7476	7479	7482	7485	7488	7491	7494	7497	7500	7503	7506	7509	7512	7515	7518	7521	7524
					7527	7530	7533	7536	7539	7542	7545	7548	7551	7554	7557	7560	7563	7566	7569	7572	7575	7578	7581
					7584	7587	7590	7593	7596	7599	7602	7605	7608	7611	7614	7617	7620	7623	7626	7629	7632	7635	7638
					7641	7644	7647	7650	7653	7656	7659	7662	7665	7668	7671	7674	7677	7680	7683	7686	7689	7692	7695
					7698	7701	7704	7707	7710	7713	7716	7719	7722	7725	7728	7731	7734	7737	7740	7743	7746	7749	7752
					7755	7758	7761	7764	7767	7770	7773	7776	7779	7782	7785	7788	7791	7794	7797	7800	7803	7806	7809
					7812	7815	7818	7821	7824	7827	7830	7833	7836	7839	7842	7845	7848	7851	7854	7857	7860	7863	7866
					7869	7872	7875	7878	7881	7884	7887	7890	7893	7896	7899	7902	7905	7908	7911	7914	7917	7920	7923
					7926	7929	7932	7935	7938	7941	7944	7947	7950	7953	7956	7959	7962	7965	7968	7971	7974	7977	7980
					7983	7986	7989	7992	7995	7998	8001	8004	8007	8010	8013	8016	8019	8022	8025	8028	8031	8034	8037
					8040	8043	8046	8049	8052	8055	8058	8061	8064	8067	8070	8073	8076	8079	8082	8085	8088	8091	8094
					8097	8100	8103	8106	8109	8112	8115	8118	8121	8124	8127	8130	8133	8136	8139	8142	8145	8148	8151
					8154	8157	8160	8163	8166	8169	8172	8175	8178	8181	8184	8187	8190	8193	8196	8199	8202	8205	8208
					8211	8214	8217	8220	8223	8226	8229	8232	8235	8238	8241	8244	8247	8250	8253	8256	8259	8262	8265
					8268	8271	8274	8277	8280	8283	8286	8289	8292	8295	8298	8301	8304	8307	8310	8313	8316	8319	8322
					8325	8328	8331	8334	8337	8340	8343	8346	8349	8352	8355	8358	8361	8364	8367	8370	8373	8376	8379
					8382	8385	8388	8391	8394	8397	8400	8403	8406	8409	8412	8415	8418	8421	8424	8427	8430	8433	8436
					8439	8442	8445	8448	8451	8454	8457	8460	8463	8466	8469	8472	8475	8478	8481	8484	8487	8490	8493
					8496	8499	8502	8505	8508	8511	8514	8517	8520	8523	8526	8529	8532	8535	8538	8541	8544	8547	8550
					8553	8556	8559	8562	8565	8568	8571	8574	8577	8580	8583	8586	8589	8592	8595	8598	8601	8604	8607
					8610	8613	8616	8619	8622	8625	8628	8631	8634	8637	8640	8643	8646	8649	8652	8655	8658	8661	8664
					8667	8670	8673	8676	8679	8682	8685	8688	8691	8694	8697	8700	8703	8706	8709	8712	8715	8718	8721
					8724	8727	8730	8733	8736	8739	8742	8745	8748	8751	8754	8757	8760	8763	8766	8769	8772	8775	8778
					8781	8784	8787	8790	8793	8796	8799	8802	8805	8808	8811	8814	8817	8820	8823	8826	8829	8832	8835
					8838	8841	8844	8847	8850	8853	8856	8859	8862	8865	8868	8871	8874	8877	8880	8883	8886	8889	8892
					8895	8898	8901	8904	8907	8910	8913	8916	8919	8922	8925	8928	8931	8934	8937	8940	8943	8946	8949
					8952	8955	8958	8961	8964	8967	8970	8973	8976	8979	8982	8985	8988	8991	8994	8997	9000	9003	9006
					9009	9012	9015	9018	9021	9024	9027	9030	9033	9036	9039	9042	9045	9048	9051	9054	9057	9060	9063
					9066	9069	9072	9075	9078	9081	9084	9087	9090	9093	9096	9099	9102	9105	9108	9111	9114	9117	9120
					9123	9126	9129	9132	9135	9138	9141	9144	9147	9150	9153	9156	9159	9162	9165	9168	9171	9174	9177
					9180	9183	9186	9189	9192	9195	9198	9201	9204	9207	9210	9213	9216	9219	9222	9225	9228	9231	9234
					9237	9240	9243	9246	9249	9252	9255	9258	9261	9264	9267	9270	9273	9276	9279	9282	9285	9288	9291
					9294	9297	9300	9303	9306	9309	9312	9315	9318	9321	9324	9327	9330	9333	9336	9339	9342	9345	9348
					9351	9354	9357	9360	9363	9366	9369	9372	9375	9378	9381	9384	9387	9390	9393	9396	9399	9402	9405
					9408	9411	9414	9417	9420	9423	9426	9429	9432	9435	9438	9441	9444	9447	9450	9453	9456	9459	9462
					9465	9468	9471	9474	9477	9480	9483	9486	9489	9492	9495	9498	9501	9504	9507	9510	9513	9516	9519
					9522	9525	9528	9531	9534	9537	9540	9543	9546	9549	9552	9555	9558	9561	9564	9567	9570	9573	9576
					9579	9582	9585	9588	9591	9594	9597	9600	9603	9606	9609	9612	9615	9618	9621	9624	9627	9630	9633
					9636	9639	9642	9645	9648	9651	9654	9657	9660	9663	9666	9669	9672	9675	9678	9681	9684	9687	9690
					9693	9696	9699	9702	9705	9708	9711	9714	9717	9720	9723	9726	9729	9732	9735	9738	9741	9744	9747
					9750	9753	9756	9759	9762	9765	9768	9771	9774	9777	9780	9783	9786	9789	9792	9795	9798	9801	9804
					9807	9810	9813	9816	9819	9822	9825	9828	9831	9834	9837	9840	9843	9846	9849	9852	9855	9858	9861
					9864	9867	9870	9873	9876	9879	9882	9885	9888	9891	9894	9897	9900	9903	9906	9909	9912	9915	9918
					9921	9924	9927	9930	9933	9936	9939	9942	9945	9948	9951	9954	9957	9960	9963	9966	9969	9972	9975
					9978	9981	9984	9987	9990	9993	9996	9999	10002	10005	10008	10011	10014	10017	10020	10023	10026	10029	10032
					10035	10038	10041	10044	10047	10050	10053	10056	10059	10062	10065	10068	10071	10074	10077	10080	10083	10086	10089
					10092	10095	10098	10101	10104	10107	10110	10113	10116	10119	10122	10125	10128	10131	10134	10137	10140	10143	10146
					10149	10152	10155	10158	10161	10164	10167	10170	10173	10176	10179	10182	10185	10188	10191	10194	10197	10200	10203
					10206	10209	10212	10215	10218	10221	10224	10227	10230	10233	10236	10239	10242	10245	10248	10251	10254	10257	10260
					10263	10266	10269	10272	10275	10278	10281	10284	10287	10290	10293	10296	10299	10302	10305	10308	10311	10314	10317
					10320	10323	10326	10329	10332	10335	10338	10341	10344	10347	10350	10353	10356	10359	10362	10365	10368	10371	10374
					10377	10380	10383	10386	10389	10392	10395	10398	10401	10404	10407	10410	10413	10416	10419	10422	10425	10428	10431
					10434	10437	10440	10443	10446	10449	10452	10455	10458	10461	10464	10467	10470	10473	10476	10479	10482	10485	10488
					10491	10494	10497	10500	10503	10506	10509	10512	10515	10518	10521	10524	10527	10530	10533	10536	10539	10542	10545
					10548	10551	10554	10557	10560	10563	10566	10569	10572	10575	10578	10581	10584	10587	10590	10593	10596	10599	10602
					10605	10608	10611	10614	10617	10620	10623	10626	10629	10632	10635	10638	10641	10644	10647	10650	10653	10656	10659
					10662	10665	10668	10671	10674	10677	10680	10683	10686	10689	10692	10695	10698	10701	10704	10707	10710	10713	10716
					10719	10722	10725	10728	10731	10734	10737	10740	10743	10746	10749	10752	10755	10758	10761	10764	10767	10770	10773
					10776	10779	10782	10785	10788	10791	10794	10797	10800	10803	10806	10809	10812	10815	10818	10821	10824	10827	10830
					10833	10836	10839	10842	10845	10848	10851	10854	10857	10860	10863	10866	10869	10872	10875	10878	10881	10884	10887
					10890	10893	10896	10899	10902	10905	10908	10911	10914	10917	10920	10923	10926	10929	10932	10935	10938	10941	10944
					10947	10950	10953	10956	10959	10962	10965	10968	10971	10974	10977	10980	10983	10986	10989	10992	10995	10998	11001
					11004	11007	11010	11013	11016	11019	11022	11025	11028	11031	11034	11037	11040	11043	11046	11049	11052	11055	11058
					11061	11064	11067	11070	11073	11076	11079	11082	11085	11088	11091	11094	11097	11100	11103	11106	11109	11112	11115
					11118	11121	11124	11127	11130	11133	11136	11139	11142	11145	11148	11151	11154	11157	11160	11163	11166	11169	11172
					11175	11178	11181	11184	11187	11190	11193	11196	11199	11202	11205	11208	11211	11214	11217	11220	11223	11226	11229
					11232	11235	11238	11241	11244	11247	11250	11253	11256	11259	11262	11265	11268	11271	11274	11277	11280	11283	11286
					11289	11292	11295	11298	11301	11304	11307	11310	11313	11316	11319	11322	11325	11328	11331	11334	11337	11340	11343
					11346	11349	11352	11355	11358	11361	11364	11367	11370	11373	11376	11379	11382	11385	11388	11391	11394	11397	11400
					11403	11406	11409	11412	11415	11418	11421	11424	11427	11430	11433	11436	11439	11442	11445	11448	11451	11454	11457
					11460	11463	11466	11469	11472	11475	11478	11481	11484	11487	11490	11493	11496	11499	11502	11505	11508	11511	11514
					11517	11520	11523	11526	11529	11532	11535	11538	11541	11544	11547	11550	11553	11556	11559	11562	11565	11568	11571
					11574	11577	11580	11583	11586	11589	11592	11595	11598	11601	11604	11607	11610	11613	11616	11619	11622	11625	11628
					11631	11634	11637	11640	11643	11646	11649	11652	11655	11658	11661	11664	11667	11670	11673	11676	11679	11682	11685
					11688	11691	11694	11697	11700	11703	11706	11709	11712	11715	11718	11721	11724	11727	11730	11733	11736	11739	11742
					11745	11748	11751	11754	11757	11760	11763	11766	11769	11772	11775	11778	11781	11784	11787	11790	11793	11796	11799
					11802	11805	11808	11811	11814	11817	11820	11823	11826	11829	11832	11835	11838	11841	11844	11847	11850	11853	11856
					11859	11862	11865	11868	11871	11874	11877	11880	11883	11886	11889	11892	11895	11898	11901	11904	11907	11910	11913
					11916	11919	11922	11925	11928	11931	11934	11937	11940	11943	11946	11949	11952	11955	11958	11961	11964	11967	11970
					11973	11976	11979	11982	11985	11988	11991	11994	11997	12000	12003	12006	12009	12012	12015	12018	12021	12024	12027
					12030	12033	12036	12039	12042	12045	12048	12051	12054	12057	12060	12063	12066	12069	12072	12075	12078	12081	12084
					12087	12090	12093	12096	12099	12102	12105	12108	12111	12114	12117	12120	12123	12126	12129	12132	12135	12138	12141
					12144	12147	12150	12153	12156	12159	12162	12165	12168	12171	12174	12177	12180	12183	12186	12189	12192	12195	12198
					12201	12204	12207	12210	12213	12216	12219	12222	12225	12228	12231	12234	12237	12240	12243	12246	12249	12252	12255
					12258	12261	12264	12267	12270	12273	12276	12279	12282	12285	12288	12291	12294	12297	12300	12303	12306	12309	12312
					12315	12318	12321	12324	12327	12330	12333	12336	12339	12342	12345	12348	12351	12354	12357	12360	12363	12366	12369
					12372	12375	12378	12381	12384	12387	12390	12393	12396	12399	12402	12405	12408	12411	12414	12417	12420	12423	12426
					12429	12432	12435	12438	12441	12444	12447	12450	12453	12456	12459	12462	12465	12468	12471	12474	12477	12480	12483
					12486	12489	12492	12495	12498	12501	12504	12507	12510	12513	12516	12519	12522	12525	12528	12531	12534	12537	12540
					12543	12546	12549	12552	12555	12558	12561	12564	12567	12570	12573	12576	12579	12582	12585	12588	12591	12594	12597
					12600	12603	12606	12609	12612	12615	12618	12621	12624	12627	12630	12633	12636	12639	12642	12645	12648	12651	12654
					12657	12660	12663	12666	12669	12672	12675	12678	12681	12684	12687	12690	12693	12696	12699	12702	12705	12708	12711
					12714	12717	12720	12723	12726	12729	12732	12735	12738	12741	12744	12747	12750	12753	12756	12759	12762	12765	12768
					12771	12774	12777	12780	12783	12786	12789	12792	12795	12798	12801	12804	12807	12810	12813	12816	12819	12822	12825
					12828	12831	12834	12837	12840	12843	12846	12849	12852	12855	12858	12861	12864	12867	12870	12873	12876	12879	12882
					12885	12888	12891	12894	12897	12900	12903	12906	12909	12912	12915	12918	12921	12924	12927	12930	12933	12936	12939
					12942	12945	12948	12951	12954	12957	12960	12963	12966	12969	12972	12975	12978	12981	12984	12987	12990	12993	12996
					12999	13002	13005	13008	13011	13014	13017	13020	13023	13026	13029	13032	13035	13038	13041	13044	13047	13050	13053
					13056	13059	13062	13065	13068	13071	13074	13077	13080	13083	13086	13089	13092	13095	13098	13101	13104	13107	13110
					13113	13116	13119	13122	13125	13128	13131	13134	13137	13140	13143	13146	13149	13152	13155	13158	13161	13164	13167
					13170	13173	13176	13179	13182	13185	13188	13191	13194	13197	13200	13203	13206	13209	13212	13215	13218	13221	13224
					13227	13230	13233	13236	13239	13242	13245	13248	13251	13254	13257	13260	13263	13266	13269	13272	13275	13278	13281
					13284	13287	13290	13293	13296	13299	13302	13305	13308	13311	13314	13317	13320	13323	13326	13329	13332	13335	13338
					13341	13344	13347	13350	13353	13356	13359	13362	13365	13368	13371	13374	13377	13380	13383	13386	13389	13392	13395
					13398	13401	13404	13407	13410	13413	13416	13419	13422	13425	13428	13431	13434	13437	13440	13443	13446	13449	13452
					13455	13458	13461	13464	13467	13470	13473	13476	13479	13482	13485	13488	13491	13494	13497	13500	13503	13506	13509
					13512	13515	13518	13521	13524	13527	13530	13533	13536	13539	13542	13545	13548	13551	13554	13557	13560	13563	13566
					13569	13572	13575	13578	13581	13584	13587	13590	13593	13596	13599	13602	13605	13608	13611	13614	13617	13620	13623
					13626	13629	13632	13635	13638	13641	13644	13647	13650	13653	13656	13659	13662	13665	13668	13671	13674	13677	13680
					13683	13686	13689	13692	13695	13698	13701	13704	13707	13710	13713	13716	13719	13722	13725	13728	13731	13734	13737
					13740	13743	13746	13749	13752	13755	13758	13761	13764	13767	13770	13773	13776	13779	13782	13785	13788	13791	13794
					13797	13800	13803	13806	13809	13812	13815	13818	13821	13824	13827	13830	13833	13836	13839	13842	13845	13848	13851
					13854	13857	13860	13863	13866	13869	13872	13875	13878	13881	13884	13887	13890	13893	13896	13899	13902	13905	13908
					13911	13914	13917	13920	13923	13926	13929	13932	13935	13938	13941	13944	13947	13950	13953	13956	13959	13962	13965
					13968	13971	13974	13977	13980	13983	13986	13989	13992	13995	13998	14001	14004	14007	14010	14013	14016	14019	14022
					14025	14028	14031	14034	14037	14040	14043	14046	14049	14052	14055	14058	14061	14064	14067	14070	14073	14076	14079
					14082	14085	14088	14091	14094	14097	14100	14103	14106	14109	14112	14115	14118	14121	14124	14127	14130	14133	14136
					14139	14142	14145	14148	14151	14154	14157	14160	14163	14166	14169	14172	14175	14178	14181	14184	14187	14190	14193
					14196	14199	14202	14205	14208	14211	14214	14217	14220	14223	14226	14229	14232	14235	14238	14241	14244	14247	14250
					14253	14256	14259	14262	14265	14268	14271	14274	14277	14280	14283	14286	14289	14292	14295	14298	14301	14304	14307
					14310	14313	14316	14319	14322	14325	14328	14331	14334	14337	14340	14343	14346	14349	14352	14355	14358	14361	14364
					14367	14370	14373	14376	14379	14382	14385	14388	14391	14394	14397	14400	14403	14406	14409	14412	14415	14418	14421
					14424	14427	14430	14433	14436	14439	14442	14445	14448	14451	14454	14457	14460	14463	14466	14469	14472	14475	14478
					14481	14484	14487	14490	14493	14496	14499	14502	14505	14508	14511	14514	14517	14520	14523	14526	14529	14532	14535
					14538	14541	14544	14547	14550	14553	14556	14559	14562	14565	14568	14571	14574	14577	14580	14583	14586	14589	14592
					14595	14598	14601	14604	14607	14610	14613	14616	14619	14622	14625	14628	14631	14634	14637	14640	14643	14646	14649
					14652	14655	14658	14661	14664	14667	14670	14673	14676	14679	14682	14685	14688	14691	14694	14697	14700	14703	14706
					14709	14712	14715	14718	14721	14724	14727	14730	14733	14736	14739	14742	14745	14748	14751	14754	14757	14760	14763
					14766	14769	14772	14775	14778	14781	14784	14787	14790	14793	14796	14799	14802	14805	14808	14811	14814	14817	14820
					14823	14826	14829	14832	14835	14838	14841	14844	14847	14850	14853	14856	14859	14862	14865	14868	14871	14874	14877
					14880	14883	14886	14889	14892	14895	14898	14901	14904	14907	14910	14913	14916	14919	14922	14925	14928	14931	14934
					14937	14940	14943	14946	14949	14952	14955	14958	14961	14964	14967	14970	14973	14976	14979	14982	14985	14988	14991
					14994	14997	15000	15003	15006	15009	15012	15015	15018	15021	15024	15027	15030	15033	15036	15039	15042	15045	15048
					15051	15054	15057	15060	15063	15066	15069	15072	15075	15078	15081	15084	15087	15090	15093	15096	15099	15102	15105
					15108	15111	15114	15117	15120	15123	15126	15129	15132	15135	15138	15141	15144	15147	15150	15153	15156	15159	15162
					15165	15168	15171	15174	15177	15180	15183	15186	15189	15192	15195	15198	15201	15204	15207	15210	15213	15216	15219
					15222	15225	15228	15231	15234	15237	15240	15243	15246	15249	15252	15255	15258	15261	15264	15267	15270	15273	15276
					15279	15282	15285	15288	15291	15294	15297	15300	15303	15306	15309	15312	15315	15318	15321	15324	15327	15330	15333
					15336	15339	15342	15345	15348	15351	15354	15357	15360	15363	15366	15369	15372	15375	15378	15381	15384	15387	15390
					15393	15396	15399	15402	15405	15408	15411	15414	15417	15420	15423	15426	15429	15432	15435	15438	15441	15444	15447
					15450	15453	15456	15459	15462	15465	15468	15471	15474	15477	15480	15483	15486	15489	15492	15495	15498	15501	15504
					15507	15510	15513	15516	15519	15522	15525	15528	15531	15534	15537	15540	15543	15546	15549	15552	15555	15558	15561
					15564	15567	15570	15573	15576	15579	15582	15585	15588	15591	15594	15597	15600	15603	15606	15609	15612	15615	15618
					15621	15624	15627	15630	15633	15636	15639	15642	15645	15648	15651	15654	15657	15660	15663	15666	15669	15672	15675
					15678	15681	15684	15687	15690	15693	15696	15699	15702	15705	15708	15711	15714	15717	15720	15723	15726	15729	15732
					15735	15738	15741	15744	15747	15750	15753	15756	15759	15762	15765	15768	15771	15774	15777	15780	15783	15786	15789
					15792	15795	15798	15801	15804	15807	15810	15813	15816	15819	15822	15825	15828	15831	15834	15837	15840	15843	15846
					15849	15852	15855	15858	15861	15864	15867	15870	15873	15876	15879	15882	15885	15888	15891	15894	15897	15900	15903
					15906	15909	15912	15915	15918	15921	15924	15927	15930	15933	15936	15939	15942	15945	15948	15951	15954	15957	15960
					15963	15966	15969	15972	15975	15978	15981	15984	15987	15990	15993	15996	15999	16002	16005	16008	16011	16014	16017
					16020	16023	16026	16029	16032	16035	16038	16041	16044	16047	16050	16053	16056	16059	16062	16065	16068	16071	16074
					16077	16080	16083	16086	16089	16092	16095	16098	16101	16104	16107	16110	16113	16116	16119	16122	16125	16128	16131
					16134	16137	16140	16143	16146	16149	16152	16155	16158	16161	16164	16167	16170	16173	16176	16179	16182	16185	16188
					16191	16194	16197	16200	16203	16206	16209	16212	16215	16218	16221	16224	16227	16230	16233	16236	16239	16242	16245
					16248	16251	16254	16257	16260	16263	16266	16269	16272	16275	16278	16281	16284	16287	16290	16293	16296	16299	16302
					16305	16308	16311	16314	16317	16320	16323	16326	16329	16332	16335	16338	16341	16344	16347	16350	16353	16356	16359
					16362	16365	16368	16371	16374	16377	16380	16383	16386	16389	16392	16395	16398	16401	16404	16407	16410	16413	16416
					16419	16422	16425	16428	16431	16434	16437	16440	16443	16446	16449	16452	16455	16458	16461	16464	16467	16470	16473
					16476	16479	16482	16485	16488	16491	16494	16497	16500	16503	16506	16509	16512	16515	16518	16521	16524	16527	16530
					16533	16536	16539	16542	16545	16548	16551	16554	16557	16560	16563	16566	16569	16572	16575	16578	16581	16584	16587
					16590	16593	16596	16599	16602	16605	16608	16611	16614	16617	16620	16623	16626	16629	16632	16635	16638	16641	16644
					16647	16650	16653	16656	16659	16662	16665	16668	16671	16674	16677	16680	16683	16686	16689	16692	16695	16698	16701
					16704	16707	16710	16713	16716	16719	16722	16725	16728	16731	16734	16737	16740	16743	16746	16749	16752	16755	16758
					16761	16764	16767	16770	16773	16776	16779	16782	16785	16788	16791	16794	16797	16800	16803	16806	16809	16812	16815
					16818	16821	16824	16827	16830	16833	16836	16839	16842	16845	16848	16851	16854	16857	16860	16863	16866	16869	16872
					16875	16878	16881	16884	16887	16890	16893	16896	16899	16902	16905	16908	16911	16914	16917	16920	16923	16926	16929
					16932	16935	16938	16941	16944	16947	16950	16953	16956	16959	16962	16965	16968	16971	16974	16977	16980	16983	16986
					16989	16992	16995	16998	17001	17004	17007	17010	17013	17016	17019	17022	17025	17028	17031	17034	17037	17040	17043
					17046	17049	17052	17055	17058	17061	17064	17067	17070	17073	17076	17079	17082	17085	17088	17091	17094	17097	17100
					17103	17106	17109	17112	17115	17118	17121	17124	17127	17130	17133	17136	17139	17142	17145	17148	17151	17154	17157
					17160	17163	17166	17169	17172	17175	17178	17181	17184	17187	17190	17193	17196	17199	17202	17205	17208	17211	17214
					17217	17220	17223	17226	17229	17232	17235	17238	17241	17244	17247	17250	17253	17256	17259	17262	17265	17268	17271
					17274	17277	17280	17283	17286	17289	17292	17295	17298	17301	17304	17307	17310	17313	17316	17319	17322	17325	17328
					17331	17334	17337	17340	17343	17346	17349	17352	17355	17358	17361	17364	17367	17370	17373	17376	17379	17382	17385
					17388	17391	17394	17397	17400	17403	17406	17409	17412	17415	17418	17421	17424	17427	17430	17433	17436	17439	17442
					17445	17448	17451	17454	17457	17460	17463	17466	17469	17472	17475	17478	17481	17484	17487	17490	17493	17496	17499
					17502	17505	17508	17511	17514	17517	17520	17523	17526	17529	17532	17535	17538	17541	17544	17547	17550	17553	17556
					17559	17562	17565	17568	17571	17574	17577	17580	17583	17586	17589	17592	17595	17598	17601	17604	17607	17610	17613
					17616	17619	17622	17625	17628	17631	17634	17637	17640	17643	17646	17649	17652	17655	17658	17661	17664	17667	17670
					17673	17676	17679	17682	17685	17688	17691	17694	17697	17700	17703	17706	17709	17712	17715	17718	17721	17724	17727
					17730	17733	17736	17739	17742	17745	17748	17751	17754	17757	17760	17763	17766	17769	17772	17775	17778	17781	17784
					17787	17790	17793	17796	17799	17802	17805	17808	17811	17814	17817	17820	17823	17826	17829	17832	17835	17838	17841
					17844	17847	17850	17853	17856	17859	17862	17865	17868	17871	17874	17877	17880	17883	17886	17889	17892	17895	17898
					17901	17904	17907	17910	17913	17916	17919	17922	17925	17928	17931	17934	17937	17940	17943	17946	17949	17952	17955
					17958	17961	17964	17967	17970	17973	17976	17979	17982	17985	17988	17991	17994	17997	18000	18003	18006	18009	18012
					18015	18018	18021	18024	18027	18030	18033	18036	18039	18042	18045	18048	18051	18054	18057	18060	18063	18066	18069
					18072	18075	18078	18081	18084	18087	18090	18093	18096	18099	18102	18105	18108	18111	18114	18117	18120	18123	18126
					18129	18132	18135	18138	18141	18144	18147	18150	18153	18156	18159	18162	18165	18168	18171	18174	18177	18180	18183
					18186	18189	18192	18195	18198	18201	18204	18207	18210	18213	18216	18219	18222	18225	18228	18231	18234	18237	18240
					18243	18246	18249	18252	18255	18258	18261	18264	18267	18270	18273	18276	18279	18282	18285	18288	18291	18294	18297
					18300	18303	18306	18309	18312	18315	18318	18321	18324	18327	18330	18333	18336	18339	18342	18345	18348	18351	18354
					18357	18360	18363	18366	18369	18372	18375	18378	18381	18384	18387	18390	18393	18396	18399	18402	18405	18408	18411
					18414	18417	18420	18423	18426	18429	18432	18435	18438	18441	18444	18447	18450	18453	18456	18459	18462	18465	18468
					18471	18474	18477	18480	18483	18486	18489	18492	18495	18498	18501	18504	18507	18510	18513	18516	18519	18522	18525
					18528	18531	18534	18537	18540	18543	18546	18549	18552	18555	18558	18561	18564	18567	18570	18573	18576	18579	18582
					18585	18588	18591	18594	18597	18600	18603	18606	18609	18612	18615	18618	18621	18624	18627	18630	18633	18636	18639
					18642	18645	18648	18651	18654	18657	18660	18663	18666	18669	18672	18675	18678	18681	18684	18687	18690	18693	18696
					18699	18702	18705	18708	18711	18714	18717	18720	18723	18726	18729	18732	18735	18738	18741	18744	18747	18750	18753
					18756	18759	18762	18765	18768	18771	18774	18777	18780	18783	18786	18789	18792	18795	18798	18801	18804	18807	18810
					18813	18816	18819	18822	18825	18828	18831	18834	18837	18840	18843	18846	18849	18852	18855	18858	18861	18864	18867
					18870	18873	18876	18879	18882	18885	18888	18891	18894	18897	18900	18903	18906	18909	18912	18915	18918	18921	18924
					18927	18930	18933	18936	18939	18942	18945	18948	18951	18954	18957	18960	18963	18966	18969	18972	18975	18978	18981
					18984	18987	18990	18993	18996	18999	19002	19005	19008	19011	19014	19017	19020	19023	19026	19029	19032	19035	19038
					19041	19044	19047	19050	19053	19056	19059	19062	19065	19068	19071	19074	19077	19080	19083	19086	19089	19092	19095
					19098	19101	19104	19107	19110	19113	19116	19119	19122	19125	19128	19131	19134	19137	19140	19143	19146	19149	19152
					19155	19158	19161	19164	19167	19170	19173	19176	19179	19182	19185	19188	19191	19194	19197	19200	19203	19206	19209
					19212	19215	19218	19221	19224	19227	19230	19233	19236	19239	19242	19245	19248	19251	19254	19257	19260	19263	19266
					19269	19272	19275	19278	19281	19284	19287	19290	19293	19296	19299	19302	19305	19308	19311	19314	19317	19320	19323
					19326	19329	19332	19335	19338	19341	19344	19347	19350	19353	19356	19359	19362	19365	19368	19371	19374	19377	19380
					19383	19386	19389	19392	19395	19398	19401	19404	19407	19410	19413	19416	19419	19422	19425	19428	19431	19434	19437
					19440	19443	19446	19449	19452	19455	19458	19461	19464	19467	19470	19473	19476	19479	19482	19485	19488	19491	19494
					19497	19500	19503	19506	19509	19512	19515	19518	19521	19524	19527	19530	19533	19536	19539	19542	19545	19548	19551
					19554	19557	19560	19563	19566	19569	19572	19575	19578	19581	19584	19587	19590	19593	19596	19599	19602	19605	19608
					19611	19614	19617	19620	19623	19626	19629	19632	19635	19638	19641	19644	19647	19650	19653	19656	19659	19662	19665
					19668	19671	19674	19677	19680	19683	19686	19689	19692	19695	19698	19701	19704	19707	19710	19713	19716	19719	19722
					19725	19728	19731	19734	19737	19740	19743	19746	19749	19752	19755	19758	19761	19764	19767	19770	19773	19776	19779
					19782	19785	19788	19791	19794	19797	19800	19803	19806	19809	19812	19815	19818	19821	19824	19827	19830	19833	19836
					19839	19842	19845	19848	19851	19854	19857	19860	19863	19866	19869	19872	19875	19878	19881	19884	19887	19890	19893
					19896	19899	19902	19905	19908	19911	19914	19917	19920	19923	19926	19929	19932	19935	19938	19941	19944	19947	19950
					19953	19956	19959	19962	19965	19968	19971	19974	19977	19980	19983	19986	19989	19992	19995	19998	20001	20004	20007
					20010	20013	20016	20019	20022	20025	20028	20031	20034	20037	20040	20043	20046	20049	20052	20055	20058	20061	20064
					20067	20070	20073	20076	20079	20082	20085	20088	20091	20094	20097	20100	20103	20106	20109	20112	20115	20118	20121
					20124	20127	20130	20133	20136	20139	20142	20145	20148	20151	20154	20157	20160	20163	20166	20169	20172	20175	20178
					20181	20184	20187	20190	20193	20196	20199	20202	20205	20208	20211	20214	20217	20220	20223	20226	20229	20232	20235
					20238	20241	20244	20247	20250	20253	20256	20259	20262	20265	20268	20271	20274	20277	20280	20283	20286	20289	20292
					20295	20298	20301	20304	20307	20310	20313	20316	20319	20322	20325	20328	20331	20334	20337	20340	20343	20346	20349
					20352	20355	20358	20361	20364	20367	20370	20373	20376	20379	20382	20385	20388	20391	20394	20397	20400	20403	20406
					20409	20412	20415	20418	20421	20424	20427	20430	20433	20436	20439	20442	20445	20448	20451	20454	20457	20460	20463
					20466	20469	20472	20475	20478	20481	20484	20487	20490	20493	20496	20499	20502	20505	20508	20511	20514	20517	20520
					20523	20526	20529	20532	20535	20538	20541	20544	20547	20550	20553	20556	20559	20562	20565	20568	20571	20574	20577
					20580	20583	20586	20589	20592	20595	20598	20601	20604	20607	20610	20613	20616	20619	20622	20625	20628	20631	20634
					20637	20640	20643	20646	20649	20652	20655	20658	20661	20664	20667	20670	20673	20676	20679	20682	20685	20688	20691
					20694	20697	20700	20703	20706	20709	20712	20715	20718	20721	20724	20727	20730	20733	20736	20739	20742	20745	20748
					20751	20754	20757	20760	20763	20766	20769	20772	20775	20778	20781	20784	20787	20790	20793	20796	20799	20802	20805
					20808	20811	20814	20817	20820	20823	20826	20829	20832	20835	20838	20841	20844	20847	20850	20853	20856	20859	20862
					20865	20868	20871	20874	20877	20880	20883	20886	20889	20892	20895	20898	20901	20904	20907	20910	20913	20916	20919
					20922	20925	20928	20931	20934	20937	20940	20943	20946	20949	20952	20955	20958	20961	20964	20967	20970	20973	20976
					20979	20982	20985	20988	20991	20994	20997	21000	21003	21006	21009	21012	21015	21018	21021	21024	21027	21030	21033
					21036	21039	21042	21045	21048	21051	21054	21057	21060	21063	21066	21069	21072	21075	21078	21081	21084	21087	21090
					21093	21096	21099	21102	21105	21108	21111	21114	21117	21120	21123	21126	21129	21132	21135	21138	21141	21144	21147
					21150	21153	21156	21159	21162	21165	21168	21171	21174	21177	21180	21183	21186	21189	21192	21195	21198	21201	21204
					21207	21210	21213	21216	21219	21222	21225	21228	21231	21234	21237	21240	21243	21246	21249	21252	21255	21258	21261
					21264	21267	21270	21273	21276	21279	21282	21285	21288	21291	21294	21297	21300	21303	21306	21309	21312	21315	21318
					21321	21324	21327	21330	21333	21336	21339	21342	21345	21348	21351	21354	21357	21360	21363	21366	21369	21372	21375
					21378	21381	21384	21387	21390	21393	21396	21399	21402	21405	21408	21411	21414	21417	21420	21423	21426	21429	21432
					21435	21438	21441	21444	21447	21450	21453	21456	21459	21462	21465	21468	21471	21474	21477	21480	21483	21486	21489
					21492	21495	21498	21501	21504	21507	21510	21513	21516	21519	21522	21525	21528	21531	21534	21537	21540	21543	21546
					21549	21552	21555	21558	21561	21564	21567	21570	21573	21576	21579	21582	21585	21588	21591	21594	21597	21600	21603
					21606	21609	21612	21615	21618	21621	21624	21627	21630	21633	21636	21639	21642	21645	21648	21651	21654	21657	21660
					21663	21666	21669	21672	21675	21678	21681	21684	21687	21690	21693	21696	21699	21702	21705	21708	21711	21714	21717
					21720	21723	21726	21729	21732	21735	21738	21741	21744	21747	21750	21753	21756	21759	21762	21765	21768	21771	21774
					21777	21780	21783	21786	21789	21792	21795	21798	21801	21804	21807	21810	21813	21816	21819	21822	21825	21828	21831
					21834	21837	21840	21843	21846	21849	21852	21855	21858	21861	21864	21867	21870	21873	21876	21879	21882	21885	21888
					21891	21894	21897	21900	21903	21906	21909	21912	21915	21918	21921	21924	21927	21930	21933	21936	21939	21942	21945
					21948	21951	21954	21957	21960	21963	21966	21969	21972	21975	21978	21981	21984	21987	21990	21993	21996	21999	22002
					22005	22008	22011	22014	22017	22020	22023	22026	22029	22032	22035	22038	22041	22044	22047	22050	22053	22056	22059
					22062	22065	22068	22071	22074	22077	22080	22083	22086	22089	22092	22095	22098	22101	22104	22107	22110	22113	22116
					22119	22122	22125	22128	22131	22134	22137	22140	22143	22146	22149	22152	22155	22158	22161	22164	22167	22170	22173
					22176	22179	22182	22185	22188	22191	22194	22197	22200	22203	22206	22209	22212	22215	22218	22221	22224	22227	22230
					22233	22236	22239	22242	22245	22248	22251	22254	22257	22260	22263	22266	22269	22272	22275	22278	22281	22284	22287
					22290	22293	22296	22299	22302	22305	22308	22311	22314	22317	22320	22323	22326	22329	22332	22335	22338	22341	22344
					22347	22350	22353	22356	22359	22362	22365	22368	22371	22374	22377	22380	22383	22386	22389	22392	22395	22398	22401
					22404	22407	22410	22413	22416	22419	22422	22425	22428	22431	22434	22437	22440	22443	22446	22449	22452	22455	22458
					22461	22464	22467	22470	22473	22476	22479	22482	22485	22488	22491	22494	22497	22500	22503	22506	22509	22512	22515
					22518	22521	22524	22527	22530	22533	22536	22539	22542	22545	22548	22551	22554	22557	22560	22563	22566	22569	22572
					22575	22578	22581	22584	22587	22590	22593	22596	22599	22602	22605	22608	22611	22614	22617	22620	22623	22626	22629
					22632	22635	22638	22641	22644	22647	22650	22653	22656	22659	22662	22665	22668	22671	22674	22677	22680	22683	22686
					22689	22692	22695	22698	22701	22704	22707	22710	22713	22716	22719	22722	22725	22728	22731	22734	22737	22740	22743
					22746	22749	22752	22755	22758	22761	22764	22767	22770	22773	22776	22779	22782	22785	22788	22791	22794	22797	22800
					22803	22806	22809	22812	22815	22818	22821	22824	22827	22830	22833	22836	22839	22842	22845	22848	22851	22854	22857
					22860	22863	22866	22869	22872	22875	22878	22881	22884	22887	22890	22893	22896	22899	22902	22905	22908	22911	22914
					22917	22920	22923	22926	22929	22932	22935	22938	22941	22944	22947	22950	22953	22956	22959	22962	22965	22968	22971
					22974	22977	22980	22983	22986	22989	22992	22995	22998	23001	23004	23007	23010	23013	23016	23019	23022	23025	23028
					23031	23034	23037	23040	23043	23046	23049	23052	23055	23058	23061	23064	23067	23070	23073	23076	23079	23082	23085
					23088	23091	23094	23097	23100	23103	23106	23109	23112	23115	23118	23121	23124	23127	23130	23133	23136	23139	23142
					23145	23148	23151	23154	23157	23160	23163	23166	23169	23172	23175	23178	23181	23184	23187	23190	23193	23196	23199
					23202	23205	23208	23211	23214	23217	23220	23223	23226	23229	23232	23235	23238	23241	23244	23247	23250	23253	23256
					23259	23262	23265	23268	23271	23274	23277	23280	23283	23286	23289	23292	23295	23298	23301	23304	23307	23310	23313
					23316	23319	23322	23325	23328	23331	23334	23337	23340	23343	23346	23349	23352	23355	23358	23361	23364	23367	23370
					23373	23376	23379	23382	23385	23388	23391	23394	23397	23400	23403	23406	23409	23412	23415	23418	23421	23424	23427
					23430	23433	23436	23439	23442	23445	23448	23451	23454	23457	23460	23463	23466	23469	23472	23475	23478	23481	23484
					23487	23490	23493	23496	23499	23502	23505	23508	23511	23514	23517	23520	23523	23526	23529	23532	23535	23538	23541
					23544	23547	23550	23553	23556	23559	23562	23565	23568	23571	23574	23577	23580	23583	23586	23589	23592	23595	23598
					23601	23604	23607	23610	23613	23616	23619	23622	23625	23628	23631	23634	23637	23640	23643	23646	23649	23652	23655
					23658	23661	23664	23667	23670	23673	23676	23679	23682	23685	23688	23691	23694	23697	23700	23703	23706	23709	23712
					23715	23718	23721	23724	23727	23730	23733	23736	23739	23742	23745	23748	23751	23754	23757	23760	23763	23766	23769
					23772	23775	23778	23781	23784	23787	23790	23793	23796	23799	23802	23805	23808	23811	23814	23817	23820	23823	23826
					23829	23832	23835	23838	23841	23844	23847	23850	23853	23856	23859	23862	23865	23868	23871	23874	23877	23880	23883
					23886	23889	23892	23895	23898	23901	23904	23907	23910	23913	23916	23919	23922	23925	23928	23931	23934	23937	23940
					23943	23946	23949	23952	23955	23958	23961	23964	23967	23970	23973	23976	23979	23982	23985	23988	23991	23994	23997
					24000	24003	24006	24009	24012	24015	24018	24021	24024	24027	24030	24033	24036	24039	24042	24045	24048	24051	24054
					24057	24060	24063	24066	24069	24072	24075	24078	24081	24084	24087	24090	24093	24096	24099	24102	24105	24108	24111
					24114	24117	24120	24123	24126	24129	24132	24135	24138	24141	24144	24147	24150	24153	24156	24159	24162	24165	24168
					24171	24174	24177	24180	24183	24186	24189	24192	24195	24198	24201	24204	24207	24210	24213	24216	24219	24222	24225
					24228	24231	24234	24237	24240	24243	24246	24249	24252	24255	24258	24261	24264	24267	24270	24273	24276	24279	24282
					24285	24288	24291	24294	24297	24300	24303	24306	24309	24312	24315	24318	24321	24324	24327	24330	24333	24336	24339
					24342	24345	24348	24351	24354	24357	24360	24363	24366	24369	24372	24375	24378	24381	24384	24387	24390	24393	24396
					24399	24402	24405	24408	24411	24414	24417	24420	24423	24426	24429	24432	24435	24438	24441	24444	24447	24450	24453
					24456	24459	24462	24465	24468	24471	24474	24477	24480	24483	24486	24489	24492	24495	24498	24501	24504	24507	24510
					24513	24516	24519	24522	24525	24528	24531	24534	24537	24540	24543	24546	24549	24552	24555	24558	24561	24564	24567
					24570	24573	24576	24579	24582	24585	24588	24591	24594	24597	24600	24603	24606	24609	24612	24615	24618	24621	24624
					24627	24630	24633	24636	24639	24642	24645	24648	24651	24654	24657	24660	24663	24666	24669	24672	24675	24678	24681
					24684	24687	24690	24693	24696	24699	24702	24705	24708	24711	24714	24717	24720	24723	24726	24729	24732	24735	24738
					24741	24744	24747	24750	24753	24756	24759	24762	24765	24768	24771	24774	24777	24780	24783	24786	24789	24792	24795
					24798	24801	24804	24807	24810	24813	24816	24819	24822	24825	24828	24831	24834	24837	24840	24843	24846	24849	24852
					24855	24858	24861	24864	24867	24870	24873	24876	24879	24882	24885	24888	24891	24894	24897	24900	24903	24906	24909
					24912	24915	24918	24921	24924	24927	24930	24933	24936	24939	24942	24945	24948	24951	24954	24957	24960	24963	24966
					24969	24972	24975	24978	24981	24984	24987	24990	24993	24996	24999	25002	25005	25008	25011	25014	25017	25020	25023
					25026	25029	25032	25035	25038	25041	25044	25047	25050	25053	25056	25059	25062	25065	25068	25071	25074	25077	25080
					25083	25086	25089	25092	25095	25098	25101	25104	25107	25110	25113	25116	25119	25122	25125	25128	25131	25134	25137
					25140	25143	25146	25149	25152	25155	25158	25161	25164	25167	25170	25173	25176	25179	25182	25185	25188	25191	25194
					25197	25200	25203	25206	25209	25212	25215	25218	25221	25224	25227	25230	25233	25236	25239	25242	25245	25248	25251
					25254	25257	25260	25263	25266	25269	25272	25275	25278	25281	25284	25287	25290	25293	25296	25299	25302	25305	25308
					25311	25314	25317	25320	25323	25326	25329	25332	25335	25338	25341	25344	25347	25350	25353	25356	25359	25362	25365
					25368	25371	25374	25377	25380	25383	25386	25389	25392	25395	25398	25401	25404	25407	25410	25413	25416	25419	25422
					25425	25428	25431	25434	25437	25440	25443	25446	25449	25452	25455	25458	25461	25464	25467	25470	25473	25476	25479
					25482	25485	25488	25491	25494	25497	25500	25503	25506	25509	25512	25515	25518	25521	25524	25527	25530	25533	25536
					25539	25542	25545	25548	25551	25554	25557	25560	25563	25566	25569	25572	25575	25578	25581	25584	25587	25590	25593
					25596	25599	25602	25605	25608	25611	25614	25617	25620	25623	25626	25629	25632	25635	25638	25641	25644	25647	25650
					25653	25656	25659	25662	25665	25668	25671	25674	25677	25680	25683	25686	25689	25692	25695	25698	25701	25704	25707
					25710	25713	25716	25719	25722	25725	25728	25731	25734	25737	25740	25743	25746	25749	25752	25755	25758	25761	25764
					25767	25770	25773	25776	25779	25782	25785	25788	25791	25794	25797	25800	25803	25806	25809	25812	25815	25818	25821
					25824	25827	25830	25833	25836	25839	25842	25845	25848	25851	25854	25857	25860	25863	25866	25869	25872	25875	25878
					25881	25884	25887	25890	25893	25896	25899	25902	25905	25908	25911	25914	25917	25920	25923	25926	25929	25932	25935
					25938	25941	25944	25947	25950	25953	25956	25959	25962	25965	25968	25971	25974	25977	25980	25983	25986	25989	25992
					25995	25998	26001	26004	26007	26010	26013	26016	26019	26022	26025	26028	26031	26034	26037	26040	26043	26046	26049
					26052	26055	26058	26061	26064	26067	26070	26073	26076	26079	26082	26085	26088	26091	26094	26097	26100	26103	26106
					26109	26112	26115	26118	26121	26124	26127	26130	26133	26136	26139	26142	26145	26148	26151	26154	26157	26160	26163
					26166	26169	26172	26175	26178	26181	26184	26187	26190	26193	26196	26199	26202	26205	26208	26211	26214	26217	26220
					26223	26226	26229	26232	26235	26238	26241	26244	26247	26250	26253	26256	26259	26262	26265	26268	26271	26274	26277
					26280	26283	26286	26289	26292	26295	26298	26301	26304	26307	26310	26313	26316	26319	26322	26325	26328	26331	26334
					26337	26340	26343	26346	26349	26352	26355	26358	26361	26364	26367	26370	26373	26376	26379	26382	26385	26388	26391
					26394	26397	26400	26403	26406	26409	26412	26415	26418	26421	26424	26427	26430	26433	26436	26439	26442	26445	26448
					26451	26454	26457	26460	26463	26466	26469	26472	26475	26478	26481	26484	26487	26490	26493	26496	26499	26502	26505
					26508	26511	26514	26517	26520	26523	26526	26529	26532	26535	26538	26541	26544	26547	26550	26553	26556	26559	26562
					26565	26568	26571	26574	26577	26580	26583	26586	26589	26592	26595	26598	26601	26604	26607	26610	26613	26616	26619
					26622	26625	26628	26631	26634	26637	26640	26643	26646	26649	26652	26655	26658	26661	26664	26667	26670	26673	26676
					26679	26682	26685	26688	26691	26694	26697	26700	26703	26706	26709	26712	26715	26718	26721	26724	26727	26730	26733
					26736	26739	26742	26745	26748	26751	26754	26757	26760	26763	26766	26769	26772	26775	26778	26781	26784	26787	26790
					26793	26796	26799	26802	26805	26808	26811	26814	26817	26820	26823	26826	26829	26832	26835	26838	26841	26844	26847
					26850	26853	26856	26859	26862	26865	26868	26871	26874	26877	26880	26883	26886	26889	26892	26895	26898	26901	26904
					26907	26910	26913	26916	26919	26922	26925	26928	26931	26934	26937	26940	26943	26946	26949	26952	26955	26958	26961
					26964	26967	26970	26973	26976	26979	26982	26985	26988	26991	26994	26997	27000	27003	27006	27009	27012	27015	27018
					27021	27024	27027	27030	27033	27036	27039	27042	27045	27048	27051	27054	27057	27060	27063	27066	27069	27072	27075
					27078	27081	27084	27087	27090	27093	27096	27099	27102	27105	27108	27111	27114	27117	27120	27123	27126	27129	27132
					27135	27138	27141	27144	27147	27150	27153	27156	27159	27162	27165	27168	27171	27174	27177	27180	27183	27186	27189
					27192	27195	27198	27201	27204	27207	27210	27213	27216	27219	27222	27225	27228	27231	27234	27237	27240	27243	27246
					27249	27252	27255	27258	27261	27264	27267	27270	27273	27276	27279	27282	27285	27288	27291	27294	27297	27300	27303
					27306	27309	27312	27315	27318	27321	27324	27327	27330	27333	27336	27339	27342	27345	27348	27351	27354	27357	27360
					27363	27366	27369	27372	27375	27378	27381	27384	27387	27390	27393	27396	27399	27402	27405	27408	27411	27414	27417
					27420	27423	27426	27429	27432	27435	27438	27441	27444	27447	27450	27453	27456	27459	27462	27465	27468	27471	27474
					27477	27480	27483	27486	27489	27492	27495	27498	27501	27504	27507	27510	27513	27516	27519	27522	27525	27528	27531
					27534	27537	27540	27543	27546	27549	27552	27555	27558	27561	27564	27567	27570	27573	27576	27579	27582	27585	27588
					27591	27594	27597	27600	27603	27606	27609	27612	27615	27618	27621	27624	27627	27630	27633	27636	27639	27642	27645
					27648	27651	27654	27657	27660	27663	27666	27669	27672	27675	27678	27681	27684	27687	27690	27693	27696	27699	27702
					27705	27708	27711	27714	27717	27720	27723	27726	27729	27732	27735	27738	27741	27744	27747	27750	27753	27756	27759
					27762	27765	27768	27771	27774	27777	27780	27783	27786	27789	27792	27795	27798	27801	27804	27807	27810	27813	27816
					27819	27822	27825	27828	27831	27834	27837	27840	27843	27846	27849	27852	27855	27858	27861	27864	27867	27870	27873
					27876	27879	27882	27885	27888	27891	27894	27897	27900	27903	27906	27909	27912	27915	27918	27921	27924	27927	27930
					27933	27936	27939	27942	27945	27948	27951	27954	27957	27960	27963	27966	27969	27972	27975	27978	27981	27984	27987
					27990	27993	27996	27999	28002	28005	28008	28011	28014	28017	28020	28023	28026	28029	28032	28035	28038	28041	28044
					28047	28050	28053	28056	28059	28062	28065	28068	28071	28074	28077	28080	28083	28086	28089	28092	28095	28098	28101
					28104	28107	28110	28113	28116	28119	28122	28125	28128	28131	28134	28137	28140	28143	28146	28149	28152	28155	28158
					28161	28164	28167	28170	28173	28176	28179	28182	28185	28188	28191	28194	28197	28200	28203	28206	28209	28212	28215
					28218	28221	28224	28227	28230	28233	28236	28239	28242	28245	28248	28251	28254	28257	28260	28263	28266	28269	28272
					28275	28278	28281	28284	28287	28290	28293	28296	28299	28302	28305	28308	28311	28314	28317	28320	28323	28326	28329
					28332	28335	28338	28341	28344	28347	28350	28353	28356	28359	28362	28365	28368	28371	28374	28377	28380	28383	28386
					28389	28392	28395	28398	28401	28404	28407	28410	28413	28416	28419	28422	28425	28428	28431	28434	28437	28440	28443
					28446	28449	28452	28455	28458	28461	28464	28467	28470	28473	28476	28479	28482	28485	28488	28491	28494	28497	28500
					28503	28506	28509	28512	28515	28518	28521	28524	28527	28530	28533	28536	28539	28542	28545	28548	28551	28554	28557
					28560	28563	28566	28569	28572	28575	28578	28581	28584	28587	28590	28593	28596	28599	28602	28605	28608	28611	28614
					28617	28620	28623	28626	28629	28632	28635	28638	28641	28644	28647	28650	28653	28656	28659	28662	28665	28668	28671
					28674	28677	28680	28683	28686	28689	28692	28695	28698	28701	28704	28707	28710	28713	28716	28719	28722	28725	28728
					28731	28734	28737	28740	28743	28746	28749	28752	28755	28758	28761	28764	28767	28770	28773	28776	28779	28782	28785
					28788	28791	28794	28797	28800	28803	28806	28809	28812	28815	28818	28821	28824	28827	28830	28833	28836	28839	28842
					28845	28848	28851	28854	28857	28860	28863	28866	28869	28872	28875	28878	28881	28884	28887	28890	28893	28896	28899
					28902	28905	28908	28911	28914	28917	28920	28923	28926	28929	28932	28935	28938	28941	28944	28947	28950	28953	28956
					28959	28962	28965	28968	28971	28974	28977	28980	28983	28986	28989	28992	28995	28998	29001	29004	29007	29010	29013
					29016	29019	29022	29025	29028	29031	29034	29037	29040	29043	29046	29049	29052	29055	29058	29061	29064	29067	29070
					29073	29076	29079	29082	29085	29088	29091	29094	29097	29100	29103	29106	29109	29112	29115	29118	29121	29124	29127
					29130	29133	29136	29139	29142	29145	29148	29151	29154	29157	29160	29163	29166	29169	29172	29175	29178	29181	29184
					29187	29190	29193	29196	29199	29202	29205	29208	29211	29214	29217	29220	29223	29226	29229	29232	29235	29238	29241
					29244	29247	29250	29253	29256	29259	29262	29265	29268	29271	29274	29277	29280	29283	29286	29289	29292	29295	29298
					29301	29304	29307	29310	29313	29316	29319	29322	29325	29328	29331	29334	29337	29340	29343	29346	29349	29352	29355
					29358	29361	29364	29367	29370	29373	29376	29379	29382	29385	29388	29391	29394	29397	29400	29403	29406	29409	29412
					29415	29418	29421	29424	29427	29430	29433	29436	29439	29442	29445	29448	29451	29454	29457	29460	29463	29466	29469
					29472	29475	29478	29481	29484	29487	29490	29493	29496	29499	29502	29505	29508	29511	29514	29517	29520	29523	29526
					29529	29532	29535	29538	29541	29544	29547	29550	29553	29556	29559	29562	29565	29568	29571	29574	29577	29580	29583
					29586	29589	29592	29595	29598	29601	29604	29607	29610	29613	29616	29619	29622	29625	29628	29631	29634	29637	29640
					29643	29646	29649	29652	29655	29658	29661	29664	29667	29670	29673	29676	29679	29682	29685	29688	29691	29694	29697
					29700	29703	29706	29709	29712	29715	29718	29721	29724	29727	29730	29733	29736	29739	29742	29745	29748	29751	29754
					29757	29760	29763	29766	29769	29772	29775	29778	29781	29784	29787	29790	29793	29796	29799	29802	29805	29808	29811
					29814	29817	29820	29823	29826	29829	29832	29835	29838	29841	29844	29847	29850	29853	29856	29859	29862	29865	29868
					29871	29874	29877	29880	29883	29886	29889	29892	29895	29898	29901	29904	29907	29910	29913	29916	29919	29922	29925
					29928	29931	29934	29937	29940	29943	29946	29949	29952	29955	29958	29961	29964	29967	29970	29973	29976	29979	29982
					29985	29988	29991	29994	29997	30000	30003	30006	30009	30012	30015	30018	30021	30024	30027	30030	30033	30036	30039
					30042	30045	30048	30051	30054	30057	30060	30063	30066	30069	30072	30075	30078	30081	30084	30087	30090	30093	30096
					30099	30102	30105	30108	30111	30114	30117	30120	30123	30126	30129	30132	30135	30138	30141	30144	30147	30150	30153
					30156	30159	30162	30165	30168	30171	30174	30177	30180	30183	30186	30189	30192	30195	30198	30201	30204	30207	30210
					30213	30216	30219	30222	30225	30228	30231	30234	30237	30240	30243	30246	30249	30252	30255	30258	30261	30264	30267
					30270	30273	30276	30279	30282	30285	30288	30291	30294	30297	30300	30303	30306	30309	30312	30315	30318	30321	30324
					30327	30330	30333	30336	30339	30342	30345	30348	30351	30354	30357	30360	30363	30366	30369	30372	30375	30378	30381
					30384	30387	30390	30393	30396	30399	30402	30405	30408	30411	30414	30417	30420	30423	30426	30429	30432	30435	30438
					30441	30444	30447	30450	30453	30456	30459	30462	30465	30468	30471	30474	30477	30480	30483	30486	30489	30492	30495
					30498	30501	30504	30507	30510	30513	30516	30519	30522	30525	30528	30531	30534	30537	30540	30543	30546	30549	30552
					30555	30558	30561	30564	30567	30570	30573	30576	30579	30582	30585	30588	30591	30594	30597	30600	30603	30606	30609
					30612	30615	30618	30621	30624	30627	30630	30633	30636	30639	30642	30645	30648	30651	30654	30657	30660	30663	30666
					30669	30672	30675	30678	30681	30684	30687	30690	30693	30696	30699	30702	30705	30708	30711	30714	30717	30720	30723
					30726	30729	30732	30735	30738	30741	30744	30747	30750	30753	30756	30759	30762	30765	30768	30771	30774	30777	30780
					30783	30786	30789	30792	30795	30798	30801	30804	30807	30810	30813	30816	30819	30822	30825	30828	30831	30834	30837
					30840	30843	30846	30849	30852	30855	30858	30861	30864	30867	30870	30873	30876	30879	30882	30885	30888	30891	30894
					30897	30900	30903	30906	30909	30912	30915	30918	30921	30924	30927	30930	30933	30936	30939	30942	30945	30948	30951
					30954	30957	30960	30963	30966	30969	30972	30975	30978	30981	30984	30987	30990	30993	30996	30999	31002	31005	31008
					31011	31014	31017	31020	31023	31026	31029	31032	31035	31038	31041	31044	31047	31050	31053	31056	31059	31062	31065
					31068	31071	31074	31077	31080	31083	31086	31089	31092	31095	31098	31101	31104	31107	31110	31113	31116	31119	31122
					31125	31128	31131	31134	31137	31140	31143	31146	31149	31152	31155	31158	31161	31164	31167	31170	31173	31176	31179
					31182	31185	31188	31191	31194	31197	31200	31203	31206	31209	31212	31215	31218	31221	31224	31227	31230	31233	31236
					31239	31242	31245	31248	31251	31254	31257	31260	31263	31266	31269	31272	31275	31278	31281	31284	31287	31290	31293
					31296	31299	31302	31305	31308	31311	31314	31317	31320	31323	31326	31329	31332	31335	31338	31341	31344	31347	31350
					31353	31356	31359	31362	31365	31368	31371	31374	31377	31380	31383	31386	31389	31392	31395	31398	31401	31404	31407
					31410	31413	31416	31419	31422	31425	31428	31431	31434	31437	31440	31443	31446	31449	31452	31455	31458	31461	31464
					31467	31470	31473	31476	31479	31482	31485	31488	31491	31494	31497	31500	31503	31506	31509	31512	31515	31518	31521
					31524	31527	31530	31533	31536	31539	31542	31545	31548	31551	31554	31557	31560	31563	31566	31569	31572	31575	31578
					31581	31584	31587	31590	31593	31596	31599	31602	31605	31608	31611	31614	31617	31620	31623	31626	31629	31632	31635
					31638	31641	31644	31647	31650	31653	31656	31659	31662	31665	31668	31671	31674	31677	31680	31683	31686	31689	31692
					31695	31698	31701	31704	31707	31710	31713	31716	31719	31722	31725	31728	31731	31734	31737	31740	31743	31746	31749
					31752	31755	31758	31761	31764	31767	31770	31773	31776	31779	31782	31785	31788	31791	31794	31797	31800	31803	31806
					31809	31812	31815	31818	31821	31824	31827	31830	31833	31836	31839	31842	31845	31848	31851	31854	31857	31860	31863
					31866	31869	31872	31875	31878	31881	31884	31887	31890	31893	31896	31899	31902	31905	31908	31911	31914	31917	31920
					31923	31926	31929	31932	31935	31938	31941	31944	31947	31950	31953	31956	31959	31962	31965	31968	31971	31974	31977
					31980	31983	31986	31989	31992	31995	31998	32001	32004	32007	32010	32013	32016	32019	32022	32025	32028	32031	32034
					32037	32040	32043	32046	32049	32052	32055	32058	32061	32064	32067	32070	32073	32076	32079	32082	32085	32088	32091
					32094	32097	32100	32103	32106	32109	32112	32115	32118	32121	32124	32127	32130	32133	32136	32139	32142	32145	32148
					32151	32154	32157	32160	32163	32166	32169	32172	32175	32178	32181	32184	32187	32190	32193	32196	32199	32202	32205
					32208	32211	32214	32217	32220	32223	32226	32229	32232	32235	32238	32241	32244	32247	32250	32253	32256	32259	32262
					32265	32268	32271	32274	32277	32280	32283	32286	32289	32292	32295	32298	32301	32304	32307	32310	32313	32316	32319
					32322	32325	32328	32331	32334	32337	32340	32343	32346	32349	32352	32355	32358	32361	32364	32367	32370	32373	32376
					32379	32382	32385	32388	32391	32394	32397	32400	32403	32406	32409	32412	32415	32418	32421	32424	32427	32430	32433
					32436	32439	32442	32445	32448	32451	32454	32457	32460	32463	32466	32469	32472	32475	32478	32481	32484	32487	32490
					32493	32496	32499	32502	32505	32508	32511	32514	32517	32520	32523	32526	32529	32532	32535	32538	32541	32544	32547
					32550	32553	32556	32559	32562	32565	32568	32571	32574	32577	32580	32583	32586	32589	32592	32595	32598	32601	32604
					32607	32610	32613	32616	32619	32622	32625	32628	32631	32634	32637	32640	32643	32646	32649	32652	32655	32658	32661
					32664	32667	32670	32673	32676	32679	32682	32685	32688	32691	32694	32697	32700	32703	32706	32709	32712	32715	32718
					32721	32724	32727	32730	32733	32736	32739	32742	32745	32748	32751	32754	32757	32760	32763	32766	32769	32772	32775
					32778	32781	32784	32787	32790	32793	32796	32799	32802	32805	32808	32811	32814	32817	32820	32823	32826	32829	32832
					32835	32838	32841	32844	32847	32850	32853	32856	32859	32862	32865	32868	32871	32874	32877	32880	32883	32886	32889
					32892	32895	32898	32901	32904	32907	32910	32913	32916	32919	32922	32925	32928	32931	32934	32937	32940	32943	32946
					32949	32952	32955	32958	32961	32964	32967	32970	32973	32976	32979	32982	32985	32988	32991	32994	32997	33000	33003
					33006	33009	33012	33015	33018	33021	33024	33027	33030	33033	33036	33039	33042	33045	33048	33051	33054	33057	33060
					33063	33066	33069	33072	33075	33078	33081	33084	33087	33090	33093	33096	33099	33102	33105	33108	33111	33114	33117
					33120	33123	33126	33129	33132	33135	33138	33141	33144	33147	33150	33153	33156	33159	33162	33165	33168	33171	33174
					33177	33180	33183	33186	33189	33192	33195	33198	33201	33204	33207	33210	33213	33216	33219	33222	33225	33228	33231
					33234	33237	33240	33243	33246	33249	33252	33255	33258	33261	33264	33267	33270	33273	33276	33279	33282	33285	33288
					33291	33294	33297	33300	33303	33306	33309	33312	33315	33318	33321	33324	33327	33330	33333	33336	33339	33342	33345
					33348	33351	33354	33357	33360	33363	33366	33369	33372	33375	33378	33381	33384	33387	33390	33393	33396	33399	33402
					33405	33408	33411	33414	33417	33420	33423	33426	33429	33432	33435	33438	33441	33444	33447	33450	33453	33456	33459
					33462	33465	33468	33471	33474	33477	33480	33483	33486	33489	33492	33495	33498	33501	33504	33507	33510	33513	33516
					33519	33522	33525	33528	33531	33534	33537	33540	33543	33546	33549	33552	33555	33558	33561	33564	33567	33570	33573
					33576	33579	33582	33585	33588	33591	33594	33597	33600	33603	33606	33609	33612	33615	33618	33621	33624	33627	33630
					33633	33636	33639	33642	33645	33648	33651	33654	33657	33660	33663	33666	33669	33672	33675	33678	33681	33684	33687
					33690	33693	33696	33699	33702	33705	33708	33711	33714	33717	33720	33723	33726	33729	33732	33735	33738	33741	33744
					33747	33750	33753	33756	33759	33762	33765	33768	33771	33774	33777	33780	33783	33786	33789	33792	33795	33798	33801
					33804	33807	33810	33813	33816	33819	33822	33825	33828	33831	33834	33837	33840	33843	33846	33849	33852	33855	33858
					33861	33864	33867	33870	33873	33876	33879	33882	33885	33888	33891	33894	33897	33900	33903	33906	33909	33912	33915
					33918	33921	33924	33927	33930	33933	33936	33939	33942	33945	33948	33951	33954	33957	33960	33963	33966	33969	33972
					33975	33978	33981	33984	33987	33990	33993	33996	33999	34002	34005	34008	34011	34014	34017	34020	34023	34026	34029
					34032	34035	34038	34041	34044	34047	34050	34053	34056	34059	34062	34065	34068	34071	34074	34077	34080	34083	34086
					34089	34092	34095	34098	34101	34104	34107	34110	34113	34116	34119	34122	34125	34128	34131	34134	34137	34140	34143
					34146	34149	34152	34155	34158	34161	34164	34167	34170	34173	34176	34179	34182	34185	34188	34191	34194	34197	34200
					34203	34206	34209	34212	34215	34218	34221	34224	34227	34230	34233	34236	34239	34242	34245	34248	34251	34254	34257
					34260	34263	34266	34269	34272	34275	34278	34281	34284	34287	34290	34293	34296	34299	34302	34305	34308	34311	34314
					34317	34320	34323	34326	34329	34332	34335	34338	34341	34344	34347	34350	34353	34356	34359	34362	34365	34368	34371
					34374	34377	34380	34383	34386	34389	34392	34395	34398	34401	34404	34407	34410	34413	34416	34419	34422	34425	34428
					34431	34434	34437	34440	34443	34446	34449	34452	34455	34458	34461	34464	34467	34470	34473	34476	34479	34482	34485
					34488	34491	34494	34497	34500	34503	34506	34509	34512	34515	34518	34521	34524	34527	34530	34533	34536	34539	34542
					34545	34548	34551	34554	34557	34560	34563	34566	34569	34572	34575	34578	34581	34584	34587	34590	34593	34596	34599
					34602	34605	34608	34611	34614	34617	34620	34623	34626	34629	34632	34635	34638	34641	34644	34647	34650	34653	34656
					34659	34662	34665	34668	34671	34674	34677	34680	34683	34686	34689	34692	34695	34698	34701	34704	34707	34710	34713
					34716	34719	34722	34725	34728	34731	34734	34737	34740	34743	34746	34749	34752	34755	34758	34761	34764	34767	34770
					34773	34776	34779	34782	34785	34788	34791	34794	34797	34800	34803	34806	34809	34812	34815	34818	34821	34824	34827
					34830	34833	34836	34839	34842	34845	34848	34851	34854	34857	34860	34863	34866	34869	34872	34875	34878	34881	34884
					34887	34890	34893	34896	34899	34902	34905	34908	34911	34914	34917	34920	34923	34926	34929	34932	34935	34938	34941
					34944	34947	34950	34953	34956	34959	34962	34965	34968	34971	34974	34977	34980	34983	34986	34989	34992	34995	34998
					35001	35004	35007	35010	35013	35016	35019	35022	35025	35028	35031	35034	35037	35040	35043	35046	35049	35052	35055
					35058	35061	35064	35067	35070	35073	35076	35079	35082	35085	35088	35091	35094	35097	35100	35103	35106	35109	35112
					35115	35118	35121	35124	35127	35130	35133	35136	35139	35142	35145	35148	35151	35154	35157	35160	35163	35166	35169
					35172	35175	35178	35181	35184	35187	35190	35193	35196	35199	35202	35205	35208	35211	35214	35217	35220	35223	35226
					35229	35232	35235	35238	35241	35244	35247	35250	35253	35256	35259	35262	35265	35268	35271	35274	35277	35280	35283
					35286	35289	35292	35295	35298	35301	35304	35307	35310	35313	35316	35319	35322	35325	35328	35331	35334	35337	35340
					35343	35346	35349	35352	35355	35358	35361	35364	35367	35370	35373	35376	35379	35382	35385	35388	35391	35394	35397
					35400	35403	35406	35409	35412	35415	35418	35421	35424	35427	35430	35433	35436	35439	35442	35445	35448	35451	35454
					35457	35460	35463	35466	35469	35472	35475	35478	35481	35484	35487	35490	35493	35496	35499	35502	35505	35508	35511
					35514	35517	35520	35523	35526	35529	35532	35535	35538	35541	35544	35547	35550	35553	35556	35559	35562	35565	35568
					35571	35574	35577	35580	35583	35586	35589	35592	35595	35598	35601	35604	35607	35610	35613	35616	35619	35622	35625
					35628	35631	35634	35637	35640	35643	35646	35649	35652	35655	35658	35661	35664	35667	35670	35673	35676	35679	35682
					35685	35688	35691	35694	35697	35700	35703	35706	35709	35712	35715	35718	35721	35724	35727	35730	35733	35736	35739
					35742	35745	35748	35751	35754	35757	35760	35763	35766	35769	35772	35775	35778	35781	35784	35787	35790	35793	35796
					35799	35802	35805	35808	35811	35814	35817	35820	35823	35826	35829	35832	35835	35838	35841	35844	35847	35850	35853
					35856	35859	35862	35865	35868	35871	35874	35877	35880	35883	35886	35889	35892	35895	35898	35901	35904	35907	35910
					35913	35916	35919	35922	35925	35928	35931	35934	35937	35940	35943	35946	35949	35952	35955	35958	35961	35964	35967
					35970	35973	35976	35979	35982	35985	35988	35991	35994	35997	36000	36003	36006	36009	36012	36015	36018	36021	36024
					36027	36030	36033	36036	36039	36042	36045	36048	36051	36054	36057	36060	36063	36066	36069	36072	36075	36078	36081
					36084	36087	36090	36093	36096	36099	36102	36105	36108	36111	36114	36117	36120	36123	36126	36129	36132	36135	36138
					36141	36144	36147	36150	36153	36156	36159	36162	36165	36168	36171	36174	36177	36180	36183	36186	36189	36192	36195
					36198	36201	36204	36207	36210	36213	36216	36219	36222	36225	36228	36231	36234	36237	36240	36243	36246	36249	36252
					36255	36258	36261	36264	36267	36270	36273	36276	36279	36282	36285	36288	36291	36294	36297	36300	36303	36306	36309
					36312	36315	36318	36321	36324	36327	36330	36333	36336	36339	36342	36345	36348	36351	36354	36357	36360	36363	36366
					36369	36372	36375	36378	36381	36384	36387	36390	36393	36396	36399	36402	36405	36408	36411	36414	36417	36420	36423
					36426	36429	36432	36435	36438	36441	36444	36447	36450	36453	36456	36459	36462	36465	36468	36471	36474	36477	36480
					36483	36486	36489	36492	36495	36498	36501	36504	36507	36510	36513	36516	36519	36522	36525	36528	36531	36534	36537
					36540	36543	36546	36549	36552	36555	36558	36561	36564	36567	36570	36573	36576	36579	36582	36585	36588	36591	36594
					36597	36600	36603	36606	36609	36612	36615	36618	36621	36624	36627	36630	36633	36636	36639	36642	36645	36648	36651
					36654	36657	36660	36663	36666	36669	36672	36675	36678	36681	36684	36687	36690	36693	36696	36699	36702	36705	36708
					36711	36714	36717	36720	36723	36726	36729	36732	36735	36738	36741	36744	36747	36750	36753	36756	36759	36762	36765
					36768	36771	36774	36777	36780	36783	36786	36789	36792	36795	36798	36801	36804	36807	36810	36813	36816	36819	36822
					36825	36828	36831	36834	36837	36840	36843	36846	36849	36852	36855	36858	36861	36864	36867	36870	36873	36876	36879
					36882	36885	36888	36891	36894	36897	36900	36903	36906	36909	36912	36915	36918	36921	36924	36927	36930	36933	36936
					36939	36942	36945	36948	36951	36954	36957	36960	36963	36966	36969	36972	36975	36978	36981	36984	36987	36990	36993
					36996	36999	37002	37005	37008	37011	37014	37017	37020	37023	37026	37029	37032	37035	37038	37041	37044	37047	37050
					37053	37056	37059	37062	37065	37068	37071	37074	37077	37080	37083	37086	37089	37092	37095	37098	37101	37104	37107
					37110	37113	37116	37119	37122	37125	37128	37131	37134	37137	37140	37143	37146	37149	37152	37155	37158	37161	37164
					37167	37170	37173	37176	37179	37182	37185	37188	37191	37194	37197	37200	37203	37206	37209	37212	37215	37218	37221
					37224	37227	37230	37233	37236	37239	37242	37245	37248	37251	37254	37257	37260	37263	37266	37269	37272	37275	37278
					37281	37284	37287	37290	37293	37296	37299	37302	37305	37308	37311	37314	37317	37320	37323	37326	37329	37332	37335
					37338	37341	37344	37347	37350	37353	37356	37359	37362	37365	37368	37371	37374	37377	37380	37383	37386	37389	37392
					37395	37398	37401	37404	37407	37410	37413	37416	37419	37422	37425	37428	37431	37434	37437	37440	37443	37446	37449
					37452	37455	37458	37461	37464	37467	37470	37473	37476	37479	37482	37485	37488	37491	37494	37497	37500	37503	37506
					37509	37512	37515	37518	37521	37524	37527	37530	37533	37536	37539	37542	37545	37548	37551	37554	37557	37560	37563
					37566	37569	37572	37575	37578	37581	37584	37587	37590	37593	37596	37599	37602	37605	37608	37611	37614	37617	37620
					37623	37626	37629	37632	37635	37638	37641	37644	37647	37650	37653	37656	37659	37662	37665	37668	37671	37674	37677
					37680	37683	37686	37689	37692	37695	37698	37701	37704	37707	37710	37713	37716	37719	37722	37725	37728	37731	37734
					37737	37740	37743	37746	37749	37752	37755	37758	37761	37764	37767	37770	37773	37776	37779	37782	37785	37788	37791
					37794	37797	37800	37803	37806	37809	37812	37815	37818	37821	37824	37827	37830	37833	37836	37839	37842	37845	37848
					37851	37854	37857	37860	37863	37866	37869	37872	37875	37878	37881	37884	37887	37890	37893	37896	37899	37902	37905
					37908	37911	37914	37917	37920	37923	37926	37929	37932	37935	37938	37941	37944	37947	37950	37953	37956	37959	37962
					37965	37968	37971	37974	37977	37980	37983	37986	37989	37992	37995	37998	38001	38004	38007	38010	38013	38016	38019
					38022	38025	38028	38031	38034	38037	38040	38043	38046	38049	38052	38055	38058	38061	38064	38067	38070	38073	38076
					38079	38082	38085	38088	38091	38094	38097	38100	38103	38106	38109	38112	38115	38118	38121	38124	38127	38130	38133
					38136	38139	38142	38145	38148	38151	38154	38157	38160	38163	38166	38169	38172	38175	38178	38181	38184	38187	38190
					38193	38196	38199	38202	38205	38208	38211	38214	38217	38220	38223	38226	38229	38232	38235	38238	38241	38244	38247
					38250	38253	38256	38259	38262	38265	38268	38271	38274	38277	38280	38283	38286	38289	38292	38295	38298	38301	38304
					38307	38310	38313	38316	38319	38322	38325	38328	38331	38334	38337	38340	38343	38346	38349	38352	38355	38358	38361
					38364	38367	38370	38373	38376	38379	38382	38385	38388	38391	38394	38397	38400	38403	38406	38409	38412	38415	38418
					38421	38424	38427	38430	38433	38436	38439	38442	38445	38448	38451	38454	38457	38460	38463	38466	38469	38472	38475
					38478	38481	38484	38487	38490	38493	38496	38499	38502	38505	38508	38511	38514	38517	38520	38523	38526	38529	38532
					38535	38538	38541	38544	38547	38550	38553	38556	38559	38562	38565	38568	38571	38574	38577	38580	38583	38586	38589
					38592	38595	38598	38601	38604	38607	38610	38613	38616	38619	38622	38625	38628	38631	38634	38637	38640	38643	38646
					38649	38652	38655	38658	38661	38664	38667	38670	38673	38676	38679	38682	38685	38688	38691	38694	38697	38700	38703
					38706	38709	38712	38715	38718	38721	38724	38727	38730	38733	38736	38739	38742	38745	38748	38751	38754	38757	38760
					38763	38766	38769	38772	38775	38778	38781	38784	38787	38790	38793	38796	38799	38802	38805	38808	38811	38814	38817
					38820	38823	38826	38829	38832	38835	38838	38841	38844	38847	38850	38853	38856	38859	38862	38865	38868	38871	38874
					38877	38880	38883	38886	38889	38892	38895	38898	38901	38904	38907	38910	38913	38916	38919	38922	38925	38928	38931
					38934	38937	38940	38943	38946	38949	38952	38955	38958	38961	38964	38967	38970	38973	38976	38979	38982	38985	38988
					38991	38994	38997	39000	39003	39006	39009	39012	39015	39018	39021	39024	39027	39030	39033	39036	39039	39042	39045
					39048	39051	39054	39057	39060	39063	39066	39069	39072	39075	39078	39081	39084	39087	39090	39093	39096	39099	39102
					39105	39108	39111	39114	39117	39120	39123	39126	39129	39132	39135	39138	39141	39144	39147	39150	39153	39156	39159
					39162	39165	39168	39171	39174	39177	39180	39183	39186	39189	39192	39195	39198	39201	39204	39207	39210	39213	39216
					39219	39222	39225	39228	39231	39234	39237	39240	39243	39246	39249	39252	39255	39258	39261	39264	39267	39270	39273
					39276	39279	39282	39285	39288	39291	39294	39297	39300	39303	39306	39309	39312	39315	39318	39321	39324	39327	39330
					39333	39336	39339	39342	39345	39348	39351	39354	39357	39360	39363	39366	39369	39372	39375	39378	39381	39384	39387
					39390	39393	39396	39399	39402	39405	39408	39411	39414	39417	39420	39423	39426	39429	39432	39435	39438	39441	39444
					39447	39450	39453	39456	39459	39462	39465	39468	39471	39474	39477	39480	39483	39486	39489	39492	39495	39498	39501
					39504	39507	39510	39513	39516	39519	39522	39525	39528	39531	39534	39537	39540	39543	39546	39549	39552	39555	39558
					39561	39564	39567	39570	39573	39576	39579	39582	39585	39588	39591	39594	39597	39600	39603	39606	39609	39612	39615
					39618	39621	39624	39627	39630	39633	39636	39639	39642	39645	39648	39651	39654	39657	39660	39663	39666	39669	39672
					39675	39678	39681	39684	39687	39690	39693	39696	39699	39702	39705	39708	39711	39714	39717	39720	39723	39726	39729
					39732	39735	39738	39741	39744	39747	39750	39753	39756	39759	39762	39765	39768	39771	39774	39777	39780	39783	39786
					39789	39792	39795	39798	39801	39804	39807	39810	39813	39816	39819	39822	39825	39828	39831	39834	39837	39840	39843
					39846	39849	39852	39855	39858	39861	39864	39867	39870	39873	39876	39879	39882	39885	39888	39891	39894	39897	39900
					39903	39906	39909	39912	39915	39918	39921	39924	39927	39930	39933	39936	39939	39942	39945	39948	39951	39954	39957
					39960	39963	39966	39969	39972	39975	39978	39981	39984	39987	39990	39993	39996	39999	40002	40005	40008	40011	40014
					40017	40020	40023	40026	40029	40032	40035	40038	40041	40044	40047	40050	40053	40056	40059	40062	40065	40068	40071
					40074	40077	40080	40083	40086	40089	40092	40095	40098	40101	40104	40107	40110	40113	40116	40119	40122	40125	40128
					40131	40134	40137	40140	40143	40146	40149	40152	40155	40158	40161	40164	40167	40170	40173	40176	40179	40182	40185
					40188	40191	40194	40197	40200	40203	40206	40209	40212	40215	40218	40221	40224	40227	40230	40233	40236	40239	40242
					40245	40248	40251	40254	40257	40260	40263	40266	40269	40272	40275	40278	40281	40284	40287	40290	40293	40296	40299
					40302	40305	40308	40311	40314	40317	40320	40323	40326	40329	40332	40335	40338	40341	40344	40347	40350	40353	40356
					40359	40362	40365	40368	40371	40374	40377	40380	40383	40386	40389	40392	40395	40398	40401	40404	40407	40410	40413
					40416	40419	40422	40425	40428	40431	40434	40437	40440	40443	40446	40449	40452	40455	40458	40461	40464	40467	40470
					40473	40476	40479	40482	40485	40488	40491	40494	40497	40500	40503	40506	40509	40512	40515	40518	40521	40524	40527
					40530	40533	40536	40539	40542	40545	40548	40551	40554	40557	40560	40563	40566	40569	40572	40575	40578	40581	40584
					40587	40590	40593	40596	40599	40602	40605	40608	40611	40614	40617	40620	40623	40626	40629	40632	40635	40638	40641
					40644	40647	40650	40653	40656	40659	40662	40665	40668	40671	40674	40677	40680	40683	40686	40689	40692	40695	40698
					40701	40704	40707	40710	40713	40716	40719	40722	40725	40728	40731	40734	40737	40740	40743	40746	40749	40752	40755
					40758	40761	40764	40767	40770	40773	40776	40779	40782	40785	40788	40791	40794	40797	40800	40803	40806	40809	40812
					40815	40818	40821	40824	40827	40830	40833	40836	40839	40842	40845	40848	40851	40854	40857	40860	40863	40866	40869
					40872	40875	40878	40881	40884	40887	40890	40893	40896	40899	40902	40905	40908	40911	40914	40917	40920	40923	40926
					40929	40932	40935	40938	40941	40944	40947	40950	40953	40956	40959	40962	40965	40968	40971	40974	40977	40980	40983
					40986	40989	40992	40995	40998	41001	41004	41007	41010	41013	41016	41019	41022	41025	41028	41031	41034	41037	41040
					41043	41046	41049	41052	41055	41058	41061	41064	41067	41070	41073	41076	41079	41082	41085	41088	41091	41094	41097
					41100	41103	41106	41109	41112	41115	41118	41121	41124	41127	41130	41133	41136	41139	41142	41145	41148	41151	41154
					41157	41160	41163	41166	41169	41172	41175	41178	41181	41184	41187	41190	41193	41196	41199	41202	41205	41208	41211
					41214	41217	41220	41223	41226	41229	41232	41235	41238	41241	41244	41247	41250	41253	41256	41259	41262	41265	41268
					41271	41274	41277	41280	41283	41286	41289	41292	41295	41298	41301	41304	41307	41310	41313	41316	41319	41322	41325
					41328	41331	41334	41337	41340	41343	41346	41349	41352	41355	41358	41361	41364	41367	41370	41373	41376	41379	41382
					41385	41388	41391	41394	41397	41400	41403	41406	41409	41412	41415	41418	41421	41424	41427	41430	41433	41436	41439
					41442	41445	41448	41451	41454	41457	41460	41463	41466	41469	41472	41475	41478	41481	41484	41487	41490	41493	41496
					41499	41502	41505	41508	41511	41514	41517	41520	41523	41526	41529	41532	41535	41538	41541	41544	41547	41550	41553
					41556	41559	41562	41565	41568	41571	41574	41577	41580	41583	41586	41589	41592	41595	41598	41601	41604	41607	41610
					41613	41616	41619	41622	41625	41628	41631	41634	41637	41640	41643	41646	41649	41652	41655	41658	41661	41664	41667
					41670	41673	41676	41679	41682	41685	41688	41691	41694	41697	41700	41703	41706	41709	41712	41715	41718	41721	41724
					41727	41730	41733	41736	41739	41742	41745	41748	41751	41754	41757	41760	41763	41766	41769	41772	41775	41778	41781
					41784	41787	41790	41793	41796	41799	41802	41805	41808	41811	41814	41817	41820	41823	41826	41829	41832	41835	41838
					41841	41844	41847	41850	41853	41856	41859	41862	41865	41868	41871	41874	41877	41880	41883	41886	41889	41892	41895
					41898	41901	41904	41907	41910	41913	41916	41919	41922	41925	41928	41931	41934	41937	41940	41943	41946	41949	41952
					41955	41958	41961	41964	41967	41970	41973	41976	41979	41982	41985	41988	41991	41994	41997	42000	42003	42006	42009
					42012	42015	42018	42021	42024	42027	42030	42033	42036	42039	42042	42045	42048	42051	42054	42057	42060	42063	42066
					42069	42072	42075	42078	42081	42084	42087	42090	42093	42096	42099	42102	42105	42108	42111	42114	42117	42120	42123
					42126	42129	42132	42135	42138	42141	42144	42147	42150	42153	42156	42159	42162	42165	42168	42171	42174	42177	42180
					42183	42186	42189	42192	42195	42198	42201	42204	42207	42210	42213	42216	42219	42222	42225	42228	42231	42234	42237
					42240	42243	42246	42249	42252	42255	42258	42261	42264	42267	42270	42273	42276	42279	42282	42285	42288	42291	42294
					42297	42300	42303	42306	42309	42312	42315	42318	42321	42324	42327	42330	42333	42336	42339	42342	42345	42348	42351
					42354	42357	42360	42363	42366	42369	42372	42375	42378	42381	42384	42387	42390	42393	42396	42399	42402	42405	42408
					42411	42414	42417	42420	42423	42426	42429	42432	42435	42438	42441	42444	42447	42450	42453	42456	42459	42462	42465
					42468	42471	42474	42477	42480	42483	42486	42489	42492	42495	42498	42501	42504	42507	42510	42513	42516	42519	42522
					42525	42528	42531	42534	42537	42540	42543	42546	42549	42552	42555	42558	42561	42564	42567	42570	42573	42576	42579
					42582	42585	42588	42591	42594	42597	42600	42603	42606	42609	42612	42615	42618	42621	42624	42627	42630	42633	42636
					42639	42642	42645	42648	42651	42654	42657	42660	42663	42666	42669	42672	42675	42678	42681	42684	42687	42690	42693
					42696	42699	42702	42705	42708	42711	42714	42717	42720	42723	42726	42729	42732	42735	42738	42741	42744	42747	42750
					42753	42756	42759	42762	42765	42768	42771	42774	42777	42780	42783	42786	42789	42792	42795	42798	42801	42804	42807
					42810	42813	42816	42819	42822	42825	42828	42831	42834	42837	42840	42843	42846	42849	42852	42855	42858	42861	42864
					42867	42870	42873	42876	42879	42882	42885	42888	42891	42894	42897	42900	42903	42906	42909	42912	42915	42918	42921
					42924	42927	42930	42933	42936	42939	42942	42945	42948	42951	42954	42957	42960	42963	42966	42969	42972	42975	42978
					42981	42984	42987	42990	42993	42996	42999	43002	43005	43008	43011	43014	43017	43020	43023	43026	43029	43032	43035
					43038	43041	43044	43047	43050	43053	43056	43059	43062	43065	43068	43071	43074	43077	43080	43083	43086	43089	43092
					43095	43098	43101	43104	43107	43110	43113	43116	43119	43122	43125	43128	43131	43134	43137	43140	43143	43146	43149
					43152	43155	43158	43161	43164	43167	43170	43173	43176	43179	43182	43185	43188	43191	43194	43197	43200	43203	43206
					43209	43212	43215	43218	43221	43224	43227	43230	43233	43236	43239	43242	43245	43248	43251	43254	43257	43260	43263
					43266	43269	43272	43275	43278	43281	43284	43287	43290	43293	43296	43299	43302	43305	43308	43311	43314	43317	43320
					43323	43326	43329	43332	43335	43338	43341	43344	43347	43350	43353	43356	43359	43362	43365	43368	43371	43374	43377
					43380	43383	43386	43389	43392	43395	43398	43401	43404	43407	43410	43413	43416	43419	43422	43425	43428	43431	43434
					43437	43440	43443	43446	43449	43452	43455	43458	43461	43464	43467	43470	43473	43476	43479	43482	43485	43488	43491
					43494	43497	43500	43503	43506	43509	43512	43515	43518	43521	43524	43527	43530	43533	43536	43539	43542	43545	43548
					43551	43554	43557	43560	43563	43566	43569	43572	43575	43578	43581	43584	43587	43590	43593	43596	43599	43602	43605
					43608	43611	43614	43617	43620	43623	43626	43629	43632	43635	43638	43641	43644	43647	43650	43653	43656	43659	43662
					43665	43668	43671	43674	43677	43680	43683	43686	43689	43692	43695	43698	43701	43704	43707	43710	43713	43716	43719
					43722	43725	43728	43731	43734	43737	43740	43743	43746	43749	43752	43755	43758	43761	43764	43767	43770	43773	43776
					43779	43782	43785	43788	43791	43794	43797	43800	43803	43806	43809	43812	43815	43818	43821	43824	43827	43830	43833
					43836	43839	43842	43845	43848	43851	43854	43857	43860	43863	43866	43869	43872	43875	43878	43881	43884	43887	43890
					43893	43896	43899	43902	43905	43908	43911	43914	43917	43920	43923	43926	43929	43932	43935	43938	43941	43944	43947
					43950	43953	43956	43959	43962	43965	43968	43971	43974	43977	43980	43983	43986	43989	43992	43995	43998	44001	44004
					44007	44010	44013	44016	44019	44022	44025	44028	44031	44034	44037	44040	44043	44046	44049	44052	44055	44058	44061
					44064	44067	44070	44073	44076	44079	44082	44085	44088	44091	44094	44097	44100	44103	44106	44109	44112	44115	44118
					44121	44124	44127	44130	44133	44136	44139	44142	44145	44148	44151	44154	44157	44160	44163	44166	44169	44172	44175
					44178	44181	44184	44187	44190	44193	44196	44199	44202	44205	44208	44211	44214	44217	44220	44223	44226	44229	44232
					44235	44238	44241	44244	44247	44250	44253	44256	44259	44262	44265	44268	44271	44274	44277	44280	44283	44286	44289
					44292	44295	44298	44301	44304	44307	44310	44313	44316	44319	44322	44325	44328	44331	44334	44337	44340	44343	44346
					44349	44352	44355	44358	44361	44364	44367	44370	44373	44376	44379	44382	44385	44388	44391	44394	44397	44400	44403
					44406	44409	44412	44415	44418	44421	44424	44427	44430	44433	44436	44439	44442	44445	44448	44451	44454	44457	44460
					44463	44466	44469	44472	44475	44478	44481	44484	44487	44490	44493	44496	44499	44502	44505	44508	44511	44514	44517
					44520	44523	44526	44529	44532	44535	44538	44541	44544	44547	44550	44553	44556	44559	44562	44565	44568	44571	44574
					44577	44580	44583	44586	44589	44592	44595	44598	44601	44604	44607	44610	44613	44616	44619	44622	44625	44628	44631
					44634	44637	44640	44643	44646	44649	44652	44655	44658	44661	44664	44667	44670	44673	44676	44679	44682	44685	44688
					44691	44694	44697	44700	44703	44706	44709	44712	44715	44718	44721	44724	44727	44730	44733	44736	44739	44742	44745
					44748	44751	44754	44757	44760	44763	44766	44769	44772	44775	44778	44781	44784	44787	44790	44793	44796	44799	44802
					44805	44808	44811	44814	44817	44820	44823	44826	44829	44832	44835	44838	44841	44844	44847	44850	44853	44856	44859
					44862	44865	44868	44871	44874	44877	44880	44883	44886	44889	44892	44895	44898	44901	44904	44907	44910	44913	44916
					44919	44922	44925	44928	44931	44934	44937	44940	44943	44946	44949	44952	44955	44958	44961	44964	44967	44970	44973
					44976	44979	44982	44985	44988	44991	44994	44997	45000	45003	45006	45009	45012	45015	45018	45021	45024	45027	45030
					45033	45036	45039	45042	45045	45048	45051	45054	45057	45060	45063	45066	45069	45072	45075	45078	45081	45084	45087
					45090	45093	45096	45099	45102	45105	45108	45111	45114	45117	45120	45123	45126	45129	45132	45135	45138	45141	45144
					45147	45150	45153	45156	45159	45162	45165	45168	45171	45174	45177	45180	45183	45186	45189	45192	45195	45198	45201
					45204	45207	45210	45213	45216	45219	45222	45225	45228	45231	45234	45237	45240	45243	45246	45249	45252	45255	45258
					45261	45264	45267	45270	45273	45276	45279	45282	45285	45288	45291	45294	45297	45300	45303	45306	45309	45312	45315
					45318	45321	45324	45327	45330	45333	45336	45339	45342	45345	45348	45351	45354	45357	45360	45363	45366	45369	45372
					45375	45378	45381	45384	45387	45390	45393	45396	45399	45402	45405	45408	45411	45414	45417	45420	45423	45426	45429
					45432	45435	45438	45441	45444	45447	45450	45453	45456	45459	45462	45465	45468	45471	45474	45477	45480	45483	45486
					45489	45492	45495	45498	45501	45504	45507	45510	45513	45516	45519	45522	45525	45528	45531	45534	45537	45540	45543
					45546	45549	45552	45555	45558	45561	45564	45567	45570	45573	45576	45579	45582	45585	45588	45591	45594	45597	45600
					45603	45606	45609	45612	45615	45618	45621	45624	45627	45630	45633	45636	45639	45642	45645	45648	45651	45654	45657
					45660	45663	45666	45669	45672	45675	45678	45681	45684	45687	45690	45693	45696	45699	45702	45705	45708	45711	45714
					45717	45720	45723	45726	45729	45732	45735	45738	45741	45744	45747	45750	45753	45756	45759	45762	45765	45768	45771
					45774	45777	45780	45783	45786	45789	45792	45795	45798	45801	45804	45807	45810	45813	45816	45819	45822	45825	45828
					45831	45834	45837	45840	45843	45846	45849	45852	45855	45858	45861	45864	45867	45870	45873	45876	45879	45882	45885
					45888	45891	45894	45897	45900	45903	45906	45909	45912	45915	45918	45921	45924	45927	45930	45933	45936	45939	45942
					45945	45948	45951	45954	45957	45960	45963	45966	45969	45972	45975	45978	45981	45984	45987	45990	45993	45996	45999
					46002	46005	46008	46011	46014	46017	46020	46023	46026	46029	46032	46035	46038	46041	46044	46047	46050	46053	46056
					46059	46062	46065	46068	46071	46074	46077	46080	46083	46086	46089	46092	46095	46098	46101	46104	46107	46110	46113
					46116	46119	46122	46125	46128	46131	46134	46137	46140	46143	46146	46149	46152	46155	46158	46161	46164	46167	46170
					46173	46176	46179	46182	46185	46188	46191	46194	46197	46200	46203	46206	46209	46212	46215	46218	46221	46224	46227
					46230	46233	46236	46239	46242	46245	46248	46251	46254	46257	46260	46263	46266	46269	46272	46275	46278	46281	46284
					46287	46290	46293	46296	46299	46302	46305	46308	46311	46314	46317	46320	46323	46326	46329	46332	46335	46338	46341
					46344	46347	46350	46353	46356	46359	46362	46365	46368	46371	46374	46377	46380	46383	46386	46389	46392	46395	46398
					46401	46404	46407	46410	46413	46416	46419	46422	46425	46428	46431	46434	46437	46440	46443	46446	46449	46452	46455
					46458	46461	46464	46467	46470	46473	46476	46479	46482	46485	46488	46491	46494	46497	46500	46503	46506	46509	46512
					46515	46518	46521	46524	46527	46530	46533	46536	46539	46542	46545	46548	46551	46554	46557	46560	46563	46566	46569
					46572	46575	46578	46581	46584	46587	46590	46593	46596	46599	46602	46605	46608	46611	46614	46617	46620	46623	46626
					46629	46632	46635	46638	46641	46644	46647	46650	46653	46656	46659	46662	46665	46668	46671	46674	46677	46680	46683
					46686	46689	46692	46695	46698	46701	46704	46707	46710	46713	46716	46719	46722	46725	46728	46731	46734	46737	46740
					46743	46746	46749	46752	46755	46758	46761	46764	46767	46770	46773	46776	46779	46782	46785	46788	46791	46794	46797
					46800	46803	46806	46809	46812	46815	46818	46821	46824	46827	46830	46833	46836	46839	46842	46845	46848	46851	46854
					46857	46860	46863	46866	46869	46872	46875	46878	46881	46884	46887	46890	46893	46896	46899	46902	46905	46908	46911
					46914	46917	46920	46923	46926	46929	46932	46935	46938	46941	46944	46947	46950	46953	46956	46959	46962	46965	46968
					46971	46974	46977	46980	46983	46986	46989	46992	46995	46998	47001	47004	47007	47010	47013	47016	47019	47022	47025
					47028	47031	47034	47037	47040	47043	47046	47049	47052	47055	47058	47061	47064	47067	47070	47073	47076	47079	47082
					47085	47088	47091	47094	47097	47100	47103	47106	47109	47112	47115	47118	47121	47124	47127	47130	47133	47136	47139
					47142	47145	47148	47151	47154	47157	47160	47163	47166	47169	47172	47175	47178	47181	47184	47187	47190	47193	47196
					47199	47202	47205	47208	47211	47214	47217	47220	47223	47226	47229	47232	47235	47238	47241	47244	47247	47250	47253
					47256	47259	47262	47265	47268	47271	47274	47277	47280	47283	47286	47289	47292	47295	47298	47301	47304	47307	47310
					47313	47316	47319	47322	47325	47328	47331	47334	47337	47340	47343	47346	47349	47352	47355	47358	47361	47364	47367
					47370	47373	47376	47379	47382	47385	47388	47391	47394	47397	47400	47403	47406	47409	47412	47415	47418	47421	47424
					47427	47430	47433	47436	47439	47442	47445	47448	47451	47454	47457	47460	47463	47466	47469	47472	47475	47478	47481
					47484	47487	47490	47493	47496	47499	47502	47505	47508	47511	47514	47517	47520	47523	47526	47529	47532	47535	47538
					47541	47544	47547	47550	47553	47556	47559	47562	47565	47568	47571	47574	47577	47580	47583	47586	47589	47592	47595
					47598	47601	47604	47607	47610	47613	47616	47619	47622	47625	47628	47631	47634	47637	47640	47643	47646	47649	47652
					47655	47658	47661	47664	47667	47670	47673	47676	47679	47682	47685	47688	47691	47694	47697	47700	47703	47706	47709
					47712	47715	47718	47721	47724	47727	47730	47733	47736	47739	47742	47745	47748	47751	47754	47757	47760	47763	47766
					47769	47772	47775	47778	47781	47784	47787	47790	47793	47796	47799	47802	47805	47808	47811	47814	47817	47820	47823
					47826	47829	47832	47835	47838	47841	47844	47847	47850	47853	47856	47859	47862	47865	47868	47871	47874	47877	47880
					47883	47886	47889	47892	47895	47898	47901	47904	47907	47910	47913	47916	47919	47922	47925	47928	47931	47934	47937
					47940	47943	47946	47949	47952	47955	47958	47961	47964	47967	47970	47973	47976	47979	47982	47985	47988	47991	47994
					47997	48000	
				</DataArray>
				<DataArray type="UInt8" Name="types" NumberOfComponents="1" format="ascii">
					5	5	5	5	5	5	5	5	5	5	5	5	5	5	5	5	5	5	5
					5	5	5	5	5	5	5	5	5	5	5	5	5	5	5	5	5	5	5
					5	5	5	5	5	5	5	5	5	5	5	5	5	5	5	5	5	5	5
					5	5	5	5	5	5	5	5	5	5	5	5	5	5	5	5	5	5	5
					5	5	5	5	5	5	5	5	5	5	5	5	5	5	5	5	5	5	5
					5	5	5	5	5	5	5	5	5	5	5	5	5	5	5	5	5	5	5
					5	5	5	5	5	5	5	5	5	5	5	5	5	5	5	5	5	5	5
					5	5	5	5	5	5	5	5	5	5	5	5	5	5	5	5	5	5	5
					5	5	5	5	5	5	5	5	5	5	5	5	5	5	5	5	5	5	5
					5	5	5	5	5	5	5	5	5	5	5	5	5	5	5	5	5	5	5
					5	5	5	5	5	5	5	5	5	5	5	5	5	5	5	5	5	5	5
					5	5	5	5	5	5	5	5	5	5	5	5	5	5	5	5	5	5	5
					5	5	5	5	5	5	5	5	5	5	5	5	5	5	5	5	5	5	5
					5	5	5	5	5	5	5	5	5	5	5	5	5	5	5	5	5	5	5
					5	5	5	5	5	5	5	5	5	5	5	5	5	5	5	5	5	5	5
					5	5	5	5	5	5	5	5	5	5	5	5	5	5	5	5	5	5	5
					5	5	5	5	5	5	5	5	5	5	5	5	5	5	5	5	5	5	5
					5	5	5	5	5	5	5	5	5	5	5	5	5	5	5	5	5	5	5
					5	5	5	5	5	5	5	5	5	5	5	5	5	5	5	5	5	5	5
					5	5	5	5	5	5	5	5	5	5	5	5	5	5	5	5	5	5	5
					5	5	5	5	5	5	5	5	5	5	5	5	5	5	5	5	5	5	5
					5	5	5	5	5	5	5	5	5	5	5	5	5	5	5	5	5	5	5
					5	5	5	5	5	5	5	5	5	5	5	5	5	5	5	5	5	5	5
					5	5	5	5	5	5	5	5	5	5	5	5	5	5	5	5	5	5	5
					5	5	5	5	5	5	5	5	5	5	5	5	5	5	5	5	5	5	5
					5	5	5	5	5	5	5	5	5	5	5	5	5	5	5	5	5	5	5
					5	5	5	5	5	5	5	5	5	5	5	5	5	5	5	5	5	5	5
					5	5	5	5	5	5	5	5	5	5	5	5	5	5	5	5	5	5	5
					5	5	5	5	5	5	5	5	5	5	5	5	5	5	5	5	5	5	5
					5	5	5	5	5	5	5	5	5	5	5	5	5	5	5	5	5	5	5
					5	5	5	5	5	5	5	5	5	5	5	5	5	5	5	5	5	5	5
					5	5	5	5	5	5	5	5	5	5	5	5	5	5	5	5	5	5	5
					5	5	5	5	5	5	5	5	5	5	5	5	5	5	5	5	5	5	5
					5	5	5	5	5	5	5	5	5	5	5	5	5	5	5	5	5	5	5
					5	5	5	5	5	5	5	5	5	5	5	5	5	5	5	5	5	5	5
					5	5	5	5	5	5	5	5	5	5	5	5	5	5	5	5	5	5	5
					5	5	5	5	5	5	5	5	5	5	5	5	5	5	5	5	5	5	5
					5	5	5	5	5	5	5	5	5	5	5	5	5	5	5	5	5	5	5
					5	5	5	5	5	5	5	5	5	5	5	5	5	5	5	5	5	5	5
					5	5	5	5	5	5	5	5	5	5	5	5	5	5	5	5	5	5	5
					5	5	5	5	5	5	5	5	5	5	5	5	5	5	5	5	5	5	5
					5	5	5	5	5	5	5	5	5	5	5	5	5	5	5	5	5	5	5
					5	5	5	5	5	5	5	5	5	5	5	5	5	5	5	5	5	5	5
					5	5	5	5	5	5	5	5	5	5	5	5	5	5	5	5	5	5	5
					5	5	5	5	5	5	5	5	5	5	5	5	5	5	5	5	5	5	5
					5	5	5	5	5	5	5	5	5	5	5	5	5	5	5	5	5	5	5
					5	5	5	5	5	5	5	5	5	5	5	5	5	5	5	5	5	5	5
					5	5	5	5	5	5	5	5	5	5	5	5	5	5	5	5	5	5	5
					5	5	5	5	5	5	5	5	5	5	5	5	5	5	5	5	5	5	5
					5	5	5	5	5	5	5	5	5	5	5	5	5	5	5	5	5	5	5
					5	5	5	5	5	5	5	5	5	5	5	5	5	5	5	5	5	5	5
					5	5	5	5	5	5	5	5	5	5	5	5	5	5	5	5	5	5	5
					5	5	5	5	5	5	5	5	5	5	5	5	5	5	5	5	5	5	5
					5	5	5	5	5	5	5	5	5	5	5	5	5	5	5	5	5	5	5
					5	5	5	5	5	5	5	5	5	5	5	5	5	5	5	5	5	5	5
					5	5	5	5	5	5	5	5	5	5	5	5	5	5	5	5	5	5	5
					5	5	5	5	5	5	5	5	5	5	5	5	5	5	5	5	5	5	5
					5	5	5	5	5	5	5	5	5	5	5	5	5	5	5	5	5	5	5
					5	5	5	5	5	5	5	5	5	5	5	5	5	5	5	5	5	5	5
					5	5	5	5	5	5	5	5	5	5	5	5	5	5	5	5	5	5	5
					5	5	5	5	5	5	5	5	5	5	5	5	5	5	5	5	5	5	5
					5	5	5	5	5	5	5	5	5	5	5	5	5	5	5	5	5	5	5
					5	5	5	5	5	5	5	5	5	5	5	5	5	5	5	5	5	5	5
					5	5	5	5	5	5	5	5	5	5	5	5	5	5	5	5	5	5	5
					5	5	5	5	5	5	5	5	5	5	5	5	5	5	5	5	5	5	5
					5	5	5	5	5	5	5	5	5	5	5	5	5	5	5	5	5	5	5
					5	5	5	5	5	5	5	5	5	5	5	5	5	5	5	5	5	5	5
					5	5	5	5	5	5	5	5	5	5	5	5	5	5	5	5	5	5	5
					5	5	5	5	5	5	5	5	5	5	5	5	5	5	5	5	5	5	5
					5	5	5	5	5	5	5	5	5	5	5	5	5	5	5	5	5	5	5
					5	5	5	5	5	5	5	5	5	5	5	5	5	5	5	5	5	5	5
					5	5	5	5	5	5	5	5	5	5	5	5	5	5	5	5	5	5	5
					5	5	5	5	5	5	5	5	5	5	5	5	5	5	5	5	5	5	5
					5	5	5	5	5	5	5	5	5	5	5	5	5	5	5	5	5	5	5
					5	5	5	5	5	5	5	5	5	5	5	5	5	5	5	5	5	5	5
					5	5	5	5	5	5	5	5	5	5	5	5	5	5	5	5	5	5	5
					5	5	5	5	5	5	5	5	5	5	5	5	5	5	5	5	5	5	5
					5	5	5	5	5	5	5	5	5	5	5	5	5	5	5	5	5	5	5
					5	5	5	5	5	5	5	5	5	5	5	5	5	5	5	5	5	5	5
					5	5	5	5	5	5	5	5	5	5	5	5	5	5	5	5	5	5	5
					5	5	5	5	5	5	5	5	5	5	5	5	5	5	5	5	5	5	5
					5	5	5	5	5	5	5	5	5	5	5	5	5	5	5	5	5	5	5
					5	5	5	5	5	5	5	5	5	5	5	5	5	5	5	5	5	5	5
					5	5	5	5	5	5	5	5	5	5	5	5	5	5	5	5	5	5	5
					5	5	5	5	5	5	5	5	5	5	5	5	5	5	5	5	5	5	5
					5	5	5	5	5	5	5	5	5	5	5	5	5	5	5	5	5	5	5
					5	5	5	5	5	5	5	5	5	5	5	5	5	5	5	5	5	5	5
					5	5	5	5	5	5	5	5	5	5	5	5	5	5	5	5	5	5	5
					5	5	5	5	5	5	5	5	5	5	5	5	5	5	5	5	5	5	5
					5	5	5	5	5	5	5	5	5	5	5	5	5	5	5	5	5	5	5
					5	5	5	5	5	5	5	5	5	5	5	5	5	5	5	5	5	5	5
					5	5	5	5	5	5	5	5	5	5	5	5	5	5	5	5	5	5	5
					5	5	5	5	5	5	5	5	5	5	5	5	5	5	5	5	5	5	5
					5	5	5	5	5	5	5	5	5	5	5	5	5	5	5	5	5	5	5
					5	5	5	5	5	5	5	5	5	5	5	5	5	5	5	5	5	5	5
					5	5	5	5	5	5	5	5	5	5	5	5	5	5	5	5	5	5	5
					5	5	5	5	5	5	5	5	5	5	5	5	5	5	5	5	5	5	5
					5	5	5	5	5	5	5	5	5	5	5	5	5	5	5	5	5	5	5
					5	5	5	5	5	5	5	5	5	5	5	5	5	5	5	5	5	5	5
					5	5	5	5	5	5	5	5	5	5	5	5	5	5	5	5	5	5	5
					5	5	5	5	5	5	5	5	5	5	5	5	5	5	5	5	5	5	5
					5	5	5	5	5	5	5	5	5	5	5	5	5	5	5	5	5	5	5
					5	5	5	5	5	5	5	5	5	5	5	5	5	5	5	5	5	5	5
					5	5	5	5	5	5	5	5	5	5	5	5	5	5	5	5	5	5	5
					5	5	5	5	5	5	5	5	5	5	5	5	5	5	5	5	5	5	5
					5	5	5	5	5	5	5	5	5	5	5	5	5	5	5	5	5	5	5
					5	5	5	5	5	5	5	5	5	5	5	5	5	5	5	5	5	5	5
					5	5	5	5	5	5	5	5	5	5	5	5	5	5	5	5	5	5	5
					5	5	5	5	5	5	5	5	5	5	5	5	5	5	5	5	5	5	5
					5	5	5	5	5	5	5	5	5	5	5	5	5	5	5	5	5	5	5
					5	5	5	5	5	5	5	5	5	5	5	5	5	5	5	5	5	5	5
					5	5	5	5	5	5	5	5	5	5	5	5	5	5	5	5	5	5	5
					5	5	5	5	5	5	5	5	5	5	5	5	5	5	5	5	5	5	5
					5	5	5	5	5	5	5	5	5	5	5	5	5	5	5	5	5	5	5
					5	5	5	5	5	5	5	5	5	5	5	5	5	5	5	5	5	5	5
					5	5	5	5	5	5	5	5	5	5	5	5	5	5	5	5	5	5	5
					5	5	5	5	5	5	5	5	5	5	5	5	5	5	5	5	5	5	5
					5	5	5	5	5	5	5	5	5	5	5	5	5	5	5	5	5	5	5
					5	5	5	5	5	5	5	5	5	5	5	5	5	5	5	5	5	5	5
					5	5	5	5	5	5	5	5	5	5	5	5	5	5	5	5	5	5	5
					5	5	5	5	5	5	5	5	5	5	5	5	5	5	5	5	5	5	5
					5	5	5	5	5	5	5	5	5	5	5	5	5	5	5	5	5	5	5
					5	5	5	5	5	5	5	5	5	5	5	5	5	5	5	5	5	5	5
					5	5	5	5	5	5	5	5	5	5	5	5	5	5	5	5	5	5	5
					5	5	5	5	5	5	5	5	5	5	5	5	5	5	5	5	5	5	5
					5	5	5	5	5	5	5	5	5	5	5	5	5	5	5	5	5	5	5
					5	5	5	5	5	5	5	5	5	5	5	5	5	5	5	5	5	5	5
					5	5	5	5	5	5	5	5	5	5	5	5	5	5	5	5	5	5	5
					5	5	5	5	5	5	5	5	5	5	5	5	5	5	5	5	5	5	5
					5	5	5	5	5	5	5	5	5	5	5	5	5	5	5	5	5	5	5
					5	5	5	5	5	5	5	5	5	5	5	5	5	5	5	5	5	5	5
					5	5	5	5	5	5	5	5	5	5	5	5	5	5	5	5	5	5	5
					5	5	5	5	5	5	5	5	5	5	5	5	5	5	5	5	5	5	5
					5	5	5	5	5	5	5	5	5	5	5	5	5	5	5	5	5	5	5
					5	5	5	5	5	5	5	5	5	5	5	5	5	5	5	5	5	5	5
					5	5	5	5	5	5	5	5	5	5	5	5	5	5	5	5	5	5	5
					5	5	5	5	5	5	5	5	5	5	5	5	5	5	5	5	5	5	5
					5	5	5	5	5	5	5	5	5	5	5	5	5	5	5	5	5	5	5
					5	5	5	5	5	5	5	5	5	5	5	5	5	5	5	5	5	5	5
					5	5	5	5	5	5	5	5	5	5	5	5	5	5	5	5	5	5	5
					5	5	5	5	5	5	5	5	5	5	5	5	5	5	5	5	5	5	5
					5	5	5	5	5	5	5	5	5	5	5	5	5	5	5	5	5	5	5
					5	5	5	5	5	5	5	5	5	5	5	5	5	5	5	5	5	5	5
					5	5	5	5	5	5	5	5	5	5	5	5	5	5	5	5	5	5	5
					5	5	5	5	5	5	5	5	5	5	5	5	5	5	5	5	5	5	5
					5	5	5	5	5	5	5	5	5	5	5	5	5	5	5	5	5	5	5
					5	5	5	5	5	5	5	5	5	5	5	5	5	5	5	5	5	5	5
					5	5	5	5	5	5	5	5	5	5	5	5	5	5	5	5	5	5	5
					5	5	5	5	5	5	5	5	5	5	5	5	5	5	5	5	5	5	5
					5	5	5	5	5	5	5	5	5	5	5	5	5	5	5	5	5	5	5
					5	5	5	5	5	5	5	5	5	5	5	5	5	5	5	5	5	5	5
					5	5	5	5	5	5	5	5	5	5	5	5	5	5	5	5	5	5	5
					5	5	5	5	5	5	5	5	5	5	5	5	5	5	5	5	5	5	5
					5	5	5	5	5	5	5	5	5	5	5	5	5	5	5	5	5	5	5
					5	5	5	5	5	5	5	5	5	5	5	5	5	5	5	5	5	5	5
					5	5	5	5	5	5	5	5	5	5	5	5	5	5	5	5	5	5	5
					5	5	5	5	5	5	5	5	5	5	5	5	5	5	5	5	5	5	5
					5	5	5	5	5	5	5	5	5	5	5	5	5	5	5	5	5	5	5
					5	5	5	5	5	5	5	5	5	5	5	5	5	5	5	5	5	5	5
					5	5	5	5	5	5	5	5	5	5	5	5	5	5	5	5	5	5	5
					5	5	5	5	5	5	5	5	5	5	5	5	5	5	5	5	5	5	5
					5	5	5	5	5	5	5	5	5	5	5	5	5	5	5	5	5	5	5
					5	5	5	5	5	5	5	5	5	5	5	5	5	5	5	5	5	5	5
					5	5	5	5	5	5	5	5	5	5	5	5	5	5	5	5	5	5	5
					5	5	5	5	5	5	5	5	5	5	5	5	5	5	5	5	5	5	5
					5	5	5	5	5	5	5	5	5	5	5	5	5	5	5	5	5	5	5
					5	5	5	5	5	5	5	5	5	5	5	5	5	5	5	5	5	5	5
					5	5	5	5	5	5	5	5	5	5	5	5	5	5	5	5	5	5	5
					5	5	5	5	5	5	5	5	5	5	5	5	5	5	5	5	5	5	5
					5	5	5	5	5	5	5	5	5	5	5	5	5	5	5	5	5	5	5
					5	5	5	5	5	5	5	5	5	5	5	5	5	5	5	5	5	5	5
					5	5	5	5	5	5	5	5	5	5	5	5	5	5	5	5	5	5	5
					5	5	5	5	5	5	5	5	5	5	5	5	5	5	5	5	5	5	5
					5	5	5	5	5	5	5	5	5	5	5	5	5	5	5	5	5	5	5
					5	5	5	5	5	5	5	5	5	5	5	5	5	5	5	5	5	5	5
					5	5	5	5	5	5	5	5	5	5	5	5	5	5	5	5	5	5	5
					5	5	5	5	5	5	5	5	5	5	5	5	5	5	5	5	5	5	5
					5	5	5	5	5	5	5	5	5	5	5	5	5	5	5	5	5	5	5
					5	5	5	5	5	5	5	5	5	5	5	5	5	5	5	5	5	5	5
					5	5	5	5	5	5	5	5	5	5	5	5	5	5	5	5	5	5	5
					5	5	5	5	5	5	5	5	5	5	5	5	5	5	5	5	5	5	5
					5	5	5	5	5	5	5	5	5	5	5	5	5	5	5	5	5	5	5
					5	5	5	5	5	5	5	5	5	5	5	5	5	5	5	5	5	5	5
					5	5	5	5	5	5	5	5	5	5	5	5	5	5	5	5	5	5	5
					5	5	5	5	5	5	5	5	5	5	5	5	5	5	5	5	5	5	5
					5	5	5	5	5	5	5	5	5	5	5	5	5	5	5	5	5	5	5
					5	5	5	5	5	5	5	5	5	5	5	5	5	5	5	5	5	5	5
					5	5	5	5	5	5	5	5	5	5	5	5	5	5	5	5	5	5	5
					5	5	5	5	5	5	5	5	5	5	5	5	5	5	5	5	5	5	5
					5	5	5	5	5	5	5	5	5	5	5	5	5	5	5	5	5	5	5
					5	5	5	5	5	5	5	5	5	5	5	5	5	5	5	5	5	5	5
					5	5	5	5	5	5	5	5	5	5	5	5	5	5	5	5	5	5	5
					5	5	5	5	5	5	5	5	5	5	5	5	5	5	5	5	5	5	5
					5	5	5	5	5	5	5	5	5	5	5	5	5	5	5	5	5	5	5
					5	5	5	5	5	5	5	5	5	5	5	5	5	5	5	5	5	5	5
					5	5	5	5	5	5	5	5	5	5	5	5	5	5	5	5	5	5	5
					5	5	5	5	5	5	5	5	5	5	5	5	5	5	5	5	5	5	5
					5	5	5	5	5	5	5	5	5	5	5	5	5	5	5	5	5	5	5
					5	5	5	5	5	5	5	5	5	5	5	5	5	5	5	5	5	5	5
					5	5	5	5	5	5	5	5	5	5	5	5	5	5	5	5	5	5	5
					5	5	5	5	5	5	5	5	5	5	5	5	5	5	5	5	5	5	5
					5	5	5	5	5	5	5	5	5	5	5	5	5	5	5	5	5	5	5
					5	5	5	5	5	5	5	5	5	5	5	5	5	5	5	5	5	5	5
					5	5	5	5	5	5	5	5	5	5	5	5	5	5	5	5	5	5	5
					5	5	5	5	5	5	5	5	5	5	5	5	5	5	5	5	5	5	5
					5	5	5	5	5	5	5	5	5	5	5	5	5	5	5	5	5	5	5
					5	5	5	5	5	5	5	5	5	5	5	5	5	5	5	5	5	5	5
					5	5	5	5	5	5	5	5	5	5	5	5	5	5	5	5	5	5	5
					5	5	5	5	5	5	5	5	5	5	5	5	5	5	5	5	5	5	5
					5	5	5	5	5	5	5	5	5	5	5	5	5	5	5	5	5	5	5
					5	5	5	5	5	5	5	5	5	5	5	5	5	5	5	5	5	5	5
					5	5	5	5	5	5	5	5	5	5	5	5	5	5	5	5	5	5	5
					5	5	5	5	5	5	5	5	5	5	5	5	5	5	5	5	5	5	5
					5	5	5	5	5	5	5	5	5	5	5	5	5	5	5	5	5	5	5
					5	5	5	5	5	5	5	5	5	5	5	5	5	5	5	5	5	5	5
					5	5	5	5	5	5	5	5	5	5	5	5	5	5	5	5	5	5	5
					5	5	5	5	5	5	5	5	5	5	5	5	5	5	5	5	5	5	5
					5	5	5	5	5	5	5	5	5	5	5	5	5	5	5	5	5	5	5
					5	5	5	5	5	5	5	5	5	5	5	5	5	5	5	5	5	5	5
					5	5	5	5	5	5	5	5	5	5	5	5	5	5	5	5	5	5	5
					5	5	5	5	5	5	5	5	5	5	5	5	5	5	5	5	5	5	5
					5	5	5	5	5	5	5	5	5	5	5	5	5	5	5	5	5	5	5
					5	5	5	5	5	5	5	5	5	5	5	5	5	5	5	5	5	5	5
					5	5	5	5	5	5	5	5	5	5	5	5	5	5	5	5	5	5	5
					5	5	5	5	5	5	5	5	5	5	5	5	5	5	5	5	5	5	5
					5	5	5	5	5	5	5	5	5	5	5	5	5	5	5	5	5	5	5
					5	5	5	5	5	5	5	5	5	5	5	5	5	5	5	5	5	5	5
					5	5	5	5	5	5	5	5	5	5	5	5	5	5	5	5	5	5	5
					5	5	5	5	5	5	5	5	5	5	5	5	5	5	5	5	5	5	5
					5	5	5	5	5	5	5	5	5	5	5	5	5	5	5	5	5	5	5
					5	5	5	5	5	5	5	5	5	5	5	5	5	5	5	5	5	5	5
					5	5	5	5	5	5	5	5	5	5	5	5	5	5	5	5	5	5	5
					5	5	5	5	5	5	5	5	5	5	5	5	5	5	5	5	5	5	5
					5	5	5	5	5	5	5	5	5	5	5	5	5	5	5	5	5	5	5
					5	5	5	5	5	5	5	5	5	5	5	5	5	5	5	5	5	5	5
					5	5	5	5	5	5	5	5	5	5	5	5	5	5	5	5	5	5	5
					5	5	5	5	5	5	5	5	5	5	5	5	5	5	5	5	5	5	5
					5	5	5	5	5	5	5	5	5	5	5	5	5	5	5	5	5	5	5
					5	5	5	5	5	5	5	5	5	5	5	5	5	5	5	5	5	5	5
					5	5	5	5	5	5	5	5	5	5	5	5	5	5	5	5	5	5	5
					5	5	5	5	5	5	5	5	5	5	5	5	5	5	5	5	5	5	5
					5	5	5	5	5	5	5	5	5	5	5	5	5	5	5	5	5	5	5
					5	5	5	5	5	5	5	5	5	5	5	5	5	5	5	5	5	5	5
					5	5	5	5	5	5	5	5	5	5	5	5	5	5	5	5	5	5	5
					5	5	5	5	5	5	5	5	5	5	5	5	5	5	5	5	5	5	5
					5	5	5	5	5	5	5	5	5	5	5	5	5	5	5	5	5	5	5
					5	5	5	5	5	5	5	5	5	5	5	5	5	5	5	5	5	5	5
					5	5	5	5	5	5	5	5	5	5	5	5	5	5	5	5	5	5	5
					5	5	5	5	5	5	5	5	5	5	5	5	5	5	5	5	5	5	5
					5	5	5	5	5	5	5	5	5	5	5	5	5	5	5	5	5	5	5
					5	5	5	5	5	5	5	5	5	5	5	5	5	5	5	5	5	5	5
					5	5	5	5	5	5	5	5	5	5	5	5	5	5	5	5	5	5	5
					5	5	5	5	5	5	5	5	5	5	5	5	5	5	5	5	5	5	5
					5	5	5	5	5	5	5	5	5	5	5	5	5	5	5	5	5	5	5
					5	5	5	5	5	5	5	5	5	5	5	5	5	5	5	5	5	5	5
					5	5	5	5	5	5	5	5	5	5	5	5	5	5	5	5	5	5	5
					5	5	5	5	5	5	5	5	5	5	5	5	5	5	5	5	5	5	5
					5	5	5	5	5	5	5	5	5	5	5	5	5	5	5	5	5	5	5
					5	5	5	5	5	5	5	5	5	5	5	5	5	5	5	5	5	5	5
					5	5	5	5	5	5	5	5	5	5	5	5	5	5	5	5	5	5	5
					5	5	5	5	5	5	5	5	5	5	5	5	5	5	5	5	5	5	5
					5	5	5	5	5	5	5	5	5	5	5	5	5	5	5	5	5	5	5
					5	5	5	5	5	5	5	5	5	5	5	5	5	5	5	5	5	5	5
					5	5	5	5	5	5	5	5	5	5	5	5	5	5	5	5	5	5	5
					5	5	5	5	5	5	5	5	5	5	5	5	5	5	5	5	5	5	5
					5	5	5	5	5	5	5	5	5	5	5	5	5	5	5	5	5	5	5
					5	5	5	5	5	5	5	5	5	5	5	5	5	5	5	5	5	5	5
					5	5	5	5	5	5	5	5	5	5	5	5	5	5	5	5	5	5	5
					5	5	5	5	5	5	5	5	5	5	5	5	5	5	5	5	5	5	5
					5	5	5	5	5	5	5	5	5	5	5	5	5	5	5	5	5	5	5
					5	5	5	5	5	5	5	5	5	5	5	5	5	5	5	5	5	5	5
					5	5	5	5	5	5	5	5	5	5	5	5	5	5	5	5	5	5	5
					5	5	5	5	5	5	5	5	5	5	5	5	5	5	5	5	5	5	5
					5	5	5	5	5	5	5	5	5	5	5	5	5	5	5	5	5	5	5
					5	5	5	5	5	5	5	5	5	5	5	5	5	5	5	5	5	5	5
					5	5	5	5	5	5	5	5	5	5	5	5	5	5	5	5	5	5	5
					5	5	5	5	5	5	5	5	5	5	5	5	5	5	5	5	5	5	5
					5	5	5	5	5	5	5	5	5	5	5	5	5	5	5	5	5	5	5
					5	5	5	5	5	5	5	5	5	5	5	5	5	5	5	5	5	5	5
					5	5	5	5	5	5	5	5	5	5	5	5	5	5	5	5	5	5	5
					5	5	5	5	5	5	5	5	5	5	5	5	5	5	5	5	5	5	5
					5	5	5	5	5	5	5	5	5	5	5	5	5	5	5	5	5	5	5
					5	5	5	5	5	5	5	5	5	5	5	5	5	5	5	5	5	5	5
					5	5	5	5	5	5	5	5	5	5	5	5	5	5	5	5	5	5	5
					5	5	5	5	5	5	5	5	5	5	5	5	5	5	5	5	5	5	5
					5	5	5	5	5	5	5	5	5	5	5	5	5	5	5	5	5	5	5
					5	5	5	5	5	5	5	5	5	5	5	5	5	5	5	5	5	5	5
					5	5	5	5	5	5	5	5	5	5	5	5	5	5	5	5	5	5	5
					5	5	5	5	5	5	5	5	5	5	5	5	5	5	5	5	5	5	5
					5	5	5	5	5	5	5	5	5	5	5	5	5	5	5	5	5	5	5
					5	5	5	5	5	5	5	5	5	5	5	5	5	5	5	5	5	5	5
					5	5	5	5	5	5	5	5	5	5	5	5	5	5	5	5	5	5	5
					5	5	5	5	5	5	5	5	5	5	5	5	5	5	5	5	5	5	5
					5	5	5	5	5	5	5	5	5	5	5	5	5	5	5	5	5	5	5
					5	5	5	5	5	5	5	5	5	5	5	5	5	5	5	5	5	5	5
					5	5	5	5	5	5	5	5	5	5	5	5	5	5	5	5	5	5	5
					5	5	5	5	5	5	5	5	5	5	5	5	5	5	5	5	5	5	5
					5	5	5	5	5	5	5	5	5	5	5	5	5	5	5	5	5	5	5
					5	5	5	5	5	5	5	5	5	5	5	5	5	5	5	5	5	5	5
					5	5	5	5	5	5	5	5	5	5	5	5	5	5	5	5	5	5	5
					5	5	5	5	5	5	5	5	5	5	5	5	5	5	5	5	5	5	5
					5	5	5	5	5	5	5	5	5	5	5	5	5	5	5	5	5	5	5
					5	5	5	5	5	5	5	5	5	5	5	5	5	5	5	5	5	5	5
					5	5	5	5	5	5	5	5	5	5	5	5	5	5	5	5	5	5	5
					5	5	5	5	5	5	5	5	5	5	5	5	5	5	5	5	5	5	5
					5	5	5	5	5	5	5	5	5	5	5	5	5	5	5	5	5	5	5
					5	5	5	5	5	5	5	5	5	5	5	5	5	5	5	5	5	5	5
					5	5	5	5	5	5	5	5	5	5	5	5	5	5	5	5	5	5	5
					5	5	5	5	5	5	5	5	5	5	5	5	5	5	5	5	5	5	5
					5	5	5	5	5	5	5	5	5	5	5	5	5	5	5	5	5	5	5
					5	5	5	5	5	5	5	5	5	5	5	5	5	5	5	5	5	5	5
					5	5	5	5	5	5	5	5	5	5	5	5	5	5	5	5	5	5	5
					5	5	5	5	5	5	5	5	5	5	5	5	5	5	5	5	5	5	5
					5	5	5	5	5	5	5	5	5	5	5	5	5	5	5	5	5	5	5
					5	5	5	5	5	5	5	5	5	5	5	5	5	5	5	5	5	5	5
					5	5	5	5	5	5	5	5	5	5	5	5	5	5	5	5	5	5	5
					5	5	5	5	5	5	5	5	5	5	5	5	5	5	5	5	5	5	5
					5	5	5	5	5	5	5	5	5	5	5	5	5	5	5	5	5	5	5
					5	5	5	5	5	5	5	5	5	5	5	5	5	5	5	5	5	5	5
					5	5	5	5	5	5	5	5	5	5	5	5	5	5	5	5	5	5	5
					5	5	5	5	5	5	5	5	5	5	5	5	5	5	5	5	5	5	5
					5	5	5	5	5	5	5	5	5	5	5	5	5	5	5	5	5	5	5
					5	5	5	5	5	5	5	5	5	5	5	5	5	5	5	5	5	5	5
					5	5	5	5	5	5	5	5	5	5	5	5	5	5	5	5	5	5	5
					5	5	5	5	5	5	5	5	5	5	5	5	5	5	5	5	5	5	5
					5	5	5	5	5	5	5	5	5	5	5	5	5	5	5	5	5	5	5
					5	5	5	5	5	5	5	5	5	5	5	5	5	5	5	5	5	5	5
					5	5	5	5	5	5	5	5	5	5	5	5	5	5	5	5	5	5	5
					5	5	5	5	5	5	5	5	5	5	5	5	5	5	5	5	5	5	5
					5	5	5	5	5	5	5	5	5	5	5	5	5	5	5	5	5	5	5
					5	5	5	5	5	5	5	5	5	5	5	5	5	5	5	5	5	5	5
					5	5	5	5	5	5	5	5	5	5	5	5	5	5	5	5	5	5	5
					5	5	5	5	5	5	5	5	5	5	5	5	5	5	5	5	5	5	5
					5	5	5	5	5	5	5	5	5	5	5	5	5	5	5	5	5	5	5
					5	5	5	5	5	5	5	5	5	5	5	5	5	5	5	5	5	5	5
					5	5	5	5	5	5	5	5	5	5	5	5	5	5	5	5	5	5	5
					5	5	5	5	5	5	5	5	5	5	5	5	5	5	5	5	5	5	5
					5	5	5	5	5	5	5	5	5	5	5	5	5	5	5	5	5	5	5
					5	5	5	5	5	5	5	5	5	5	5	5	5	5	5	5	5	5	5
					5	5	5	5	5	5	5	5	5	5	5	5	5	5	5	5	5	5	5
					5	5	5	5	5	5	5	5	5	5	5	5	5	5	5	5	5	5	5
					5	5	5	5	5	5	5	5	5	5	5	5	5	5	5	5	5	5	5
					5	5	5	5	5	5	5	5	5	5	5	5	5	5	5	5	5	5	5
					5	5	5	5	5	5	5	5	5	5	5	5	5	5	5	5	5	5	5
					5	5	5	5	5	5	5	5	5	5	5	5	5	5	5	5	5	5	5
					5	5	5	5	5	5	5	5	5	5	5	5	5	5	5	5	5	5	5
					5	5	5	5	5	5	5	5	5	5	5	5	5	5	5	5	5	5	5
					5	5	5	5	5	5	5	5	5	5	5	5	5	5	5	5	5	5	5
					5	5	5	5	5	5	5	5	5	5	5	5	5	5	5	5	5	5	5
					5	5	5	5	5	5	5	5	5	5	5	5	5	5	5	5	5	5	5
					5	5	5	5	5	5	5	5	5	5	5	5	5	5	5	5	5	5	5
					5	5	5	5	5	5	5	5	5	5	5	5	5	5	5	5	5	5	5
					5	5	5	5	5	5	5	5	5	5	5	5	5	5	5	5	5	5	5
					5	5	5	5	5	5	5	5	5	5	5	5	5	5	5	5	5	5	5
					5	5	5	5	5	5	5	5	5	5	5	5	5	5	5	5	5	5	5
					5	5	5	5	5	5	5	5	5	5	5	5	5	5	5	5	5	5	5
					5	5	5	5	5	5	5	5	5	5	5	5	5	5	5	5	5	5	5
					5	5	5	5	5	5	5	5	5	5	5	5	5	5	5	5	5	5	5
					5	5	5	5	5	5	5	5	5	5	5	5	5	5	5	5	5	5	5
					5	5	5	5	5	5	5	5	5	5	5	5	5	5	5	5	5	5	5
					5	5	5	5	5	5	5	5	5	5	5	5	5	5	5	5	5	5	5
					5	5	5	5	5	5	5	5	5	5	5	5	5	5	5	5	5	5	5
					5	5	5	5	5	5	5	5	5	5	5	5	5	5	5	5	5	5	5
					5	5	5	5	5	5	5	5	5	5	5	5	5	5	5	5	5	5	5
					5	5	5	5	5	5	5	5	5	5	5	5	5	5	5	5	5	5	5
					5	5	5	5	5	5	5	5	5	5	5	5	5	5	5	5	5	5	5
					5	5	5	5	5	5	5	5	5	5	5	5	5	5	5	5	5	5	5
					5	5	5	5	5	5	5	5	5	5	5	5	5	5	5	5	5	5	5
					5	5	5	5	5	5	5	5	5	5	5	5	5	5	5	5	5	5	5
					5	5	5	5	5	5	5	5	5	5	5	5	5	5	5	5	5	5	5
					5	5	5	5	5	5	5	5	5	5	5	5	5	5	5	5	5	5	5
					5	5	5	5	5	5	5	5	5	5	5	5	5	5	5	5	5	5	5
					5	5	5	5	5	5	5	5	5	5	5	5	5	5	5	5	5	5	5
					5	5	5	5	5	5	5	5	5	5	5	5	5	5	5	5	5	5	5
					5	5	5	5	5	5	5	5	5	5	5	5	5	5	5	5	5	5	5
					5	5	5	5	5	5	5	5	5	5	5	5	5	5	5	5	5	5	5
					5	5	5	5	5	5	5	5	5	5	5	5	5	5	5	5	5	5	5
					5	5	5	5	5	5	5	5	5	5	5	5	5	5	5	5	5	5	5
					5	5	5	5	5	5	5	5	5	5	5	5	5	5	5	5	5	5	5
					5	5	5	5	5	5	5	5	5	5	5	5	5	5	5	5	5	5	5
					5	5	5	5	5	5	5	5	5	5	5	5	5	5	5	5	5	5	5
					5	5	5	5	5	5	5	5	5	5	5	5	5	5	5	5	5	5	5
					5	5	5	5	5	5	5	5	5	5	5	5	5	5	5	5	5	5	5
					5	5	5	5	5	5	5	5	5	5	5	5	5	5	5	5	5	5	5
					5	5	5	5	5	5	5	5	5	5	5	5	5	5	5	5	5	5	5
					5	5	5	5	5	5	5	5	5	5	5	5	5	5	5	5	5	5	5
					5	5	5	5	5	5	5	5	5	5	5	5	5	5	5	5	5	5	5
					5	5	5	5	5	5	5	5	5	5	5	5	5	5	5	5	5	5	5
					5	5	5	5	5	5	5	5	5	5	5	5	5	5	5	5	5	5	5
					5	5	5	5	5	5	5	5	5	5	5	5	5	5	5	5	5	5	5
					5	5	5	5	5	5	5	5	5	5	5	5	5	5	5	5	5	5	5
					5	5	5	5	5	5	5	5	5	5	5	5	5	5	5	5	5	5	5
					5	5	5	5	5	5	5	5	5	5	5	5	5	5	5	5	5	5	5
					5	5	5	5	5	5	5	5	5	5	5	5	5	5	5	5	5	5	5
					5	5	5	5	5	5	5	5	5	5	5	5	5	5	5	5	5	5	5
					5	5	5	5	5	5	5	5	5	5	5	5	5	5	5	5	5	5	5
					5	5	5	5	5	5	5	5	5	5	5	5	5	5	5	5	5	5	5
					5	5	5	5	5	5	5	5	5	5	5	5	5	5	5	5	5	5	5
					5	5	5	5	5	5	5	5	5	5	5	5	5	5	5	5	5	5	5
					5	5	5	5	5	5	5	5	5	5	5	5	5	5	5	5	5	5	5
					5	5	5	5	5	5	5	5	5	5	5	5	5	5	5	5	5	5	5
					5	5	5	5	5	5	5	5	5	5	5	5	5	5	5	5	5	5	5
					5	5	5	5	5	5	5	5	5	5	5	5	5	5	5	5	5	5	5
					5	5	5	5	5	5	5	5	5	5	5	5	5	5	5	5	5	5	5
					5	5	5	5	5	5	5	5	5	5	5	5	5	5	5	5	5	5	5
					5	5	5	5	5	5	5	5	5	5	5	5	5	5	5	5	5	5	5
					5	5	5	5	5	5	5	5	5	5	5	5	5	5	5	5	5	5	5
					5	5	5	5	5	5	5	5	5	5	5	5	5	5	5	5	5	5	5
					5	5	5	5	5	5	5	5	5	5	5	5	5	5	5	5	5	5	5
					5	5	5	5	5	5	5	5	5	5	5	5	5	5	5	5	5	5	5
					5	5	5	5	5	5	5	5	5	5	5	5	5	5	5	5	5	5	5
					5	5	5	5	5	5	5	5	5	5	5	5	5	5	5	5	5	5	5
					5	5	5	5	5	5	5	5	5	5	5	5	5	5	5	5	5	5	5
					5	5	5	5	5	5	5	5	5	5	5	5	5	5	5	5	5	5	5
					5	5	5	5	5	5	5	5	5	5	5	5	5	5	5	5	5	5	5
					5	5	5	5	5	5	5	5	5	5	5	5	5	5	5	5	5	5	5
					5	5	5	5	5	5	5	5	5	5	5	5	5	5	5	5	5	5	5
					5	5	5	5	5	5	5	5	5	5	5	5	5	5	5	5	5	5	5
					5	5	5	5	5	5	5	5	5	5	5	5	5	5	5	5	5	5	5
					5	5	5	5	5	5	5	5	5	5	5	5	5	5	5	5	5	5	5
					5	5	5	5	5	5	5	5	5	5	5	5	5	5	5	5	5	5	5
					5	5	5	5	5	5	5	5	5	5	5	5	5	5	5	5	5	5	5
					5	5	5	5	5	5	5	5	5	5	5	5	5	5	5	5	5	5	5
					5	5	5	5	5	5	5	5	5	5	5	5	5	5	5	5	5	5	5
					5	5	5	5	5	5	5	5	5	5	5	5	5	5	5	5	5	5	5
					5	5	5	5	5	5	5	5	5	5	5	5	5	5	5	5	5	5	5
					5	5	5	5	5	5	5	5	5	5	5	5	5	5	5	5	5	5	5
					5	5	5	5	5	5	5	5	5	5	5	5	5	5	5	5	5	5	5
					5	5	5	5	5	5	5	5	5	5	5	5	5	5	5	5	5	5	5
					5	5	5	5	5	5	5	5	5	5	5	5	5	5	5	5	5	5	5
					5	5	5	5	5	5	5	5	5	5	5	5	5	5	5	5	5	5	5
					5	5	5	5	5	5	5	5	5	5	5	5	5	5	5	5	5	5	5
					5	5	5	5	5	5	5	5	5	5	5	5	5	5	5	5	5	5	5
					5	5	5	5	5	5	5	5	5	5	5	5	5	5	5	5	5	5	5
					5	5	5	5	5	5	5	5	5	5	5	5	5	5	5	5	5	5	5
					5	5	5	5	5	5	5	5	5	5	5	5	5	5	5	5	5	5	5
					5	5	5	5	5	5	5	5	5	5	5	5	5	5	5	5	5	5	5
					5	5	5	5	5	5	5	5	5	5	5	5	5	5	5	5	5	5	5
					5	5	5	5	5	5	5	5	5	5	5	5	5	5	5	5	5	5	5
					5	5	5	5	5	5	5	5	5	5	5	5	5	5	5	5	5	5	5
					5	5	5	5	5	5	5	5	5	5	5	5	5	5	5	5	5	5	5
					5	5	5	5	5	5	5	5	5	5	5	5	5	5	5	5	5	5	5
					5	5	5	5	5	5	5	5	5	5	5	5	5	5	5	5	5	5	5
					5	5	5	5	5	5	5	5	5	5	5	5	5	5	5	5	5	5	5
					5	5	5	5	5	5	5	5	5	5	5	5	5	5	5	5	5	5	5
					5	5	5	5	5	5	5	5	5	5	5	5	5	5	5	5	5	5	5
					5	5	5	5	5	5	5	5	5	5	5	5	5	5	5	5	5	5	5
					5	5	5	5	5	5	5	5	5	5	5	5	5	5	5	5	5	5	5
					5	5	5	5	5	5	5	5	5	5	5	5	5	5	5	5	5	5	5
					5	5	5	5	5	5	5	5	5	5	5	5	5	5	5	5	5	5	5
					5	5	5	5	5	5	5	5	5	5	5	5	5	5	5	5	5	5	5
					5	5	5	5	5	5	5	5	5	5	5	5	5	5	5	5	5	5	5
					5	5	5	5	5	5	5	5	5	5	5	5	5	5	5	5	5	5	5
					5	5	5	5	5	5	5	5	5	5	5	5	5	5	5	5	5	5	5
					5	5	5	5	5	5	5	5	5	5	5	5	5	5	5	5	5	5	5
					5	5	5	5	5	5	5	5	5	5	5	5	5	5	5	5	5	5	5
					5	5	5	5	5	5	5	5	5	5	5	5	5	5	5	5	5	5	5
					5	5	5	5	5	5	5	5	5	5	5	5	5	5	5	5	5	5	5
					5	5	5	5	5	5	5	5	5	5	5	5	5	5	5	5	5	5	5
					5	5	5	5	5	5	5	5	5	5	5	5	5	5	5	5	5	5	5
					5	5	5	5	5	5	5	5	5	5	5	5	5	5	5	5	5	5	5
					5	5	5	5	5	5	5	5	5	5	5	5	5	5	5	5	5	5	5
					5	5	5	5	5	5	5	5	5	5	5	5	5	5	5	5	5	5	5
					5	5	5	5	5	5	5	5	5	5	5	5	5	5	5	5	5	5	5
					5	5	5	5	5	5	5	5	5	5	5	5	5	5	5	5	5	5	5
					5	5	5	5	5	5	5	5	5	5	5	5	5	5	5	5	5	5	5
					5	5	5	5	5	5	5	5	5	5	5	5	5	5	5	5	5	5	5
					5	5	5	5	5	5	5	5	5	5	5	5	5	5	5	5	5	5	5
					5	5	5	5	5	5	5	5	5	5	5	5	5	5	5	5	5	5	5
					5	5	5	5	5	5	5	5	5	5	5	5	5	5	5	5	5	5	5
					5	5	5	5	5	5	5	5	5	5	5	5	5	5	5	5	5	5	5
					5	5	5	5	5	5	5	5	5	5	5	5	5	5	5	5	5	5	5
					5	5	5	5	5	5	5	5	5	5	5	5	5	5	5	5	5	5	5
					5	5	5	5	5	5	5	5	5	5	5	5	5	5	5	5	5	5	5
					5	5	5	5	5	5	5	5	5	5	5	5	5	5	5	5	5	5	5
					5	5	5	5	5	5	5	5	5	5	5	5	5	5	5	5	5	5	5
					5	5	5	5	5	5	5	5	5	5	5	5	5	5	5	5	5	5	5
					5	5	5	5	5	5	5	5	5	5	5	5	5	5	5	5	5	5	5
					5	5	5	5	5	5	5	5	5	5	5	5	5	5	5	5	5	5	5
					5	5	5	5	5	5	5	5	5	5	5	5	5	5	5	5	5	5	5
					5	5	5	5	5	5	5	5	5	5	5	5	5	5	5	5	5	5	5
					5	5	5	5	5	5	5	5	5	5	5	5	5	5	5	5	5	5	5
					5	5	5	5	5	5	5	5	5	5	5	5	5	5	5	5	5	5	5
					5	5	5	5	5	5	5	5	5	5	5	5	5	5	5	5	5	5	5
					5	5	5	5	5	5	5	5	5	5	5	5	5	5	5	5	5	5	5
					5	5	5	5	5	5	5	5	5	5	5	5	5	5	5	5	5	5	5
					5	5	5	5	5	5	5	5	5	5	5	5	5	5	5	5	5	5	5
					5	5	5	5	5	5	5	5	5	5	5	5	5	5	5	5	5	5	5
					5	5	5	5	5	5	5	5	5	5	5	5	5	5	5	5	5	5	5
					5	5	5	5	5	5	5	5	5	5	5	5	5	5	5	5	5	5	5
					5	5	5	5	5	5	5	5	5	5	5	5	5	5	5	5	5	5	5
					5	5	5	5	5	5	5	5	5	5	5	5	5	5	5	5	5	5	5
					5	5	5	5	5	5	5	5	5	5	5	5	5	5	5	5	5	5	5
					5	5	5	5	5	5	5	5	5	5	5	5	5	5	5	5	5	5	5
					5	5	5	5	5	5	5	5	5	5	5	5	5	5	5	5	5	5	5
					5	5	5	5	5	5	5	5	5	5	5	5	5	5	5	5	5	5	5
					5	5	5	5	5	5	5	5	5	5	5	5	5	5	5	5	5	5	5
					5	5	5	5	5	5	5	5	5	5	5	5	5	5	5	5	5	5	5
					5	5	5	5	5	5	5	5	5	5	5	5	5	5	5	5	5	5	5
					5	5	5	5	5	5	5	5	5	5	5	5	5	5	5	5	5	5	5
					5	5	5	5	5	5	5	5	5	5	5	5	5	5	5	5	5	5	5
					5	5	5	5	5	5	5	5	5	5	5	5	5	5	5	5	5	5	5
					5	5	5	5	5	5	5	5	5	5	5	5	5	5	5	5	5	5	5
					5	5	5	5	5	5	5	5	5	5	5	5	5	5	5	5	5	5	5
					5	5	5	5	5	5	5	5	5	5	5	5	5	5	5	5	5	5	5
					5	5	5	5	5	5	5	5	5	5	5	5	5	5	5	5	5	5	5
					5	5	5	5	5	5	5	5	5	5	5	5	5	5	5	5	5	5	5
					5	5	5	5	5	5	5	5	5	5	5	5	5	5	5	5	5	5	5
					5	5	5	5	5	5	5	5	5	5	5	5	5	5	5	5	5	5	5
					5	5	5	5	5	5	5	5	5	5	5	5	5	5	5	5	5	5	5
					5	5	5	5	5	5	5	5	5	5	5	5	5	5	5	5	5	5	5
					5	5	5	5	5	5	5	5	5	5	5	5	5	5	5	5	5	5	5
					5	5	5	5	5	5	5	5	5	5	5	5	5	5	5	5	5	5	5
					5	5	5	5	5	5	5	5	5	5	5	5	5	5	5	5	5	5	5
					5	5	5	5	5	5	5	5	5	5	5	5	5	5	5	5	5	5	5
					5	5	5	5	5	5	5	5	5	5	5	5	5	5	5	5	5	5	5
					5	5	5	5	5	5	5	5	5	5	5	5	5	5	5	5	5	5	5
					5	5	5	5	5	5	5	5	5	5	5	5	5	5	5	5	5	5	5
					5	5	5	5	5	5	5	5	5	5	5	5	5	5	5	5	5	5	5
					5	5	5	5	5	5	5	5	5	5	5	5	5	5	5	5	5	5	5
					5	5	5	5	5	5	5	5	5	5	5	5	5	5	5	5	5	5	5
					5	5	5	5	5	5	5	5	5	5	5	5	5	5	5	5	5	5	5
					5	5	5	5	5	5	5	5	5	5	5	5	5	5	5	5	5	5	5
					5	5	5	5	5	5	5	5	5	5	5	5	5	5	5	5	5	5	5
					5	5	5	5	5	5	5	5	5	5	5	5	5	5	5	5	5	5	5
					5	5	5	5	5	5	5	5	5	5	5	5	5	5	5	5	5	5	5
					5	5	5	5	5	5	5	5	5	5	5	5	5	5	5	5	5	5	5
					5	5	5	5	5	5	5	5	5	5	5	5	5	5	5	5	5	5	5
					5	5	5	5	5	5	5	5	5	5	5	5	5	5	5	5	5	5	5
					5	5	5	5	5	5	5	5	5	5	5	5	5	5	5	5	5	5	5
					5	5	5	5	5	5	5	5	5	5	5	5	5	5	5	5	5	5	5
					5	5	5	5	5	5	5	5	5	5	5	5	5	5	5	5	5	5	5
					5	5	5	5	5	5	5	5	5	5	5	5	5	5	5	5	5	5	5
					5	5	5	5	5	5	5	5	5	5	5	5	5	5	5	5	5	5	5
					5	5	5	5	5	5	5	5	5	5	5	5	5	5	5	5	5	5	5
					5	5	5	5	5	5	5	5	5	5	5	5	5	5	5	5	5	5	5
					5	5	5	5	5	5	5	5	5	5	5	5	5	5	5	5	5	5	5
					5	5	5	5	5	5	5	5	5	5	5	5	5	5	5	5	5	5	5
					5	5	5	5	5	5	5	5	5	5	5	5	5	5	5	5	5	5	5
					5	5	5	5	5	5	5	5	5	5	5	5	5	5	5	5	5	5	5
					5	5	5	5	5	5	5	5	5	5	5	5	5	5	5	5	5	5	5
					5	5	5	5	5	5	5	5	5	5	5	5	5	5	5	5	5	5	5
					5	5	5	5	5	5	5	5	5	5	5	5	5	5	5	5	5	5	5
					5	5	5	5	5	5	5	5	5	5	5	5	5	5	5	5	5	5	5
					5	5	5	5	5	5	5	5	5	5	5	5	5	5	5	5	5	5	5
					5	5	5	5	5	5	5	5	5	5	5	5	5	5	5	5	5	5	5
					5	5	5	5	5	5	5	5	5	5	5	5	5	5	5	5	5	5	5
					5	5	5	5	5	5	5	5	5	5	5	5	5	5	5	5	5	5	5
					5	5	5	5	5	5	5	5	5	5	5	5	5	5	5	5	5	5	5
					5	5	5	5	5	5	5	5	5	5	5	5	5	5	5	5	5	5	5
					5	5	5	5	5	5	5	5	5	5	5	5	5	5	5	5	5	5	5
					5	5	5	5	5	5	5	5	5	5	5	5	5	5	5	5	5	5	5
					5	5	5	5	5	5	5	5	5	5	5	5	5	5	5	5	5	5	5
					5	5	5	5	5	5	5	5	5	5	5	5	5	5	5	5	5	5	5
					5	5	5	5	5	5	5	5	5	5	5	5	5	5	5	5	5	5	5
					5	5	5	5	5	5	5	5	5	5	5	5	5	5	5	5	5	5	5
					5	5	5	5	5	5	5	5	5	5	5	5	5	5	5	5	5	5	5
					5	5	5	5	5	5	5	5	5	5	5	5	5	5	5	5	5	5	5
					5	5	5	5	5	5	5	5	5	5	5	5	5	5	5	5	5	5	5
					5	5	5	5	5	5	5	5	5	5	5	5	5	5	5	5	5	5	5
					5	5	5	5	5	5	5	5	5	5	5	5	5	5	5	5	5	5	5
					5	5	5	5	5	5	5	5	5	5	5	5	5	5	5	5	5	5	5
					5	5	5	5	5	5	5	5	5	5	5	5	5	5	5	5	5	5	5
					5	5	5	5	5	5	5	5	5	5	5	5	5	5	5	5	5	5	5
					5	5	5	5	5	5	5	5	5	5	5	5	5	5	5	5	5	5	5
					5	5	5	5	5	5	5	5	5	5	5	5	5	5	5	5	5	5	5
					5	5	5	5	5	5	5	5	5	5	5	5	5	5	5	5	5	5	5
					5	5	5	5	5	5	5	5	5	5	5	5	5	5	5	5	5	5	5
					5	5	5	5	5	5	5	5	5	5	5	5	5	5	5	5	5	5	5
					5	5	5	5	5	5	5	5	5	5	5	5	5	5	5	5	5	5	5
					5	5	5	5	5	5	5	5	5	5	5	5	5	5	5	5	5	5	5
					5	5	5	5	5	5	5	5	5	5	5	5	5	5	5	5	5	5	5
					5	5	5	5	5	5	5	5	5	5	5	5	5	5	5	5	5	5	5
					5	5	5	5	5	5	5	5	5	5	5	5	5	5	5	5	5	5	5
					5	5	5	5	5	5	5	5	5	5	5	5	5	5	5	5	5	5	5
					5	5	5	5	5	5	5	5	5	5	5	5	5	5	5	5	5	5	5
					5	5	5	5	5	5	5	5	5	5	5	5	5	5	5	5	5	5	5
					5	5	5	5	5	5	5	5	5	5	5	5	5	5	5	5	5	5	5
					5	5	5	5	5	5	5	5	5	5	5	5	5	5	5	5	5	5	5
					5	5	5	5	5	5	5	5	5	5	5	5	5	5	5	5	5	5	5
					5	5	5	5	5	5	5	5	5	5	5	5	5	5	5	5	5	5	5
					5	5	5	5	5	5	5	5	5	5	5	5	5	5	5	5	5	5	5
					5	5	5	5	5	5	5	5	5	5	5	5	5	5	5	5	5	5	5
					5	5	5	5	5	5	5	5	5	5	5	5	5	5	5	5	5	5	5
					5	5	5	5	5	5	5	5	5	5	5	5	5	5	5	5	5	5	5
					5	5	5	5	5	5	5	5	5	5	5	5	5	5	5	5	5	5	5
					5	5	5	5	5	5	5	5	5	5	5	5	5	5	5	5	5	5	5
					5	5	5	5	5	5	5	5	5	5	5	5	5	5	5	5	5	5	5
					5	5	5	5	5	5	5	5	5	5	5	5	5	5	5	5	5	5	5
					5	5	5	5	5	5	5	5	5	5	5	5	5	5	5	5	5	5	5
					5	5	5	5	5	5	5	5	5	5	5	5	5	5	5	5	5	5	5
					5	5	5	5	5	5	5	5	5	5	5	5	5	5	5	5	5	5	5
					5	5	5	5	5	5	5	5	5	5	5	5	5	5	5	5	5	5	5
					5	5	5	5	5	5	5	5	5	5	5	5	5	5	5	5	5	5	5
					5	5	5	5	5	5	5	5	5	5	5	5	5	5	5	5	5	5	5
					5	5	5	5	5	5	5	5	5	5	5	5	5	5	5	5	5	5	5
					5	5	5	5	5	5	5	5	5	5	5	5	5	5	5	5	5	5	5
					5	5	5	5	5	5	5	5	5	5	5	5	5	5	5	5	5	5	5
					5	5	5	5	5	5	5	5	5	5	5	5	5	5	5	5	5	5	5
					5	5	5	5	5	5	5	5	5	5	5	5	5	5	5	5	5	5	5
					5	5	5	5	5	5	5	5	5	5	5	5	5	5	5	5	5	5	5
					5	5	5	5	5	5	5	5	5	5	5	5	5	5	5	5	5	5	5
					5	5	5	5	5	5	5	5	5	5	5	5	5	5	5	5	5	5	5
					5	5	5	5	5	5	5	5	5	5	5	5	5	5	5	5	5	5	5
					5	5	5	5	5	5	5	5	5	5	5	5	5	5	5	5	5	5	5
					5	5	5	5	5	5	5	5	5	5	5	5	5	5	5	5	5	5	5
					5	5	5	5	5	5	5	5	5	5	5	5	5	5	5	5	5	5	5
					5	5	5	5	5	5	5	5	5	5	5	5	5	5	5	5	5	5	5
					5	5	5	5	5	5	5	5	5	5	5	5	5	5	5	5	5	5	5
					5	5	5	5	5	5	5	5	5	5	5	5	5	5	5	5	5	5	5
					5	5	5	5	5	5	5	5	5	5	5	5	5	5	5	5	5	5	5
					5	5	5	5	5	5	5	5	5	5	5	5	5	5	5	5	5	5	5
					5	5	5	5	5	5	5	5	5	5	5	5	5	5	5	5	5	5	5
					5	5	5	5	5	5	5	5	5	5	5	5	5	5	5	5	5	5	5
					5	5	5	5	5	5	5	5	5	5	5	5	5	5	5	5	5	5	5
					5	5	5	5	5	5	5	5	5	5	5	5	5	5	5	5	5	5	5
					5	5	5	5	5	5	5	5	5	5	5	5	5	5	5	5	5	5	5
					5	5	5	5	5	5	5	5	5	5	5	5	5	5	5	5	5	5	5
					5	5	5	5	5	5	5	5	5	5	5	5	5	5	5	5	5	5	5
					5	5	5	5	5	5	5	5	5	5	5	5	5	5	5	5	5	5	5
					5	5	5	5	5	5	5	5	5	5	5	5	5	5	5	5	5	5	5
					5	5	5	5	5	5	5	5	5	5	5	5	5	5	5	5	5	5	5
					5	5	5	5	5	5	5	5	5	5	5	5	5	5	5	5	5	5	5
					5	5	5	5	5	5	5	5	5	5	5	5	5	5	5	5	5	5	5
					5	5	5	5	5	5	5	5	5	5	5	5	5	5	5	5	5	5	5
					5	5	5	5	5	5	5	5	5	5	5	5	5	5	5	5	5	5	5
					5	5	5	5	5	5	5	5	5	5	5	5	5	5	5	5	5	5	5
					5	5	5	5	5	5	5	5	5	5	5	5	5	5	5	5	5	5	5
					5	5	5	5	5	5	5	5	5	5	5	5	5	5	5	5	5	5	5
					5	5	5	5	5	5	5	5	5	5	5	5	5	5	5	5	5	5	5
					5	5	5	5	5	5	5	5	5	5	5	5	5	5	5	5	5	5	5
					5	5	5	5	5	5	5	5	5	5	5	5	5	5	5	5	5	5	5
					5	5	5	5	5	5	5	5	5	5	5	5	5	5	5	5	5	5	5
					5	5	5	5	5	5	5	5	5	5	5	5	5	5	5	5	5	5	5
					5	5	5	5	5	5	5	5	5	5	5	5	5	5	5	5	5	5	5
					5	5	5	5	5	5	5	5	5	5	5	5	5	5	5	5	5	5	5
					5	5	5	5	5	5	5	5	5	5	5	5	5	5	5	5	5	5	5
					5	5	5	5	5	5	5	5	5	5	5	5	5	5	5	5	5	5	5
					5	5	5	5	5	5	5	5	5	5	5	5	5	5	5	5	5	5	5
					5	5	5	5	5	5	5	5	5	5	5	5	5	5	5	5	5	5	5
					5	5	5	5	5	5	5	5	5	5	5	5	5	5	5	5	5	5	5
					5	5	5	5	5	5	5	5	5	5	5	5	5	5	5	5	5	5	5
					5	5	5	5	5	5	5	5	5	5	5	5	5	5	5	5	5	5	5
					5	5	5	5	5	5	5	5	5	5	5	5	5	5	5	5	5	5	5
					5	5	5	5	5	5	5	5	5	5	5	5	5	5	5	5	5	5	5
					5	5	5	5	5	5	5	5	5	5	5	5	5	5	5	5	5	5	5
					5	5	5	5	5	5	5	5	5	5	5	5	5	5	5	5	5	5	5
					5	5	5	5	5	5	5	5	5	5	5	5	5	5	5	5	5	5	5
					5	5	5	5	5	5	5	5	5	5	5	5	5	5	5	5	5	5	5
					5	5	5	5	5	5	5	5	5	5	5	5	5	5	5	5	5	5	5
					5	5	5	5	5	5	5	5	5	5	5	5	5	5	5	5	5	5	5
					5	5	5	5	5	5	5	5	5	5	5	5	5	5	5	5	5	5	5
					5	5	5	5	5	5	5	5	5	5	5	5	5	5	5	5	5	5	5
					5	5	5	5	5	5	5	5	5	5	5	5	5	5	5	5	5	5	5
					5	5	5	5	5	5	5	5	5	5	5	5	5	5	5	5	5	5	5
					5	5	5	5	5	5	5	5	5	5	5	5	5	5	5	5	5	5	5
					5	5	5	5	5	5	5	5	5	5	5	5	5	5	5	5	5	5	5
					5	5	5	5	5	5	5	5	5	5	5	5	5	5	5	5	5	5	5
					5	5	5	5	5	5	5	5	5	5	5	5	5	5	5	5	5	5	5
					5	5	5	5	5	5	5	5	5	5	5	5	5	5	5	5	5	5	5
					5	5	5	5	5	5	5	5	5	5	5	5	5	5	5	5	5	5	5
					5	5	5	5	5	5	5	5	5	5	5	5	5	5	5	5	5	5	5
					5	5	5	5	5	5	5	5	5	5	5	5	5	5	5	5	5	5	5
					5	5	5	5	5	5	5	5	5	5	5	5	5	5	5	5	5	5	5
					5	5	5	5	5	5	5	5	5	5	5	5	5	5	5	5	5	5	5
					5	5	5	5	5	5	5	5	5	5	5	5	5	5	5	5	5	5	5
					5	5	5	5	5	5	5	5	5	5	5	5	5	5	5	5	5	5	5
					5	5	5	5	5	5	5	5	5	5	5	5	5	5	5	5	5	5	5
					5	5	5	5	5	5	5	5	5	5	5	5	5	5	5	5	5	5	5
					5	5	5	5	5	5	5	5	5	5	5	5	5	5	5	5	5	5	5
					5	5	5	5	5	5	5	5	5	5	5	5	5	5	5	5	5	5	5
					5	5	5	5	5	5	5	5	5	5	5	5	5	5	5	5	5	5	5
					5	5	5	5	5	5	5	5	5	5	5	5	5	5	5	5	5	5	5
					5	5	5	5	5	5	5	5	5	5	5	5	5	5	5	5	5	5	5
					5	5	5	5	5	5	5	5	5	5	5	5	5	5	5	5	5	5	5
					5	5	5	5	5	5	5	5	5	5	5	5	5	5	5	5	5	5	5
					5	5	5	5	5	5	5	5	5	5	5	5	5	5	5	5	5	5	5
					5	5	5	5	5	5	5	5	5	5	5	5	5	5	5	5	5	5	5
					5	5	5	5	5	5	5	5	5	5	5	5	5	5	5	5	5	5	5
					5	5	5	5	5	5	5	5	5	5	5	5	5	5	5	5	5	5	5
					5	5	5	5	5	5	5	5	5	5	5	5	5	5	5	5	5	5	5
					5	5	5	5	5	5	5	5	5	5	5	5	5	5	5	5	5	5	5
					5	5	5	5	5	5	5	5	5	5	5	5	5	5	5	5	5	5	5
					5	5	5	5	5	5	5	5	5	5	5	5	5	5	5	5	5	5	5
					5	5	5	5	5	5	5	5	5	5	5	5	5	5	5	5	5	5	5
					5	5	5	5	5	5	5	5	5	5	5	5	5	5	5	5	5	5	5
					5	5	5	5	5	5	5	5	5	5	5	5	5	5	5	5	5	5	5
					5	5	5	5	5	5	5	5	5	5	5	5	5	5	5	5	5	5	5
					5	5	5	5	5	5	5	5	5	5	5	5	5	5	5	5	5	5	5
					5	5	5	5	5	5	5	5	5	5	5	5	5	5	5	5	5	5	5
					5	5	5	5	5	5	5	5	5	5	5	5	5	5	5	5	5	5	5
					5	5	5	5	5	5	5	5	5	5	5	5	5	5	5	5	5	5	5
					5	5	5	5	5	5	5	5	5	5	5	5	5	5	5	5	5	5	5
					5	5	5	5	5	5	5	5	5	5	5	5	5	5	5	5	5	5	5
					5	5	5	5	5	5	5	5	5	5	5	5	5	5	5	5	5	5	5
					5	5	5	5	5	5	5	5	5	5	5	5	5	5	5	5	5	5	5
					5	5	5	5	5	5	5	5	5	5	5	5	5	5	5	5	5	5	5
					5	5	5	5	5	5	5	5	5	5	5	5	5	5	5	5	5	5	5
					5	5	5	5	5	5	5	5	5	5	5	5	5	5	5	5	5	5	5
					5	5	5	5	5	5	5	5	5	5	5	5	5	5	5	5	5	5	5
					5	5	5	5	5	5	5	5	5	5	5	5	5	5	5	5	5	5	5
					5	5	5	5	5	5	5	5	5	5	5	5	5	5	5	5	5	5	5
					5	5	5	5	5	5	5	5	5	5	5	5	5	5	5	5	5	5	5
					5	5	5	5	5	5	5	5	5	5	5	5	5	5	5	5	5	5	5
					5	5	5	5	5	5	5	5	5	5	5	5	5	5	5	5	5	5	5
					5	5	5	5	5	5	5	5	5	5	5	5	5	5	5	5	5	5	5
					5	5	5	5	5	5	5	5	5	5	5	5	5	5	5	5	5	5	5
					5	5	5	5	5	5	5	5	5	5	5	5	5	5	5	5	5	5	5
					5	5	5	5	5	5	5	5	5	5	5	5	5	5	5	5	5	5	5
					5	5	5	5	5	5	5	5	5	5	5	5	5	5	5	5	5	5	5
					5	5	5	5	5	5	5	5	5	5	5	5	5	5	5	5	5	5	5
					5	5	5	5	5	5	5	5	5	5	5	5	5	5	5	5	5	5	5
					5	5	5	5	5	5	5	5	5	5	5	5	5	5	5	5	5	5	5
					5	5	5	5	5	5	5	5	5	5	5	5	5	5	5	5	5	5	5
					5	5	5	5	5	5	5	5	5	5	5	5	5	5	5	5	5	5	5
					5	5	5	5	5	5	5	5	5	5	5	5	5	5	5	5	5	5	5
					5	5	5	5	5	5	5	5	5	5	5	5	5	5	5	5	5	5	5
					5	5	5	5	5	5	5	5	5	5	5	5	5	5	5	5	5	5	5
					5	5	5	5	5	5	5	5	5	5	5	5	5	5	5	5	5	5	5
					5	5	5	5	5	5	5	5	5	5	5	5	5	5	5	5	5	5	5
					5	5	5	5	5	5	5	5	5	5	5	5	5	5	5	5	5	5	5
					5	5	5	5	5	5	5	5	5	5	5	5	5	5	5	5	5	5	5
					5	5	5	5	5	5	5	5	5	5	5	5	5	5	5	5	5	5	5
					5	5	5	5	5	5	5	5	5	5	5	5	5	5	5	5	5	5	5
					5	5	5	5	5	5	5	5	5	5	5	5	5	5	5	5	5	5	5
					5	5	5	5	5	5	5	5	5	5	5	5	5	5	5	5	5	5	5
					5	5	5	5	5	5	5	5	5	5	5	5	5	5	5	5	5	5	5
					5	5	5	5	5	5	5	5	5	5	5	5	5	5	5	5	5	5	5
					5	5	5	5	5	5	5	5	5	5	5	5	5	5	5	5	5	5	5
					5	5	5	5	5	5	5	5	5	5	5	5	5	5	5	5	5	5	5
					5	5	5	5	5	5	5	5	5	5	5	5	5	5	5	5	5	5	5
					5	5	5	5	5	5	5	5	5	5	5	5	5	5	5	5	5	5	5
					5	5	5	5	5	5	5	5	5	5	5	5	5	5	5	5	5	5	5
					5	5	5	5	5	5	5	5	5	5	5	5	5	5	5	5	5	5	5
					5	5	5	5	5	5	5	5	5	5	5	5	5	5	5	5	5	5	5
					5	5	5	5	5	5	5	5	5	5	5	5	5	5	5	5	5	5	5
					5	5	5	5	5	5	5	5	5	5	5	5	5	5	5	5	5	5	5
					5	5	5	5	5	5	5	5	5	5	5	5	5	5	5	5	5	5	5
					5	5	5	5	5	5	5	5	5	5	5	5	5	5	5	5	5	5	5
					5	5	5	5	5	5	5	5	5	5	5	5	5	5	5	5	5	5	5
					5	5	5	5	5	5	5	5	5	5	5	5	5	5	5	5	5	5	5
					5	5	5	5	5	5	5	5	5	5	5	5	5	5	5	5	5	5	5
					5	5	5	5	5	5	5	5	5	5	5	5	5	5	5	5	5	5	5
					5	5	5	5	5	5	5	5	5	5	5	5	5	5	5	5	5	5	5
					5	5	5	5	5	5	5	5	5	5	5	5	5	5	5	5	5	5	5
					5	5	5	5	5	5	5	5	5	5	5	5	5	5	5	5	5	5	5
					5	5	5	5	5	5	5	5	5	5	5	5	5	5	5	5	5	5	5
					5	5	5	5	5	5	5	5	5	5	5	5	5	5	5	5	5	5	5
					5	5	5	5	5	5	5	5	5	5	5	5	5	5	5	5	5	5	5
					5	5	5	5	5	5	5	5	5	5	5	5	5	5	5	5	5	5	5
					5	5	5	5	5	5	5	5	5	5	5	5	5	5	5	5	5	5	5
					5	5	5	5	5	5	5	5	5	5	5	5	5	5	5	5	5	5	5
					5	5	5	5	5	5	5	5	5	5	5	5	5	5	5	5	5	5	5
					5	5	5	5	5	5	5	5	5	5	5	5	5	5	5	5	5	5	5
					5	5	5	5	5	5	5	5	5	5	5	5	5	5	5	5	5	5	5
					5	5	5	5	5	5	5	5	5	5	5	5	5	5	5	5	5	5	5
					5	5	5	5	5	5	5	5	5	5	5	5	5	5	5	5	5	5	5
					5	5	5	5	5	5	5	5	5	5	5	5	5	5	5	5	5	5	5
					5	5	5	5	5	5	5	5	5	5	5	5	5	5	5	5	5	5	5
					5	5	5	5	5	5	5	5	5	5	5	5	5	5	5	5	5	5	5
					5	5	5	5	5	5	5	5	5	5	5	5	5	5	5	5	5	5	5
					5	5	5	5	5	5	5	5	5	5	5	5	5	5	5	5	5	5	5
					5	5	5	5	5	5	5	5	5	5	5	5	5	5	5	5	5	5	5
					5	5	5	5	5	5	5	5	5	5	5	5	5	5	5	5	5	5	5
					5	5	5	5	5	5	5	5	5	5	5	5	5	5	5	5	5	5	5
					5	5	5	5	5	5	5	5	5	5	5	5	5	5	5	5	5	5	5
					5	5	5	5	5	5	5	5	5	5	5	5	5	5	5	5	5	5	5
					5	5	5	5	5	5	5	5	5	5	5	5	5	5	5	5	5	5	5
					5	5	5	5	5	5	5	5	5	5	5	5	5	5	5	5	5	5	5
					5	5	5	5	5	5	5	5	5	5	5	5	5	5	5	5	5	5	5
					5	5	5	5	5	5	5	5	5	5	5	5	5	5	5	5	5	5	5
					5	5	5	5	5	5	5	5	5	5	5	5	5	5	5	5	5	5	5
					5	5	5	5	5	5	5	5	5	5	5	5	5	5	5	5	5	5	5
					5	5	5	5	5	5	5	5	5	5	5	5	5	5	5	5	5	5	5
					5	5	5	5	5	5	5	5	5	5	5	5	5	5	5	5	5	5	5
					5	5	5	5	5	5	5	5	5	5	5	5	5	5	5	5	5	5	5
					5	5	5	5	5	5	5	5	5	5	5	5	5	5	5	5	5	5	5
					5	5	5	5	5	5	5	5	5	5	5	5	5	5	5	5	5	5	5
					5	5	5	5	5	5	5	5	5	5	5	5	5	5	5	5	5	5	5
					5	5	5	5	5	5	5	5	5	5	5	5	5	5	5	5	5	5	5
					5	5	5	5	5	5	5	5	5	5	5	5	5	5	5	5	5	5	5
					5	5	5	5	5	5	5	5	5	5	5	5	5	5	5	5	5	5	5
					5	5	5	5	5	5	5	5	5	5	5	5	5	5	5	5	5	5	5
					5	5	5	5	5	5	5	5	5	5	5	5	5	5	5	5	5	5	5
					5	5	5	5	5	5	5	5	5	5	5	5	5	5	5	5	5	5	5
					5	5	5	5	5	5	5	5	5	5	5	5	5	5	5	5	5	5	5
					5	5	5	5	5	5	5	5	5	5	5	5	5	5	5	5	5	5	5
					5	5	5	5	5	5	5	5	5	5	5	5	5	5	5	5	5	5	5
					5	5	5	5	5	5	5	5	5	5	5	5	5	5	5	5	5	5	5
					5	5	5	5	5	5	5	5	5	5	5	5	5	5	5	5	5	5	5
					5	5	5	5	5	5	5	5	5	5	5	5	5	5	5	5	5	5	5
					5	5	5	5	5	5	5	5	5	5	5	5	5	5	5	5	5	5	5
					5	5	5	5	5	5	5	5	5	5	5	5	5	5	5	5	5	5	5
					5	5	5	5	5	5	5	5	5	5	5	5	5	5	5	5	5	5	5
					5	5	5	5	5	5	5	5	5	5	5	5	5	5	5	5	5	5	5
					5	5	5	5	5	5	5	5	5	5	5	5	5	5	5	5	5	5	5
					5	5	5	5	5	5	5	5	5	5	5	5	5	5	5	5	5	5	5
					5	5	5	5	5	5	5	5	5	5	5	5	5	5	5	5	5	5	5
					5	5	5	5	5	5	5	5	5	5	5	5	5	5	5	5	5	5	5
					5	5	5	5	5	5	5	5	5	5	5	5	5	5	5	5	5	5	5
					5	5	5	5	5	5	5	5	5	5	5	5	5	5	5	5	5	5	5
					5	5	5	5	5	5	5	5	5	5	5	5	5	5	5	5	5	5	5
					5	5	5	5	5	5	5	5	5	5	5	5	5	5	5	5	5	5	5
					5	5	5	5	5	5	5	5	5	5	5	5	5	5	5	5	5	5	5
					5	5	5	5	5	5	5	5	5	5	5	5	5	5	5	5	5	5	5
					5	5	5	5	5	5	5	5	5	5	5	5	5	5	5	5	5	5	5
					5	5	5	5	5	5	5	5	5	5	5	5	5	5	5	5	5	5	5
					5	5	5	5	5	5	5	5	5	5	5	5	5	5	5	5	5	5	5
					5	5	5	5	5	5	5	5	5	5	5	5	5	5	5	5	5	5	5
					5	5	5	5	5	5	5	5	5	5	5	5	5	5	5	5	5	5	5
					5	5	5	5	5	5	5	5	5	5	5	5	5	5	5	5	5	5	5
					5	5	5	5	5	5	5	5	5	5	5	5	5	5	5	5	5	5	5
					5	5	5	5	5	5	5	5	5	5	5	5	5	5	5	5	5	5	5
					5	5	5	5	5	5	5	5	5	5	5	5	5	5	5	5	5	5	5
					5	5	5	5	5	5	5	5	5	5	5	5	5	5	5	5	5	5	5
					5	5	5	5	5	5	5	5	5	5	5	5	5	5	5	5	5	5	5
					5	5	5	5	5	5	5	5	5	5	5	5	5	5	5	5	5	5	5
					5	5	5	5	5	5	5	5	5	5	5	5	5	5	5	5	5	5	5
					5	5	5	5	5	5	5	5	5	5	5	5	5	5	5	5	5	5	5
					5	5	5	5	5	5	5	5	5	5	5	5	5	5	5	5	5	5	5
					5	5	5	5	5	5	5	5	5	5	5	5	5	5	5	5	5	5	5
					5	5	5	5	5	5	5	5	5	5	5	5	5	5	5	5	5	5	5
					5	5	5	5	5	5	5	5	5	5	5	5	5	5	5	5	5	5	5
					5	5	5	5	5	5	5	5	5	5	5	5	5	5	5	5	5	5	5
					5	5	5	5	5	5	5	5	5	5	5	5	5	5	5	5	5	5	5
					5	5	5	5	5	5	5	5	5	5	5	5	5	5	5	5	5	5	5
					5	5	5	5	5	5	5	5	5	5	5	5	5	5	5	5	5	5	5
					5	5	5	5	5	5	5	5	5	5	5	5	5	5	5	5	5	5	5
					5	5	5	5	5	5	5	5	5	5	5	5	5	5	5	5	5	5	5
					5	5	5	5	5	5	5	5	5	5	5	5	5	5	5	5	5	5	5
					5	5	5	5	5	5	5	5	5	5	5	5	5	5	5	5	5	5	5
					5	5	5	5	5	5	5	5	5	5	5	5	5	5	5	5	5	5	5
					5	5	5	5	5	5	5	5	5	5	5	5	5	5	5	5	5	5	5
					5	5	5	5	5	5	5	5	5	5	5	5	5	5	5	5	5	5	5
					5	5	5	5	5	5	5	5	5	5	5	5	5	5	5	5	5	5	5
					5	5	5	5	5	5	5	5	5	5	5	5	5	5	5	5	5	5	5
					5	5	5	5	5	5	5	5	5	5	5	5	5	5	5	5	5	5	5
					5	5	5	5	5	5	5	5	5	5	5	5	5	5	5	5	5	5	5
					5	5	5	5	5	5	5	5	5	5	5	5	5	5	5	5	5	5	5
					5	5	5	5	5	5	5	5	5	5	5	5	5	5	5	5	5	5	5
					5	5	5	5	5	5	5	5	5	5	5	5	5	5	5	5	5	5	5
					5	5	5	5	5	5	5	5	5	5	5	5	5	5	5	5	5	5	5
					5	5	
				</DataArray>
			</Cells>
			<CellData Scalars="region id">
				<DataArray type="Float64" Name="region id" NumberOfComponents="1" format="ascii">
					1	1	1	1	1	1	1	1
					1	1	1	1	1	1	1	1	1
					1	1	1	1	1	1	1	1	1
					1	1	1	1	1	1	1	1	1
					1	1	1	1	1	1	1	1	1
					1	1	1	1	1	1	1	1	1
					1	1	1	1	1	1	1	1	1
					1	1	1	1	1	1	1	1	1
					1	1	1	1	1	1	1	1	1
					1	1	1	1	1	1	1	1	1
					1	1	1	1	1	1	1	1	1
					1	1	1	1	1	1	1	1	1
					1	1	1	1	1	1	1	1	1
					1	1	1	1	1	1	1	1	1
					1	1	1	1	1	1	1	1	1
					1	1	1	1	1	1	1	1	1
					1	1	1	1	1	1	1	1	1
					1	1	1	1	1	1	1	1	1
					1	1	1	1	1	1	1	1	1
					1	1	1	1	1	1	1	1	1
					1	1	1	1	1	1	1	1	1
					1	1	1	1	1	1	1	1	1
					1	1	1	1	1	1	1	1	1
					1	1	1	1	1	1	1	1	1
					1	1	1	1	1	1	1	1	1
					1	1	1	1	1	1	1	1	1
					1	1	1	1	1	1	1	1	1
					1	1	1	1	1	1	1	1	1
					1	1	1	1	1	1	1	1	1
					1	1	1	1	1	1	1	1	1
					1	1	1	1	1	1	1	1	1
					1	1	1	1	1	1	1	1	1
					1	1	1	1	1	1	1	1	1
					1	1	1	1	1	1	1	1	1
					1	1	1	1	1	1	1	1	1
					1	1	1	1	1	1	1	1	1
					1	1	1	1	1	1	1	1	1
					1	1	1	1	1	1	1	1	1
					1	1	1	1	1	1	1	1	1
					1	1	1	1	1	1	1	1	1
					1	1	1	1	1	1	1	1	1
					1	1	1	1	1	1	1	1	1
					1	1	1	1	1	1	1	1	1
					1	1	1	1	1	1	1	1	1
					1	1	1	1	1	1	1	1	1
					1	1	1	1	1	1	1	1	1
					1	1	1	1	1	1	1	1	1
					1	1	1	1	1	1	1	1	1
					1	1	1	1	1	1	1	1	1
					1	1	1	1	1	1	1	1	1
					1	1	1	1	1	1	1	1	1
					1	1	1	1	1	1	1	1	1
					1	1	1	1	1	1	1	1	1
					1	1	1	1	1	1	1	1	1
					1	1	1	1	1	1	1	1	1
					1	1	1	1	1	1	1	1	1
					1	1	1	1	1	1	1	1	1
					1	1	1	1	1	1	1	1	1
					1	1	1	1	1	1	1	1	1
					1	1	1	1	1	1	1	1	1
					1	1	1	1	1	1	1	1	1
					1	1	1	1	1	1	1	1	1
					1	1	1	1	1	1	1	1	1
					1	1	1	1	1	1	1	1	1
					1	1	1	1	1	1	1	1	1
					1	1	1	1	1	1	1	1	1
					1	1	1	1	1	1	1	1	1
					1	1	1	1	1	1	1	1	1
					1	1	1	1	1	1	1	1	1
					1	1	1	1	1	1	1	1	1
					1	1	1	1	1	1	1	1	1
					1	1	1	1	1	1	1	1	1
					1	1	1	1	1	1	1	1	1
					1	1	1	1	1	1	1	1	1
					1	1	1	1	1	1	1	1	1
					1	1	1	1	1	1	1	1	1
					1	1	1	1	1	1	1	1	1
					1	1	1	1	1	1	1	1	1
					1	1	1	1	1	1	1	1	1
					1	1	1	1	1	1	1	1	1
					1	1	1	1	1	1	1	1	1
					1	1	1	1	1	1	1	1	1
					1	1	1	1	1	1	1	1	1
					1	1	1	1	1	1	1	1	1
					1	1	1	1	1	1	1	1	1
					1	1	1	1	1	1	1	1	1
					1	1	1	1	1	1	1	1	1
					1	1	1	1	1	1	1	1	1
					1	1	1	1	1	1	1	1	1
					1	1	1	1	1	1	1	1	1
					1	1	1	1	1	1	1	1	1
					1	1	1	1	1	1	1	1	1
					1	1	1	1	1	1	1	1	1
					1	1	1	1	1	1	1	1	1
					1	1	1	1	1	1	1	1	1
					1	1	1	1	1	1	1	1	1
					1	1	1	1	1	1	1	1	1
					1	1	1	1	1	1	1	1	1
					1	1	1	1	1	1	1	1	1
					1	1	1	1	1	1	1	1	1
					1	1	1	1	1	1	1	1	1
					1	1	1	1	1	1	1	1	1
					1	1	1	1	1	1	1	1	1
					1	1	1	1	1	1	1	1	1
					1	1	1	1	1	1	1	1	1
					1	1	1	1	1	1	1	1	1
					1	1	1	1	1	1	1	1	1
					1	1	1	1	1	1	1	1	1
					1	1	1	1	1	1	1	1	1
					1	1	1	1	1	1	1	1	1
					1	1	1	1	1	1	1	1	1
					1	1	1	1	1	1	1	1	1
					1	1	1	1	1	1	1	1	1
					1	1	1	1	1	1	1	1	1
					1	1	1	1	1	1	1	1	1
					1	1	1	1	1	1	1	1	1
					1	1	1	1	1	1	1	1	1
					1	1	1	1	1	1	1	1	1
					1	1	1	1	1	1	1	1	1
					1	1	1	1	1	1	1	1	1
					1	1	1	1	1	1	1	1	1
					1	1	1	1	1	1	1	1	1
					1	1	1	1	1	1	1	1	1
					1	1	1	1	1	1	1	1	1
					1	1	1	1	1	1	1	1	1
					1	1	1	1	1	1	1	1	1
					1	1	1	1	1	1	1	1	1
					1	1	1	1	1	1	1	1	1
					1	1	1	1	1	1	1	1	1
					1	1	1	1	1	1	1	1	1
					1	1	1	1	1	1	1	1	1
					1	1	1	1	1	1	1	1	1
					1	1	1	1	1	1	1	1	1
					1	1	1	1	1	1	1	1	1
					1	1	1	1	1	1	1	1	1
					1	1	1	1	1	1	1	1	1
					1	1	1	1	1	1	1	1	1
					1	1	1	1	1	1	1	1	1
					1	1	1	1	1	1	1	1	1
					1	1	1	1	1	1	1	1	1
					1	1	1	1	1	1	1	1	1
					1	1	1	1	1	1	1	1	1
					1	1	1	1	1	1	1	1	1
					1	1	1	1	1	1	1	1	1
					1	1	1	1	1	1	1	1	1
					1	1	1	1	1	1	1	1	1
					1	1	1	1	1	1	1	1	1
					1	1	1	1	1	1	1	1	1
					1	1	1	1	1	1	1	1	1
					1	1	1	1	1	1	1	1	1
					1	1	1	1	1	1	1	1	1
					1	1	1	1	1	1	1	1	1
					1	1	1	1	1	1	1	1	1
					1	1	1	1	1	1	1	1	1
					1	1	1	1	1	1	1	1	1
					1	1	1	1	1	1	1	1	1
					1	1	1	1	1	1	1	1	1
					1	1	1	1	1	1	1	1	1
					1	1	1	1	1	1	1	1	1
					1	1	1	1	1	1	1	1	1
					1	1	1	1	1	1	1	1	1
					1	1	1	1	1	1	1	1	1
					1	1	1	1	1	1	1	1	1
					1	1	1	1	1	1	1	1	1
					1	1	1	1	1	1	1	1	1
					1	1	1	1	1	1	1	1	1
					1	1	1	1	1	1	1	1	1
					1	1	1	1	1	1	1	1	1
					1	1	1	1	1	1	1	1	1
					1	1	1	1	1	1	1	1	1
					1	1	1	1	1	1	1	1	1
					1	1	1	1	1	1	1	1	1
					1	1	1	1	1	1	1	1	1
					1	1	1	1	1	1	1	1	1
					1	1	1	1	1	1	1	1	1
					1	1	1	1	1	1	1	1	1
					1	1	1	1	1	1	1	1	1
					1	1	1	1	1	1	1	1	1
					1	1	1	1	1	1	1	1	1
					1	1	1	1	1	1	1	1	1
					1	1	1	1	1	1	1	1	1
					1	1	1	1	1	1	1	1	1
					1	1	1	1	1	1	1	1	1
					1	1	1	1	1	1	1	1	1
					1	1	1	1	1	1	1	1	1
					1	1	1	1	1	1	1	1	1
					1	1	1	1	1	1	1	1	1
					1	1	1	1	1	1	1	1	1
					1	1	1	1	1	1	1	1	1
					1	1	1	1	1	1	1	1	1
					1	1	1	1	1	1	1	1	1
					1	1	1	1	1	1	1	1	1
					1	1	1	1	1	1	1	1	1
					1	1	1	1	1	1	1	1	1
					1	1	1	1	1	1	1	1	1
					1	1	1	1	1	1	1	1	1
					1	1	1	1	1	1	1	1	1
					1	1	1	1	1	1	1	1	1
					1	1	1	1	1	1	1	1	1
					1	1	1	1	1	1	1	1	1
					1	1	1	1	1	1	1	1	1
					1	1	1	1	1	1	1	1	1
					1	1	1	1	1	1	1	1	1
					1	1	1	1	1	1	1	1	1
					1	1	1	1	1	1	1	1	1
					1	1	1	1	1	1	1	1	1
					1	1	1	1	1	1	1	1	1
					1	1	1	1	1	1	1	1	1
					1	1	1	1	1	1	1	1	1
					1	1	1	1	1	1	1	1	1
					1	1	1	1	1	1	1	1	1
					1	1	1	1	1	1	1	1	1
					1	1	1	1	1	1	1	1	1
					1	1	1	1	1	1	1	1	1
					1	1	1	1	1	1	1	1	1
					1	1	1	1	1	1	1	1	1
					1	1	1	1	1	1	1	1	1
					1	1	1	1	1	1	1	1	1
					1	1	1	1	1	1	1	1	1
					1	1	1	1	1	1	1	1	1
					1	1	1	1	1	1	1	1	1
					1	1	1	1	1	1	1	1	1
					1	1	1	1	1	1	1	1	1
					1	1	1	1	1	1	1	1	1
					1	1	1	1	1	1	1	1	1
					1	1	1	1	1	1	1	1	1
					1	1	1	1	1	1	1	1	1
					1	1	1	1	1	1	1	1	1
					1	1	1	1	1	1	1	1	1
					1	1	1	1	1	1	1	1	1
					1	1	1	1	1	1	1	1	1
					1	1	1	1	1	1	1	1	1
					1	1	1	1	1	1	1	1	1
					1	1	1	1	1	1	1	1	1
					1	1	1	1	1	1	1	1	1
					1	1	1	1	1	1	1	1	1
					1	1	1	1	1	1	1	1	1
					1	1	1	1	1	1	1	1	1
					1	1	1	1	1	1	1	1	1
					1	1	1	1	1	1	1	1	1
					1	1	1	1	1	1	1	1	1
					1	1	1	1	1	1	1	1	1
					1	1	1	1	1	1	1	1	1
					1	1	1	1	1	1	1	1	1
					1	1	1	1	1	1	1	1	1
					1	1	1	1	1	1	1	1	1
					1	1	1	1	1	1	1	1	1
					1	1	1	1	1	1	1	1	1
					1	1	1	1	1	1	1	1	1
					1	1	1	1	1	1	1	1	1
					1	1	1	1	1	1	1	1	1
					1	1	1	1	1	1	1	1	1
					1	1	1	1	1	1	1	1	1
					1	1	1	1	1	1	1	1	1
					1	1	1	1	1	1	1	1	1
					1	1	1	1	1	1	1	1	1
					1	1	1	1	1	1	1	1	1
					1	1	1	1	1	1	1	1	1
					1	1	1	1	1	1	1	1	1
					1	1	1	1	1	1	1	1	1
					1	1	1	1	1	1	1	1	1
					1	1	1	1	1	1	1	1	1
					1	1	1	1	1	1	1	1	1
					1	1	1	1	1	1	1	1	1
					1	1	1	1	1	1	1	1	1
					1	1	1	1	1	1	1	1	1
					1	1	1	1	1	1	1	1	1
					1	1	1	1	1	1	1	1	1
					1	1	1	1	1	1	1	1	1
					1	1	1	1	1	1	1	1	1
					1	1	1	1	1	1	1	1	1
					1	1	1	1	1	1	1	1	1
					1	1	1	1	1	1	1	1	1
					1	1	1	1	1	1	1	1	1
					1	1	1	1	1	1	1	1	1
					1	1	1	1	1	1	1	1	1
					1	1	1	1	1	1	1	1	1
					1	1	1	1	1	1	1	1	1
					1	1	1	1	1	1	1	1	1
					1	1	1	1	1	1	1	1	1
					1	1	1	1	1	1	1	1	1
					1	1	1	1	1	1	1	1	1
					1	1	1	1	1	1	1	1	1
					1	1	1	1	1	1	1	1	1
					1	1	1	1	1	1	1	1	1
					1	1	1	1	1	1	1	1	1
					1	1	1	1	1	1	1	1	1
					1	1	1	1	1	1	1	1	1
					1	1	1	1	1	1	1	1	1
					1	1	1	1	1	1	1	1	1
					1	1	1	1	1	1	1	1	1
					1	1	1	1	1	1	1	1	1
					1	1	1	1	1	1	1	1	1
					1	1	1	1	1	1	1	1	1
					1	1	1	1	1	1	1	1	1
					1	1	1	1	1	1	1	1	1
					1	1	1	1	1	1	1	1	1
					1	1	1	1	1	1	1	1	1
					1	1	1	1	1	1	1	1	1
					1	1	1	1	1	1	1	1	1
					1	1	1	1	1	1	1	1	1
					1	1	1	1	1	1	1	1	1
					1	1	1	1	1	1	1	1	1
					1	1	1	1	1	1	1	1	1
					1	1	1	1	1	1	1	1	1
					1	1	1	1	1	1	1	1	1
					1	1	1	1	1	1	1	1	1
					1	1	1	1	1	1	1	1	1
					1	1	1	1	1	1	1	1	1
					1	1	1	1	1	1	1	1	1
					1	1	1	1	1	1	1	1	1
					1	1	1	1	1	1	1	1	1
					1	1	1	1	1	1	1	1	1
					1	1	1	1	1	1	1	1	1
					1	1	1	1	1	1	1	1	1
					1	1	1	1	1	1	1	1	1
					1	1	1	1	1	1	1	1	1
					1	1	1	1	1	1	1	1	1
					1	1	1	1	1	1	1	1	1
					1	1	1	1	1	1	1	1	1
					1	1	1	1	1	1	1	1	1
					1	1	1	1	1	1	1	1	1
					1	1	1	1	1	1	1	1	1
					1	1	1	1	1	1	1	1	1
					1	1	1	1	1	1	1	1	1
					1	1	1	1	1	1	1	1	1
					1	1	1	1	1	1	1	1	1
					1	1	1	1	1	1	1	1	1
					1	1	1	1	1	1	1	1	1
					1	1	1	1	1	1	1	1	1
					1	1	1	1	1	1	1	1	1
					1	1	1	1	1	1	1	1	1
					1	1	1	1	1	1	1	1	1
					1	1	1	1	1	1	1	1	1
					1	1	1	1	1	1	1	1	1
					1	1	1	1	1	1	1	1	1
					1	1	1	1	1	1	1	1	1
					1	1	1	1	1	1	1	1	1
					1	1	1	1	1	1	1	1	1
					1	1	1	1	1	1	1	1	1
					1	1	1	1	1	1	1	1	1
					1	1	1	1	1	1	1	1	1
					1	1	1	1	1	1	1	1	1
					1	1	1	1	1	1	1	1	1
					1	1	1	1	1	1	1	1	1
					1	1	1	1	1	1	1	1	1
					1	1	1	1	1	1	1	1	1
					1	1	1	1	1	1	1	1	1
					1	1	1	1	1	1	1	1	1
					1	1	1	1	1	1	1	1	1
					1	1	1	1	1	1	1	1	1
					1	1	1	1	1	1	1	1	1
					1	1	1	1	1	1	1	1	1
					1	1	1	1	1	1	1	1	1
					1	1	1	1	1	1	1	1	1
					1	1	1	1	1	1	1	1	1
					1	1	1	1	1	1	1	1	1
					1	1	1	1	1	1	1	1	1
					1	1	1	1	1	1	1	1	1
					1	1	1	1	1	1	1	1	1
					1	1	1	1	1	1	1	1	1
					1	1	1	1	1	1	1	1	1
					1	1	1	1	1	1	1	1	1
					1	1	1	1	1	1	1	1	1
					1	1	1	1	1	1	1	1	1
					1	1	1	1	1	1	1	1	1
					1	1	1	1	1	1	1	1	1
					1	1	1	1	1	1	1	1	1
					1	1	1	1	1	1	1	1	1
					1	1	1	1	1	1	1	1	1
					1	1	1	1	1	1	1	1	1
					1	1	1	1	1	1	1	1	1
					1	1	1	1	1	1	1	1	1
					1	1	1	1	1	1	1	1	1
					1	1	1	1	1	1	1	1	1
					1	1	1	1	1	1	1	1	1
					1	1	1	1	1	1	1	1	1
					1	1	1	1	1	1	1	1	1
					1	1	1	1	1	1	1	1	1
					1	1	1	1	1	1	1	1	1
					1	1	1	1	1	1	1	1	1
					1	1	1	1	1	1	1	1	1
					1	1	1	1	1	1	1	1	1
					1	1	1	1	1	1	1	1	1
					1	1	1	1	1	1	1	1	1
					1	1	1	1	1	1	1	1	1
					1	1	1	1	1	1	1	1	1
					1	1	1	1	1	1	1	1	1
					1	1	1	1	1	1	1	1	1
					1	1	1	1	1	1	1	1	1
					1	1	1	1	1	1	1	1	1
					1	1	1	1	1	1	1	1	1
					1	1	1	1	1	1	1	1	1
					1	1	1	1	1	1	1	1	1
					1	1	1	1	1	1	1	1	1
					1	1	1	1	1	1	1	1	1
					1	1	1	1	1	1	1	1	1
					1	1	1	1	1	1	1	1	1
					1	1	1	1	1	1	1	1	1
					1	1	1	1	1	1	1	1	1
					1	1	1	1	1	1	1	1	1
					1	1	1	1	1	1	1	1	1
					1	1	1	1	1	1	1	1	1
					1	1	1	1	1	1	1	1	1
					1	1	1	1	1	1	1	1	1
					1	1	1	1	1	1	1	1	1
					1	1	1	1	1	1	1	1	1
					1	1	1	1	1	1	1	1	1
					1	1	1	1	1	1	1	1	1
					1	1	1	1	1	1	1	1	1
					1	1	1	1	1	1	1	1	1
					1	1	1	1	1	1	1	1	1
					1	1	1	1	1	1	1	1	1
					1	1	1	1	1	1	1	1	1
					1	1	1	1	1	1	1	1	1
					1	1	1	1	1	1	1	1	1
					1	1	1	1	1	1	1	1	1
					1	1	1	1	1	1	1	1	1
					1	1	1	1	1	1	1	1	1
					1	1	1	1	1	1	1	1	1
					1	1	1	1	1	1	1	1	1
					1	1	1	1	1	1	1	1	1
					1	1	1	1	1	1	1	1	1
					1	1	1	1	1	1	1	1	1
					1	1	1	1	1	1	1	1	1
					1	1	1	1	1	1	1	1	1
					1	1	1	1	1	1	1	1	1
					1	1	1	1	1	1	1	1	1
					1	1	1	1	1	1	1	1	1
					1	1	1	1	1	1	1	1	1
					1	1	1	1	1	1	1	1	1
					1	1	1	1	1	1	1	1	1
					1	1	1	1	1	1	1	1	1
					1	1	1	1	1	1	1	1	1
					1	1	1	1	1	1	1	1	1
					1	1	1	1	1	1	1	1	1
					1	1	1	1	1	1	1	1	1
					1	1	1	1	1	1	1	1	1
					1	1	1	1	1	1	1	1	1
					1	1	1	1	1	1	1	1	1
					1	1	1	1	1	1	1	1	1
					1	1	1	1	1	1	1	1	1
					1	1	1	1	1	1	1	1	1
					1	1	1	1	1	1	1	1	1
					1	1	1	1	1	1	1	1	1
					1	1	1	1	1	1	1	1	1
					1	1	1	1	1	1	1	1	1
					1	1	1	1	1	1	1	1	1
					1	1	1	1	1	1	1	1	1
					1	1	1	1	1	1	1	1	1
					1	1	1	1	1	1	1	1	1
					1	1	1	1	1	1	1	1	1
					1	1	1	1	1	1	1	1	1
					1	1	1	1	1	1	1	1	1
					1	1	1	1	1	1	1	1	1
					1	1	1	1	1	1	1	1	1
					1	1	1	1	1	1	1	1	1
					1	1	1	1	1	1	1	1	1
					1	1	1	1	1	1	1	1	1
					1	1	1	1	1	1	1	1	1
					1	1	1	1	1	1	1	1	1
					1	1	1	1	1	1	1	1	1
					1	1	1	1	1	1	1	1	1
					1	1	1	1	1	1	1	1	1
					1	1	1	1	1	1	1	1	1
					1	1	1	1	1	1	1	1	1
					1	1	1	1	1	1	1	1	1
					1	1	1	1	1	1	1	1	1
					1	1	1	1	1	1	1	1	1
					1	1	1	1	1	1	1	1	1
					1	1	1	1	1	1	1	1	1
					1	1	1	1	1	1	1	1	1
					1	1	1	1	1	1	1	1	1
					1	1	1	1	1	1	1	1	1
					1	1	1	1	1	1	1	1	1
					1	1	1	1	1	1	1	1	1
					1	1	1	1	1	1	1	1	1
					1	1	1	1	1	1	1	1	1
					1	1	1	1	1	1	1	1	1
					1	1	1	1	1	1	1	1	1
					1	1	1	1	1	1	1	1	1
					1	1	1	1	1	1	1	1	1
					1	1	1	1	1	1	1	1	1
					1	1	1	1	1	1	1	1	1
					1	1	1	1	1	1	1	1	1
					1	1	1	1	1	1	1	1	1
					1	1	1	1	1	1	1	1	1
					1	1	1	1	1	1	1	1	1
					1	1	1	1	1	1	1	1	1
					1	1	1	1	1	1	1	1	1
					1	1	1	1	1	1	1	1	1
					1	1	1	1	1	1	1	1	1
					1	1	1	1	1	1	1	1	1
					1	1	1	1	1	1	1	1	1
					1	1	1	1	1	1	1	1	1
					1	1	1	1	1	1	1	1	1
					1	1	1	1	1	1	1	1	1
					1	1	1	1	1	1	1	1	1
					1	1	1	1	1	1	1	1	1
					1	1	1	1	1	1	1	1	1
					1	1	1	1	1	1	1	1	1
					1	1	1	1	1	1	1	1	1
					1	1	1	1	1	1	1	1	1
					1	1	1	1	1	1	1	1	1
					1	1	1	1	1	1	1	1	1
					1	1	1	1	1	1	1	1	1
					1	1	1	1	1	1	1	1	1
					1	1	1	1	1	1	1	1	1
					1	1	1	1	1	1	1	1	1
					1	1	1	1	1	1	1	1	1
					1	1	1	1	1	1	1	1	1
					1	1	1	1	1	1	1	1	1
					1	1	1	1	1	1	1	1	1
					1	1	1	1	1	1	1	1	1
					1	1	1	1	1	1	1	1	1
					1	1	1	1	1	1	1	1	1
					1	1	1	1	1	1	1	1	1
					1	1	1	1	1	1	1	1	1
					1	1	1	1	1	1	1	1	1
					1	1	1	1	1	1	1	1	1
					1	1	1	1	1	1	1	1	1
					1	1	1	1	1	1	1	1	1
					1	1	1	1	1	1	1	1	1
					1	1	1	1	1	1	1	1	1
					1	1	1	1	1	1	1	1	1
					1	1	1	1	1	1	1	1	1
					1	1	1	1	1	1	1	1	1
					1	1	1	1	1	1	1	1	1
					1	1	1	1	1	1	1	1	1
					1	1	1	1	1	1	1	1	1
					1	1	1	1	1	1	1	1	1
					1	1	1	1	1	1	1	1	1
					1	1	1	1	1	1	1	1	1
					1	1	1	1	1	1	1	1	1
					1	1	1	1	1	1	1	1	1
					1	1	1	1	1	1	1	1	1
					1	1	1	1	1	1	1	1	1
					1	1	1	1	1	1	1	1	1
					1	1	1	1	1	1	1	1	1
					1	1	1	1	1	1	1	1	1
					1	1	1	1	1	1	1	1	1
					1	1	1	1	1	1	1	1	1
					1	1	1	1	1	1	1	1	1
					1	1	1	1	1	1	1	1	1
					1	1	1	1	1	1	1	1	1
					1	1	1	1	1	1	1	1	1
					1	1	1	1	1	1	1	1	1
					1	1	1	1	1	1	1	1	1
					1	1	1	1	1	1	1	1	1
					1	1	1	1	1	1	1	1	1
					1	1	1	1	1	1	1	1	1
					1	1	1	1	1	1	1	1	1
					1	1	1	1	1	1	1	1	1
					1	1	1	1	1	1	1	1	1
					1	1	1	1	1	1	1	1	1
					1	1	1	1	1	1	1	1	1
					1	1	1	1	1	1	1	1	1
					1	1	1	1	1	1	1	1	1
					1	1	1	1	1	1	1	1	1
					1	1	1	1	1	1	1	1	1
					1	1	1	1	1	1	1	1	1
					1	1	1	1	1	1	1	1	1
					1	1	1	1	1	1	1	1	1
					1	1	1	1	1	1	1	1	1
					1	1	1	1	1	1	1	1	1
					1	1	1	1	1	1	1	1	1
					1	1	1	1	1	1	1	1	1
					1	1	1	1	1	1	1	1	1
					1	1	1	1	1	1	1	1	1
					1	1	1	1	1	1	1	1	1
					1	1	1	1	1	1	1	1	1
					1	1	1	1	1	1	1	1	1
					1	1	1	1	1	1	1	1	1
					1	1	1	1	1	1	1	1	1
					1	1	1	1	1	1	1	1	1
					1	1	1	1	1	1	1	1	1
					1	1	1	1	1	1	1	1	1
					1	1	1	1	1	1	1	1	1
					1	1	1	1	1	1	1	1	1
					1	1	1	1	1	1	1	1	1
					1	1	1	1	1	1	1	1	1
					1	1	1	1	1	1	1	1	1
					1	1	1	1	1	1	1	1	1
					1	1	1	1	1	1	1	1	1
					1	1	1	1	1	1	1	1	1
					1	1	1	1	1	1	1	1	1
					1	1	1	1	1	1	1	1	1
					1	1	1	1	1	1	1	1	1
					1	1	1	1	1	1	1	1	1
					1	1	1	1	1	1	1	1	1
					1	1	1	1	1	1	1	1	1
					1	1	1	1	1	1	1	1	1
					1	1	1	1	1	1	1	1	1
					1	1	1	1	1	1	1	1	1
					1	1	1	1	1	1	1	1	1
					1	1	1	1	1	1	1	1	1
					1	1	1	1	1	1	1	1	1
					1	1	1	1	1	1	1	1	1
					1	1	1	1	1	1	1	1	1
					1	1	1	1	1	1	1	1	1
					1	1	1	1	1	1	1	1	1
					1	1	1	1	1	1	1	1	1
					1	1	1	1	1	1	1	1	1
					1	1	1	1	1	1	1	1	1
					1	1	1	1	1	1	1	1	1
					1	1	1	1	1	1	1	1	1
					1	1	1	1	1	1	1	1	1
					1	1	1	1	1	1	1	1	1
					1	1	1	1	1	1	1	1	1
					1	1	1	1	1	1	1	1	1
					1	1	1	1	1	1	1	1	1
					1	1	1	1	1	1	1	1	1
					1	1	1	1	1	1	1	1	1
					1	1	1	1	1	1	1	1	1
					1	1	1	1	1	1	1	1	1
					1	1	1	1	1	1	1	1	1
					1	1	1	1	1	1	1	1	1
					1	1	1	1	1	1	1	1	1
					1	1	1	1	1	1	1	1	1
					1	1	1	1	1	1	1	1	1
					1	1	1	1	1	1	1	1	1
					1	1	1	1	1	1	1	1	1
					1	1	1	1	1	1	1	1	1
					1	1	1	1	1	1	1	1	1
					1	1	1	1	1	1	1	1	1
					1	1	1	1	1	1	1	1	1
					1	1	1	1	1	1	1	1	1
					1	1	1	1	1	1	1	1	1
					1	1	1	1	1	1	1	1	1
					1	1	1	1	1	1	1	1	1
					1	1	1	1	1	1	1	1	1
					1	1	1	1	1	1	1	1	1
					1	1	1	1	1	1	1	1	1
					1	1	1	1	1	1	1	1	1
					1	1	1	1	1	1	1	1	1
					1	1	1	1	1	1	1	1	1
					1	1	1	1	1	1	1	1	1
					1	1	1	1	1	1	1	1	1
					1	1	1	1	1	1	1	1	1
					1	1	1	1	1	1	1	1	1
					1	1	1	1	1	1	1	1	1
					1	1	1	1	1	1	1	1	1
					1	1	1	1	1	1	1	1	1
					1	1	1	1	1	1	1	1	1
					1	1	1	1	1	1	1	1	1
					1	1	1	1	1	1	1	1	1
					1	1	1	1	1	1	1	1	1
					1	1	1	1	1	1	1	1	1
					1	1	1	1	1	1	1	1	1
					1	1	1	1	1	1	1	1	1
					1	1	1	1	1	1	1	1	1
					1	1	1	1	1	1	1	1	1
					1	1	1	1	1	1	1	1	1
					1	1	1	1	1	1	1	1	1
					1	1	1	1	1	1	1	1	1
					1	1	1	1	1	1	1	1	1
					1	1	1	1	1	1	1	1	1
					1	1	1	1	1	1	1	1	1
					1	1	1	1	1	1	1	1	1
					1	1	1	1	1	1	1	1	1
					1	1	1	1	1	1	1	1	1
					1	1	1	1	1	1	1	1	1
					1	1	1	1	1	1	1	1	1
					1	1	1	1	1	1	1	1	1
					1	1	1	1	1	1	1	1	1
					1	1	1	1	1	1	1	1	1
					1	1	1	1	1	1	1	1	1
					1	1	1	1	1	1	1	1	1
					1	1	1	1	1	1	1	1	1
					1	1	1	1	1	1	1	1	1
					1	1	1	1	1	1	1	1	1
					1	1	1	1	1	1	1	1	1
					1	1	1	1	1	1	1	1	1
					1	1	1	1	1	1	1	1	1
					1	1	1	1	1	1	1	1	1
					1	1	1	1	1	1	1	1	1
					1	1	1	1	1	1	1	1	1
					1	1	1	1	1	1	1	1	1
					1	1	1	1	1	1	1	1	1
					1	1	1	1	1	1	1	1	1
					1	1	1	1	1	1	1	1	1
					1	1	1	1	1	1	1	1	1
					1	1	1	1	1	1	1	1	1
					1	1	1	1	1	1	1	1	1
					1	1	1	1	1	1	1	1	1
					1	1	1	1	1	1	1	1	1
					1	1	1	1	1	1	1	1	1
					1	1	1	1	1	1	1	1	1
					1	1	1	1	1	1	1	1	1
					1	1	1	1	1	1	1	1	1
					1	1	1	1	1	1	1	1	1
					1	1	1	1	1	1	1	1	1
					1	1	1	1	1	1	1	1	1
					1	1	1	1	1	1	1	1	1
					1	1	1	1	1	1	1	1	1
					1	1	1	1	1	1	1	1	1
					1	1	1	1	1	1	1	1	1
					1	1	1	1	1	1	1	1	1
					1	1	1	1	1	1	1	1	1
					1	1	1	1	1	1	1	1	1
					1	1	1	1	1	1	1	1	1
					1	1	1	1	1	1	1	1	1
					1	1	1	1	1	1	1	1	1
					1	1	1	1	1	1	1	1	1
					1	1	1	1	1	1	1	1	1
					1	1	1	1	1	1	1	1	1
					1	1	1	1	1	1	1	1	1
					1	1	1	1	1	1	1	1	1
					1	1	1	1	1	1	1	1	1
					1	1	1	1	1	1	1	1	1
					1	1	1	1	1	1	1	1	1
					1	1	1	1	1	1	1	1	1
					1	1	1	1	1	1	1	1	1
					1	1	1	1	1	1	1	1	1
					1	1	1	1	1	1	1	1	1
					1	1	1	1	1	1	1	1	1
					1	1	1	1	1	1	1	1	1
					1	1	1	1	1	1	1	1	1
					1	1	1	1	1	1	1	1	1
					1	1	1	1	1	1	1	1	1
					1	1	1	1	1	1	1	1	1
					1	1	1	1	1	1	1	1	1
					1	1	1	1	1	1	1	1	1
					1	1	1	1	1	1	1	1	1
					1	1	1	1	1	1	1	1	1
					1	1	1	1	1	1	1	1	1
					1	1	1	1	1	1	1	1	1
					1	1	1	1	1	1	1	1	1
					1	1	1	1	1	1	1	1	1
					1	1	1	1	1	1	1	1	1
					1	1	1	1	1	1	1	1	1
					1	1	1	1	1	1	1	1	1
					1	1	1	1	1	1	1	1	1
					1	1	1	1	1	1	1	1	1
					1	1	1	1	1	1	1	1	1
					1	1	1	1	1	1	1	1	1
					1	1	1	1	1	1	1	1	1
					1	1	1	1	1	1	1	1	1
					1	1	1	1	1	1	1	1	1
					1	1	1	1	1	1	1	1	1
					1	1	1	1	1	1	1	1	1
					1	1	1	1	1	1	1	1	1
					1	1	1	1	1	1	1	1	1
					1	1	1	1	1	1	1	1	1
					1	1	1	1	1	1	1	1	1
					1	1	1	1	1	1	1	1	1
					1	1	1	1	1	1	1	1	1
					1	1	1	1	1	1	1	1	1
					1	1	1	1	1	1	1	1	1
					1	1	1	1	1	1	1	1	1
					1	1	1	1	1	1	1	1	1
					1	1	1	1	1	1	1	1	1
					1	1	1	1	1	1	1	1	1
					1	1	1	1	1	1	1	1	1
					1	1	1	1	1	1	1	1	1
					1	1	1	1	1	1	1	1	1
					1	1	1	1	1	1	1	1	1
					1	1	1	1	1	1	1	1	1
					1	1	1	1	1	1	1	1	1
					1	1	1	1	1	1	1	1	1
					1	1	1	1	1	1	1	1	1
					1	1	1	1	1	1	1	1	1
					1	1	1	1	1	1	1	1	1
					1	1	1	1	1	1	1	1	1
					1	1	1	1	1	1	1	1	1
					1	1	1	1	1	1	1	1	1
					1	1	1	1	1	1	1	1	1
					1	1	1	1	1	1	1	1	1
					1	1	1	1	1	1	1	1	1
					1	1	1	1	1	1	1	1	1
					1	1	1	1	1	1	1	1	1
					1	1	1	1	1	1	1	1	1
					1	1	1	1	1	1	1	1	1
					1	1	1	1	1	1	1	1	1
					1	1	1	1	1	1	1	1	1
					1	1	1	1	1	1	1	1	1
					1	1	1	1	1	1	1	1	1
					1	1	1	1	1	1	1	1	1
					1	1	1	1	1	1	1	1	1
					1	1	1	1	1	1	1	1	1
					1	1	1	1	1	1	1	1	1
					1	1	1	1	1	1	1	1	1
					1	1	1	1	1	1	1	1	1
					1	1	1	1	1	1	1	1	1
					1	1	1	1	1	1	1	1	1
					1	1	1	1	1	1	1	1	1
					1	1	1	1	1	1	1	1	1
					1	1	1	1	1	1	1	1	1
					1	1	1	1	1	1	1	1	1
					1	1	1	1	1	1	1	1	1
					1	1	1	1	1	1	1	1	1
					1	1	1	1	1	1	1	1	1
					1	1	1	1	1	1	1	1	1
					1	1	1	1	1	1	1	1	1
					1	1	1	1	1	1	1	1	1
					1	1	1	1	1	1	1	1	1
					1	1	1	1	1	1	1	1	1
					1	1	1	1	1	1	1	1	1
					1	1	1	1	1	1	1	1	1
					1	1	1	1	1	1	1	1	1
					1	1	1	1	1	1	1	1	1
					1	1	1	1	1	1	1	1	1
					1	1	1	1	1	1	1	1	1
					1	1	1	1	1	1	1	1	1
					1	1	1	1	1	1	1	1	1
					1	1	1	1	1	1	1	1	1
					1	1	1	1	1	1	1	1	1
					1	1	1	1	1	1	1	1	1
					1	1	1	1	1	1	1	1	1
					1	1	1	1	1	1	1	1	1
					1	1	1	1	1	1	1	1	1
					1	1	1	1	1	1	1	1	1
					1	1	1	1	1	1	1	1	1
					1	1	1	1	1	1	1	1	1
					1	1	1	1	1	1	1	1	1
					1	1	1	1	1	1	1	1	1
					1	1	1	1	1	1	1	1	1
					1	1	1	1	1	1	1	1	1
					1	1	1	1	1	1	1	1	1
					1	1	1	1	1	1	1	1	1
					1	1	1	1	1	1	1	1	1
					1	1	1	1	1	1	1	1	1
					1	1	1	1	1	1	1	1	1
					1	1	1	1	1	1	1	1	1
					1	1	1	1	1	1	1	1	1
					1	1	1	1	1	1	1	1	1
					1	1	1	1	1	1	1	1	1
					1	1	1	1	1	1	1	1	1
					1	1	1	1	1	1	1	1	1
					1	1	1	1	1	1	1	1	1
					1	1	1	1	1	1	1	1	1
					1	1	1	1	1	1	1	1	1
					1	1	1	1	1	1	1	1	1
					1	1	1	1	1	1	1	1	1
					1	1	1	1	1	1	1	1	1
					1	1	1	1	1	1	1	1	1
					1	1	1	1	1	1	1	1	1
					1	1	1	1	1	1	1	1	1
					1	1	1	1	1	1	1	1	1
					1	1	1	1	1	1	1	1	1
					1	1	1	1	1	1	1	1	1
					1	1	1	1	1	1	1	1	1
					1	1	1	1	1	1	1	1	1
					1	1	1	1	1	1	1	1	1
					1	1	1	1	1	1	1	1	1
					1	1	1	1	1	1	1	1	1
					1	1	1	1	1	1	1	1	1
					1	1	1	1	1	1	1	1	1
					1	1	1	1	1	1	1	1	1
					1	1	1	1	1	1	1	1	1
					1	1	1	1	1	1	1	1	1
					1	1	1	1	1	1	1	1	1
					1	1	1	1	1	1	1	1	1
					1	1	1	1	1	1	1	1	1
					1	1	1	1	1	1	1	1	1
					1	1	1	1	1	1	1	1	1
					1	1	1	1	1	1	1	1	1
					1	1	1	1	1	1	1	1	1
					1	1	1	1	1	1	1	1	1
					1	1	1	1	1	1	1	1	1
					1	1	1	1	1	1	1	1	1
					1	1	1	1	1	1	1	1	1
					1	1	1	1	1	1	1	1	1
					1	1	1	1	1	1	1	1	1
					1	1	1	1	1	1	1	1	1
					1	1	1	1	1	1	1	1	1
					1	1	1	1	1	1	1	1	1
					1	1	1	1	1	1	1	1	1
					1	1	1	1	1	1	1	1	1
					1	1	1	1	1	1	1	1	1
					1	1	1	1	1	1	1	1	1
					1	1	1	1	1	1	1	1	1
					1	1	1	1	1	1	1	1	1
					1	1	1	1	1	1	1	1	1
					1	1	1	1	1	1	1	1	1
					1	1	1	1	1	1	1	1	1
					1	1	1	1	1	1	1	1	1
					1	1	1	1	1	1	1	1	1
					1	1	1	1	1	1	1	1	1
					1	1	1	1	1	1	1	1	1
					1	1	1	1	1	1	1	1	1
					1	1	1	1	1	1	1	1	1
					1	1	1	1	1	1	1	1	1
					1	1	1	1	1	1	1	1	1
					1	1	1	1	1	1	1	1	1
					1	1	1	1	1	1	1	1	1
					1	1	1	1	1	1	1	1	1
					1	1	1	1	1	1	1	1	1
					1	1	1	1	1	1	1	1	1
					1	1	1	1	1	1	1	1	1
					1	1	1	1	1	1	1	1	1
					1	1	1	1	1	1	1	1	1
					1	1	1	1	1	1	1	1	1
					1	1	1	1	1	1	1	1	1
					1	1	1	1	1	1	1	1	1
					1	1	1	1	1	1	1	1	1
					1	1	1	1	1	1	1	1	1
					1	1	1	1	1	1	1	1	1
					1	1	1	1	1	1	1	1	1
					1	1	1	1	1	1	1	1	1
					1	1	1	1	1	1	1	1	1
					1	1	1	1	1	1	1	1	1
					1	1	1	1	1	1	1	1	1
					1	1	1	1	1	1	1	1	1
					1	1	1	1	1	1	1	1	1
					1	1	1	1	1	1	1	1	1
					1	1	1	1	1	1	1	1	1
					1	1	1	1	1	1	1	1	1
					1	1	1	1	1	1	1	1	1
					1	1	1	1	1	1	1	1	1
					1	1	1	1	1	1	1	1	1
					1	1	1	1	1	1	1	1	1
					1	1	1	1	1	1	1	1	1
					1	1	1	1	1	1	1	1	1
					1	1	1	1	1	1	1	1	1
					1	1	1	1	1	1	1	1	1
					1	1	1	1	1	1	1	1	1
					1	1	1	1	1	1	1	1	1
					1	1	1	1	1	1	1	1	1
					1	1	1	1	1	1	1	1	1
					1	1	1	1	1	1	1	1	1
					1	1	1	1	1	1	1	1	1
					1	1	1	1	1	1	1	1	1
					1	1	1	1	1	1	1	1	1
					1	1	1	1	1	1	1	1	1
					1	1	1	1	1	1	1	1	1
					1	1	1	1	1	1	1	1	1
					1	1	1	1	1	1	1	1	1
					1	1	1	1	1	1	1	1	1
					1	1	1	1	1	1	1	1	1
					1	1	1	1	1	1	1	1	1
					1	1	1	1	1	1	1	1	1
					1	1	1	1	1	1	1	1	1
					1	1	1	1	1	1	1	1	1
					1	1	1	1	1	1	1	1	1
					1	1	1	1	1	1	1	1	1
					1	1	1	1	1	1	1	1	1
					1	1	1	1	1	1	1	1	1
					1	1	1	1	1	1	1	1	1
					1	1	1	1	1	1	1	1	1
					1	1	1	1	1	1	1	1	1
					1	1	1	1	1	1	1	1	1
					1	1	1	1	1	1	1	1	1
					1	1	1	1	1	1	1	1	1
					1	1	1	1	1	1	1	1	1
					1	1	1	1	1	1	1	1	1
					1	1	1	1	1	1	1	1	1
					1	1	1	1	1	1	1	1	1
					1	1	1	1	1	1	1	1	1
					1	1	1	1	1	1	1	1	1
					1	1	1	1	1	1	1	1	1
					1	1	1	1	1	1	1	1	1
					1	1	1	1	1	1	1	1	1
					1	1	1	1	1	1	1	1	1
					1	1	1	1	1	1	1	1	1
					1	1	1	1	1	1	1	1	1
					1	1	1	1	1	1	1	1	1
					1	1	1	1	1	1	1	1	1
					1	1	1	1	1	1	1	1	1
					1	1	1	1	1	1	1	1	1
					1	1	1	1	1	1	1	1	1
					1	1	1	1	1	1	1	1	1
					1	1	1	1	1	1	1	1	1
					1	1	1	1	1	1	1	1	1
					1	1	1	1	1	1	1	1	1
					1	1	1	1	1	1	1	1	1
					1	1	1	1	1	1	1	1	1
					1	1	1	1	1	1	1	1	1
					1	1	1	1	1	1	1	1	1
					1	1	1	1	1	1	1	1	1
					1	1	1	1	1	1	1	1	1
					1	1	1	1	1	1	1	1	1
					1	1	1	1	1	1	1	1	1
					1	1	1	1	1	1	1	1	1
					1	1	1	1	1	1	1	1	1
					1	1	1	1	1	1	1	1	1
					1	1	1	1	1	1	1	1	1
					1	1	1	1	1	1	1	1	1
					1	1	1	1	1	1	1	1	1
					1	1	1	1	1	1	1	1	1
					1	1	1	1	1	1	1	1	1
					1	1	1	1	1	1	1	1	1
					1	1	1	1	1	1	1	1	1
					1	1	1	1	1	1	1	1	1
					1	1	1	1	1	1	1	1	1
					1	1	1	1	1	1	1	1	1
					1	1	1	1	1	1	1	1	1
					1	1	1	1	1	1	1	1	1
					1	1	1	1	1	1	1	1	1
					1	1	1	1	1	1	1	1	1
					1	1	1	1	1	1	1	1	1
					1	1	1	1	1	1	1	1	1
					1	1	1	1	1	1	1	1	1
					1	1	1	1	1	1	1	1	1
					1	1	1	1	1	1	1	1	1
					1	1	1	1	1	1	1	1	1
					1	1	1	1	1	1	1	1	1
					1	1	1	1	1	1	1	1	1
					1	1	1	1	1	1	1	1	1
					1	1	1	1	1	1	1	1	1
					1	1	1	1	1	1	1	1	1
					1	1	1	1	1	1	1	1	1
					1	1	1	1	1	1	1	1	1
					1	1	1	1	1	1	1	1	1
					1	1	1	1	1	1	1	1	1
					1	1	1	1	1	1	1	1	1
					1	1	1	1	1	1	1	1	1
					1	1	1	1	1	1	1	1	1
					1	1	1	1	1	1	1	1	1
					1	1	1	1	1	1	1	1	1
					1	1	1	1	1	1	1	1	1
					1	1	1	1	1	1	1	1	1
					1	1	1	1	1	1	1	1	1
					1	1	1	1	1	1	1	1	1
					1	1	1	1	1	1	1	1	1
					1	1	1	1	1	1	1	1	1
					1	1	1	1	1	1	1	1	1
					1	1	1	1	1	1	1	1	1
					1	1	1	1	1	1	1	1	1
					1	1	1	1	1	1	1	1	1
					1	1	1	1	1	1	1	1	1
					1	1	1	1	1	1	1	1	1
					1	1	1	1	1	1	1	1	1
					1	1	1	1	1	1	1	1	1
					1	1	1	1	1	1	1	1	1
					1	1	1	1	1	1	1	1	1
					1	1	1	1	1	1	1	1	1
					1	1	1	1	1	1	1	1	1
					1	1	1	1	1	1	1	1	1
					1	1	1	1	1	1	1	1	1
					1	1	1	1	1	1	1	1	1
					1	1	1	1	1	1	1	1	1
					1	1	1	1	1	1	1	1	1
					1	1	1	1	1	1	1	1	1
					1	1	1	1	1	1	1	1	1
					1	1	1	1	1	1	1	1	1
					1	1	1	1	1	1	1	1	1
					1	1	1	1	1	1	1	1	1
					1	1	1	1	1	1	1	1	1
					1	1	1	1	1	1	1	1	1
					1	1	1	1	1	1	1	1	1
					1	1	1	1	1	1	1	1	1
					1	1	1	1	1	1	1	1	1
					1	1	1	1	1	1	1	1	1
					1	1	1	1	1	1	1	1	1
					1	1	1	1	1	1	1	1	1
					1	1	1	1	1	1	1	1	1
					1	1	1	1	1	1	1	1	1
					1	1	1	1	1	1	1	1	1
					1	1	1	1	1	1	1	1	1
					1	1	1	1	1	1	1	1	1
					1	1	1	1	1	1	1	1	1
					1	1	1	1	1	1	1	1	1
					1	1	1	1	1	1	1	1	1
					1	1	1	1	1	1	1	1	1
					1	1	1	1	1	1	1	1	1
					1	1	1	1	1	1	1	1	1
					1	1	1	1	1	1	1	1	1
					1	1	1	1	1	1	1	1	1
					1	1	1	1	1	1	1	1	1
					1	1	1	1	1	1	1	1	1
					1	1	1	1	1	1	1	1	1
					1	1	1	1	1	1	1	1	1
					1	1	1	1	1	1	1	1	1
					1	1	1	1	1	1	1	1	1
					1	1	1	1	1	1	1	1	1
					1	1	1	1	1	1	1	1	1
					1	1	1	1	1	1	1	1	1
					1	1	1	1	1	1	1	1	1
					1	1	1	1	1	1	1	1	1
					1	1	1	1	1	1	1	1	1
					1	1	1	1	1	1	1	1	1
					1	1	1	1	1	1	1	1	1
					1	1	1	1	1	1	1	1	1
					1	1	1	1	1	1	1	1	1
					1	1	1	1	1	1	1	1	1
					1	1	1	1	1	1	1	1	1
					1	1	1	1	1	1	1	1	1
					1	1	1	1	1	1	1	1	1
					1	1	1	1	1	1	1	1	1
					1	1	1	1	1	1	1	1	1
					1	1	1	1	1	1	1	1	1
					1	1	1	1	1	1	1	1	1
					1	1	1	1	1	1	1	1	1
					1	1	1	1	1	1	1	1	1
					1	1	1	1	1	1	1	1	1
					1	1	1	1	1	1	1	1	1
					1	1	1	1	1	1	1	1	1
					1	1	1	1	1	1	1	1	1
					1	1	1	1	1	1	1	1	1
					1	1	1	1	1	1	1	1	1
					1	1	1	1	1	1	1	1	1
					1	1	1	1	1	1	1	1	1
					1	1	1	1	1	1	1	1	1
					1	1	1	1	1	1	1	1	1
					1	1	1	1	1	1	1	1	1
					1	1	1	1	1	1	1	1	1
					1	1	1	1	1	1	1	1	1
					1	1	1	1	1	1	1	1	1
					1	1	1	1	1	1	1	1	1
					1	1	1	1	1	1	1	1	1
					1	1	1	1	1	1	1	1	1
					1	1	1	1	1	1	1	1	1
					1	1	1	1	1	1	1	1	1
					1	1	1	1	1	1	1	1	1
					1	1	1	1	1	1	1	1	1
					1	1	1	1	1	1	1	1	1
					1	1	1	1	1	1	1	1	1
					1	1	1	1	1	1	1	1	1
					1	1	1	1	1	1	1	1	1
					1	1	1	1	1	1	1	1	1
					1	1	1	1	1	1	1	1	1
					1	1	1	1	1	1	1	1	1
					1	1	1	1	1	1	1	1	1
					1	1	1	1	1	1	1	1	1
					1	1	1	1	1	1	1	1	1
					1	1	1	1	1	1	1	1	1
					1	1	1	1	1	1	1	1	1
					1	1	1	1	1	1	1	1	1
					1	1	1	1	1	1	1	1	1
					1	1	1	1	1	1	1	1	1
					1	1	1	1	1	1	1	1	1
					1	1	1	1	1	1	1	1	1
					1	1	1	1	1	1	1	1	1
					1	1	1	1	1	1	1	1	1
					1	1	1	1	1	1	1	1	1
					1	1	1	1	1	1	1	1	1
					1	1	1	1	1	1	1	1	1
					1	1	1	1	1	1	1	1	1
					1	1	1	1	1	1	1	1	1
					1	1	1	1	1	1	1	1	1
					1	1	1	1	1	1	1	1	1
					1	1	1	1	1	1	1	1	1
					1	1	1	1	1	1	1	1	1
					1	1	1	1	1	1	1	1	1
					1	1	1	1	1	1	1	1	1
					1	1	1	1	1	1	1	1	1
					1	1	1	1	1	1	1	1	1
					1	1	1	1	1	1	1	1	1
					1	1	1	1	1	1	1	1	1
					1	1	1	1	1	1	1	1	1
					1	1	1	1	1	1	1	1	1
					1	1	1	1	1	1	1	1	1
					1	1	1	1	1	1	1	1	1
					1	1	1	1	1	1	1	1	1
					1	1	1	1	1	1	1	1	1
					1	1	1	1	1	1	1	1	1
					1	1	1	1	1	1	1	1	1
					1	1	1	1	1	1	1	1	1
					1	1	1	1	1	1	1	1	1
					1	1	1	1	1	1	1	1	1
					1	1	1	1	1	1	1	1	1
					1	1	1	1	1	1	1	1	1
					1	1	1	1	1	1	1	1	1
					1	1	1	1	1	1	1	1	1
					1	1	1	1	1	1	1	1	1
					1	1	1	1	1	1	1	1	1
					1	1	1	1	1	1	1	1	1
					1	1	1	1	1	1	1	1	1
					1	1	1	1	1	1	1	1	1
					1	1	1	1	1	1	1	1	1
					1	1	1	1	1	1	1	1	1
					1	1	1	1	1	1	1	1	1
					1	1	1	1	1	1	1	1	1
					1	1	1	1	1	1	1	1	1
					1	1	1	1	1	1	1	1	1
					1	1	1	1	1	1	1	1	1
					1	1	1	1	1	1	1	1	1
					1	1	1	1	1	1	1	1	1
					1	1	1	1	1	1	1	1	1
					1	1	1	1	1	1	1	1	1
					1	1	1	1	1	1	1	1	1
					1	1	1	1	1	1	1	1	1
					1	1	1	1	1	1	1	1	1
					1	1	1	1	1	1	1	1	1
					1	1	1	1	1	1	1	1	1
					1	1	1	1	1	1	1	1	1
					1	1	1	1	1	1	1	1	1
					1	1	1	1	1	1	1	1	1
					1	1	1	1	1	1	1	1	1
					1	1	1	1	1	1	1	1	1
					1	1	1	1	1	1	1	1	1
					1	1	1	1	1	1	1	1	1
					1	1	1	1	1	1	1	1	1
					1	1	1	1	1	1	1	1	1
					1	1	1	1	1	1	1	1	1
					1	1	1	1	1	1	1	1	1
					1	1	1	1	1	1	1	1	1
					1	1	1	1	1	1	1	1	1
					1	1	1	1	1	1	1	1	1
					1	1	1	1	1	1	1	1	1
					1	1	1	1	1	1	1	1	1
					1	1	1	1	1	1	1	1	1
					1	1	1	1	1	1	1	1	1
					1	1	1	1	1	1	1	1	1
					1	1	1	1	1	1	1	1	1
					1	1	1	1	1	1	1	1	1
					1	1	1	1	1	1	1	1	1
					1	1	1	1	1	1	1	1	1
					1	1	1	1	1	1	1	1	1
					1	1	1	1	1	1	1	1	1
					1	1	1	1	1	1	1	1	1
					1	1	1	1	1	1	1	1	1
					1	1	1	1	1	1	1	1	1
					1	1	1	1	1	1	1	1	1
					1	1	1	1	1	1	1	1	1
					1	1	1	1	1	1	1	1	1
					1	1	1	1	1	1	1	1	1
					1	1	1	1	1	1	1	1	1
					1	1	1	1	1	1	1	1	1
					1	1	1	1	1	1	1	1	1
					1	1	1	1	1	1	1	1	1
					1	1	1	1	1	1	1	1	1
					1	1	1	1	1	1	1	1	1
					1	1	1	1	1	1	1	1	1
					1	1	1	1	1	1	1	1	1
					1	1	1	1	1	1	1	1	1
					1	1	1	1	1	1	1	1	1
					1	1	1	1	1	1	1	1	1
					1	1	1	1	1	1	1	1	1
					1	1	1	1	1	1	1	1	1
					1	1	1	1	1	1	1	1	1
					1	1	1	1	1	1	1	1	1
					1	1	1	1	1	1	1	1	1
					1	1	1	1	1	1	1	1	1
					1	1	1	1	1	1	1	1	1
					1	1	1	1	1	1	1	1	1
					1	1	1	1	1	1	1	1	1
					1	1	1	1	1	1	1	1	1
					1	1	1	1	1	1	1	1	1
					1	1	1	1	1	1	1	1	1
					1	1	1	1	1	1	1	1	1
					1	1	1	1	1	1	1	1	1
					1	1	1	1	1	1	1	1	1
					1	1	1	1	1	1	1	1	1
					1	1	1	1	1	1	1	1	1
					1	1	1	1	1	1	1	1	1
					1	1	1	1	1	1	1	1	1
					1	1	1	1	1	1	1	1	1
					1	1	1	1	1	1	1	1	1
					1	1	1	1	1	1	1	1	1
					1	1	1	1	1	1	1	1	1
					1	1	1	1	1	1	1	1	1
					1	1	1	1	1	1	1	1	1
					1	1	1	1	1	1	1	1	1
					1	1	1	1	1	1	1	1	1
					1	1	1	1	1	1	1	1	1
					1	1	1	1	1	1	1	1	1
					1	1	1	1	1	1	1	1	1
					1	1	1	1	1	1	1	1	1
					1	1	1	1	1	1	1	1	1
					1	1	1	1	1	1	1	1	1
					1	1	1	1	1	1	1	1	1
					1	1	1	1	1	1	1	1	1
					1	1	1	1	1	1	1	1	1
					1	1	1	1	1	1	1	1	1
					1	1	1	1	1	1	1	1	1
					1	1	1	1	1	1	1	1	1
					1	1	1	1	1	1	1	1	1
					1	1	1	1	1	1	1	1	1
					1	1	1	1	1	1	1	1	1
					1	1	1	1	1	1	1	1	1
					1	1	1	1	1	1	1	1	1
					1	1	1	1	1	1	1	1	1
					1	1	1	1	1	1	1	1	1
					1	1	1	1	1	1	1	1	1
					1	1	1	1	1	1	1	1	1
					1	1	1	1	1	1	1	1	1
					1	1	1	1	1	1	1	1	1
					1	1	1	1	1	1	1	1	1
					1	1	1	1	1	1	1	1	1
					1	1	1	1	1	1	1	1	1
					1	1	1	1	1	1	1	1	1
					1	1	1	1	1	1	1	1	1
					1	1	1	1	1	1	1	1	1
					1	1	1	1	1	1	1	1	1
					1	1	1	1	1	1	1	1	1
					1	1	1	1	1	1	1	1	1
					1	1	1	1	1	1	1	1	1
					1	1	1	1	1	1	1	1	1
					1	1	1	1	1	1	1	1	1
					1	1	1	1	1	1	1	1	1
					1	1	1	1	1	1	1	1	1
					1	1	1	1	1	1	1	1	1
					1	1	1	1	1	1	1	1	1
					1	1	1	1	1	1	1	1	1
					1	1	1	1	1	1	1	1	1
					1	1	1	1	1	1	1	1	1
					1	1	1	1	1	1	1	1	1
					1	1	1	1	1	1	1	1	1
					1	1	1	1	1	1	1	1	1
					1	1	1	1	1	1	1	1	1
					1	1	1	1	1	1	1	1	1
					1	1	1	1	1	1	1	1	1
					1	1	1	1	1	1	1	1	1
					1	1	1	1	1	1	1	1	1
					1	1	1	1	1	1	1	1	1
					1	1	1	1	1	1	1	1	1
					1	1	1	1	1	1	1	1	1
					1	1	1	1	1	1	1	1	1
					1	1	1	1	1	1	1	1	1
					1	1	1	1	1	1	1	1	1
					1	1	1	1	1	1	1	1	1
					1	1	1	1	1	1	1	1	1
					1	1	1	1	1	1	1	1	1
					1	1	1	1	1	1	1	1	1
					1	1	1	1	1	1	1	1	1
					1	1	1	1	1	1	1	1	1
					1	1	1	1	1	1	1	1	1
					1	1	1	1	1	1	1	1	1
					1	1	1	1	1	1	1	1	1
					1	1	1	1	1	1	1	1	1
					1	1	1	1	1	1	1	1	1
					1	1	1	1	1	1	1	1	1
					1	1	1	1	1	1	1	1	1
					1	1	1	1	1	1	1	1	1
					1	1	1	1	1	1	1	1	1
					1	1	1	1	1	1	1	1	1
					1	1	1	1	1	1	1	1	1
					1	1	1	1	1	1	1	1	1
					1	1	1	1	1	1	1	1	1
					1	1	1	1	1	1	1	1	1
					1	1	1	1	1	1	1	1	1
					1	1	1	1	1	1	1	1	1
					1	1	1	1	1	1	1	1	1
					1	1	1	1	1	1	1	1	1
					1	1	1	1	1	1	1	1	1
					1	1	1	1	1	1	1	1	1
					1	1	1	1	1	1	1	1	1
					1	1	1	1	1	1	1	1	1
					1	1	1	1	1	1	1	1	1
					1	1	1	1	1	1	1	1	1
					1	1	1	1	1	1	1	1	1
					1	1	1	1	1	1	1	1	1
					1	1	1	1	1	1	1	1	1
					1	1	1	1	1	1	1	1	1
					1	1	1	1	1	1	1	1	1
					1	1	1	1	1	1	1	1	1
					1	1	1	1	1	1	1	1	1
					1	1	1	1	1	1	1	1	1
					1	1	1	1	1	1	1	1	1
					1	1	1	1	1	1	1	1	1
					1	1	1	1	1	1	1	1	1
					1	1	1	1	1	1	1	1	1
					1	1	1	1	1	1	1	1	1
					1	1	1	1	1	1	1	1	1
					1	1	1	1	1	1	1	1	1
					1	1	1	1	1	1	1	1	1
					1	1	1	1	1	1	1	1	1
					1	1	1	1	1	1	1	1	1
					1	1	1	1	1	1	1	1	1
					1	1	1	1	1	1	1	1	1
					1	1	1	1	1	1	1	1	1
					1	1	1	1	1	1	1	1	1
					1	1	1	1	1	1	1	1	1
					1	1	1	1	1	1	1	1	1
					1	1	1	1	1	1	1	1	1
					1	1	1	1	1	1	1	1	1
					1	1	1	1	1	1	1	1	1
					1	1	1	1	1	1	1	1	1
					1	1	1	1	1	1	1	1	1
					1	1	1	1	1	1	1	1	1
					1	1	1	1	1	1	1	1	1
					1	1	1	1	1	1	1	1	1
					1	1	1	1	1	1	1	1	1
					1	1	1	1	1	1	1	1	1
					1	1	1	1	1	1	1	1	1
					1	1	1	1	1	1	1	1	1
					1	1	1	1	1	1	1	1	1
					1	1	1	1	1	1	1	1	1
					1	1	1	1	1	1	1	1	1
					1	1	1	1	1	1	1	1	1
					1	1	1	1	1	1	1	1	1
					1	1	1	1	1	1	1	1	1
					1	1	1	1	1	1	1	1	1
					1	1	1	1	1	1	1	1	1
					1	1	1	1	1	1	1	1	1
					1	1	1	1	1	1	1	1	1
					1	1	1	1	1	1	1	1	1
					1	1	1	1	1	1	1	1	1
					1	1	1	1	1	1	1	1	1
					1	1	1	1	1	1	1	1	1
					1	1	1	1	1	1	1	1	1
					1	1	1	1	1	1	1	1	1
					1	1	1	1	1	1	1	1	1
					1	1	1	1	1	1	1	1	1
					1	1	1	1	1	1	1	1	1
					1	1	1	1	1	1	1	1	1
					1	1	1	1	1	1	1	1	1
					1	1	1	1	1	1	1	1	1
					1	1	1	1	1	1	1	1	1
					1	1	1	1	1	1	1	1	1
					1	1	1	1	1	1	1	1	1
					1	1	1	1	1	1	1	1	1
					1	1	1	1	1	1	1	1	1
					1	1	1	1	1	1	1	1	1
					1	1	1	1	1	1	1	1	1
					1	1	1	1	1	1	1	1	1
					1	1	1	1	1	1	1	1	1
					1	1	1	1	1	1	1	1	1
					1	1	1	1	1	1	1	1	1
					1	1	1	1	1	1	1	1	1
					1	1	1	1	1	1	1	1	1
					1	1	1	1	1	1	1	1	1
					1	1	1	1	1	1	1	1	1
					1	1	1	1	1	1	1	1	1
					1	1	1	1	1	1	1	1	1
					1	1	1	1	1	1	1	1	1
					1	1	1	1	1	1	1	1	1
					1	1	1	1	1	1	1	1	1
					1	1	1	1	1	1	1	1	1
					1	1	1	1	1	1	1	1	1
					1	1	1	1	1	1	1	1	1
					1	1	1	1	1	1	1	1	1
					1	1	1	1	1	1	1	1	1
					1	1	1	1	1	1	1	1	1
					1	1	1	1	1	1	1	1	1
					1	1	1	1	1	1	1	1	1
					1	1	1	1	1	1	1	1	1
					1	1	1	1	1	1	1	1	1
					1	1	1	1	1	1	1	1	1
					1	1	1	1	1	1	1	1	1
					1	1	1	1	1	1	1	1	1
					1	1	1	1	1	1	1	1	1
					1	1	1	1	1	1	1	1	1
					1	1	1	1	1	1	1	1	1
					1	1	1	1	1	1	1	1	1
					1	1	1	1	1	1	1	1	1
					1	1	1	1	1	1	1	1	1
					1	1	1	1	1	1	1	1	1
					1	1	1	1	1	1	1	1	1
					1	1	1	1	1	1	1	1	1
					1	1	1	1	1	1	1	1	1
					1	1	1	1	1	1	1	1	1
					1	1	1	1	1	1	1	1	1
					1	1	1	1	1	1	1	1	1
					1	1	1	1	1	1	1	1	1
					1	1	1	1	1	1	1	1	1
					1	1	1	1	1	1	1	1	1
					1	1	1	1	1	1	1	1	1
					1	1	1	1	1	1	1	1	1
					1	1	1	1	1	1	1	1	1
					1	1	1	1	1	1	1	1	1
					1	1	1	1	1	1	1	1	1
					1	1	1	1	1	1	1	1	1
					1	1	1	1	1	1	1	1	1
					1	1	1	1	1	1	1	1	1
					1	1	1	1	1	1	1	1	1
					1	1	1	1	1	1	1	1	1
					1	1	1	1	1	1	1	1	1
					1	1	1	1	1	1	1	1	1
					1	1	1	1	1	1	1	1	1
					1	1	1	1	1	1	1	1	1
					1	1	1	1	1	1	1	1	1
					1	1	1	1	1	1	1	1	1
					1	1	1	1	1	1	1	1	1
					1	1	1	1	1	1	1	1	1
					1	1	1	1	1	1	1	1	1
					1	1	1	1	1	1	1	1	1
					1	1	1	1	1	1	1	1	1
					1	1	1	1	1	1	1	1	1
					1	1	1	1	1	1	1	1	1
					1	1	1	1	1	1	1	1	1
					1	1	1	1	1	1	1	1	1
					1	1	1	1	1	1	1	1	1
					1	1	1	1	1	1	1	1	1
					1	1	1	1	1	1	1	1	1
					1	1	1	1	1	1	1	1	1
					1	1	1	1	1	1	1	1	1
					1	1	1	1	1	1	1	1	1
					1	1	1	1	1	1	1	1	1
					1	1	1	1	1	1	1	1	1
					1	1	1	1	1	1	1	1	1
					1	1	1	1	1	1	1	1	1
					1	1	1	1	1	1	1	1	1
					1	1	1	1	1	1	1	1	1
					1	1	1	1	1	1	1	1	1
					1	1	1	1	1	1	1	1	1
					1	1	1	1	1	1	1	1	1
					1	1	1	1	1	1	1	1	1
					1	1	1	1	1	1	1	1	1
					1	1	1	1	1	1	1	1	1
					1	1	1	1	1	1	1	1	1
					1	1	1	1	1	1	1	1	1
					1	1	1	1	1	1	1	1	1
					1	1	1	1	1	1	1	1	1
					1	1	1	1	1	1	1	1	1
					1	1	1	1	1	1	1	1	1
					1	1	1	1	1	1	1	1	1
					1	1	1	1	1	1	1	1	1
					1	1	1	1	1	1	1	1	1
					1	1	1	1	1	1	1	1	1
					1	1	1	1	1	1	1	1	1
					1	1	1	1	1	1	1	1	1
					1	1	1	1	1	1	1	1	1
					1	1	1	1	1	1	1	1	1
					1	1	1	1	1	1	1	1	1
					1	1	1	1	1	1	1	1	1
					1	1	1	1	1	1	1	1	1
					1	1	1	1	1	1	1	1	1
					1	1	1	1	1	1	1	1	1
					1	1	1	1	1	1	1	1	1
					1	1	1	1	1	1	1	1	1
					1	1	1	1	1	1	1	1	1
					1	1	1	1	1	1	1	1	1
					1	1	1	1	1	1	1	1	1
					1	1	1	1	1	1	1	1	1
					1	1	1	1	1	1	1	1	1
					1	1	1	1	1	1	1	1	1
					1	1	1	1	1	1	1	1	1
					1	1	1	1	1	1	1	1	1
					1	1	1	1	1	1	1	1	1
					1	1	1	1	1	1	1	1	1
					1	1	1	1	1	1	1	1	1
					1	1	1	1	1	1	1	1	1
					1	1	1	1	1	1	1	1	1
					1	1	1	1	1	1	1	1	1
					1	1	1	1	1	1	1	1	1
					1	1	1	1	1	1	1	1	1
					1	1	1	1	1	1	1	1	1
					1	1	1	1	1	1	1	1	1
					1	1	1	1	1	1	1	1	1
					1	1	1	1	1	1	1	1	1
					1	1	1	1	1	1	1	1	1
					1	1	1	1	1	1	1	1	1
					1	1	1	1	1	1	1	1	1
					1	1	1	1	1	1	1	1	1
					1	1	1	1	1	1	1	1	1
					1	1	1	1	1	1	1	1	1
					1	1	1	1	1	1	1	1	1
					1	1	1	1	1	1	1	1	1
					1	1	1	1	1	1	1	1	1
					1	1	1	1	1	1	1	1	1
					1	1	1	1	1	1	1	1	1
					1	1	1	1	1	1	1	1	1
					1	1	1	1	1	1	1	1	1
					1	1	1	1	1	1	1	1	1
					1	1	1	1	1	1	1	1	1
					1	1	1	1	1	1	1	1	1
					1	1	1	1	1	1	1	1	1
					1	1	1	1	1	1	1	1	1
					1	1	1	1	1	1	1	1	1
					1	1	1	1	1	1	1	1	1
					1	1	1	1	1	1	1	1	1
					1	1	1	1	1	1	1	1	1
					1	1	1	1	1	1	1	1	1
					1	1	1	1	1	1	1	1	1
					1	1	1	1	1	1	1	1	1
					1	1	1	1	1	1	1	1	1
					1	1	1	1	1	1	1	1	1
					1	1	1	1	1	1	1	1	1
					1	1	1	1	1	1	1	1	1
					1	1	1	1	1	1	1	1	1
					1	1	1	1	1	1	1	1	1
					1	1	1	1	1	1	1	1	1
					1	1	1	1	1	1	1	1	1
					1	1	1	1	1	1	1	1	1
					1	1	1	1	1	1	1	1	1
					1	1	1	1	1	1	1	1	1
					1	1	1	1	1	1	1	1	1
					1	1	1	1	1	1	1	1	1
					1	1	1	1	1	1	1	1	1
					1	1	1	1	1	1	1	1	1
					1	1	1	1	1	1	1	1	1
					1	1	1	1	1	1	1	1	1
					1	1	1	1	1	1	1	1	1
					1	1	1	1	1	1	1	1	1
					1	1	1	1	1	1	1	1	1
					1	1	1	1	1	1	1	1	1
					1	1	1	1	1	1	1	1	1
					1	1	1	1	1	1	1	1	1
					1	1	1	1	1	1	1	1	1
					1	1	1	1	1	1	1	1	1
					1	1	1	1	1	1	1	1	1
					1	1	1	1	1	1	1	1	1
					1	1	1	1	1	1	1	1	1
					1	1	1	1	1	1	1	1	1
					1	1	1	1	1	1	1	1	1
					1	1	1	1	1	1	1	1	1
					1	1	1	1	1	1	1	1	1
					1	1	1	1	1	1	1	1	1
					1	1	1	1	1	1	1	1	1
					1	1	1	1	1	1	1	1	1
					1	1	1	1	1	1	1	1	1
					1	1	1	1	1	1	1	1	1
					1	1	1	1	1	1	1	1	1
					1	1	1	1	1	1	1	1	1
					1	1	1	1	1	1	1	1	1
					1	1	1	1	1	1	1	1	1
					1	1	1	1	1	1	1	1	1
					1	1	1	1	1	1	1	1	1
					1	1	1	1	1	1	1	1	1
					1	1	1	1	1	1	1	1	1
					1	1	1	1	1	1	1	1	1
					1	1	1	1	1	1	1	1	1
					1	1	1	1	1	1	1	1	1
					1	1	1	1	1	1	1	1	1
					1	1	1	1	1	1	1	1	1
					1	1	1	1	1	1	1	1	1
					1	1	1	1	1	1	1	1	1
					1	1	1	1	1	1	1	1	1
					1	1	1	1	1	1	1	1	1
					1	1	1	1	1	1	1	1	1
					1	1	1	1	1	1	1	1	1
					1	1	1	1	1	1	1	1	1
					1	1	1	1	1	1	1	1	1
					1	1	1	1	1	1	1	1	1
					1	1	1	1	1	1	1	1	1
					1	1	1	1	1	1	1	1	1
					1	1	1	1	1	1	1	1	1
					1	1	1	1	1	1	1	1	1
					1	1	1	1	1	1	1	1	1
					1	1	1	1	1	1	1	1	1
					1	1	1	1	1	1	1	1	1
					1	1	1	1	1	1	1	1	1
					1	1	1	1	1	1	1	1	1
					1	1	1	1	1	1	1	1	1
					1	1	1	1	1	1	1	1	1
					1	1	1	1	1	1	1	1	1
					1	1	1	1	1	1	1	1	1
					1	1	1	1	1	1	1	1	1
					1	1	1	1	1	1	1	1	1
					1	1	1	1	1	1	1	1	1
					1	1	1	1	1	1	1	1	1
					1	1	1	1	1	1	1	1	1
					1	1	1	1	1	1	1	1	1
					1	1	1	1	1	1	1	1	1
					1	1	1	1	1	1	1	1	1
					1	1	1	1	1	1	1	1	1
					1	1	1	1	1	1	1	1	1
					1	1	1	1	1	1	1	1	1
					1	1	1	1	1	1	1	1	1
					1	1	1	1	1	1	1	1	1
					1	1	1	1	1	1	1	1	1
					1	1	1	1	1	1	1	1	1
					1	1	1	1	1	1	1	1	1
					1	1	1	1	1	1	1	1	1
					1	1	1	1	1	1	1	1	1
					1	1	1	1	1	1	1	1	1
					1	1	1	1	1	1	1	1	1
					1	1	1	1	1	1	1	1	1
					1	1	1	1	1	1	1	1	1
					1	1	1	1	1	1	1	1	1
					1	1	1	1	1	1	1	1	1
					1	1	1	1	1	1	1	1	1
					1	1	1	1	1	1	1	1	1
					1	1	1	1	1	1	1	1	1
					1	1	1	1	1	1	1	1	1
					1	1	1	1	1	1	1	1	1
					1	1	1	1	1	1	1	1	1
					1	1	1	1	1	1	1	1	1
					1	1	1	1	1	1	1	1	1
					1	1	1	1	1	1	1	1	1
					1	1	1	1	1	1	1	1	1
					1	1	1	1	1	1	1	1	1
					1	1	1	1	1	1	1	1	1
					1	1	1	1	1	1	1	1	1
					1	1	1	1	1	1	1	1	1
					1	1	1	1	1	1	1	1	1
					1	1	1	1	1	1	1	1	1
					1	1	1	1	1	1	1	1	1
					1	1	1	1	1	1	1	1	1
					1	1	1	1	1	1	1	1	1
					1	1	1	1	1	1	1	1	1
					1	1	1	1	1	1	1	1	1
					1	1	1	1	1	1	1	1	1
					1	1	1	1	1	1	1	1	1
					1	1	1	1	1	1	1	1	1
					1	1	1	1	1	1	1	1	1
					1	1	1	1	1	1	1	1	1
					1	1	1	1	1	1	1	1	1
					1	1	1	1	1	1	1	1	1
					1	1	1	1	1	1	1	1	1
					1	1	1	1	1	1	1	1	1
					1	1	1	1	1	1	1	1	1
					1	1	1	1	1	1	1	1	1
					1	1	1	1	1	1	1	1	1
					1	1	1	1	1	1	1	1	1
					1	1	1	1	1	1	1	1	1
					1	1	1	1	1	1	1	1	1
					1	1	1	1	1	1	1	1	1
					1	1	1	1	1	1	1	1	1
					1	1	1	1	1	1	1	1	1
					1	1	1	1	1	1	1	1	1
					1	1	1	1	1	1	1	1	1
					1	1	1	1	1	1	1	1	1
					1	1	1	1	1	1	1	1	1
					1	1	1	1	1	1	1	1	1
					1	1	1	1	1	1	1	1	1
					1	1	1	1	1	1	1	1	1
					1	1	1	1	1	1	1	1	1
					1	1	1	1	1	1	1	1	1
					1	1	1	1	1	1	1	1	1
					1	1	1	1	1	1	1	1	1
					1	1	1	1	1	1	1	1	1
					1	1	1	1	1	1	1	1	1
					1	1	1	1	1	1	1	1	1
					1	1	1	1	1	1	1	1	1
					1	1	1	1	1	1	1	1	1
					1	1	1	1	1	1	1	1	1
					1	1	1	1	1	1	1	1	1
					1	1	1	1	1	1	1	1	1
					1	1	1	1	1	1	1	1	1
					1	1	1	1	1	1	1	1	1
					1	1	1	1	1	1	1	1	1
					1	1	1	1	1	1	1	1	1
					1	1	1	1	1	1	1	1	1
					1	1	1	1	1	1	1	1	1
					1	1	1	1	1	1	1	1	1
					1	1	1	1	1	1	1	1	1
					1	1	1	1	1	1	1	1	1
					1	1	1	1	1	1	1	1	1
					1	1	1	1	1	1	1	1	1
					1	1	1	1	1	1	1	1	1
					1	1	1	1	1	1	1	1	1
					1	1	1	1	1	1	1	1	1
					1	1	1	1	1	1	1	1	1
					1	1	1	1	1	1	1	1	1
					1	1	1	1	1	1	1	1	1
					1	1	1	1	1	1	1	1	1
					1	1	1	1	1	1	1	1	1
					1	1	1	1	1	1	1	1	1
					1	1	1	1	1	1	1	1	1
					1	1	1	1	1	1	1	1	1
					1	1	1	1	1	1	1	1	1
					1	1	1	1	1	1	1	1	1
					1	1	1	1	1	1	1	1	1
					1	1	1	1	1	1	1	1	1
					1	1	1	1	1	1	1	1	1
					1	1	1	1	1	1	1	1	1
					1	1	1	1	1	1	1	1	1
					1	1	1	1	1	1	1	1	1
					1	1	1	1	1	1	1	1	1
					1	1	1	1	1	1	1	1	1
					1	1	1	1	1	1	1	1	1
					1	1	1	1	1	1	1	1	1
					1	1	1	1	1	1	1	1	1
					1	1	1	1	1	1	1	1	1
					1	1	1	1	1	1	1	1	1
					1	1	1	1	1	1	1	1	1
					1	1	1	1	1	1	1	1	1
					1	1	1	1	1	1	1	1	1
					1	1	1	1	1	1	1	1	1
					1	1	1	1	1	1	1	1	1
					1	1	1	1	1	1	1	1	1
					1	1	1	1	1	1	1	1	1
					1	1	1	1	1	1	1	1	1
					1	1	1	1	1	1	1	1	1
					1	1	1	1	1	1	1	1	1
					1	1	1	1	1	1	1	1	1
					1	1	1	1	1	1	1	1	1
					1	1	1	1	1	1	1	1	1
					1	1	1	1	1	1	1	1	1
					1	1	1	1	1	1	1	1	1
					1	1	1	1	1	1	1	1	1
					1	1	1	1	1	1	1	1	1
					1	1	1	1	1	1	1	1	1
					1	1	1	1	1	1	1	1	1
					1	1	1	1	1	1	1	1	1
					1	1	1	1	1	1	1	1	1
					1	1	1	1	1	1	1	1	1
					1	1	1	1	1	1	1	1	1
					1	1	1	1	1	1	1	1	1
					1	1	1	1	1	1	1	1	1
					1	1	1	1	1	1	1	1	1
					1	1	1	1	1	1	1	1	1
					1	1	1	1	1	1	1	1	1
					1	1	1	1	1	1	1	1	1
					1	1	1	1	1	1	1	1	1
					1	1	1	1	1	1	1	1	1
					1	1	1	1	1	1	1	1	1
					1	1	1	1	1	1	1	1	1
					1	1	1	1	1	1	1	1	1
					1	1	1	1	1	1	1	1	1
					1	1	1	1	1	1	1	1	1
					1	1	1	1	1	1	1	1	1
					1	1	1	1	1	1	1	1	1
					1	1	1	1	1	1	1	1	
				</DataArray>
			</CellData>
		</Piece>
	</UnstructuredGrid>
</VTKFile>
