<?xml version="0.9"?>

<!--
CSMP_Simulation
-->

<VTKFile type="UnstructuredGrid" version="0.9" byte_order="LittleEndian">
	<UnstructuredGrid>
		<Piece NumberOfPoints="9144" NumberOfCells="4539">
			<Points>
				<DataArray type="Float32" Name="Position" NumberOfComponents="3" format="ascii">
					744.095474	746.101074	0	742.740328	747.516242	0	740.754091	748.019499	0	739.001076	747.491746	0
					671.257638	615.894783	0	670.543352	617.131962	0	675.241725	621.494141	0	880.922759	740.244141	0
					501.160536	744.864721	0	626.160536	519.864721	0	780.2250994999999	677.157603	0	688.660536	519.864721	0
					829.5025005	710.556641	0	831.6453577499999	706.845103	0	857.355486875	721.688853	0	855.21262975	725.400391	0
					726.6619834999999	651.181641	0	728.80484125	647.470103	0	619.2769376196923	781.3762163006559	0	769.4854883486405	716.3992889007607	0
					1001.160536	857.364721	0	873.160536	969.864721	0	1001.160536	632.364721	0	614.4945728798039	583.9473812509207	0
					688.9066120051897	569.5012532442433	0	805.9352286249999	692.001353	0	803.79237125	695.712891	0	790.937306625	688.291016	0
					793.0801640625	684.579478	0	724.5583412952719	697.3939751588347	0	700.95185425	636.337891	0	703.094712125	632.626353	0
					715.9497766874999	640.048228	0	713.806918875	643.759766	0	752.3721127499999	666.025391	0	754.514970375	662.313853	0
					767.3700349374999	669.735728	0	765.2271773749999	673.447266	0	609.0608491381673	688.0642618107233	0	678.4196133047062	763.3888314695462	0
					756.4183067145586	729.1901628847339	0	943.3787572724916	773.8287873390658	0	769.634249713602	857.8314584734354	0	939.0358757645275	680.9600462323098	0
					642.7009258972987	600.2323352239945	0	876.160536	519.864721	0	732.1531781970099	719.2469654373916	0	641.0139570613272	653.6485215276538	0
					707.9949554342247	754.3939212083221	0	769.2587335554399	751.492095039824	0	755.6079187716282	740.8094053288365	0	915.3893833773296	757.6691063858018	0
					856.9313196555476	828.9950664301347	0	656.8074951794393	608.3767710301815	0	727.6639030152096	732.6813472472537	0	722.7906388698296	749.8940292316231	0
					750.8647319333571	783.7525868685054	0	754.7733690177525	757.6825027042227	0	901.3912773357052	749.587291893277	0	870.4752412296699	785.038118697782	0
					733.7655835603039	768.0575962913141	0	755.5015888479932	586.386229896262	0	744.2479697715884	729.1360459578475	0	912.1809801396282	709.8846473541909	0
					663.8675710839857	612.4529098731093	0	728.8514968064997	741.5035851263206	0	731.6690196971266	753.9101318100097	0	744.3061351770872	757.8673482222788	0
					894.3853802760132	745.542433237271	0	845.7951793944172	608.1181432572112	0	657.410536	252.6263768114018	0	681.5833183848099	593.2691004070643	0
					657.0278613800197	636.400422429582	0	748.9822669180256	736.4689664278933	0	751.5021677148735	747.0459709070027	0	737.0280696594361	733.2737256056108	0
					842.3575651250001	717.978516	0	844.5004223124999	714.266978	0	850.92795459375	717.9779155	0	848.7850974375001	721.6894535	0
					875.4878833955049	668.0169960891528	0	819.5999913665327	764.8176651544176	0	868.2145048061525	695.4586072809967	0	870.2105514375	729.110728	0
					868.067694375	732.822266	0	861.6401620624999	729.1113285	0	863.78301915625	725.3997905	0	849.548455927865	757.4766529691375	0
					816.6474358749999	703.134766	0	818.7902931874999	699.423228	0	825.2178254687499	703.1341655	0	823.0749681875	706.8457035	0
					839.795575411652	670.4628870094023	0	802.699887873544	734.7145028826806	0	690.2396475625001	625.204478	0	688.0967896249999	628.916016	0
					681.6692573124999	625.2050785	0	683.81211528125	621.4935405	0	739.517048125	658.603516	0	741.6599058125	654.891978	0
					724.378329272453	592.7707150927279	0	693.3455310887052	552.5579686929723	0	697.2353259599561	552.7900219083476	0	692.305556280606	557.3180806920545	0
					744.0151076585707	602.9847896289225	0	741.3145373473626	595.247396158897	0	746.9095484871866	597.800010728495	0	725.4285443629005	539.5220330093506	0
					719.3235235415796	540.5628803715304	0	718.203056821321	534.471969373255	0	710.2528076792934	540.420530078379	0	703.3038716578615	539.6921744659645	0
					705.1490999785681	534.78446112302	0	755.9313881544797	441.181611492043	0	751.9840910250994	452.3114565132568	0	739.4828331293803	439.1845834015771	0
					708.191786	509.8545814553094	0	716.004286	509.8545814553094	0	712.098036	519.864721	0	706.6578967720475	352.0968638717263	0
					719.0095715762741	359.9651183547306	0	995.7281751565072	438.708214558592	0	1004.416441397811	421.1011391253619	0	1017.312887797627	438.4120945330203	0
					661.7897857993736	512.8265473936591	0	653.504286	512.5731512751252	0	657.8835357993736	505.5349776687841	0	696.4316995784277	468.3204753025943	0
					703.6859938429827	471.9064859849298	0	697.0312417354451	476.2381521389021	0	1335.148969876179	669.2548521335617	0	1334.099800414406	708.2765503525086	0
					1299.759801856961	689.7142717336328	0	1158.795819688612	785.4743999649106	0	1138.729096089368	795.2320746549066	0	731.1696848972001	541.8445204313924	0
					730.0492181769414	535.753609433117	0	715.8958537429562	582.7195260260887	0	717.9477510921768	586.0874316819115	0	711.6350163072557	587.6244545921081	0
					786.1166573906251	685.507812875	0	784.4755588291763	686.4948102138306	0	772.0300884603452	689.5171858817245	0	774.6566102518311	694.2243842857331	0
					733.423688248193	673.1282484267472	0	733.5152163856726	678.2190213686973	0	728.733210991196	675.1090991652015	0	711.7794049695367	699.9537955043018	0
					709.2449277710255	705.5283172886807	0	705.1189343005808	696.0807952061726	0	686.2595929049412	750.2895080253359	0	668.7582118587277	677.3530035677813	0
					664.2088406630221	681.5111210711718	0	661.3960043912957	673.8658354314405	0	672.7959078030351	738.1112054771945	0	648.8482754621992	772.382523885101	0
					629.1284207536537	762.7575429139117	0	658.6997585961608	753.7638504983568	0	501.160536	815.177221	0	251.2796847451154	775.4000793754203	0
					282.8947756357659	765.5120812183977	0	268.4359669957338	795.3152577653416	0	317.728367967611	977.241963916729	0	259.45172301794	978.4320792815613	0
					311.4204061074411	936.9416374225291	0	194.0270999325517	568.8247998267343	0	175.027158120293	590.0797082909443	0	729.9725205621926	794.4890975033054	0
					741.2602540760896	878.0461515285915	0	747.605845907754	892.9507898322055	0	734.8255874430112	892.9125513609918	0	696.1044985335031	936.4756010948378	0
					706.2946190703011	953.0182050914791	0	678.470415463202	953.3221170033587	0	662.024183992464	832.2041907055232	0	659.468527846758	811.2341637076313	0
					761.0861980113575	738.4162223444999	0	759.2430170293489	741.2066098770554	0	753.6441218158816	755.1191533661987	0	731.0217273536833	630.2019049843567	0
					734.9083185764389	629.7673925600131	0	733.3152586557503	633.1174083552617	0	744.8325609498147	641.9749031395172	0	715.0287959309145	624.0042318231381	0
					714.1593744267675	626.8960129332038	0	712.6364245108362	624.9073962615913	0	720.9036788554758	625.3147601187291	0	723.080941729418	621.7909686222312	0
					723.353922589387	624.3941706469091	0	741.1245264111745	676.1947161829989	0	743.2275830253926	674.1702098488829	0	744.5534741324673	672.1315502021524	0
					743.4733085695387	670.3281712730181	0	745.6149758309001	670.2705635131599	0	734.6691582749551	659.578432521778	0	734.6959660956645	657.676531255998	0
					736.2764741480405	658.6499485157799	0	718.5557632805594	661.1133478358055	0	721.1893127815317	662.0103288556177	0	786.8319400930884	598.9448712402695	0
					777.0752845500336	588.724389666277	0	777.5548761099269	567.1667419799005	0	784.8081227277164	558.6284180458833	0	825.9678478800286	691.7588312622402	0
					824.0092133618191	693.2043995606844	0	823.8801850323252	690.7735008438356	0	835.8950069624066	695.6110458383974	0	835.8770328100782	699.5156268090336	0
					831.7577326863477	695.3551400970705	0	811.826786640625	700.351562875	0	812.3963199391827	703.0760397786826	0	813.5510864617092	706.6423317593465	0
					814.0032030173077	704.0037741536826	0	813.1898665995327	709.332381204217	0	810.9977502974391	707.5628317522358	0	875.3602653835195	768.2596919077096	0
					874.7896789591712	765.0882393182419	0	862.9451638501722	751.4791451621522	0	736.7204918417312	646.7480752389671	0	737.6584818395977	640.8458405014178	0
					736.0959292118744	636.4128546949551	0	729.5889221832945	635.9822557104885	0	727.4725635535118	635.0030813751071	0	736.5861501094969	626.4490249931259	0
					741.522291467968	622.8141570502976	0	737.7762379486783	615.4171802317353	0	743.3280790761582	618.0161832266992	0	758.5564253061813	638.2204031250551	0
					756.4237336262433	645.4632592223329	0	729.0729863688506	623.8611341697597	0	730.7508179019086	620.5427666028725	0	734.29261880743	623.5335216222209	0
					752.555853823194	595.9618170473912	0	764.0772259706325	594.2652419614208	0	783.6220859583036	651.4904255245663	0	779.5844834781462	651.1585230496983	0
					794.2413751753504	661.2213391146258	0	794.9500884798487	655.9593291179459	0	773.3281886295622	654.5152611870747	0	770.8497605376442	653.4131886267803	0
					785.8552046280572	639.5387913261727	0	785.2666073173344	633.8720277543848	0	812.2017581317724	620.4585081010769	0	808.1814865995278	613.8303198294439	0
					815.7566999722872	613.5695421795654	0	817.3825093570613	627.3892819979676	0	825.0461156647909	625.6463984025343	0	822.6516535173205	632.8379499493035	0
					782.0948524638661	755.363938901093	0	780.6017256762998	752.8271691152544	0	800.9491559789708	757.5746655475186	0	801.4159736851022	763.4135044485743	0
					798.2203669433457	762.5675885795938	0	856.2669613476337	767.2509587546828	0	850.8591556384888	764.6284982876584	0	854.9562616370099	760.0991134361618	0
					803.5363822733375	787.4865709149306	0	807.6320903339497	785.5290507574681	0	876.9098856514129	817.4476199473843	0	871.3844776682927	815.9015794809541	0
					876.1644898735588	809.4649236736955	0	802.2726908652996	813.3335664810509	0	798.4796325318456	809.310872730186	0	804.704211515121	807.2412364532885	0
					833.7382328915498	985.1693202845264	0	818.4882328915498	985.1693202845264	0	827.410536	969.864721	0	804.3181381089415	868.7911273920668	0
					822.0512703982079	859.0382524944317	0	819.3276280275365	872.9155091559285	0	884.6117544604601	741.1296476423445	0	884.4216252965643	741.3222042678944	0
					884.3728383056023	741.0560333030622	0	883.652912625	737.0778754999999	0	883.2610755228928	738.0888274921022	0	882.6737788978928	737.5435549921023	0
					883.9742037891815	739.8781524260695	0	884.2049883144516	739.1866097779574	0	883.6176916894516	738.6413372779574	0	878.4958717264664	735.1702889012467	0
					879.7178563094899	735.8369522581395	0	881.2811069190809	730.4737932506629	0	880.5872304607594	731.7026749420349	0	881.6023503978929	739.3993239921023	0
					880.2533108798023	738.6204556331395	0	880.9329022776951	737.7756386252418	0	879.7343295896533	740.7455875437604	0	879.7877332986795	741.5958371885023	0
					882.2621744648438	736.0687358125	0	881.8703373627367	737.0796878046023	0	875.575691887135	730.1668116346912	0	877.1825749574475	731.0945460096912	0
					875.0312006484376	731.893931125	0	888.2009659246025	729.2146858656383	0	888.9657065869025	727.3121562770126	0	674.8586411376625	617.6405287769089	0
					674.3731859393554	617.8589165163569	0	672.6815698586488	618.2113654731836	0	673.0479897777886	618.5515660652724	0	672.3754515956994	618.8329649604437	0
					676.4872237334565	602.8475776743985	0	676.9132154659039	603.6688523160597	0	675.7768274557238	603.2373719027956	0	683.6665422750332	609.5187567419634	0
					681.9424671977758	609.9017227535692	0	683.1591045306836	608.6215307998998	0	704.0721768030326	836.7451359886678	0	720.1060198532489	826.8637565078907	0
					645.7913555971138	790.2025681220267	0	632.9753155917642	892.5322753251764	0	620.3576767457356	905.1079001330554	0	608.2781748460286	892.014513129979	0
					665.9096172094257	866.4654810951643	0	662.8835869325105	889.9871796259754	0	648.0808477683864	882.1039637974418	0	868.8676747174602	776.1687120986305	0
					865.146802645825	774.9067896302309	0	868.0864247359575	772.355690674401	0	860.0400849456189	758.0932463485456	0	863.2758392845199	754.7681486947638	0
					856.2513862928802	780.111328633609	0	860.3217354225243	781.2639006457791	0	858.0338683419041	785.1146188408136	0	839.3054522274523	798.0554939848411	0
					844.4880556607268	800.7793429854669	0	837.1090663394302	803.2624333169513	0	712.4420069086678	653.5457379129966	0	711.4324134360509	651.5834675914004	0
					708.9853352376103	650.2555250991768	0	705.1769935726029	645.7189538260205	0	706.289794409279	643.7915262325586	0	702.9494143110373	644.010828021811	0
					817.5578203547989	727.5254850694429	0	813.9602190110904	729.406789037057	0	794.9962244285587	727.2832328091281	0	794.4238912035742	723.5964831568374	0
					797.9364306019668	724.8541616904172	0	1116.353854846167	587.4347865959303	0	1095.889819256955	575.0223199368318	0	1113.253371992841	563.7022543409016	0
					1327.23794133131	453.1821378352173	0	1292.794638133821	430.2749229132557	0	1316.533827391208	413.2258670458602	0	1047.87295858402	616.036923714894	0
					1048.491400721337	634.7103551062082	0	1031.004933933839	627.7537896086858	0	1063.722820756915	641.7416051062082	0	1046.854796106734	653.458471	0
					738.4785427411593	265.0895767848347	0	735.5800415483438	248.6427326828685	0	751.4335933844623	253.8929597502095	0	916.1227104251678	295.9476162409336	0
					872.6419009452316	279.1220605678367	0	917.4027682330807	269.3678333979076	0	706.2996281066594	677.1125199296907	0	705.3550799257647	681.0824201324327	0
					702.3351088641564	678.0794046495956	0	709.5703112650601	713.2261173915113	0	702.9098405961045	709.3531170933821	0	677.201563131935	706.5892720213957	0
					695.2330740263225	708.6979408770806	0	657.0193599707281	687.1745211325683	0	648.4937982608076	699.1715802069792	0	673.8198646431373	600.2774851364662	0
					672.9786169395131	600.9035120294436	0	673.0408532213264	599.6137444798167	0	674.797052566402	596.7712329753799	0	674.9088310925042	597.9054296630882	0
					673.7703223988483	597.8535208991311	0	902.8198837848515	618.0810444197175	0	908.4466482384921	608.2997998279965	0	915.1217353404127	618.0529444494255	0
					899.598036	500.8661117186812	0	907.410536	486.5478893867662	0	915.223036	505.5464986680851	0	740.2432509378489	745.057898099258	0
					741.1520116851025	745.2899322870499	0	686.2624139200753	609.3416561491049	0	686.2418655909757	610.8413133030457	0	684.8626312788413	609.7382219422349	0
					683.731264593873	611.7327290324453	0	684.1477960275495	612.3192601590285	0	683.0369776716807	612.814110095298	0	676.1923235941626	601.9120646512041	0
					677.3287116043427	602.3435450644681	0	681.1734537095879	590.1542132702225	0	682.3203958893655	591.4681458421496	0	760.9745366040627	673.3911808705914	0
					751.1832760562809	675.5063915939829	0	762.5200968857724	676.2805982030904	0	762.5814196821877	674.3189152455914	0	761.3297522618221	678.3423355763152	0
					757.0984734291843	680.1047192424506	0	837.5369158906251	715.195312875	0	838.1042970955484	717.9235173142108	0	839.2107332986943	721.7824201972214	0
					839.7111801736735	718.8512516892108	0	841.8571182500209	720.9096845080105	0	836.359379242045	722.6071890579253	0	746.7911844816977	867.5590058596729	0
					734.0109260169547	867.520767388459	0	664.2619819556246	849.775619602906	0	679.0647211197486	857.6588354314397	0	788.3380150966074	856.3726646020027	0
					773.2417466597009	847.4971964260367	0	791.9455120427062	846.0384025546041	0	852.1297198983684	923.6741540921594	0	838.7922151738081	919.4335580853746	0
					850.1113011365094	906.9276464080613	0	727.352798868777	608.595952858076	0	733.3450998096678	612.8391118674679	0	729.9781493995971	615.9719950459418	0
					712.9413047471935	578.47504153278	0	719.2540395321143	576.9380186225834	0	768.4996474273943	580.8453776011183	0	792.5985668346295	608.3661799894619	0
					802.8187809259591	608.2323871024576	0	794.4063306676835	620.8530786379597	0	757.2733022479988	578.066682834395	0	750.7700632264184	581.4434545621854	0
					752.5417766264241	573.1239075003184	0	747.7272857993736	512.3197551565911	0	743.348036	519.864721	0	874.9129181325343	562.8034385630733	0
					856.8742240599236	550.7861975937683	0	875.7522459869926	551.2325291260245	0	766.3285309305315	564.3880472131773	0	770.2713608274	572.5258305392513	0
					846.9673896638586	556.8231710653517	0	847.6748799907731	567.4223964893754	0	838.6073734491666	561.88846052391	0	812.4649341358202	590.1405167684704	0
					817.827639809389	595.7384494954567	0	806.3737227664737	601.3434211809459	0	744.7175203892427	569.7870158297204	0	737.0529201853133	573.0422871826531	0
					735.7319029697123	566.3286237842647	0	776.9858413838252	528.931247874466	0	769.1733413838252	528.931247874466	0	774.598036	519.864721	0
					775.0888033237889	712.7839469313649	0	773.5287063312203	715.605833716245	0	771.0455853412091	713.5774021158804	0	805.5181437030774	746.5897502104503	0
					801.1583909830883	747.7193836444967	0	797.9008132734375	687.362681125	0	797.3340895017059	684.6333380003859	0	793.2140174033239	682.4921684687763	0
					835.5071358371961	686.997664029196	0	837.8122207903425	682.5496176062184	0	839.9226935343893	684.630939743407	0	859.0072488364412	694.6704660984387	0
					855.7850087354403	694.6291820381186	0	885.0659906962387	744.3429933306511	0	884.5272444683496	744.7096186281705	0	884.4455516832256	744.143701991208	0
					882.8958015723381	742.55378647848	0	883.1515359150108	742.7635862198039	0	625.8678998176838	712.282531727991	0	639.3877068316822	723.0784703054102	0
					625.4600968736169	733.3429309497483	0	516.1608274285499	670.7384739746389	0	501.160536	660.489721	0	516.1608274285499	642.6134739746389	0
					626.160536	485.2613024608689	0	637.879286	489.8343023659282	0	622.254286	495.2714420055595	0	579.7218646437946	391.8189523955699	0
					568.8499640154658	379.3649702023181	0	583.1159581505854	375.6393348163671	0	573.5637913865911	315.6188008299758	0	556.6396643947145	316.7382092543176	0
					563.8665239941608	301.7032643768827	0	446.4112964704273	342.6098169217647	0	388.6959772456619	345.6924391693757	0	396.3308293793513	306.7448103057347	0
					636.9668973685104	401.8309098638956	0	642.2461569893144	389.0087505213485	0	653.0537478472381	400.9564459208922	0	478.3822453287841	501.5900337938641	0
					453.0028520047582	518.0218711486415	0	460.0269814215762	490.8965146219433	0	593.0850566482659	63.01896042427666	0	602.0494750384137	81.07482786587587	0
					581.9585575627791	79.42250189033012	0	724.8383022147814	151.104300526909	0	747.2601768756298	156.361854364666	0	734.7963712919291	168.8394724307476	0
					250.605789893367	437.622845803052	0	204.1713541354124	390.52032497555	0	266.5689180503613	375.4469591693068	0	405.4099469867012	431.0870215285718	0
					438.5342669105772	423.2781530098327	0	405.1677695605405	472.8077287529987	0	291.7312590117191	226.685256680378	0	258.8031872791454	196.411574564759	0
					919.3623212778803	1018.724980034247	0	917.160536	998.6181905142207	0	931.3623212778803	1012.19565664584	0	850.893946057396	873.1846244307137	0
					849.0582718973913	858.7090486265167	0	862.8914576379843	868.7310387989371	0	938.2918606556361	955.0727348509176	0	942.2918606556361	962.3043885346538	0
					933.160536	962.6330673162639	0	864.0879688295294	897.1874285089903	0	872.7998882102156	886.2341574233806	0	872.1607252417559	900.2149713292366	0
					1045.720241467877	1064.932329677355	0	1023.054246653848	1062.5601059151	0	1037.158520442086	1037.267376683307	0	1190.266171356452	1116.787029476669	0
					1204.492717140431	1071.183512081623	0	1252.09337882166	1110.286678635218	0	991.8265308140285	1032.522929158797	0	977.160536	1015.079209297406	0
					999.8265308140285	1017.451433059661	0	1423.863684012746	1234.289207342278	0	1381.693132898151	1213.616984077899	0	1457.829448885405	1198.077776735621	0
					948.1446579775525	843.2754049014504	0	939.9342134131425	850.2695170522039	0	937.0905852409428	838.6151494821695	0	919.6110635555425	928.8829188883631	0
					921.0046809764938	939.3226070321414	0	909.0824469520594	929.1612899935149	0	882.8455914663837	1063.898838265313	0	905.8309804142709	1085.188954177925	0
					883.5160358806546	1095.222114673529	0	796.910536	985.1302386955842	0	803.2382328915498	1000.434837980111	0	993.160536	984.9362170991355	0
					985.160536	969.864721	0	1312.056219309966	955.9313505495722	0	1314.29556390113	899.2243773275172	0	1352.110882751685	941.5410068770893	0
					896.1386773379757	762.7934103200448	0	894.1353744749892	762.0217416709816	0	896.1333431700639	761.236365354622	0	869.7654749943158	765.0426066742993	0
					868.3406012649525	769.1320862669683	0	865.7904263936855	767.0042886133326	0	535.5888268135157	211.3925023062433	0	548.6107179358249	233.8514671122715	0
					524.7751621275314	244.1393739873076	0	696.0201833147655	80.27853804891745	0	672.8535779289969	71.66582368387904	0	686.27105700651	57.56675718392702	0
					862.6501421843504	732.9283978836127	0	850.1954536463601	730.5575631302768	0	847.8141590705684	730.5302937642571	0	789.3046473843174	705.9626148296562	0
					791.8846270630645	703.0768510977498	0	792.7421762638545	709.0134073401903	0	790.6765333720205	698.0200323154118	0	676.3162099427165	614.8749805705663	0
					676.0703774954119	614.4063739412051	0	676.588082217596	614.5159530717792	0	677.3792527040666	615.1850383669621	0	676.9628927987607	615.4977754513033	0
					677.2502745702066	614.6718226167993	0	678.884305041719	612.5862182195692	0	678.6072295305939	613.2485456219754	0	681.2790769709217	615.8119843244997	0
					682.3683559981632	616.5419574809598	0	681.4230863107146	617.1153073536805	0	795.7272064313934	683.7056036253859	0	868.2516036954605	741.2491966866114	0
					890.9520032330479	735.1616822459275	0	889.9591128371769	740.3223826235203	0	889.4433507450734	739.7375613681394	0	892.5742375537317	734.3045682077868	0
					891.9718412359093	739.2560036407592	0	893.9036653051226	733.0478013147101	0	895.1320772312426	730.4964170913913	0	897.0957229146707	736.4848303606501	0
					895.2739092446659	736.2673823959176	0	892.1445969627183	732.5262965378063	0	898.599737419443	728.8701234934462	0	900.1083197631283	729.9948154402964	0
					898.2987120920616	730.8479964849032	0	899.5591856973516	726.2059132319891	0	901.5498983844618	724.1663426029299	0	902.4000577776198	725.97737181978	0
					909.0064621603202	741.6890232238484	0	908.2764532744122	739.4054848892554	0	910.4539586624442	739.7779465180619	0	769.5407993281115	702.4861607158109	0
					750.5465141839092	703.9676283565217	0	744.082074782867	700.8173273356364	0	743.9539523519027	706.8401710947778	0	742.7840709183779	681.2299371493807	0
					741.4416485747943	679.0965960138714	0	739.7692441460241	709.9072704463747	0	721.8470681382032	687.3438826106744	0	725.1963192323552	692.0695732908821	0
					721.2090902011199	692.6682844786269	0	698.3829448823759	643.1782195074159	0	701.0496946817227	643.5903014332673	0	692.9539702226177	637.2261757706328	0
					711.665670578261	606.4632757096279	0	715.3470693864697	606.6521730549101	0	722.7890510414445	608.0271665692483	0	726.1560014515152	604.8942833907745	0
					1463.02417027003	743.5801295301371	0	1463.02417027003	696.7051295301371	0	107.5043519571681	938.2893195433321	0	84.78084465633005	907.943942983592	0
					120.3458439214095	901.4458685378847	0	883.588808450805	725.9260600108453	0	884.4690512964644	727.3567093076759	0	882.8347379315039	727.7447875252665	0
					878.1664903231218	716.6762069114354	0	880.0338972322841	719.124863793053	0	882.3209511773593	724.2220642235216	0	883.9552645423198	723.8339860059311	0
					891.951210888887	716.1846036852724	0	892.8275947288557	713.6311819744016	0	893.8829900812611	715.4567967259406	0	1171.454583119588	631.1565971391117	0
					1135.455115498854	613.8867641582095	0	1169.716875202786	593.3845539809022	0	1145.378236017159	748.1007466626594	0	1130.578691670742	742.5444477163636	0
					1143.430641453375	732.4129856287425	0	521.6454679451488	788.2648482437454	0	537.9973288814886	795.2960982437454	0	517.5123969363398	808.145971	0
					518.8145572856729	722.0619862542317	0	512.9095682294355	709.708471	0	517.5123969363398	822.208471	0	607.6544609513542	738.0175281601182	0
					588.7252033616405	746.2985838970596	0	593.0110322699049	730.8280481092706	0	485.1299852571857	871.427221	0	482.0016990961312	850.333471	0
					347.7988868427563	849.7950647985263	0	336.6972761088068	812.8704848559412	0	363.4089654826482	828.1041297121133	0	622.4125899022242	817.2762341459322	0
					627.3352544267575	834.8250517040423	0	603.1165622100013	828.6618783781096	0	571.7424079752817	984.7795369350574	0	580.410536	969.864721	0
					572.785536	953.5460752344645	0	588.035536	953.5460752344645	0	592.1721416402452	855.4062917254595	0	571.4365181456575	846.9208042573498	0
					587.3036032399469	837.7252084681097	0	732.0048522304273	1045.153092125918	0	708.7441426224373	1055.737530248168	0	710.3706517947419	1028.460530746715	0
					603.285536	1012.947612242176	0	625.0313082128748	1024.582042675415	0	617.4063082128748	1038.943006422807	0	618.2644026293488	1119.272432617203	0
					609.7161744309481	1151.152854321013	0	587.1123078015994	1130.18025005185	0	557.1750251221848	1093.940883050638	0	525.6632283949452	1104.125030349986	0
					534.5290790081999	1080.062839643885	0	333.4768896216233	1037.753915811308	0	355.3712573704697	1104.597571629834	0	287.6540526269563	1085.576061594287	0
					343.5556387704405	911.8172763348642	0	345.9624013501833	876.455870133365	0	372.103813636855	900.3901158561977	0	503.4600440188694	1221.233073497171	0
					533.6954310032232	1184.865924187932	0	473.4827942733162	1099.252235783553	0	485.0972987317643	1070.643080348021	0	616.4403815964552	1310.385684051378	0
					194.2676177152323	1133.786655532069	0	207.3588750163888	1184.546439140332	0	168.7421133831106	1179.572955647645	0	282.8316427805829	1323.919496052419	0
					246.6551514605892	1267.291076171804	0	522.0891582353847	922.069544145518	0	523.6580500269841	899.552221	0	544.5866722623689	908.007044145518	0
					582.3809387154137	820.1763909099998	0	649.598036	519.864721	0	210.9375	1458.364773514954	0	164.1334428149711	1459.431998526865	0
					187.5709428149711	1417.796772041819	0	284.3405155183465	1182.9148046898	0	325.2183713665065	1191.039086843188	0	881.9339047397548	773.6991070350224	0
					878.8919397139903	772.5343294067272	0	881.4468459272206	770.5137571157791	0	887.2151219537031	774.1888142211549	0	885.3491003983504	774.1328876833514	0
					886.3548325083377	771.7344612818775	0	894.9149689878368	786.0404948575033	0	892.7749715519761	783.7701761208186	0	895.6940705775189	782.6689054589433	0
					873.3430015958356	798.2010935487052	0	874.7215213851503	803.9117069081417	0	869.2605621011239	802.2082698478289	0	893.7263692924098	774.0059051210337	0
					893.3641438484671	771.7761137132181	0	895.2755643070309	772.9801273448649	0	921.9825890735812	808.518230309809	0	925.9961592421781	803.6242333165221	0
					864.5305965508472	826.4396710923888	0	863.785200772993	818.4569748187	0	850.3239803805044	789.767225241	0	854.8399190920379	788.630586924642	0
					851.2003802602824	794.4357653369987	0	1325.118140271887	646.76633234272	0	1309.82168881513	627.469450787286	0	1334.130857768283	623.5432096153201	0
					1409.049485014233	772.8379014233362	0	1371.5208437911	773.0046617749679	0	1388.519699316927	737.327019411906	0	663.2713864797448	539.7714158304213	0
					667.3767568861099	543.6414594173852	0	661.9442756571298	545.1644338870456	0	663.8079857679875	554.115897158913	0	667.6866521615339	554.3416497841538	0
					625.6669113593174	448.2826935862298	0	643.6240104856446	437.4982466236004	0	639.4534368736728	450.5680516051044	0	681.4062417354451	481.6752917785335	0
					675.6770824136345	475.9603122198746	0	684.0477881490796	466.9371618979078	0	516.785536	502.1638588765642	0	493.283455372801	497.164699133583	0
					508.908455372801	479.4638370101471	0	522.3638247583229	433.477798084415	0	531.3443467916618	419.0198715374618	0	542.5268716505279	435.9839651162386	0
					612.0460599632767	451.407362253366	0	616.2166335752485	438.3375572718621	0	571.473036	499.309960023611	0	548.035536	502.1638588765642	0
					555.848036	481.6090979001751	0	610.535536	519.864721	0	602.723036	505.2815815502502	0	618.348036	505.2815815502502	0
					587.6937881869324	404.2224753916657	0	602.305855605433	401.0255941592067	0	596.0117850134513	417.1547525412534	0	774.4142577124297	663.2121721144556	0
					772.4795056925062	664.6486463685962	0	745.9250126003594	654.9264713364585	0	747.5318956706719	655.8542057114585	0	761.047344700495	655.3590569039217	0
					759.1936049268918	652.7909986267301	0	761.3016280358897	652.2020623761102	0	694.4973221088337	625.2518443563702	0	693.184847791057	621.9587103201704	0
					692.8904390385212	624.3241099813702	0	694.7797959015493	620.1872892534529	0	698.6630589103154	619.0276866699692	0	679.7125520243466	586.5469083709249	0
					678.3497218001369	585.162497230938	0	680.2337414844703	584.6754752379503	0	675.9296355913666	581.5575656850923	0	673.1466935523655	580.8362276797208	0
					676.0388033426002	578.6847313159502	0	665.3755905050637	572.2324521556686	0	663.6095074630575	569.0289490636862	0	667.2763142350398	569.0960179633628	0
					658.7970249023813	525.1965637745743	0	665.223036	519.864721	0	666.6095249023813	525.1965637745743	0	654.6547993797423	578.7590242818235	0
					656.1147138552747	582.8110181945381	0	651.8126423900726	582.6056257583591	0	602.723036	528.6332203246836	0	587.098036	499.309960023611	0
					620.964119558882	578.0324059045622	0	609.6442125390439	572.1467206668883	0	616.1137592181221	566.2317453205299	0	548.035536	519.864721	0
					532.410536	502.1638588765642	0	574.4796490890899	434.7211549616278	0	559.5334871335479	435.3083573594142	0	566.4535556394087	420.938836171499	0
					600.8079576353393	570.6009770245573	0	588.0537995361974	570.2647675112421	0	592.039694099142	560.0098505695407	0	550.4003397241286	536.5547806934762	0
					558.2128397241286	556.459240721589	0	693.4303499785681	526.9604132553028	0	696.473036	519.864721	0	701.2428499785681	526.9604132553028	0
					706.2443123941794	561.1382633058709	0	702.7355084594783	566.1200449622634	0	701.3646600422146	560.1828210199627	0	947.3671877853283	741.5345062476886	0
					944.9814458103174	736.8205038087958	0	984.0856619600115	774.7494469304265	0	991.6945277446622	771.2338219304265	0	993.5516702153493	776.505346	0
					1044.999469694783	597.4381768260571	0	1062.485936482281	604.3947423235797	0	1066.106163801542	521.1627903132122	0	1089.640814728905	527.1895440307543	0
					1069.254685476267	545.263033964261	0	923.035536	519.864721	0	1170.286207145003	482.1923046179998	0	1172.527302163955	519.5197768287513	0
					1137.097166485436	483.3694615951155	0	993.2001285259939	390.346255936156	0	1014.784841167113	390.0501359105842	0	1205.716342823521	470.231193702613	0
					1003.161900284486	288.1972127621482	0	1024.504375575626	324.7481445873351	0	982.2260530041565	322.7443208961914	0	586.9924079752817	1013.501464429841	0
					983.8771023110716	248.0704165120904	0	1026.155424882541	250.0742402032341	0	1017.132551576488	832.8256485552159	0	1009.177613473196	836.3412735552159	0
					1009.115474103292	825.724096	0	928.7063292377617	179.2698823159575	0	901.1479912553734	182.3948021103664	0	911.878118999869	156.8195899966842	0
					1034.318215041692	148.5152848602847	0	1011.161941668729	130.4473287167508	0	1050.122771243004	123.7588707619625	0	891.436084958325	824.7479599570713	0
					897.2062428797915	827.4585771611253	0	1001.160536	808.145971	0	995.2014106121615	811.661596	0	995.2014106121615	804.630346	0
					939.0466530044657	815.6009037064764	0	945.0186510516339	820.8391419988684	0	939.3290317581844	826.3827990390242	0	950.0890443543558	801.1502078989447	0
					943.5368546687075	803.270029223586	0	948.8896267251482	794.3629904562101	0	986.5677668933781	836.270971	0	1001.160536	843.302221	0
					1146.373646225309	895.9745232674836	0	1141.013023793257	911.3672159717006	0	1132.306109194189	886.8695224972428	0	1009.177613473196	850.4037735552159	0
					1227.108195556438	929.4204265920964	0	1244.026706032385	907.9594900329048	0	1257.322389983464	935.0756575591918	0	1076.341904798373	1008.795504932949	0
					1116.006057853956	997.543353521168	0	1099.488668311697	1028.38744903378	0	549.4365871302992	570.452254697376	0	548.8096124574718	583.8975272885311	0
					536.5131687754298	566.6901129781077	0	516.785536	519.864721	0	468.1251390594562	604.239721	0	481.6739957130046	611.270971	0
					302.2657722907353	462.9911052742325	0	239.8682083757865	478.0644710804758	0	474.0628226929031	646.427221	0	336.2583299120796	600.7997245172546	0
					355.2126369191506	606.8331769196548	0	617.7341193228846	590.4209368950812	0	609.2140089000254	590.6372788213041	0	580.9414416831338	648.0927627214359	0
					575.1761533262486	666.1939959907151	0	741.7993704013605	744.1681154413186	0	741.9913578208095	743.24535363915	0	665.3357687212995	611.9558544863818	0
					671.7425722512141	614.5933658477368	0	671.9106097214974	615.049084426748	0	671.5249150107151	614.8752653721542	0	665.2005958256708	609.1818943971921	0
					663.9955041005837	608.6874645762903	0	668.9991041793177	609.1259228543222	0	669.7348527646411	608.2743950686133	0	669.9447835133437	609.3799965480755	0
					662.8626112873194	608.2189546418597	0	663.0528034957458	609.4712140609117	0	664.8531001776132	603.7206656881938	0	664.397942809559	604.9560290444484	0
					850.9697540001616	694.8724977508521	0	848.9573508259077	697.369323937404	0	860.4261526346429	709.8531448653134	0	860.1816392702591	707.7029055112587	0
					862.9418246534583	709.1017167053822	0	406.479424281821	684.1254070649322	0	384.2412942780278	702.677221	0	367.5063437078302	670.0629070649322	0
					442.7009151390139	611.270971	0	454.5762824059078	639.395971	0	916.3222156218308	670.2103137871638	0	912.0793692944512	679.3403104196742	0
					905.1898262888881	672.9603237990407	0	904.6309508398343	655.4734026559497	0	900.8817862236217	664.352506438109	0	896.0800644471883	655.9955819275285	0
					852.5151563835379	620.9969968909503	0	844.7751965988544	632.4854584392798	0	838.0552196097337	619.6066048055407	0	877.1362949463196	599.5063151704869	0
					889.7285158883751	598.4025807308653	0	883.5525757408755	609.43163423791	0	1014.111546627979	555.020971	0	1023.440285274452	543.6130006233595	0
					1036.391295902431	550.6442506233595	0	987.1273817086228	639.395971	0	1001.160536	646.427221	0	987.1273817086228	653.458471	0
					962.818944571741	578.4208461137774	0	950.5191278402195	594.2842203272052	0	947.9977805957942	569.5447495330823	0	969.2172596167059	624.7937689539501	0
					983.2504139080831	617.7625189539501	0	914.5724874537076	597.3031343628296	0	902.2706358981463	597.3312343331215	0	1023.440285274452	529.5505006233595	0
					1001.160536	533.927221	0	847.8067175183171	545.2522616283029	0	849.2913920757894	442.5890798874184	0	880.9515424544927	433.734285103109	0
					875.7503856212967	452.7250786590342	0	922.0472194888173	585.8713463072323	0	928.2232318291631	596.8399118021073	0	1015.773513898261	592.5975396086858	0
					1015.773513898261	606.6600396086858	0	1001.160536	590.177221	0	778.0480265166763	682.7838727138305	0	779.689125078125	681.796875375	0
					692.3181658442807	648.1339952027565	0	687.5830061212488	651.267211562777	0	685.8915898890231	646.2162033072215	0	684.064726047797	643.2609633336862	0
					698.9711087977544	654.5927700575666	0	687.4734520679137	662.5977309134746	0	684.8492089577319	669.2977738211243	0	682.9353532346504	663.2724024644064	0
					1016.391956035578	639.395971	0	1013.64497885232	681.583471	0	1001.160536	674.552221	0	849.6998367995675	592.6652353695081	0
					852.8564879228093	600.7060047018979	0	842.6385282711755	600.0773739248214	0	818.3729789605685	652.3760787114086	0	810.2090982689015	652.408268738955	0
					854.3642458482663	797.8527235822384	0	861.7991806418127	794.8983917545165	0	860.447107518263	799.4519883161142	0	846.3856107602687	787.2822918730916	0
					839.397900895928	781.6417853564434	0	854.9717461901321	815.7006932869854	0	861.8256273075776	805.1626016755507	0	832.4259199549062	819.4254800089682	0
					838.9458873851394	816.3071524075885	0	838.5139622055644	823.521539627587	0	837.5747574535928	809.0986875532733	0	843.6627997042511	813.1947471718922	0
					826.510133331458	798.3154995984049	0	827.4087746191065	803.8357698697707	0	821.9924450444087	801.6126851518502	0	746.915516899126	757.4005834775986	0
					750.3905476917915	760.2508508484076	0	745.631455299746	767.8865253824406	0	760.170413464934	774.6580612083719	0	764.600946677486	776.9987423295747	0
					746.7694765310239	800.1298460185915	0	746.4112199793692	810.0654658238159	0	736.9346886996613	801.5864986823559	0	773.0401651943283	819.2463478009859	0
					778.7720826794525	826.3873278445606	0	771.1173261206756	830.0219543350632	0	747.4885696239874	820.9718673866352	0	737.6537817926247	822.4285200503996	0
					419.0729225541171	562.9226640171828	0	425.8152653972621	543.298452201301	0	478.2753282545193	448.9660612985182	0	461.8492321150092	469.7317687507128	0
					454.7181856239265	444.2331527820652	0	436.4698387909834	486.1636061054902	0	380.7351631041844	270.2484549447285	0	438.4504823289498	267.1658326971176	0
					403.3455188671075	493.9724746242292	0	342.5234017224902	451.5830386342732	0	331.7858202049097	492.0246639116971	0	821.8409864885348	780.3941726098524	0
					827.1534282794099	778.3882272183828	0	826.4672395313389	783.6871404929241	0	831.0640380301766	774.4966150405019	0	835.1682471108588	769.9965343874483	0
					835.8838904028963	777.1811144484006	0	882.3202759870592	734.5079173458601	0	882.3040167681814	733.6083447666913	0	903.3647820810769	736.2614767212096	0
					903.7389662691761	738.8507011220859	0	902.1725946745169	737.7554167898397	0	895.1398845862764	747.7004136367266	0	896.4459280594067	748.7399979323955	0
					895.1041142469215	749.0855443615742	0	922.799044584198	744.4003249018489	0	920.7081243341358	745.1366863763024	0	921.1365976620259	743.0165533263603	0
					903.5133138677354	749.7325856120542	0	904.1267097785505	751.3772634657373	0	902.0046732465205	751.23196974696	0	904.155475020327	734.6051208043586	0
					905.7218466149864	735.7004051366048	0	906.4936383167485	743.4863497791699	0	904.3525493619123	743.000389577007	0	904.6878678174521	740.830601392879	0
					919.8273081348548	741.2277166520887	0	921.9182283849168	740.4913551776353	0	938.9995749818717	772.3617190909221	0	937.5311640588086	767.3551853081203	0
					941.9103463494284	768.8222535562641	0	670.0502472565573	617.1897663768461	0	669.8210291893861	616.8270265157402	0	670.3141339328288	616.7692221388941	0
					665.6236781117143	617.2125121476215	0	663.5385919985506	617.114590456909	0	667.0443356235901	617.8367181069912	0	661.1297418103711	616.802336131256	0
					661.0757234678789	619.187596022841	0	656.3317190475457	615.0494343568301	0	657.496465280148	613.8825704378187	0	663.395697486523	621.4548976022929	0
					662.2262096248444	620.2926143108684	0	659.2787647543356	628.6952700828826	0	659.0836879110223	626.3546871993369	0	656.4216470540709	644.7807466706549	0
					644.1833186836195	621.1329480627038	0	650.9989733460828	623.9525442600573	0	645.03034305909	625.750666822649	0	642.2018289575118	646.7223642775904	0
					629.9978004450444	648.194251803229	0	631.4554776471077	666.8531332618422	0	632.712336981466	657.371936174853	0	594.2361508203137	633.8377700085701	0
					606.5275130391433	634.002632456623	0	593.4039065644361	594.7337134930501	0	596.9595974883622	602.9693547057645	0	586.4300591325512	600.3758918071272	0
					626.6386919061036	598.5500354250933	0	625.5502998152808	593.167863473452	0	631.2153259554193	594.8234063593034	0	872.7630544922225	715.533347391573	0
					873.3434303147129	712.7893325234904	0	875.2876006505858	714.6339203070381	0	874.9183508270444	725.1434387210409	0	873.1192093022399	726.223253077012	0
					872.5046619206662	724.0526638248414	0	849.335940747977	713.3263888060515	0	847.7179036077183	714.2605431688953	0	855.9254915711717	710.4200382248221	0
					857.672865082495	711.0798245597125	0	855.9323894022232	713.0455291133449	0	743.112703708937	648.6647207459137	0	749.3616694109301	650.2732382474383	0
					745.6946480053839	649.7590682846367	0	748.0799641687203	646.9268106091581	0	755.0873500318942	656.174216690438	0	899.0938897094999	750.1357465463631	0
					897.9056078215389	750.7980869725827	0	897.5984396080129	749.4627882310233	0	893.4250913050041	752.3851838621854	0	894.699549871978	751.8166024375951	0
					797.5833619554317	735.5273439224876	0	796.2863819369679	739.8402731250682	0	791.9752605337428	731.1828696189215	0	786.9746434358738	734.2615944639779	0
					414.7986341177696	796.2972333134142	0	388.4162715666118	810.2096353847642	0	378.6897172998565	777.2671476981782	0	486.4555680484907	763.5580264216694	0
					486.4555680484907	749.4955264216694	0	501.160536	758.927221	0	486.2593259559831	524.2900556602812	0	501.160536	533.927221	0
					486.2593259559831	538.3525556602812	0	532.9784428085945	467.45244420816	0	550.5529651002091	449.7662839063674	0	549.9850582916145	466.7768364513357	0
					1037.158909607328	716.739721	0	1060.458913019368	752.4649977105169	0	1082.99550711075	747.4224000984818	0	1077.594538144362	767.947123387965	0
					834.1564985900047	598.8379839367494	0	837.3131497132465	606.8787532691392	0	900.6007380298017	541.5572455476647	0	884.9757380298017	541.5572455476647	0
					891.785536	519.864721	0	914.7444519619381	574.3289469209196	0	901.0937075864827	574.7921694816421	0	907.441684435059	562.7865475346071	0
					928.3951963373936	573.8657243601973	0	940.695013068915	558.0023501467696	0	683.8681801126065	651.5213513012011	0	680.6134244602796	654.7453772057374	0
					680.5944121602092	659.3265796594522	0	675.6482402756565	657.4995973084331	0	671.5066940720186	659.7730502895633	0	951.6846359185877	655.2551946380318	0
					957.588809267943	643.9879785062367	0	967.1900540678902	657.6944371317952	0	956.5824755377472	680.6934058298793	0	1015.773513898261	620.7225396086858	0
					1053.346439886108	681.583471	0	1035.368042667272	688.614721	0	1044.107818923476	667.520971	0	981.2232083592673	664.7256871317952	0
					1001.160536	618.302221	0	1028.72452452624	585.5662896086858	0	1014.111546627979	569.083471	0	729.5476573877295	645.2533823444805	0
					727.1979581796875	646.542368625	0	737.2263037301108	643.6124652092769	0	673.9314469634958	621.5764879236485	0	673.2893451448983	621.8251051563891	0
					670.6884018301079	621.8938187701629	0	671.5475358306369	622.3317011794788	0	670.26490213598	622.3488877454536	0	670.4036541946349	623.3416623348965	0
					668.6856146638773	621.5855398104243	0	667.3930765970391	621.9386732446006	0	678.0540307305416	619.4062881813767	0	677.7860432696041	621.7259243688767	0
					674.4141163983288	627.8745251709453	0	675.3759789724315	624.9725438142214	0	674.4453954893625	625.9704162407832	0	674.7999715882797	621.0839974341775	0
					677.3744391958336	620.2511052158569	0	676.704991465292	618.6274200344802	0	681.4183525725864	623.7841899459852	0	680.0623742343749	624.277344125	0
					675.7737631044256	627.9889621984032	0	671.4925141159863	625.0319661408454	0	669.4702615298345	625.3042808928872	0	763.9141871582191	679.432369288223	0
					713.9699236263207	467.1462287951938	0	714.569465783338	475.0639056315016	0	778.504286	493.2324032858401	0	766.6826615861399	494.0580844434165	0
					770.5889115861399	485.1806452053632	0	775.4215910250994	469.3317243257547	0	763.5999666112393	470.1574054833312	0	899.598036	462.8688931560436	0
					867.9378856212967	471.723687940353	0	810.7055336867215	499.0186932392521	0	818.4107277832409	507.9905659449375	0	829.9790535511416	446.4278105365622	0
					835.1802103843377	427.437016980637	0	879.315875921875	739.316406625	0	880.5212978446461	736.3008194456395	0	875.8175601405288	736.0983235262468	0
					876.8889886561539	734.2425545262467	0	878.2449667890626	733.749399875	0	868.6036683671875	728.182993625	0	870.4580359166808	727.1216030904062	0
					880.300238010183	726.2503306109419	0	881.3428710094565	727.8785872902588	0	879.6886139337948	727.814779672765	0	732.641301640009	231.0754805079082	0
					719.6862509967061	242.2720975425333	0	875.6119627665267	64.06482516584765	0	883.3563999153429	89.22240618835455	0	848.5717624302915	86.15960551559857	0
					843.9644482031251	718.906250375	0	843.464001328146	721.8374188830105	0	845.4798932735189	721.8478287837313	0	843.3725633204148	723.8512629167419	0
					850.4157544354571	724.4314789959706	0	848.8088713573322	723.5037446209706	0	850.3919805156251	722.617187875	0	849.7073634439653	736.9693664363775	0
					847.5747792657313	738.438661759858	0	846.8458881805079	734.3128375810554	0	846.177203937546	742.8134383892952	0	836.9537504916851	734.7600725594843	0
					847.1630292565717	747.1824239461196	0	851.4220798482145	745.4641761720043	0	835.01761583591	764.5978606413114	0	839.8374682086298	767.2823600492103	0
					840.8024951397921	753.207686233242	0	845.7333046368841	751.004169566274	0	844.617646430773	759.6801696361056	0	822.1430980853105	751.2646147784819	0
					817.1977182251294	751.7011403509794	0	808.2929929863172	750.0269234715006	0	812.5963995900005	752.232146747356	0	806.5142607332436	754.3036292770071	0
					820.5638006650464	729.0402837549113	0	850.285536	984.4931050463576	0	857.910536	969.864721	0	809.8412710776605	946.5336033891434	0
					796.910536	969.864721	0	794.5912710776605	946.5336033891434	0	841.3632328915498	999.797704330884	0	756.7116218208588	1086.430487207292	0
					769.3955150544635	1126.192407902008	0	743.0622362917275	1112.192012322088	0	782.1051121713406	1175.942904710598	0	830.8312689315352	1181.328960667226	0
					800.7758451028758	1220.057754217588	0	657.1820763669257	1114.079322409903	0	851.3348639170664	1130.480778196391	0	838.8015887848217	1145.964418038588	0
					824.6938111322447	1121.730471318038	0	667.7828996474144	1325.533700023534	0	624.0691462054003	1378.373651287544	0	884.1065593932017	1007.902791736771	0
					868.0545627156037	1013.710477557472	0	860.4295627156037	1028.33886160383	0	869.3646181819875	1051.115732391573	0	851.5955914663837	1051.155127973174	0
					1030.119066509791	1011.569898942089	0	1052.78506132382	1013.942122704344	0	938.5993041931749	1053.679183391728	0	951.3623212778803	1031.226575781204	0
					956.3975189152945	1052.603313007065	0	1039.363165792467	964.9921829815635	0	1061.794651122308	941.2992413373697	0	1068.177092721365	964.5517033189331	0
					1101.245012465668	1058.661731684318	0	1103.842926845263	1107.612220773982	0	1062.422429635709	1088.590089535226	0	1145.686068275848	1125.090199390269	0
					1193.286729957078	1164.193365943864	0	1045.397970603584	1181.650899647142	0	1088.613615764281	1197.144328063079	0	1068.991242352562	1241.25464908533	0
					703.1974842768307	602.2567401138972	0	701.5101160342638	605.0600609041451	0	722.0234317935763	585.3247871322967	0	717.7625943578757	590.2297156983161	0
					1169.716875202787	547.2286704258179	0	1286.025765521326	634.83806941476	0	1278.355987934073	655.1132509346662	0	1263.572782136666	639.2587468347401	0
					1136.52783454322	548.4058274029335	0	1116.063798954009	535.9933607438351	0	1261.290211449979	496.1507927113743	0	1273.561897217849	471.0985433399061	0
					1187.244111333509	333.1859115429883	0	1157.04551109573	301.7702492619709	0	1202.997169875875	286.7579955954997	0	1384.004438816212	466.2313296675027	0
					1428.226561487351	484.6119973352086	0	1402.842906838354	512.4659041273334	0	1129.549550870241	137.4431589393416	0	1083.17962402324	105.2652736273199	0
					1139.450130277515	100.8816056611651	0	1367.013108559609	399.3928964183458	0	1396.218589997865	400.5150668721238	0	1380.182612026953	437.2552524215998	0
					1217.391569168113	105.5706271265236	0	1176.384003078598	97.15768877458865	0	1207.955515122196	69.66882492792544	0	768.9245150754323	719.6262829103146	0
					764.420663358221	722.634333627284	0	764.9816366314292	719.4073396177301	0	547.7337065650358	1037.151002083716	0	564.1738764327556	1049.438887426603	0
					549.6007058677197	1057.59080700165	0	662.845415463202	953.3221170033587	0	646.1040245096497	953.6858118285636	0	651.5389039728517	937.1432078319222	0
					742.395948701366	993.8704068122322	0	766.410536	985.1302386955842	0	757.645948701366	1009.135924507817	0	218.2205580683957	1102.69128594404	0
					179.6037964351175	1097.717802451353	0	48.81116831028572	904.3002459890723	0	246.0084950047004	1176.085015495772	0	271.2163998621566	1145.589928218785	0
					96.93368998383964	1042.759483694514	0	39.14933882225174	1057.160002685002	0	57.7843511615879	1016.849481009512	0	70.38344281497116	1459.431998526865	0
					117.2584428149712	1459.431998526865	0	38.36189051986224	1195.3125	0	96.69241830077812	1250.131395368274	0	58.33052778091587	1273.568895368274	0
					660.0520824136345	470.5231725802432	0	649.598036	459.8038837318563	0	667.8645824136345	450.502893490862	0	594.910536	484.7268205738611	0
					600.3909368736728	470.0538488074778	0	590.9406590896039	460.1087124931101	0	773.0622213165238	701.3494246769271	0	775.4423260527814	699.2709531188827	0
					776.1888589763089	702.3413979021748	0	768.1256993059337	711.5463152193737	0	764.5996580042711	715.1512929858269	0	781.206855498251	698.868800576266	0
					779.17594922996	697.3416888818073	0	784.2943213771965	719.2325879192572	0	782.3531948293332	716.4099675308964	0	785.6327385402158	715.4201437182811	0
					396.6640852333393	961.0385134472051	0	412.4126068873516	1021.550465341784	0	385.4455727111244	996.2634739522755	0	319.2507119763419	861.2222252771928	0
					707.7122573927802	587.2182111464205	0	703.5851248379981	586.6828662835312	0	709.7641547420006	590.5861168022434	0	709.7515858701383	594.0891737624927	0
					705.8288269556626	593.6829303168049	0	1091.791909854407	852.8891936577778	0	1112.608878630455	850.1730831339627	0	1023.453071695763	979.0546829815635	0
					1017.070630096705	955.802221	0	945.1211323783459	432.6337715128292	0	923.035536	405.8730653120871	0	960.7461323783459	394.6365529501916	0
					979.1495609210003	504.7681390584236	0	962.7990287038767	505.9289836841774	0	972.0380536248772	490.832401742601	0	705.1034493589074	670.45901674222	0
					707.244176287554	673.1426197269487	0	692.7127192156804	665.3710394237079	0	692.0418082397155	672.4425133856208	0	893.9635051775407	638.8348845785654	0
					890.2321712476991	648.0059727074046	0	884.3664473618388	639.7243791406006	0	850.451087814782	663.6779412186162	0	854.7397922728369	664.3529845616742	0
					852.0999482988836	667.799706661979	0	930.9943375968448	732.6093936755293	0	930.1942545794871	734.6246141265701	0	928.5090370447023	732.7891141549899	0
					949.9801147233271	728.4234384503798	0	943.85595346139	729.7852465462629	0	946.5578080158158	725.7072715707914	0	582.3890586395488	624.5575870262082	0
					580.3452425430249	616.2307121189081	0	592.0295661530012	616.9384079271416	0	572.3036995104831	589.8999598011062	0	577.7125068399608	599.2542498776987	0
					567.141838141819	597.0139590843919	0	860.6396516980999	702.4081326713992	0	858.9074258030754	705.1254712757586	0	870.2544286292775	711.0115570382616	0
					1343.548809695734	520.0602057573552	0	1373.048755573016	520.4233663400926	0	1425.998815623943	686.4155040521744	0	1397.768654486842	712.4886949063558	0
					1397.719129570724	661.743939898256	0	952.979133302696	719.6684858135989	0	948.9670111073355	722.0903243696557	0	949.2641751322785	717.4133467083461	0
					956.6755470374358	803.1807018462385	0	966.4685260386242	796.5377270010854	0	967.7022566652633	807.4752597157551	0	967.2657482446987	733.6731614590304	0
					962.5219078207156	727.7709638349286	0	972.4212145067943	728.12689006443	0	974.1169386098354	716.6349517846377	0	978.8607790338186	722.5371494087395	0
					1026.875684139844	772.989721	0	1021.372064019867	783.536596	0	1020.138508133222	769.474096	0	962.1102819826031	739.2194328536309	0
					959.4519332627547	743.5255243906845	0	995.285325838541	797.599096	0	995.285325838541	790.567846	0	946.2286384657981	770.2743117229286	0
					944.760227542735	765.2677779401268	0	990.8585195684299	699.8299660644736	0	990.8585195684299	713.8924660644736	0	989.1627954653887	739.4469043442659	0
					989.1627954653887	725.3844043442659	0	1080.381650175173	688.614721	0	1071.64187391897	709.708471	0	1055.23327280783	717.3087477105169	0
					1047.785518785254	731.3712477105169	0	1082.268483096896	724.3399977105169	0	1041.583592039735	780.020971	0	1040.350036153089	765.958471	0
					1099.404108221891	739.822123387965	0	1045.751005119477	745.4337477105169	0	1116.328709235136	760.5683672631053	0	1114.381114671352	744.8806062291883	0
					1094.283284453094	779.3737836701688	0	1111.254381795052	776.1269770428715	0	1105.406534012401	792.5962349371104	0	1133.702925771889	686.8088111652364	0
					1142.023189703011	709.8965048446164	0	1120.310833175836	703.7689930030667	0	1213.772106495293	761.0638831956534	0	1212.644950190456	783.6617408274628	0
					1196.309378412865	771.5199009843125	0	1216.107207866488	740.8624302639323	0	1232.44277964408	753.0042701070827	0	1191.138897942879	881.54886396839	0
					1199.366561579087	849.7985429255098	0	1222.040175241567	870.5539380229291	0	1001.160536	758.927221	0	1013.4013321266	751.895971	0
					1013.4013321266	765.958471	0	1025.08748967978	836.3412735552159	0	1025.025350309877	825.724096	0	1041.45391893508	796.1988992931058	0
					1054.928270948325	789.1676492931058	0	1055.520425278664	864.8946660217139	0	1041.162526733825	862.4092373119377	0	1052.923390001624	853.8064062842234	0
					1019.359407488329	854.0331747776365	0	1011.342330015133	860.9941222224206	0	1001.160536	899.552221	0	1014.633682958685	892.520971	0
					1014.633682958685	906.583471	0	1017.070630096705	927.677221	0	1030.543777055389	920.645971	0	985.3944641307864	899.552221	0
					985.3944641307864	885.489721	0	1071.746690361711	784.4163812822038	0	1055.174508128174	820.3117128426575	0	1066.835483412434	832.2587845495516	0
					1121.066058659321	806.5784641310914	0	1144.109885122342	842.3004844116703	0	1137.41752339433	812.4611104761849	0	1161.772922552389	830.9540949354854	0
					1068.786519251095	870.690131944418	0	1057.025655983296	879.2929629721323	0	1178.846650330438	781.9759187729715	0	1175.131391466203	797.616239808061	0
					1184.446536214868	911.3882379038754	0	1161.772922552389	890.6328428064561	0	1128.710608795262	847.6421648726978	0	1153.06600795332	866.1351493319983	0
					1067.813980953315	899.3515749474182	0	1081.879464516546	894.4482164710648	0	1079.401695514134	908.7113625236466	0	759.2246521451088	750.8956441491607	0
					752.1491338194587	757.3081607185705	0	819.8101479868587	760.1322524572633	0	825.3691682195752	755.0381817946793	0	825.1590115992492	759.7235944918335	0
					813.2669573049883	736.023776584334	0	809.5186949826964	734.464106872472	0	649.95352202042	597.2743033778499	0	650.5009281137898	594.4138696679357	0
					653.2057102534236	596.4140843292925	0	667.1713592486128	595.1379088061911	0	667.8777208591681	594.2527509827114	0	668.8713285327676	595.7700757237062	0
					643.0164401816753	593.6745299556411	0	644.9748328890424	597.7532119702439	0	647.4742227825603	573.5444518043416	0	645.0939181182573	578.243935000849	0
					642.2154129862774	573.2347549595461	0	628.7803000512783	580.779332482933	0	633.6343872799673	575.0258343571286	0	634.9810210932853	583.6877362818578	0
					639.7714129351093	561.0868806345338	0	643.89268247973	553.1310036846091	0	648.7169871952011	560.579394813114	0	634.4555371735804	590.7581028012256	0
					622.3107533722002	586.6943078292915	0	639.5664581219319	604.9902253316162	0	645.1888359653587	604.0675802770257	0	642.0543681899919	608.8254703846475	0
					616.1282860805297	611.0016750914222	0	631.6993979675804	615.4265269912712	0	658.3901134106979	594.1769022625451	0	655.8405343206055	595.5845175875666	0
					667.6151649899045	587.3045618431586	0	666.1914212919262	587.3560149779798	0	666.807388790005	586.1310239641398	0	600.377753996321	589.0915351789731	0
					605.6583179760993	582.4016376085897	0	636.0146919442703	570.3263511606212	0	631.1903872287992	562.8779600321163	0	594.910536	548.5376803527964	0
					619.870480208961	556.9922747944424	0	793.5285206708818	693.0802453968039	0	791.7857424832291	694.2433570148291	0	786.6431688765265	694.1497871470316	0
					786.3790863288917	696.7676218735712	0	788.3702166915898	653.4625282842378	0	793.2049978302177	651.2680089531087	0	808.0521366095525	634.9603775493435	0
					803.9923570532997	640.5967859321518	0	820.8791811437088	661.7125584895566	0	823.2332308033995	668.6825763707618	0	851.3304950318002	640.1971536261971	0
					827.994894994317	678.1287101695377	0	830.7976872603319	675.5618486512769	0	862.4414532843448	653.8505167839148	0	869.8892579215709	648.3219064131443	0
					873.1873087947711	654.4240776402103	0	846.231039354539	659.1911718593528	0	841.398501805642	652.3347906640495	0	848.2583942398385	653.374837923008	0
					893.7508640076421	723.4089662988558	0	893.756155852486	721.243321383163	0	917.5735977831832	718.1932860714969	0	918.9161655843063	721.1516361340221	0
					915.7455589400502	720.4434151935995	0	916.6765685208883	714.7578683670281	0	919.8471751651446	715.4660893074505	0	935.8206684507976	731.5137226478353	0
					935.1027458962899	733.8642347082457	0	933.3974776861373	732.094381586699	0	898.5412570694812	694.897358528598	0	899.4403348583842	699.0930382800786	0
					893.9839700895627	698.0680939071381	0	931.1185652504968	694.1661033825245	0	932.6019663326267	699.8077893306061	0	897.0159361310841	687.9813672936043	0
					889.0851374866127	687.1366646148349	0	893.016181317037	681.2456177527816	0	923.6874168947381	684.7846942015963	0	931.1238171959608	678.7751733200536	0
					931.599475463305	686.9695671138525	0	923.5586033168793	748.2151542627862	0	923.0418265531828	751.083325173483	0	921.8537944926113	749.3886288624876	0
					929.1885532241264	783.0446565410034	0	926.1727619819728	780.5111373809607	0	932.3452854911602	780.6890764543111	0	930.336094628928	799.4278851861329	0
					935.6119926154443	795.0018562028349	0	937.0615390529837	800.9088407641493	0	903.8607861004454	778.6458056414569	0	906.4257255171613	780.6784728268756	0
					901.4749152963766	780.8254967443672	0	925.554335885876	777.032216079927	0	922.3976036188421	779.3877961666193	0	938.2609566821914	807.6960582068839	0
					755.5974369182765	648.5374923354391	0	760.2741849702534	646.5597709858124	0	670.7873017812938	665.894258845099	0	666.6647678777263	663.5865093725145	0
					646.2584611018092	650.4715014468455	0	652.4798042907804	653.9903767873366	0	659.7010095131354	665.1969950683431	0	655.1516383174298	669.3551125717335	0
					664.3815674381601	690.6616892689092	0	607.7336555829954	675.8998116933881	0	615.4085894647142	662.4153561990524	0	616.7357830198862	674.5798063163877	0
					653.0760530944897	728.4862245060051	0	653.4838560385565	707.4258252842478	0	610.5005694988929	705.3056270915263	0	600.2587035444903	779.0636452835042	0
					592.304550756189	765.1195691071298	0	611.322784831391	767.4321401242814	0	677.9701690500274	666.026622567102	0	683.635422702888	682.2911526658522	0
					679.2590147545876	682.7611988729483	0	681.525921265032	677.7182293416565	0	676.4697821614488	686.1662057023284	0	677.4231808590301	693.0248855936175	0
					672.5244468280353	691.8569690988018	0	665.3349661357415	697.5203691601982	0	662.1821445236152	704.5793344075742	0	683.8522038260475	628.8459792498195	0
					687.9847437883307	630.9655538405902	0	689.703672703125	629.843750375	0	682.2689550199659	638.4968071853284	0	684.387036199279	635.3414974356829	0
					674.3608590889228	639.3338583974943	0	671.6233217595541	640.1617436167218	0	670.7460346271748	635.729637290042	0	676.0343968906311	635.9218914098723	0
					669.780374205591	633.1576940430705	0	667.0457868704418	633.8941542972805	0	661.9535490540898	632.3599180036115	0	659.3391519868164	633.0382224344628	0
					664.6857662735067	622.3982997665762	0	665.9901305675604	621.9927862149761	0	665.7323349036669	623.3341843094325	0	826.0692962287822	725.0799033306156	0
					818.8087159906095	717.0760728922884	0	816.1230645144105	718.8867539063111	0	818.3866603822812	713.6609075731908	0	815.2910862082042	711.0504388169916	0
					817.7208005982222	708.6975187914336	0	817.2686840426236	711.3360763970974	0	829.2489862494881	726.4789881914804	0	820.8544816690019	732.3684860245443	0
					832.1867178612983	724.2680443188783	0	834.851900127285	729.7627379632838	0	817.6346758423646	735.3627294230548	0	820.7806761779841	736.76475669868	0
					807.5945058334777	724.7437355160612	0	806.9892987943748	719.0903743218034	0	824.1331867840288	740.4264515485121	0	829.1240461651794	743.4946687359445	0
					813.1931518139705	740.4200472584698	0	811.6002825598341	744.5182676807992	0	804.3603602578748	728.1940153339515	0	806.4559222811712	731.2808111039378	0
					800.6043258502475	731.6277071126942	0	827.4919616977008	750.855956813052	0	739.1942823147587	661.0180315420533	0	741.123931203125	659.531250375	0
					735.6041347068484	665.3808808656665	0	733.4338338688756	669.1399521957323	0	828.918317371771	696.7247255233979	0	828.9362915240993	692.8201445527616	0
					839.5600683439777	709.1399116795836	0	836.4660069609374	709.628306125	0	837.9531852736652	708.2121773045836	0	1112.01739318823	967.4816255439505	0
					1135.164156701554	987.0735696447811	0	1309.59579093426	1308.24201218125	0	1356.282906995971	1450.032906995971	0	1450.032906995971	1450.032906995971	0
					1245.107106921514	1433.327804838972	0	1176.65997695069	1431.700949830598	0	685.3470410675031	631.8232514654096	0	686.9126930834373	636.5333376514536	0
					694.9076905322877	701.00014077425	0	720.2318698676265	703.3976463728222	0	731.0239271230662	700.5419226163635	0	697.0056692539426	694.2321432165832	0
					689.3289026841607	693.5769670002817	0	713.5897191376177	684.0290646054735	0	712.75662530303	689.2244336101064	0	708.4865053336798	685.3109044171608	0
					454.9603630500873	402.5124455576381	0	490.4818999506645	391.805595258255	0	474.2979812373151	370.8505954860226	0	509.4763621813955	462.4532844651789	0
					498.2938373225294	445.4891908864021	0	481.9328333710044	331.9029666223817	0	600.2018068770419	354.6951716750269	0	611.0737075053705	367.1491538682787	0
					375.8898990725269	402.0534628911072	0	325.8094319814509	366.1884562750772	0	501.11596774982	289.2160584090553	0	513.0757360250152	267.3147526774488	0
					525.8372849746454	288.4996445249423	0	279.3749962234963	319.0859354475753	0	201.0384790385581	74.47678068947762	0	172.625	37.7329371789306	0
					215.9134790385581	36.74384351054702	0	113.9532185818883	216.648038028656	0	47.72821874419808	234.1291738588941	0	66.22499983769022	170.018864169762	0
					397.7732861556959	148.5226506994923	0	411.0678485620866	122.2310599434602	0	428.5480344814711	145.9467980572919	0	353.2606668147694	95.4079057968608	0
					366.0939972957912	63.60579157745276	0	393.1264307173333	93.00479836625257	0	171.8140277709254	260.8890524864781	0	190.3108088644176	196.778742797346	0
					1282.937139082205	677.5340427556823	0	1260.484155697544	681.9547201756625	0	1330.521511083733	754.3307385501168	0	1304.381298234429	749.9518336446379	0
					1324.850845244491	733.1148748580588	0	1381.879884369541	1038.186490049572	0	1375.836024264469	970.8756091474266	0	1407.844370473489	1010.814119097854	0
					1446.025314744203	779.2577718931991	0	1446.025314744203	826.1327718931991	0	1249.265442418836	765.1844990850333	0	1251.600543790032	744.9830461533122	0
					1310.913202526113	837.2660510964788	0	1332.95624854235	827.5380295050197	0	1338.028883711529	849.9174922594766	0	1251.728498392147	840.9370428362167	0
					1260.650879387355	860.1903605099294	0	1239.190219872983	858.0569346537616	0	621.1742679653526	748.8134667375373	0	572.34468473932	723.4136687925899	0
					591.2739423290334	715.1326130556484	0	665.5529374179205	628.8184157912485	0	663.8667595183454	630.4534042623176	0	664.1698659788218	633.1372998265855	0
					656.9674741475388	632.0574700780019	0	654.3765423183056	628.142390373212	0	665.1325764061862	635.8006680385745	0	671.6558647883755	644.3909655861131	0
					668.0410403266276	640.7867444786608	0	664.6744131318284	639.4122672422711	0	656.9175676796867	648.387355205997	0	656.6806880701156	623.5289151553292	0
					655.5696767518856	622.2787269513067	0	837.9955861941105	852.275410920184	0	849.993097774699	847.8218252884074	0	836.917278364376	882.924842329785	0
					819.1841460751098	892.67771722742	0	804.5582509467956	902.9354349159252	0	822.1479012836351	912.9447680897816	0	777.8175041395514	880.3763870266844	0
					787.0758454090532	899.2607815859601	0	763.2988538103342	896.9687845590809	0	794.076741500685	548.1158666540946	0	806.6510394330035	538.5750985764178	0
					808.578497174693	548.6871093602633	0	758.973036	519.864721	0	761.3608413838252	528.931247874466	0	759.3356195859374	665.097056125	0
					759.8739576378932	662.3091585245693	0	761.4808407082057	663.2368928995693	0	776.3515374653368	659.7318824041974	0	774.0316790374043	659.3333915162614	0
					775.8380805546701	657.8242687009024	0	769.06899988847	661.2250410710012	0	767.9816491216909	658.7401189303805	0	762.8519199371294	649.1299066311493	0
					764.7056597107328	651.6979649083409	0	762.4401990916325	633.739358270106	0	775.8440381070154	649.8560738654239	0	776.8786005035175	652.9071937454576	0
					766.3991377644051	629.1319700124936	0	774.0581814280207	622.3636816935718	0	776.5270729127383	627.7551598438858	0	774.6804180418301	635.7525277452862	0
					776.5127289877194	641.3922173117605	0	778.4194898348129	611.5655627757717	0	662.7126551888042	597.8389034214568	0	660.390385741464	596.3430613649787	0
					671.2570039355611	603.0201941943598	0	672.2816531838691	603.4717036841527	0	671.4377603964326	604.2076465248298	0	671.5486163028307	594.8975299003148	0
					673.2301820325778	594.0969774501237	0	673.2230419039711	595.2127930348511	0	672.0669620886515	599.2249727842402	0	670.5769404394759	600.3097334871117	0
					670.4442970104253	599.2949348985577	0	741.9517055333117	741.8708813576254	0	850.9465389728829	712.3922195999467	0	850.2554130868247	705.2318110184478	0
					848.6749659087217	706.097303509024	0	907.6362523728501	757.1574504483208	0	904.6336340168771	759.3451651674005	0	904.5592331987823	757.2244393183007	0
					900.9945099506576	753.5439371091855	0	899.3860043335027	752.8411359528254	0	901.0095635401808	752.1738464442828	0	914.5454457822589	761.1215876993364	0
					917.2151891371766	758.7754572034876	0	916.3712515421059	762.2279385170222	0	892.7336852171775	761.2480119973113	0	890.9513241452291	760.4774966145034	0
					892.3476792351289	759.6941813227508	0	907.638049448356	749.0543331771401	0	910.0771916289816	750.1458758457957	0	908.0744925803911	750.9694219994872	0
					909.0377431578861	753.5488446336818	0	910.8915592048982	754.5134151939599	0	909.4156676017674	756.0012951594989	0	923.2025894863609	753.141978977694	0
					923.3437978408515	755.2528688128436	0	909.5526802191255	781.644290816957	0	907.1668094150568	783.8239819198673	0	902.0873420000726	756.1444008190117	0
					903.8065040822291	766.7009596792298	0	903.7581712616336	764.3197849441447	0	905.8858292266669	765.4676758734793	0	907.7125080740984	763.9394175285322	0
					907.760840894694	766.3205922636172	0	888.2133002445578	769.0593246844718	0	889.5141138149991	767.7202771581952	0	889.5216676341317	770.4513402934044	0
					894.2485426290941	756.4874066798625	0	893.1459077237408	755.7285043572593	0	890.4490297996086	752.3353449426313	0	889.5263738470592	752.4496959900918	0
					889.8144159847868	750.99434166539	0	893.6491016198161	758.9837796056536	0	891.8667405478677	758.2132642228455	0	889.6607227083853	761.6229721775064	0
					879.2443705565204	761.2567554262375	0	881.2679899532766	761.5520342420978	0	880.5250826033343	757.8137958120996	0	882.2916391973288	758.0172349068663	0
					872.3809070812069	755.3014506539948	0	874.6521846736644	754.5217748433736	0	873.6914907249017	756.7226072787212	0	897.1105457859524	760.0241390864703	0
					895.107242922966	759.2524704374071	0	894.6481426473973	768.9113426780643	0	892.8679100338306	769.9313143520885	0	892.6027138181398	768.0923210931036	0
					875.7745452126485	752.9477283193933	0	877.0851288563433	754.3688849441196	0	870.0885885269631	754.5859984071349	0	866.504900589609	752.7823750630109	0
					869.7579130926154	751.2969948745233	0	1082.1748637409	610.8741707021385	0	1079.301374851663	592.2754238133016	0	1081.834363707278	633.8771493827151	0
					1076.200891998337	568.5428915582729	0	1052.666241070974	562.5161378407308	0	1112.915277279285	511.8931170927863	0	1110.674182260332	474.5656448820347	0
					1082.884986060993	475.518751353468	0	1062.667558244735	494.6081057125249	0	1059.060251251547	467.0375566862875	0	1110.922579483805	363.8933444285228	0
					1107.704388940365	412.8152565159751	0	1107.066875267145	446.9950958557972	0	1079.915192741026	413.7683629874084	0	1093.366337704659	319.1996008313757	0
					1124.591696330184	666.1700533200528	0	1001.160536	562.052221	0	1042.281428992096	512.6815956460317	0	1280.731540605855	39.04088163993021	0
					1335.9375	38.60217007096459	0	1304.169040605855	77.6430517108948	0	1452.659952450103	322.4681560792342	0	1441.524543265261	368.8263554344348	0
					760.0958062870598	718.1593437027964	0	756.0443541280745	721.2852647588729	0	754.6874408181145	731.1407759829273	0	751.298883228354	729.5701738025346	0
					753.0297491247982	727.6195607043412	0	739.8609408521714	721.0778426204367	0	743.0344567186702	719.3038733532464	0	750.6260574384844	723.1020488534973	0
					746.8305648155952	724.2660172057922	0	747.8154307190418	721.3191075353411	0	737.1010767690989	717.6858181281243	0	938.5334883564921	708.0513567754647	0
					938.3536428659893	712.1533660686532	0	935.0501119686813	709.7150247774491	0	974.8209487964972	702.0262411415835	0	969.9841504938588	709.4755733311572	0
					1027.676641918976	744.864721	0	1181.823753194215	827.4556137435463	0	1232.758447184909	982.7731175032152	0	1205.968761036856	988.1694598581063	0
					1213.614193359463	961.9329364732746	0	1263.731025309993	977.566438804003	0	1256.085592987385	1003.802962188835	0	1245.71646973397	1036.84640106411	0
					1276.689047859054	1031.639722364898	0	1266.31750820642	779.0227206339257	0	1247.159744060468	787.0439445876962	0	1247.239824362913	819.8428915583188	0
					1268.700483877285	821.9763174144866	0	645.691786	492.5528721857439	0	657.410536	485.2613024608689	0	661.316786	497.9900118253752	0
					683.4524282652537	547.4688127883539	0	688.769843550861	550.8836636427186	0	683.098346123748	553.6711766223145	0	642.2725721098191	543.6124391199196	0
					634.4600721098191	544.7502766134892	0	641.785536	534.7242262273799	0	670.8697018543626	529.0565811803806	0	664.4436907567438	534.3884239549549	0
					633.973036	519.864721	0	637.879286	527.8633923604748	0	645.691786	526.7255548669052	0	630.066786	509.8545814553094	0
					653.504286	526.7255548669052	0	622.7413221098191	545.5201045776981	0	607.664694099142	548.8738898661115	0	669.6022857993736	498.2434079439092	0
					815.4189859720559	755.9778461564858	0	789.9903821555042	747.2119324747316	0	789.3384242816514	740.6345530126205	0	793.1187939111721	742.9175644244058	0
					812.8031146720639	769.2188160091908	0	816.1972452462321	772.1628372855741	0	809.4003685517634	776.5639881403474	0	797.6029750770997	772.9434194931057	0
					802.3467113135362	771.0131971723067	0	817.6608371812688	777.301634376021	0	816.9746484331977	782.6005476505622	0	816.1385683947993	787.062349960619	0
					821.1243007486119	790.8927503824391	0	816.1080714029476	792.2620144586645	0	801.9210380547888	797.7825985270965	0	796.3797077300409	799.5649149532212	0
					769.2249359161032	759.3661925454613	0	767.6755771847102	761.6760040353707	0	766.5410862798877	759.2404787934282	0	772.7876688071592	790.3660328628728	0
					768.7468299274689	792.1867275800645	0	769.3011677588649	788.0225675376169	0	772.5371997505363	770.244482273466	0	776.3980295429066	770.5345102409251	0
					773.8717686673409	773.5851191907774	0	832.3921540203185	806.3748385526476	0	815.8992829946308	814.9558114739849	0	815.694178090316	809.1984428136847	0
					823.0961912363719	812.8903240835161	0	802.7237392854697	819.8776732314292	0	813.0928406633755	819.9870382979036	0	807.3193101002701	828.6007813251794	0
					805.9862491235492	801.0247428676794	0	801.9959946009885	841.7026434946375	0	812.3650959788943	841.812008561112	0	788.8225652377348	822.0515687845941	0
					786.899726164082	832.8271753186715	0	828.309411774797	835.0491669868642	0	822.9860962755154	848.1510291563224	0	785.6143727259362	870.2499212634995	0
					761.2890297770934	832.0399891920887	0	752.0582700363972	828.1079479523536	0	796.9383398108206	746.4176525871792	0	797.9908029572925	750.7966749438342	0
					795.4877999321353	732.4405481525014	0	781.7257423055385	745.9331855215978	0	779.3619614597608	739.5602269729552	0	783.8462316802058	738.5559625143037	0
					777.6875587016882	730.1759773711628	0	775.9291218084145	734.0922589931262	0	772.1342296756745	732.0852323986279	0	769.6065898482162	728.4116612917896	0
					780.6317681530763	713.7049509308249	0	779.2933509900571	717.5173951318009	0	782.3394617054457	628.9842394263644	0	787.1132621882425	625.8746598529845	0
					654.8907749023813	532.0573976414795	0	659.0112095277636	535.9113984246151	0	653.7184706253822	537.440389516946	0	651.2181463699109	543.1049532984998	0
					674.4779552482694	505.0156389166179	0	677.9112054488958	497.4706730732091	0	669.6022857993736	512.8265473936591	0	681.4700109002832	489.767274933743	0
					686.345680349179	496.5395059064517	0	693.5362054488958	512.0538125229589	0	708.191786	527.6887688677173	0	716.004286	527.6887688677173	0
					701.0012609002832	494.3402748388022	0	697.4424554488958	502.0436729782683	0	718.475715783338	485.0740451761923	0	708.191786	489.8343023659282	0
					729.921806821321	526.6479215055376	0	722.109306821321	526.6479215055376	0	710.8012143995862	553.7897886945996	0	706.6405216677512	550.2646413924468	0
					712.5682720904218	548.8533907234762	0	747.3963851917885	551.6889428325755	0	743.4432610043534	546.2308701840299	0	752.6392733933199	547.4545749713322	0
					727.1289359200996	551.5471945861889	0	732.3746919429907	548.0390910264496	0	732.954616779931	553.9733416050126	0	697.0950109002832	484.3301352941116	0
					677.938538841576	430.2208830834144	0	688.3925852552106	440.9401719318013	0	689.8407166357283	480.7441246117761	0	686.0928508452746	401.412514589091	0
					666.673773293307	398.3538973242365	0	677.7520850200096	391.1929038431995	0	720.3739020599123	419.7740872295881	0	709.3779167915906	426.7186533385247	0
					709.4625269514738	413.7135954154171	0	661.3945136725031	411.1760566667837	0	675.3593964070672	349.6781745900304	0	689.393408007187	351.5861507710415	0
					681.1731747914272	363.1196506985622	0	679.7218673008742	275.5426490829387	0	678.1307380349231	299.4110917918698	0	655.8194067340488	276.4948195203328	0
					710.0709028771482	318.8125111091775	0	724.6512671549383	309.5531170841806	0	732.6889714303381	329.9067068388824	0	728.1826465895131	284.3993626033257	0
					712.3290947533947	279.1491355359847	0	806.3016980221357	278.3743830987458	0	804.3740504945699	257.3343234462274	0	822.9994500460934	267.3090127505703	0
					847.178214359375	720.761719125	0	847.0867763516439	722.7755631587313	0	846.1110205374058	713.3328087938953	0	847.1105502714761	724.5898542797019	0
					846.0191505240913	726.0393590442009	0	846.0142726628642	711.3105077840712	0	844.4036744379584	712.2446769901759	0	846.0057600409289	709.4403328990356	0
					842.7967913676459	711.3169426151759	0	841.1669514142902	710.0676460545836	0	843.2457100905503	704.9086985434749	0	841.3363401927386	705.6646262934564	0
					833.7847954760439	701.2840194214435	0	835.3444781543467	706.0044447625901	0	838.438539537387	705.5160503171737	0	833.761195280039	703.1803649045169	0
					833.7375950840342	705.0767103875901	0	852.5639155515116	711.4580219770178	0	852.567639312271	713.3199404013833	0	854.3379947153935	714.2615238993958	0
					856.3576137621844	716.9315455838537	0	856.0853682267168	714.9213102342862	0	857.9520084490141	715.7155507978027	0	854.3163471371311	717.9853446351686	0
					846.2852899853849	707.4351085884618	0	847.2556623756659	704.8741222797664	0	847.6333954969896	702.7456530260133	0	845.2437195736529	704.0834581054511	0
					852.3814393080394	703.4178912002592	0	850.8914251020631	700.6592685355797	0	843.6234432118742	702.7802292897218	0	854.6172508304785	691.7194599181398	0
					845.6020520484037	688.0528096628725	0	842.9041454020194	685.6250207320948	0	844.9256851339201	682.6106822512072	0	863.8235051859549	693.4673757432015	0
					860.646904492779	687.6424356851376	0	865.0379041129767	689.6336672229327	0	843.5911953805855	662.6378939596576	0	862.3455269127232	679.197185612163	0
					866.1315042203348	677.8412867964012	0	865.6472807274124	682.4528283491069	0	856.8986295961838	689.0993231454062	0	858.1130285232057	685.2656146251373	0
					872.4605707152643	674.5569628112489	0	880.2866330340353	674.2089555815826	0	888.7081412517705	672.63780039185	0	883.9093916132402	666.4458408994203	0
					908.5166580386449	692.6972851840596	0	902.4723008999056	689.0063116665449	0	906.9913371002478	685.7812939490657	0	886.4830066314864	656.8850764895637	0
					878.061498413751	658.4562316792963	0	864.2846272815952	667.269166035219	0	870.6136937765249	663.9848420500667	0	869.1588169005753	671.3013200743051	0
					873.6664573321696	632.2145707682255	0	869.9351234023279	641.3856588970646	0	904.6620999750864	637.4753335932579	0	910.5005990169769	646.5428712116839	0
					915.3023207934103	654.8997957222642	0	898.7963760892262	629.193740026454	0	929.6349831266862	668.7483073455146	0	937.547041695253	670.9331802577708	0
					859.1892678919016	640.8120980407691	0	851.2846295510431	647.1334011422769	0	859.6092015812922	671.5301970322472	0	861.0640784572417	664.2137190080089	0
					892.1212889873057	619.4405954050249	0	865.0977440857394	622.2056096011104	0	879.5290680452501	620.5443298446464	0	895.8543551035905	587.4059152656985	0
					858.3777670966185	609.3267559673714	0	888.5515875767113	575.8635158793859	0	869.6735656496421	575.4171843471297	0	883.973036	500.8661117186812	0
					865.4390756250106	601.9146174120581	0	841.4052095611261	535.5769780499431	0	829.5263391146318	545.2177881912363	0	833.0316655535057	529.5055311412932	0
					914.2514824052572	541.0940229869423	0	929.8764824052572	541.0940229869423	0	841.8482277832409	493.6723436130226	0	833.6255774045376	478.8481421666094	0
					852.3128856212967	476.4040748897568	0	938.660536	453.2310577735324	0	946.473036	476.910054004255	0	915.223036	467.5492801054474	0
					949.4790666636578	536.7730481598273	0	965.1040666636578	536.7730481598273	0	954.285536	519.864721	0	980.7290666636578	564.8980481598273	0
					983.2504139080831	589.6375189539501	0	962.7990287038767	477.2925390203474	0	863.3982484566388	696.661697636234	0	865.4559080476135	701.205042316162	0
					848.8794823000501	699.8686043612645	0	841.79740970132	695.4193403470604	0	838.8159578336899	694.4252593583726	0	840.5990604488729	690.0730671550723	0
					842.8178798905569	700.8632607010293	0	842.8957484164146	698.3639802771688	0	845.6993212208345	699.4557084278376	0	852.456644501397	707.7943194917688	0
					852.4953081701353	709.5958176612758	0	854.1164085095236	710.5235384627124	0	856.3917537842599	705.8768994356898	0	859.5871317637526	714.4705538281537	0
					859.8593772992201	716.4807891777211	0	859.3967535000534	720.635053948685	0	861.10470753125	726.327825125	0	859.4978244609375	725.40009075	0
					863.0897486170218	717.681187213625	0	861.4546253022831	718.926184183274	0	867.6099120480657	720.6268863337066	0	865.1359853520023	717.4899780787671	0
					868.0609007799831	717.9902821932957	0	860.4330504656944	712.478635753836	0	866.19364219564	707.6429159099126	0	868.9522389541789	701.8964808747473	0
					873.1628859102549	698.1527646095949	0	878.0262149536716	695.1116927972076	0	873.0778338495692	692.4175354686095	0	889.1400854486035	710.8346212308776	0
					868.8238814205881	688.2777684071709	0	979.1495609210003	476.1316943945935	0	985.535536	533.927221	0	980.7290666636578	550.8355481598273	0
					989.2675787781612	459.3055008192952	0	976.3711323783459	441.9945454116368	0	998.5066036991616	472.8453635415487	0	1032.42198873711	453.4659650725673	0
					1023.733722495806	471.0730405057974	0	1052.639416553368	434.3766107135103	0	1053.276930226589	400.1967713736882	0	1042.060617354771	369.4418881844823	0
					1062.996464635101	334.8947800504391	0	971.1145321476481	363.5855497354139	0	949.7720568565085	327.034617910227	0	905.0111895686593	336.7888450801561	0
					939.4298896031415	245.5192417503221	0	962.4234142011961	207.396269191408	0	858.4373535603102	367.5046491537231	0	857.2109061209812	385.3580861880941	0
					831.5820564558077	374.6286602346005	0	785.2593225070605	251.3439547130535	0	801.9570745310182	240.278584364878	0	1040.074835762546	175.8871354293364	0
					834.6640172292866	108.5080912155266	0	826.9195800804705	83.35051019301969	0	1012.007959457045	78.61853666307162	0	997.5968397335012	105.9862393055014	0
					982.638301320505	78.9138613501444	0	939.3118909242695	86.70459491558894	0	953.831819289609	129.9881170974248	0	924.9165286169177	110.4111480204395	0
					771.004196523945	269.3697488232893	0	768.5872205603932	252.31400974194	0	712.7513927937973	115.425604971081	0	731.7354898348963	119.9766104659782	0
					718.3180107573831	134.0756769659302	0	851.7056492638641	725.9082531264893	0	853.6057466718751	724.472656625	0	853.312532341989	726.8359875014893	0
					856.6836016748201	730.2744679147977	0	853.029599204953	731.0369795876834	0	851.8126179173348	733.3229587149816	0	852.5415090025582	737.4487828937841	0
					865.3899022265625	726.327524875	0	865.4709712361991	724.3316404870588	0	862.711590609375	727.2555595	0	864.7267119742394	733.0426110078197	0
					862.5229259398398	735.0042116414324	0	866.3335950523644	733.9703453828197	0	863.4491726148628	737.0983448974216	0	865.7280509337579	736.8746473236714	0
					867.3151479212803	743.4289017672605	0	858.1056270874255	742.4766115496714	0	854.9932333315269	743.4901663260471	0	853.5486482850874	740.0816358388042	0
					860.9245308169311	742.4817035330591	0	865.9219599681165	721.6950363466478	0	867.9104132041977	746.6804475109593	0	872.4643879915891	744.7912454310167	0
					873.4916966671811	746.417119339452	0	870.6739099287261	745.4933973999546	0	869.3177566277465	760.208546055003	0	869.1278945782005	756.7868308424825	0
					854.632279236474	755.4707858815212	0	850.9781805475526	753.654907348983	0	862.3648100052385	766.9076710545937	0	858.2677040067175	771.4370559060904	0
					862.2336530004141	777.4902107465175	0	861.4524030189114	773.677189322288	0	845.9283461413968	766.8320149546265	0	872.4193154607585	722.0500199585529	0
					872.8717248230591	728.2123779866058	0	872.621026152071	719.252562811678	0	878.5440097904705	724.2308859659021	0	876.4748921899959	724.5796862311593	0
					870.6768558161981	717.4079750281303	0	868.2029291201347	714.2710667731907	0	880.6633450843292	704.2400277827387	0	884.7597488255324	721.9117376478461	0
					884.9532706399987	703.6697272535682	0	882.4011925700268	700.2766214090227	0	891.2645224775388	712.2827462305472	0	888.7713785075464	712.9108639340634	0
					890.787083002081	700.9850472692353	0	819.7798002319457	706.9866955607697	0	821.4680851093749	705.917969125	0	821.3866833100708	707.9144299357697	0
					812.7377500439341	711.9709388098809	0	816.6138618586936	695.7710426549538	0	822.1825676063133	694.5127740659121	0	810.7558778359373	694.784556125	0
					813.9664266955258	685.5163047634802	0	810.2183758600783	687.5108402328705	0	816.4576872983978	685.4641677546122	0	818.5058900152762	684.0029515469	0
					820.1554768596407	687.5504105891159	0	821.4449789714995	709.6689276461543	0	820.8163747722992	711.3079875476326	0	815.6160135398902	689.0637638056962	0
					822.0626150453173	689.1541317618419	0	824.0212495635269	687.7085634633977	0	826.7169721937594	686.5126000929413	0	824.8994022067515	684.8932310109476	0
					829.5569441899027	681.4953335567517	0	826.0330756413982	680.3306442532773	0	836.8732710151785	679.7381463967207	0	832.4577133179853	682.1048706825097	0
					830.4958939650667	684.3068047662493	0	834.6966577099595	690.2647726464095	0	823.3373530111658	681.5266076237335	0	829.1426324122712	668.1462638205492	0
					825.7024516635595	655.1257500334084	0	831.2836982003809	651.9701974278273	0	811.9202561315992	715.1146966796675	0	803.8071067365504	718.6481777059912	0
					829.1713631712709	699.0073015784117	0	831.7161583380146	701.15606655078	0	829.147762975266	700.9036470614849	0	834.0021146291759	667.4625584104793	0
					834.9360931947472	671.146592419472	0	835.6571694772367	674.8781432412072	0	841.0116769495938	675.3228901649159	0	845.0195111641822	673.6537783196752	0
					843.8034096262403	668.7937751641616	0	826.1592445935917	710.7809238351244	0	827.8956174218749	709.628906625	0	827.7661276717166	711.7086582101244	0
					827.5172797089485	701.8722581695583	0	827.0534544106804	714.7985132691781	0	685.4189983515625	622.421274875	0	685.9544524453124	625.20477825	0
					689.16821859375	627.060247	0	687.5613355234375	626.132512625	0	685.4590869041724	629.7737136248195	0	686.4899065468749	627.988281625	0
					685.4584739144169	620.4974324500079	0	692.423413178064	618.702257610883	0	684.80859894277	618.6733024550782	0	686.0543215804133	617.6099252763283	0
					687.4501081011981	616.0727611809479	0	685.6963500896209	614.4166274760274	0	684.2286598593	614.559583687261	0	684.9211993356781	613.2576850106477	0
					690.0842843078318	611.2321196394855	0	689.5880271676259	608.5891033799926	0	698.1079747144961	609.4489911235121	0	702.7261216617212	608.2486078525153	0
					687.874247073927	608.7401224087735	0	686.4950127617925	607.6370310479626	0	690.8465807542922	599.9965732805265	0	690.5857022670376	597.0417564031786	0
					693.4872343555451	598.274507206736	0	690.5007021644451	604.8024658064403	0	691.607555534324	602.0503982234475	0	702.859053662703	592.0175896717731	0
					702.8464847908407	595.5206466320224	0	689.8206260093431	606.8844782788502	0	688.7869220707462	604.9534848352212	0	696.5515336830858	594.5874981581893	0
					700.0717085350268	597.2545542908182	0	696.7465307202315	597.9867464620171	0	703.0414818279864	598.9198949358502	0	710.0059675452528	603.5642658185574	0
					707.787966014497	606.7586875242188	0	705.9722605326447	600.5228324551013	0	682.5207862268746	603.1522828058714	0	682.0581659731445	600.772698856636	0
					684.1388484356769	601.7297717058934	0	684.4984250549362	597.4199024427835	0	686.6328352968553	597.1267198029391	0	685.8106384238657	599.0570051168136	0
					691.2457540554835	595.1682432905949	0	691.7533527635577	592.2744122897209	0	693.7339545763648	592.4258593285142	0	700.6027826731762	588.5205825987487	0
					697.05913239116	591.6936671573153	0	697.7852035664552	586.3589437690734	0	694.957885841786	576.9213027845144	0	690.911836192292	576.9256316804911	0
					692.523482010345	575.0300104973918	0	711.9573256738973	569.884510688723	0	712.1618438538585	564.8078154785503	0	716.5040087163129	567.6168389191021	0
					695.5663493534294	581.6902896404523	0	693.1865595523718	581.2999229727943	0	695.7260298247905	579.2072906352716	0	698.2543623514426	572.7382404095988	0
					700.7090814751461	573.1854497379599	0	699.0242507835425	575.4728909297762	0	722.3879148310285	566.0620194230634	0	722.2086938266571	560.0107944368406	0
					727.8880817614115	563.5326701509746	0	735.5526819653409	560.277398798042	0	711.3843487725835	574.3017598050935	0	716.1684913037325	594.057461162893	0
					716.2668705300027	600.1957080409106	0	713.7852928827465	597.1306071259487	0	730.2023152743743	579.6629465187863	0	727.2729581554214	585.4622505081336	0
					725.1379456468301	575.3831991265447	0	697.1990811169129	570.0038871017334	0	696.1574126491466	567.3607888310198	0	698.8975245752799	567.8077009470688	0
					703.2042000259307	573.1803923493474	0	703.9740884580306	575.9150428695248	0	699.7173367371597	581.3917582567183	0	699.792394766547	577.7588787805335	0
					701.4039118778587	579.5529797343221	0	707.0421839101291	571.4927363645419	0	710.7909954365948	558.8705915362498	0	722.1833966510674	571.1387146332361	0
					727.0878014211205	589.6045345245382	0	729.6278556342982	592.9081784685649	0	693.0989069246264	566.7503090983537	0	694.7973503829935	564.5541229436891	0
					716.7187458592655	557.4593408672793	0	676.4962914646341	566.059971289357	0	675.4501973233914	562.5404138122929	0	679.121923672199	562.5452518048377	0
					671.0741116876995	562.851977695555	0	673.6997438952646	559.3372582110358	0	697.0256036296852	561.3573682918926	0	693.967097905165	560.7468885592265	0
					700.5344075643861	556.3755866355001	0	701.5743823724854	551.6154746364177	0	709.8499650964086	600.2274206405104	0	720.1211612875857	600.7240295899009	0
					717.7379628665998	603.7971755529566	0	671.9152884508178	549.6454016209798	0	673.5522945488567	554.9525739311239	0	678.9138967005458	541.4648705847596	0
					673.242399273433	544.2523835643555	0	732.6692400021888	598.2532670480396	0	735.3787121508562	595.0870864798499	0	720.3981575613143	610.8821640712018	0
					719.2013601440526	607.1804946039003	0	738.273152979472	589.9023075794223	0	735.150887417858	608.0411380438695	0	724.2553185549068	600.1999280693507	0
					728.8190663822393	600.7687143581784	0	734.5699228987971	602.9476223694633	0	739.0010610378076	605.5256907337307	0	744.5960721776316	608.0783053033286	0
					750.2297754140625	662.31415325	0	751.8366584921876	663.241887625	0	748.9936399012138	666.3106713687882	0	746.6818717383246	668.459302535801	0
					750.765229671875	665.097656625	0	750.6005229793388	667.2384057437882	0	747.7620373012531	670.2626814649353	0	749.8611904985697	670.3744359260444	0
					749.2515736767676	654.7311047826207	0	749.0717962814863	652.5777067744255	0	751.4571124448225	649.7454490989468	0	753.3565678461997	650.7757461783043	0
					756.952735854815	655.0292524695953	0	757.0739357685761	657.0929573753842	0	756.4686432306401	661.2036216731135	0	760.4792501758293	658.19849422684	0
					758.6138643529084	659.3434584476828	0	765.2902723515316	657.835313995758	0	762.5872732848272	657.6095579762202	0	765.8583668761974	654.9958766728396	0
					757.2070191902097	651.8722579417838	0	763.6782166450963	646.055673518043	0	769.3943013764367	647.2143182295681	0	767.408658777437	651.9237209278787	0
					769.6970533721797	650.1152768622815	0	743.8022431171876	658.60321575	0	742.1953600468751	657.675481375	0	743.2667888828125	655.819712375	0
					735.9269005170897	662.9663653236132	0	737.5605914159241	661.9921984328332	0	734.6159754284965	661.5260166723399	0	743.5865606831292	666.3986635317592	0
					741.3803975760031	668.3643813761195	0	782.9028912343749	683.652344125	0	782.3674368984375	680.86884075	0	779.1536707499999	679.013372	0
					780.760553828125	679.941106375	0	781.8319825703124	678.085337375	0	781.8021668762092	676.2815109273463	0	783.4090499465217	677.2092453023463	0
					777.5909476592306	672.4427440911998	0	779.3192837940526	671.3046468435384	0	786.7498535685193	667.0611214847949	0	788.0697287686633	670.3414368167385	0
					782.5974982787178	687.8922377582884	0	782.6317137620415	685.9775060444578	0	785.1497863576579	676.0496701461225	0	786.0518227813038	674.4872972331193	0
					787.1738992161603	672.7714201452152	0	778.8755926611245	688.7723611333732	0	775.428953885043	681.7538333193863	0	794.6870471328125	685.507212375	0
					792.00873534375	686.435247	0	795.1354037490069	694.0079797718039	0	801.0660461666434	698.6883770522596	0	790.9096969671808	696.0372874911743	0
					789.7894708898964	694.2666384623956	0	788.6802617786877	698.0433137629782	0	784.4071278625288	690.3242736414918	0	786.0475276322918	691.1939554035034	0
					724.5196462265624	647.47040325	0	727.7334123749999	649.325872	0	726.1265293046874	648.398137625	0	728.0059767230905	656.2756514783152	0
					715.3309612473067	659.4367669090016	0	716.9107539533469	657.7589169555051	0	720.0890837747775	649.5779560034712	0	720.200783907418	640.1071425044503	0
					730.0198252295266	640.7246261651665	0	714.3428936171874	639.120493625	0	716.6934967740965	637.8327537109619	0	721.3949660389192	635.7430208727101	0
					723.5341833825781	634.8148477285642	0	720.0695895316932	655.3223373241589	0	732.3695927394185	639.2777020501819	0	731.4652467881344	646.5730829373551	0
					731.4861600965874	634.636702026866	0	731.6464148468871	637.0670369577492	0	719.337620923702	636.9639338404122	0	719.4945619759102	634.3963664542218	0
					725.7382865940115	633.2929664991378	0	727.6943904734943	631.841805903636	0	721.3642834032861	630.5467078149634	0	719.2230097311108	632.0830845639457	0
					719.0353860432695	629.4543388923894	0	723.7560103025606	631.6535722570932	0	729.287450394183	628.4917901083875	0	734.2668306527114	637.9321483665593	0
					725.7456494886616	625.501035089039	0	723.5683866147194	629.0248265855369	0	724.7585169610177	616.2996075934805	0	718.8642027811454	626.9554053190789	0
					716.72292910897	628.4917820680612	0	711.6645816328124	640.04852825	0	713.2714647109374	640.976262625	0	712.200035796875	642.832031625	0
					711.0576494869517	632.6377146969326	0	717.1656646158935	633.3039975316478	0	709.2146824957406	633.9743584115895	0	707.6077994254281	633.0466240365895	0
					706.0009163551157	632.1188896615895	0	718.5939008371055	639.1794081294503	0	775.4044502890624	674.374399875	0	775.9399046015624	677.15790325	0
					777.5467876796874	678.085637625	0	776.4753589218749	679.941406625	0	774.6483850773543	668.7488576683857	0	775.984064588918	671.5150097161998	0
					772.4618877071862	670.680513452186	0	780.3570593292541	667.6516981485991	0	781.9236199407187	674.215679304685	0	784.2812706760642	673.8430459416893	0
					763.0848400078123	669.73602825	0	764.6917230859374	670.663762625	0	763.6202942968748	672.519531625	0	763.0956981192633	662.2953465666651	0
					764.7105555303208	661.3538002337611	0	769.0387821043521	663.1862794481107	0	769.0467962099774	665.0556283626349	0	770.9009200519232	666.0141575661048	0
					772.7047938362056	666.5488502068633	0	770.8550046368737	669.752779077186	0	772.8354031366439	648.7037859284698	0	775.5412861112727	646.9551152327106	0
					777.068634000693	655.8177103713492	0	788.9213642317679	645.4335917219908	0	785.3835921663465	653.9513041935188	0	787.1286828159773	658.642624358356	0
					776.5431562077999	662.3635947842201	0	781.3416173791314	661.3087923082603	0	778.3495577250659	660.8544719688609	0	789.018843357384	660.8231447916171	0
					780.5423665834755	664.6031133568413	0	840.750682046875	717.050781625	0	815.0405527968749	702.207031625	0	692.3819847421876	628.91571575	0
					690.7751016718751	627.987981375	0	691.8465306328126	626.132212375	0	730.9471785234375	651.18134075	0	729.340295453125	650.253606375	0
					730.4117243203125	648.397837375	0	733.0890830175396	656.748796880998	0	726.1630116106408	657.6122919408504	0	723.9328708881294	657.7640714752888	0
					724.3782271360694	655.1372230659983	0	673.6253568331845	613.0024276601173	0	673.3695226021684	612.2393731311031	0	675.8941083622204	614.0027980742577	0
					675.8004982227653	613.1069754039006	0	675.8473032924928	613.5548867390792	0	675.3991618844218	613.5103383709189	0	676.7353037636021	610.9959682789178	0
					676.6168942868616	611.5959734867843	0	676.0246212730788	611.4435276577386	0	675.6292843055162	612.5529799506728	0	677.71671731634	610.0131258815263	0
					677.8797161766224	610.6066068653496	0	677.1645779171024	610.5549331241402	0	678.9363589588281	609.2732446245179	0	679.1378379476109	610.1900266028033	0
					680.9947304359928	612.3295937541768	0	680.2773913622589	612.4264868932232	0	680.5765738952458	611.7673560723269	0	678.5247434247149	608.6861623833995	0
					677.8577538064599	607.8523089161515	0	678.7738727235412	607.647836159052	0	679.0318577539894	602.7371340221382	0	679.7532802318465	603.5387545050675	0
					678.3450342214937	604.0806785705918	0	682.3221818560141	612.8805623691387	0	681.658915221502	612.6020043514216	0	681.957179603492	611.9490209509977	0
					679.4409691609161	614.7528876404676	0	678.6737757422256	614.5556385898678	0	679.3912796265065	614.2532067103822	0	890.2191990519397	731.821108618638	0
					888.8072142546257	731.7617346485173	0	885.2468418669082	728.8728273734904	0	886.2063537703409	730.0230039674889	0	486.8763531837609	934.708471	0
					479.4116060989468	948.770971	0	465.1274232827077	941.739721	0	501.160536	871.427221	0	523.6580500269841	871.427221	0
					523.6580500269841	885.489721	0	570.5092834061707	573.6666550320124	0	518.5233650513012	578.1250532846315	0	519.1503397241286	564.6797806934762	0
					621.6961803651832	651.9176664504282	0	595.9645959077495	683.3384927659902	0	589.8342219683079	697.8912477748455	0	561.2766235407007	666.9988646011429	0
					555.2751766257686	733.2466776773376	0	558.1060872852445	757.2620396668515	0	501.160536	730.802221	0	608.7354176525802	796.2446385603278	0
					589.7171835773781	793.9320675431761	0	449.3927643658001	822.208471	0	435.9426665393377	801.114721	0	460.8102425206129	794.083471	0
					549.3225414161325	653.3187476047253	0	543.1152009816678	666.5423439456953	0	582.5518272103375	633.1300742003366	0	569.0943495023689	638.812579739074	0
					539.8639417825536	691.4498409710565	0	527.9098596579854	677.7697239746389	0	448.6385987724608	597.208471	0	435.0897421189124	576.114721	0
					460.5139660393547	569.083471	0	581.268197763887	607.489891090413	0	832.7162316499326	727.7013346100312	0	1109.040101715257	34.35186017457166	0
					1145.97397451634	30.62794328799524	0	1130.014076231597	64.97980346256691	0	1402.781324083855	213.8431560792342	0	1450.121371633752	172.625	0
					1452.659952450103	228.7181560792342	0	931.688104558697	748.148523338011	0	929.2770268745837	746.4461115557181	0	932.0914266026447	744.8361070006365	0
					963.5256947833118	752.5167164383435	0	957.7619961092071	755.5967104759393	0	961.0904237324814	748.2016245153286	0	647.7578788042395	237.9846314726277	0
					659.6436971625487	225.0344189918483	0	669.2963543583093	239.6761643306224	0	698.964841902495	225.7153986087081	0	701.9035818108298	243.2826507836683	0
					649.9291481712328	210.3849063979297	0	671.4676237253025	212.0764392559245	0	669.4088341453869	179.5109771568588	0	686.9156759320595	178.4041940460284	0
					679.2599165206591	196.3201435511755	0	617.0200382021701	94.07801451788902	0	631.9579708153987	107.1061887480149	0	605.8609085661556	110.5065435620552	0
					705.8542051736824	146.5532950320118	0	755.6475910267077	221.8701748897577	0	739.7538004750701	215.4995397494226	0	746.8662993101311	199.9235989909371	0
					683.1147258103706	24.4770214094443	0	659.6772258103706	24.4770214094443	0	753.3756379301167	123.6733132658557	0	777.7888829004352	133.7998751182485	0
					761.7153527688006	148.7532443132201	0	759.9891679072732	190.1956301998884	0	744.0953773556355	183.8249950595533	0	848.1444703554889	297.0254579069758	0
					849.4245281634016	270.4456750639497	0	894.1188389629058	708.9054030446389	0	895.6819112142227	710.2538387884932	0	893.1963016699128	711.5549392712157	0
					911.421855969297	695.6841996284227	0	915.5700424415506	696.2108742752755	0	913.9562041718605	702.4228064371177	0	905.8554199206426	705.8341488172966	0
					901.7295392397225	706.4163356610337	0	905.6821370186868	702.4783186340019	0	896.6389398962419	673.4825030706194	0	899.2536353244469	708.6882342031224	0
					899.0803524224912	705.3324040198278	0	904.7643431721724	715.9301322024478	0	907.6498209820695	716.7297735317813	0	800.0006279359632	718.4117078715908	0
					801.1705761775696	721.4038818725269	0	799.6886751206553	714.1514387464358	0	801.742909402554	725.0906315248176	0	789.5287750591226	722.134159191095	0
					793.451194165737	712.2730224299567	0	685.6154862578703	612.1763039477948	0	681.1914098517836	614.8445451063806	0	680.246140164335	615.4178949791012	0
					691.0273405623195	612.4890471689941	0	688.1426475775761	614.7708625043346	0	689.7120831651691	614.6927993890939	0	614.8565675457787	226.7083996477436	0
					609.5454630011697	209.9947326048529	0	632.7941170638699	206.6292190909627	0	605.3450336071433	163.1389588978325	0	602.0029479372048	129.9485417698871	0
					624.1409268493223	156.7251349201265	0	717.8032671317947	83.75300501004722	0	704.3857880542814	97.85207150999923	0	779.1126869017165	52.00836662542353	0
					768.9711580619843	69.09236780129675	0	759.2390585919459	51.77186136269525	0	473.0558313913998	29.35349140657202	0	496.4933313913998	29.35349140657202	0
					747.809019966531	105.0232412710065	0	628.1465372876569	77.67447305183556	0	567.7470695863155	30.68331722436545	0	591.1845695863155	30.68331722436545	0
					562.8109239166581	85.72672840086724	0	543.663290270537	92.03095491140438	0	553.8465055265101	67.67086095926803	0	527.8883969139863	111.1161812675343	0
					518.9239785238385	93.06031382593504	0	571.3157186584174	168.7334805894001	0	593.453697570535	195.5100737396396	0	375.272186022532	192.294572459456	0
					490.2553739750438	85.42626149760449	0	506.0302673315944	66.34103514147461	0	558.0263910528261	48.1359257654499	0	538.8787574067049	54.44015227598703	0
					441.6607119905773	59.95483347999429	0	437.3548805991775	30.60134207342227	0	500.0538449027059	244.8557878714207	0	561.1087536070424	146.6143497143158	0
					545.8190805898721	133.4765780170211	0	567.9173816778552	123.2245940502984	0	886.8126021003641	732.5700527503677	0	887.6286167382902	730.6674719082437	0
					887.2457836726801	745.151364018775	0	887.2268816570308	745.6011928450282	0	886.8078468970145	745.4888585013982	0	881.8539453747667	745.1319375967716	0
					882.1230550974717	746.4256795693258	0	883.5671875828564	745.5837817998695	0	883.4278330165851	744.9521949270109	0	884.0461600216078	745.1419141615861	0
					883.7845450560213	748.3202515071678	0	883.0954757841436	748.0372514217688	0	883.8625715087087	747.1498688715419	0	883.2025084237976	750.3659245103618	0
					884.078954855382	749.6319668061576	0	884.2640139477232	750.7902572591249	0	882.3579810614922	752.5654747505605	0	884.5686310204995	752.0442895700622	0
					883.5390445658529	753.0855493572938	0	884.8460505799471	748.7445842559308	0	883.6795084123549	746.3201849102938	0	883.0611814073322	746.1304656757187	0
					876.6155291599064	750.9262432714377	0	879.3865150730326	744.3205975307399	0	878.3480784121334	745.2114610827565	0	872.5214098171438	750.1099447635186	0
					868.9377218797897	748.3063214193946	0	876.9821657899728	746.1832535513981	0	875.1528718272648	747.3863077466251	0	878.1274465115282	739.8178531687604	0
					876.9796186289138	741.8059493856038	0	873.3623937644016	748.0884597155631	0	874.1825849772274	751.0791331706916	0	894.9292173797966	717.2363703428333	0
					895.8056012197653	714.6829486319625	0	900.950504157221	713.246481594178	0	900.4411557571696	711.2945785750161	0	902.4121705417297	711.7240688634902	0
					573.4277940518128	407.9481107776166	0	627.1594313712069	368.0441025956452	0	643.2462818499346	367.1696386526417	0	527.690955808707	331.1829653157417	0
					530.4099568508673	306.6118115288866	0	544.223395960124	327.3938265880795	0	640.1284882558293	294.10174800476	0	1461.046469005918	857.2885457415987	0
					1407.071783750121	839.6713176347977	0	1318.464854636495	998.4221317943834	0	1308.09573138308	1031.465570669659	0	1388.221582677342	877.8305625691157	0
					1411.946724190126	907.1651648394532	0	1378.075368855632	914.1686359253717	0	1450.900255184208	987.3766190978545	0	1456.944115289281	1054.6875	0
					1357.211078535307	862.5117521615259	0	1391.082433869801	855.5082810756073	0	916.8288972052346	744.4761980419279	0	918.5665209608298	746.019075628264	0
					916.3497407541007	746.7423588693781	0	920.2289678830019	747.4028472037526	0	913.683007635924	740.0041287099846	0	912.952998750016	737.7205903753916	0
					917.3689287975878	736.3275740293002	0	919.5823743647127	736.705446997325	0	918.3954932906208	738.324645535339	0	926.3765299494274	733.0938105993171	0
					925.1754859587404	734.8820834439964	0	923.8430618808234	733.1715594372827	0	926.393028857902	736.5275836447321	0	923.8595607892978	736.6053324826978	0
					919.9596796860908	729.290568745573	0	918.8525996088757	731.1782906079015	0	918.0762506880258	729.1322205993301	0	933.6059057003481	723.0165375059673	0
					935.4017848786036	725.5321859862412	0	932.3195210623894	727.2282210460146	0	926.3630729738804	721.9312054408064	0	929.7238173634157	721.7269486719366	0
					927.1628974945986	724.9168293346105	0	942.8428498453983	723.4521324655387	0	940.1052840563418	737.2115849805613	0	937.9892758695415	740.9500544703035	0
					935.40992847415	737.0220452591241	0	938.8111537338873	749.4286155563005	0	935.7370075272991	749.2194707079761	0	937.5766504933463	746.7476636312538	0
					933.8982122870539	743.6495167658978	0	936.9723584936421	743.8586616142222	0	940.1451112061964	752.3418945829224	0	941.3624085252832	755.2188685498247	0
					938.1888080869268	754.7773965999254	0	942.4020984149258	732.8924945976166	0	943.8244085873805	746.4343050662164	0	941.6677140758339	744.0482013356593	0
					944.84132596328	743.5256979222976	0	938.9797917074145	730.1763277180282	0	937.2745234972617	728.4064745964815	0	955.0242054181864	728.8313493522187	0
					960.1796716802821	723.2850779576183	0	972.0095886686818	739.5753590831323	0	960.4768357052252	718.6081002963087	0	963.5445859668346	715.0653139868476	0
					980.2580073276295	742.0733372282782	0	958.5370123432137	763.44204536999	0	962.6127273306945	763.2033067583375	0	960.9524725138708	766.7335497293732	0
					992.2557478622407	747.4911538840122	0	992.2557478622407	761.5536538840122	0	927.1316959703995	753.951496841859	0	926.9709330372214	751.892843037648	0
					929.0344677638141	751.8171816973036	0	924.9073983106289	751.9685043779925	0	924.4148759752838	764.767173873868	0	927.3486723496092	761.3005914129587	0
					928.4807582169102	765.6986292383242	0	918.5361679878563	757.2400388103589	0	916.7103622280092	756.1336879926731	0	930.0836772669184	770.0299312710059	0
					933.0174736412437	766.5633488100966	0	918.9355334532761	778.006261968934	0	919.5539595493731	781.4851832699678	0	935.9282450088004	763.0238832754387	0
					939.3699170029026	778.5256914767099	0	934.9907347122828	777.0586232285661	0	949.4102868416441	783.0359782353173	0	945.4014465720552	787.7328823729613	0
					925.9512889531638	788.1938090462356	0	932.1238124623512	788.3717481195861	0	949.8988727262852	776.1367211765836	0	952.7487539195918	772.5822455604464	0
					1001.160536	780.020971	0	993.5516702153493	783.536596	0	955.9304022954377	785.3439120728351	0	963.423643435548	782.4076335662003	0
					962.9350575509068	789.306890624934	0	990.9393547439397	818.692846	0	1001.160536	822.208471	0	990.9393547439397	825.724096	0
					979.1067045771656	811.520377935301	0	969.3137255759771	818.1633527804541	0	989.3262004507025	801.114721	0	983.3687604453874	804.489127935301	0
					983.4526756717669	797.457877935301	0	1001.160536	871.427221	0	922.5244295538358	834.6622190829073	0	924.7628760710775	822.4298686397619	0
					931.1185871937744	833.3769111897777	0	960.7093241347898	931.2931308824591	0	970.0445702657139	921.9826012666762	0	971.7965184784458	935.0502506157829	0
					939.8344703721468	865.9463013862712	0	928.7803976355372	861.2860459669903	0	935.4024767169947	754.4640630317235	0	933.2856469392891	754.2778415666819	0
					934.8546809901345	751.7142011679813	0	925.2828007425858	759.2210246497469	0	922.4511122729396	758.4238577459932	0	924.4511229075424	757.2757463472376	0
					930.9665409547106	752.701907602227	0	931.5143366815707	755.4517694659693	0	943.8889073849184	760.7959862517474	0	948.207199501288	762.2480444184118	0
					950.1473052150543	757.1537693699984	0	952.0535417303686	759.1031261752655	0	949.2421158587856	759.7256095352996	0	952.9776385927473	766.8460622239086	0
					950.1134360166022	764.197401223679	0	954.012554950245	764.3236273407962	0	973.9617671787345	793.6014484944506	0	946.3225720702679	752.4227787328502	0
					948.3311559197273	754.9192218314556	0	945.3272954940121	755.279809631427	0	966.4411088816569	761.7848768220626	0	964.4975585858951	776.7801155715433	0
					960.7235878407153	772.469733065911	0	968.8021582465315	770.8051936233529	0	1007.897712006622	776.505346	0	979.2594667112051	777.5682735644925	0
					977.4023242405179	772.2967494949191	0	979.9192071840496	790.2270415591496	0	978.1855515608579	783.1957915591496	0	987.6764600538903	787.052221	0
					971.5022138413642	780.7430941236421	0	1021.680452991529	791.1588279109216	0	1023.823382003182	801.5988813924945	0	1030.252169038143	797.492274481573	0
					1024.732755128191	815.070399481573	0	1016.161039081576	808.7369529109216	0	1043.596847946734	806.6389527746787	0	1043.889443128419	817.2926492931058	0
					1032.687693231483	818.586024481573	0	1009.115474103292	818.692846	0	1008.206100978284	805.2213279109216	0	976.3465856373178	832.755346	0
					964.9421377254157	828.7102277804541	0	1027.880091201588	847.3819018424394	0	1035.772889934977	840.2803492872235	0	1030.044807743525	857.972250509644	0
					1044.265353412924	832.2587845495516	0	1047.057954934732	843.2994128367751	0	1061.415853479571	845.7848415465514	0	1086.372279921544	866.4152506547777	0
					1072.700918479326	842.7657779969999	0	1046.721520934136	906.583471	0	1049.199289936548	892.3203249474182	0	1032.641843020565	869.0605102471346	0
					1024.815476973817	882.0878722224206	0	1035.933195964117	886.524859024714	0	1011.342330015133	875.0566222224206	0	1017.070630096705	939.802221	0
					1001.160536	953.864721	0	1049.158468072157	927.677221	0	1077.972395001054	927.2367413373697	0	1092.037878564285	922.3333828610162	0
					1110.892035043517	948.9353016711514	0	1091.733936195918	959.4050855475384	0	1069.302450866079	983.0980271917322	0	1015.453071695763	994.1261790806989	0
					1087.877510626176	880.8135476051959	0	1099.465225186995	890.1733351814244	0	1116.204379029381	889.4004407585077	0	1110.206332919751	903.0351096243764	0
					1108.777032406671	921.5604884380996	0	1129.060489398982	929.6370284345116	0	1170.952534017893	943.9007477850537	0	1158.999999623619	962.1705602478646	0
					1143.128026430103	938.7420292047525	0	1140.909165521251	1047.409580272536	0	1162.988664289345	992.2322882250821	0	1183.889262268762	1043.34675190556	0
					1182.132918114791	1013.072469255023	0	1200.318509408384	934.8167689469876	0	1121.565001461433	874.0077480542907	0	906.7740747985082	761.1823387179074	0
					908.6490864665352	762.0352551080454	0	912.4517428525185	779.301215398124	0	924.5466128046387	797.7172487552076	0	919.3053080055503	798.315459781202	0
					923.6452433923001	794.1191116508128	0	898.7447751634397	787.9768310206041	0	901.709533511473	786.9422560668345	0	902.620240661533	789.9798628918106	0
					792.4799316979456	758.5627273911157	0	794.5939398715054	756.1424212512577	0	795.6395410636544	759.1490558183962	0	788.2526141576052	755.4570254076041	0
					789.5861358911059	752.9643154532213	0	786.1187721924213	765.1273018204349	0	787.8162926346617	761.5019328673384	0	779.6630581596874	748.6109341999015	0
					778.1801396017059	751.1536848956023	0	783.5971717876089	771.5997308744925	0	786.1395959066023	768.5076514290284	0	787.5880678866204	771.9121793099112	0
					787.135136277523	779.2317692647896	0	784.7272954777156	782.0408943690504	0	782.6378029678194	777.8133838596359	0	848.050362369798	678.586226560257	0
					850.7482690161823	681.014015491035	0	722.2189127896485	554.9299915951905	0	721.638987952708	548.9957410166276	0	749.9944503771983	557.9930000256049	0
					740.7984379882319	556.7692952383027	0	751.2207594108231	566.4102441019301	0	757.8187066143797	561.329891696203	0	749.8552835119858	588.2244235773658	0
					745.1237578904111	583.2816482432892	0	765.1022218969067	555.9708031368522	0	764.0767721742027	545.4552111844049	0	772.5865964903545	548.5133667013791	0
					821.1423711217684	572.0896991207983	0	809.9615252105549	571.3817112604606	0	807.1850451535879	558.9358652982778	0	782.8806649860271	548.5164072620378	0
					781.8552152633231	538.0008153095905	0	760.1236479867675	539.9971385358592	0	787.2799098794978	528.9342884351246	0	750.0391076749934	677.2272903504935	0
					745.369250286754	674.1126020890247	0	738.5228158062896	679.1400504611152	0	733.8323385492924	681.1209011995697	0	730.4976043467569	685.1781452302625	0
					735.5052037673738	686.0991743226805	0	723.910580480908	683.7045735107681	0	725.4058014605266	680.4319238528792	0	727.3295181490571	683.4725217650407	0
					741.4525195161194	684.7471380730508	0	728.3644054300551	693.7751967561039	0	790.0603208851135	670.8321839332675	0	719.063324318214	657.3955849650951	0
					721.1418212000789	657.3622502413729	0	722.9266056746501	659.837319116225	0	723.9803624695822	662.4121500895336	0	725.4423762150901	667.3017430260888	0
					722.6072529304296	669.2333087965833	0	725.8065595690558	671.949891993746	0	713.9043087965047	674.3013186634614	0	713.5423490343372	662.0559751828259	0
					708.5179845834596	664.0646408069683	0	704.9197717386883	662.844071158002	0	701.4826861565647	664.4637528074048	0	699.4752162224892	660.4992949278203	0
					725.8980877065354	677.0406649356961	0	722.4791500383865	677.2727166814234	0	710.2641473491624	676.1456352097858	0	712.9597606156099	678.2712188662035	0
					717.22988058496	682.1847480591491	0	704.5219860911768	686.2777891370656	0	719.2933929276649	678.5454389592428	0	716.105876397182	693.9501242903142	0
					699.5401464524538	688.6576214322042	0	698.0434346858488	679.1556146766934	0	696.4087210445387	684.4291371474762	0	687.6448185021638	672.9356427023765	0
					674.3602807235927	681.5932823781327	0	683.1067196689005	673.6103142533083	0	729.0023833671385	688.4507948881514	0	719.9233514496727	684.3032846985129	0
					938.8492568864069	789.8527036976027	0	951.3227749809951	812.0877406136144	0	951.6051537347139	822.8696359461621	0	932.5713373887418	813.2397152470398	0
					958.6380137960546	837.461629165708	0	961.4816419682543	849.1159967357424	0	922.7682853958555	816.4230758094016	0	914.174127755917	817.7083837025311	0
					960.3083392056626	870.2097467357424	0	949.1545234280572	881.2262756505288	0	947.8227269246095	896.8467056639595	0	927.3488580910937	892.5832603144881	0
					912.0567184222029	899.1464432509456	0	913.3885149256507	883.5260132375149	0	898.1023676225698	914.2789240141387	0	899.3298896216154	925.1842454159763	0
					889.7434277130772	920.7415675803784	0	871.3451361472407	877.735974790909	0	869.5094619872361	863.2603989867121	0	929.160536	969.864721	0
					925.160536	962.6330673162639	0	824.1663200454941	929.6912757738797	0	879.4178925594672	880.7635176111555	0	850.7504641049691	892.9468325022053	0
					914.2631808819918	789.9371178698382	0	910.8128205614887	788.6330508445023	0	907.9246361488904	816.4490097631158	0	909.9192268241123	822.4558025934763	0
					906.1808758295257	803.6449976978527	0	901.8991301805659	803.6154118058282	0	904.0678043457553	799.6067239144005	0	904.6361030119191	832.5368067281901	0
					910.8855946189457	833.7961806676054	0	898.1726106746248	838.7989552352544	0	917.2413057416426	844.7432232176211	0	918.9968213026499	855.8145355638621	0
					918.8970782616543	871.4913198979294	0	886.0581668323979	851.9101668662363	0	894.8380580532937	844.6678225131753	0	876.578354098301	842.7181654934029	0
					879.3799555297813	850.4332912805177	0	871.8846643282473	847.6929965498891	0	984.9802293561011	815.177221	0	714.4135004111284	543.9456773805318	0
					736.9953657570314	544.270667450216	0	742.2382539585628	540.0362995889727	0	743.4754473556204	528.9704089275795	0	749.9233426029423	530.9306116613932	0
					719.910536	502.5630117304345	0	735.6629473556204	528.9704089275795	0	723.816786	495.2714420055595	0	731.629286	497.9900118253752	0
					739.9147857993736	497.7366157068412	0	751.5306613855136	495.3905578380609	0	747.1514115861399	488.35238423172	0	766.785536	504.6561739946293	0
					758.8701615861399	496.6044159141524	0	741.810341369478	478.1549874023527	0	730.194465783338	480.501045271133	0	747.1514115861399	468.1603773928653	0
					727.9124139500145	441.5467867877433	0	726.3961158308757	453.0656569425585	0	718.7729937808901	444.2980153075109	0	828.6014870469398	467.0872580022309	0
					814.4903053554881	451.9351950954494	0	740.0889946588709	351.4163238039471	0	803.8510928476773	418.7747257956599	0	803.5968712454051	436.1850304522249	0
					791.5800922333924	423.684008618104	0	790.3303419034806	493.137969818208	0	751.6335357993736	505.9886473892737	0	755.066786	513.5336132326826	0
					762.879286	513.5336132326826	0	770.691786	510.9872817619467	0	805.6814433291238	487.2578090748736	0	797.7616374256431	478.4748033044525	0
					818.1368292088839	484.3555267254966	0	779.8792583406594	447.7013989391958	0	786.8682033155601	462.7246386612279	0	823.1117404380843	411.8789224493762	0
					842.424078962732	408.0401918002325	0	802.2193047412032	456.8444779178936	0	767.7568273328362	442.43592836506	0	755.2555694371172	429.3090552533803	0
					852.723036	505.5464986680851	0	868.348036	505.5464986680851	0	860.535536	519.864721	0	876.160536	486.5478893867662	0
					829.285536	519.864721	0	834.0357277832409	507.9905659449375	0	747.7737927740532	686.8283768951782	0	745.396652464588	683.9351449304438	0
					751.0785605503252	692.0745962668113	0	747.3698688386015	692.6985652257472	0	903.6049385927636	878.0545028343869	0	886.2373524256965	740.9478676341371	0
					886.0064264959802	741.272830615779	0	887.1678489110807	739.699716385172	0	885.6162060708533	741.6902759643061	0	885.5285941862646	741.1256019372144	0
					887.3144047502751	742.161069771143	0	887.15684590253	741.9463851456179	0	885.3897227514652	743.001844659246	0	885.6639513614552	742.817831096307	0
					885.7427718455672	743.1385329097832	0	886.8014290308279	739.3595157511991	0	885.4360240304256	740.4024674424556	0	886.8107868451423	742.0583476607177	0
					886.9179297476722	741.8727708063356	0	885.5411405918746	743.6424982331466	0	885.2990179296435	743.8697633436299	0	885.2264205733459	743.5498115832054	0
					884.4594949094055	742.4607676007914	0	884.6270227587954	742.2026899779369	0	884.8635120498694	742.3995210093997	0	890.750970918092	740.7804741569336	0
					888.7669695701982	741.1933534904936	0	889.2003671448147	741.623688575974	0	888.649106670002	742.0504796560347	0	892.9360302288428	739.5584346489092	0
					891.5641846222765	740.1806338447576	0	894.0484785300597	744.0956061991355	0	893.3637921935182	745.1448715970445	0	893.0268904475647	743.698044558909	0
					891.7151599110255	741.0829051650835	0	893.119975199658	741.5659220069538	0	893.7998376507437	740.4914555140126	0	894.2074942643765	739.5668253100142	0
					894.7790997178358	738.1712481260276	0	897.6876273007656	742.1285470562229	0	898.6954844547215	736.7075207201899	0	899.4180517183238	743.420369037494	0
					895.4529048892515	744.2319260839033	0	900.9804072679568	739.24935685847	0	900.7008019808286	740.8401581863131	0	897.6342099473677	748.0776575061757	0
					901.2640286001113	742.9248520418969	0	912.8980422734288	743.6304830678484	0	912.126432747726	746.7151341532453	0	910.4123580226493	745.1461359380518	0
					900.6062230798576	736.6601324575937	0	902.6879160292937	733.5028591043508	0	905.0449805632031	732.9417875197461	0	905.8800552240123	739.3366613242488	0
					907.3275517261361	737.4255846184622	0	908.6711437047804	743.8588114079764	0	911.5353153268615	734.7973335943868	0	914.7643643003414	735.0235157863096	0
					917.6138625677299	740.849843684064	0	915.3970823610007	741.5731269251781	0	908.1676614809478	733.370306322312	0	909.7733665920975	735.0954858041694	0
					908.1182446653863	735.7692287016114	0	915.9512453744333	733.4043172482955	0	887.1790593547668	738.5098099058716	0	888.3639981578523	743.6148061226845	0
					888.7211604443394	744.053017246535	0	888.1865252091382	744.1241121991	0	885.3807107147675	744.4356799805923	0	885.98969547749	744.1314109016225	0
					885.7566682440854	744.6046408886438	0	883.8143782344171	742.7286593446267	0	883.8734255510976	742.4172304125332	0	884.1639583016507	742.5753655014221	0
					884.8323811529676	740.8381109493295	0	883.1985439707615	743.6698850828468	0	882.8021063764871	743.533047329012	0	883.1756639404321	743.0934859377048	0
					882.0351679542704	741.4461929384089	0	882.5436392798281	741.3750307794157	0	882.5039054729607	742.2220869320832	0	881.0062940196486	743.398614119121	0
					880.6117667878776	742.6435481101439	0	881.4240936498237	742.699706298461	0	883.119710660397	741.5525286722865	0	882.3873302467803	742.6249486374732	0
					880.4764986647011	744.1061342795265	0	879.3699336685045	742.2947450091624	0	878.279950076836	742.5092082603758	0	884.4123157904176	740.3288464108214	0
					884.7581004594789	740.4801274868682	0	884.2171828004368	740.7121956014655	0	907.4202980742812	728.4255142732375	0	905.5944733284936	729.2917042375452	0
					905.9437732510635	727.3012493597118	0	915.1579257439987	731.5601007334819	0	917.7624902412451	732.8641589764725	0	913.0642766251324	721.5459269739665	0
					914.4068444262556	724.5042770364917	0	916.6969205162202	727.8400026597711	0	915.5898404390051	729.7277245220998	0	886.5962009597358	744.6697007424095	0
					886.8931646321148	744.3657325705249	0	887.1237125850428	744.7350615032603	0	887.2254709960914	746.0489062474703	0	887.663407771757	745.7114117648471	0
					888.1310674154604	746.4897798238017	0	887.3510650958708	746.4812595534883	0	886.2221967201993	747.4564769512768	0	885.7161905446753	748.0031608271261	0
					889.1843305949573	744.9156790157236	0	889.1237448055314	745.4777495184851	0	889.3962901485131	750.1639556383698	0	888.6027043458275	750.2090900085623	0
					889.1072344621033	749.2643529340814	0	890.3189461010626	750.0496045909093	0	885.445077452084	751.3103318658581	0	891.6747478414835	745.4392348981646	0
					892.5285113291586	745.6904682768661	0	891.8610550596188	746.3823932182129	0	890.5883568081565	747.2682997949751	0	890.1531108037475	747.7654039279422	0
					889.4848816212796	747.3794503457777	0	884.666599034621	745.3412055010292	0	884.4004475927247	742.772196532885	0	882.2989236138762	743.205710245654	0
					884.1629117300774	743.2692303029476	0	883.8965070049456	743.4409949319596	0	883.8385062598383	743.0585590625276	0	885.3556683064987	745.624205586428	0
					886.3703870837876	745.6957877862592	0	886.3892890994368	745.245958960006	0	886.3018931062793	746.5714475724649	0	886.960436694844	747.6884233184992	0
					886.010600344036	749.3148761261159	0	882.2353759269703	747.1620826797501	0	882.3140512665059	751.1018011581194	0	887.8097267411638	742.3233262695007	0
					888.1280280385815	742.038309783635	0	886.9099395225307	741.4741934854114	0	887.1599396200007	741.0411808397935	0	887.5139889025301	741.3277956456179	0
					888.4694901874154	743.0000930834176	0	888.5614256131978	742.4686448691155	0	888.990568818836	743.0122629558174	0	887.7342497402512	742.7203534487072	0
					887.5036294996377	742.5872047214923	0	886.8119505601703	742.4790804959517	0	887.2389277493626	742.5580969503494	0	886.2955992879489	742.8903591693738	0
					886.0986515446169	742.6805358848646	0	886.7935197397479	740.7009802058207	0	887.9898490476928	741.2574637852772	0	887.9348549522142	743.0711880359826	0
					887.6287577106881	743.3350664879741	0	887.3910325396769	743.7037661326469	0	886.0578468481192	743.2374776653255	0	885.8266773823615	742.5762343157542	0
					887.1866892070623	744.0763622607101	0	887.6250195900365	744.0584972033126	0	886.2321731237446	743.9104038967404	0	885.8562155944268	743.741442988689	0
					885.4736282882595	742.439546065217	0	885.1709710833063	742.4112931161574	0	885.0034432339164	742.669370739012	0	884.2358228578905	741.500718458734	0
					884.4747390127484	741.5743327980163	0	885.0822637180283	742.9900725524883	0	884.4584483378321	743.154632402317	0	884.8401410557971	743.2173376629715	0
					884.6026051931497	743.7143714330341	0	883.5479735092852	742.9004239736387	0	884.0638589652607	744.0809967305535	0	883.7394534950215	743.8703254901335	0
					883.4367369600361	741.4268539720181	0	883.704876831991	741.1013612500476	0	883.9145692697516	741.5740826505828	0	883.3658959310766	744.3098868814407	0
					881.9070275144988	742.8740106992573	0	881.5125002827278	742.1189446902802	0	882.8869234923252	744.7517545197243	0	884.027053636541	740.9047522270155	0
					883.9347175080641	742.0817559709409	0	884.255971096203	742.0083917790921	0	884.6599882366669	741.9471451877005	0	884.8457906753408	741.768630996861	0
					885.5103047239143	740.760450904917	0	885.0275141429483	740.4547617586854	0	883.5492213268255	740.7575235484508	0	883.4332861301393	740.1102205406668	0
					883.9676829859355	741.8262111807046	0	885.7836182381292	743.4214912282645	0	886.6591775817552	744.011001499859	0	886.1587411465089	744.8766300272705	0
					901.6923580039584	731.9061071257458	0	900.640971667262	721.3134036498944	0	897.5290220511631	722.5793609918545	0	899.4609674142315	719.49788062661	0
					902.2636467978928	728.0921908864294	0	903.8476850387227	730.0034825718789	0	901.9933833313397	729.9282341342888	0	908.0567353234878	723.1331326693606	0
					910.0347173807312	722.7189973800879	0	909.7475800540944	726.0209241061314	0	905.3242098619405	731.1277474854046	0	899.7123727743156	717.3472227667526	0
					897.9156589454808	714.6397567772794	0	900.7762032014956	715.5244572951769	0	907.0419011406532	709.8284065992596	0	909.5683747268214	711.7564942372182	0
					904.4292957278464	711.7002534822869	0	910.6793802264708	715.5567031256601	0	913.2919856392775	713.6848562426327	0	906.791768852974	732.2300091854124	0
					881.2844648118593	752.143060945351	0	879.7679420010866	753.2007864789656	0	879.0163107708573	754.457496750206	0	877.8939502318731	756.0315432741863	0
					884.5539699296181	754.5456987233008	0	884.8640536830635	757.4229444769913	0	884.9665621975171	755.7684645301385	0	886.4723705462046	756.6643757373237	0
					883.9468645269123	758.8037326366712	0	882.880258389865	760.2939342737312	0	878.7924319611718	757.5384096762648	0	879.492382418119	759.2320504080915	0
					875.0092663291831	758.250485478027	0	876.8612500466577	757.4497978701784	0	875.9077480584817	759.7573518801055	0	872.0614733365877	770.3940087353678	0
					875.1060888545244	771.4832963151423	0	872.7379887367257	759.0301612886483	0	882.9232152828602	762.3385319719025	0	886.3706150724369	763.7043467763993	0
					884.7583466358483	764.9624467447659	0	882.8998788996282	767.6375833421716	0	886.347278689205	769.0033981466684	0	875.5931476670585	774.6686462343856	0
					873.7378633801159	777.3524165071096	0	877.5237142395819	778.4034495986948	0	870.7982412899835	779.9035154629396	0	889.7761483391063	765.8279583188373	0
					888.0949308574591	763.7714393076058	0	889.6653327711401	763.2711360771805	0	880.1609686338927	785.3072722722259	0	876.8996599222266	785.3998365706575	0
					878.9297386643054	780.9946555729872	0	890.0179014487682	772.296139654534	0	889.012169338781	774.6945660560079	0	889.8817314926871	778.4929136724438	0
					890.8080051673289	780.9231324609507	0	887.1356635183579	779.0174594111356	0	891.3187150192095	770.9570921282575	0	894.5959314463159	777.8042527374696	0
					892.684510987752	776.6002391058229	0	870.6355322320279	761.736424254309	0	864.0161350494379	782.4935009537221	0	868.2016469284988	781.8789648761212	0
					866.289729350609	785.6526547753829	0	855.3545543613066	774.020477022377	0	864.9931298916788	791.382423670688	0	858.910268221682	789.783158936812	0
					873.0718355911546	783.0626692846004	0	849.8483071367327	798.9893618985964	0	904.2543594850029	726.0526202573701	0	911.1130772754655	727.3425202434917	0
					909.1350952182221	727.7566555327644	0	906.0801842307906	725.1864302930625	0	847.6519212487106	804.1963012307066	0	842.7460719285132	793.0874702854483	0
					849.0230511802572	811.4047660850218	0	827.8744657332691	809.6720241060927	0	858.9935515667637	841.6252647124375	0	824.8412031267536	827.6750068103102	0
					820.4948538094313	823.6789195677351	0	827.647645458009	822.6437799863915	0	870.606468171457	831.9310732587087	0	863.0071912761573	834.4864685964546	0
					876.3247031281101	863.8367286578439	0	867.8710246188537	854.8317926658719	0	829.9507530325188	793.3474758990121	0	835.3670826072166	795.5705606169327	0
					835.4622034233747	834.0140274055206	0	743.4037875139086	739.9779714624639	0	743.2246694593136	738.4404329116495	0	673.170657882868	614.9857827300136	0
					673.4950095003014	615.012808056744	0	673.2946615840635	615.4574280531187	0	672.0699887683213	617.078877327123	0	672.3009146423569	616.7539142755138	0
					671.3763419220286	618.8067853641444	0	672.6911350152714	616.3364687561752	0	672.7787469807806	616.9011428609056	0	671.2683203384811	615.2116173423378	0
					671.1002828681978	614.7558987633267	0	671.9034632321567	615.4967884071798	0	671.7142114097111	615.6864977682785	0	671.8965118690849	618.981386383196	0
					669.498043999752	618.9943012551867	0	670.9911913870731	615.8646678314115	0	671.15049509747	616.0803598543821	0	670.4455643468873	613.3514011591094	0
					670.1309063563638	612.4687410784389	0	671.2545075060602	612.5529279865344	0	671.496554169212	615.9683972926958	0	671.3894112666819	616.153974147078	0
					672.7496363805512	614.6541738179849	0	673.1849508615496	614.0903747691502	0	672.8952832792022	616.1616199095113	0	672.8882816147552	615.8902498298899	0
					673.1619656892481	616.2123272619456	0	668.9877241051961	618.6033967993778	0	668.3685001488616	618.3304170663533	0	668.8985913847337	617.9667744258362	0
					669.3839208709927	616.3926693515987	0	669.6478075472642	615.9721251136466	0	671.0399694784285	613.9269003094241	0	671.7135384887488	611.8918728262485	0
					672.4526863942021	610.7726788138255	0	671.67899742099	610.5510738934411	0	675.4585407333038	611.67500093079	0	675.0790147693571	612.2044006905892	0
					670.0744422217784	610.9508961198242	0	670.8101908071019	610.0993683341153	0	674.0669081920867	609.0950929805297	0	674.3547986525675	609.583472075501	0
					673.7878874205253	609.5808812020587	0	670.492526069746	615.7004810616311	0	670.1726116155016	615.9864458691136	0	671.3974015618581	616.5525514913832	0
					671.1474014643882	616.985564137001	0	670.79335209747	616.6989493543822	0	670.3855404128096	614.9923110060412	0	669.7355032971084	615.5520887049721	0
					670.5519977806548	615.3293300969748	0	670.7842164850549	615.4634016981668	0	672.1211204726558	615.2148888827624	0	672.5492884643133	615.0987938143594	0
					672.5421419749725	615.5464977947912	0	671.513821383528	617.3257647290898	0	671.0506630979819	615.4935168667553	0	671.4752952404992	615.6128834755826	0
					670.6772308281185	614.7552316425769	0	669.5374789270915	617.7436624562765	0	670.9338255003524	614.4188796723931	0	668.9182549707568	617.4706827232519	0
					668.9679527638798	619.3579438957038	0	667.5270629343848	618.3109865817537	0	671.4630215185078	613.9275674301739	0	672.7959545856697	615.6349726019218	0
					673.0626369957156	615.6856799543561	0	673.386988613149	615.7127052810866	0	673.4500014758244	616.3010761765538	0	673.9394842822315	615.7490266448923	0
					673.7074596938836	615.9772785461298	0	675.5937152854151	618.0071877017085	0	674.6734669939831	616.5441352049677	0	674.7040445625	616.9566817499999	0
					675.4376920960611	615.7915102130481	0	675.0690914265135	616.3074054247139	0	674.6250022269796	615.3643235846495	0	674.6555797954966	615.7768701296817	0
					674.2293777944492	615.6010533649032	0	673.1460150937301	618.9860170288148	0	673.4521333566795	618.3644175415546	0	674.0793598851845	617.1115113945029	0
					674.4268515645239	617.1759121438884	0	674.1851009497084	617.4487305383914	0	676.329047314498	615.5137198889045	0	675.8113425923138	615.4041407583303	0
					673.9089067137145	615.3364800998601	0	673.8179728325611	613.6246841504567	0	673.7849030125191	614.8648347767551	0	674.8097856270239	617.2939008938883	0
					674.2925598591885	618.7350474693792	0	674.7253705051558	618.8627324120605	0	673.5124350128699	619.3262176209034	0	673.1082914339793	619.5133661446212	0
					675.1983701996489	619.3688151313911	0	675.1918090535718	620.0730454686577	0	674.3647793226368	619.9696235310882	0	673.9230259109165	619.5594799652658	0
					672.6338411910592	622.9741004301181	0	672.8458592355714	622.3335763682361	0	672.6305286300378	621.6795595456831	0	671.9750246761987	622.8285548194124	0
					671.2638221145539	619.2954073789854	0	671.6203346760534	620.0137091742371	0	674.5569531414393	614.9247910752914	0	672.9702028374635	620.0295275401418	0
					673.881968961142	618.501785125017	0	672.7698544305863	620.688288338705	0	672.2653459149305	620.8642491421367	0	671.9611858061521	620.3814491470055	0
					671.3355177861247	622.9722252413609	0	673.9607495706673	619.0321308494593	0	671.9664633308107	589.1706392546437	0	673.9247929544069	588.8341909437232	0
					673.8540225046145	590.6993274163988	0	680.4430028669672	588.3505608205737	0	678.5589831826338	588.8375828135613	0	672.5373797908676	585.5072824154155	0
					670.1341831342934	586.6925368056434	0	670.6343291445578	584.8943164390907	0	668.7408739551493	584.0841493402684	0	671.1440706117236	582.8988949500405	0
					655.9596415754567	569.1424212073508	0	659.616788523732	568.9997113463869	0	658.0516367848061	572.3080931169559	0	681.5785095916502	570.9607807206937	0
					678.3065601826863	569.2297063221865	0	680.6555760828078	582.2970743346128	0	682.0184063070174	583.6814854745998	0	687.2928870853011	595.2532066903552	0
					688.6051004542305	596.8903093643853	0	655.1815250271022	559.2287786499857	0	651.0602554824816	567.1846555999102	0	669.16739815443	565.9738240840963	0
					668.3382343240078	591.8319446935593	0	668.2776551550774	590.5894581035136	0	669.4271292004471	591.1561339971137	0	660.3328272890128	575.5648999869973	0
					663.6354786266793	574.7178735485675	0	662.2595221826107	578.1173902795729	0	684.6767207561441	578.0114034003827	0	684.4023405238922	580.7345696062711	0
					682.7146211376069	578.5799183653739	0	685.733216865355	575.445545776427	0	687.4209362516402	577.6001970173243	0	685.63779500586	589.6719349064118	0
					684.3505310867649	588.0937865017461	0	691.9286904530638	587.7202392026861	0	691.2298349511188	589.6043534316145	0	307.5861341829182	627.4193059672625	0
					311.931522701715	646.5576558295986	0	157.7954598904014	304.5513930297965	0	155.4624644531898	375.1097191709024	0	93.12344205118457	351.3166738588941	0
					880.3848542541789	732.8532616007442	0	879.5976719379004	733.288966992413	0	50.50319883293764	487.2533735531434	0	50.50319883293764	534.1283735531434	0
					881.6285906985127	732.6551368079531	0	877.9907888675879	732.361232617413	0	882.2231138551158	729.3092365870896	0	878.1865235653331	727.7769747564153	0
					880.1982668661321	724.2946935833959	0	880.5647229576469	722.2026195784817	0	882.1565815435113	719.0522344331787	0	885.8636112485074	719.9604896228756	0
					886.8784780412825	718.1405228360854	0	887.8469571749656	719.8735182902946	0	876.6299822023816	728.340727246297	0	877.0894395715698	726.7502754833298	0
					886.0009123862094	727.0540998590692	0	874.4786078933716	729.1401123616058	0	883.7912696918493	720.1787421936369	0	883.2604439664863	717.1009864082082	0
					890.0125589372901	719.8881781506302	0	890.9342151045164	718.031884970158	0	892.0849500740659	719.8665116172838	0	894.6778120197125	719.3870282026908	0
					1354.798957377956	465.1091592137247	0	1433.102013448047	558.342877673414	0	1403.307862182709	566.3003398861731	0	1417.270878244155	538.8040340077985	0
					766.5000520071227	752.4772735534095	0	762.1520464846119	751.0017712884888	0	760.8139761193024	753.3563249276667	0	764.2338948295242	757.6199274089744	0
					762.684536098131	759.9297388988838	0	750.5082047936148	766.9134110811406	0	754.5655494421858	765.1725673440744	0	765.9159077350431	755.1965596852569	0
					768.6745892833603	754.2113811716714	0	762.0593575532864	755.8858197907125	0	761.4333148352239	764.1637710037949	0	768.881942600786	764.6329042912485	0
					766.1980929645706	764.5071905392153	0	760.4994689113046	769.8263811881736	0	762.6396802512998	767.1206712596727	0	765.2642470406511	770.1698007235942	0
					771.7311892552375	776.2953243157178	0	769.7646486449103	780.2087657075858	0	768.0443982646434	777.2085326151862	0	778.0312067464702	799.4544389395799	0
					776.9405775323385	805.483580822148	0	771.1427017616315	800.5593347878885	0	764.6246433942165	794.5542676347168	0	759.6507346889373	796.281498159629	0
					760.2864201738954	791.5704927797208	0	1105.333826726374	698.7105101618433	0	1195.694746043897	632.785994015141	0	1176.425908508383	720.9291831796446	0
					1190.220576813728	693.1268252025577	0	1211.231203023046	721.1196853754161	0	1220.788076906843	657.2257647115621	0	1230.809673686467	635.0941576582254	0
					1205.349510296332	674.1174642334036	0	954.7905282134332	707.0039088207798	0	956.3440475892485	711.4487218428281	0	951.7227779518239	710.546695130241	0
					945.4574730607435	686.6926023142391	0	950.1608782415312	674.9608497479501	0	948.6720441722566	664.9339837734111	0	813.7960480402274	376.6053473374573	0
					815.0224954795565	358.7519103030861	0	776.9518480004291	384.970125352777	0	779.6529346145849	362.1975720749788	0	794.5354004498204	383.5011506837409	0
					739.1879326939047	583.121338564242	0	1280.649535785941	956.1055022448113	0	1335.16957859497	1053.061736229679	0	1293.393771817529	1086.279326800193	0
					1279.16722603355	1131.882844195238	0	1334.097493527456	1178.851953522385	0	1175.984930977124	1208.721145540439	0	1367.17792480399	1093.000246180107	0
					1414.773564174686	1127.765276735621	0	1368.063258400114	1142.640522915728	0	1335.765013917484	1383.360711834943	0	1291.982106921514	1433.327804838972	0
					802.9049098794978	528.9342884351246	0	817.4066655535057	529.5055311412932	0	775.5703296757517	314.7157109744287	0	762.8534452132292	325.7551308966342	0
					770.2534684417618	347.2647478616989	0	787.8370208911531	345.7957731926629	0	886.8807692327532	749.4547996739923	0	887.59722340808	749.8228169774738	0
					887.3207272785488	751.836528444823	0	887.7333195464478	753.0592942516607	0	886.1622867927592	753.7871299836331	0	886.010629268025	750.1962231027971	0
					886.3152463408012	751.4502554137345	0	887.9821818765236	744.4967083271631	0	887.5427473450591	744.8473958468903	0	888.8248866684869	747.3484944795296	0
					889.2601326728958	746.8513903465623	0	889.3040219211673	744.3925355114704	0	889.4814948698813	743.883229435055	0	891.0162375875462	744.0843172036249	0
					890.6140674060574	744.4396540645519	0	890.4665265281981	743.8674108390635	0	888.0422565137956	745.9227947478813	0	888.5113268184383	746.2534494043937	0
					886.9145389811447	746.3710406336693	0	889.171321771231	746.284405270642	0	888.4352473133024	747.8261878514702	0	891.1319387812841	746.8927066083254	0
					891.9857022689591	747.1439399870269	0	893.2564446605426	747.3397933314099	0	894.0917255249021	746.7941966515882	0	895.4335393373874	746.4486502224095	0
					895.0683439075667	750.4706750864218	0	890.4943760798474	744.9627975688052	0	889.9446650204993	744.7458912042437	0	893.5500994116535	746.0880299170926	0
					888.6816421381442	748.5930208915095	0	889.4752279408298	748.547886521317	0	887.8862790944897	750.7224196817619	0	899.3839999167901	747.1527553489407	0
					900.0889994158396	749.1938698490403	0	896.0413636844631	751.4710560084162	0	891.6423200884039	753.8724227380517	0	891.9303622261316	752.4170684133501	0
					891.605450410355	744.1296919674771	0	886.1762990064999	746.139094266447	0	885.7577412089222	745.8961947250548	0	885.5497563837863	745.1808991062403	0
					897.5368137859501	752.144014323756	0	897.3499365348064	754.8415887358524	0	895.7066839322438	756.756097511616	0	891.1135705912989	750.0299206605764	0
					892.2318010162089	750.8481060667651	0	891.6645752972179	755.6467808865407	0	900.3961676293656	750.5291685905997	0	897.521760196427	753.5141049886588	0
					905.896835130487	747.7670086470648	0	905.0899603560456	753.9566860999319	0	907.8995341790776	746.9434624933733	0	906.5986009772604	752.4573019650262	0
					912.2691402158609	752.9420142711685	0	912.1039818811159	750.908209775474	0	908.4468907796852	731.5562662879704	0	884.6979816503292	801.7205178675172	0
					882.8315866954314	795.8422646883776	0	888.7256074658987	797.6582519468766	0	880.2469293682705	805.4577473745719	0	890.1321236397173	792.8228978023915	0
					889.4275412366476	789.4608821435578	0	892.7004523653638	790.5037811782122	0	895.189030558796	801.5568215741962	0	897.3021020425664	805.5950953576482	0
					882.3432031275106	816.4893267489168	0	877.5631909222445	822.9259825561754	0	887.5629638862476	818.8714418018305	0	865.0694231873733	847.1166668787573	0
					881.1529875220227	827.3973408867098	0	875.7196700459251	828.3556340851773	0	881.6915559727692	839.1427263198716	0	874.1962647712351	836.4024315892431	0
					743.0094132140127	737.4933927580882	0	743.3421195305034	735.9816339877516	0	743.9639907825162	737.8106517713665	0	746.0520339867954	730.5686739264125	0
					748.7486448685202	729.025130209463	0	746.9445806533131	727.5925022408981	0	754.0146150282449	724.6726510338901	0	757.856293725102	732.2093965742299	0
					760.8694099210213	728.9222673458243	0	762.8991490208509	725.5348810708072	0	766.842027464854	725.7538243633915	0	776.0370557574704	717.6893945106347	0
					771.9938377748905	718.4828496951502	0	766.6269540347353	738.8026642229327	0	773.8086324337471	741.4694820004204	0	770.0597936860815	744.2706322027618	0
					737.3504880112956	729.6523700138138	0	675.1358341356386	617.4212983830205	0	675.5187681981386	617.5392871330205	0	675.9277938372766	617.7785485686879	0
					676.6936619622766	618.0145260686879	0	675.0415083476391	613.7840156011748	0	674.9947032779116	613.3361042659963	0	676.2954447005638	613.5994351072393	0
					674.8020872785351	612.7138477756569	0	674.4444337417524	612.9875250059126	0	673.0130411860722	611.5830713891125	0	675.5769502100444	611.0749957229236	0
					677.1922798920554	611.721603688312	0	672.9785001183134	610.242272456305	0	674.9139408627684	609.6181531353261	0	673.7860457797472	608.5263764301471	0
					674.3529570117894	608.5289673035895	0	676.5723049033196	610.4024872950945	0	675.6685465256136	610.491072433276	0	676.097820679114	610.0500372784985	0
					672.8870459072739	606.1222537594416	0	672.1864345131304	605.7203181269288	0	673.1630210388842	605.0610916471355	0	678.0443241948776	605.2262335436615	0
					678.5866699023186	605.8481408726625	0	677.5645373978452	606.1920753628031	0	674.5542320423002	601.991674973614	0	674.5093217457511	601.067584037389	0
					675.3059254267273	601.4920063249098	0	675.0172300366917	606.118189900929	0	675.6737679075704	606.1476673171453	0	670.5275860421236	601.3319734775559	0
					669.6836932546871	602.0679163182331	0	677.0438175495843	600.2416589480924	0	678.2006020629028	600.3912447227217	0	682.5930603762082	598.29830698055	0
					683.4152572491978	596.3680216666755	0	680.668770137537	604.1957829604506	0	679.9819466050412	605.5393275089041	0	670.5595831587735	595.4491316926343	0
					670.5667232873802	594.333316107907	0	674.5715580275644	599.777816487762	0	671.7257246562278	592.4087450214533	0	670.5217324004075	593.0901674513734	0
					670.6917006251979	591.7171981572392	0	676.5990542391637	591.9635283590925	0	676.1451819919175	593.9882090986833	0	675.3584798809643	592.3875598450692	0
					676.648695738831	613.3361205412053	0	676.6955008085586	613.7840318763839	0	677.004442122902	614.2032159874381	0	677.3576931611691	613.9399014214041	0
					678.1453603416644	614.2075215961204	0	678.1950498760739	614.7072025262058	0	679.5286362800541	615.720326858587	0	677.8971950206433	611.585430679492	0
					677.0528674267757	612.9077552895053	0	677.4807070442387	613.4339096830913	0	678.4493344198809	611.0436234368781	0	679.5805158205239	612.5071191997456	0
					679.998672361271	613.0693568815955	0	675.6489738947671	609.4418486661829	0	678.0202400417468	609.4777173816174	0	675.087990043788	608.3526628344464	0
					675.3688524561276	608.9213793848289	0	676.7900559021093	607.8667290668707	0	676.0376863923556	607.793948954464	0	679.1553167916318	611.1688504169456	0
					677.0391852009357	606.8284028425231	0	681.1468626307437	610.5571011392518	0	676.19912010448	605.5113398374253	0	676.4968394934947	606.2064955135222	0
					680.1691494262639	607.3390227952937	0	679.502159808009	606.5051693280457	0	681.166232982079	607.6004263878963	0	682.8903080593363	607.2174603762907	0
					682.7494526000694	605.1528558097079	0	684.742324148674	606.1739602217115	0	677.7896483585821	613.8530937941455	0	678.2683742247339	613.7015298578076	0
					679.1630240427068	611.943348231197	0	679.7301349323666	613.8002224745499	0	683.6140786358067	615.4785803022098	0	682.8389278818638	614.3196378368302	0
					683.7580879755994	616.7819033313906	0	679.8515275704369	611.0897513971221	0	680.5688666441708	610.9928582580757	0	681.8719089555526	611.2347058144567	0
					682.5351755900648	611.5132638321738	0	683.6459939459335	611.0184138959042	0	682.7387132896906	613.467093495722	0	682.1241320661973	614.3860901106709	0
					670.8311430401968	623.83851597483	0	670.0452750255249	621.7673349141891	0	771.7646288050215	758.4893728107143	0	774.3043216939399	757.6125530759673	0
					772.8991197098439	760.9248980526569	0	775.2511366124321	763.6209758207617	0	772.7114437235138	764.4977955555087	0	1373.896591008717	1324.947114338249	0
					1423.863684012746	1281.164207342278	0	1450.032906995971	1356.282906995971	0	1129.78497695069	1431.700949830598	0	817.5203755283269	1370.550227286326	0
					763.5972664304161	1358.947986869876	0	981.4680665959324	1244.934136240204	0	937.2298712720385	1225.601779077148	0	979.8964999085571	1302.084898541646	0
					1024.20403050449	1282.911982970834	0	908.7857952956522	729.7471104105978	0	912.9680361892688	727.0211476996997	0	915.6493185041865	725.9186359193327	0
					911.3734318945258	718.6581355371959	0	922.2731787662515	722.0112965576998	0	920.4451399231184	724.2614256798024	0	924.8340986350686	718.8214158950259	0
					924.4231294882868	728.2521863480417	0	926.5556365835616	727.9474899037147	0	927.1766129667851	731.0785901482761	0	924.3465612992795	715.2065333173166	0
					923.4495320369847	711.7711156128478	0	943.544536095359	715.1624416655359	0	940.0611597075483	716.8261096675203	0	915.5655630212389	710.9576594785863	0
					915.1426853918712	706.4170642190807	0	931.1799173927633	704.9377376879095	0	931.5894378151519	708.5622875534873	0	927.5393977487311	707.8870097571362	0
					910.9944989196176	705.8903895722278	0	918.5993847005348	691.2256777309879	0	918.1237264331905	683.0312839371888	0	938.5549655517193	688.1565825009818	0
					944.9765628479354	693.8891385829112	0	922.745440121123	662.3683207248811	0	951.0241644664841	699.2635202521806	0	946.4935080331954	704.1743974462358	0
					947.3484139236709	697.3360355902237	0	918.1357287532071	725.3231319965631	0	919.6459192393102	733.0225071227152	0	921.4927419351521	726.182792420241	0
					922.2690908560021	728.2288624288122	0	921.6890232485387	733.1482355180532	0	920.598913880908	734.8341038866241	0	921.625478373941	736.831175392663	0
					922.8430212731025	738.4766755933986	0	924.1523108002737	740.2655122676701	0	922.8900672392256	731.3599626733737	0	931.7122601513524	730.2588816151188	0
					928.5519547738711	736.8121401947689	0	932.9867377094897	737.6027041979879	0	931.0372553260137	736.6324197153083	0	931.3444379038738	739.7902302661867	0
					931.4871346029406	741.947104983605	0	928.1843575290975	744.6939774547683	0	924.9579420258758	744.26722577155	0	926.4539334153097	742.7069435351252	0
					930.8057780215324	750.6432537980161	0	949.5238822968748	743.9206099782455	0	941.9847541722436	749.8700875062	0	951.1623727666017	748.5967101028896	0
					953.6882345886499	746.6055184282804	0	952.32657877718	751.6719047429017	0	948.1622264854049	748.9869962928667	0	951.1425817913102	754.2967384714216	0
					945.1583660596897	749.3475840928381	0	943.3709923747424	757.7153116484301	0	939.9240204161895	760.7350451701451	0	924.5294686979857	746.3873588214919	0
					929.9163809730969	727.7432331348449	0	938.5609081352204	724.1947910564342	0	940.9701112267401	720.5778438552984	0	946.0031389149042	708.2957900874308	0
					947.5566582907196	712.740603109479	0	939.0238574747832	703.9299641342698	0	942.3273883720913	706.3683054254739	0	744.8207277893898	736.5165292408249	0
					673.8073163955949	610.560962664311	0	686.3541573025257	605.5724264813799	0	687.0342334576277	603.49041400897	0	686.2732586775959	601.4365890660489	0
					688.7060234458165	600.8176474198901	0	935.4103299986245	759.9432086721214	0	925.7175007585572	748.0820551324873	0	915.8908467554554	749.0203456692597	0
					914.1532229998602	747.4774680829236	0	919.7121911193053	750.2710181144494	0	918.0593527941924	751.4417530276294	0	911.6675387490807	748.9931209531269	0
					800.1739740153234	700.2334913468792	0	759.9713076069149	628.3478801197919	0	1283.566919479988	742.9496225419213	0	1266.744256705232	730.7693935639707	0
					1281.887969620432	716.5557409746291	0	1295.038483017722	611.61494668736	0	797.3334762795721	625.7408669659802	0	802.8713853842636	628.0296036524528	0
					809.8072959843021	627.6500596478462	0	700.6473358898154	434.3841922463351	0	711.5587109982539	440.4446840605061	0	710.0424128791151	451.9635542153213	0
					710.1715736738583	459.902847305474	0	721.0550456142137	463.0602669520459	0	730.194465783338	460.3090384322783	0	697.8188521275647	407.4548413162039	0
					731.8597110793949	430.4169417665295	0	738.8563083035928	407.8369666298581	0	731.9443212392781	417.4118838434219	0	750.3421173230753	418.4798211667995	0
					762.1675565014318	419.7341380398165	0	686.7405404008621	414.6158347972408	0	662.7360853296748	374.6729805479481	0	676.7700969297945	376.5809567289591	0
					700.8441183876876	338.6553877631945	0	692.8064141122877	318.3017980084927	0	754.669358936661	342.1569297789502	0	668.9039535454623	319.2539684458868	0
					690.0177634525205	256.2328632644477	0	660.9861547948171	348.1301214507787	0	669.2063880105768	336.5966215232579	0	612.9575103901832	307.8910765127608	0
					590.3384863614215	314.2628875989033	0	654.5307119332122	317.705915306635	0	643.4532409059657	326.5730563099611	0	643.1508064408513	309.2304032325899	0
					564.7024833664595	248.3361259774848	0	575.5161480524439	215.5892542964204	0	779.4576612255692	418.4185380439682	0	774.5442091115273	407.5893039573874	0
					779.2034396232971	435.8288427005331	0	811.0949614260717	399.3779006152554	0	666.212537559286	424.1785563563016	0	652.592512113217	426.7811049529572	0
					638.8059865988616	424.4957469340826	0	618.3915794712693	401.9205428865731	0	629.1991703291931	413.8682382861168	0	620.2306687016205	424.5853799567601	0
					610.0735826447503	388.9882657369855	0	631.6409368736728	470.5883306944856	0	606.6098173055798	427.7100486238963	0	591.9977498870792	430.9069298563554	0
					585.0776813812183	445.2764510442707	0	573.4225582916145	463.9229375983825	0	558.4816320962709	408.5353131754031	0	491.1627908314467	419.9905749177544	0
					510.5004090186746	388.3287248461388	0	542.8854876450623	408.5297895523035	0	549.8597260574666	395.5390641584212	0	616.0159368736728	476.025470334117	0
					522.7224407528574	406.0236225204799	0	556.8742262201102	357.5751664990249	0	553.9206633525544	341.3093630411726	0	569.2904946547008	346.919549165263	0
					537.883988262111	373.749260455128	0	553.4801327133194	373.7547840782277	0	583.111626761975	329.297832476338	0	586.065189629531	345.5636359341904	0
					522.0415498720752	377.8386428609805	0	525.6619565279281	356.054362780787	0	511.8485174186712	335.2723477215941	0	483.9618326517834	307.0315691573363	0
					471.2002837021532	285.8466773098428	0	455.6046174269864	249.3503219488367	0	467.3040435295026	226.1749432586954	0	455.907357433301	195.1300691842362	0
					500.3565849090206	190.6355351068202	0	525.3818617621407	189.273371431159	0	513.9851756659392	158.2284973566998	0	647.6493597115673	353.7083326222448	0
					641.4963513150769	340.6267795554724	0	630.1164458227159	332.1512674814272	0	615.9798285752051	323.0197317405908	0	614.0229389843162	337.073454986102	0
					629.051017228583	302.9688890080861	0	612.6033183167154	264.5023638238935	0	608.8400609471367	243.1812908892009	0	595.3711708526572	251.3949860963264	0
					632.088715009837	239.8157773753108	0	568.4657407360382	269.6571989121774	0	644.6180436266236	193.6712393550389	0	652.273803038024	175.7552898498918	0
					643.9505783963378	158.1395062908147	0	668.741368915101	143.9792440926345	0	688.974465511975	210.969656145094	0	679.8760289948495	127.9440660022952	0
					688.1992536365357	145.5598495613724	0	706.7571346978515	209.9591029039591	0	723.8600099234325	209.1289046090875	0	713.8696335329125	194.3831621454735	0
					690.9683089767682	111.9511380099513	0	671.5104242553336	110.3705325412134	0	559.2938521179391	283.5910973729384	0	542.3697251260625	284.7105057972801	0
					651.7676223624142	108.520560118703	0	662.8599023443328	92.52763212635909	0	716.8485292885078	16.80634547439354	0	740.2860292885078	16.80634547439354	0
					653.1107760360774	69.81585126136865	0	638.1402128723209	56.81266460935551	0	611.2754870619502	32.33564319991121	0	636.2397258103706	24.4770214094443	0
					640.6084927263994	124.9490891628693	0	587.0650153239762	116.9203675397612	0	729.2675960722461	67.51766704376695	0	737.6332008117621	85.09120050484873	0
					759.2733489069824	88.78790330472627	0	800.9283106256103	87.51393447848638	0	791.2305014706084	107.2094699819159	0	779.1469772167532	89.02440856745457	0
					807.8686395818299	153.1769209849114	0	799.5702163092923	132.2894010292803	0	821.3102581520031	126.5865158485788	0	821.3058746518789	205.1979157813628	0
					830.746202578958	228.7286188062943	0	811.6314745914485	222.7382500731204	0	825.4020784636366	18.15426372197233	0	842.2886626407377	30.50101224654583	0
					823.9407411043742	48.65527596851816	0	571.7753423068059	103.7825958424665	0	549.2174175704342	178.9854645561228	0	521.0797688431735	134.5059369315517	0
					465.4012478503404	139.6229341668104	0	472.4958410275748	115.9003737416623	0	496.0544919900534	135.868100607213	0	552.7793214665104	17.45260854108445	0
					452.1066854439497	165.9145249228425	0	419.0541440644316	201.4539330747177	0	423.9011790431084	90.42894572405211	0	459.6021298353307	89.18109505720187	0
					350.6141166966137	33.00444950403049	0	390.4798805991775	30.60134207342227	0	297.8314949490317	108.9061454412055	0	256.8808572909762	112.645539447722	0
					213.5923782524181	113.6346331161056	0	200.9423780901083	152.1705601069369	0	145.0999998376902	114.0018013486926	0	529.3418214665104	17.45260854108445	0
					510.2101528579102	46.80609994765647	0	814.8360558266152	65.16544877855836	0	842.9624405018242	129.3956111711577	0	788.2173721794757	35.49819381538335	0
					797.949471649514	52.81870025398485	0	877.073300125789	33.56381291930182	0	923.948300125789	33.56381291930182	0	953.7230106478137	59.33689227315912	0
					967.2747105220246	25.77307935385729	0	870.3179902982943	135.6308481645993	0	815.899914044455	173.3407914261994	0	897.3581906345295	113.5360678148484	0
					879.1984020663272	208.0166894720882	0	1192.84897451634	30.62794328799524	0	801.9645784636366	18.15426372197233	0	783.1277937158391	17.34393009341101	0
					981.792283532189	130.7426534038236	0	1014.149710522025	25.77307935385729	0	1062.165101715257	34.35186017457166	0	1045.064812237281	60.12493952842895	0
					1060.023350650278	87.19731748378599	0	1450.121371633752	142.875	0	1179.309313381306	194.2009121438346	0	1240.983543481537	145.0000182600645	0
					1276.67907106365	195.7924400706358	0	1221.51558470663	183.8519127837581	0	720.0048604846472	49.89608124887626	0	739.8347941646147	51.23427674367777	0
					759.6902937158391	17.34393009341101	0	749.9763230043469	34.15027556780456	0	706.2813311961393	33.08973577448272	0	1233.856540605855	39.04088163993021	0
					1272.555055525134	117.5111544134013	0	139.4993362961956	437.2856058046476	0	47.72821874419808	327.8791738588941	0	852.9915140958615	705.1133850183785	0
					854.5826707226117	705.98039967358	0	855.8568841897954	708.55783390908	0	985.535536	519.864721	0	735.3727513193429	634.2021896025225	0
					778.9812803138616	777.2488280610667	0	781.389121113669	774.4397029568058	0	769.7099321464357	783.6619234137395	0	765.6690932667453	785.4826181309313	0
					854.1188499393354	681.8560309427454	0	857.8671248359306	680.3991434824768	0	858.351348328853	675.7876019297711	0	855.1307995044995	672.732154902561	0
					686.3976987991296	687.0715458198795	0	684.2997200774747	693.8395433775463	0	680.3543847440612	699.5303067740197	0	670.3250239134904	705.7746142374668	0
					879.103983566034	743.5569191820175	0	877.5117199143579	760.9813692904028	0	875.6597361968833	761.7820568982515	0	873.185707103295	763.8642219079446	0
					828.0795706375839	815.429392766393	0	816.9762156987442	802.9819492280756	0	809.7793074570031	805.0474366185443	0	889.8788197521112	716.2062702186188	0
					896.6004231582167	718.6131801087126	0	885.7710367967177	714.8451165515301	0	887.7543827231759	714.758145218949	0	884.1363486483797	713.7186087910719	0
					895.7437481928407	704.9340381102675	0	896.8694316469454	712.8601831603869	0	898.2196521081162	702.6621395681789	0	897.7919689399382	710.2106469338102	0
					902.7769390880346	699.4914041896388	0	906.9028197689547	698.9092173459018	0	904.9386441278978	713.6521565014489	0	887.3957886985615	703.2072130703052	0
					889.4801768611071	742.8232843555249	0	889.3882414353247	743.3547325698273	0	889.9711029121526	743.6942508347627	0	889.5587129638913	742.3299672150132	0
					891.7529912882144	744.7019351929657	0	891.0855350186747	745.3938601343124	0	894.6263042357047	757.7715533375019	0	899.8466304379299	760.7100940205328	0
					892.7390193850895	762.8050569627342	0	901.6177304800026	762.4826113936379	0	903.6970556244405	761.2493275878874	0	895.9081867027902	765.9217362203876	0
					897.9061553978647	765.1363599040279	0	891.3419401900326	763.679491188738	0	892.7436294478443	764.4532208624083	0	886.2597995044707	761.1475245347424	0
					885.4526728755999	759.6996438438563	0	894.2618275373038	765.3255680277418	0	896.0293055971929	767.6685176117251	0	891.0845157286803	767.2199739277701	0
					892.8647483422469	766.2000022537457	0	896.2945018128837	769.50751087071	0	897.3358537418318	772.0536369566494	0	898.7170166916274	770.8108118903101	0
					897.6980791857745	774.283428364465	0	899.6772554399375	766.908877277133	0	900.7186073688856	769.4550033630724	0	902.5320862286687	775.6999629015005	0
					899.3341722501179	776.074883767599	0	902.956282599126	772.9820171101509	0	897.2738828153172	777.0013741558146	0	896.2320245106594	779.5957081406036	0
					900.9369613632362	783.8986940627069	0	904.8124268613294	785.9017259339133	0	890.0289035776469	784.2947218595106	0	899.7207705051476	795.2957879339781	0
					896.5955467326146	796.7214674297111	0	896.5302585409668	792.4401173413131	0	885.7553230281239	789.0334208150044	0	888.3236517537705	786.7143041908251	0
					898.3720219465201	781.8660268772883	0	895.8256761378969	789.0781016824794	0	907.4828964494534	775.5529389840088	0	907.9393815632936	786.8675439239948	0
					902.0076694206888	792.9897395442425	0	902.0729576123367	797.2710896326405	0	891.9985185946152	798.7011509815311	0	908.0958693725155	809.6776382307255	0
					885.1264922844856	781.1748847370991	0	883.4212404606092	783.5944670684137	0	886.3566853691234	783.8672605309572	0	881.3911617185305	787.9996480660841	0
					878.4674253858379	794.8084919394571	0	882.4950512014075	790.7462260188167	0	909.4001262874011	773.6406744958408	0	909.0221322291936	770.9593229306437	0
					912.2680619389181	771.9929011824322	0	920.1052572364831	785.1323257141366	0	914.3689726904663	777.388950909956	0	910.7288261591777	776.5865172357974	0
					916.3755801503437	775.5706956401464	0	919.2192242198128	773.473308536798	0	923.0405164747078	790.4594172927193	0	913.3767442939635	797.1768162416161	0
					909.8407135003358	796.0563057927404	0	914.8679077995841	793.5968122279317	0	917.7992116756195	791.0576283187138	0	904.972427768722	791.9551645904728	0
					886.8696294704197	827.8442075129487	0	885.0261085941002	833.2738590419506	0	887.4081979211661	839.5895929461105	0	881.3644770623441	856.8849979227225	0
					901.7726807792287	869.8095097411722	0	887.6522521260662	881.4304551155851	0	893.3061404853958	899.9627211762565	0	884.6942751682368	899.5489732110839	0
					889.4845099396011	889.6754482087997	0	875.9823557875505	910.5022442966936	0	841.7355849678336	953.0223933847363	0	855.4463914071086	940.6756162555653	0
					856.3713424392752	957.517943870829	0	892.4484861890154	941.9698484131495	0	882.0040857722292	948.7319872928704	0	880.5265492953365	938.409027861937	0
					781.660536	985.1302386955842	0	902.8926023939341	904.4053990118545	0	916.852945559377	913.4626460888277	0	877.2098777865963	921.4075656985311	0
					866.76547736981	928.1697045782521	0	826.4855849678336	953.0223933847363	0	909.160536	977.5805705442131	0	901.5875326775979	986.4012687698698	0
					897.5875326775979	978.6854192256568	0	850.285536	1013.749873139073	0	833.7382328915498	1014.426088377242	0	953.160536	969.864721	0
					944.0620986666795	985.5192712703182	0	905.160536	1029.506595836168	0	891.6795627156037	1041.082571895969	0	828.0771539779277	716.7363511181073	0
					750.4183917529448	709.9904721156631	0	671.7630066316866	623.4690788812944	0	675.742484013392	629.8930711285655	0	928.8801406765327	845.609261632923	0
					807.3119987831383	685.9057796511767	0	839.9253002164476	729.6131974439345	0	668.7891734306151	608.02032137486	0	886.8807403087642	748.5734526973112	0
					675.7985052205323	614.7654014399923	0	791.0995130800154	676.8772536594515	0	788.4470981835274	700.0260585872156	0	866.8566061377871	738.6308698817035	0
					859.5502121338651	745.8851420369141	0	716.9759705745192	662.7911977893019	0	734.6428584982759	746.2893489717188	0	662.6045862140433	618.7323350892708	0
					650.1519489706124	619.3348255001122	0	887.0535701268666	737.8345687734537	0	885.6340045840287	731.4757900100941	0	501.160536	632.364721	0
					223.5709308632588	576.1147209999999	0	782.5435566994222	665.7200423647988	0	763.1553678094931	654.7701206533018	0	704.2611548439032	626.8950774614515	0
					885.678195723356	735.2887902777874	0	594.3989193911024	642.4102571826986	0	742.2700918908101	738.1231738983713	0	746.7394383843746	742.9665226770312	0
					893.3436868424757	738.6338044449108	0	685.952688215213	640.0515836217268	0	716.1610162238096	738.7208451354007	0	669.2106992288708	615.5377679495051	0
					666.7747584403705	618.9281784706958	0	670.9398495155366	611.670267905864	0	1155.080560824377	801.114721	0	812.160536	1137.214111160235	0
					840.014307086137	699.7715325503606	0	662.5724911890979	600.6070686687111	0	345.268213704037	688.614721	0	889.0825042446183	742.4808147415151	0
					888.4225159167735	745.6864643284733	0	890.599995629343	739.8782028366077	0	736.9101831699542	748.4990339896742	0	745.29196855096	748.6032400887791	0
					865.5869740839197	714.8533739383561	0	814.8389696526057	713.6889964226555	0	878.4420386464197	722.2752489383561	0	739.3153313571935	647.820087603224	0
					790.9561504376164	668.4022006047909	0	891.4900692452616	749.1798507032231	0	770.0109388749706	773.2950912233183	0	780.6949217531053	815.6117213104832	0
					626.160536	969.864721	0	563.6605360000001	1226.36944535185	0	885.1383737611377	741.5430472857415	0	885.1476834813628	744.9089099676136	0
					675.0108696702696	611.306468995975	0	501.160536	688.614721	0	423.2143748520185	716.739721	0	317.4142264837689	887.8830306120316	0
					501.160536	857.364721	0	722.6520958730691	797.3273161294794	0	673.1689673536952	616.483697341567	0	672.0090316765595	618.492764368355	0
					672.9988959239931	613.6395868046613	0	669.4782726584357	619.7488483515127	0	667.0366991977206	622.9286707578326	0	676.0253999305839	619.4722370689605	0
					678.45549115625	623.34960975	0	680.598349140625	619.63807175	0	685.0038106132429	615.7185261526407	0	694.0183612885563	616.9308365441653	0
					893.0848923006597	693.8724141556575	0	657.410536	439.783604642475	0	767.6786134755886	680.3340666586721	0	767.0626448100243	688.8645830856179	0
					668.0084972978061	636.5575225092695	0	662.3321702170822	649.4802290459565	0	814.8081004540334	681.9167087123961	0	891.1527102171517	726.0540946291416	0
					891.6332294185959	710.2065035273614	0	674.1988002259321	615.188506819871	0	770.3757927824007	736.0015140205912	0	700.2627758890841	641.2423472512617	0
					673.350744817311	606.9167262785612	0	656.8466331955901	678.023952934831	0	722.4322623938939	762.5080411651959	0	703.0797393983798	780.0405558710763	0
					720.9277216021372	779.9278716170782	0	749.7602128248114	770.2589391983844	0	892.1294193741529	815.7751942459531	0	938.660536	367.8758467494495	0
					1172.798569638096	255.3423333144824	0	738.2259848840348	668.2615781682133	0	669.3665500315167	589.913647407068	0	896.0844455388544	758.0402441692555	0
					675.6292279755861	662.0807997621479	0	309.5484203758027	1152.419717412813	0	1133.717407582052	576.114721	0	941.8370192538	710.4896980666688	0
					1001.160536	688.614721	0	1098.677084208036	716.739721	0	875.4133370785213	742.3648646836868	0	709.4476690475052	609.6576974152892	0
					709.5831189580352	584.2565489362853	0	719.910536	519.864721	0	735.535536	450.3144284227909	0	830.3556090164786	392.4820972689716	0
					704.285536	479.8241628212376	0	1225.025871328391	693.3173273983293	0	716.7289648222569	552.378538025629	0	735.4637016584813	743.0882867920312	0
					776.997532110666	690.169788677831	0	716.5999220629521	676.4269023198791	0	694.0995725051762	737.1901845811254	0	667.1722023013641	712.8335794848429	0
					352.3073547486987	791.1795497695282	0	174.8441691936592	781.7931359157318	0	738.731131437243	833.3349216132187	0	692.4799724406881	906.3762101864429	0
					760.5627225104182	748.5410905099827	0	729.7491769335942	638.4125906413718	0	716.8941123710941	630.9907156413718	0	744.0433591796793	676.1512617357552	0
					725.7176553627006	660.2391403501409	0	801.011017092905	595.7454884539596	0	826.0968762095225	694.1897299790888	0	806.5687003243347	702.0369605194767	0
					811.3589701596155	704.8727823073652	0	866.8355760239567	756.0713785956225	0	740.3269551339525	641.5488675438436	0	737.2018498785059	632.6828959309182	0
					747.074132595448	625.4131600452615	0	749.6101187983949	605.5374041985204	0	790.1153073412207	658.153848449075	0	791.2176024215768	642.0959753245808	0
					804.6265447590131	620.7192857509555	0	793.5255328900947	761.5693619582541	0	802.9309229279106	792.3466543517694	0	817.6884114781759	828.7101463916538	0
					836.7737964119492	902.6870504012765	0	884.9532334494597	740.0967782962241	0	884.2402092499999	737.6231479999999	0	882.2819417957858	738.5545069842045	0
					879.8518498593751	734.67713425	0	877.70899284375	738.38867225	0	880.7312469330685	729.4430363520819	0	673.3541080407381	617.9299665780122	0
					677.6236117436366	603.2790580876625	0	672.3057735745354	799.0289199433976	0	651.1068780453016	858.5822652666307	0	864.3655526643223	771.0937682060014	0
					838.8077023082775	790.6025369175397	0	734.9702747005648	760.6499878332384	0	742.287595128038	749.9006454612571	0	713.4115300677256	648.1555370212154	0
					708.5173736708446	645.4996520367681	0	804.977054978157	721.6403517069273	0	1205.716342823521	422.1197675535904	0	1062.086216142312	660.489721	0
					787.6762984706122	268.3996937944028	0	701.3905606832617	682.0493048523376	0	687.2309239625058	700.3449645579485	0	675.935561260058	596.823141739337	0
					920.7484997940534	608.2716998577046	0	739.5953936479722	745.726760878928	0	682.4499049421254	610.7989486956328	0	684.6014686894071	604.1093556551288	0
					755.2315739294223	672.2054714893038	0	759.9356619893755	675.1905644911826	0	832.3812635462024	716.7032896752625	0	837.0647952223469	719.7239873784217	0
					728.4799956113468	878.0079130573778	0	772.557195079836	915.8531791183566	0	732.3373277829656	589.7419979003752	0	772.6528630932719	602.1442540265795	0
					781.4977060067954	575.3045253059746	0	813.660536	519.864721	0	818.3658910648014	559.6438531586155	0	756.5923975807549	552.9126476198779	0
					786.2100125259835	744.9289210629463	0	803.0391093309117	685.8847662847941	0	798.3742488002866	682.831729250772	0	849.8019960951999	691.9627756308734	0
					883.5721015347065	743.2303236915396	0	555.0692831062361	680.2224609421129	0	628.1595562318271	346.2049907269384	0	422.8548160537829	230.6694773361114	0
					537.7970532498407	266.5983387933358	0	438.7764443367379	381.5574457854057	0	220.1344822924067	328.3444383418048	0	888.0426883649607	858.3618735084412	0
					937.160536	969.864721	0	969.160536	1116.985886405507	0	1203.263235077774	1244.945755223413	0	926.0170615876458	908.2036903279188	0
					905.160536	1053.86567776971	0	1142.665509675222	1077.683862923074	0	888.2057464254251	766.3282615492626	0	583.2070546950256	136.3623657475931	0
					854.6467634759277	733.8023751723882	0	795.3221559426016	706.1276436082838	0	677.0918709326207	616.010991201466	0	680.333807283473	616.3853341972205	0
					793.3478707441477	680.4048589375526	0	871.021213967483	738.8394325385274	0	889.068657940922	738.4366473074915	0	891.0888372547682	736.5403010609722	0
					894.3333058961359	734.8260729846908	0	896.7901297483762	729.723304538053	0	907.0709981517114	730.4159691510708	0	762.7134562917171	697.4640871813014	0
					750.6746366148735	697.9447845973802	0	737.4895129508604	703.6898700738925	0	695.6529280123277	638.0940254634945	0	723.9858484587062	611.7288360365499	0
					885.2231218157655	725.5379817932547	0	888.8618239677406	718.0535515035044	0	1137.192823415654	651.658807316419	0	574.0817746801914	739.1091038462121	0
					501.160536	801.114721	0	424.5251883845249	829.239721	0	566.5679797453593	829.239721	0	565.160536	969.864721	0
					595.660536	1098.29982834804	0	533.160536	1045.302921658764	0	401.1940943651367	1056.775425846854	0	503.7303260064464	1143.362403024014	0
					412.4471745734231	1272.405887851394	0	595.660536	904.5901379378581	0	234.1776922602881	1321.172260376821	0	879.3789985265245	775.7196793259707	0
					886.8592125110009	791.7799987677371	0	908.3495499947153	799.6363098064249	0	870.6390818904385	807.9188832072653	0	1369.488968433623	687.8171307524374	0
					739.1099139086725	739.2639164061035	0	657.410536	519.864721	0	641.785536	479.8241628212376	0	551.5073936838667	421.5260385692854	0
					563.660536	519.864721	0	602.5957821792077	441.4622259389984	0	774.2833794767886	665.1833390093548	0	754.966150118133	654.110511784649	0
					700.1262450819038	626.6350762616463	0	695.5412305145423	623.4437419627404	0	773.3420066385553	786.201872820425	0	811.122339049135	788.4316140368444	0
					821.1547977404637	785.6930858843937	0	811.0613450654314	798.8309430329352	0	800.911153181667	803.2185427024235	0	796.0481118820242	815.4032027579484	0
					791.8482622784147	795.9112872040188	0	822.5271752366058	775.0952593353112	0	831.7796813222141	781.6811951014544	0	830.3483947381389	767.3120349795494	0
					783.8290825171771	804.3786849738394	0	770.0520725475	806.5884766704567	0	765.3854086355514	822.8809742914884	0	757.1926509186356	841.1990040926889	0
					739.5418564225628	857.0336217195404	0	706.6634453368104	853.0976805747729	0	754.0405125408324	878.0843899998052	0	741.1711792746755	907.8171896646057	0
					839.686836933681	761.8836863030735	0	787.7379412764151	750.3725380824652	0	791.4343305057967	755.5560928239773	0	797.7535492372142	756.7287496785382	0
					804.1447627207274	758.4205814164991	0	773.4514396355045	779.2955574081175	0	677.4170858659475	840.9689739391813	0	646.6312821189805	823.439407471865	0
					608.0392267345346	846.2106959362195	0	680.7123563735498	874.348696923698	0	645.0548174914712	905.6256623282528	0	1148.706626876474	1172.496535857464	0
					1112.206887513259	1256.748077501267	0	670.4687747196529	621.3122659388982	0	669.2255238178456	621.0044519127906	0	1400.065813991942	1400.065813991942	0
					934.8702664781786	713.8170340706376	0	935.2299574591841	705.6130154842607	0	942.8177574903824	702.2469127842789	0	949.3264324959831	752.0621909328788	0
					674.075777881006	610.0692602970299	0	673.4999969600444	609.0925021070873	0	672.5827016363841	608.0624189491192	0	670.7088578523982	605.9759571837508	0
					670.6805320986672	608.5284687623665	0	669.2090349280203	610.2315243337845	0	674.0720945994498	607.9602507532071	0	671.9104593815201	606.7814802392348	0
					672.4624096447407	604.6591560146227	0	674.6584115548275	606.7838681608096	0	673.8636324330276	605.4630272796484	0	675.3760485185559	605.4525116410484	0
					677.0221916904043	605.5701680338021	0	679.0664566993509	604.8822990535209	0	680.4401037643421	602.195209956614	0	683.6762281819467	599.350187756658	0
					676.2028191881711	604.0586465444567	0	675.3508357232764	602.4160972611346	0	677.0338114650489	601.4080320412736	0	677.0538236341198	599.0752858549112	0
					678.504617797378	596.9512208719118	0	677.3857563501169	593.5641776127067	0	681.5098925704697	597.2464262044421	0	685.3206219279258	595.489617128909	0
					670.4131111481246	603.7561370350369	0	668.9542753612498	600.3796956014291	0	668.4400149339497	605.1486239476411	0	665.8988321976419	605.8382279697973	0
					662.8970534214762	604.0738301190995	0	660.1338893610875	606.6238445818619	0	660.1645070378954	610.7145302813811	0	666.2154953423315	608.4240647990416	0
					679.2894340252544	590.6412352632101	0	677.8285323400132	587.0339303639125	0	683.0574733939212	589.6671912772348	0	685.6435887796085	586.5203817262573	0
					678.8709112602606	583.2910640979634	0	682.4402409053549	581.3030845712623	0	682.9890013698588	575.8567521594855	0	676.4451025519311	572.3946033624712	0
					688.477432360851	575.0343393933686	0	689.6158276216887	585.908450077732	0	694.241553284439	589.5320283276401	0	672.8245651158264	566.0551332968121	0
					678.0758295309565	559.0256943277735	0	665.5102311930336	565.8925148713805	0	661.56632547248	559.1973168438162	0	666.0496460634948	549.0344774740096	0
					657.8389052507646	541.2943903000815	0	680.1680178134417	566.0648092819018	0	661.7087837330814	572.165383255992	0	660.1835138047626	530.5284065491487	0
					673.035536	519.864721	0	673.757628361324	601.5672526860932	0	672.1996055177021	600.2397713727942	0	673.8821009249506	598.9877175868393	0
					673.658543872746	596.719324211423	0	674.9046076337181	594.41224058466	0	671.541476174224	596.0133454850421	0	669.577690143323	594.8849179002265	0
					666.1777515750132	593.6205840651965	0	663.0156037506406	590.9071713800292	0	661.1216696374591	586.1912262674273	0	669.4877083693775	592.3986205871594	0
					671.8956928810182	591.0357757273191	0	672.0372337806033	587.3055027819681	0	668.2311324879835	586.0795708293186	0	667.188760278638	591.2652687999592	0
					666.9991974918257	588.5295528569986	0	669.2506154223151	582.0887278512181	0	665.562173520277	577.2703638411431	0	673.255861303599	577.9633933105787	0
					665.3836450920265	586.1824770989609	0	664.1856963090102	609.9397239953424	0	654.3944898365307	572.4508029779198	0	661.9199106824814	609.0027041264811	0
					659.9061715443208	602.6052662815465	0	807.0541569272731	36.30852744394466	0	890.0349216831642	742.1791196885113	0	921.7791775227453	775.9088748655856	0
					929.3294942490066	778.1555572942684	0	1271.242559723919	618.983565314834	0	1318.834406311525	604.246328059886	0	1328.476835224254	546.0351750550828	0
					1358.620784167215	494.0852364596275	0	1349.427309225041	642.8400911707541	0	1425.949290707826	635.6707490440746	0	1369.744476717214	595.3126381684851	0
					1350.977130588697	436.1330819678219	0	1282.090524193719	390.3186521238986	0	1383.049086530522	362.6527108688697	0	1405.319904900206	269.9363121584685	0
					1233.195770113655	318.173657876517	0	1257.211112288743	234.6443345943294	0	1419.138997386601	585.8391835517887	0	1447.065029509494	530.8465717950393	0
					772.2333309757632	794.5301929053204	0	763.9889579092584	799.2652730146251	0	755.3125114686163	793.2977233046329	0	927.9489181711197	711.511559622714	0
					952.9587310866373	756.5312860099644	0	689.2651522426764	595.0167962518016	0	689.6195665199929	582.1146553464818	0	693.346240023733	578.8169239676137	0
					698.1058196258481	579.5976573029295	0	701.478969907246	575.9201002581373	0	699.9391930430463	570.4507992177824	0	694.4589691907795	569.5569749856843	0
					691.7388446584732	563.943643211023	0	696.1953511518567	557.55013390743	0	698.2753007680553	548.0299099092654	0	698.2001639571362	534.0561055106056	0
					708.4075793585868	545.3282434213235	0	689.5792414573747	578.4888827460485	0	1278.955380538183	520.3356924455492	0	1243.625042361776	471.9658929771993	0
					951.1483523740998	761.6749663405666	0	956.8767575263901	766.9722883410258	0	965.0281875013516	766.4948111177207	0	972.5761289917115	775.1155761289851	0
					982.2285194893244	769.477922860853	0	685.8506208807532	564.4434022571124	0	781.8111263224366	1405.405297297388	0	675.4116642563596	1393.521667259701	0
					890.625	1420.278582862716	0	981.2255153356435	1420.648443715532	0	543.0177804707694	930.5243672910358	0	1400.242743267504	157.75	0
					1359.375	77.20434014192918	0	576.3050565459557	864.6018875146995	0	668.2802949264042	936.7795130067174	0	634.7975130192992	937.5069026571271	0
					595.660536	969.864721	0	580.410536	937.227429468929	0	610.910536	998.5866484947841	0	656.6352390933758	1004.454844934482	0
					639.1520804257495	1050.577436856046	0	673.4958834751541	1087.913607933439	0	640.8682692586974	1140.245036886367	0	681.0884911525994	1193.868053267253	0
					578.5640796031988	1162.060671755659	0	578.3242799505634	999.6943528701148	0	533.160536	969.864721	0	517.160536	1007.583821329382	0
					467.1773151825683	1051.039173752809	0	470.9675749056847	1004.925277343861	0	562.3068771300718	1028.999082508669	0	566.0408757354395	1069.878692344537	0
					548.3091745089301	1118.00307375674	0	503.0172822809602	1090.246986943233	0	443.9483062656722	1108.257484623874	0	598.1938976854681	811.1130608199995	0
					581.2404694692883	776.7510742663526	0	603.3686320430897	753.4880639479071	0	657.410536	969.864721	0	787.72354046875	686.43554725	0
					784.4413433458526	688.4095419276613	0	787.7221428853786	690.1489054516845	0	800.57860509375	693.85742225	0	719.1635428281249	641.90369675	0
					706.3084782656249	634.48182175	0	770.5838010781249	671.59119675	0	809.1489947656248	693.85682175	0	809.2760314542707	689.9258502620598	0
					697.73808809375	634.48242225	0	736.30328196875	656.74804725	0	736.2496663273309	660.5518497815599	0	733.0886502225792	658.6050152619961	0
					501.160536	829.239721	0	462.8428621922624	843.302221	0	533.8642578726796	815.177221	0	474.2603403470753	815.177221	0
					469.0994345143714	885.489721	0	526.5826446754145	843.302221	0	475.4718446154602	784.7347310903889	0	428.6713170474759	871.7402081024654	0
					471.7506000969814	754.1263318433389	0	501.160536	716.739721	0	462.1874554260093	702.677221	0	442.652850044934	741.7029814896796	0
					405.0720798510142	763.3547456268283	0	397.7104167277838	899.6997271553183	0	524.6586004588711	702.677221	0	1001.160536	604.239721	0
					1001.160536	547.989721	0	1027.062557255957	562.052221	0	858.42639590625	727.25585975	0	858.1719634172288	731.4074872656392	0
					855.1952399324115	729.141448563956	0	501.160536	547.989721	0	532.410536	519.864721	0	501.160536	772.989721	0
					157.75	75.4658743578612	0	76.47583755201816	63.90867687102212	0	503.1897620312924	1299.103743970328	0	719.910536	969.864721	0
					704.285536	1000.296351569591	0	501.160536	885.489721	0	620.8958136920572	879.4388883221	0	565.3468836401108	909.4535093852768	0
					501.160536	941.739721	0	457.6626761978936	955.802221	0	472.5921703675218	927.677221	0	560.8903185620135	799.3575365984473	0
					645.691786	512.5731512751252	0	637.879286	509.8545814553094	0	641.785536	502.5630117304345	0	793.8055603276835	671.5394976197426	0
					794.6617967235483	666.3455151924837	0	797.5112066136153	669.4828122074355	0	628.5981661126941	632.8355263520499	0	640.8021946251615	631.3636388264113	0
					631.185672341229	641.2680945531656	0	487.6116793464515	583.145971	0	501.160536	590.177221	0	487.6116793464515	597.208471	0
					671.8487162292902	614.1013864847678	0	672.2840307102886	613.5375874359331	0	672.5635814429949	614.203385853496	0	727.723036	519.864721	0
					723.816786	512.5731512751252	0	731.629286	512.5731512751252	0	730.7944811361801	735.4522902012443	0	732.3459863373229	732.9775364264323	0
					735.4765644582934	735.7484793804229	0	811.2913322343749	697.5680595	0	813.9696439765623	696.640024875	0	812.8982153046874	698.495793875	0
					716.2257010221049	648.847656207204	0	718.6275681093749	646.542969125	0	717.8325841002297	649.775390582204	0	673.2743629462419	620.512327535273	0
					673.9164647648394	620.2637103025324	0	673.7161163579622	620.9224711010955	0	759.9862201706508	309.60789289168	0	750.800715142703	295.4935583330306	0
					763.5175996052255	284.4541384108251	0	751.014657547438	715.0728056493547	0	755.0661097064232	711.9468845932781	0	755.6623755009164	717.0292181269697	0
					568.1935820772205	1294.797540333619	0	537.9581950928667	1331.164689642858	0	533.4251490156463	1262.736594661089	0	474.0628226929031	674.552221	0
					481.6739957130046	695.645971	0	454.5762824059078	681.583471	0	730.2122925988564	744.363280019681	0	731.0678971852299	742.0347745632303	0
					732.4286929775867	744.8944694565907	0	656.0727641665181	610.6347873662889	0	653.758211264779	611.1302044728418	0	654.4929422777002	608.8721881367344	0
					737.465068	743.5679405000001	0	738.5808389727522	742.9269673810434	0	738.3740699727521	743.7897158810433	0	664.8581651927666	653.4727649314677	0
					660.4204018038604	659.0757865128073	0	657.894406828176	655.0832506272963	0	722.6114506318618	756.2010351984095	0	715.2136089140593	758.450981186759	0
					715.3927971520272	752.1439752199726	0	738.4256700000001	746.9344105	0	738.7228288239861	746.0519179394639	0	739.2982348239861	746.6092534394641	0
					740.3824620060639	742.8461272386687	0	740.0719024727521	741.9562388810433	0	740.9645235333118	741.6536233576254	0	739.5426172967382	744.4377518205073	0
					738.4268463239861	745.078724939464	0	721.7693259653001	728.4414802676868	0	721.9124596195096	735.7010961913272	0	716.0178825696001	731.4612292117603	0
					705.5373474163023	767.2172385396992	0	712.7560008961368	771.2742985181361	0	741.0830956471746	743.4662735174194	0	740.190474586615	743.7688890408373	0
					738.1177853135839	688.8043821037436	0	740.777307006595	695.5711079640032	0	734.8299912578493	696.9231442136329	0	744.3814055876525	741.7176914525248	0
					743.3733075	741.9593235	0	743.6364260876525	740.9566189525249	0	859.9060627398644	730.2594078828197	0	861.0432591062254	732.0006635086127	0
					859.3091597835898	733.1487428914323	0	882.5350379450206	740.1293316708282	0	882.1784217784618	739.576821884973	0	882.6385579623445	739.1070167700598	0
					750.9694209198481	734.7801777545069	0	748.4191825600141	734.2351341614354	0	750.4063365618365	732.5463454880492	0	903.0697990994075	745.5806004281878	0
					903.774798598457	747.6217149282875	0	900.6862778366558	747.5461773931773	0	955.6454341039087	700.1655469647678	0	960.4822324065472	692.7162147751941	0
					964.2485961534962	700.4566033437934	0	482.0016990961312	836.270971	0	468.5516012696688	829.239721	0	487.7104381735376	822.208471	0
					882.3218036442056	743.7821093907961	0	881.7920082892581	744.4896295512015	0	881.2888255266472	744.1622924678435	0	1007.897712006622	783.536596	0
					1014.943276984906	787.6432029109216	0	1008.206100978284	791.1588279109216	0	890.4684339450026	741.9309325828854	0	889.6765758640875	741.4728410494721	0
					890.110088125926	741.2246539438462	0	702.9572908912221	456.0495160584693	0	690.7025402566171	462.6054957439355	0	690.5733794618739	454.6662026537828	0
					744.01614827548	748.0597410443895	0	743.417901	746.808658	0	744.6937212754799	747.3521570443895	0	743.4015532874978	745.0241347815247	0
					742.7541945712397	746.145951627256	0	742.0602738587374	745.0690124087805	0	740.174742323986	746.873129939464	0	739.8775835	747.7556225000001	0
					843.2875729994212	728.9151213574368	0	840.6409857957447	726.7270252299778	0	844.0032585787183	726.0289491434801	0	745.6317976921873	743.6777788385157	0
					744.321222	743.5547155	0	745.4288626921873	742.8434593385157	0	742.0766215712397	746.853535627256	0	753.5550432432508	743.9276881179196	0
					750.399851476164	744.6951385266104	0	752.4527270045414	741.5768557375272	0	434.1857047738525	1053.907299799831	0	455.5628107241203	1079.648329188341	0
					422.5712003154044	1082.516455235364	0	1083.277992541316	812.5413812822038	0	1104.094961317363	809.8252707583887	0	1098.937517188236	826.5236104761849	0
					758.4712947938367	782.4372804377797	0	754.0407615812846	780.0965993165771	0	761.6473244417641	778.7812928858514	0	749.6786092252501	746.5893641801658	0
					748.5762929865407	744.2385317997735	0	743.4129597874978	743.3337957815247	0	743.6158947874977	744.1681152815247	0	617.4063082128748	1074.438632602043	0
					656.3239819504518	1069.245522394742	0	634.578209737577	1093.10671814074	0	612.5815636328985	280.2781464056376	0	603.4096750147993	294.2120448663985	0
					589.9625396041367	286.64995749178	0	740.5041543952259	745.9587950667199	0	741.0835030712398	747.1051641272559	0	753.2464721120373	655.2336127134868	0
					751.34701671066	654.2033156341292	0	753.0666947167558	653.0802147052915	0	743.5917371476899	732.1178511577727	0	739.9817870916137	734.1866909816545	0
					740.6380197155122	731.2048857817292	0	1015.435845792376	737.833471	0	1001.160536	730.802221	0	1015.435845792376	723.770971	0
					862.3701918284346	185.5663971528148	0	835.0146420319645	179.3311601593733	0	856.9642312210108	153.7092727976515	0	968.0620986666795	1000.590767369454	0
					960.0620986666795	985.5192712703182	0	977.160536	984.9362170991355	0	885.9083284714212	742.3022508537745	0	885.8651963448674	742.0177269637675	0
					886.1371705071228	742.1220285328777	0	55.12535665417165	751.8571046200923	0	103.9365249644574	812.4073506091645	0	48.81116831028572	810.5502459890723	0
					714.4211235403427	650.1178073428117	0	715.2161075494878	646.8853858856078	0	685.7237054488958	512.0538125229589	0	680.848036	519.864721	0
					677.9112054488958	512.0538125229589	0	1008.206100978284	798.1900779109216	0	1001.160536	794.083471	0	873.9625326775979	993.3138032720144	0
					865.535536	984.4931050463576	0	881.5875326775979	978.6854192256568	0	487.7104381735376	808.145971	0	474.8660924812677	799.9559760451945	0
					488.31619030773	792.9247260451945	0	1276.691933325747	315.5311063248594	0	1245.203441201199	276.4089962354232	0	1288.699604413292	273.7664446837655	0
					670.884048484543	616.0502446857936	0	670.5641340302986	616.3362094932761	0	670.4048303199017	616.1205174703056	0	694.2131875950404	606.4969517126056	0
					694.7094447352463	609.1399679720986	0	692.0306632432479	609.3764755095624	0	776.4122779721588	664.3347616791192	0	778.3558692133075	666.5347691406415	0
					776.2269707179373	667.3833464708771	0	679.7170519608949	574.1256777609783	0	680.9053733757301	577.6314107404037	0	677.6334239667663	575.9003363418965	0
					676.618714875	617.5466254999999	0	676.4723588413103	616.660819600733	0	677.2382269663103	616.896797100733	0	764.835036759023	735.6150721421585	0
					762.3073969315647	731.9415010353202	0	767.8481529549424	732.3279429137528	0	839.6797731015624	711.483774875	0	838.6083444921875	713.339543875	0
					837.001461421875	712.4118095	0	922.6171339852283	703.6059704877644	0	921.1337329030982	697.9642845396829	0	925.6464762442124	698.6207739434767	0
					796.7894811965014	702.1120907769007	0	794.1140622515577	701.0708248259458	0	795.5813875054574	697.0552719945626	0	853.6275261110998	700.5408425355104	0
					855.3597520061244	697.823503931151	0	856.8497662121007	700.5821265958305	0	849.856526015625	719.8336845	0	852.5348376640625	718.905649875	0
					851.4634090859375	720.761418875	0	888.5700986119193	756.9667808652068	0	888.3679333612695	754.400297528902	0	890.3631529125307	756.357182603638	0
					870.7460059765625	731.894231375	0	869.13912290625	730.966497	0	871.8174345078125	730.038462375	0	729.3499699461813	661.3696619566304	0
					727.5606204751505	658.9024998876057	0	731.1929350586311	660.0330214940951	0	714.0923330522882	667.4834663981728	0	717.2806823832765	666.2111200199158	0
					714.3970448610454	670.9033886287868	0	708.0261629834253	580.0832672085988	0	705.4559864032533	583.7212040733962	0	703.8990304286433	579.5479223457096	0
					723.6506339689415	639.6982331647932	0	724.2202759599611	642.422521785343	0	721.8076669777305	641.0348768794503	0	727.1818636305213	748.5585020723324	0
					725.8210678381647	745.6988071789718	0	686.8933409218951	809.7107556729802	0	689.4489970676011	830.6807826708721	0	674.8614297202414	819.9989469412894	0
					782.0779235632792	693.3297283874033	0	780.2682939794682	690.8976925041999	0	782.5632827953941	689.8069694721189	0	806.5249029892566	709.7436242927445	0
					806.6368444651032	712.9544424510806	0	802.5252170190972	712.4451855467189	0	1118.091562762968	625.2068297541398	0	1117.751062729347	648.2098084347163	0
					1098.64980207666	621.7578308724369	0	887.8974077979678	741.9051610564202	0	887.4215476528052	741.9754929167609	0	887.7398489502228	741.690476430895	0
					1237.3637244604	1305.800682450678	0	1203.017083872204	1365.02875466957	0	1168.916594489577	1304.173827442305	0	886.1975000630914	872.9322724831136	0
					883.0029144307266	865.3136042435626	0	891.2372739973255	865.9805417479922	0	767.3939977246155	667.8665154987161	0	765.7631518671874	668.807993625	0
					765.787114654303	666.9387811237161	0	929.5376522194646	740.9768205009252	0	927.3787263034953	740.6922639508884	0	927.2360296044285	738.5353892334701	0
					665.8591601888854	619.9925400714078	0	667.2621062183641	619.9384271010322	0	666.3465079668789	621.0027887017443	0	571.473036	539.7691810281128	0
					579.285536	519.864721	0	587.098036	539.7691810281128	0	739.9147857993736	512.3197551565911	0	736.0085357993736	505.0281854317162	0
					711.4767575312442	615.8366562834074	0	714.1929727797342	613.3629834049565	0	716.2220612634732	619.5419422730747	0	752.9080873046876	661.386118625	0
					753.2548770900153	659.3481529231135	0	754.8617601603277	660.2758872981135	0	803.256916859375	692.929387625	0	801.6500337890625	692.00165325	0
					804.3283455546875	691.073618625	0	802.2522085617481	705.8024060683119	0	798.8677157429261	707.6810054983332	0	798.7066487614237	704.2490441782625	0
					825.7532798984374	705.917668875	0	824.1463968281249	704.9899345	0	826.8247085390624	704.061899875	0	790.8014115154724	690.3818619930253	0
					792.5441897031251	689.218750375	0	792.4082945935974	691.3095963680253	0	796.8293845625001	689.218450125	0	798.436267640625	690.1461845	0
					795.757955859375	691.074219125	0	790.629005110854	636.4292117527929	0	795.5783169048227	633.0511848674776	0	796.1669142155454	638.7179484392655	0
					790.4018522656249	685.507512625	0	788.7949691953124	684.57977825	0	791.4732809921875	683.651743625	0	740.8464222296539	724.2570451548263	0
					744.1339539338705	725.8095609227416	0	740.9604380673718	727.5835301899322	0	661.7984922402084	638.655412771576	0	659.1840951729351	639.3337172024274	0
					659.642258447293	635.7221179987307	0	708.450815484375	638.1930595	0	706.8439324140625	637.265325125	0	707.9153613359374	635.409556125	0
					675.4555792945476	616.5587752883341	0	675.8385133570476	616.6767640383341	0	675.4699126875	617.1926592499999	0	688.9666488075777	619.9875015388081	0
					688.5006190683685	617.9641603046355	0	690.3624353283624	618.4503374434278	0	677.6322653176263	623.8477443536999	0	678.6762634936538	625.0301550826675	0
					677.8530376550302	625.5282896863674	0	702.0710504141391	628.8329808557257	0	703.6779334844516	629.7607152307257	0	701.4878290546876	631.698618625	0
					710.3370617959603	629.705301847418	0	706.5841377145673	629.2532518923153	0	708.0140789252962	627.3471274165543	0	678.9220082280539	649.694368950182	0
					675.4526993985145	648.3421797894462	0	678.7074550508414	645.1181538849098	0	721.3058800781249	645.6149345	0	719.6989970078124	644.687200125	0
					720.7704258984375	642.831431125	0	730.8119836916892	666.2592548931856	0	727.1796691082085	665.1287332866962	0	755.0504246406249	665.097356375	0
					753.9789958281249	666.953125375	0	753.4435415624999	664.169622	0	931.4159454563469	624.9102179350889	0	943.0443958051098	605.7160083828024	0
					953.7118414674034	622.3545264601869	0	751.4139991701583	658.4075489461623	0	749.6943211640626	659.530649875	0	749.8071160998458	657.4798145711623	0
					750.6322740352989	635.246217005041	0	746.1631558659517	631.4751628389697	0	751.5432507647952	629.1842142113328	0	753.3676720257984	657.2973176192758	0
					779.6549095948012	683.7116070888305	0	781.0248306839164	685.0497716694578	0	779.3837321224678	686.0367690082883	0	772.7261384531249	675.3024345	0
					771.1192553828124	674.374700125	0	772.1906841484374	672.518931125	0	553.5380866848971	717.5512426237156	0	530.5635895151083	715.0307362542317	0
					547.6330976286597	705.1977273694838	0	588.6336310342172	660.5114904519778	0	600.4026907094628	653.0728093793757	0	594.6374023525776	671.1740426486549	0
					741.520843064019	748.9600722306286	0	741.7472095000001	747.7678705000001	0	742.5139615640189	748.7084437306286	0	623.780543765389	680.3375887561779	0
					639.1478740841798	687.3144933926426	0	624.4281794569581	695.0411664471881	0	742.4492099454051	739.6607124491857	0	741.6411459999999	740.980993	0
					741.462027945405	739.4434544491857	0	822.356406720285	717.0479840428236	0	825.0057525449422	715.1845849209167	0	825.4278081532705	718.5997502400144	0
					969.7695365049312	754.389790861452	0	975.1025410655337	747.6196086228786	0	978.0179551638787	756.8877690065979	0	869.1786417707397	790.7678875930872	0
					874.303065560742	787.3752859838391	0	873.0064661018117	793.1050548791443	0	744.3098155	745.2450545	0	745.2516222265219	745.0260319601765	0
					745.0372807265219	745.8820514601765	0	753.7908576373377	926.2396414305351	0	745.1696190703011	940.4168911897114	0	732.5499407076388	921.994439423782	0
					850.9391086636962	716.1160267621561	0	849.3210715234375	717.050181125	0	849.3322255933837	715.1882923871561	0	856.1829873594284	718.779585198685	0
					857.7898704297409	719.707319573685	0	855.7486038046875	720.761118625	0	659.6008790642068	617.2575970648261	0	658.4361328316045	618.4244609838377	0
					658.4901511740966	616.0392010922525	0	676.6606588050875	595.1936596760218	0	677.9451870737475	595.2576992423092	0	677.2200895287181	596.8871813056244	0
					973.1535419456917	181.8210570777259	0	967.3969212248371	154.4492065086742	0	1001.114006188272	182.5755933841247	0	795.8610597722172	681.6182940941624	0
					795.001420480949	677.5408267861235	0	797.5146095090186	678.7542619427333	0	737.7156678353606	735.2521849785293	0	736.1641626342179	737.7269387533413	0
					756.6940464532953	697.7044358893409	0	754.5924302327558	693.3685464619653	0	760.6118400711775	693.1281977539257	0	667.5621600270197	628.8156974013502	0
					670.2967473621688	628.0792371471401	0	668.8176637782266	630.4943258310816	0	606.690281609932	642.5751196307515	0	612.6940529282924	653.2376718274286	0
					731.6210540441698	750.5665533615256	0	733.4342753914756	748.6945419024175	0	733.4822410444324	752.0381203509016	0	647.6734357941003	675.3174343182316	0
					648.3210714856696	690.021012009242	0	837.7896317390953	727.5517940906818	0	838.5053173183924	724.665621876725	0	747.5751089023058	748.3271168612409	0
					746.2935678099725	749.5623581789661	0	746.5735096432934	747.367998771054	0	754.2822468466493	736.9503972049786	0	756.1254278286578	734.1600096724233	0
					757.4510997536368	738.0190177962811	0	755.2007281969051	752.9030009082567	0	752.0085211644421	749.8008874675887	0	754.6943747473365	750.1480843476706	0
					897.8142741332467	737.9313821666842	0	899.1344303861695	739.744873854067	0	897.5346688461186	739.5221834945273	0	880.785022951248	778.3108853002632	0
					882.7941941851202	776.1534599742997	0	884.2002186098437	778.7446659485922	0	914.2781137063021	800.7749533460109	0	916.1931072492919	806.8075938788837	0
					910.2645435377051	805.6689503392978	0	847.9308658634828	835.1916270061047	0	841.9821708536078	830.895699804141	0	850.9826246456726	824.6991392281711	0
					662.0637475948786	615.1845914988942	0	661.7612342453424	613.6626235231752	0	664.1700844335219	613.9748778488283	0	668.559621141731	598.5174645743075	0
					665.7633832751739	600.4933821350701	0	665.3687290556552	598.6311511079484	0	733.6046784105554	740.3945985776875	0	735.0310655479857	739.2021834386122	0
					734.7106847013904	741.3735488610647	0	728.2576999108546	737.0924661867871	0	722.5062565151546	740.1122151308607	0	736.1028227808461	749.3325714407339	0
					737.9478766144791	749.6088100576054	0	737.140516225371	750.4423475086651	0	712.0779858290172	746.5573831718614	0	719.4758275468196	744.3074371835119	0
					753.8175574733823	768.5180954613182	0	757.5458466755827	771.6089317444504	0	753.4885020270117	773.3497754815165	0	763.1490401791159	807.5986449152541	0
					767.7187405915256	814.7347254809725	0	760.8157082231417	815.74489372577	0	756.329975398776	755.4663502462806	0	759.1319632137835	755.7796926513843	0
					757.57535683276	757.9958451093263	0	738.2364862376228	763.0820496998676	0	737.6341406674923	766.7858539289055	0	734.3679291304343	764.3537920622762	0
					892.3067614954737	742.1657623191297	0	892.2901367468966	743.0804265695683	0	890.885321458264	742.5974097276979	0	879.8579138738639	766.4728057138765	0
					877.8342944771077	766.1775268980164	0	879.2873274495155	763.3013531244089	0	882.3433199706108	755.0668839037992	0	881.5916887403815	756.3235941750395	0
					880.5767633766163	754.8634448090324	0	807.0266309885228	790.389134194307	0	811.0918420572832	793.6312785348898	0	806.996133996671	795.5887986923524	0
					730.851169006419	778.1334237005258	0	739.0337808310084	783.9949273305524	0	729.1103334267266	785.7893752471048	0	727.0506410455102	758.2090864876028	0
					727.2298292834781	751.9020805208164	0	788.7509526245849	566.7662013719573	0	798.5076081676398	576.98668294595	0	791.2543615498503	585.5250068799671	0
					740.5638980059468	649.3684442243475	0	740.1293021632875	651.9766550477354	0	738.8807355145343	650.4282984266119	0	739.7413899999999	741.0808930000001	0
					738.9693649543362	740.3309837030517	0	739.8819389543362	740.0138257030517	0	746.2336835470662	713.05757146726	0	746.8299493415595	718.1399050009516	0
					891.1580020619956	723.8884497134488	0	888.9924002996711	723.8737898531131	0	888.997692144515	721.7081449374203	0	912.3555513533963	728.7568791263327	0
					913.7785955721932	730.2678827939228	0	911.92363665839	730.5892553377148	0	665.6394042636557	613.4758787681308	0	665.9419176131919	614.9978467438498	0
					667.6245809338499	604.2580626024646	0	667.1694235657958	605.4934259587192	0	666.353989565696	604.6028646135427	0	735.950578749138	745.3600189858594	0
					737.5542815	745.4038820000001	0	736.246561249138	746.3332119858594	0	738.993323029502	749.1051660627684	0	739.869830529502	749.3690425627683	0
					733.3196471988457	757.280059821624	0	728.7012685472293	761.5790144992171	0	742.9044164758839	761.6907298943878	0	747.7811659697527	760.7176155930878	0
					746.3794472685495	764.5409972651968	0	736.5128098164812	757.2292318686804	0	734.8621823147621	753.859303857066	0	890.0787475978451	737.4884741842318	0
					890.8444164420556	738.2092519487899	0	889.8343267851325	739.1574250720496	0	892.6082996701715	749.9980361094118	0	892.6440700095263	748.6129053845642	0
					893.7623004344364	749.4310907907529	0	931.6276800445967	643.7590001452359	0	939.0707993723095	651.2275251478527	0	928.6150882982656	653.4377892806151	0
					918.5272682734819	707.4900763434762	0	923.0400116145961	708.14656574727	0	696.1891744817621	379.6395739938137	0	707.5588611957735	372.8958813625775	0
					708.5408492859885	387.5078284768179	0	357.7920001031475	168.5788343456243	0	302.3628282374099	182.077073989969	0	324.8639283705738	138.3051522300053	0
					676.0774257135872	612.5975283188329	0	676.481597401532	612.1691630671329	0	676.652811318781	612.7231585203607	0	698.5793373296056	603.4571233848939	0
					695.3200409649191	603.7448841296127	0	697.007409207486	600.9415633393648	0	672.4243777074762	624.6625290473098	0	673.3549611905452	623.664656620748	0
					674.0163322663348	624.8581067867633	0	650.2087811168581	638.0983147285544	0	647.6178492876248	634.1832350237647	0	654.4369295507865	632.4853427247922	0
					745.0359840346907	737.4635693943862	0	746.0094368877634	737.7170672417952	0	745.1526998808898	739.0111897723368	0	747.4374939797949	736.3192066458689	0
					746.8744096217833	734.0853743794112	0	756.0324451126459	747.7935307084927	0	758.0853206410231	744.6752479194097	0	748.4100328450749	753.7276475010358	0
					749.9050208414978	751.5386401486639	0	751.0198866175876	754.7448113805466	0	738.2503265	742.0516215	0	736.9044544194103	741.4431628609948	0
					737.4829439194103	740.7895923609947	0	732.6684046891824	729.3561808346352	0	729.9085406061097	725.9641563423227	0	734.9130422800824	722.6389899297042	0
					773.2072182869144	707.5876923956098	0	769.6857962985023	708.7244284344936	0	770.2873322516391	705.5566054991029	0	845.0358767890625	717.050481375	0
					843.42899371875	716.122747	0	846.1073053828125	715.194712375	0	830.0620748756922	704.0210231419267	0	831.6689579460048	704.9487575169267	0
					830.0384746796874	705.917368625	0	833.2522408203124	707.772837375	0	832.1808121953125	709.628606375	0	830.5739291249999	708.700872	0
					840.8198704074543	701.6885011390532	0	838.7276330734201	703.456893751463	0	837.9220697521027	701.5399251627705	0	848.2496429375001	718.905950125	0
					846.6427598671876	717.97821575	0	858.2991796617393	729.3316735078197	0	860.033278984375	728.183594125	0	854.677175234375	722.616887625	0
					853.0702921640625	721.68915325	0	826.3499220090224	696.4723060341028	0	824.5232762535168	697.7806805393304	0	824.2702304540169	695.4981044843166	0
					925.7891810027063	634.6914625268099	0	915.3334699286625	636.9017266595724	0	856.819512828125	726.328125375	0	856.8108179193307	728.198654156978	0
					855.2039348412058	727.270919781978	0	801.2625017411588	775.5501891847631	0	805.0740397981798	778.123227171028	0	800.3303035617434	780.053449491827	0
					906.3673215574272	721.884503567019	0	903.4818437475302	721.0848622376855	0	905.4583948402274	719.0315646139836	0	868.932221856005	724.1979843274651	0
					868.8468753960974	722.1953404611764	0	870.6201739359541	723.1298343145238	0	862.6271248178549	721.835451984589	0	864.2340078881674	722.763186359589	0
					862.1761360859375	724.472056125	0	867.5322398281251	730.038762625	0	866.4608112968749	731.894531625	0	861.3726028249739	736.9841317732147	0
					859.4799457704916	739.0731730458162	0	858.5536990954685	736.979039789827	0	878.6464278016773	737.6927212581395	0	877.4244432186538	737.0260579012468	0
					878.3618781765811	736.3301069093864	0	872.7582203274915	737.6863180192637	0	871.1513372493665	736.7585836442637	0	872.8883436093749	735.605469125	0
					864.3184736796875	728.183293875	0	865.9253567578126	729.11102825	0	863.247045140625	730.039062875	0	876.5746317372575	719.8265920567385	0
					876.3729210459452	722.6240492036131	0	874.5055141367829	720.1753923219956	0	856.2840583125001	723.544622	0	858.9623699453125	722.616587375	0
					857.8909413828126	724.472356375	0	883.5851374408303	742.2350498141456	0	883.2681111411912	742.360724514414	0	883.3294030981575	742.0252500728217	0
					846.0789774163457	772.2306887007633	0	853.0666872806863	777.8711952174115	0	846.9758093479193	778.3215403119952	0	823.982052977695	713.2467470719876	0
					822.5629553111571	711.9937588222476	0	824.6106571768953	711.6076871705092	0	819.3257476015624	702.206731375	0	817.7188645312499	701.278997	0
					820.3971762578124	700.350962375	0	818.2207449290061	696.6987770299538	0	820.0473906845118	695.3904025247259	0	820.6169389430055	698.1148534947722	0
					806.4706830078123	694.784856375	0	808.0775660859374	695.71259075	0	805.3992543281249	696.640625375	0	819.786373592314	693.0966976010936	0
					817.8792354066372	691.4929764283678	0	820.014412328439	690.615347969554	0	822.53951375	704.062200125	0	820.9326306796875	703.13446575	0
					823.6109423984374	702.206431125	0	830.3967103170888	714.5742304340537	0	828.7898272389639	713.6464960590537	0	831.1093835781251	711.484375375	0
					828.9670460468749	707.773137625	0	827.3601629765624	706.84540325	0	792.2236919120816	678.641056298502	0	791.6071343330113	681.5644340937763	0
					790.4829555009452	679.8006314547258	0	836.8705582579958	638.8067615407874	0	833.3110530856803	646.1538634914825	0	826.7557546527346	638.4421683045653	0
					804.4656805566053	742.2107278537953	0	801.4029078550802	739.0274320852611	0	805.762660575069	737.8977986512148	0	766.0684244212548	746.547954732549	0
					764.910728032929	750.0165927749033	0	761.7204188987439	745.0724524676284	0	696.6955080530388	636.2882238567472	0	695.0886249749138	635.3604894817472	0
					696.131205015625	633.554687875	0	684.3475693749999	624.277043875	0	683.276140390625	626.132812875	0	682.740686296875	623.3493095	0
					705.772503484375	639.121094125	0	705.7208008551067	641.0661144641745	0	704.1139177769817	640.1383800891745	0	695.595750890625	630.7711845	0
					697.20263396875	631.698918875	0	679.2819340983685	630.2622411891022	0	677.3197599222249	628.3018857719503	0	680.8592100072013	628.671055832487	0
					687.0653569847294	621.4251668250079	0	688.9271732447233	621.9113439638002	0	676.4580254483581	616.0269356390672	0	679.9454631468781	621.6966373773619	0
					679.6609138008541	620.3340225563767	0	680.882898486649	621.0006865709852	0	745.4091261953125	659.530950125	0	746.4805550234375	657.675181125	0
					747.016009265625	660.4586845	0	744.2914457678935	663.3222979897464	0	742.6845626897684	662.3945636147464	0	744.3376973593749	661.386719125	0
					723.37724233037	637.3824151147547	0	725.7898513126006	638.7700600206474	0	734.160944671875	653.0368095	0	735.7678277499999	653.964543875	0
					734.696398890625	655.820312875	0	736.8392566015625	652.108774875	0	737.2738524442218	649.5005640516119	0	740.7549138014022	663.8813447817997	0
					740.8011653928836	661.9457659170533	0	753.2396633473559	670.0891555572562	0	751.6327802692308	669.1614211822562	0	748.62289234375	661.386418875	0
					747.551463515625	663.242187875	0	756.7701825390411	614.6389480303501	0	761.1314909458333	603.84082911255	0	768.2915546864797	612.9423729443795	0
					802.489829609579	671.9923967110367	0	808.3126253847895	668.5958763550719	0	812.4350119848884	676.2994432859321	0	887.0011753095329	742.9052154463011	0
					887.1904273277139	743.3529315453716	0	886.7634501385216	743.2739150909738	0	867.0254380735028	759.4930938081432	0	863.7896837346018	762.8181914619249	0
					863.5998216850558	759.3964762494043	0	744.0878311345	750.4282732335212	0	742.585644423039	751.0769759197601	0	743.789781839499	749.2519427750181	0
					739.638204938826	759.2586680277586	0	736.5677693292407	742.8967393960156	0	736.3610003292406	743.7594878960156	0	731.3882780318252	739.8634091407778	0
					832.3501162994442	747.2682357521419	0	837.9501770564129	742.2193169192224	0	836.3180925889344	749.5806049963301	0	820.9133809573915	743.4206949470226	0
					819.3205117032551	747.518915369352	0	815.9680010972104	743.85722051952	0	715.8900736776859	716.8014654374647	0	724.0292883184956	714.3241415121006	0
					724.0139635562002	721.7242893627557	0	698.6673982976577	727.1205508886691	0	680.6358874032701	725.0118820329842	0	685.2037131957516	714.9422483405278	0
					740.3366789510476	737.6769091249096	0	740.6693852675381	736.1651503545729	0	742.6027982073007	736.6114151280347	0	744.4141127826778	735.6345516107714	0
					745.3958013628969	733.5504791263379	0	884.4300073838933	734.3498781722537	0	884.4079118142297	732.4433780384071	0	885.6561001536924	733.3822901439407	0
					898.8921138359461	733.6168286729546	0	900.8028524610822	733.5694404103584	0	899.8876718612814	735.2135806515596	0	668.7450333286349	616.6157813211585	0
					667.7966401176043	617.2195262180492	0	668.2623060178402	616.1415128463959	0	668.0629647779019	612.3630066753341	0	668.3666003202584	613.8830309570831	0
					667.1076019009695	612.9788233814032	0	664.8520720448996	606.6367165635178	0	666.0571637699867	607.1311463844195	0	665.0104036172444	607.9296349781399	0
					653.9714408569482	603.623496662676	0	656.7012372090645	605.676800559715	0	654.077698827323	606.3234671331425	0	737.3802235849771	747.4380544948372	0
					737.955629584977	747.9953899948371	0	887.7956272217355	739.3909854689804	0	888.1866032617945	738.8108491728906	0	888.6776819008629	739.0167836035813	0
					887.4304960453289	747.2896075819413	0	887.8201354005135	746.8119142100006	0	888.2104983649185	747.2981278522548	0	748.0184868109145	742.6554144116246	0
					746.4327955591685	741.1156051483886	0	747.7118439857086	740.804496882982	0	749.1399010777401	739.4066362870557	0	752.295092844827	738.639185878365	0
					736.6754036620678	751.987292397958	0	734.969160445007	748.2277289317562	0	733.1079734447445	746.7561619423802	0	652.4238645823132	621.7544604649661	0
					651.8889092084175	618.6125670942218	0	654.1608248201184	621.0322020590759	0	665.8932552949339	616.121051783917	0	667.3625751250677	615.6220527032194	0
					887.3507996592491	748.1746369607532	0	888.0672538345759	748.5426542642347	0	887.597194484091	748.9414700007926	0	900.4637827933944	756.8116903275543	0
					898.820530190832	758.726199103318	0	897.727698141417	756.1257353934918	0	739.1364939299028	845.1842716663796	0	747.9618911779394	837.2669628529538	0
					748.3672536705992	849.1163129061147	0	690.749676351543	771.7146936703112	0	687.6927564864576	789.5347379072369	0	675.3626934396208	781.2088757064719	0
					749.3986673919292	748.7837235880779	0	740.4695193252187	753.0308911411928	0	738.5204574957008	752.2635310148295	0	740.9346318885219	751.4859462518998	0
					779.5213639580909	642.5445052487147	0	783.5589664382483	642.8764077235827	0	782.5875235618016	648.4393056445326	0	819.0921483450051	640.1850518999986	0
					815.0323687887521	645.8214602828067	0	810.928267653338	640.217241927545	0	677.1638529190553	633.4175509387478	0	680.7033030040318	633.7867209992844	0
					654.2654132611553	641.8474518978096	0	647.4463329979937	643.5453441967821	0	680.4363762050322	591.9551678351372	0	679.4845373674634	593.4166390098856	0
					678.3375951876857	592.1027064379584	0	713.1290678557139	609.8465947605715	0	717.874371587943	613.5518807502388	0	755.4087264178361	670.043165619652	0
					753.062510858942	672.251461426908	0	766.391572628879	678.8523492868351	0	766.7727376567096	676.3366833324991	0	768.0597785034192	677.818400704336	0
					803.3266788577808	649.8092300485851	0	795.5012360200267	647.9303925556987	0	799.0430452593309	643.974812817467	0	765.795088995048	665.0695004158119	0
					765.7870748894227	663.2001515012877	0	767.4099464061056	664.127954082908	0	910.1616879236261	730.8874075474973	0	911.584732142423	732.3984112150874	0
					895.7958655943836	741.7106325528266	0	895.116003143298	742.7850990457679	0	894.3914392351918	741.5743126680588	0	675.5410707330752	618.3532603838376	0
					676.0140704275684	618.8593431031682	0	675.5524002360908	618.9661543496298	0	674.0256942600161	617.7945157669715	0	673.7839436452007	618.0673341614745	0
					673.5958586555536	617.6571481835092	0	669.2663312130308	614.4024911002596	0	668.3109683360983	615.0183078063287	0	672.1987791422129	617.9056763742994	0
					671.6426117574197	618.1525637762662	0	671.832359223073	617.5654757822108	0	675.1805365055479	614.3096625184046	0	675.6222360873409	614.3618255730448	0
					675.3568056387394	614.713238385352	0	675.1320450939373	618.1139989481701	0	674.6465898956303	618.3323866876181	0	674.6992344479702	617.986314005489	0
					676.8562549978799	608.8178550280923	0	677.3051017822268	609.4260436404079	0	676.5527322724731	609.3532635280013	0	677.7618981353137	612.1586202598405	0
					678.1897377527766	612.6847746534266	0	677.4848226241887	612.8209476622467	0	676.8288237785638	623.3838771661999	0	677.6520496171875	622.8857425625	0
					672.3189999483208	627.8069223950984	0	671.0634961971139	626.128293965367	0	680.4379458976113	608.7430932189027	0	680.6394248863942	609.6598751971881	0
					679.642341330579	609.3984716045854	0	681.3597326885149	613.2611351723178	0	681.0911952596105	613.9920007652723	0	680.4270104741014	613.7195901680275	0
					886.5256976986919	743.6210335869255	0	886.3364456805109	743.1733174878551	0	885.1200842987873	741.177896253444	0	884.89945760628	741.4694329464592	0
					884.8811681439297	741.1042819141617	0	886.998548066796	735.8802549123004	0	887.6862352685514	737.1531441601335	0	886.3658829251112	736.5616795256205	0
					886.6647293592416	739.8741810980814	0	886.474981925443	740.4612691603706	0	886.1085620451902	740.1210685263978	0	886.6759398029278	738.684274618781	0
					885.8565559894944	739.1238367320542	0	886.2341863134333	738.2741308867269	0	883.1111093255894	740.3068295636989	0	882.6509731417066	740.7766346786121	0
					886.8346976700277	734.4765528842145	0	888.1550500134679	735.0680175187274	0	897.7495780262848	727.0590942765959	0	893.971419982764	727.8886995835973	0
					894.9308682606726	725.2244893221402	0	865.5789598723439	746.2418257867006	0	862.8622186445632	747.6892567836567	0	862.2669533616458	744.437711039958	0
					876.1021097656251	737.460937875	0	876.5611649611357	740.3767684668435	0	874.9542818830107	739.4490340918435	0	885.6468896884332	737.7288583867269	0
					884.8275058749999	738.1684204999999	0	888.693779175579	737.4541834271524	0	889.7038688325022	736.5060103038927	0	873.9006200582814	704.5906382033455	0
					876.9896217437167	706.3684136885743	0	872.7789747876409	710.1121299537267	0	1241.715810444255	593.3845539809022	0	1205.716342823521	564.4985034067199	0
					1241.715810444255	547.2286704258179	0	1285.026188602493	807.8843772393052	0	1287.131886960861	786.0249317366423	0	1307.946265715302	793.0271428393589	0
					891.5486268033305	730.5643417255613	0	890.3879695548518	727.9566242177673	0	892.3133674656304	728.6618121369356	0	848.7127939377522	688.5006234064292	0
					850.9941727034575	685.8804866336955	0	852.0833748609052	689.3426388581397	0	864.3866560508809	713.0526649988965	0	866.4381555600238	709.7931552639674	0
					867.6384735930626	711.593864203427	0	834.1556481793511	715.4854340876312	0	832.5487651012262	714.5576997126312	0	834.323149734375	713.339844125	0
					820.413139686463	725.5993100754351	0	820.0928108524142	722.273830375944	0	823.0987911626619	723.7886290614124	0	735.0532800783786	744.688817881875	0
					733.963578031118	744.4276564859294	0	734.3739996112208	742.8271253960856	0	1295.113369077352	886.6301174254679	0	1261.176750663802	895.4624866637373	0
					1282.049219281742	868.4778830892051	0	1292.797100531587	1202.85930535741	0	1275.495301551633	1247.387084953984	0	1220.565034057727	1200.417975626838	0
					1301.139310365779	351.6036034485501	0	1257.643147153687	354.2461550002078	0	1349.110655970734	570.673906611784	0	1357.976781101535	546.3983356378203	0
					1378.610601848015	571.0370671945213	0	739.1593284727521	742.2733968810433	0	742.6679802874978	742.5727232815246	0	953.2298712720385	1152.041196374394	0
					997.4680665959324	1171.37355353745	0	981.5374018679711	1206.428863506337	0	830.9822462648087	1049.521635319848	0	813.6541546612777	1050.773858699041	0
					825.3324443964689	1029.630480564624	0	759.6617432762918	386.2857253486253	0	738.582320193695	394.8345198994087	0	740.9899590825968	372.2153412947983	0
					786.4240919034806	502.0154090562613	0	790.3303419034806	510.8928482943146	0	778.504286	510.9872817619467	0	745.800651123036	754.194412245716	0
					743.5949144475635	755.060327300271	0	745.0894303935124	751.387391323708	0	741.1807400547424	755.8379120632005	0	696.671170815255	614.7841873080238	0
					693.2726408360051	614.4751641566104	0	695.9254503627037	612.3285149204689	0	683.162240309603	619.6694105050703	0	682.2052322109375	620.565806125	0
					681.5553572392905	618.7416761300703	0	901.3709240568603	1170.905615630111	0	893.4006042035737	1206.270158258749	0	857.4723217163569	1190.079267545579	0
					914.0625	1460.139291431358	0	935.9252576678218	1420.463513289124	0	959.3627576678218	1460.324221857766	0	746.3592629187092	744.3147757986922	0
					747.2972445600006	744.54964006518	0	746.9170690943353	745.897893186841	0	737.6234928737466	739.7225250640465	0	737.2701689250529	738.7058890367186	0
					738.7565899599788	738.2472803787756	0	839.3477523845984	737.8445402897851	0	843.3157286740886	740.1569095339731	0	842.3193021093607	732.6976651742351	0
					845.6815748923343	731.9995890877374	0	919.7771164741584	762.8266454682937	0	921.1618925025033	760.1254720348379	0	921.8980140796381	763.0703094819582	0
					913.192826750414	782.4467244911157	0	916.6431870709171	783.7507915164514	0	913.7441244375241	786.0938669352845	0	931.8971296604381	716.2791794243851	0
					935.7792179973703	717.5687682584157	0	932.8060811796299	720.0309136121632	0	916.027993374697	754.2106667368694	0	913.85948733596	751.7892593784998	0
					915.862835039952	752.1768622411748	0	704.9871607102834	730.6958989346226	0	709.5549865027649	720.6262652421663	0	698.9879828667433	675.1857144739513	0
					695.3672196644006	669.1904505391361	0	699.6588938427083	668.1142405120384	0	842.6770866100612	708.9730794197595	0	842.9566165545174	706.9678551091857	0
					844.586456507873	708.217151669778	0	850.9041515433851	708.7288030060743	0	849.3237043652821	709.5942954966503	0	849.2850406965438	707.7927973271433	0
					656.3026954368859	592.1460352943568	0	653.5128366061992	590.105635145226	0	656.0624156962917	588.6980198202045	0	665.4449918660264	559.4230694690571	0
					667.4169447263032	562.7706684828393	0	663.5382783327568	562.5449158575984	0	886.5730344053125	742.4054661566694	0	886.3772503770086	742.6163757073941	0
					886.3760866619805	742.1956428721601	0	877.2098415435565	749.1754098896751	0	876.8528628871933	747.8545939275091	0	879.0391355062645	747.972355694448	0
					878.8018017789777	751.0440050383766	0	880.3183245897503	749.9862795047618	0	879.7240122061003	751.7371128865245	0	869.674577453125	733.750000375	0
					869.0690333345185	736.6543023158517	0	867.4621502563936	735.7265679408517	0	744.411885601561	739.7363394149887	0	745.3853384546337	739.9898372623977	0
					747.5542098259941	737.8668270238195	0	741.2270145074806	635.1100307817981	0	742.7895671352039	639.5430165882608	0	738.7644025062292	637.115881737381	0
					748.3421256969214	615.475282121891	0	755.5021894375677	624.5768259537206	0	723.1026508796865	855.0656511471566	0	722.6972883870267	843.2163010939958	0
					614.0230651942454	605.4879296824197	0	605.5029547713864	605.7042716086424	0	612.4535553431062	597.1108344654647	0	1170.286207145002	434.0808784689772	0
					1138.074262009924	397.1200772969117	0	1173.504397688442	385.1589663815249	0	939.3615287038767	491.6107613522624	0	947.1740287038767	505.9289836841774	0
					930.848036	505.5464986680851	0	785.581203046875	682.7243095	0	788.2595148515625	681.796274875	0	787.1880861171875	683.652043875	0
					777.5056715720093	687.434196552746	0	774.8865989403762	686.4041571583018	0	775.3947384017195	683.668565033217	0	769.2481215665612	668.825044702186	0
					769.2720843536767	666.9558322009021	0	783.9743199765625	681.796575125	0	785.0457487109375	679.940806125	0	793.877241648883	675.777024147073	0
					790.1320022063129	675.0697104605979	0	792.9097307751804	673.9694809482194	0	787.7228416770643	688.2922263508423	0	786.0817431156156	689.2792236896729	0
					786.0824419073012	687.4225445888306	0	805.958575725099	661.6258584738666	0	815.9037581004084	665.932905048762	0	788.8760724306327	678.8728970797258	0
					799.0761563139783	659.0268197834966	0	806.6672890295972	656.3638484771868	0	802.8802859076434	688.015325267397	0	805.175554057025	685.8952729679854	0
					805.0167306337567	688.0258319505883	0	763.2398689615642	710.2983193044399	0	758.5921510080858	708.3419068268249	0	766.8340604531249	674.375000375	0
					765.1658545785847	675.4089489574991	0	832.5861849659127	688.1834505092208	0	828.8072631946054	690.3892458359128	0	829.617741321842	687.1221372186994	0
					801.2734028373309	687.087590892397	0	801.1145794140625	689.218149875	0	805.4407116445677	698.4242879545009	0	803.8338285664428	697.4965535795009	0
					800.0431507109375	691.073918875	0	798.9409725720184	685.5610723753859	0	800.7066790655992	684.358247767783	0	793.6156184140625	687.362981375	0
					795.2225014921876	688.29071575	0	802.4932325049823	681.2638464463345	0	804.8256627702949	682.7903649633455	0	801.0245888502006	696.9047144727588	0
					799.4177057720756	695.9769800977588	0	802.185488171875	694.785156625	0	806.7874188652924	699.8026601347383	0	808.6130204843749	698.496094125	0
					808.3943019434173	700.7303945097383	0	792.4689812325307	719.7050880723841	0	792.1570284172228	715.4448189472292	0	797.0521445616745	716.9071429129715	0
					801.6335932137142	677.1863791382957	0	809.2125131099477	691.8913360060299	0	811.2003921956444	689.5208755383121	0	811.1368738513215	691.4863612822821	0
					718.0921139296875	643.75946575	0	725.8271590302736	643.350256160343	0	723.9841920390625	644.686899875	0	711.8973397071247	658.7015443025257	0
					709.7810121492656	658.1660753689678	0	711.5696243622351	655.5468670951433	0	722.9127631562499	646.542668875	0	721.8413342656249	648.398437875	0
					715.4138019531249	644.687500375	0	713.6092244713627	645.9576515106078	0	714.8783477812499	641.903997	0	716.485230859375	642.831731375	0
					718.9674045059417	653.5204402774117	0	716.7109048313939	653.7178748561446	0	717.6872166875073	651.8826430856752	0	709.0679686014105	669.4921320223152	0
					711.9516061236416	664.7998634134442	0	689.0638551922846	634.6867088794759	0	689.5916268664557	631.8932882155902	0	690.7827841070788	633.5649054138856	0
					702.1624955183988	641.6628738398053	0	702.214198147667	639.7178535006308	0	715.086613703784	636.9050193359619	0	712.9720944677736	635.928381160343	0
					715.3226976246826	634.640641246305	0	727.6328183038115	637.4334163059904	0	727.9062099423832	639.7492343560289	0	711.3652113974611	635.000646785343	0
					711.1291274765624	637.265024875	0	705.2370493359374	636.33759075	0	709.5552631947972	643.7019746433841	0	707.9483801166723	642.7742402683841	0
					708.986269640625	640.976562875	0	710.0576985624999	639.120793875	0	700.607315069542	638.7901191256308	0	702.5587373281251	637.265625375	0
					702.0232831875001	634.482122	0	703.630166265625	635.409856375	0	706.1827993044944	656.9455057200014	0	706.510514649384	660.1001829273838	0
					695.5340232156309	656.2124517069694	0	690.7988634925989	659.3456680669899	0	690.2947560678642	653.439143196736	0	711.1621462729222	644.6297090183841	0
					710.9644518692851	646.8275945289918	0	702.374457639487	652.4089344468453	0	705.6449551393687	650.4748268884291	0	698.3967124628269	627.7752458808231	0
					700.0035955331394	628.7029802558231	0	698.2740629140626	629.843149875	0	706.3777127897899	615.3911171055311	0	708.4068012735288	621.5700759736492	0
					770.0478266093749	676.230469125	0	769.5123723046875	673.44696575	0	781.5057811642207	669.3729910597381	0	783.8634318995662	669.0003576967424	0
					782.8256563643647	672.6533063916818	0	762.7864343303311	688.828445706084	0	760.6170331924534	685.1432074939989	0	764.8932436721466	685.1793448735328	0
					774.3330215312499	676.230168875	0	773.261592765625	678.085937875	0	767.3706291428064	684.599324872145	0	765.2012280049287	680.9140866600599	0
					766.2986061562499	671.591497	0	767.905489234375	672.519231375	0	756.5659240223309	703.7272796484822	0	764.739683277472	702.078714359644	0
					757.1927619843749	668.808594125	0	757.0156094959611	670.970899994652	0	764.9842554636714	639.0044930177569	0	770.7003401950119	640.1631377292821	0
					766.8165664095607	644.6441825842312	0	789.4392649055819	665.9473208694751	0	793.1449111915138	663.8906354571679	0	769.6666615815443	678.746135079336	0
					751.4777944049383	682.4598698798479	0	749.1053441763115	683.311175971508	0	749.1006540954731	679.5666379151137	0	764.1642431376199	666.0109785420959	0
					762.5493857265624	666.952524875	0	762.5573600673074	665.0832441670959	0	756.6573077109374	666.02509075	0	758.2641907890624	666.952825125	0
					759.3676535259376	672.4634464955914	0	757.5836179593989	673.6980179902432	0	761.4779569374998	668.808293875	0	760.4065281406249	670.664062875	0
					759.8710738593749	667.8805595	0	755.7043831567377	676.9529481573181	0	753.3523391267611	675.4604016563787	0	756.1218534453124	663.241587375	0
					757.1031635100228	683.849257298845	0	754.9963541682073	687.4983581313962	0	747.6501262098577	673.9065956599138	0	748.7942945911452	672.1856969034033	0
					749.7492794071743	674.0183501210229	0	824.3035135683235	700.0167894195583	0	825.910396638636	700.9445237945583	0	833.7876952734375	710.55634075	0
					830.5503680035281	719.874493787795	0	834.7230293842747	718.213638526842	0	832.8921338416003	721.3848426393747	0	842.8935392421874	713.339243625	0
					841.8221106406249	715.195012625	0	840.2152275703124	714.26727825	0	830.229208762065	716.7198203966849	0	835.39457834375	711.484075125	0
					836.4974140174235	716.9957829392108	0	826.8894910213719	731.8413958914014	0	823.7098010006659	730.4423110305365	0	826.5988100174164	728.5131936217684	0
					868.8511528463683	726.1938687154062	0	867.0778543065117	725.2593748620588	0	872.3528890546875	732.82196575	0	881.498830380569	740.4216388928708	0
					881.5522340895952	741.2718885376127	0	880.9761627090263	741.0943906447419	0	881.4424737108098	734.7052960458312	0	880.6552913945313	735.1410014375	0
					880.6390321756536	734.2414288583312	0	868.938910052635	738.7351512101154	0	875.566655203125	734.6774345	0	873.959772125	733.749700125	0
					806.6236137040692	688.9535663255883	0	809.6844491562499	696.640325125	0	818.254318953125	704.062500375	0	817.8022023975263	706.7010579806639	0
					816.1953193194014	705.7733236056639	0	817.1834101171873	698.495493625	0	816.1119814531248	700.351262625	0	814.5050983828123	699.42352825	0
					804.3299209522902	702.2037026338589	0	802.9832137315657	700.8253304536215	0	805.2219931036102	700.6585883392393	0	807.5421116953123	692.929087375	0
					807.6056300396353	690.9636016310299	0	810.7894368610578	702.1483054036826	0	808.9638352419752	703.454871413421	0	809.8190365229276	713.3966390668928	0
					805.8193505527684	716.0982003208672	0	821.3644171029557	674.9334718980153	0	824.1672093689706	672.3666103797545	0	827.2738187118275	674.3971593478025	0
					822.223822013318	699.0425878697722	0	799.5767336448087	710.9406205880996	0	796.0311738444841	709.3872586980502	0	797.8108226939506	695.0492457227588	0
					798.971722015625	692.929687875	0	692.3896671852037	634.4926397888856	0	692.9174388593749	631.699219125	0	698.8095170390625	632.62665325	0
					690.5340563150359	622.8390783388002	0	688.6327644921876	624.276743625	0	693.9888678203125	629.843450125	0	695.0602967734376	627.987681125	0
					702.1936999629036	626.7650768615489	0	700.4164001171875	633.554387625	0	696.1042051791462	626.1795787313702	0	697.8337377982231	625.0394091121934	0
					701.3158684370142	616.8810374338276	0	704.3858246947294	611.1476177435858	0	737.3747108203124	654.89227825	0	731.2465507000501	656.2292189625352	0
					729.6396676219251	655.3014845875352	0	731.4826327343749	653.964844125	0	728.1768582383156	642.0612698798234	0	727.940774317417	644.3256479694805	0
					732.5540616015625	652.109075125	0	733.6254904609375	650.253306125	0	740.0530227421875	653.964243625	0	741.7361852336001	652.9043894227354	0
					740.58847696875	656.747747	0	738.9815938984375	655.820012625	0	742.3699489485633	643.9807540951001	0	741.8641370601838	647.1163641247903	0
					739.821143245573	644.6844775735337	0	742.1379912369769	629.0480279880899	0	753.8796772542044	640.1981244746819	0	748.4995823553609	642.4890731023188	0
					744.3944089511469	652.0111483841939	0	744.3181295300469	653.9987369614585	0	719.7856791736738	675.1541800420598	0	717.092658127493	673.0289722852044	0
					720.2784152382145	671.756250007385	0	715.8385222849612	655.7190040382911	0	714.558334466527	654.0812068465546	0	740.636582593521	750.3096157933969	0
					721.0459013878066	653.4871055536895	0	721.6959668529025	650.5056903784712	0	722.7981518786539	652.3075874252183	0	728.2420587574154	654.0112766407799	0
					726.6351756792903	653.0835422657799	0	728.268866578125	652.109375375	0	735.800386748651	741.6347102570103	0	745.3857815232629	678.2846028712645	0
					746.3242351027831	675.9452553066443	0	747.6666574463666	678.0785964421536	0	740.4321479911608	666.295860323853	0	738.5487506942761	665.84706262616	0
					825.7489673947335	721.7544236311244	0	828.3983132193907	719.8910245092175	0	824.7401469270537	709.5279355853847	0	823.1332638489287	708.6002012103847	0
					824.681851265625	707.773437875	0	726.6974556954208	706.5455938303511	0	734.8213455739351	711.4684177556421	0	764.8880505508707	693.1643351334596	0
					675.8977619137643	623.1410548676008	0	675.8779776142032	624.1030566588006	0	667.6161956548472	618.9476089552954	0	668.1035434328408	619.9578575856318	0
					682.2453207479225	627.9182448748195	0	680.2831465717788	625.9578894576675	0	672.5179115349597	632.329808823843	0	673.6473675633838	629.8254683527184	0
					674.6130279849677	632.39741159969	0	985.3944641307864	871.427221	0	970.8016950241647	864.395971	0	986.5677668933781	850.333471	0
					896.8225795858566	851.1195291553802	0	907.3579863677597	854.9484971485604	0	898.5780951468639	862.1908415016213	0	811.0600496185858	683.9112441817864	0
					806.9621074964082	682.8008716465367	0	810.7101583318556	680.8063361771465	0	815.006978788381	694.8433082799538	0	812.743756921634	692.4140956572821	0
					815.3879748037652	691.5451134372358	0	847.7412455297795	726.7675405064401	0	850.1225401055713	726.7948098724598	0	849.0311403581865	728.2443146369587	0
					828.991341385772	736.8387304876019	0	831.8803504025225	734.9096130788338	0	658.3644342998887	604.8003373355552	0	658.2505753915052	602.7910481853975	0
					660.0200304527042	604.6145554317043	0	674.6349200912071	610.103941356855	0	675.1024659858388	610.7225457063275	0	674.5433237756379	610.6878646465025	0
					889.8725506599889	746.0756904606537	0	890.4161326331166	745.7000972740042	0	890.4637095988162	746.5067530261611	0	882.1573494742829	748.3324653153759	0
					882.1289921741645	749.9435107051522	0	881.2688923169912	749.0683419631334	0	673.3264676351166	617.507887431611	0	672.8713173243021	617.6242774791281	0
					672.8436769186806	617.202198332727	0	669.916368328732	613.8427134013286	0	669.8607363445719	614.9779902505742	0	785.1796020517613	677.8534965937763	0
					786.7864851220738	678.7812309687763	0	778.7396694941971	674.1640370023387	0	780.3465525645096	675.0917713773387	0	778.6182164296874	676.229868625	0
					786.9269042887299	712.2483472010085	0	783.4806392065761	708.2681334968358	0	786.7159315029537	707.918957367924	0	784.1088298315703	694.8568400818622	0
					781.8138410156445	695.947563113943	0	865.9201503636068	740.8105749623526	0	863.6412720447117	741.0342725361029	0	864.5777278188921	738.8545674554537	0
					857.5465598129392	734.3461868448069	0	855.653902758457	736.4352281174083	0	876.6480873522049	744.7431749018724	0	875.3477559042828	744.0399160271004	0
					876.7136685264434	743.0681235584589	0	855.9790586505526	747.8591518828713	0	859.6331573394741	749.6750304154095	0	856.0620038561617	751.6490402613667	0
					725.0551004218748	650.253906625	0	724.405034956779	653.2353218002183	0	719.6095200754916	663.6881788091141	0	719.9142318842488	667.108101039728	0
					735.776520834115	747.3941914806965	0	659.1062283339659	621.2632959186247	0	657.5545846279871	621.6335466768157	0	657.9952170157358	620.0131077146023	0
					637.5023219717704	600.2189567674695	0	635.5439292644032	596.1402747528668	0	640.7425331899315	596.1536532093917	0	658.4860011086673	609.5456506557814	0
					658.4706922702635	607.5003078060217	0	660.1491981994915	608.6691874316216	0	884.9592024866779	736.4559691388936	0	888.0611140338942	738.1356080404726	0
					878.5352801062852	730.6341131271042	0	879.2291565646067	729.4052314357322	0	880.0373704747471	730.6719180434538	0	896.1551195661407	735.0435209494233	0
					895.561717822256	732.2746887613719	0	897.3835314922608	732.4921367261044	0	474.7133588937137	574.8611712424567	0	488.2622155472621	567.8299212424567	0
					622.6435765095761	618.5062187254464	0	613.0270542256435	628.410674452201	0	383.5155774201737	543.298452201301	0	397.9230785655728	558.2313952184836	0
					376.7732345770287	562.9226640171828	0	232.784141819411	601.4668155177674	0	213.7842000071523	622.7217239819772	0	204.5709890510001	597.3696294642098	0
					117.1129187760091	69.68727561444166	0	102.2379187760091	31.95433843551106	0	142.875	37.7329371789306	0	783.342807495078	662.425721316218	0
					786.0322188321406	661.3119207008982	0	785.2329680364847	664.6062417494791	0	789.0099257714564	676.785587548502	0	788.042414897754	674.9780443496484	0
					772.1271448015987	658.8086273932926	0	769.6487167096807	657.7065548329981	0	771.0397940348196	656.3237052526719	0	772.6103839281474	662.6774794736971	0
					770.7058496923419	662.1527153507283	0	772.6406017122654	660.7162410965877	0	708.8835004294431	624.4553463064885	0	703.7844556879888	624.0098071286122	0
					715.0511453798831	632.3273593560289	0	712.4875906976806	630.7315902211715	0	714.3305576888916	629.3949465065144	0	884.371905861678	735.9106966388937	0
					883.1237175222154	734.9717845333601	0	889.4031844140135	733.7236894607622	0	889.5670348107818	735.1273914888482	0	501.160536	702.677221	0
					481.6739957130046	709.708471	0	512.8383527704877	625.333471	0	501.160536	618.302221	0	512.8383527704877	611.270971	0
					740.6900028997413	738.6935451522374	0	745.6919812798398	741.8407547910405	0	892.216262048622	737.5870527529414	0	892.711071575452	735.6831870228315	0
					893.8384963693059	736.7299387148007	0	896.9630633926593	740.917760678514	0	895.6429071397367	739.104268991131	0	698.3023911311639	637.2159582317472	0
					697.9578519507058	639.6681863573781	0	689.9307141652864	641.1601948232843	0	687.7795520564391	643.0068235952621	0	688.1038503240603	638.204954849749	0
					705.1302943644929	737.9555148582631	0	701.0472639697005	745.7920528947238	0	670.90977191914	617.4721625920888	0	670.3970035896741	618.0260586715191	0
					670.0305836705342	617.6858580794303	0	669.2654990626056	611.7493692923993	0	668.0065006433167	610.8451617167193	0	671.0099220028887	618.4665847720556	0
					670.1307337542829	618.6802802593973	0	671.8218600056036	621.3727203539838	0	671.3279087201819	621.7501483482142	0	670.9627260050747	620.9348379446678	0
					674.2748622902266	611.1795670137835	0	674.6313437063227	611.8358687557742	0	673.8953363262797	611.7089667735827	0	672.3677865940122	615.7510676703248	0
					672.4174509407785	616.0143913241195	0	672.1636383300813	615.9259165169888	0	1066.459573127929	817.2926492931058	0	1071.617017257057	800.5943095753096	0
					1142.444354953603	779.5917536198172	0	1127.451958794442	773.7908185300469	0	1147.518682393687	764.0331438400508	0	799.3065156363064	1324.092916858814	0
					797.442704200733	1268.96724330829	0	851.3658132986437	1280.56948372474	0	603.285536	984.2256847473921	0	594.6174079752817	999.1405006824494	0
					586.9924079752817	984.7795369350574	0	844.6788510315976	694.0117880738686	0	846.6912542058515	691.5149618873168	0	847.789592920946	694.4596018174252	0
					847.7131061403762	710.5284647027549	0	849.3322169872175	711.4644703816858	0	651.7631459255838	606.8188842396954	0	678.2106081474383	599.2248716295405	0
					677.7792207157489	598.0132533634114	0	678.9360052290674	598.1628391380409	0	521.6454679451488	760.1398482437454	0	518.8145572856729	736.1244862542317	0
					539.2994892308217	751.399613497977	0	344.296613276722	639.4836833408857	0	325.3423062696511	633.4502309384856	0	339.9512247579252	620.3453334785496	0
					888.5411095225054	740.8306727052164	0	888.025347430402	740.2458514498355	0	888.8024679529074	740.181741155052	0	888.043667174735	745.4750813454391	0
					888.1042529641609	744.9130108426775	0	888.4831017061994	745.1243938257119	0	890.5787031277066	748.4367359705142	0	891.373327617943	748.4170520401813	0
					890.6954447550252	749.199534633556	0	879.9897032335055	747.0544181528196	0	880.3466818898687	748.3752341149856	0	887.6589275501492	739.9056508158626	0
					887.3975691197472	740.554582366027	0	889.95638558038	742.6724368290231	0	890.4518091964255	742.8455968333238	0	890.3732730936414	743.3389139738356	0
					745.6355280020018	747.133134504566	0	852.7094640668186	717.0576102601686	0	852.7206181367648	715.1957215223248	0	862.3404193159004	713.2438741337545	0
					863.5407373489393	715.0445830732141	0	813.8095580325069	725.9658153575808	0	809.6067496496955	722.1937581309372	0	813.204350993404	720.3124541633231	0
					806.8861228514331	707.053574847874	0	804.4909879337927	705.6356639539297	0	886.027606098978	723.6157334351697	0	888.1879160164585	725.7960382111982	0
					882.5063929747621	732.457758107982	0	883.732485744561	731.490170079669	0	733.0721298584469	647.5008173123551	0	734.6790129287594	648.4285516873551	0
					732.2080629258641	644.3563622818356	0	732.640241035351	641.5897375739764	0	734.5578304357559	642.909438166851	0	779.3884924286256	656.2162012592852	0
					782.3805520826911	656.6705215986846	0	781.1499986366683	658.6770799282377	0	898.2508539200481	744.2132409118067	0	898.231488368184	746.4299650503128	0
					896.5010639506257	745.1381430690417	0	892.5273283822078	747.8501067215224	0	778.7729324889956	760.7412910471663	0	777.2788098585404	757.7089990644324	0
					780.6129297487736	758.4022117936888	0	712.0665020711619	808.8599537660211	0	729.6142640105378	804.4247173085298	0	719.0286702086306	815.9573549450715	0
					796.1063587697859	764.9878947194518	0	794.4088383275455	768.6132636725483	0	791.8280124478542	765.1947309113507	0	796.0777758576648	787.9029670629868	0
					797.3895926031627	794.1289707778941	0	790.5364455329169	789.6852834891115	0	641.7413722055975	254.4575227140849	0	641.7196175217805	270.2333052958289	0
					626.050453727378	272.0644511985121	0	262.7884790385581	36.74384351054702	0	303.7391166966137	33.00444950403049	0	285.2775957351718	69.74829301457751	0
					486.0640554528424	987.3949991719304	0	464.3151255517892	980.3637491719304	0	479.4116060989468	962.833471	0	670.6213130955343	1225.70689302731	0
					611.9073355192347	1241.957589069609	0	622.3745135762997	1210.118749309552	0	547.7424079752817	1003.639087099748	0	570.3155785403176	1014.346717689392	0
					539.7337065650358	1018.291451919026	0	300.0104665090503	1221.534174120175	0	336.186957829044	1278.16259400079	0	295.3091019808841	1270.038311847403	0
					886.3329545354267	741.9111189821531	0	886.3249643102852	741.5125416612289	0	886.5638804651429	741.5861560005112	0	885.6257714642243	739.8153793801663	0
					885.1840179747298	739.405235648112	0	884.8745838597567	746.0565011198437	0	885.0576469561105	746.8861850810918	0	884.3685776842327	746.6031849956928	0
					885.0847068301985	741.8422453361434	0	885.3873640351517	741.8704982852028	0	885.3336971042125	742.1696963356046	0	675.4248547242796	615.1527708947101	0
					674.9831551424868	615.1006078400699	0	673.7114197083804	607.4384885158842	0	673.3273981179169	608.0113348511632	0	672.9667232268475	607.4895726138402	0
					562.8384389523422	693.9703473405402	0	568.968812891784	679.417592331685	0	576.7379687378901	693.1654787301123	0	527.8386441990376	635.5822239746389	0
					547.6104522852741	621.0760561089874	0	550.9329269433362	638.3560590836262	0	359.0363379947371	711.494098102522	0	346.1243457007297	735.4682455508181	0
					332.3562214100296	712.5888684482961	0	406.479424281821	627.8754070649322	0	435.0897421189124	632.364721	0	418.3547915487148	656.0004070649322	0
					351.5625	1459.819528400533	0	304.6875	1459.819528400533	0	299.4628976307048	722.964460678505	0	292.5913612505849	741.0799593625344	0
					272.6100297652675	727.4814041444471	0	398.0094185687278	725.556598102522	0	414.1432273515164	740.0472333134142	0	388.9382710682257	748.864110415936	0
					448.8853757809236	878.6149645512328	0	445.7570896198691	857.5212145512328	0	465.9711483533169	864.395971	0	746.3027283599662	792.4743010908821	0
					744.0788385923365	787.7017328728184	0	753.0886217009868	788.5251550865692	0	702.2803238338173	800.2165736368195	0	671.982376802812	616.5142032223928	0
					671.7434606336001	616.4405889296968	0	671.9743865076357	616.1156258780876	0	673.4570031402714	616.5724462561752	0	673.5219330781713	616.8735017279967	0
					673.2338972915951	616.7847528133884	0	671.100164728997	619.8391081551856	0	670.4674749744661	620.153129150975	0	670.1109624129666	619.4348273557232	0
					673.7913240986084	617.0227624798947	0	673.568218249932	617.2350690371079	0	672.0281964792723	612.7745329069189	0	672.743061692977	612.8765322756472	0
					674.0024971449069	616.3373975403595	0	674.2905329314831	616.4261464549677	0	674.0330747134238	616.7499440853917	0	672.6037829183235	619.6893269480531	0
					672.124843191709	619.8377483708052	0	672.2629317882248	619.3215869752846	0	668.4679893232137	623.5683119130991	0	668.3292372645589	622.5755373236562	0
					669.7605273900519	623.2151784789228	0	666.0297487952421	624.667358127519	0	668.0389714043413	624.6646397376207	0	667.0320210018627	626.4033271073072	0
					663.7740740757217	619.8946183806953	0	664.6896723272068	618.8302567799833	0	678.5894848086666	622.1897915563767	0	679.8114694944614	622.8564555709852	0
					674.3732003752159	621.9866314894709	0	675.0943203747019	622.6771876801008	0	674.2257957499178	623.1696781695717	0	676.3070408372309	625.2153661128204	0
					677.3510390132585	626.3977768417881	0	682.4897815569615	621.9284209459852	0	677.907668104628	615.5331553607098	0	678.0540241383176	616.4189612599766	0
					676.0451665390624	621.9580081875	0	675.633562465292	620.4831890344802	0	676.4370040043544	620.9470562219802	0	678.9914660703125	618.710337375	0
					678.8591951417366	617.0839685986102	0	680.4660782120491	618.0117029736102	0	687.0152688991044	611.779738154665	0	688.5847044866975	611.7016750394243	0
					687.9583251535921	613.0366656841735	0	691.9573834388548	616.6789163767102	0	691.2116629863035	614.2232439891552	0	701.7170008069892	623.8798065287097	0
					699.4244935233085	622.2841393792567	0	873.6872104640049	685.2366965947836	0	877.2593203537947	680.7489223036787	0	881.5132727827756	684.8886893651172	0
					885.5130275968228	691.6244389059398	0	889.888005213178	696.7893675177547	0	882.316140509341	694.541392268037	0	630.066786	527.8633923604748	0
					622.254286	536.6318916851584	0	618.348036	528.6332203246836	0	720.1845241098978	393.7665825760312	0	708.8148373958863	400.5102752072673	0
					773.8220708069181	680.8260989443863	0	772.2151877287931	679.8983645693863	0	770.2271396228374	681.4862961487224	0	769.9191552900552	685.7515543621953	0
					769.6891666015102	693.5717814896266	0	767.5145723423566	697.8715335374683	0	664.7069561606497	643.6414892116625	0	665.2028767862655	647.2480977470043	0
					661.8362495914664	645.8736205106146	0	661.4553657502997	627.3354395557978	0	663.141543649875	625.7004510847289	0	663.3366204931883	628.0410339682746	0
					671.8704179655879	648.9671806513852	0	671.525706372089	655.1918478358486	0	667.72887176195	651.2406336325155	0	816.5329541070662	677.4098158211817	0
					819.6395634499229	679.4403647892298	0	882.7729738411283	730.3399934856704	0	884.6744926805959	730.3256134160956	0	885.657941212864	707.1706194440212	0
					887.3737003750191	709.0854220975759	0	884.9311823164562	709.5479362808389	0	878.7468661456122	713.9321920433528	0	879.5416998136886	709.7615195331198	0
					882.4205894862247	711.8038061375171	0	891.4917535749463	704.4859394596883	0	893.2581386485308	706.23513859299	0	889.8668443450114	708.4573043940597	0
					671.9247221608695	615.852302224293	0	674.0040277701175	614.0754721149456	0	674.7760778990378	614.1354284134819	0	674.1430559280262	614.6011190321753	0
					786.2492313482401	723.1239830037105	0	786.4830679322972	729.1042791206047	0	781.248614250371	726.2027078487667	0	786.4044195429144	752.865248036848	0
					783.5777710218475	752.8211882053923	0	784.9112927553481	750.3284782510095	0	695.7665148332819	647.7100093001429	0	699.1698636750145	645.5261736894215	0
					698.4332646326286	648.1220912259943	0	692.6296719549965	642.0280445161459	0	696.0780209439977	641.6040586135323	0	693.0547648866666	645.5380776661838	0
					672.6306020994156	606.849103258898	0	672.2465805089521	607.421949594177	0	675.3149494257062	606.813345577026	0	675.0217909480174	607.4015368732247	0
					674.3652530771386	607.3720594570084	0	693.0615950471256	681.535446971832	0	688.664605309574	682.0285762885876	0	690.2993189508841	676.7550538178048	0
					647.2353002502985	657.1673968681448	0	645.9784409159402	666.6485939551342	0	639.7570977269688	663.129718614643	0	741.1386570926907	770.9265436752351	0
					737.2700999855023	772.1982860376438	0	728.0989229770989	765.2828187282551	0	727.3466525812205	773.9927339541962	0	721.6799919980156	771.217956391137	0
					712.8659176357245	788.6839360002779	0	693.2072843694655	758.8913763389342	0	712.0037305002586	779.9842137440772	0	721.7899087376031	788.6275938732788	0
					759.1261233848603	762.543219619341	0	756.3241355698528	762.2298772142374	0	750.3124723790843	777.005763033445	0	745.819674172029	780.0457813262394	0
					745.267414617756	773.298957491179	0	891.3607108974747	809.6558496859847	0	886.909658615416	813.3930791930394	0	886.1409501387378	807.2737346330709	0
					897.8995772956193	818.4858114500071	0	898.0708105192446	811.7144399176168	0	903.8409684407109	814.4250571216706	0	805.9553419034806	510.8928482943146	0
					798.035536	519.864721	0	1109.119396247025	272.7716848838872	0	1059.359633735961	216.0139316793941	0	1123.038807127031	198.5845801099894	0
					1394.184495715364	316.2945115136691	0	1351.618591534181	337.7706328210357	0	1362.754000719023	291.4124334658351	0	1303.716107881218	533.185433750316	0
					1291.227066306053	495.283443074081	0	1315.987793649088	508.1331843788478	0	746.8465784308607	666.3185534170128	0	745.2396953527358	665.3908190420128	0
					738.2158392633523	672.249874399228	0	740.3188958775704	670.225368065112	0	740.3087502568878	674.2136642961268	0	658.9170619193692	600.1103254186507	0
					660.2502217417577	599.1112266122329	0	661.2393313667094	601.6061674751288	0	686.9308526987036	588.0985301309231	0	687.6297082006486	586.2144159019947	0
					688.9169721197436	587.7925643066604	0	895.5007459872538	754.1444671067829	0	894.22628742028	754.7130485313735	0	894.3981110819007	753.3855647841799	0
					888.4675900974657	758.6212608120596	0	889.2747167263367	760.0691415029457	0	887.1769886606221	759.7667363750627	0	494.0640554528424	1006.254549336621	0
					509.160536	988.7242711646909	0	676.9116840230104	640.3539977365521	0	680.3809928525498	641.7061868972878	0	673.1282428557349	669.8400816500531	0
					678.7303117206002	674.0803604604043	0	671.5474444518665	673.9479967384013	0	376.6677484653167	1251.032172062478	0	373.9952774059652	1193.736432865285	0
					409.7747035140716	1215.110148654201	0	223.0836222459081	963.480717617676	0	168.0464172781468	960.3104637728077	0	198.1065561900087	934.9614989424931	0
					994.7745609210003	504.7681390584236	0	1013.615704638645	487.8992340810958	0	1020.001679717644	502.9958160226722	0	1105.149935643876	662.7210544383502	0
					1087.038392693512	670.5855101618433	0	1080.197759092675	652.6252652765068	0	1022.883599814953	695.645971	0	1022.883599814953	709.708471	0
					1001.160536	702.677221	0	919.6841794038019	753.4275346863644	0	921.4782260834055	754.3676896083341	0	919.8253877582925	755.5384245215141	0
					985.1229652280673	690.8109960771098	0	965.1856375873347	680.9844622089049	0	981.2232083592673	678.7881871317952	0	952.3223508637606	732.9093243276901	0
					954.7080928387714	737.6233267665827	0	949.6640021439122	737.2154158647438	0	1016.391956035578	653.458471	0	1028.876398887898	660.489721	0
					1013.64497885232	667.520971	0	1146.304052857359	672.2975651616026	0	1161.432986339964	653.2882041924483	0	1170.544215781669	673.9269620376319	0
					879.7205935108004	745.7606761802655	0	881.0281398944046	746.1635546008031	0	873.2172755230022	740.6021486111072	0	872.5299691658277	743.116194087603	0
					870.3339076103085	741.3534780150233	0	692.6412594729209	603.9813916670767	0	722.7842262183098	596.5984605573047	0	720.244172005132	593.294816613278	0
					764.1562687968749	667.88025925	0	762.0134112187499	671.59179725	0	764.172217478365	664.1416978341917	0	767.4179605117311	665.9973029974323	0
					771.1262081956226	667.914361404372	0	770.6756319082239	664.1139537278377	0	770.7360674764598	660.1914769736188	0	768.5613659429017	655.2216326923774	0
					773.1381551323867	651.6047445611831	0	778.5499210816442	648.1074031696646	0	786.625126041959	648.7712081194006	0	774.5451359480709	661.2410052195565	0
					778.1579389826028	658.2227595888384	0	784.1420582907339	659.1314002676371	0	778.541176467529	663.4861843488836	0	839.14379896875	716.12304725	0
					841.2866561718749	712.41150925	0	813.4336697187499	701.27929725	0	815.5765270468748	697.56775925	0	691.3105557812499	630.77148475	0
					693.4534137031251	627.05994675	0	687.8726979516614	633.0150916811804	0	729.8757496562499	653.03710975	0	732.018607390625	649.32557175	0
					729.4035855876002	657.5658594250705	0	726.6083678585809	654.9854435315599	0	674.637049741129	613.609781496252	0	676.2486396308364	613.1515237720607	0
					677.3275767773849	611.1484141079634	0	679.843820319362	610.3152535828708	0	680.8974365107317	606.1963559642872	0	680.6955479030058	612.988724575073	0
					893.4740247141092	731.2695296447296	0	889.6232288925519	729.8591538063931	0	501.160536	913.614721	0	537.1401434482573	553.2448403869525	0
					606.4064620278234	663.7353615760527	0	582.8683426773318	678.612723721257	0	570.6075947984484	707.7182337389677	0	536.4685785713457	727.3842515084633	0
					542.1303998902977	775.4149754874908	0	567.4839639751652	653.7752682601731	0	531.1611188570997	652.8622269492777	0	570.7047350295726	623.8498912179747	0
					835.6539632617429	725.490390737429	0	1296.147029838558	156.9405455469422	0	1122.377631354359	789.3494283098131	0	947.3358793434714	757.7762527300324	0
					668.0735833554489	645.0159664480522	0	722.6249909050409	259.8393497174936	0	696.7667583073317	195.2133604403451	0	660.4181442734149	126.3634605335574	0
					762.7600898617688	206.2942341312722	0	840.4206026393883	211.1882845145366	0	894.8830478784657	702.2637736586186	0	903.9976218383026	695.9223029015387	0
					900.9469799615084	682.090320431551	0	901.9028221416781	709.7721658443284	0	802.6371584949439	715.656003705055	0	797.3640973769823	721.1674120381265	0
					796.7401917463667	712.6468737878166	0	683.4535091053573	613.4006412218813	0	686.388889565999	613.1147287994141	0	689.5277607411851	612.9586025689329	0
					627.4830125192608	189.915552048072	0	709.4376623922786	66.17947154896544	0	788.8447863717549	69.32887306402505	0	613.1759741239005	64.67128639982242	0
					534.6988718803891	73.97508746980516	0	488.9598988128191	159.590661032361	0	380.2931002363115	124.8069125856606	0	559.4243826218092	201.1045954312071	0
					887.9911996166995	733.6643154906415	0	882.9488605778337	745.3940625652943	0	881.2972496171096	747.4572965733572	0	883.3875675161388	751.5242149633291	0
					884.5516407805865	747.4328689569409	0	878.6821568499013	746.6515397322821	0	875.0235689244853	749.0576481227362	0	878.0139999743656	743.7713824332309	0
					875.2821747300443	745.714967370514	0	871.701218604318	747.11927130839	0	896.8518285183009	716.4625222488552	0	593.987858778914	388.0933170096189	0
					566.3369317871447	330.6537457074106	0	1354.350227342848	884.8340336550343	0	1349.871538160521	998.2479800991442	0	913.694329001215	749.7554548828051	0
					919.0456774119638	743.7529148008138	0	925.0771036884594	738.2508326834334	0	929.3091200620599	730.7738937039491	0	936.6881695165622	721.3205024461938	0
					933.2939202873497	740.7605147488663	0	936.9715107678401	751.9004226330229	0	942.6846314517334	741.1395941917406	0	947.2782601689013	732.5014134258512	0
					957.3664415586198	733.317235229529	0	967.6773740828112	722.2246924403282	0	966.8541224065862	745.1216304777327	0	983.3509597244813	750.1175867680245	0
					921.3370177289148	752.2567997731845	0	923.2827901079829	760.3691360485026	0	925.5469618425849	769.1652116992335	0	934.6203926912517	770.8946508427783	0
					935.3610767333138	783.2225956143538	0	955.4418164107965	792.2431691315688	0	977.4952356664519	800.8322848706021	0	1001.160536	829.239721	0
					971.9749977867564	843.302221	0	969.628392261573	885.489721	0	929.1952306969922	753.8758355015145	0	940.4419354263654	763.8157197734624	0
					949.0785196591046	766.7198361067913	0	956.4189881800788	778.4446550141014	0	960.1972671600375	759.9118023989543	0	970.4282986910171	786.3706121182992	0
					1001.160536	787.052221	0	985.9428044306986	780.020971	0	1014.634888013245	780.020971	0	1015.251665956567	795.2654348218431	0
					1032.395098049797	807.9323279631459	0	1001.160536	815.177221	0	980.7181734878793	822.208471	0	1017.070412206584	822.208471	0
					1017.194690946392	843.4428261104318	0	1038.565491456785	851.3209775744471	0	1067.281288546463	856.2918349939997	0	1021.524124030265	864.6235234448411	0
					1001.160536	885.489721	0	1028.106829917369	899.552221	0	1032.98072419341	941.739721	0	1092.859294340632	977.9514094203375	0
					1045.745607391525	988.2446449631269	0	1055.550418412679	835.2778480991032	0	1070.291749955726	885.0884288948364	0	1093.467179077365	903.8080040472931	0
					1090.608578051205	940.8587616747393	0	1131.175492035828	957.0118416675635	0	1139.152821367281	1017.135297621999	0	1186.82450721141	967.3292788281658	0
					1126.945486762136	902.2622152014598	0	906.1541965776767	772.6070962440524	0	910.2937641170209	784.7897999099487	0	793.7707517850248	749.4949438865168	0
					785.0708978094139	755.3579579912309	0	782.1486998075908	768.1952029936098	0	843.580512316503	691.0671481437601	0	847.6235917803044	685.0384711819851	0
					848.8326452771643	725.3180357419411	0	716.7085268962741	562.5401437089293	0	727.70886075704	557.4814451647519	0	743.3965031736417	563.0733524313321	0
					759.0450156480046	569.7471357725281	0	773.6120462130585	559.0289586538264	0	796.0041992423744	558.2278774379402	0	771.5611467676505	537.9977747489319	0
					746.6951413938286	672.0739424422942	0	742.4118068711059	672.1891579620107	0	738.2056936426698	676.2381706302428	0	728.8247391286756	680.1998721071518	0
					732.1704695648383	690.1564183533733	0	789.1644913326104	673.2621672617441	0	717.9910926498283	655.3556720478811	0	720.1355559865997	659.4354978823091	0
					722.2430695764639	664.5851598289263	0	717.5853941920337	669.6310422505297	0	713.6859519200941	656.0823360287012	0	710.1087274941552	661.3207525763501	0
					702.9123018046128	658.8796132784175	0	722.9714362843953	673.8814577642404	0	711.2086955300571	672.1757350070438	0	709.3195991682677	680.1155354125278	0
					717.8598391069679	687.9425937984192	0	707.653411499092	690.5062734217937	0	703.279657045051	674.1095044468536	0	694.6963086884357	676.2619245010491	0
					691.4268814058155	686.8089694426149	0	689.3873077909951	668.6231022701926	0	721.9868637923777	680.6639755986065	0	725.8342971694385	686.7451714229296	0
					798.5087638269512	728.540911342708	0	928.8865481913886	793.5209006248184	0	942.3374370394999	796.4828117808514	0	944.7362722979152	810.0572466663206	0
					945.3010298053528	831.6210373314161	0	933.3570337110161	821.1445607466324	0	950.9882861497523	854.9297724714849	0	928.6806545945415	876.9628303010575	0
					898.0963752567601	890.0891961739724	0	890.9709497121228	931.6468889822161	0	864.727131797989	883.2066146031342	0	920.2066774178888	801.9135968855968	0
					912.1795370806949	811.7015908721706	0	903.6697352170858	821.1964286540609	0	905.6024708067524	843.8771848023192	0	890.7427505424971	833.7207256681896	0
					989.2422852243229	808.145971	0	726.5490110831593	545.612944007626	0	738.200372802822	550.4652380452733	0	748.6861492058847	541.9965023227865	0
					724.3080776426419	533.4311220110752	0	735.535536	519.864721	0	727.723036	505.2815815502502	0	744.2940355987472	504.7747893131822	0
					758.7672871722799	486.0063263629397	0	768.4326460501986	454.3084846037227	0	757.2541043873899	408.9049039532358	0	766.785536	519.864721	0
					774.598036	502.1098425238934	0	798.2501478069613	501.9209755886292	0	813.1127388512863	472.5946425611182	0	815.8678718596899	431.2757476297807	0
					823.1609195664817	496.1164108898751	0	844.910536	519.864721	0	860.535536	491.22827633617	0	748.6051110258868	675.7392488775334	0
					746.7282038668465	680.4179440067737	0	751.4824844857767	686.2044079362423	0	744.0651010623295	687.452345854114	0	680.3111101244687	669.9724453720561	0
					909.1135019287671	866.0198094948014	0	886.0940383805689	741.8375046428707	0	887.0311492394944	740.2143817320542	0	886.0986932406813	743.5204359838068	0
					888.2867058608039	739.5969198996711	0	885.9188146113916	740.7081565886872	0	885.3109022673534	742.6811428457697	0	889.3182300450109	740.7665624104329	0
					890.9019462068411	741.6827454772595	0	893.7115767841062	742.6487791610001	0	892.5283736152099	740.4830648529075	0	895.0713016862774	740.4998461751177	0
					896.214512593196	737.7086918071444	0	896.5204295024898	742.9214189305357	0	899.9812783376065	745.5050628930777	0	906.1583198612086	745.656137963298	0
					899.4140356732976	738.1540725262239	0	901.7984104864177	735.1661923889635	0	902.5467788626161	740.3446411907161	0	906.8289567722883	741.3165615950419	0
					909.7239497765361	737.4944081834687	0	916.182047723496	737.9467725673143	0	887.3045485826669	739.1850510382897	0	887.8293629226511	743.6859010752495	0
					884.2230056183314	742.2639365693285	0	883.0123767985184	742.1509247730901	0	881.8186208815947	743.4547723074381	0	882.0749017611378	740.5991367857414	0
					881.0295664180527	741.9446402894839	0	878.5459001793064	741.2470340875207	0	882.9951741289033	739.6595265559149	0	913.3466808771868	732.1002590053049	0
					911.7255621113379	725.6067888168586	0	886.8267489126638	745.039029675145	0	887.040133080924	746.8033939396872	0	889.0496356168707	747.876554478745	0
					888.8917600322374	751.1086927128505	0	891.0072915719438	746.1311598395114	0	884.9842979111146	743.7770766936887	0	883.9068054553366	744.5103272887274	0
					884.185514587879	745.7735010344447	0	885.5636531316345	746.3395012052425	0	883.1735022368309	746.8668687861431	0	883.0174493314562	749.2076340573946	0
					887.2639888050601	741.7608082912358	0	888.0403469817774	742.4564749967157	0	886.5718706902844	741.9847333214353	0	886.5741981203406	742.8261989919034	0
					886.5558902400014	741.1875786795871	0	887.5791065005502	742.1901775422859	0	888.2157090953856	741.6201445705543	0	887.4281524987251	742.9842319006988	0
					886.1803026336767	742.4065524228848	0	886.9527021567026	743.7216311900443	0	885.6363543091658	742.1979492846641	0	885.0310398992593	742.1414433865451	0
					884.6959842004795	742.6575986322543	0	884.10491098497	742.8867944335157	0	884.2209124751848	743.6516661723796	0	883.523845483864	742.5705242557378	0
					882.7792263461577	742.9566481838699	0	882.8249864068166	744.1094464741541	0	881.995434147403	742.2932490910764	0	884.1827091417066	741.2485899286122	0
					884.6605414514222	741.3958186071768	0	885.1017948364371	740.8127452211467	0	884.5629674694981	740.8634766775123	0	883.8713981313755	740.5609145254186	0
					883.6464293977966	741.8995753725533	0	884.2889365740745	741.7528469888558	0	886.0170004555572	742.9545193468443	0	885.468543235577	743.3225464727221	0
					885.6137379481722	743.962449993571	0	886.3656530068079	744.3003718096739	0	899.8072944357469	731.9726884317533	0	900.4093450905098	728.0169424488394	0
					904.3907704647301	723.9378011907208	0	902.5729170303304	718.23192328465	0	906.9557693140146	713.6283411202455	0	903.5774215721697	731.8395258197382	0
					881.2405350168729	750.6793873529098	0	878.2074893953276	752.7948384201392	0	881.3283946068457	753.606734537792	0	883.358245334376	756.5270332698062	0
					875.9627683173591	755.9429314681	0	871.4202131324442	757.5022830893423	0	867.2153001230487	762.9148090206637	0	881.2250330602815	759.5074365439264	0
					881.3109468462716	763.596631940269	0	878.4048809014562	769.3489794874839	0	871.8072968075926	773.6176131428006	0	884.488810952985	771.6785347440741	0
					888.0619371929997	781.4476781996426	0	891.8149488338458	772.801891489387	0	872.3156498655828	767.1704043279351	0	865.9280526273277	778.7198110544605	0
					862.1042174715482	786.2671908529836	0	867.8820423118094	796.4976564883924	0	855.7163189718159	793.2991270206405	0	858.5392533735004	776.2606104385745	0
					904.1179485052758	728.1674393240195	0	907.7695979968511	726.4350593954041	0	846.6844415487489	795.5724036533567	0	842.2916697727046	805.986282317577	0
					845.0339296357977	820.4032120262075	0	838.9304120714181	841.3881875820746	0	861.0557834779797	854.2554629947401	0	831.9264629061557	800.5385843163255	0
					831.9939947753313	826.6398672289665	0	744.6445241753049	740.7149869050497	0	672.2133026768477	616.1892401707835	0	671.2761918382798	617.8123631841775	0
					672.1282669619966	614.7671849023307	0	670.7436521674975	619.1208063599338	0	670.5107734602732	614.4182125516433	0	672.3885266078662	617.318588380244	0
					672.9703099666301	615.4304027263883	0	669.5178153410683	618.2397541588607	0	671.5691654965839	613.4355880672049	0	672.4872274619609	612.113477746633	0
					672.4181453264433	609.4318798810181	0	671.04335219494	616.2659367087642	0	670.260307365346	615.5664094604391	0	671.7354703384239	616.0420115853917	0
					671.7514509287763	616.839166274002	0	671.6929524809983	615.3309839511653	0	670.724744774146	615.8345526628231	0	670.0849158656574	616.4064822777881	0
					670.8436881959638	615.0922507335105	0	669.5571425131146	617.2475707536922	0	668.2793674283992	617.6937946928117	0	671.3568775404318	614.419546793143	0
					672.1139739833151	615.6625928631942	0	672.6215992047094	615.8395424774556	0	673.1549640248011	615.9409571823242	0	673.7450389268477	616.6611951707835	0
					674.2599553629661	616.0135999099355	0	675.086978625	617.0746704999999	0	675.0794005415975	618.4600716302992	0	675.8241799640953	616.0428800766683	0
					673.619013201497	615.4844533798491	0	673.371005799106	614.541162733639	0	673.8376092703691	617.3843297890061	0	674.2137792496632	618.2047017449369	0
					674.3713404687139	619.2653931938216	0	674.3582181765596	620.673853868355	0	673.5046757504319	622.479121978942	0	673.0740145393647	621.1710883338361	0
					675.051204228027	615.5401403494279	0	672.7418715148393	619.1731655525325	0	672.4656943218079	620.2054883435737	0	673.298827229495	617.0858082852099	0
					671.7839920616103	619.4700083980368	0	672.1870427207109	622.1880307575302	0	673.5501586726208	618.7988685050971	0	675.8123521282106	590.3628791054783	0
					673.037525801132	583.7090620488628	0	669.0423972770459	572.2995210553452	0	681.5965717086799	586.0598863779372	0	657.5247933143826	565.8340394367818	0
					665.3242819201599	583.3337492803915	0	686.3644401424294	580.1660546412799	0	688.2181166177986	589.6766785355888	0	188.2082259784182	452.6962116092952	0
					881.4262144919321	733.8057234666625	0	879.3434940164257	731.9007997348259	0	881.8309669050933	731.5045501492439	0	883.7149807771632	729.1754368220971	0
					881.9544950858445	726.3141382284357	0	882.6874072688742	722.1299902186074	0	877.7270661961448	729.3674265193824	0	878.6459809345213	726.1865229934481	0
					886.7787029566532	728.5702179248837	0	873.4243175781251	730.96619675	0	886.8320903821906	721.6934850770847	0	891.1632939068395	721.722804797756	0
					1409.388093465208	438.3774228753778	0	757.8865817797995	753.2501977883386	0	764.9917275484947	761.5502902833376	0	763.7413704588055	753.462452066995	0
					760.3773446477675	758.3091875144299	0	757.8749021219531	766.7772517242521	0	757.216791229212	776.4406117646487	0	765.2603288791745	789.8432622548086	0
					1111.990569244713	680.6812993236867	0	1155.415282299064	692.9363230067862	0	1185.673149264273	654.9176010684777	0	951.8790703569596	692.4251583961685	0
					961.2858807185348	668.9616532635903	0	811.136266103979	328.2916900947616	0	744.2089781759784	590.0626172584696	0	746.0385376048437	576.5006792281088	0
					783.3792342524183	675.4054188546925	0	989.410115677082	794.083471	0	1240.403879507517	956.5365941183835	0	1287.058171112469	998.5962834896226	0
					1266.319924605639	1064.683161240173	0	1237.866833037681	1155.890196030263	0	1347.727368025493	1249.828414684556	0	1137.666731626241	871.4768297930259	0
					792.1492837589956	538.0038558702491	0	762.0693821651936	363.6665467440149	0	885.1404603793078	750.0562995549208	0	885.7496945248603	752.5643641767954	0
					887.4206762574219	744.4310933313758	0	888.5436874956252	744.5623233229503	0	889.8249736942893	745.269034708497	0	887.6648184326964	745.2636983624049	0
					887.6619971108177	746.1591251672893	0	888.6001377201031	746.8204344803141	0	889.9201276256885	746.8823462128106	0	891.2565859906244	747.6542533771394	0
					893.7980707737912	748.0459600659053	0	892.7148185472939	746.6336265969144	0	887.820859009734	747.7758212241953	0	888.3136486594177	749.3094873042741	0
					886.8807981567422	750.3361466506735	0	896.4816983987616	747.3548672075478	0	893.7265300950814	750.8162215156005	0	892.3422041110232	744.747309956818	0
					886.7889448813653	745.9386873276515	0	885.9518292862098	745.452888244867	0	895.6725696488744	752.8169833595895	0	889.9008202647889	749.2192185638889	0
					890.7370719373363	750.8799906179297	0	890.160987661881	753.790699267333	0	898.7867214959739	748.8004478048035	0	899.4010579230259	751.4710452879226	0
					902.6180691573358	752.876647600643	0	905.6353503997655	749.8778793308315	0	909.6407484969465	748.2307870234486	0	906.5125395542365	734.0440492197539	0
					878.8039608798618	799.904530609018	0	890.5920024207967	803.5365051260162	0	881.689897856679	811.0109641401257	0	872.1298734461469	823.8842757546429	0
					869.0830628967669	839.9778707627745	0	744.1792470278172	738.7576919249277	0	745.8927210415643	736.1694468638447	0	747.8560982020025	732.0013018949776	0
					749.6411915350377	726.0489585239485	0	752.9565749216704	733.0913890811206	0	759.2942807356452	735.2286302637258	0	765.3205131274841	728.6543718069146	0
					762.8781152870697	741.6038144252741	0	744.0199380961526	722.4830758876359	0	737.6729063631551	726.0310144220167	0	674.5325926290477	617.5131312877768	0
					675.1846896462772	617.7679262660411	0	676.002740924553	618.246449137376	0	674.9151060569465	614.6610753307118	0	675.4459669541494	613.9582497060975	0
					675.3523568146943	613.0624270357404	0	674.2518177423759	612.3652685155733	0	675.9062117963382	612.0435328656051	0	673.5388549101835	611.052665031592	0
					674.6338194241289	609.0976838539721	0	676.1430307498192	610.8435224498721	0	675.971487296585	606.8428229932423	0	674.582713966223	604.0994964826317	0
					675.2610151301781	600.5679153886849	0	679.3673926607567	599.3744574041699	0	671.934318659601	598.2101741956862	0	671.5557564314374	593.7817143155875	0
					676.3422497702915	614.0473464424178	0	676.8339146649006	614.9845597011405	0	678.7234652766352	615.0553195199534	0	677.0569830067258	612.2947932686607	0
					678.4668132639017	612.0224472510205	0	677.00157905682	609.961452140317	0	676.1038854881261	608.7450749156857	0	678.43185557586	610.0647996227358	0
					679.4408623417961	608.4816896263	0	678.1068831052862	606.813982691804	0	681.4350294534264	609.0044968115054	0	684.8831796079409	608.2385647882941	0
					677.0487518468256	613.5207173103499	0	677.6666344755126	614.3590855324583	0	679.3017968195362	613.1499891881178	0	680.158473045197	614.450455760982	0
					682.2243466583703	615.238634451779	0	682.5123653379561	617.8452805101406	0	679.8592348215118	611.8642492113734	0	681.2939129689798	611.6704629332805	0
					682.6204462380042	612.2275789687149	0	684.8420829497417	611.2378790961757	0	682.0239174740241	613.5335457695627	0	670.9080289405629	622.4753716014274	0
					669.8992794487069	624.2079530683657	0	775.4388125987623	760.0480783179099	0	1271.464213843027	1366.655609677944	0	1134.56995390138	1363.401899661197	0
					909.8227834076591	732.69656342487	0	910.5005924395931	729.0782516701246	0	914.2105102671997	728.4355065825407	0	917.0881267411733	723.4017652561247	0
					923.8021531050634	725.1210861034803	0	928.9239928426975	718.7413247781325	0	914.402991138927	717.4850651310745	0	918.9501459028496	712.0306716029817	0
					918.1043906441141	702.9494810839706	0	924.1630751620825	692.9790879953952	0	923.2117586273939	676.5903004077974	0	936.0582076259784	660.9063142832319	0
					938.0740553389111	695.3531187696539	0	916.9691706108106	731.0199424616588	0	919.1833307652408	727.2444987370015	0	918.5558098716796	734.7083754912861	0
					920.6089388577457	738.7025185033638	0	922.6420178901363	734.9598322819621	0	925.0441058715103	731.3832865926032	0	927.7089540273446	734.8043346060308	0
					932.6795551316296	734.4448936471096	0	929.3949555203977	738.8199457835069	0	929.6803489185314	743.1336952183435	0	934.5025042867579	746.5385187829294	0
					940.6507966999345	746.9568084795782	0	946.9980204748266	745.9118016528546	0	955.3267250583767	751.2816185529244	0	943.3187116445528	752.7833665328217	0
					923.227517912088	742.2801918519069	0	934.1154002406449	729.7438695262886	0	940.4336467538786	727.0690796666745	0	945.2520529369179	719.835185264403	0
					930.5236418841339	724.7125725657407	0	953.2762973276392	714.9915081522893	0	950.1692585760085	706.1018821081926	0	743.7487345372155	736.8636116178052	0
					675.1940623014079	610.1386224166801	0	688.1068459156442	607.0354973076311	0	689.4669982258483	602.8714723628111	0	939.4061054060135	757.6543705668278	0
					922.3705712563079	746.5204579517908	0	918.0873645096959	748.2852364557142	0	914.6121169985055	745.199481283042	0	803.8752858828856	699.2802161590018	0
					798.2568064504012	698.0965379455174	0	756.0123689341424	632.9552683774042	0	1300.808971318734	650.692573514686	0	790.0404078001312	630.762448181005	0
					801.1162260095141	635.3399215539503	0	814.9880472095909	634.5808335447369	0	689.7769474708901	472.6521414565667	0	702.8281300964787	448.1102229683166	0
					703.0864516859654	463.988809148622	0	724.853395566676	470.3036484417657	0	717.2566956617513	455.8168854623261	0	720.289291900029	432.7791451526957	0
					720.4585122197956	406.7690293064805	0	743.4301302587606	428.0547383803633	0	697.1711625719772	394.251521108054	0	695.2071863915469	365.0276268795733	0
					718.1086071525481	339.1661008638794	0	702.0331986017484	298.4589213544757	0	654.2282774680976	300.3632622292639	0	599.1344282222359	272.716059031019	0
					767.0810086154738	430.5633721263973	0	791.8343138356646	406.2737039615391	0	791.3258706311202	441.094313274669	0	675.0145391185721	408.573508070128	0
					647.7744882264341	413.7786052634394	0	626.1593065105867	389.8832144643519	0	629.8374849712892	435.2128886047258	0	610.6238524319519	413.9578713087943	0
					581.3997175949506	420.3516337737125	0	567.559580583229	449.0906761495431	0	533.5463496171891	450.4418916631917	0	511.1812998994569	416.5137045056382	0
					621.4963377473456	461.3524985677337	0	565.455870508675	395.5445877815208	0	572.2440575222566	363.1853526231153	0	534.263581606258	395.5335405353215	0
					541.5043949179639	351.9649803749346	0	513.8775166994502	310.4009502565488	0	488.3544188001898	268.0311665615619	0	511.7532710052221	221.6804091812794	0
					667.1391631913075	361.2116745175512	0	654.8331463983267	335.0485683840062	0	632.0733354136048	318.097544235916	0	599.8863217368054	327.9419192452655	0
					626.0286990435611	287.8402337802561	0	626.072208411195	256.288668616768	0	591.6079134830785	230.0739131616337	0	638.105221608479	223.3428861338535	0
					661.7530747339865	197.4269266620059	0	677.0645935567871	161.5950276517117	0	681.1821727166185	226.725951849843	0	716.7475110883713	224.7048453675731	0
					699.3339137162842	129.524671471033	0	580.7906509860375	300.5838559525409	0	546.9423970022842	302.8226728012244	0	682.6027042372523	94.37760454886947	0
					663.1044516207413	48.9540428188886	0	643.1171004514133	90.6776597038487	0	620.798841179384	123.5347177921812	0	726.1688718713106	101.326538471129	0
					769.4491680617513	108.7199440708841	0	786.1285977391191	158.8798061656129	0	749.0975297522136	68.85586253856846	0	590.922975952927	97.47836933192934	0
					552.6277086606849	110.0868223530036	0	503.1490851672878	112.1455401820649	0	441.8425968878618	119.6552073012597	0	539.0104525190593	156.8663336810385	0
					477.3616627827997	58.70698281314404	0	405.959761198355	61.20268414684454	0	326.2282333932273	66.00889900806098	0	244.3269580771163	73.48768702109405	0
					132.4499996753804	152.5377283395239	0	572.9941391726312	61.36663444873091	0	813.0118348794655	105.6989958929477	0	840.8273252814754	61.00202449309167	0
					910.3966002515781	67.12762583860365	0	829.6086814245407	147.4740358042099	0	884.3197810174809	159.9445097910931	0	939.4364569822573	153.6946702022754	0
					995.3573854674171	155.203742815073	0	1026.966497870041	105.6909146184287	0	1093.080203430514	68.70372034914332	0	1185.820057124516	133.0594909731868	0
					997.0494210440492	51.54615870771458	0	769.3805874316781	34.68786018682203	0	543.0586429330208	34.9052170821689	0	1166.947949032681	61.25588657599049	0
					1248.963081211711	78.08176327986041	0	730.5720585770157	33.61269094878708	0	95.45643748839616	280.7583477177881	0	850.8654878746468	706.9273048365673	0
					854.0478011281473	708.6613341469703	0	969.910536	519.864721	0	870.8188841563497	713.6887596080253	0	733.54365276018	635.7214832741267	0
					787.9223793735473	663.4924411341593	0	780.2299621680121	780.6225089638967	0	854.3647536266104	686.7225020854059	0	861.8613034198008	683.8087271648687	0
					862.8297504056457	674.5856440594573	0	677.1495133167316	678.1882755487526	0	681.3685161924436	687.334122197144	0	673.4778455256167	698.7156489900908	0
					880.1939671577026	743.342455930804	0	877.7597317759564	758.9566642722567	0	874.0557643410071	760.5580394879541	0	822.8910863320571	807.1329554232159	0
					823.3012961406866	818.6476927438164	0	893.0066062412923	718.0102184368114	0	896.3490177981326	720.7638379685701	0	890.8958155364817	714.3589889337331	0
					886.6469414786112	711.4627389343938	0	894.7593739212299	712.90337501507	0	896.6044485072157	707.6043025619165	0	901.5562563377667	703.0605054777391	0
					909.8080176996069	701.8961317902648	0	898.9794893726609	712.8169913057038	0	888.1004592714269	706.7081052607582	0	888.8986333930535	743.5437111701196	0
					889.8778494775959	743.1657539695349	0	890.0643563467092	744.2227476999905	0	891.1637784654056	744.6565604291134	0	895.3289223256332	755.4719508539765	0
					893.1681629325549	757.5028625057483	0	894.1300403070774	760.4646967055587	0	898.1366460330503	762.0080340036851	0	891.3373301272777	762.0313272890639	0
					887.9841152894929	761.2146170659488	0	891.3465502527874	765.3276550884121	0	890.8224812045731	769.1122927671279	0	894.3829464317064	767.0723494190793	0
					894.9133388630883	770.7503359370493	0	899.7583686205753	773.3569379762494	0	895.6377897509736	775.2099187526804	0	893.5540731416581	780.3985867222588	0
					899.6554823134998	791.0144378455802	0	891.9958699622941	787.1417655193785	0	897.8340680133796	784.939224195628	0	904.0398547130926	782.8581639297857	0
					893.4050347684337	793.865796837046	0	899.7860586967955	799.5771380223761	0	904.0122016643361	807.6536855892804	0	888.2208540636905	771.790387819681	0
					886.2093898437159	776.5872406226288	0	882.1910473759715	780.9020912745556	0	875.6684299526393	781.0872198714188	0	878.130889891814	789.7124532698963	0
					884.651433545247	786.2868428622718	0	908.81159632123	778.4987817239653	0	916.091889383807	780.1036490722826	0	917.1944847580272	787.3979339606202	0
					911.3318770059565	792.476301779056	0	882.9965083983423	821.967689357708	0	879.3094666457032	832.8269924157116	0	884.0736452998351	845.4584602240315	0
					874.6862657597276	855.4081223370039	0	877.9631404964924	872.265334978684	0	880.8726446224421	889.261700243627	0	863.4488058610697	911.1682424148462	0
					842.660536	969.864721	0	888.5159057140314	909.8362461785408	0	840.8106339356671	936.1800657694727	0	857.910536	999.1214890927151	0
					905.160536	1005.147513902627	0	878.1985894312073	1028.299466022229	0	860.5306469327675	1073.931998760917	0	906.5014248285418	1116.512230586141	0
					937.2992065440772	1187.096506343281	0	1025.775597191865	1225.761220669393	0	849.5020018630704	1225.443810174216	0	1022.632463817114	1340.062745272276	0
					853.2296247342171	1335.695157275264	0	807.522006155321	923.2024857782868	0	752.0496883426813	1214.671698260961	0	660.1541350384692	1257.545732787368	0
					572.7266281544411	1363.225635315388	0	824.8159297830997	1000.473919569053	0	781.660536	1000.395756391168	0	733.631361402732	1017.876092624464	0
					688.660536	969.864721	0	730.3783430581227	1072.430091627372	0	808.0043527929379	1030.882703943817	0	819.3039565296176	1070.665013454265	0
					783.0449005835949	1100.430882787212	0	755.7461295253322	1151.953933016804	0	781.660536	969.864721	0	766.410536	944.6620931964645	0
					723.9287021406022	936.1716891829582	0	773.8926665689484	728.1689507766646	0	678.624086207816	614.0559576597824	0	924.7466353774507	749.9098505737815	0
					928.8737048306359	749.7585278930926	0	932.7378512124288	751.5279797029397	0	933.8334426661493	757.027703430424	0	925.0681612438069	754.0271581822035	0
					927.2828113771888	758.0729132509913	0	921.6194344378962	756.4785794434838	0	919.0409948970237	759.8818080211734	0	913.7015081871882	764.574069012871	0
					920.5132380512932	765.7714829154139	0	819.7769715045317	620.1977304511984	0	811.7364284400426	606.9413539079322	0	823.9188511787354	584.5355450829811	0
					828.8311200320758	605.6393632810674	0	839.4818771479337	592.0366045924316	0	859.9177964512012	593.2938661465846	0	839.3148637760811	572.4876859479336	0
					837.8998831222522	551.2892350998862	0	857.7135519143819	539.2152881567195	0	821.1527951070115	539.1463412825864	0	730.9725087584935	193.5529638506019	0
					712.3744966310805	163.5819185929906	0	748.5350921916466	237.4461156482433	0	782.8423465435087	234.2882156317042	0	802.1911466643694	199.207547048189	0
					821.0718025185276	246.2689530980519	0	873.9219587531443	252.5422777248107	0	824.9270975736591	288.3490724030888	0	754.3320945772778	270.3398038521757	0
					772.7031046331733	298.5684729694744	0	778.43755471833	330.862948979383	0	797.2364870639763	360.7285974059428	0	832.8085038951367	356.7752232002294	0
					884.0662032254837	378.2340751072167	0	415.2534720750803	172.238388813324	0	335.2908999699836	212.350756105588	0	248.1716180534547	241.0197572551681	0
					856.3886527569385	668.4747500050371	0	865.7395041575448	659.9526880109806	0	859.1434024111446	647.7483455568489	0	847.8112438408286	667.124663318921	0
					839.3711469203425	658.1511246003943	0	902.9215189417811	713.6759718826521	0	886.3698620317512	758.3188556841765	0	905.5849990095662	788.9452879380409	0
					904.3598565278778	794.9650412429048	0	918.4039385932117	794.7173226768073	0	894.4318596296903	873.5992099875431	0	907.6888295311081	918.7216018497365	0
					931.5332975799769	939.0442359269895	0	969.160536	969.864721	0	958.957375922058	918.2254815333523	0	985.160536	1000.007713198271	0
					1014.492525628057	1034.895152921052	0	1031.61596767964	1090.225058909148	0	987.5322795998903	1073.553407521966	0	905.160536	969.864721	0
					1001.160536	937.864721	0	950.9636613333589	1001.173821540636	0	933.5641065557605	1032.302446165866	0	943.6345018305892	1075.055920617589	0
					910.4760643730106	939.6009781372932	0	893.926022665908	952.2928078440829	0	870.0821488785504	945.171166741658	0	981.13176460937	925.739721	0
					962.4612723475217	944.3607802315659	0	921.160536	969.864721	0	929.160536	992.0888671258144	0	913.160536	985.296420088426	0
					890.0145293551959	987.5061174513136	0	929.160536	955.4014136325278	0	947.4231853112723	954.7440560693074	0	913.160536	955.9955813276924	0
					837.2270862644895	1106.246831475841	0	865.4426415696433	1154.714724916942	0	918.0313410786889	754.5982695995444	0	914.0246456707051	753.8230638741944	0
					911.2694836487794	756.965865719777	0	907.7106531909449	759.2781762974206	0	911.4298035262419	761.1074280916516	0	909.5875197421254	764.7923339186701	0
					911.8900678807106	769.311549617235	0	905.9341620472624	767.8488506085642	0	912.6460559971256	774.6742527476293	0	901.6788461171958	765.5530687498953	0
					757.2182459527775	174.0970262685047	0	910.5136347610168	752.0609646681428	0	265.7384933851476	745.5969028284765	0	185.2264529821558	675.6417015334515	0
					110.5424953721317	589.7185002682753	0	90.79044661397297	421.875	0	389.7444737116235	651.5110931298644	0	320.9969177508543	614.3118810761495	0
					272.6311815020463	671.2263007244505	0	749.5248986211648	756.9338187329184	0	751.2561967624183	763.5678829638967	0	820.0203046071848	755.4468397601092	0
					810.8176673369269	756.5088525528625	0	823.1915595103574	710.3546989207694	0	716.8104666639225	610.0354921058538	0	718.9382765119633	617.0682693946237	0
					788.913425373848	696.0605689387407	0	783.8447472839355	697.4746748084018	0	783.2696664207999	703.9387436637512	0	779.7829347473535	694.4204514194843	0
					778.5689637125665	700.2629263441303	0	773.8087542400514	704.4198694602192	0	772.6056823337776	710.7555153310003	0	777.5719243138002	714.8123785317293	0
					783.6916119923525	712.5975233299204	0	787.5738650880791	718.2427641066419	0	774.5021872011405	720.5664104895399	0	768.3635418022239	722.8532769198684	0
					760.4777849142179	722.4153903346996	0	716.551745846846	625.9928484947505	0	720.6306979955068	622.7115580940512	0	546.1555640539683	885.489721	0
					624.4107169016049	661.0953508220522	0	1132.526286234526	758.2322087502805	0	1162.511078552847	769.8340789298211	0	1197.436534717701	748.922043352503	0
					1195.182222108029	794.1177586161218	0	1234.777881015276	732.8028171753616	0	1265.065306845675	704.3755119966785	0	1255.903004549413	659.5339283546464	0
					1268.423206564789	757.1632751312628	0	1310.05196407367	771.1676973366959	0	1350.991058093794	737.4937797635378	0	1426.048340540061	737.1602590602743	0
					1264.211809848052	800.8821661365887	0	1347.849635305045	796.8709942228836	0	1273.189157906518	843.0704686923846	0	1315.985837695293	859.6455138509358	0
					1360.071929727766	840.1894706680175	0	1422.092938011837	870.8270914831973	0	1401.800510368416	943.5032381957091	0	1413.888230578561	1078.125	0
					1415.65889777081	1177.405553471242	0	1248.112600868192	877.3102523274744	0	1128.631097106959	726.8566866824467	0	758.973036	507.2025054653652	0
					854.4925489089854	423.5982863314933	0	668.4576328693239	618.967039439895	0	667.7494539963576	620.9486757313687	0	664.9435619374002	621.0569016721198	0
					664.4279706096132	623.7396978610325	0	661.8478330356456	621.8528935324662	0	658.6655959462171	622.8837348808382	0	654.6957801940141	624.1740954298201	0
					659.5468607217146	619.6428569564113	0	657.3254049414943	617.2060650112639	0	655.3380331535969	612.8928037023963	0	647.6767460334188	607.902825330057	0
					636.4319903465649	609.7481154392379	0	653.6258694462226	617.8903086883315	0	649.8962789692736	613.82048788017	0	642.9103460608575	616.9074836206254	0
					652.178389375961	609.3676052432874	0	651.3479024752066	604.2701632361035	0	656.5949792386897	602.9768300892484	0	657.9279522944175	597.6153845557549	0
					653.7531163467934	593.5536506193782	0	653.2725568656051	586.6576196710737	0	650.3527279145402	578.5536318456444	0	639.8351083219743	577.9342381560534	0
					647.2487398807862	595.2740887164932	0	638.7841404825643	592.074971194789	0	632.303718046242	600.2055783109446	0	620.9736657659653	596.8944925392418	0
					603.9334449202471	597.3271763916874	0	589.9857500564773	608.6115330198415	0	596.8220630723947	580.8558939662588	0	662.8528191885105	595.0707381742026	0
					647.7669310031392	600.6611553714037	0	572.5506454712968	606.3682491609845	0	561.7330308123412	587.6596690077994	0	535.8861941026023	580.1353855692629	0
					501.160536	604.239721	0	462.1874554260093	618.302221	0	474.0628226929031	590.177221	0	475.3638950945242	559.5451214849136	0
					471.3581159119661	528.7153903205623	0	434.6475880975504	507.3283519767207	0	372.0434496366646	480.6165972717378	0	291.5281907731547	503.4327305516563	0
					404.6654214087179	538.6071834026018	0	524.5161695409756	618.302221	0	594.073382249525	625.2652828344417	0	391.1807357224279	577.8556070343656	0
					351.519742073305	587.2875679583599	0	300.4940107075556	560.4054311513619	0	358.9055317649961	626.3787858809497	0	329.687694788448	652.5885808008217	0
					308.1435256755123	683.2881506668965	0	319.4442291160222	736.5630158965923	0	279.4815661453874	709.3659054604177	0	226.1452722745662	709.8564810297286	0
					175.9450113026455	728.317361453602	0	90.50253007277482	686.1068877035829	0	110.2507133083433	753.7142092401845	0	97.62233662057143	871.1004919781446	0
					115.5687023231758	1002.448962019024	0	372.8044622854372	734.3734752050439	0	300.0510578863843	785.4272596083191	0	236.8208761050833	805.2032559223642	0
					179.3158598497025	863.6992644372157	0	321.0871974689148	834.5614199423542	0	374.5105762165978	865.0287096546984	0	369.6970510571121	935.7515220576969	0
					265.8332820590169	857.5426539416072	0	253.14376115777	938.1317527873613	0	423.6311194095665	986.3255048367133	0	294.175350614982	640.5267308583757	0
					241.9973527755632	626.8189100355347	0	279.8986392285545	599.0910107104997	0	185.5710472387414	618.6245379284197	0	164.4832690018446	561.5348786534688	0
					101.0063976658753	505.7567471062869	0	207.5741338395224	513.9227961085224	0	134.1024843026678	646.8231008267318	0	193.0234833340462	988.8296824479906	0
					203.5567367882809	1066.622432863323	0	232.8843793485105	1138.760139024756	0	181.833370684267	1230.332739255907	0	116.6610555618317	1328.387790736548	0
					259.1326106608904	1213.409891966787	0	340.8883223572103	1229.658456273562	0	407.1022324547201	1157.814409457008	0	331.4855933008778	1326.666731728018	0
					434.5531420980448	1392.920830659853	0	234.375	1416.729547029908	0	328.125	1419.639056801066	0	140.7668856299423	1418.86399705373	0
					143.0693512222475	931.7912450976248	0	76.72378103972447	1171.875	0	78.29867764450348	1083.070005370004	0	71.93935269208866	944.7873939890395	0
					884.8951321148243	718.2274941686665	0	768.0904450112807	756.9306673035188	0	773.1698307891174	755.1770278340248	0	777.2414720850935	746.9374499802494	0
					779.1188071183184	755.369919810955	0	782.1070523792288	761.4345037764227	0	782.0846442342812	750.2844184195537	0	770.3594268209256	761.8017177874038	0
					775.0634606261019	767.1938733236136	0	767.4044583806464	767.4640907950932	0	763.1240357006559	772.8755106520953	0	766.0778576543162	781.1219740070541	0
					777.7325984597112	773.8751471582365	0	785.0456437676269	775.0042587553752	0	789.2246287874191	783.4592797742041	0	790.1304920056137	768.8200998644471	0
					798.6871846494771	768.4064274806494	0	806.0062379775951	773.6199668639641	0	804.1418416187645	782.6264874780918	0	748.0874380937501	658.6029155	0
					745.9445804375	662.3144535	0	763.9302462796875	623.7404918621796	0	877.2637080527594	763.0060743085488	0	738.0553449323976	753.8084759041224	0
					733.9250592571507	738.223233155235	0	833.9822007669227	739.9069476750343	0	685.9023292133325	677.2481831345605	0	742.9355045237912	735.0996563576981	0
					898.7090263041935	724.3948840151389	0	667.4112374433258	614.4988476631522	0	672.1008967229976	602.2842513536826	0	731.5730883912131	747.2229749130416	0
					890.8686967096869	743.5120739781364	0	749.2975352374546	742.3443061462181	0	735.2954623917381	750.1661088917936	0	661.2602889069864	624.9948566722521	0
					886.5748790606581	755.0098957904709	0	701.4809082692548	820.3925914025627	0	747.2951670689849	750.521476269153	0	806.8684880970851	645.8536503103531	0
					675.238146221302	643.7659647241741	0	696.8919690870387	606.2604441751417	0	738.8399379699093	682.0419302919876	0	761.1004816782201	643.4855378727061	0
					897.9769332361453	735.2609689141558	0	673.4747113531191	619.8535667367099	0	674.3211105	616.8386929999999	0	675.85284675	617.3106479999999	0
					677.6086245076336	608.8906351404989	0	669.0412436109619	626.4006087174088	0	677.9126622416517	613.3471020558328	0	883.2270445222755	740.9541325714829	0
					885.4148025	738.7136929999999	0	886.2983094789889	739.5339804641085	0	890.8151692113274	733.783063430883	0	879.3961141626278	749.2931716566139	0
					888.3189004102362	736.4717195468133	0	875.8679764730762	711.8899054389555	0	837.6176085812428	689.0789861663845	0	817.4071593762153	724.0845113899668	0
					733.2842975639602	742.56596400014	0	1274.240900459412	913.6147210000001	0	1277.715278064989	576.114721	0	740.8911082277256	744.3890353195879	0
					719.910536	380.7641358455818	0	742.8836937180399	752.2533063782631	0	687.6416482322098	610.4447475099157	0	937.160536	1264.107051811015	0
					747.8550507356267	746.1327574533288	0	738.403266011285	737.2306443514477	0	850.4362545291887	741.0951906151801	0	898.9099758796607	778.7928295589486	0
					920.7360286069409	731.3366387541442	0	703.2352240901391	717.0509171962127	0	855.1175403170762	703.2994652001897	0	658.9568708449443	578.9644167180026	0
					880.7590301716997	744.8698126282488	0	869.646601253134	743.8675234915193	0	746.1261527339625	739.2646876197458	0	735.970450340488	620.2151540553336	0
					638.2146883966266	622.9310706252954	0	917.9762014932661	204.8450944296397	0	784.5097743125	684.5800785	0	786.65263178125	680.8685405	0
					789.866397921875	682.72400925	0	798.3674430094801	664.2888297801766	0	796.6549702177505	674.6767946346945	0	772.3156883929962	698.2789798936352	0
					818.2578077600989	672.9029229299673	0	797.3648389375001	692.0019535	0	799.50769634375	688.2904155	0	802.721462484375	690.14588425	0
					790.1621965851074	711.8991710720968	0	806.612216209678	679.6959636418969	0	722.37730896875	643.7591655	0	720.2344511874999	647.4707035	0
					717.02068503125	645.61523475	0	706.9272416727638	666.8085290375865	0	709.453296804376	655.0113981615854	0	725.960113513994	630.1316910276668	0
					709.5222444062499	636.3372905	0	707.3793865625	640.0488285	0	704.16562040625	638.19335975	0	695.0299157908961	650.3059268367156	0
					701.8366134743612	645.938255615273	0	713.505846014983	622.0156151515256	0	773.7975672187499	673.4466655	0	771.6547096874999	677.1582035	0
					768.4409435312499	675.30273475	0	758.5102238506379	688.7923083265501	0	780.6190458746484	654.209642929732	0	762.7238425342688	681.4941066614477	0
					760.9425026562499	666.0247905	0	758.7996450624998	669.7363285	0	755.5858789062499	667.88085975	0	751.4731043240998	678.7153318234535	0
					838.0728900312499	710.5560405	0	835.9300328125	714.2675785	0	832.71626665625	712.41210975	0	828.7194724608538	723.0456979003276	0
					876.6380837187501	732.8216655	0	874.4952266875	736.5332035	0	871.28146053125	734.67773475	0	812.3627609062498	695.7122905	0
					810.2199035624999	699.4238285	0	807.00613740625	697.56835975	0	802.4132755432506	709.2343673883827	0	822.203679576519	686.0891943814039	0
					802.0911415802458	702.3704447482411	0	694.5243219375	632.6269535	0	696.6671798437501	628.9154155	0	699.8809459843751	630.77088425	0
					703.3077565320746	621.1245367957729	0	733.0895158124999	654.8925785	0	735.23237353125	651.1810405	0	738.446139671875	653.03650925	0
					745.2521791364553	637.5371656326779	0	744.4129427631741	646.4126406463565	0	728.6416828537164	670.0183262232514	0	738.985570059004	750.7185861255366	0
					715.4307170129597	652.080077664408	0	736.1370718388207	740.1811337219895	0	750.8934477884618	672.2974513645123	0	715.8747489153907	724.2016132881198	0
					678.8217453816013	579.4060693213218	0	669.3236582595728	559.6488220942979	0	634.947108219638	553.6384895060289	0	594.910536	519.864721	0
					579.285536	478.7551990472219	0	579.285536	559.6736410562255	0	689.1239256923667	544.6812998087581	0	952.0497441189231	741.9294183036365	0
					1059.612447593044	585.7959954347428	0	1086.492293054181	503.0893003797054	0	1026.001154038931	420.8050190997902	0	1045.440222855955	290.2010364532919	0
					1073.279044615967	141.8268269054964	0	916.1687184311389	823.7151765328916	0	1001.160536	801.114721	0	957.9092776640749	814.1182345609083	0
					1078.120548412189	829.239721	0	1155.080560824377	920.4722167419415	0	501.160536	576.114721	0	362.3657334316295	547.989721	0
					423.2143748520185	604.239721	0	547.8718030819514	604.239721	0	742.7076325749955	743.9471955630493	0	745.9790874530438	745.663028920353	0
					669.3219631971908	613.2672142510139	0	666.8039663586131	611.4587990996542	0	663.8053118921573	607.4352051572382	0	844.8659864523291	706.2119273592042	0
					446.9651093858063	660.489721	0	909.4326726162677	663.8303271665302	0	888.0977812916805	630.5532910117614	0	942.0833911186405	641.5487360124733	0
					1001.160536	576.114721	0	938.660536	519.864721	0	907.410536	443.8702838747247	0	965.3402918161662	603.1603169079003	0
					772.7756657700862	682.6385256387728	0	696.5031138756677	645.1140917635702	0	689.6064158976653	645.9620635687974	0	685.5595963448322	656.5723595567566	0
					969.0853944561346	693.0072711542197	0	830.3152598250501	631.0950663538702	0	853.9635192122599	783.9620468286435	0	853.0121727247166	802.4063201438362	0
					832.8578451344811	812.2110927889697	0	741.5026977746807	765.5141115664968	0	740.7746164107007	776.3389757839734	0	737.292945251316	791.6508788771315	0
					756.2460078107318	808.6088131600516	0	736.5764321480065	811.5221184875803	0	446.9651093858063	547.989721	0	438.2920894844164	464.9988602342598	0
					313.0033538083159	422.5494799968087	0	839.9880994835786	772.681033795347	0	739.4898409455043	743.1487427620866	0	883.1818190444308	733.4109660667201	0
					898.8548250990412	741.3356751819102	0	911.1839675483521	742.061484852655	0	904.9311536757361	737.3567610534557	0	926.6883661396636	746.2542596911931	0
					667.3139128068095	616.7452577432866	0	664.4725977830581	615.4968458245472	0	659.654897406699	614.872337173241	0	656.4435733097571	620.3833584727932	0
					651.8459977215533	628.5702630200025	0	643.3897008536964	639.796207027527	0	618.9816438287615	642.7399820788044	0	607.0724646225256	614.0813668255975	0
					870.5348274760465	721.1271904482353	0	857.6797629135465	713.7053154482352	0	741.8124646547001	650.9168008454709	0	746.9763532475938	653.1054959229169	0
					896.4101577200519	750.125128657243	0	791.4836850301662	726.0255542755483	0	447.3601446941506	772.989721	0	532.410536	484.4629967531283	0
					1055.05794405298	772.989721	0	883.3122350938191	588.4772616634424	0	921.0924288105144	562.3233249738846	0	682.1767638803808	646.4703430456456	0
					675.6672525757269	652.9183948547184	0	1001.160536	660.489721	0	1031.623376071156	646.427221	0	973.0942274172455	646.427221	0
					1030.386491796522	609.0803582173714	0	734.125652326269	645.6760628747102	0	671.4566772904965	620.5574099504373	0	669.6217753313971	622.2224038894799	0
					676.8486080781249	622.421875375	0	675.8050421954592	626.0848532682411	0	674.9469157494037	623.8602343602015	0	678.7234784610832	621.0299733627534	0
					681.1674478326729	622.3633013919703	0	673.0857487832658	625.8559792133251	0	765.1045317821694	677.3706319149982	0	735.535536	490.6984421005003	0
					782.410536	484.3549640477868	0	844.0902352425934	461.5798734433436	0	881.4587329296876	735.604868625	0	879.5838627596046	736.9967702662791	0
					877.1398935935576	735.6634435524935	0	875.5328982086182	727.3140279732115	0	737.3021077984821	138.6266824608273	0	841.3566713750417	723.8408530160211	0
					846.6498457823948	728.217045270939	0	844.713304002274	735.7821329045357	0	841.9181533459032	744.5316861634105	0	830.7180318319656	754.6295238292495	0
					814.3751318430741	747.9554409418494	0	812.160536	969.864721	0	781.660536	1053.539416080117	0	701.6949321217783	1130.083503997361	0
					745.3834065383955	1312.490676442363	0	842.660536	1028.37825718543	0	969.160536	1030.150705396542	0	1059.824515256114	1039.639600445561	0
					1065.020344015303	1137.540578624891	0	718.6500689509887	597.1225620778549	0	1205.716342823521	610.6543869618043	0	1205.716342823521	518.3426198516356	0
					1303.498752073923	470.2311937026128	0	1320.18809653784	312.8885547732017	0	595.660536	1027.308575989568	0	687.1099421867517	1039.044968868965	0
					265.75968487811	1018.732405775761	0	155.6508560819541	1128.813172039382	0	673.035536	490.6984421005003	0	610.535536	490.6984421005003	0
					704.0622151477135	642.083400428349	0	766.7659102632268	706.6933415379867	0	778.6434687809448	708.4899192880094	0	437.0383330287427	913.614721	0
					693.0268790810105	583.7829219779751	0	1065.336211950903	913.614721	0	969.910536	462.59183167234	0	696.0381306403656	662.1189765772232	0
					859.2351333726588	633.8758505246894	0	937.5259366609503	733.283575769382	0	582.8743682086249	592.1402505944129	0	862.6973112890746	706.9514773513274	0
					1387.476726978817	546.7614962205577	0	952.681969277753	724.3454634749083	0	977.1650549307775	734.0290876885318	0	1001.160536	772.989721	0
					972.6849506032762	763.6579512451711	0	1001.160536	716.739721	0	1044.606663629905	702.677221	0	1029.711155584752	730.802221	0
					1065.859881985755	731.9402744210338	0	1100.131132235745	762.90452577593	0	1158.230185799792	737.9692845750383	0	1230.107678272884	773.2057230388037	0
					1028.10924002649	787.052221	0	1032.980288413169	829.239721	0	1043.759562010865	873.4974970494281	0	1001.160536	913.614721	0
					1054.79859784367	805.3455775862117	0	1088.435436670443	795.8430415644076	0	1119.754485964284	823.8074999523698	0	1168.4652842804	860.7934688709707	0
					1105.463271296626	876.5386663155556	0	752.5148746140106	752.5558040281747	0	824.0004820046213	733.7705133001696	0	652.6583041600537	599.2745180392067	0
					646.3753434501301	586.1943407525753	0	644.5957176505805	568.5352717630387	0	630.1269338645965	589.4412344076623	0	625.184107538534	607.9219833572469	0
					658.8522745269785	590.7384199693354	0	627.4336662379602	572.1174305582038	0	604.793852198284	560.3460600828558	0	784.3729123792051	692.2390053553224	0
					799.7848696184766	653.7648097868168	0	813.5497084407178	658.9628871675568	0	823.1962494804192	645.7892702552602	0	843.4258566909415	646.5184567277047	0
					908.3438726501245	719.8312059433172	0	920.7442044274395	718.9015070119193	0	927.1298773263425	704.2624598915583	0	913.0356942389872	689.4722674665804	0
					931.4145545912355	762.232046777415	0	923.016029714939	782.866717467653	0	931.7856410664674	805.3348697474473	0	751.7469855742664	647.4409805719596	0
					667.3841601684511	657.4653008169788	0	653.4566434392697	660.686272208636	0	638.5002383926105	672.6109157016323	0	639.795509775749	702.0180710836529	0
					638.9799038876153	744.1388695271675	0	665.9453755870013	669.7077179280501	0	671.571048130454	684.9982892075127	0	657.1920867458663	696.3250893303056	0
					676.8090394790026	624.3458789573997	0	678.8970358310577	626.7107004153352	0	682.821384183345	630.6314112496389	0	678.5852218247187	636.9420307489301	0
					671.5522511133757	629.7578655768715	0	666.0830764430774	631.2307860852916	0	673.4835719565435	634.9017520708145	0	822.7784623286133	720.4631493619213	0
					821.9343511119567	713.632818723726	0	823.4191199967105	727.1141087609036	0	829.7785000381224	729.9122784826333	0	817.7084813333823	730.966458748919	0
					817.5608703513468	739.7590000971906	0	810.2119566887984	727.847119325195	0	824.2658915634362	747.0823897968546	0	732.982284529662	662.5001835631198	0
					831.7397585340194	699.2597210677068	0	1320.467619029418	1107.875492360213	0	690.2550124329076	636.3583260777713	0	715.9053984399812	709.4013175868097	0
					702.5844571020697	701.6553169905516	0	485.406374745602	474.4646772671659	0	471.1442817634365	423.4674453298705	0	509.8195181378923	360.1437451866395	0
					454.0461486041166	303.6621880581238	0	338.6155101545859	309.8274325533456	0	269.4347565048362	151.80339187435	0	1026.12942170464	674.552221	0
					1298.710632395188	728.7359699525797	0	1392.050629488405	808.5155437863981	0	1305.840567356933	814.8865883420218	0	611.9402898596185	722.5469923723292	0
					665.0227983927635	626.4060454972056	0	661.6504425936132	629.6760224393436	0	662.2566555145662	635.0438135678794	0	661.3403289658506	642.2670119752727	0
					651.5029651422911	647.2944813660373	0	656.907086915058	627.7145177264217	0	837.0607603168029	863.1626342582933	0	801.5944957382703	882.6683840535635	0
					741.4129151424795	746.1908292545118	0	782.410536	519.864721	0	767.4019323004802	662.2586051683836	0	773.5182221267376	657.4257778129663	0
					772.5326511409011	645.8028272957564	0	768.8680292491226	634.5234481628078	0	784.1861165763539	620.986871524964	0	666.8091469337501	603.367501257288	0
					668.1649669222123	596.6552335471858	0	741.2750830666236	742.5435117152508	0	850.9428152121234	710.5303011755811	0	899.3709507439795	754.2112266177281	0
					905.8374964060715	763.0865011383942	0	907.5618515547553	755.0367245992209	0	916.6592709168802	771.0377422080102	0	901.5566148428094	759.4121540373804	0
					897.6756647626793	768.2646858043707	0	893.1236525149268	753.9541462087703	0	890.5653181631805	758.9236659399428	0	884.5354837194486	761.0804320035361	0
					879.8251321463871	756.1201550802728	0	894.1407086429011	763.5787866364045	0	873.3416010299695	753.1006182186472	0	1065.359425371518	622.9934892124165	0
					1098.990302110281	598.7548521918604	0	1092.789336403629	551.2897876818031	0	1139.338261504389	520.696933805867	0	1134.856071466484	446.0419893843639	0
					1141.292452553363	348.1981652094595	0	1098.309302043039	644.7608095530135	0	1045.720034548904	539.2362802467189	0	759.7138276599015	713.9032970708931	0
					751.6109233419312	720.1551391830462	0	742.0489753411878	716.1246708188569	0	959.4117978508579	707.905935533367	0	980.5565031368598	711.0452111289472	0
					1025.642128253199	758.927221	0	1213.812511605359	902.3042590658093	0	1225.113014862301	1009.009640888047	0	1230.267838877775	838.8036169800488	0
					652.8382567398218	552.6235178631895	0	668.7038677087251	538.248441360761	0	641.785536	519.864721	0	633.973036	499.8444419106188	0
					633.973036	535.8620637209494	0	610.535536	537.4017196493674	0	649.598036	505.2815815502502	0	808.8254332765943	741.081094419749	0
					802.2108541295604	752.0984060011517	0	806.3823417027432	764.6417665705235	0	812.7944991259317	779.5080094167308	0	796.5187655047223	777.4804115055621	0
					780.5281131898497	793.1935309500698	0	821.0938037567602	796.0924148804844	0	808.497269848575	811.2639302041534	0	796.9502087223643	828.4914162587049	0
					807.0417804796127	854.9138707305701	0	776.8492436057998	837.1629343786381	0	800.1059278366164	743.3403612878417	0	792.4668360373195	736.3401849622946	0
					781.4824508344282	732.1830039656611	0	781.014777666314	720.2224117318725	0	780.4928068345376	636.9816073277648	0	649.598036	533.5863887338103	0
					666.1690355987472	505.7883737873181	0	682.7868748977916	504.2429040459178	0	704.285536	519.864721	0	712.098036	499.8444419106188	0
					712.098036	535.5128167354346	0	735.7903587112409	538.0760968551589	0	689.9044858005665	488.8361077669856	0	678.318628827269	461.2221823392489	0
					698.4665416831522	420.6581615243537	0	658.3330074680421	388.134286578345	0	683.5796296228269	338.1446746625097	0	747.2693357081283	320.6473128138855	0
					845.5713312812501	719.83398475	0	847.714188453125	716.12244675	0	845.3884552657878	723.8616728174626	0	847.7216187623117	712.3986395877905	0
					844.3069265634168	710.2223759803518	0	841.0472466567056	707.7237828591673	0	834.8591238906249	708.70057175	0	835.8298324180685	703.3083177751803	0
					850.9502627336424	714.2541380243123	0	854.4909735398871	716.1373050203373	0	847.7045935184408	708.6582898177194	0	849.6453382990026	703.5363172003285	0
					852.1375119051235	697.7822198708309	0	859.4325055657572	691.4761442054064	0	853.8729462520604	676.9895598000849	0	869.4332580350239	681.096929533345	0
					885.0853826725655	680.4009150740122	0	892.3308998309756	664.8746857096877	0	880.6351134319972	648.8954672694398	0	899.8292290634009	647.1164781453693	0
					921.1719689705529	645.9692642779983	0	853.0909317887354	660.2312191183114	0	909.4949708867721	627.8341890411465	0	896.144796682931	608.3278997982884	0
					870.9603547988199	610.5353686775314	0	908.3964751133618	586.3345688679547	0	893.7909400596035	563.2497700953294	0	856.0348962054651	562.3571070308171	0
					907.410536	519.864721	0	891.785536	481.8675024373624	0	935.6979638642729	585.40812374651	0	960.2975973273157	553.6813753196545	0
					923.035536	491.22827633617	0	858.5819921071252	697.8647879914712	0	845.7771897466921	696.9564280039772	0	841.6254337287717	703.6054697277457	0
					845.6214526949767	701.954988851698	0	854.1850158908998	712.3857427784544	0	857.6659672514436	708.4543336711898	0	858.2242539844816	717.7257861473702	0
					860.569253015625	723.54432175	0	864.6849966200848	720.126582219178	0	861.4945006139587	715.2357922080721	0	863.1863380178421	711.2519560594369	0
					869.6899731022055	708.3343544684978	0	878.1112670143573	700.8469219381932	0	877.9411628929859	689.3764636562221	0	955.6875214077536	491.9932463683548	0
					988.3885858420007	489.6715571168471	0	1038.842823435289	486.1269110453445	0	1008.624621556322	456.0191699662504	0	1079.277679067805	447.9482023272305	0
					1080.552706414247	379.5885236475862	0	982.8317287566917	421.3972591509336	0	1003.568528295296	359.2952527213783	0	960.883577713017	286.1933890710045	0
					871.3618431373187	305.7018434108628	0	1006.870626909126	209.9474439531763	0	968.2271815969609	106.2815639925742	0	856.3161995791077	111.3171865381055	0
					851.99886359375	723.54492225	0	854.141720734375	719.83338425	0	851.4124349339781	728.2715840029786	0	848.978472358742	732.843542257575	0
					866.996785296875	727.25525925	0	864.85392821875	730.96679725	0	860.4463561499508	734.8899985172254	0	864.5994957297288	735.1184247656394	0
					862.298849499997	739.078265029204	0	856.6610420409861	739.0680810624285	0	867.1589233161483	723.2634904741176	0	864.9836945894266	742.9902800430018	0
					866.1742251552613	749.4933715303994	0	859.7161025450831	753.464918793905	0	860.3640673461548	762.721573903186	0	852.1698553491127	771.7803436061795	0
					852.4079051672402	749.8331617288285	0	870.7055203958616	725.1324781808124	0	874.3038034454706	722.9728494688703	0	874.7072248280954	717.3779351751208	0
					881.6257558181483	715.9744786477501	0	883.2154231543011	707.6331336272842	0	886.6911181256962	699.7063208798521	0	819.8612020312499	704.99023475	0
					822.0040593281249	701.27869675	0	815.7432027638029	708.4118812113278	0	822.4435846985111	696.8064789895444	0	817.6511966705124	693.9743260599075	0
					813.1247529370182	689.1159008145643	0	819.6983984326416	708.9831563715393	0	821.9215505141157	692.2190691422799	0	818.1072741427622	689.0116267968281	0
					825.8388195505347	689.3279325453914	0	831.5187635428214	679.2933994730121	0	831.775706838676	691.4505591264343	0	827.5951248369839	683.6972676404913	0
					824.4710264458125	676.9640208660633	0	828.2086538466999	664.4622298115564	0	810.6365304352626	710.2528811971061	0	809.0015426105927	716.5403969366795	0
					826.6029678085223	698.7548820891166	0	830.0766109778424	671.8302978295418	0	833.3966630931493	684.9163418920075	0	842.2277784875357	680.1828933204293	0
					826.28873434375	708.70117225	0	828.4315916093749	704.98963425	0	826.0297548434332	712.860675420249	0	831.6925581420096	703.0524120338533	0
					687.0258814218751	623.34900925	0	684.8830234687499	627.06054725	0	690.8284650675716	620.4736786776004	0	687.1048325475838	619.5013244000158	0
					689.8964055891532	616.426996209255	0	692.5269203834538	612.0194917690554	0	699.3239803419536	612.6375380718823	0	691.534406103042	606.7334592500694	0
					693.2263558682905	595.3196903293882	0	693.7481128427996	601.2293240840838	0	705.8162580838003	597.1859872770543	0	700.2667055721726	600.653802594646	0
					687.9450486657847	598.763822476969	0	699.876711497881	593.8553059869904	0	705.841395827525	590.1798733565556	0	701.3288538484713	583.1858592105069	0
					707.615160811443	567.0754872481714	0	728.067302765783	569.5838951371974	0	713.6869136564762	590.9923602479311	0	722.2085885278772	581.1825031158921	0
					696.569531659839	575.025681601415	0	706.4692070088153	575.9099854809124	0	716.2994905363516	572.6935341292747	0	721.8382750592752	589.4670711487012	0
					697.8558561075137	565.1646026763552	0	688.4157614093552	557.0860274766792	0	704.8734639769156	555.2010393635702	0	706.1282629814889	603.8596776331483	0
					713.8836721090169	603.2688540039665	0	677.7809308381408	550.2563257679499	0	726.9183834856308	596.0743590367546	0	738.4200965187467	600.4321750593244	0
					721.5922536241827	604.3254971019468	0	730.7197492788476	605.4630696796021	0	739.5820255568685	610.6192064081368	0	751.3012042343751	660.45838425	0
					749.1583465937499	664.16992225	0	744.5348102679716	668.4671845840256	0	748.8289332086777	668.4514204875765	0	751.5267941059415	656.3567136423245	0
					751.1672393153787	652.049917625934	0	755.2085499456554	658.237921596227	0	757.7287365156249	664.16932175	0	762.0191787601615	660.4489952991386	0
					758.939321591497	655.9479931545416	0	759.4478882622865	649.6340040989187	0	766.2559516119725	648.6258091633799	0	742.73081428125	660.45898475	0
					744.873671953125	656.74744675	0	738.8715165045173	663.4325470841067	0	742.6383110982869	664.3301424794927	0	781.29600815625	682.72460975	0
					783.438865640625	679.01307175	0	785.1833070997102	672.2806730286861	0	780.753653211583	687.3749335889155	0	786.9203384628976	676.6939214375526	0
					778.0138110333526	684.6986044276612	0	796.293930203125	686.43494675	0	794.15107278125	690.14648475	0	792.9059685605137	696.0140060436078	0
					790.6655164059447	692.4727079860504	0	725.591075109375	645.61463425	0	723.4482173437499	649.32617225	0	722.1480864135581	655.2890026004367	0
					726.0632429511721	641.0858780706859	0	721.238024986711	638.3105882589006	0	719.9437163620551	651.6852085069423	0	730.2904735254591	643.036661688961	0
					734.9900085452429	640.1428134589919	0	725.516459674029	636.4542419706089	0	721.5519070911273	633.1754534865196	0	729.4286674329946	633.5519207796052	0
					732.614787274372	626.8518891891082	0	725.5311854633292	620.8703791504112	0	721.1766597154449	627.9179621434071	0	712.7360105468749	638.19275925	0
					710.5931527187499	641.90429725	0	713.2081783886721	633.6640030706859	0	711.7670030066892	627.799177371657	0	708.9071205852314	631.6114263231791	0
					717.4372168606931	635.617279421924	0	777.0113333593749	675.30213425	0	774.8684758437499	679.01367225	0	778.1705619590861	669.5833539323994	0
					780.4680056290192	673.0259397546773	0	891.6795627156037	1016.723489962428	0	924.3975189152945	1064.46079919365	0	925.0679633295655	1095.784075601865	0
					800.4822462648087	1062.102214767191	0	794.8324443964689	1042.211060011967	0	921.9003156863095	1151.804368464711	0	937.8309804142709	1116.749058495824	0
					797.6027182917974	1118.822496973723	0	810.1359934240422	1103.338857131527	0	1017.090440007652	1127.263232515199	0	893.3312689315352	1244.775430992616	0
					1106.863485445889	1155.018557241177	0	1130.456757194866	1214.622306679365	0	1067.419675665186	1298.405411386771	0	895.1950803671085	1299.901104543139	0
					748.7165474405384	1263.581187351662	0	554.1823320554402	919.9889383381562	0	555.7512238470396	897.4716151926384	0	836.2180631612183	1412.841940080052	0
					871.9273123671085	1377.98687006899	0	1001.928989576379	1380.355594493904	0	959.1930256678218	1342.377747763274	0	765.9055631612183	1452.702648648694	0
					812.7805631612183	1452.702648648694	0	790.0396006175786	919.5278324483218	0	706.1019116905752	1236.108715524164	0	702.7687707884324	1285.018204614865	0
					728.7205308235552	1141.018718507082	0	716.0366375899505	1101.256797812366	0	728.6113952893982	1399.463482278545	0	710.3975353973776	1353.006171851032	0
					629.8262853778991	1177.964362511456	0	571.1123078015994	1194.215058553755	0	712.7058321281797	1446.760833629851	0	520.7383140772206	1431.612817657694	0
					451.6515710490224	1446.460415329926	0	503.6398851262429	1378.07323298762	0	816.4101412880188	1015.678311756435	0	766.410536	969.864721	0
					794.8324443964689	1015.639230167493	0	756.0194395290614	1062.984753853744	0	757.645948701366	1035.707754352291	0	781.660536	1026.967586235643	0
					704.285536	969.864721	0	712.098036	985.0805362847954	0	696.473036	985.0805362847954	0	672.6478875466879	987.1597829672412	0
					680.4603875466879	1002.375598252037	0	726.770948701366	993.8704068122322	0	718.958448701366	1009.086222097028	0	782.3527182917974	1076.985149433665	0
					801.1744285566062	1085.547948120739	0	701.9371132666383	1080.171849780405	0	687.5954077984661	1108.9985559654	0	839.9173017311925	1072.298506107591	0
					828.2655213970536	1088.455922465053	0	848.8788665986285	1090.089415118379	0	783.9533327626662	1144.584022088519	0	753.8979089340068	1183.312815638882	0
					718.4173103389658	1172.910993142028	0	716.5690897476404	1204.269875764107	0	774.035536	957.2634070982323	0	786.9662710776605	933.9322894873757	0
					758.785536	957.2634070982323	0	737.5446190703011	953.0182050914791	0	769.483865539918	930.2576361574106	0	735.535536	969.864721	0
					710.4799840260175	892.1920616219104	0	716.8255758576818	907.0966999255243	0	771.4328645016822	721.7098437047041	0	777.4537221176312	724.1956812542685	0
					678.9629415136761	613.6029734239501	0	926.8101701040433	749.834189233437	0	927.7810354851497	748.0063937921428	0	933.6201777495934	749.0332492429345	0
					936.6197740360814	757.3410369986259	0	932.6239986286923	759.6298751039195	0	930.558127021669	757.5503083407077	0	929.3486829842121	760.1524800142031	0
					926.1754863104978	756.0500357165974	0	928.2390210370904	755.9743743762529	0	920.3302146674599	758.1801937323286	0	923.0300999469391	767.4683473073237	0
					917.1073731192407	765.1727759641424	0	912.7957880339494	766.942809315053	0	910.738793811418	767.0519417679525	0	911.6445139646569	764.6832014657705	0
					909.5702283585933	760.1928021945362	0	910.5086616341837	762.9498810051609	0	921.1031163797326	770.1014769536218	0	918.5862544840868	768.404612561712	0
					915.1803895520343	767.8059056104405	0	824.3040457683037	612.9185468661328	0	829.5731899285629	618.3672148174687	0	820.2837742360591	606.2903585944998	0
					857.9763463283332	577.8254865887009	0	849.6163301136412	582.8907760472591	0	826.3749856054055	595.0874541820242	0	831.7003641633346	588.2860748377063	0
					839.3983704620074	582.2621452701826	0	831.6168574774083	578.5116155154574	0	871.6150157725101	590.8855639050134	0	828.8403774204412	566.0657695532745	0
					828.1328870935267	555.4665441292509	0	819.7593430859065	549.395097220601	0	851.312043957191	529.5400045783597	0	866.937043957191	529.5400045783597	0
					721.673502694787	178.5674412217963	0	704.5706274692061	179.3976395166678	0	771.6734218459483	166.4884162170588	0	794.1598722017443	179.0436766069009	0
					779.7046963085734	186.6522866583468	0	694.7195450939339	162.5884731223512	0	765.6887193675777	235.8671656399738	0	772.8012182026388	220.2912248814882	0
					792.5167466039391	216.7478813399466	0	782.4756182630691	202.7508905897305	0	847.496880635836	249.4056154114313	0	857.1712806962663	231.8652811196737	0
					818.0316818388191	308.3203812489252	0	791.9196853685762	313.430081532118	0	798.8151011034163	293.4587726862816	0	895.9490801232052	228.6936860772252	0
					841.2490546206488	316.9967667528122	0	780.1897015518928	283.4840833819386	0	794.7869104111545	329.5773195370723	0	804.1863765839776	344.5101437503522	0
					821.9723849995578	342.5334566474955	0	852.0851735162278	331.2385333055461	0	877.7140231814012	341.9679592590397	0	911.3633696127418	373.0549609283331	0
					895.7383696127418	411.0521794909707	0	379.0728580118832	221.5101167208497	0	336.9532050622847	261.0890943294668	0	293.3935641040203	275.4235949042568	0
					234.1530501729307	284.6820977984864	0	850.8420950464445	672.0571115595029	0	859.4152179731401	660.091953564646	0	856.1171670999399	653.9897823375802	0
					839.5833611659973	664.3070058048983	0	833.7899003835212	661.3066772059753	0	902.7472179860557	715.953947583651	0	908.4584380077613	790.7107948585485	0
					907.8458667669172	793.7206715109804	0	906.3547032612965	797.3006755246649	0	896.2641174432251	881.8442030807578	0	928.7751795838113	923.6239631274541	0
					942.4872187548519	913.2145859306356	0	945.2453367510175	928.6348587301709	0	917.160536	977.5805705442131	0	925.160536	980.9767940629072	0
					921.160536	988.6926436071202	0	964.2928840918155	901.8576012666762	0	985.160536	953.864721	0	991.146150304685	919.677221	0
					975.3800784354714	905.614721	0	1001.160536	925.739721	0	991.146150304685	931.802221	0	960.0620986666795	1015.662263468589	0
					1048.318155847471	1113.88281876702	0	1009.574123639765	1081.889233215557	0	1001.012402613974	1054.224280221509	0	1000.38825183982	1103.605472657328	0
					978.3464077999452	1051.852056459254	0	978.3464077999452	1095.269646963737	0	919.3623212778803	1043.084061967788	0	900.7235070425667	935.6239335597546	0
					902.2010435194593	945.946892990688	0	981.8109041737608	941.1127506157829	0	942.2638839445597	1016.738133853251	0	933.160536	980.9767940629072	0
					965.5833907152398	1074.304664069778	0	956.3975189152945	1096.020903511548	0	921.160536	955.6984974801101	0	917.160536	962.9301511638462	0
					903.5432793329539	954.1441945858876	0	911.8183001865052	947.7982797324928	0	889.160536	969.864721	0	883.5432793329539	961.0787644220414	0
					899.5432793329539	961.0787644220414	0	871.6213424392752	957.517943870829	0	965.8109041737608	957.1127506157829	0	958.2918606556361	962.3043885346538	0
					946.9972849637493	941.7025080792777	0	940.0620986666795	996.6313443332253	0	919.8183001865052	947.5011958849104	0	930.3469167899884	947.2228247797586	0
					913.160536	969.864721	0	909.160536	995.2219669955266	0	897.5875326775979	996.3268156769703	0	909.160536	962.9301511638462	0
					939.4782414456246	946.8941459981484	0	954.942228829397	949.5524181504366	0	871.8642555465156	1111.379531030991	0	885.9720331990925	1135.613477751541	0
					914.7070145240174	755.7460851299982	0	912.6470646597422	755.3944647969856	0	913.3294335130545	757.3174860527894	0	913.4095934517858	759.3882672387267	0
					912.565655856715	762.8407485522613	0	909.4900684198622	758.1220210085987	0	911.3496435875106	759.0366469057143	0	914.2746693987954	770.1746459126225	0
					908.9121149639865	768.5802001128995	0	914.652663457003	772.8559974778198	0	906.0441793124695	770.2279734263084	0	902.8462653339188	770.6028942924067	0
					899.907746075123	763.7805513767902	0	309.7476435012032	760.9951377524558	0	201.0451417886059	719.0869212416653	0	200.4947207341127	745.8248084727302	0
					175.3945902481524	755.0552486846668	0	180.5857321424007	701.9795314935268	0	205.685862628361	692.74909128159	0	55.27124768606583	576.1092501341377	0
					55.27124768606583	622.9842501341377	0	45.25126503638741	718.0534438517914	0	45.25126503638741	671.1784438517914	0	45.39522330698649	398.4375	0
					45.39522330698649	445.3125	0	95.89842213992412	463.8158735531434	0	154.2902657526988	509.8397716074047	0	144.6073118221467	479.226479357791	0
					197.8911799089703	483.3095038589088	0	435.0897421189124	688.614721	0	374.3250027383098	638.9449395054071	0	359.7160842500357	652.049836965343	0
					283.4032660585141	655.8765157914131	0	301.1594381452471	661.907440762636	0	290.3873535887793	677.2572256956735	0	296.0111007403551	531.9190808515091	0
					326.9469621023921	525.7112257758282	0	331.4298720695925	554.1975760756809	0	276.0563738237169	690.2961030924341	0	252.8134192099768	709.6111932450731	0
					249.3882268883062	690.5413908770895	0	262.0324707854072	568.2600760756809	0	290.196324968055	579.7482209309308	0	251.7347850459067	587.6028658552498	0
					753.0147828900854	760.6251928340597	0	815.2088293517297	760.6632588536401	0	812.991166534638	764.7297158624706	0	808.600004519835	760.5753095616931	0
					805.2635522117353	761.5311739935113	0	807.4812150288271	757.4647169846808	0	721.4620624853347	614.3985527155868	0	722.2347309876462	618.9693242725175	0
					718.5912219211764	624.3522032944009	0	786.1459227337314	698.7503666978087	0	788.3177841296133	693.1047371952127	0	783.5572068523677	700.7067092360764	0
					785.8583823021636	701.9824011254834	0	778.3902334290098	692.2951200486576	0	776.2261115104981	706.4548943741142	0	778.6062162467556	704.3764228160699	0
					780.9193150666832	702.1008350039408	0	776.0493115701748	696.3497156565597	0	780.9565676008724	706.2143314758803	0	775.6245755573611	709.6227173095049	0
					778.1076965473725	711.6511489098693	0	781.1675403866486	710.5437213089649	0	777.7584824337273	720.3944111107062	0	788.8680308365932	715.0709675893693	0
					774.1974268850445	724.3676806331023	0	771.1281041855862	725.5111138482665	0	758.4480458143883	725.8027766097168	0	717.0682720052449	622.3635866227884	0
					719.7844872537351	619.8899137443375	0	513.8715903377072	836.270971	0	513.8715903377072	850.333471	0	501.160536	843.302221	0
					630.4790245096497	953.6858118285636	0	610.910536	969.864721	0	615.2290245096497	953.6858118285636	0	1113.654090657497	721.7982038412233	0
					1160.37063217632	753.9016817524297	0	1179.973806635274	759.3780611411621	0	1177.833360258747	743.4456639637706	0	1156.822734049428	715.4528037909122	0
					1229.901876171833	713.0600722868455	0	1230.187758575329	806.0046700094263	0	1212.725030492902	816.4606877980852	0	1249.921593930475	718.58916458602	0
					1245.045589087033	698.846419697504	0	1240.464437938902	676.4256278764879	0	1238.47945127372	614.8189761383192	0	1274.478918894454	597.549143157417	0
					1289.23758531923	764.1654862339794	0	1360.240013263709	712.6554552579876	0	1326.845101330989	805.8787912824528	0	1328.950799689358	784.0193457797898	0
					1349.42034669942	767.1823869932107	0	1369.950132396725	802.6932690046408	0	1359.458138829332	665.3286109615958	0	1387.688299966433	639.2554201074144	0
					1459.5694986933	597.6070917758943	0	1459.5694986933	574.1695917758943	0	1289.514862631726	828.9785285172031	0	1353.960782516405	818.5302324454506	0
					1376.061279608085	824.3525072272078	0	1294.587497800905	851.3579912716602	0	1230.962556236775	889.8072556966418	0	1335.16803251907	872.239773752985	0
					1461.046469005918	904.1635457415987	0	1450.900255184208	940.5016190978545	0	1456.944115289281	1101.5625	0	1457.829448885405	1151.202776735621	0
					869.2793760672346	400.916180719355	0	668.6138633273966	620.3487620414408	0	669.3518982381406	620.3766501321517	0	669.9735236890442	620.5305571452054	0
					669.8471492687493	621.1583589258444	0	664.7253845011884	625.0728716791191	0	663.1379018226294	622.7962956967493	0	662.8441297582998	624.3672772666423	0
					661.5540609713159	623.4238751023591	0	660.2567144909314	622.3683142066523	0	659.9629424266018	623.9392957765451	0	660.69734687868	620.7478752444388	0
					657.7863414306375	625.2991263036299	0	655.8014335545361	625.9443065781209	0	653.2708889577837	626.3721792249113	0	656.8844891256257	618.7947117420285	0
					655.0347213779899	619.1368335805623	0	657.7512700957461	611.8036669918888	0	655.4756371938585	617.5481868497977	0	650.2126175815965	599.9678367053052	0
					652.0031033176301	601.7723406376551	0	649.5574167391729	602.4656593037536	0	651.7610742077482	615.8553982842508	0	652.6171560614353	613.3566457912832	0
					654.4819512999097	615.3915561953639	0	646.5311475157349	618.1211545603687	0	646.4033125150655	615.3639857503977	0	650.024113969943	616.5776566901411	0
					648.7865125013461	610.8616566051135	0	645.2935460471381	612.4051544753412	0	630.8080489425495	608.8350493982424	0	637.3233393715957	616.3395930322667	0
					640.5625172287421	619.9192771229605	0	651.0373341726173	611.5940465617286	0	649.9275677046899	608.6352152866722	0	639.6711682037112	613.3277995299317	0
					649.5123242543127	606.0864942830802	0	647.721838518279	604.2819903507303	0	645.233928450219	600.4467452976991	0	654.6266416993717	601.1256740642275	0
					657.2614657665536	600.2961073225017	0	655.2931282272357	598.4449512974808	0	664.690819061424	601.9872849629996	0	662.7347723052872	602.3404493939054	0
					665.5088930553613	595.8629858606942	0	647.5078354419627	597.9676220439485	0	650.0642298984617	589.8739956859768	0	649.8239501578676	586.4259802118245	0
					648.3640356823352	582.3739862991099	0	657.1971132515321	586.4244229692505	0	660.0392702412017	582.577821492715	0	643.1052258860523	582.0642894543143	0
					649.4951037435555	570.4930373704792	0	642.5797419663472	589.1346559736821	0	639.3096244022693	585.0046046754212	0	634.3678541964034	604.9768468750913	0
					646.8120416654581	590.7342147345342	0	628.7439127923881	604.0637808340957	0	623.0788866522496	602.4082379482443	0	598.5291073395015	611.3464499227196	0
					589.8482156405098	586.4980722803359	0	600.5729234360253	619.6733248300195	0	571.6276902504346	615.1090701894796	0	581.0799521043125	575.9069458253192	0
					660.8525468577445	592.9045790717689	0	664.5966776628269	592.2638777226128	0	664.5152853817618	594.3456611196996	0	662.9342114695755	592.9889547771159	0
					559.2882690557619	614.0448061089874	0	560.2112242766241	605.3039850804923	0	554.8024169471463	595.9496950038997	0	541.8789985922768	592.1875532846315	0
					488.2622155472621	553.7674212424567	0	501.160536	562.052221	0	530.201181821789	599.2188032846315	0	536.1939863114635	611.270971	0
					518.5233650513012	592.1875532846315	0	481.6739957130046	625.333471	0	461.1645022401652	553.7674212424567	0	473.3610055032451	544.1302559027379	0
					459.1616126488861	538.3525556602812	0	440.8063487416783	527.6590364883604	0	419.6565047531341	522.9677676896613	0	388.3544355226912	509.6118903371698	0
					367.204591534147	514.3031591358689	0	356.9427377524672	567.6386444791799	0	326.0068763904303	573.8464995548609	0	215.5725323513906	545.0187585542612	0
					186.0287014206835	537.7288373809956	0	407.1975552872232	591.0476640171828	0	391.0599533085073	615.3092534404749	0	371.3502388978665	582.5715874963628	0
					375.043133743712	602.1171964576577	0	310.7454642292049	587.3586561137556	0	300.4477784897044	606.7014458933246	0	287.0369949217683	619.8088707844377	0
					257.5495608182068	539.7737257758281	0	337.4779542462425	670.6016509004108	0	318.9156102319801	667.9383657338591	0	326.7058696897747	685.9514358334483	0
					313.7938773957673	709.9255832817444	0	293.8125459104498	696.3270280636571	0	335.8757919323605	763.8712828330603	0	326.1792063175415	788.3034046889236	0
					245.9418828298569	727.7266919291026	0	220.2913312894034	763.6950193721041	0	213.6119028788595	651.2303057844931	0	234.0713125250647	668.3376955326316	0
					159.6644686424118	661.2324011800916	0	159.8367657707046	632.7238193775758	0	185.3987501104486	647.1331197309356	0	155.0237478026567	687.5702311401669	0
					133.2237706877102	707.2121245785925	0	112.3025071877213	666.4649942651573	0	143.0978623054944	741.0157853468932	0	100.3766216905591	719.9105484718837	0
					142.5474412510013	767.7536725779581	0	100.5225127224532	637.9126939859291	0	136.2332529071153	826.4468139469382	0	205.8325226493712	793.4981959190479	0
					208.0683679773929	834.4512601797899	0	177.0800145216809	822.7462001764737	0	159.5627195557284	1034.535697441174	0	154.296092828611	995.6393222335075	0
					198.2901100611635	1027.726057655657	0	161.192605535975	897.7452547674202	0	216.2298105037362	900.9155086122885	0	116.1873185608393	1150.344086019691	0
					77.51122934211398	1127.472502685002	0	116.9747668632288	1105.941588704693	0	432.9336124484763	729.2213512448398	0	423.8624649479741	752.528863558254	0
					362.555908517068	762.776512487286	0	310.5691276776496	809.9943397753366	0	282.9421699727006	821.4849567749632	0	293.4602397639659	846.0520369419808	0
					138.469098235137	867.3998782076801	0	251.3270790820501	831.3729549319858	0	291.6237542713929	872.7128422768194	0	285.2789938207695	913.0073916996964	0
					259.4885216083935	897.8372033644843	0	399.5178823005613	847.1342153273492	0	426.5982527160004	850.4899645512328	0	443.6840252883936	836.270971	0
					401.5909466320368	868.3844588785819	0	413.1908668876298	885.7199676288919	0	386.1104964721908	882.3642184050084	0	403.3676920429274	924.6831215288485	0
					430.3347262191546	949.9701129183567	0	222.5745709543597	860.6209591894115	0	229.3915841060781	1003.781044111876	0	501.160536	955.802221	0
					517.160536	969.864721	0	525.160536	988.7242711646909	0	268.0863516952726	633.6728204469553	0	257.3142671388047	649.0226053799927	0
					260.9479960020589	612.9549603730172	0	148.0567713054365	604.1715190983475	0	137.5128821869882	575.6266894608721	0	132.74483333386	533.6458128798779	0
					105.7744465190035	547.7376236872811	0	249.5511623063385	508.6777633300894	0	122.3224898373997	618.2708005475035	0	234.6582108331955	1042.677419319542	0
					129.3190267727116	967.1201035583247	0	249.3220321133102	1078.746272400259	0	140.9277072163922	1074.846219116664	0	220.4829906725787	1221.871315611347	0
					149.2472131230494	1279.360264996227	0	208.0055314722775	1275.752499816364	0	175.4193739110599	1324.780025556684	0	129.2785758619957	1201.103869627953	0
					187.4722889451152	1370.018128715275	0	234.276346130144	1368.950903703364	0	128.713970595887	1373.625893895139	0	58.33052778091587	1320.443895368274	0
					38.36189051986224	1148.4375	0	358.3253264152614	1155.117063434911	0	371.9663839371505	1299.536309789706	0	404.1481634099284	1107.294917651931	0
					455.4162792305833	1150.588406240511	0	458.0887502899348	1207.884145437704	0	383.0193676994613	1359.793781193936	0	423.500158335734	1332.663359255623	0
					329.8052966504389	1373.152894264542	0	281.25	1418.184301915487	0	282.9302966504389	1371.698139378963	0	468.8714520646686	1346.01228731509	0
					457.8184683023578	1285.754815910861	0	598.6004351190065	872.0203879183997	0	585.9827962729778	884.5960127262788	0	381.3390710490224	1406.279943730459	0
					404.7765710490224	1446.460415329926	0	257.8125	1458.364773514954	0	70.38344281497116	1412.556998526865	0	58.33052778091587	1367.318895368274	0
					93.75402750763223	973.618178004032	0	39.14933882225174	1104.035002685002	0	35.96967634604433	941.1436969945198	0	35.96967634604433	988.0186969945198	0
					770.6301379001991	756.0538475687717	0	771.2142821722787	753.3345614369243	0	773.2501028202666	749.2147725100367	0	775.2056514371054	751.0572389071372	0
					776.1443189537179	755.2734738224899	0	783.5889750943213	758.3962308838268	0	789.2982153497543	758.4636599747425	0	782.1278760934098	764.8148533850162	0
					778.6060802168463	767.6945381586117	0	778.5852565026653	764.3141885500181	0	784.1473283801324	747.60666974125	0	786.9739769011993	747.6507295727058	0
					771.2339595033741	767.3289820593534	0	779.940649133651	771.0351750759231	0	768.7076986278084	770.3795910092058	0	766.5674872878133	773.0853009377067	0
					776.8407009017583	779.9590331860071	0	775.5920190476079	776.5853522831769	0	758.0625304062658	786.7979245616571	0	776.7859844032837	783.4121908921609	0
					773.3967231370299	782.7487151142712	0	790.7822046361746	776.2423351304686	0	792.8716971460707	780.469845639883	0	796.6832352030917	783.042883626148	0
					780.3790376789309	786.9080199569833	0	784.8763709886343	788.3264053621369	0	793.3246287551681	773.1502556850046	0	802.5347631761101	766.5240970255865	0
					806.1942898401692	769.1308667172439	0	808.4681703723481	781.0672484474113	0	811.9584190875333	783.9698117267876	0	776.9350599142025	789.6977018852474	0
					776.3807220828064	793.8618619276951	0	816.0775744110958	797.4616789567099	0	821.0635833015692	769.9564622448644	0	829.9812500243706	788.1478114009667	0
					796.4991603021942	821.9473095083267	0	787.8386723977959	800.144986088929	0	782.1785978535133	798.7861079619546	0	786.1881877341323	794.5524090770443	0
					788.3715168175647	815.5074620342158	0	782.2620021351412	809.9952031421612	0	789.9385971996006	809.8909438658939	0	792.3701178494221	803.7986138381315	0
					826.4377849873724	771.2036471574303	0	824.9741930523357	766.0648500669835	0	835.2936918152458	786.1418660094971	0	830.5332132850523	760.9707794043994	0
					775.3734971503027	811.1000989904699	0	768.1111444425107	796.8977329599727	0	767.0209472622178	839.1809692356635	0	763.4134503161188	849.5152312830621	0
					761.8373811272172	867.9579242366203	0	754.5880530680824	857.4325400964879	0	717.5717204740786	865.5527968160753	0	704.5961759924483	876.1783049905379	0
					686.596164407119	890.3624535550705	0	692.0402656013789	847.0333272569771	0	756.8641871772558	911.8351843914811	0	708.2043372906452	921.2739496847005	0
					835.2024343828233	758.2566050661615	0	790.7543465307199	749.933740984491	0	792.6025411454107	752.5255183552471	0	795.7621505111194	753.1118467825274	0
					799.9822016833873	754.4135778398449	0	803.1778084251439	755.2594937088254	0	693.68790085518	863.7231887492354	0	648.8690800821411	841.0108363692478	0
					629.5730523899181	852.3964806014251	0	632.9541098693364	802.4078118862604	0	636.0013458686794	869.0105767943653	0	580.5037098200554	907.0218236615674	0
					570.8259700930332	887.0276984499881	0	668.7673949660797	906.0009362573478	0	656.6675562089376	921.2025876674851	0	680.3801336835461	921.5778615965801	0
					639.9261652553853	921.5662824926899	0	1157.735061295516	1250.84691636234	0	1123.388420707319	1310.074988581232	0	1078.601208859247	1351.732322466737	0
					669.4236495746213	621.6134279011353	0	668.4874889071016	620.9765638220797	0	931.4095923246491	712.6642968466758	0	928.4364555069086	715.1264422004233	0
					936.6520063990477	700.4830671269573	0	940.4459064146467	698.8000157769663	0	954.142728072507	753.9064522814444	0	673.2469616037247	609.750570089024	0
					672.9590711432438	609.2621909940526	0	673.0413492982143	608.5774605281033	0	672.5004234814137	608.7471494150686	0	671.5493387125553	608.9801743216923	0
					671.6316168675256	608.2954438557429	0	670.6946949755327	607.2522129730587	0	671.3096586169592	606.3787187114929	0	671.2954957400937	607.6549745008007	0
					669.4265630410371	604.452380491339	0	668.6111290409374	603.5618191461624	0	674.2231731996253	604.78126188114	0	674.9793812423894	604.77600406184	0
					674.6198404757918	605.4577694603483	0	669.7490156415066	606.9981392793054	0	667.7122651351758	609.3277945664131	0	666.5097308504724	609.9414319493479	0
					674.0045781860692	606.8502972196854	0	671.5856337485694	605.3175565991867	0	670.5609845002614	604.8660471093938	0	673.3418053446103	603.1918739181572	0
					673.5225618054818	604.3793262486272	0	674.2610219939276	606.123447720229	0	673.6071886251693	606.1898767791048	0	675.3927665771971	604.0790715135442	0
					675.7894338533636	604.7555790927526	0	676.6125054392877	604.8144072891293	0	677.3229017170204	604.4246130607323	0	678.7369576146955	601.8016209989438	0
					679.9037482125493	600.784833680392	0	681.5218104213517	599.362322580414	0	680.0072551839239	597.0988235381769	0	680.4386426156132	598.310441804306	0
					674.9667748447497	603.2577968718831	0	674.1701711637735	602.8333745843624	0	672.9292625421608	601.9257520198879	0	676.1474132976134	600.9879737149793	0
					676.1574193821489	599.8216006217981	0	675.4679622795352	599.0315017208752	0	676.4946924470889	597.949213797124	0	675.420084446888	595.6176911619984	0
					674.2815757532321	595.5657823980415	0	677.5508930767326	590.5020571843443	0	680.043968091094	595.1101606394881	0	681.5466054776398	595.2577633057532	0
					683.4519701563679	594.3793587679867	0	684.1890476609235	592.5784042030718	0	669.574436393174	605.562290565696	0	667.8817111474999	601.8735984293586	0
					670.0496427909067	597.432703871436	0	668.6145941822824	606.5844726612506	0	667.5023343864732	608.2221930869508	0	667.3440028141285	606.9292746723287	0
					663.3511826568167	605.7545176381689	0	661.5154713912818	605.3488373504807	0	661.9696006266224	607.0295248695501	0	661.4016124828986	603.339548200323	0
					662.8937408832335	610.7278069997952	0	664.0266336964979	611.1963169342259	0	659.9097022222973	612.7934337273111	0	662.0160390609406	611.5837200772453	0
					665.4948313338116	610.6992615474983	0	676.8204422341119	588.6984047346955	0	682.3270225513006	587.863538827586	0	674.9328830603083	587.1697165729404	0
					675.9542185306964	583.5000630734131	0	678.846328320931	581.3485667096426	0	683.6200802441442	586.2901340520973	0	686.7693692728621	592.5831478322489	0
					684.0419148424817	583.9117331487598	0	689.6176970708408	584.0115527121069	0	691.3232228005018	582.9487886622285	0	691.3213533513497	584.8456860278536	0
					675.4330290705726	585.3714962063877	0	680.6309931434781	580.354576946292	0	686.004014461019	583.3432181837686	0	671.2532383629571	580.0260605808984	0
					685.9478066875242	572.6790027018644	0	688.6920221830203	572.2677963188059	0	670.9334811964361	569.1773271760786	0	674.6348338338787	569.2248683296416	0
					672.7437499144885	572.3470622089083	0	691.4682007758153	572.2956571895264	0	691.6827905979846	569.5291141149638	0	691.4829032718629	580.4657896570477	0
					687.6315776498006	584.3175185363696	0	687.9920033312112	581.1403549938808	0	693.6342161827247	586.6574751528076	0	697.1778664647409	583.4843905942409	0
					677.9283801845486	554.6410100478618	0	683.2457954701558	558.0558609022264	0	690.3227283318315	566.7224482276331	0	687.3786164429714	566.9723277506779	0
					688.7947327696132	564.1935227340678	0	667.3022853986615	574.7849424482441	0	671.1491292903224	575.1314571829619	0	669.4090174119381	577.6168785758609	0
					661.5175122537081	565.8632771540812	0	659.5455593934313	562.5156781402991	0	657.2022911061508	555.9104173535029	0	655.3385809952931	546.9589540816355	0
					659.4439514016583	550.8289976685995	0	681.9632252058549	561.7345482924429	0	687.1331911450543	560.7647148668958	0	684.5373149093157	567.7830312630726	0
					656.6756803407375	575.7076098479612	0	652.3736088755354	575.5022174117821	0	678.6822018543626	529.0565811803806	0	688.8922308461833	532.2730104043791	0
					672.1502511203498	601.2620113632383	0	672.9082097922758	598.5989458912627	0	672.7964312661735	597.4647492035547	0	672.6000100234851	596.3663348482326	0
					671.7378974169126	597.1117598403641	0	673.4001502573682	592.7240081559896	0	669.8532215482182	596.334289516114	0	669.5326992563503	593.6417692436929	0
					660.9339391388096	590.8227956746823	0	666.6832559268256	592.4429264325779	0	667.8327299721954	593.0096023261779	0	662.0686366940499	588.5491988237283	0
					659.9869720822188	588.4648231183813	0	665.3539635060932	584.7581131896762	0	666.7777072040717	584.7066600548551	0	662.1405763825521	581.149082999197	0
					663.2229757788095	584.7624877739095	0	670.6311214562675	590.4747115671935	0	670.7018919060599	588.609575094518	0	668.7988412597501	587.9966091181933	0
					667.0939788852319	589.897410828479	0	668.1828737616712	589.2216001320332	0	667.2874486712376	582.7112385658048	0	665.1021820146393	591.0862200899942	0
					665.0074006212332	589.7183621185139	0	664.1996244213335	588.544824239495	0	663.2526573647428	586.1868516831942	0	667.4063944712962	579.6795458461806	0
					665.4432277202185	580.3020565607674	0	674.850481927765	575.178998336525	0	661.0422088601883	609.8586172039311	0	661.0269000217845	607.8132743541715	0
					923.6630696826651	772.5370432824095	0	927.4382280457958	773.660384496751	0	931.9749434701291	774.5251040685234	0	1298.274842188257	590.180524529943	0
					1323.65562076789	575.1407515574845	0	1303.096056644622	561.0749480275415	0	1278.335329301586	548.2252067227746	0	1331.059768120569	482.1582150811201	0
					1454.694046732604	406.6887114376889	0	1454.694046732604	453.5637114376889	0	1344.28944151437	599.7794831141855	0	1462.974645353913	645.9603745220372	0
					1359.585892971128	619.0763646696196	0	1397.84688371252	615.4916936062798	0	1394.441737051908	590.5759108601369	0	1422.544144047213	610.7549662979316	0
					1262.857783277747	431.1422725505489	0	1332.56980536212	376.4856814963841	0	1219.456056468588	370.1467127150537	0	1452.659952450103	275.5931560792342	0
					1429.6875	38.60217007096459	0	1429.6875	102.6021700709646	0	1331.265508594475	252.2903233763989	0	1243.90343350862	406.2192098387445	0
					1215.00484096342	244.9933339544059	0	1350.733467369382	213.4384288527053	0	1462.974645353913	622.5228745220372	0	1473.532514754747	499.7982858975196	0
					1473.532514754747	546.6732858975197	0	767.0205152283792	802.9268748425409	0	760.1174828599951	803.9370430873383	0	755.7792596396741	800.9532682323422	0
					956.5779991233373	758.2215442044594	0	688.7416344302376	592.3467373936952	0	687.9718407999021	579.3274686936642	0	689.0283369091128	576.7616110697086	0
					689.5994039886838	580.3017690462651	0	697.3376756428436	577.3116694521723	0	695.5142504253092	572.2913282935497	0	703.7771769272447	568.763143232977	0
					683.0093193470975	565.2541057695071	0	690.0773030339142	560.514835343851	0	693.6996132302111	546.3556048590117	0	698.2377323625958	541.0430077099354	0
					693.6620448247514	539.3687026596818	0	703.341440063321	546.6790766652944	0	691.4627407405538	578.6529033568311	0	1242.335861680852	519.3391561485923	0
					1224.670692592648	495.1542564144174	0	1224.670692592648	447.0428302653949	0	955.6728097670687	760.7933843697604	0	968.8565690523139	765.0763811814459	0
					956.6478728532345	772.7084716775636	0	972.6305397974938	769.3867636870782	0	977.4567350463003	766.5679370530121	0	982.7897396069029	759.7977548144388	0
					867.1875	1460.139291431358	0	665.8308321281797	1446.760833629851	0	618.9558321281797	1446.760833629851	0	567.6133140772206	1431.612817657694	0
					917.2275700349303	1378.171800495398	0	1057.897734618512	1392.025171688365	0	1082.90997695069	1431.700949830598	0	1006.237757667822	1460.324221857766	0
					538.0891582353847	950.194544145518	0	554.0891582353847	950.194544145518	0	549.160536	969.864721	0	1382.8125	38.60217007096459	0
					1348.194886553031	157.3452727734711	0	1379.808871633752	117.4771700709646	0	1327.761014919279	117.0724428444357	0	614.467520213296	862.8247921291597	0
					530.223451274047	829.239721	0	641.785536	969.864721	0	618.535536	984.2256847473921	0	615.2290245096497	921.0485202974926	0
					588.035536	920.9087837033935	0	607.6040245096497	937.367166063028	0	561.7141582353847	933.8758983799823	0	572.8787098200554	923.3404694271029	0
					641.3978875466879	987.1597829672412	0	633.7728875466879	1001.520746714633	0	647.8936597595628	1027.516140895264	0	657.0228875466879	987.1597829672412	0
					671.8725906400638	1021.749906901724	0	663.1310113062507	1044.811202862505	0	680.3029128309529	1063.479288401202	0	595.660536	1062.804202168804	0
					671.2816006902378	1135.164270441864	0	691.3917116371888	1161.975778632307	0	660.9783802056484	1167.05654507681	0	541.1472028048227	1152.711537389837	0
					563.4366270560645	1140.0318727562	0	526.0197502576882	1130.682738390377	0	578.9837065650358	1028.153829249119	0	517.160536	955.802221	0
					522.0891582353847	936.132044145518	0	555.7424079752817	984.7795369350574	0	445.4042172960674	1018.682339294761	0	492.1689255912842	1029.311497541095	0
					469.0724450441265	1027.982225548335	0	518.0889091404802	1067.774954300998	0	525.160536	1026.443371494073	0	500.1689255912842	1048.171047705786	0
					447.2993471576256	995.6253910902871	0	440.64689780373	971.0638629183567	0	580.8507058677197	1048.593634167052	0	580.8507058677197	1084.089260346288	0
					571.9848552544651	1108.15145105239	0	503.3738041437033	1116.804694983624	0	473.8393161360593	1125.809943823944	0	425.5252693601961	1133.035947040441	0
					571.0653940156509	788.0543054323999	0	551.5103592261555	787.3862560429691	0	561.6854346797929	776.0830248769216	0	579.5421081237407	805.2352987092233	0
					563.7291491536864	814.2986287992237	0	577.6611220747399	757.9300890562823	0	673.035536	969.864721	0	789.330423546875	687.363281625	0
					789.3297247551893	689.2199607258423	0	789.1938296456617	691.3108067188675	0	804.8637999374999	693.857122	0	717.5566597578124	640.975962375	0
					704.7015951953124	633.554087375	0	768.9769180078124	670.663462375	0	808.2940151187045	687.9158149566183	0	699.3449711718749	635.410156625	0
					737.8833572261655	659.5776828907799	0	737.9101650468749	657.675781625	0	731.2461179050897	658.0854373435333	0	733.0354673761206	660.5525994125579	0
					547.3772882173465	807.2673787992237	0	561.230310299962	875.0458042573498	0	536.3691043646913	864.395971	0	551.4438506106851	853.9520542573498	0
					485.1299852571857	885.489721	0	521.6454679451488	774.2023482437454	0	546.5753122103869	836.270971	0	461.4159946548053	778.8622260451945	0
					470.8458024409466	906.583471	0	485.1299852571857	899.552221	0	486.8763531837609	920.645971	0	453.068883771557	899.552221	0
					432.8548250381093	892.6774645512328	0	550.2161188090195	822.208471	0	473.6112223562208	769.4305314668638	0	459.555372395566	763.5580264216694	0
					488.31619030773	778.8622260451945	0	417.3743748782632	906.6572240776592	0	445.0064973695423	757.3463512448398	0	457.2017250709577	747.9146566665092	0
					486.4555680484907	735.4330264216694	0	512.9095682294355	695.645971	0	452.4201527354717	722.1901012448398	0	466.9690277614953	728.4017764216694	0
					442.7009151390139	709.708471	0	426.2161122725824	768.1722333134142	0	383.7037338924479	917.7256246065076	0	983.2504139080831	603.7000189539501	0
					1043.337502424501	573.9241082173714	0	856.4093634465783	732.6049312190137	0	854.9210017041696	731.4719118681721	0	853.3038374331948	728.7065162834673	0
					519.1503397241286	550.6172806934762	0	516.785536	533.927221	0	534.7753397241286	536.5547806934762	0	501.160536	787.052221	0
					66.22499983769022	123.143864169762	0	38.23791877600908	31.95433843551106	0	104.4629186136993	108.223202605273	0	38.23791877600908	78.82933843551106	0
					721.9196190703011	953.0182050914791	0	695.6977390933758	1019.670660219278	0	501.160536	899.552221	0	501.160536	927.677221	0
					447.3505046133182	934.708471	0	454.8152516981322	920.645971	0	887.049703	742.131962	0	887.763989	740.894783	0
					883.065616	736.532603	0	677.384583	617.782603	0	501.160536	519.864721	0	1001.160536	519.864721	0
					1001.160536	969.864721	0	501.160536	969.864721	0	778.082242	680.869141	0	751.160536	519.864721	0
					1001.160536	744.864721	0	751.160536	969.864721	0	737.850264	746.377075	0	737.258299	744.430689	0
					737.671837	742.705192	0	738.828816	741.398051	0	740.653964	740.763735	0	742.628328	741.198251	0
					744.118287	742.7203960000001	0	744.5241569999999	744.389035	0	750	0	0	1500	750	0
					750	1500	0	0	750	0	1500	703.125	0	0	843.75	0
					46.875	1500	0	1406.25	1500	0	1500	796.875	0	679.6875	0	0
					492.1875	0	0	585.9375	0	0	0	515.625	0	1171.875	1500	0
					726.5625	0	0	328.125	0	0	421.875	0	0	234.375	0	0
					157.75	0	0	632.8125	0	0	890.625	0	0	1171.875	0	0
					1078.125	0	0	1500	157.75	0	984.375	0	0	773.4375	0	0
					539.0625	0	0	1265.625	0	0	0	281.25	0	0	375	0
					375	0	0	375	1500	0	0	1125	0	562.5	0	0
					1500	562.5	0	0	937.5	0	187.5	1500	0	562.5	1500	0
					1500	281.25	0	1500	468.75	0	1500	609.375	0	1500	1218.75	0
					656.25	1500	0	843.75	1500	0	1031.25	1500	0	1406.25	0	0
					1500	128	0	1218.75	1500	0	0	93.75	0	128	0	0
					468.75	1500	0	328.125	1500	0	656.25	0	0	468.75	0	0
					1500	843.75	0	0	562.5	0	937.5	1500	0	281.25	0	0
					609.375	0	0	796.875	0	0	515.625	0	0	1031.25	0	0
					1218.75	0	0	703.125	0	0	0	468.75	0	1500	656.25	0
					1500	1031.25	0	0	656.25	0	0	1218.75	0	281.25	1500	0
					0	1406.25	0	93.75	1500	0	0	1031.25	0	1500	1125	0
					1500	375	0	1125	1500	0	1125	0	0	937.5	0	0
					1312.5	0	0	0	1312.5	0	1500	1312.5	0	1312.5	1500	0
					187.5	0	0	0	187.5	0	1500	937.5	0	1500	187.5	0
					843.75	0	0	796.875	1500	0	0	609.375	0	0	703.125	0
					0	421.875	0	1500	585.9375	0	1500	890.625	0	1500	984.375	0
					1500	1078.125	0	1500	1265.625	0	0	1265.625	0	0	1171.875	0
					234.375	1500	0	0	1453.125	0	140.625	1500	0	0	1359.375	0
					0	984.375	0	0	1078.125	0	1500	1406.25	0	820.3125	0	0
					1500	421.875	0	1500	328.125	0	1500	64	0	1500	234.375	0
					1500	515.625	0	1500	1171.875	0	1500	632.8125	0	890.625	1500	0
					703.125	1500	0	609.375	1500	0	1078.125	1500	0	984.375	1500	0
					1359.375	0	0	1453.125	0	0	1265.625	1500	0	0	140.625	0
					64	0	0	0	46.875	0	515.625	1500	0	421.875	1500	0
					0	0	0	1500	0	0	1500	1500	0	0	1500	0
									</DataArray>
			</Points>
			<Cells>
				<DataArray type="Int32" Name="connectivity" NumberOfComponents="1" format="ascii">
					7576	7532	7531	4684	4685	4686	6819	7481	6817	4687	4688	4689	7887	7227	7228	4691	4692	4690	4172
					7843	7844	4694	4695	4693	4650	4225	7184	4698	4696	4697	7608	4229	4634	4699	4700	4701	65	7496
					7467	4703	4704	4702	7356	53	7350	4707	4705	4706	4625	4627	4624	4754	4755	4753	7512	6698	6733
					4758	4756	4757	6568	6570	6571	4759	4760	4761	6679	6680	4534	4764	4762	4763	7883	7015	7016	4767
					4765	4766	1	0	4215	4769	4770	4768	7812	7602	0	4773	4771	4772	3	4337	2	4719	4774
					4775	4177	7683	7684	4777	4778	4776	9012	4199	9013	4781	4779	4780	7812	0	1	4772	4769	4782
					7469	50	74	4785	4783	4784	4398	4600	4606	4786	4787	4788	7596	7737	7738	4789	4790	4791	56
					6854	7447	4793	4794	4792	7504	7469	74	4796	4784	4795	7602	9012	9013	4797	4780	4798	4396	4592
					4593	4799	4800	4801	7061	7027	7052	4804	4802	4803	4337	7812	2	4805	4806	4774	8036	4415	8035
					4809	4807	4808	75	62	7463	4812	4810	4811	7725	7727	9004	4815	4813	4814	7085	7086	6505	4818
					4816	4817	7257	7249	7251	4820	4821	4819	6726	6673	6724	4823	4824	4822	9017	7398	7399	4825	4826
					4827	4327	7532	7576	4829	4684	4828	4508	7877	11	4832	4830	4831	6568	6571	7594	4761	4833	4834
					7171	21	7268	4836	4837	4835	4627	4630	4392	4839	4840	4838	7358	4532	4485	5975	5976	5974	4456
					7000	4228	5977	5978	5979	6878	6709	6882	5981	5982	5980	6752	6526	6715	5985	5983	5984	6787	6823
					4319	5988	5986	5987	4203	7604	6786	5489	5989	5990	8048	8051	7519	5991	5992	5694	8077	8080	10
					5993	5994	5995	7302	7528	7308	5998	5996	5997	7303	7751	7301	4900	5999	6000	7956	4183	7959	6003
					6001	6002	4372	7954	7957	6004	5265	6005	6532	4274	6531	6007	6008	6006	7964	4184	7961	6009	6010
					6011	8059	8058	16	5930	6012	6013	4185	6616	6617	6014	6015	4887	4186	9006	4214	5165	5415	6016
					7467	7496	4186	4704	5572	5430	7640	7465	4203	5435	5490	5405	7643	7348	7346	6019	6017	6018	7366
					7365	44	6021	6022	6020	53	4485	4486	6024	6025	6023	4314	4196	4189	6026	5523	5543	4189	7492
					4378	5522	5545	6027	6842	4318	6837	6029	6030	6028	4380	4381	7480	6032	6033	6031	7378	7379	7598
					6034	6035	4669	7647	7516	7646	6036	4666	6037	7599	7384	7387	6038	6039	6040	7414	4192	7412	6043
					6041	6042	4649	9063	4648	6045	6046	6044	4193	6465	7104	6047	6048	6049	8051	6613	4181	6051	5696
					6050	6459	7815	6458	6054	6052	6053	6457	6458	6463	6056	6057	6055	7568	7541	4195	5791	6058	6059
					8074	4294	8073	6062	6060	6061	8996	7635	4196	6064	5397	6063	6524	7490	7492	6065	6066	5533	4634
					4229	4633	4700	6067	6068	7376	7385	4191	6071	6069	6070	4408	4198	9010	6072	5024	5149	6910	73
					7514	5207	5668	5205	9012	6781	4199	4735	6073	4781	4199	7469	7504	5423	4796	5616	4379	4380	4200
					6075	6076	6074	6683	6684	7636	6078	5086	6077	4386	30	4255	6079	5774	6080	4201	7790	7618	6083
					6081	6082	4286	4202	48	6084	5110	6085	4286	7579	4202	5637	4727	6084	6789	5	6783	6088	6086
					6087	7605	4461	7604	6090	6089	5406	6789	6783	6785	6087	6091	6092	4449	7666	6825	6095	6093	6094
					6927	4228	6925	6096	6097	6098	6804	6805	6782	6099	6100	6101	7736	7737	7596	6103	4789	6102	6498
					7317	7318	6105	6106	6104	7692	7178	7180	6108	6109	6107	4597	4588	4590	6112	6110	6111	6598	4355
					7922	6114	6115	6113	7898	7822	7891	5646	6117	6116	7357	53	7356	5414	4707	6118	4475	4476	6933
					6120	6121	6119	8	6491	6492	6123	6124	6122	7291	7390	7391	6127	6125	6126	8995	6676	6679	6129
					6130	6128	6879	6877	4212	6132	6133	6131	6895	6883	4221	6134	6135	6136	6529	6526	7491	6137	6138
					5659	6674	6676	8995	6139	6129	6140	7128	4534	7468	6141	6142	6143	4214	3	7575	5416	5166	5108
					4186	4214	7470	6016	5107	5429	0	7603	4215	5036	6144	4770	7501	4215	7474	5373	5076	5601	78
					7896	7897	5040	6146	6145	7930	7931	4216	6147	5562	6148	7987	7495	7785	6151	6149	6150	7562	4299
					4300	6153	5878	6152	4388	6846	4251	6154	5153	6155	6838	4190	7635	6157	5398	6156	6475	7665	7570
					6158	6159	5909	8063	8064	7665	6161	6162	6160	7519	8051	4181	5992	6050	5703	6464	7546	6465	6163
					6164	6165	6889	6685	6686	6168	6166	6167	6883	6884	4221	6169	5179	6135	6961	7440	7441	6171	6172
					6170	7473	4233	7629	6173	6174	6175	7451	4309	7452	6178	6176	6177	7450	4310	4424	6179	6180	6181
					7052	7053	70	6184	6182	6183	7079	9071	7078	6185	6186	6187	4657	9001	4601	6190	6188	6189	4225
					4595	7183	6193	6191	6192	4599	4597	4602	6194	6195	6196	7424	7425	7427	6197	6198	6199	6673	6720
					6718	6201	6202	6200	4313	7488	7489	6204	5528	6203	6712	6713	6528	6205	6206	6207	6727	4226	6726
					6208	6209	6210	6922	4180	6820	5496	6211	6212	4458	4256	4462	6215	6213	6214	4357	6489	6490	6217
					6218	6216	7385	6495	6494	6220	6221	6219	7393	4210	7401	6224	6222	6223	7290	7600	7608	6225	6226
					6227	7286	7394	7393	6232	6230	6231	7401	4230	4636	6233	6234	6235	4631	4625	4628	6237	6238	6236
					7627	56	4554	6240	6241	6239	4321	4259	7473	5446	6242	4897	6795	6782	6796	6245	6243	6244	4234
					6807	6823	6246	6247	6248	4237	6785	7666	6251	6249	6250	6823	6807	6814	6247	6252	6253	6790	6791
					4236	6254	6255	4673	6807	6808	7482	6256	6257	6258	6824	6821	6822	6261	6259	6260	4238	7667	6960
					6263	6264	6262	7804	4238	7485	6265	6266	6267	4187	4204	7343	6269	4924	6268	4240	7671	7672	6270
					5339	6271	6818	6	7670	6272	6273	6274	7669	7772	7773	6275	4976	6276	4241	97	7672	5607	6277
					5341	4374	6938	8997	6278	6279	4858	6	4239	7668	6281	6282	6280	8997	4375	4241	6284	6285	6283
					6514	7502	6515	6286	6287	6288	8000	8001	4243	6290	5604	6289	4417	7568	4416	6292	6291	5899	7903
					7904	7934	6294	6295	6293	7934	4244	7970	6296	6297	6298	7857	9	7856	6301	6299	6300	7022	7500
					7020	5188	6302	6303	7543	8078	7616	5801	6304	6305	4247	4246	7616	5802	6306	6307	4246	7543	7616
					5815	6305	6306	4383	4247	7523	5947	6308	6309	7807	6500	4249	6310	6311	6312	7471	7804	7805	6314
					6315	6313	7764	6500	7660	6318	6316	6317	4249	6500	7764	6311	6318	4711	7529	7524	4250	5366	6319
					5965	4250	7524	7984	6319	5881	6320	6838	6839	4190	6321	6322	6157	7969	7126	7120	6323	6324	6325
					7493	7969	7968	6327	6328	6326	7126	6506	4252	6329	6330	6331	6795	6804	6782	6332	6101	6245	6813
					6478	6922	6333	6334	6335	7873	7653	7872	6336	6337	6338	7442	4437	6596	6341	6339	6340	7539	7617
					7540	6342	6343	6344	7618	4386	7617	6345	6346	6347	4463	4256	4458	6348	6215	6349	4462	4465	6930
					6352	6350	6351	7462	6627	6628	6355	6353	6354	7766	47	7765	6358	6356	6357	60	7625	7626	5122
					6359	6360	4260	4258	60	6363	6361	6362	7473	4259	4233	6242	6364	6173	39	48	4259	6365	4728
					5445	4259	4260	4233	6366	6367	6364	4259	4258	4260	4729	6363	6366	57	6852	6853	5120	6368	6369
					7626	4261	56	6372	6370	6371	6906	6905	4262	6375	6373	6374	4262	7150	6645	6377	6378	6376	7813
					6661	4349	5597	6379	6380	7591	7592	4264	6382	6383	6381	7701	4547	4546	6386	6384	6385	4570	7700
					4539	6388	6389	6387	8033	7456	8032	6391	5360	6390	6610	4265	6609	6392	6393	6394	7359	4209	4532
					6396	6397	6395	4491	4497	6834	6399	6400	6398	7829	6894	7131	6403	6401	6402	7242	7830	7136	6404
					6405	6406	4601	9001	4599	6188	6408	6407	7476	7775	7659	6409	6410	4985	7769	6671	7109	6411	6412
					6413	7425	7426	4400	6415	6416	6414	7432	7409	7419	6419	6417	6418	7936	7937	8999	6421	6422	6420
					4331	7841	6856	6425	6423	6424	4272	7726	7725	6426	6427	6428	7274	6552	7205	6429	6430	6431	6860
					4272	7620	6434	6432	6433	6547	6548	7587	6435	6436	6437	7661	7662	7799	6438	6439	6440	4390	6858
					6857	6442	6443	6441	6529	7512	6526	6444	6445	6137	7513	4377	4274	6448	6446	6447	8003	8005	7477
					6449	5196	4847	7697	8019	8026	6451	100	6450	8021	4566	4565	101	102	103	8027	6862	4305	105
					106	104	7880	6652	6649	109	107	108	4567	7880	4568	112	110	111	4278	7021	6657	115	113
					114	7878	7879	4277	116	117	118	7023	7024	7500	119	120	5187	7941	7590	7938	122	123	121
					7858	7876	4409	126	124	125	7014	7016	4280	127	128	129	7800	7010	4407	132	130	131	6498
					7318	4206	6104	133	134	6652	7881	6649	136	135	107	4276	8015	8014	137	138	139	4186	4283
					9007	5571	5378	5163	7496	7577	4283	5104	5934	5573	4612	7518	4611	141	140	5700	4247	4284	7523
					142	143	6308	7574	6610	6611	144	145	146	7792	6625	7791	149	147	148	39	4286	48	150
					6085	6365	4257	7769	7770	153	151	152	4287	4286	39	5390	150	154	18	7768	39	156	157
					155	4627	4392	4624	4838	158	4755	7403	7286	7402	159	160	161	7409	7407	7704	164	162	163
					7415	4192	7414	165	6043	166	4260	7627	4233	5138	167	6367	4344	4434	4435	168	169	170	4586
					7196	7188	171	172	173	4443	4321	4442	175	4899	174	50	6914	6916	5080	176	177	7741	6849
					57	5081	5118	178	8067	8068	4303	179	180	181	4302	7572	7573	5670	182	5914	8074	7541	7313
					185	183	184	7314	8069	8070	187	188	186	6610	6609	4295	6394	190	189	6609	8033	6608	192
					193	191	4623	4621	4622	195	196	194	4185	6615	6616	197	198	6014	4347	4348	4297	200	5143
					199	6605	6606	4348	202	5141	201	7978	7980	4298	205	203	204	7788	7982	4208	208	206	207
					7560	6469	4300	209	210	5877	7564	4299	7562	5872	6153	4941	4300	88	7973	212	5868	211	7986
					4300	7973	214	211	213	6766	7458	6761	216	5128	215	4184	7960	7961	5538	217	6010	7665	4219
					7570	218	5354	6159	8064	4303	4302	220	5671	219	8065	8067	4293	222	221	5765	7515	4304	4303
					224	5917	223	7515	8030	4304	225	226	224	7763	7009	7479	5918	227	228	8069	7515	8068	230
					231	229	4305	61	4347	232	233	5362	6461	6462	7546	5454	234	235	4306	7752	7521	237	5704
					236	6459	6460	7815	239	238	6054	7874	7011	4307	241	4953	240	4308	7210	7209	243	244	242
					7013	7209	7621	245	246	247	7440	7442	6596	249	6340	248	4439	4440	7452	250	251	252	87
					7962	7963	255	253	254	4310	7454	4419	256	257	5133	4406	6906	6907	260	258	259	4423	4422
					7866	262	263	261	7689	7168	7185	266	264	265	7811	7868	7810	267	268	269	6735	6738	6736
					272	270	271	8996	4196	4314	6063	6026	273	4315	8996	4314	275	273	274	6702	7488	4313	277
					6204	276	6702	4314	7488	278	5544	277	7680	4316	7679	279	280	5268	6837	4318	6838	6030	281
					282	7679	4315	7	285	283	284	6701	7	6700	286	5857	287	7678	8996	4315	288	275	289
					6845	6842	7556	290	291	292	6844	4251	6485	294	5557	293	6815	6919	6920	296	295	5499	4235
					4319	6821	297	298	299	4473	4320	4472	300	301	302	6946	6947	4338	305	303	304	7473	4290
					4433	307	5675	306	18	39	4321	155	5447	308	4401	4654	4446	311	309	310	4446	4322	4445
					314	312	313	4323	6762	6767	317	315	316	7961	4301	7962	319	5372	318	7622	6771	6768	320
					321	322	6779	6774	6775	323	324	325	4325	7459	67	5173	5602	5376	4258	4325	60	5169	5123
					6361	4326	1	4215	5018	4768	5375	7575	4326	7501	5927	5374	5451	7534	4327	7576	327	4828	326
					7540	4328	7534	329	328	5786	4328	4327	7534	5784	327	328	7540	7708	4328	331	330	329	7785
					7495	7783	6149	332	333	7653	6511	6632	335	336	334	7837	4270	7836	339	337	338	4545	4544
					7700	342	340	341	7664	7835	7662	343	344	345	7662	7835	4331	344	346	347	6501	7221	7227
					349	350	348	7944	7225	7943	352	353	351	4333	6626	6623	356	354	355	7792	7791	7509	148
					357	358	4287	4334	7509	359	360	5391	7767	4257	7771	5072	361	362	4510	4511	4509	365	363
					364	4512	4335	4511	366	367	368	7911	4336	7910	370	371	369	7917	7920	7916	373	374	372
					9007	4337	9006	4724	4718	5164	4337	7499	7812	375	376	4805	6957	6947	7502	379	377	378	6956
					6957	6513	380	381	382	4473	4474	4320	383	384	300	4488	4490	71	385	386	5462	7549	6453
					4341	5827	387	5824	7578	4340	7551	5468	5830	388	4341	37	7674	390	5712	389	7551	4341	7547
					5829	391	392	7553	6467	4343	393	394	5848	4171	4342	7555	5846	5840	5941	4343	76	7683	396
					397	395	6496	4343	7683	398	395	5074	4344	4432	4434	400	399	168	4322	4442	4445	401	402
					312	42	7869	7868	404	405	403	4312	7167	7170	408	406	407	4387	8029	7515	409	410	411
					4276	8018	8015	412	413	137	61	4348	4347	414	200	233	7818	4297	4308	415	416	417	6863
					6604	61	420	418	419	6653	6655	9003	4930	421	422	7915	7217	7914	424	425	423	6604	6605
					4348	426	201	427	7216	7915	7215	428	429	430	4297	7211	7210	431	432	433	8013	6603	6863
					436	434	435	6659	7813	6607	439	437	438	19	7306	7307	442	440	441	7870	7859	7860	5316
					443	444	8053	4354	7526	446	5721	445	4353	7529	4176	5726	5964	5707	7520	4376	28	5311	447
					4958	7522	7529	4354	5736	5725	5057	7990	7991	7494	449	450	448	7900	7901	7921	452	451	4872
					6711	6710	4227	455	453	454	6732	6697	6731	456	5282	457	7803	7767	7768	458	459	460	4191
					6494	4229	463	461	462	7707	4410	7855	464	465	466	7041	7042	6535	468	469	467	7062	7061
					6536	472	470	471	7797	7796	4361	475	473	474	7033	7885	7032	477	478	476	7381	7793	7380
					481	479	480	7081	6519	7071	482	483	484	7220	7682	7284	485	486	487	6835	4362	7632	489
					490	488	7382	4361	7631	491	492	493	7235	7798	7234	495	5190	494	7172	7266	7258	497	498
					496	7810	6778	6642	500	501	499	7269	7270	4364	502	503	504	7167	6642	7166	505	506	507
					7252	7695	7253	510	508	509	4369	6868	6869	512	513	511	7694	7251	7252	515	516	514	6870
					7336	9055	518	519	517	4175	6636	6638	522	520	521	7247	7248	7260	523	524	525	7174	4368
					7175	526	527	528	7186	7689	7185	529	265	530	7249	9000	7251	532	531	4821	7497	6537	6538
					534	535	533	7133	7134	7833	538	536	537	4323	6758	6766	541	539	540	7047	6523	4360	542
					543	544	7064	6517	7063	547	545	546	7954	85	7953	4739	5274	548	7684	7950	7951	5971	549
					550	4182	4373	7528	552	553	551	4182	8055	4373	554	4869	552	4180	6936	6937	556	557	555
					6937	6949	4374	560	558	559	7486	6940	6950	5504	561	562	4375	6952	6953	563	564	565	4181
					7522	4376	5695	5056	5310	28	4376	4354	447	5055	566	4377	7557	4274	5269	5542	6446	4183	4377
					7513	5861	6448	567	7492	7490	4379	6066	568	5546	6676	4213	6679	570	569	6130	7490	4380	4379
					571	6075	568	4213	4379	4200	5176	6074	572	6484	4381	4380	574	6032	573	4380	7480	6684	6031
					575	576	7490	6484	4380	577	573	571	4381	6747	6746	578	579	580	7464	6748	6747	582	583
					581	6691	6692	7637	585	586	584	4383	7523	7709	6309	587	5807	4172	4384	4383	588	5060	5806
					4385	4384	4172	589	588	590	7478	4295	6668	592	5935	591	4385	4172	7845	590	5150	593	6624
					6631	29	594	595	596	7617	4255	7540	597	598	6343	7790	7565	4386	5889	5323	599	4275	8024
					7298	600	601	5465	8028	8029	4387	603	409	602	7435	7399	7432	607	608	606	6840	4388	6839
					609	610	611	7967	7968	4218	612	613	5275	6840	6841	4388	614	615	609	7119	7121	7117	617
					618	616	4270	7698	4390	621	619	620	7338	7730	7317	624	622	623	4392	6492	4626	625	626
					627	4633	4638	6491	629	5011	628	4392	4626	4624	627	630	158	4391	7803	4609	633	631	632
					4625	4232	4628	635	634	6238	7405	4288	7406	637	638	636	4607	4443	4444	639	640	641	4395
					4588	4597	643	6112	642	4395	4589	4588	644	645	643	4394	4444	4585	648	646	647	7703	7187
					7189	651	649	650	7702	4590	4592	652	653	654	4596	4396	4594	657	655	656	4605	4603	4604
					660	658	659	7704	4398	4269	661	662	663	4231	7406	7407	665	666	664	4650	4399	4225	667
					668	4698	4606	4600	4605	4787	670	669	4225	7183	7184	6192	671	4696	7705	7421	7422	672	673
					674	4402	7424	7427	676	6199	675	6486	7315	4582	678	679	677	4394	4607	4444	680	641	648
					7854	7858	4409	4660	125	681	7431	7429	9050	684	682	683	7424	4269	7425	685	686	6197	6761
					6763	4403	689	687	688	6763	7151	7152	692	690	691	7145	7143	7146	694	695	693	6769	6904
					4406	696	697	698	6765	7140	7142	700	701	699	6644	6643	7762	5091	703	702	52	4406	6907
					705	259	704	6774	7622	6770	706	707	708	7010	4538	4541	710	711	709	7326	7327	7801	714
					712	713	7577	4408	9009	5618	5148	5216	7505	4198	4408	5392	6072	5620	4504	7853	4503	715	716
					717	4502	4503	7581	718	719	5651	7040	7034	4245	720	721	722	7706	7883	7014	724	725	723
					7793	7655	8998	728	726	727	7039	4411	7038	730	731	729	4413	7034	7040	733	720	732	7655
					7584	4412	736	734	735	7583	7707	9	738	739	737	7036	6535	7035	740	741	742	6452	6454
					6455	5819	5475	4920	6457	6463	4414	6055	743	744	8044	7651	7455	745	746	5343	8040	8041	4194
					748	749	747	6472	4417	7566	750	5898	5895	4416	7568	4195	6291	6059	5896	94	7998	4417	5892
					751	752	4243	7568	4417	754	6292	753	7509	7791	7579	357	5386	5638	7579	46	54	5388	5218
					4725	4489	4492	6830	756	757	755	6828	4527	7580	759	760	758	4506	4501	6829	762	763	761
					4409	4508	4507	765	766	764	7362	7511	7361	767	768	769	7583	9	7857	737	6301	770	4412
					7584	7583	734	771	4928	7750	7749	23	774	772	773	7655	4412	4646	735	775	776	4411	7036
					7037	779	777	778	7585	7750	7370	782	780	781	6487	4412	7585	783	4927	784	11	7878	4567
					786	787	785	8020	8022	8012	790	788	789	6546	6547	7587	792	6437	791	4576	7723	6569	794
					795	793	7664	7588	7835	796	797	343	7842	7589	7837	798	799	800	7916	7920	7613	374	5684
					801	7839	7699	7838	802	803	804	7941	7942	7590	805	806	122	4283	9008	9007	5377	4708	5378
					54	7460	65	4678	5379	5105	7687	7461	7686	5380	5381	5382	7688	7784	7786	5385	5383	5384	7579
					7791	46	5386	5387	5388	4287	7509	4286	5391	5389	5390	7505	7463	4198	5393	5394	5392	7463	6911
					6910	5396	5208	5395	7635	4190	4196	5398	5399	5397	7480	6746	6689	5400	5401	5402	7640	4203	6802
					5405	5403	5404	7605	7604	7465	5406	5407	5408	7606	4483	4487	5409	5410	5411	7357	7358	53	5412
					5413	5414	4214	9006	3	5415	4717	5416	55	7467	66	4895	5068	5140	6694	4378	6676	5418	5419
					5417	6706	6881	6886	5421	5422	5420	7514	7469	4199	5425	5423	5424	73	50	7469	5427	4785	5426
					66	7470	7459	5070	5428	5174	7467	4186	7470	5430	5429	5069	4188	7353	7347	5432	5433	5431	7641
					7465	7640	5159	5435	5434	4179	6886	6887	5436	5437	5438	4267	7823	7827	5441	5439	5440	4290	4431
					4432	5443	5444	5442	4321	39	4259	5447	5445	5446	7474	74	7741	5448	5082	5212	7459	7575	7501
					5450	5451	5449	6461	7874	6462	5452	5453	5454	7475	7013	7754	5457	5455	5456	4174	7774	7775	5333
					5459	5458	7645	72	7808	5201	5460	5461	4477	4488	71	5464	5462	5463	4275	7298	7299	5465	5466
					4933	7578	7550	4340	5357	5467	5468	7674	7544	4246	5470	5471	5469	4307	7475	7752	5474	5472	5473
					6454	7814	6455	5476	5477	5475	6964	6965	6703	5478	5157	5479	6681	6683	6685	5482	5480	5481	6810
					6921	4239	5483	5484	5485	4319	6814	6815	5488	5486	5487	7465	7604	4203	5407	5489	5490	6783	6787
					4235	5493	5491	5492	6922	6923	4180	5494	5495	5496	6815	6920	6810	5499	5497	5498	6942	7484	6941
					5500	5501	5502	6939	6940	7486	5503	5504	5505	7772	7668	4240	5506	5507	4974	7485	7673	7776	5509
					5508	5064	6944	6946	6481	5510	5511	5512	6951	6483	6958	5515	5513	5514	6675	6719	6725	5517	5369
					5516	6736	6737	4226	5520	5518	5519	4196	7492	4189	5521	5522	5523	6677	7489	6674	5526	5524	5525
					7488	4189	7489	5529	5527	5528	6699	6702	7487	4741	5530	5531	4196	6524	7492	5532	5533	5521	4251
					7464	4381	5536	5534	5535	4184	7959	7960	5539	5537	5538	7557	4317	4274	5540	5541	5542	4314	4189
					7488	5543	5529	5544	7492	4379	4378	5546	5175	5545	7932	7933	7493	5547	5548	5549	7698	7699	7498
					5551	5552	5550	7328	7325	7802	5554	5555	5553	6485	4251	6484	5557	5558	5556	6599	7106	4355	5560
					5561	5559	7931	7932	4216	5563	5564	5562	4342	7554	7553	5566	5567	5565	7495	7779	7781	5569	5570
					5568	7496	4283	4186	5573	5571	5572	65	7460	7496	5379	5102	4703	7337	7331	7497	5576	5574	5575
					4366	6869	6870	5579	5577	5578	4548	7701	4545	4841	5580	5581	4539	7720	4543	5583	5584	5582	9008
					9009	7634	5214	5585	4709	9011	9012	7602	4736	4797	5586	7176	4365	7177	5587	5588	5589	7190	7693
					7191	5592	5590	5591	7500	6873	6658	5595	5593	5594	6660	6661	7813	5596	5597	5598	7501	7474	67
					5601	5599	5600	7459	7501	67	5449	5600	5602	8001	8002	4243	5605	5603	5604	4241	6953	97	5608
					5606	5607	7178	7273	7176	5611	5609	5610	4580	4581	9070	5613	5614	5612	7603	4199	7504	5615	5616
					5617	7474	7504	74	5075	4795	5448	7577	7505	4408	5619	5620	5618	75	7463	7505	4811	5393	5058
					7461	7685	7686	5621	5622	5381	4177	7684	7685	4776	5624	5623	7206	6553	7208	5626	5627	5625	6594
					7158	7159	5628	5629	5630	6969	4452	6543	5631	5632	5633	6539	7274	7275	5636	5634	5635	4286	7509
					7579	5389	5638	5637	6627	7715	6626	5640	5641	5639	7893	7607	7892	5643	5644	5642	7898	7099	7822
					5647	5645	5646	7361	7748	7360	5650	5648	5649	4502	7581	4501	5651	5652	5653	6724	6718	6719	5656
					5654	5655	6530	6529	7491	5658	5659	5657	6753	7491	6752	5660	5661	5662	4183	84	7558	5665	5663
					5664	6909	7514	6781	5206	5667	5666	7514	73	7469	5668	5426	5425	4303	7572	4302	5669	5670	5671
					4304	4305	7457	5672	5361	5673	4433	4290	4432	5675	5442	5674	7368	7367	7647	5678	5676	5677	7839
					7840	4330	5680	5681	5679	7920	7935	7613	5682	5683	5684	7518	7519	7520	5685	5686	5687	7616	8052
					4284	5690	5688	5689	36	6455	6456	4918	5692	5691	8048	7519	7518	5694	5685	5693	6613	7522	4181
					5697	5695	5696	4612	4611	4613	5700	5698	5699	7521	7753	7524	5701	5702	5365	7519	4181	7520	5703
					5312	5686	7521	7752	7753	5704	5705	5701	7527	4353	4176	5706	5707	5708	4172	7709	7843	5710	5709
					4694	7674	37	7544	5712	5711	5470	7980	7990	7982	5715	5713	5714	7526	4353	7527	5716	5706	5717
					26	7561	7007	5298	5718	5719	7525	7526	7527	4951	5717	5720	4354	4353	7526	5722	5716	5721	27
					8053	8054	5723	5724	4948	4354	7529	4353	5725	5726	5722	7008	4614	26	5728	5729	5727	4299	7561
					7560	5730	5731	5732	7309	6512	6511	5734	5735	5733	7522	7521	7529	4665	5364	5736	4618	4619	7976
					5737	5738	5739	7532	4615	7531	5740	4987	4685	7530	8060	8057	4893	5741	5742	7534	6618	6619	5745
					5743	5744	7531	7530	8058	4986	5746	5747	4327	33	7532	5749	5748	4829	33	32	7532	5750	5751
					5748	7576	8062	6614	5754	5752	5753	7533	4185	6622	5756	4886	5755	6473	6471	7790	5758	5759	5757
					4255	7538	7708	5761	5330	5760	8071	8073	8076	5763	5764	5762	8065	4293	8060	5765	5766	5349	7536
					8073	8071	5767	5763	5768	7538	4616	7537	5769	4966	5328	7537	8072	4328	5772	5770	5771	7537	7536
					8072	4965	5773	5772	4255	30	7538	5774	5775	5761	30	31	7538	5776	5777	5775	6620	7534	6619
					5778	5744	5779	7619	7539	7715	5782	5780	5781	4328	33	4327	5783	5749	5784	7540	7534	6620	5786
					5778	5785	7566	4416	7567	5787	5788	5789	7568	4275	7541	5790	4932	5791	7544	4617	7543	5793	5008
					5792	8080	4193	8049	5794	5795	5796	7545	7547	4247	5798	5799	5797	7543	7542	8078	5007	5800	5801
					7547	4246	4247	5803	5802	5799	37	36	7544	5804	5805	5711	4172	4383	7709	5806	5807	5710	4340
					7550	7549	5467	5808	5809	7479	7817	7816	5810	5811	5812	7104	7521	4220	5814	4664	5813	4246	7544
					7543	5471	5792	5815	6668	7551	6669	5818	5816	5817	7548	6454	6452	5821	5819	5820	7550	8038	7549
					5822	5823	5808	4340	7549	4341	5809	5824	5825	7549	7548	6453	5828	5826	5827	7551	4340	4341	5830
					5825	5829	35	8038	7550	5831	5822	4991	6669	7547	7545	5832	5798	5833	6608	7578	6667	5835	5836
					5834	7972	7988	90	5837	5838	5304	12	7894	7554	5230	5839	5307	7555	4342	4343	5840	5841	5842
					6467	6468	77	5845	5843	5844	4171	7554	4342	5305	5566	5846	7554	7552	7553	5847	4864	5567	4342
					7553	4343	5565	5848	5841	7781	7782	7742	5851	5849	5850	7952	7958	7965	5853	5255	5852	84	6845
					7558	4880	5854	5663	7	6699	6700	5855	5856	5857	4316	6836	7678	5860	5858	5859	4183	7558	4377
					5664	5270	5861	7558	7556	7557	5863	5862	5271	7527	4176	25	5708	5864	4940	7561	7559	7560	5865
					4681	5731	7973	88	7971	5868	5866	5867	6469	6470	89	5871	5869	5870	7564	7007	4299	5873	5874
					5872	25	4619	4618	5876	5737	5875	4299	7560	4300	5732	5877	5878	6510	7986	7987	4904	5879	5880
					7524	7989	7984	5882	5883	5881	7972	7974	7988	5884	5242	5837	4373	7562	6512	4942	5885	5886	7525
					4614	7008	5888	5728	5887	7790	6471	7565	5759	5890	5889	7566	7567	4620	5789	5891	5332	7996	7998
					94	5337	5892	5893	6472	7566	7565	5895	5331	5894	7567	4416	4195	5788	5896	4977	7567	31	30
					4979	5776	5897	4417	4416	7566	5899	5787	5898	8002	4275	7568	5901	5790	5900	7570	7571	4621	5353
					5902	5351	6476	6474	7569	5904	5905	5903	8057	8060	8063	5741	5906	5907	6475	7570	7569	5909	5350
					5908	7571	7650	99	5145	5911	5910	7571	99	98	5910	5912	5913	4219	4302	7573	5916	5914	5915
					4303	4304	7572	5917	5001	5669	7572	7009	7763	5000	5918	5919	99	7650	7651	5911	5920	5921	4285
					6617	6621	5923	5924	5922	6618	7576	6614	5926	5753	5925	7575	2	4326	5167	5016	5927	7470	7575
					7459	5109	5450	5428	8062	8058	8059	5929	5930	5928	6477	16	6474	5932	5933	5931	4283	7577	9008
					5934	5215	5377	7460	7505	7577	5059	5619	5103	4295	6667	6668	5936	5937	5935	4265	8045	8046	5939
					5355	5938	7779	4171	7555	5027	5941	5940	91	7992	7297	5944	5942	5943	7791	4385	46	5945	5946
					5387	7545	4247	4383	5797	5947	5062	7670	7668	7772	5948	5506	5949	4204	7341	7342	5950	5951	4925
					7773	96	7774	5953	5952	5335	7776	4174	7778	5955	5956	5954	6561	6560	20	5958	5959	5957	4363
					6646	6672	5960	5961	5962	7529	4250	4176	5965	5963	5964	7559	7976	7975	5967	5968	5966	7684	6600
					7950	5969	5970	5971	7742	7782	7461	5849	5973	5972	9007	9008	7634	4708	4709	4710	7765	4249	7764
					4713	4711	4712	48	55	4258	4716	4714	4715	9006	4337	3	4718	4719	4717	7634	9010	7821	4721
					4722	4720	9007	7634	4337	4710	4723	4724	7579	54	4202	4725	4726	4727	4259	48	4258	4728	4715
					4729	7634	7821	7499	4720	4730	4731	6612	6670	4385	4732	4733	4734	9011	6781	9012	4737	4735	4736
					4643	85	7954	4738	4739	4740	6699	4315	6702	4742	4743	4741	6911	6913	73	4746	4744	4745	6686
					6687	58	4747	4748	4749	6859	7620	7846	4751	4752	4750	7553	6468	6467	4863	5845	393	4300	6469
					88	210	2462	212	6469	89	88	5870	5291	2462	7559	7975	6470	5966	2173	4682	7560	6470	6469
					4683	5871	209	6471	6472	7565	2463	5894	5890	95	94	6471	2216	2464	1553	94	4417	6472	752
					750	2465	94	6472	6471	2465	2463	2464	4201	6473	7790	1607	5757	6083	7774	95	6473	2218	1552
					1606	6474	6475	7569	2466	5908	5905	16	17	6474	2389	2467	5933	17	7665	6475	2403	6158	2468
					17	6475	6474	2468	2466	2467	4623	7569	4621	2469	5352	195	8059	6477	4296	2472	2470	2471	4296
					6477	6476	2470	2391	4884	8059	16	6477	6013	5932	2472	6791	6925	4236	2474	2473	6255	6923	6936
					4180	2475	556	5495	6924	6479	6923	2476	2477	2478	6926	6929	6480	2481	2479	2480	6924	6926	6479
					2482	5192	2476	6941	6943	6480	2483	2484	2485	6943	6944	6481	2486	5512	2487	6954	6955	6483	2490
					2488	2489	7484	6945	6944	2492	2493	2491	4320	4470	4469	2494	2495	2496	6955	6956	6958	2499	2497
					2498	7198	6951	6938	2502	2500	2501	6485	6484	7490	5556	577	2503	4251	4381	6484	5535	574	5558
					6524	6485	7490	2504	2503	6065	6839	6844	4190	2505	2506	6322	4657	4658	4656	2509	2507	2508	4232
					7315	4653	2511	2512	2510	6487	7585	7374	784	2513	846	7598	6487	7375	2515	848	2514	7646	47
					7316	1028	1030	2516	6489	6488	38	5015	1533	2517	6490	38	7803	2518	1538	1664	4357	6493	6489
					2519	860	6217	6490	6489	38	6218	2517	2518	6491	6490	4391	5010	1663	2520	6491	4391	6492	2520
					2521	6124	4633	6491	8	628	6123	2522	4608	18	4607	1539	2523	2524	4393	7654	4627	2526	2527
					2525	6494	6493	4357	2528	2519	2529	6493	6495	4197	2531	2530	859	4638	6494	4357	2533	2529	2532
					7600	7630	7378	2535	2536	2534	6494	6495	6493	6221	2531	2528	7373	7718	7369	1331	1035	2537	7782
					6496	4177	2538	5073	1577	7555	6496	7782	1576	2538	1574	7090	9090	7095	2539	2540	2541	4583	9099
					4547	2543	2544	2542	7729	7317	6498	1374	6105	1377	7738	6498	4206	1412	134	1414	7200	6986	6987
					2546	2547	2545	6990	6550	6566	2550	2548	2549	7807	4248	6500	1673	1672	6310	6500	7476	7660	1671
					4984	6316	7055	7058	70	2552	2553	2551	7058	7059	6501	2554	1156	2555	7055	7056	7058	2556	2557
					2552	7056	7057	6502	2558	2559	2560	7071	7065	7066	2561	2562	2563	7060	7682	7220	2120	485	2564
					7219	6504	7221	2567	2565	2566	7682	7068	7069	2570	2571	2572	7219	7284	6504	2574	2573	2567	7226
					7225	7944	2576	352	2575	4244	6508	6507	1503	2009	1498	4252	7122	7121	2577	2578	2579	7124	7759
					6972	2580	2581	2582	7123	7124	6509	2585	2583	2584	7904	7905	6508	2006	2586	1505	7905	7609	6508
					890	888	2586	7122	7123	6509	2588	2584	2587	6749	6750	7756	2589	2590	5254	6511	6510	4329	2591
					2199	2592	6512	7562	6510	5885	4905	2593	6632	4329	7785	2594	1580	1586	7309	6511	7653	5733	335
					2595	6512	6510	6511	2593	2591	5735	7528	4373	6512	553	5886	2596	6513	6957	6514	381	2597	2227
					6951	6952	4375	2598	563	2599	7502	8001	6515	2228	2600	6287	4242	6514	8000	2225	2601	2224	6515
					8001	8000	2600	6290	2602	6514	6515	8000	6288	2602	2601	7054	6516	7055	2604	2605	2603	4371	7066
					6516	2607	2608	2606	7063	6517	7067	545	2609	2610	7070	7093	6518	2613	2611	2612	7067	7068	7682
					2616	2570	2119	7071	6519	7065	483	2617	2561	6520	7081	7072	2622	2620	2621	7073	6520	7072	2624
					2621	2623	6523	4371	6516	2625	2606	2626	7234	6522	7233	5189	1636	2627	7076	6520	7073	2629	2624
					2628	6520	7094	7081	2631	2630	2622	7077	9067	7076	2633	2614	2632	7046	7047	4360	2634	544	1627
					7075	7072	4371	2636	2637	2635	4190	6524	4196	2638	5532	5399	4190	6485	6524	2639	2504	2638	6892
					6705	6879	2642	2640	2641	7512	6525	6526	2643	2644	6445	6525	6711	6712	2646	2647	2645	6715	6714
					6528	2649	2650	2648	6715	6874	6527	2652	2653	2651	6754	6527	6875	2654	2655	2656	6715	6528	6874
					2648	2657	2652	6525	6712	6714	2645	2658	2659	6530	7491	6753	5657	5660	2660	6531	7512	6529	2661
					6444	2662	7960	6533	7834	2664	2663	1780	7513	4274	6532	6447	6007	2143	6530	6532	6529	2666	2665
					5658	4274	4317	6701	5541	2667	2668	6532	6531	6529	6006	2662	2665	6533	6532	6530	2144	2666	2669
					6533	6530	7834	2669	2670	2663	7960	7513	6533	2142	2145	2664	7117	7121	6534	618	2672	2671	7125
					6509	7241	2674	2675	2673	7041	6535	7036	467	740	2676	7033	4358	7885	2677	2678	477	7045	7062
					7044	2680	2681	2679	7052	70	7026	6183	1951	2682	7801	9068	7333	1653	2683	2684	6868	6867	6538
					1828	2685	2686	6537	7333	7334	2687	2688	2689	7334	9080	7335	2690	2691	1651	6537	7332	7333	2692
					2693	2687	7006	6540	7005	2694	2695	2696	7005	6540	7004	2695	994	2697	6692	6693	7637	2699	2698
					586	6693	6979	6980	2700	2701	2702	6981	6982	6983	2705	2703	2704	6981	6983	6541	2704	2706	2707
					6977	6978	7508	2710	2708	2709	6996	6543	6993	2711	2712	2713	6968	6969	6996	2714	2715	2716	6994
					6995	7721	2717	1342	1326	6544	7717	6546	2720	2718	2719	6987	6988	6545	2723	2721	2722	6544	6988
					6987	2725	2723	2724	6545	6991	7003	2726	2727	2728	7717	6547	6546	2729	792	2718	6988	6546	6989
					2731	2732	2730	6993	6994	7717	2734	2733	1495	6547	7721	6548	1324	2735	6435	7721	6549	6548	2736
					1348	2735	6548	7722	6550	1347	2737	1355	7721	6997	6549	1341	2738	2736	7846	7847	6549	1819	1350
					2739	6550	7722	6551	2737	2740	5029	4573	6566	4574	2741	2742	2743	7722	9004	6551	1363	2744	2740
					6551	9004	7723	2744	1390	2745	7203	7200	6562	2747	2748	2746	6552	7199	7203	1510	2749	1743	6553
					7760	6554	2751	2752	2750	51	7274	7206	2754	2753	1732	6554	7760	6555	2752	2756	2755	7158	4535
					7761	2757	1522	2758	7760	6563	6555	2759	1007	2756	6555	41	6556	1006	2760	2761	6556	41	6557
					2760	2762	2763	7761	6556	6633	1512	2765	2764	41	6564	6565	1359	2767	2766	6569	7723	6568	795
					2768	2769	6557	6565	6567	2770	2771	2772	6574	6573	6559	2773	2774	2775	7595	6558	6574	1346	2776
					2777	6558	6865	6648	2780	2778	2779	6561	20	6580	5957	2781	1408	7593	6637	4175	2783	2784	2782
					7250	7263	7264	2786	2787	2785	6639	4175	6638	2789	521	2788	7201	6545	7202	2792	2790	2791	7205
					7204	6553	2795	2793	2794	6562	7201	7202	2796	2791	2797	6563	6499	6564	2798	2799	1360	6499	4556
					4572	2800	2801	2802	41	6565	6557	2766	2770	2762	6564	4572	4573	2804	2805	2803	6557	6567	6558
					2772	2806	1345	6991	4455	6499	2807	2808	2809	6566	6550	7724	2548	5028	2810	6565	4574	4575	2812
					2813	2811	7723	6570	6568	2814	4759	2768	4575	4576	6569	2816	793	2815	6567	6569	6865	2818	2819
					2817	6569	6568	6865	2769	1358	2819	6565	4575	6567	2811	2820	2771	7723	7848	6570	1392	1354	2814
					6570	7732	6571	1353	2821	4760	6571	7732	6572	2821	2823	2822	6571	6572	6575	2822	2824	2825	7732
					7736	6572	1395	2826	2823	6572	7736	7733	2826	2827	2828	6573	6575	6559	2829	816	2774	7594	6571
					6573	4833	2830	825	6560	6574	6559	2831	2775	834	7595	6574	6560	2777	2831	2832	6573	6571	6575
					2830	2825	2829	6575	6572	7733	2824	2828	1394	6576	7733	6577	1393	2834	2833	6576	6577	6579	2833
					2835	1400	7733	6585	6577	2836	2837	2834	6577	6585	6578	2837	2838	1399	6578	7596	7740	2840	1301
					2839	6581	6586	7713	2842	1424	2841	6579	6577	7734	2835	1398	2843	6579	7734	6581	2843	2845	2844
					6580	6579	6581	2846	2844	1403	20	6579	6580	1401	2846	2781	6581	7734	6586	2845	1417	2842	7256
					6582	9000	2847	1304	2848	6581	7713	6582	2841	2849	1406	6582	7713	6588	2849	2850	1214	7713	6587
					6588	1426	2851	2850	6588	6589	6583	2852	1599	2853	6584	6583	7695	2854	843	1209	7251	6584	7252
					2855	1208	516	7733	7736	6585	2827	1410	2836	6585	7596	6578	1411	2840	2838	6578	7740	6586	2839
					2856	1416	6586	7740	6587	2856	2857	1425	6587	7740	6592	2857	2858	2859	6588	6587	6592	2851	2859
					2860	6588	6592	6589	2860	2861	2852	6584	6588	6583	1215	2853	2854	6589	7597	6591	2864	2862	2863
					7695	6590	4369	845	2865	1216	6589	6591	6590	2863	2866	1600	6590	7850	4369	2868	2867	2865	7597
					7849	6591	1420	2869	2862	6590	6591	7850	2866	1823	2868	7740	6871	6592	2870	838	2858	6592	7597
					6589	837	2864	2861	7824	7277	7279	2871	2872	1751	7157	7158	6594	2873	5628	1745	7245	6633	6643
					2876	2874	2875	7146	7243	7144	2878	2879	2877	4438	4439	4309	2881	2882	2880	6596	4437	4438	6339
					2884	2883	7441	4309	7451	2886	6178	2885	7439	7442	7440	2887	249	2888	6597	7451	7449	2890	2891
					2889	7105	7449	7450	2894	2892	2893	4208	6598	7922	2057	6113	2061	7494	7991	6598	450	1993	2059
					7991	7902	6599	2895	2896	1994	4355	7106	7901	5561	2002	1991	6600	7948	7950	1164	2121	5970	7890
					6600	7684	1963	5969	1964	6601	4282	6602	2300	2897	2275	8018	6601	8013	2267	2274	2295	4282	6649
					6602	2898	1932	2897	6650	4351	6603	1929	2899	2900	6603	4351	6604	2899	2902	2901	6862	6863	61
					2904	419	2903	4351	6605	6604	2905	426	2902	61	6604	4348	418	427	414	4351	6607	6605	2906
					2907	2905	6606	4350	7211	2910	2908	2909	6607	6872	6605	2912	2911	2907	6605	6872	6606	2911	1686
					202	6651	6607	4351	2913	2906	1931	6607	7813	6872	437	2914	2912	6667	7578	7551	5836	388	2915
					6609	6608	4295	191	2916	190	6610	4295	7478	189	592	2917	4265	8033	6609	2360	192	6393	6611
					6610	7478	145	2917	2918	7574	4265	6610	1593	6392	144	6611	7478	6612	2918	2920	2919	6630	6611
					6631	2922	2923	2921	6612	7478	6670	2920	2924	4732	29	6612	4385	2925	4734	1610	8049	4220	6613
					2371	2926	2376	6613	4220	7522	2926	4663	5697	6614	8059	6615	2401	2928	2927	7534	7576	6618	326
					5926	5745	6615	8059	4296	2928	2471	2929	6615	4296	6616	2929	2930	198	6616	4296	7574	2930	4990
					2931	6617	6616	6621	6015	2932	5924	6616	7574	6621	2931	2933	2932	6622	6617	4285	4888	5923	2934
					6618	6614	6615	5925	2927	2393	7533	6619	4185	2936	2935	5756	6619	6618	4185	5743	2392	2935	7715
					6620	7533	2939	2937	2938	6620	6619	7533	5779	2936	2937	7539	6620	7715	928	2939	5780	6621	7574
					6611	2933	146	2940	6630	6621	6611	2941	2940	2922	6623	6622	4285	2942	2934	2943	6626	6622	6623
					1312	2942	354	6623	4285	6624	2943	2944	1613	4333	6623	6625	355	1615	2945	4285	6621	6630	5922
					2941	2946	6625	29	7791	2947	1609	147	6625	6624	29	1614	596	2947	6628	6625	7792	2948	149
					1611	6627	6626	4333	5639	356	2949	7715	7533	6626	2938	1311	5641	6628	6627	4333	6353	2949	2950
					7462	6629	6627	2951	1314	6355	6628	4333	6625	2950	2945	2948	7770	7109	7110	2952	1544	1546	6671
					6629	7462	930	2951	2953	7619	7715	6629	5781	1313	929	6631	6611	6612	2923	2919	2954	4285	6630
					6624	2946	2955	2944	29	6631	6612	595	2954	2925	6624	6630	6631	2955	2921	594	6511	4329	6632
					2592	2594	336	7871	6632	93	1896	1588	1060	6556	6557	6634	2763	833	2956	6643	6633	7762	2874
					1515	703	6633	6556	6634	2765	2956	1516	6635	6557	7595	831	1344	2957	6635	7595	6636	2957	2958
					829	7762	6635	6637	1523	828	2959	6636	7595	6560	2958	2832	2960	6636	6560	6638	2960	2961	520
					4175	6637	6636	2784	830	522	6644	6637	7593	2962	2783	2963	6638	6560	6561	2961	5958	2964	4367
					6639	6561	2967	2965	2966	6639	6638	6561	2788	2964	2965	6640	6639	4367	2969	2967	2968	7169	7247
					6641	2970	2971	2972	6778	7165	6642	2974	2973	501	7265	7269	4364	2976	504	2975	7181	4312	7170
					1682	407	2977	6642	7165	7166	2973	2978	506	4312	7810	6642	1679	499	2979	6644	7762	6637	702
					2959	2962	6594	7159	7160	5630	2980	2981	6645	6644	7593	2982	2963	2983	7149	4405	7150	2986	2984
					2985	6645	7593	6646	2983	2988	2987	6647	6645	6646	824	2987	2989	6646	7593	4175	2988	2782	2990
					6672	4175	6639	2991	2789	2992	7163	6646	4363	2994	5960	2993	6908	7163	7164	2995	2996	2997	6574
					6648	6573	2998	826	2773	6558	6648	6574	2779	2998	2776	7880	6649	4282	108	2898	2999	6649	7881
					6650	135	3000	1933	7881	6651	6650	3001	1930	3000	6602	6650	6603	1934	2900	2277	7881	9003	6651
					3002	3003	3001	6651	9003	6607	3003	1690	2913	7880	4277	6652	1919	1925	109	7879	6654	4277	3004
					4676	117	6652	6653	7881	1924	3005	136	6653	9003	7881	422	3002	3005	7879	7675	6654	3006	3007
					3004	6654	7675	6655	3007	3008	4931	7675	6656	6655	3010	3009	3008	6656	6660	7339	1135	3011	3012
					7017	6656	7675	3013	3010	3014	4278	6657	6656	114	1138	3015	7018	7019	4278	3018	3016	3017	6662
					6663	7677	3020	1143	3019	7024	6873	7500	3021	5595	120	7030	7029	6663	3024	3022	3023	6660	7676
					6661	1134	3025	5596	6655	7339	9003	3026	3027	421	9003	7339	6659	3027	3028	1689	6659	6660	7813
					3029	5598	439	7676	6662	6661	3031	3030	3025	6661	6662	6664	3030	3032	1141	6657	7030	7676	3033
					3034	1137	6663	4279	7340	3035	3036	1144	7676	7030	6662	3034	3037	3031	7021	7028	6657	3039	3038
					113	6662	7677	6664	3019	2043	3032	6665	6666	45	3040	3041	3042	6666	7917	45	3043	2035	3041
					4349	6664	6665	1142	3045	3044	6664	6666	6665	2042	3040	3045	7677	7917	6666	1140	3043	2044	6668
					6667	7551	5937	2915	5818	4295	6608	6667	2916	5834	5936	7551	7547	6669	392	5832	5816	6670	6668
					6669	3047	5817	3046	4384	6669	7545	3048	5833	5061	7478	6668	6670	591	3047	2924	6670	6669	4384
					3046	3048	3049	4385	6670	4384	4733	3049	589	7109	6671	7462	6412	2953	1545	7769	4268	6671	1526
					1542	6411	6646	4175	6672	2990	2991	5961	6640	6672	6639	3050	2992	2969	6673	6718	6724	6200	5656
					4824	6677	6720	6673	3051	6201	3052	6674	6694	6676	3053	5417	6139	4226	6677	6673	3055	3052	3054
					8994	6716	6721	3057	4910	3056	6678	6742	6743	3059	3060	3058	7489	6694	6674	3061	3053	5524	6676
					4378	4213	5419	5177	570	4313	7489	6677	6203	5526	3062	6718	6716	8994	3064	3057	3063	6710	6743
					6744	3067	3065	3066	6696	6727	6728	3069	3070	3068	6679	4213	6680	569	3071	4764	6722	6679	4211
					3072	3073	3074	4213	4200	6682	572	3075	3076	6891	6681	68	3079	3077	3078	4213	6682	6680	3076
					3080	3071	6682	6683	6681	3082	5482	3081	6682	4200	6683	3075	3083	3082	6680	6682	6681	3080	3081
					5124	4200	6684	6683	3084	6078	3083	6683	7636	6685	6077	3085	5480	4200	4380	6684	6076	576	3084
					6684	7480	6688	575	3086	5084	6685	7636	6686	3085	3087	6166	6681	6685	68	5481	3088	3077	7636
					6688	6690	5085	3089	3090	7652	6889	6898	991	3091	1057	7636	6690	6686	3090	3092	3087	6902	7637
					7006	3095	3093	3094	7480	6689	6688	5402	3096	3086	6688	6689	6690	3096	989	3089	4381	6746	7480
					580	5400	6033	6689	6751	6903	3097	3098	999	6690	7638	6691	988	3099	1003	6686	6690	6687	3092
					1002	4747	7638	6692	6691	3100	585	3099	6687	6691	7637	1001	584	3101	6692	6703	6693	3102	3103
					2699	7006	6693	6540	3105	3104	2694	6903	6964	6692	3106	3107	3108	6703	6979	6693	3109	2700	3103
					7489	4189	6694	5527	3110	3061	4189	4378	6694	6027	5418	3110	6695	7127	6877	3111	3112	3113	4227
					6744	6745	3114	3115	3116	6731	6696	6729	3118	3119	3117	6738	6737	6736	3120	5520	270	6732	4356
					6733	3123	3121	3122	6734	6699	6697	3124	3125	3126	7112	6700	6698	3128	3129	3127	6699	7487	6697
					5531	3130	3125	7	4315	6699	283	4742	5855	6734	6697	6732	3126	456	3131	7112	6698	7512	3127
					4758	3132	6701	6700	7112	287	3128	3133	4274	6701	6531	2668	3134	6008	4317	7	6701	1145	286
					2667	4315	4314	6702	274	278	4743	6739	4313	6738	3135	3136	3137	6772	6773	4382	3140	3138	3139
					6703	6977	6979	3141	3142	3109	6704	6970	6967	3143	1492	3144	6966	6978	6977	3145	2710	3146	6745
					6876	6705	3148	3149	3147	6892	6879	6880	2641	3151	3150	6706	6880	6881	3153	3152	5421	6528	6713
					4179	6206	3154	3155	4212	6877	6878	6133	3156	3157	6887	6895	6708	3160	3158	3159	6708	6895	6896
					3158	3161	1760	6527	6874	6875	2653	3162	2655	6709	6891	6885	3163	3164	3165	6707	6882	6883	3168
					3166	3167	6711	4227	6712	454	3169	2647	6729	6696	6728	3119	3068	3170	6698	6732	6733	3171	3122
					4756	4356	6729	6730	3174	3172	3173	6712	4227	6713	3169	3175	6205	6714	6712	6528	2658	6207	2650
					6893	6705	6892	3177	2642	3176	6713	6706	4179	3178	3179	3154	6528	4179	6874	3155	3180	2657	6526
					6525	6714	2644	2659	3181	6752	6715	6527	5984	2651	3182	6526	6714	6715	3181	2649	5983	6721	6722
					6717	4909	3184	3183	6720	8995	6716	3186	3187	3185	6717	4211	7127	3189	3190	3188	6723	6721	6717
					3192	3183	3191	6720	6716	6718	3185	3064	6202	6718	8994	6719	3063	3193	5654	8994	6721	6723	3056
					3192	3194	6742	6724	6719	3196	5655	3195	6677	6674	6720	5525	3197	3051	6720	6674	8995	3197	6140
					3186	6716	8995	6722	3187	3198	4911	6723	6717	6695	3191	3199	3200	8995	6679	6722	6128	3072	3198
					6717	6722	4211	3184	3074	3189	6725	6723	6695	5368	3200	3201	6719	8994	6723	3193	3194	5367	6742
					6719	6675	3195	5517	3202	6726	6724	6742	4822	3196	3203	6725	6695	6876	3201	3205	3204	6744	6675
					6745	3207	3206	3115	6727	6726	6678	6210	3208	3209	4226	6673	6726	3054	4823	6209	6728	6727	6678
					3070	3209	3210	6735	6736	6741	271	3212	3211	6728	6678	6743	3210	3058	3213	6729	6728	6730	3170
					3214	3172	6730	6728	6710	3214	3215	3216	6731	6729	4356	3117	3174	3217	6711	6730	6710	3218	3216
					455	4356	6730	6711	3173	3218	3219	6732	6731	4356	457	3217	3123	7487	6735	6740	3221	3222	3220
					6733	4356	6711	3121	3219	3223	6700	6734	6698	3225	3224	3129	6733	6711	6525	3223	2646	3226	7512
					6733	6525	4757	3226	2643	6698	6734	6732	3224	3131	3171	6700	6699	6734	5856	3124	3225	6739	6738
					6735	3137	272	3227	6731	6740	6696	5281	3228	3118	6696	6741	6727	3229	3230	3069	6736	4226	6727
					5519	6208	3231	4313	6677	6737	3062	3232	3233	6737	6677	4226	3232	3055	5518	7487	6739	6735	3234
					3227	3221	6738	4313	6737	3136	3233	3120	6702	6739	7487	3235	3234	5530	6702	4313	6739	276	3135
					3235	6697	7487	6740	3130	3220	5283	6740	6735	6741	3222	3211	3236	6741	6736	6727	3212	3231	3230
					6740	6741	6696	3236	3229	3228	6743	6742	6675	3060	3202	3237	6678	6726	6742	3208	3203	3059	6743
					6675	6744	3237	3207	3065	6728	6743	6710	3213	3067	3215	6675	6725	6745	5516	3238	3206	6710	6744
					4227	3066	3114	453	6745	6725	6876	3238	3204	3148	6893	6745	6705	3239	3147	3177	4381	7464	6747
					5534	581	578	6746	6751	6689	3240	3097	5401	7118	6749	7464	3243	3241	3242	6747	6772	6751	3244
					3245	3246	6773	7756	6704	3247	3248	3249	6751	6772	4382	3245	3139	3250	7464	6749	6748	3241	5253
					582	6534	7125	6749	3252	3253	3251	6509	63	6750	3254	3255	3256	6750	63	6970	3255	3258	3257
					6746	6747	6751	579	3246	3240	6751	4382	6903	3250	3259	3098	6752	6527	6754	3182	2654	3260	6753
					6752	6754	5662	3260	3261	6756	6753	7832	1777	3262	3263	7834	6530	6753	2670	2660	1776	6754	6875
					6755	2656	3264	5130	6753	6754	7832	3261	5132	3262	6755	7472	7242	3266	3267	3265	6759	6755	7831
					1767	3268	3269	7113	7832	6759	3270	1766	3271	4301	7834	6757	1778	1768	2147	7114	6756	7113	3272
					3273	3274	6762	6766	6761	3275	215	3276	6757	6756	7114	1770	3272	3277	7962	6758	4323	5371	541
					2150	6759	7831	6760	3269	3278	1765	6756	7832	7113	3263	3270	3273	6760	7831	4370	3278	3279	3280
					6761	6760	6763	5127	3281	689	6760	4370	6763	3280	3282	3281	6762	6761	4403	3276	688	3283	6762
					4403	7154	3283	3285	3284	6767	6762	7154	315	3284	3286	7136	7137	4370	3289	3287	3288	7154	7153
					7155	3292	3290	3291	7152	7151	6765	690	3293	3294	7152	7143	6764	3295	3296	3297	7138	7140	6765
					1774	700	3298	6765	7142	7143	699	3299	3300	4323	6766	6762	540	3275	317	6758	6757	7114	2146
					3277	3301	6768	6767	59	3302	3303	3304	7963	4323	6771	2151	2153	3305	6768	59	6769	3304	5031
					3306	7622	6768	6770	322	3307	707	59	7154	7155	3308	3291	5032	7623	6769	4406	942	698	946
					6770	6768	6769	3307	3306	941	6774	6770	7623	708	940	3309	6771	6767	6768	2152	3302	321	7963
					6771	7622	3305	320	5285	6747	6748	6772	583	3310	3244	6773	6704	6965	3249	3311	3312	6772	6748
					6773	3310	3313	3140	6748	7756	6773	5252	3247	3313	6775	6774	7623	324	3309	3314	4324	7622	6774
					943	706	3315	6776	7623	52	3316	945	5095	7115	6779	7624	953	1877	3317	6775	7623	6776	3314
					3316	951	6777	52	6778	5093	3318	1678	7868	6777	7810	1890	1677	268	4311	7116	6780	3320	3321
					3319	52	6907	6908	704	3322	3323	6778	7164	7165	3325	3324	2974	7865	4324	6779	3326	3327	952
					6779	4324	6774	3327	3315	323	6780	6776	6777	949	5094	3328	4311	6780	6777	3319	3328	1889	4198
					6909	9011	3330	3329	5022	6781	7514	4199	5667	5424	6073	6788	6813	6812	3331	3332	3333	6796	6782
					6787	6243	3335	3334	6785	6783	4235	6091	5492	3336	6782	4234	6787	3337	3338	3335	6800	6803	6797
					3340	866	3339	6797	6804	6795	3341	6332	3342	6824	4235	6821	3343	299	6261	4237	6789	6785	3344
					6092	6251	6798	4	6793	3345	3346	4844	7604	4205	6790	3348	3349	3347	4235	6787	4319	5491	5987
					297	6793	4	6795	3346	3350	3351	6784	4236	6813	4674	3353	3352	6805	6806	4234	3355	3356	3354
					6802	6789	7341	3359	3357	3358	4203	6799	6801	3361	1010	3360	7604	6790	6786	3347	3362	5989	4205
					6791	6790	3363	6254	3349	4205	6792	6791	3365	3364	3363	6925	4228	6926	6097	3366	3367	4461	4460
					4205	871	3369	3368	4457	6928	4456	3370	3371	3372	6799	6794	6798	3374	3373	4846	5	6793	6796
					3377	3375	3376	4203	6786	6794	5990	3378	3379	6794	6800	6798	3380	3381	3373	6793	6795	6796	3351
					6244	3375	6804	6784	6788	3382	3383	3384	6783	6796	6787	3385	3334	5493	5	6796	6783	3376	3385
					6086	6798	6800	4	3381	3386	3345	4	6797	6795	3387	3342	3350	6799	6793	5	4845	3377	1011
					6794	6786	6800	3378	3388	3380	6789	6801	5	3389	1009	6088	4203	6794	6799	3379	3374	3361	6786
					6803	6800	3390	3340	3388	6800	6797	4	3339	3387	3386	6802	6801	6789	3391	3389	3359	6802	4203
					6801	5403	3360	3391	7341	6789	4237	3357	3344	3392	4204	7640	6802	1014	5404	3393	6786	6790	6803
					3362	3394	3390	6803	6790	6784	3394	4672	864	6797	6784	6804	865	3382	3341	6804	6788	6805	3384
					3395	6099	6805	6788	6806	3395	3396	3355	6782	6805	4234	6100	3354	3337	6788	6812	6806	3333	3397
					3396	6806	6807	4234	3398	6246	3356	6806	6812	6808	3397	3399	3400	6806	6808	6807	3400	6256	3398
					6810	6920	6921	5497	3401	5483	6808	6809	7482	3402	3403	6257	6820	6811	6809	3404	4968	3405	4253
					6820	6808	3406	3407	3408	6821	4319	6826	298	3410	3409	6814	7482	6919	3411	3412	3413	6808	6820
					6809	3407	3405	3402	4180	6937	6811	555	3414	3415	6784	6813	6788	3352	3331	3383	6812	4253	6808
					3416	3408	3399	4236	6478	6813	3417	6333	3353	6813	4253	6812	3418	3416	3332	7482	6809	6919	3403
					3419	3412	6807	7482	6814	6258	3411	6252	6815	6810	6816	5498	3421	3420	6821	6826	7481	3409	3422
					3423	6816	6810	4239	3421	5485	3424	6817	6816	4239	3426	3424	3425	6817	4239	6	3425	6281	1123
					7481	6816	6817	3427	3426	4688	4173	6818	7670	3428	6274	5199	6825	6819	6818	3430	1111	3429	4173
					6825	6818	3431	3429	3428	6785	6824	7666	3432	3433	6249	4253	6922	6820	3434	6212	3406	6820	4180
					6811	6211	3415	3404	6822	6821	7481	6259	3423	3435	4319	6815	6826	5487	3436	3410	6822	7481	6819
					3435	4687	3437	7666	6822	6819	3439	3437	3438	6823	6814	4319	6253	5488	5986	6787	4234	6823	3338
					6248	5988	7666	6824	6822	3433	6260	3439	6785	4235	6824	3336	3343	3432	6959	6825	4173	1113	3431
					3440	7666	6819	6825	3438	3430	6093	6826	6815	6816	3436	3420	3441	7481	6826	6816	3422	3441	3427
					4520	4521	6827	3442	3443	3444	4489	6830	4488	755	3445	3446	4522	6828	4521	3449	3447	3448	4522
					4525	6828	3450	3451	3449	4530	6831	4506	3452	3453	3454	4495	4505	4494	3456	3455	4853	4492	4493
					6830	3457	3458	757	4479	4557	8008	3459	3460	2254	7745	7852	6831	1450	3461	3462	4501	7581	4499
					5652	2304	3463	4523	4266	4519	3465	3466	3464	7511	4506	4526	3467	3468	3469	4493	4494	6833	3472
					3470	3471	4494	4496	6833	3473	3474	3470	4490	4491	6834	3476	6398	3475	6834	4497	4498	6400	3477
					3478	7411	7291	7391	3479	6126	3480	7289	7098	4362	3483	3481	3482	6837	6836	4316	3484	5860	3485
					6836	6838	7635	3488	6156	986	7556	6837	4316	3489	3485	1149	7558	6845	7556	5854	292	5863	6837
					6838	6836	282	3488	3484	4318	6839	6838	3490	6321	281	4318	6840	6839	1153	611	3490	4190	6844
					6485	2506	293	2639	6842	6843	4318	3491	1154	6029	4218	6841	6840	3493	614	3492	4218	7968	6841
					613	3494	3493	7436	4389	6846	3496	3497	3495	7556	6842	6837	291	6028	3489	7681	6843	6842	3499
					3491	3498	7966	6843	7681	2159	3499	1042	4218	6840	6843	3492	1152	2158	6839	4388	6844	610	3500
					2505	4388	4251	6844	6155	294	3500	6845	7681	6842	3501	3498	290	83	7681	6845	2156	3501	4882
					7968	7436	6841	3503	3502	3494	6846	4389	6847	3497	3504	5154	4389	7117	6847	3505	3506	3504	6847
					7117	7118	3506	3507	1489	4544	6848	4540	1247	1239	3508	7720	4551	4550	3511	3509	3510	4292	49
					6851	5320	3512	3513	6849	4292	6851	1427	3513	3514	6852	7437	6850	3515	1870	3516	4261	7294	6853
					3517	3518	5112	6851	49	7437	3512	3520	3519	6852	6851	7437	3521	3519	3515	6849	6851	6852	3514
					3521	5119	6853	6852	6850	6368	3516	3522	6850	7443	7445	1869	3523	3524	4261	6854	56	5114	4793
					6370	6853	7445	7446	3526	3527	3525	7447	4222	4441	3530	3528	3529	4429	4552	4428	3533	3531	3532
					4554	6855	4553	3536	3534	3535	6856	4390	6857	1796	6441	1379	4331	6856	4273	6424	3537	1365	4390
					7698	6858	619	3538	6442	6857	4281	7319	3540	3541	3539	6858	7698	7323	3538	3543	3542	6857	6858
					4281	6443	3544	3540	6998	7846	6997	3545	3546	3547	43	6860	6859	3549	1098	3548	6975	6860	43
					3550	3549	2023	6860	7663	7661	1097	903	1103	7230	7231	4279	3552	2104	3551	6873	7230	7029	3554
					3555	3553	8013	6863	4346	435	3556	2282	6862	61	4305	2903	232	106	4346	6863	6862	3556	2904
					2321	6603	6604	6863	2901	420	434	10	8080	6864	5994	2438	2366	6864	8049	8051	2439	2375	2374
					6648	6865	7594	2778	1357	827	6567	6865	6558	2817	2780	2806	6591	7849	6866	2869	840	1824	7497
					6538	6867	533	2685	3557	6866	7497	6867	842	3557	1825	6868	6538	7789	2686	3558	3559	6869	6868
					7789	513	3559	3560	4369	7850	6868	2867	1827	512	6869	7789	6870	3560	3561	5577	4447	6869	4366
					1220	5579	3562	7789	7335	7336	3563	3564	3565	6962	4451	9095	3566	1602	3567	7740	7738	6871	1302
					1422	2870	6871	7739	7597	1423	1421	836	7813	4349	6872	6380	3568	2914	6872	4349	7218	3568	3569
					1687	7887	7228	7229	4690	3570	3571	6873	7229	7230	3572	3573	3554	4179	6887	6888	5438	3575	3574
					6875	6708	7472	3576	3577	3578	6874	6888	6875	3579	3580	3162	6755	6875	7472	3264	3578	3266	6876
					6695	6877	3205	3113	3581	6705	6876	6879	3149	3582	2640	6695	6717	7127	3199	3188	3111	6881	6882
					6707	3584	3168	3583	6877	7127	7129	3112	3586	3585	7129	7468	7130	3589	3587	3588	6876	6877	6879
					3581	6132	3582	6880	6879	4212	3151	6131	3590	6880	4212	6881	3590	3591	3152	6892	6880	6706	3150
					3153	3592	4212	6878	6882	3157	5980	3593	6886	6881	6707	5422	3583	3594	4212	6882	6881	3593	3584
					3591	6882	6709	6883	5982	3595	3166	6883	6885	6884	3596	3597	6169	6709	6885	6883	3165	3596	3595
					6884	68	6889	3598	3599	990	6890	6884	7652	5180	992	3600	6878	7129	7130	3602	3588	3601	6885
					68	6884	3603	3598	3597	6886	6707	6887	3594	3604	5437	4179	6706	6886	3179	5420	5436	6887	6707
					6895	3604	3605	3160	6874	4179	6888	3180	3574	3579	6888	6887	6708	3575	3159	3606	6875	6888	6708
					3580	3606	3576	68	6685	6889	3088	6168	3599	6898	6686	58	3607	4749	3608	6890	7652	6894	3600
					3609	1059	6897	6896	7829	1758	3611	3610	7468	6681	6891	5125	3079	3612	6891	68	6885	3078	3603
					3164	6713	6892	6706	3613	3592	3178	6713	6893	6892	3614	3176	3613	4227	6893	6713	3615	3614	3175
					4227	6745	6893	3116	3239	3615	6894	7652	6899	3609	1056	3616	7131	7823	4267	3617	5441	3618	6707
					6883	6895	3167	6134	3605	6895	4221	6896	6136	3619	3161	6896	4221	6890	3619	5178	3620	6896	6890
					7829	3620	1058	3611	6897	7829	7132	3610	1757	3621	7472	6708	6897	3577	1759	4878	6889	6686	6898
					6167	3607	3091	6898	58	6899	3608	3622	1055	6899	58	6900	3622	998	1730	6894	6899	7823	3616
					1729	3623	58	6687	6901	4748	3624	996	7827	6900	7825	1747	3625	1727	6901	6687	6902	3624	3626
					1737	6900	6901	7825	997	3627	3625	6687	7637	6902	3101	3095	3626	7285	6539	7275	3629	5635	3628
					6903	4382	6964	3259	3630	3106	7638	6903	6692	1000	3108	3100	6904	4404	6905	3632	3633	3631	4406
					6904	6906	697	3634	260	4404	7145	7148	3636	3637	3635	6905	7149	7150	3638	2985	3639	6904	6905
					6906	3631	6375	3634	6907	6906	7161	258	3640	3641	6906	4262	7161	6374	3642	3640	52	6908	6778
					3323	3643	3318	6907	7161	7162	3641	3644	3645	6908	7162	7163	3647	3646	2995	9011	6909	6781	3329
					5666	4737	4198	7463	6999	5394	3649	3648	4198	6999	6909	3648	3650	3330	7463	62	6911	4810	3651
					5396	62	6912	6911	3653	3652	3651	6911	6912	6913	3652	1807	4746	6917	6912	62	1812	3653	4960
					6912	7844	40	1811	3654	1808	6913	40	6914	1806	3655	5079	73	6913	50	4744	5078	5427	40
					6915	6914	3656	4860	3655	50	6916	4292	177	5321	5210	7312	7311	6915	1252	3658	3657	19	7307
					7310	441	3659	3660	6914	4254	6916	4859	3661	176	6916	4254	7439	3661	3662	3663	75	6918	62
					3664	4961	4812	7845	7844	6917	5151	1813	1810	54	6918	75	5217	3664	4679	46	7845	6918	1814
					1809	5219	6919	6809	6920	3419	3665	295	6814	6919	6815	3413	296	5486	6809	7483	6920	4970	3666
					3665	6920	7483	6921	3666	3667	3401	7483	8997	6921	4856	3668	3667	6921	8997	4239	3668	1125	5484
					6813	6922	4253	6335	3434	3418	6478	6923	6922	3669	5494	6334	6478	6924	6923	3670	2478	3669	6923
					6479	6936	2477	3671	2475	6925	6924	6478	3672	3670	3673	6925	6926	6924	3367	2482	3672	4236	6925
					6478	2473	3673	3417	6791	6927	6925	3674	6098	2474	4228	6929	6926	3675	2481	3366	6926	6480	6939
					2480	3676	5193	6792	6927	6791	3677	3674	3364	4456	6928	7000	3371	3678	5977	4457	4462	6928	3679
					3680	3370	6929	6941	6480	3681	2485	2479	4228	7000	6929	5978	3682	3675	7000	6941	6929	3683	3681
					3682	4463	4464	4466	3685	3686	3684	4468	4469	6945	3687	3688	3689	4509	6932	4473	3691	3692	3690
					4465	4467	6930	3693	3694	6350	4481	7466	4480	3695	1712	3696	4474	4475	6933	3697	6119	3698	4478
					4479	4471	3700	2253	3699	4469	4470	6482	2495	3701	3702	4515	6935	4514	3704	1715	3703	4509	4511
					6932	363	3705	3691	4519	4520	6935	3708	3706	3707	4513	6827	4477	3711	3709	3710	6479	6948	6936
					3712	3713	3671	6811	6937	4374	3414	559	5338	6936	6948	6949	3713	3715	3714	6936	6949	6937	3714
					560	557	6949	7198	6938	3716	2501	3717	8997	6938	4375	6279	3718	6284	6939	6480	6940	3676	3719
					5503	6948	6939	7486	3720	5505	3721	6480	6943	6940	2484	3722	3719	6950	6954	6483	3723	2489	3724
					7000	6942	6941	3725	5502	3683	6941	7484	6943	5501	3726	2483	4462	6942	6928	3727	3728	3680	6930
					7484	6942	3729	5500	3730	7484	6944	6943	2491	2486	3726	6943	6481	6940	2487	3731	3722	6930	6945
					7484	3732	2492	3729	6481	6946	4338	5511	304	3733	4467	4468	6930	3734	3735	3694	6945	6482	6944
					3737	3736	2493	6944	6482	6946	3736	3738	5510	6482	4339	6947	3740	3741	3739	6482	6947	6946	3739
					305	3738	7502	7001	8003	2232	2241	2229	6479	6939	6948	5194	3720	3712	6948	7486	6949	3721	3742
					3715	6949	7486	7198	3742	3743	3716	4374	6949	6938	558	3717	6278	6940	6954	6950	3744	3723	561
					6950	6483	6951	3724	5515	3745	6483	6955	6958	2488	2498	5513	6938	6951	4375	2500	2599	3718	6952
					6513	4242	3747	2226	3746	4375	6953	4241	565	5608	6285	6952	4242	6953	3746	3748	564	6953	4242
					7999	3748	2223	2222	6940	6481	6954	3731	3749	3744	6481	4338	6955	3733	3751	3750	6481	6955	6954
					3750	2490	3749	6955	4338	6956	3751	3752	2499	4338	6957	6956	3753	380	3752	6958	6956	6513	2497
					382	3754	4338	6947	6957	303	379	3753	6957	7502	6514	378	6286	2597	6958	6513	6952	3754	3747
					3755	6951	6958	6952	5514	3755	2598	6960	6959	4173	1115	3440	3756	7667	4449	6959	3757	1112	1114
					6960	4173	7673	3756	5198	1129	4238	6960	7485	6262	1130	6266	7443	7438	6961	3758	3759	3760	7443
					6961	7444	3760	3761	3762	6870	9094	4451	3764	3765	3763	7692	7180	4578	6107	3767	3768	7503	7176
					7177	3770	5589	3769	7503	7177	7179	3769	3772	3771	4382	6965	6964	3773	5478	3630	6692	6964	6703
					3107	5479	3102	4382	6773	6965	3138	3312	3773	6965	6704	6966	3311	3774	5155	6704	6967	6966	3144
					3775	3774	6703	6966	6977	5156	3146	3141	7756	6970	6704	3776	3143	3248	6967	7757	6968	1491	3777
					3778	7757	6969	6968	3779	2714	3777	6968	6542	6982	3781	3782	3780	6971	4555	7757	3784	3783	1494
					4452	4271	6995	1816	3785	3786	6750	6970	7756	3257	3776	2590	63	6971	6970	3787	1493	3258	63
					6972	6971	3788	5184	3787	7758	4453	4555	3789	3790	3791	6509	7124	63	2583	3792	3254	7759	6973
					6972	3793	4866	2581	7759	6974	6973	3794	1506	3793	6976	43	6859	3795	3548	3796	6508	6974	7759
					887	3794	2010	7609	7908	6975	2020	5183	3797	7609	6975	6974	3797	2022	886	6975	7611	6860	5182
					1095	3550	6973	43	6976	1508	3795	1501	4454	6859	6998	3800	3798	3799	6966	6967	6978	3775	3801
					3145	6977	7508	6979	2709	3802	3142	6967	6968	6978	3778	3803	3801	6978	6968	7508	3803	3804	2708
					6979	7508	6981	3802	3805	3806	6979	6981	6980	3806	3807	2701	6980	6541	6992	3808	3809	1005	6693
					6980	6540	2702	1004	3104	7508	6982	6981	3810	2705	3805	6980	6981	6541	3807	2707	3808	7508	6968
					6982	3804	3780	3810	6982	6542	6983	3782	1323	2703	6542	6993	6984	3811	1497	1321	6541	6983	6985
					2706	3812	4923	6984	7717	6544	1496	2720	3813	6985	6984	6544	3814	3813	3815	6983	6984	6985	1322
					3814	3812	6985	6544	6986	3815	3816	4921	6986	6544	6987	3816	2724	2547	6992	6986	7639	3819	3817
					3818	6544	6546	6988	2719	2731	2725	7200	7201	6562	3820	2796	2748	6546	7587	6989	791	3821	2732
					6545	6988	6991	2721	3822	2726	6989	7587	6990	3821	3824	3823	6989	6990	4455	3823	3825	3826	7587
					6550	6990	1356	2550	3824	6499	4455	4556	2808	3827	2800	6988	6989	6991	2730	3828	3822	7003	6499
					6563	3829	2798	3830	6992	6541	6986	3809	4922	3819	7004	6992	7639	993	3818	3831	6542	6996	6993
					3832	2713	3811	6993	6543	6994	2712	3833	2734	6543	6995	6994	3834	2717	3833	7717	6994	6547	2733
					1325	2729	4452	6995	6543	3786	3834	5632	4271	6998	6997	3835	3547	3836	6968	6996	6542	2716	3832
					3781	6969	6543	6996	5633	2711	2715	4271	6997	6995	3836	1343	3785	6997	7846	6549	3546	2739	2738
					4453	4454	4271	3837	3838	1815	6998	6859	7846	3798	4750	3545	7463	6910	6999	5395	3839	3649	6999
					6910	6909	3839	5204	3650	6927	4456	4228	3840	5979	6096	6928	6942	7000	3728	3725	3678	4339	7001
					6947	3841	2233	3741	4339	8008	7002	3843	3844	3842	4339	7002	7001	3842	2242	3841	8008	8005	7002
					2234	2238	3844	7003	6991	6499	2727	2809	3829	7760	7003	6563	3845	3830	2759	7004	7639	7199	3831
					3846	1509	6539	7006	7005	3848	2696	3847	7005	7004	6552	2697	1511	3849	7274	7005	6552	3850	3849
					6429	6902	7006	6539	3094	3848	3851	7637	6693	7006	2698	3105	3093	7007	7561	4299	5718	5730	5874
					7008	7007	7564	2382	5873	3852	4373	7008	7564	4868	3852	4943	8055	7525	7008	2381	5887	4870	4304
					7457	7009	5673	3853	5002	7009	7457	7817	3853	1704	1701	7322	7800	7324	3856	3854	3855	4537	4538
					7010	3857	710	1229	7818	4308	7011	417	3858	1907	4307	7012	7475	4955	1476	5474	7011	4308	7012
					3858	3859	4954	4308	7209	7013	242	245	3860	7012	4308	7013	3859	3860	1475	7013	7621	7754	247
					5315	5455	7706	7014	7882	723	1938	1915	7883	7884	7015	1937	3861	4767	7884	7019	7015	1943	3862
					3861	7015	7018	7016	3863	3864	4765	7883	7016	7014	4766	127	725	7016	7018	7017	3864	3865	1132
					7017	4278	6656	3866	3015	3013	7879	7017	7675	1922	3014	3006	7015	7019	7018	3862	3018	3863	7018
					4278	7017	3017	3866	3865	7022	7020	7884	6303	1944	3867	7019	7021	4278	3868	115	3016	7500	6658
					7020	5594	3869	6302	7020	6658	7021	3869	3871	3870	7019	7020	7021	1942	3870	3868	7021	6658	7028
					3871	3872	3039	7031	7022	7884	1939	3867	3873	7885	7048	7023	3874	1948	3875	7885	7023	7022	3875
					5186	1941	7886	7024	7023	3876	119	1947	7886	7025	7024	3877	1952	3876	7024	7887	6873	1954	3878
					3021	7026	7025	7886	1950	3877	3879	70	6501	7025	3880	1956	1949	7049	7886	7048	3882	1946	3881
					7061	7052	7051	4803	3883	3884	7050	7026	7049	3887	3885	3886	4360	6523	7054	543	3889	3888	6658
					7029	7028	3891	3890	3872	7028	7030	6657	3892	3033	3038	6658	6873	7029	5593	3553	3891	7029	4279
					6663	3893	3035	3022	7028	7029	7030	3890	3024	3892	7030	6663	6662	3023	3020	3037	4245	7031	7884
					3894	3873	1936	7032	7031	4245	1945	3894	3895	7034	7032	4245	3896	3895	721	7035	7033	7032	3897
					476	3898	7035	7032	7034	3898	3896	3899	6535	4358	7033	1623	2677	3900	7040	4245	4410	722	1277
					3901	4413	7035	7034	3902	3899	733	7036	7035	4413	742	3902	3903	6535	7033	7035	3900	3897	741
					7037	4413	7584	3904	1281	3905	4411	7041	7036	3906	2676	779	7037	7036	4413	777	3903	3904	7655
					7037	7584	1075	3905	736	7793	7038	7655	1619	1073	728	7794	7039	7793	3907	1620	970	7794	7795
					7039	1617	3908	3907	7043	7041	4411	3910	3906	3909	7707	7040	4410	3911	3901	464	7584	7040	7707
					1280	3911	1279	7039	7043	4411	3912	3909	730	7044	6536	7042	3914	3915	3913	7043	7044	7041	3916
					3917	3910	6536	7051	7042	3918	3919	3915	7795	7043	7039	3920	3912	3908	7795	7044	7043	3921	3916
					3920	7044	7042	7041	3913	468	3917	7795	7045	7044	3922	2679	3921	7796	7045	7795	3923	3922	1621
					7796	7046	7045	3924	1626	3923	4359	7046	7796	3925	3924	975	4359	6521	7047	3927	3928	3926	4359
					7047	7046	3926	2634	3925	6521	7075	7047	3930	3929	3928	4358	7048	7885	3931	3874	2678	4358	7049
					7048	3932	3881	3931	4358	7050	7049	3933	3886	3932	7026	7886	7049	3879	3882	3885	7051	7050	4358
					3934	3933	3935	7052	7026	7050	2682	3887	3936	7042	7051	4358	3919	3935	1622	6536	7061	7051	470
					3884	3918	7051	7052	7050	3883	3936	3934	7027	7053	7052	3937	6184	4802	7054	7053	7027	3938	3937
					3939	7053	7055	70	3940	2551	6182	4360	7054	7027	3888	3939	3941	6523	6516	7054	2626	2604	3889
					7054	7055	7053	2603	3940	3938	6516	7056	7055	3942	2556	2605	6516	6503	7057	3944	3945	3943	7056
					6502	7058	2560	3946	2557	6516	7057	7056	3943	2558	3942	6503	7060	7057	3947	3948	3945	7058	6502
					7059	3946	3949	2554	70	7058	6501	2553	2555	3880	6502	7219	7059	3951	3950	3949	7059	7219	7221
					3950	2566	1155	6503	7063	7060	3953	3952	3947	7063	7067	7060	2610	2118	3952	7044	7062	6536	2681
					471	3914	4360	7027	7061	3941	4804	3954	7045	4360	7062	1628	3955	2680	4360	7061	7062	3954	472
					3955	7065	7063	6503	3957	3953	3956	7065	7064	7063	3960	546	3957	9072	7064	6519	3963	3961	3962
					7066	7065	6503	2562	3956	3964	6519	7064	7065	3961	3960	2617	7066	6503	6516	3964	3944	2608	4371
					7071	7066	3965	2563	2607	6517	7070	7067	3966	3967	2609	7067	7070	7068	3967	3968	2616	7068	6518
					7082	3971	3969	3970	7069	7082	7085	3973	3974	3972	7068	7082	7069	3970	3973	2571	7223	6505	7224
					3975	3976	3977	4533	9100	7083	3978	3979	3980	7070	6518	7068	2612	3971	3968	7072	7071	4371	3981
					3965	2637	7072	7081	7071	2620	484	3981	7075	4371	6523	2635	2625	3982	7073	7072	7075	2623	2636
					3983	7074	7073	6521	3985	3986	3984	7094	9047	7081	3987	2618	2630	7233	6521	4359	3988	3927	3989
					6522	7077	7074	1641	3990	1637	7047	7075	6523	3929	3982	542	6521	7073	7075	3986	3983	3930	7074
					7076	7073	3991	2628	3985	7077	7076	7074	2632	3991	3990	7798	7078	6522	3994	1639	5191	7078	9044
					7077	3992	3993	1640	7079	7078	7798	6187	3994	3995	7080	4648	7798	3998	3996	3997	7080	7798	7235
					3997	495	1643	7076	9074	7094	2615	3999	4000	7081	9072	6519	2619	3962	482	6518	7083	7082	4001
					2109	3969	7082	7947	7085	2108	4002	3974	7093	4533	6518	4003	4004	2611	7083	9100	7084	3979	4005
					1157	7084	9091	7092	4006	4008	4007	7085	7947	7086	4002	4009	4818	7223	7085	6505	4010	4817	3975
					7947	7084	7086	1158	4011	4009	6505	7086	7517	4816	818	4012	7093	9073	4533	4015	4014	4003	7086
					7084	7087	4011	2115	819	7087	7946	7088	2114	4016	5053	7946	7089	7088	2111	821	4016	7088	7592
					7945	820	2107	5054	7092	9075	7090	4017	4018	4019	7089	7090	7592	4020	1243	822	7092	7090	7089
					4019	4020	2110	7090	7095	7091	2541	1249	1244	7592	7091	4264	1242	4022	6383	7091	6497	4549	4023
					4024	4025	7084	7092	7946	4007	2112	2113	6517	7097	7070	4026	4027	3966	7076	7094	6520	4000	2631
					2629	7097	9014	7093	3959	4028	4029	7064	9077	6517	2568	4030	547	7095	9076	7096	4013	4031	1250
					7091	7096	6497	1248	4032	4023	7097	7093	7070	4029	2613	4027	9077	7097	6517	3958	4026	4030	7289
					4362	6835	3482	489	4033	7899	7510	7099	1988	4035	1723	7100	7510	7926	4036	2066	4037	7099	7510
					7100	4035	4036	2063	7100	7926	7925	4037	1047	2065	7101	7936	8999	1308	6420	4038	7613	7935	7101
					5683	1309	2050	7648	7102	7967	2160	1039	2157	4216	7932	7102	5564	1335	2161	8067	4303	7103	181
					4039	2404	7103	4303	8064	4039	220	2415	7104	4306	7521	2459	236	5814	4193	7104	4220	6049	5813
					2370	7448	7449	7105	4041	2894	4040	6855	7447	4418	4043	4042	1873	6599	7902	7106	2896	4044	5560
					7107	7903	82	2001	2084	1997	7902	7107	7106	4045	2003	4044	7902	7108	7107	4046	1999	4045	7902
					7236	7108	4047	2026	4046	7108	80	7903	2015	2004	2000	7110	7462	6628	1543	6354	4048	7769	7109
					7770	6413	2952	151	7110	6628	4334	4048	1612	4049	7111	7110	4334	1547	4049	4050	4287	7111	4334
					4051	4050	359	7771	7111	4287	1549	4051	1550	6531	7112	7512	4052	3132	2661	6531	6701	7112	3134
					3133	4052	7458	7113	6759	4053	3271	1764	7114	7113	7458	3274	4053	4054	6766	7114	7458	4055	4054
					216	6758	7114	6766	3301	4055	539	7115	7624	7116	3317	4056	1880	7866	4421	7115	4058	4057	1879
					7116	7624	6780	4056	947	3321	7866	7116	4311	1878	3320	1882	4389	7119	7117	4059	616	3505	7117
					6534	7118	2671	4060	3507	7118	6534	6749	4060	3251	3243	4251	7118	7464	1488	3242	5536	7436	7120
					4389	4061	4062	3496	7119	4252	7121	2166	2579	617	7120	7119	4389	2167	4059	4062	7968	7969	7120
					6328	6325	4063	4252	6506	7122	6330	4064	2577	7121	7125	6534	4065	3252	2672	6506	7123	7122	4066
					2588	4064	7122	6509	7125	2587	2674	4067	6506	6507	7123	1499	4068	4066	7123	6507	7124	4068	4069
					2585	6507	7759	7124	2008	2580	4069	7124	6972	63	2582	3788	3792	7121	7122	7125	2578	4067	4065
					6509	6750	7241	3256	4070	2675	7969	7970	7126	2164	4071	6323	7970	6506	7126	2168	6329	4071	7127
					4211	7128	3190	4072	4073	7127	7128	7129	4073	4074	3586	4211	4534	7128	4075	6141	4072	7128	7468
					7129	6143	3589	4074	7468	6891	7130	3612	4076	3587	6877	7129	6878	3585	3602	3156	6709	7130	6891
					4077	4076	3163	6878	7130	6709	3601	4077	5981	7131	6894	7823	6401	3623	3617	7132	7131	4267	1756
					3618	4078	7132	4267	7133	4078	1772	1761	6897	7132	7830	3621	1762	4879	4267	7827	7134	5440	4079
					1771	7135	7133	7833	1734	537	4080	7827	7824	7283	4082	1749	4081	7833	7134	7828	536	4084	4083
					7135	7833	7137	4080	4086	4085	7831	7136	4370	4087	3288	3279	7136	7135	7137	1763	4085	3289	7831
					7242	7136	4088	6406	4087	7833	7828	7139	4083	4090	4089	4370	7137	7138	3287	4091	1754	7137	7833
					7139	4086	4089	4092	7151	7138	6765	1755	3298	3293	7139	7828	7140	4090	4093	1773	7138	7137	7139
					4091	4092	1775	7140	7828	7141	4093	4095	4094	7140	7141	7142	4094	4096	701	7828	7283	7141	4097
					4098	4095	7507	7141	6593	4100	4101	4099	7142	7141	7507	4096	4100	4102	7143	7142	7507	3299	4102
					4103	7146	7147	7243	4104	4105	2878	6764	7143	7145	3296	694	4106	7148	7144	7149	4109	4107	4108
					7156	7145	4404	4111	3636	4110	7143	7507	7146	4103	4112	695	7145	7144	7148	4113	4109	3637	7146
					7507	7147	4112	1520	4104	7145	7146	7144	693	2877	4113	7507	6593	7157	4099	4114	1518	7147	6594
					7243	1746	4115	4105	7144	7244	7149	4116	4117	4107	4404	7148	6905	3635	4118	3633	7150	4405	6644
					2984	5092	4119	6905	7148	7149	4118	4108	3638	6645	7150	6644	6378	4119	2982	6905	7150	4262	3639
					6377	6373	7152	6765	7143	3294	3300	3295	6763	4370	7151	3282	1753	692	7153	7152	6764	5089	3297
					4120	4403	6763	7152	687	691	5088	7153	6764	7156	4120	4122	4121	7154	4403	7153	3285	5087	3292
					7155	7153	7156	3290	4121	4123	6767	7154	59	3286	3308	3303	7155	4404	6904	4125	3632	4124	6769
					7155	6904	5033	4124	696	7156	6764	7145	4122	4106	4111	7155	7156	4404	4123	4110	4125	6593	7280
					7282	4127	4128	4126	7158	7761	7159	2758	4129	5629	7157	7282	7158	4131	4130	2873	7158	7826	4535
					4132	4133	2757	7159	7761	6633	4129	2764	4134	4405	7160	7245	4136	4137	4135	7160	7159	7245	2980
					4138	4137	7144	7243	7244	2879	4139	4116	7161	4262	6647	3642	823	4140	7162	7161	6647	3644	4140
					4141	7162	6647	7163	4141	4142	3646	6908	6907	7162	3322	3645	3647	7163	6647	6646	4142	2989	2994
					7164	7163	4363	2996	2993	4143	7164	4363	7165	4143	4916	3324	6778	6908	7164	3643	2997	3325	4363
					6672	7246	5962	4144	4917	7165	7246	7166	4915	4145	2978	7166	6640	7169	4148	4146	4147	4312	6642
					7167	2979	505	408	7167	7166	7169	507	4147	4149	7170	7262	7168	4151	4152	4150	7262	6641	7261
					4155	4153	4154	7194	7689	7186	1188	529	4156	6640	4367	7247	2968	4158	4157	7167	7169	6641	4149
					2972	4159	7167	6641	7262	4159	4155	4160	7689	7170	7168	4161	4150	266	7268	7255	7267	4164	4162
					4163	7185	7171	7693	1190	4165	4166	4364	7249	7257	4167	4820	4168	7693	7171	7173	4165	1204	1205
					7173	7172	4368	8081	4169	4170	7174	7173	4368	1206	4170	526	4368	7259	7175	8082	8083	527	7690
					7190	7191	8085	5591	8084	7175	4365	7176	8087	5587	8086	7192	7272	4207	8089	1200	8088	4365	7696
					7177	8090	1221	5588	7178	7176	7503	5610	3770	8091	7696	4447	4448	8092	8093	1222	7179	7177	4448
					3772	1223	8094	7178	7503	7180	8091	8095	6109	7692	7182	7178	8096	1196	6108	4582	7315	4655	679
					8098	8097	4578	7180	4580	3767	8100	8099	7503	7179	4581	3771	8101	8102	7181	7170	7689	2977	4161
					1187	4345	7811	7181	1684	1681	8105	7183	7182	7692	8106	8096	8107	7691	7189	7193	8109	1193	8108
					4579	7692	4578	8111	3768	8110	4225	4596	4595	8113	8112	6193	4579	4578	9016	8110	8103	8114	7428
					7184	9064	8117	8115	8116	7190	7185	7693	8118	4166	5592	9005	7194	7186	8119	4156	1261	7186	7185
					7190	530	8118	8120	7189	7187	7690	649	8122	8121	7187	7186	7690	1262	8123	8122	7188	4651	4652
					8124	8125	8126	4591	7188	4652	8127	8126	8128	4652	4651	7187	8125	8129	8130	7690	7191	7192	8084
					8132	8131	4593	7189	7691	8133	8109	8134	7191	7693	7174	5590	1207	8135	7186	7190	7690	8120	8085
					8123	7191	7174	7272	8135	8137	8136	7192	7191	7272	8132	8136	8089	7193	7192	4207	1192	8088	8138
					7189	7690	7192	8121	8131	1191	7182	7193	4207	8139	8138	1194	4595	7193	7182	8140	8139	8141	7195
					7181	7194	8143	1189	8142	9005	7195	7194	8144	8142	8119	7196	7195	9005	5038	8144	8145	7195	4345
					7181	8146	8105	8143	4651	9005	7187	8147	1260	8129	4291	4344	4435	8148	170	8149	7311	19	7310
					1251	3660	8150	7197	7873	7872	8151	6338	1900	7486	6950	7198	562	8152	3743	7198	6950	6951	8152
					3745	2502	7199	7639	7200	3846	8154	8153	7199	7200	7203	8153	2747	2749	7639	6986	7200	3817	2546
					8154	7201	6987	6545	8155	2722	2792	7200	6987	7201	2545	8155	3820	7202	6545	7003	2790	2728	8156
					7760	7202	7003	8157	8156	3845	7204	7202	7760	8158	8157	8159	7203	6562	7204	2746	8161	8160	7205
					7203	7204	1744	8160	2795	7204	6562	7202	8161	2797	8158	6553	7204	7760	2793	8159	2751	7206	7205
					6553	8162	2794	5626	7274	7205	7206	6431	8162	2753	7208	6553	6554	5627	2750	8163	7207	7206	7208
					1733	5625	8164	7279	7207	7280	8167	8165	8166	7277	7278	7279	8168	8169	2872	7826	7208	6554	8171
					8163	8170	7207	7208	7826	8164	8171	8172	4297	7210	4308	433	243	416	7209	7212	7621	8173	8174
					246	6606	7211	4297	2909	431	5142	7210	7212	7209	8175	8173	244	7215	7915	7214	429	8176	8177
					7212	69	7621	1081	894	8174	7210	7211	7212	432	8178	8175	7211	7213	7212	8179	1080	8178	7211
					7215	7213	8181	8180	8179	7915	7657	7214	2034	8182	8176	7215	7214	7213	8177	935	8180	7214	7657
					7912	8182	895	2036	4350	7215	7211	8183	8181	2908	4350	7216	7215	8184	430	8183	4350	7218	7216
					8185	2038	8184	7216	6665	7217	2037	8186	913	6665	45	7217	3042	8187	8186	7217	45	7914	8187
					1083	425	6606	7218	4350	1688	8185	2910	4349	6665	7218	3044	2039	3569	6502	7220	7219	8189	8188
					3951	7284	7069	7223	8190	8191	8192	7057	7220	6502	8193	8189	2559	7057	7060	7220	3948	2564	8193
					7221	6504	7222	2565	8195	8194	7221	7222	7227	8194	2117	350	6504	7223	7222	8197	8196	8195	7222
					7223	7224	8196	3977	2106	7284	7223	6504	8192	8197	2573	7069	7085	7223	3972	4010	8191	7224	6505
					7225	3976	8199	8198	7228	7226	6861	8202	8200	8201	6505	7517	7225	4012	8203	8199	7225	7517	7943
					8203	2100	353	7224	7225	7226	8198	2576	1959	6861	7226	7944	8200	2575	8204	7227	4332	7228	2116
					8205	4692	7025	7227	7887	1955	4691	1953	7228	4332	7226	8205	1957	8202	7228	6861	7229	8201	8206
					3570	7229	6861	7230	8206	8207	3573	7887	7229	6873	3571	3572	3878	7230	6861	7231	8207	8208	3552
					7029	7230	4279	3555	3551	3893	6861	7944	7231	8204	8209	8208	7944	4263	7232	2099	8211	8210	7231
					7944	7232	8209	8210	2102	7232	4263	7614	8211	1306	8212	7233	7074	6521	1638	3984	3988	7234	7233
					4359	2627	3989	8213	7234	4359	7797	8213	974	8214	4362	7235	7797	8216	8215	1629	7235	7234	7797
					494	8214	8215	7098	7235	4362	1642	8216	3481	7991	7239	7902	2207	8217	2895	7909	7237	7236	8218
					2027	1319	7909	7238	7237	8219	1482	8218	7237	7906	80	1484	2012	2014	7755	7238	7909	2025	8219
					1487	7238	7716	7906	2024	2017	1483	7239	7236	7902	1320	4047	8217	7240	7239	92	1998	2208	8220
					7985	7240	92	8221	8220	2203	7754	7240	7985	2197	8221	2196	6749	7241	6750	8222	4070	2589	7125
					7241	6749	2673	8222	3253	6755	7242	7831	3265	4088	3268	7242	7472	7830	3267	4877	6404	7243	6594
					7160	4115	2981	8223	7244	7160	4405	8224	4136	8225	7244	7243	7160	4139	8223	8224	7149	7244	4405
					4117	8225	2986	7159	6633	7245	4134	2876	4138	4405	7245	6643	4135	2875	5090	7246	6672	6640	4144
					3050	8226	7166	7246	6640	4145	8226	4148	7169	6640	7247	4146	4157	2970	7247	4367	7248	4158	8227
					523	4367	7250	7248	8228	8229	8227	7267	7265	7266	8230	8231	8232	4367	6561	7250	2966	8233	8228
					7249	7256	9000	8234	2848	532	6561	7735	7263	1407	8235	8236	7263	7735	7256	8235	8237	8238	7251
					9000	6584	531	1303	2855	7257	7251	7694	4819	515	8239	7253	7695	7696	508	1218	8240	7254	7252
					7253	8242	509	8241	4365	7253	7696	8243	8240	8090	7694	7252	7254	514	8242	8244	4365	7254	7253
					8245	8241	8243	4368	7258	7259	8246	1210	8082	6641	7247	7260	2971	525	8247	6641	7260	7261	8247
					8248	4153	7264	7263	7256	2787	8238	8249	7735	6582	7256	1405	2847	8237	7258	7257	7694	8250	8239
					1211	7265	4364	7266	2975	8251	8231	7259	7694	7254	1212	8244	8252	7172	7258	4368	496	8246	4169
					7259	7254	4365	8252	8245	8253	7175	7259	4365	8083	8253	8087	7271	7269	7265	8254	2976	8255	7261
					7260	7271	8248	8257	8256	21	7261	7255	8259	8260	8258	7262	7261	21	4154	8259	8261	7168	7262
					21	4152	8261	1186	7170	7167	7262	406	4160	4151	7264	7256	7249	8249	8234	8262	7250	6561	7263
					8233	8236	2786	4364	7270	7249	503	8263	4167	7248	7250	7264	8229	2785	8264	7266	4364	7257	8251
					4168	8265	7260	7248	7269	524	8267	8266	7266	7257	7258	8265	8250	498	7255	7265	7267	8268	8230
					4162	7172	7267	7266	8269	8232	497	7268	7267	7172	4163	8269	8270	7173	7268	7172	1203	8270	8081
					21	7255	7268	8258	4164	4837	7255	7271	7265	8271	8255	8268	7248	7264	7270	8264	8273	8272	7269
					7248	7270	8267	8272	502	7270	7264	7249	8273	8262	8263	7261	7271	7255	8256	8271	8260	7260	7269
					7271	8266	8254	8257	7272	7174	7175	8137	528	8274	7272	7175	7273	8274	8275	1198	7273	7175	7176
					8275	8086	5609	4207	7273	7178	1199	5611	1195	7275	7274	51	5634	2754	8276	6539	7005	7274	3847
					3850	5636	7276	7275	51	8277	8276	8278	6902	6539	7285	3851	3629	1738	7278	51	7207	8279	1731
					8280	7825	7276	7277	1742	8281	1725	7277	7276	7278	8281	8282	8168	7827	7277	7824	1726	2871	4082
					7276	51	7278	8278	8279	8282	7279	7278	7207	8169	8280	8167	7280	7207	7826	8165	8172	8283	7281
					7279	7280	1752	8166	8284	7280	7826	7282	8283	8285	4128	7281	7280	6593	8284	4127	8286	7141	7281
					6593	8287	8286	4101	7141	7283	7281	4098	1748	8287	7282	7826	7158	8285	4132	4130	6593	7282	7157
					4126	4131	4114	7828	7134	7283	4084	8288	4097	7134	7827	7283	4079	4081	8288	7220	7284	7219	487
					2574	8188	7682	7069	7284	2572	8190	486	7285	7275	7276	3628	8277	1741	6901	7285	7825	1739	1740
					3627	7286	7393	7402	6231	8289	160	4289	7396	7395	8292	8290	8291	7396	7287	7395	8293	8294	8290
					9078	7289	7416	8300	8301	3486	9043	7098	7289	4034	3483	8299	7416	6835	7417	8303	8304	8302	7290
					7608	4230	6227	8305	881	7391	7390	7290	6125	8306	8307	7292	7411	7392	8308	8309	8310	7383	7599
					7389	8312	8313	8311	7395	7292	7394	8316	8314	8315	4192	7389	7413	8317	8318	8319	7293	57	7294
					1428	8320	956	67	7474	7293	5599	5211	955	7294	57	6853	8320	6369	3518	7625	7294	4261	5172
					3517	957	7295	7786	7687	1179	1589	1430	7861	7296	81	8323	8321	8322	7296	7295	81	1852	1429
					8321	4440	7296	7861	8325	8323	8324	7297	7992	7994	5942	2209	5289	7977	7297	7780	2181	5288	2182
					8024	8028	7298	2312	2320	601	7298	4387	7299	2319	8326	5466	7299	4387	8069	8326	2418	8327	7313
					7314	8070	8328	186	2419	7301	7300	4182	1472	2385	8329	7751	4613	7300	2387	8330	1471	7302	7301
					4182	8331	8329	8332	4284	8050	7303	2377	4901	8333	7302	4182	7528	8332	551	5998	7305	7304	7710
					1284	8335	8334	7304	7301	7302	1287	8331	8336	7523	4284	7303	143	8333	8337	7304	7302	7710	8336
					8338	8335	7523	7303	7304	8337	1288	1283	7306	7305	7710	5220	8334	8339	7709	7523	7305	587	1282
					5222	7306	7710	7307	8339	8340	440	7709	7306	19	5221	442	1285	7307	7710	7308	8340	8341	1904
					7310	7307	7873	3659	1905	8342	7710	7302	7308	8338	5997	8341	7308	7528	7309	5996	8343	1291	7309
					7528	6512	8343	2596	5734	7873	7309	7653	1289	2595	6336	7197	7310	7873	8344	8342	8151	6915	7311
					7197	3658	8345	1903	7311	7310	7197	8150	8344	8345	40	7312	6915	8346	3657	3656	7844	7312	40
					1805	8346	3654	7843	19	7312	1286	1253	1804	8074	7313	4294	184	2420	6062	7541	7299	7314	4934
					8348	8347	7541	7314	7313	8347	8328	183	7299	8069	7314	8327	187	8348	4624	4629	4232	8349	8350
					8351	4588	4587	4224	8354	8352	8353	38	7316	7766	1535	1029	5019	6488	7646	7316	5067	2516	1534
					4273	7338	7729	8355	1375	1372	7317	7730	7318	622	8356	6106	7730	7319	7318	8358	8357	8356	7318
					7319	7320	8357	1384	1418	6857	7319	7730	3539	8358	8359	7319	4281	7321	3541	8360	1385	7320	7731
					7851	1383	8361	8362	7739	7320	7851	1821	8362	1388	4281	7322	7321	8364	8363	8360	7321	7322	7324
					8363	3855	1655	4281	7323	7322	8365	1645	8364	7322	7010	7800	1644	132	3856	6858	7323	4281	3542
					8365	3544	7698	7498	4537	5550	8367	8366	7324	7800	7325	3854	1647	8368	7328	7324	7325	1829	8368
					5554	7800	4407	7326	131	8369	1648	7802	7325	7329	5555	8371	8370	7326	4407	7327	8369	1339	714
					7329	7326	7801	8372	713	8373	4541	4542	4407	8375	1340	8374	7801	7327	9015	712	604	1652	7328
					7802	7330	5553	8378	1832	7731	7328	7851	1830	1831	8361	7325	7326	7329	1646	8372	8371	7329	7801
					7332	8373	8380	8379	7330	7802	7331	8378	1656	8381	7849	7851	7337	1389	1661	8382	7802	7329	7332
					8370	8379	1657	7497	7331	6537	5574	8383	534	7332	7801	7333	8380	2684	2693	7331	7332	6537	1658
					2692	8383	6538	6537	7334	535	2689	1650	7334	7333	9098	2688	8384	8385	7335	9087	7336	8386	8387
					3564	7789	6538	7335	3558	1649	3563	7789	7336	6870	3565	518	3561	7337	7330	7331	1660	8381	5576
					7849	7337	7497	8382	5575	841	4273	6856	7338	3537	1381	8355	7338	6857	7730	1380	8359	624	6655
					6656	7339	3009	3012	3026	7339	6660	6659	3011	3029	3028	4279	7232	7340	2103	8388	3036	7340	7232
					7614	8388	8212	915	7342	7341	4237	5951	3392	8389	4204	6802	7341	3393	3358	5950	4450	4237	4449
					8390	8391	8392	7343	7342	4238	4926	1117	1565	7344	4238	7804	1566	6265	8393	7345	7343	7344	1019
					1564	8394	7471	7344	7804	8395	8393	6314	7471	7345	7344	8396	8394	8395	7346	7345	7471	8397	8396
					8398	7348	4187	7345	1016	1020	8399	7809	7346	7471	8400	8398	1022	7347	7346	7809	1675	8400	8401
					7644	7347	7809	8402	8401	1669	4188	7347	7644	5431	8402	1025	7346	7348	7345	6017	8399	8397	7643
					7349	7348	8403	5047	6019	7353	7643	7347	8404	1676	5433	7350	53	4486	4705	6023	8405	7353	7349
					7643	8406	8403	8404	7372	7743	7357	8407	8408	8409	7354	7350	7353	8411	8412	8410	7355	7354	4188
					8414	8415	8413	7355	7351	7354	8417	8416	8414	7747	7352	7516	8418	8419	1457	7354	7353	4188	8410
					5432	8415	7353	7350	7349	8412	1017	8406	7516	7355	4188	8420	8413	1024	7351	7356	7354	8422	8421
					8416	7352	7355	7516	8423	8420	8419	7352	7351	7355	1455	8417	8423	7354	7356	7350	8421	4706	8411
					7351	7357	7356	8424	6118	8422	44	7372	7351	8426	8425	1454	7357	7743	7358	8408	8427	5412	7743
					7359	7358	8429	8428	8427	4209	7819	4484	8430	874	8431	7743	7360	7359	1436	1459	8429	4209	7371
					7820	1710	8432	5101	7364	7743	7372	1434	8407	8433	7744	7361	7360	8435	5649	8434	7744	7362	7361
					8436	769	8435	7361	7511	4518	768	8438	8437	7363	7362	7744	1443	8436	8439	7745	6831	4530	3462
					3452	8440	7365	7363	7744	8442	8439	8441	7749	7745	7363	1465	1444	1446	7366	44	7352	6020	1453
					8443	7744	7360	7364	8434	1435	8444	7746	7363	7365	1447	8442	1451	7365	7744	7364	8441	8444	1440
					7747	7366	7352	8445	8443	8418	7367	7366	7747	1036	8445	8446	7647	7367	7747	5676	8446	1456	23
					7746	7367	1452	1037	857	7369	7368	7647	1034	5677	8447	7718	7370	7368	8448	1463	1033	7369	7647
					7386	8447	8449	1329	6495	7373	7369	8450	2537	1328	7585	7370	7718	781	8448	8451	7370	7750	23
					780	773	1464	7359	7748	7371	1458	8452	1711	7371	4517	4516	8455	8453	8454	7351	7372	7357	8425
					8409	8424	44	7364	7372	1441	8433	8426	7601	7373	6495	8457	8450	8456	7601	7374	7373	8458	1332
					8457	7375	7374	7601	847	8458	8459	7374	7585	7718	2513	8451	1330	4191	7385	6494	6069	6219	463
					7379	4645	7598	8460	8461	6035	7385	7375	7601	8462	8459	8463	7598	7375	7376	2514	8464	4670	7608
					7377	4191	885	8465	854	7377	7376	4191	851	6070	8465	7600	7378	7377	2534	850	884	7630	7379
					7378	8466	6034	2536	7630	7380	7379	8468	8467	8466	7380	4645	7379	1072	8460	8467	7381	7380	7630
					480	8468	8469	7380	7793	8998	479	727	1070	7384	7381	7630	8470	8469	969	7382	7381	7384	976
					8470	8471	7383	7382	7599	978	8472	8312	7632	4361	7382	1624	491	977	7389	7599	7388	8313	8473
					8474	7415	7417	4192	8476	8475	165	7387	7630	7600	968	2535	8477	7599	7382	7384	8472	8471	6038
					7376	7375	7385	8464	8462	6071	7385	7601	6495	8463	8456	6220	7386	7647	7646	8449	6037	1032	6495
					7386	4197	1327	1031	2530	7390	7600	7290	8478	6225	8306	7388	7599	7387	8473	6040	8479	7390	7387
					7600	8480	8477	8478	7389	7388	7291	8474	855	8481	7413	7291	7411	8482	3479	8483	4192	7383	7389
					8484	8311	8317	7388	7387	7390	8479	8480	856	7391	7290	4210	8307	883	8485	7392	7391	4210	8486
					8485	8487	7411	7391	7392	3480	8486	8309	7392	4210	7393	8487	6224	8488	7292	7392	7394	8310	8489
					8314	4210	4230	7401	882	6233	6222	7402	7393	4288	8289	8490	8491	7394	7392	7393	8489	8488	6230
					7395	7394	7286	8315	6232	8492	4289	7395	7286	8291	8492	8493	7287	7412	7395	8494	8495	8294	7418
					7414	7287	8497	8498	8496	7397	7418	7396	8501	8499	8500	7397	7396	7398	8500	8502	8503	7398	7396
					4289	8502	8292	8504	9081	7288	7397	8296	8505	8298	7399	7398	4289	4826	8504	8506	9017	7397	7398
					8297	8503	4825	4289	7403	7404	8507	8508	8509	7400	7419	7420	8511	8512	8510	7432	7404	7409	8513
					8514	6419	7433	7434	7705	8516	8517	8515	4636	4230	4635	6234	8518	8519	7393	7401	4288	6223	8520
					8490	7402	4288	7405	8491	637	8521	4289	7286	7403	8493	159	8507	7408	7402	7405	8522	8521	8523
					7399	4289	7404	8506	8509	8524	7403	7402	7408	161	8522	8525	7409	7408	4231	8528	8526	8527	4288
					4393	7406	1065	8529	638	7408	7405	4231	8523	1295	8526	4393	4625	4631	8531	6237	8530	7406	4631
					4637	8532	8533	8534	7407	7711	7410	8535	8536	1292	7704	7407	4398	162	1294	661	7409	4231	7407
					8527	664	164	7404	7403	7408	8508	8525	8537	7419	7409	7704	6417	163	8538	7404	7408	7409	8537
					8528	8514	4657	4656	9001	2508	8539	6190	9001	4598	4599	8540	8541	6408	7412	7411	7292	8542	8308
					8543	7413	7389	7291	8318	8481	8482	7395	7412	7292	8495	8543	8316	7287	7414	7412	8498	6042	8494
					7412	7413	7411	8544	8483	8542	4192	7413	7412	8319	8544	6041	7418	7287	7396	8496	8293	8499	7288
					7415	7414	8546	166	8545	7416	7415	7288	8547	8546	8548	7416	7417	7415	8302	8476	8547	9069	7416
					7288	3487	8548	8295	7289	6835	7416	4033	8303	8301	6835	7383	7417	853	8549	8304	7417	7383	4192
					8549	8484	8475	7397	7288	7418	8505	8550	8501	7288	7414	7418	8545	8497	8550	7419	7704	7420	8538
					8551	8512	7400	7432	7419	8552	6418	8511	7421	7704	4269	8553	663	1267	7434	7420	7705	8554	1264
					8517	7420	7704	7421	8551	8553	1263	7422	7421	7424	673	1266	8555	7423	7422	4402	8556	8557	8558
					7433	7422	7423	8559	8556	1274	7431	4402	7429	8560	8561	684	7423	4402	7431	8558	8560	8562	7422
					7424	4402	8555	676	8557	4269	7426	7425	8565	6415	686	7427	7425	4400	6198	6414	8566	4269	4398
					7426	662	8567	8565	7426	4399	4400	8568	8569	6416	7427	4400	7428	8566	8571	8570	7429	7427	7430
					8574	8572	8573	4400	4650	7428	8576	8575	8571	4585	4654	4401	8577	311	8578	7430	7428	9045	8579
					8580	6228	4402	7427	7429	675	8574	8561	7429	7430	9083	8573	6229	8581	7430	7427	7428	8572	8570
					8579	9084	7423	7431	8583	8562	8582	7435	7432	7400	606	8552	8584	7399	7404	7432	8524	8513	608
					9046	7434	7433	8585	8516	8564	7433	7705	7422	8515	674	8559	7434	7400	7420	1268	8510	8554	9086
					7435	7400	8587	8584	1270	9049	7399	7435	1265	607	8586	6841	7436	6846	3502	3495	2163	7968	7120
					7436	4063	4061	3503	7437	49	7438	3520	8589	8588	7437	7438	7443	8588	3758	1868	49	7439	7438
					8590	8591	8589	7438	7440	6961	8592	6171	3759	6916	7439	49	3663	8590	5319	4254	7872	7439	1901
					1898	3662	7438	7439	7440	8591	2888	8592	7440	6596	7441	248	8593	6172	7441	6596	4309	8593	8594
					2886	7444	7441	6597	8597	8595	8596	7439	4352	7442	1897	8598	2887	7442	4352	4437	8598	8599	6341
					7444	6961	7441	3761	6170	8597	7445	7443	7444	3523	3762	8600	7444	6597	7448	8596	8601	1875	7445
					7444	4222	8600	1874	8602	7446	7445	4222	3527	8602	8603	6853	6850	7445	3522	3524	3526	7446	4222
					7447	8603	3530	959	6854	6853	7446	5113	3525	958	4441	7448	7105	8605	4040	8604	56	7447	6855
					4792	4043	8606	7448	6597	7449	8601	2889	4041	4418	4441	7105	8608	8604	8607	7441	7451	6597	2885
					2890	8595	7449	7863	7450	8609	8610	2892	7450	7863	7454	8610	5251	8611	7105	7450	7864	2893	8613
					8612	4309	4439	7452	2882	252	6176	7449	7451	7863	2891	8614	8609	7452	7861	7453	8615	8616	1860
					7451	7452	7863	6177	1859	8614	7453	7861	81	8616	8322	1856	7454	7453	7862	5250	1858	8617	7454
					7862	4419	8617	8618	257	7450	7454	4310	8611	256	6179	4418	7105	7864	8607	8612	8619	4552	4418
					7864	1871	8619	8620	4419	7862	4420	8618	1862	1863	4421	4419	7865	5134	1865	8621	7862	81	4425
					1857	8622	1861	7865	4420	4324	1864	8623	3326	4421	7865	7115	8621	954	4057	4422	4421	7866	1884
					4058	263	4423	7866	7867	261	1881	8624	7864	4424	4428	8627	8625	8626	4223	4423	7867	8628	8624
					1887	4223	4428	4423	8629	8630	8628	4428	4422	4423	8631	262	8630	7864	7450	4424	8613	6181	8627
					81	4427	4425	8633	8632	8622	4420	4426	4324	981	8634	8623	4425	4427	4426	8632	982	980	4426
					7633	4324	984	944	8634	81	7687	4427	1431	8635	8633	4436	87	7963	1178	254	2154	4428	4424
					4422	8625	1867	8631	4429	4428	4223	3532	8629	8636	4430	4429	4223	5116	8636	963	4553	6855	4552
					3534	1872	8637	4431	4430	7869	1892	965	8638	4290	7628	4430	966	5117	1893	4431	7869	42	8638
					404	8639	4432	42	4434	8641	8640	399	4432	4431	42	5444	8639	8641	4433	4432	4344	5674	400
					8642	4445	4344	4291	8643	8148	8644	4442	7473	4433	4898	306	8645	4434	42	7811	8640	1891	1683
					4435	4434	4345	169	1685	8646	4435	4345	7195	8646	8146	5037	4291	4435	7196	8149	5039	8647	4427
					7687	4436	8635	8648	1174	7687	7686	4436	5382	1176	8648	4352	6595	4437	1853	8649	8599	6596	4438
					4309	2883	2880	8594	4437	6595	4438	8649	8650	2884	6595	7860	4439	1895	8652	8651	4438	6595	4439
					8650	8651	2881	4439	7860	4440	8652	8653	250	7860	7296	4440	1183	8325	8653	7452	4440	7861	251
					8324	8615	7447	4441	4418	3529	8608	4042	4222	7448	4441	1876	8605	3528	4442	4433	4445	8645	8654
					402	4443	4442	4322	174	401	8655	4444	4443	4322	640	8655	8656	18	4321	4443	308	175	8657
					4654	4322	4446	8658	314	309	4655	4585	4401	8660	8578	8659	6550	6551	7724	5029	5030	5028	6769
					59	7155	5031	5032	5033	0	9013	7603	5034	5035	5036	7196	4435	7195	5039	5037	5038	7889	7896
					78	5042	5040	5041	7949	7927	14	5043	5044	5045	7349	7642	7348	5048	5046	5047	4335	4477	4476
					5049	5050	5051	7087	7088	7945	5053	5054	5052	4376	7522	4354	5056	5057	5055	7460	75	7505	4680
					5058	5059	4384	7545	4383	5061	5062	5060	7777	7485	7776	5063	5064	5065	4197	7646	6488	5066	5067
					5014	7467	7470	66	5069	5070	5068	7766	4257	7767	5071	5072	5020	6496	7683	4177	5074	4777	5073
					4215	7504	7474	5077	5075	5076	6913	6914	50	5079	5080	5078	74	6849	7741	5083	5081	5082	6684
					6688	7636	5084	5085	5086	4403	7152	7153	5088	5089	5087	4405	6643	6644	5090	5091	5092	6777	6776
					52	5094	5095	5093	7642	64	7641	5097	5098	5096	4209	7820	4481	5101	5099	5100	7496	7460	7577
					5102	5103	5104	4202	54	65	4726	5105	5106	7470	4214	7575	5107	5108	5109	48	4202	55	5110
					5111	4716	4261	6853	6854	5112	5113	5114	7628	4429	4430	5115	5116	5117	57	6849	6852	5118	5119
					5120	60	4325	7625	5123	5121	5122	7468	6680	6681	5126	5124	5125	7458	6760	6761	5129	5127	5128
					7832	6754	6755	5132	5130	5131	4310	4419	4421	5133	5134	5135	4260	7626	7627	5136	5137	5138	4258
					55	66	4714	5140	5139	4348	6606	4297	5141	5142	5143	7571	4219	7650	5146	5144	5145	9009	4408
					9010	5148	5149	5147	7845	4172	7844	5150	4693	5151	6846	6847	4251	5154	5152	5153	6965	6966	6703
					5155	5156	5157	64	7465	7641	5158	5159	5098	4483	7819	4482	5162	5160	5161	4186	9007	9006	5163
					5164	5165	4202	65	55	5106	4896	5111	7575	3	2	5166	4775	5167	4258	66	4325	5139	5168
					5169	7625	67	7294	5170	5171	5172	66	7459	4325	5174	5173	5168	4378	4379	4213	5175	5176	5177
					4221	6884	6890	5179	5180	5178	7908	7611	6975	5181	5182	5183	6972	7758	6971	4865	5185	5184	7023
					7500	7022	5187	5188	5186	7798	6522	7234	5191	5189	5190	6926	6939	6479	5193	5194	5192	8005	8007
					7477	5197	5195	5196	4173	7670	7673	5199	5200	5198	7645	7644	72	5202	5203	5201	6909	6910	7514
					5204	5205	5206	6910	6911	73	5208	4745	5207	74	50	4292	4783	5210	5209	7474	7741	7293	5212
					5213	5211	7577	9009	9008	5216	5214	5215	54	46	6918	5218	5219	5217	7709	7305	7306	5222	5220
					5221	76	77	7889	5224	5225	5223	7993	7995	13	5226	5227	5228	12	13	7894	5231	5229	5230
					7895	4208	7923	5234	5232	5233	7888	7889	78	5236	5041	5235	4643	4642	85	5237	5238	4738	7948
					7949	14	5240	5045	5239	7974	4298	7988	5243	5241	5242	7910	7611	7908	5244	5181	5245	4644	15
					4642	5248	5246	5247	7863	7453	7454	5249	5250	5251	6749	7756	6748	5254	5252	5253	7958	7648	7965
					5256	5257	5255	7928	7929	86	5258	5259	5260	7953	83	84	5261	4881	5262	7957	7954	7956	5265
					5263	5264	7680	7679	4317	5268	5266	5267	4377	7558	7557	5270	5271	5269	85	7952	7953	5272	5273
					5274	7966	7967	4218	5277	5275	5276	15	14	7928	5278	5279	5280	6697	6740	6731	5283	5281	5282
					7633	7963	7622	5284	5285	5286	7780	7297	7994	5288	5289	5287	88	89	7972	5291	5292	5290	7975
					7974	89	5294	5295	5293	26	4618	7561	5296	5297	5298	7975	7979	7978	5300	5301	5299	7971	7972
					90	5303	5304	5302	4171	12	7554	5306	5307	5305	7992	7993	13	5309	5228	5308	7520	4181	4376
					5312	5310	5311	7754	7621	7755	5315	5313	5314	7870	93	7859	5317	5318	5316	4292	6916	49	5321
					5319	5320	7565	4620	4386	5324	5322	5323	96	97	7997	5327	5325	5326	7708	7538	7537	5330	5328
					5329	7565	7566	4620	5331	5332	5324	4174	7773	7774	5334	5335	5333	7996	7999	7998	5336	4971	5337
					6811	4374	7483	5338	4857	4969	7671	4241	7672	5340	5341	5339	8044	7455	7456	5343	5344	5342	8046
					8043	7456	5346	5347	5345	8061	8065	8060	5348	5349	4892	7569	7570	4621	5350	5351	5352	7570	4219
					7571	5354	5146	5353	8045	8043	8046	5356	5346	5355	7578	34	7550	5358	4992	5357	7456	7455	8032
					5344	5359	5360	4305	4347	7457	5362	5363	5361	7521	7524	7529	5365	5366	5364	6719	6723	6725	5367
					5368	5369	7962	4301	6758	5372	5370	5371	4326	4215	7501	5375	5373	5374	4325	67	7625	5376	5170
					5121	7839	4330	7699	5679	807	802	7943	7591	7942	808	809	810	4597	4590	7702	6111	652	811
					7943	7945	7591	812	813	808	6559	6575	6576	816	814	815	7086	7087	7517	819	817	818	7088
					7089	7592	821	822	820	6647	4262	6645	823	6376	824	6648	7594	6573	827	825	826	6637	6635
					6636	828	829	830	6634	6557	6635	833	831	832	6560	6559	20	834	835	5959	6592	6871	7597
					838	836	837	6559	6576	20	815	839	835	7849	7497	6866	841	842	840	7695	6583	6590	843
					844	845	7375	6487	7374	848	846	847	8998	7655	4646	726	776	849	7377	7378	7376	850	4671
					851	6835	7632	7383	488	852	853	7608	4191	4229	854	462	4699	7291	7388	7390	855	856	6127
					7368	23	7367	858	857	5678	6493	4197	6489	859	5013	860	7602	9013	0	4798	5034	4771	7499
					7821	7602	4730	862	861	9013	4199	7603	4779	5615	5035	4215	7603	7504	6144	5617	5077	64	7605
					7465	863	5408	5158	6803	6784	6797	864	865	866	7606	4487	4529	5411	867	868	4178	4460	4461
					870	871	869	4531	7606	4529	872	868	873	4484	7819	4483	874	5162	875	7922	4355	7900	6115
					876	877	7926	7719	7931	879	880	878	4210	7290	4230	883	881	882	7600	7377	7608	884	885
					6226	6508	7609	6974	888	886	887	7905	7907	7609	891	889	890	7621	69	7716	894	892	893
					7912	7657	7911	895	896	897	4640	7842	4641	899	900	898	7663	22	7661	901	902	903	7918
					7919	7615	906	904	905	7615	22	7663	908	901	907	7911	7913	4336	910	909	370	8999	7842
					4640	911	899	912	7216	7217	7915	913	424	428	7677	7340	7614	914	915	916	7913	7918	4336
					917	918	909	7612	7664	4639	919	920	921	8052	9002	8047	922	923	5004	4247	7616	4284	6307
					5689	142	7618	7617	7539	6347	6342	924	4386	4255	7617	6080	597	6346	7619	7618	7539	925	924
					5782	7659	4201	7618	927	6082	926	7539	7540	6620	6344	5785	928	6671	7619	6629	931	929	930
					22	7662	7661	932	6438	902	7661	7799	4272	6440	933	934	7213	7214	69	935	936	937	7475
					7754	7753	5456	938	939	7623	6770	6769	940	941	942	4324	7633	7622	944	5286	943	7623	4406
					52	946	705	945	6780	7624	6776	947	948	949	7624	6775	6776	950	951	948	7865	6779	7115
					952	953	954	67	7293	7294	955	956	5171	7626	7625	4261	6359	957	6372	7627	7626	56	5137
					6371	6240	4260	60	7626	6362	6360	5136	6854	7446	7447	958	959	4794	7629	7627	7628	962	960
					961	4430	4223	7869	963	964	965	4233	7627	7629	167	962	6174	7629	7628	4290	961	966	967
					7473	7629	4290	6175	967	307	7387	7384	7630	6039	969	968	7631	7794	7793	972	970	971	7381
					7631	7793	973	971	481	7797	4359	7796	974	975	475	7382	7631	7381	493	973	976	7383	7632
					7382	852	977	978	4420	4425	4426	979	980	981	4427	7633	4426	983	984	982	9009	9010	7634
					5147	4721	5585	7634	7499	4337	4731	375	4723	7678	7635	8996	985	6064	288	6836	7635	7678	986
					985	5858	6689	7638	6690	987	988	989	6884	6889	7652	990	991	992	6540	6992	7004	995	993
					994	58	6901	6900	996	997	998	6689	6903	7638	999	1000	987	6690	6691	6687	1003	1001	1002
					6540	6980	6992	1004	1005	995	6555	6563	41	1007	1008	1006	6801	6799	5	1010	1011	1009	4187
					7641	4204	1013	1012	6269	7641	7640	4204	5434	1014	1012	7642	7641	4187	5096	1013	1015	7348	7642
					4187	5046	1015	1016	7350	7642	7349	1018	5048	1017	7345	4187	7343	1020	6268	1019	7809	7471	7805
					1022	6313	1021	7808	72	7807	5460	4963	1023	7516	4188	7644	1024	1025	1026	7646	7645	47	4668
					1027	1028	7516	7644	7645	1026	5202	4667	7316	47	7766	1030	6358	1029	7386	7646	4197	1032	5066
					1031	7718	7368	7369	1033	1034	1035	7367	7746	7366	1037	1038	1036	7102	7493	7967	1040	1041	1039
					7965	7966	7681	1044	1042	1043	7889	7891	7896	1046	1045	5042	7925	7926	7649	1047	1048	1049	4219
					7573	7650	5915	1050	5144	7573	7763	7651	1053	1051	1052	7650	7573	7651	1050	1052	5920	8035	4415
					8037	4807	1054	5003	7652	6898	6899	1057	1055	1056	7829	6890	6894	1058	1059	6403	7871	93	7870
					1060	5317	1061	7872	7653	7871	6337	1062	1063	4288	4636	4393	1066	1064	1065	4632	8	4647	1068
					1069	1067	7380	8998	4645	1070	1071	1072	7655	7038	7037	1073	1074	1075	7725	7726	7727	6427	1076
					4815	7656	7728	7729	1077	1078	1079	7212	7213	69	1080	937	1081	45	7916	7914	1084	1082	1083
					7914	7658	7913	1087	1085	1086	7658	7919	7918	1089	906	1088	7659	7618	7619	926	925	1090	4268
					7660	7619	1093	1091	1092	7660	7659	7619	4983	1090	1091	7764	7660	4268	6317	1093	1094	7611	7663
					6860	1096	1097	1095	6859	6860	7620	1098	6433	4751	22	7664	7662	1099	345	932	7799	4331	7726
					1102	1100	1101	6860	7661	4272	1103	934	6434	7611	7615	7663	4996	907	1096	4639	7664	22	920
					1099	1104	7612	4641	7664	1106	1105	919	8057	8063	17	5907	1107	1108	7665	4302	4219	1109	5916
					218	6819	6817	6818	4689	1110	1111	4449	6825	6959	6094	1113	1112	7667	6959	6960	1114	1115	6264
					4238	7342	7667	1117	1116	6263	8997	4241	7671	6283	5340	1118	7668	7671	4240	1119	6270	5507	7776
					7673	4174	5508	1120	5955	7670	6	7668	6273	6280	5948	7673	7670	7669	5200	1121	1122	6818	6817
					6	1110	1123	6272	4239	7671	7668	1124	1119	6282	4239	8997	7671	1125	1118	1124	7672	97	96
					6277	5327	1126	4240	7672	96	6271	1126	1127	7673	7669	4174	1122	1128	1120	7485	6960	7673	1130
					1129	5509	7547	7674	4246	1131	5469	5803	4341	7674	7547	389	1131	391	7016	7017	4280	1132	1133
					128	6656	7676	6660	1136	1134	1135	6656	6657	7676	1138	1137	1136	7677	7614	7917	916	1139	1140
					6661	6664	4349	1141	1142	6379	6663	7340	7677	1144	914	1143	4317	7679	7	5266	284	1145	7679
					4316	7678	280	5859	1146	7679	7678	4315	1146	289	285	7557	7680	4317	1147	5267	5540	7557	7556
					7680	5862	1148	1147	7556	4316	7680	1149	279	1148	7952	7965	83	5852	1151	1150	6843	6840	4318
					1152	1153	1154	7059	7221	6501	1155	349	1156	7083	7084	7947	1157	1158	1159	7683	76	7888	397
					1160	1161	7683	7888	7890	1161	1162	1163	79	7948	6600	1166	1164	1165	7685	7951	7506	1169	1167
					1168	7686	7685	7506	5622	1168	1170	7461	4177	7685	1171	5623	5621	7686	7506	7964	1170	1173	1172
					4427	4436	7633	1174	1175	983	4436	7686	87	1176	1177	1178	7688	7786	7295	5384	1179	1180	7860
					7688	7296	1181	1182	1183	7495	7781	7783	5568	1184	332	7168	21	7171	1186	4836	1185	7194	7181
					7689	1189	1187	1188	7185	7168	7171	264	1185	1190	7189	7192	7193	1191	1192	1193	7182	4207	7178
					1194	1195	1196	4396	4593	4594	4801	1197	655	4207	7272	7273	1200	1198	1199	7184	7183	4579	671
					1201	1202	7171	7268	7173	4835	1203	1204	7693	7173	7174	1205	1206	1207	7252	6584	7695	1208	1209
					510	7258	7694	7259	1211	1212	1210	6582	6588	6584	1214	1215	1213	7695	4369	7696	1216	1217	1218
					4369	6869	4447	511	1220	1219	7177	7696	4448	1221	1222	1223	7477	8007	8023	5195	1224	1225	8014
					8015	8019	138	1226	1227	4270	7699	7698	1228	5551	621	7323	4537	7010	1231	1229	1230	7837	7838
					4270	1233	1232	339	4571	7700	4570	1235	6388	1234	7840	4264	4548	1237	1238	1236	4540	6848	4551
					1239	1240	1241	7592	7090	7091	1243	1244	1242	4544	4546	6848	1245	1246	1247	7095	7096	7091	1250
					1248	1249	7312	19	7311	1253	1251	1252	4397	4602	4603	1254	1255	1256	4587	4586	4610	1259	1257
					1258	7187	9005	7186	1260	1261	1262	7705	7420	7421	1264	1263	672	7421	4269	7424	1267	685	1266
					9086	7400	7434	1270	1268	1269	9082	7433	7423	1273	1274	1275	4410	4245	7883	1277	1278	1276	7584
					7707	7583	1279	738	771	7584	4413	7040	1281	732	1280	7708	7537	4328	5329	5771	330	4255	7708
					7540	5760	331	598	7523	7304	7305	1283	1284	1282	7843	7709	19	5709	1285	1286	7304	7303	7301
					1288	6000	1287	7873	7308	7309	1290	1291	1289	7407	7410	4398	1292	1293	1294	4231	7405	7406	1295
					636	665	8011	4276	8010	4890	1296	1297	8006	8010	8014	1300	1298	1299	7596	7738	7740	4791	1302
					1301	9000	6582	6584	1304	1213	1303	7614	4263	7941	1306	1307	1305	7935	7936	7101	1310	1308	1309
					6626	7533	6622	1311	5755	1312	6629	7715	6627	1313	5640	1314	7906	7610	7907	1317	1315	1316	7239
					7909	7236	1318	1319	1320	6983	6542	6984	1323	1321	1322	6994	7721	6547	1326	1324	1325	6495	7369
					7386	1328	1329	1327	7374	7718	7373	1330	1331	1332	7510	7921	7719	4873	1333	1334	7932	7493	7102
					5549	1040	1335	4539	4540	7720	1336	1337	5583	4407	4542	7327	1340	1338	1339	6995	6997	7721	1343
					1341	1342	6557	6558	7595	1345	1346	1344	6548	6549	7722	1348	1349	1347	6549	7847	7722	1350	1351
					1349	6570	7848	7732	1354	1352	1353	7587	6548	6550	6436	1355	1356	6865	6568	7594	1358	4834	1357
					6563	6564	41	1360	1359	1008	7847	4272	7725	1361	6428	1362	7722	7725	9004	1364	4814	1363	7726
					4331	4273	1100	1365	1366	7727	7726	7728	1076	1367	1368	7726	4273	7728	1366	1369	1367	7848	7656
					7732	1371	1370	1352	7728	4273	7729	1369	1372	1078	7848	7728	7656	1373	1077	1371	7729	7338	7317
					1375	623	1374	7737	7729	6498	1376	1377	1378	6856	6857	7338	1379	1380	1381	7320	7319	7731	1384
					1382	1383	7319	7321	7731	1385	1386	1382	7739	7851	7849	1388	1389	1387	9004	7848	7723	1391	1392
					1390	6575	7733	6576	1394	1393	814	7732	7656	7736	1370	1396	1395	6577	6578	7734	1399	1397	1398
					20	6576	6579	839	1400	1401	6580	6581	7735	1403	1404	1402	7735	6581	6582	1404	1406	1405	6561
					6580	7735	1408	1402	1407	7656	7729	7737	1079	1376	1409	7736	7596	6585	6102	1411	1410	7736	7656
					7737	1396	1409	6103	7737	6498	7738	1378	1412	4790	7738	4206	7739	1414	1415	1413	7734	6578	6586
					1397	1416	1417	4206	7318	7320	133	1418	1419	7597	7739	7849	1421	1387	1420	7738	7739	6871	1413
					1423	1422	7713	6586	6587	1424	1425	1426	74	4292	6849	5209	1427	5083	7293	7741	57	5213	178
					1428	81	7295	7687	1429	1430	1431	7859	7785	7783	1433	333	1432	7364	7360	7743	1435	1436	1434
					4516	4515	7820	1438	1439	1437	7365	7364	44	1440	1441	6022	7363	7745	7362	1444	1442	1443	7749
					7363	7746	1446	1447	1445	7582	7852	7745	1449	1450	1448	7746	7365	7366	1451	6021	1038	23	7749
					7746	772	1445	1452	7352	44	7351	1453	1454	1455	7647	7747	7516	1456	1457	6036	7360	7748	7359
					5648	1458	1459	4528	4522	4524	1462	1460	1461	7370	23	7368	1464	858	1463	7749	7582	7745	1466
					1448	1465	7585	7583	7857	4929	770	1467	7750	7582	7749	1468	1466	774	8056	8054	8055	4949	1469
					1470	7301	7751	7300	5999	1471	1472	6462	7752	4306	1474	237	1473	7752	7475	7753	5472	939	5705
					7012	7013	7475	1475	5457	1476	7753	7985	7524	1477	1478	5702	7621	7716	7755	893	1479	5313	7984
					7989	7981	5883	1481	1480	7238	7906	7237	1483	1484	1482	7240	7755	7909	1486	1487	1485	4251	6847
					7118	5152	1489	1488	6970	7757	6967	1490	1491	1492	6970	6971	7757	1493	1494	1490	6984	6993	7717
					1497	1495	1496	4244	6507	6506	1498	1499	1500	6973	6976	7758	1501	1502	4867	7904	6508	4244	1505
					1503	1504	6974	43	6973	1507	1508	1506	6552	7004	7199	1511	1509	1510	7761	4536	6556	1513	1514
					1512	6633	6634	7762	1516	1517	1515	7507	7157	7147	1518	1519	1520	4535	4536	7761	1521	1513	1522
					7762	6634	6635	1517	832	1523	7573	7572	7763	182	5919	1053	7763	7479	8041	228	1525	1524	7769
					7764	4268	1527	1094	1526	47	7808	7765	1528	1529	6356	7765	7764	7769	4712	1527	1530	7766	7765
					4257	6357	1531	5071	4257	7770	7771	152	1532	361	6488	7316	38	1534	1535	1533	7768	7767	4287
					459	1537	1536	38	7767	7803	5021	458	1538	7768	4287	39	1536	154	157	4608	4609	18	1540
					1541	1539	4268	7619	6671	1092	931	1542	7765	7769	4257	1530	153	1531	7109	7462	7110	1545	1543
					1544	7770	7110	7111	1546	1547	1548	7771	7770	7111	1532	1548	1549	7767	7771	4287	362	1550	1537
					4240	96	7773	1127	5953	4975	7670	7772	7669	5949	6275	1121	96	7997	7774	5326	1551	5952	4174
					7669	7773	1128	6276	5334	6473	95	6471	1552	1553	5758	7775	4201	7659	1554	927	6410	7775	7774
					4201	5459	1555	1554	4248	7778	7476	1558	1556	1557	7778	4174	7775	5956	5458	1559	7777	7776	4248
					5065	1560	1561	72	7805	7806	1563	1562	4964	7344	7343	4238	1564	1565	1566	7778	7775	7476	1559
					6409	1556	4248	7776	7778	1560	5954	1558	7779	7555	7781	5940	1567	5570	4217	7779	7495	1568	5569
					1569	4217	7780	7779	1570	5025	1568	4217	7973	7977	1571	1572	1573	7781	7555	7782	1567	1574	5851
					7783	7781	7742	1184	5850	1575	7555	4343	6496	5842	398	1576	7782	4177	7461	1577	1171	5973	7784
					7783	7742	1578	1575	1579	4329	7987	7785	1581	6150	1580	7742	7461	7786	5972	1583	1582	7859	7784
					7688	1584	5385	1585	7859	7783	7784	1432	1578	1584	6632	7785	93	1586	1587	1588	7784	7742	7786
					1579	1582	5383	7786	7461	7687	1583	5380	1589	8045	98	8043	1590	1591	5356	7574	7787	4265	4989
					1592	1593	4298	7982	7788	1595	208	1594	7894	7893	7552	1598	1596	1597	6583	6589	6590	1599	1600
					844	4366	6870	6962	5578	1601	4912	7618	7790	4386	6081	599	6345	6963	6962	9061	4913	1604	1605
					7774	6473	4201	1606	1607	1555	4334	7792	7509	1608	358	360	7791	29	4385	1609	1610	5945	4334
					6628	7792	1612	1611	1608	6625	6623	6624	1615	1613	1614	7631	4361	7794	492	1616	972	7038	4411
					7037	731	778	1074	4361	7795	7794	1618	1617	1616	7793	7039	7038	1620	729	1619	4361	7796	7795
					473	1621	1618	7042	4358	6535	1622	1623	469	7632	7797	4361	1625	474	1624	7046	4360	7045	1627
					1628	1626	4362	7797	7632	1629	1625	490	4648	9096	7079	1631	1632	1630	9097	7080	7098	1635	1633
					1634	6522	7074	7233	1637	1638	1636	7078	7077	6522	1640	1641	1639	7098	7080	7235	1633	1643	1642
					7799	7662	4331	6439	347	1102	4272	7799	7726	933	1101	6426	7323	7010	7322	1230	1644	1645	7800
					7326	7325	1648	1646	1647	6538	7334	7335	1650	1651	1649	7731	7321	7324	1386	1655	1654	7802	7332
					7331	1657	1658	1656	7851	7330	7337	1659	1660	1661	4609	7768	18	1662	156	1541	6490	7803	4391
					1664	633	1663	7804	7485	7777	6267	5063	1665	7805	7804	7777	6315	1665	1666	7805	7777	7806	1666
					1667	1562	7644	7809	72	1669	1668	5203	7806	7777	4248	1667	1561	1670	4248	7476	6500	1557	1671
					1672	7807	7806	4248	4962	1670	1673	7808	7807	4249	1023	6312	1674	7808	4249	7765	1674	4713	1529
					47	7645	7808	1027	5461	1528	7809	7805	72	1021	1563	1668	7347	7643	7346	1676	6018	1675	7810
					6777	6778	1677	1678	500	7811	7810	4312	269	1679	1680	7811	4312	7181	1680	1682	1681	4434	7811
					4345	1683	1684	1685	7499	7602	7812	861	4773	376	2	7812	1	4806	4782	5017	6872	7218	6606
					1687	1688	1686	9003	6659	6607	1689	438	1690	8038	8039	7548	1692	1693	1691	7815	6464	6463	1696
					1694	1695	7814	6459	6458	1698	6053	1697	8041	8042	4194	1699	1700	749	7009	7817	7479	1701	5810
					227	6460	6461	7546	1702	235	1703	7457	7818	7817	1705	1706	1704	7817	7874	7816	1707	1708	5811
					7457	4347	7818	5363	1709	1705	4347	4297	7818	199	415	1709	7359	7371	4209	1711	1710	6396	4480
					7466	4464	1712	1713	1714	4514	6935	4513	1715	1716	1717	4481	6934	4510	1720	1718	1719	9010	9011
					7821	5023	1721	4722	7821	9011	7602	1721	5586	862	7891	7822	7896	6117	1722	1045	7898	7899	7099
					1724	1723	5647	7827	7825	7277	1727	1725	1726	7823	6899	6900	1729	1730	1728	7207	51	7206	1731
					1732	1733	7830	7133	7135	1736	1734	1735	6901	6902	7285	1737	1738	1739	7825	7285	7276	1740	1741
					1742	6552	7203	7205	1743	1744	6430	7147	7157	6594	1519	1745	1746	7823	6900	7827	1728	1747	5439
					7283	7824	7281	1749	1750	1748	7824	7279	7281	1751	1752	1750	4370	7138	7151	1754	1755	1753	7829
					7131	7132	6402	1756	1757	6708	6896	6897	1760	1758	1759	7830	7132	7133	1762	1761	1736	7136	7830
					7135	6405	1735	1763	7458	6759	6760	1764	1765	5129	7491	6526	6752	6138	5985	5661	7832	6755	6759
					5131	1767	1766	6757	7834	6756	1768	1769	1770	7133	4267	7134	1772	1771	538	7138	7139	7140	1775
					1773	1774	7834	6753	6756	1776	1777	1769	7960	7834	4301	1780	1778	1779	7588	7836	7835	1782	1781
					797	4331	7835	7841	346	1783	6425	7588	7837	7836	1784	338	1782	7836	4270	4390	337	620	4906
					7842	7837	7588	800	1784	1785	7589	7838	7837	1786	1233	799	7589	7839	7838	1787	804	1786	4270
					7838	7699	1232	803	1228	7937	7939	7589	1790	1788	1789	7940	7840	7839	1791	5680	1792	7939	7940
					7839	1794	1792	1793	7591	4264	7840	6381	1237	1795	7835	7836	7841	1781	4908	1783	7841	4390	6856
					4907	1796	6423	4640	4641	7612	898	1106	1797	8999	7937	7842	6422	1798	911	7096	9092	4584	1799
					1800	1801	4546	4547	9088	6384	1802	1803	7844	7843	7312	4695	1804	1805	6912	40	6913	1808	1806
					1807	6918	7845	6917	1809	1810	4959	6917	7844	6912	1813	1811	1812	46	4385	7845	5946	593	1814
					4452	4453	4271	1817	1815	1816	7846	7620	7847	4752	1818	1819	7620	4272	7847	6432	1361	1818	7722
					7847	7725	1351	1362	1364	9004	7727	7848	4813	1820	1391	7848	7727	7728	1820	1368	1373	4206	7320
					7739	1419	1821	1415	6591	6866	7850	1824	1822	1823	7850	6866	6867	1822	1825	1826	7850	6867	6868
					1826	1828	1827	7731	7324	7328	1654	1829	1830	7851	7328	7330	1831	1832	1659	4410	7706	7858	1834
					1835	1833	8025	7586	8021	1836	1837	1838	7856	7875	7582	1841	1839	1840	4507	4508	7853	766	1842
					1843	9	7854	7856	1844	1845	6299	7856	7854	7875	1845	1846	1841	7707	7855	9	466	1847	739
					9	7855	7854	1847	4661	1844	7854	4409	7875	681	1848	1846	7750	7857	7582	1850	1849	1468	7857
					7856	7582	6300	1840	1849	7585	7857	7750	1467	1850	782	7855	4410	7858	465	1833	4662	7858	7706
					7876	1835	1851	126	7860	7859	7688	443	1585	1181	93	7785	7859	1587	1433	5318	7296	7688	7295
					1182	1180	1852	4352	7871	6595	1854	1855	1853	7453	81	7862	1856	1857	1858	7863	7452	7453	1859
					1860	5249	7862	4425	4420	1861	979	1862	4419	4420	7865	1863	1864	1865	4424	4310	4422	6180	1866
					1867	6850	7437	7443	1870	1868	1869	6855	4418	4552	1873	1871	1872	4222	7444	7448	1874	1875	1876
					6779	6775	7624	325	950	1877	7866	7115	7116	1879	1880	1878	7867	7866	4311	1881	1882	1883	4422
					4310	4421	1866	5135	1884	7867	4311	7868	1883	1886	1885	7869	4223	7867	964	1887	1888	7868	4311
					6777	1886	1889	1890	42	7868	7811	403	267	1891	7869	7867	7868	1888	1885	405	4290	4430	4431
					1893	1892	5443	6595	7870	7860	1894	444	1895	7653	6632	7871	334	1896	1062	7871	7870	6595	1061
					1894	1855	7439	7872	4352	1898	1899	1897	7872	7871	4352	1063	1854	1899	4254	7197	7872	1902	1900
					1901	6915	7197	4254	1903	1902	4861	7307	7308	7873	1904	1290	1905	7817	7818	7874	1706	1906	1707
					7874	7818	7011	1906	1907	241	7875	4507	4504	1908	1909	1910	7582	7875	7852	1839	1911	1449	7876
					7706	7877	1851	1913	1912	7876	7877	4508	1912	4832	1914	7706	7882	7877	1915	1916	1913	7877	7878
					11	1917	786	4830	7878	4277	7880	118	1919	1918	7877	7882	7879	1916	1920	1921	4280	7017	7879
					1133	1922	1923	7877	7879	7878	1921	116	1917	4277	6653	6652	4675	1924	1925	8022	4568	4282	1927
					1928	1926	6650	6651	4351	1930	1931	1929	6649	6650	6602	1933	1934	1932	4410	7883	7706	1276	724
					1834	7882	4280	7879	1935	1923	1920	4245	7884	7883	1936	1937	1278	7014	4280	7882	129	1935	1938
					7885	7022	7031	1941	1939	1940	7884	7020	7019	1944	1942	1943	7032	7885	7031	478	1940	1945	7048
					7886	7023	1946	1947	1948	7026	70	7025	1951	1949	1950	7025	7887	7024	1953	1954	1952	7025	6501
					7227	1956	348	1955	4332	7224	7226	1958	1959	1957	7890	7888	79	1162	1960	1961	7888	78	79
					5235	4874	1960	77	7891	7889	1962	1046	5225	76	7889	7888	5223	5236	1160	7890	79	6600	1961
					1165	1963	7683	7890	7684	1163	1964	4778	7892	7891	77	1965	1962	1966	7892	7898	7891	1967	6116
					1965	6468	7892	77	1968	1966	5843	7893	7892	6468	5642	1968	1969	7554	7894	7552	5839	1597	5847
					7893	7923	7607	1971	1970	5643	7788	4208	7895	207	5234	1972	7894	7895	7893	1973	1974	1598	13
					7995	7895	5227	1975	1976	13	7895	7894	1976	1973	5229	7822	7925	7896	1977	1978	1722	7896	7925
					7897	1978	1979	6146	7897	7649	7927	1981	1982	1980	7949	7897	7927	1983	1980	5043	7892	7607	7898
					5644	1984	1967	7607	7899	7898	1985	1724	1984	7607	7924	7899	1987	1986	1985	7899	7900	7510	1989
					4871	1988	7923	7924	7607	1990	1987	1970	4355	7901	7900	1991	452	876	7991	6599	6598	1994	1992
					1993	7901	7107	82	1996	1997	1995	7240	7909	7239	1485	1318	1998	7107	7108	7903	1999	2000	2001
					7106	7107	7901	2003	1996	2002	7903	80	7904	2004	2005	6294	80	7905	7904	2007	2006	2005	6508
					7759	6507	2010	2008	2009	80	7906	7905	2012	2011	2007	7906	7907	7905	1316	891	2011	7108	7237
					80	2013	2014	2015	7716	7610	7906	2016	1317	2017	7907	7910	7908	2018	5245	2019	7907	7908	7609
					2019	2020	889	7610	7910	7907	2021	2018	1315	6974	6975	43	2022	2023	1507	7755	7716	7238	1479
					2024	2025	7236	7237	7108	2027	2013	2026	7610	7911	7910	2028	369	2021	7910	4336	7611	371	4994
					5244	7716	7912	7610	2029	2030	2016	7657	7913	7911	2031	910	896	7912	7911	7610	897	2028	2030
					69	7912	7716	2032	2029	892	7657	7914	7913	2033	1086	2031	7913	7658	7918	1085	1088	917	7915
					7914	7657	423	2033	2034	45	7917	7916	2035	372	1084	69	7214	7912	936	2036	2032	7218	6665
					7216	2039	2037	2038	7914	7916	7658	1082	2040	1087	7916	7613	7658	801	2041	2040	6664	7677	6666
					2043	2044	2042	7614	7714	7920	2045	2046	2047	7658	7613	7919	2041	2048	1089	4336	7918	7615	918
					905	4995	7613	7101	7919	2050	2049	2048	7919	7612	7615	2051	2052	904	7917	7614	7920	1139	2047
					373	7920	7714	7935	2046	2053	5682	7921	7901	82	451	1995	2054	7921	82	7719	2054	2055	1333
					7924	7900	7899	2056	1989	1986	7494	6598	4208	2059	2057	2058	7895	7923	7893	5233	1971	1974	4208
					7922	7924	2061	2062	2060	4208	7924	7923	2060	1990	5232	7924	7922	7900	2062	877	2056	7099	7100
					7822	2063	2064	5645	7925	7649	7897	1049	1981	1979	7822	7100	7925	2064	2065	1977	7510	7719	7926
					1334	879	2066	7649	7930	7927	2067	2068	1982	14	7927	7928	5044	2069	5279	4642	7928	86	2071
					5260	2070	7927	7930	7929	2068	2072	2073	7927	7929	7928	2073	5258	2069	7929	4216	7648	2075	2076
					2074	7926	7931	7649	878	2077	1048	7930	4216	7929	6148	2075	2072	7649	7931	7930	2077	6147	2067
					7719	7932	7931	2078	5563	880	7719	82	7932	2055	2079	2078	82	7933	7932	2080	5547	2079	82
					7934	7933	2082	2081	2080	7120	7126	4252	6324	6331	2083	82	7903	7934	2084	6293	2082	7934	7904
					4244	6295	1504	6296	7935	7714	7936	2053	2085	1310	7919	7101	4640	2049	2086	2087	7714	7941	7938
					2089	121	2088	7937	7589	7842	1789	798	1798	7714	7938	7936	2088	2090	2085	7939	7839	7589	1793
					1787	1788	7938	7590	7937	123	2091	2092	7936	7938	7937	2090	2092	6421	7590	7939	7937	2093	1790
					2091	7590	7940	7939	2094	1794	2093	7942	7940	7590	2095	2094	806	7591	7840	7940	1795	1791	2096
					7614	7941	7714	1305	2089	2045	4263	7942	7941	2097	805	1307	4263	7943	7942	2098	810	2097	7942
					7591	7940	809	2096	2095	7944	7943	4263	351	2098	2099	7517	7945	7943	2101	812	2100	4279	7231
					7232	2104	2102	2103	7222	7224	4332	2106	1958	2105	7517	7087	7945	817	5052	2101	7945	7592	7591
					2107	6382	813	7082	7083	7947	2109	1159	2108	7946	7092	7089	2112	2110	2111	7084	7946	7087	2113
					2114	2115	7227	7222	4332	2117	2105	2116	7060	7067	7682	2118	2119	2120	7950	7948	15	2121	2122
					2123	7948	14	15	5239	5278	2122	78	7897	7949	6145	1983	4875	79	7949	7948	4876	5240	1166
					4644	4642	4643	5247	5237	2124	7685	7684	7951	5624	550	1169	7951	7950	4372	549	2125	2126	7951
					4372	7506	2126	2127	1167	86	7958	7952	2129	5853	2128	85	86	7952	2130	2128	5272	7954	7953
					7955	548	2131	2132	7953	7952	83	5273	1150	5261	7955	7953	84	2131	5262	2133	7954	7955	7956
					2132	2134	5263	7955	84	4183	2133	5665	2135	7956	7955	4183	2134	2135	6003	7959	4183	7513	6001
					567	2136	7506	7957	4184	2139	2137	2138	7957	7956	4184	5264	2140	2137	7506	4372	7957	2127	6005
					2139	86	7929	7958	5259	2141	2129	7929	7648	7958	2074	5256	2141	7959	7513	7960	2136	2142	5537
					4184	7956	7959	2140	6002	5539	7513	6532	6533	2143	2144	2145	7961	7960	4301	217	1779	319	4301
					6757	6758	2147	2146	5370	87	7964	7961	2149	6011	2148	7963	7962	4323	253	2150	2151	87	7961
					7962	2148	318	255	6771	4323	6767	2153	316	2152	4436	7963	7633	2154	5284	1175	7686	7964	87
					1172	2149	1177	7506	4184	7964	2138	6009	1173	7648	7966	7965	2155	1044	5257	83	7965	7681	1151
					1043	2156	7648	7967	7966	2157	5277	2155	7966	4218	6843	5276	2158	2159	4216	7102	7648	2161	2160
					2076	7967	7493	7968	1041	6326	612	7493	7933	7969	5548	2162	6327	6841	6846	4388	2163	6154	615
					7933	7970	7969	2165	2164	2162	7120	4252	7119	2083	2166	2167	7934	7970	7933	6298	2165	2081	7970
					4244	6506	6297	1500	2168	7973	7971	7977	5867	2169	1572	7971	90	91	5302	4945	2170	89	7974
					7972	5295	5884	5292	88	7972	7971	5290	5303	5866	7977	7971	91	2169	2170	2171	7986	7973	4217
					213	1571	2172	6470	7975	89	2173	5293	5869	7975	7978	7974	5299	2174	5294	4618	7976	7559	5739
					5967	2175	7978	4298	7974	204	5243	2174	4176	4250	7976	5963	2176	2177	4250	7563	7979	2179	2180
					2178	7977	91	7297	2171	5943	2181	4217	7977	7780	1573	2182	1570	7976	7979	7975	2183	5300	5968
					7978	7563	7980	2184	2185	205	7976	4250	7979	2176	2178	2183	7979	7563	7978	2180	2184	5301	7563
					7983	7980	2187	2186	2185	7980	7982	4298	5714	1595	203	7984	7981	7983	1480	2188	2189	7981	7991
					7990	2190	449	2191	7980	7983	7990	2186	2192	5715	7982	7494	4208	2193	2058	206	4250	7984	7563
					6320	2194	2179	7983	7981	7990	2188	2191	2192	7563	7984	7983	2194	2189	2187	7524	7985	7989	1478
					2195	5882	7753	7754	7985	938	2196	1477	7754	7755	7240	5314	1486	2197	7987	7986	4217	5879	2172
					2198	7562	4300	7986	6152	214	4903	7987	4217	7495	2198	1569	6151	6510	7987	4329	5880	1581	2199
					4298	7788	7988	1594	2200	5241	7988	7788	7995	2200	2201	2202	7985	92	7989	2203	2204	2195	7989
					92	7981	2204	2205	1481	7981	92	7991	2205	2206	2190	7982	7990	7494	5713	448	2193	92	7239
					7991	2208	2207	2206	6598	6599	4355	1992	5559	6114	7994	7992	12	2209	2210	2211	7992	13	12
					5308	5231	2210	90	7988	7993	5838	2212	4946	91	7993	7992	4944	5309	5944	7994	12	4171	2211
					5306	2213	7780	7994	4171	5287	2213	5026	7988	7995	7993	2202	5226	2212	7995	7788	7895	2201	1972
					1975	97	7996	7997	2214	2215	5325	7996	94	95	5893	2216	2217	7774	7997	95	1551	2219	2218
					7997	7996	95	2215	2217	2219	97	7999	7996	2220	5336	2214	7998	4243	4417	2221	753	751	6953
					7999	97	2222	2220	5606	8000	4243	7998	6289	2221	4973	4242	8000	7999	2224	4972	2223	6513	6514
					4242	2227	2225	2226	7502	8003	8001	2229	4849	2228	8001	7477	8002	4848	2230	5605	7477	8023	8002
					1225	2231	2230	4243	8002	7568	5603	5900	754	6947	7001	7502	2233	2232	377	8008	8004	8005	2235
					2236	2234	7002	8005	8003	2238	6449	2237	8009	8010	8006	2239	1300	2240	7001	7002	8003	2242	2237
					2241	8004	8009	8007	2243	2244	2245	8009	8006	8007	2240	2246	2244	8023	8024	4275	2247	600	2248
					8004	8007	8005	2245	5197	2236	8007	8006	8023	2246	2249	1224	4470	4471	4339	2251	2252	2250	4471
					4479	8008	2253	2254	2255	4557	4498	8004	2257	2258	2256	8009	8011	8010	2259	1297	2239	4498	8011
					8009	2261	2259	2260	8010	4276	8014	1296	139	1298	4496	8016	4559	2264	2262	2263	8012	6601	8018
					2266	2267	2265	7712	4559	4560	2269	2270	2268	8016	4562	4561	2271	2272	2273	6601	6602	8013	2275
					2276	2274	6602	6603	8013	2277	436	2276	8017	8018	4276	2278	412	4889	8014	7697	8024	2279	2280
					2281	8015	8013	4346	2284	2282	2283	8014	8019	7697	1227	6451	2279	4563	8020	4562	2286	2287	2285
					4562	8017	4561	2288	2289	2272	4560	4561	8011	2291	2292	2290	8017	8012	8018	2293	2265	2278	8022
					6601	8012	2294	2266	788	8018	8013	8015	2295	2284	413	8019	8015	4346	1226	2283	2296	8019	4346
					8026	2296	2297	100	4564	8020	4563	2299	2286	2298	8022	4282	6601	1926	2300	2294	4499	4500	4505
					2302	2303	2301	7581	4500	4499	2305	2302	2304	4564	4565	8020	2307	2306	2299	4565	4566	8022	102
					2309	2308	8006	8014	8024	1299	2281	2310	8002	8023	4275	2231	2248	5901	8006	8024	8023	2310	2247
					2249	8024	7697	8028	2280	2311	2312	4503	8025	7581	2313	2314	719	7853	7586	8025	2315	1836	2316
					8026	4346	8027	2297	2318	2317	7298	8028	4387	2320	602	2319	4346	6862	8027	2321	105	2318	8029
					8030	7515	2322	225	410	7697	8026	8028	6450	2323	2311	8026	8027	8029	2317	2325	2324	8028	8026
					8029	2323	2324	603	8029	8027	8030	2325	2326	2322	8027	4305	8030	104	2327	2326	8030	4305	4304
					2327	5672	226	7455	8031	8032	4998	2328	5359	8031	35	34	4935	4993	2329	8033	8032	8034	6390
					2330	2331	8032	8031	34	2328	2329	2332	8034	8032	34	2330	2332	2333	8033	8034	6608	2331	2334
					193	8034	34	7578	2333	5358	2335	6608	8034	7578	2334	2335	5835	7651	8035	7455	2336	4999	746
					7651	8036	8035	2337	4808	2336	7651	7763	8036	1051	2338	2337	8036	7763	4415	2338	2339	4809	4415
					8040	8037	2340	2341	1054	35	8037	8038	4937	2342	5831	8038	7548	7549	1691	5828	5823	8037	8040
					8039	2341	2343	2344	8037	8039	8038	2344	1692	2342	8039	4194	6459	2346	2347	2345	4415	8041	8040
					2348	748	2340	8040	4194	8039	747	2346	2343	7763	8041	4415	1524	2348	2339	7479	7816	8042	5812
					2350	2349	8041	7479	8042	1525	2349	1699	8042	6460	6459	2352	239	2351	8043	8044	7456	2353	5342
					5347	98	99	8043	5912	2354	1591	99	7651	8044	5921	745	2355	99	8044	8043	2355	2353	2354
					7787	8045	4265	2356	5939	1592	7787	4622	8045	2358	2357	2356	8046	7456	8033	5345	6391	2359	4265
					8046	8033	5938	2359	2360	8047	8048	7518	2362	5693	2361	9002	10	8047	2363	2364	923	10	6864
					8048	2366	2367	2365	10	8048	8047	2365	2362	2364	8077	8079	8080	2368	2369	5993	4193	4220	8049
					2370	2371	5795	8050	7518	4612	2373	141	2372	8050	8047	7518	5005	2361	2373	6864	8051	8048	2374
					5991	2367	8049	6613	8051	2376	6051	2375	4284	8052	8050	5688	5006	2377	7616	9002	8052	2378	922
					5690	28	4354	8053	566	446	2379	27	28	8053	2380	2379	5723	8055	8054	7525	1469	4952	2381
					8054	8053	7526	5724	445	4950	7008	26	7007	5727	5719	2382	7300	8056	8055	2384	1470	2383	4182
					7300	8055	2385	2383	554	7751	4612	4613	2386	5699	2387	7530	8057	8058	5742	2388	5746	8057	17
					16	1108	2389	2390	6477	6474	6476	5931	5904	2391	8058	8057	16	2388	2390	6012	6618	6615	4185
					2393	197	2392	8062	7531	8058	2394	5747	5929	4615	8061	7530	2395	4894	4988	8060	4293	8063	5766
					2396	5906	8071	8076	32	5762	2398	2397	8061	8066	8065	2399	2400	5348	6614	8062	8059	5752	5928
					2401	7576	7531	8062	4686	2394	5754	4293	8064	8063	2402	6161	2396	17	8063	7665	1107	6160	2403
					8067	7103	4293	2404	2405	221	7665	8064	4302	6162	219	1109	8076	8066	8061	2407	2399	2406	8065
					7535	8067	2408	2409	222	4294	8070	8066	2412	2410	2411	8066	7535	8065	2413	2408	2400	7535	8068
					8067	2414	179	2409	4293	7103	8064	2405	2415	2402	8069	8068	7535	229	2414	2416	8068	7515	4303
					231	223	180	8070	7535	8066	2417	2413	2410	4387	7515	8069	411	230	2418	7313	8070	4294	2419
					2412	2420	8070	8069	7535	188	2416	2417	7536	8071	8072	5768	2421	5773	8071	32	33	2397	5750
					2422	4328	8072	33	5770	2423	5783	8072	8071	33	2421	2422	2423	8075	8074	8073	4980	6061	2424
					8073	4294	8076	6060	2425	5764	8075	8073	7536	2424	5767	2426	4195	7541	8074	6058	185	4982	4616
					8075	7536	2427	2426	4967	31	4195	8075	4978	4981	2428	4294	8066	8076	2411	2407	2425	32	8076
					8061	2398	2406	2429	7542	8077	8078	2430	2431	5800	8077	10	9002	5995	2363	2432	7616	8078	9002
					6304	2433	2378	8078	8077	9002	2431	2432	2433	6456	8079	7542	2434	2435	2436	7542	8079	8077	2435
					2368	2430	8079	4193	8080	2437	5794	2369	8080	8049	6864	5796	2439	2438	7548	6452	6453	5820	2440
					5826	6452	36	37	4919	5804	2441	4341	6453	37	387	2442	390	6453	6452	37	2440	2441	2442
					7548	8039	6454	1693	2443	5821	8039	7814	6454	2444	5476	2443	7814	6457	6455	2445	2446	5477	6455
					6457	6456	2446	2447	5692	6456	4414	8079	2448	4852	2434	4617	6456	7542	2449	2436	5009	7814	6458
					6457	1697	6056	2445	6457	4414	6456	744	2448	2447	8039	6459	7814	2345	1698	2444	6458	7815	6463
					6052	1695	6057	4194	8042	6459	1700	2351	2347	8042	7816	6460	2350	2450	2352	7816	6461	6460	2451
					1702	2450	6460	7546	7815	1703	2452	238	7816	7874	6461	1708	5452	2451	7874	4307	6462	240	2453
					5453	6462	4307	7752	2453	5473	1474	6465	6462	4306	2454	1473	2455	7815	7546	6464	2452	6163	1696
					4414	6463	6466	743	2456	4850	7546	6462	6465	234	2454	6164	6464	6465	6466	6165	2457	2458	6465
					4306	7104	2455	2459	6048	6466	6465	4193	2457	6047	2460	6463	6464	6466	1694	2458	2456	8079	6466
					4193	4851	2460	2437	4343	6467	76	394	2461	396	6467	77	76	5844	5224	2461	7552	7893	6468
					1596	1969	4862	7855	7858	7854	4662	4660	4661	4220	7521	7522	4664	4665	4663	7646	7516	7645	4666
					4667	4668	7378	7598	7376	4669	4670	4671	6790	4236	6784	4673	4674	4672	4277	6654	6653	4676	4677
					4675	54	75	7460	4679	4680	4678	7560	7559	6470	4681	4682	4683	4445	4433	4344	8654	8642	8643
					4446	4445	4291	313	8644	8661	4446	4291	4586	8661	8663	8662	4587	4446	4586	8664	8662	1259	4448
					4447	4366	8093	3562	8665	7696	4369	4447	1217	1219	8092	4448	4366	6963	8665	4914	8666	7179	4448
					6963	8094	8666	8667	4450	4449	7667	8392	3757	8668	4237	7666	4449	6250	6095	8391	7342	4450	7667
					8669	8668	1116	7342	4237	4450	8389	8390	8669	6962	6870	4451	1601	3763	3566	4555	4452	6969	8670
					5631	8671	4555	4453	4452	3790	1817	8670	7758	6976	4453	1502	8672	3789	4271	4454	6998	3838	3799
					3835	4453	6976	4454	8672	8673	3837	6976	6859	4454	3796	3800	8673	6991	6989	4455	3828	3826	2807
					4455	6990	4556	3825	8674	3827	6792	4456	6927	8675	3840	3677	6792	4457	4456	8676	3372	8675	6792
					4458	4457	8678	8677	8676	4458	4462	4457	6214	3679	8677	4460	4458	6792	8680	8678	8679	4460	4459
					4463	8681	8682	8683	7819	4480	4482	8685	8684	5160	4466	6931	4467	8686	8687	8688	4460	6792	4205
					8679	3365	3369	4178	4459	4460	8689	8681	870	4461	4205	7604	3368	3348	6089	4487	4461	7605	8690
					6090	8691	4256	4465	4462	8692	6352	6213	4462	6930	6942	6351	3730	3727	4460	4463	4458	8683	6349
					8680	4459	4464	4463	8693	3685	8682	4480	4464	4459	1714	8693	8694	7466	6931	4464	8695	8696	1713
					4256	4466	4465	8698	8697	8692	4466	4467	4465	8688	3693	8697	4463	4466	4256	3684	8698	6348	4464
					6931	4466	8696	8686	3686	6931	4472	4467	8699	8700	8687	6930	4468	6945	3735	3689	3732	4467	4472
					4468	8700	8701	3734	4468	4320	4469	8702	2496	3687	4474	4470	4320	8703	2494	384	6945	4469	6482
					3688	3702	3737	6933	4471	4470	8705	2251	8704	4470	4339	6482	2250	3740	3701	4476	4478	6933	8706
					8707	6121	4471	8008	4339	2255	3843	2252	6931	4473	4472	8708	302	8699	4472	4320	4468	301	8702
					8701	7466	4509	6931	8710	8709	8695	6932	4474	4473	8711	383	3692	6932	4475	4474	8712	3697	8711
					4474	6933	4470	3698	8704	8703	4511	4475	6932	8713	8712	3705	4335	4476	4475	5051	6120	8714	4512
					4513	4335	8716	8715	366	6933	4478	4471	8707	3699	8705	6827	4488	4477	8717	5464	3709	4477	71
					4476	5463	8718	5050	4476	71	4478	8718	8719	8706	4478	71	4479	8719	8720	3700	71	4490	4479
					386	8721	8720	8008	4557	8004	3460	2256	2235	4482	4480	4459	8684	8694	8722	7819	4481	4480	8723
					3696	8685	4209	4481	7819	5100	8723	8430	7820	6934	4481	8724	1720	5099	4482	4459	4178	8722	8689
					8725	4483	4178	4487	8727	8726	5410	4483	4482	4178	5161	8725	8727	4484	4483	7606	875	5409	8728
					4485	4484	7606	8729	8728	8730	4532	4209	4484	6397	8431	8731	4531	4529	64	873	8733	8732	7358
					4485	53	5974	6024	5413	7642	4486	64	8734	8735	5097	7350	4486	7642	8405	8734	1018	4487	4178
					4461	8726	869	8690	64	4529	7605	8733	8736	863	6827	4489	4488	8737	3446	8717	4488	6830	4490
					3445	8738	385	4521	4489	6827	8739	8737	3443	6828	7580	4492	758	8741	8740	6830	4491	4490	8742
					3476	8738	4490	6834	4479	3475	8743	8721	6830	4493	4491	3458	8744	8742	4497	4558	7712	8745	8746
					8747	6828	4492	4489	8740	756	8748	7580	4493	4492	8749	3457	8741	7580	4494	4493	4854	3472	8749
					4493	6833	4491	3471	8750	8744	4525	4527	6828	8751	759	3451	4494	24	4496	8752	8753	3473	6829
					4499	4495	8754	8755	8756	4499	4505	4495	2301	3456	8755	4496	24	4563	8753	8758	8757	4558	4559
					7712	8759	2269	8746	4491	6833	4558	8750	8761	8760	4497	7712	4498	8747	8762	3477	7712	8011	4498
					8763	2261	8762	8004	4498	8009	2258	2260	2243	4501	4499	6829	3463	8754	763	7581	8025	4500	2314
					8764	2305	8025	8021	4500	1838	8765	8764	4577	4564	24	8768	8766	8767	4526	6829	4527	8769	8770
					8771	6831	4502	4501	8773	5653	8772	7852	4502	6831	8774	8773	3461	7875	4504	7852	1910	8775	1911
					7852	4503	4502	8776	718	8774	4503	7853	8025	716	2316	2313	7852	4504	4503	8775	717	8776	7875
					4409	4507	1848	764	1908	4500	8021	4577	8765	8778	8777	4505	24	4494	8779	8752	3455	7362	4530
					7511	8781	8780	767	6831	4501	4506	8772	762	3453	7853	4508	11	1842	4831	8782	4504	4507	7853
					1909	1843	715	4409	7876	4508	124	1914	765	7853	11	7586	8782	8783	2315	4509	4473	6931	3690
					8708	8709	7466	4510	4509	8784	364	8710	4481	4510	7466	1719	8784	3695	6934	4511	4510	8785	365
					1718	6934	4512	4511	8786	368	8785	4511	4335	4475	367	8714	8713	4514	4512	6934	8787	8786	8788
					4513	4477	4335	3710	5049	8715	4514	4513	4512	1717	8716	8787	6935	4520	4513	3706	8789	1716	7820
					4514	6934	8790	8788	8724	7820	4515	4514	1439	3703	8790	7371	4516	7820	8454	1437	8432	4519	6935
					4515	3707	3704	8791	7748	4517	7371	8792	8455	8452	4516	4523	4519	8793	3464	8794	7748	4518	4517
					8796	8795	8792	6832	4522	4528	8798	1462	8797	7361	4518	7748	8437	8796	5650	7511	6832	4518	8799
					8800	8438	4516	4519	4515	8794	8791	1438	4266	4520	4519	8801	3708	3466	4266	4521	4520	8802	3442
					8801	4520	6827	4513	3444	3711	8789	4522	4521	4266	3448	8802	8803	4521	6828	4489	3447	8748	8739
					4524	4266	4523	8805	3465	8804	6832	4525	4522	8806	3450	8798	4517	4523	4516	8807	8793	8453	4524
					4522	4266	1460	8803	8805	4517	4524	4523	8808	8804	8807	4518	4528	4517	8810	8809	8795	6832	4526
					4525	8812	8811	8806	6829	4495	4527	8756	8813	8770	7511	4526	6832	3469	8812	8799	4506	6829	4526
					761	8769	3468	4526	4527	4525	8771	8751	8811	4527	4495	7580	8813	4855	760	4517	4528	4524	8809
					1461	8808	4518	6832	4528	8800	8797	8810	4529	4487	7605	867	8691	8736	4486	4531	64	8814	8732
					8735	4530	4506	7511	3454	3467	8780	7745	4530	7362	8440	8781	1442	4485	4531	4486	8815	8814	6025
					4485	7606	4531	8730	872	8815	4532	4484	4485	8731	8729	5976	7358	7359	4532	8428	6395	5975	6518
					4533	7083	4004	3980	4001	4211	6679	4534	3073	4763	4075	4534	6680	7468	4762	5126	6142	7826	6554
					4535	8170	8816	4133	6554	6555	4536	2755	8818	8817	4535	6554	4536	8816	8817	1521	4536	6555	6556
					8818	2761	1514	7698	4537	7323	8366	1231	3543	4537	7498	4538	8367	8819	3857	7498	4539	4538	8821
					8820	8819	7010	4541	4407	709	8374	130	7498	4570	4539	8822	6387	8821	7700	4540	4539	8823	1336
					6389	7700	4544	4540	340	3508	8823	4538	4539	4543	8820	5582	8826	4542	9079	7327	8827	605	1338
					4538	4543	4541	8826	8828	711	4543	4550	4542	8830	8831	8829	4543	7720	4550	5584	3510	8830	4541
					4543	4542	8828	8829	8375	4571	4545	7700	8832	341	1235	4545	4546	4544	8833	1245	342	7840	4548
					4330	1236	8834	5681	4545	7701	4546	5580	6385	8833	4546	9088	6848	1803	8824	1246	4549	4547	7701
					8838	6386	4843	4330	4548	4545	8834	5581	8839	4264	4549	4548	8840	4842	1238	4264	7091	4549	4022
					4025	8840	4549	6497	4547	4024	8841	8838	4550	9054	4542	8376	8842	8831	6848	9053	4551	8825	8843
					1240	4550	4551	9048	3509	8844	8377	4540	4551	7720	1241	3511	1337	4552	7864	4428	8620	8626	3531
					4553	4552	4429	8637	3533	8845	7628	4553	4429	8846	8845	5115	56	6855	4554	8606	3536	6241	4554
					4553	7628	3535	8846	8847	7627	4554	7628	6239	8847	960	7757	4555	6969	3783	8671	3779	6971	7758
					4555	5185	3791	3784	4556	6990	6566	8674	2549	8848	6499	4572	6564	2802	2804	2799	4479	6834	4557
					8743	8849	3459	6834	4498	4557	3478	2257	8849	4491	4558	4497	8760	8745	6399	6833	4496	4569	3474
					8851	8850	6833	4569	4558	8850	8852	8761	4559	8016	4560	2262	8853	2270	8016	4561	4560	2273	2291
					8853	7712	4560	8011	2268	2290	8763	4496	4563	8016	8757	8854	2264	8011	4561	8017	2292	2289	4891
					8020	8012	4562	789	8855	2287	4562	8012	8017	8855	2293	2288	4563	4562	8016	2285	2271	8854	24
					4564	4563	8766	2298	8758	4505	4577	24	8856	8767	8779	8021	4565	4564	103	2307	8857	8021	7586
					4566	1837	8858	101	4565	8022	8020	2308	790	2306	7586	4567	4566	8860	8859	8858	4566	4568	8022
					8861	1927	2309	11	4567	7586	785	8860	8783	4567	7878	7880	787	1918	112	4567	4568	4566	111
					8861	8859	4568	7880	4282	110	2999	1928	4496	4559	4569	2263	8862	8851	4569	4559	4558	8862	8759
					8852	7699	4570	7498	8863	8822	5552	7699	4571	4570	8864	1234	8863	4330	4571	7699	8865	8864	807
					4330	4545	4571	8839	8832	8865	4572	4556	6566	2801	8848	8866	4572	6566	4573	8866	2741	2805	6566
					7724	4574	2810	8867	2742	6564	4573	6565	2803	8868	2767	4574	7724	4575	8867	8869	2813	6565	4573
					4574	8868	2743	2812	4575	7724	4576	8869	8870	2816	6567	4575	6569	2820	2815	2818	7724	6551	4576
					5030	8871	8870	4576	6551	7723	8871	2745	794	4500	4577	4505	8777	8856	2303	4577	8021	4564	8778
					8857	8768	9051	7184	4579	8875	1202	8874	7183	7692	4579	8107	8111	1201	7180	4581	4580	8876	5613
					8100	4578	4580	9057	8099	8872	8104	7180	7503	4581	8095	8102	8876	4581	7179	6963	8101	8667	8877
					4581	6963	9058	8877	8878	8879	4598	4582	4395	8880	8881	8882	6497	4583	4547	8884	2542	8841	4584
					9060	4583	8837	4021	8885	7096	4584	6497	1801	8886	4032	6497	4584	4583	8886	8885	8884	4585	4444
					4654	646	8887	8577	4624	4626	4629	630	8888	8349	4586	4291	7196	8663	8647	171	4224	4587	4610
					8352	1258	8889	4588	4224	4590	8353	8890	6110	4401	4446	4587	310	8664	8891	4589	4401	4587	8892
					8891	8893	4589	4587	4588	8893	8354	645	4582	4589	4395	8894	644	8881	4582	4655	4589	8097	8895
					8894	4590	4224	4591	8890	8896	8897	4590	4591	4592	8897	8898	653	4224	4610	4591	8889	8899	8896
					4592	4591	7703	8898	8900	8901	4592	7703	4593	8901	8902	4800	7702	4592	4396	654	4799	8903	4593
					7703	7189	8902	650	8133	4594	4593	7691	1197	8134	8904	4594	7691	4595	8904	8905	8906	4596	4594
					4595	656	8906	8112	4595	7691	7193	8905	8108	8140	7183	4595	7182	6191	8141	8106	4399	4596	4225
					8907	8113	668	4399	4604	4596	8909	8908	8907	4602	4597	7702	6195	811	8910	4656	4582	4598	8912
					8880	8911	4599	4598	4597	8541	8913	6194	4598	4395	4597	8882	642	8913	4398	7410	4600	1293	8914
					4786	4600	4601	4599	8916	6407	8915	4605	4397	4603	8917	1256	660	4600	4599	4397	8915	8918	8919
					7410	4601	4600	8920	8916	8914	7410	4657	4601	8921	6189	8920	4603	7702	4396	8922	8903	8923	4599
					4602	4397	6196	1254	8918	4602	7702	4603	8910	8922	1255	4604	4603	4396	658	8923	8924	4604	4396
					4596	8924	657	8908	4605	4604	4399	659	8909	8925	7426	4606	4399	8927	8926	8568	4600	4397	4605
					8919	8917	670	4606	4605	4399	669	8925	8926	4398	4606	7426	4788	8927	8567	6492	4608	4659	8930
					8928	8929	4607	18	4443	2523	8657	639	4659	4607	4394	8931	680	8932	6492	4391	4608	2521	8933
					8930	4391	4609	4608	632	1540	8933	4609	7803	7768	631	460	1662	4591	4610	7188	8899	8934	8127
					4610	4586	7188	1257	173	8934	4611	28	27	4956	2380	8935	7518	7520	4611	5687	4957	140	4613
					4611	27	5698	8935	8936	8050	4612	7751	2372	2386	4902	4613	27	8056	8936	4947	8937	4613	8056
					7300	8937	2384	8330	4614	25	26	4938	8938	5729	7525	7527	4614	5720	4939	5888	32	8061	4615
					2429	2395	8939	32	4615	7532	8939	5740	5751	31	8075	4616	2428	2427	8940	31	4616	7538	8940
					5769	5777	36	6456	4617	5691	2449	8941	36	4617	7544	8941	5793	5805	26	25	4618	8938	5875
					5296	7561	4618	7559	5297	2175	5865	25	4176	4619	5864	8942	5876	4176	7976	4619	2177	5738	8942
					4386	4620	30	5322	8943	6079	4620	7567	30	5891	5897	8943	4622	4621	98	196	8945	8944	4621
					7571	98	5902	5913	8945	4622	98	8045	8944	1590	2357	6476	4623	7787	8946	8947	4885	7787	4623
					4622	8947	194	2358	6476	7569	4623	5903	2469	8946	4626	6492	4659	626	8929	8948	4629	4585	7315
					8951	8949	8950	4628	4232	4653	634	2510	8952	4625	4624	4232	4753	8351	635	8	6492	4647	6122
					8953	1069	4629	4394	4585	8954	647	8951	4393	4627	4625	2525	4754	8531	7654	4630	4627	8955	4839
					2527	4628	6486	4658	8957	8958	8956	4631	4628	7711	6236	8959	8960	4629	4626	4394	8888	8961	8954
					4232	4629	7315	8350	8950	2511	7654	4632	4630	8963	8962	8955	4632	4647	4630	1067	8964	8962	4637
					4631	7711	8533	8960	8965	7406	4393	4631	8529	8530	8532	4635	4632	7654	8967	8963	8966	4632	4633
					8	8968	2522	1068	4229	4638	4633	8969	629	6067	4635	4634	4632	8970	8971	8967	4230	7608	4634
					8305	4701	8972	4634	4633	4632	6068	8968	8971	4636	4635	7654	8519	8966	8973	4230	4634	4635	8972
					8970	8518	4636	7654	4393	8973	2526	1064	4288	7401	4636	8520	6235	1066	7407	4637	7711	8974	8965
					8535	7407	7406	4637	666	8534	8974	4229	6494	4638	461	2533	8969	4638	4357	6490	2532	6216	5012
					7615	7612	4639	2052	921	8975	7615	4639	22	8975	1104	908	7101	8999	4640	4038	912	2086	7919
					4640	7612	2087	1797	2051	4641	7842	7588	900	1785	8976	4641	7588	7664	8976	796	1105	4642	86
					85	2070	2130	5238	15	7928	4642	5280	2071	5246	4372	4643	7954	8977	4740	6004	7950	4644	4372
					8979	8978	2125	4372	4644	4643	8978	2124	8977	7950	15	4644	2123	5248	8979	4645	6487	7598	8980
					2515	8461	4645	4646	6487	8981	8982	8980	8998	4646	4645	849	8981	1071	4646	4412	6487	775	783
					8982	4630	4647	4392	8964	8983	4840	4647	6492	4392	8953	625	8983	4648	7079	7798	1630	3995	3996
					9062	4649	7080	8987	8986	8984	4649	4648	7080	6044	3998	8986	7428	4650	7184	8575	4697	8117	4400
					4399	4650	8569	667	8576	4651	7196	9005	8988	8145	8147	7188	7196	4651	172	8988	8124	7703	4652
					7187	8989	8130	651	4591	4652	7703	8128	8989	8900	4628	4653	6486	8952	8990	8957	4653	7315	6486
					2512	678	8990	4444	4322	4654	8656	8658	8887	7315	4585	4655	8949	8660	8098	4655	4401	4589	8659
					8892	8895	4656	4598	9001	8911	8540	8539	6486	4582	4656	677	8912	8991	7410	7711	4657	8536	8992
					8921	4658	6486	4656	8958	8991	2507	7711	4658	4657	8993	2509	8992	7711	4628	4658	8959	8956	8993
					4659	4608	4607	8928	2524	8931	4626	4659	4394	8948	8932	8961	4548	4549	7701	4842	4843	4841	6799
					6798	6793	4846	4844	4845	8003	7477	8001	4847	4848	4849	4414	6466	8079	4850	4851	4852	4495	4494
					7580	4853	4854	4855	7483	4374	8997	4857	4858	4856	6914	6915	4254	4860	4861	4859	7553	7552	6468
					4864	4862	4863	6972	6973	7758	4866	4867	4865	8055	7008	4373	4870	4868	4869	7900	7921	7510	4872
					4873	4871	79	78	7949	4874	4875	4876	7472	6897	7830	4878	4879	4877	84	83	6845	4881	4882
					4880	4296	6476	7787	4884	4885	4883	6622	4185	6617	4886	4887	4888	8011	8017	4276	4891	4889	4890
					8061	8060	7530	4892	4893	4894	55	65	7467	4896	4702	4895	4321	7473	4442	4897	4898	4899	7303
					8050	7751	4901	4902	4900	7562	7986	6510	4903	4904	4905	7841	7836	4390	4908	4906	4907	6716	6722
					6721	4911	4909	4910	6963	4366	6962	4914	4912	4913	7165	4363	7246	4916	4917	4915	6452	6455	36
					4920	4918	4919	6541	6985	6986	4923	4921	4922	7343	4204	7342	4924	4925	4926	4412	7583	7585	4928
					4929	4927	6654	6655	6653	4931	4930	4677	4275	7299	7541	4933	4934	4932	8031	8037	35	4936	4937
					4935	4614	7527	25	4939	4940	4938	4373	7564	7562	4943	4941	4942	91	90	7993	4945	4946	4944
					8056	27	8054	4947	4948	4949	8054	7526	7525	4950	4951	4952	7011	7012	4307	4954	4955	4953	4611
					7520	28	4957	4958	4956	6918	6917	62	4959	4960	4961	72	7806	7807	4964	4962	4963	4616	7536
					7537	4967	4965	4966	6809	6811	7483	4968	4969	4970	7999	8000	7998	4972	4973	4971	7772	4240	7773
					4974	4975	4976	7567	4195	31	4977	4978	4979	4195	8074	8075	4982	4980	4981	7476	7659	7660	4985
					4983	4984	4615	7530	7531	4988	4986	4987	4296	7787	7574	4883	4989	4990	34	35	7550	4993	4991
					4992	4336	7615	7611	4995	4996	4994	7455	8035	8031	4999	4997	4998	7572	4304	7009	5001	5002	5000
					8031	8035	8037	4997	5003	4936	8052	8047	8050	5004	5005	5006	4617	7542	7543	5009	5007	5008	4638
					6490	6491	5012	5010	5011	6489	4197	6488	5013	5014	5015	2	1	4326	5017	5018	5016	38	7766
					7767	5019	5020	5021	9010	4198	9011	5024	5022	5023	7780	4171	7779	5026	5027	5025	9083	7430	9045
					6229	6228	9065	7327	9079	9015	605	9018	604	9066	9077	7064	9023	2568	2569	9067	9074	7076	9024
					2615	2614	9047	9072	7081	9025	2619	2618	9078	7416	9069	3486	3487	9026	9089	6963	9061	3766	1605
					9027	9077	9014	7097	9028	3959	3958	9071	9044	7078	9029	3992	6186	9044	9067	7077	9030	2633	3993
					9096	9071	7079	9031	6185	1632	9063	9096	4648	9032	1631	6046	9072	9066	7064	9033	2569	3963	9100
					9091	7084	9034	4006	4005	9090	9076	7095	9035	4013	2540	9075	9090	7090	9036	2539	4018	4583	9060
					9099	4021	9037	2543	9091	9075	7092	9038	4017	4008	9014	9073	7093	9039	4015	4028	9074	9047	7094
					9040	3987	3999	9076	9092	7096	9041	1799	4031	9097	7098	9043	1634	4034	9042	9016	4578	9057	8103
					8104	9101	9069	7288	9081	8295	8296	9102	9081	7397	9017	8298	8297	9103	9043	7289	9078	8299	8300
					9104	4550	9048	9054	8377	9105	8376	7333	9068	9098	2683	9106	8384	7334	9098	9080	8385	9107	2690
					7335	9080	9087	2691	9108	8386	6870	9055	9094	517	9109	3764	9082	7423	9093	1275	8563	9110	9046
					7433	9082	8564	1273	9111	9050	7429	9083	682	8581	9112	9084	7431	9143	8582	1271	9113	9085	7431
					9050	1272	683	9114	9093	7423	9084	8563	8583	9115	9049	7435	9086	8586	8587	9116	9086	7434	9046
					1269	8585	9117	9017	7399	9049	4827	1265	9019	9143	7431	9085	1271	1272	9020	9095	4451	9142	1602
					1603	9021	7801	9015	9068	1652	9022	1653	4451	9094	9142	3765	9118	1603	9073	9100	4533	9119	3978
					4014	6848	9088	9053	8824	9120	8825	4547	9052	9088	8835	9121	1802	4584	9141	9060	8836	9122	8837
					4547	9099	9052	2544	9123	8835	4551	9053	9048	8843	9124	8844	7336	9087	9055	8387	9125	519	4542
					9054	9079	8842	9126	8827	9057	4580	9070	8872	5612	9127	9056	4579	9016	8873	8114	9128	9051	4579
					9056	8874	8873	9129	9058	6963	9089	8878	3766	9130	9070	4581	9058	5614	8879	9131	9092	9059	4584
					9132	8883	1800	4584	9059	9141	8883	9133	8836	9061	6962	9095	1604	3567	9134	9062	7080	9097	8984
					1635	9135	9140	9063	4649	9136	6045	8985	9140	4649	9062	8985	8987	9137	9064	7184	9051	8115	8875
					9138	9045	7428	9064	8580	8116	9139	
				</DataArray>
				<DataArray type="Int32" Name="offsets" NumberOfComponents="1" format="ascii">
					6	12	18	24	30	36	42	48	54	60	66	72	78	84	90	96	102	108	114
					120	126	132	138	144	150	156	162	168	174	180	186	192	198	204	210	216	222	228
					234	240	246	252	258	264	270	276	282	288	294	300	306	312	318	324	330	336	342
					348	354	360	366	372	378	384	390	396	402	408	414	420	426	432	438	444	450	456
					462	468	474	480	486	492	498	504	510	516	522	528	534	540	546	552	558	564	570
					576	582	588	594	600	606	612	618	624	630	636	642	648	654	660	666	672	678	684
					690	696	702	708	714	720	726	732	738	744	750	756	762	768	774	780	786	792	798
					804	810	816	822	828	834	840	846	852	858	864	870	876	882	888	894	900	906	912
					918	924	930	936	942	948	954	960	966	972	978	984	990	996	1002	1008	1014	1020	1026
					1032	1038	1044	1050	1056	1062	1068	1074	1080	1086	1092	1098	1104	1110	1116	1122	1128	1134	1140
					1146	1152	1158	1164	1170	1176	1182	1188	1194	1200	1206	1212	1218	1224	1230	1236	1242	1248	1254
					1260	1266	1272	1278	1284	1290	1296	1302	1308	1314	1320	1326	1332	1338	1344	1350	1356	1362	1368
					1374	1380	1386	1392	1398	1404	1410	1416	1422	1428	1434	1440	1446	1452	1458	1464	1470	1476	1482
					1488	1494	1500	1506	1512	1518	1524	1530	1536	1542	1548	1554	1560	1566	1572	1578	1584	1590	1596
					1602	1608	1614	1620	1626	1632	1638	1644	1650	1656	1662	1668	1674	1680	1686	1692	1698	1704	1710
					1716	1722	1728	1734	1740	1746	1752	1758	1764	1770	1776	1782	1788	1794	1800	1806	1812	1818	1824
					1830	1836	1842	1848	1854	1860	1866	1872	1878	1884	1890	1896	1902	1908	1914	1920	1926	1932	1938
					1944	1950	1956	1962	1968	1974	1980	1986	1992	1998	2004	2010	2016	2022	2028	2034	2040	2046	2052
					2058	2064	2070	2076	2082	2088	2094	2100	2106	2112	2118	2124	2130	2136	2142	2148	2154	2160	2166
					2172	2178	2184	2190	2196	2202	2208	2214	2220	2226	2232	2238	2244	2250	2256	2262	2268	2274	2280
					2286	2292	2298	2304	2310	2316	2322	2328	2334	2340	2346	2352	2358	2364	2370	2376	2382	2388	2394
					2400	2406	2412	2418	2424	2430	2436	2442	2448	2454	2460	2466	2472	2478	2484	2490	2496	2502	2508
					2514	2520	2526	2532	2538	2544	2550	2556	2562	2568	2574	2580	2586	2592	2598	2604	2610	2616	2622
					2628	2634	2640	2646	2652	2658	2664	2670	2676	2682	2688	2694	2700	2706	2712	2718	2724	2730	2736
					2742	2748	2754	2760	2766	2772	2778	2784	2790	2796	2802	2808	2814	2820	2826	2832	2838	2844	2850
					2856	2862	2868	2874	2880	2886	2892	2898	2904	2910	2916	2922	2928	2934	2940	2946	2952	2958	2964
					2970	2976	2982	2988	2994	3000	3006	3012	3018	3024	3030	3036	3042	3048	3054	3060	3066	3072	3078
					3084	3090	3096	3102	3108	3114	3120	3126	3132	3138	3144	3150	3156	3162	3168	3174	3180	3186	3192
					3198	3204	3210	3216	3222	3228	3234	3240	3246	3252	3258	3264	3270	3276	3282	3288	3294	3300	3306
					3312	3318	3324	3330	3336	3342	3348	3354	3360	3366	3372	3378	3384	3390	3396	3402	3408	3414	3420
					3426	3432	3438	3444	3450	3456	3462	3468	3474	3480	3486	3492	3498	3504	3510	3516	3522	3528	3534
					3540	3546	3552	3558	3564	3570	3576	3582	3588	3594	3600	3606	3612	3618	3624	3630	3636	3642	3648
					3654	3660	3666	3672	3678	3684	3690	3696	3702	3708	3714	3720	3726	3732	3738	3744	3750	3756	3762
					3768	3774	3780	3786	3792	3798	3804	3810	3816	3822	3828	3834	3840	3846	3852	3858	3864	3870	3876
					3882	3888	3894	3900	3906	3912	3918	3924	3930	3936	3942	3948	3954	3960	3966	3972	3978	3984	3990
					3996	4002	4008	4014	4020	4026	4032	4038	4044	4050	4056	4062	4068	4074	4080	4086	4092	4098	4104
					4110	4116	4122	4128	4134	4140	4146	4152	4158	4164	4170	4176	4182	4188	4194	4200	4206	4212	4218
					4224	4230	4236	4242	4248	4254	4260	4266	4272	4278	4284	4290	4296	4302	4308	4314	4320	4326	4332
					4338	4344	4350	4356	4362	4368	4374	4380	4386	4392	4398	4404	4410	4416	4422	4428	4434	4440	4446
					4452	4458	4464	4470	4476	4482	4488	4494	4500	4506	4512	4518	4524	4530	4536	4542	4548	4554	4560
					4566	4572	4578	4584	4590	4596	4602	4608	4614	4620	4626	4632	4638	4644	4650	4656	4662	4668	4674
					4680	4686	4692	4698	4704	4710	4716	4722	4728	4734	4740	4746	4752	4758	4764	4770	4776	4782	4788
					4794	4800	4806	4812	4818	4824	4830	4836	4842	4848	4854	4860	4866	4872	4878	4884	4890	4896	4902
					4908	4914	4920	4926	4932	4938	4944	4950	4956	4962	4968	4974	4980	4986	4992	4998	5004	5010	5016
					5022	5028	5034	5040	5046	5052	5058	5064	5070	5076	5082	5088	5094	5100	5106	5112	5118	5124	5130
					5136	5142	5148	5154	5160	5166	5172	5178	5184	5190	5196	5202	5208	5214	5220	5226	5232	5238	5244
					5250	5256	5262	5268	5274	5280	5286	5292	5298	5304	5310	5316	5322	5328	5334	5340	5346	5352	5358
					5364	5370	5376	5382	5388	5394	5400	5406	5412	5418	5424	5430	5436	5442	5448	5454	5460	5466	5472
					5478	5484	5490	5496	5502	5508	5514	5520	5526	5532	5538	5544	5550	5556	5562	5568	5574	5580	5586
					5592	5598	5604	5610	5616	5622	5628	5634	5640	5646	5652	5658	5664	5670	5676	5682	5688	5694	5700
					5706	5712	5718	5724	5730	5736	5742	5748	5754	5760	5766	5772	5778	5784	5790	5796	5802	5808	5814
					5820	5826	5832	5838	5844	5850	5856	5862	5868	5874	5880	5886	5892	5898	5904	5910	5916	5922	5928
					5934	5940	5946	5952	5958	5964	5970	5976	5982	5988	5994	6000	6006	6012	6018	6024	6030	6036	6042
					6048	6054	6060	6066	6072	6078	6084	6090	6096	6102	6108	6114	6120	6126	6132	6138	6144	6150	6156
					6162	6168	6174	6180	6186	6192	6198	6204	6210	6216	6222	6228	6234	6240	6246	6252	6258	6264	6270
					6276	6282	6288	6294	6300	6306	6312	6318	6324	6330	6336	6342	6348	6354	6360	6366	6372	6378	6384
					6390	6396	6402	6408	6414	6420	6426	6432	6438	6444	6450	6456	6462	6468	6474	6480	6486	6492	6498
					6504	6510	6516	6522	6528	6534	6540	6546	6552	6558	6564	6570	6576	6582	6588	6594	6600	6606	6612
					6618	6624	6630	6636	6642	6648	6654	6660	6666	6672	6678	6684	6690	6696	6702	6708	6714	6720	6726
					6732	6738	6744	6750	6756	6762	6768	6774	6780	6786	6792	6798	6804	6810	6816	6822	6828	6834	6840
					6846	6852	6858	6864	6870	6876	6882	6888	6894	6900	6906	6912	6918	6924	6930	6936	6942	6948	6954
					6960	6966	6972	6978	6984	6990	6996	7002	7008	7014	7020	7026	7032	7038	7044	7050	7056	7062	7068
					7074	7080	7086	7092	7098	7104	7110	7116	7122	7128	7134	7140	7146	7152	7158	7164	7170	7176	7182
					7188	7194	7200	7206	7212	7218	7224	7230	7236	7242	7248	7254	7260	7266	7272	7278	7284	7290	7296
					7302	7308	7314	7320	7326	7332	7338	7344	7350	7356	7362	7368	7374	7380	7386	7392	7398	7404	7410
					7416	7422	7428	7434	7440	7446	7452	7458	7464	7470	7476	7482	7488	7494	7500	7506	7512	7518	7524
					7530	7536	7542	7548	7554	7560	7566	7572	7578	7584	7590	7596	7602	7608	7614	7620	7626	7632	7638
					7644	7650	7656	7662	7668	7674	7680	7686	7692	7698	7704	7710	7716	7722	7728	7734	7740	7746	7752
					7758	7764	7770	7776	7782	7788	7794	7800	7806	7812	7818	7824	7830	7836	7842	7848	7854	7860	7866
					7872	7878	7884	7890	7896	7902	7908	7914	7920	7926	7932	7938	7944	7950	7956	7962	7968	7974	7980
					7986	7992	7998	8004	8010	8016	8022	8028	8034	8040	8046	8052	8058	8064	8070	8076	8082	8088	8094
					8100	8106	8112	8118	8124	8130	8136	8142	8148	8154	8160	8166	8172	8178	8184	8190	8196	8202	8208
					8214	8220	8226	8232	8238	8244	8250	8256	8262	8268	8274	8280	8286	8292	8298	8304	8310	8316	8322
					8328	8334	8340	8346	8352	8358	8364	8370	8376	8382	8388	8394	8400	8406	8412	8418	8424	8430	8436
					8442	8448	8454	8460	8466	8472	8478	8484	8490	8496	8502	8508	8514	8520	8526	8532	8538	8544	8550
					8556	8562	8568	8574	8580	8586	8592	8598	8604	8610	8616	8622	8628	8634	8640	8646	8652	8658	8664
					8670	8676	8682	8688	8694	8700	8706	8712	8718	8724	8730	8736	8742	8748	8754	8760	8766	8772	8778
					8784	8790	8796	8802	8808	8814	8820	8826	8832	8838	8844	8850	8856	8862	8868	8874	8880	8886	8892
					8898	8904	8910	8916	8922	8928	8934	8940	8946	8952	8958	8964	8970	8976	8982	8988	8994	9000	9006
					9012	9018	9024	9030	9036	9042	9048	9054	9060	9066	9072	9078	9084	9090	9096	9102	9108	9114	9120
					9126	9132	9138	9144	9150	9156	9162	9168	9174	9180	9186	9192	9198	9204	9210	9216	9222	9228	9234
					9240	9246	9252	9258	9264	9270	9276	9282	9288	9294	9300	9306	9312	9318	9324	9330	9336	9342	9348
					9354	9360	9366	9372	9378	9384	9390	9396	9402	9408	9414	9420	9426	9432	9438	9444	9450	9456	9462
					9468	9474	9480	9486	9492	9498	9504	9510	9516	9522	9528	9534	9540	9546	9552	9558	9564	9570	9576
					9582	9588	9594	9600	9606	9612	9618	9624	9630	9636	9642	9648	9654	9660	9666	9672	9678	9684	9690
					9696	9702	9708	9714	9720	9726	9732	9738	9744	9750	9756	9762	9768	9774	9780	9786	9792	9798	9804
					9810	9816	9822	9828	9834	9840	9846	9852	9858	9864	9870	9876	9882	9888	9894	9900	9906	9912	9918
					9924	9930	9936	9942	9948	9954	9960	9966	9972	9978	9984	9990	9996	10002	10008	10014	10020	10026	10032
					10038	10044	10050	10056	10062	10068	10074	10080	10086	10092	10098	10104	10110	10116	10122	10128	10134	10140	10146
					10152	10158	10164	10170	10176	10182	10188	10194	10200	10206	10212	10218	10224	10230	10236	10242	10248	10254	10260
					10266	10272	10278	10284	10290	10296	10302	10308	10314	10320	10326	10332	10338	10344	10350	10356	10362	10368	10374
					10380	10386	10392	10398	10404	10410	10416	10422	10428	10434	10440	10446	10452	10458	10464	10470	10476	10482	10488
					10494	10500	10506	10512	10518	10524	10530	10536	10542	10548	10554	10560	10566	10572	10578	10584	10590	10596	10602
					10608	10614	10620	10626	10632	10638	10644	10650	10656	10662	10668	10674	10680	10686	10692	10698	10704	10710	10716
					10722	10728	10734	10740	10746	10752	10758	10764	10770	10776	10782	10788	10794	10800	10806	10812	10818	10824	10830
					10836	10842	10848	10854	10860	10866	10872	10878	10884	10890	10896	10902	10908	10914	10920	10926	10932	10938	10944
					10950	10956	10962	10968	10974	10980	10986	10992	10998	11004	11010	11016	11022	11028	11034	11040	11046	11052	11058
					11064	11070	11076	11082	11088	11094	11100	11106	11112	11118	11124	11130	11136	11142	11148	11154	11160	11166	11172
					11178	11184	11190	11196	11202	11208	11214	11220	11226	11232	11238	11244	11250	11256	11262	11268	11274	11280	11286
					11292	11298	11304	11310	11316	11322	11328	11334	11340	11346	11352	11358	11364	11370	11376	11382	11388	11394	11400
					11406	11412	11418	11424	11430	11436	11442	11448	11454	11460	11466	11472	11478	11484	11490	11496	11502	11508	11514
					11520	11526	11532	11538	11544	11550	11556	11562	11568	11574	11580	11586	11592	11598	11604	11610	11616	11622	11628
					11634	11640	11646	11652	11658	11664	11670	11676	11682	11688	11694	11700	11706	11712	11718	11724	11730	11736	11742
					11748	11754	11760	11766	11772	11778	11784	11790	11796	11802	11808	11814	11820	11826	11832	11838	11844	11850	11856
					11862	11868	11874	11880	11886	11892	11898	11904	11910	11916	11922	11928	11934	11940	11946	11952	11958	11964	11970
					11976	11982	11988	11994	12000	12006	12012	12018	12024	12030	12036	12042	12048	12054	12060	12066	12072	12078	12084
					12090	12096	12102	12108	12114	12120	12126	12132	12138	12144	12150	12156	12162	12168	12174	12180	12186	12192	12198
					12204	12210	12216	12222	12228	12234	12240	12246	12252	12258	12264	12270	12276	12282	12288	12294	12300	12306	12312
					12318	12324	12330	12336	12342	12348	12354	12360	12366	12372	12378	12384	12390	12396	12402	12408	12414	12420	12426
					12432	12438	12444	12450	12456	12462	12468	12474	12480	12486	12492	12498	12504	12510	12516	12522	12528	12534	12540
					12546	12552	12558	12564	12570	12576	12582	12588	12594	12600	12606	12612	12618	12624	12630	12636	12642	12648	12654
					12660	12666	12672	12678	12684	12690	12696	12702	12708	12714	12720	12726	12732	12738	12744	12750	12756	12762	12768
					12774	12780	12786	12792	12798	12804	12810	12816	12822	12828	12834	12840	12846	12852	12858	12864	12870	12876	12882
					12888	12894	12900	12906	12912	12918	12924	12930	12936	12942	12948	12954	12960	12966	12972	12978	12984	12990	12996
					13002	13008	13014	13020	13026	13032	13038	13044	13050	13056	13062	13068	13074	13080	13086	13092	13098	13104	13110
					13116	13122	13128	13134	13140	13146	13152	13158	13164	13170	13176	13182	13188	13194	13200	13206	13212	13218	13224
					13230	13236	13242	13248	13254	13260	13266	13272	13278	13284	13290	13296	13302	13308	13314	13320	13326	13332	13338
					13344	13350	13356	13362	13368	13374	13380	13386	13392	13398	13404	13410	13416	13422	13428	13434	13440	13446	13452
					13458	13464	13470	13476	13482	13488	13494	13500	13506	13512	13518	13524	13530	13536	13542	13548	13554	13560	13566
					13572	13578	13584	13590	13596	13602	13608	13614	13620	13626	13632	13638	13644	13650	13656	13662	13668	13674	13680
					13686	13692	13698	13704	13710	13716	13722	13728	13734	13740	13746	13752	13758	13764	13770	13776	13782	13788	13794
					13800	13806	13812	13818	13824	13830	13836	13842	13848	13854	13860	13866	13872	13878	13884	13890	13896	13902	13908
					13914	13920	13926	13932	13938	13944	13950	13956	13962	13968	13974	13980	13986	13992	13998	14004	14010	14016	14022
					14028	14034	14040	14046	14052	14058	14064	14070	14076	14082	14088	14094	14100	14106	14112	14118	14124	14130	14136
					14142	14148	14154	14160	14166	14172	14178	14184	14190	14196	14202	14208	14214	14220	14226	14232	14238	14244	14250
					14256	14262	14268	14274	14280	14286	14292	14298	14304	14310	14316	14322	14328	14334	14340	14346	14352	14358	14364
					14370	14376	14382	14388	14394	14400	14406	14412	14418	14424	14430	14436	14442	14448	14454	14460	14466	14472	14478
					14484	14490	14496	14502	14508	14514	14520	14526	14532	14538	14544	14550	14556	14562	14568	14574	14580	14586	14592
					14598	14604	14610	14616	14622	14628	14634	14640	14646	14652	14658	14664	14670	14676	14682	14688	14694	14700	14706
					14712	14718	14724	14730	14736	14742	14748	14754	14760	14766	14772	14778	14784	14790	14796	14802	14808	14814	14820
					14826	14832	14838	14844	14850	14856	14862	14868	14874	14880	14886	14892	14898	14904	14910	14916	14922	14928	14934
					14940	14946	14952	14958	14964	14970	14976	14982	14988	14994	15000	15006	15012	15018	15024	15030	15036	15042	15048
					15054	15060	15066	15072	15078	15084	15090	15096	15102	15108	15114	15120	15126	15132	15138	15144	15150	15156	15162
					15168	15174	15180	15186	15192	15198	15204	15210	15216	15222	15228	15234	15240	15246	15252	15258	15264	15270	15276
					15282	15288	15294	15300	15306	15312	15318	15324	15330	15336	15342	15348	15354	15360	15366	15372	15378	15384	15390
					15396	15402	15408	15414	15420	15426	15432	15438	15444	15450	15456	15462	15468	15474	15480	15486	15492	15498	15504
					15510	15516	15522	15528	15534	15540	15546	15552	15558	15564	15570	15576	15582	15588	15594	15600	15606	15612	15618
					15624	15630	15636	15642	15648	15654	15660	15666	15672	15678	15684	15690	15696	15702	15708	15714	15720	15726	15732
					15738	15744	15750	15756	15762	15768	15774	15780	15786	15792	15798	15804	15810	15816	15822	15828	15834	15840	15846
					15852	15858	15864	15870	15876	15882	15888	15894	15900	15906	15912	15918	15924	15930	15936	15942	15948	15954	15960
					15966	15972	15978	15984	15990	15996	16002	16008	16014	16020	16026	16032	16038	16044	16050	16056	16062	16068	16074
					16080	16086	16092	16098	16104	16110	16116	16122	16128	16134	16140	16146	16152	16158	16164	16170	16176	16182	16188
					16194	16200	16206	16212	16218	16224	16230	16236	16242	16248	16254	16260	16266	16272	16278	16284	16290	16296	16302
					16308	16314	16320	16326	16332	16338	16344	16350	16356	16362	16368	16374	16380	16386	16392	16398	16404	16410	16416
					16422	16428	16434	16440	16446	16452	16458	16464	16470	16476	16482	16488	16494	16500	16506	16512	16518	16524	16530
					16536	16542	16548	16554	16560	16566	16572	16578	16584	16590	16596	16602	16608	16614	16620	16626	16632	16638	16644
					16650	16656	16662	16668	16674	16680	16686	16692	16698	16704	16710	16716	16722	16728	16734	16740	16746	16752	16758
					16764	16770	16776	16782	16788	16794	16800	16806	16812	16818	16824	16830	16836	16842	16848	16854	16860	16866	16872
					16878	16884	16890	16896	16902	16908	16914	16920	16926	16932	16938	16944	16950	16956	16962	16968	16974	16980	16986
					16992	16998	17004	17010	17016	17022	17028	17034	17040	17046	17052	17058	17064	17070	17076	17082	17088	17094	17100
					17106	17112	17118	17124	17130	17136	17142	17148	17154	17160	17166	17172	17178	17184	17190	17196	17202	17208	17214
					17220	17226	17232	17238	17244	17250	17256	17262	17268	17274	17280	17286	17292	17298	17304	17310	17316	17322	17328
					17334	17340	17346	17352	17358	17364	17370	17376	17382	17388	17394	17400	17406	17412	17418	17424	17430	17436	17442
					17448	17454	17460	17466	17472	17478	17484	17490	17496	17502	17508	17514	17520	17526	17532	17538	17544	17550	17556
					17562	17568	17574	17580	17586	17592	17598	17604	17610	17616	17622	17628	17634	17640	17646	17652	17658	17664	17670
					17676	17682	17688	17694	17700	17706	17712	17718	17724	17730	17736	17742	17748	17754	17760	17766	17772	17778	17784
					17790	17796	17802	17808	17814	17820	17826	17832	17838	17844	17850	17856	17862	17868	17874	17880	17886	17892	17898
					17904	17910	17916	17922	17928	17934	17940	17946	17952	17958	17964	17970	17976	17982	17988	17994	18000	18006	18012
					18018	18024	18030	18036	18042	18048	18054	18060	18066	18072	18078	18084	18090	18096	18102	18108	18114	18120	18126
					18132	18138	18144	18150	18156	18162	18168	18174	18180	18186	18192	18198	18204	18210	18216	18222	18228	18234	18240
					18246	18252	18258	18264	18270	18276	18282	18288	18294	18300	18306	18312	18318	18324	18330	18336	18342	18348	18354
					18360	18366	18372	18378	18384	18390	18396	18402	18408	18414	18420	18426	18432	18438	18444	18450	18456	18462	18468
					18474	18480	18486	18492	18498	18504	18510	18516	18522	18528	18534	18540	18546	18552	18558	18564	18570	18576	18582
					18588	18594	18600	18606	18612	18618	18624	18630	18636	18642	18648	18654	18660	18666	18672	18678	18684	18690	18696
					18702	18708	18714	18720	18726	18732	18738	18744	18750	18756	18762	18768	18774	18780	18786	18792	18798	18804	18810
					18816	18822	18828	18834	18840	18846	18852	18858	18864	18870	18876	18882	18888	18894	18900	18906	18912	18918	18924
					18930	18936	18942	18948	18954	18960	18966	18972	18978	18984	18990	18996	19002	19008	19014	19020	19026	19032	19038
					19044	19050	19056	19062	19068	19074	19080	19086	19092	19098	19104	19110	19116	19122	19128	19134	19140	19146	19152
					19158	19164	19170	19176	19182	19188	19194	19200	19206	19212	19218	19224	19230	19236	19242	19248	19254	19260	19266
					19272	19278	19284	19290	19296	19302	19308	19314	19320	19326	19332	19338	19344	19350	19356	19362	19368	19374	19380
					19386	19392	19398	19404	19410	19416	19422	19428	19434	19440	19446	19452	19458	19464	19470	19476	19482	19488	19494
					19500	19506	19512	19518	19524	19530	19536	19542	19548	19554	19560	19566	19572	19578	19584	19590	19596	19602	19608
					19614	19620	19626	19632	19638	19644	19650	19656	19662	19668	19674	19680	19686	19692	19698	19704	19710	19716	19722
					19728	19734	19740	19746	19752	19758	19764	19770	19776	19782	19788	19794	19800	19806	19812	19818	19824	19830	19836
					19842	19848	19854	19860	19866	19872	19878	19884	19890	19896	19902	19908	19914	19920	19926	19932	19938	19944	19950
					19956	19962	19968	19974	19980	19986	19992	19998	20004	20010	20016	20022	20028	20034	20040	20046	20052	20058	20064
					20070	20076	20082	20088	20094	20100	20106	20112	20118	20124	20130	20136	20142	20148	20154	20160	20166	20172	20178
					20184	20190	20196	20202	20208	20214	20220	20226	20232	20238	20244	20250	20256	20262	20268	20274	20280	20286	20292
					20298	20304	20310	20316	20322	20328	20334	20340	20346	20352	20358	20364	20370	20376	20382	20388	20394	20400	20406
					20412	20418	20424	20430	20436	20442	20448	20454	20460	20466	20472	20478	20484	20490	20496	20502	20508	20514	20520
					20526	20532	20538	20544	20550	20556	20562	20568	20574	20580	20586	20592	20598	20604	20610	20616	20622	20628	20634
					20640	20646	20652	20658	20664	20670	20676	20682	20688	20694	20700	20706	20712	20718	20724	20730	20736	20742	20748
					20754	20760	20766	20772	20778	20784	20790	20796	20802	20808	20814	20820	20826	20832	20838	20844	20850	20856	20862
					20868	20874	20880	20886	20892	20898	20904	20910	20916	20922	20928	20934	20940	20946	20952	20958	20964	20970	20976
					20982	20988	20994	21000	21006	21012	21018	21024	21030	21036	21042	21048	21054	21060	21066	21072	21078	21084	21090
					21096	21102	21108	21114	21120	21126	21132	21138	21144	21150	21156	21162	21168	21174	21180	21186	21192	21198	21204
					21210	21216	21222	21228	21234	21240	21246	21252	21258	21264	21270	21276	21282	21288	21294	21300	21306	21312	21318
					21324	21330	21336	21342	21348	21354	21360	21366	21372	21378	21384	21390	21396	21402	21408	21414	21420	21426	21432
					21438	21444	21450	21456	21462	21468	21474	21480	21486	21492	21498	21504	21510	21516	21522	21528	21534	21540	21546
					21552	21558	21564	21570	21576	21582	21588	21594	21600	21606	21612	21618	21624	21630	21636	21642	21648	21654	21660
					21666	21672	21678	21684	21690	21696	21702	21708	21714	21720	21726	21732	21738	21744	21750	21756	21762	21768	21774
					21780	21786	21792	21798	21804	21810	21816	21822	21828	21834	21840	21846	21852	21858	21864	21870	21876	21882	21888
					21894	21900	21906	21912	21918	21924	21930	21936	21942	21948	21954	21960	21966	21972	21978	21984	21990	21996	22002
					22008	22014	22020	22026	22032	22038	22044	22050	22056	22062	22068	22074	22080	22086	22092	22098	22104	22110	22116
					22122	22128	22134	22140	22146	22152	22158	22164	22170	22176	22182	22188	22194	22200	22206	22212	22218	22224	22230
					22236	22242	22248	22254	22260	22266	22272	22278	22284	22290	22296	22302	22308	22314	22320	22326	22332	22338	22344
					22350	22356	22362	22368	22374	22380	22386	22392	22398	22404	22410	22416	22422	22428	22434	22440	22446	22452	22458
					22464	22470	22476	22482	22488	22494	22500	22506	22512	22518	22524	22530	22536	22542	22548	22554	22560	22566	22572
					22578	22584	22590	22596	22602	22608	22614	22620	22626	22632	22638	22644	22650	22656	22662	22668	22674	22680	22686
					22692	22698	22704	22710	22716	22722	22728	22734	22740	22746	22752	22758	22764	22770	22776	22782	22788	22794	22800
					22806	22812	22818	22824	22830	22836	22842	22848	22854	22860	22866	22872	22878	22884	22890	22896	22902	22908	22914
					22920	22926	22932	22938	22944	22950	22956	22962	22968	22974	22980	22986	22992	22998	23004	23010	23016	23022	23028
					23034	23040	23046	23052	23058	23064	23070	23076	23082	23088	23094	23100	23106	23112	23118	23124	23130	23136	23142
					23148	23154	23160	23166	23172	23178	23184	23190	23196	23202	23208	23214	23220	23226	23232	23238	23244	23250	23256
					23262	23268	23274	23280	23286	23292	23298	23304	23310	23316	23322	23328	23334	23340	23346	23352	23358	23364	23370
					23376	23382	23388	23394	23400	23406	23412	23418	23424	23430	23436	23442	23448	23454	23460	23466	23472	23478	23484
					23490	23496	23502	23508	23514	23520	23526	23532	23538	23544	23550	23556	23562	23568	23574	23580	23586	23592	23598
					23604	23610	23616	23622	23628	23634	23640	23646	23652	23658	23664	23670	23676	23682	23688	23694	23700	23706	23712
					23718	23724	23730	23736	23742	23748	23754	23760	23766	23772	23778	23784	23790	23796	23802	23808	23814	23820	23826
					23832	23838	23844	23850	23856	23862	23868	23874	23880	23886	23892	23898	23904	23910	23916	23922	23928	23934	23940
					23946	23952	23958	23964	23970	23976	23982	23988	23994	24000	24006	24012	24018	24024	24030	24036	24042	24048	24054
					24060	24066	24072	24078	24084	24090	24096	24102	24108	24114	24120	24126	24132	24138	24144	24150	24156	24162	24168
					24174	24180	24186	24192	24198	24204	24210	24216	24222	24228	24234	24240	24246	24252	24258	24264	24270	24276	24282
					24288	24294	24300	24306	24312	24318	24324	24330	24336	24342	24348	24354	24360	24366	24372	24378	24384	24390	24396
					24402	24408	24414	24420	24426	24432	24438	24444	24450	24456	24462	24468	24474	24480	24486	24492	24498	24504	24510
					24516	24522	24528	24534	24540	24546	24552	24558	24564	24570	24576	24582	24588	24594	24600	24606	24612	24618	24624
					24630	24636	24642	24648	24654	24660	24666	24672	24678	24684	24690	24696	24702	24708	24714	24720	24726	24732	24738
					24744	24750	24756	24762	24768	24774	24780	24786	24792	24798	24804	24810	24816	24822	24828	24834	24840	24846	24852
					24858	24864	24870	24876	24882	24888	24894	24900	24906	24912	24918	24924	24930	24936	24942	24948	24954	24960	24966
					24972	24978	24984	24990	24996	25002	25008	25014	25020	25026	25032	25038	25044	25050	25056	25062	25068	25074	25080
					25086	25092	25098	25104	25110	25116	25122	25128	25134	25140	25146	25152	25158	25164	25170	25176	25182	25188	25194
					25200	25206	25212	25218	25224	25230	25236	25242	25248	25254	25260	25266	25272	25278	25284	25290	25296	25302	25308
					25314	25320	25326	25332	25338	25344	25350	25356	25362	25368	25374	25380	25386	25392	25398	25404	25410	25416	25422
					25428	25434	25440	25446	25452	25458	25464	25470	25476	25482	25488	25494	25500	25506	25512	25518	25524	25530	25536
					25542	25548	25554	25560	25566	25572	25578	25584	25590	25596	25602	25608	25614	25620	25626	25632	25638	25644	25650
					25656	25662	25668	25674	25680	25686	25692	25698	25704	25710	25716	25722	25728	25734	25740	25746	25752	25758	25764
					25770	25776	25782	25788	25794	25800	25806	25812	25818	25824	25830	25836	25842	25848	25854	25860	25866	25872	25878
					25884	25890	25896	25902	25908	25914	25920	25926	25932	25938	25944	25950	25956	25962	25968	25974	25980	25986	25992
					25998	26004	26010	26016	26022	26028	26034	26040	26046	26052	26058	26064	26070	26076	26082	26088	26094	26100	26106
					26112	26118	26124	26130	26136	26142	26148	26154	26160	26166	26172	26178	26184	26190	26196	26202	26208	26214	26220
					26226	26232	26238	26244	26250	26256	26262	26268	26274	26280	26286	26292	26298	26304	26310	26316	26322	26328	26334
					26340	26346	26352	26358	26364	26370	26376	26382	26388	26394	26400	26406	26412	26418	26424	26430	26436	26442	26448
					26454	26460	26466	26472	26478	26484	26490	26496	26502	26508	26514	26520	26526	26532	26538	26544	26550	26556	26562
					26568	26574	26580	26586	26592	26598	26604	26610	26616	26622	26628	26634	26640	26646	26652	26658	26664	26670	26676
					26682	26688	26694	26700	26706	26712	26718	26724	26730	26736	26742	26748	26754	26760	26766	26772	26778	26784	26790
					26796	26802	26808	26814	26820	26826	26832	26838	26844	26850	26856	26862	26868	26874	26880	26886	26892	26898	26904
					26910	26916	26922	26928	26934	26940	26946	26952	26958	26964	26970	26976	26982	26988	26994	27000	27006	27012	27018
					27024	27030	27036	27042	27048	27054	27060	27066	27072	27078	27084	27090	27096	27102	27108	27114	27120	27126	27132
					27138	27144	27150	27156	27162	27168	27174	27180	27186	27192	27198	27204	27210	27216	27222	27228	27234	
				</DataArray>
				<DataArray type="UInt8" Name="types" NumberOfComponents="1" format="ascii">
					22	22	22	22	22	22	22	22	22	22	22	22	22	22	22	22	22	22	22
					22	22	22	22	22	22	22	22	22	22	22	22	22	22	22	22	22	22	22
					22	22	22	22	22	22	22	22	22	22	22	22	22	22	22	22	22	22	22
					22	22	22	22	22	22	22	22	22	22	22	22	22	22	22	22	22	22	22
					22	22	22	22	22	22	22	22	22	22	22	22	22	22	22	22	22	22	22
					22	22	22	22	22	22	22	22	22	22	22	22	22	22	22	22	22	22	22
					22	22	22	22	22	22	22	22	22	22	22	22	22	22	22	22	22	22	22
					22	22	22	22	22	22	22	22	22	22	22	22	22	22	22	22	22	22	22
					22	22	22	22	22	22	22	22	22	22	22	22	22	22	22	22	22	22	22
					22	22	22	22	22	22	22	22	22	22	22	22	22	22	22	22	22	22	22
					22	22	22	22	22	22	22	22	22	22	22	22	22	22	22	22	22	22	22
					22	22	22	22	22	22	22	22	22	22	22	22	22	22	22	22	22	22	22
					22	22	22	22	22	22	22	22	22	22	22	22	22	22	22	22	22	22	22
					22	22	22	22	22	22	22	22	22	22	22	22	22	22	22	22	22	22	22
					22	22	22	22	22	22	22	22	22	22	22	22	22	22	22	22	22	22	22
					22	22	22	22	22	22	22	22	22	22	22	22	22	22	22	22	22	22	22
					22	22	22	22	22	22	22	22	22	22	22	22	22	22	22	22	22	22	22
					22	22	22	22	22	22	22	22	22	22	22	22	22	22	22	22	22	22	22
					22	22	22	22	22	22	22	22	22	22	22	22	22	22	22	22	22	22	22
					22	22	22	22	22	22	22	22	22	22	22	22	22	22	22	22	22	22	22
					22	22	22	22	22	22	22	22	22	22	22	22	22	22	22	22	22	22	22
					22	22	22	22	22	22	22	22	22	22	22	22	22	22	22	22	22	22	22
					22	22	22	22	22	22	22	22	22	22	22	22	22	22	22	22	22	22	22
					22	22	22	22	22	22	22	22	22	22	22	22	22	22	22	22	22	22	22
					22	22	22	22	22	22	22	22	22	22	22	22	22	22	22	22	22	22	22
					22	22	22	22	22	22	22	22	22	22	22	22	22	22	22	22	22	22	22
					22	22	22	22	22	22	22	22	22	22	22	22	22	22	22	22	22	22	22
					22	22	22	22	22	22	22	22	22	22	22	22	22	22	22	22	22	22	22
					22	22	22	22	22	22	22	22	22	22	22	22	22	22	22	22	22	22	22
					22	22	22	22	22	22	22	22	22	22	22	22	22	22	22	22	22	22	22
					22	22	22	22	22	22	22	22	22	22	22	22	22	22	22	22	22	22	22
					22	22	22	22	22	22	22	22	22	22	22	22	22	22	22	22	22	22	22
					22	22	22	22	22	22	22	22	22	22	22	22	22	22	22	22	22	22	22
					22	22	22	22	22	22	22	22	22	22	22	22	22	22	22	22	22	22	22
					22	22	22	22	22	22	22	22	22	22	22	22	22	22	22	22	22	22	22
					22	22	22	22	22	22	22	22	22	22	22	22	22	22	22	22	22	22	22
					22	22	22	22	22	22	22	22	22	22	22	22	22	22	22	22	22	22	22
					22	22	22	22	22	22	22	22	22	22	22	22	22	22	22	22	22	22	22
					22	22	22	22	22	22	22	22	22	22	22	22	22	22	22	22	22	22	22
					22	22	22	22	22	22	22	22	22	22	22	22	22	22	22	22	22	22	22
					22	22	22	22	22	22	22	22	22	22	22	22	22	22	22	22	22	22	22
					22	22	22	22	22	22	22	22	22	22	22	22	22	22	22	22	22	22	22
					22	22	22	22	22	22	22	22	22	22	22	22	22	22	22	22	22	22	22
					22	22	22	22	22	22	22	22	22	22	22	22	22	22	22	22	22	22	22
					22	22	22	22	22	22	22	22	22	22	22	22	22	22	22	22	22	22	22
					22	22	22	22	22	22	22	22	22	22	22	22	22	22	22	22	22	22	22
					22	22	22	22	22	22	22	22	22	22	22	22	22	22	22	22	22	22	22
					22	22	22	22	22	22	22	22	22	22	22	22	22	22	22	22	22	22	22
					22	22	22	22	22	22	22	22	22	22	22	22	22	22	22	22	22	22	22
					22	22	22	22	22	22	22	22	22	22	22	22	22	22	22	22	22	22	22
					22	22	22	22	22	22	22	22	22	22	22	22	22	22	22	22	22	22	22
					22	22	22	22	22	22	22	22	22	22	22	22	22	22	22	22	22	22	22
					22	22	22	22	22	22	22	22	22	22	22	22	22	22	22	22	22	22	22
					22	22	22	22	22	22	22	22	22	22	22	22	22	22	22	22	22	22	22
					22	22	22	22	22	22	22	22	22	22	22	22	22	22	22	22	22	22	22
					22	22	22	22	22	22	22	22	22	22	22	22	22	22	22	22	22	22	22
					22	22	22	22	22	22	22	22	22	22	22	22	22	22	22	22	22	22	22
					22	22	22	22	22	22	22	22	22	22	22	22	22	22	22	22	22	22	22
					22	22	22	22	22	22	22	22	22	22	22	22	22	22	22	22	22	22	22
					22	22	22	22	22	22	22	22	22	22	22	22	22	22	22	22	22	22	22
					22	22	22	22	22	22	22	22	22	22	22	22	22	22	22	22	22	22	22
					22	22	22	22	22	22	22	22	22	22	22	22	22	22	22	22	22	22	22
					22	22	22	22	22	22	22	22	22	22	22	22	22	22	22	22	22	22	22
					22	22	22	22	22	22	22	22	22	22	22	22	22	22	22	22	22	22	22
					22	22	22	22	22	22	22	22	22	22	22	22	22	22	22	22	22	22	22
					22	22	22	22	22	22	22	22	22	22	22	22	22	22	22	22	22	22	22
					22	22	22	22	22	22	22	22	22	22	22	22	22	22	22	22	22	22	22
					22	22	22	22	22	22	22	22	22	22	22	22	22	22	22	22	22	22	22
					22	22	22	22	22	22	22	22	22	22	22	22	22	22	22	22	22	22	22
					22	22	22	22	22	22	22	22	22	22	22	22	22	22	22	22	22	22	22
					22	22	22	22	22	22	22	22	22	22	22	22	22	22	22	22	22	22	22
					22	22	22	22	22	22	22	22	22	22	22	22	22	22	22	22	22	22	22
					22	22	22	22	22	22	22	22	22	22	22	22	22	22	22	22	22	22	22
					22	22	22	22	22	22	22	22	22	22	22	22	22	22	22	22	22	22	22
					22	22	22	22	22	22	22	22	22	22	22	22	22	22	22	22	22	22	22
					22	22	22	22	22	22	22	22	22	22	22	22	22	22	22	22	22	22	22
					22	22	22	22	22	22	22	22	22	22	22	22	22	22	22	22	22	22	22
					22	22	22	22	22	22	22	22	22	22	22	22	22	22	22	22	22	22	22
					22	22	22	22	22	22	22	22	22	22	22	22	22	22	22	22	22	22	22
					22	22	22	22	22	22	22	22	22	22	22	22	22	22	22	22	22	22	22
					22	22	22	22	22	22	22	22	22	22	22	22	22	22	22	22	22	22	22
					22	22	22	22	22	22	22	22	22	22	22	22	22	22	22	22	22	22	22
					22	22	22	22	22	22	22	22	22	22	22	22	22	22	22	22	22	22	22
					22	22	22	22	22	22	22	22	22	22	22	22	22	22	22	22	22	22	22
					22	22	22	22	22	22	22	22	22	22	22	22	22	22	22	22	22	22	22
					22	22	22	22	22	22	22	22	22	22	22	22	22	22	22	22	22	22	22
					22	22	22	22	22	22	22	22	22	22	22	22	22	22	22	22	22	22	22
					22	22	22	22	22	22	22	22	22	22	22	22	22	22	22	22	22	22	22
					22	22	22	22	22	22	22	22	22	22	22	22	22	22	22	22	22	22	22
					22	22	22	22	22	22	22	22	22	22	22	22	22	22	22	22	22	22	22
					22	22	22	22	22	22	22	22	22	22	22	22	22	22	22	22	22	22	22
					22	22	22	22	22	22	22	22	22	22	22	22	22	22	22	22	22	22	22
					22	22	22	22	22	22	22	22	22	22	22	22	22	22	22	22	22	22	22
					22	22	22	22	22	22	22	22	22	22	22	22	22	22	22	22	22	22	22
					22	22	22	22	22	22	22	22	22	22	22	22	22	22	22	22	22	22	22
					22	22	22	22	22	22	22	22	22	22	22	22	22	22	22	22	22	22	22
					22	22	22	22	22	22	22	22	22	22	22	22	22	22	22	22	22	22	22
					22	22	22	22	22	22	22	22	22	22	22	22	22	22	22	22	22	22	22
					22	22	22	22	22	22	22	22	22	22	22	22	22	22	22	22	22	22	22
					22	22	22	22	22	22	22	22	22	22	22	22	22	22	22	22	22	22	22
					22	22	22	22	22	22	22	22	22	22	22	22	22	22	22	22	22	22	22
					22	22	22	22	22	22	22	22	22	22	22	22	22	22	22	22	22	22	22
					22	22	22	22	22	22	22	22	22	22	22	22	22	22	22	22	22	22	22
					22	22	22	22	22	22	22	22	22	22	22	22	22	22	22	22	22	22	22
					22	22	22	22	22	22	22	22	22	22	22	22	22	22	22	22	22	22	22
					22	22	22	22	22	22	22	22	22	22	22	22	22	22	22	22	22	22	22
					22	22	22	22	22	22	22	22	22	22	22	22	22	22	22	22	22	22	22
					22	22	22	22	22	22	22	22	22	22	22	22	22	22	22	22	22	22	22
					22	22	22	22	22	22	22	22	22	22	22	22	22	22	22	22	22	22	22
					22	22	22	22	22	22	22	22	22	22	22	22	22	22	22	22	22	22	22
					22	22	22	22	22	22	22	22	22	22	22	22	22	22	22	22	22	22	22
					22	22	22	22	22	22	22	22	22	22	22	22	22	22	22	22	22	22	22
					22	22	22	22	22	22	22	22	22	22	22	22	22	22	22	22	22	22	22
					22	22	22	22	22	22	22	22	22	22	22	22	22	22	22	22	22	22	22
					22	22	22	22	22	22	22	22	22	22	22	22	22	22	22	22	22	22	22
					22	22	22	22	22	22	22	22	22	22	22	22	22	22	22	22	22	22	22
					22	22	22	22	22	22	22	22	22	22	22	22	22	22	22	22	22	22	22
					22	22	22	22	22	22	22	22	22	22	22	22	22	22	22	22	22	22	22
					22	22	22	22	22	22	22	22	22	22	22	22	22	22	22	22	22	22	22
					22	22	22	22	22	22	22	22	22	22	22	22	22	22	22	22	22	22	22
					22	22	22	22	22	22	22	22	22	22	22	22	22	22	22	22	22	22	22
					22	22	22	22	22	22	22	22	22	22	22	22	22	22	22	22	22	22	22
					22	22	22	22	22	22	22	22	22	22	22	22	22	22	22	22	22	22	22
					22	22	22	22	22	22	22	22	22	22	22	22	22	22	22	22	22	22	22
					22	22	22	22	22	22	22	22	22	22	22	22	22	22	22	22	22	22	22
					22	22	22	22	22	22	22	22	22	22	22	22	22	22	22	22	22	22	22
					22	22	22	22	22	22	22	22	22	22	22	22	22	22	22	22	22	22	22
					22	22	22	22	22	22	22	22	22	22	22	22	22	22	22	22	22	22	22
					22	22	22	22	22	22	22	22	22	22	22	22	22	22	22	22	22	22	22
					22	22	22	22	22	22	22	22	22	22	22	22	22	22	22	22	22	22	22
					22	22	22	22	22	22	22	22	22	22	22	22	22	22	22	22	22	22	22
					22	22	22	22	22	22	22	22	22	22	22	22	22	22	22	22	22	22	22
					22	22	22	22	22	22	22	22	22	22	22	22	22	22	22	22	22	22	22
					22	22	22	22	22	22	22	22	22	22	22	22	22	22	22	22	22	22	22
					22	22	22	22	22	22	22	22	22	22	22	22	22	22	22	22	22	22	22
					22	22	22	22	22	22	22	22	22	22	22	22	22	22	22	22	22	22	22
					22	22	22	22	22	22	22	22	22	22	22	22	22	22	22	22	22	22	22
					22	22	22	22	22	22	22	22	22	22	22	22	22	22	22	22	22	22	22
					22	22	22	22	22	22	22	22	22	22	22	22	22	22	22	22	22	22	22
					22	22	22	22	22	22	22	22	22	22	22	22	22	22	22	22	22	22	22
					22	22	22	22	22	22	22	22	22	22	22	22	22	22	22	22	22	22	22
					22	22	22	22	22	22	22	22	22	22	22	22	22	22	22	22	22	22	22
					22	22	22	22	22	22	22	22	22	22	22	22	22	22	22	22	22	22	22
					22	22	22	22	22	22	22	22	22	22	22	22	22	22	22	22	22	22	22
					22	22	22	22	22	22	22	22	22	22	22	22	22	22	22	22	22	22	22
					22	22	22	22	22	22	22	22	22	22	22	22	22	22	22	22	22	22	22
					22	22	22	22	22	22	22	22	22	22	22	22	22	22	22	22	22	22	22
					22	22	22	22	22	22	22	22	22	22	22	22	22	22	22	22	22	22	22
					22	22	22	22	22	22	22	22	22	22	22	22	22	22	22	22	22	22	22
					22	22	22	22	22	22	22	22	22	22	22	22	22	22	22	22	22	22	22
					22	22	22	22	22	22	22	22	22	22	22	22	22	22	22	22	22	22	22
					22	22	22	22	22	22	22	22	22	22	22	22	22	22	22	22	22	22	22
					22	22	22	22	22	22	22	22	22	22	22	22	22	22	22	22	22	22	22
					22	22	22	22	22	22	22	22	22	22	22	22	22	22	22	22	22	22	22
					22	22	22	22	22	22	22	22	22	22	22	22	22	22	22	22	22	22	22
					22	22	22	22	22	22	22	22	22	22	22	22	22	22	22	22	22	22	22
					22	22	22	22	22	22	22	22	22	22	22	22	22	22	22	22	22	22	22
					22	22	22	22	22	22	22	22	22	22	22	22	22	22	22	22	22	22	22
					22	22	22	22	22	22	22	22	22	22	22	22	22	22	22	22	22	22	22
					22	22	22	22	22	22	22	22	22	22	22	22	22	22	22	22	22	22	22
					22	22	22	22	22	22	22	22	22	22	22	22	22	22	22	22	22	22	22
					22	22	22	22	22	22	22	22	22	22	22	22	22	22	22	22	22	22	22
					22	22	22	22	22	22	22	22	22	22	22	22	22	22	22	22	22	22	22
					22	22	22	22	22	22	22	22	22	22	22	22	22	22	22	22	22	22	22
					22	22	22	22	22	22	22	22	22	22	22	22	22	22	22	22	22	22	22
					22	22	22	22	22	22	22	22	22	22	22	22	22	22	22	22	22	22	22
					22	22	22	22	22	22	22	22	22	22	22	22	22	22	22	22	22	22	22
					22	22	22	22	22	22	22	22	22	22	22	22	22	22	22	22	22	22	22
					22	22	22	22	22	22	22	22	22	22	22	22	22	22	22	22	22	22	22
					22	22	22	22	22	22	22	22	22	22	22	22	22	22	22	22	22	22	22
					22	22	22	22	22	22	22	22	22	22	22	22	22	22	22	22	22	22	22
					22	22	22	22	22	22	22	22	22	22	22	22	22	22	22	22	22	22	22
					22	22	22	22	22	22	22	22	22	22	22	22	22	22	22	22	22	22	22
					22	22	22	22	22	22	22	22	22	22	22	22	22	22	22	22	22	22	22
					22	22	22	22	22	22	22	22	22	22	22	22	22	22	22	22	22	22	22
					22	22	22	22	22	22	22	22	22	22	22	22	22	22	22	22	22	22	22
					22	22	22	22	22	22	22	22	22	22	22	22	22	22	22	22	22	22	22
					22	22	22	22	22	22	22	22	22	22	22	22	22	22	22	22	22	22	22
					22	22	22	22	22	22	22	22	22	22	22	22	22	22	22	22	22	22	22
					22	22	22	22	22	22	22	22	22	22	22	22	22	22	22	22	22	22	22
					22	22	22	22	22	22	22	22	22	22	22	22	22	22	22	22	22	22	22
					22	22	22	22	22	22	22	22	22	22	22	22	22	22	22	22	22	22	22
					22	22	22	22	22	22	22	22	22	22	22	22	22	22	22	22	22	22	22
					22	22	22	22	22	22	22	22	22	22	22	22	22	22	22	22	22	22	22
					22	22	22	22	22	22	22	22	22	22	22	22	22	22	22	22	22	22	22
					22	22	22	22	22	22	22	22	22	22	22	22	22	22	22	22	22	22	22
					22	22	22	22	22	22	22	22	22	22	22	22	22	22	22	22	22	22	22
					22	22	22	22	22	22	22	22	22	22	22	22	22	22	22	22	22	22	22
					22	22	22	22	22	22	22	22	22	22	22	22	22	22	22	22	22	22	22
					22	22	22	22	22	22	22	22	22	22	22	22	22	22	22	22	22	22	22
					22	22	22	22	22	22	22	22	22	22	22	22	22	22	22	22	22	22	22
					22	22	22	22	22	22	22	22	22	22	22	22	22	22	22	22	22	22	22
					22	22	22	22	22	22	22	22	22	22	22	22	22	22	22	22	22	22	22
					22	22	22	22	22	22	22	22	22	22	22	22	22	22	22	22	22	22	22
					22	22	22	22	22	22	22	22	22	22	22	22	22	22	22	22	22	22	22
					22	22	22	22	22	22	22	22	22	22	22	22	22	22	22	22	22	22	22
					22	22	22	22	22	22	22	22	22	22	22	22	22	22	22	22	22	22	22
					22	22	22	22	22	22	22	22	22	22	22	22	22	22	22	22	22	22	22
					22	22	22	22	22	22	22	22	22	22	22	22	22	22	22	22	22	22	22
					22	22	22	22	22	22	22	22	22	22	22	22	22	22	22	22	22	22	22
					22	22	22	22	22	22	22	22	22	22	22	22	22	22	22	22	22	22	22
					22	22	22	22	22	22	22	22	22	22	22	22	22	22	22	22	22	22	22
					22	22	22	22	22	22	22	22	22	22	22	22	22	22	22	22	22	22	22
					22	22	22	22	22	22	22	22	22	22	22	22	22	22	22	22	22	22	22
					22	22	22	22	22	22	22	22	22	22	22	22	22	22	22	22	22	22	22
					22	22	22	22	22	22	22	22	22	22	22	22	22	22	22	22	22	22	22
					22	22	22	22	22	22	22	22	22	22	22	22	22	22	22	22	22	22	22
					22	22	22	22	22	22	22	22	22	22	22	22	22	22	22	22	22	22	22
					22	22	22	22	22	22	22	22	22	22	22	22	22	22	22	22	22	22	22
					22	22	22	22	22	22	22	22	22	22	22	22	22	22	22	22	22	22	22
					22	22	22	22	22	22	22	22	22	22	22	22	22	22	22	22	22	22	22
					22	22	22	22	22	22	22	22	22	22	22	22	22	22	22	22	22	22	22
					22	22	22	22	22	22	22	22	22	22	22	22	22	22	22	22	22	22	22
					22	22	22	22	22	22	22	22	22	22	22	22	22	22	22	22	22	22	22
					22	22	22	22	22	22	22	22	22	22	22	22	22	22	22	22	22	22	22
					22	22	22	22	22	22	22	22	22	22	22	22	22	22	22	22	22	22	22
					22	22	22	22	22	22	22	22	22	22	22	22	22	22	22	22	22	22	22
					22	22	22	22	22	22	22	22	22	22	22	22	22	22	22	22	22	22	22
					22	22	22	22	22	22	22	22	22	22	22	22	22	22	22	22	22	22	22
					22	22	22	22	22	22	22	22	22	22	22	22	22	22	22	22	22	22	22
					22	22	22	22	22	22	22	22	22	22	22	22	22	22	22	22	22	22	22
					22	22	22	22	22	22	22	22	22	22	22	22	22	22	22	22	22	22	22
					22	22	22	22	22	22	22	22	22	22	22	22	22	22	22	22	22	22	22
					22	22	22	22	22	22	22	22	22	22	22	22	22	22	22	22	22	22	22
					22	22	22	22	22	22	22	22	22	22	22	22	22	22	22	22	22	22	22
					22	22	22	22	22	22	22	22	22	22	22	22	22	22	22	22	22	22	22
					22	22	22	22	22	22	22	22	22	22	22	22	22	22	22	22	22	22	22
					22	22	22	22	22	22	22	22	22	22	22	22	22	22	22	22	22	22	22
					22	22	22	22	22	22	22	22	22	22	22	22	22	22	22	22	22	22	22
					22	22	22	22	22	22	22	22	22	22	22	22	22	22	22	22	22	22	22
					22	22	22	22	22	22	22	22	22	22	22	22	22	22	22	22	22	22	22
					22	22	22	22	22	22	22	22	22	22	22	22	22	22	22	22	22	22	22
					22	22	22	22	22	22	22	22	22	22	22	22	22	22	22	22	22	22	22
					22	22	22	22	22	22	22	22	22	22	22	22	22	22	22	22	22	22	22
					22	22	22	22	22	22	22	22	22	22	22	22	22	22	22	22	22	22	22
					22	22	22	22	22	22	22	22	22	22	22	22	22	22	22	22	22	22	22
					22	22	22	22	22	22	22	22	22	22	22	22	22	22	22	22	22	22	22
					22	22	22	22	22	22	22	22	22	22	22	22	22	22	22	22	22	22	22
					22	22	22	22	22	22	22	22	22	22	22	22	22	22	22	22	22	
				</DataArray>
			</Cells>
			<CellData Scalars="region id">
				<DataArray type="Float64" Name="region id" NumberOfComponents="1" format="ascii">
					1	1	1	1	1	1	1	1
					1	1	1	1	1	1	1	1	1
					1	1	1	1	1	1	1	1	1
					1	1	1	1	1	1	1	1	1
					1	1	1	1	1	1	1	1	1
					1	1	1	1	1	1	1	1	1
					1	1	1	1	1	1	1	1	1
					1	1	1	1	1	1	1	1	1
					1	1	1	1	1	1	1	1	1
					1	1	1	1	1	1	1	1	1
					1	1	1	1	1	1	1	1	1
					1	1	1	1	1	1	1	1	1
					1	1	1	1	1	1	1	1	1
					1	1	1	1	1	1	1	1	1
					1	1	1	1	1	1	1	1	1
					1	1	1	1	1	1	1	1	1
					1	1	1	1	1	1	1	1	1
					1	1	1	1	1	1	1	1	1
					1	1	1	1	1	1	1	1	1
					1	1	1	1	1	1	1	1	1
					1	1	1	1	1	1	1	1	1
					1	1	1	1	1	1	1	1	1
					1	1	1	1	1	1	1	1	1
					1	1	1	1	1	1	1	1	1
					1	1	1	1	1	1	1	1	1
					1	1	1	1	1	1	1	1	1
					1	1	1	1	1	1	1	1	1
					1	1	1	1	1	1	1	1	1
					1	1	1	1	1	1	1	1	1
					1	1	1	1	1	1	1	1	1
					1	1	1	1	1	1	1	1	1
					1	1	1	1	1	1	1	1	1
					1	1	1	1	1	1	1	1	1
					1	1	1	1	1	1	1	1	1
					1	1	1	1	1	1	1	1	1
					1	1	1	1	1	1	1	1	1
					1	1	1	1	1	1	1	1	1
					1	1	1	1	1	1	1	1	1
					1	1	1	1	1	1	1	1	1
					1	1	1	1	1	1	1	1	1
					1	1	1	1	1	1	1	1	1
					1	1	1	1	1	1	1	1	1
					1	1	1	1	1	1	1	1	1
					1	1	1	1	1	1	1	1	1
					1	1	1	1	1	1	1	1	1
					1	1	1	1	1	1	1	1	1
					1	1	1	1	1	1	1	1	1
					1	1	1	1	1	1	1	1	1
					1	1	1	1	1	1	1	1	1
					1	1	1	1	1	1	1	1	1
					1	1	1	1	1	1	1	1	1
					1	1	1	1	1	1	1	1	1
					1	1	1	1	1	1	1	1	1
					1	1	1	1	1	1	1	1	1
					1	1	1	1	1	1	1	1	1
					1	1	1	1	1	1	1	1	1
					1	1	1	1	1	1	1	1	1
					1	1	1	1	1	1	1	1	1
					1	1	1	1	1	1	1	1	1
					1	1	1	1	1	1	1	1	1
					1	1	1	1	1	1	1	1	1
					1	1	1	1	1	1	1	1	1
					1	1	1	1	1	1	1	1	1
					1	1	1	1	1	1	1	1	1
					1	1	1	1	1	1	1	1	1
					1	1	1	1	1	1	1	1	1
					1	1	1	1	1	1	1	1	1
					1	1	1	1	1	1	1	1	1
					1	1	1	1	1	1	1	1	1
					1	1	1	1	1	1	1	1	1
					1	1	1	1	1	1	1	1	1
					1	1	1	1	1	1	1	1	1
					1	1	1	1	1	1	1	1	1
					1	1	1	1	1	1	1	1	1
					1	1	1	1	1	1	1	1	1
					1	1	1	1	1	1	1	1	1
					1	1	1	1	1	1	1	1	1
					1	1	1	1	1	1	1	1	1
					1	1	1	1	1	1	1	1	1
					1	1	1	1	1	1	1	1	1
					1	1	1	1	1	1	1	1	1
					1	1	1	1	1	1	1	1	1
					1	1	1	1	1	1	1	1	1
					1	1	1	1	1	1	1	1	1
					1	1	1	1	1	1	1	1	1
					1	1	1	1	1	1	1	1	1
					1	1	1	1	1	1	1	1	1
					1	1	1	1	1	1	1	1	1
					1	1	1	1	1	1	1	1	1
					1	1	1	1	1	1	1	1	1
					1	1	1	1	1	1	1	1	1
					1	1	1	1	1	1	1	1	1
					1	1	1	1	1	1	1	1	1
					1	1	1	1	1	1	1	1	1
					1	1	1	1	1	1	1	1	1
					1	1	1	1	1	1	1	1	1
					1	1	1	1	1	1	1	1	1
					1	1	1	1	1	1	1	1	1
					1	1	1	1	1	1	1	1	1
					1	1	1	1	1	1	1	1	1
					1	1	1	1	1	1	1	1	1
					1	1	1	1	1	1	1	1	1
					1	1	1	1	1	1	1	1	1
					1	1	1	1	1	1	1	1	1
					1	1	1	1	1	1	1	1	1
					1	1	1	1	1	1	1	1	1
					1	1	1	1	1	1	1	1	1
					1	1	1	1	1	1	1	1	1
					1	1	1	1	1	1	1	1	1
					1	1	1	1	1	1	1	1	1
					1	1	1	1	1	1	1	1	1
					1	1	1	1	1	1	1	1	1
					1	1	1	1	1	1	1	1	1
					1	1	1	1	1	1	1	1	1
					1	1	1	1	1	1	1	1	1
					1	1	1	1	1	1	1	1	1
					1	1	1	1	1	1	1	1	1
					1	1	1	1	1	1	1	1	1
					1	1	1	1	1	1	1	1	1
					1	1	1	1	1	1	1	1	1
					1	1	1	1	1	1	1	1	1
					1	1	1	1	1	1	1	1	1
					1	1	1	1	1	1	1	1	1
					1	1	1	1	1	1	1	1	1
					1	1	1	1	1	1	1	1	1
					1	1	1	1	1	1	1	1	1
					1	1	1	1	1	1	1	1	1
					1	1	1	1	1	1	1	1	1
					1	1	1	1	1	1	1	1	1
					1	1	1	1	1	1	1	1	1
					1	1	1	1	1	1	1	1	1
					1	1	1	1	1	1	1	1	1
					1	1	1	1	1	1	1	1	1
					1	1	1	1	1	1	1	1	1
					1	1	1	1	1	1	1	1	1
					1	1	1	1	1	1	1	1	1
					1	1	1	1	1	1	1	1	1
					1	1	1	1	1	1	1	1	1
					1	1	1	1	1	1	1	1	1
					1	1	1	1	1	1	1	1	1
					1	1	1	1	1	1	1	1	1
					1	1	1	1	1	1	1	1	1
					1	1	1	1	1	1	1	1	1
					1	1	1	1	1	1	1	1	1
					1	1	1	1	1	1	1	1	1
					1	1	1	1	1	1	1	1	1
					1	1	1	1	1	1	1	1	1
					1	1	1	1	1	1	1	1	1
					1	1	1	1	1	1	1	1	1
					1	1	1	1	1	1	1	1	1
					1	1	1	1	1	1	1	1	1
					1	1	1	1	1	1	1	1	1
					1	1	1	1	1	1	1	1	1
					1	1	1	1	1	1	1	1	1
					1	1	1	1	1	1	1	1	1
					1	1	1	1	1	1	1	1	1
					1	1	1	1	1	1	1	1	1
					1	1	1	1	1	1	1	1	1
					1	1	1	1	1	1	1	1	1
					1	1	1	1	1	1	1	1	1
					1	1	1	1	1	1	1	1	1
					1	1	1	1	1	1	1	1	1
					1	1	1	1	1	1	1	1	1
					1	1	1	1	1	1	1	1	1
					1	1	1	1	1	1	1	1	1
					1	1	1	1	1	1	1	1	1
					1	1	1	1	1	1	1	1	1
					1	1	1	1	1	1	1	1	1
					1	1	1	1	1	1	1	1	1
					1	1	1	1	1	1	1	1	1
					1	1	1	1	1	1	1	1	1
					1	1	1	1	1	1	1	1	1
					1	1	1	1	1	1	1	1	1
					1	1	1	1	1	1	1	1	1
					1	1	1	1	1	1	1	1	1
					1	1	1	1	1	1	1	1	1
					1	1	1	1	1	1	1	1	1
					1	1	1	1	1	1	1	1	1
					1	1	1	1	1	1	1	1	1
					1	1	1	1	1	1	1	1	1
					1	1	1	1	1	1	1	1	1
					1	1	1	1	1	1	1	1	1
					1	1	1	1	1	1	1	1	1
					1	1	1	1	1	1	1	1	1
					1	1	1	1	1	1	1	1	1
					1	1	1	1	1	1	1	1	1
					1	1	1	1	1	1	1	1	1
					1	1	1	1	1	1	1	1	1
					1	1	1	1	1	1	1	1	1
					1	1	1	1	1	1	1	1	1
					1	1	1	1	1	1	1	1	1
					1	1	1	1	1	1	1	1	1
					1	1	1	1	1	1	1	1	1
					1	1	1	1	1	1	1	1	1
					1	1	1	1	1	1	1	1	1
					1	1	1	1	1	1	1	1	1
					1	1	1	1	1	1	1	1	1
					1	1	1	1	1	1	1	1	1
					1	1	1	1	1	1	1	1	1
					1	1	1	1	1	1	1	1	1
					1	1	1	1	1	1	1	1	1
					1	1	1	1	1	1	1	1	1
					1	1	1	1	1	1	1	1	1
					1	1	1	1	1	1	1	1	1
					1	1	1	1	1	1	1	1	1
					1	1	1	1	1	1	1	1	1
					1	1	1	1	1	1	1	1	1
					1	1	1	1	1	1	1	1	1
					1	1	1	1	1	1	1	1	1
					1	1	1	1	1	1	1	1	1
					1	1	1	1	1	1	1	1	1
					1	1	1	1	1	1	1	1	1
					1	1	1	1	1	1	1	1	1
					1	1	1	1	1	1	1	1	1
					1	1	1	1	1	1	1	1	1
					1	1	1	1	1	1	1	1	1
					1	1	1	1	1	1	1	1	1
					1	1	1	1	1	1	1	1	1
					1	1	1	1	1	1	1	1	1
					1	1	1	1	1	1	1	1	1
					1	1	1	1	1	1	1	1	1
					1	1	1	1	1	1	1	1	1
					1	1	1	1	1	1	1	1	1
					1	1	1	1	1	1	1	1	1
					1	1	1	1	1	1	1	1	1
					1	1	1	1	1	1	1	1	1
					1	1	1	1	1	1	1	1	1
					1	1	1	1	1	1	1	1	1
					1	1	1	1	1	1	1	1	1
					1	1	1	1	1	1	1	1	1
					1	1	1	1	1	1	1	1	1
					1	1	1	1	1	1	1	1	1
					1	1	1	1	1	1	1	1	1
					1	1	1	1	1	1	1	1	1
					1	1	1	1	1	1	1	1	1
					1	1	1	1	1	1	1	1	1
					1	1	1	1	1	1	1	1	1
					1	1	1	1	1	1	1	1	1
					1	1	1	1	1	1	1	1	1
					1	1	1	1	1	1	1	1	1
					1	1	1	1	1	1	1	1	1
					1	1	1	1	1	1	1	1	1
					1	1	1	1	1	1	1	1	1
					1	1	1	1	1	1	1	1	1
					1	1	1	1	1	1	1	1	1
					1	1	1	1	1	1	1	1	1
					1	1	1	1	1	1	1	1	1
					1	1	1	1	1	1	1	1	1
					1	1	1	1	1	1	1	1	1
					1	1	1	1	1	1	1	1	1
					1	1	1	1	1	1	1	1	1
					1	1	1	1	1	1	1	1	1
					1	1	1	1	1	1	1	1	1
					1	1	1	1	1	1	1	1	1
					1	1	1	1	1	1	1	1	1
					1	1	1	1	1	1	1	1	1
					1	1	1	1	1	1	1	1	1
					1	1	1	1	1	1	1	1	1
					1	1	1	1	1	1	1	1	1
					1	1	1	1	1	1	1	1	1
					1	1	1	1	1	1	1	1	1
					1	1	1	1	1	1	1	1	1
					1	1	1	1	1	1	1	1	1
					1	1	1	1	1	1	1	1	1
					1	1	1	1	1	1	1	1	1
					1	1	1	1	1	1	1	1	1
					1	1	1	1	1	1	1	1	1
					1	1	1	1	1	1	1	1	1
					1	1	1	1	1	1	1	1	1
					1	1	1	1	1	1	1	1	1
					1	1	1	1	1	1	1	1	1
					1	1	1	1	1	1	1	1	1
					1	1	1	1	1	1	1	1	1
					1	1	1	1	1	1	1	1	1
					1	1	1	1	1	1	1	1	1
					1	1	1	1	1	1	1	1	1
					1	1	1	1	1	1	1	1	1
					1	1	1	1	1	1	1	1	1
					1	1	1	1	1	1	1	1	1
					1	1	1	1	1	1	1	1	1
					1	1	1	1	1	1	1	1	1
					1	1	1	1	1	1	1	1	1
					1	1	1	1	1	1	1	1	1
					1	1	1	1	1	1	1	1	1
					1	1	1	1	1	1	1	1	1
					1	1	1	1	1	1	1	1	1
					1	1	1	1	1	1	1	1	1
					1	1	1	1	1	1	1	1	1
					1	1	1	1	1	1	1	1	1
					1	1	1	1	1	1	1	1	1
					1	1	1	1	1	1	1	1	1
					1	1	1	1	1	1	1	1	1
					1	1	1	1	1	1	1	1	1
					1	1	1	1	1	1	1	1	1
					1	1	1	1	1	1	1	1	1
					1	1	1	1	1	1	1	1	1
					1	1	1	1	1	1	1	1	1
					1	1	1	1	1	1	1	1	1
					1	1	1	1	1	1	1	1	1
					1	1	1	1	1	1	1	1	1
					1	1	1	1	1	1	1	1	1
					1	1	1	1	1	1	1	1	1
					1	1	1	1	1	1	1	1	1
					1	1	1	1	1	1	1	1	1
					1	1	1	1	1	1	1	1	1
					1	1	1	1	1	1	1	1	1
					1	1	1	1	1	1	1	1	1
					1	1	1	1	1	1	1	1	1
					1	1	1	1	1	1	1	1	1
					1	1	1	1	1	1	1	1	1
					1	1	1	1	1	1	1	1	1
					1	1	1	1	1	1	1	1	1
					1	1	1	1	1	1	1	1	1
					1	1	1	1	1	1	1	1	1
					1	1	1	1	1	1	1	1	1
					1	1	1	1	1	1	1	1	1
					1	1	1	1	1	1	1	1	1
					1	1	1	1	1	1	1	1	1
					1	1	1	1	1	1	1	1	1
					1	1	1	1	1	1	1	1	1
					1	1	1	1	1	1	1	1	1
					1	1	1	1	1	1	1	1	1
					1	1	1	1	1	1	1	1	1
					1	1	1	1	1	1	1	1	1
					1	1	1	1	1	1	1	1	1
					1	1	1	1	1	1	1	1	1
					1	1	1	1	1	1	1	1	1
					1	1	1	1	1	1	1	1	1
					1	1	1	1	1	1	1	1	1
					1	1	1	1	1	1	1	1	1
					1	1	1	1	1	1	1	1	1
					1	1	1	1	1	1	1	1	1
					1	1	1	1	1	1	1	1	1
					1	1	1	1	1	1	1	1	1
					1	1	1	1	1	1	1	1	1
					1	1	1	1	1	1	1	1	1
					1	1	1	1	1	1	1	1	1
					1	1	1	1	1	1	1	1	1
					1	1	1	1	1	1	1	1	1
					1	1	1	1	1	1	1	1	1
					1	1	1	1	1	1	1	1	1
					1	1	1	1	1	1	1	1	1
					1	1	1	1	1	1	1	1	1
					1	1	1	1	1	1	1	1	1
					1	1	1	1	1	1	1	1	1
					1	1	1	1	1	1	1	1	1
					1	1	1	1	1	1	1	1	1
					1	1	1	1	1	1	1	1	1
					1	1	1	1	1	1	1	1	1
					1	1	1	1	1	1	1	1	1
					1	1	1	1	1	1	1	1	1
					1	1	1	1	1	1	1	1	1
					1	1	1	1	1	1	1	1	1
					1	1	1	1	1	1	1	1	1
					1	1	1	1	1	1	1	1	1
					1	1	1	1	1	1	1	1	1
					1	1	1	1	1	1	1	1	1
					1	1	1	1	1	1	1	1	1
					1	1	1	1	1	1	1	1	1
					1	1	1	1	1	1	1	1	1
					1	1	1	1	1	1	1	1	1
					1	1	1	1	1	1	1	1	1
					1	1	1	1	1	1	1	1	1
					1	1	1	1	1	1	1	1	1
					1	1	1	1	1	1	1	1	1
					1	1	1	1	1	1	1	1	1
					1	1	1	1	1	1	1	1	1
					1	1	1	1	1	1	1	1	1
					1	1	1	1	1	1	1	1	1
					1	1	1	1	1	1	1	1	1
					1	1	1	1	1	1	1	1	1
					1	1	1	1	1	1	1	1	1
					1	1	1	1	1	1	1	1	1
					1	1	1	1	1	1	1	1	1
					1	1	1	1	1	1	1	1	1
					1	1	1	1	1	1	1	1	1
					1	1	1	1	1	1	1	1	1
					1	1	1	1	1	1	1	1	1
					1	1	1	1	1	1	1	1	1
					1	1	1	1	1	1	1	1	1
					1	1	1	1	1	1	1	1	1
					1	1	1	1	1	1	1	1	1
					1	1	1	1	1	1	1	1	1
					1	1	1	1	1	1	1	1	1
					1	1	1	1	1	1	1	1	1
					1	1	1	1	1	1	1	1	1
					1	1	1	1	1	1	1	1	1
					1	1	1	1	1	1	1	1	1
					1	1	1	1	1	1	1	1	1
					1	1	1	1	1	1	1	1	1
					1	1	1	1	1	1	1	1	1
					1	1	1	1	1	1	1	1	1
					1	1	1	1	1	1	1	1	1
					1	1	1	1	1	1	1	1	1
					1	1	1	1	1	1	1	1	1
					1	1	1	1	1	1	1	1	1
					1	1	1	1	1	1	1	1	1
					1	1	1	1	1	1	1	1	1
					1	1	1	1	1	1	1	1	1
					1	1	1	1	1	1	1	1	1
					1	1	1	1	1	1	1	1	1
					1	1	1	1	1	1	1	1	1
					1	1	1	1	1	1	1	1	1
					1	1	1	1	1	1	1	1	1
					1	1	1	1	1	1	1	1	1
					1	1	1	1	1	1	1	1	1
					1	1	1	1	1	1	1	1	1
					1	1	1	1	1	1	1	1	1
					1	1	1	1	1	1	1	1	1
					1	1	1	1	1	1	1	1	1
					1	1	1	1	1	1	1	1	1
					1	1	1	1	1	1	1	1	1
					1	1	1	1	1	1	1	1	1
					1	1	1	1	1	1	1	1	1
					1	1	1	1	1	1	1	1	1
					1	1	1	1	1	1	1	1	1
					1	1	1	1	1	1	1	1	1
					1	1	1	1	1	1	1	1	1
					1	1	1	1	1	1	1	1	1
					1	1	1	1	1	1	1	1	1
					1	1	1	1	1	1	1	1	1
					1	1	1	1	1	1	1	1	1
					1	1	1	1	1	1	1	1	1
					1	1	1	1	1	1	1	1	1
					1	1	1	1	1	1	1	1	1
					1	1	1	1	1	1	1	1	1
					1	1	1	1	1	1	1	1	1
					1	1	1	1	1	1	1	1	1
					1	1	1	1	1	1	1	1	1
					1	1	1	1	1	1	1	1	1
					1	1	1	1	1	1	1	1	1
					1	1	1	1	1	1	1	1	1
					1	1	1	1	1	1	1	1	1
					1	1	1	1	1	1	1	1	1
					1	1	1	1	1	1	1	1	1
					1	1	1	1	1	1	1	1	1
					1	1	1	1	1	1	1	1	1
					1	1	1	1	1	1	1	1	1
					1	1	1	1	1	1	1	1	1
					1	1	1	1	1	1	1	1	1
					1	1	1	1	1	1	1	1	1
					1	1	1	1	1	1	1	1	1
					1	1	1	1	1	1	1	1	1
					1	1	1	1	1	1	1	1	1
					1	1	1	1	1	1	1	1	1
					1	1	1	1	1	1	1	1	1
					1	1	1	1	1	1	1	1	1
					1	1	1	1	1	1	1	1	1
					1	1	1	1	1	1	1	1	1
					1	1	1	1	1	1	1	1	1
					1	1	1	1	1	1	1	1	1
					1	1	1	1	1	1	1	1	1
					1	1	1	1	1	1	1	1	1
					1	1	1	1	1	1	1	1	1
					1	1	1	1	1	1	1	1	1
					1	1	1	1	1	1	1	1	1
					1	1	1	1	1	1	1	1	1
					1	1	1	1	1	1	1	1	1
					1	1	1	1	1	1	1	1	1
					1	1	1	1	1	1	1	1	1
					1	1	1	1	1	1	1	1	1
					1	1	1	1	1	1	1	1	1
					1	1	1	1	1	1	1	1	1
					1	1	1	1	1	1	1	1	1
					1	1	1	1	1	1	1	1	1
					1	1	1	1	1	1	1	1	1
					1	1	1	1	1	1	1	1	1
					1	1	1	1	1	1	1	1	1
					1	1	1	1	1	1	1	1	1
					1	1	1	1	1	1	1	1	1
					1	1	1	1	1	1	1	1	1
					1	1	1	1	1	1	1	1	1
					1	1	1	1	1	1	1	1	1
					1	1	1	1	1	1	1	1	1
					1	1	1	1	1	1	1	1	1
					1	1	1	1	1	1	1	1	1
					1	1	1	1	1	1	1	1	1
					1	1	1	1	1	1	1	1	1
					1	1	1	1	1	1	1	1	1
					1	1	1	1	1	1	1	1	1
					1	1	1	1	1	1	1	1	1
					1	1	1	1	1	1	1	1	1
					1	1	1	1	1	1	1	1	1
					1	1	1	1	1	1	1	1	1
					1	1	1	1	1	1	1	1	1
					1	1	1	1	1	1	1	1	1
					1	1	1	1	1	1	1	1	1
					1	1	1	1	1	1	1	1	1
					1	1	1	1	1	1	1	1	1
					1	1	1	1	1	1	1	1	1
					1	1	1	1	1	1	1	1	1
					1	1	1	1	1	1	1	1	1
					1	1	1	1	1	1	1	1	1
					1	1	1	1	1	1	1	1	1
					1	1	1	1	1	1	1	1	1
					1	1	1	1	1	1	1	1	1
					1	1	1	1	1	1	1	1	1
					1	1	1	1	1	1	1	1	1
					1	1	1	1	1	1	1	1	1
					1	1	1	1	1	1	1	1	1
					1	1	1	1	1	1	1	1	1
					1	1	1	1	1	1	1	1	1
					1	1	1	1	1	1	1	1	1
					1	1	1	1	1	1	1	1	1
					1	1	1	1	
				</DataArray>
			</CellData>
		</Piece>
	</UnstructuredGrid>
</VTKFile>
