GOCAD TSolid 1
HEADER {
name:fault6
}
PROPERTIES permeability
NO_DATA_VALUES 1e-16 
PROPERTY_CLASSES permeability
ESIZES 1 
TVOLUME
PVRTX 1 0.373512685 0.657558024 1.51156473 1e-16 
PVRTX 2 0.368054718 0.643152416 1.46915245 1e-16 
PVRTX 3 0.397348136 0.66324538 1.48130453 1e-16 
PVRTX 4 0.404066712 0.641986251 1.50509429 1e-16 
PVRTX 5 0.350482583 0.671403766 1.48929834 1e-16 
PVRTX 6 0.385116279 0.697674453 1.5 1e-12 CNXYZ
PVRTX 7 0.39431864 0.68884629 1.52499998 1e-12 CNXYZ
PVRTX 8 0.380132586 0.689078808 1.52499998 1e-12 CNXYZ
PVRTX 9 0.335155994 0.666363001 1.51639736 1e-16 
PVRTX 10 0.332544118 0.6158005 1.50936031 1e-16 
PVRTX 11 0.388600916 0.589376628 1.49917483 1e-16 
PVRTX 12 0.37411651 0.63313067 1.53648114 1e-16 
PVRTX 13 0.403520972 0.680018067 1.54999995 1e-12 CNXYZ
PVRTX 14 0.389334917 0.680250645 1.54999995 1e-12 CNXYZ
PVRTX 15 0.375148892 0.680483222 1.54999995 1e-12 CNXYZ
PVRTX 16 0.287668467 0.645522833 1.5656141 1e-16 
PVRTX 17 0.370165169 0.671887577 1.57499993 1e-12 CNXYZ
PVRTX 18 0.315855861 0.711219847 1.53150594 1e-16 
PVRTX 19 0.242192507 0.687428474 1.50493252 1e-16 
PVRTX 20 0.247402295 0.613074064 1.50429702 1e-16 
PVRTX 21 0.313603371 0.678425193 1.47164369 1e-16 
PVRTX 22 0.345703125 0.730966926 1.47334027 1e-16 
PVRTX 23 0.377129167 0.731363118 1.44407463 1e-16 
PVRTX 24 0.345802456 0.713323653 1.40812957 1e-16 
PVRTX 25 0.328042775 0.618844867 1.42134047 1e-16 
PVRTX 26 0.279957652 0.630881071 1.44416475 1e-16 
PVRTX 27 0.285852343 0.585150123 1.50349939 1e-16 
PVRTX 28 0.230782151 0.519895077 1.37937808 1e-16 CNXYZ
PVRTX 29 0.230782151 0.613180161 1.37937808 1e-16 CNXYZ
PVRTX 30 0.295547754 0.680603385 1.37077987 1e-16 
PVRTX 31 0.230782151 0.706465244 1.37937808 1e-16 CNXYZ
PVRTX 32 0.402377516 0.652430058 1.41482759 1e-16 
PVRTX 33 0.404368788 0.617165148 1.46795535 1e-16 
PVRTX 34 0.442849219 0.609293342 1.50923395 1e-16 
PVRTX 35 0.426343143 0.655496955 1.46137631 1e-16 
PVRTX 36 0.415762633 0.706246138 1.47500002 1e-12 CNXYZ
PVRTX 37 0.429948986 0.666842937 1.49426436 1e-16 
PVRTX 38 0.413488388 0.697209358 1.5 1e-12 CNXYZ
PVRTX 39 0.427674413 0.696976781 1.5 1e-12 CNXYZ
PVRTX 40 0.429948688 0.70601362 1.47500002 1e-12 CNXYZ
PVRTX 41 0.442790687 0.696744263 1.5 1e-12 CNXYZ
PVRTX 42 0.457156003 0.670427084 1.45932007 1e-16 
PVRTX 43 0.446408987 0.714817882 1.45000005 1e-12 CNXYZ
PVRTX 44 0.4605667 0.662059724 1.42218173 1e-16 
PVRTX 45 0.458322406 0.613938808 1.46048546 1e-16 
PVRTX 46 0.41816473 0.520787179 1.42319191 1e-16 
PVRTX 47 0.473978072 0.650545716 1.48426986 1e-16 
PVRTX 48 0.465116262 0.696976781 1.5 1e-12 CNXYZ
PVRTX 49 0.443202615 0.68798089 1.52499998 1e-12 CNXYZ
PVRTX 50 0.46552819 0.688213468 1.52499998 1e-12 CNXYZ
PVRTX 51 0.464295596 0.640621066 1.54034567 1e-16 
PVRTX 52 0.427089304 0.6346668 1.54370391 1e-16 
PVRTX 53 0.422690719 0.688381195 1.52499998 1e-12 CNXYZ
PVRTX 54 0.408504665 0.688613713 1.52499998 1e-12 CNXYZ
PVRTX 55 0.403166085 0.602600157 1.5654695 1e-16 
PVRTX 56 0.404165447 0.671254694 1.57499993 1e-12 CNXYZ
PVRTX 57 0.423335195 0.679617763 1.54999995 1e-12 CNXYZ
PVRTX 58 0.4239797 0.670854449 1.57499993 1e-12 CNXYZ
PVRTX 59 0.443149447 0.679217517 1.54999995 1e-12 CNXYZ
PVRTX 60 0.453148156 0.661675811 1.55845678 1e-16 
PVRTX 61 0.448212266 0.640271187 1.56119132 1e-16 
PVRTX 62 0.443793923 0.670454144 1.57499993 1e-12 CNXYZ
PVRTX 63 0.465940118 0.679450035 1.54999995 1e-12 CNXYZ
PVRTX 64 0.466352046 0.670686722 1.57499993 1e-12 CNXYZ
PVRTX 65 0.474816263 0.65806675 1.55143917 1e-16 
PVRTX 66 0.455280185 0.650476098 1.58174515 1e-16 
PVRTX 67 0.490300894 0.66488266 1.51145649 1e-16 
PVRTX 68 0.494825721 0.654597104 1.54022825 1e-16 
PVRTX 69 0.487853795 0.688445985 1.52499998 1e-12 CNXYZ
PVRTX 70 0.487441868 0.697209358 1.5 1e-12 CNXYZ
PVRTX 71 0.496619314 0.631720185 1.5139606 1e-16 
PVRTX 72 0.516696513 0.656823277 1.52056623 1e-16 
PVRTX 73 0.502098978 0.66971761 1.52790964 1e-16 
PVRTX 74 0.504546046 0.665941954 1.49632788 1e-16 
PVRTX 75 0.5101794 0.688678503 1.52499998 1e-12 CNXYZ
PVRTX 76 0.525174975 0.674921989 1.50624514 1e-16 
PVRTX 77 0.527089536 0.671232045 1.52849269 1e-16 
PVRTX 78 0.526393592 0.658625722 1.54329312 1e-16 
PVRTX 79 0.509480953 0.680883467 1.54999995 1e-12 CNXYZ
PVRTX 80 0.530696154 0.682084322 1.54999995 1e-12 CNXYZ
PVRTX 81 0.544202089 0.676055968 1.53436637 1e-16 
PVRTX 82 0.531394601 0.689879417 1.52499998 1e-12 CNXYZ
PVRTX 83 0.539628088 0.659748793 1.5190388 1e-16 
PVRTX 84 0.509767473 0.697441936 1.5 1e-12 CNXYZ
PVRTX 85 0.524564505 0.675494432 1.47896969 1e-16 
PVRTX 86 0.532037318 0.656434834 1.49155927 1e-16 
PVRTX 87 0.550821781 0.673454344 1.50408506 1e-16 
PVRTX 88 0.532093048 0.697674453 1.5 1e-12 CNXYZ
PVRTX 89 0.525995195 0.706246138 1.47500002 1e-12 CNXYZ
PVRTX 90 0.50366962 0.70601362 1.47500002 1e-12 CNXYZ
PVRTX 91 0.488175184 0.677344322 1.46222615 1e-16 
PVRTX 92 0.505499482 0.650692523 1.45939219 1e-16 
PVRTX 93 0.5356794 0.673354805 1.4529916 1e-16 
PVRTX 94 0.519897342 0.714817882 1.45000005 1e-12 CNXYZ
PVRTX 95 0.497571766 0.714585364 1.45000005 1e-12 CNXYZ
PVRTX 96 0.481344044 0.705781102 1.47500002 1e-12 CNXYZ
PVRTX 97 0.459018439 0.705548525 1.47500002 1e-12 CNXYZ
PVRTX 98 0.474781096 0.714352846 1.45000005 1e-12 CNXYZ
PVRTX 99 0.497075856 0.672976017 1.4318918 1e-16 
PVRTX 100 0.542992175 0.638708174 1.52813399 1e-16 
PVRTX 101 0.550837815 0.659258485 1.53930831 1e-16 
PVRTX 102 0.553021729 0.68138665 1.54999995 1e-12 CNXYZ
PVRTX 103 0.553720176 0.689181685 1.52499998 1e-12 CNXYZ
PVRTX 104 0.564417839 0.673853993 1.53383839 1e-16 
PVRTX 105 0.569853842 0.659444749 1.49371231 1e-16 
PVRTX 106 0.569521666 0.656762004 1.52338922 1e-16 
PVRTX 107 0.582997084 0.661402941 1.54096639 1e-16 
PVRTX 108 0.564535379 0.663727522 1.5593369 1e-16 
PVRTX 109 0.575347304 0.680688977 1.54999995 1e-12 CNXYZ
PVRTX 110 0.576045752 0.688484073 1.52499998 1e-12 CNXYZ
PVRTX 111 0.583058655 0.67052263 1.52394462 1e-16 
PVRTX 112 0.57190764 0.676456988 1.50661099 1e-16 
PVRTX 113 0.597740531 0.675685287 1.5071373 1e-16 
PVRTX 114 0.576744199 0.696279109 1.5 1e-12 CNXYZ
PVRTX 115 0.554418623 0.696976781 1.5 1e-12 CNXYZ
PVRTX 116 0.550413132 0.674926698 1.47823989 1e-16 
PVRTX 117 0.585734963 0.671628356 1.47491527 1e-16 
PVRTX 118 0.538876772 0.704512119 1.47500002 1e-12 CNXYZ
PVRTX 119 0.558219314 0.643530726 1.46122885 1e-16 
PVRTX 120 0.59008193 0.643366277 1.47493005 1e-16 
PVRTX 121 0.572926104 0.674826264 1.45138562 1e-16 
PVRTX 122 0.60851723 0.674917817 1.44630146 1e-16 
PVRTX 123 0.616932988 0.660601616 1.47648656 1e-16 
PVRTX 124 0.599069774 0.695581436 1.5 1e-12 CNXYZ
PVRTX 125 0.62139535 0.694883764 1.5 1e-12 CNXYZ
PVRTX 126 0.62366724 0.659928679 1.50983667 1e-16 
PVRTX 127 0.59845984 0.637194872 1.50513256 1e-16 
PVRTX 128 0.595160306 0.655516326 1.52281463 1e-16 
PVRTX 129 0.598363876 0.682490289 1.54999995 1e-12 CNXYZ
PVRTX 130 0.575339854 0.675392866 1.57499993 1e-12 CNXYZ
PVRTX 131 0.598356366 0.677194178 1.57499993 1e-12 CNXYZ
PVRTX 132 0.614875913 0.656000555 1.53925502 1e-16 
PVRTX 133 0.589194834 0.640410781 1.54671049 1e-16 
PVRTX 134 0.598371327 0.687786341 1.52499998 1e-12 CNXYZ
PVRTX 135 0.621387839 0.689587712 1.52499998 1e-12 CNXYZ
PVRTX 136 0.643015742 0.690052807 1.52499998 1e-12 CNXYZ
PVRTX 137 0.657888412 0.652330577 1.53272688 1e-16 
PVRTX 138 0.630854189 0.631098151 1.54834914 1e-16 
PVRTX 139 0.560183764 0.598611653 1.50584328 1e-16 
PVRTX 140 0.606981158 0.628706217 1.45212734 1e-16 
PVRTX 141 0.552398801 0.571154654 1.41754138 1e-16 
PVRTX 142 0.56953913 0.624583721 1.40892625 1e-16 
PVRTX 143 0.555418849 0.669834793 1.42038286 1e-16 
PVRTX 144 0.55664295 0.710854411 1.45000005 1e-12 CNXYZ
PVRTX 145 0.567625344 0.710358918 1.45000005 1e-12 CNXYZ
PVRTX 146 0.574409127 0.717196584 1.42499995 1e-12 CNXYZ
PVRTX 147 0.585391521 0.71670115 1.42499995 1e-12 CNXYZ
PVRTX 148 0.603361547 0.664695501 1.41380751 1e-16 
PVRTX 149 0.589950919 0.709661245 1.45000005 1e-12 CNXYZ
PVRTX 150 0.594510317 0.702621341 1.47500002 1e-12 CNXYZ
PVRTX 151 0.616835952 0.701923668 1.47500002 1e-12 CNXYZ
PVRTX 152 0.643023252 0.695348859 1.5 1e-12 CNXYZ
PVRTX 153 0.645073354 0.670731306 1.4821986 1e-16 
PVRTX 154 0.649975061 0.642747939 1.49315429 1e-16 
PVRTX 155 0.657430232 0.667939484 1.50828767 1e-16 
PVRTX 156 0.664651155 0.695814013 1.5 1e-12 CNXYZ
PVRTX 157 0.682607055 0.665898204 1.47429371 1e-16 
PVRTX 158 0.686279058 0.696279168 1.5 1e-12 CNXYZ
PVRTX 159 0.682169616 0.653474331 1.50383306 1e-16 
PVRTX 160 0.653658986 0.652714372 1.459203 1e-16 
PVRTX 161 0.65866828 0.681361496 1.45164549 1e-16 
PVRTX 162 0.668431759 0.703266799 1.47500002 1e-12 CNXYZ
PVRTX 163 0.646803856 0.702801645 1.47500002 1e-12 CNXYZ
PVRTX 164 0.629373431 0.681029797 1.45832121 1e-16 
PVRTX 165 0.638727307 0.676133573 1.42978477 1e-16 
PVRTX 166 0.690787971 0.668782532 1.42922783 1e-16 
PVRTX 167 0.654364944 0.717707217 1.42499995 1e-12 CNXYZ
PVRTX 168 0.672212303 0.710719585 1.45000005 1e-12 CNXYZ
PVRTX 169 0.690059662 0.703731894 1.47500002 1e-12 CNXYZ
PVRTX 170 0.704384506 0.641020536 1.4689728 1e-16 
PVRTX 171 0.707906961 0.696744263 1.5 1e-12 CNXYZ
PVRTX 172 0.670880139 0.586923838 1.43978941 1e-16 
PVRTX 173 0.620616496 0.709376454 1.45000005 1e-12 CNXYZ
PVRTX 174 0.628956497 0.709789276 1.45000005 1e-12 CNXYZ
PVRTX 175 0.6505844 0.710254431 1.45000005 1e-12 CNXYZ
PVRTX 176 0.632737041 0.717242062 1.42499995 1e-12 CNXYZ
PVRTX 177 0.624397039 0.716829181 1.42499995 1e-12 CNXYZ
PVRTX 178 0.616057038 0.716416359 1.42499995 1e-12 CNXYZ
PVRTX 179 0.612276495 0.708963573 1.45000005 1e-12 CNXYZ
PVRTX 180 0.607717037 0.716003478 1.42499995 1e-12 CNXYZ
PVRTX 181 0.624804258 0.689252675 1.4005059 1e-16 
PVRTX 182 0.619837642 0.723869085 1.39999998 1e-12 CNXYZ
PVRTX 183 0.611497641 0.723456264 1.39999998 1e-12 CNXYZ
PVRTX 184 0.60315764 0.723043382 1.39999998 1e-12 CNXYZ
PVRTX 185 0.592175245 0.723538876 1.39999998 1e-12 CNXYZ
PVRTX 186 0.614504099 0.678713381 1.36878777 1e-16 
PVRTX 187 0.614802003 0.630691826 1.37521207 1e-16 
PVRTX 188 0.65618521 0.675599873 1.39329123 1e-16 
PVRTX 189 0.636517644 0.724694848 1.39999998 1e-12 CNXYZ
PVRTX 190 0.628177643 0.724281967 1.39999998 1e-12 CNXYZ
PVRTX 191 0.59077853 0.711776793 1.34249449 1e-16 
PVRTX 192 0.623038113 0.739483356 1.37607205 1e-16 
PVRTX 193 0.655200303 0.692744613 1.34392345 1e-16 
PVRTX 194 0.610837042 0.726181149 1.39999998 1e-12 CNXYZ
PVRTX 195 0.602497041 0.725768328 1.39999998 1e-12 CNXYZ
PVRTX 196 0.599951982 0.74452579 1.36432838 1e-16 
PVRTX 197 0.629829228 0.748986006 1.35240996 1e-16 
PVRTX 198 0.682036877 0.753393054 1.3552711 1e-16 
PVRTX 199 0.653718293 0.772417247 1.36969709 1e-16 
PVRTX 200 0.620068371 0.764733791 1.38313675 1e-16 
PVRTX 201 0.637697875 0.804980159 1.36228168 1e-16 
PVRTX 202 0.645663619 0.798191905 1.31478441 1e-16 
PVRTX 203 0.687317491 0.777794003 1.31842637 1e-16 
PVRTX 204 0.685791254 0.79887867 1.3583678 1e-16 
PVRTX 205 0.677794695 0.807359099 1.2618041 1e-16 
PVRTX 206 0.681159675 0.741434932 1.30558562 1e-16 
PVRTX 207 0.724678874 0.748564005 1.35713029 1e-16 
PVRTX 208 0.751649141 0.823964477 1.36103761 1e-16 
PVRTX 209 0.736655354 0.772670388 1.29496825 1e-16 
PVRTX 210 0.676788926 0.893035471 1.37937808 1e-16 CNXYZ
PVRTX 211 0.689372361 0.84020251 1.39812493 1e-16 
PVRTX 212 0.726859987 0.801909328 1.41884732 1e-16 
PVRTX 213 0.745779455 0.850616634 1.40373623 1e-16 
PVRTX 214 0.784404755 0.832806945 1.43128371 1e-16 
PVRTX 215 0.722378731 0.856070697 1.44835258 1e-16 
PVRTX 216 0.732539773 0.893035471 1.37937808 1e-16 CNXYZ
PVRTX 217 0.78829062 0.893035471 1.37937808 1e-16 CNXYZ
PVRTX 218 0.749550223 0.862406969 1.52216792 1e-16 
PVRTX 219 0.656290293 0.863031685 1.4391799 1e-16 
PVRTX 220 0.675714493 0.841741741 1.51035476 1e-16 
PVRTX 221 0.658929586 0.783105791 1.46496606 1e-16 
PVRTX 222 0.625307262 0.833707452 1.42293239 1e-16 
PVRTX 223 0.651753366 0.782654047 1.40524042 1e-16 
PVRTX 224 0.610141814 0.833910704 1.33454692 1e-16 
PVRTX 225 0.615956545 0.803157091 1.39709795 1e-16 
PVRTX 226 0.590988576 0.782818973 1.36240876 1e-16 
PVRTX 227 0.582790256 0.807133555 1.40996337 1e-16 
PVRTX 228 0.583239615 0.78299278 1.4116298 1e-16 
PVRTX 229 0.608623028 0.78474319 1.45447159 1e-16 
PVRTX 230 0.57765162 0.801551878 1.45108867 1e-16 
PVRTX 231 0.581701577 0.826454043 1.43711686 1e-16 
PVRTX 232 0.551896393 0.793955088 1.42749107 1e-16 
PVRTX 233 0.546411633 0.775950432 1.39586985 1e-16 
PVRTX 234 0.550263286 0.815930068 1.39400923 1e-16 
PVRTX 235 0.59218812 0.764882684 1.38831949 1e-16 
PVRTX 236 0.558981121 0.76065135 1.42023122 1e-16 
PVRTX 237 0.530194521 0.758481324 1.41837037 1e-16 
PVRTX 238 0.54001689 0.763871193 1.44504082 1e-16 
PVRTX 239 0.55510366 0.729865909 1.42499995 1e-12 CNXYZ
PVRTX 240 0.551300943 0.736255288 1.39999998 1e-12 CNXYZ
PVRTX 241 0.541050434 0.753830373 1.37737346 1e-16 
PVRTX 242 0.563604474 0.735677242 1.39999998 1e-12 CNXYZ
PVRTX 243 0.559615135 0.77579391 1.35830343 1e-16 
PVRTX 244 0.519376457 0.781955302 1.3667202 1e-16 
PVRTX 245 0.547437608 0.750453949 1.33396029 1e-16 
PVRTX 246 0.553622842 0.793952286 1.34097481 1e-16 
PVRTX 247 0.57987076 0.770535409 1.34044898 1e-16 
PVRTX 248 0.56485039 0.741663933 1.36530316 1e-16 
PVRTX 249 0.581586599 0.743388891 1.33634543 1e-16 
PVRTX 250 0.538277388 0.728001952 1.37638652 1e-16 
PVRTX 251 0.54805243 0.711737096 1.35733593 1e-16 
PVRTX 252 0.518883824 0.746896029 1.35946512 1e-16 
PVRTX 253 0.518601537 0.733034849 1.39999998 1e-12 CNXYZ
PVRTX 254 0.529501319 0.734108329 1.39999998 1e-12 CNXYZ
PVRTX 255 0.540401101 0.735181808 1.39999998 1e-12 CNXYZ
PVRTX 256 0.54254806 0.732291698 1.39999998 1e-12 CNXYZ
PVRTX 257 0.544529796 0.7294842 1.39999998 1e-12 CNXYZ
PVRTX 258 0.533795178 0.728328109 1.39999998 1e-12 CNXYZ
PVRTX 259 0.531648278 0.731218219 1.39999998 1e-12 CNXYZ
PVRTX 260 0.520748436 0.730144739 1.39999998 1e-12 CNXYZ
PVRTX 261 0.524039149 0.687343657 1.41059268 1e-16 
PVRTX 262 0.52684629 0.721572995 1.42499995 1e-12 CNXYZ
PVRTX 263 0.539727867 0.719838977 1.42499995 1e-12 CNXYZ
PVRTX 264 0.54651165 0.726676643 1.39999998 1e-12 CNXYZ
PVRTX 265 0.553282738 0.73344779 1.39999998 1e-12 CNXYZ
PVRTX 266 0.555264473 0.730640233 1.39999998 1e-12 CNXYZ
PVRTX 267 0.557246268 0.727832675 1.39999998 1e-12 CNXYZ
PVRTX 268 0.559228063 0.725025177 1.39999998 1e-12 CNXYZ
PVRTX 269 0.556098521 0.66724813 1.35867107 1e-16 
PVRTX 270 0.50518167 0.689344645 1.37853825 1e-16 
PVRTX 271 0.519476891 0.716956139 1.3708365 1e-16 
PVRTX 272 0.507701695 0.73196137 1.39999998 1e-12 CNXYZ
PVRTX 273 0.491473943 0.723157108 1.42499995 1e-12 CNXYZ
PVRTX 274 0.513799548 0.723389626 1.42499995 1e-12 CNXYZ
PVRTX 275 0.52392292 0.722949147 1.33278191 1e-16 
PVRTX 276 0.490947396 0.74102962 1.33171821 1e-16 
PVRTX 277 0.482709467 0.72540307 1.3658011 1e-16 
PVRTX 278 0.519986391 0.698751211 1.30613971 1e-16 
PVRTX 279 0.477055341 0.723389626 1.42499995 1e-12 CNXYZ
PVRTX 280 0.441073239 0.715380549 1.34353697 1e-16 
PVRTX 281 0.411734521 0.793535471 1.37408853 1e-16 
PVRTX 282 0.499467254 0.757077694 1.41843128 1e-16 
PVRTX 283 0.516247809 0.764629006 1.39378297 1e-16 
PVRTX 284 0.496822774 0.727110565 1.42499995 1e-12 CNXYZ
PVRTX 285 0.507722616 0.728184044 1.42499995 1e-12 CNXYZ
PVRTX 286 0.511620879 0.757759929 1.44943249 1e-16 
PVRTX 287 0.470552444 0.757772624 1.4456501 1e-16 
PVRTX 288 0.496843666 0.72333324 1.45000005 1e-12 CNXYZ
PVRTX 289 0.485943854 0.72225976 1.45000005 1e-12 CNXYZ
PVRTX 290 0.44327575 0.793169618 1.44064891 1e-16 
PVRTX 291 0.491082013 0.788549304 1.44769526 1e-16 
PVRTX 292 0.487266988 0.75548172 1.47993398 1e-16 
PVRTX 293 0.464442909 0.809539914 1.48292565 1e-16 
PVRTX 294 0.485809058 0.824502468 1.44045484 1e-16 
PVRTX 295 0.518621624 0.782004356 1.47419834 1e-16 
PVRTX 296 0.478321612 0.785276055 1.52305114 1e-16 
PVRTX 297 0.444377601 0.765089154 1.48652208 1e-16 
PVRTX 298 0.429150522 0.839822829 1.49805212 1e-16 
PVRTX 299 0.483294606 0.868833423 1.50298023 1e-16 
PVRTX 300 0.43213287 0.807100892 1.5411551 1e-16 
PVRTX 301 0.398034692 0.893035471 1.62937808 1e-16 CNXYZ
PVRTX 302 0.446676195 0.798448205 1.59264398 1e-16 
PVRTX 303 0.430228949 0.753213763 1.54663503 1e-16 
PVRTX 304 0.522743821 0.808749974 1.54139805 1e-16 
PVRTX 305 0.509536386 0.893035471 1.62937808 1e-16 CNXYZ
PVRTX 306 0.453785539 0.893035471 1.37937808 1e-16 CNXYZ
PVRTX 307 0.565287232 0.893035471 1.37937808 1e-16 CNXYZ
PVRTX 308 0.509536386 0.814190149 1.32528269 1e-16 
PVRTX 309 0.453785539 0.893035471 1.12937808 1e-16 CNXYZ
PVRTX 310 0.45621416 0.766293943 1.2709769 1e-16 
PVRTX 311 0.342283845 0.893035471 1.37937808 1e-16 CNXYZ
PVRTX 312 0.371376067 0.749044776 1.29529512 1e-16 
PVRTX 313 0.515106738 0.783521414 1.41993952 1e-16 
PVRTX 314 0.518622398 0.729257524 1.42499995 1e-12 CNXYZ
PVRTX 315 0.507743478 0.724406719 1.45000005 1e-12 CNXYZ
PVRTX 316 0.518047571 0.748635948 1.47894084 1e-16 
PVRTX 317 0.533324897 0.723941624 1.45000005 1e-12 CNXYZ
PVRTX 318 0.567162991 0.767586768 1.47829676 1e-16 
PVRTX 319 0.537127614 0.717552245 1.47500002 1e-12 CNXYZ
PVRTX 320 0.511546135 0.71801734 1.47500002 1e-12 CNXYZ
PVRTX 321 0.515348852 0.71162796 1.5 1e-12 CNXYZ
PVRTX 322 0.489767432 0.712093115 1.5 1e-12 CNXYZ
PVRTX 323 0.517023206 0.765307546 1.50570476 1e-16 
PVRTX 324 0.540930271 0.711162806 1.5 1e-12 CNXYZ
PVRTX 325 0.469859391 0.744908512 1.53353691 1e-16 
PVRTX 326 0.464186043 0.71255821 1.5 1e-12 CNXYZ
PVRTX 327 0.475064933 0.717409015 1.47500002 1e-12 CNXYZ
PVRTX 328 0.485964775 0.718482494 1.47500002 1e-12 CNXYZ
PVRTX 329 0.4552975 0.713688016 1.47500002 1e-12 CNXYZ
PVRTX 330 0.46617642 0.718538821 1.45000005 1e-12 CNXYZ
PVRTX 331 0.395010889 0.750207782 1.38301706 1e-16 
PVRTX 332 0.376498938 0.65461266 1.33722889 1e-16 
PVRTX 333 0.350106716 0.76055187 1.37036848 1e-16 
PVRTX 334 0.367138863 0.779673159 1.44163263 1e-16 
PVRTX 335 0.451277971 0.683352947 1.23658466 1e-16 
PVRTX 336 0.492146432 0.618154526 1.27887225 1e-16 
PVRTX 337 0.464714378 0.606297731 1.36143231 1e-16 
PVRTX 338 0.531181455 0.60456109 1.33657897 1e-16 
PVRTX 339 0.579543591 0.622247756 1.28623927 1e-16 
PVRTX 340 0.524148405 0.538759828 1.31090188 1e-16 
PVRTX 341 0.515853345 0.64278841 1.41194499 1e-16 
PVRTX 342 0.545660555 0.711349845 1.45000005 1e-12 CNXYZ
PVRTX 343 0.532944083 0.713001251 1.45000005 1e-12 CNXYZ
PVRTX 344 0.460595042 0.714585364 1.45000005 1e-12 CNXYZ
PVRTX 345 0.444134742 0.705781102 1.47500002 1e-12 CNXYZ
PVRTX 346 0.549859166 0.704016685 1.47500002 1e-12 CNXYZ
PVRTX 347 0.572184801 0.703319013 1.47500002 1e-12 CNXYZ
PVRTX 348 0.552444339 0.718187511 1.42499995 1e-12 CNXYZ
PVRTX 349 0.563426733 0.717692077 1.42499995 1e-12 CNXYZ
PVRTX 350 0.570210457 0.724529743 1.39999998 1e-12 CNXYZ
PVRTX 351 0.510044992 0.641261458 1.55000138 1e-16 
PVRTX 352 0.488265723 0.679682612 1.54999995 1e-12 CNXYZ
PVRTX 353 0.508782506 0.673088431 1.57499993 1e-12 CNXYZ
PVRTX 354 0.482750475 0.641891956 1.56605172 1e-16 
PVRTX 355 0.487567306 0.671887517 1.57499993 1e-12 CNXYZ
PVRTX 356 0.461016625 0.613006592 1.56501353 1e-16 
PVRTX 357 0.424624175 0.662091017 1.5999999 1e-12 CNXYZ
PVRTX 358 0.444438398 0.661690772 1.5999999 1e-12 CNXYZ
PVRTX 359 0.465653628 0.662891626 1.5999999 1e-12 CNXYZ
PVRTX 360 0.499635965 0.620388448 1.58203554 1e-16 
PVRTX 361 0.486868858 0.664092481 1.5999999 1e-12 CNXYZ
PVRTX 362 0.485918939 0.596264005 1.61555791 1e-16 
PVRTX 363 0.443237543 0.655486345 1.62499988 1e-12 CNXYZ
PVRTX 364 0.42342332 0.65588659 1.62499988 1e-12 CNXYZ
PVRTX 365 0.460049629 0.65588659 1.62499988 1e-12 CNXYZ
PVRTX 366 0.458848774 0.649682164 1.64999986 1e-12 CNXYZ
PVRTX 367 0.475660831 0.650082409 1.64999986 1e-12 CNXYZ
PVRTX 368 0.48126483 0.657087445 1.62499988 1e-12 CNXYZ
PVRTX 369 0.496876061 0.651283264 1.64999986 1e-12 CNXYZ
PVRTX 370 0.50248009 0.6582883 1.62499988 1e-12 CNXYZ
PVRTX 371 0.542381227 0.610089302 1.60933602 1e-16 
PVRTX 372 0.502947211 0.546400547 1.59082365 1e-16 
PVRTX 373 0.52621603 0.592073441 1.65508151 1e-16 
PVRTX 374 0.559891284 0.564518869 1.59215248 1e-16 
PVRTX 375 0.598927736 0.606054962 1.61591434 1e-16 
PVRTX 376 0.561322331 0.653885126 1.64999986 1e-12 CNXYZ
PVRTX 377 0.544109941 0.651683569 1.64999986 1e-12 CNXYZ
PVRTX 378 0.531100631 0.652083874 1.64999986 1e-12 CNXYZ
PVRTX 379 0.518091321 0.652484119 1.64999986 1e-12 CNXYZ
PVRTX 380 0.52369535 0.659489155 1.62499988 1e-12 CNXYZ
PVRTX 381 0.536660254 0.632685483 1.58620691 1e-16 
PVRTX 382 0.527545333 0.597714782 1.5500679 1e-16 
PVRTX 383 0.575274825 0.628042161 1.58515728 1e-16 
PVRTX 384 0.55391705 0.661290407 1.62499988 1e-12 CNXYZ
PVRTX 385 0.552315831 0.668295503 1.5999999 1e-12 CNXYZ
PVRTX 386 0.536704659 0.65908885 1.62499988 1e-12 CNXYZ
PVRTX 387 0.529299319 0.666494191 1.5999999 1e-12 CNXYZ
PVRTX 388 0.593939424 0.637229979 1.60970426 1e-16 
PVRTX 389 0.575332403 0.670096755 1.5999999 1e-12 CNXYZ
PVRTX 390 0.577410221 0.648142695 1.56845403 1e-16 
PVRTX 391 0.615109444 0.636225283 1.58549356 1e-16 
PVRTX 392 0.598348916 0.671898067 1.5999999 1e-12 CNXYZ
PVRTX 393 0.621365428 0.673699379 1.5999999 1e-12 CNXYZ
PVRTX 394 0.638542473 0.646155357 1.61024368 1e-16 
PVRTX 395 0.634958267 0.620184183 1.62420273 1e-16 
PVRTX 396 0.611239493 0.642396092 1.63188958 1e-16 
PVRTX 397 0.647676706 0.641747415 1.63899684 1e-16 
PVRTX 398 0.66557765 0.642571986 1.62201083 1e-16 
PVRTX 399 0.6459831 0.673699379 1.62499988 1e-12 CNXYZ
PVRTX 400 0.654188991 0.671697974 1.64999986 1e-12 CNXYZ
PVRTX 401 0.637777209 0.66969651 1.64999986 1e-12 CNXYZ
PVRTX 402 0.64758575 0.660906672 1.65869331 1e-16 
PVRTX 403 0.658998489 0.639540672 1.65977371 1e-16 
PVRTX 404 0.626168907 0.652684271 1.67499995 1e-12 CNXYZ
PVRTX 405 0.624567747 0.659689307 1.64999986 1e-12 CNXYZ
PVRTX 406 0.631172478 0.664692879 1.64999986 1e-12 CNXYZ
PVRTX 407 0.639378369 0.662691474 1.67499995 1e-12 CNXYZ
PVRTX 408 0.6459831 0.667695045 1.67499995 1e-12 CNXYZ
PVRTX 409 0.656764209 0.647579253 1.68220556 1e-16 
PVRTX 410 0.632773638 0.657687902 1.67499995 1e-12 CNXYZ
PVRTX 411 0.634374797 0.650682807 1.69999993 1e-12 CNXYZ
PVRTX 412 0.627770066 0.645679235 1.69999993 1e-12 CNXYZ
PVRTX 413 0.677327156 0.617028058 1.72411418 1e-16 
PVRTX 414 0.633231521 0.59102571 1.67508221 1e-16 
PVRTX 415 0.685394704 0.62626338 1.67649817 1e-16 
PVRTX 416 0.662394941 0.66969651 1.67499995 1e-12 CNXYZ
PVRTX 417 0.65418905 0.665693641 1.69999993 1e-12 CNXYZ
PVRTX 418 0.696909666 0.573829412 1.70514607 1e-16 
PVRTX 419 0.665433824 0.597729087 1.64178455 1e-16 
PVRTX 420 0.617567539 0.617036939 1.64754987 1e-16 
PVRTX 421 0.622966588 0.666694343 1.62499988 1e-12 CNXYZ
PVRTX 422 0.629571319 0.671697974 1.62499988 1e-12 CNXYZ
PVRTX 423 0.637777209 0.675700843 1.5999999 1e-12 CNXYZ
PVRTX 424 0.654188991 0.677702308 1.5999999 1e-12 CNXYZ
PVRTX 425 0.660610318 0.657649338 1.58434534 1e-16 
PVRTX 426 0.642935991 0.65161562 1.58138013 1e-16 
PVRTX 427 0.669761896 0.642515898 1.5798322 1e-16 
PVRTX 428 0.670330822 0.655003726 1.60116899 1e-16 
PVRTX 429 0.675824404 0.683463514 1.57499993 1e-12 CNXYZ
PVRTX 430 0.670600772 0.679703712 1.5999999 1e-12 CNXYZ
PVRTX 431 0.662394881 0.675700843 1.62499988 1e-12 CNXYZ
PVRTX 432 0.678806722 0.677702308 1.62499988 1e-12 CNXYZ
PVRTX 433 0.687012613 0.681705177 1.5999999 1e-12 CNXYZ
PVRTX 434 0.692236185 0.685464978 1.57499993 1e-12 CNXYZ
PVRTX 435 0.688139677 0.637980223 1.59903133 1e-16 
PVRTX 436 0.70690906 0.656191707 1.55580366 1e-16 
PVRTX 437 0.680591524 0.633357763 1.55618584 1e-16 
PVRTX 438 0.649095297 0.652020454 1.56019473 1e-16 
PVRTX 439 0.643000841 0.679460585 1.57499993 1e-12 CNXYZ
PVRTX 440 0.659412622 0.681462049 1.57499993 1e-12 CNXYZ
PVRTX 441 0.621372938 0.67899549 1.57499993 1e-12 CNXYZ
PVRTX 442 0.650903821 0.617263436 1.5891118 1e-16 
PVRTX 443 0.599950075 0.664893031 1.62499988 1e-12 CNXYZ
PVRTX 444 0.601551235 0.657887995 1.64999986 1e-12 CNXYZ
PVRTX 445 0.578534722 0.656086683 1.64999986 1e-12 CNXYZ
PVRTX 446 0.670600832 0.673699379 1.64999986 1e-12 CNXYZ
PVRTX 447 0.690424383 0.641453564 1.64149284 1e-16 
PVRTX 448 0.71952045 0.67204231 1.63211989 1e-16 
PVRTX 449 0.726221859 0.635253549 1.6506139 1e-16 
PVRTX 450 0.647584319 0.660690069 1.69999993 1e-12 CNXYZ
PVRTX 451 0.640979528 0.655686438 1.69999993 1e-12 CNXYZ
PVRTX 452 0.637577116 0.650882959 1.7249999 1e-12 CNXYZ
PVRTX 453 0.644181848 0.65588659 1.7249999 1e-12 CNXYZ
PVRTX 454 0.634174705 0.64607954 1.75 1e-12 CNXYZ
PVRTX 455 0.668692768 0.684230685 1.76844573 1e-16 
PVRTX 456 0.691067159 0.615897298 1.77330065 1e-16 
PVRTX 457 0.721453369 0.641957819 1.71772945 1e-16 
PVRTX 458 0.69405216 0.719339371 1.73510599 1e-16 
PVRTX 459 0.735280931 0.669925332 1.78427887 1e-16 
PVRTX 460 0.673228264 0.663763523 1.81892133 1e-16 
PVRTX 461 0.624167502 0.63627243 1.77499998 1e-12 CNXYZ
PVRTX 462 0.611342371 0.67904675 1.75998151 1e-16 
PVRTX 463 0.647193015 0.705247641 1.73104978 1e-16 
PVRTX 464 0.629124224 0.707604885 1.77232027 1e-16 
PVRTX 465 0.606783092 0.729782283 1.72933865 1e-16 
PVRTX 466 0.576617479 0.691872239 1.74720848 1e-16 
PVRTX 467 0.594981551 0.690790534 1.79545844 1e-16 
PVRTX 468 0.624601841 0.672213435 1.78944814 1e-16 
PVRTX 469 0.594546199 0.632469714 1.77499998 1e-12 CNXYZ
PVRTX 470 0.605954409 0.632869959 1.77499998 1e-12 CNXYZ
PVRTX 471 0.636272013 0.653520465 1.82067835 1e-16 
PVRTX 472 0.621715009 0.676576555 1.84770226 1e-16 
PVRTX 473 0.660920501 0.649349034 1.85525072 1e-16 
PVRTX 474 0.633261561 0.649942875 1.85878241 1e-16 
PVRTX 475 0.660786748 0.621747971 1.82496464 1e-16 
PVRTX 476 0.616562009 0.620861351 1.82499993 1e-12 CNXYZ
PVRTX 477 0.614160299 0.62646538 1.79999995 1e-12 CNXYZ
PVRTX 478 0.699175596 0.610639095 1.84392548 1e-16 
PVRTX 479 0.65290606 0.619736552 1.87431133 1e-16 
PVRTX 480 0.631446958 0.65858835 1.88217688 1e-16 
PVRTX 481 0.621365428 0.609653294 1.87499988 1e-12 CNXYZ
PVRTX 482 0.649364829 0.637586117 1.90705371 1e-16 
PVRTX 483 0.623767197 0.604049265 1.89999986 1e-12 CNXYZ
PVRTX 484 0.641579986 0.600046396 1.92499995 1e-12 CNXYZ
PVRTX 485 0.722622931 0.578862965 1.9086045 1e-16 
PVRTX 486 0.684044182 0.654021382 1.88875496 1e-16 
PVRTX 487 0.65319258 0.700613499 1.89850354 1e-16 
PVRTX 488 0.625135422 0.649329126 1.93261552 1e-16 
PVRTX 489 0.688521147 0.659641981 1.93523717 1e-16 
PVRTX 490 0.68979615 0.695153058 1.8571682 1e-16 
PVRTX 491 0.595448077 0.648468196 1.86114514 1e-16 
PVRTX 492 0.618963718 0.615257323 1.8499999 1e-12 CNXYZ
PVRTX 493 0.586594105 0.661676347 1.82672465 1e-16 
PVRTX 494 0.60275209 0.626065135 1.79999995 1e-12 CNXYZ
PVRTX 495 0.600750685 0.618659735 1.82499993 1e-12 CNXYZ
PVRTX 496 0.575970054 0.642450869 1.84444416 1e-16 
PVRTX 497 0.603152394 0.613055706 1.8499999 1e-12 CNXYZ
PVRTX 498 0.589342475 0.61825949 1.82499993 1e-12 CNXYZ
PVRTX 499 0.577934265 0.617859185 1.82499993 1e-12 CNXYZ
PVRTX 500 0.56852752 0.624864221 1.79999995 1e-12 CNXYZ
PVRTX 501 0.550008535 0.664919972 1.83093226 1e-16 
PVRTX 502 0.566526055 0.61745888 1.82499993 1e-12 CNXYZ
PVRTX 503 0.542208493 0.638398528 1.84654856 1e-16 
PVRTX 504 0.55551815 0.614056468 1.82499993 1e-12 CNXYZ
PVRTX 505 0.54651171 0.618059337 1.79999995 1e-12 CNXYZ
PVRTX 506 0.535503805 0.614656925 1.79999995 1e-12 CNXYZ
PVRTX 507 0.514324784 0.661432385 1.83605814 1e-16 
PVRTX 508 0.55842495 0.64744103 1.86926007 1e-16 
PVRTX 509 0.564524651 0.610053539 1.8499999 1e-12 CNXYZ
PVRTX 510 0.553516746 0.606651127 1.8499999 1e-12 CNXYZ
PVRTX 511 0.544510245 0.610653996 1.82499993 1e-12 CNXYZ
PVRTX 512 0.542508841 0.603248715 1.8499999 1e-12 CNXYZ
PVRTX 513 0.53350234 0.607251585 1.82499993 1e-12 CNXYZ
PVRTX 514 0.515890181 0.630579174 1.86100173 1e-16 
PVRTX 515 0.551515341 0.599245787 1.87499988 1e-12 CNXYZ
PVRTX 516 0.503359675 0.651081979 1.89261127 1e-16 
PVRTX 517 0.519047439 0.61564517 1.90340638 1e-16 
PVRTX 518 0.537705421 0.590639591 1.87499988 1e-12 CNXYZ
PVRTX 519 0.523895502 0.582033396 1.87499988 1e-12 CNXYZ
PVRTX 520 0.510085583 0.5734272 1.87499988 1e-12 CNXYZ
PVRTX 521 0.474211872 0.628307104 1.83624935 1e-16 
PVRTX 522 0.427340865 0.59735775 1.87313461 1e-16 
PVRTX 523 0.453332722 0.570364475 1.82854414 1e-16 
PVRTX 524 0.437732786 0.626360416 1.79823673 1e-16 
PVRTX 525 0.489304245 0.58192569 1.80757833 1e-16 
PVRTX 526 0.480429232 0.647194982 1.80517745 1e-16 
PVRTX 527 0.5244959 0.611254454 1.79999995 1e-12 CNXYZ
PVRTX 528 0.519692421 0.598645389 1.82499993 1e-12 CNXYZ
PVRTX 529 0.514889002 0.586036325 1.8499999 1e-12 CNXYZ
PVRTX 530 0.447195292 0.665090024 1.85027444 1e-16 
PVRTX 531 0.452192336 0.648959875 1.94281554 1e-16 
PVRTX 532 0.494195282 0.718745291 1.87068462 1e-16 
PVRTX 533 0.487696528 0.693553209 1.79501188 1e-16 
PVRTX 534 0.547227025 0.672378302 1.79601085 1e-16 
PVRTX 535 0.492993444 0.669308126 1.75932193 1e-16 
PVRTX 536 0.529499531 0.624063671 1.77499998 1e-12 CNXYZ
PVRTX 537 0.563145876 0.691248119 1.84843314 1e-16 
PVRTX 538 0.557519615 0.621461749 1.79999995 1e-12 CNXYZ
PVRTX 539 0.540507436 0.627466083 1.77499998 1e-12 CNXYZ
PVRTX 540 0.551515341 0.630868554 1.77499998 1e-12 CNXYZ
PVRTX 541 0.534503102 0.636872888 1.75 1e-12 CNXYZ
PVRTX 542 0.5547176 0.637673438 1.75 1e-12 CNXYZ
PVRTX 543 0.571729779 0.631669104 1.77499998 1e-12 CNXYZ
PVRTX 544 0.57993567 0.625264525 1.79999995 1e-12 CNXYZ
PVRTX 545 0.583137989 0.632069409 1.77499998 1e-12 CNXYZ
PVRTX 546 0.527167141 0.698275208 1.76062953 1e-16 
PVRTX 547 0.554560244 0.736621261 1.78620005 1e-16 
PVRTX 548 0.598663211 0.694102228 1.91725004 1e-16 
PVRTX 549 0.595076859 0.643634439 1.90134478 1e-16 
PVRTX 550 0.58974278 0.60525012 1.87499988 1e-12 CNXYZ
PVRTX 551 0.605554104 0.607451677 1.87499988 1e-12 CNXYZ
PVRTX 552 0.622570515 0.628307045 1.91414058 1e-16 
PVRTX 553 0.599706769 0.627372086 1.9304564 1e-16 
PVRTX 554 0.625778019 0.621919632 1.94132042 1e-16 
PVRTX 555 0.598084092 0.640844762 1.95907354 1e-16 
PVRTX 556 0.636535227 0.630393565 1.96661723 1e-16 
PVRTX 557 0.626569211 0.598245084 1.92499995 1e-12 CNXYZ
PVRTX 558 0.629371226 0.592440903 1.94999993 1e-12 CNXYZ
PVRTX 559 0.644382 0.594242215 1.94999993 1e-12 CNXYZ
PVRTX 560 0.659392774 0.596043468 1.94999993 1e-12 CNXYZ
PVRTX 561 0.76833421 0.635906875 1.88285029 1e-16 
PVRTX 562 0.692014456 0.705623269 1.91947007 1e-16 
PVRTX 563 0.670826733 0.703669131 1.97721469 1e-16 
PVRTX 564 0.741663218 0.723840117 1.93521118 1e-16 
PVRTX 565 0.74149096 0.648529768 1.96610665 1e-16 
PVRTX 566 0.6802845 0.656517267 2.03823638 1e-16 
PVRTX 567 0.677205563 0.592040598 1.9749999 1e-12 CNXYZ
PVRTX 568 0.777896285 0.574252844 1.98700523 1e-16 
PVRTX 569 0.801236629 0.56034714 1.90644789 1e-16 
PVRTX 570 0.769062221 0.505668759 1.973647 1e-16 
PVRTX 571 0.869551718 0.538068235 2.00540638 1e-16 
PVRTX 572 0.855273724 0.449441016 1.91742039 1e-16 
PVRTX 573 0.748831272 0.505965173 1.90618682 1e-16 
PVRTX 574 0.671854854 0.52027452 1.97485948 1e-16 
PVRTX 575 0.703582942 0.484290957 1.9883337 1e-16 
PVRTX 576 0.673374534 0.519261956 1.92310619 1e-16 
PVRTX 577 0.695018351 0.588037729 2 1e-12 CNXYZ
PVRTX 578 0.697744071 0.525790453 2.02691221 1e-16 
PVRTX 579 0.677535832 0.503615618 2.03427577 1e-16 
PVRTX 580 0.641715169 0.486772835 1.98721099 1e-16 
PVRTX 581 0.649011254 0.513537645 2.01938391 1e-16 
PVRTX 582 0.645502985 0.532591939 1.991835 1e-16 
PVRTX 583 0.621509314 0.522542834 1.97044289 1e-16 
PVRTX 584 0.653814971 0.543961167 1.96815717 1e-16 
PVRTX 585 0.658191919 0.568823874 2 1e-12 CNXYZ
PVRTX 586 0.643781543 0.56522131 2 1e-12 CNXYZ
PVRTX 587 0.632527351 0.546618581 1.97793818 1e-16 
PVRTX 588 0.620136976 0.543824196 1.95807457 1e-16 
PVRTX 589 0.615731478 0.535600245 1.99028254 1e-16 
PVRTX 590 0.643342972 0.545720041 2.00837779 1e-16 
PVRTX 591 0.629259765 0.530544817 2.01307487 1e-16 
PVRTX 592 0.629371226 0.561618686 2 1e-12 CNXYZ
PVRTX 593 0.631772995 0.555013955 2.0250001 1e-12 CNXYZ
PVRTX 594 0.639469326 0.533459783 2.03285933 1e-16 
PVRTX 595 0.659191251 0.52314961 2.04198885 1e-16 
PVRTX 596 0.660593629 0.562219143 2.0250001 1e-12 CNXYZ
PVRTX 597 0.646183252 0.558616519 2.0250001 1e-12 CNXYZ
PVRTX 598 0.630610883 0.505145729 2.03104925 1e-16 
PVRTX 599 0.61988759 0.52718097 2.03600907 1e-16 
PVRTX 600 0.617362618 0.55141139 2.0250001 1e-12 CNXYZ
PVRTX 601 0.623366952 0.547608614 2.04999995 1e-12 CNXYZ
PVRTX 602 0.637653232 0.525130808 2.051373 1e-16 
PVRTX 603 0.648585021 0.552011788 2.04999995 1e-12 CNXYZ
PVRTX 604 0.634174705 0.548409224 2.04999995 1e-12 CNXYZ
PVRTX 605 0.662995338 0.555614352 2.04999995 1e-12 CNXYZ
PVRTX 606 0.718041539 0.534422636 2.06004 1e-16 
PVRTX 607 0.666597962 0.559817374 2.04999995 1e-12 CNXYZ
PVRTX 608 0.673402786 0.571225584 2.0250001 1e-12 CNXYZ
PVRTX 609 0.667398512 0.573627353 2 1e-12 CNXYZ
PVRTX 610 0.658792317 0.582433701 1.9749999 1e-12 CNXYZ
PVRTX 611 0.66799891 0.58723712 1.9749999 1e-12 CNXYZ
PVRTX 612 0.650186181 0.591240048 1.94999993 1e-12 CNXYZ
PVRTX 613 0.649585724 0.577630222 1.9749999 1e-12 CNXYZ
PVRTX 614 0.643981695 0.5734272 1.9749999 1e-12 CNXYZ
PVRTX 615 0.640979528 0.58643657 1.94999993 1e-12 CNXYZ
PVRTX 616 0.6353755 0.582233548 1.94999993 1e-12 CNXYZ
PVRTX 617 0.629571319 0.569824576 1.9749999 1e-12 CNXYZ
PVRTX 618 0.615161061 0.566222012 1.9749999 1e-12 CNXYZ
PVRTX 619 0.629771471 0.578030527 1.94999993 1e-12 CNXYZ
PVRTX 620 0.615361154 0.574427962 1.94999993 1e-12 CNXYZ
PVRTX 621 0.641825616 0.540163577 1.93928587 1e-16 
PVRTX 622 0.60502547 0.541774511 1.92092419 1e-16 
PVRTX 623 0.607461929 0.50579083 1.93182981 1e-16 
PVRTX 624 0.596530557 0.535647333 1.9526099 1e-16 
PVRTX 625 0.593731403 0.529776752 1.9813621 1e-16 
PVRTX 626 0.600750685 0.562619448 1.9749999 1e-12 CNXYZ
PVRTX 627 0.614960909 0.558016062 2 1e-12 CNXYZ
PVRTX 628 0.600550532 0.554413497 2 1e-12 CNXYZ
PVRTX 629 0.606554866 0.550610781 2.0250001 1e-12 CNXYZ
PVRTX 630 0.607164562 0.517842531 2.00473118 1e-16 
PVRTX 631 0.585139453 0.557615757 1.9749999 1e-12 CNXYZ
PVRTX 632 0.583137989 0.550010324 2 1e-12 CNXYZ
PVRTX 633 0.581254959 0.529334307 1.99806356 1e-16 
PVRTX 634 0.59134388 0.546007454 2.0250001 1e-12 CNXYZ
PVRTX 635 0.584785819 0.520265996 2.016505 1e-16 
PVRTX 636 0.573931396 0.54160428 2.0250001 1e-12 CNXYZ
PVRTX 637 0.556518912 0.537201166 2.0250001 1e-12 CNXYZ
PVRTX 638 0.56969285 0.508741856 1.99963176 1e-16 
PVRTX 639 0.568121374 0.527396977 1.98198402 1e-16 
PVRTX 640 0.565725505 0.545607209 2 1e-12 CNXYZ
PVRTX 641 0.548313022 0.541204035 2 1e-12 CNXYZ
PVRTX 642 0.549513996 0.518876314 1.96639252 1e-16 
PVRTX 643 0.550314426 0.548809528 1.9749999 1e-12 CNXYZ
PVRTX 644 0.574024558 0.535602927 1.96230721 1e-16 
PVRTX 645 0.56772697 0.553212643 1.9749999 1e-12 CNXYZ
PVRTX 646 0.55417043 0.536197782 1.95543694 1e-16 
PVRTX 647 0.534788609 0.534131646 1.95825553 1e-16 
PVRTX 648 0.534903347 0.552011788 1.94999993 1e-12 CNXYZ
PVRTX 649 0.532901883 0.544406295 1.9749999 1e-12 CNXYZ
PVRTX 650 0.528673232 0.519703984 1.97018516 1e-16 
PVRTX 651 0.525696754 0.542805195 1.9749999 1e-12 CNXYZ
PVRTX 652 0.510886073 0.52579546 1.95926952 1e-16 
PVRTX 653 0.525550842 0.511694968 1.94782066 1e-16 
PVRTX 654 0.502851963 0.506810069 1.96957612 1e-16 
PVRTX 655 0.512687445 0.540403485 1.9749999 1e-12 CNXYZ
PVRTX 656 0.519492269 0.534399152 2 1e-12 CNXYZ
PVRTX 657 0.506482959 0.531997383 2 1e-12 CNXYZ
PVRTX 658 0.508464336 0.504441857 2.0012641 1e-16 
PVRTX 659 0.528596044 0.491339028 1.98007846 1e-16 
PVRTX 660 0.54085964 0.509211183 1.99910569 1e-16 
PVRTX 661 0.532501638 0.536800861 2 1e-12 CNXYZ
PVRTX 662 0.546857655 0.489023328 2.0188117 1e-16 
PVRTX 663 0.579319358 0.509901643 1.96504438 1e-16 
PVRTX 664 0.552238464 0.450238407 1.98933578 1e-16 
PVRTX 665 0.590426564 0.486137271 2.01560259 1e-16 
PVRTX 666 0.555407286 0.493443847 2.05380893 1e-16 
PVRTX 667 0.599367499 0.512895942 2.03595662 1e-16 
PVRTX 668 0.582137287 0.537601411 2.04999995 1e-12 CNXYZ
PVRTX 669 0.564724803 0.533198237 2.04999995 1e-12 CNXYZ
PVRTX 670 0.548112869 0.528795123 2.04999995 1e-12 CNXYZ
PVRTX 671 0.540307283 0.528795123 2.04999995 1e-12 CNXYZ
PVRTX 672 0.540307283 0.524792194 2.07499981 1e-12 CNXYZ
PVRTX 673 0.548112869 0.524792194 2.07499981 1e-12 CNXYZ
PVRTX 674 0.55551815 0.524792194 2.07499981 1e-12 CNXYZ
PVRTX 675 0.572930694 0.529195368 2.07499981 1e-12 CNXYZ
PVRTX 676 0.595688522 0.513475776 2.06131935 1e-16 
PVRTX 677 0.597348213 0.542204738 2.04999995 1e-12 CNXYZ
PVRTX 678 0.621204317 0.513667703 2.0637784 1e-16 
PVRTX 679 0.603352547 0.538401961 2.07499981 1e-12 CNXYZ
PVRTX 680 0.599709809 0.512558699 2.08477044 1e-16 
PVRTX 681 0.59032619 0.505938292 2.07683372 1e-16 
PVRTX 682 0.621433079 0.493510991 2.08845258 1e-16 
PVRTX 683 0.591314077 0.488732338 2.05624342 1e-16 
PVRTX 684 0.588141561 0.533798695 2.07499981 1e-12 CNXYZ
PVRTX 685 0.58184123 0.513569474 2.08553171 1e-16 
PVRTX 686 0.586275339 0.493014216 2.0868876 1e-16 
PVRTX 687 0.555882454 0.472509086 2.08345532 1e-16 
PVRTX 688 0.55932951 0.493690819 2.10035348 1e-16 
PVRTX 689 0.588753462 0.484373957 2.11848497 1e-16 
PVRTX 690 0.586012602 0.503798544 2.10869789 1e-16 
PVRTX 691 0.610151291 0.506856322 2.10885859 1e-16 
PVRTX 692 0.604516685 0.48261562 2.12689114 1e-16 
PVRTX 693 0.59474957 0.457140058 2.11274433 1e-16 
PVRTX 694 0.555169284 0.474144816 2.11897421 1e-16 
PVRTX 695 0.581056714 0.480085194 2.14658308 1e-16 
PVRTX 696 0.569734812 0.493941545 2.12560725 1e-16 
PVRTX 697 0.580995679 0.504755735 2.124295 1e-16 
PVRTX 698 0.58845067 0.505280614 2.13861513 1e-16 
PVRTX 699 0.571303546 0.50692153 2.13694572 1e-16 
PVRTX 700 0.570387602 0.508015513 2.12445402 1e-16 
PVRTX 701 0.575932801 0.518787861 2.125 1e-12 CNXYZ
PVRTX 702 0.570128679 0.519388318 2.125 1e-12 CNXYZ
PVRTX 703 0.562323093 0.519388318 2.125 1e-12 CNXYZ
PVRTX 704 0.554517448 0.519388318 2.125 1e-12 CNXYZ
PVRTX 705 0.567566991 0.506374657 2.11160541 1e-16 
PVRTX 706 0.591143727 0.523391187 2.125 1e-12 CNXYZ
PVRTX 707 0.608671606 0.505462885 2.1328783 1e-16 
PVRTX 708 0.582337379 0.517386913 2.1500001 1e-12 CNXYZ
PVRTX 709 0.579035044 0.504515707 2.1621871 1e-16 
PVRTX 710 0.565579176 0.490837604 2.15338612 1e-16 
PVRTX 711 0.568727612 0.517987311 2.1500001 1e-12 CNXYZ
PVRTX 712 0.575132251 0.516586304 2.17500019 1e-12 CNXYZ
PVRTX 713 0.576533258 0.517987311 2.1500001 1e-12 CNXYZ
PVRTX 714 0.582937837 0.516586304 2.17500019 1e-12 CNXYZ
PVRTX 715 0.560922027 0.517987311 2.1500001 1e-12 CNXYZ
PVRTX 716 0.527767479 0.516908765 2.17132258 1e-16 
PVRTX 717 0.546711802 0.519388318 2.125 1e-12 CNXYZ
PVRTX 718 0.55872649 0.470176697 2.16835737 1e-16 
PVRTX 719 0.566524625 0.495644987 2.18589544 1e-16 
PVRTX 720 0.54571718 0.518409848 2.2064023 1e-16 
PVRTX 721 0.509593964 0.504613101 2.20408797 1e-16 
PVRTX 722 0.517995596 0.451737761 2.11061859 1e-16 
PVRTX 723 0.532501638 0.520789325 2.0999999 1e-12 CNXYZ
PVRTX 724 0.486627519 0.585540891 2.1284914 1e-16 
PVRTX 725 0.457070321 0.513203859 2.15456843 1e-16 
PVRTX 726 0.53224206 0.556077063 2.17224932 1e-16 
PVRTX 727 0.562451005 0.547052145 2.19088292 1e-16 
PVRTX 728 0.567619205 0.519659996 2.21512341 1e-16 
PVRTX 729 0.546029031 0.547242939 2.23152924 1e-16 
PVRTX 730 0.584467232 0.548715591 2.22102332 1e-16 
PVRTX 731 0.59556663 0.542642355 2.19705653 1e-16 
PVRTX 732 0.604155898 0.52813828 2.21989536 1e-16 
PVRTX 733 0.624927878 0.558351994 2.21187353 1e-16 
PVRTX 734 0.619364023 0.522390485 2.20000005 1e-12 CNXYZ
PVRTX 735 0.60935688 0.519988775 2.20000005 1e-12 CNXYZ
PVRTX 736 0.599011779 0.520680606 2.21176696 1e-16 
PVRTX 737 0.589342475 0.515185297 2.20000005 1e-12 CNXYZ
PVRTX 738 0.596413434 0.510904968 2.21853709 1e-16 
PVRTX 739 0.595146656 0.514584899 2.20000005 1e-12 CNXYZ
PVRTX 740 0.600950837 0.513984442 2.20000005 1e-12 CNXYZ
PVRTX 741 0.60972482 0.515644372 2.21459794 1e-16 
PVRTX 742 0.605153859 0.516986609 2.20000005 1e-12 CNXYZ
PVRTX 743 0.587718368 0.508715212 2.23522186 1e-16 
PVRTX 744 0.619343877 0.511693239 2.22515726 1e-16 
PVRTX 745 0.601371467 0.493471652 2.22403932 1e-16 
PVRTX 746 0.624171853 0.518164754 2.21492004 1e-16 
PVRTX 747 0.61688453 0.517997146 2.20907617 1e-16 
PVRTX 748 0.62045449 0.507988334 2.21152687 1e-16 
PVRTX 749 0.6229617 0.513451695 2.2059226 1e-16 
PVRTX 750 0.623559356 0.519116998 2.20687056 1e-16 
PVRTX 751 0.620965183 0.518787861 2.20000005 1e-12 CNXYZ
PVRTX 752 0.6283319 0.518206894 2.2034905 1e-16 
PVRTX 753 0.630412519 0.513987899 2.20934892 1e-16 
PVRTX 754 0.632910609 0.520525515 2.2064383 1e-16 
PVRTX 755 0.629371226 0.524792194 2.20000005 1e-12 CNXYZ
PVRTX 756 0.625168204 0.521790028 2.20000005 1e-12 CNXYZ
PVRTX 757 0.630572081 0.513984442 2.20000005 1e-12 CNXYZ
PVRTX 758 0.634775102 0.516986609 2.20000005 1e-12 CNXYZ
PVRTX 759 0.634560943 0.515466511 2.20566654 1e-16 
PVRTX 760 0.616762161 0.515785694 2.20000005 1e-12 CNXYZ
PVRTX 761 0.61255914 0.512783527 2.20000005 1e-12 CNXYZ
PVRTX 762 0.621349275 0.500955582 2.19855738 1e-16 
PVRTX 763 0.615161061 0.519388318 2.20000005 1e-12 CNXYZ
PVRTX 764 0.61095798 0.516386151 2.20000005 1e-12 CNXYZ
PVRTX 765 0.62644285 0.530215502 2.22218156 1e-16 
PVRTX 766 0.629222989 0.523229122 2.21248341 1e-16 
PVRTX 767 0.632204652 0.508176684 2.21645164 1e-16 
PVRTX 768 0.636584103 0.493044347 2.2217977 1e-16 
PVRTX 769 0.618057489 0.482401431 2.19958806 1e-16 
PVRTX 770 0.601134121 0.499390244 2.2103951 1e-16 
PVRTX 771 0.606755018 0.513383985 2.20000005 1e-12 CNXYZ
PVRTX 772 0.607335508 0.49635148 2.19490647 1e-16 
PVRTX 773 0.589225829 0.494655788 2.20635056 1e-16 
PVRTX 774 0.61947602 0.502944231 2.18467855 1e-16 
PVRTX 775 0.60076189 0.496117711 2.17664099 1e-16 
PVRTX 776 0.60035038 0.514784992 2.17500019 1e-12 CNXYZ
PVRTX 777 0.5890975 0.503988564 2.18442965 1e-16 
PVRTX 778 0.590890169 0.503031373 2.16950059 1e-16 
PVRTX 779 0.580711484 0.492280781 2.17532492 1e-16 
PVRTX 780 0.588742018 0.515985847 2.17500019 1e-12 CNXYZ
PVRTX 781 0.594546199 0.515385449 2.17500019 1e-12 CNXYZ
PVRTX 782 0.58652246 0.477407098 2.19382167 1e-16 
PVRTX 783 0.590683579 0.464261889 2.22964358 1e-16 
PVRTX 784 0.55095005 0.496329218 2.23306823 1e-16 
PVRTX 785 0.613867521 0.567975283 2.23985744 1e-16 
PVRTX 786 0.621332169 0.499739528 2.24772763 1e-16 
PVRTX 787 0.57772696 0.493590981 2.28182936 1e-16 
PVRTX 788 0.51996845 0.618451178 2.26786518 1e-16 
PVRTX 789 0.550622404 0.603590667 2.38653016 1e-16 
PVRTX 790 0.676810801 0.571950555 2.32214642 1e-16 
PVRTX 791 0.62515825 0.458854318 2.27668953 1e-16 
PVRTX 792 0.559744 0.440933645 2.28426981 1e-16 
PVRTX 793 0.52439183 0.508191705 2.275172 1e-16 
PVRTX 794 0.580640078 0.48810026 2.35486388 1e-16 
PVRTX 795 0.700873137 0.531098366 2.44699001 1e-16 
PVRTX 796 0.591992676 0.520827413 2.51712537 1e-16 
PVRTX 797 0.529806435 0.430583298 2.50437808 1e-16 
PVRTX 798 0.515101671 0.613180161 2.50437808 1e-16 
PVRTX 799 0.653746724 0.64757216 2.48394823 1e-16 
PVRTX 800 0.681588173 0.496106207 2.52587509 1e-16 
PVRTX 801 0.612179041 0.41722247 2.43278265 1e-16 
PVRTX 802 0.666542888 0.405194849 2.527596 1e-16 
PVRTX 803 0.622189462 0.508447826 2.61275506 1e-16 
PVRTX 804 0.76332581 0.51820904 2.5792942 1e-16 
PVRTX 805 0.799317479 0.41676563 2.48157978 1e-16 
PVRTX 806 0.706189096 0.441772103 2.43138075 1e-16 
PVRTX 807 0.811736047 0.62161243 2.48930264 1e-16 
PVRTX 808 0.698666155 0.681690276 2.5939014 1e-16 
PVRTX 809 0.693526268 0.440696001 2.33949447 1e-16 
PVRTX 810 0.799043357 0.524015248 2.33270597 1e-16 
PVRTX 811 0.725520909 0.503518879 2.27310348 1e-16 
PVRTX 812 0.689468861 0.446718872 2.2410295 1e-16 
PVRTX 813 0.643188715 0.51640141 2.22371149 1e-16 
PVRTX 814 0.638377666 0.524592042 2.20000005 1e-12 CNXYZ
PVRTX 815 0.647384167 0.52439189 2.20000005 1e-12 CNXYZ
PVRTX 816 0.659961283 0.572555125 2.21734238 1e-16 
PVRTX 817 0.618232548 0.587716699 2.19543409 1e-16 
PVRTX 818 0.647800446 0.563512266 2.18533945 1e-16 
PVRTX 819 0.59643364 0.54308939 2.17925406 1e-16 
PVRTX 820 0.61187017 0.577704012 2.15019989 1e-16 
PVRTX 821 0.584489286 0.576272368 2.19220233 1e-16 
PVRTX 822 0.603259146 0.627915263 2.20575452 1e-16 
PVRTX 823 0.605447531 0.616917431 2.15745687 1e-16 
PVRTX 824 0.663678885 0.600297809 2.17410994 1e-16 
PVRTX 825 0.661216497 0.593337297 2.12859917 1e-16 
PVRTX 826 0.618296027 0.599397779 2.11288786 1e-16 
PVRTX 827 0.569602489 0.600152969 2.12758207 1e-16 
PVRTX 828 0.584961534 0.554031312 2.16859961 1e-16 
PVRTX 829 0.592646718 0.574761689 2.11720419 1e-16 
PVRTX 830 0.603152394 0.539202571 2.125 1e-12 CNXYZ
PVRTX 831 0.608556271 0.533598542 2.1500001 1e-12 CNXYZ
PVRTX 832 0.616834819 0.567941427 2.12594914 1e-16 
PVRTX 833 0.618563414 0.536000252 2.1500001 1e-12 CNXYZ
PVRTX 834 0.627569914 0.535800099 2.1500001 1e-12 CNXYZ
PVRTX 835 0.654165387 0.566959262 2.1506772 1e-16 
PVRTX 836 0.64131856 0.572588503 2.11662173 1e-16 
PVRTX 837 0.607755661 0.547208309 2.0999999 1e-12 CNXYZ
PVRTX 838 0.613159537 0.54160428 2.125 1e-12 CNXYZ
PVRTX 839 0.626368999 0.550210476 2.0999999 1e-12 CNXYZ
PVRTX 840 0.612968087 0.569996119 2.10127306 1e-16 
PVRTX 841 0.582077086 0.57267797 2.08857107 1e-16 
PVRTX 842 0.587042689 0.602201819 2.09486389 1e-16 
PVRTX 843 0.608602345 0.609585166 2.06423831 1e-16 
PVRTX 844 0.614560544 0.555614352 2.07499981 1e-12 CNXYZ
PVRTX 845 0.633173943 0.558616519 2.07499981 1e-12 CNXYZ
PVRTX 846 0.649571419 0.575594366 2.09393525 1e-16 
PVRTX 847 0.635760665 0.591965139 2.08393312 1e-16 
PVRTX 848 0.644982398 0.553212643 2.0999999 1e-12 CNXYZ
PVRTX 849 0.663595796 0.556214809 2.0999999 1e-12 CNXYZ
PVRTX 850 0.666317344 0.591063857 2.10018444 1e-16 
PVRTX 851 0.670400679 0.564620852 2.07499981 1e-12 CNXYZ
PVRTX 852 0.651787281 0.561618686 2.07499981 1e-12 CNXYZ
PVRTX 853 0.639978826 0.567022562 2.04999995 1e-12 CNXYZ
PVRTX 854 0.658592224 0.570024729 2.04999995 1e-12 CNXYZ
PVRTX 855 0.673602998 0.571826041 2.04999995 1e-12 CNXYZ
PVRTX 856 0.644347787 0.624635994 2.07635021 1e-16 
PVRTX 857 0.667008996 0.571517527 2.11891198 1e-16 
PVRTX 858 0.659392715 0.547408462 2.125 1e-12 CNXYZ
PVRTX 859 0.678006113 0.550410628 2.125 1e-12 CNXYZ
PVRTX 860 0.691484869 0.58155936 2.15211701 1e-16 
PVRTX 861 0.689304173 0.581661463 2.12078834 1e-16 
PVRTX 862 0.682209134 0.559216976 2.0999999 1e-12 CNXYZ
PVRTX 863 0.703604102 0.609620929 2.12060738 1e-16 
PVRTX 864 0.731317282 0.591562808 2.07976627 1e-16 
PVRTX 865 0.720632911 0.567655087 2.12834644 1e-16 
PVRTX 866 0.71026814 0.531197429 2.13064766 1e-16 
PVRTX 867 0.707885027 0.551899791 2.1580193 1e-16 
PVRTX 868 0.741878331 0.549989998 2.16294765 1e-16 
PVRTX 869 0.711121261 0.520231843 2.17106318 1e-16 
PVRTX 870 0.673803091 0.54160428 2.1500001 1e-12 CNXYZ
PVRTX 871 0.669600129 0.532797933 2.17500019 1e-12 CNXYZ
PVRTX 872 0.709392786 0.569291234 2.18927574 1e-16 
PVRTX 873 0.734053135 0.602667928 2.18534708 1e-16 
PVRTX 874 0.670200527 0.537401259 2.1500001 1e-12 CNXYZ
PVRTX 875 0.666597962 0.533198237 2.1500001 1e-12 CNXYZ
PVRTX 876 0.685181379 0.492408097 2.12788272 1e-16 
PVRTX 877 0.66719842 0.537801564 2.125 1e-12 CNXYZ
PVRTX 878 0.650250375 0.507481098 2.13207984 1e-16 
PVRTX 879 0.658306539 0.511430681 2.09329176 1e-16 
PVRTX 880 0.635168731 0.481798887 2.12896895 1e-16 
PVRTX 881 0.650722623 0.493850976 2.15873885 1e-16 
PVRTX 882 0.65579021 0.532397687 2.1500001 1e-12 CNXYZ
PVRTX 883 0.644982457 0.531597137 2.1500001 1e-12 CNXYZ
PVRTX 884 0.636576414 0.527193904 2.1500001 1e-12 CNXYZ
PVRTX 885 0.628227949 0.501256824 2.14610577 1e-16 
PVRTX 886 0.634414077 0.520021796 2.11097002 1e-16 
PVRTX 887 0.62156558 0.53259778 2.125 1e-12 CNXYZ
PVRTX 888 0.618563414 0.525993049 2.1500001 1e-12 CNXYZ
PVRTX 889 0.617376864 0.509539902 2.15906358 1e-16 
PVRTX 890 0.603928089 0.49500367 2.15665102 1e-16 
PVRTX 891 0.598574817 0.509743929 2.15990257 1e-16 
PVRTX 892 0.603352487 0.521389723 2.1500001 1e-12 CNXYZ
PVRTX 893 0.615561247 0.519388318 2.17500019 1e-12 CNXYZ
PVRTX 894 0.633574247 0.520589173 2.17500019 1e-12 CNXYZ
PVRTX 895 0.621012807 0.507739961 2.17170477 1e-16 
PVRTX 896 0.633041501 0.498543501 2.17141151 1e-16 
PVRTX 897 0.618165135 0.48890692 2.16010618 1e-16 
PVRTX 898 0.630652785 0.507392645 2.1808269 1e-16 
PVRTX 899 0.608342588 0.505008459 2.16882968 1e-16 
PVRTX 900 0.634036899 0.503437102 2.19300294 1e-16 
PVRTX 901 0.631505787 0.492548913 2.18612838 1e-16 
PVRTX 902 0.639633298 0.493719846 2.19981956 1e-16 
PVRTX 903 0.639450669 0.512118399 2.20744133 1e-16 
PVRTX 904 0.648585021 0.515185297 2.20000005 1e-12 CNXYZ
PVRTX 905 0.644490778 0.504417717 2.18513083 1e-16 
PVRTX 906 0.635029793 0.476978451 2.18598747 1e-16 
PVRTX 907 0.636905968 0.519744098 2.21283197 1e-16 
PVRTX 908 0.638978124 0.519988775 2.20000005 1e-12 CNXYZ
PVRTX 909 0.647984624 0.519788623 2.20000005 1e-12 CNXYZ
PVRTX 910 0.671733856 0.475493997 2.20596504 1e-16 
PVRTX 911 0.658355951 0.492037922 2.18801165 1e-16 
PVRTX 912 0.607462943 0.460823655 2.16625714 1e-16 
PVRTX 913 0.662578762 0.460821569 2.16521311 1e-16 
PVRTX 914 0.653513193 0.42827329 2.10846996 1e-16 
PVRTX 915 0.6641258 0.48148331 2.0881474 1e-16 
PVRTX 916 0.652114809 0.508530974 2.06311846 1e-16 
PVRTX 917 0.71668756 0.483827829 2.06946278 1e-16 
PVRTX 918 0.723447382 0.52827543 2.09515619 1e-16 
PVRTX 919 0.667798817 0.54240489 2.0999999 1e-12 CNXYZ
PVRTX 920 0.656991005 0.54160428 2.0999999 1e-12 CNXYZ
PVRTX 921 0.656390607 0.537001014 2.125 1e-12 CNXYZ
PVRTX 922 0.643600345 0.522319853 2.07940197 1e-16 
PVRTX 923 0.622686505 0.517986178 2.08786392 1e-16 
PVRTX 924 0.609356821 0.534599245 2.0999999 1e-12 CNXYZ
PVRTX 925 0.588141561 0.516786456 2.1500001 1e-12 CNXYZ
PVRTX 926 0.606354654 0.527994514 2.125 1e-12 CNXYZ
PVRTX 927 0.548112869 0.520789325 2.0999999 1e-12 CNXYZ
PVRTX 928 0.555918455 0.520789325 2.0999999 1e-12 CNXYZ
PVRTX 929 0.563724041 0.520789325 2.0999999 1e-12 CNXYZ
PVRTX 930 0.578934968 0.525392652 2.0999999 1e-12 CNXYZ
PVRTX 931 0.594145894 0.529995918 2.0999999 1e-12 CNXYZ
PVRTX 932 0.618563414 0.543005288 2.07499981 1e-12 CNXYZ
PVRTX 933 0.629371166 0.543805838 2.07499981 1e-12 CNXYZ
PVRTX 934 0.6353755 0.540003181 2.0999999 1e-12 CNXYZ
PVRTX 935 0.640178978 0.544606447 2.07499981 1e-12 CNXYZ
PVRTX 936 0.650986791 0.545407057 2.07499981 1e-12 CNXYZ
PVRTX 937 0.61255914 0.546808004 2.04999995 1e-12 CNXYZ
PVRTX 938 0.563719511 0.526154876 1.93963528 1e-16 
PVRTX 939 0.569728374 0.560818076 1.94999993 1e-12 CNXYZ
PVRTX 940 0.552315831 0.556414962 1.94999993 1e-12 CNXYZ
PVRTX 941 0.539455056 0.530219972 1.9395262 1e-16 
PVRTX 942 0.524844289 0.536996365 1.93529344 1e-16 
PVRTX 943 0.518891871 0.548809528 1.94999993 1e-12 CNXYZ
PVRTX 944 0.52315712 0.52782166 1.94869244 1e-16 
PVRTX 945 0.514348567 0.529511869 1.93169737 1e-16 
PVRTX 946 0.505882502 0.546407759 1.94999993 1e-12 CNXYZ
PVRTX 947 0.499678075 0.538001657 1.9749999 1e-12 CNXYZ
PVRTX 948 0.486668736 0.535599947 1.9749999 1e-12 CNXYZ
PVRTX 949 0.47130689 0.505472958 1.96563637 1e-16 
PVRTX 950 0.475092828 0.502820253 1.92521799 1e-16 
PVRTX 951 0.492873192 0.54400599 1.94999993 1e-12 CNXYZ
PVRTX 952 0.431170881 0.517035246 1.96234846 1e-16 
PVRTX 953 0.48046428 0.527193904 2 1e-12 CNXYZ
PVRTX 954 0.492295206 0.466436356 1.9999789 1e-16 
PVRTX 955 0.504912376 0.468360782 1.95625639 1e-16 
PVRTX 956 0.493473619 0.525592744 2.0250001 1e-12 CNXYZ
PVRTX 957 0.493473619 0.529595613 2 1e-12 CNXYZ
PVRTX 958 0.506482959 0.527994514 2.0250001 1e-12 CNXYZ
PVRTX 959 0.519492269 0.530396223 2.0250001 1e-12 CNXYZ
PVRTX 960 0.506482959 0.523991585 2.04999995 1e-12 CNXYZ
PVRTX 961 0.442173332 0.481027961 2.03324056 1e-16 
PVRTX 962 0.439491808 0.448886245 1.97286367 1e-16 
PVRTX 963 0.50113672 0.427732617 1.96303988 1e-16 
PVRTX 964 0.551662207 0.494465888 1.93774509 1e-16 
PVRTX 965 0.518363893 0.51088047 1.9135623 1e-16 
PVRTX 966 0.543440521 0.530182183 1.91524816 1e-16 
PVRTX 967 0.526681662 0.539444089 1.91995013 1e-16 
PVRTX 968 0.536904812 0.559617281 1.92499995 1e-12 CNXYZ
PVRTX 969 0.528498769 0.558416426 1.92499995 1e-12 CNXYZ
PVRTX 970 0.511686683 0.554813862 1.92499995 1e-12 CNXYZ
PVRTX 971 0.499077648 0.552412033 1.92499995 1e-12 CNXYZ
PVRTX 972 0.519495249 0.536449015 1.90183568 1e-16 
PVRTX 973 0.538906217 0.567623019 1.89999986 1e-12 CNXYZ
PVRTX 974 0.522094131 0.5644207 1.89999986 1e-12 CNXYZ
PVRTX 975 0.554317296 0.564020395 1.92499995 1e-12 CNXYZ
PVRTX 976 0.578226507 0.545271397 1.92615068 1e-16 
PVRTX 977 0.569127917 0.571225584 1.92499995 1e-12 CNXYZ
PVRTX 978 0.584539056 0.568023324 1.94999993 1e-12 CNXYZ
PVRTX 979 0.600950837 0.570825338 1.94999993 1e-12 CNXYZ
PVRTX 980 0.584739208 0.576229215 1.92499995 1e-12 CNXYZ
PVRTX 981 0.574328125 0.557619691 1.90624762 1e-16 
PVRTX 982 0.573777854 0.525805354 1.90720308 1e-16 
PVRTX 983 0.536200702 0.489380062 1.87526107 1e-16 
PVRTX 984 0.539971292 0.529643714 1.88375354 1e-16 
PVRTX 985 0.564781547 0.545196891 1.88840532 1e-16 
PVRTX 986 0.505282104 0.560818136 1.89999986 1e-12 CNXYZ
PVRTX 987 0.502179861 0.556615114 1.9124999 1e-12 CNXYZ
PVRTX 988 0.49933058 0.521314681 1.90068424 1e-16 
PVRTX 989 0.470537871 0.52566433 1.91100883 1e-16 
PVRTX 990 0.476175368 0.518416166 1.89107037 1e-16 
PVRTX 991 0.450030863 0.592807412 1.92473912 1e-16 
PVRTX 992 0.43180564 0.529008865 1.90274739 1e-16 
PVRTX 993 0.456254005 0.509556293 1.82895255 1e-16 
PVRTX 994 0.513088107 0.527833641 1.83535719 1e-16 
PVRTX 995 0.478803039 0.477204025 1.87248778 1e-16 
PVRTX 996 0.517533958 0.461460143 1.82249117 1e-16 
PVRTX 997 0.415449142 0.433814287 1.8018893 1e-16 
PVRTX 998 0.494985044 0.420997381 1.86706543 1e-16 
PVRTX 999 0.556037188 0.504818976 1.79903615 1e-16 
PVRTX 1000 0.494829684 0.499537915 1.77746272 1e-16 
PVRTX 1001 0.439622939 0.464786172 1.74083936 1e-16 
PVRTX 1002 0.489968896 0.434753716 1.77309942 1e-16 
PVRTX 1003 0.544042587 0.482456297 1.74455774 1e-16 
PVRTX 1004 0.568261325 0.424924403 1.824615 1e-16 
PVRTX 1005 0.453785539 0.333324909 1.87937808 1e-16 CNXYZ
PVRTX 1006 0.396704555 0.369851589 1.75996494 1e-16 
PVRTX 1007 0.342283845 0.333324909 1.87937808 1e-16 CNXYZ
PVRTX 1008 0.307111919 0.449931264 1.84701526 1e-16 
PVRTX 1009 0.404416323 0.388151854 1.91702294 1e-16 
PVRTX 1010 0.407630622 0.460313588 1.88647044 1e-16 
PVRTX 1011 0.398034692 0.333324909 2.12937808 1e-16 CNXYZ
PVRTX 1012 0.356772631 0.427070886 2.00736332 1e-16 
PVRTX 1013 0.507403076 0.387307674 1.99863768 1e-16 
PVRTX 1014 0.470337391 0.413139284 1.92086077 1e-16 
PVRTX 1015 0.542456508 0.394521594 1.92649102 1e-16 
PVRTX 1016 0.518609583 0.448898643 1.91627085 1e-16 
PVRTX 1017 0.508781075 0.511214554 1.87957346 1e-16 
PVRTX 1018 0.397511542 0.515839458 1.86203969 1e-16 
PVRTX 1019 0.365359366 0.473719716 1.75864196 1e-16 
PVRTX 1020 0.341191888 0.556256771 1.89044762 1e-16 
PVRTX 1021 0.282195747 0.518117547 1.75470972 1e-16 
PVRTX 1022 0.396686167 0.572302222 1.79661429 1e-16 
PVRTX 1023 0.480911225 0.541033864 1.80176938 1e-16 
PVRTX 1024 0.482065439 0.624063671 1.75 1e-12 CNXYZ
PVRTX 1025 0.523279488 0.553162456 1.78188002 1e-16 
PVRTX 1026 0.440008163 0.524416089 1.72531772 1e-16 
PVRTX 1027 0.53555733 0.559623718 1.82098818 1e-16 
PVRTX 1028 0.611312211 0.508761168 1.84790409 1e-16 
PVRTX 1029 0.599196792 0.519743145 1.8810569 1e-16 
PVRTX 1030 0.591660261 0.550910711 1.86266458 1e-16 
PVRTX 1031 0.628864288 0.538956642 1.8918817 1e-16 
PVRTX 1032 0.594477475 0.5547961 1.89400673 1e-16 
PVRTX 1033 0.560121477 0.586036265 1.87499988 1e-12 CNXYZ
PVRTX 1034 0.602117836 0.579478264 1.8579793 1e-16 
PVRTX 1035 0.580135822 0.598445177 1.8499999 1e-12 CNXYZ
PVRTX 1036 0.580930769 0.549406767 1.79988492 1e-16 
PVRTX 1037 0.623516858 0.558639348 1.82652473 1e-16 
PVRTX 1038 0.621071279 0.582684875 1.84203577 1e-16 
PVRTX 1039 0.599749923 0.611054301 1.82499993 1e-12 CNXYZ
PVRTX 1040 0.558120012 0.602047801 1.82499993 1e-12 CNXYZ
PVRTX 1041 0.566125751 0.597644627 1.8499999 1e-12 CNXYZ
PVRTX 1042 0.551715434 0.590439439 1.8499999 1e-12 CNXYZ
PVRTX 1043 0.599520087 0.547315836 1.75833833 1e-16 
PVRTX 1044 0.562723339 0.619460344 1.77499998 1e-12 CNXYZ
PVRTX 1045 0.600637019 0.594927311 1.73506975 1e-16 
PVRTX 1046 0.535191298 0.538262129 1.72408247 1e-16 
PVRTX 1047 0.589448631 0.523469329 1.70693445 1e-16 
PVRTX 1048 0.61162281 0.504496038 1.79829478 1e-16 
PVRTX 1049 0.638377011 0.546364129 1.77434838 1e-16 
PVRTX 1050 0.645710051 0.46191293 1.79099119 1e-16 
PVRTX 1051 0.669873834 0.55505389 1.857054 1e-16 
PVRTX 1052 0.626667857 0.566918969 1.86537814 1e-16 
PVRTX 1053 0.620875597 0.5667485 1.89377189 1e-16 
PVRTX 1054 0.601351082 0.587237179 1.89999986 1e-12 CNXYZ
PVRTX 1055 0.584939301 0.584435105 1.89999986 1e-12 CNXYZ
PVRTX 1056 0.604553342 0.59704423 1.87499988 1e-12 CNXYZ
PVRTX 1057 0.596547604 0.601247251 1.8499999 1e-12 CNXYZ
PVRTX 1058 0.607755661 0.60685128 1.8499999 1e-12 CNXYZ
PVRTX 1059 0.61095798 0.61665833 1.82499993 1e-12 CNXYZ
PVRTX 1060 0.61335969 0.611054301 1.8499999 1e-12 CNXYZ
PVRTX 1061 0.641731977 0.595704198 1.79916167 1e-16 
PVRTX 1062 0.648917198 0.578808904 1.83617616 1e-16 
PVRTX 1063 0.622515142 0.606637895 1.78413439 1e-16 
PVRTX 1064 0.647824168 0.593702257 1.75834489 1e-16 
PVRTX 1065 0.611896276 0.583102345 1.77720833 1e-16 
PVRTX 1066 0.620555282 0.609972596 1.75589573 1e-16 
PVRTX 1067 0.617562771 0.631268859 1.77499998 1e-12 CNXYZ
PVRTX 1068 0.611009121 0.61412102 1.77143252 1e-16 
PVRTX 1069 0.602952242 0.620861351 1.79999995 1e-12 CNXYZ
PVRTX 1070 0.591744184 0.615257323 1.79999995 1e-12 CNXYZ
PVRTX 1071 0.603752851 0.633870721 1.75 1e-12 CNXYZ
PVRTX 1072 0.60035038 0.629067302 1.77499998 1e-12 CNXYZ
PVRTX 1073 0.589142323 0.623463273 1.77499998 1e-12 CNXYZ
PVRTX 1074 0.586540461 0.631669164 1.75 1e-12 CNXYZ
PVRTX 1075 0.589942932 0.636472583 1.7249999 1e-12 CNXYZ
PVRTX 1076 0.572730541 0.634271026 1.7249999 1e-12 CNXYZ
PVRTX 1077 0.576133013 0.639074445 1.69999993 1e-12 CNXYZ
PVRTX 1078 0.593345344 0.641276062 1.69999993 1e-12 CNXYZ
PVRTX 1079 0.601613045 0.561318755 1.65511847 1e-16 
PVRTX 1080 0.638109028 0.559375465 1.70342636 1e-16 
PVRTX 1081 0.568727612 0.646479845 1.67499995 1e-12 CNXYZ
PVRTX 1082 0.585940003 0.648681402 1.67499995 1e-12 CNXYZ
PVRTX 1083 0.560243249 0.517304003 1.62552762 1e-16 
PVRTX 1084 0.65395999 0.506403685 1.6463871 1e-16 
PVRTX 1085 0.654825091 0.553322911 1.55552483 1e-16 
PVRTX 1086 0.577899694 0.473511934 1.51953745 1e-16 
PVRTX 1087 0.477608651 0.467536449 1.60117173 1e-16 
PVRTX 1088 0.496401817 0.500296056 1.64035916 1e-16 
PVRTX 1089 0.564182281 0.446778476 1.70058775 1e-16 
PVRTX 1090 0.583066821 0.443082452 1.61448073 1e-16 
PVRTX 1091 0.584202647 0.371551216 1.76070857 1e-16 
PVRTX 1092 0.492913455 0.487851948 1.71343589 1e-16 
PVRTX 1093 0.47348547 0.400424898 1.66805363 1e-16 
PVRTX 1094 0.413065732 0.466160506 1.66305125 1e-16 
PVRTX 1095 0.32859835 0.436808586 1.66236007 1e-16 
PVRTX 1096 0.361367136 0.548684299 1.67552102 1e-16 
PVRTX 1097 0.362647682 0.49591285 1.57673693 1e-16 
PVRTX 1098 0.440774471 0.520870209 1.65706468 1e-16 
PVRTX 1099 0.478826016 0.566032588 1.6746496 1e-16 
PVRTX 1100 0.434824198 0.563020349 1.61251426 1e-16 
PVRTX 1101 0.509536386 0.333324909 1.62937808 1e-16 CNXYZ
PVRTX 1102 0.621038079 0.333324909 1.62937808 1e-16 CNXYZ
PVRTX 1103 0.6550318 0.411146611 1.69265532 1e-16 
PVRTX 1104 0.738903403 0.404812247 1.75700784 1e-16 
PVRTX 1105 0.699077666 0.484981745 1.72175181 1e-16 
PVRTX 1106 0.794524193 0.451288342 1.63051581 1e-16 
PVRTX 1107 0.734484434 0.510956585 1.61765456 1e-16 
PVRTX 1108 0.677693963 0.420057118 1.56405282 1e-16 
PVRTX 1109 0.756691813 0.507889807 1.53502345 1e-16 
PVRTX 1110 0.81349206 0.523477435 1.65697074 1e-16 
PVRTX 1111 0.770578742 0.585397542 1.63970482 1e-16 
PVRTX 1112 0.899792314 0.566537619 1.62937808 1e-16 CNXYZ
PVRTX 1113 0.830919445 0.627270997 1.75265586 1e-16 
PVRTX 1114 0.78907299 0.490686238 1.72828364 1e-16 
PVRTX 1115 0.76574719 0.566906214 1.74253619 1e-16 
PVRTX 1116 0.73720634 0.52026093 1.68959808 1e-16 
PVRTX 1117 0.750199854 0.596354008 1.69390917 1e-16 
PVRTX 1118 0.771748483 0.682994545 1.68325353 1e-16 
PVRTX 1119 0.714556575 0.561004639 1.64753592 1e-16 
PVRTX 1120 0.71256566 0.604809344 1.58429503 1e-16 
PVRTX 1121 0.710062802 0.669415414 1.68011546 1e-16 
PVRTX 1122 0.727075934 0.706315875 1.65467167 1e-16 
PVRTX 1123 0.714563847 0.709678233 1.60895741 1e-16 
PVRTX 1124 0.755392194 0.684861362 1.61511302 1e-16 
PVRTX 1125 0.731088161 0.693694532 1.58384132 1e-16 
PVRTX 1126 0.744115114 0.733618021 1.56674242 1e-16 
PVRTX 1127 0.789625704 0.743227124 1.59679258 1e-16 
PVRTX 1128 0.713078737 0.756997347 1.59731686 1e-16 
PVRTX 1129 0.668463767 0.73522377 1.62578571 1e-16 
PVRTX 1130 0.666296184 0.736480772 1.57560945 1e-16 
PVRTX 1131 0.676024556 0.686065376 1.57499993 1e-12 CNXYZ
PVRTX 1132 0.681248188 0.689825177 1.54999995 1e-12 CNXYZ
PVRTX 1133 0.697459817 0.68922472 1.54999995 1e-12 CNXYZ
PVRTX 1134 0.731461525 0.655777693 1.5805254 1e-16 
PVRTX 1135 0.742632627 0.70410198 1.5310607 1e-16 
PVRTX 1136 0.702683389 0.692984462 1.52499998 1e-12 CNXYZ
PVRTX 1137 0.686271548 0.690983057 1.52499998 1e-12 CNXYZ
PVRTX 1138 0.664643645 0.690517902 1.52499998 1e-12 CNXYZ
PVRTX 1139 0.663692057 0.615088224 1.51082802 1e-16 
PVRTX 1140 0.681048036 0.687223256 1.54999995 1e-12 CNXYZ
PVRTX 1141 0.664636195 0.685221791 1.54999995 1e-12 CNXYZ
PVRTX 1142 0.643008292 0.684756696 1.54999995 1e-12 CNXYZ
PVRTX 1143 0.621380389 0.684291601 1.54999995 1e-12 CNXYZ
PVRTX 1144 0.776237488 0.696763813 1.57217777 1e-16 
PVRTX 1145 0.776296437 0.745023012 1.52286005 1e-16 
PVRTX 1146 0.8131392 0.697915494 1.53967297 1e-16 
PVRTX 1147 0.764140129 0.659802794 1.54205871 1e-16 
PVRTX 1148 0.814140797 0.653428137 1.59332538 1e-16 
PVRTX 1149 0.857558429 0.714109421 1.57997036 1e-16 
PVRTX 1150 0.861262798 0.723564029 1.50485349 1e-16 
PVRTX 1151 0.794557571 0.684741378 1.48187733 1e-16 
PVRTX 1152 0.733912289 0.732351184 1.49494147 1e-16 
PVRTX 1153 0.703018308 0.743171573 1.52682948 1e-16 
PVRTX 1154 0.729294717 0.77859515 1.53344405 1e-16 
PVRTX 1155 0.692375362 0.75309664 1.49106514 1e-16 
PVRTX 1156 0.682555497 0.728751063 1.50807416 1e-16 
PVRTX 1157 0.679281473 0.750671268 1.457443 1e-16 
PVRTX 1158 0.65471077 0.707220316 1.47500002 1e-12 CNXYZ
PVRTX 1159 0.654322982 0.742170751 1.50694311 1e-16 
PVRTX 1160 0.672558129 0.700232625 1.5 1e-12 CNXYZ
PVRTX 1161 0.651122928 0.697073281 1.52499998 1e-12 CNXYZ
PVRTX 1162 0.671702564 0.767545938 1.53649843 1e-16 
PVRTX 1163 0.732130289 0.782405853 1.47491431 1e-16 
PVRTX 1164 0.651290834 0.799908221 1.50858378 1e-16 
PVRTX 1165 0.624784708 0.762114227 1.48350775 1e-16 
PVRTX 1166 0.610031843 0.744737864 1.51435459 1e-16 
PVRTX 1167 0.6265167 0.756654739 1.55248928 1e-16 
PVRTX 1168 0.604911685 0.792354167 1.51450753 1e-16 
PVRTX 1169 0.630643964 0.83037591 1.47877419 1e-16 
PVRTX 1170 0.634368718 0.792377114 1.59575832 1e-16 
PVRTX 1171 0.600686431 0.86931318 1.50605607 1e-16 
PVRTX 1172 0.676788926 0.857717931 1.58708608 1e-16 
PVRTX 1173 0.692747831 0.814993858 1.55572176 1e-16 
PVRTX 1174 0.745905221 0.821815014 1.56956041 1e-16 
PVRTX 1175 0.686471701 0.693584919 1.52499998 1e-12 CNXYZ
PVRTX 1176 0.6650365 0.690425575 1.54999995 1e-12 CNXYZ
PVRTX 1177 0.659812927 0.686665773 1.57499993 1e-12 CNXYZ
PVRTX 1178 0.670800924 0.682305574 1.5999999 1e-12 CNXYZ
PVRTX 1179 0.654589295 0.682906032 1.5999999 1e-12 CNXYZ
PVRTX 1180 0.643601298 0.687266231 1.57499993 1e-12 CNXYZ
PVRTX 1181 0.629687667 0.693913937 1.54999995 1e-12 CNXYZ
PVRTX 1182 0.608252406 0.690754592 1.57499993 1e-12 CNXYZ
PVRTX 1183 0.615774035 0.700561643 1.52499998 1e-12 CNXYZ
PVRTX 1184 0.637209296 0.703720987 1.5 1e-12 CNXYZ
PVRTX 1185 0.619361997 0.710708618 1.47500002 1e-12 CNXYZ
PVRTX 1186 0.62193346 0.762208879 1.42353618 1e-16 
PVRTX 1187 0.580387712 0.762039542 1.44315195 1e-16 
PVRTX 1188 0.588211656 0.734521151 1.39999998 1e-12 CNXYZ
PVRTX 1189 0.561178088 0.779996932 1.44842744 1e-16 
PVRTX 1190 0.547285795 0.796446323 1.46441901 1e-16 
PVRTX 1191 0.525339663 0.789024711 1.44669497 1e-16 
PVRTX 1192 0.536382854 0.821989238 1.4455899 1e-16 
PVRTX 1193 0.529522181 0.730331004 1.42499995 1e-12 CNXYZ
PVRTX 1194 0.558906317 0.723476529 1.45000005 1e-12 CNXYZ
PVRTX 1195 0.567407191 0.729287863 1.42499995 1e-12 CNXYZ
PVRTX 1196 0.579710722 0.728709817 1.42499995 1e-12 CNXYZ
PVRTX 1197 0.575908065 0.735099196 1.39999998 1e-12 CNXYZ
PVRTX 1198 0.600515246 0.733943164 1.39999998 1e-12 CNXYZ
PVRTX 1199 0.627517045 0.727006912 1.39999998 1e-12 CNXYZ
PVRTX 1200 0.618516445 0.729318976 1.39999998 1e-12 CNXYZ
PVRTX 1201 0.609515846 0.731631041 1.39999998 1e-12 CNXYZ
PVRTX 1202 0.601014972 0.725819707 1.42499995 1e-12 CNXYZ
PVRTX 1203 0.592014313 0.728131771 1.42499995 1e-12 CNXYZ
PVRTX 1204 0.583513439 0.722320437 1.45000005 1e-12 CNXYZ
PVRTX 1205 0.592514038 0.720008373 1.45000005 1e-12 CNXYZ
PVRTX 1206 0.601514637 0.717696309 1.45000005 1e-12 CNXYZ
PVRTX 1207 0.610015512 0.723507643 1.42499995 1e-12 CNXYZ
PVRTX 1208 0.619016171 0.721195579 1.42499995 1e-12 CNXYZ
PVRTX 1209 0.63686347 0.714207947 1.45000005 1e-12 CNXYZ
PVRTX 1210 0.693608463 0.755763113 1.4237411 1e-16 
PVRTX 1211 0.74912411 0.722709537 1.45350337 1e-16 
PVRTX 1212 0.81223613 0.80837661 1.50437808 1e-16 
PVRTX 1213 0.718802929 0.644968987 1.52503455 1e-16 
PVRTX 1214 0.739291191 0.60263592 1.50623369 1e-16 
PVRTX 1215 0.719497442 0.559963107 1.8007549 1e-16 
PVRTX 1216 0.659833074 0.588538766 1.85303891 1e-16 
PVRTX 1217 0.683314204 0.586284757 1.81112647 1e-16 
PVRTX 1218 0.610157371 0.601247251 1.87499988 1e-12 CNXYZ
PVRTX 1219 0.615761399 0.605450273 1.87499988 1e-12 CNXYZ
PVRTX 1220 0.618163168 0.599846244 1.89999986 1e-12 CNXYZ
PVRTX 1221 0.626769304 0.591039896 1.92499995 1e-12 CNXYZ
PVRTX 1222 0.632373333 0.595242918 1.92499995 1e-12 CNXYZ
PVRTX 1223 0.621165276 0.586836874 1.92499995 1e-12 CNXYZ
PVRTX 1224 0.615561247 0.582633853 1.92499995 1e-12 CNXYZ
PVRTX 1225 0.61255914 0.595643222 1.89999986 1e-12 CNXYZ
PVRTX 1226 0.606955111 0.591440201 1.89999986 1e-12 CNXYZ
PVRTX 1227 0.60115099 0.579031229 1.92499995 1e-12 CNXYZ
PVRTX 1228 0.56852752 0.581633091 1.89999986 1e-12 CNXYZ
PVRTX 1229 0.553716898 0.574427903 1.89999986 1e-12 CNXYZ
PVRTX 1230 0.545310855 0.578831077 1.87499988 1e-12 CNXYZ
PVRTX 1231 0.535303652 0.578230619 1.87499988 1e-12 CNXYZ
PVRTX 1232 0.526897609 0.577029824 1.87499988 1e-12 CNXYZ
PVRTX 1233 0.531701088 0.589638889 1.8499999 1e-12 CNXYZ
PVRTX 1234 0.528098464 0.600246549 1.82499993 1e-12 CNXYZ
PVRTX 1235 0.538105667 0.600846946 1.82499993 1e-12 CNXYZ
PVRTX 1236 0.541708231 0.589838982 1.8499999 1e-12 CNXYZ
PVRTX 1237 0.548112869 0.601447344 1.82499993 1e-12 CNXYZ
PVRTX 1238 0.544510245 0.612455308 1.79999995 1e-12 CNXYZ
PVRTX 1239 0.554517448 0.613055706 1.79999995 1e-12 CNXYZ
PVRTX 1240 0.534503102 0.611854911 1.79999995 1e-12 CNXYZ
PVRTX 1241 0.50328064 0.617659092 1.77499998 1e-12 CNXYZ
PVRTX 1242 0.498877525 0.624463916 1.75 1e-12 CNXYZ
PVRTX 1243 0.515689611 0.624864221 1.75 1e-12 CNXYZ
PVRTX 1244 0.525696754 0.625464678 1.75 1e-12 CNXYZ
PVRTX 1245 0.535703957 0.626065135 1.75 1e-12 CNXYZ
PVRTX 1246 0.548713326 0.62566483 1.75 1e-12 CNXYZ
PVRTX 1247 0.561722636 0.625264525 1.75 1e-12 CNXYZ
PVRTX 1248 0.575332403 0.626065135 1.75 1e-12 CNXYZ
PVRTX 1249 0.607155263 0.63867414 1.7249999 1e-12 CNXYZ
PVRTX 1250 0.624367595 0.640875757 1.7249999 1e-12 CNXYZ
PVRTX 1251 0.577734113 0.614456773 1.79999995 1e-12 CNXYZ
PVRTX 1252 0.564524651 0.613656163 1.79999995 1e-12 CNXYZ
PVRTX 1253 0.550114274 0.619860649 1.77499998 1e-12 CNXYZ
PVRTX 1254 0.540107131 0.619260192 1.77499998 1e-12 CNXYZ
PVRTX 1255 0.530099928 0.618659735 1.77499998 1e-12 CNXYZ
PVRTX 1256 0.520092726 0.618059337 1.77499998 1e-12 CNXYZ
PVRTX 1257 0.648128569 0.483225226 1.94047713 1e-16 
PVRTX 1258 0.598755121 0.446078598 1.9008348 1e-16 
PVRTX 1259 0.424610674 0.548056841 2.0150311 1e-16 
PVRTX 1260 0.469026208 0.600302935 1.97815871 1e-16 
PVRTX 1261 0.496352106 0.579712212 2.00780129 1e-16 
PVRTX 1262 0.432413459 0.604747534 2.03752804 1e-16 
PVRTX 1263 0.403879017 0.576258302 1.95330429 1e-16 
PVRTX 1264 0.329656661 0.583999336 2.00328517 1e-16 
PVRTX 1265 0.414849579 0.529678464 2.07289124 1e-16 
PVRTX 1266 0.461175978 0.553233266 2.04225039 1e-16 
PVRTX 1267 0.458718359 0.499338984 2.09708881 1e-16 
PVRTX 1268 0.46274665 0.55237031 2.08809233 1e-16 
PVRTX 1269 0.491517037 0.586128294 2.05235267 1e-16 
PVRTX 1270 0.383249164 0.648893237 2.08508134 1e-16 
PVRTX 1271 0.519492269 0.522390485 2.07499981 1e-12 CNXYZ
PVRTX 1272 0.392806888 0.577038646 2.17738295 1e-16 
PVRTX 1273 0.230782151 0.566537619 2.12937808 1e-16 CNXYZ
PVRTX 1274 0.230782151 0.473252535 2.12937808 1e-16 CNXYZ
PVRTX 1275 0.380340904 0.42063272 2.14032602 1e-16 
PVRTX 1276 0.443461239 0.4320831 2.08589625 1e-16 
PVRTX 1277 0.373877823 0.491813958 2.26645851 1e-16 
PVRTX 1278 0.449085593 0.443870336 2.21665144 1e-16 
PVRTX 1279 0.289678693 0.415648341 2.20141411 1e-16 
PVRTX 1280 0.417669386 0.422102511 2.32175112 1e-16 
PVRTX 1281 0.308624983 0.441355437 2.30608702 1e-16 
PVRTX 1282 0.291980088 0.533260405 2.22868538 1e-16 
PVRTX 1283 0.297733158 0.651050389 2.25709248 1e-16 
PVRTX 1284 0.450124353 0.560231984 2.23400784 1e-16 
PVRTX 1285 0.430651814 0.532234311 2.33621335 1e-16 
PVRTX 1286 0.331760108 0.489414454 2.36594343 1e-16 
PVRTX 1287 0.230782151 0.426609993 2.37937808 1e-16 CNXYZ
PVRTX 1288 0.342283845 0.333324909 2.37937808 1e-16 CNXYZ
PVRTX 1289 0.356981397 0.464172959 2.44209576 1e-16 
PVRTX 1290 0.370234787 0.656424403 2.38378572 1e-16 
PVRTX 1291 0.230782151 0.613180161 2.37937808 1e-16 CNXYZ
PVRTX 1292 0.230782151 0.706465244 2.37937808 1e-16 CNXYZ
PVRTX 1293 0.313092172 0.791368961 2.34922981 1e-16 
PVRTX 1294 0.423571438 0.721973658 2.25932264 1e-16 
PVRTX 1295 0.486725092 0.743265927 2.39878941 1e-16 
PVRTX 1296 0.373881519 0.746435165 2.50437808 1e-16 
PVRTX 1297 0.230782151 0.799750328 2.37937808 1e-16 CNXYZ
PVRTX 1298 0.309067965 0.816265643 2.25437784 1e-16 
PVRTX 1299 0.286532998 0.893035471 2.37937808 1e-16 CNXYZ
PVRTX 1300 0.342283845 0.893035471 2.37937808 1e-16 CNXYZ
PVRTX 1301 0.398034692 0.893035471 2.37937808 1e-16 CNXYZ
PVRTX 1302 0.230782151 0.753107786 2.12937808 1e-16 CNXYZ
PVRTX 1303 0.322574496 0.675240874 2.15701628 1e-16 
PVRTX 1304 0.371181786 0.755211651 2.13329744 1e-16 
PVRTX 1305 0.30247575 0.769396067 2.06964946 1e-16 
PVRTX 1306 0.230782151 0.659822702 2.12937808 1e-16 CNXYZ
PVRTX 1307 0.458657026 0.64512682 2.19279385 1e-16 
PVRTX 1308 0.269967467 0.704838753 2.00842571 1e-16 
PVRTX 1309 0.230782151 0.613180161 1.87937808 1e-16 CNXYZ
PVRTX 1310 0.375121266 0.665681839 1.8678652 1e-16 
PVRTX 1311 0.402570635 0.727690876 1.9991734 1e-16 
PVRTX 1312 0.393463224 0.783470333 1.8915714 1e-16 
PVRTX 1313 0.299582064 0.776429057 1.85410058 1e-16 
PVRTX 1314 0.315538943 0.836788833 2.00437832 1e-16 
PVRTX 1315 0.230782151 0.84639287 1.87937808 1e-16 CNXYZ
PVRTX 1316 0.230782151 0.706465244 1.87937808 1e-16 CNXYZ
PVRTX 1317 0.30788222 0.618061364 1.83798587 1e-16 
PVRTX 1318 0.362918943 0.680567324 1.78911114 1e-16 
PVRTX 1319 0.275808096 0.708271623 1.75542188 1e-16 
PVRTX 1320 0.30185923 0.605603039 1.75144053 1e-16 
PVRTX 1321 0.339808822 0.76791054 1.76149082 1e-16 
PVRTX 1322 0.412961125 0.71569705 1.77691448 1e-16 
PVRTX 1323 0.451134861 0.680793881 1.75695729 1e-16 
PVRTX 1324 0.387785375 0.632618785 1.75624228 1e-16 
PVRTX 1325 0.460850179 0.630468249 1.7249999 1e-12 CNXYZ
PVRTX 1326 0.476061106 0.633470416 1.7249999 1e-12 CNXYZ
PVRTX 1327 0.491272032 0.636472583 1.7249999 1e-12 CNXYZ
PVRTX 1328 0.500098765 0.690882742 1.72225833 1e-16 
PVRTX 1329 0.465491116 0.742610931 1.76982784 1e-16 
PVRTX 1330 0.517490864 0.642877221 1.7249999 1e-12 CNXYZ
PVRTX 1331 0.506482959 0.63947475 1.7249999 1e-12 CNXYZ
PVRTX 1332 0.497276366 0.627065837 1.75 1e-12 CNXYZ
PVRTX 1333 0.512487292 0.630068004 1.75 1e-12 CNXYZ
PVRTX 1334 0.518491626 0.620661259 1.77499998 1e-12 CNXYZ
PVRTX 1335 0.528698921 0.59464252 1.8499999 1e-12 CNXYZ
PVRTX 1336 0.523495197 0.633470416 1.75 1e-12 CNXYZ
PVRTX 1337 0.57593286 0.610453844 1.8499999 1e-12 CNXYZ
PVRTX 1338 0.58734107 0.610854149 1.8499999 1e-12 CNXYZ
PVRTX 1339 0.573931456 0.603048563 1.87499988 1e-12 CNXYZ
PVRTX 1340 0.571144462 0.62603718 1.91478693 1e-16 
PVRTX 1341 0.562523246 0.602648258 1.87499988 1e-12 CNXYZ
PVRTX 1342 0.547113478 0.616554856 1.95241797 1e-16 
PVRTX 1343 0.562923551 0.586636722 1.92499995 1e-12 CNXYZ
PVRTX 1344 0.577067375 0.600171924 1.94223225 1e-16 
PVRTX 1345 0.579828501 0.61553967 1.95364392 1e-16 
PVRTX 1346 0.583212852 0.611984253 1.92417097 1e-16 
PVRTX 1347 0.57913518 0.591640353 1.92499995 1e-12 CNXYZ
PVRTX 1348 0.581536889 0.583034158 1.94999993 1e-12 CNXYZ
PVRTX 1349 0.56532526 0.578030527 1.94999993 1e-12 CNXYZ
PVRTX 1350 0.567156315 0.60626936 1.96647882 1e-16 
PVRTX 1351 0.573956549 0.623558342 1.98485327 1e-16 
PVRTX 1352 0.592057705 0.61609447 1.96814263 1e-16 
PVRTX 1353 0.583938599 0.574427962 1.9749999 1e-12 CNXYZ
PVRTX 1354 0.56772697 0.569424331 1.9749999 1e-12 CNXYZ
PVRTX 1355 0.531923771 0.597052336 1.96391511 1e-16 
PVRTX 1356 0.557016134 0.596626341 2.00701213 1e-16 
PVRTX 1357 0.525143504 0.608963728 1.98870218 1e-16 
PVRTX 1358 0.549113631 0.578030527 1.92499995 1e-12 CNXYZ
PVRTX 1359 0.50623107 0.611388326 1.94130135 1e-16 
PVRTX 1360 0.503922522 0.593266726 1.96454048 1e-16 
PVRTX 1361 0.531500936 0.552412033 1.9749999 1e-12 CNXYZ
PVRTX 1362 0.55391705 0.560818136 1.9749999 1e-12 CNXYZ
PVRTX 1363 0.551515341 0.569424331 1.94999993 1e-12 CNXYZ
PVRTX 1364 0.537705421 0.560818136 1.94999993 1e-12 CNXYZ
PVRTX 1365 0.535303712 0.569424331 1.92499995 1e-12 CNXYZ
PVRTX 1366 0.515289307 0.552412033 1.94999993 1e-12 CNXYZ
PVRTX 1367 0.509084821 0.54400599 1.9749999 1e-12 CNXYZ
PVRTX 1368 0.510285735 0.556615114 1.92499995 1e-12 CNXYZ
PVRTX 1369 0.521493793 0.560818136 1.92499995 1e-12 CNXYZ
PVRTX 1370 0.519092023 0.569424331 1.89999986 1e-12 CNXYZ
PVRTX 1371 0.532901943 0.578030527 1.89999986 1e-12 CNXYZ
PVRTX 1372 0.546711862 0.586636722 1.89999986 1e-12 CNXYZ
PVRTX 1373 0.560521781 0.595242918 1.89999986 1e-12 CNXYZ
PVRTX 1374 0.576333165 0.597444534 1.89999986 1e-12 CNXYZ
PVRTX 1375 0.593322814 0.621414721 1.90867758 1e-16 
PVRTX 1376 0.592144489 0.599646091 1.89999986 1e-12 CNXYZ
PVRTX 1377 0.594946504 0.59384191 1.92499995 1e-12 CNXYZ
PVRTX 1378 0.596546412 0.611412883 1.92139459 1e-16 
PVRTX 1379 0.594969153 0.607313454 1.94063783 1e-16 
PVRTX 1380 0.607955813 0.601847649 1.89999986 1e-12 CNXYZ
PVRTX 1381 0.614703298 0.618410587 1.92772937 1e-16 
PVRTX 1382 0.610757828 0.596043468 1.92499995 1e-12 CNXYZ
PVRTX 1383 0.613559842 0.590239286 1.94999993 1e-12 CNXYZ
PVRTX 1384 0.611534357 0.658594847 1.98159289 1e-16 
PVRTX 1385 0.590291321 0.601885378 2.0049212 1e-16 
PVRTX 1386 0.616361856 0.584435105 1.9749999 1e-12 CNXYZ
PVRTX 1387 0.600150228 0.579431534 1.9749999 1e-12 CNXYZ
PVRTX 1388 0.597748518 0.588037729 1.94999993 1e-12 CNXYZ
PVRTX 1389 0.586340308 0.565821767 2 1e-12 CNXYZ
PVRTX 1390 0.570128679 0.560818136 2 1e-12 CNXYZ
PVRTX 1391 0.579535425 0.557415724 2.0250001 1e-12 CNXYZ
PVRTX 1392 0.560721934 0.550810933 2.0250001 1e-12 CNXYZ
PVRTX 1393 0.547712564 0.552412033 2 1e-12 CNXYZ
PVRTX 1394 0.53354305 0.57953167 2.04990244 1e-16 
PVRTX 1395 0.538305819 0.54240489 2.0250001 1e-12 CNXYZ
PVRTX 1396 0.551315188 0.54080373 2.04999995 1e-12 CNXYZ
PVRTX 1397 0.528899074 0.532397628 2.04999995 1e-12 CNXYZ
PVRTX 1398 0.515889704 0.533998787 2.0250001 1e-12 CNXYZ
PVRTX 1399 0.543960929 0.618521035 2.03622723 1e-16 
PVRTX 1400 0.537008524 0.662059665 1.98102152 1e-16 
PVRTX 1401 0.573977172 0.647105753 1.93950963 1e-16 
PVRTX 1402 0.595877945 0.622579575 2.03099442 1e-16 
PVRTX 1403 0.574340582 0.594848156 2.0575397 1e-16 
PVRTX 1404 0.611958683 0.567422867 2.0250001 1e-12 CNXYZ
PVRTX 1405 0.605153799 0.559016824 2.04999995 1e-12 CNXYZ
PVRTX 1406 0.543222666 0.594339252 2.08866763 1e-16 
PVRTX 1407 0.570128679 0.533998847 2.0999999 1e-12 CNXYZ
PVRTX 1408 0.58894217 0.540603578 2.0999999 1e-12 CNXYZ
PVRTX 1409 0.598348916 0.550610781 2.07499981 1e-12 CNXYZ
PVRTX 1410 0.579535425 0.54400605 2.07499981 1e-12 CNXYZ
PVRTX 1411 0.557133913 0.570044041 2.07105494 1e-16 
PVRTX 1412 0.58894217 0.554013252 2.04999995 1e-12 CNXYZ
PVRTX 1413 0.621365428 0.564020395 2.04999995 1e-12 CNXYZ
PVRTX 1414 0.628170371 0.572426438 2.0250001 1e-12 CNXYZ
PVRTX 1415 0.590710938 0.634191871 2.08682871 1e-16 
PVRTX 1416 0.647803426 0.637810051 2.13033676 1e-16 
PVRTX 1417 0.688613772 0.573627353 2.04999995 1e-12 CNXYZ
PVRTX 1418 0.685411453 0.566422164 2.07499981 1e-12 CNXYZ
PVRTX 1419 0.78256917 0.532172382 2.06072807 1e-16 
PVRTX 1420 0.665397048 0.549009621 2.07499981 1e-12 CNXYZ
PVRTX 1421 0.671401381 0.546607912 2.0999999 1e-12 CNXYZ
PVRTX 1422 0.668999672 0.553212643 2.07499981 1e-12 CNXYZ
PVRTX 1423 0.750350952 0.6387887 2.06674528 1e-16 
PVRTX 1424 0.823184252 0.644108534 2.00423408 1e-16 
PVRTX 1425 0.833472133 0.591836274 2.06179976 1e-16 
PVRTX 1426 0.761387229 0.560431302 2.10957813 1e-16 
PVRTX 1427 0.788313746 0.628269851 2.11457586 1e-16 
PVRTX 1428 0.691816092 0.580832541 2.0250001 1e-12 CNXYZ
PVRTX 1429 0.67940712 0.568823874 2.04999995 1e-12 CNXYZ
PVRTX 1430 0.682609439 0.576029062 2.0250001 1e-12 CNXYZ
PVRTX 1431 0.676605105 0.578430772 2 1e-12 CNXYZ
PVRTX 1432 0.685811758 0.583234251 2 1e-12 CNXYZ
PVRTX 1433 0.79042995 0.446009129 2.00437808 1e-16 
PVRTX 1434 0.732539773 0.408720911 1.91011155 1e-16 
PVRTX 1435 0.719303668 0.427207977 1.96832609 1e-16 
PVRTX 1436 0.821211457 0.449931264 1.84258962 1e-16 
PVRTX 1437 0.78829062 0.333324909 1.87937808 1e-16 CNXYZ
PVRTX 1438 0.676788926 0.333324909 1.87937808 1e-16 CNXYZ
PVRTX 1439 0.667017162 0.440030068 1.93658304 1e-16 
PVRTX 1440 0.623323739 0.371765822 1.931813 1e-16 
PVRTX 1441 0.647268057 0.407817602 2.00401115 1e-16 
PVRTX 1442 0.662826538 0.452769578 2.01527858 1e-16 
PVRTX 1443 0.704572797 0.431304604 2.02892423 1e-16 
PVRTX 1444 0.681839108 0.464490503 2.05242419 1e-16 
PVRTX 1445 0.630805969 0.462484419 2.05091572 1e-16 
PVRTX 1446 0.570294082 0.430766612 2.0578711 1e-16 
PVRTX 1447 0.60943985 0.442801952 1.96673298 1e-16 
PVRTX 1448 0.57910639 0.385011882 2.00313783 1e-16 
PVRTX 1449 0.565287232 0.333324909 1.87937808 1e-16 CNXYZ
PVRTX 1450 0.534133554 0.449414134 2.04230213 1e-16 
PVRTX 1451 0.507518709 0.392659843 2.0720005 1e-16 
PVRTX 1452 0.532501638 0.532797992 2.0250001 1e-12 CNXYZ
PVRTX 1453 0.539106369 0.532797992 2.0250001 1e-12 CNXYZ
PVRTX 1454 0.532501638 0.528795123 2.04999995 1e-12 CNXYZ
PVRTX 1455 0.532501638 0.524792194 2.07499981 1e-12 CNXYZ
PVRTX 1456 0.540307283 0.520789325 2.0999999 1e-12 CNXYZ
PVRTX 1457 0.565468431 0.393290341 2.10311985 1e-16 
PVRTX 1458 0.563022673 0.41640982 2.15323114 1e-16 
PVRTX 1459 0.623737335 0.423580498 2.20349908 1e-16 
PVRTX 1460 0.638118684 0.462436616 2.21854305 1e-16 
PVRTX 1461 0.543348789 0.440233707 2.20488214 1e-16 
PVRTX 1462 0.582245111 0.539939165 2.18268204 1e-16 
PVRTX 1463 0.593945742 0.523191094 2.17500019 1e-12 CNXYZ
PVRTX 1464 0.598549068 0.531196833 2.1500001 1e-12 CNXYZ
PVRTX 1465 0.603953004 0.525592804 2.17500019 1e-12 CNXYZ
PVRTX 1466 0.613960147 0.527994514 2.17500019 1e-12 CNXYZ
PVRTX 1467 0.599349678 0.517587066 2.20000005 1e-12 CNXYZ
PVRTX 1468 0.62396729 0.530396223 2.17500019 1e-12 CNXYZ
PVRTX 1469 0.656390667 0.524191737 2.20000005 1e-12 CNXYZ
PVRTX 1470 0.665397108 0.523991644 2.20000005 1e-12 CNXYZ
PVRTX 1471 0.70091188 0.572705746 2.2485764 1e-16 
PVRTX 1472 0.656991065 0.51958847 2.20000005 1e-12 CNXYZ
PVRTX 1473 0.665997505 0.528594971 2.17500019 1e-12 CNXYZ
PVRTX 1474 0.655189753 0.527794361 2.17500019 1e-12 CNXYZ
PVRTX 1475 0.683531046 0.495571822 2.17666602 1e-16 
PVRTX 1476 0.724181294 0.43935284 2.17548919 1e-16 
PVRTX 1477 0.728570461 0.500001848 2.2054677 1e-16 
PVRTX 1478 0.729858577 0.499439716 2.13768649 1e-16 
PVRTX 1479 0.792456806 0.522065997 2.16300869 1e-16 
PVRTX 1480 0.796655357 0.441048473 2.25272083 1e-16 
PVRTX 1481 0.620023906 0.400835723 2.1489172 1e-16 
PVRTX 1482 0.482309401 0.406375974 2.15257239 1e-16 
PVRTX 1483 0.509536386 0.333324909 2.12937808 1e-16 CNXYZ
PVRTX 1484 0.593624473 0.363095164 2.18618679 1e-16 
PVRTX 1485 0.621038079 0.333324909 2.12937808 1e-16 CNXYZ
PVRTX 1486 0.519492269 0.526393354 2.04999995 1e-12 CNXYZ
PVRTX 1487 0.570128679 0.547408462 2.04999995 1e-12 CNXYZ
PVRTX 1488 0.541908383 0.530796528 2.07499981 1e-12 CNXYZ
PVRTX 1489 0.551315188 0.527394056 2.0999999 1e-12 CNXYZ
PVRTX 1490 0.595747054 0.562419295 2.0250001 1e-12 CNXYZ
PVRTX 1491 0.602551937 0.570825338 2 1e-12 CNXYZ
PVRTX 1492 0.618763566 0.57582891 2 1e-12 CNXYZ
PVRTX 1493 0.63217324 0.586636722 1.9749999 1e-12 CNXYZ
PVRTX 1494 0.634975255 0.580832541 2 1e-12 CNXYZ
PVRTX 1495 0.664996803 0.584435105 2 1e-12 CNXYZ
PVRTX 1496 0.662194788 0.590239286 1.9749999 1e-12 CNXYZ
PVRTX 1497 0.649986029 0.582633853 2 1e-12 CNXYZ
PVRTX 1498 0.647184014 0.588438034 1.9749999 1e-12 CNXYZ
PVRTX 1499 0.64678371 0.575428605 2.0250001 1e-12 CNXYZ
PVRTX 1500 0.61841011 0.685302973 2.07537508 1e-16 
PVRTX 1501 0.560721934 0.537401319 2.07499981 1e-12 CNXYZ
PVRTX 1502 0.488761723 0.631969869 2.02253938 1e-16 
PVRTX 1503 0.498281151 0.663043857 2.06660366 1e-16 
PVRTX 1504 0.447652847 0.666595757 2.01210022 1e-16 
PVRTX 1505 0.471270889 0.772289515 1.9478339 1e-16 
PVRTX 1506 0.570195735 0.749031007 1.99365771 1e-16 
PVRTX 1507 0.509375453 0.843184888 2.00137258 1e-16 
PVRTX 1508 0.39248246 0.837637663 2.00307703 1e-16 
PVRTX 1509 0.453785539 0.893035471 1.87937808 1e-16 CNXYZ
PVRTX 1510 0.501993597 0.805979013 1.84727573 1e-16 
PVRTX 1511 0.585491419 0.782540798 1.88725102 1e-16 
PVRTX 1512 0.425618887 0.796093702 1.77930021 1e-16 
PVRTX 1513 0.476064235 0.798727751 1.75330222 1e-16 
PVRTX 1514 0.393379092 0.77776438 1.72571373 1e-16 
PVRTX 1515 0.457768917 0.712305903 1.71927142 1e-16 
PVRTX 1516 0.51966393 0.743443251 1.72886944 1e-16 
PVRTX 1517 0.543905735 0.702178657 1.70766234 1e-16 
PVRTX 1518 0.537705421 0.643677771 1.7249999 1e-12 CNXYZ
PVRTX 1519 0.520693183 0.649682105 1.69999993 1e-12 CNXYZ
PVRTX 1520 0.514088392 0.656887293 1.67499995 1e-12 CNXYZ
PVRTX 1521 0.501818776 0.73677963 1.66997671 1e-16 
PVRTX 1522 0.470056772 0.642877221 1.69999993 1e-12 CNXYZ
PVRTX 1523 0.485267699 0.645879388 1.69999993 1e-12 CNXYZ
PVRTX 1524 0.474660099 0.653084576 1.67499995 1e-12 CNXYZ
PVRTX 1525 0.489871025 0.656086743 1.67499995 1e-12 CNXYZ
PVRTX 1526 0.500478625 0.648881555 1.69999993 1e-12 CNXYZ
PVRTX 1527 0.458143532 0.708821058 1.66747177 1e-16 
PVRTX 1528 0.433516562 0.754520774 1.66819894 1e-16 
PVRTX 1529 0.469744951 0.725265622 1.62331176 1e-16 
PVRTX 1530 0.411716431 0.704117477 1.63045466 1e-16 
PVRTX 1531 0.453444868 0.667494953 1.62499988 1e-12 CNXYZ
PVRTX 1532 0.458048165 0.677702308 1.5999999 1e-12 CNXYZ
PVRTX 1533 0.427250147 0.738086998 1.60642278 1e-16 
PVRTX 1534 0.387637109 0.726627827 1.6602242 1e-16 
PVRTX 1535 0.376590759 0.719122887 1.60778821 1e-16 
PVRTX 1536 0.407176614 0.710134625 1.60491645 1e-16 
PVRTX 1537 0.38839817 0.666894555 1.5999999 1e-12 CNXYZ
PVRTX 1538 0.411614835 0.670497119 1.5999999 1e-12 CNXYZ
PVRTX 1539 0.4348315 0.674099684 1.5999999 1e-12 CNXYZ
PVRTX 1540 0.436365962 0.682813644 1.57499993 1e-12 CNXYZ
PVRTX 1541 0.437900424 0.691527665 1.54999995 1e-12 CNXYZ
PVRTX 1542 0.37786907 0.758666039 1.57087493 1e-16 
PVRTX 1543 0.414683759 0.6879251 1.54999995 1e-12 CNXYZ
PVRTX 1544 0.394916326 0.684204161 1.54999995 1e-12 CNXYZ
PVRTX 1545 0.350926071 0.779422879 1.63915324 1e-16 
PVRTX 1546 0.303299069 0.712012768 1.62735772 1e-16 
PVRTX 1547 0.383794844 0.65668714 1.62499988 1e-12 CNXYZ
PVRTX 1548 0.407011509 0.660289764 1.62499988 1e-12 CNXYZ
PVRTX 1549 0.402408212 0.650082409 1.64999986 1e-12 CNXYZ
PVRTX 1550 0.425624907 0.653684974 1.64999986 1e-12 CNXYZ
PVRTX 1551 0.382310987 0.715880752 1.70854425 1e-16 
PVRTX 1552 0.421021581 0.643477678 1.67499995 1e-12 CNXYZ
PVRTX 1553 0.359370947 0.757510424 1.68483233 1e-16 
PVRTX 1554 0.312106073 0.733275354 1.69690681 1e-16 
PVRTX 1555 0.302012503 0.798369169 1.66485 1e-16 
PVRTX 1556 0.230782151 0.753107786 1.62937808 1e-16 CNXYZ
PVRTX 1557 0.298061073 0.657596111 1.69031 1e-16 
PVRTX 1558 0.439634949 0.636872888 1.69999993 1e-12 CNXYZ
PVRTX 1559 0.440835834 0.643077374 1.67499995 1e-12 CNXYZ
PVRTX 1560 0.442036688 0.649281859 1.64999986 1e-12 CNXYZ
PVRTX 1561 0.45764789 0.643477678 1.67499995 1e-12 CNXYZ
PVRTX 1562 0.481324017 0.554640293 1.52727556 1e-16 
PVRTX 1563 0.593314171 0.598411918 1.5571301 1e-16 
PVRTX 1564 0.576933563 0.663091719 1.62499988 1e-12 CNXYZ
PVRTX 1565 0.782787323 0.628311276 1.47821248 1e-16 
PVRTX 1566 0.625175953 0.70233655 1.47500002 1e-12 CNXYZ
PVRTX 1567 0.581192851 0.724034309 1.39999998 1e-12 CNXYZ
PVRTX 1568 0.673128068 0.628465891 1.33609557 1e-16 
PVRTX 1569 0.688202739 0.689191222 1.37476659 1e-16 
PVRTX 1570 0.709129274 0.652425051 1.38143027 1e-16 
PVRTX 1571 0.718290091 0.720497608 1.39557886 1e-16 
PVRTX 1572 0.761123896 0.635570705 1.38318229 1e-16 
PVRTX 1573 0.800412655 0.664999962 1.4072839 1e-16 
PVRTX 1574 0.770855725 0.70200932 1.36462414 1e-16 
PVRTX 1575 0.759203672 0.681741536 1.30532324 1e-16 
PVRTX 1576 0.762779832 0.607407391 1.2983079 1e-16 
PVRTX 1577 0.810566127 0.643453896 1.33895993 1e-16 
PVRTX 1578 0.786908388 0.600325048 1.41061044 1e-16 
PVRTX 1579 0.755392551 0.589627981 1.35407913 1e-16 
PVRTX 1580 0.749968112 0.614964247 1.4325937 1e-16 
PVRTX 1581 0.835649431 0.607940435 1.42992675 1e-16 
PVRTX 1582 0.813785672 0.568845928 1.2993964 1e-16 
PVRTX 1583 0.784759343 0.549248815 1.41995001 1e-16 
PVRTX 1584 0.899792314 0.519895077 1.37937808 1e-16 CNXYZ
PVRTX 1585 0.833230555 0.626306653 1.50628006 1e-16 
PVRTX 1586 0.767139733 0.77028203 1.3937546 1e-16 
PVRTX 1587 0.837466717 0.737855375 1.42578065 1e-16 
PVRTX 1588 0.899792314 0.706465244 1.37937808 1e-16 CNXYZ
PVRTX 1589 0.829820037 0.818672001 1.5878756 1e-16 
PVRTX 1590 0.899792314 0.84639293 1.62937808 1e-16 CNXYZ
PVRTX 1591 0.899792314 0.753107786 1.62937808 1e-16 CNXYZ
PVRTX 1592 0.844041467 0.893035471 1.62937808 1e-16 CNXYZ
PVRTX 1593 0.768378615 0.796114206 1.66433573 1e-16 
PVRTX 1594 0.78829062 0.893035471 1.62937808 1e-16 CNXYZ
PVRTX 1595 0.785035908 0.764486253 1.76085198 1e-16 
PVRTX 1596 0.732539773 0.893035471 1.62937808 1e-16 CNXYZ
PVRTX 1597 0.710562229 0.783708096 1.67032051 1e-16 
PVRTX 1598 0.899792314 0.613180161 1.37937808 1e-16 CNXYZ
PVRTX 1599 0.843143463 0.665879488 1.27836895 1e-16 
PVRTX 1600 0.794327497 0.634101033 1.2460829 1e-16 
PVRTX 1601 0.823905587 0.728669524 1.34142733 1e-16 
PVRTX 1602 0.781737745 0.771461904 1.33515263 1e-16 
PVRTX 1603 0.821638346 0.8163445 1.34164798 1e-16 
PVRTX 1604 0.823831856 0.802702188 1.25437808 1e-16 
PVRTX 1605 0.577368081 0.823096931 1.47574592 1e-16 
PVRTX 1606 0.543181598 0.808662295 1.49539912 1e-16 
PVRTX 1607 0.540706158 0.849440098 1.50511277 1e-16 
PVRTX 1608 0.555800796 0.78232187 1.52556944 1e-16 
PVRTX 1609 0.481221527 0.751023889 1.57409072 1e-16 
PVRTX 1610 0.536654949 0.776330352 1.58265758 1e-16 
PVRTX 1611 0.393872261 0.769461036 1.50452697 1e-16 
PVRTX 1612 0.318957746 0.772588849 1.50170207 1e-16 
PVRTX 1613 0.399302334 0.697441936 1.5 1e-12 CNXYZ
PVRTX 1614 0.302848101 0.748995662 1.41953707 1e-16 
PVRTX 1615 0.300193071 0.735848606 1.33995366 1e-16 
PVRTX 1616 0.31584996 0.803604841 1.38893843 1e-16 
PVRTX 1617 0.230782151 0.799750328 1.37937808 1e-16 CNXYZ
PVRTX 1618 0.334043026 0.785213172 1.18523979 1e-16 
PVRTX 1619 0.230782151 0.753107786 1.12937808 1e-16 CNXYZ
PVRTX 1620 0.319131285 0.622718692 1.25726736 1e-16 
PVRTX 1621 0.311555624 0.679715455 1.1634326 1e-16 
PVRTX 1622 0.319060802 0.797151744 1.00824428 1e-16 
PVRTX 1623 0.337440461 0.642037153 1.00541091 1e-16 
PVRTX 1624 0.230782151 0.613180161 1.12937808 1e-16 CNXYZ
PVRTX 1625 0.367007494 0.564894617 1.12288141 1e-16 
PVRTX 1626 0.414601624 0.707818449 1.13692343 1e-16 
PVRTX 1627 0.45371747 0.551494896 1.23657548 1e-16 
PVRTX 1628 0.230782151 0.893035471 1.62937808 1e-16 CNXYZ
PVRTX 1629 0.286532998 0.893035471 1.62937808 1e-16 CNXYZ
PVRTX 1630 0.230782151 0.893035471 1.37937808 1e-16 CNXYZ
PVRTX 1631 0.230782151 0.893035471 1.12937808 1e-16 CNXYZ
PVRTX 1632 0.230782151 0.799750328 0.87937808 1e-16 CNXYZ
PVRTX 1633 0.342283845 0.893035471 0.87937808 1e-16 CNXYZ
PVRTX 1634 0.342283845 0.893035471 1.12937808 1e-16 CNXYZ
PVRTX 1635 0.461356342 0.791874409 1.00469446 1e-16 
PVRTX 1636 0.314408422 0.788089693 0.81687808 1e-16 
PVRTX 1637 0.512529254 0.616254807 1.00304317 1e-16 
PVRTX 1638 0.453785539 0.893035471 0.87937808 1e-16 CNXYZ
PVRTX 1639 0.342283845 0.893035471 0.62937808 1e-16 CNXYZ
PVRTX 1640 0.230782151 0.84639287 0.62937808 1e-16 CNXYZ
PVRTX 1641 0.230782151 0.659822702 0.87937808 1e-16 CNXYZ
PVRTX 1642 0.356969774 0.509003103 0.785294354 1e-16 
PVRTX 1643 0.509536386 0.893035471 0.62937808 1e-16 CNXYZ
PVRTX 1644 0.230782151 0.706465244 0.62937808 1e-16 CNXYZ
PVRTX 1645 0.230782151 0.566537619 0.62937808 1e-16 CNXYZ
PVRTX 1646 0.321377277 0.776429057 0.50437808 1e-16 
PVRTX 1647 0.481660962 0.613180161 0.37937808 1e-16 CNXYZ
PVRTX 1648 0.481660962 0.543216348 0.37937808 1e-16 CNXYZ
PVRTX 1649 0.453785539 0.333324909 0.62937808 1e-16 CNXYZ
PVRTX 1650 0.230782151 0.426609993 0.62937808 1e-16 CNXYZ
PVRTX 1651 0.230782151 0.519895077 0.87937808 1e-16 CNXYZ
PVRTX 1652 0.374031872 0.480059981 1.00437808 1e-16 
PVRTX 1653 0.557783246 0.448671281 0.999835074 1e-16 
PVRTX 1654 0.509536386 0.333324909 0.87937808 1e-16 CNXYZ
PVRTX 1655 0.676788926 0.333324909 0.87937808 1e-16 CNXYZ
PVRTX 1656 0.816166043 0.438270628 0.81687808 1e-16 
PVRTX 1657 0.7843467 0.69441241 0.847981811 1e-16 
PVRTX 1658 0.621038079 0.333324909 0.62937808 1e-16 CNXYZ
PVRTX 1659 0.565287232 0.613180161 0.37937808 1e-16 CNXYZ
PVRTX 1660 0.71676439 0.518326283 1.00379264 1e-16 
PVRTX 1661 0.899792314 0.566537619 0.87937808 1e-16 CNXYZ
PVRTX 1662 0.899792314 0.519895077 0.62937808 1e-16 CNXYZ
PVRTX 1663 0.78829062 0.333324909 0.62937808 1e-16 CNXYZ
PVRTX 1664 0.899792314 0.379967451 0.62937808 1e-16 CNXYZ
PVRTX 1665 0.899792314 0.333324909 0.87937808 1e-16 CNXYZ
PVRTX 1666 0.899792314 0.426609993 0.87937808 1e-16 CNXYZ
PVRTX 1667 0.78829062 0.333324909 0.87937808 1e-16 CNXYZ
PVRTX 1668 0.342283845 0.333324909 0.87937808 1e-16 CNXYZ
PVRTX 1669 0.2805323 0.416651189 0.97312808 1e-16 
PVRTX 1670 0.230782151 0.426609993 0.87937808 1e-16 CNXYZ
PVRTX 1671 0.28343606 0.394776046 0.75437808 1e-16 
PVRTX 1672 0.286532998 0.333324909 0.62937808 1e-16 CNXYZ
PVRTX 1673 0.230782151 0.333324909 0.62937808 1e-16 CNXYZ
PVRTX 1674 0.286532998 0.333324909 0.87937808 1e-16 CNXYZ
PVRTX 1675 0.230782151 0.403288722 0.37937808 1e-16 CNXYZ
PVRTX 1676 0.230782151 0.333324909 0.37937808 1e-16 CNXYZ
PVRTX 1677 0.314408422 0.333324909 0.37937808 1e-16 CNXYZ
PVRTX 1678 0.314408422 0.403288722 0.37937808 1e-16 CNXYZ
PVRTX 1679 0.230782151 0.473252535 0.37937808 1e-16 CNXYZ
PVRTX 1680 0.314408422 0.473252535 0.37937808 1e-16 CNXYZ
PVRTX 1681 0.314408422 0.543216348 0.37937808 1e-16 CNXYZ
PVRTX 1682 0.230782151 0.543216348 0.37937808 1e-16 CNXYZ
PVRTX 1683 0.230782151 0.613180161 0.37937808 1e-16 CNXYZ
PVRTX 1684 0.314408422 0.613180161 0.37937808 1e-16 CNXYZ
PVRTX 1685 0.398034692 0.613180161 0.37937808 1e-16 CNXYZ
PVRTX 1686 0.398034692 0.543216348 0.37937808 1e-16 CNXYZ
PVRTX 1687 0.398034692 0.473252535 0.37937808 1e-16 CNXYZ
PVRTX 1688 0.481660962 0.683143973 0.37937808 1e-16 CNXYZ
PVRTX 1689 0.398034692 0.683143973 0.37937808 1e-16 CNXYZ
PVRTX 1690 0.398034692 0.753107786 0.37937808 1e-16 CNXYZ
PVRTX 1691 0.481660962 0.753107786 0.37937808 1e-16 CNXYZ
PVRTX 1692 0.565287232 0.683143973 0.37937808 1e-16 CNXYZ
PVRTX 1693 0.565287232 0.753107786 0.37937808 1e-16 CNXYZ
PVRTX 1694 0.565287232 0.823071599 0.37937808 1e-16 CNXYZ
PVRTX 1695 0.676788926 0.893035471 0.62937808 1e-16 CNXYZ
PVRTX 1696 0.565287232 0.893035471 0.37937808 1e-16 CNXYZ
PVRTX 1697 0.481660962 0.893035471 0.37937808 1e-16 CNXYZ
PVRTX 1698 0.481660962 0.823071599 0.37937808 1e-16 CNXYZ
PVRTX 1699 0.398034692 0.823071599 0.37937808 1e-16 CNXYZ
PVRTX 1700 0.398034692 0.893035471 0.37937808 1e-16 CNXYZ
PVRTX 1701 0.230782151 0.893035471 0.37937808 1e-16 CNXYZ
PVRTX 1702 0.230782151 0.823071599 0.37937808 1e-16 CNXYZ
PVRTX 1703 0.230782151 0.753107786 0.37937808 1e-16 CNXYZ
PVRTX 1704 0.314408422 0.753107786 0.37937808 1e-16 CNXYZ
PVRTX 1705 0.230782151 0.683143973 0.37937808 1e-16 CNXYZ
PVRTX 1706 0.314408422 0.683143973 0.37937808 1e-16 CNXYZ
PVRTX 1707 0.314408422 0.823071599 0.37937808 1e-16 CNXYZ
PVRTX 1708 0.314408422 0.893035471 0.37937808 1e-16 CNXYZ
PVRTX 1709 0.621038079 0.893035471 0.87937808 1e-16 CNXYZ
PVRTX 1710 0.655144572 0.803951144 1.15406942 1e-16 
PVRTX 1711 0.523509562 0.632066727 1.14108229 1e-16 
PVRTX 1712 0.542646408 0.761623859 1.23313677 1e-16 
PVRTX 1713 0.565287232 0.893035471 1.12937808 1e-16 CNXYZ
PVRTX 1714 0.732539773 0.893035471 1.12937808 1e-16 CNXYZ
PVRTX 1715 0.587753892 0.838763475 1.25092435 1e-16 
PVRTX 1716 0.636797786 0.766981006 1.22635341 1e-16 
PVRTX 1717 0.579642832 0.67644465 1.20614111 1e-16 
PVRTX 1718 0.669880211 0.66861099 1.17224622 1e-16 
PVRTX 1719 0.562652051 0.752997756 1.28046966 1e-16 
PVRTX 1720 0.557822943 0.713685691 1.31654739 1e-16 
PVRTX 1721 0.608926654 0.752619088 1.30441892 1e-16 
PVRTX 1722 0.574953198 0.767065465 1.31360698 1e-16 
PVRTX 1723 0.514314175 0.770676613 1.28858995 1e-16 
PVRTX 1724 0.567103505 0.801403701 1.29923391 1e-16 
PVRTX 1725 0.60316062 0.792108297 1.3217032 1e-16 
PVRTX 1726 0.615141511 0.794436991 1.26900196 1e-16 
PVRTX 1727 0.671605587 0.6949898 1.25640321 1e-16 
PVRTX 1728 0.392881304 0.816289067 1.67315435 1e-16 
PVRTX 1729 0.474363863 0.82570076 1.65396416 1e-16 
PVRTX 1730 0.389047891 0.838177264 1.75588727 1e-16 
PVRTX 1731 0.530538678 0.816712141 1.62460005 1e-16 
PVRTX 1732 0.488811225 0.775213242 1.62726712 1e-16 
PVRTX 1733 0.547552466 0.789542496 1.67597532 1e-16 
PVRTX 1734 0.533325732 0.733691275 1.62158203 1e-16 
PVRTX 1735 0.459582627 0.686416268 1.57499993 1e-12 CNXYZ
PVRTX 1736 0.482265562 0.678502858 1.5999999 1e-12 CNXYZ
PVRTX 1737 0.485164016 0.685951173 1.57499993 1e-12 CNXYZ
PVRTX 1738 0.509381413 0.686751723 1.57499993 1e-12 CNXYZ
PVRTX 1739 0.506482959 0.679303408 1.5999999 1e-12 CNXYZ
PVRTX 1740 0.517090559 0.672098219 1.62499988 1e-12 CNXYZ
PVRTX 1741 0.492873192 0.671297669 1.62499988 1e-12 CNXYZ
PVRTX 1742 0.468655765 0.670497119 1.62499988 1e-12 CNXYZ
PVRTX 1743 0.527698159 0.664893031 1.64999986 1e-12 CNXYZ
PVRTX 1744 0.572669208 0.728448749 1.67269492 1e-16 
PVRTX 1745 0.588570476 0.747513175 1.61151981 1e-16 
PVRTX 1746 0.53359884 0.687552273 1.57499993 1e-12 CNXYZ
PVRTX 1747 0.536497295 0.695000589 1.54999995 1e-12 CNXYZ
PVRTX 1748 0.51381433 0.702914 1.52499998 1e-12 CNXYZ
PVRTX 1749 0.53939575 0.702448845 1.52499998 1e-12 CNXYZ
PVRTX 1750 0.577075124 0.761578202 1.5108434 1e-16 
PVRTX 1751 0.563613176 0.703249454 1.52499998 1e-12 CNXYZ
PVRTX 1752 0.566511631 0.710697711 1.5 1e-12 CNXYZ
PVRTX 1753 0.562708974 0.71708715 1.47500002 1e-12 CNXYZ
PVRTX 1754 0.575012565 0.716509104 1.47500002 1e-12 CNXYZ
PVRTX 1755 0.584013104 0.71419704 1.47500002 1e-12 CNXYZ
PVRTX 1756 0.580425262 0.704050004 1.52499998 1e-12 CNXYZ
PVRTX 1757 0.578769565 0.746188819 1.56738877 1e-16 
PVRTX 1758 0.577526808 0.696601748 1.54999995 1e-12 CNXYZ
PVRTX 1759 0.594338834 0.697402298 1.54999995 1e-12 CNXYZ
PVRTX 1760 0.59144032 0.689954042 1.57499993 1e-12 CNXYZ
PVRTX 1761 0.574628294 0.689153433 1.57499993 1e-12 CNXYZ
PVRTX 1762 0.560714722 0.695801139 1.54999995 1e-12 CNXYZ
PVRTX 1763 0.557816267 0.688352823 1.57499993 1e-12 CNXYZ
PVRTX 1764 0.565287232 0.853481531 1.58354974 1e-16 
PVRTX 1765 0.524131775 0.859726071 1.46786475 1e-16 
PVRTX 1766 0.565704465 0.863437235 1.44202518 1e-16 
PVRTX 1767 0.571209908 0.722898483 1.45000005 1e-12 CNXYZ
PVRTX 1768 0.601860464 0.707209349 1.5 1e-12 CNXYZ
PVRTX 1769 0.621038079 0.893035471 1.62937808 1e-16 CNXYZ
PVRTX 1770 0.286532998 0.893035471 1.87937808 1e-16 CNXYZ
PVRTX 1771 0.53430295 0.657687843 1.67499995 1e-12 CNXYZ
PVRTX 1772 0.547912717 0.665693641 1.64999986 1e-12 CNXYZ
PVRTX 1773 0.554517508 0.658488393 1.67499995 1e-12 CNXYZ
PVRTX 1774 0.540907681 0.650482655 1.69999993 1e-12 CNXYZ
PVRTX 1775 0.55791986 0.644478321 1.7249999 1e-12 CNXYZ
PVRTX 1776 0.561122179 0.651283264 1.69999993 1e-12 CNXYZ
PVRTX 1777 0.581336737 0.652083814 1.69999993 1e-12 CNXYZ
PVRTX 1778 0.59954983 0.655486226 1.69999993 1e-12 CNXYZ
PVRTX 1779 0.574932098 0.638473988 1.75 1e-12 CNXYZ
PVRTX 1780 0.586340308 0.638874292 1.75 1e-12 CNXYZ
PVRTX 1781 0.578134418 0.645278931 1.7249999 1e-12 CNXYZ
PVRTX 1782 0.589542627 0.645679235 1.7249999 1e-12 CNXYZ
PVRTX 1783 0.597748518 0.639274597 1.75 1e-12 CNXYZ
PVRTX 1784 0.607755721 0.649081647 1.7249999 1e-12 CNXYZ
PVRTX 1785 0.617762923 0.658888698 1.69999993 1e-12 CNXYZ
PVRTX 1786 0.625968814 0.652484119 1.7249999 1e-12 CNXYZ
PVRTX 1787 0.615961611 0.642677069 1.75 1e-12 CNXYZ
PVRTX 1788 0.635975957 0.662291169 1.69999993 1e-12 CNXYZ
PVRTX 1789 0.646183252 0.670296967 1.67499995 1e-12 CNXYZ
PVRTX 1790 0.677799463 0.720215559 1.68021607 1e-16 
PVRTX 1791 0.62712431 0.805004656 1.75215185 1e-16 
PVRTX 1792 0.646039426 0.725616038 1.79603803 1e-16 
PVRTX 1793 0.630366981 0.758748233 1.66142702 1e-16 
PVRTX 1794 0.627970219 0.666894495 1.67499995 1e-12 CNXYZ
PVRTX 1795 0.638177514 0.674900293 1.64999986 1e-12 CNXYZ
PVRTX 1796 0.654389143 0.674299836 1.64999986 1e-12 CNXYZ
PVRTX 1797 0.61996448 0.671497822 1.64999986 1e-12 CNXYZ
PVRTX 1798 0.630171776 0.67950356 1.62499988 1e-12 CNXYZ
PVRTX 1799 0.646383405 0.678903162 1.62499988 1e-12 CNXYZ
PVRTX 1800 0.638377666 0.683506489 1.5999999 1e-12 CNXYZ
PVRTX 1801 0.662595034 0.678302705 1.62499988 1e-12 CNXYZ
PVRTX 1802 0.622166038 0.684106886 1.5999999 1e-12 CNXYZ
PVRTX 1803 0.818229258 0.561448276 1.8313477 1e-16 
PVRTX 1804 0.760335445 0.606810927 1.824808 1e-16 
PVRTX 1805 0.731651127 0.649727166 1.83222055 1e-16 
PVRTX 1806 0.741701901 0.69686991 1.85212231 1e-16 
PVRTX 1807 0.70368576 0.714647353 1.8090837 1e-16 
PVRTX 1808 0.690645635 0.744140208 1.87511694 1e-16 
PVRTX 1809 0.656482637 0.767231226 1.92825031 1e-16 
PVRTX 1810 0.66096729 0.849279881 2.00706601 1e-16 
PVRTX 1811 0.763210356 0.759774685 2.00500107 1e-16 
PVRTX 1812 0.713487923 0.819815636 1.93115592 1e-16 
PVRTX 1813 0.812595606 0.71420753 1.84552979 1e-16 
PVRTX 1814 0.784004331 0.663751364 1.82169569 1e-16 
PVRTX 1815 0.839752078 0.639318168 1.83205557 1e-16 
PVRTX 1816 0.899792314 0.659822702 1.62937808 1e-16 CNXYZ
PVRTX 1817 0.682086349 0.454412639 1.43707657 1e-16 
PVRTX 1818 0.694351494 0.582219422 1.37822092 1e-16 
PVRTX 1819 0.69697541 0.535757065 1.33133709 1e-16 
PVRTX 1820 0.580532253 0.726759255 1.39999998 1e-12 CNXYZ
PVRTX 1821 0.579871655 0.7294842 1.39999998 1e-12 CNXYZ
PVRTX 1822 0.57788986 0.732291698 1.39999998 1e-12 CNXYZ
PVRTX 1823 0.569549859 0.727254689 1.39999998 1e-12 CNXYZ
PVRTX 1824 0.567568064 0.730062246 1.39999998 1e-12 CNXYZ
PVRTX 1825 0.565586269 0.732869744 1.39999998 1e-12 CNXYZ
PVRTX 1826 0.59019345 0.731713653 1.39999998 1e-12 CNXYZ
PVRTX 1827 0.590854049 0.728988767 1.39999998 1e-12 CNXYZ
PVRTX 1828 0.601175845 0.731218219 1.39999998 1e-12 CNXYZ
PVRTX 1829 0.601836443 0.728493273 1.39999998 1e-12 CNXYZ
PVRTX 1830 0.610176444 0.728906155 1.39999998 1e-12 CNXYZ
PVRTX 1831 0.619177043 0.726594031 1.39999998 1e-12 CNXYZ
PVRTX 1832 0.558167815 0.551890016 1.20600569 1e-16 
PVRTX 1833 0.345870137 0.531139731 1.34580469 1e-16 
PVRTX 1834 0.306055933 0.606311738 1.33991456 1e-16 
PVRTX 1835 0.422222435 0.649682164 1.64999986 1e-12 CNXYZ
PVRTX 1836 0.403609097 0.656286836 1.62499988 1e-12 CNXYZ
PVRTX 1837 0.365181476 0.663291931 1.5999999 1e-12 CNXYZ
PVRTX 1838 0.384995699 0.662891626 1.5999999 1e-12 CNXYZ
PVRTX 1839 0.384351224 0.671654999 1.57499993 1e-12 CNXYZ
PVRTX 1840 0.230782151 0.566537619 1.62937808 1e-16 CNXYZ
PVRTX 1841 0.389932632 0.675608516 1.57499993 1e-12 CNXYZ
PVRTX 1842 0.413149297 0.67921114 1.57499993 1e-12 CNXYZ
PVRTX 1843 0.419667453 0.696520686 1.52499998 1e-12 CNXYZ
PVRTX 1844 0.399900019 0.692799807 1.52499998 1e-12 CNXYZ
PVRTX 1845 0.404883713 0.701395392 1.5 1e-12 CNXYZ
PVRTX 1846 0.424651146 0.705116332 1.5 1e-12 CNXYZ
PVRTX 1847 0.439434886 0.700241685 1.52499998 1e-12 CNXYZ
PVRTX 1848 0.461117089 0.695130229 1.54999995 1e-12 CNXYZ
PVRTX 1849 0.444418609 0.708837271 1.5 1e-12 CNXYZ
PVRTX 1850 0.462651551 0.70384419 1.52499998 1e-12 CNXYZ
PVRTX 1851 0.486698478 0.694665134 1.54999995 1e-12 CNXYZ
PVRTX 1852 0.48823297 0.703379095 1.52499998 1e-12 CNXYZ
PVRTX 1853 0.512279868 0.694200039 1.54999995 1e-12 CNXYZ
PVRTX 1854 0.430228204 0.663892388 1.62499988 1e-12 CNXYZ
PVRTX 1855 0.448841572 0.657287598 1.64999986 1e-12 CNXYZ
PVRTX 1856 0.464052498 0.660289764 1.64999986 1e-12 CNXYZ
PVRTX 1857 0.459449172 0.650082409 1.67499995 1e-12 CNXYZ
PVRTX 1858 0.444238245 0.647080243 1.67499995 1e-12 CNXYZ
PVRTX 1859 0.454845846 0.639875054 1.69999993 1e-12 CNXYZ
PVRTX 1860 0.424402297 0.831773043 1.83109725 1e-16 
PVRTX 1861 0.342283845 0.893035471 1.87937808 1e-16 CNXYZ
PVRTX 1862 0.230782151 0.893035471 1.87937808 1e-16 CNXYZ
PVRTX 1863 0.230782151 0.893035471 2.12937808 1e-16 CNXYZ
PVRTX 1864 0.286532998 0.893035471 2.12937808 1e-16 CNXYZ
PVRTX 1865 0.342283845 0.893035471 2.12937808 1e-16 CNXYZ
PVRTX 1866 0.398034692 0.893035471 2.12937808 1e-16 CNXYZ
PVRTX 1867 0.509536386 0.893035471 2.12937808 1e-16 CNXYZ
PVRTX 1868 0.565287232 0.893035471 1.87937808 1e-16 CNXYZ
PVRTX 1869 0.531929553 0.652843535 2.14017344 1e-16 
PVRTX 1870 0.565525353 0.525993109 2.125 1e-12 CNXYZ
PVRTX 1871 0.584338903 0.53259784 2.125 1e-12 CNXYZ
PVRTX 1872 0.579735518 0.524592042 2.1500001 1e-12 CNXYZ
PVRTX 1873 0.69410336 0.666079044 2.24003983 1e-16 
PVRTX 1874 0.798852503 0.604019046 2.25173593 1e-16 
PVRTX 1875 0.769518733 0.545912921 2.20941234 1e-16 
PVRTX 1876 0.67860657 0.555013955 2.0999999 1e-12 CNXYZ
PVRTX 1877 0.675004005 0.550810933 2.0999999 1e-12 CNXYZ
PVRTX 1878 0.674403548 0.546207607 2.125 1e-12 CNXYZ
PVRTX 1879 0.670800984 0.542004585 2.125 1e-12 CNXYZ
PVRTX 1880 0.730232358 0.404126823 2.08423352 1e-16 
PVRTX 1881 0.805140674 0.434286922 2.10737157 1e-16 
PVRTX 1882 0.78829062 0.333324909 2.12937808 1e-16 CNXYZ
PVRTX 1883 0.73963213 0.380119145 2.00428629 1e-16 
PVRTX 1884 0.857822299 0.519895077 2.08138442 1e-16 
PVRTX 1885 0.899792314 0.473252535 2.12937808 1e-16 CNXYZ
PVRTX 1886 0.899792314 0.566537619 2.12937808 1e-16 CNXYZ
PVRTX 1887 0.899792314 0.659822702 2.12937808 1e-16 CNXYZ
PVRTX 1888 0.698089778 0.701944232 2.12317038 1e-16 
PVRTX 1889 0.577184618 0.717810035 2.15967107 1e-16 
PVRTX 1890 0.535701632 0.602370143 2.20410347 1e-16 
PVRTX 1891 0.482994825 0.781616092 2.14162278 1e-16 
PVRTX 1892 0.562853336 0.785373151 2.10608244 1e-16 
PVRTX 1893 0.732539773 0.893035471 2.12937808 1e-16 CNXYZ
PVRTX 1894 0.621038079 0.893035471 2.12937808 1e-16 CNXYZ
PVRTX 1895 0.766552746 0.763769865 2.25300932 1e-16 
PVRTX 1896 0.650986791 0.529795766 2.17500019 1e-12 CNXYZ
PVRTX 1897 0.64198029 0.529995918 2.17500019 1e-12 CNXYZ
PVRTX 1898 0.655189753 0.538602114 2.1500001 1e-12 CNXYZ
PVRTX 1899 0.636576414 0.535599947 2.1500001 1e-12 CNXYZ
PVRTX 1900 0.63297379 0.530196071 2.17500019 1e-12 CNXYZ
PVRTX 1901 0.640779376 0.544406295 2.125 1e-12 CNXYZ
PVRTX 1902 0.622166038 0.541404128 2.125 1e-12 CNXYZ
PVRTX 1903 0.729300916 0.397090346 2.30609369 1e-16 
PVRTX 1904 0.798330545 0.434604824 2.38136435 1e-16 
PVRTX 1905 0.732539773 0.333324909 2.37937808 1e-16 CNXYZ
PVRTX 1906 0.676788926 0.333324909 2.37937808 1e-16 CNXYZ
PVRTX 1907 0.899792314 0.519895077 2.37937808 1e-16 CNXYZ
PVRTX 1908 0.899792314 0.426609993 2.37937808 1e-16 CNXYZ
PVRTX 1909 0.844041467 0.333324909 2.37937808 1e-16 CNXYZ
PVRTX 1910 0.78829062 0.333324909 2.37937808 1e-16 CNXYZ
PVRTX 1911 0.899792314 0.613180161 2.37937808 1e-16 CNXYZ
PVRTX 1912 0.899792314 0.613180161 2.62937808 1e-16 CNXYZ
PVRTX 1913 0.899792314 0.519895077 2.62937808 1e-16 CNXYZ
PVRTX 1914 0.827569604 0.625646472 2.75364113 1e-16 
PVRTX 1915 0.751487434 0.484591782 2.74273634 1e-16 
PVRTX 1916 0.899792314 0.753107846 2.62937808 1e-16 CNXYZ
PVRTX 1917 0.899792314 0.659822702 2.87937808 1e-16 CNXYZ
PVRTX 1918 0.759206235 0.744991243 2.76307082 1e-16 
PVRTX 1919 0.686408103 0.698140383 2.86083269 1e-16 
PVRTX 1920 0.699245334 0.51879096 2.92215729 1e-16 
PVRTX 1921 0.620525181 0.616007864 2.78359509 1e-16 
PVRTX 1922 0.601669967 0.786900938 2.76494741 1e-16 
PVRTX 1923 0.541106641 0.632015109 2.95894527 1e-16 
PVRTX 1924 0.639777064 0.638497829 3.01769805 1e-16 
PVRTX 1925 0.593162596 0.770126939 2.91718125 1e-16 
PVRTX 1926 0.726867139 0.717694461 2.9834404 1e-16 
PVRTX 1927 0.745382667 0.602239847 3.04531336 1e-16 
PVRTX 1928 0.698608518 0.677920699 3.0861547 1e-16 
PVRTX 1929 0.655625939 0.60593605 3.14627743 1e-16 
PVRTX 1930 0.57455343 0.668848693 3.14211726 1e-16 
PVRTX 1931 0.600845575 0.734511971 3.06765199 1e-16 
PVRTX 1932 0.747160912 0.741850674 3.20596194 1e-16 
PVRTX 1933 0.649166822 0.636019886 3.29743242 1e-16 
PVRTX 1934 0.532520175 0.72179091 3.21943712 1e-16 
PVRTX 1935 0.551679254 0.575868487 3.22501159 1e-16 
PVRTX 1936 0.45618093 0.610773802 3.15762091 1e-16 
PVRTX 1937 0.553569078 0.591643274 3.07771993 1e-16 
PVRTX 1938 0.399850965 0.721382082 3.01151204 1e-16 
PVRTX 1939 0.621038079 0.893035471 3.12937808 1e-16 CNXYZ
PVRTX 1940 0.565287232 0.893035471 3.37937808 1e-16 CNXYZ
PVRTX 1941 0.565287232 0.753107786 3.37937808 1e-16 CNXYZ
PVRTX 1942 0.565287232 0.613180161 3.37937808 1e-16 CNXYZ
PVRTX 1943 0.433551341 0.662928224 3.26963615 1e-16 
PVRTX 1944 0.379403412 0.757656455 3.20739341 1e-16 
PVRTX 1945 0.398034692 0.753107786 3.37937808 1e-16 CNXYZ
PVRTX 1946 0.398034692 0.613180161 3.37937808 1e-16 CNXYZ
PVRTX 1947 0.427847117 0.535710216 3.2974577 1e-16 
PVRTX 1948 0.310109079 0.605120122 3.26228976 1e-16 
PVRTX 1949 0.565287232 0.473252535 3.37937808 1e-16 CNXYZ
PVRTX 1950 0.529622853 0.473583907 3.21677017 1e-16 
PVRTX 1951 0.363639832 0.48053962 3.20606136 1e-16 
PVRTX 1952 0.398034692 0.473252535 3.37937808 1e-16 CNXYZ
PVRTX 1953 0.230782151 0.519895077 3.12937808 1e-16 CNXYZ
PVRTX 1954 0.230782151 0.473252535 3.37937808 1e-16 CNXYZ
PVRTX 1955 0.230782151 0.613180161 3.37937808 1e-16 CNXYZ
PVRTX 1956 0.230782151 0.659822702 3.12937808 1e-16 CNXYZ
PVRTX 1957 0.230782151 0.333324909 3.37937808 1e-16 CNXYZ
PVRTX 1958 0.398034692 0.333324909 3.37937808 1e-16 CNXYZ
PVRTX 1959 0.565287232 0.333324909 3.37937808 1e-16 CNXYZ
PVRTX 1960 0.630383015 0.403034031 3.23285699 1e-16 
PVRTX 1961 0.628991604 0.539260805 3.27693081 1e-16 
PVRTX 1962 0.569461703 0.482460678 3.04427195 1e-16 
PVRTX 1963 0.509536386 0.333324909 3.12937808 1e-16 CNXYZ
PVRTX 1964 0.676788926 0.333324909 3.12937808 1e-16 CNXYZ
PVRTX 1965 0.732539773 0.333324909 3.37937808 1e-16 CNXYZ
PVRTX 1966 0.749833167 0.47190237 3.20590138 1e-16 
PVRTX 1967 0.732539773 0.473252535 3.37937808 1e-16 CNXYZ
PVRTX 1968 0.621038079 0.333324909 2.87937808 1e-16 CNXYZ
PVRTX 1969 0.802060425 0.430146605 3.00437808 1e-16 
PVRTX 1970 0.78190136 0.45424214 2.85795236 1e-16 
PVRTX 1971 0.899792314 0.519895077 2.87937808 1e-16 CNXYZ
PVRTX 1972 0.843803525 0.39293772 2.76854777 1e-16 
PVRTX 1973 0.78829062 0.333324909 2.87937808 1e-16 CNXYZ
PVRTX 1974 0.572488129 0.452627778 2.76670289 1e-16 
PVRTX 1975 0.453785539 0.333324909 2.87937808 1e-16 CNXYZ
PVRTX 1976 0.565287232 0.333324909 2.62937808 1e-16 CNXYZ
PVRTX 1977 0.732539773 0.333324909 2.62937808 1e-16 CNXYZ
PVRTX 1978 0.415729672 0.520161867 2.75437784 1e-16 
PVRTX 1979 0.392743945 0.506423354 3.0086031 1e-16 
PVRTX 1980 0.79257977 0.768994868 3.08537579 1e-16 
PVRTX 1981 0.899792314 0.706465244 3.12937808 1e-16 CNXYZ
PVRTX 1982 0.899792314 0.566537619 3.12937808 1e-16 CNXYZ
PVRTX 1983 0.899792314 0.426609993 3.12937808 1e-16 CNXYZ
PVRTX 1984 0.809393764 0.607470274 3.24656153 1e-16 
PVRTX 1985 0.899792314 0.753107786 3.37937808 1e-16 CNXYZ
PVRTX 1986 0.732539773 0.613180161 3.37937808 1e-16 CNXYZ
PVRTX 1987 0.899792314 0.613180161 3.37937808 1e-16 CNXYZ
PVRTX 1988 0.899792314 0.799750388 2.87937808 1e-16 CNXYZ
PVRTX 1989 0.899792314 0.84639293 3.12937808 1e-16 CNXYZ
PVRTX 1990 0.78829062 0.893035471 3.12937808 1e-16 CNXYZ
PVRTX 1991 0.676788926 0.893035471 2.87937808 1e-16 CNXYZ
PVRTX 1992 0.78829062 0.893035471 2.87937808 1e-16 CNXYZ
PVRTX 1993 0.509536386 0.893035471 2.87937808 1e-16 CNXYZ
PVRTX 1994 0.453785539 0.893035471 3.12937808 1e-16 CNXYZ
PVRTX 1995 0.342283845 0.333324909 3.12937808 1e-16 CNXYZ
PVRTX 1996 0.230782151 0.379967451 3.12937808 1e-16 CNXYZ
PVRTX 1997 0.398034692 0.893035471 3.37937808 1e-16 CNXYZ
PVRTX 1998 0.286532998 0.893035471 3.12937808 1e-16 CNXYZ
PVRTX 1999 0.230782151 0.893035471 3.37937808 1e-16 CNXYZ
PVRTX 2000 0.230782151 0.753107786 3.37937808 1e-16 CNXYZ
PVRTX 2001 0.230782151 0.799750328 3.12937808 1e-16 CNXYZ
PVRTX 2002 0.298111558 0.82281363 3.00437808 1e-16 
PVRTX 2003 0.230782151 0.893035471 3.12937808 1e-16 CNXYZ
PVRTX 2004 0.286532998 0.893035471 2.87937808 1e-16 CNXYZ
PVRTX 2005 0.230782151 0.799750328 2.87937808 1e-16 CNXYZ
PVRTX 2006 0.342283845 0.893035471 2.87937808 1e-16 CNXYZ
PVRTX 2007 0.230782151 0.706465244 2.87937808 1e-16 CNXYZ
PVRTX 2008 0.342283845 0.893035471 2.62937808 1e-16 CNXYZ
PVRTX 2009 0.230782151 0.706465244 2.62937808 1e-16 CNXYZ
PVRTX 2010 0.230782151 0.799750328 2.62937808 1e-16 CNXYZ
PVRTX 2011 0.286532998 0.893035471 2.62937808 1e-16 CNXYZ
PVRTX 2012 0.230782151 0.893035471 2.62937808 1e-16 CNXYZ
PVRTX 2013 0.230782151 0.893035471 2.87937808 1e-16 CNXYZ
PVRTX 2014 0.230782151 0.893035471 2.37937808 1e-16 CNXYZ
PVRTX 2015 0.525886059 0.813502789 2.24366331 1e-16 
PVRTX 2016 0.676788926 0.893035471 1.87937808 1e-16 CNXYZ
PVRTX 2017 0.78829062 0.893035471 1.87937808 1e-16 CNXYZ
PVRTX 2018 0.79472816 0.775828421 1.90193176 1e-16 
PVRTX 2019 0.82788074 0.698152483 1.93260515 1e-16 
PVRTX 2020 0.899792314 0.753107846 2.12937808 1e-16 CNXYZ
PVRTX 2021 0.899792314 0.84639293 1.87937808 1e-16 CNXYZ
PVRTX 2022 0.844041467 0.893035471 1.37937808 1e-16 CNXYZ
PVRTX 2023 0.899792314 0.799750328 1.37937808 1e-16 CNXYZ
PVRTX 2024 0.78829062 0.893035471 1.12937808 1e-16 CNXYZ
PVRTX 2025 0.797739506 0.78933382 1.13841236 1e-16 
PVRTX 2026 0.783212423 0.823443174 1.06306267 1e-16 
PVRTX 2027 0.752127945 0.74234283 1.02378452 1e-16 
PVRTX 2028 0.848897219 0.747190952 1.00592995 1e-16 
PVRTX 2029 0.842730641 0.837429762 1.07824945 1e-16 
PVRTX 2030 0.8438766 0.833490193 0.99117887 1e-16 
PVRTX 2031 0.899792314 0.799750328 1.12937808 1e-16 CNXYZ
PVRTX 2032 0.844041467 0.893035471 1.12937808 1e-16 CNXYZ
PVRTX 2033 0.899792314 0.893035471 1.12937808 1e-16 CNXYZ
PVRTX 2034 0.899792314 0.706465244 1.12937808 1e-16 CNXYZ
PVRTX 2035 0.899792314 0.893035471 1.37937808 1e-16 CNXYZ
PVRTX 2036 0.827993929 0.597753048 1.20157826 1e-16 
PVRTX 2037 0.899792314 0.473252535 1.12937808 1e-16 CNXYZ
PVRTX 2038 0.753954053 0.489063561 1.19097614 1e-16 
PVRTX 2039 0.722737074 0.589414001 1.2344327 1e-16 
PVRTX 2040 0.780725181 0.687966049 1.18630862 1e-16 
PVRTX 2041 0.734374046 0.662805915 1.24197602 1e-16 
PVRTX 2042 0.717823029 0.723812819 1.24737573 1e-16 
PVRTX 2043 0.728657067 0.764785409 1.19615531 1e-16 
PVRTX 2044 0.800272584 0.683849812 1.11425781 1e-16 
PVRTX 2045 0.833026171 0.603807628 1.00177574 1e-16 
PVRTX 2046 0.768445015 0.598625064 1.11756015 1e-16 
PVRTX 2047 0.899792314 0.613180161 1.12937808 1e-16 CNXYZ
PVRTX 2048 0.618732154 0.513689041 1.1240474 1e-16 
PVRTX 2049 0.468626678 0.463544846 1.11775625 1e-16 
PVRTX 2050 0.580396175 0.443581313 1.25437808 1e-16 
PVRTX 2051 0.230782151 0.519895077 1.12937808 1e-16 CNXYZ
PVRTX 2052 0.335941643 0.439024568 1.25437808 1e-16 
PVRTX 2053 0.415402353 0.461157888 1.32338095 1e-16 
PVRTX 2054 0.398034692 0.333324909 1.12937808 1e-16 CNXYZ
PVRTX 2055 0.398034692 0.333324909 1.37937808 1e-16 CNXYZ
PVRTX 2056 0.342283845 0.333324909 1.37937808 1e-16 CNXYZ
PVRTX 2057 0.329767942 0.431645244 1.36583817 1e-16 
PVRTX 2058 0.286532998 0.333324909 1.37937808 1e-16 CNXYZ
PVRTX 2059 0.230782151 0.426609993 1.37937808 1e-16 CNXYZ
PVRTX 2060 0.36904937 0.429488778 1.40856957 1e-16 
PVRTX 2061 0.330230176 0.432197779 1.4658699 1e-16 
PVRTX 2062 0.532509565 0.455233932 1.37090707 1e-16 
PVRTX 2063 0.453785539 0.333324909 1.37937808 1e-16 CNXYZ
PVRTX 2064 0.899792314 0.706465244 0.87937808 1e-16 CNXYZ
PVRTX 2065 0.899792314 0.799750328 0.87937808 1e-16 CNXYZ
PVRTX 2066 0.78829062 0.893035471 0.87937808 1e-16 CNXYZ
PVRTX 2067 0.844041467 0.893035471 0.87937808 1e-16 CNXYZ
PVRTX 2068 0.899792314 0.893035471 0.87937808 1e-16 CNXYZ
PVRTX 2069 0.813972592 0.810452163 0.75437808 1e-16 
PVRTX 2070 0.844041467 0.893035471 0.62937808 1e-16 CNXYZ
PVRTX 2071 0.899792314 0.659822702 0.62937808 1e-16 CNXYZ
PVRTX 2072 0.899792314 0.799750328 0.62937808 1e-16 CNXYZ
PVRTX 2073 0.899792314 0.893035471 0.62937808 1e-16 CNXYZ
PVRTX 2074 0.732539773 0.753107786 0.37937808 1e-16 CNXYZ
PVRTX 2075 0.732539773 0.683143973 0.37937808 1e-16 CNXYZ
PVRTX 2076 0.816166043 0.683143973 0.37937808 1e-16 CNXYZ
PVRTX 2077 0.816166043 0.753107786 0.37937808 1e-16 CNXYZ
PVRTX 2078 0.816166043 0.823071599 0.37937808 1e-16 CNXYZ
PVRTX 2079 0.899792314 0.823071599 0.37937808 1e-16 CNXYZ
PVRTX 2080 0.816166043 0.893035471 0.37937808 1e-16 CNXYZ
PVRTX 2081 0.732539773 0.893035471 0.37937808 1e-16 CNXYZ
PVRTX 2082 0.732539773 0.823071599 0.37937808 1e-16 CNXYZ
PVRTX 2083 0.648913503 0.823071599 0.37937808 1e-16 CNXYZ
PVRTX 2084 0.648913503 0.753107786 0.37937808 1e-16 CNXYZ
PVRTX 2085 0.648913503 0.683143973 0.37937808 1e-16 CNXYZ
PVRTX 2086 0.648913503 0.613180161 0.37937808 1e-16 CNXYZ
PVRTX 2087 0.732539773 0.613180161 0.37937808 1e-16 CNXYZ
PVRTX 2088 0.816166043 0.613180161 0.37937808 1e-16 CNXYZ
PVRTX 2089 0.809197187 0.449931264 0.50437808 1e-16 
PVRTX 2090 0.816166043 0.543216348 0.37937808 1e-16 CNXYZ
PVRTX 2091 0.732539773 0.543216348 0.37937808 1e-16 CNXYZ
PVRTX 2092 0.648913503 0.543216348 0.37937808 1e-16 CNXYZ
PVRTX 2093 0.899792314 0.613180161 0.37937808 1e-16 CNXYZ
PVRTX 2094 0.899792314 0.543216348 0.37937808 1e-16 CNXYZ
PVRTX 2095 0.899792314 0.473252535 0.37937808 1e-16 CNXYZ
PVRTX 2096 0.899792314 0.403288722 0.37937808 1e-16 CNXYZ
PVRTX 2097 0.816166043 0.403288722 0.37937808 1e-16 CNXYZ
PVRTX 2098 0.816166043 0.473252535 0.37937808 1e-16 CNXYZ
PVRTX 2099 0.732539773 0.473252535 0.37937808 1e-16 CNXYZ
PVRTX 2100 0.648913503 0.473252535 0.37937808 1e-16 CNXYZ
PVRTX 2101 0.899792314 0.333324909 0.62937808 1e-16 CNXYZ
PVRTX 2102 0.899792314 0.333324909 0.37937808 1e-16 CNXYZ
PVRTX 2103 0.816166043 0.333324909 0.37937808 1e-16 CNXYZ
PVRTX 2104 0.732539773 0.333324909 0.37937808 1e-16 CNXYZ
PVRTX 2105 0.732539773 0.403288722 0.37937808 1e-16 CNXYZ
PVRTX 2106 0.648913503 0.403288722 0.37937808 1e-16 CNXYZ
PVRTX 2107 0.648913503 0.333324909 0.37937808 1e-16 CNXYZ
PVRTX 2108 0.565287232 0.333324909 0.37937808 1e-16 CNXYZ
PVRTX 2109 0.565287232 0.403288722 0.37937808 1e-16 CNXYZ
PVRTX 2110 0.481660962 0.403288722 0.37937808 1e-16 CNXYZ
PVRTX 2111 0.481660962 0.333324909 0.37937808 1e-16 CNXYZ
PVRTX 2112 0.398034692 0.403288722 0.37937808 1e-16 CNXYZ
PVRTX 2113 0.398034692 0.333324909 0.37937808 1e-16 CNXYZ
PVRTX 2114 0.481660962 0.473252535 0.37937808 1e-16 CNXYZ
PVRTX 2115 0.565287232 0.473252535 0.37937808 1e-16 CNXYZ
PVRTX 2116 0.565287232 0.543216348 0.37937808 1e-16 CNXYZ
PVRTX 2117 0.565287232 0.333324909 1.12937808 1e-16 CNXYZ
PVRTX 2118 0.676788926 0.333324909 1.12937808 1e-16 CNXYZ
PVRTX 2119 0.345474124 0.450418532 1.13787639 1e-16 
PVRTX 2120 0.292972028 0.405747175 1.07946229 1e-16 
PVRTX 2121 0.230782151 0.426609993 1.12937808 1e-16 CNXYZ
PVRTX 2122 0.286532998 0.333324909 1.12937808 1e-16 CNXYZ
PVRTX 2123 0.342283845 0.333324909 1.12937808 1e-16 CNXYZ
PVRTX 2124 0.230782151 0.333324909 1.12937808 1e-16 CNXYZ
PVRTX 2125 0.230782151 0.333324909 1.37937808 1e-16 CNXYZ
PVRTX 2126 0.286532998 0.333324909 1.62937808 1e-16 CNXYZ
PVRTX 2127 0.230782151 0.379967451 1.62937808 1e-16 CNXYZ
PVRTX 2128 0.230782151 0.473252535 1.62937808 1e-16 CNXYZ
PVRTX 2129 0.398034692 0.333324909 1.62937808 1e-16 CNXYZ
PVRTX 2130 0.342283845 0.333324909 1.62937808 1e-16 CNXYZ
PVRTX 2131 0.557057858 0.642852008 1.55959332 1e-16 
PVRTX 2132 0.529997706 0.674289227 1.57499993 1e-12 CNXYZ
PVRTX 2133 0.508084059 0.665293336 1.5999999 1e-12 CNXYZ
PVRTX 2134 0.552323341 0.673591614 1.57499993 1e-12 CNXYZ
PVRTX 2135 0.833204329 0.392920911 1.5005784 1e-16 
PVRTX 2136 0.732539773 0.333324909 1.62937808 1e-16 CNXYZ
PVRTX 2137 0.230782151 0.659822702 1.62937808 1e-16 CNXYZ
PVRTX 2138 0.230782151 0.84639287 2.12937808 1e-16 CNXYZ
PVRTX 2139 0.453785539 0.893035471 2.37937808 1e-16 CNXYZ
PVRTX 2140 0.565287232 0.893035471 2.37937808 1e-16 CNXYZ
PVRTX 2141 0.62147969 0.690757811 2.33531499 1e-16 
PVRTX 2142 0.555380523 0.574402809 2.21153879 1e-16 
PVRTX 2143 0.571944535 0.385469347 2.24964643 1e-16 
PVRTX 2144 0.496088028 0.373997331 2.24376345 1e-16 
PVRTX 2145 0.517481446 0.41121918 2.33557177 1e-16 
PVRTX 2146 0.453785539 0.333324909 2.37937808 1e-16 CNXYZ
PVRTX 2147 0.565287232 0.333324909 2.37937808 1e-16 CNXYZ
PVRTX 2148 0.621038079 0.388310939 2.33602905 1e-16 
PVRTX 2149 0.694482207 0.37329191 2.25278091 1e-16 
PVRTX 2150 0.613188028 0.356352776 2.25279593 1e-16 
PVRTX 2151 0.676788867 0.37319231 2.17331457 1e-16 
PVRTX 2152 0.670969963 0.367028832 2.13513517 1e-16 
PVRTX 2153 0.732539773 0.333324909 2.12937808 1e-16 CNXYZ
PVRTX 2154 0.286532998 0.333324909 2.12937808 1e-16 CNXYZ
PVRTX 2155 0.230782151 0.333324909 2.37937808 1e-16 CNXYZ
PVRTX 2156 0.230782151 0.333324909 2.62937808 1e-16 CNXYZ
PVRTX 2157 0.230782151 0.473252535 2.62937808 1e-16 CNXYZ
PVRTX 2158 0.230782151 0.519895077 2.37937808 1e-16 CNXYZ
PVRTX 2159 0.230782151 0.613180161 2.62937808 1e-16 CNXYZ
PVRTX 2160 0.398034692 0.893035471 2.62937808 1e-16 CNXYZ
PVRTX 2161 0.676788926 0.893035471 2.37937808 1e-16 CNXYZ
PVRTX 2162 0.400670618 0.496340007 2.57747412 1e-16 
PVRTX 2163 0.583857179 0.771914482 2.51556849 1e-16 
PVRTX 2164 0.744998574 0.740558445 2.44116354 1e-16 
PVRTX 2165 0.752393901 0.664058268 2.34682965 1e-16 
PVRTX 2166 0.899792314 0.706465304 2.37937808 1e-16 CNXYZ
PVRTX 2167 0.78829062 0.893035471 2.37937808 1e-16 CNXYZ
PVRTX 2168 0.899792314 0.799750388 2.37937808 1e-16 CNXYZ
PVRTX 2169 0.78829062 0.893035471 2.62937808 1e-16 CNXYZ
PVRTX 2170 0.676788926 0.893035471 2.62937808 1e-16 CNXYZ
PVRTX 2171 0.565287232 0.893035471 2.62937808 1e-16 CNXYZ
PVRTX 2172 0.230782151 0.566537619 2.87937808 1e-16 CNXYZ
PVRTX 2173 0.230782151 0.426609993 2.87937808 1e-16 CNXYZ
PVRTX 2174 0.342283845 0.333324909 2.87937808 1e-16 CNXYZ
PVRTX 2175 0.453785539 0.333324909 2.62937808 1e-16 CNXYZ
PVRTX 2176 0.342283845 0.333324909 2.62937808 1e-16 CNXYZ
PVRTX 2177 0.230782151 0.333324909 2.87937808 1e-16 CNXYZ
PVRTX 2178 0.732539773 0.753107786 3.37937808 1e-16 CNXYZ
PVRTX 2179 0.732539773 0.893035471 3.37937808 1e-16 CNXYZ
PVRTX 2180 0.899792314 0.893035471 3.37937808 1e-16 CNXYZ
PVRTX 2181 0.899792314 0.473252535 3.37937808 1e-16 CNXYZ
PVRTX 2182 0.899792314 0.333324909 3.37937808 1e-16 CNXYZ
PVRTX 2183 0.844041467 0.333324909 3.12937808 1e-16 CNXYZ
PVRTX 2184 0.899792314 0.333324909 3.12937808 1e-16 CNXYZ
PVRTX 2185 0.844041467 0.333324909 2.87937808 1e-16 CNXYZ
PVRTX 2186 0.899792314 0.426609993 2.87937808 1e-16 CNXYZ
PVRTX 2187 0.899792314 0.426609993 2.62937808 1e-16 CNXYZ
PVRTX 2188 0.793157637 0.440787822 2.65113783 1e-16 
PVRTX 2189 0.78829062 0.333324909 2.62937808 1e-16 CNXYZ
PVRTX 2190 0.844041467 0.333324909 2.62937808 1e-16 CNXYZ
PVRTX 2191 0.899792314 0.333324909 2.62937808 1e-16 CNXYZ
PVRTX 2192 0.899792314 0.333324909 2.37937808 1e-16 CNXYZ
PVRTX 2193 0.899792314 0.333324909 2.87937808 1e-16 CNXYZ
PVRTX 2194 0.899792314 0.893035471 2.62937808 1e-16 CNXYZ
PVRTX 2195 0.899792314 0.893035471 2.87937808 1e-16 CNXYZ
PVRTX 2196 0.899792314 0.893035471 2.37937808 1e-16 CNXYZ
PVRTX 2197 0.899792314 0.893035471 2.12937808 1e-16 CNXYZ
PVRTX 2198 0.844041467 0.893035471 2.12937808 1e-16 CNXYZ
PVRTX 2199 0.899792314 0.613180161 1.87937808 1e-16 CNXYZ
PVRTX 2200 0.857131839 0.659822702 1.89029813 1e-16 
PVRTX 2201 0.899792314 0.706465244 1.87937808 1e-16 CNXYZ
PVRTX 2202 0.899792314 0.519895077 1.87937808 1e-16 CNXYZ
PVRTX 2203 0.844622135 0.394663185 1.74867117 1e-16 
PVRTX 2204 0.899792314 0.473252535 1.62937808 1e-16 CNXYZ
PVRTX 2205 0.844041467 0.333324909 1.62937808 1e-16 CNXYZ
PVRTX 2206 0.899792314 0.379967451 1.87937808 1e-16 CNXYZ
PVRTX 2207 0.844041467 0.333324909 1.87937808 1e-16 CNXYZ
PVRTX 2208 0.844041467 0.333324909 2.12937808 1e-16 CNXYZ
PVRTX 2209 0.899792314 0.379967451 2.12937808 1e-16 CNXYZ
PVRTX 2210 0.899792314 0.333324909 2.12937808 1e-16 CNXYZ
PVRTX 2211 0.844041467 0.893035471 1.87937808 1e-16 CNXYZ
PVRTX 2212 0.78829062 0.333324909 1.37937808 1e-16 CNXYZ
PVRTX 2213 0.899792314 0.333324909 1.37937808 1e-16 CNXYZ
PVRTX 2214 0.784639239 0.442364693 1.30848002 1e-16 
PVRTX 2215 0.676788926 0.333324909 1.37937808 1e-16 CNXYZ
PVRTX 2216 0.565287232 0.333324909 1.37937808 1e-16 CNXYZ
PVRTX 2217 0.78829062 0.333324909 1.12937808 1e-16 CNXYZ
PVRTX 2218 0.899792314 0.426609993 1.37937808 1e-16 CNXYZ
PVRTX 2219 0.899792314 0.333324909 1.62937808 1e-16 CNXYZ
PVRTX 2220 0.899792314 0.333324909 1.12937808 1e-16 CNXYZ
PVRTX 2221 0.899792314 0.333324909 1.87937808 1e-16 CNXYZ
PVRTX 2222 0.899792314 0.893035471 1.87937808 1e-16 CNXYZ
PVRTX 2223 0.899792314 0.893035471 1.62937808 1e-16 CNXYZ
PVRTX 2224 0.230782151 0.333324909 2.12937808 1e-16 CNXYZ
PVRTX 2225 0.286532998 0.333324909 1.87937808 1e-16 CNXYZ
PVRTX 2226 0.230782151 0.379967451 1.87937808 1e-16 CNXYZ
PVRTX 2227 0.278822839 0.381215245 1.76665604 1e-16 
PVRTX 2228 0.230782151 0.519895077 1.87937808 1e-16 CNXYZ
PVRTX 2229 0.230782151 0.333324909 1.62937808 1e-16 CNXYZ
PVRTX 2230 0.230782151 0.333324909 1.87937808 1e-16 CNXYZ
PVRTX 2231 0.230782151 0.333324909 0.87937808 1e-16 CNXYZ
PVRTX 2232 0.648913503 0.893035471 0.37937808 1e-16 CNXYZ
PVRTX 2233 0.899792314 0.683143973 0.37937808 1e-16 CNXYZ
PVRTX 2234 0.899792314 0.753107786 0.37937808 1e-16 CNXYZ
PVRTX 2235 0.899792314 0.893035471 0.37937808 1e-16 CNXYZ
PVRTX 2236 0.591514647 0.726263762 1.39999998 1e-12 CNXYZ
PVRTX 2237 0.611958742 0.676101089 1.62499988 1e-12 CNXYZ
PVRTX 2238 0.605353951 0.683306336 1.5999999 1e-12 CNXYZ
PVRTX 2239 0.595146656 0.675300539 1.62499988 1e-12 CNXYZ
PVRTX 2240 0.57833457 0.674499989 1.62499988 1e-12 CNXYZ
PVRTX 2241 0.588541865 0.682505727 1.5999999 1e-12 CNXYZ
PVRTX 2242 0.571729779 0.681705117 1.5999999 1e-12 CNXYZ
PVRTX 2243 0.554917753 0.680904567 1.5999999 1e-12 CNXYZ
PVRTX 2244 0.530700326 0.680104017 1.5999999 1e-12 CNXYZ
PVRTX 2245 0.541307926 0.672898769 1.62499988 1e-12 CNXYZ
PVRTX 2246 0.561522484 0.673699379 1.62499988 1e-12 CNXYZ
PVRTX 2247 0.568127275 0.666494191 1.64999986 1e-12 CNXYZ
PVRTX 2248 0.574732006 0.659289002 1.67499995 1e-12 CNXYZ
PVRTX 2249 0.584939361 0.667294741 1.64999986 1e-12 CNXYZ
PVRTX 2250 0.591544032 0.660089612 1.67499995 1e-12 CNXYZ
PVRTX 2251 0.609757185 0.663492024 1.67499995 1e-12 CNXYZ
PVRTX 2252 0.601751387 0.66809535 1.64999986 1e-12 CNXYZ
PVRTX 2253 0.672602296 0.557415664 2.07499981 1e-12 CNXYZ
PVRTX 2254 0.676204801 0.561618686 2.07499981 1e-12 CNXYZ
PVRTX 2255 0.670200527 0.564020395 2.04999995 1e-12 CNXYZ
PVRTX 2256 0.664196253 0.566422105 2.0250001 1e-12 CNXYZ
PVRTX 2257 0.680007577 0.586236417 2 1e-12 CNXYZ
PVRTX 2258 0.676805258 0.579031229 2.0250001 1e-12 CNXYZ
PVRTX 2259 0.661794543 0.577229917 2.0250001 1e-12 CNXYZ
PVRTX 2260 0.479263395 0.663291931 1.64999986 1e-12 CNXYZ
PVRTX 2261 0.503480792 0.664092481 1.64999986 1e-12 CNXYZ
PVRTX 2262 0.404809952 0.662491322 1.5999999 1e-12 CNXYZ
PVRTX 2263 0.435530066 0.709967136 1.47500002 1e-12 CNXYZ
PVRTX 2264 0.627569914 0.641075909 1.75 1e-12 CNXYZ
PVRTX 2265 0.620965183 0.636072278 1.75 1e-12 CNXYZ
PVRTX 2266 0.610557675 0.643477678 1.69999993 1e-12 CNXYZ
PVRTX 2267 0.603152394 0.650882959 1.67499995 1e-12 CNXYZ
PVRTX 2268 0.630972385 0.645879388 1.7249999 1e-12 CNXYZ
PVRTX 2269 0.59134388 0.62566483 1.79999995 1e-12 CNXYZ
PVRTX 2270 0.230782151 0.893035471 0.87937808 1e-16 CNXYZ
PVRTX 2271 0.491272032 0.644278228 1.67499995 1e-12 CNXYZ
PVRTX 2272 0.512487292 0.645479083 1.67499995 1e-12 CNXYZ
PVRTX 2273 0.525496602 0.645078778 1.67499995 1e-12 CNXYZ
PVRTX 2274 0.519892573 0.638073802 1.69999993 1e-12 CNXYZ
PVRTX 2275 0.506883264 0.638474047 1.69999993 1e-12 CNXYZ
PVRTX 2276 0.511286438 0.631669164 1.7249999 1e-12 CNXYZ
PVRTX 2277 0.52129364 0.632269621 1.7249999 1e-12 CNXYZ
PVRTX 2278 0.532901943 0.637673497 1.69999993 1e-12 CNXYZ
PVRTX 2279 0.53430295 0.631869316 1.7249999 1e-12 CNXYZ
PVRTX 2280 0.545911312 0.637273192 1.69999993 1e-12 CNXYZ
PVRTX 2281 0.538505912 0.644678533 1.67499995 1e-12 CNXYZ
PVRTX 2282 0.551515281 0.644278228 1.67499995 1e-12 CNXYZ
PVRTX 2283 0.558920622 0.636872888 1.69999993 1e-12 CNXYZ
PVRTX 2284 0.54731226 0.631469011 1.7249999 1e-12 CNXYZ
PVRTX 2285 0.560321629 0.631068707 1.7249999 1e-12 CNXYZ
PVRTX 2286 0.494474351 0.631268859 1.7249999 1e-12 CNXYZ
PVRTX 2287 0.477662265 0.630868554 1.7249999 1e-12 CNXYZ
PVRTX 2288 0.490071177 0.638073802 1.69999993 1e-12 CNXYZ
PVRTX 2289 0.474459946 0.643877983 1.67499995 1e-12 CNXYZ
PVRTX 2290 0.473259091 0.637673497 1.69999993 1e-12 CNXYZ
PVRTX 2291 0.456447005 0.637273192 1.69999993 1e-12 CNXYZ
PVRTX 2292 0.502880335 0.535599947 2 1e-12 CNXYZ
PVRTX 2293 0.52529645 0.54400599 2 1e-12 CNXYZ
PVRTX 2294 0.645582855 0.536200404 2.125 1e-12 CNXYZ
PVRTX 2295 0.624567747 0.539202571 2.0999999 1e-12 CNXYZ
PVRTX 2296 0.646183252 0.54080373 2.0999999 1e-12 CNXYZ
PVRTX 2297 0.513387918 0.560818136 1.9124999 1e-12 CNXYZ
PROPERTY_CN permeability
CNP 6 
CNP 7 
CNP 8 
CNP 13 
CNP 14 
CNP 15 
CNP 17 
CNP 28 
CNP 29 
CNP 31 
CNP 36 
CNP 38 
CNP 39 
CNP 40 
CNP 41 
CNP 43 
CNP 48 
CNP 49 
CNP 50 
CNP 53 
CNP 54 
CNP 56 
CNP 57 
CNP 58 
CNP 59 
CNP 62 
CNP 63 
CNP 64 
CNP 69 
CNP 70 
CNP 75 
CNP 79 
CNP 80 
CNP 82 
CNP 84 
CNP 88 
CNP 89 
CNP 90 
CNP 94 
CNP 95 
CNP 96 
CNP 97 
CNP 98 
CNP 102 
CNP 103 
CNP 109 
CNP 110 
CNP 114 
CNP 115 
CNP 118 
CNP 124 
CNP 125 
CNP 129 
CNP 130 
CNP 131 
CNP 134 
CNP 135 
CNP 136 
CNP 144 
CNP 145 
CNP 146 
CNP 147 
CNP 149 
CNP 150 
CNP 151 
CNP 152 
CNP 156 
CNP 158 
CNP 162 
CNP 163 
CNP 167 
CNP 168 
CNP 169 
CNP 171 
CNP 173 
CNP 174 
CNP 175 
CNP 176 
CNP 177 
CNP 178 
CNP 179 
CNP 180 
CNP 182 
CNP 183 
CNP 184 
CNP 185 
CNP 189 
CNP 190 
CNP 194 
CNP 195 
CNP 210 
CNP 216 
CNP 217 
CNP 239 
CNP 240 
CNP 242 
CNP 253 
CNP 254 
CNP 255 
CNP 256 
CNP 257 
CNP 258 
CNP 259 
CNP 260 
CNP 262 
CNP 263 
CNP 264 
CNP 265 
CNP 266 
CNP 267 
CNP 268 
CNP 272 
CNP 273 
CNP 274 
CNP 279 
CNP 284 
CNP 285 
CNP 288 
CNP 289 
CNP 301 
CNP 305 
CNP 306 
CNP 307 
CNP 309 
CNP 311 
CNP 314 
CNP 315 
CNP 317 
CNP 319 
CNP 320 
CNP 321 
CNP 322 
CNP 324 
CNP 326 
CNP 327 
CNP 328 
CNP 329 
CNP 330 
CNP 342 
CNP 343 
CNP 344 
CNP 345 
CNP 346 
CNP 347 
CNP 348 
CNP 349 
CNP 350 
CNP 352 
CNP 353 
CNP 355 
CNP 357 
CNP 358 
CNP 359 
CNP 361 
CNP 363 
CNP 364 
CNP 365 
CNP 366 
CNP 367 
CNP 368 
CNP 369 
CNP 370 
CNP 376 
CNP 377 
CNP 378 
CNP 379 
CNP 380 
CNP 384 
CNP 385 
CNP 386 
CNP 387 
CNP 389 
CNP 392 
CNP 393 
CNP 399 
CNP 400 
CNP 401 
CNP 404 
CNP 405 
CNP 406 
CNP 407 
CNP 408 
CNP 410 
CNP 411 
CNP 412 
CNP 416 
CNP 417 
CNP 421 
CNP 422 
CNP 423 
CNP 424 
CNP 429 
CNP 430 
CNP 431 
CNP 432 
CNP 433 
CNP 434 
CNP 439 
CNP 440 
CNP 441 
CNP 443 
CNP 444 
CNP 445 
CNP 446 
CNP 450 
CNP 451 
CNP 452 
CNP 453 
CNP 454 
CNP 461 
CNP 469 
CNP 470 
CNP 476 
CNP 477 
CNP 481 
CNP 483 
CNP 484 
CNP 492 
CNP 494 
CNP 495 
CNP 497 
CNP 498 
CNP 499 
CNP 500 
CNP 502 
CNP 504 
CNP 505 
CNP 506 
CNP 509 
CNP 510 
CNP 511 
CNP 512 
CNP 513 
CNP 515 
CNP 518 
CNP 519 
CNP 520 
CNP 527 
CNP 528 
CNP 529 
CNP 536 
CNP 538 
CNP 539 
CNP 540 
CNP 541 
CNP 542 
CNP 543 
CNP 544 
CNP 545 
CNP 550 
CNP 551 
CNP 557 
CNP 558 
CNP 559 
CNP 560 
CNP 567 
CNP 577 
CNP 585 
CNP 586 
CNP 592 
CNP 593 
CNP 596 
CNP 597 
CNP 600 
CNP 601 
CNP 603 
CNP 604 
CNP 605 
CNP 607 
CNP 608 
CNP 609 
CNP 610 
CNP 611 
CNP 612 
CNP 613 
CNP 614 
CNP 615 
CNP 616 
CNP 617 
CNP 618 
CNP 619 
CNP 620 
CNP 626 
CNP 627 
CNP 628 
CNP 629 
CNP 631 
CNP 632 
CNP 634 
CNP 636 
CNP 637 
CNP 640 
CNP 641 
CNP 643 
CNP 645 
CNP 648 
CNP 649 
CNP 651 
CNP 655 
CNP 656 
CNP 657 
CNP 661 
CNP 668 
CNP 669 
CNP 670 
CNP 671 
CNP 672 
CNP 673 
CNP 674 
CNP 675 
CNP 677 
CNP 679 
CNP 684 
CNP 701 
CNP 702 
CNP 703 
CNP 704 
CNP 706 
CNP 708 
CNP 711 
CNP 712 
CNP 713 
CNP 714 
CNP 715 
CNP 717 
CNP 723 
CNP 734 
CNP 735 
CNP 737 
CNP 739 
CNP 740 
CNP 742 
CNP 751 
CNP 755 
CNP 756 
CNP 757 
CNP 758 
CNP 760 
CNP 761 
CNP 763 
CNP 764 
CNP 771 
CNP 776 
CNP 780 
CNP 781 
CNP 814 
CNP 815 
CNP 830 
CNP 831 
CNP 833 
CNP 834 
CNP 837 
CNP 838 
CNP 839 
CNP 844 
CNP 845 
CNP 848 
CNP 849 
CNP 851 
CNP 852 
CNP 853 
CNP 854 
CNP 855 
CNP 858 
CNP 859 
CNP 862 
CNP 870 
CNP 871 
CNP 874 
CNP 875 
CNP 877 
CNP 882 
CNP 883 
CNP 884 
CNP 887 
CNP 888 
CNP 892 
CNP 893 
CNP 894 
CNP 904 
CNP 908 
CNP 909 
CNP 919 
CNP 920 
CNP 921 
CNP 924 
CNP 925 
CNP 926 
CNP 927 
CNP 928 
CNP 929 
CNP 930 
CNP 931 
CNP 932 
CNP 933 
CNP 934 
CNP 935 
CNP 936 
CNP 937 
CNP 939 
CNP 940 
CNP 943 
CNP 946 
CNP 947 
CNP 948 
CNP 951 
CNP 953 
CNP 956 
CNP 957 
CNP 958 
CNP 959 
CNP 960 
CNP 968 
CNP 969 
CNP 970 
CNP 971 
CNP 973 
CNP 974 
CNP 975 
CNP 977 
CNP 978 
CNP 979 
CNP 980 
CNP 986 
CNP 987 
CNP 1005 
CNP 1007 
CNP 1011 
CNP 1024 
CNP 1033 
CNP 1035 
CNP 1039 
CNP 1040 
CNP 1041 
CNP 1042 
CNP 1044 
CNP 1054 
CNP 1055 
CNP 1056 
CNP 1057 
CNP 1058 
CNP 1059 
CNP 1060 
CNP 1067 
CNP 1069 
CNP 1070 
CNP 1071 
CNP 1072 
CNP 1073 
CNP 1074 
CNP 1075 
CNP 1076 
CNP 1077 
CNP 1078 
CNP 1081 
CNP 1082 
CNP 1101 
CNP 1102 
CNP 1112 
CNP 1131 
CNP 1132 
CNP 1133 
CNP 1136 
CNP 1137 
CNP 1138 
CNP 1140 
CNP 1141 
CNP 1142 
CNP 1143 
CNP 1158 
CNP 1160 
CNP 1161 
CNP 1175 
CNP 1176 
CNP 1177 
CNP 1178 
CNP 1179 
CNP 1180 
CNP 1181 
CNP 1182 
CNP 1183 
CNP 1184 
CNP 1185 
CNP 1188 
CNP 1193 
CNP 1194 
CNP 1195 
CNP 1196 
CNP 1197 
CNP 1198 
CNP 1199 
CNP 1200 
CNP 1201 
CNP 1202 
CNP 1203 
CNP 1204 
CNP 1205 
CNP 1206 
CNP 1207 
CNP 1208 
CNP 1209 
CNP 1218 
CNP 1219 
CNP 1220 
CNP 1221 
CNP 1222 
CNP 1223 
CNP 1224 
CNP 1225 
CNP 1226 
CNP 1227 
CNP 1228 
CNP 1229 
CNP 1230 
CNP 1231 
CNP 1232 
CNP 1233 
CNP 1234 
CNP 1235 
CNP 1236 
CNP 1237 
CNP 1238 
CNP 1239 
CNP 1240 
CNP 1241 
CNP 1242 
CNP 1243 
CNP 1244 
CNP 1245 
CNP 1246 
CNP 1247 
CNP 1248 
CNP 1249 
CNP 1250 
CNP 1251 
CNP 1252 
CNP 1253 
CNP 1254 
CNP 1255 
CNP 1256 
CNP 1271 
CNP 1273 
CNP 1274 
CNP 1287 
CNP 1288 
CNP 1291 
CNP 1292 
CNP 1297 
CNP 1299 
CNP 1300 
CNP 1301 
CNP 1302 
CNP 1306 
CNP 1309 
CNP 1315 
CNP 1316 
CNP 1325 
CNP 1326 
CNP 1327 
CNP 1330 
CNP 1331 
CNP 1332 
CNP 1333 
CNP 1334 
CNP 1335 
CNP 1336 
CNP 1337 
CNP 1338 
CNP 1339 
CNP 1341 
CNP 1343 
CNP 1347 
CNP 1348 
CNP 1349 
CNP 1353 
CNP 1354 
CNP 1358 
CNP 1361 
CNP 1362 
CNP 1363 
CNP 1364 
CNP 1365 
CNP 1366 
CNP 1367 
CNP 1368 
CNP 1369 
CNP 1370 
CNP 1371 
CNP 1372 
CNP 1373 
CNP 1374 
CNP 1376 
CNP 1377 
CNP 1380 
CNP 1382 
CNP 1383 
CNP 1386 
CNP 1387 
CNP 1388 
CNP 1389 
CNP 1390 
CNP 1391 
CNP 1392 
CNP 1393 
CNP 1395 
CNP 1396 
CNP 1397 
CNP 1398 
CNP 1404 
CNP 1405 
CNP 1407 
CNP 1408 
CNP 1409 
CNP 1410 
CNP 1412 
CNP 1413 
CNP 1414 
CNP 1417 
CNP 1418 
CNP 1420 
CNP 1421 
CNP 1422 
CNP 1428 
CNP 1429 
CNP 1430 
CNP 1431 
CNP 1432 
CNP 1437 
CNP 1438 
CNP 1449 
CNP 1452 
CNP 1453 
CNP 1454 
CNP 1455 
CNP 1456 
CNP 1463 
CNP 1464 
CNP 1465 
CNP 1466 
CNP 1467 
CNP 1468 
CNP 1469 
CNP 1470 
CNP 1472 
CNP 1473 
CNP 1474 
CNP 1483 
CNP 1485 
CNP 1486 
CNP 1487 
CNP 1488 
CNP 1489 
CNP 1490 
CNP 1491 
CNP 1492 
CNP 1493 
CNP 1494 
CNP 1495 
CNP 1496 
CNP 1497 
CNP 1498 
CNP 1499 
CNP 1501 
CNP 1509 
CNP 1518 
CNP 1519 
CNP 1520 
CNP 1522 
CNP 1523 
CNP 1524 
CNP 1525 
CNP 1526 
CNP 1531 
CNP 1532 
CNP 1537 
CNP 1538 
CNP 1539 
CNP 1540 
CNP 1541 
CNP 1543 
CNP 1544 
CNP 1547 
CNP 1548 
CNP 1549 
CNP 1550 
CNP 1552 
CNP 1556 
CNP 1558 
CNP 1559 
CNP 1560 
CNP 1561 
CNP 1564 
CNP 1566 
CNP 1567 
CNP 1584 
CNP 1588 
CNP 1590 
CNP 1591 
CNP 1592 
CNP 1594 
CNP 1596 
CNP 1598 
CNP 1613 
CNP 1617 
CNP 1619 
CNP 1624 
CNP 1628 
CNP 1629 
CNP 1630 
CNP 1631 
CNP 1632 
CNP 1633 
CNP 1634 
CNP 1638 
CNP 1639 
CNP 1640 
CNP 1641 
CNP 1643 
CNP 1644 
CNP 1645 
CNP 1647 
CNP 1648 
CNP 1649 
CNP 1650 
CNP 1651 
CNP 1654 
CNP 1655 
CNP 1658 
CNP 1659 
CNP 1661 
CNP 1662 
CNP 1663 
CNP 1664 
CNP 1665 
CNP 1666 
CNP 1667 
CNP 1668 
CNP 1670 
CNP 1672 
CNP 1673 
CNP 1674 
CNP 1675 
CNP 1676 
CNP 1677 
CNP 1678 
CNP 1679 
CNP 1680 
CNP 1681 
CNP 1682 
CNP 1683 
CNP 1684 
CNP 1685 
CNP 1686 
CNP 1687 
CNP 1688 
CNP 1689 
CNP 1690 
CNP 1691 
CNP 1692 
CNP 1693 
CNP 1694 
CNP 1695 
CNP 1696 
CNP 1697 
CNP 1698 
CNP 1699 
CNP 1700 
CNP 1701 
CNP 1702 
CNP 1703 
CNP 1704 
CNP 1705 
CNP 1706 
CNP 1707 
CNP 1708 
CNP 1709 
CNP 1713 
CNP 1714 
CNP 1735 
CNP 1736 
CNP 1737 
CNP 1738 
CNP 1739 
CNP 1740 
CNP 1741 
CNP 1742 
CNP 1743 
CNP 1746 
CNP 1747 
CNP 1748 
CNP 1749 
CNP 1751 
CNP 1752 
CNP 1753 
CNP 1754 
CNP 1755 
CNP 1756 
CNP 1758 
CNP 1759 
CNP 1760 
CNP 1761 
CNP 1762 
CNP 1763 
CNP 1767 
CNP 1768 
CNP 1769 
CNP 1770 
CNP 1771 
CNP 1772 
CNP 1773 
CNP 1774 
CNP 1775 
CNP 1776 
CNP 1777 
CNP 1778 
CNP 1779 
CNP 1780 
CNP 1781 
CNP 1782 
CNP 1783 
CNP 1784 
CNP 1785 
CNP 1786 
CNP 1787 
CNP 1788 
CNP 1789 
CNP 1794 
CNP 1795 
CNP 1796 
CNP 1797 
CNP 1798 
CNP 1799 
CNP 1800 
CNP 1801 
CNP 1802 
CNP 1816 
CNP 1820 
CNP 1821 
CNP 1822 
CNP 1823 
CNP 1824 
CNP 1825 
CNP 1826 
CNP 1827 
CNP 1828 
CNP 1829 
CNP 1830 
CNP 1831 
CNP 1835 
CNP 1836 
CNP 1837 
CNP 1838 
CNP 1839 
CNP 1840 
CNP 1841 
CNP 1842 
CNP 1843 
CNP 1844 
CNP 1845 
CNP 1846 
CNP 1847 
CNP 1848 
CNP 1849 
CNP 1850 
CNP 1851 
CNP 1852 
CNP 1853 
CNP 1854 
CNP 1855 
CNP 1856 
CNP 1857 
CNP 1858 
CNP 1859 
CNP 1861 
CNP 1862 
CNP 1863 
CNP 1864 
CNP 1865 
CNP 1866 
CNP 1867 
CNP 1868 
CNP 1870 
CNP 1871 
CNP 1872 
CNP 1876 
CNP 1877 
CNP 1878 
CNP 1879 
CNP 1882 
CNP 1885 
CNP 1886 
CNP 1887 
CNP 1893 
CNP 1894 
CNP 1896 
CNP 1897 
CNP 1898 
CNP 1899 
CNP 1900 
CNP 1901 
CNP 1902 
CNP 1905 
CNP 1906 
CNP 1907 
CNP 1908 
CNP 1909 
CNP 1910 
CNP 1911 
CNP 1912 
CNP 1913 
CNP 1916 
CNP 1917 
CNP 1939 
CNP 1940 
CNP 1941 
CNP 1942 
CNP 1945 
CNP 1946 
CNP 1949 
CNP 1952 
CNP 1953 
CNP 1954 
CNP 1955 
CNP 1956 
CNP 1957 
CNP 1958 
CNP 1959 
CNP 1963 
CNP 1964 
CNP 1965 
CNP 1967 
CNP 1968 
CNP 1971 
CNP 1973 
CNP 1975 
CNP 1976 
CNP 1977 
CNP 1981 
CNP 1982 
CNP 1983 
CNP 1985 
CNP 1986 
CNP 1987 
CNP 1988 
CNP 1989 
CNP 1990 
CNP 1991 
CNP 1992 
CNP 1993 
CNP 1994 
CNP 1995 
CNP 1996 
CNP 1997 
CNP 1998 
CNP 1999 
CNP 2000 
CNP 2001 
CNP 2003 
CNP 2004 
CNP 2005 
CNP 2006 
CNP 2007 
CNP 2008 
CNP 2009 
CNP 2010 
CNP 2011 
CNP 2012 
CNP 2013 
CNP 2014 
CNP 2016 
CNP 2017 
CNP 2020 
CNP 2021 
CNP 2022 
CNP 2023 
CNP 2024 
CNP 2031 
CNP 2032 
CNP 2033 
CNP 2034 
CNP 2035 
CNP 2037 
CNP 2047 
CNP 2051 
CNP 2054 
CNP 2055 
CNP 2056 
CNP 2058 
CNP 2059 
CNP 2063 
CNP 2064 
CNP 2065 
CNP 2066 
CNP 2067 
CNP 2068 
CNP 2070 
CNP 2071 
CNP 2072 
CNP 2073 
CNP 2074 
CNP 2075 
CNP 2076 
CNP 2077 
CNP 2078 
CNP 2079 
CNP 2080 
CNP 2081 
CNP 2082 
CNP 2083 
CNP 2084 
CNP 2085 
CNP 2086 
CNP 2087 
CNP 2088 
CNP 2090 
CNP 2091 
CNP 2092 
CNP 2093 
CNP 2094 
CNP 2095 
CNP 2096 
CNP 2097 
CNP 2098 
CNP 2099 
CNP 2100 
CNP 2101 
CNP 2102 
CNP 2103 
CNP 2104 
CNP 2105 
CNP 2106 
CNP 2107 
CNP 2108 
CNP 2109 
CNP 2110 
CNP 2111 
CNP 2112 
CNP 2113 
CNP 2114 
CNP 2115 
CNP 2116 
CNP 2117 
CNP 2118 
CNP 2121 
CNP 2122 
CNP 2123 
CNP 2124 
CNP 2125 
CNP 2126 
CNP 2127 
CNP 2128 
CNP 2129 
CNP 2130 
CNP 2132 
CNP 2133 
CNP 2134 
CNP 2136 
CNP 2137 
CNP 2138 
CNP 2139 
CNP 2140 
CNP 2146 
CNP 2147 
CNP 2153 
CNP 2154 
CNP 2155 
CNP 2156 
CNP 2157 
CNP 2158 
CNP 2159 
CNP 2160 
CNP 2161 
CNP 2166 
CNP 2167 
CNP 2168 
CNP 2169 
CNP 2170 
CNP 2171 
CNP 2172 
CNP 2173 
CNP 2174 
CNP 2175 
CNP 2176 
CNP 2177 
CNP 2178 
CNP 2179 
CNP 2180 
CNP 2181 
CNP 2182 
CNP 2183 
CNP 2184 
CNP 2185 
CNP 2186 
CNP 2187 
CNP 2189 
CNP 2190 
CNP 2191 
CNP 2192 
CNP 2193 
CNP 2194 
CNP 2195 
CNP 2196 
CNP 2197 
CNP 2198 
CNP 2199 
CNP 2201 
CNP 2202 
CNP 2204 
CNP 2205 
CNP 2206 
CNP 2207 
CNP 2208 
CNP 2209 
CNP 2210 
CNP 2211 
CNP 2212 
CNP 2213 
CNP 2215 
CNP 2216 
CNP 2217 
CNP 2218 
CNP 2219 
CNP 2220 
CNP 2221 
CNP 2222 
CNP 2223 
CNP 2224 
CNP 2225 
CNP 2226 
CNP 2228 
CNP 2229 
CNP 2230 
CNP 2231 
CNP 2232 
CNP 2233 
CNP 2234 
CNP 2235 
CNP 2236 
CNP 2237 
CNP 2238 
CNP 2239 
CNP 2240 
CNP 2241 
CNP 2242 
CNP 2243 
CNP 2244 
CNP 2245 
CNP 2246 
CNP 2247 
CNP 2248 
CNP 2249 
CNP 2250 
CNP 2251 
CNP 2252 
CNP 2253 
CNP 2254 
CNP 2255 
CNP 2256 
CNP 2257 
CNP 2258 
CNP 2259 
CNP 2260 
CNP 2261 
CNP 2262 
CNP 2263 
CNP 2264 
CNP 2265 
CNP 2266 
CNP 2267 
CNP 2268 
CNP 2269 
CNP 2270 
CNP 2271 
CNP 2272 
CNP 2273 
CNP 2274 
CNP 2275 
CNP 2276 
CNP 2277 
CNP 2278 
CNP 2279 
CNP 2280 
CNP 2281 
CNP 2282 
CNP 2283 
CNP 2284 
CNP 2285 
CNP 2286 
CNP 2287 
CNP 2288 
CNP 2289 
CNP 2290 
CNP 2291 
CNP 2292 
CNP 2293 
CNP 2294 
CNP 2295 
CNP 2296 
CNP 2297 
END
TETRA 117 123 151 124 
TETRA 12 17 1838 1839 
TETRA 286 317 314 1193 
TETRA 91 98 42 97 
TETRA 165 166 160 188 
TETRA 181 187 186 188 
TETRA 1065 1070 1073 1251 
TETRA 868 1479 1426 1427 
TETRA 1666 2220 2037 2217 
TETRA 517 1365 1371 1358 
TETRA 697 701 698 706 
TETRA 654 953 658 957 
TETRA 594 581 595 598 
TETRA 1553 1514 1728 1555 
TETRA 941 968 940 975 
TETRA 132 1142 135 1143 
TETRA 1646 1647 1645 1685 
TETRA 52 4 13 54 
TETRA 680 678 923 682 
TETRA 390 392 130 389 
TETRA 480 487 482 473 
TETRA 535 1327 1332 1024 
TETRA 1352 1345 1388 1348 
TETRA 752 753 759 754 
TETRA 340 2053 2062 46 
TETRA 121 145 143 144 
TETRA 574 585 578 609 
TETRA 77 75 73 79 
TETRA 1694 2232 1695 2083 
TETRA 1745 1760 2241 1761 
TETRA 30 1620 1834 29 
TETRA 1932 2179 1990 1939 
TETRA 1269 724 1406 1503 
TETRA 1275 2154 1012 1011 
TETRA 1555 1556 1629 1545 
TETRA 681 685 686 680 
TETRA 1574 1586 1587 1601 
TETRA 864 1423 1425 568 
TETRA 2227 2128 1095 2127 
TETRA 65 61 51 354 
TETRA 241 244 283 233 
TETRA 1191 286 291 313 
TETRA 1577 1598 1599 1588 
TETRA 1 13 7 14 
TETRA 1416 1888 1500 1889 
TETRA 1443 1883 1880 1441 
TETRA 1734 1763 1745 2242 
TETRA 232 234 233 313 
TETRA 297 2263 36 43 
TETRA 517 1359 991 986 
TETRA 689 696 694 695 
TETRA 666 1486 662 960 
TETRA 624 623 583 663 
TETRA 534 546 535 533 
TETRA 104 108 107 109 
TETRA 1609 1746 1734 1738 
TETRA 621 623 622 1031 
TETRA 488 548 1384 563 
TETRA 1303 1283 1298 1302 
TETRA 155 136 137 1138 
TETRA 690 680 691 686 
TETRA 120 140 121 122 
TETRA 591 581 598 630 
TETRA 117 105 116 119 
TETRA 554 482 488 556 
TETRA 420 1082 444 445 
TETRA 1279 1011 1280 1288 
TETRA 466 1784 1782 1778 
TETRA 517 1370 1371 1365 
TETRA 689 692 682 691 
TETRA 1051 1050 1049 1215 
TETRA 409 411 413 451 
TETRA 698 890 709 695 
TETRA 985 973 966 981 
TETRA 487 1511 1809 1808 
TETRA 1187 1196 1188 1203 
TETRA 1904 1909 805 1910 
TETRA 685 680 690 686 
TETRA 111 128 113 134 
TETRA 277 271 252 272 
TETRA 1521 2261 1741 1740 
TETRA 362 369 368 367 
TETRA 999 1003 1025 1043 
TETRA 1312 1311 1314 1308 
TETRA 689 686 682 693 
TETRA 1027 528 1234 527 
TETRA 754 766 753 907 
TETRA 1121 457 449 1118 
TETRA 1373 1343 1374 1340 
TETRA 878 876 881 880 
TETRA 635 669 667 668 
TETRA 916 915 682 1445 
TETRA 2149 1905 1906 2153 
TETRA 354 64 361 355 
TETRA 192 191 196 197 
TETRA 526 533 535 1323 
TETRA 33 11 4 2 
TETRA 143 144 348 342 
TETRA 1117 1113 1110 1111 
TETRA 297 2263 329 1849 
TETRA 456 418 1115 1215 
TETRA 2089 1664 2095 1662 
TETRA 697 696 689 698 
TETRA 1732 1521 1733 1729 
TETRA 1609 1737 1851 1738 
TETRA 44 279 270 280 
TETRA 697 698 689 707 
TETRA 215 220 221 1163 
TETRA 861 860 863 825 
TETRA 800 805 806 795 
TETRA 1001 1026 1094 1019 
TETRA 1186 1198 200 1201 
TETRA 67 74 84 75 
TETRA 705 929 688 928 
TETRA 316 322 320 321 
TETRA 33 45 34 11 
TETRA 37 52 51 49 
TETRA 1261 1393 2293 1361 
TETRA 1079 1081 2283 1077 
TETRA 2057 2061 1833 28 
TETRA 1394 1488 1406 1271 
TETRA 108 102 2134 130 
TETRA 248 1821 1188 1822 
TETRA 78 2132 79 351 
TETRA 689 695 694 693 
TETRA 331 312 333 281 
TETRA 1360 1359 1368 971 
TETRA 582 583 574 580 
TETRA 1323 1322 1329 1515 
TETRA 1016 1015 1004 1258 
TETRA 622 1227 620 1224 
TETRA 1107 1106 1103 1108 
TETRA 381 2133 387 353 
TETRA 107 130 390 131 
TETRA 589 626 627 618 
TETRA 1265 1264 1012 1274 
TETRA 588 583 625 624 
TETRA 1734 2240 1745 1744 
TETRA 1261 2293 1395 1398 
TETRA 1943 1936 1934 1935 
TETRA 732 733 730 785 
TETRA 2135 2205 2136 2212 
TETRA 1984 1928 1927 1929 
TETRA 1969 2183 2184 1983 
TETRA 995 1018 1010 992 
TETRA 689 682 692 693 
TETRA 1565 1581 1151 1585 
TETRA 462 1787 1784 1786 
TETRA 414 413 1080 418 
TETRA 682 1445 915 914 
TETRA 2149 1905 1882 1903 
TETRA 186 1567 148 185 
TETRA 752 751 750 756 
TETRA 287 279 284 289 
TETRA 1048 1047 1049 1050 
TETRA 9 18 16 17 
TETRA 9 12 16 10 
TETRA 1394 1395 1261 1393 
TETRA 2018 1595 2017 2211 
TETRA 373 2272 369 2271 
TETRA 2296 886 922 920 
TETRA 1165 1169 221 229 
TETRA 689 686 690 691 
TETRA 287 329 43 330 
TETRA 1401 1384 548 1400 
TETRA 383 1563 375 374 
TETRA 473 1805 478 460 
TETRA 501 502 504 538 
TETRA 1529 1533 1609 1735 
TETRA 1729 1728 302 1528 
TETRA 570 606 1419 568 
TETRA 588 621 622 620 
TETRA 415 413 457 417 
TETRA 1757 1761 1762 1758 
TETRA 233 240 237 241 
TETRA 507 530 516 532 
TETRA 2101 1664 1663 1665 
TETRA 1604 1714 205 216 
TETRA 1895 2197 2168 2020 
TETRA 1261 2292 953 948 
TETRA 1984 1986 2181 1987 
TETRA 251 268 269 350 
TETRA 2057 2056 2061 2058 
TETRA 689 691 682 686 
TETRA 594 593 604 597 
TETRA 1529 1736 1739 1741 
TETRA 1048 1049 1036 1037 
TETRA 2002 2006 2004 1998 
TETRA 1385 1414 1402 1404 
TETRA 1646 1704 1707 1690 
TETRA 1710 1709 1635 1713 
TETRA 2049 1637 1653 1652 
TETRA 225 228 1186 229 
TETRA 1569 1574 1575 207 
TETRA 879 921 886 878 
TETRA 1536 1543 1842 1544 
TETRA 5 24 23 2 
TETRA 402 406 405 410 
TETRA 1590 2222 1592 2211 
TETRA 1261 1395 2293 1393 
TETRA 351 356 71 382 
TETRA 231 1766 1169 222 
TETRA 1344 1342 1343 1349 
TETRA 635 637 666 669 
TETRA 1972 2187 2193 2190 
TETRA 1346 1340 1375 1374 
TETRA 1587 1573 1601 1588 
TETRA 300 1612 1542 301 
TETRA 841 1407 827 1406 
TETRA 681 684 676 675 
TETRA 867 865 860 873 
TETRA 1869 1307 724 1890 
TETRA 647 646 643 642 
TETRA 942 943 647 648 
TETRA 157 159 171 158 
TETRA 1121 1122 1790 458 
TETRA 471 472 460 468 
TETRA 1652 1668 1654 2054 
TETRA 9 21 20 19 
TETRA 526 507 533 530 
TETRA 800 803 796 802 
TETRA 1261 2292 2293 1398 
TETRA 1290 1285 789 798 
TETRA 1063 1039 1059 1069 
TETRA 1352 1348 1388 1387 
TETRA 635 666 662 665 
TETRA 2188 2190 805 2187 
TETRA 143 144 349 348 
TETRA 425 440 438 439 
TETRA 1346 1374 1375 1376 
TETRA 813 1472 909 1469 
TETRA 996 993 995 994 
TETRA 660 661 650 656 
TETRA 2137 1556 1557 16 
TETRA 1884 1885 571 1886 
TETRA 37 49 51 50 
TETRA 654 657 947 957 
TETRA 1730 1861 1509 301 
TETRA 1813 2201 1595 2021 
TETRA 534 533 526 507 
TETRA 1350 1349 1348 1353 
TETRA 635 662 666 637 
TETRA 1303 1294 1307 1304 
TETRA 1122 1118 1124 1127 
TETRA 813 1471 816 785 
TETRA 1052 1030 1028 1031 
TETRA 905 894 904 1474 
TETRA 691 923 886 682 
TETRA 2049 1652 1653 2054 
TETRA 227 228 230 232 
TETRA 841 1403 843 1405 
TETRA 362 368 369 370 
TETRA 1403 1394 1406 1399 
TETRA 120 119 121 140 
TETRA 316 238 318 319 
TETRA 566 2259 1497 1495 
TETRA 1979 1995 2174 1975 
TETRA 1502 1400 1359 531 
TETRA 916 598 579 1445 
TETRA 1149 1816 1150 1591 
TETRA 638 659 642 663 
TETRA 1036 1038 1034 1037 
TETRA 1577 1582 1599 1598 
TETRA 463 1792 455 458 
TETRA 910 913 1476 812 
TETRA 952 1263 1020 1264 
TETRA 2145 2147 797 2146 
TETRA 1012 1011 2154 1007 
TETRA 371 379 373 378 
TETRA 246 1724 308 224 
TETRA 203 207 208 204 
TETRA 1290 1286 1285 1289 
TETRA 250 251 271 252 
TETRA 879 878 886 880 
TETRA 1261 1266 1269 1262 
TETRA 300 302 296 299 
TETRA 732 731 733 734 
TETRA 2152 1441 1880 1883 
TETRA 1928 1981 1980 1932 
TETRA 866 1421 919 1879 
TETRA 501 507 534 506 
TETRA 1149 1118 1148 1816 
TETRA 635 637 638 662 
TETRA 1930 1937 1924 1929 
TETRA 1715 307 309 308 
TETRA 99 98 95 273 
TETRA 1121 457 458 417 
TETRA 215 216 218 217 
TETRA 1355 1365 1360 1359 
TETRA 489 566 565 563 
TETRA 211 222 219 210 
TETRA 1645 1686 1647 1648 
TETRA 1187 228 1186 1188 
TETRA 903 907 813 909 
TETRA 299 294 298 306 
TETRA 1576 1575 1568 1570 
TETRA 1716 1710 2043 1718 
TETRA 633 630 628 634 
TETRA 491 497 550 1338 
TETRA 625 630 663 583 
TETRA 1572 1577 1574 1573 
TETRA 250 248 241 240 
TETRA 338 270 341 269 
TETRA 981 622 1032 980 
TETRA 132 135 134 1143 
TETRA 850 1418 855 1417 
TETRA 1425 571 568 1424 
TETRA 729 1284 721 793 
TETRA 644 625 663 624 
TETRA 105 100 86 139 
TETRA 83 100 72 86 
TETRA 1029 984 985 1030 
TETRA 770 769 772 762 
TETRA 752 750 753 754 
TETRA 606 2253 1877 1876 
TETRA 1268 724 725 723 
TETRA 507 533 530 532 
TETRA 2142 1890 729 788 
TETRA 638 659 663 664 
TETRA 1083 1086 372 374 
TETRA 984 994 999 983 
TETRA 447 448 1121 449 
TETRA 847 852 853 854 
TETRA 1266 1269 1268 960 
TETRA 1726 1712 1724 1715 
TETRA 633 638 637 640 
TETRA 1627 2052 1625 2049 
TETRA 293 294 290 298 
TETRA 1080 1047 1045 1079 
TETRA 65 354 68 355 
TETRA 777 781 778 780 
TETRA 1099 2286 1024 1046 
TETRA 2069 2070 2067 2068 
TETRA 2052 2121 28 2051 
TETRA 521 507 514 528 
TETRA 886 934 887 2294 
TETRA 660 662 638 637 
TETRA 1980 1931 1932 1939 
TETRA 588 622 624 979 
TETRA 1553 1514 1528 1728 
TETRA 941 940 938 975 
TETRA 1533 302 1542 1545 
TETRA 697 705 690 696 
TETRA 866 868 869 1478 
TETRA 1646 1643 1688 1691 
TETRA 1450 1267 1276 722 
TETRA 1642 1653 1652 1654 
TETRA 37 54 53 38 
TETRA 1164 1169 1165 1168 
TETRA 1346 553 1340 1345 
TETRA 237 236 238 239 
TETRA 1217 1215 456 478 
TETRA 491 492 551 497 
TETRA 516 532 530 531 
TETRA 1536 1535 1533 1542 
TETRA 394 426 427 442 
TETRA 1149 1148 1118 1127 
TETRA 1344 1350 1348 1345 
TETRA 1025 1046 1244 1245 
TETRA 1016 1004 1015 998 
TETRA 1012 2154 1274 2224 
TETRA 595 579 578 606 
TETRA 1125 1144 1126 1124 
TETRA 1130 1131 434 433 
TETRA 574 578 581 579 
TETRA 181 186 148 185 
TETRA 1038 1059 1061 1039 
TETRA 66 61 356 55 
TETRA 1015 1449 1013 1005 
TETRA 1960 1967 1961 1949 
TETRA 1279 1288 2154 1011 
TETRA 32 332 1833 25 
TETRA 491 497 495 476 
TETRA 891 781 776 892 
TETRA 468 455 464 1792 
TETRA 955 954 963 664 
TETRA 67 65 51 68 
TETRA 1048 1043 1003 999 
TETRA 562 486 1806 561 
TETRA 621 623 1257 583 
TETRA 1666 2217 1665 2220 
TETRA 534 507 537 533 
TETRA 1587 1601 1586 1603 
TETRA 832 833 820 831 
TETRA 1313 1321 1319 1315 
TETRA 1053 483 1219 1220 
TETRA 1 5 3 2 
TETRA 1 8 15 14 
TETRA 534 536 541 539 
TETRA 521 507 530 516 
TETRA 2087 2075 2071 2076 
TETRA 666 1450 662 665 
TETRA 1615 1617 1618 1619 
TETRA 1814 561 1804 1815 
TETRA 736 740 739 1467 
TETRA 1314 1770 1865 1861 
TETRA 409 412 413 411 
TETRA 487 1808 490 1792 
TETRA 633 625 639 632 
TETRA 1123 1130 1129 1128 
TETRA 1352 1386 1385 1387 
TETRA 121 119 143 142 
TETRA 1025 1256 1244 1243 
TETRA 1435 1433 1443 1883 
TETRA 1934 1936 1944 1938 
TETRA 1744 2249 2239 2252 
TETRA 496 502 500 499 
TETRA 501 506 534 505 
TETRA 599 937 600 629 
TETRA 1128 1174 1172 1597 
TETRA 212 1586 214 1163 
TETRA 73 74 67 75 
TETRA 1360 1359 1369 1368 
TETRA 574 575 578 579 
TETRA 1350 1345 1342 1351 
TETRA 1385 1404 1492 1414 
TETRA 1688 1693 1643 1692 
TETRA 1118 1595 459 1113 
TETRA 941 964 653 965 
TETRA 1350 1351 1342 1357 
TETRA 521 520 523 529 
TETRA 2029 2032 2025 2031 
TETRA 192 196 200 197 
TETRA 1892 1894 2015 1889 
TETRA 1213 1565 1214 170 
TETRA 1352 1385 556 1384 
TETRA 93 118 346 342 
TETRA 625 632 631 645 
TETRA 491 497 476 492 
TETRA 482 487 489 486 
TETRA 1814 1113 459 1595 
TETRA 1402 566 856 1499 
TETRA 1378 1376 1380 1377 
TETRA 685 675 930 684 
TETRA 33 35 3 4 
TETRA 1153 1175 1133 1132 
TETRA 778 779 709 890 
TETRA 1211 170 1580 1151 
TETRA 65 50 51 63 
TETRA 409 404 411 410 
TETRA 787 789 785 788 
TETRA 2015 2140 1295 2141 
TETRA 2203 2219 2204 2206 
TETRA 878 876 877 875 
TETRA 491 551 492 481 
TETRA 667 677 634 668 
TETRA 1439 1438 1258 1050 
TETRA 777 779 719 712 
TETRA 1149 1816 1148 1585 
TETRA 905 911 1472 904 
TETRA 996 1002 1004 998 
TETRA 633 638 625 630 
TETRA 860 863 824 873 
TETRA 2026 1710 2025 1714 
TETRA 1129 1800 1799 1798 
TETRA 1157 1155 1152 1163 
TETRA 304 1731 1610 1764 
TETRA 809 790 795 810 
TETRA 534 543 544 500 
TETRA 1190 1192 230 232 
TETRA 994 529 520 1232 
TETRA 503 504 501 502 
TETRA 885 884 887 888 
TETRA 155 1137 158 156 
TETRA 911 1472 910 1470 
TETRA 1750 1753 318 1754 
TETRA 1350 1348 1352 1353 
TETRA 829 830 828 1871 
TETRA 856 1888 863 566 
TETRA 1384 563 1506 1500 
TETRA 633 639 625 638 
TETRA 635 636 669 668 
TETRA 428 432 435 433 
TETRA 899 891 778 776 
TETRA 581 598 630 580 
TETRA 26 25 10 27 
TETRA 796 802 803 797 
TETRA 1025 1245 1254 1246 
TETRA 1211 169 170 171 
TETRA 1922 1918 2170 1991 
TETRA 1757 1756 1758 1751 
TETRA 1318 1551 1321 1322 
TETRA 1462 1872 828 1463 
TETRA 595 936 916 1420 
TETRA 994 529 523 520 
TETRA 1621 1620 335 312 
TETRA 2048 2118 2050 2117 
TETRA 18 8 1611 1542 
TETRA 1375 1339 549 550 
TETRA 1806 561 1813 564 
TETRA 633 637 635 636 
TETRA 1612 1629 1628 1556 
TETRA 1530 1534 1549 1550 
TETRA 1107 1106 1108 1109 
TETRA 988 965 950 995 
TETRA 820 829 828 827 
TETRA 438 137 1141 437 
TETRA 275 252 251 245 
TETRA 203 199 198 204 
TETRA 2048 1660 2038 2118 
TETRA 809 795 790 794 
TETRA 67 74 70 84 
TETRA 777 780 737 781 
TETRA 1960 1964 1965 1959 
TETRA 741 764 771 742 
TETRA 984 973 1232 974 
TETRA 1027 1042 1237 1236 
TETRA 1061 456 475 1217 
TETRA 55 1838 1836 2262 
TETRA 1036 1251 1039 1065 
TETRA 514 519 529 1335 
TETRA 682 914 880 693 
TETRA 836 825 850 826 
TETRA 1581 1583 1582 1584 
TETRA 658 960 954 662 
TETRA 1805 478 456 1804 
TETRA 1888 1889 1895 1894 
TETRA 817 819 821 820 
TETRA 316 321 323 322 
TETRA 811 791 809 790 
TETRA 800 806 805 802 
TETRA 1099 2287 2290 1325 
TETRA 984 1232 973 1231 
TETRA 806 802 801 1906 
TETRA 1803 569 1815 1804 
TETRA 1053 1031 1051 484 
TETRA 864 856 863 566 
TETRA 196 1820 1827 1826 
TETRA 582 578 574 585 
TETRA 181 180 184 185 
TETRA 501 537 534 507 
TETRA 707 887 691 926 
TETRA 733 814 765 755 
TETRA 796 794 801 797 
TETRA 66 356 362 363 
TETRA 868 1427 1426 873 
TETRA 984 1231 973 1230 
TETRA 1750 1168 1757 1166 
TETRA 1290 1289 798 2162 
TETRA 2200 569 1815 2199 
TETRA 633 640 637 636 
TETRA 697 689 690 707 
TETRA 507 537 533 532 
TETRA 1646 1707 1702 1708 
TETRA 61 52 356 55 
TETRA 503 496 509 502 
TETRA 1034 1052 1038 1218 
TETRA 1578 1582 1581 1583 
TETRA 743 745 744 786 
TETRA 371 362 379 370 
TETRA 91 96 90 95 
TETRA 340 46 337 2053 
TETRA 503 502 509 504 
TETRA 166 168 1571 167 
TETRA 1030 984 1027 999 
TETRA 514 518 1335 512 
TETRA 633 635 634 636 
TETRA 414 1250 412 2266 
TETRA 1344 1340 1346 1343 
TETRA 436 1134 1213 1135 
TETRA 698 692 890 695 
TETRA 867 860 872 873 
TETRA 1098 1088 1087 1100 
TETRA 236 239 240 242 
TETRA 1293 1298 1299 1300 
TETRA 2042 1718 2041 1727 
TETRA 1214 1148 1111 1585 
TETRA 1720 249 245 251 
TETRA 1043 1045 1046 1025 
TETRA 743 783 745 786 
TETRA 889 888 707 892 
TETRA 716 725 724 723 
TETRA 1928 1980 1927 1926 
TETRA 1443 1441 1880 914 
TETRA 990 520 994 523 
TETRA 823 822 817 824 
TETRA 2050 2118 2216 2117 
TETRA 2145 1289 797 1285 
TETRA 1290 1291 1286 1289 
TETRA 535 1336 1334 1333 
TETRA 123 125 151 124 
TETRA 300 1542 302 301 
TETRA 625 632 628 631 
TETRA 372 1100 356 1562 
TETRA 1165 1755 318 1205 
TETRA 901 769 897 906 
TETRA 462 465 463 1785 
TETRA 318 1767 1204 1754 
TETRA 988 987 972 986 
TETRA 270 272 261 271 
TETRA 247 249 248 245 
TETRA 1757 1761 1763 1762 
TETRA 787 785 729 788 
TETRA 866 1879 1878 1421 
TETRA 984 974 1232 520 
TETRA 1056 1218 1053 1034 
TETRA 2071 2088 2233 2093 
TETRA 2203 2206 2221 2219 
TETRA 203 204 208 205 
TETRA 1814 1815 1113 1813 
TETRA 507 513 528 527 
TETRA 857 862 861 859 
TETRA 1328 1521 1517 1520 
TETRA 691 926 931 706 
TETRA 1435 1434 1439 573 
TETRA 468 493 472 467 
TETRA 286 237 313 238 
TETRA 587 592 618 589 
TETRA 743 786 787 783 
TETRA 1642 1652 1653 1637 
TETRA 1100 1547 1096 1549 
TETRA 984 1232 994 520 
TETRA 1516 1733 1513 1791 
TETRA 721 1278 1482 1461 
TETRA 307 224 234 308 
TETRA 1279 1278 1280 1011 
TETRA 521 527 507 528 
TETRA 414 418 1080 419 
TETRA 680 678 676 679 
TETRA 1032 1029 985 1030 
TETRA 42 41 48 97 
TETRA 3 38 36 1613 
TETRA 1602 208 209 207 
TETRA 473 487 486 490 
TETRA 535 1326 1327 1024 
TETRA 415 418 1117 457 
TETRA 271 261 270 251 
TETRA 743 744 732 786 
TETRA 456 1115 1804 1215 
TETRA 1904 1907 805 1908 
TETRA 1482 1278 725 1275 
TETRA 466 1778 465 1785 
TETRA 526 536 527 1334 
TETRA 633 640 636 632 
TETRA 996 994 1000 993 
TETRA 1356 1399 1351 1357 
TETRA 594 604 602 603 
TETRA 132 131 391 441 
TETRA 1053 1220 1218 1225 
TETRA 1536 1541 1533 1540 
TETRA 1710 1713 1635 1712 
TETRA 283 244 290 313 
TETRA 1293 1292 1296 1297 
TETRA 331 279 280 281 
TETRA 743 786 732 785 
TETRA 1098 1096 1099 1100 
TETRA 1919 1988 1918 1992 
TETRA 750 749 747 751 
TETRA 705 717 688 696 
TETRA 303 1847 1846 1849 
TETRA 1277 1285 1280 1278 
TETRA 1108 1086 2216 1102 
TETRA 232 313 1192 234 
TETRA 899 893 891 776 
TETRA 1932 2178 1940 1941 
TETRA 526 527 1241 1334 
TETRA 633 628 625 632 
TETRA 1612 1556 1628 1617 
TETRA 889 888 892 893 
TETRA 850 1417 864 1418 
TETRA 1265 1274 1275 1272 
TETRA 813 1471 811 1470 
TETRA 1553 1555 1728 1545 
TETRA 1094 1019 1095 1006 
TETRA 1384 563 548 1506 
TETRA 1869 1503 724 1307 
TETRA 250 240 241 255 
TETRA 91 99 42 98 
TETRA 691 923 680 924 
TETRA 777 739 773 772 
TETRA 51 49 59 50 
TETRA 2089 2105 2100 2099 
TETRA 1745 2239 1744 2240 
TETRA 468 477 493 494 
TETRA 1482 1278 1275 1011 
TETRA 913 1476 812 2151 
TETRA 466 1516 546 547 
TETRA 420 404 405 2267 
TETRA 1064 418 413 456 
TETRA 1807 1791 1808 1595 
TETRA 1173 1172 1164 1170 
TETRA 25 1833 27 28 
TETRA 866 868 1478 1426 
TETRA 1587 2023 1601 1603 
TETRA 650 655 657 656 
TETRA 354 61 66 65 
TETRA 192 193 186 191 
TETRA 310 1712 1626 309 
TETRA 777 737 773 739 
TETRA 244 234 308 294 
TETRA 800 799 796 803 
TETRA 922 2296 920 936 
TETRA 1475 869 876 875 
TETRA 1003 1025 1046 1000 
TETRA 2145 1280 1278 2144 
TETRA 1113 1591 1595 2201 
TETRA 1340 549 508 1401 
TETRA 496 497 491 1338 
TETRA 1645 1649 1650 1687 
TETRA 841 1408 829 1407 
TETRA 77 76 73 75 
TETRA 247 197 249 1721 
TETRA 1411 1394 1487 1396 
TETRA 903 768 902 904 
TETRA 743 785 732 730 
TETRA 1941 1945 1934 1942 
TETRA 2077 2079 2072 2234 
TETRA 318 1194 1753 319 
TETRA 52 11 4 34 
TETRA 1280 1278 2144 1011 
TETRA 2089 2095 2094 1662 
TETRA 1934 1935 1933 1942 
TETRA 1130 1180 1181 1176 
TETRA 1448 1015 1013 664 
TETRA 903 907 909 908 
TETRA 137 159 437 1139 
TETRA 856 855 854 2259 
TETRA 1038 476 1061 1059 
TETRA 290 298 306 311 
TETRA 67 75 84 69 
TETRA 685 688 705 929 
TETRA 1293 1297 1298 1292 
TETRA 55 16 1096 1837 
TETRA 738 773 728 737 
TETRA 292 322 326 327 
TETRA 33 3 2 4 
TETRA 1904 1907 807 805 
TETRA 1482 2144 1278 1011 
TETRA 827 726 828 821 
TETRA 2285 1247 1045 1076 
TETRA 101 102 80 2134 
TETRA 1810 2016 1511 1868 
TETRA 584 616 614 615 
TETRA 1130 1176 1177 1180 
TETRA 161 164 163 175 
TETRA 116 93 121 119 
TETRA 1289 2159 2158 2157 
TETRA 1517 1518 1519 1774 
TETRA 570 1419 917 1433 
TETRA 1514 1730 1512 1513 
TETRA 698 701 708 706 
TETRA 2173 2176 2156 2157 
TETRA 743 729 728 784 
TETRA 646 940 643 645 
TETRA 785 2141 822 788 
TETRA 1622 1619 1632 1641 
TETRA 810 809 1904 795 
TETRA 1110 1116 1111 1107 
TETRA 1448 1446 1457 1441 
TETRA 1312 1311 1508 1314 
TETRA 192 196 184 195 
TETRA 1169 219 222 1766 
TETRA 584 612 621 615 
TETRA 963 1015 1016 664 
TETRA 338 337 270 278 
TETRA 635 667 634 668 
TETRA 1360 1368 1369 1366 
TETRA 650 652 647 653 
TETRA 829 830 1871 1408 
TETRA 186 148 1567 269 
TETRA 372 1086 1087 1562 
TETRA 589 630 625 583 
TETRA 534 543 466 545 
TETRA 743 728 730 732 
TETRA 1191 295 1192 294 
TETRA 2200 2199 1815 2201 
TETRA 243 244 246 245 
TETRA 473 475 460 478 
TETRA 721 725 1482 1278 
TETRA 2145 1280 2144 2146 
TETRA 1099 2290 2289 1561 
TETRA 1934 1941 1933 1932 
TETRA 584 612 610 560 
TETRA 143 142 341 269 
TETRA 2048 2117 1653 2118 
TETRA 525 1023 994 523 
TETRA 1563 1085 374 139 
TETRA 67 71 68 51 
TETRA 1744 1733 1521 1516 
TETRA 1375 1374 550 1376 
TETRA 157 162 153 156 
TETRA 1328 546 1517 1516 
TETRA 570 1419 606 917 
TETRA 588 617 584 619 
TETRA 299 293 298 294 
TETRA 1053 1220 1219 1218 
TETRA 436 1133 1135 1136 
TETRA 738 743 728 773 
TETRA 741 771 770 740 
TETRA 438 440 1141 1142 
TETRA 2052 2123 2056 2122 
TETRA 468 471 472 493 
TETRA 1117 1119 449 1111 
TETRA 722 1451 1482 1276 
TETRA 1620 2051 28 1624 
TETRA 11 46 1562 1097 
TETRA 362 365 368 359 
TETRA 584 576 621 560 
TETRA 1130 1167 1181 1182 
TETRA 1530 1548 1538 1854 
TETRA 1099 2291 1559 1558 
TETRA 463 465 464 1792 
TETRA 694 1458 1457 693 
TETRA 1036 1037 1065 1039 
TETRA 1053 1032 1052 1031 
TETRA 840 845 846 839 
TETRA 1720 191 1727 1721 
TETRA 292 326 325 297 
TETRA 60 62 63 59 
TETRA 743 773 745 783 
TETRA 1342 1401 516 1400 
TETRA 471 473 475 460 
TETRA 1590 2222 2223 1592 
TETRA 722 1482 721 725 
TETRA 1969 2185 2184 2183 
TETRA 1895 2020 2198 2197 
TETRA 351 382 360 356 
TETRA 2087 2075 2085 2071 
TETRA 1914 1912 808 1916 
TETRA 584 560 621 612 
TETRA 231 1605 1169 1766 
TETRA 394 391 426 442 
TETRA 981 977 976 980 
TETRA 300 298 1612 301 
TETRA 910 1476 1477 812 
TETRA 1642 1656 1653 1655 
TETRA 1000 1001 997 993 
TETRA 371 373 375 376 
TETRA 164 151 122 123 
TETRA 743 785 787 786 
TETRA 462 464 463 465 
TETRA 471 461 475 477 
TETRA 1482 725 722 1276 
TETRA 2145 2147 801 797 
TETRA 1934 1941 1997 1945 
TETRA 584 614 613 615 
TETRA 1053 1216 1052 483 
TETRA 1119 1084 418 419 
TETRA 398 432 431 446 
TETRA 1750 1751 1752 1756 
TETRA 489 562 563 564 
TETRA 2061 46 27 1097 
TETRA 235 1198 196 200 
TETRA 211 212 223 204 
TETRA 872 873 1471 1875 
TETRA 1211 1163 1587 1586 
TETRA 787 793 784 792 
TETRA 1589 1591 1150 1590 
TETRA 1734 2243 1763 2242 
TETRA 1435 1883 1443 1441 
TETRA 471 474 491 476 
TETRA 1729 1730 1513 305 
TETRA 1451 1482 1276 1011 
TETRA 1813 2201 1113 1595 
TETRA 1880 2153 1883 1882 
TETRA 718 722 1482 721 
TETRA 1732 1521 1729 1528 
TETRA 2041 1727 1568 1575 
TETRA 654 954 955 659 
TETRA 1734 1744 1521 1743 
TETRA 554 556 1352 1383 
TETRA 76 84 74 75 
TETRA 1153 1155 1162 1154 
TETRA 857 836 835 825 
TETRA 244 290 294 281 
TETRA 2144 1483 2147 2146 
TETRA 743 784 728 773 
TETRA 275 278 277 276 
TETRA 213 211 212 215 
TETRA 1919 1917 1926 1920 
TETRA 1186 167 1157 1209 
TETRA 566 1495 2258 2259 
TETRA 1451 1276 1013 1011 
TETRA 1290 798 1289 1285 
TETRA 598 579 1445 1442 
TETRA 719 720 721 784 
TETRA 614 613 586 584 
TETRA 202 224 205 1726 
TETRA 68 355 354 353 
TETRA 1602 1586 1574 1601 
TETRA 1533 1545 1534 1528 
TETRA 1355 1361 1360 1364 
TETRA 1818 172 1580 1570 
TETRA 420 419 414 1079 
TETRA 1629 301 1545 1612 
TETRA 1719 1723 1724 1712 
TETRA 1646 1699 1707 1700 
TETRA 299 304 1764 305 
TETRA 900 762 767 753 
TETRA 743 784 773 783 
TETRA 323 1749 1748 321 
TETRA 121 145 144 347 
TETRA 1157 167 1210 168 
TETRA 1013 1451 1448 1450 
TETRA 2254 2253 1418 1876 
TETRA 2069 2072 2064 2071 
TETRA 1943 1935 1934 1942 
TETRA 297 290 1611 298 
TETRA 186 193 188 1568 
TETRA 18 1535 1546 17 
TETRA 1394 1392 1487 1396 
TETRA 1612 1556 1545 1629 
TETRA 1329 1513 1514 1512 
TETRA 1884 1433 1881 1419 
TETRA 1144 1126 1124 1127 
TETRA 1530 1550 1549 1548 
TETRA 1224 620 621 1223 
TETRA 526 530 1323 524 
TETRA 250 258 261 264 
TETRA 738 739 773 737 
TETRA 1471 1875 873 1874 
TETRA 121 145 149 146 
TETRA 1510 1791 547 1513 
TETRA 1451 1450 1013 1276 
TETRA 1656 1660 1666 1661 
TETRA 196 1829 1828 2236 
TETRA 1947 1951 1948 1936 
TETRA 1281 1287 1286 1282 
TETRA 122 165 160 140 
TETRA 1257 575 580 1439 
TETRA 1032 1055 1033 1228 
TETRA 1597 1791 1595 1596 
TETRA 1507 1509 1508 1866 
TETRA 1572 1576 1579 1570 
TETRA 697 707 690 706 
TETRA 644 663 639 642 
TETRA 1805 478 460 456 
TETRA 316 320 292 288 
TETRA 521 522 517 516 
TETRA 777 773 782 772 
TETRA 1951 1963 1958 1995 
TETRA 1974 1978 1923 1921 
TETRA 1261 948 1367 2292 
TETRA 121 150 149 347 
TETRA 1210 167 223 189 
TETRA 1448 1451 1013 1483 
TETRA 606 607 605 1422 
TETRA 1943 1945 1948 1946 
TETRA 1286 1277 1283 1285 
TETRA 2188 805 2190 2189 
TETRA 132 127 126 138 
TETRA 1750 318 1608 1168 
TETRA 941 938 966 975 
TETRA 588 623 621 583 
TETRA 843 853 1414 1499 
TETRA 965 972 945 966 
TETRA 2042 2043 1716 205 
TETRA 1646 1702 1640 1701 
TETRA 120 140 127 139 
TETRA 1018 1020 522 1022 
TETRA 903 767 768 813 
TETRA 667 665 630 598 
TETRA 732 735 731 734 
TETRA 1625 1624 1623 2051 
TETRA 491 550 1337 1338 
TETRA 1510 1868 1791 1513 
TETRA 1943 1948 1947 1946 
TETRA 2019 1811 1424 2020 
TETRA 1212 1150 1589 1145 
TETRA 2227 1095 1019 1006 
TETRA 1025 527 525 1027 
TETRA 990 523 992 522 
TETRA 1642 1623 1636 1641 
TETRA 277 280 276 278 
TETRA 748 769 762 768 
TETRA 203 206 197 202 
TETRA 249 248 245 251 
TETRA 1744 1797 2252 2237 
TETRA 85 76 86 87 
TETRA 1943 1934 1944 1945 
TETRA 584 613 610 612 
TETRA 1145 1127 1149 1589 
TETRA 2069 2070 2073 2072 
TETRA 3 38 1613 54 
TETRA 1279 2224 1287 1274 
TETRA 728 719 773 784 
TETRA 806 809 795 1904 
TETRA 1043 1046 1045 1047 
TETRA 770 769 773 772 
TETRA 203 207 198 206 
TETRA 2135 2204 2219 2218 
TETRA 1505 1508 1507 1509 
TETRA 891 893 892 776 
TETRA 1004 1015 998 1449 
TETRA 1279 1280 1281 1288 
TETRA 1635 309 1712 1713 
TETRA 466 1782 1781 1777 
TETRA 1149 1150 1589 1591 
TETRA 1344 1348 1343 1347 
TETRA 325 303 1609 296 
TETRA 37 51 52 34 
TETRA 1034 1055 1054 1056 
TETRA 1036 999 1027 1025 
TETRA 371 374 372 382 
TETRA 552 554 482 488 
TETRA 1484 2150 2144 1483 
TETRA 725 1265 1275 1272 
TETRA 66 60 61 62 
TETRA 1757 1751 1762 1749 
TETRA 747 763 760 764 
TETRA 1884 1433 571 1885 
TETRA 479 474 480 473 
TETRA 1943 1947 1935 1942 
TETRA 1517 1518 466 546 
TETRA 1156 1153 1152 1155 
TETRA 117 116 121 119 
TETRA 121 143 93 144 
TETRA 1553 1728 1528 1545 
TETRA 1025 1256 1241 527 
TETRA 681 666 676 683 
TETRA 12 10 55 16 
TETRA 1346 1343 1340 1374 
TETRA 1903 1480 811 810 
TETRA 521 520 517 522 
TETRA 192 1200 194 1831 
TETRA 310 309 311 306 
TETRA 2270 1631 1632 1633 
TETRA 362 2271 369 367 
TETRA 1529 1737 1739 1736 
TETRA 1046 2286 1242 2276 
TETRA 1439 1258 1028 1050 
TETRA 26 20 19 29 
TETRA 1943 1946 1947 1942 
TETRA 2165 2164 1895 2141 
TETRA 590 594 581 595 
TETRA 841 1410 1411 1412 
TETRA 1259 1012 952 961 
TETRA 436 1213 1134 1120 
TETRA 335 1711 1625 1626 
TETRA 51 59 63 50 
TETRA 993 1000 996 997 
TETRA 132 1143 129 441 
TETRA 1038 1219 481 1060 
TETRA 778 776 891 781 
TETRA 811 790 809 810 
TETRA 203 208 207 209 
TETRA 1962 1968 1964 1963 
TETRA 9 19 20 16 
TETRA 2015 1894 1895 1889 
TETRA 1948 1951 1952 1954 
TETRA 963 1014 1015 1013 
TETRA 590 596 578 585 
TETRA 77 78 73 72 
TETRA 1305 1865 1508 1314 
TETRA 895 899 774 893 
TETRA 864 1423 568 1428 
TETRA 1444 1445 1442 1441 
TETRA 796 803 798 797 
TETRA 1156 1159 1162 1155 
TETRA 698 708 709 925 
TETRA 733 755 765 734 
TETRA 800 799 804 795 
TETRA 741 771 740 742 
TETRA 2085 1695 1693 1692 
TETRA 201 204 224 210 
TETRA 639 638 642 663 
TETRA 2089 2103 1663 2104 
TETRA 1440 1438 1883 1485 
TETRA 489 486 487 562 
TETRA 988 972 945 965 
TETRA 2008 2009 2160 2007 
TETRA 1477 1480 812 1476 
TETRA 850 856 1416 863 
TETRA 988 950 990 995 
TETRA 435 432 448 433 
TETRA 81 87 83 82 
TETRA 787 785 743 729 
TETRA 248 1567 251 191 
TETRA 2288 2275 1099 2271 
TETRA 199 223 1210 204 
TETRA 885 878 887 884 
TETRA 1001 1093 1092 1002 
TETRA 1891 1508 1311 1304 
TETRA 456 457 1115 418 
TETRA 590 592 589 591 
TETRA 647 642 650 653 
TETRA 528 527 1027 525 
TETRA 534 533 537 547 
TETRA 1517 1521 1744 1743 
TETRA 1000 1001 1026 1092 
TETRA 857 860 835 859 
TETRA 478 561 486 485 
TETRA 196 1188 1821 1826 
TETRA 1186 1203 1198 1202 
TETRA 1098 1092 1094 1088 
TETRA 208 204 210 205 
TETRA 707 888 887 926 
TETRA 832 831 820 830 
TETRA 750 734 766 755 
TETRA 415 457 413 418 
TETRA 903 909 813 904 
TETRA 249 196 248 191 
TETRA 1517 1743 1744 1772 
TETRA 402 407 409 408 
TETRA 865 864 863 1426 
TETRA 1462 737 712 1463 
TETRA 2144 2150 2143 2147 
TETRA 1972 2193 2187 2186 
TETRA 1943 1948 1944 1936 
TETRA 590 592 593 586 
TETRA 955 963 1014 1016 
TETRA 1030 1033 1032 1034 
TETRA 694 1457 687 693 
TETRA 1615 1616 312 1618 
TETRA 1036 1038 1037 1039 
TETRA 1328 1526 1519 1330 
TETRA 846 848 852 849 
TETRA 381 387 386 385 
TETRA 749 757 762 761 
TETRA 249 191 248 251 
TETRA 32 337 46 1833 
TETRA 1425 1886 571 1887 
TETRA 554 482 556 560 
TETRA 1217 1215 478 1051 
TETRA 1943 1934 1936 1944 
TETRA 590 586 587 592 
TETRA 944 945 941 653 
TETRA 517 1359 1342 516 
TETRA 903 767 902 768 
TETRA 300 298 1611 1612 
TETRA 1375 1374 1339 550 
TETRA 1671 1642 1650 1670 
TETRA 209 1604 208 1602 
TETRA 219 218 215 210 
TETRA 61 51 356 52 
TETRA 823 821 817 822 
TETRA 535 1323 1328 1326 
TETRA 879 878 877 921 
TETRA 55 2262 1836 364 
TETRA 1880 917 1443 914 
TETRA 1192 294 1766 234 
TETRA 534 543 542 466 
TETRA 20 19 29 2137 
TETRA 2152 914 2151 1476 
TETRA 872 1477 869 868 
TETRA 590 593 592 591 
TETRA 647 941 642 653 
TETRA 972 984 974 973 
TETRA 900 903 767 902 
TETRA 724 1272 1284 1307 
TETRA 707 885 886 887 
TETRA 534 543 545 544 
TETRA 91 85 93 90 
TETRA 1720 1727 191 339 
TETRA 1191 291 286 295 
TETRA 1121 1118 1122 458 
TETRA 112 113 117 114 
TETRA 2212 2215 2135 2214 
TETRA 1609 1738 1853 1746 
TETRA 471 460 475 461 
TETRA 1970 2185 1972 2186 
TETRA 1875 1477 868 1479 
TETRA 590 592 587 589 
TETRA 944 941 647 653 
TETRA 241 240 248 242 
TETRA 496 1338 1337 499 
TETRA 42 43 35 40 
TETRA 695 718 694 1458 
TETRA 1378 1381 1379 1382 
TETRA 287 297 43 329 
TETRA 414 1045 1077 1079 
TETRA 972 966 965 984 
TETRA 1625 1620 2052 1627 
TETRA 1110 1113 1114 1112 
TETRA 1282 1274 1287 2158 
TETRA 306 307 308 309 
TETRA 1960 1959 1965 1949 
TETRA 1530 1532 1531 1539 
TETRA 1100 1549 1096 1552 
TETRA 325 323 1609 1748 
TETRA 471 477 475 476 
TETRA 1149 1589 1127 1591 
TETRA 1625 1637 2049 1652 
TETRA 726 721 720 729 
TETRA 2044 2047 2036 2046 
TETRA 621 484 1222 615 
TETRA 489 562 487 563 
TETRA 653 965 955 950 
TETRA 775 912 769 782 
TETRA 719 721 718 1461 
TETRA 331 32 332 280 
TETRA 813 790 1471 785 
TETRA 1729 1728 1513 1730 
TETRA 383 374 371 382 
TETRA 588 584 621 619 
TETRA 879 916 915 682 
TETRA 2227 1019 1095 1021 
TETRA 750 766 747 746 
TETRA 1653 1654 1655 2117 
TETRA 117 122 151 123 
TETRA 716 723 724 717 
TETRA 1411 1394 1403 1487 
TETRA 1609 1747 1853 1748 
TETRA 1211 1573 1587 1151 
TETRA 153 1566 123 125 
TETRA 397 395 398 419 
TETRA 1833 1620 1627 2052 
TETRA 535 546 541 1330 
TETRA 351 353 381 2132 
TETRA 621 560 484 612 
TETRA 945 941 653 965 
TETRA 574 580 1257 575 
TETRA 1529 1739 1734 1740 
TETRA 1355 1357 1342 1359 
TETRA 501 493 534 537 
TETRA 1402 1500 856 566 
TETRA 1328 546 1516 1329 
TETRA 1635 1638 309 1713 
TETRA 1475 1477 869 1470 
TETRA 91 70 74 90 
TETRA 685 929 675 674 
TETRA 1286 1288 1289 1287 
TETRA 413 2268 1250 2264 
TETRA 750 747 766 734 
TETRA 396 420 375 395 
TETRA 2077 2072 2071 2234 
TETRA 2203 2206 2204 2202 
TETRA 1295 2163 2141 2140 
TETRA 1290 2162 1296 2159 
TETRA 584 621 619 616 
TETRA 942 970 945 946 
TETRA 945 653 950 965 
TETRA 112 110 113 114 
TETRA 903 904 757 758 
TETRA 1555 1628 1315 1770 
TETRA 1546 1556 1555 1545 
TETRA 624 626 978 631 
TETRA 686 666 683 687 
TETRA 860 835 824 825 
TETRA 1646 1706 1689 1684 
TETRA 1576 1579 1568 1819 
TETRA 1189 1187 230 318 
TETRA 286 237 238 1193 
TETRA 1165 1186 229 221 
TETRA 413 412 1250 2268 
TETRA 1745 1744 2239 2237 
TETRA 750 766 754 755 
TETRA 1172 1597 1174 1596 
TETRA 1439 573 576 575 
TETRA 249 197 196 191 
TETRA 856 1416 863 1888 
TETRA 576 1031 1257 621 
TETRA 843 1405 1403 1404 
TETRA 955 963 954 962 
TETRA 93 92 341 119 
TETRA 1529 1732 1533 1528 
TETRA 1025 1243 1046 1242 
TETRA 1000 1026 1001 993 
TETRA 1654 1668 1642 1649 
TETRA 857 850 825 861 
TETRA 1266 961 1267 1265 
TETRA 1089 1092 1093 1002 
TETRA 1356 1354 1353 1389 
TETRA 625 628 626 631 
TETRA 236 233 228 235 
TETRA 1322 530 1312 1318 
TETRA 747 766 765 746 
TETRA 1210 1586 1571 207 
TETRA 1757 1182 1745 1760 
TETRA 1505 1507 1506 1511 
TETRA 1130 1170 1129 1128 
TETRA 922 934 886 2296 
TETRA 1296 1301 2160 2139 
TETRA 1416 822 1873 1889 
TETRA 897 881 906 913 
TETRA 955 950 965 1016 
TETRA 338 269 187 339 
TETRA 463 1790 458 417 
TETRA 941 975 966 968 
TETRA 1036 1040 1042 1041 
TETRA 237 236 232 238 
TETRA 1385 1351 1402 1384 
TETRA 1679 1650 1675 1678 
TETRA 1049 1105 418 1215 
TETRA 1434 1104 1436 1437 
TETRA 1656 1658 1663 1655 
TETRA 381 370 371 380 
TETRA 282 283 237 253 
TETRA 193 1575 1568 1727 
TETRA 1536 303 1542 1533 
TETRA 299 305 1764 1171 
TETRA 2043 1604 1714 205 
TETRA 747 732 735 741 
TETRA 42 40 345 43 
TETRA 297 1846 36 2263 
TETRA 1086 2216 1102 1101 
TETRA 524 522 530 1310 
TETRA 1129 1178 1801 1179 
TETRA 856 1888 566 1500 
TETRA 621 574 583 1257 
TETRA 2188 1977 802 805 
TETRA 666 960 662 1450 
TETRA 438 429 427 437 
TETRA 281 1616 311 312 
TETRA 1173 1162 1154 1128 
TETRA 2074 2075 2071 1695 
TETRA 235 200 196 226 
TETRA 1043 1045 1025 1044 
TETRA 747 734 732 765 
TETRA 1720 1722 249 1721 
TETRA 1950 1979 1951 1936 
TETRA 1895 1887 2020 2166 
TETRA 23 32 3 2 
TETRA 420 1082 1078 2267 
TETRA 805 2190 2192 2191 
TETRA 584 621 574 583 
TETRA 556 1493 559 1498 
TETRA 83 87 76 82 
TETRA 1049 1047 1105 1050 
TETRA 525 523 994 529 
TETRA 1053 1227 622 1224 
TETRA 1279 2154 2155 2224 
TETRA 1025 1243 1241 1256 
TETRA 554 1383 1352 1379 
TETRA 606 607 1422 2253 
TETRA 1728 301 302 1545 
TETRA 65 68 354 51 
TETRA 685 705 690 930 
TETRA 237 233 236 240 
TETRA 1534 1554 1557 1551 
TETRA 1622 1641 1623 1619 
TETRA 747 735 732 734 
TETRA 1793 1597 1170 1769 
TETRA 1046 1003 1043 1025 
TETRA 806 801 809 1906 
TETRA 1308 1306 1270 1305 
TETRA 1416 1889 1873 1888 
TETRA 554 559 556 558 
TETRA 955 1014 963 962 
TETRA 438 437 427 442 
TETRA 1757 1167 1745 1182 
TETRA 203 206 209 207 
TETRA 1508 1865 1866 1861 
TETRA 976 939 975 938 
TETRA 373 362 1099 2271 
TETRA 587 617 586 584 
TETRA 1425 571 1424 1887 
TETRA 42 44 99 92 
TETRA 2200 1815 569 561 
TETRA 802 1976 797 2147 
TETRA 805 2191 1908 2187 
TETRA 2061 2128 28 2059 
TETRA 1892 1810 1507 1894 
TETRA 554 484 558 557 
TETRA 1009 997 1008 1010 
TETRA 1732 1528 1729 302 
TETRA 1553 1321 1514 1555 
TETRA 1462 1463 712 1872 
TETRA 697 690 705 701 
TETRA 132 441 129 131 
TETRA 1657 1659 1643 1695 
TETRA 1425 1424 1423 1427 
TETRA 1342 516 1359 1400 
TETRA 1620 2052 28 2051 
TETRA 1186 1202 1198 1201 
TETRA 286 315 284 285 
TETRA 1352 1387 1385 1353 
TETRA 462 453 455 454 
TETRA 749 761 747 760 
TETRA 373 2277 2278 2274 
TETRA 1 2 3 4 
TETRA 2148 809 801 1906 
TETRA 721 1284 725 1278 
TETRA 2285 1076 1045 2283 
TETRA 1289 2157 2156 2176 
TETRA 2011 2010 2014 1297 
TETRA 1036 1025 1027 1239 
TETRA 726 721 729 1284 
TETRA 1589 1592 1590 1212 
TETRA 1121 1790 1122 446 
TETRA 1790 1789 1795 1796 
TETRA 2002 2001 2007 1938 
TETRA 1016 983 964 1258 
TETRA 521 517 514 516 
TETRA 1434 572 1436 573 
TETRA 627 592 600 589 
TETRA 1139 1085 1214 437 
TETRA 275 251 1720 245 
TETRA 250 256 258 257 
TETRA 736 735 741 742 
TETRA 1536 1538 1537 1841 
TETRA 1090 1086 1108 1102 
TETRA 801 2147 802 797 
TETRA 1595 2201 1591 2021 
TETRA 362 367 2289 2271 
TETRA 52 49 53 57 
TETRA 1932 1989 1990 2180 
TETRA 1173 218 1154 220 
TETRA 1025 1238 1239 1253 
TETRA 556 1386 558 1493 
TETRA 409 415 417 413 
TETRA 902 1460 768 769 
TETRA 409 411 404 412 
TETRA 866 1426 865 868 
TETRA 2026 2025 1710 2027 
TETRA 1360 1260 991 951 
TETRA 122 180 149 179 
TETRA 48 50 47 70 
TETRA 621 1031 484 576 
TETRA 2148 801 809 794 
TETRA 2145 2147 2144 2143 
TETRA 101 2134 108 102 
TETRA 1922 2170 2163 2171 
TETRA 1720 191 269 339 
TETRA 856 1500 1415 1416 
TETRA 554 556 488 555 
TETRA 963 962 1014 1013 
TETRA 1578 1581 1577 1573 
TETRA 447 448 435 432 
TETRA 584 574 582 583 
TETRA 552 1375 549 481 
TETRA 372 1562 1087 1100 
TETRA 1671 1672 1649 1668 
TETRA 60 58 61 62 
TETRA 225 1186 223 229 
TETRA 2168 1916 2194 2169 
TETRA 738 743 773 745 
TETRA 2164 2161 2169 2167 
TETRA 801 1906 802 2147 
TETRA 1117 1111 1110 1116 
TETRA 1984 1928 1981 1927 
TETRA 777 776 778 781 
TETRA 1720 191 249 251 
TETRA 1834 1620 1833 28 
TETRA 820 818 819 1468 
TETRA 208 217 214 1603 
TETRA 654 949 955 954 
TETRA 1216 475 1062 492 
TETRA 489 564 563 565 
TETRA 535 546 1329 533 
TETRA 487 548 488 563 
TETRA 1604 2034 2031 2023 
TETRA 1105 1103 1106 1104 
TETRA 823 826 827 1415 
TETRA 172 1583 1109 1817 
TETRA 275 276 252 245 
TETRA 338 142 187 269 
TETRA 903 813 768 904 
TETRA 752 750 749 753 
TETRA 1980 1939 1990 1991 
TETRA 2222 2197 2198 2021 
TETRA 2148 1906 801 2147 
TETRA 1662 2071 2093 2089 
TETRA 1717 335 1712 1711 
TETRA 2142 821 727 726 
TETRA 621 1223 619 1221 
TETRA 1053 1051 1216 484 
TETRA 1530 1550 1548 1854 
TETRA 1533 1545 1528 302 
TETRA 699 711 709 713 
TETRA 681 676 678 683 
TETRA 1645 1648 1649 1686 
TETRA 2069 2065 2067 2066 
TETRA 73 79 69 68 
TETRA 1507 1866 1891 1867 
TETRA 1038 1218 1052 1219 
TETRA 922 923 678 682 
TETRA 112 114 117 116 
TETRA 741 746 732 744 
TETRA 1066 461 1064 2264 
TETRA 2148 1906 2149 809 
TETRA 1457 722 1446 1451 
TETRA 1717 278 1719 1712 
TETRA 336 337 332 1627 
TETRA 1025 1044 1247 1253 
TETRA 86 139 71 92 
TETRA 1032 1033 985 1228 
TETRA 1517 1772 1771 1743 
TETRA 85 87 86 116 
TETRA 996 1002 1003 1004 
TETRA 521 523 525 529 
TETRA 1444 914 915 1445 
TETRA 1818 1570 188 172 
TETRA 55 1096 1100 1547 
TETRA 738 743 744 732 
TETRA 856 2259 854 1499 
TETRA 805 1909 1908 2192 
TETRA 1108 1102 2216 2215 
TETRA 1130 1167 1161 1181 
TETRA 1810 1888 1811 1893 
TETRA 812 2149 1476 1480 
TETRA 484 554 552 557 
TETRA 1286 1291 1282 2158 
TETRA 1344 1342 1350 1345 
TETRA 900 753 767 903 
TETRA 414 1080 413 1045 
TETRA 2015 1894 2140 2161 
TETRA 1164 221 1169 220 
TETRA 244 281 294 308 
TETRA 1123 1126 1127 1124 
TETRA 724 1284 1272 725 
TETRA 741 732 738 744 
TETRA 1766 234 294 307 
TETRA 800 796 801 802 
TETRA 1906 809 1905 2149 
TETRA 1512 1860 1510 1513 
TETRA 580 1442 598 665 
TETRA 425 423 394 424 
TETRA 1810 1894 1888 1893 
TETRA 1025 1253 1239 1044 
TETRA 897 912 775 890 
TETRA 1750 1754 1752 1753 
TETRA 1895 2168 2196 2167 
TETRA 658 958 662 959 
TETRA 1750 318 323 1608 
TETRA 718 694 1458 722 
TETRA 300 298 293 297 
TETRA 1542 1545 302 301 
TETRA 1505 532 1510 1511 
TETRA 840 844 839 837 
TETRA 1150 1588 1816 1598 
TETRA 20 1840 16 2137 
TETRA 1144 1135 1146 1147 
TETRA 1646 1684 1705 1706 
TETRA 1038 1052 1037 1062 
TETRA 192 196 1829 1828 
TETRA 770 745 748 741 
TETRA 866 918 919 1421 
TETRA 425 394 428 424 
TETRA 1810 2016 1894 1893 
TETRA 1070 1251 1065 1039 
TETRA 623 1031 621 1257 
TETRA 1500 1415 1402 856 
TETRA 1098 1100 1099 1088 
TETRA 832 838 833 831 
TETRA 287 292 297 327 
TETRA 891 781 925 780 
TETRA 1053 1219 483 1052 
TETRA 292 325 326 322 
TETRA 741 744 738 745 
TETRA 1604 1588 2034 2023 
TETRA 1656 1662 1666 1664 
TETRA 1173 1172 1174 218 
TETRA 1972 2190 2185 1973 
TETRA 1068 1073 1070 1069 
TETRA 941 965 966 964 
TETRA 153 152 1566 125 
TETRA 325 1852 1851 1850 
TETRA 1154 1145 1163 1212 
TETRA 1609 1748 1610 1747 
TETRA 1381 552 1375 553 
TETRA 1025 1241 1242 1024 
TETRA 639 645 640 632 
TETRA 387 2132 385 381 
TETRA 644 643 639 645 
TETRA 1818 187 188 1568 
TETRA 154 159 137 1139 
TETRA 1117 1116 1115 418 
TETRA 1096 1840 1097 2128 
TETRA 738 744 743 745 
TETRA 2149 1882 1905 2153 
TETRA 530 522 531 1310 
TETRA 682 693 1445 914 
TETRA 406 422 401 397 
TETRA 2060 2063 2062 1086 
TETRA 1063 1059 477 1069 
TETRA 923 682 922 886 
TETRA 292 296 323 295 
TETRA 1032 1030 985 1033 
TETRA 1027 1233 529 1232 
TETRA 113 117 120 105 
TETRA 731 1463 1465 1467 
TETRA 813 815 816 1469 
TETRA 965 964 1016 983 
TETRA 707 886 885 880 
TETRA 2152 1485 1883 2153 
TETRA 2029 2033 2032 2031 
TETRA 1401 553 1345 1340 
TETRA 732 786 765 785 
TETRA 903 758 908 904 
TETRA 165 177 173 174 
TETRA 338 336 340 337 
TETRA 747 741 746 732 
TETRA 1904 1910 805 1905 
TETRA 716 717 722 723 
TETRA 397 396 395 420 
TETRA 1063 1065 1061 1039 
TETRA 1135 1151 1213 171 
TETRA 1165 1168 1169 229 
TETRA 860 863 825 824 
TETRA 1734 1745 1733 1744 
TETRA 83 72 76 86 
TETRA 1448 1450 664 1013 
TETRA 1211 1145 1151 1587 
TETRA 227 232 233 228 
TETRA 736 732 728 738 
TETRA 770 762 772 761 
TETRA 155 154 157 159 
TETRA 772 775 774 769 
TETRA 1427 1895 1874 1887 
TETRA 2203 2205 1106 2204 
TETRA 770 739 738 740 
TETRA 1646 1643 1700 1639 
TETRA 534 526 533 535 
TETRA 1621 1625 1623 1626 
TETRA 1860 1730 1313 1861 
TETRA 1065 1037 1061 1039 
TETRA 1025 1254 1255 1240 
TETRA 552 549 488 480 
TETRA 193 1727 206 1575 
TETRA 1475 1470 910 1477 
TETRA 952 962 961 1012 
TETRA 1514 1513 1728 1730 
TETRA 1342 1357 1351 1400 
TETRA 1403 1412 1487 1391 
TETRA 293 290 287 297 
TETRA 743 732 738 728 
TETRA 716 718 721 722 
TETRA 1903 1480 1910 1882 
TETRA 1015 1005 998 1449 
TETRA 1099 2291 2290 1561 
TETRA 397 398 394 399 
TETRA 2089 2099 2098 2105 
TETRA 1834 332 25 1833 
TETRA 590 595 581 578 
TETRA 1593 1597 1118 1595 
TETRA 231 222 1169 229 
TETRA 1317 1020 1309 1021 
TETRA 841 1407 1410 1408 
TETRA 823 1415 1889 1416 
TETRA 503 515 514 512 
TETRA 225 223 201 222 
TETRA 1130 1132 434 1131 
TETRA 1286 1280 1277 1285 
TETRA 736 739 738 737 
TETRA 1903 1882 2149 1480 
TETRA 752 753 749 757 
TETRA 785 1873 822 2141 
TETRA 2015 2141 1895 2161 
TETRA 399 422 397 401 
TETRA 1883 1437 1433 2207 
TETRA 868 1479 1478 1426 
TETRA 375 1085 419 1079 
TETRA 1169 221 229 222 
TETRA 1063 1069 1070 1039 
TETRA 2002 2005 2007 2001 
TETRA 546 547 1329 533 
TETRA 889 707 891 892 
TETRA 1642 1655 1653 1654 
TETRA 660 650 658 656 
TETRA 524 1022 1324 1325 
TETRA 1159 1158 1165 1157 
TETRA 1323 530 533 1322 
TETRA 111 107 128 129 
TETRA 1910 1905 1903 1882 
TETRA 699 703 704 715 
TETRA 1734 2244 1740 1739 
TETRA 337 45 32 46 
TETRA 1792 1511 1808 1791 
TETRA 2036 2037 2046 2047 
TETRA 2069 1657 2064 2065 
TETRA 1046 2276 1242 1243 
TETRA 534 547 546 533 
TETRA 231 307 1766 222 
TETRA 1063 1070 1065 1039 
TETRA 1003 1092 1089 1002 
TETRA 681 675 676 666 
TETRA 828 1872 1871 1464 
TETRA 456 1804 1115 459 
TETRA 1126 1153 1130 1128 
TETRA 1099 1559 2291 1561 
TETRA 1017 994 983 995 
TETRA 1293 1290 1295 1296 
TETRA 574 570 578 575 
TETRA 741 742 735 764 
TETRA 1734 1746 2244 1738 
TETRA 1443 917 1880 1433 
TETRA 590 597 594 596 
TETRA 1480 1909 2210 2192 
TETRA 463 458 1790 1791 
TETRA 594 591 599 600 
TETRA 710 695 709 779 
TETRA 1053 1032 622 1227 
TETRA 1765 1171 1766 307 
TETRA 1036 1025 1239 1044 
TETRA 397 405 420 404 
TETRA 996 994 999 1000 
TETRA 1279 1274 2154 2224 
TETRA 827 726 821 1890 
TETRA 1156 1161 1159 1160 
TETRA 778 891 709 780 
TETRA 111 105 128 106 
TETRA 736 742 741 740 
TETRA 1734 1743 1740 2245 
TETRA 1891 1503 1507 1892 
TETRA 1435 573 1439 575 
TETRA 589 628 630 629 
TETRA 955 954 949 962 
TETRA 762 902 768 769 
TETRA 181 178 182 183 
TETRA 231 1766 1192 1605 
TETRA 1252 1044 1251 1036 
TETRA 1375 551 549 481 
TETRA 902 906 910 1460 
TETRA 1402 1500 1384 1400 
TETRA 1303 1270 1272 1273 
TETRA 1653 1654 2117 2054 
TETRA 705 930 929 702 
TETRA 428 398 394 442 
TETRA 736 741 732 738 
TETRA 820 836 825 835 
TETRA 1521 2261 1740 1743 
TETRA 2002 1998 2003 2001 
TETRA 1922 2171 1993 1991 
TETRA 1064 456 454 461 
TETRA 1504 1263 1262 1264 
TETRA 1263 1020 1264 1310 
TETRA 804 1913 2188 805 
TETRA 155 1138 152 136 
TETRA 759 908 754 907 
TETRA 1593 1595 1118 1591 
TETRA 1065 1251 1073 1044 
TETRA 1009 998 997 1010 
TETRA 1790 1122 446 1129 
TETRA 1656 1664 1665 1663 
TETRA 1653 2054 1652 1654 
TETRA 635 667 630 634 
TETRA 2165 810 807 795 
TETRA 820 821 823 827 
TETRA 1130 1800 1129 1802 
TETRA 1534 1557 1554 1546 
TETRA 1074 1071 1068 1045 
TETRA 310 281 311 312 
TETRA 736 740 741 738 
TETRA 820 824 835 825 
TETRA 782 783 1461 1459 
TETRA 394 395 396 388 
TETRA 2164 2169 2168 2167 
TETRA 2043 1714 1604 2025 
TETRA 606 1429 607 2253 
TETRA 1512 1312 1322 532 
TETRA 116 86 93 119 
TETRA 44 279 280 43 
TETRA 112 104 87 106 
TETRA 231 234 1192 1766 
TETRA 1036 1044 1239 1252 
TETRA 687 1450 1446 722 
TETRA 1289 1287 2157 2158 
TETRA 800 804 805 795 
TETRA 241 243 233 235 
TETRA 1577 1579 1576 1582 
TETRA 436 159 137 1137 
TETRA 1750 1751 1757 1749 
TETRA 770 771 772 740 
TETRA 749 748 762 753 
TETRA 866 875 874 877 
TETRA 93 94 90 89 
TETRA 485 573 1051 1215 
TETRA 2026 2030 2028 2027 
TETRA 331 281 333 334 
TETRA 1725 224 1726 1724 
TETRA 1027 1236 1233 1231 
TETRA 582 580 574 581 
TETRA 1080 1049 1047 1105 
TETRA 338 337 340 141 
TETRA 1110 1107 1109 1106 
TETRA 1266 1265 1268 1262 
TETRA 820 825 823 824 
TETRA 468 455 461 462 
TETRA 584 585 574 609 
TETRA 1636 1633 1638 1639 
TETRA 819 831 833 1466 
TETRA 1745 2237 2238 1802 
TETRA 99 273 270 279 
TETRA 2152 1476 2151 2153 
TETRA 234 307 308 294 
TETRA 1298 1865 1864 1300 
TETRA 331 43 23 32 
TETRA 530 532 533 1322 
TETRA 1079 375 420 419 
TETRA 1119 1085 1107 1084 
TETRA 1023 1000 994 993 
TETRA 1546 1556 1545 1612 
TETRA 77 83 76 82 
TETRA 1173 1164 220 1154 
TETRA 193 1727 191 1721 
TETRA 1139 172 1214 1085 
TETRA 275 1720 251 278 
TETRA 716 694 718 722 
TETRA 778 709 779 714 
TETRA 1969 1968 1962 1920 
TETRA 1960 1950 1962 1963 
TETRA 820 1468 819 833 
TETRA 2120 2051 2119 1652 
TETRA 420 1081 1077 1082 
TETRA 805 2187 1908 1913 
TETRA 123 1566 151 125 
TETRA 1284 1307 1272 1283 
TETRA 1605 1171 1169 1766 
TETRA 1027 1237 1238 1235 
TETRA 1029 623 982 1258 
TETRA 1636 1635 1638 1633 
TETRA 1521 1733 1729 1513 
TETRA 462 466 1785 1784 
TETRA 534 507 526 536 
TETRA 1599 2034 1588 1598 
TETRA 2057 2052 2056 2058 
TETRA 508 514 516 507 
TETRA 157 162 158 169 
TETRA 889 891 707 890 
TETRA 716 720 719 712 
TETRA 820 1468 833 834 
TETRA 2200 561 569 1424 
TETRA 169 1157 1156 1152 
TETRA 2188 1977 805 2189 
TETRA 1610 1748 1749 1747 
TETRA 1167 1168 1166 1757 
TETRA 917 1419 1881 1433 
TETRA 517 1372 1373 1343 
TETRA 697 706 690 701 
TETRA 1599 2034 1604 1588 
TETRA 1642 1668 1669 1670 
TETRA 121 142 148 140 
TETRA 2089 2086 2092 1658 
TETRA 1303 1306 1283 1302 
TETRA 248 226 235 196 
TETRA 879 880 886 682 
TETRA 719 716 712 710 
TETRA 1984 1982 1981 1987 
TETRA 1527 1858 1550 1855 
TETRA 2 3 33 32 
TETRA 1673 1676 1675 1672 
TETRA 1694 2084 1695 1693 
TETRA 2049 2054 1653 2117 
TETRA 535 1330 541 1336 
TETRA 822 2141 1873 1889 
TETRA 978 939 624 631 
TETRA 426 441 438 132 
TETRA 867 871 860 870 
TETRA 1360 1366 1367 951 
TETRA 1130 1802 1745 1182 
TETRA 1001 1094 1092 1093 
TETRA 1536 1842 1540 1539 
TETRA 535 1327 1328 1331 
TETRA 630 580 598 665 
TETRA 525 523 524 1022 
TETRA 716 719 721 718 
TETRA 55 357 2262 364 
TETRA 1623 1641 1624 1619 
TETRA 2005 2009 2008 2007 
TETRA 2077 2071 2233 2234 
TETRA 37 38 3 54 
TETRA 1065 1064 1061 1049 
TETRA 1675 1672 1676 1677 
TETRA 1805 1807 490 1806 
TETRA 1075 1076 1045 1074 
TETRA 1578 1579 1582 1583 
TETRA 517 519 514 518 
TETRA 491 476 474 492 
TETRA 276 278 280 310 
TETRA 694 717 688 722 
TETRA 841 829 827 1407 
TETRA 52 56 57 13 
TETRA 1922 1296 798 1978 
TETRA 52 55 2262 56 
TETRA 1435 1441 1440 1883 
TETRA 1673 1675 1650 1672 
TETRA 249 1721 197 191 
TETRA 1757 1756 1759 1758 
TETRA 1027 1235 1236 1237 
TETRA 774 893 899 776 
TETRA 578 596 607 608 
TETRA 372 362 360 356 
TETRA 112 117 113 105 
TETRA 694 1457 1458 722 
TETRA 300 303 1611 297 
TETRA 1324 1557 1551 1549 
TETRA 1017 986 972 520 
TETRA 486 487 473 482 
TETRA 55 1836 1100 364 
TETRA 710 694 716 717 
TETRA 52 56 2262 58 
TETRA 1733 305 1791 1769 
TETRA 340 2053 337 1627 
TETRA 1744 2247 2246 2240 
TETRA 1108 1086 1817 2216 
TETRA 1459 2151 812 2149 
TETRA 473 472 487 490 
TETRA 552 554 484 482 
TETRA 1329 1322 533 532 
TETRA 1603 2022 2023 1604 
TETRA 1600 2039 1576 2041 
TETRA 976 980 978 979 
TETRA 1729 302 1728 301 
TETRA 680 679 676 684 
TETRA 277 244 283 252 
TETRA 247 1725 246 226 
TETRA 2061 1097 27 2128 
TETRA 1089 1050 1103 1047 
TETRA 710 716 694 718 
TETRA 85 84 88 89 
TETRA 323 324 1749 321 
TETRA 1671 1668 1674 1672 
TETRA 2019 1424 565 561 
TETRA 303 1846 297 1849 
TETRA 1294 1301 1295 2015 
TETRA 1716 2043 1710 205 
TETRA 633 628 630 625 
TETRA 681 683 678 682 
TETRA 1264 1273 1270 1308 
TETRA 1099 1096 1026 1558 
TETRA 1166 1752 1750 1755 
TETRA 1381 1382 1380 483 
TETRA 1018 522 523 1022 
TETRA 2008 2007 2160 2006 
TETRA 1053 622 621 1224 
TETRA 5 9 21 10 
TETRA 181 176 165 167 
TETRA 710 717 716 715 
TETRA 323 321 1748 322 
TETRA 1764 1769 1171 305 
TETRA 1744 1772 2246 2247 
TETRA 420 2266 404 2267 
TETRA 2164 1895 2141 2161 
TETRA 331 24 23 334 
TETRA 902 769 906 1460 
TETRA 996 995 997 998 
TETRA 1344 1345 1340 1342 
TETRA 1569 193 188 189 
TETRA 447 435 398 432 
TETRA 85 88 118 89 
TETRA 1346 1375 1340 553 
TETRA 765 816 813 815 
TETRA 867 868 865 873 
TETRA 1818 188 1570 1568 
TETRA 806 1906 809 1905 
TETRA 1123 1125 1124 448 
TETRA 1268 724 1269 1262 
TETRA 1920 1969 1968 1970 
TETRA 1793 1170 1733 1769 
TETRA 55 1837 1096 1547 
TETRA 1046 2284 2279 1245 
TETRA 733 730 785 821 
TETRA 1966 2182 1983 2181 
TETRA 1978 2157 2172 2159 
TETRA 501 496 502 500 
TETRA 899 889 891 893 
TETRA 116 346 118 115 
TETRA 1434 1050 1104 1438 
TETRA 949 948 952 953 
TETRA 112 114 116 115 
TETRA 1355 1349 1363 1358 
TETRA 397 403 420 419 
TETRA 1402 1384 1500 566 
TETRA 1572 1574 1571 1573 
TETRA 818 872 860 824 
TETRA 1937 1931 1923 1938 
TETRA 1211 1587 1574 1586 
TETRA 409 408 407 450 
TETRA 709 713 712 714 
TETRA 192 196 1828 1198 
TETRA 214 1212 1587 2023 
TETRA 68 71 351 51 
TETRA 1750 1608 1757 1168 
TETRA 1053 1216 1051 1052 
TETRA 2142 822 1890 788 
TETRA 372 374 1086 1562 
TETRA 409 417 408 450 
TETRA 1732 1609 1533 302 
TETRA 1569 167 1571 189 
TETRA 463 465 1792 1791 
TETRA 552 549 1375 553 
TETRA 1555 1315 1628 1556 
TETRA 1187 1186 1202 1203 
TETRA 287 330 43 279 
TETRA 2042 1575 206 1727 
TETRA 1984 1932 1933 1986 
TETRA 646 643 642 644 
TETRA 710 719 716 718 
TETRA 1892 1891 2015 1867 
TETRA 55 1547 1838 1837 
TETRA 1046 2284 1245 1246 
TETRA 1978 2159 2172 2007 
TETRA 1750 1757 1608 1749 
TETRA 474 473 472 480 
TETRA 658 958 959 657 
TETRA 985 1230 1030 984 
TETRA 482 485 489 560 
TETRA 414 1079 419 1080 
TETRA 846 848 836 839 
TETRA 1123 1124 1125 1126 
TETRA 1098 1094 1087 1088 
TETRA 101 78 81 83 
TETRA 732 765 786 744 
TETRA 26 21 10 25 
TETRA 710 711 699 715 
TETRA 752 749 750 751 
TETRA 1359 991 986 987 
TETRA 1744 1793 465 1794 
TETRA 1153 1152 1154 1145 
TETRA 1064 461 454 2264 
TETRA 1090 1085 1108 1086 
TETRA 1595 2021 1590 2211 
TETRA 9 20 10 16 
TETRA 1904 1908 805 1909 
TETRA 491 480 474 472 
TETRA 1126 1130 1153 1133 
TETRA 1053 622 1032 1031 
TETRA 1444 579 1442 1445 
TETRA 997 1007 1006 1005 
TETRA 1636 1635 1623 1637 
TETRA 148 185 1567 147 
TETRA 1649 2116 1658 2115 
TETRA 1303 1307 1270 1304 
TETRA 709 708 713 714 
TETRA 111 107 104 106 
TETRA 1409 844 841 837 
TETRA 1153 1152 1155 1154 
TETRA 196 191 184 185 
TETRA 1289 1291 2158 2159 
TETRA 2025 2034 2028 2031 
TETRA 1535 1837 17 1537 
TETRA 501 493 500 534 
TETRA 325 297 326 1849 
TETRA 1750 324 318 1753 
TETRA 1023 1026 1025 1000 
TETRA 1726 1724 224 1715 
TETRA 85 76 88 84 
TETRA 996 997 995 993 
TETRA 228 235 1188 236 
TETRA 891 925 709 780 
TETRA 1530 1855 1550 1854 
TETRA 1666 1667 1665 2217 
TETRA 436 1135 1125 1134 
TETRA 699 702 711 713 
TETRA 741 761 770 771 
TETRA 1279 2224 2155 1287 
TETRA 340 141 337 46 
TETRA 590 585 582 586 
TETRA 1110 1114 1116 1106 
TETRA 1809 1812 564 1808 
TETRA 1169 1171 219 1766 
TETRA 199 204 1210 198 
TETRA 633 630 635 638 
TETRA 1555 1628 1629 1556 
TETRA 1734 1744 1733 1521 
TETRA 1164 220 1169 1171 
TETRA 154 127 123 140 
TETRA 487 480 488 548 
TETRA 1450 1267 722 1271 
TETRA 316 288 292 286 
TETRA 122 178 179 173 
TETRA 1984 1981 1985 1987 
TETRA 578 1428 1432 1430 
TETRA 1190 1605 230 1192 
TETRA 1891 1304 1307 1294 
TETRA 282 283 281 290 
TETRA 2222 2021 2198 2211 
TETRA 1966 1983 2182 2183 
TETRA 2061 2130 1097 2126 
TETRA 219 222 1766 307 
TETRA 1832 1819 340 2050 
TETRA 248 1825 242 267 
TETRA 1166 1756 1752 1768 
TETRA 1152 169 1211 171 
TETRA 754 814 907 908 
TETRA 1144 1145 1135 1126 
TETRA 1542 301 1612 1545 
TETRA 68 79 352 353 
TETRA 700 701 705 702 
TETRA 732 765 733 785 
TETRA 1290 1286 1283 1285 
TETRA 1043 1025 1036 1044 
TETRA 1159 1185 1165 1158 
TETRA 747 748 741 761 
TETRA 1144 1148 1134 1147 
TETRA 1213 1151 170 171 
TETRA 2148 2143 2150 2147 
TETRA 2017 2016 1812 1893 
TETRA 2089 2105 1658 2100 
TETRA 458 1595 1597 1791 
TETRA 37 40 42 35 
TETRA 121 147 143 146 
TETRA 132 126 135 136 
TETRA 832 835 820 834 
TETRA 1029 983 1028 1258 
TETRA 624 978 626 979 
TETRA 1165 1186 221 1157 
TETRA 1448 1449 1440 1485 
TETRA 589 629 591 600 
TETRA 362 2289 1099 2271 
TETRA 1144 1146 1149 1148 
TETRA 1478 1419 1426 1479 
TETRA 1108 2215 2136 1102 
TETRA 1720 1721 249 191 
TETRA 213 208 212 211 
TETRA 574 581 580 579 
TETRA 910 913 812 1460 
TETRA 402 410 409 407 
TETRA 589 582 630 583 
TETRA 823 1869 1889 1415 
TETRA 373 362 369 379 
TETRA 749 746 747 748 
TETRA 2200 1424 569 2199 
TETRA 388 371 383 375 
TETRA 255 240 241 237 
TETRA 1860 1513 1730 1509 
TETRA 1442 580 598 579 
TETRA 1922 2006 2160 2007 
TETRA 2036 1584 2037 2047 
TETRA 479 474 473 475 
TETRA 1043 1047 1080 1049 
TETRA 594 596 603 595 
TETRA 590 581 594 591 
TETRA 1038 1061 476 1062 
TETRA 1340 1373 1341 1374 
TETRA 1646 1639 1700 1708 
TETRA 372 356 360 382 
TETRA 211 212 215 221 
TETRA 293 297 287 292 
TETRA 1904 795 807 810 
TETRA 457 1118 458 459 
TETRA 299 1764 1607 1171 
TETRA 868 1479 1477 1478 
TETRA 42 99 44 98 
TETRA 2085 2084 1693 1695 
TETRA 2256 609 596 585 
TETRA 1290 1283 1284 1285 
TETRA 468 472 1792 467 
TETRA 1043 1045 1080 1047 
TETRA 334 281 1616 311 
TETRA 462 466 465 1785 
TETRA 1427 1874 1479 1886 
TETRA 897 890 692 912 
TETRA 1490 1404 1385 1403 
TETRA 1107 1103 1084 1108 
TETRA 689 691 690 707 
TETRA 1717 1716 1710 1712 
TETRA 55 1547 1100 1836 
TETRA 211 210 219 215 
TETRA 2218 2135 2214 2213 
TETRA 362 365 363 366 
TETRA 203 206 205 209 
TETRA 1620 1624 29 31 
TETRA 2013 2004 2003 2005 
TETRA 360 361 370 2133 
TETRA 479 485 1216 478 
TETRA 1043 1064 1080 1045 
TETRA 496 491 1337 1338 
TETRA 1328 1526 1330 1331 
TETRA 2227 2126 1095 2130 
TETRA 1012 2224 2225 2154 
TETRA 1646 1700 1643 1699 
TETRA 548 1401 488 1384 
TETRA 1296 2008 2011 2010 
TETRA 689 698 695 692 
TETRA 1734 1745 1731 1733 
TETRA 1984 1966 1927 1982 
TETRA 1527 1741 1521 2261 
TETRA 2011 2012 2014 2010 
TETRA 606 1422 1877 2253 
TETRA 2060 2057 1833 2053 
TETRA 2019 2018 564 1811 
TETRA 2148 2147 2150 1906 
TETRA 1832 1711 1717 1718 
TETRA 427 437 435 442 
TETRA 1014 998 1015 1005 
TETRA 93 119 86 92 
TETRA 762 767 768 902 
TETRA 1360 971 1366 951 
TETRA 1379 1388 1377 1382 
TETRA 521 529 514 520 
TETRA 1036 1027 1030 1042 
TETRA 503 513 514 507 
TETRA 719 718 782 1461 
TETRA 2043 2027 1710 2025 
TETRA 1147 1134 1144 1135 
TETRA 1832 2050 340 1627 
TETRA 530 531 1312 1310 
TETRA 2195 1992 1988 1989 
TETRA 107 131 390 133 
TETRA 2002 2005 2004 2006 
TETRA 806 1905 802 1906 
TETRA 1717 1711 1710 1718 
TETRA 2060 1087 2061 2063 
TETRA 1107 1085 1120 1109 
TETRA 524 1022 523 522 
TETRA 44 344 98 279 
TETRA 1065 1049 1061 1037 
TETRA 1635 1633 1622 1634 
TETRA 836 850 847 826 
TETRA 227 232 231 234 
TETRA 91 42 99 92 
TETRA 1675 1678 1672 1677 
TETRA 121 148 122 140 
TETRA 891 698 707 890 
TETRA 1507 1503 1891 1311 
TETRA 922 682 678 916 
TETRA 1980 1992 1990 1989 
TETRA 1891 1503 1304 1311 
TETRA 1166 1757 1759 1167 
TETRA 1128 1597 1593 1174 
TETRA 805 1910 2189 1905 
TETRA 880 912 914 913 
TETRA 1731 1733 1170 1769 
TETRA 966 985 982 984 
TETRA 300 298 297 1611 
TETRA 1956 2001 1938 2007 
TETRA 843 1499 1402 856 
TETRA 138 1085 1563 1139 
TETRA 866 874 869 870 
TETRA 203 202 199 204 
TETRA 496 491 495 493 
TETRA 19 1556 1612 1617 
TETRA 2164 2170 2169 2161 
TETRA 1815 1113 1813 2201 
TETRA 1440 1449 1258 1438 
TETRA 2002 1994 1944 1938 
TETRA 806 805 1904 795 
TETRA 1535 1841 17 15 
TETRA 2106 2105 2100 1658 
TETRA 2187 1913 805 2188 
TETRA 397 394 396 421 
TETRA 331 24 333 332 
TETRA 976 977 978 980 
TETRA 414 419 415 418 
TETRA 1375 1340 1339 1374 
TETRA 700 705 697 696 
TETRA 843 856 847 853 
TETRA 772 762 774 761 
TETRA 1576 1582 1579 1819 
TETRA 2162 1978 1296 2159 
TETRA 886 2296 934 2294 
TETRA 465 1791 1516 547 
TETRA 2214 2218 2213 2220 
TETRA 1481 914 913 2151 
TETRA 1918 1916 2169 2194 
TETRA 2015 1889 1895 2141 
TETRA 468 460 455 1792 
TETRA 1510 547 1791 1511 
TETRA 1166 1757 1750 1756 
TETRA 1116 1084 1105 418 
TETRA 1750 1749 323 324 
TETRA 1381 1380 552 483 
TETRA 1381 483 552 557 
TETRA 639 645 643 640 
TETRA 938 964 982 623 
TETRA 1722 1723 1719 245 
TETRA 1411 1489 1488 1501 
TETRA 1308 1310 1264 1309 
TETRA 705 703 702 929 
TETRA 748 767 762 753 
TETRA 192 183 182 1831 
TETRA 1978 2007 2160 2009 
TETRA 1172 1170 1597 1769 
TETRA 465 1785 2251 1794 
TETRA 1046 2277 2276 1243 
TETRA 1914 1915 1921 808 
TETRA 1129 1793 1597 1170 
TETRA 1329 547 1510 532 
TETRA 1618 1631 311 1634 
TETRA 471 475 474 476 
TETRA 2119 2052 2049 1625 
TETRA 765 813 816 785 
TETRA 554 560 559 484 
TETRA 193 1727 1568 339 
TETRA 879 920 886 921 
TETRA 493 2269 498 544 
TETRA 186 184 191 185 
TETRA 1960 1950 1961 1929 
TETRA 850 825 1416 826 
TETRA 1017 995 983 965 
TETRA 748 753 746 767 
TETRA 1296 2009 1978 2160 
TETRA 23 2 24 32 
TETRA 155 1137 137 159 
TETRA 1066 1067 461 2265 
TETRA 1914 1921 1918 808 
TETRA 1791 1595 1596 2016 
TETRA 1329 532 533 547 
TETRA 1080 418 1064 1049 
TETRA 578 585 596 609 
TETRA 1602 1601 1603 1586 
TETRA 428 427 434 435 
TETRA 1355 1359 1342 1358 
TETRA 1475 913 876 1476 
TETRA 1025 1240 1255 527 
TETRA 1323 533 1329 1322 
TETRA 133 138 391 1563 
TETRA 1156 1159 1155 1157 
TETRA 1600 1582 2036 1599 
TETRA 66 64 60 62 
TETRA 778 891 890 709 
TETRA 1164 1162 1159 1155 
TETRA 2162 1296 1978 798 
TETRA 1623 1624 1641 1651 
TETRA 1745 1733 1744 1793 
TETRA 466 547 465 1516 
TETRA 630 628 634 629 
TETRA 1914 1913 1971 1915 
TETRA 1922 1993 2160 2006 
TETRA 1210 167 1157 223 
TETRA 471 474 475 473 
TETRA 1080 418 1105 1084 
TETRA 203 202 205 206 
TETRA 165 175 176 174 
TETRA 1860 1321 1313 1730 
TETRA 60 63 62 64 
TETRA 681 684 685 680 
TETRA 1656 1664 1663 1662 
TETRA 1099 1096 1558 1552 
TETRA 1211 1587 1163 1145 
TETRA 113 123 126 127 
TETRA 1154 1127 1145 1174 
TETRA 1286 1289 1280 1285 
TETRA 428 398 442 435 
TETRA 750 753 766 746 
TETRA 248 196 235 1188 
TETRA 1268 1265 1267 725 
TETRA 1296 2159 1978 2009 
TETRA 1169 221 219 220 
TETRA 196 191 185 1567 
TETRA 581 580 579 598 
TETRA 155 1138 156 152 
TETRA 1914 1971 1913 1912 
TETRA 212 1163 215 221 
TETRA 1329 1510 547 1513 
TETRA 2164 2167 1895 2161 
TETRA 462 470 468 469 
TETRA 1080 418 1049 1105 
TETRA 2164 808 2169 2170 
TETRA 18 1612 21 19 
TETRA 1146 1585 1151 1150 
TETRA 1593 1595 1590 1592 
TETRA 37 3 35 4 
TETRA 996 998 997 1002 
TETRA 487 472 480 548 
TETRA 165 174 176 177 
TETRA 749 748 753 746 
TETRA 820 827 828 821 
TETRA 646 644 939 645 
TETRA 716 717 694 722 
TETRA 1922 1978 1923 1938 
TETRA 218 210 1596 216 
TETRA 878 875 877 921 
TETRA 1809 1506 548 563 
TETRA 1462 727 828 715 
TETRA 2028 2034 2064 2065 
TETRA 1914 1915 1920 1921 
TETRA 804 803 1915 808 
TETRA 2002 2004 2005 2003 
TETRA 1157 1163 1211 1210 
TETRA 471 474 473 472 
TETRA 1116 1105 1115 418 
TETRA 1032 982 1029 622 
TETRA 2039 2046 2038 2048 
TETRA 1166 1167 1759 1183 
TETRA 972 974 984 520 
TETRA 1029 1031 622 623 
TETRA 1477 811 812 1480 
TETRA 1351 1400 1402 1384 
TETRA 818 860 835 824 
TETRA 606 1422 1420 1421 
TETRA 750 746 749 753 
TETRA 818 815 733 814 
TETRA 282 285 284 272 
TETRA 1034 1038 1052 1037 
TETRA 2162 2157 1978 2159 
TETRA 22 334 1614 1612 
TETRA 1216 1217 478 1051 
TETRA 1888 1893 1895 2020 
TETRA 218 216 1596 217 
TETRA 1510 1868 1513 1509 
TETRA 1186 1208 1199 167 
TETRA 468 460 471 461 
TETRA 1116 1105 1107 1106 
TETRA 1053 1054 1032 1227 
TETRA 1025 1242 1241 1243 
TETRA 1268 1272 724 1270 
TETRA 1984 1986 1985 1932 
TETRA 594 604 603 597 
TETRA 107 132 128 129 
TETRA 991 951 1260 952 
TETRA 201 210 211 204 
TETRA 181 189 188 186 
TETRA 787 788 729 793 
TETRA 5 6 23 22 
TETRA 1625 1652 1623 1637 
TETRA 1611 298 334 1612 
TETRA 2162 2176 1978 2157 
TETRA 237 255 239 1193 
TETRA 1984 1967 2181 1986 
TETRA 1944 1998 1997 1994 
TETRA 2142 821 822 785 
TETRA 1186 189 223 167 
TETRA 479 475 473 478 
TETRA 1116 1114 1105 1106 
TETRA 396 445 420 444 
TETRA 325 1609 1853 1748 
TETRA 398 447 403 419 
TETRA 2152 2153 2151 1485 
TETRA 1275 1012 2154 1274 
TETRA 1340 517 515 1373 
TETRA 847 855 850 851 
TETRA 876 917 918 1478 
TETRA 219 221 215 220 
TETRA 521 524 523 522 
TETRA 316 319 320 317 
TETRA 310 311 309 1618 
TETRA 1611 334 22 1612 
TETRA 307 1715 224 308 
TETRA 1484 1483 2144 1458 
TETRA 2005 2011 2004 2008 
TETRA 800 795 806 801 
TETRA 1119 1107 1116 1084 
TETRA 1027 529 994 1232 
TETRA 658 954 953 654 
TETRA 1555 1770 1730 1629 
TETRA 203 205 208 209 
TETRA 1530 1537 1538 1548 
TETRA 1023 1024 1025 1026 
TETRA 1530 1534 1547 1549 
TETRA 1001 1094 1093 1006 
TETRA 1790 1796 446 416 
TETRA 1053 1221 1222 483 
TETRA 1119 1111 1116 1107 
TETRA 1960 1964 1959 1963 
TETRA 1734 1740 2244 2245 
TETRA 1611 290 334 298 
TETRA 1744 1794 465 2251 
TETRA 299 305 307 306 
TETRA 2089 2101 2103 2102 
TETRA 952 1010 950 962 
TETRA 1807 458 455 1792 
TETRA 2045 1657 2028 2064 
TETRA 1186 167 1199 189 
TETRA 473 480 487 472 
TETRA 1043 1049 1080 1064 
TETRA 1834 1620 332 1833 
TETRA 1125 1126 1135 1133 
TETRA 1731 305 1733 1769 
TETRA 907 908 814 815 
TETRA 1129 446 1790 1796 
TETRA 1402 1499 1414 1494 
TETRA 1115 1114 1803 1215 
TETRA 2036 1598 1584 2047 
TETRA 371 370 379 380 
TETRA 1303 1273 1283 1306 
TETRA 748 762 770 761 
TETRA 1818 1583 172 1817 
TETRA 2070 2074 2072 1695 
TETRA 1734 2243 2244 1746 
TETRA 1248 1247 1076 1045 
TETRA 2005 2010 2011 2008 
TETRA 606 1417 1429 1418 
TETRA 1066 2264 1250 2265 
TETRA 799 1295 2163 2141 
TETRA 210 204 224 205 
TETRA 1186 167 223 1157 
TETRA 468 469 470 494 
TETRA 1119 1084 419 1085 
TETRA 1166 1768 1184 1183 
TETRA 985 1033 1229 1228 
TETRA 201 223 211 222 
TETRA 1045 1075 1077 1076 
TETRA 1587 2023 1150 1588 
TETRA 1018 1021 1022 1019 
TETRA 1536 1539 1530 1538 
TETRA 1734 1744 1743 1772 
TETRA 1757 1758 1760 1761 
TETRA 1744 1733 465 1793 
TETRA 332 337 1833 1627 
TETRA 1089 1101 1093 1090 
TETRA 2203 2204 2219 2205 
TETRA 464 466 467 547 
TETRA 1165 1209 1186 1157 
TETRA 468 493 467 469 
TETRA 574 583 1257 580 
TETRA 192 183 186 182 
TETRA 590 591 582 581 
TETRA 1805 561 1814 1806 
TETRA 1457 1485 1484 1483 
TETRA 660 642 638 659 
TETRA 211 221 219 222 
TETRA 58 357 61 62 
TETRA 290 306 281 311 
TETRA 1293 1295 1294 1301 
TETRA 1765 1192 1766 1605 
TETRA 1448 1013 1015 1449 
TETRA 614 617 584 586 
TETRA 1892 1891 1503 1889 
TETRA 1928 1926 1924 1931 
TETRA 45 46 337 141 
TETRA 197 193 191 1721 
TETRA 1734 1738 2244 1739 
TETRA 1892 1507 1810 1506 
TETRA 1186 1199 1208 1200 
TETRA 67 70 50 69 
TETRA 1750 324 323 318 
TETRA 1881 2209 1433 1885 
TETRA 639 640 643 641 
TETRA 982 1258 964 983 
TETRA 1425 1887 1427 1886 
TETRA 840 829 832 826 
TETRA 225 200 201 223 
TETRA 1569 189 188 167 
TETRA 1038 476 1059 492 
TETRA 291 286 282 313 
TETRA 1123 1126 1125 434 
TETRA 1286 1277 1280 1281 
TETRA 292 297 325 296 
TETRA 1734 2245 2244 2243 
TETRA 331 290 23 43 
TETRA 4 54 7 13 
TETRA 922 916 879 682 
TETRA 1108 2216 1817 2215 
TETRA 1809 1511 1810 2016 
TETRA 199 223 200 189 
TETRA 1791 1808 1595 2016 
TETRA 468 461 455 460 
TETRA 2155 2156 1288 1287 
TETRA 949 961 954 953 
TETRA 1152 1163 1155 1154 
TETRA 1614 1612 334 1616 
TETRA 1750 1168 1166 318 
TETRA 1328 1329 1516 1515 
TETRA 2163 2171 2140 2139 
TETRA 650 651 652 655 
TETRA 691 680 923 682 
TETRA 479 485 482 484 
TETRA 1159 1157 1165 221 
TETRA 741 761 771 764 
TETRA 1587 1581 1150 1151 
TETRA 1874 1895 2166 1887 
TETRA 1110 1106 1116 1107 
TETRA 1510 1507 1511 1868 
TETRA 462 468 455 464 
TETRA 199 189 1210 223 
TETRA 1165 1209 1185 1206 
TETRA 454 455 462 461 
TETRA 2044 2034 2036 2047 
TETRA 1190 1606 1192 295 
TETRA 1025 1255 1254 1245 
TETRA 1646 1702 1707 1704 
TETRA 491 549 508 550 
TETRA 1105 1103 1104 1050 
TETRA 227 225 228 226 
TETRA 963 1016 1015 1014 
TETRA 283 290 244 281 
TETRA 589 588 583 625 
TETRA 1734 1746 1763 2243 
TETRA 1099 2290 2288 2289 
TETRA 23 6 1611 22 
TETRA 1557 1096 1837 1547 
TETRA 420 1078 2266 2267 
TETRA 1806 1808 2018 1595 
TETRA 16 1557 1096 1837 
TETRA 1186 1206 1208 1209 
TETRA 666 683 687 1446 
TETRA 903 908 909 904 
TETRA 1043 1045 1065 1064 
TETRA 1051 1050 1215 573 
TETRA 243 234 246 244 
TETRA 1379 1383 1388 1382 
TETRA 68 354 51 351 
TETRA 685 686 688 666 
TETRA 154 126 123 127 
TETRA 782 1461 912 1459 
TETRA 1597 1791 1596 1769 
TETRA 2200 2201 1424 2199 
TETRA 2214 2217 2213 2212 
TETRA 1305 1302 1308 1306 
TETRA 1025 1000 1026 1046 
TETRA 1733 1791 305 1513 
TETRA 16 1096 1840 1097 
TETRA 1165 1209 1157 1158 
TETRA 1116 1107 1105 1084 
TETRA 1609 1737 1848 1851 
TETRA 93 144 143 342 
TETRA 1510 1509 1507 1868 
TETRA 1381 552 1380 1375 
TETRA 1475 1476 910 913 
TETRA 1009 997 998 1005 
TETRA 1329 1322 1514 1515 
TETRA 133 1563 391 383 
TETRA 521 526 507 527 
TETRA 1009 1008 1012 1010 
TETRA 247 1725 197 1721 
TETRA 765 786 813 785 
TETRA 1577 1581 1582 1598 
TETRA 304 1610 1731 302 
TETRA 879 921 877 920 
TETRA 1329 1516 1515 1513 
TETRA 1517 1773 2248 1776 
TETRA 1744 1797 1793 1794 
TETRA 1546 1547 1557 1837 
TETRA 297 329 326 1849 
TETRA 465 1791 1793 1733 
TETRA 199 198 1210 189 
TETRA 236 239 242 1195 
TETRA 2088 2071 2089 2093 
TETRA 1119 1107 1085 1120 
TETRA 99 95 274 273 
TETRA 1615 1619 31 1617 
TETRA 710 695 718 694 
TETRA 816 1470 872 1471 
TETRA 188 187 165 181 
TETRA 681 680 678 676 
TETRA 899 889 890 891 
TETRA 1106 2205 2135 2204 
TETRA 1715 224 1726 205 
TETRA 1098 1092 1099 1026 
TETRA 1186 1201 1200 1207 
TETRA 78 79 68 351 
TETRA 153 125 126 152 
TETRA 689 707 692 691 
TETRA 588 622 621 623 
TETRA 660 656 658 959 
TETRA 23 334 24 22 
TETRA 2135 2212 2213 2205 
TETRA 1744 2237 1793 1797 
TETRA 1045 1077 1079 2283 
TETRA 813 1470 910 1472 
TETRA 1807 1792 1808 1791 
TETRA 1210 207 198 204 
TETRA 1914 1917 1916 1918 
TETRA 229 1186 1165 1187 
TETRA 287 290 331 43 
TETRA 590 597 585 586 
TETRA 900 753 903 757 
TETRA 1000 997 1001 1002 
TETRA 681 680 676 684 
TETRA 857 859 861 860 
TETRA 381 386 371 384 
TETRA 1448 1015 1447 1440 
TETRA 548 1511 532 1506 
TETRA 1527 2261 1521 1525 
TETRA 297 1611 290 23 
TETRA 466 1778 1782 1777 
TETRA 107 128 133 106 
TETRA 1595 1591 1590 2021 
TETRA 1984 1981 1928 1932 
TETRA 1293 1296 1300 1299 
TETRA 1210 198 1571 189 
TETRA 236 1196 1187 1195 
TETRA 2188 804 802 803 
TETRA 1166 1759 1757 1756 
TETRA 976 939 624 978 
TETRA 1355 1358 1342 1349 
TETRA 1546 1545 1542 1612 
TETRA 487 562 1809 563 
TETRA 846 849 836 848 
TETRA 208 211 204 212 
TETRA 1482 2144 1458 1461 
TETRA 122 148 147 180 
TETRA 1352 1383 556 1386 
TETRA 1546 1556 16 1557 
TETRA 2043 1710 1714 2025 
TETRA 250 258 264 257 
TETRA 1505 1511 1506 532 
TETRA 922 1420 916 936 
TETRA 1173 220 1172 218 
TETRA 1210 1571 198 207 
TETRA 236 242 235 1197 
TETRA 689 686 688 690 
TETRA 1932 2179 1940 2178 
TETRA 2188 1972 2189 2190 
TETRA 901 902 906 911 
TETRA 325 1853 1609 1851 
TETRA 1385 1356 1353 1389 
TETRA 1029 1258 982 983 
TETRA 847 850 856 826 
TETRA 241 242 233 240 
TETRA 1601 1588 1599 1604 
TETRA 864 1425 1426 1419 
TETRA 437 1085 138 1139 
TETRA 1944 1999 2001 2000 
TETRA 1394 1406 1269 1271 
TETRA 1003 1002 1000 1092 
TETRA 1172 1171 218 220 
TETRA 1296 1297 1292 2010 
TETRA 1535 1841 15 1544 
TETRA 635 665 667 666 
TETRA 1259 1264 952 1012 
TETRA 775 890 912 779 
TETRA 1529 1533 1732 1609 
TETRA 1045 1078 1077 1075 
TETRA 534 540 500 538 
TETRA 219 220 215 218 
TETRA 1484 1461 2144 2143 
TETRA 1164 1166 1159 1167 
TETRA 455 454 456 461 
TETRA 1745 2237 2239 2238 
TETRA 1000 1001 1092 1002 
TETRA 2003 2001 1998 1999 
TETRA 1934 1994 1944 1997 
TETRA 351 356 51 71 
TETRA 230 1605 318 229 
TETRA 1810 1507 1511 1506 
TETRA 236 1187 1196 1188 
TETRA 686 683 693 687 
TETRA 1210 207 212 1586 
TETRA 2119 1652 2049 2054 
TETRA 967 972 966 945 
TETRA 1805 1806 1814 459 
TETRA 650 642 659 653 
TETRA 1144 1135 1145 1146 
TETRA 646 643 940 648 
TETRA 438 1143 132 441 
TETRA 142 119 341 141 
TETRA 237 253 254 1193 
TETRA 516 548 532 1400 
TETRA 2188 1915 803 1977 
TETRA 230 229 231 1605 
TETRA 718 912 1461 1458 
TETRA 1344 1342 1340 1343 
TETRA 976 982 622 623 
TETRA 1122 1128 1593 1127 
TETRA 700 703 705 704 
TETRA 1303 1307 1283 1272 
TETRA 1298 1299 2014 1297 
TETRA 286 284 282 285 
TETRA 306 294 307 299 
TETRA 599 598 678 667 
TETRA 710 779 718 695 
TETRA 237 240 239 255 
TETRA 856 1417 855 2258 
TETRA 2062 1086 1817 141 
TETRA 1401 548 516 1400 
TETRA 1190 1605 1606 318 
TETRA 2044 2040 2043 1718 
TETRA 2142 1890 821 726 
TETRA 556 1384 1385 1402 
TETRA 93 342 346 144 
TETRA 334 1611 23 290 
TETRA 463 1792 458 1791 
TETRA 1283 1306 1292 1302 
TETRA 1248 1076 1074 1045 
TETRA 1340 1339 1374 1341 
TETRA 1636 1640 1633 1639 
TETRA 876 875 866 877 
TETRA 143 147 1567 146 
TETRA 213 214 212 208 
TETRA 244 313 294 290 
TETRA 362 365 366 367 
TETRA 275 276 277 252 
TETRA 1211 1574 1587 1573 
TETRA 535 1328 1330 1331 
TETRA 1860 1509 1510 1513 
TETRA 1442 580 575 1439 
TETRA 2148 2149 2150 791 
TETRA 816 824 1471 872 
TETRA 23 290 297 43 
TETRA 230 1605 231 1192 
TETRA 247 196 249 197 
TETRA 236 1188 1196 1197 
TETRA 1360 951 991 971 
TETRA 2165 1873 1895 1874 
TETRA 1972 1977 2189 1973 
TETRA 5 6 18 8 
TETRA 396 445 443 388 
TETRA 409 411 451 410 
TETRA 2042 1604 209 1575 
TETRA 606 919 918 1421 
TETRA 759 758 903 757 
TETRA 1064 454 413 2264 
TETRA 1427 2020 1424 1811 
TETRA 485 577 565 567 
TETRA 230 231 232 1192 
TETRA 1720 339 269 278 
TETRA 2057 1833 2053 2052 
TETRA 1360 991 1359 971 
TETRA 1757 1746 1610 1747 
TETRA 916 579 606 917 
TETRA 2069 1657 1695 2071 
TETRA 1053 1225 1223 1220 
TETRA 489 564 565 561 
TETRA 1646 1691 1688 1690 
TETRA 1212 2035 2023 2022 
TETRA 91 97 96 98 
TETRA 201 204 202 224 
TETRA 1187 1206 1165 1205 
TETRA 1213 170 1214 1139 
TETRA 866 1876 918 1877 
TETRA 820 825 836 826 
TETRA 2005 2013 2004 2011 
TETRA 606 1877 918 1876 
TETRA 1356 1390 1362 1354 
TETRA 427 434 436 429 
TETRA 462 1784 1785 1786 
TETRA 1083 1089 1090 1047 
TETRA 1527 1857 1855 1856 
TETRA 1671 1672 1673 1650 
TETRA 1530 1548 1547 1537 
TETRA 1266 956 961 953 
TETRA 1129 1799 1801 1796 
TETRA 1385 1491 1490 1389 
TETRA 1922 1978 798 1921 
TETRA 1313 1315 1319 1316 
TETRA 287 331 290 281 
TETRA 747 763 735 734 
TETRA 568 1428 1423 577 
TETRA 1577 1601 1599 1575 
TETRA 332 1627 1833 1620 
TETRA 1360 948 1260 951 
TETRA 1032 1029 982 985 
TETRA 325 1849 303 297 
TETRA 1555 1770 1629 1628 
TETRA 829 828 827 1870 
TETRA 1329 532 1512 1322 
TETRA 1115 1803 1804 1215 
TETRA 1153 1133 1130 1132 
TETRA 850 826 1416 856 
TETRA 1344 1379 1345 1388 
TETRA 1720 245 1722 1719 
TETRA 203 204 198 207 
TETRA 33 25 32 46 
TETRA 907 746 767 813 
TETRA 453 455 413 417 
TETRA 464 547 467 1792 
TETRA 1895 2020 2168 2166 
TETRA 236 1197 1196 1195 
TETRA 1360 1357 1359 1260 
TETRA 1134 1111 449 1120 
TETRA 77 75 80 82 
TETRA 1165 318 1168 229 
TETRA 552 480 482 481 
TETRA 1806 2018 1813 1595 
TETRA 676 678 677 679 
TETRA 1642 1669 1652 1651 
TETRA 1359 991 1260 531 
TETRA 2036 1599 1582 1598 
TETRA 1536 1542 303 1543 
TETRA 155 1138 137 1137 
TETRA 153 163 1566 152 
TETRA 196 1828 1198 1827 
TETRA 878 876 880 879 
TETRA 413 453 417 450 
TETRA 464 465 466 547 
TETRA 922 879 916 1420 
TETRA 1360 1359 991 1260 
TETRA 426 439 441 423 
TETRA 1135 171 1213 1136 
TETRA 2019 1813 564 2018 
TETRA 304 302 1609 1610 
TETRA 554 484 482 560 
TETRA 552 549 480 481 
TETRA 1318 1321 1554 1319 
TETRA 1173 1128 1154 1174 
TETRA 491 495 493 476 
TETRA 1123 1128 1126 1130 
TETRA 236 240 233 242 
TETRA 1083 1079 1046 1047 
TETRA 428 429 430 433 
TETRA 823 827 1869 1415 
TETRA 1004 1449 998 1091 
TETRA 413 453 450 451 
TETRA 1744 2251 1797 1794 
TETRA 231 1766 307 234 
TETRA 2089 2105 2104 1658 
TETRA 942 968 967 969 
TETRA 425 427 428 394 
TETRA 1166 1185 1184 1768 
TETRA 1506 1503 1892 1507 
TETRA 1066 1065 1045 1064 
TETRA 1009 1011 1012 1007 
TETRA 910 812 1477 811 
TETRA 843 826 847 856 
TETRA 1023 1025 525 994 
TETRA 37 48 42 41 
TETRA 1016 995 965 983 
TETRA 277 281 283 244 
TETRA 415 449 1119 419 
TETRA 1750 1756 1757 1751 
TETRA 1038 481 492 1060 
TETRA 736 731 732 735 
TETRA 413 2264 454 2268 
TETRA 1068 477 1063 1067 
TETRA 196 185 184 195 
TETRA 37 36 3 38 
TETRA 398 435 447 419 
TETRA 334 311 1616 1612 
TETRA 1061 1064 1217 1049 
TETRA 10 21 2 25 
TETRA 1720 191 251 269 
TETRA 2002 1938 1944 2001 
TETRA 132 391 133 138 
TETRA 2029 2031 2025 2028 
TETRA 1922 798 2163 808 
TETRA 705 704 703 928 
TETRA 192 194 183 1831 
TETRA 52 4 12 13 
TETRA 1259 952 953 961 
TETRA 726 717 724 827 
TETRA 1884 1419 571 1433 
TETRA 227 307 231 222 
TETRA 2214 2037 2218 2220 
TETRA 1834 1833 25 28 
TETRA 594 603 602 595 
TETRA 1355 1358 1363 1365 
TETRA 1720 278 1717 339 
TETRA 1159 1167 1183 1161 
TETRA 813 811 1471 790 
TETRA 899 897 775 890 
TETRA 1130 1182 1180 1802 
TETRA 199 201 197 200 
TETRA 879 918 606 919 
TETRA 1100 1835 1836 1549 
TETRA 1328 1526 1523 1525 
TETRA 85 116 86 93 
TETRA 1960 1966 1961 1967 
TETRA 373 379 369 2272 
TETRA 1293 1300 1296 1301 
TETRA 2047 1598 2034 2036 
TETRA 650 657 658 656 
TETRA 827 1869 724 1890 
TETRA 900 762 901 902 
TETRA 1720 1717 278 1719 
TETRA 1029 622 982 623 
TETRA 1671 1650 1649 1672 
TETRA 2005 2007 2008 2006 
TETRA 876 877 866 919 
TETRA 1434 1436 1104 573 
TETRA 1602 1575 207 209 
TETRA 521 514 517 520 
TETRA 66 362 360 359 
TETRA 1130 1128 1162 1170 
TETRA 709 708 714 925 
TETRA 1530 1854 1539 1531 
TETRA 1029 1028 1257 1258 
TETRA 373 2271 2275 2272 
TETRA 2214 2038 1819 1582 
TETRA 1293 1296 1295 1301 
TETRA 878 2294 887 884 
TETRA 599 630 634 629 
TETRA 823 1869 827 1890 
TETRA 1328 1520 1519 1526 
TETRA 985 1033 1030 1230 
TETRA 660 658 659 662 
TETRA 275 1719 1723 245 
TETRA 397 422 421 406 
TETRA 666 670 673 674 
TETRA 203 197 199 202 
TETRA 1187 1205 1165 318 
TETRA 1156 1176 1130 1161 
TETRA 2188 803 802 1977 
TETRA 1765 1606 295 1192 
TETRA 1286 1287 1289 2158 
TETRA 1027 1240 1025 527 
TETRA 778 781 891 780 
TETRA 1937 1938 1923 1979 
TETRA 9 18 21 19 
TETRA 1577 1588 1601 1573 
TETRA 1296 1301 1300 2008 
TETRA 1744 2251 1778 2250 
TETRA 724 1270 1307 1503 
TETRA 517 991 516 522 
TETRA 638 664 663 665 
TETRA 99 95 94 274 
TETRA 155 1138 1137 156 
TETRA 2019 1811 565 1424 
TETRA 1717 1710 1716 1718 
TETRA 323 1749 1608 1610 
TETRA 1814 459 1806 1595 
TETRA 455 457 458 459 
TETRA 487 563 1809 548 
TETRA 526 524 1323 1024 
TETRA 496 500 493 499 
TETRA 428 394 398 399 
TETRA 1286 1288 1280 1289 
TETRA 660 1452 656 959 
TETRA 843 1404 1403 1402 
TETRA 35 43 32 36 
TETRA 1925 1923 1931 1938 
TETRA 1928 1931 1980 1926 
TETRA 1980 1991 1990 1992 
TETRA 803 1921 1915 808 
TETRA 223 229 221 222 
TETRA 1922 2163 798 1296 
TETRA 1340 508 516 1401 
TETRA 827 724 726 1890 
TETRA 709 779 712 710 
TETRA 747 761 764 760 
TETRA 1166 318 1165 1755 
TETRA 564 1812 2018 1808 
TETRA 1832 1718 1717 339 
TETRA 556 1498 1494 1493 
TETRA 1385 1494 1402 1414 
TETRA 402 403 397 400 
TETRA 949 962 954 961 
TETRA 1529 1735 1737 1736 
TETRA 537 533 532 547 
TETRA 1018 997 1019 993 
TETRA 1642 2116 1659 1658 
TETRA 2227 2127 1095 2126 
TETRA 1123 1127 1126 1128 
TETRA 1159 1185 1166 1165 
TETRA 732 744 746 765 
TETRA 1895 2167 2196 2198 
TETRA 1157 1210 223 221 
TETRA 373 2284 2280 2279 
TETRA 726 1890 724 1284 
TETRA 1459 2149 812 791 
TETRA 478 485 1051 1215 
TETRA 1152 171 1211 1151 
TETRA 464 1792 465 547 
TETRA 967 972 974 973 
TETRA 1130 1182 1181 1180 
TETRA 989 945 951 950 
TETRA 66 354 65 64 
TETRA 1098 1087 1094 1097 
TETRA 2148 2147 2145 2143 
TETRA 81 80 101 102 
TETRA 819 821 1462 731 
TETRA 891 925 781 892 
TETRA 591 592 589 600 
TETRA 1089 1090 1103 1102 
TETRA 99 44 98 279 
TETRA 1895 2167 2198 1893 
TETRA 2178 1986 1932 1985 
TETRA 1186 221 223 229 
TETRA 571 1424 1887 2199 
TETRA 726 1284 724 725 
TETRA 828 819 820 821 
TETRA 1791 305 1513 1868 
TETRA 1646 1640 1639 1701 
TETRA 1757 1759 1167 1182 
TETRA 666 1446 687 1450 
TETRA 1681 1684 1683 1645 
TETRA 2089 1658 1657 2086 
TETRA 121 142 143 148 
TETRA 154 1139 127 140 
TETRA 304 1731 1764 305 
TETRA 1818 172 141 1817 
TETRA 869 868 1477 1478 
TETRA 1186 1157 223 221 
TETRA 2155 1287 1288 1279 
TETRA 878 2294 883 882 
TETRA 724 1307 1270 1272 
TETRA 1681 1686 1645 1687 
TETRA 1504 1311 1270 1503 
TETRA 1025 1238 1254 1240 
TETRA 685 674 688 929 
TETRA 438 138 437 442 
TETRA 425 439 423 424 
TETRA 846 845 847 852 
TETRA 1569 1571 198 189 
TETRA 1001 1094 1006 1019 
TETRA 1790 1789 1796 416 
TETRA 1966 1965 1964 2183 
TETRA 1283 1306 1291 1292 
TETRA 1038 1052 1216 481 
TETRA 699 696 717 704 
TETRA 1157 1210 221 1163 
TETRA 729 788 1890 1284 
TETRA 2165 2141 799 2164 
TETRA 1328 1518 546 1330 
TETRA 1427 1887 1424 2020 
TETRA 793 1278 2145 1285 
TETRA 1734 1521 1740 1743 
TETRA 1159 1161 1130 1167 
TETRA 1003 1047 1089 1046 
TETRA 993 994 990 995 
TETRA 1621 335 1626 1618 
TETRA 381 371 386 380 
TETRA 1303 1270 1307 1272 
TETRA 689 698 692 707 
TETRA 1554 1546 1557 1556 
TETRA 688 674 927 928 
TETRA 1527 2260 2261 1525 
TETRA 2005 2006 2002 2007 
TETRA 1815 2199 1803 1113 
TETRA 1966 2182 2181 1967 
TETRA 546 1518 541 1330 
TETRA 2162 1978 803 798 
TETRA 2119 1625 2049 1652 
TETRA 212 1163 214 215 
TETRA 1694 1691 1643 1698 
TETRA 1328 1527 1515 1521 
TETRA 390 392 131 130 
TETRA 1009 1007 1005 1011 
TETRA 1406 724 1271 723 
TETRA 1 4 3 7 
TETRA 916 1445 1444 915 
TETRA 843 1415 856 1402 
TETRA 1924 1962 1923 1920 
TETRA 1589 1592 1593 1590 
TETRA 1090 1108 1085 1084 
TETRA 2038 1660 2037 2217 
TETRA 2163 2170 2164 2161 
TETRA 793 794 789 1285 
TETRA 1323 1558 1551 1515 
TETRA 1130 1179 1177 1178 
TETRA 1038 1059 1058 1060 
TETRA 552 488 482 480 
TETRA 847 851 852 854 
TETRA 1602 1574 207 1575 
TETRA 517 1359 986 1370 
TETRA 1054 1226 1227 1053 
TETRA 534 505 540 538 
TETRA 829 1407 1871 1870 
TETRA 1729 1513 1728 1528 
TETRA 2042 2040 2043 1604 
TETRA 503 496 501 508 
TETRA 286 282 313 237 
TETRA 1578 1581 1565 1583 
TETRA 846 851 847 850 
TETRA 1211 1574 1571 1586 
TETRA 1745 2241 2238 2239 
TETRA 1127 1149 1144 1145 
TETRA 1439 1028 576 1050 
TETRA 2036 2040 1599 2034 
TETRA 789 1285 797 798 
TETRA 1646 1690 1707 1699 
TETRA 1475 1477 910 1476 
TETRA 578 608 1430 1431 
TETRA 1099 1558 1026 1325 
TETRA 534 535 546 541 
TETRA 1536 1540 1533 1539 
TETRA 491 492 474 481 
TETRA 489 486 561 485 
TETRA 1191 232 1190 238 
TETRA 395 375 442 419 
TETRA 224 210 1715 307 
TETRA 1604 2023 2031 2033 
TETRA 787 789 794 790 
TETRA 1810 1511 1507 1868 
TETRA 1734 2242 1745 2240 
TETRA 1807 459 458 1595 
TETRA 1832 2048 2039 2050 
TETRA 789 794 797 1285 
TETRA 1516 1513 547 1791 
TETRA 1129 1178 433 432 
TETRA 890 779 695 912 
TETRA 766 734 765 755 
TETRA 1098 1094 1026 1096 
TETRA 1394 1399 1356 1357 
TETRA 106 100 105 139 
TETRA 236 242 233 235 
TETRA 5 2 21 24 
TETRA 787 793 789 788 
TETRA 923 924 2295 932 
TETRA 1063 1061 1059 1039 
TETRA 336 340 337 1627 
TETRA 1110 1109 1112 2204 
TETRA 2120 1652 1669 2051 
TETRA 1289 798 797 1285 
TETRA 219 1766 1171 307 
TETRA 1645 1686 1649 1687 
TETRA 1130 1178 1177 1131 
TETRA 1314 1315 1308 2138 
TETRA 866 865 918 862 
TETRA 554 555 488 553 
TETRA 403 404 409 402 
TETRA 901 762 774 769 
TETRA 208 214 1586 1603 
TETRA 705 701 930 702 
TETRA 818 835 860 871 
TETRA 381 385 386 384 
TETRA 988 990 1017 995 
TETRA 2042 2043 2040 1718 
TETRA 1317 1309 1319 1320 
TETRA 1191 313 291 294 
TETRA 1623 2051 1651 1652 
TETRA 1589 218 1212 1174 
TETRA 1108 1817 2135 2215 
TETRA 2151 2153 2150 1485 
TETRA 2162 803 797 798 
TETRA 1812 2017 1893 1811 
TETRA 1681 1645 1680 1687 
TETRA 1164 1172 1171 1170 
TETRA 397 394 395 396 
TETRA 340 141 2062 1819 
TETRA 1317 1022 1020 1021 
TETRA 996 994 995 983 
TETRA 1875 1427 1874 1479 
TETRA 300 1611 303 1542 
TETRA 525 1241 526 527 
TETRA 1385 1356 1402 1351 
TETRA 685 688 686 690 
TETRA 676 667 683 666 
TETRA 316 317 238 319 
TETRA 1536 303 1533 1541 
TETRA 749 762 748 761 
TETRA 23 36 32 43 
TETRA 1813 1595 2018 2021 
TETRA 1025 1046 1026 1024 
TETRA 1267 723 722 1271 
TETRA 1289 797 798 2162 
TETRA 2165 1895 1873 2141 
TETRA 1164 1169 1168 1171 
TETRA 397 394 398 395 
TETRA 402 401 408 400 
TETRA 1757 1610 1170 1608 
TETRA 391 383 1563 375 
TETRA 42 345 41 97 
TETRA 325 303 296 297 
TETRA 241 235 233 242 
TETRA 1425 1886 1427 1479 
TETRA 1722 1719 1723 1724 
TETRA 1601 1588 1604 2023 
TETRA 166 1571 1569 167 
TETRA 250 260 254 253 
TETRA 1530 1549 1547 1548 
TETRA 1145 1589 1212 1174 
TETRA 248 191 196 1567 
TETRA 297 43 329 2263 
TETRA 5 10 21 2 
TETRA 803 798 1978 1921 
TETRA 101 2131 108 2134 
TETRA 218 217 1594 2022 
TETRA 2089 2094 2095 2090 
TETRA 462 464 466 467 
TETRA 1646 1690 1688 1689 
TETRA 1027 529 1233 528 
TETRA 331 332 333 312 
TETRA 521 526 530 507 
TETRA 1645 1650 1642 1651 
TETRA 1402 1494 1497 1499 
TETRA 1717 1710 1711 1712 
TETRA 166 1569 188 167 
TETRA 78 351 68 72 
TETRA 876 1476 913 914 
TETRA 157 158 162 156 
TETRA 1017 984 965 983 
TETRA 2184 2182 1983 2183 
TETRA 748 770 741 761 
TETRA 37 47 51 34 
TETRA 1589 1590 1150 1212 
TETRA 1045 2283 1046 2285 
TETRA 1974 2175 1976 1975 
TETRA 1329 547 1516 1513 
TETRA 2142 730 785 729 
TETRA 438 137 132 1142 
TETRA 394 391 388 393 
TETRA 866 919 877 1879 
TETRA 1165 1206 1755 1205 
TETRA 1554 1555 1553 1546 
TETRA 213 208 211 216 
TETRA 1344 1343 1346 1347 
TETRA 570 1434 573 572 
TETRA 1385 1492 1494 1414 
TETRA 1352 1384 556 555 
TETRA 192 1200 1830 194 
TETRA 157 159 154 170 
TETRA 1605 229 1169 1168 
TETRA 705 703 929 928 
TETRA 1815 569 1803 2199 
TETRA 732 733 731 730 
TETRA 2212 2135 2213 2214 
TETRA 1589 1590 1593 1591 
TETRA 2214 2217 2037 2220 
TETRA 383 385 384 389 
TETRA 1595 1596 2016 2017 
TETRA 2027 1637 1710 1709 
TETRA 1974 803 1978 1921 
TETRA 1286 1287 1281 1288 
TETRA 388 393 391 392 
TETRA 1656 1655 1663 1667 
TETRA 1818 1579 1580 1583 
TETRA 235 1186 228 1188 
TETRA 397 399 394 422 
TETRA 1329 1512 1514 1322 
TETRA 147 180 148 185 
TETRA 282 272 284 279 
TETRA 2089 1657 1658 1662 
TETRA 1344 1347 1346 1377 
TETRA 398 442 435 419 
TETRA 1974 2175 803 1976 
TETRA 1792 1791 547 1511 
TETRA 1156 1152 1153 171 
TETRA 388 390 391 383 
TETRA 471 472 473 460 
TETRA 1891 1866 2015 1867 
TETRA 2152 1880 914 1476 
TETRA 1328 1522 1523 1326 
TETRA 1340 1343 517 1373 
TETRA 676 669 667 666 
TETRA 490 1792 1807 460 
TETRA 944 946 652 943 
TETRA 606 864 568 1428 
TETRA 1125 1126 1144 1135 
TETRA 246 308 244 234 
TETRA 192 1198 1828 1201 
TETRA 91 74 70 47 
TETRA 394 395 391 442 
TETRA 2077 2233 2071 2076 
TETRA 420 2267 405 444 
TETRA 1635 1633 309 1638 
TETRA 1675 1650 1672 1678 
TETRA 1156 169 1152 171 
TETRA 247 245 248 243 
TETRA 594 600 601 593 
TETRA 427 435 436 434 
TETRA 1303 1307 1294 1283 
TETRA 967 941 966 968 
TETRA 552 482 484 483 
TETRA 1164 1165 1166 1168 
TETRA 388 443 421 393 
TETRA 235 228 225 226 
TETRA 584 560 611 567 
TETRA 1260 952 1263 991 
TETRA 749 757 760 751 
TETRA 748 762 767 768 
TETRA 1071 1072 1074 1068 
TETRA 362 1099 2289 1561 
TETRA 1978 2174 1979 2173 
TETRA 52 34 356 55 
TETRA 219 307 1171 210 
TETRA 2044 2045 2027 2028 
TETRA 1671 1642 1649 1650 
TETRA 394 388 391 395 
TETRA 769 1459 782 912 
TETRA 19 1617 31 1556 
TETRA 588 620 622 979 
TETRA 1146 1149 1145 1144 
TETRA 1475 1478 1477 1476 
TETRA 371 373 372 374 
TETRA 847 851 854 855 
TETRA 647 646 941 648 
TETRA 841 827 829 842 
TETRA 250 256 257 240 
TETRA 1123 433 1130 434 
TETRA 338 341 270 337 
TETRA 1434 1433 1883 1437 
TETRA 388 1564 389 384 
TETRA 2163 2161 2141 2140 
TETRA 1310 530 1318 1312 
TETRA 1974 1975 1978 2175 
TETRA 1671 1673 1670 1650 
TETRA 340 1819 2062 2050 
TETRA 1448 664 1447 1015 
TETRA 1146 1150 1149 1585 
TETRA 1529 1734 1739 1738 
TETRA 820 835 818 834 
TETRA 112 105 111 106 
TETRA 1515 1858 1859 1558 
TETRA 292 288 328 289 
TETRA 1119 1120 449 1111 
TETRA 1283 1306 1273 1291 
TETRA 165 178 173 177 
TETRA 1063 1066 1064 1065 
TETRA 2200 1813 2019 2201 
TETRA 1298 1865 1301 1866 
TETRA 91 74 47 92 
TETRA 2188 804 1915 1913 
TETRA 2152 2153 1880 1476 
TETRA 1669 1674 2123 2122 
TETRA 1135 1145 1146 1151 
TETRA 397 419 420 395 
TETRA 2036 2038 2046 2037 
TETRA 111 128 105 113 
TETRA 574 578 570 577 
TETRA 1818 172 188 187 
TETRA 244 294 313 234 
TETRA 1265 1272 1270 1273 
TETRA 534 536 526 535 
TETRA 1123 448 1122 432 
TETRA 1960 1959 1950 1963 
TETRA 340 2062 2053 2050 
TETRA 214 215 1163 218 
TETRA 1192 234 313 294 
TETRA 1730 1513 305 1509 
TETRA 1978 1975 2174 2175 
TETRA 2060 46 1833 2061 
TETRA 784 1461 783 792 
TETRA 1671 1670 1674 1668 
TETRA 1135 171 1152 1151 
TETRA 388 390 383 389 
TETRA 556 1385 1494 1402 
TETRA 900 902 905 904 
TETRA 1553 1534 1554 1546 
TETRA 1646 1706 1705 1704 
TETRA 1757 1170 1167 1168 
TETRA 1612 1628 1630 1617 
TETRA 1210 189 1571 167 
TETRA 866 1877 918 1421 
TETRA 2148 791 809 2149 
TETRA 1978 1975 1979 2174 
TETRA 46 1562 45 11 
TETRA 340 2062 141 46 
TETRA 1164 1162 1155 1154 
TETRA 503 505 501 504 
TETRA 1130 1180 1177 1179 
TETRA 1609 1735 1848 1737 
TETRA 91 48 96 97 
TETRA 446 400 398 403 
TETRA 1589 1593 1174 1127 
TETRA 1029 1257 623 1258 
TETRA 1475 869 1477 1478 
TETRA 700 697 705 701 
TETRA 261 270 251 269 
TETRA 2029 2030 2032 2033 
TETRA 154 126 127 138 
TETRA 415 1119 1117 418 
TETRA 1266 1259 961 1265 
TETRA 660 1452 661 656 
TETRA 747 741 764 761 
TETRA 456 1115 457 459 
TETRA 1937 1935 1936 1950 
TETRA 2214 2217 2212 2215 
TETRA 1979 1956 2172 1953 
TETRA 1938 2172 1956 2007 
TETRA 206 209 207 1575 
TETRA 1892 2015 1891 1889 
TETRA 832 836 835 1901 
TETRA 2069 1657 2065 2066 
TETRA 388 389 383 384 
TETRA 113 120 123 127 
TETRA 1120 1085 1214 1109 
TETRA 338 187 340 339 
TETRA 1875 1480 1477 1479 
TETRA 52 55 12 11 
TETRA 1517 1516 1744 1521 
TETRA 1241 1024 525 526 
TETRA 938 623 624 663 
TETRA 666 672 670 671 
TETRA 74 70 84 90 
TETRA 1642 1656 1657 1653 
TETRA 1099 2289 2288 2271 
TETRA 1810 1868 1507 1894 
TETRA 1439 1050 576 573 
TETRA 1961 1950 1935 1929 
TETRA 1459 2150 791 2143 
TETRA 1978 1979 2172 2173 
TETRA 792 793 2145 794 
TETRA 1793 1769 1733 1791 
TETRA 832 1902 1901 834 
TETRA 1972 2189 2190 1973 
TETRA 381 384 383 385 
TETRA 132 137 126 136 
TETRA 181 177 165 176 
TETRA 1045 1074 1071 1075 
TETRA 1344 1388 1345 1348 
TETRA 2043 205 2042 1604 
TETRA 846 852 851 849 
TETRA 304 302 1731 305 
TETRA 1173 1170 1128 1172 
TETRA 503 506 511 513 
TETRA 569 1424 571 2199 
TETRA 1891 1304 1298 1866 
TETRA 823 1416 826 1415 
TETRA 1979 2172 2173 1953 
TETRA 1289 2176 2162 2157 
TETRA 1642 1651 1623 1641 
TETRA 438 132 137 138 
TETRA 425 440 430 429 
TETRA 985 973 1229 1230 
TETRA 1224 1226 1053 1227 
TETRA 300 1542 303 302 
TETRA 199 189 192 198 
TETRA 846 836 850 847 
TETRA 1646 1684 1644 1705 
TETRA 1394 1396 1395 1392 
TETRA 689 693 692 695 
TETRA 588 621 620 619 
TETRA 1126 1145 1153 1154 
TETRA 650 654 657 655 
TETRA 1105 1104 1106 1114 
TETRA 1589 1594 218 1174 
TETRA 457 1113 1118 459 
TETRA 501 500 502 538 
TETRA 181 180 122 178 
TETRA 823 825 826 1416 
TETRA 1978 2176 2173 2157 
TETRA 2162 2175 1978 2176 
TETRA 1642 1623 1652 1637 
TETRA 1135 1153 1152 171 
TETRA 2069 2072 2073 2065 
TETRA 1083 1088 1089 1046 
TETRA 1359 516 531 1400 
TETRA 1694 1693 1643 1691 
TETRA 1450 960 1267 1271 
TETRA 1211 1571 1574 1573 
TETRA 662 659 664 954 
TETRA 1381 554 1379 1383 
TETRA 468 494 493 469 
TETRA 121 147 122 148 
TETRA 1148 1111 1816 1118 
TETRA 1169 220 219 1171 
TETRA 705 688 690 696 
TETRA 827 1415 1406 1869 
TETRA 1440 1015 1258 1449 
TETRA 1922 1921 1923 1978 
TETRA 1289 2156 1288 2176 
TETRA 1507 1868 1867 1894 
TETRA 1508 1861 1314 1865 
TETRA 2026 2024 2030 2066 
TETRA 362 367 368 365 
TETRA 2087 2076 2071 2088 
TETRA 2151 2149 2150 2153 
TETRA 797 2146 2147 2175 
TETRA 1517 1520 1521 1743 
TETRA 37 53 52 49 
TETRA 907 814 765 815 
TETRA 1378 1376 1346 1375 
TETRA 827 717 1406 1489 
TETRA 681 678 680 682 
TETRA 140 187 172 141 
TETRA 514 520 529 519 
TETRA 1017 994 984 983 
TETRA 2203 1437 1104 2136 
TETRA 1527 2260 1856 1742 
TETRA 1296 1300 2011 2008 
TETRA 261 143 268 348 
TETRA 1262 1264 1265 1270 
TETRA 1938 2007 1978 2172 
TETRA 1289 1288 2175 2176 
TETRA 1642 1645 1651 1641 
TETRA 66 364 356 363 
TETRA 841 1412 1403 1405 
TETRA 18 1542 1535 15 
TETRA 1152 1154 1145 1163 
TETRA 1 5 10 9 
TETRA 552 481 482 483 
TETRA 876 881 880 913 
TETRA 989 951 945 971 
TETRA 508 550 549 1339 
TETRA 1277 1272 1284 725 
TETRA 1925 1994 1939 1993 
TETRA 705 717 704 927 
TETRA 192 182 1199 1831 
TETRA 2203 1114 1106 1104 
TETRA 1293 1297 1296 1299 
TETRA 371 380 379 378 
TETRA 1080 1084 419 418 
TETRA 2089 2095 2097 2098 
TETRA 1792 472 468 460 
TETRA 30 31 1615 1620 
TETRA 1144 1134 1148 1124 
TETRA 37 3 4 54 
TETRA 93 343 94 89 
TETRA 1257 1439 1028 576 
TETRA 1475 876 913 881 
TETRA 1494 1493 1492 1385 
TETRA 1189 232 238 1190 
TETRA 293 290 297 298 
TETRA 879 878 876 877 
TETRA 1317 1319 1318 1320 
TETRA 51 52 59 49 
TETRA 1018 1008 1020 1021 
TETRA 1609 1746 1853 1747 
TETRA 1511 1808 1791 2016 
TETRA 371 377 386 378 
TETRA 1314 2138 1862 1315 
TETRA 1938 1978 1979 2172 
TETRA 2145 797 794 1285 
TETRA 214 215 218 217 
TETRA 1144 1127 1124 1148 
TETRA 66 365 358 363 
TETRA 409 408 417 416 
TETRA 91 70 96 48 
TETRA 1350 1342 1355 1357 
TETRA 707 886 691 887 
TETRA 1159 1130 1162 1167 
TETRA 128 129 132 134 
TETRA 66 64 62 359 
TETRA 1130 1167 1745 1170 
TETRA 891 698 890 709 
TETRA 261 274 272 273 
TETRA 325 1852 326 322 
TETRA 886 887 2295 924 
TETRA 1171 307 1769 210 
TETRA 143 349 268 348 
TETRA 599 629 677 937 
TETRA 2120 2122 2121 1669 
TETRA 1289 1288 2146 2175 
TETRA 2015 2161 1895 1894 
TETRA 1812 1810 1811 1893 
TETRA 1634 311 1618 309 
TETRA 1146 1151 1145 1150 
TETRA 729 793 788 1284 
TETRA 654 948 953 957 
TETRA 1614 1612 1616 1617 
TETRA 1313 1770 1321 1315 
TETRA 644 631 939 645 
TETRA 866 1879 874 870 
TETRA 873 824 872 1471 
TETRA 516 530 522 531 
TETRA 66 360 361 359 
TETRA 1717 278 1712 335 
TETRA 1156 1130 1159 1161 
TETRA 325 1748 1852 322 
TETRA 1669 2051 1652 1651 
TETRA 1129 1790 1122 1597 
TETRA 250 264 267 266 
TETRA 638 630 665 663 
TETRA 2150 1906 1485 2153 
TETRA 1923 1979 1938 1978 
TETRA 2145 801 794 797 
TETRA 1557 1320 1319 2137 
TETRA 1698 1691 1643 1699 
TETRA 1144 1148 1149 1127 
TETRA 1023 1026 993 1022 
TETRA 113 105 120 127 
TETRA 1621 1624 1620 1619 
TETRA 1553 1551 1534 1528 
TETRA 1530 1547 1535 1537 
TETRA 1554 1319 1555 1556 
TETRA 1569 1568 193 1575 
TETRA 1187 1205 1204 1203 
TETRA 428 394 427 442 
TETRA 325 323 296 1609 
TETRA 23 36 3 32 
TETRA 106 139 105 127 
TETRA 371 378 386 380 
TETRA 1512 1321 1322 1312 
TETRA 1891 1294 1307 1889 
TETRA 237 1193 314 253 
TETRA 77 76 83 72 
TETRA 1289 2146 797 2175 
TETRA 1888 1894 1895 1893 
TETRA 219 210 1171 218 
TETRA 537 1511 1792 547 
TETRA 1922 808 2163 2170 
TETRA 2230 2224 2225 2226 
TETRA 325 1851 1848 1850 
TETRA 590 593 594 597 
TETRA 1507 1867 1509 1866 
TETRA 1726 202 206 205 
TETRA 525 527 1025 1241 
TETRA 1328 1331 1327 1526 
TETRA 700 704 705 696 
TETRA 1656 1658 1657 1662 
TETRA 1115 1113 1803 1114 
TETRA 525 1025 1023 1024 
TETRA 716 719 720 721 
TETRA 820 817 823 821 
TETRA 437 1141 429 1140 
TETRA 325 322 323 1748 
TETRA 606 1422 1421 1877 
TETRA 1016 1015 1014 998 
TETRA 658 656 657 959 
TETRA 2227 2127 2229 2226 
TETRA 1289 797 2162 2175 
TETRA 121 119 142 140 
TETRA 1614 30 1615 24 
TETRA 426 138 438 442 
TETRA 66 365 362 359 
TETRA 426 391 132 138 
TETRA 1135 1133 1153 1136 
TETRA 1355 1356 1357 1362 
TETRA 723 717 722 688 
TETRA 1217 1049 1064 1215 
TETRA 1636 1637 1643 1638 
TETRA 490 1808 1807 1792 
TETRA 1277 1284 1278 725 
TETRA 1604 217 1714 216 
TETRA 579 917 916 1444 
TETRA 1745 1760 1182 2238 
TETRA 817 733 818 816 
TETRA 1149 1150 1145 1589 
TETRA 138 442 1563 1085 
TETRA 1807 458 1792 1791 
TETRA 1860 1509 1730 1861 
TETRA 1216 1051 1062 1217 
TETRA 1012 1264 2228 1274 
TETRA 1938 1979 1956 2172 
TETRA 1961 1986 1942 1967 
TETRA 2005 2013 2011 2012 
TETRA 1152 1153 1135 1145 
TETRA 66 357 364 363 
TETRA 468 1792 464 467 
TETRA 85 74 76 84 
TETRA 900 767 762 902 
TETRA 2165 1873 790 2141 
TETRA 409 403 415 414 
TETRA 864 1417 856 566 
TETRA 584 610 611 560 
TETRA 743 787 784 783 
TETRA 1875 1480 1479 1874 
TETRA 1720 339 1717 1727 
TETRA 1053 1223 1225 1224 
TETRA 2135 2212 2136 2215 
TETRA 1806 1808 564 2018 
TETRA 1464 830 828 831 
TETRA 1298 1866 1304 1865 
TETRA 2227 2226 1008 2228 
TETRA 793 1285 1284 1278 
TETRA 799 2163 2164 2141 
TETRA 1156 1158 1157 169 
TETRA 66 358 357 363 
TETRA 247 243 248 226 
TETRA 901 902 769 906 
TETRA 590 589 582 591 
TETRA 1457 722 1451 1482 
TETRA 1642 1652 1669 1668 
TETRA 1103 1050 1091 1104 
TETRA 81 104 101 83 
TETRA 1001 993 1026 1019 
TETRA 503 512 514 513 
TETRA 148 187 181 165 
TETRA 112 106 111 104 
TETRA 373 1046 1099 1088 
TETRA 250 265 248 240 
TETRA 963 1013 1015 664 
TETRA 230 1187 228 229 
TETRA 2227 2128 2226 2228 
TETRA 793 1285 789 788 
TETRA 2142 727 729 726 
TETRA 1614 21 30 24 
TETRA 137 1137 1138 1140 
TETRA 66 356 364 55 
TETRA 769 1459 1460 783 
TETRA 345 40 42 41 
TETRA 736 737 1467 739 
TETRA 1862 1628 1770 1315 
TETRA 1098 1100 1087 1097 
TETRA 371 373 379 362 
TETRA 236 1195 1187 239 
TETRA 153 163 156 162 
TETRA 275 277 271 252 
TETRA 30 1834 25 29 
TETRA 161 166 165 167 
TETRA 1891 1307 1304 1503 
TETRA 76 82 88 84 
TETRA 1308 1316 1310 1309 
TETRA 2038 2118 1660 2217 
TETRA 793 1284 1285 788 
TETRA 214 217 218 2022 
TETRA 1614 19 21 1612 
TETRA 65 354 355 64 
TETRA 594 595 602 598 
TETRA 966 984 982 983 
TETRA 1265 1273 1270 1264 
TETRA 1427 1887 1874 1886 
TETRA 676 684 677 668 
TETRA 1268 1270 1265 1272 
TETRA 1927 1966 1929 1962 
TETRA 2044 2040 2034 2025 
TETRA 988 995 1017 965 
TETRA 535 1332 1327 1331 
TETRA 196 1567 185 2236 
TETRA 1100 364 1836 1835 
TETRA 219 210 222 307 
TETRA 373 1099 2276 2275 
TETRA 2071 2076 2233 2088 
TETRA 546 1518 542 541 
TETRA 1969 2185 2186 2184 
TETRA 1804 1113 1815 1803 
TETRA 797 803 2162 2175 
TETRA 2227 2127 2226 2128 
TETRA 270 272 279 273 
TETRA 1904 807 1907 810 
TETRA 514 1335 518 519 
TETRA 181 176 190 177 
TETRA 388 391 390 392 
TETRA 457 455 417 413 
TETRA 1614 1617 1615 31 
TETRA 331 333 24 334 
TETRA 590 582 587 586 
TETRA 128 127 113 126 
TETRA 1089 1090 1047 1103 
TETRA 1922 2006 1938 1993 
TETRA 996 999 994 983 
TETRA 1045 1075 1249 1078 
TETRA 863 1416 824 1888 
TETRA 87 115 116 88 
TETRA 311 301 298 306 
TETRA 1293 1292 1298 1283 
TETRA 67 74 47 70 
TETRA 373 2274 2276 2277 
TETRA 779 782 719 718 
TETRA 1136 1175 1153 171 
TETRA 1425 1884 571 1886 
TETRA 1087 1090 1093 1101 
TETRA 186 1568 188 187 
TETRA 431 399 398 400 
TETRA 2227 1008 1021 2228 
TETRA 2145 793 1285 794 
TETRA 334 1612 298 311 
TETRA 1914 1916 1917 1912 
TETRA 92 119 139 141 
TETRA 1593 1590 1595 1591 
TETRA 303 302 1609 296 
TETRA 2041 2039 1568 1727 
TETRA 291 294 313 290 
TETRA 181 148 186 187 
TETRA 246 308 1723 245 
TETRA 373 2275 2271 1099 
TETRA 660 959 662 1452 
TETRA 1323 1325 1859 1522 
TETRA 87 103 88 82 
TETRA 564 563 565 1811 
TETRA 2227 2225 1008 2226 
TETRA 716 720 726 721 
TETRA 1593 1594 1174 1596 
TETRA 72 86 100 71 
TETRA 463 1793 1790 1789 
TETRA 552 483 484 557 
TETRA 1129 1801 1799 1179 
TETRA 1576 1819 1568 2039 
TETRA 1710 1635 1711 1712 
TETRA 691 680 682 686 
TETRA 277 252 276 244 
TETRA 1100 364 1835 1560 
TETRA 37 34 52 4 
TETRA 2214 1819 2050 2215 
TETRA 1265 1276 1275 1012 
TETRA 282 272 314 285 
TETRA 1883 2207 1433 2208 
TETRA 1791 1868 2016 1769 
TETRA 2060 1833 2057 2061 
TETRA 436 1136 1137 1133 
TETRA 86 92 119 139 
TETRA 1282 1272 1274 1273 
TETRA 1457 693 1481 914 
TETRA 759 903 753 757 
TETRA 1744 1516 465 1733 
TETRA 1166 1185 1768 1755 
TETRA 1259 953 952 1260 
TETRA 1290 1284 788 1285 
TETRA 1636 1635 1637 1638 
TETRA 1212 1590 2023 2035 
TETRA 666 670 672 673 
TETRA 823 824 825 1416 
TETRA 479 481 482 480 
TETRA 55 1838 1547 1836 
TETRA 83 86 105 100 
TETRA 1448 1440 1447 1441 
TETRA 1557 1549 1096 1547 
TETRA 989 522 991 986 
TETRA 121 144 346 347 
TETRA 566 1499 1497 2259 
TETRA 2227 1019 1008 1006 
TETRA 799 2163 1295 798 
TETRA 415 1117 1119 449 
TETRA 86 139 100 71 
TETRA 1120 1085 437 1214 
TETRA 1 8 9 15 
TETRA 816 872 1470 818 
TETRA 744 768 786 745 
TETRA 402 407 408 401 
TETRA 650 654 658 657 
TETRA 381 353 360 2133 
TETRA 685 666 688 674 
TETRA 1818 1583 1580 172 
TETRA 292 323 325 322 
TETRA 373 2276 1046 2277 
TETRA 989 991 522 992 
TETRA 889 892 891 893 
TETRA 777 776 772 775 
TETRA 995 998 1014 1010 
TETRA 2148 1906 2150 2149 
TETRA 2227 1007 1008 2225 
TETRA 1025 1242 1046 1024 
TETRA 116 115 118 88 
TETRA 1812 2017 1808 2016 
TETRA 1117 1110 1115 1116 
TETRA 397 399 400 398 
TETRA 227 232 230 231 
TETRA 1731 1170 1764 1769 
TETRA 425 424 430 440 
TETRA 427 429 436 437 
TETRA 1034 1054 1053 1056 
TETRA 397 406 421 405 
TETRA 1646 1704 1689 1706 
TETRA 142 187 140 141 
TETRA 841 1406 842 1403 
TETRA 1722 246 1725 1724 
TETRA 1261 1269 1266 956 
TETRA 1038 1062 1216 1052 
TETRA 435 442 1120 419 
TETRA 121 149 147 146 
TETRA 292 297 327 326 
TETRA 2227 1006 1008 1007 
TETRA 107 2131 106 133 
TETRA 1888 2020 1811 1893 
TETRA 1290 788 1284 1294 
TETRA 1117 449 457 1118 
TETRA 92 341 119 141 
TETRA 1298 2138 2014 1864 
TETRA 181 122 165 178 
TETRA 766 765 907 814 
TETRA 1553 1554 1534 1551 
TETRA 1535 1534 1533 1545 
TETRA 534 541 540 539 
TETRA 1268 724 1271 1269 
TETRA 1298 1865 1304 1864 
TETRA 1569 1568 188 193 
TETRA 68 72 351 71 
TETRA 1119 449 1120 419 
TETRA 1261 1398 956 2292 
TETRA 161 168 166 167 
TETRA 989 971 991 951 
TETRA 2120 2123 2119 2122 
TETRA 1108 2215 2135 2136 
TETRA 2227 1021 1008 1019 
TETRA 1928 1924 1927 1929 
TETRA 331 23 290 334 
TETRA 1350 1352 1345 1351 
TETRA 92 141 139 45 
TETRA 463 1788 1785 1794 
TETRA 157 171 170 169 
TETRA 1555 1315 1321 1770 
TETRA 1052 1037 1051 1028 
TETRA 1328 1326 1523 1327 
TETRA 676 677 667 668 
TETRA 491 480 549 481 
TETRA 606 1420 919 1421 
TETRA 2026 2066 1714 2024 
TETRA 570 571 1419 1433 
TETRA 589 628 625 630 
TETRA 448 1118 1121 449 
TETRA 22 1614 24 21 
TETRA 989 990 992 522 
TETRA 1595 2017 2211 1592 
TETRA 1482 725 1276 1275 
TETRA 1919 1921 1914 1920 
TETRA 331 334 290 281 
TETRA 1117 1116 1119 1111 
TETRA 92 45 341 141 
TETRA 1340 515 508 1341 
TETRA 1602 1574 1575 1601 
TETRA 1025 1254 1238 1253 
TETRA 1671 1674 1670 1673 
TETRA 524 1024 526 525 
TETRA 1130 1176 1132 1131 
TETRA 227 228 225 229 
TETRA 201 1725 224 202 
TETRA 128 106 105 127 
TETRA 1608 1607 1764 1168 
TETRA 1051 1050 576 1028 
TETRA 972 970 974 987 
TETRA 1261 1269 956 1398 
TETRA 1307 1294 788 1889 
TETRA 719 1461 784 721 
TETRA 1009 1012 1008 1007 
TETRA 1930 1937 1935 1936 
TETRA 334 311 290 281 
TETRA 1003 1046 1089 1092 
TETRA 143 350 349 146 
TETRA 93 89 118 343 
TETRA 5 18 9 8 
TETRA 949 954 654 953 
TETRA 967 972 973 966 
TETRA 383 375 371 374 
TETRA 876 866 875 869 
TETRA 1818 172 187 141 
TETRA 944 943 942 946 
TETRA 865 873 868 1426 
TETRA 1600 2039 2036 1582 
TETRA 879 877 876 919 
TETRA 1342 1359 1357 1400 
TETRA 1211 166 1580 170 
TETRA 1043 1036 1025 999 
TETRA 1106 2204 2135 1109 
TETRA 1045 2285 1046 1247 
TETRA 732 734 733 765 
TETRA 2150 2147 1485 1906 
TETRA 2227 2225 2226 2229 
TETRA 1172 1769 1171 1170 
TETRA 829 1408 1871 1407 
TETRA 93 341 143 119 
TETRA 371 360 362 370 
TETRA 85 118 93 89 
TETRA 1257 623 1447 580 
TETRA 554 558 1383 557 
TETRA 829 1871 828 1870 
TETRA 700 702 699 701 
TETRA 872 873 860 824 
TETRA 1153 1162 1130 1128 
TETRA 2060 2055 2061 2057 
TETRA 1164 1168 1166 1167 
TETRA 238 1194 318 319 
TETRA 154 1139 140 172 
TETRA 1502 1359 1260 531 
TETRA 1715 205 1714 210 
TETRA 1027 1239 1238 1237 
TETRA 51 71 356 34 
TETRA 1891 2015 1298 1294 
TETRA 23 1611 334 22 
TETRA 360 359 368 361 
TETRA 912 1458 1481 1459 
TETRA 1757 1746 1734 1610 
TETRA 985 1230 1229 1033 
TETRA 1614 1616 1615 1617 
TETRA 1282 1291 1273 2158 
TETRA 1477 1480 1476 1479 
TETRA 1635 1634 309 1633 
TETRA 866 870 1878 1879 
TETRA 521 522 516 530 
TETRA 1266 961 1259 953 
TETRA 435 448 1134 433 
TETRA 1083 1079 373 1046 
TETRA 9 15 18 17 
TETRA 1745 2242 2241 2240 
TETRA 954 956 961 960 
TETRA 566 2258 2257 1428 
TETRA 2142 730 821 785 
TETRA 1008 2225 1012 2226 
TETRA 889 884 885 888 
TETRA 989 987 991 971 
TETRA 1323 1859 1515 1522 
TETRA 394 399 423 422 
TETRA 1032 1052 1031 1030 
TETRA 654 947 948 957 
TETRA 574 485 576 567 
TETRA 1966 2182 1965 2183 
TETRA 402 407 401 406 
TETRA 1530 1535 1547 1534 
TETRA 1554 1555 1546 1556 
TETRA 26 27 20 28 
TETRA 832 820 833 834 
TETRA 1303 1306 1270 1273 
TETRA 1152 1145 1211 1163 
TETRA 796 797 801 802 
TETRA 889 894 884 888 
TETRA 989 952 991 992 
TETRA 1873 1888 1889 1895 
TETRA 1569 189 198 193 
TETRA 143 142 119 341 
TETRA 503 505 511 506 
TETRA 1134 1124 449 1111 
TETRA 1517 1519 1771 1774 
TETRA 1038 1059 1060 492 
TETRA 1003 1050 1089 1047 
TETRA 1099 1560 1100 1559 
TETRA 487 548 1809 1511 
TETRA 1286 1277 1282 1283 
TETRA 201 224 222 210 
TETRA 1600 2041 1576 1575 
TETRA 246 1723 308 1724 
TETRA 362 366 2289 367 
TETRA 1165 1158 1185 1209 
TETRA 455 460 456 459 
TETRA 199 200 192 189 
TETRA 1016 1258 964 664 
TETRA 1008 1012 2225 1007 
TETRA 896 884 889 894 
TETRA 1099 2286 2287 1024 
TETRA 804 1913 807 1912 
TETRA 331 32 23 24 
TETRA 1001 1006 997 1019 
TETRA 261 270 269 341 
TETRA 590 578 582 585 
TETRA 396 421 444 405 
TETRA 325 1748 1853 1852 
TETRA 1152 1211 1145 1151 
TETRA 45 1562 46 141 
TETRA 2060 2057 2053 2055 
TETRA 827 1870 828 726 
TETRA 1890 1307 1284 788 
TETRA 225 222 201 224 
TETRA 864 863 1423 566 
TETRA 842 1415 827 826 
TETRA 1700 1697 1643 1698 
TETRA 1637 1638 1709 1643 
TETRA 600 593 591 592 
TETRA 128 106 127 133 
TETRA 2256 608 596 609 
TETRA 749 753 762 757 
TETRA 1710 2027 1718 1637 
TETRA 1276 1012 1013 1011 
TETRA 1669 1651 2121 2051 
TETRA 1257 580 1447 1439 
TETRA 896 889 884 885 
TETRA 1001 1006 1093 1002 
TETRA 143 1567 269 350 
TETRA 840 839 832 837 
TETRA 688 1456 717 927 
TETRA 1053 1222 484 483 
TETRA 1261 1262 1502 1260 
TETRA 414 1080 1045 1079 
TETRA 676 668 667 669 
TETRA 1173 1162 1164 1154 
TETRA 1884 1479 1425 1419 
TETRA 1034 1218 1058 1056 
TETRA 2015 1298 1294 1301 
TETRA 2165 2164 807 2166 
TETRA 1053 1056 1226 1225 
TETRA 161 165 166 160 
TETRA 1960 1962 1966 1964 
TETRA 1569 1575 206 207 
TETRA 922 920 1420 936 
TETRA 1542 8 1844 1544 
TETRA 989 988 945 950 
TETRA 1324 1552 1096 1549 
TETRA 42 344 43 97 
TETRA 900 757 903 904 
TETRA 303 1542 1533 302 
TETRA 1475 875 881 1473 
TETRA 2165 810 790 1874 
TETRA 1478 1880 1881 1476 
TETRA 1268 724 1272 725 
TETRA 2029 2025 2026 2028 
TETRA 792 1278 2145 793 
TETRA 1129 1798 1799 1795 
TETRA 639 643 644 642 
TETRA 1576 1568 1579 1570 
TETRA 1189 230 1190 318 
TETRA 293 291 290 294 
TETRA 1766 1605 1171 1765 
TETRA 1621 312 1615 1620 
TETRA 1009 962 1012 1013 
TETRA 989 986 990 522 
TETRA 2027 2066 1657 1709 
TETRA 1210 212 207 204 
TETRA 42 43 345 97 
TETRA 784 792 793 1461 
TETRA 710 779 719 718 
TETRA 283 272 252 253 
TETRA 976 979 624 622 
TETRA 23 297 1611 36 
TETRA 2108 1649 1658 2109 
TETRA 1266 1267 1268 1265 
TETRA 1130 1179 1129 1800 
TETRA 555 1379 1345 553 
TETRA 690 707 691 706 
TETRA 1053 621 1031 484 
TETRA 1757 1760 1758 1759 
TETRA 590 596 595 578 
TETRA 748 745 770 769 
TETRA 1009 962 1010 1012 
TETRA 78 2132 2131 2134 
TETRA 989 988 990 986 
TETRA 805 2187 2190 2191 
TETRA 2214 1583 1819 1817 
TETRA 42 98 44 344 
TETRA 1068 1074 1045 1073 
TETRA 1448 1446 1447 664 
TETRA 277 252 283 272 
TETRA 1615 1617 1616 1618 
TETRA 813 1469 816 1470 
TETRA 843 1404 1402 1414 
TETRA 700 699 704 696 
TETRA 1103 1090 1108 1102 
TETRA 2062 46 1086 141 
TETRA 468 477 470 461 
TETRA 247 246 243 226 
TETRA 128 126 113 134 
TETRA 1030 1041 1042 1033 
TETRA 517 1342 1359 1358 
TETRA 1960 1962 1950 1929 
TETRA 962 1276 1012 1013 
TETRA 1517 1775 1774 1776 
TETRA 1530 1533 1535 1534 
TETRA 354 361 360 2133 
TETRA 455 456 457 459 
TETRA 1614 1617 19 1612 
TETRA 323 1610 1748 1749 
TETRA 2019 565 564 561 
TETRA 1605 1171 1607 1168 
TETRA 388 389 1564 392 
TETRA 410 404 402 409 
TETRA 1083 1090 1089 1088 
TETRA 961 1276 1267 1265 
TETRA 1017 972 965 984 
TETRA 1123 434 1125 433 
TETRA 60 61 65 66 
TETRA 733 821 731 730 
TETRA 1004 1449 1091 1438 
TETRA 2135 1583 1109 1584 
TETRA 1914 1915 804 1913 
TETRA 2165 1874 790 1873 
TETRA 1515 1524 1522 1857 
TETRA 1564 445 388 443 
TETRA 954 953 961 956 
TETRA 594 599 602 601 
TETRA 2048 2050 2049 2117 
TETRA 1810 1894 2016 1868 
TETRA 1052 1051 1031 1028 
TETRA 2042 1716 2043 1718 
TETRA 192 191 197 193 
TETRA 1145 1150 1587 1212 
TETRA 391 1563 138 442 
TETRA 1100 1559 1835 1552 
TETRA 574 579 580 575 
TETRA 66 65 60 64 
TETRA 1881 2208 1480 1882 
TETRA 569 2202 572 1436 
TETRA 989 987 988 986 
TETRA 1166 1750 1752 1756 
TETRA 465 1733 1516 1791 
TETRA 1555 1315 1319 1321 
TETRA 1027 1236 1231 1230 
TETRA 42 44 43 344 
TETRA 2069 2071 1695 2072 
TETRA 1600 2040 2041 1575 
TETRA 1700 1698 1643 1699 
TETRA 66 356 360 362 
TETRA 193 339 191 1727 
TETRA 688 694 696 717 
TETRA 1038 1035 1057 1039 
TETRA 2111 2113 1649 2112 
TETRA 208 204 211 210 
TETRA 1282 1272 1275 1274 
TETRA 569 2199 571 2202 
TETRA 1536 1533 1530 1539 
TETRA 19 31 29 2137 
TETRA 1922 2007 1938 2006 
TETRA 1129 1597 1122 1128 
TETRA 303 1848 1533 1541 
TETRA 535 1331 1330 1333 
TETRA 1807 455 458 459 
TETRA 1068 1063 1066 1067 
TETRA 338 270 269 278 
TETRA 532 1510 1512 1312 
TETRA 1961 1933 1935 1942 
TETRA 1722 1721 1719 1726 
TETRA 1578 1573 1565 1581 
TETRA 660 658 662 959 
TETRA 745 783 769 1460 
TETRA 1950 1952 1951 1958 
TETRA 161 167 175 168 
TETRA 1803 2202 1113 2199 
TETRA 572 1433 1437 2207 
TETRA 807 1907 810 1911 
TETRA 2030 2065 2067 2033 
TETRA 976 623 938 982 
TETRA 1807 1792 455 460 
TETRA 1068 1072 1073 1069 
TETRA 989 986 991 987 
TETRA 1083 372 1087 1088 
TETRA 556 1386 1383 558 
TETRA 688 687 722 723 
TETRA 676 677 678 667 
TETRA 2044 2025 2034 2028 
TETRA 1206 1186 1187 1165 
TETRA 891 925 698 709 
TETRA 676 678 683 667 
TETRA 1036 1027 999 1030 
TETRA 569 571 572 2202 
TETRA 16 1840 1557 2137 
TETRA 1536 1535 1530 1533 
TETRA 310 309 308 1715 
TETRA 599 629 634 677 
TETRA 42 44 35 43 
TETRA 901 762 769 902 
TETRA 1589 1594 1593 1592 
TETRA 1934 1942 1933 1941 
TETRA 1065 1073 1045 1044 
TETRA 666 671 662 1454 
TETRA 990 994 993 523 
TETRA 534 540 542 543 
TETRA 426 438 427 442 
TETRA 646 938 644 642 
TETRA 250 259 254 260 
TETRA 91 96 70 90 
TETRA 996 1000 1003 1002 
TETRA 569 2202 1803 2199 
TETRA 1426 1479 1419 1425 
TETRA 942 969 943 648 
TETRA 574 575 1257 576 
TETRA 1790 1597 1793 1791 
TETRA 219 1171 220 218 
TETRA 1068 1067 1071 1072 
TETRA 1117 1119 1116 418 
TETRA 1476 1480 1881 1479 
TETRA 1731 305 1729 1733 
TETRA 1924 1962 1927 1929 
TETRA 789 2141 799 790 
TETRA 2227 2228 1021 2128 
TETRA 832 820 826 829 
TETRA 282 277 283 272 
TETRA 1448 1015 1440 1449 
TETRA 709 712 711 710 
TETRA 1895 2167 1893 2161 
TETRA 810 1480 811 1874 
TETRA 1547 1557 1549 1534 
TETRA 155 152 126 136 
TETRA 818 816 733 815 
TETRA 590 587 582 589 
TETRA 23 36 1611 6 
TETRA 1083 1046 373 1088 
TETRA 517 1370 986 520 
TETRA 1671 1668 1649 1642 
TETRA 889 890 707 885 
TETRA 1026 1325 1022 1024 
TETRA 160 172 140 187 
TETRA 1073 1072 1068 1074 
TETRA 436 1133 1137 1140 
TETRA 246 245 244 308 
TETRA 316 324 318 323 
TETRA 113 117 123 120 
TETRA 1642 1649 1645 1648 
TETRA 1925 1938 1931 1994 
TETRA 787 792 784 783 
TETRA 2062 2053 2050 2063 
TETRA 1904 1903 1480 1910 
TETRA 1296 2160 2008 2009 
TETRA 522 1020 1263 1310 
TETRA 819 1464 828 831 
TETRA 227 222 231 229 
TETRA 1068 1069 477 1072 
TETRA 827 1870 726 717 
TETRA 297 326 329 327 
TETRA 1578 1573 1572 1580 
TETRA 1130 1131 1177 1176 
TETRA 388 371 376 384 
TETRA 1001 1019 997 993 
TETRA 817 819 818 733 
TETRA 192 1199 182 190 
TETRA 286 314 282 237 
TETRA 1211 1571 1210 1586 
TETRA 403 414 419 415 
TETRA 787 794 792 791 
TETRA 1932 1985 1981 1989 
TETRA 807 1913 1907 1912 
TETRA 2087 2085 2086 2071 
TETRA 1765 295 293 294 
TETRA 565 1811 1423 1424 
TETRA 2148 2150 2143 791 
TETRA 1216 1051 1052 1062 
TETRA 752 755 758 756 
TETRA 1053 1226 1224 1225 
TETRA 574 577 570 485 
TETRA 1068 1072 477 1067 
TETRA 1261 1357 1502 1399 
TETRA 1791 1769 305 1868 
TETRA 866 859 862 1876 
TETRA 306 307 294 308 
TETRA 850 1416 825 863 
TETRA 316 288 315 320 
TETRA 128 132 126 134 
TETRA 1805 486 478 561 
TETRA 1425 1884 1419 571 
TETRA 1904 1903 810 1480 
TETRA 709 779 714 712 
TETRA 2089 2097 2095 2096 
TETRA 2227 2126 2229 2127 
TETRA 1593 1174 1597 1596 
TETRA 231 232 1192 234 
TETRA 1381 554 553 1379 
TETRA 829 842 827 826 
TETRA 841 1411 1406 1403 
TETRA 402 401 397 406 
TETRA 2036 1582 1584 1598 
TETRA 181 183 186 184 
TETRA 214 2023 1603 2022 
TETRA 503 506 501 505 
TETRA 1818 1570 1580 1579 
TETRA 161 175 162 168 
TETRA 915 876 879 880 
TETRA 750 747 749 746 
TETRA 1267 1265 1276 725 
TETRA 1328 1525 1523 1524 
TETRA 360 368 370 361 
TETRA 1290 788 1294 1295 
TETRA 1212 2022 2223 2035 
TETRA 2120 2123 1669 2054 
TETRA 1172 1174 218 1596 
TETRA 553 488 549 1401 
TETRA 391 393 131 392 
TETRA 1656 1662 1663 1658 
TETRA 9 8 18 15 
TETRA 1134 1147 1148 1120 
TETRA 1657 1659 1695 2086 
TETRA 298 301 311 1612 
TETRA 1303 1306 1305 1270 
TETRA 1439 1434 1440 1438 
TETRA 1340 1342 517 1343 
TETRA 1313 1310 1308 1316 
TETRA 879 606 916 1420 
TETRA 1615 1619 1620 31 
TETRA 1106 2136 2135 2205 
TETRA 1530 1529 1527 1531 
TETRA 1481 2151 913 1459 
TETRA 1577 1576 1600 1582 
TETRA 1068 1065 1070 1073 
TETRA 1809 1506 1810 1511 
TETRA 1329 1510 1512 532 
TETRA 85 89 93 90 
TETRA 1257 1028 1439 1258 
TETRA 864 1427 1425 1423 
TETRA 766 755 765 814 
TETRA 521 528 525 527 
TETRA 1129 1796 1790 1795 
TETRA 487 562 490 1808 
TETRA 238 1194 1187 318 
TETRA 566 565 1811 1423 
TETRA 1117 1115 1110 1113 
TETRA 316 286 238 317 
TETRA 922 678 923 933 
TETRA 1715 210 1714 1713 
TETRA 1930 1934 1932 1931 
TETRA 1087 1101 1093 2129 
TETRA 2105 2104 1658 2107 
TETRA 1656 1660 1655 1667 
TETRA 104 101 107 108 
TETRA 2048 2117 2049 1653 
TETRA 225 229 223 222 
TETRA 1068 1063 1070 1065 
TETRA 236 1187 238 239 
TETRA 1027 1230 1042 1236 
TETRA 261 94 93 343 
TETRA 402 400 408 416 
TETRA 666 669 670 674 
TETRA 183 186 184 192 
TETRA 1553 1555 1554 1321 
TETRA 1635 1637 1638 1709 
TETRA 647 651 650 649 
TETRA 491 481 474 480 
TETRA 291 313 282 290 
TETRA 447 446 448 432 
TETRA 1 14 12 13 
TETRA 1444 1442 1443 1441 
TETRA 1530 1527 1529 1528 
TETRA 1734 2240 2246 2242 
TETRA 186 339 1568 187 
TETRA 1807 1808 1806 1595 
TETRA 1933 1986 1932 2178 
TETRA 1068 1071 1067 1066 
TETRA 990 523 993 992 
TETRA 1029 1028 984 1030 
TETRA 371 378 373 377 
TETRA 525 1241 1025 1024 
TETRA 304 1609 302 296 
TETRA 988 965 1017 972 
TETRA 479 483 482 481 
TETRA 691 887 886 924 
TETRA 650 659 654 653 
TETRA 9 17 12 15 
TETRA 2035 2033 2023 2022 
TETRA 1328 1524 1527 1525 
TETRA 2111 1649 2110 2112 
TETRA 2173 2174 2156 2176 
TETRA 236 233 232 228 
TETRA 1807 1595 458 1791 
TETRA 2045 2047 2037 1661 
TETRA 2019 564 565 1811 
TETRA 1068 1070 1063 1069 
TETRA 489 488 556 563 
TETRA 876 917 1478 1880 
TETRA 201 211 223 204 
TETRA 1027 1232 984 1231 
TETRA 654 949 953 948 
TETRA 1621 1624 1625 1620 
TETRA 1381 1382 483 557 
TETRA 1345 1401 1342 1351 
TETRA 685 930 690 931 
TETRA 310 280 281 312 
TETRA 154 138 127 1139 
TETRA 898 900 774 901 
TETRA 73 74 76 72 
TETRA 800 795 796 799 
TETRA 869 874 875 871 
TETRA 1105 1047 1103 1050 
TETRA 1481 1458 1484 1459 
TETRA 2019 561 564 1813 
TETRA 1121 417 1790 416 
TETRA 1314 1863 1862 2138 
TETRA 396 444 420 405 
TETRA 2052 2058 2059 2124 
TETRA 181 176 189 190 
TETRA 1581 1585 1583 1584 
TETRA 1602 1574 1586 207 
TETRA 1130 1745 1167 1182 
TETRA 749 757 761 760 
TETRA 886 934 2295 887 
TETRA 872 1477 1471 1470 
TETRA 1114 2204 1112 2202 
TETRA 420 414 403 404 
TETRA 1172 1769 1597 1596 
TETRA 1068 1063 477 1069 
TETRA 250 266 248 265 
TETRA 325 1609 303 1848 
TETRA 985 1230 984 973 
TETRA 1892 1507 1891 1867 
TETRA 1344 1349 1343 1348 
TETRA 556 560 1496 1498 
TETRA 201 1725 202 197 
TETRA 67 84 70 69 
TETRA 1394 1392 1395 1393 
TETRA 1581 1598 1585 1584 
TETRA 1960 1949 1965 1967 
TETRA 1542 1844 1543 1544 
TETRA 1475 871 869 875 
TETRA 2089 2099 2092 2091 
TETRA 1318 524 530 1310 
TETRA 1014 950 1010 962 
TETRA 1482 2144 1461 1278 
TETRA 250 267 248 266 
TETRA 247 248 249 196 
TETRA 1517 1777 466 1776 
TETRA 1313 1730 1321 1770 
TETRA 1164 1171 1168 1170 
TETRA 1722 246 1723 245 
TETRA 1757 1610 1608 1749 
TETRA 66 357 62 61 
TETRA 1669 1670 2121 1651 
TETRA 832 1902 833 838 
TETRA 2030 2065 2033 2031 
TETRA 128 127 132 133 
TETRA 2005 2004 2006 2008 
TETRA 250 265 264 266 
TETRA 154 123 160 140 
TETRA 1517 1743 1771 1520 
TETRA 1164 221 220 1163 
TETRA 1125 1134 1135 1144 
TETRA 193 189 186 188 
TETRA 287 297 290 43 
TETRA 1108 1109 1106 2135 
TETRA 1159 1184 1166 1185 
TETRA 1930 1933 1935 1929 
TETRA 1725 1726 224 202 
TETRA 201 222 211 210 
TETRA 1211 168 166 169 
TETRA 1328 1525 1527 1521 
TETRA 1317 1309 1310 1316 
TETRA 1709 2066 1657 1695 
TETRA 2050 2054 2117 2063 
TETRA 1603 1604 1602 208 
TETRA 426 132 438 138 
TETRA 67 72 68 71 
TETRA 731 1467 737 1463 
TETRA 1259 1264 1262 1263 
TETRA 827 1870 717 1489 
TETRA 832 820 829 830 
TETRA 570 1434 1435 573 
TETRA 276 1723 310 308 
TETRA 1403 1490 1405 1412 
TETRA 589 629 627 628 
TETRA 1053 1224 621 1223 
TETRA 779 782 718 912 
TETRA 1505 1508 1312 1311 
TETRA 1482 1483 1458 2144 
TETRA 1595 1594 2017 1592 
TETRA 564 2018 1812 1811 
TETRA 2165 795 790 810 
TETRA 250 265 257 264 
TETRA 1257 580 583 623 
TETRA 822 1889 788 2141 
TETRA 1261 1260 1502 1357 
TETRA 1186 1207 1208 1206 
TETRA 1099 1559 1100 1552 
TETRA 164 1566 153 163 
TETRA 1189 232 1190 230 
TETRA 300 303 296 302 
TETRA 1355 1362 1357 1361 
TETRA 81 102 103 82 
TETRA 878 875 921 882 
TETRA 1475 1470 869 871 
TETRA 2120 2122 2119 2121 
TETRA 197 202 206 1721 
TETRA 2005 2010 2008 2009 
TETRA 1063 461 1066 1067 
TETRA 117 122 121 150 
TETRA 1614 31 19 1617 
TETRA 590 591 594 593 
TETRA 1173 1128 1170 1162 
TETRA 1381 553 554 552 
TETRA 944 652 653 647 
TETRA 578 577 1432 1428 
TETRA 1688 1643 1693 1691 
TETRA 30 1834 1620 332 
TETRA 5 22 23 24 
TETRA 1927 1971 1920 1917 
TETRA 1517 1776 2248 1777 
TETRA 818 814 1897 815 
TETRA 493 544 534 545 
TETRA 1308 1306 1316 1309 
TETRA 2069 2067 2070 2066 
TETRA 248 1824 1197 1825 
TETRA 1063 1064 1066 461 
TETRA 1930 1929 1928 1932 
TETRA 2015 788 1294 1889 
TETRA 2048 2118 2038 2050 
TETRA 1593 1597 1595 1596 
TETRA 570 568 485 577 
TETRA 1048 1050 1051 1028 
TETRA 390 392 391 131 
TETRA 1329 1515 1514 1513 
TETRA 304 302 299 296 
TETRA 707 691 706 926 
TETRA 196 1821 1820 1826 
TETRA 1159 1160 1184 1158 
TETRA 777 778 775 779 
TETRA 2135 1584 2204 2218 
TETRA 832 839 1901 1902 
TETRA 991 522 517 986 
TETRA 47 34 35 45 
TETRA 51 356 52 34 
TETRA 2002 2001 1944 1998 
TETRA 1589 1174 1593 1594 
TETRA 619 620 1223 621 
TETRA 1457 1446 693 914 
TETRA 507 532 516 537 
TETRA 1625 2051 1620 1624 
TETRA 1129 1795 1793 1798 
TETRA 1475 876 881 875 
TETRA 68 353 351 79 
TETRA 491 549 550 551 
TETRA 534 535 541 536 
TETRA 161 164 153 163 
TETRA 1036 1041 1035 1040 
TETRA 1505 1311 1507 1508 
TETRA 1215 1104 573 1050 
TETRA 566 1428 2257 577 
TETRA 1305 1314 1308 2138 
TETRA 2163 1296 2160 2139 
TETRA 1892 1894 1507 1867 
TETRA 1068 1063 1065 1066 
TETRA 250 240 257 265 
TETRA 1533 1848 1735 1541 
TETRA 754 908 758 814 
TETRA 590 597 596 585 
TETRA 77 83 78 72 
TETRA 503 513 511 512 
TETRA 876 1478 1476 1880 
TETRA 248 243 235 226 
TETRA 1504 1503 1505 1311 
TETRA 1105 1104 1215 1050 
TETRA 2048 1718 1660 1637 
TETRA 2015 788 1295 1294 
TETRA 2113 1649 2112 1672 
TETRA 1046 1246 1247 2285 
TETRA 1145 1127 1589 1174 
TETRA 1063 1065 1064 1061 
TETRA 1961 1935 1933 1929 
TETRA 261 94 262 274 
TETRA 438 138 137 437 
TETRA 91 94 99 95 
TETRA 1360 1367 1366 1361 
TETRA 517 520 514 519 
TETRA 1029 1031 1257 1028 
TETRA 1406 1489 717 723 
TETRA 847 852 845 853 
TETRA 1720 1721 1717 1719 
TETRA 524 1024 1022 1325 
TETRA 1580 1583 1214 172 
TETRA 395 375 419 420 
TETRA 91 95 99 98 
TETRA 777 780 778 714 
TETRA 1436 2207 2203 2206 
TETRA 832 838 831 830 
TETRA 1105 1215 1104 1114 
TETRA 2046 2037 2038 1660 
TETRA 642 653 964 659 
TETRA 310 1626 1618 309 
TETRA 1048 1043 1049 1047 
TETRA 2048 2118 1653 1660 
TETRA 535 541 536 1336 
TETRA 468 461 471 477 
TETRA 2070 2078 2074 2082 
TETRA 1732 1733 1731 1729 
TETRA 159 171 158 1136 
TETRA 1530 1538 1539 1854 
TETRA 1265 1274 1272 1273 
TETRA 35 3 32 33 
TETRA 857 849 836 850 
TETRA 1803 1436 573 1215 
TETRA 607 596 2256 608 
TETRA 1169 219 221 222 
TETRA 1043 1047 1003 1046 
TETRA 181 178 165 177 
TETRA 769 1459 906 1460 
TETRA 2120 2051 1669 2121 
TETRA 1066 1045 1071 1249 
TETRA 554 558 556 1383 
TETRA 1018 1008 997 1010 
TETRA 700 704 699 703 
TETRA 866 1878 1877 1421 
TETRA 1884 1885 1881 1433 
TETRA 1034 1038 1058 1218 
TETRA 501 496 500 493 
TETRA 316 321 319 324 
TETRA 1211 1580 166 1573 
TETRA 2050 1819 2062 2215 
TETRA 832 1901 835 834 
TETRA 1803 2202 1436 1114 
TETRA 1569 193 206 1575 
TETRA 1484 1461 1459 1458 
TETRA 1809 2016 1812 1808 
TETRA 213 212 214 215 
TETRA 1120 449 435 419 
TETRA 2089 2101 1663 2103 
TETRA 26 21 19 20 
TETRA 898 900 901 905 
TETRA 907 765 746 813 
TETRA 304 1606 1608 323 
TETRA 578 606 605 595 
TETRA 77 82 76 75 
TETRA 1636 1622 1635 1633 
TETRA 282 279 277 272 
TETRA 1439 573 1434 1050 
TETRA 1156 1176 1175 1132 
TETRA 1018 997 1008 1019 
TETRA 678 683 667 598 
TETRA 227 225 226 224 
TETRA 727 720 716 712 
TETRA 1521 2261 1520 1525 
TETRA 1504 1503 1400 1505 
TETRA 1806 2018 564 1813 
TETRA 1295 1301 1296 2139 
TETRA 1340 517 508 515 
TETRA 966 983 982 964 
TETRA 181 190 182 177 
TETRA 1924 1929 1937 1962 
TETRA 402 405 397 404 
TETRA 111 129 128 134 
TETRA 1115 1105 1215 418 
TETRA 275 251 252 271 
TETRA 26 20 10 21 
TETRA 81 80 77 78 
TETRA 57 52 59 58 
TETRA 856 2259 566 2258 
TETRA 850 851 862 849 
TETRA 948 953 1260 952 
TETRA 1669 2123 1674 1668 
TETRA 107 390 108 2131 
TETRA 1589 1212 218 1592 
TETRA 952 1263 992 1020 
TETRA 425 394 426 427 
TETRA 117 150 121 347 
TETRA 1577 1601 1574 1573 
TETRA 331 332 32 24 
TETRA 1284 788 1307 1294 
TETRA 1083 372 373 374 
TETRA 2165 1911 810 1874 
TETRA 487 486 490 562 
TETRA 1277 1282 1279 1281 
TETRA 1884 1881 1479 1419 
TETRA 153 163 152 156 
TETRA 66 62 358 359 
TETRA 1318 1321 1313 1312 
TETRA 743 784 787 729 
TETRA 218 2022 1594 1592 
TETRA 1504 1311 1505 531 
TETRA 1502 1357 1359 1400 
TETRA 1317 1310 1309 1020 
TETRA 2019 2021 1811 2020 
TETRA 1649 2115 1658 2109 
TETRA 261 274 99 94 
TETRA 18 1535 1542 1546 
TETRA 333 312 1615 1616 
TETRA 1642 1648 1645 1647 
TETRA 12 1838 17 1837 
TETRA 192 1199 200 1200 
TETRA 568 561 565 1424 
TETRA 521 516 514 507 
TETRA 354 356 351 360 
TETRA 1293 1294 1290 1283 
TETRA 304 1608 1764 1610 
TETRA 316 286 315 288 
TETRA 822 1889 823 1890 
TETRA 1113 1111 1118 1816 
TETRA 1261 1502 1269 1399 
TETRA 1217 1215 1064 456 
TETRA 1004 1258 1015 1449 
TETRA 1918 2194 2169 2195 
TETRA 1172 218 1171 1596 
TETRA 1118 1595 1113 1591 
TETRA 2089 2092 2100 1658 
TETRA 1757 1747 1763 1746 
TETRA 1257 1439 1447 1258 
TETRA 1529 1734 1521 1740 
TETRA 1312 1861 1508 1509 
TETRA 1381 554 557 552 
TETRA 356 55 1100 364 
TETRA 18 1546 1612 1556 
TETRA 1277 1272 1282 1283 
TETRA 1187 1205 318 1204 
TETRA 1517 1744 2248 1773 
TETRA 836 848 849 858 
TETRA 1173 1154 218 1174 
TETRA 1578 1579 1572 1577 
TETRA 2044 2047 2045 2034 
TETRA 425 430 428 429 
TETRA 1029 1030 1031 1028 
TETRA 402 408 409 416 
TETRA 688 1456 672 723 
TETRA 1350 1357 1355 1356 
TETRA 911 1475 881 1473 
TETRA 699 708 698 701 
TETRA 1351 1400 1357 1399 
TETRA 1869 1307 1891 1503 
TETRA 525 1024 1023 1022 
TETRA 243 244 245 241 
TETRA 1484 1459 2150 2151 
TETRA 213 214 208 217 
TETRA 857 849 850 862 
TETRA 1680 1672 2112 1687 
TETRA 803 808 798 1921 
TETRA 2015 2140 2141 2161 
TETRA 1128 1597 1172 1170 
TETRA 395 391 442 375 
TETRA 65 352 68 69 
TETRA 428 435 434 433 
TETRA 1122 1593 1597 1118 
TETRA 691 924 931 926 
TETRA 428 433 434 429 
TETRA 1411 1396 1487 1501 
TETRA 843 1499 856 853 
TETRA 676 669 666 675 
TETRA 841 842 843 1403 
TETRA 1036 1042 1030 1041 
TETRA 1444 914 1445 1441 
TETRA 55 1096 16 1097 
TETRA 759 908 903 758 
TETRA 1715 307 210 1713 
TETRA 1504 1262 1270 1264 
TETRA 1803 1114 1436 1215 
TETRA 1657 1643 1637 1709 
TETRA 1557 1840 1320 2137 
TETRA 1171 1596 210 1769 
TETRA 388 391 375 383 
TETRA 181 176 167 189 
TETRA 1146 1585 1149 1148 
TETRA 967 968 973 969 
TETRA 1053 1052 1051 1031 
TETRA 426 441 391 393 
TETRA 990 523 522 520 
TETRA 1298 1283 1292 1302 
TETRA 777 772 776 739 
TETRA 1156 171 1160 169 
TETRA 709 925 714 780 
TETRA 1960 1929 1966 1962 
TETRA 1892 1889 1888 1894 
TETRA 1927 1917 1982 1971 
TETRA 1744 2247 1773 1772 
TETRA 1260 1263 1504 531 
TETRA 1436 1215 1104 573 
TETRA 1313 1314 1312 1861 
TETRA 2089 2105 2098 2097 
TETRA 1919 1917 1918 1988 
TETRA 2142 729 727 730 
TETRA 396 445 388 375 
TETRA 394 424 423 399 
TETRA 426 439 438 441 
TETRA 323 1610 1609 1748 
TETRA 192 186 193 189 
TETRA 1027 1238 1025 1240 
TETRA 1478 917 1881 1880 
TETRA 1578 1579 1577 1582 
TETRA 250 256 240 255 
TETRA 1947 1952 1942 1946 
TETRA 132 134 129 1143 
TETRA 707 880 691 886 
TETRA 548 532 1400 1506 
TETRA 1504 1264 1270 1311 
TETRA 1436 1104 1215 1114 
TETRA 1130 1181 1161 1176 
TETRA 1918 808 2170 2169 
TETRA 1129 1597 1128 1170 
TETRA 396 375 388 395 
TETRA 153 154 123 160 
TETRA 425 428 427 429 
TETRA 1892 1867 2015 1894 
TETRA 799 808 807 2164 
TETRA 873 1895 1873 1874 
TETRA 1328 1517 1521 1516 
TETRA 1642 1670 1669 1651 
TETRA 2025 1604 2032 2024 
TETRA 1089 1091 1103 1050 
TETRA 356 1100 55 1562 
TETRA 820 824 823 817 
TETRA 685 684 930 931 
TETRA 154 159 1139 170 
TETRA 170 1139 172 1214 
TETRA 1951 1995 1957 1996 
TETRA 1535 15 1542 1544 
TETRA 1504 1263 1311 531 
TETRA 1481 1459 1484 2151 
TETRA 777 714 779 712 
TETRA 1918 2169 1992 2195 
TETRA 1895 1893 1894 2161 
TETRA 1210 204 223 212 
TETRA 388 391 395 375 
TETRA 1535 1837 1537 1547 
TETRA 1135 1136 1153 171 
TETRA 397 398 403 419 
TETRA 556 559 560 1498 
TETRA 227 231 307 234 
TETRA 381 382 371 360 
TETRA 436 1140 437 429 
TETRA 1914 1912 804 808 
TETRA 516 531 1400 532 
TETRA 2231 1674 1673 1670 
TETRA 1502 1260 1504 531 
TETRA 1803 2202 1114 1113 
TETRA 2089 2095 2098 2090 
TETRA 1318 1022 524 1310 
TETRA 1988 1917 1918 1916 
TETRA 828 819 831 820 
TETRA 218 1596 1594 217 
TETRA 396 445 444 443 
TETRA 87 116 105 86 
TETRA 428 424 394 399 
TETRA 112 104 111 110 
TETRA 644 639 663 625 
TETRA 587 582 589 583 
TETRA 1009 1008 997 1007 
TETRA 2026 1714 2025 2024 
TETRA 2044 2046 2027 2045 
TETRA 1629 301 1612 311 
TETRA 817 733 816 785 
TETRA 1951 1954 1953 1996 
TETRA 23 43 297 36 
TETRA 1260 1262 1504 1263 
TETRA 569 1436 1803 2202 
TETRA 381 360 370 2133 
TETRA 1918 2169 2170 1991 
TETRA 1961 1933 1942 1986 
TETRA 457 459 1115 1113 
TETRA 388 1564 376 445 
TETRA 425 426 394 423 
TETRA 773 782 772 769 
TETRA 325 1849 326 1850 
TETRA 463 1790 417 1789 
TETRA 1038 1058 1059 1039 
TETRA 192 195 184 194 
TETRA 1984 1966 1961 1929 
TETRA 699 715 711 703 
TETRA 214 2022 1603 217 
TETRA 316 238 286 295 
TETRA 1969 1982 1983 1971 
TETRA 1951 1957 1954 1996 
TETRA 860 871 835 870 
TETRA 491 508 1337 550 
TETRA 299 304 293 1607 
TETRA 1726 202 1721 206 
TETRA 1481 2151 1484 1485 
TETRA 1919 1992 1918 1991 
TETRA 1804 1215 1803 573 
TETRA 458 1118 1595 459 
TETRA 1572 1570 1574 1575 
TETRA 1500 1888 1892 1889 
TETRA 428 434 427 429 
TETRA 225 226 201 200 
TETRA 981 1032 985 1228 
TETRA 2052 2055 2054 2053 
TETRA 1083 373 372 1088 
TETRA 60 65 61 51 
TETRA 1375 551 1380 1376 
TETRA 1984 1927 1966 1929 
TETRA 647 643 646 648 
TETRA 503 507 501 506 
TETRA 155 153 126 152 
TETRA 1053 621 622 1031 
TETRA 1122 458 1118 1597 
TETRA 1502 1503 1269 1399 
TETRA 886 921 920 2296 
TETRA 503 510 508 515 
TETRA 353 2132 351 79 
TETRA 1918 2169 1991 1992 
TETRA 458 1595 1118 1597 
TETRA 1572 1571 1574 1570 
TETRA 122 178 180 179 
TETRA 9 16 12 17 
TETRA 574 573 570 575 
TETRA 1642 1659 1647 1643 
TETRA 2188 2189 1972 1977 
TETRA 402 407 406 410 
TETRA 60 65 51 63 
TETRA 660 650 659 658 
TETRA 238 319 317 1194 
TETRA 1318 524 1324 1322 
TETRA 1974 1920 1923 1962 
TETRA 132 126 134 135 
TETRA 2135 1584 1109 2204 
TETRA 1502 1503 1504 1262 
TETRA 1045 1250 2266 1249 
TETRA 503 510 515 512 
TETRA 1919 1918 1922 1991 
TETRA 1790 1122 1597 458 
TETRA 2005 2012 2011 2010 
TETRA 1533 1735 1540 1541 
TETRA 594 601 604 593 
TETRA 1165 1168 318 1166 
TETRA 766 907 765 746 
TETRA 911 913 1475 910 
TETRA 2144 1011 2146 1280 
TETRA 889 885 707 888 
TETRA 2060 2062 46 1086 
TETRA 1350 1385 1351 1356 
TETRA 471 472 491 474 
TETRA 1323 1326 1024 1325 
TETRA 1293 1290 1294 1295 
TETRA 552 1380 481 483 
TETRA 413 2268 411 412 
TETRA 1394 1269 1397 1271 
TETRA 181 180 185 148 
TETRA 1517 1744 1778 2250 
TETRA 2089 2104 1663 1658 
TETRA 1660 2118 1655 2217 
TETRA 508 1339 1341 509 
TETRA 1918 2195 1988 2194 
TETRA 961 1276 1265 1012 
TETRA 1790 1791 458 1597 
TETRA 375 442 419 1085 
TETRA 1578 1577 1572 1573 
TETRA 1614 21 19 31 
TETRA 1 10 2 11 
TETRA 112 87 104 103 
TETRA 1187 1204 1767 1196 
TETRA 1031 1051 576 1028 
TETRA 397 405 396 420 
TETRA 164 174 165 173 
TETRA 525 1022 524 1024 
TETRA 197 198 193 206 
TETRA 988 972 1017 986 
TETRA 1189 238 1187 318 
TETRA 26 29 30 25 
TETRA 1045 1071 1249 1075 
TETRA 87 115 88 103 
TETRA 836 858 1901 848 
TETRA 508 510 1341 515 
TETRA 1734 2242 2246 2243 
TETRA 520 522 986 517 
TETRA 1308 1316 1306 1302 
TETRA 1918 1992 1988 2195 
TETRA 2039 339 1727 1718 
TETRA 1511 2016 1791 1868 
TETRA 394 442 398 395 
TETRA 1270 1305 1311 1308 
TETRA 1764 1769 1170 1171 
TETRA 1027 1234 1235 1240 
TETRA 426 423 441 393 
TETRA 487 1792 472 1511 
TETRA 606 1421 918 1877 
TETRA 866 1879 877 874 
TETRA 666 687 1271 1450 
TETRA 1818 1568 1579 1819 
TETRA 1191 1190 1192 295 
TETRA 299 301 302 305 
TETRA 413 452 411 2268 
TETRA 572 1437 1436 2207 
TETRA 331 43 280 279 
TETRA 1359 971 987 1368 
TETRA 1107 1108 1084 1085 
TETRA 792 791 2148 2143 
TETRA 466 1785 1784 1778 
TETRA 1980 1992 1989 1988 
TETRA 2039 2048 2038 2050 
TETRA 465 1792 1791 547 
TETRA 1536 1842 1538 1841 
TETRA 1172 1596 1171 1769 
TETRA 792 1461 2144 1278 
TETRA 132 126 137 138 
TETRA 496 502 1337 509 
TETRA 333 1616 1614 334 
TETRA 304 1609 323 1610 
TETRA 1036 1027 1040 1239 
TETRA 1156 1132 1130 1176 
TETRA 1266 960 961 956 
TETRA 680 679 931 924 
TETRA 747 748 746 741 
TETRA 277 244 276 281 
TETRA 1159 1161 1183 1184 
TETRA 104 109 103 102 
TETRA 1045 1078 1249 2266 
TETRA 818 1470 1469 871 
TETRA 1357 1362 1393 1361 
TETRA 1105 1103 1047 1084 
TETRA 1305 2138 1304 1864 
TETRA 2089 2086 2087 2092 
TETRA 1807 455 459 460 
TETRA 1296 1301 2008 2160 
TETRA 164 160 153 123 
TETRA 157 153 160 154 
TETRA 578 596 608 609 
TETRA 759 903 908 907 
TETRA 1360 1361 1366 1364 
TETRA 876 1880 1476 914 
TETRA 487 562 1808 1809 
TETRA 1934 1997 1944 1945 
TETRA 1642 1652 1623 1651 
TETRA 1214 172 1109 1085 
TETRA 479 484 482 483 
TETRA 589 600 627 629 
TETRA 1448 1441 1447 1446 
TETRA 1211 1210 1571 168 
TETRA 556 1495 1496 567 
TETRA 2062 2216 2050 2215 
TETRA 1113 1112 2199 2202 
TETRA 785 790 1873 2141 
TETRA 414 1078 1045 2266 
TETRA 1918 2194 1988 1916 
TETRA 493 2269 544 545 
TETRA 517 515 1372 518 
TETRA 1922 1991 2170 2171 
TETRA 1722 1719 1724 1726 
TETRA 1014 962 1009 1013 
TETRA 181 190 186 182 
TETRA 1344 1346 1340 1345 
TETRA 99 270 44 279 
TETRA 590 596 594 595 
TETRA 2110 1649 2115 2114 
TETRA 1378 553 1381 1375 
TETRA 1406 717 827 724 
TETRA 1444 917 915 914 
TETRA 1425 1479 1884 1886 
TETRA 826 856 1415 1416 
TETRA 1157 221 1155 1163 
TETRA 65 352 63 355 
TETRA 685 929 705 930 
TETRA 293 292 295 296 
TETRA 1750 324 1751 1749 
TETRA 1100 1835 1559 1560 
TETRA 818 834 1899 1900 
TETRA 493 2269 495 498 
TETRA 1242 2286 1046 1024 
TETRA 721 1461 793 1278 
TETRA 995 1014 950 1010 
TETRA 1914 808 1918 1916 
TETRA 517 1343 1342 1358 
TETRA 1130 1800 1180 1179 
TETRA 1135 1151 1152 1145 
TETRA 67 74 72 71 
TETRA 121 347 149 145 
TETRA 116 347 346 115 
TETRA 338 336 339 340 
TETRA 818 1469 816 815 
TETRA 1961 1967 1942 1949 
TETRA 81 102 104 103 
TETRA 1277 1282 1272 1275 
TETRA 521 528 514 529 
TETRA 1164 1171 1172 220 
TETRA 1125 448 1134 1124 
TETRA 1722 1723 246 1724 
TETRA 37 35 42 47 
TETRA 493 545 467 469 
TETRA 104 107 101 106 
TETRA 944 653 652 945 
TETRA 856 2258 566 1417 
TETRA 796 795 801 794 
TETRA 2046 2045 2037 1660 
TETRA 1342 1358 1343 1349 
TETRA 1918 1916 808 2169 
TETRA 1809 1808 1511 2016 
TETRA 1128 1593 1127 1174 
TETRA 535 536 1334 1336 
TETRA 1048 1004 1003 1050 
TETRA 414 1077 1045 1078 
TETRA 700 703 699 702 
TETRA 1914 1917 1920 1971 
TETRA 1425 1419 568 571 
TETRA 1553 1321 1554 1551 
TETRA 2089 2093 1662 2094 
TETRA 1475 1478 876 869 
TETRA 78 73 68 79 
TETRA 1352 1386 556 1385 
TETRA 691 680 931 924 
TETRA 1317 1318 1319 1313 
TETRA 413 454 453 452 
TETRA 1099 2286 2288 2287 
TETRA 630 665 663 580 
TETRA 1045 2283 1079 1046 
TETRA 818 835 1898 1899 
TETRA 1130 1745 1129 1170 
TETRA 1014 1013 1009 1005 
TETRA 2069 2073 2070 2068 
TETRA 428 430 424 431 
TETRA 261 270 99 273 
TETRA 1757 1762 1763 1747 
TETRA 898 901 774 896 
TETRA 2142 729 785 788 
TETRA 1350 1356 1355 1354 
TETRA 827 1406 724 1869 
TETRA 639 632 625 645 
TETRA 563 1811 1810 1888 
TETRA 108 2131 390 2134 
TETRA 570 1433 572 571 
TETRA 976 624 938 623 
TETRA 1720 1727 1717 1721 
TETRA 493 2269 545 469 
TETRA 316 318 238 295 
TETRA 489 566 556 567 
TETRA 1589 1592 218 1594 
TETRA 1833 1627 2053 2052 
TETRA 1174 1128 1154 1127 
TETRA 1009 1011 1013 1012 
TETRA 823 1416 1889 822 
TETRA 2057 2059 2052 2058 
TETRA 331 312 280 332 
TETRA 1875 1480 1874 811 
TETRA 1402 1400 1399 1500 
TETRA 841 1405 844 1409 
TETRA 525 1022 1023 523 
TETRA 1129 432 1801 1178 
TETRA 235 226 225 200 
TETRA 122 150 151 179 
TETRA 1448 1441 1457 1485 
TETRA 1118 1591 1113 1816 
TETRA 602 603 604 935 
TETRA 463 417 455 453 
TETRA 787 783 786 791 
TETRA 1171 1769 307 305 
TETRA 2191 2187 2190 2193 
TETRA 1014 1010 1009 962 
TETRA 976 975 966 938 
TETRA 587 584 588 617 
TETRA 1381 554 1383 557 
TETRA 1833 2061 46 27 
TETRA 409 451 407 410 
TETRA 952 1264 1020 1012 
TETRA 944 946 942 945 
TETRA 574 1431 578 1432 
TETRA 678 937 679 932 
TETRA 1790 416 417 1789 
TETRA 2057 2052 2053 2055 
TETRA 599 677 678 937 
TETRA 1317 1320 1022 1021 
TETRA 2108 2111 1649 2110 
TETRA 1595 1594 1596 2017 
TETRA 1635 1634 1622 1626 
TETRA 1810 2016 1893 1812 
TETRA 1009 1005 1013 1011 
TETRA 248 1197 235 242 
TETRA 1029 982 984 983 
TETRA 482 484 485 560 
TETRA 644 639 625 645 
TETRA 1038 1039 1061 1037 
TETRA 1679 1645 1650 1680 
TETRA 496 499 498 1338 
TETRA 235 1186 225 228 
TETRA 261 273 99 274 
TETRA 493 498 499 544 
TETRA 1036 1030 1035 1041 
TETRA 33 32 35 45 
TETRA 741 770 738 740 
TETRA 805 2190 2189 1910 
TETRA 2148 801 2145 2147 
TETRA 1960 1929 1961 1966 
TETRA 2039 1819 2038 1582 
TETRA 652 655 943 946 
TETRA 1934 1932 1939 1940 
TETRA 1171 218 210 1596 
TETRA 65 63 352 69 
TETRA 227 233 232 234 
TETRA 448 449 1134 1124 
TETRA 2015 1866 1301 2139 
TETRA 876 880 915 914 
TETRA 606 605 1420 1422 
TETRA 1018 992 522 1020 
TETRA 503 510 504 509 
TETRA 1083 1087 372 1086 
TETRA 646 940 941 648 
TETRA 247 245 243 246 
TETRA 12 17 1839 15 
TETRA 1757 1760 1759 1182 
TETRA 299 301 305 306 
TETRA 30 31 1620 29 
TETRA 2163 2139 2160 2171 
TETRA 2089 2090 2098 2091 
TETRA 493 544 499 500 
TETRA 1969 1962 1927 1920 
TETRA 1934 1940 1997 1941 
TETRA 26 29 19 31 
TETRA 33 25 2 32 
TETRA 18 1546 1542 1612 
TETRA 463 1793 465 1791 
TETRA 1257 1028 1031 576 
TETRA 420 419 403 414 
TETRA 666 675 669 674 
TETRA 842 1415 1403 1406 
TETRA 1089 1102 1103 1091 
TETRA 923 933 678 932 
TETRA 493 476 494 477 
TETRA 287 289 284 288 
TETRA 261 272 274 260 
TETRA 1340 1373 515 1341 
TETRA 426 391 138 442 
TETRA 566 567 565 577 
TETRA 1064 413 1250 2264 
TETRA 73 75 76 74 
TETRA 463 458 455 417 
TETRA 932 933 678 601 
TETRA 1930 1937 1929 1935 
TETRA 1919 1922 1925 1991 
TETRA 1671 1674 1673 1672 
TETRA 60 61 52 51 
TETRA 396 444 421 443 
TETRA 574 485 573 576 
TETRA 1732 1733 1734 1731 
TETRA 132 136 135 1142 
TETRA 388 443 393 392 
TETRA 672 666 688 1455 
TETRA 155 159 158 1137 
TETRA 66 359 361 64 
TETRA 1017 984 994 520 
TETRA 286 288 284 315 
TETRA 1578 1582 1577 1581 
TETRA 879 919 876 918 
TETRA 923 932 678 679 
TETRA 85 76 74 86 
TETRA 1635 1626 1622 1623 
TETRA 1984 1986 1961 1967 
TETRA 1447 964 623 1258 
TETRA 493 494 495 2269 
TETRA 1924 1926 1927 1920 
TETRA 1930 1924 1937 1931 
TETRA 1027 1235 1238 1240 
TETRA 1147 1120 1214 1148 
TETRA 2002 2006 1994 1938 
TETRA 1027 1025 1238 1239 
TETRA 990 520 522 986 
TETRA 846 851 850 849 
TETRA 2029 2030 2026 2024 
TETRA 1569 206 198 207 
TETRA 166 1580 170 172 
TETRA 1529 1732 1521 1734 
TETRA 1214 1109 172 1583 
TETRA 261 342 93 143 
TETRA 777 775 778 776 
TETRA 2113 1677 1672 1678 
TETRA 992 1263 522 1020 
TETRA 2255 607 2256 608 
TETRA 493 494 2269 469 
TETRA 1611 1845 36 1846 
TETRA 818 1897 1896 815 
TETRA 33 34 4 11 
TETRA 402 416 409 403 
TETRA 1129 1795 1790 1793 
TETRA 2089 2104 2105 2103 
TETRA 2227 1007 2225 2130 
TETRA 192 197 198 193 
TETRA 800 802 805 804 
TETRA 1646 1704 1705 1703 
TETRA 260 272 271 261 
TETRA 779 718 695 912 
TETRA 153 126 125 123 
TETRA 1925 1939 1926 1991 
TETRA 2148 809 791 794 
TETRA 1891 1889 2015 1294 
TETRA 251 269 191 1567 
TETRA 984 999 1030 1028 
TETRA 678 932 601 937 
TETRA 719 779 710 712 
TETRA 997 1007 1008 1006 
TETRA 332 312 335 1620 
TETRA 916 579 1444 1445 
TETRA 282 237 283 313 
TETRA 658 659 662 954 
TETRA 409 413 417 450 
TETRA 730 731 732 728 
TETRA 237 239 238 1193 
TETRA 1385 1387 1492 1491 
TETRA 2163 808 2164 2170 
TETRA 1166 1768 1183 1756 
TETRA 5 3 23 6 
TETRA 1814 1595 1806 1813 
TETRA 707 885 887 888 
TETRA 2061 2129 2056 2055 
TETRA 792 2145 1278 2144 
TETRA 1344 1377 1388 1348 
TETRA 1123 448 1124 1122 
TETRA 556 1493 1385 1386 
TETRA 1126 1145 1154 1127 
TETRA 2089 2096 2103 2097 
TETRA 1034 1037 1052 1030 
TETRA 1298 1297 2014 2138 
TETRA 602 604 933 935 
TETRA 181 182 186 183 
TETRA 878 921 2294 882 
TETRA 413 456 455 454 
TETRA 981 1229 973 975 
TETRA 333 1614 1616 1615 
TETRA 1732 1731 1734 1610 
TETRA 556 566 1497 1495 
TETRA 1914 1913 804 1912 
TETRA 1930 1935 1934 1936 
TETRA 2144 1483 2146 1011 
TETRA 1324 1096 1022 1320 
TETRA 1026 993 1022 1019 
TETRA 436 1125 1135 1133 
TETRA 707 885 692 880 
TETRA 436 1134 435 1120 
TETRA 157 170 166 169 
TETRA 561 569 1804 1815 
TETRA 2030 2032 2067 2066 
TETRA 428 442 427 435 
TETRA 1517 1772 1744 1773 
TETRA 678 937 677 679 
TETRA 1890 1889 1307 788 
TETRA 1279 1282 1275 1274 
TETRA 1126 1153 1145 1135 
TETRA 972 971 970 987 
TETRA 866 859 1878 870 
TETRA 866 875 869 874 
TETRA 166 172 188 1570 
TETRA 1098 1094 1092 1026 
TETRA 1123 432 1129 433 
TETRA 154 172 170 1139 
TETRA 1269 960 1397 1271 
TETRA 37 49 48 41 
TETRA 800 801 796 795 
TETRA 351 360 381 353 
TETRA 1004 1449 1438 1258 
TETRA 1034 1032 1030 1052 
TETRA 602 604 601 933 
TETRA 318 1753 1767 1754 
TETRA 1521 1515 1516 1513 
TETRA 1970 1972 1915 1971 
TETRA 1378 1375 1380 1376 
TETRA 1966 1965 2182 1967 
TETRA 1622 1633 1631 1634 
TETRA 1268 725 1272 1265 
TETRA 381 383 371 382 
TETRA 765 813 786 744 
TETRA 250 241 252 253 
TETRA 196 1827 1198 1826 
TETRA 479 478 1216 475 
TETRA 587 582 584 586 
TETRA 1053 1220 1223 1221 
TETRA 2214 1584 2218 2037 
TETRA 462 466 1784 1782 
TETRA 1533 1540 1735 1532 
TETRA 688 717 1456 723 
TETRA 731 735 1465 1466 
TETRA 1083 1086 374 1085 
TETRA 1930 1932 1928 1931 
TETRA 402 406 397 405 
TETRA 490 1806 562 486 
TETRA 2042 1716 206 205 
TETRA 1710 1718 1711 1637 
TETRA 192 1199 190 189 
TETRA 126 152 125 136 
TETRA 872 871 869 1470 
TETRA 2045 2027 1657 1660 
TETRA 1457 914 1481 1485 
TETRA 1930 1934 1931 1938 
TETRA 1350 1353 1356 1354 
TETRA 1400 1500 1506 1503 
TETRA 989 990 988 950 
TETRA 1914 1912 1917 1971 
TETRA 1728 301 1545 1629 
TETRA 1603 2022 1604 217 
TETRA 248 1197 242 1825 
TETRA 1765 293 1606 1607 
TETRA 1027 994 984 1232 
TETRA 1403 1490 1412 1391 
TETRA 1308 1315 1316 1302 
TETRA 1436 1437 2203 2207 
TETRA 462 1782 1784 1783 
TETRA 282 283 290 313 
TETRA 155 153 157 154 
TETRA 1034 1053 1032 1052 
TETRA 1514 1322 1551 1515 
TETRA 1403 1392 1356 1391 
TETRA 397 420 403 404 
TETRA 1930 1934 1933 1932 
TETRA 1277 1284 1272 1283 
TETRA 521 529 525 528 
TETRA 1635 1637 1709 1710 
TETRA 1156 1160 1159 1158 
TETRA 778 780 709 714 
TETRA 1159 1161 1184 1160 
TETRA 1346 1376 1347 1374 
TETRA 856 854 853 1499 
TETRA 602 916 595 936 
TETRA 1510 547 1511 532 
TETRA 1021 1309 1320 1840 
TETRA 768 904 813 910 
TETRA 594 599 601 600 
TETRA 807 1913 805 1907 
TETRA 1930 1928 1924 1931 
TETRA 911 910 1475 1470 
TETRA 792 2143 2144 1461 
TETRA 568 571 569 1424 
TETRA 252 244 241 245 
TETRA 155 154 137 126 
TETRA 1602 1604 1601 1575 
TETRA 768 1460 745 769 
TETRA 589 591 630 582 
TETRA 1530 1539 1533 1532 
TETRA 1211 1571 166 168 
TETRA 697 699 696 698 
TETRA 192 194 184 183 
TETRA 1726 205 206 1716 
TETRA 331 32 280 43 
TETRA 1723 1712 310 1715 
TETRA 1984 1929 1933 1932 
TETRA 1804 1215 478 456 
TETRA 1435 1883 1434 1433 
TETRA 804 807 1913 805 
TETRA 1535 1534 1545 1546 
TETRA 2145 797 1289 2146 
TETRA 563 1810 1500 1888 
TETRA 1527 1528 1551 1515 
TETRA 820 817 818 824 
TETRA 1293 1290 1296 1292 
TETRA 300 298 299 293 
TETRA 316 286 292 295 
TETRA 644 938 624 663 
TETRA 728 730 731 727 
TETRA 2270 1633 1632 1640 
TETRA 111 110 129 134 
TETRA 789 1295 799 2141 
TETRA 522 1263 531 1310 
TETRA 606 1429 2253 1418 
TETRA 508 507 516 537 
TETRA 463 1789 417 1788 
TETRA 804 807 808 1912 
TETRA 203 205 202 204 
TETRA 1328 1523 1522 1524 
TETRA 2060 2062 2053 46 
TETRA 437 442 138 1085 
TETRA 566 1811 563 1888 
TETRA 2227 1095 1006 2130 
TETRA 1394 1399 1269 1406 
TETRA 647 642 643 649 
TETRA 436 1140 434 1133 
TETRA 1191 1190 232 1192 
TETRA 107 131 129 109 
TETRA 1622 1631 1632 1619 
TETRA 787 792 783 791 
TETRA 1099 1024 2287 1325 
TETRA 338 278 336 337 
TETRA 785 788 789 2141 
TETRA 1649 1687 1686 2114 
TETRA 810 1907 1874 1911 
TETRA 2027 1709 1657 1637 
TETRA 989 971 988 987 
TETRA 556 1497 1494 1498 
TETRA 1573 1588 1581 1577 
TETRA 1578 1583 1580 1579 
TETRA 759 753 903 907 
TETRA 1303 1272 1283 1273 
TETRA 733 765 816 785 
TETRA 299 302 304 305 
TETRA 707 926 706 892 
TETRA 1317 1310 1313 1316 
TETRA 402 400 397 401 
TETRA 1934 1994 1931 1938 
TETRA 1933 1941 1942 2178 
TETRA 462 545 1780 469 
TETRA 2089 2094 2090 2093 
TETRA 2062 2063 2050 2216 
TETRA 1305 2138 1308 1302 
TETRA 535 1333 1332 1331 
TETRA 1517 1776 1774 1773 
TETRA 988 971 972 987 
TETRA 227 229 225 222 
TETRA 578 605 606 607 
TETRA 91 93 92 99 
TETRA 1342 1400 1351 1401 
TETRA 802 1977 803 1976 
TETRA 237 283 313 233 
TETRA 1681 1645 1683 1682 
TETRA 2214 2038 2217 2118 
TETRA 602 922 678 916 
TETRA 1765 1192 295 294 
TETRA 721 1278 793 1284 
TETRA 1166 1755 1165 1185 
TETRA 1984 1961 1966 1967 
TETRA 37 40 41 42 
TETRA 818 860 872 871 
TETRA 517 1342 1340 516 
TETRA 879 919 606 1420 
TETRA 769 912 906 1459 
TETRA 1089 1102 1091 1101 
TETRA 1892 1888 1810 1894 
TETRA 1604 2033 2031 2032 
TETRA 503 510 511 504 
TETRA 155 159 157 158 
TETRA 338 142 341 141 
TETRA 508 1339 1337 550 
TETRA 534 545 466 467 
TETRA 747 763 734 751 
TETRA 1960 1961 1950 1949 
TETRA 1111 1113 1112 1816 
TETRA 602 595 603 936 
TETRA 1484 1459 1461 2143 
TETRA 807 1907 1911 1912 
TETRA 988 971 945 972 
TETRA 372 1562 382 374 
TETRA 644 939 631 624 
TETRA 2089 2088 2087 2071 
TETRA 746 744 767 813 
TETRA 898 905 901 896 
TETRA 662 671 670 1453 
TETRA 1818 1819 1579 1583 
TETRA 155 126 137 136 
TETRA 2085 1695 1659 2086 
TETRA 584 615 621 616 
TETRA 181 189 186 190 
TETRA 2030 2024 2032 2066 
TETRA 1312 1308 1310 1311 
TETRA 493 500 534 544 
TETRA 972 974 986 987 
TETRA 1406 724 1869 1503 
TETRA 1622 1631 1633 1632 
TETRA 116 115 114 347 
TETRA 425 429 438 440 
TETRA 287 279 331 281 
TETRA 1646 1684 1645 1644 
TETRA 1536 1538 1530 1537 
TETRA 535 1328 1329 546 
TETRA 1350 1352 1351 1385 
TETRA 595 605 578 596 
TETRA 922 933 934 935 
TETRA 2100 2106 1658 2109 
TETRA 1317 1318 1310 1022 
TETRA 1656 1660 1653 1655 
TETRA 402 397 403 404 
TETRA 93 343 118 342 
TETRA 491 508 549 548 
TETRA 748 741 744 746 
TETRA 1259 1265 1262 1264 
TETRA 1725 202 197 1721 
TETRA 1293 1301 1298 1300 
TETRA 159 1213 170 171 
TETRA 12 14 15 1839 
TETRA 1757 1167 1170 1745 
TETRA 112 113 111 105 
TETRA 728 730 727 729 
TETRA 864 863 1426 1427 
TETRA 482 489 556 560 
TETRA 1757 1760 1745 1761 
TETRA 805 1905 2189 1977 
TETRA 78 101 2131 100 
TETRA 1724 1715 308 224 
TETRA 120 119 140 139 
TETRA 1900 755 818 1468 
TETRA 1793 1791 1597 1769 
TETRA 2074 1695 2071 2072 
TETRA 1914 1971 1920 1915 
TETRA 1029 985 984 982 
TETRA 1529 1737 1609 1738 
TETRA 37 42 48 47 
TETRA 843 1415 826 856 
TETRA 635 667 665 630 
TETRA 1191 238 1190 295 
TETRA 1984 1961 1933 1929 
TETRA 599 667 630 598 
TETRA 1684 1645 1644 1683 
TETRA 796 799 798 803 
TETRA 403 415 447 416 
TETRA 2061 2129 2055 2063 
TETRA 1807 1595 1806 459 
TETRA 967 972 945 970 
TETRA 988 965 945 950 
TETRA 448 1118 449 1124 
TETRA 534 547 466 546 
TETRA 1173 1170 1164 1162 
TETRA 1068 1066 1065 1045 
TETRA 1144 1145 1126 1127 
TETRA 676 668 675 684 
TETRA 287 282 281 290 
TETRA 250 253 271 260 
TETRA 1578 1580 1572 1579 
TETRA 1018 1022 523 993 
TETRA 886 923 2295 934 
TETRA 466 1779 1780 545 
TETRA 2061 2127 2128 2059 
TETRA 1270 1307 1503 1304 
TETRA 1972 2185 2190 2193 
TETRA 1530 1529 1531 1532 
TETRA 65 355 68 352 
TETRA 843 1413 1414 853 
TETRA 955 965 964 1016 
TETRA 1505 1312 1510 532 
TETRA 1569 1570 188 1568 
TETRA 1636 1641 1632 1644 
TETRA 304 296 1606 323 
TETRA 1031 1051 484 576 
TETRA 277 276 280 281 
TETRA 695 912 718 1458 
TETRA 37 50 47 48 
TETRA 2231 1670 2124 1674 
TETRA 85 90 84 89 
TETRA 1112 2202 1113 1114 
TETRA 414 2266 1045 1250 
TETRA 1263 1310 1264 1311 
TETRA 945 970 972 971 
TETRA 396 375 420 445 
TETRA 1324 1026 1022 1096 
TETRA 1146 1148 1147 1585 
TETRA 333 1616 334 281 
TETRA 733 755 1468 818 
TETRA 1656 1657 1653 1660 
TETRA 1130 1178 1129 1179 
TETRA 148 140 142 187 
TETRA 954 961 1276 1450 
TETRA 843 1403 842 1415 
TETRA 1611 8 6 1844 
TETRA 1924 1925 1919 1923 
TETRA 1077 1076 2283 1045 
TETRA 995 950 992 1010 
TETRA 1745 1733 1793 1170 
TETRA 989 945 988 971 
TETRA 398 446 403 447 
TETRA 1554 1321 1555 1319 
TETRA 1355 1365 1359 1358 
TETRA 517 518 514 515 
TETRA 556 566 1402 1497 
TETRA 132 1142 137 136 
TETRA 2029 2026 2025 2024 
TETRA 247 1722 246 1725 
TETRA 292 296 325 323 
TETRA 1100 364 1560 363 
TETRA 1293 1283 1290 1292 
TETRA 747 741 735 764 
TETRA 1924 1919 1925 1926 
TETRA 2069 2068 2067 2065 
TETRA 1095 1097 2126 2127 
TETRA 237 236 239 240 
TETRA 1904 807 795 805 
TETRA 2042 205 206 209 
TETRA 33 35 4 34 
TETRA 1891 1298 1304 1294 
TETRA 496 1337 502 499 
TETRA 1083 373 1079 374 
TETRA 186 269 339 187 
TETRA 338 142 269 341 
TETRA 172 1109 1085 1817 
TETRA 111 129 110 109 
TETRA 181 182 178 177 
TETRA 1216 481 1052 483 
TETRA 1268 724 1262 1270 
TETRA 1406 717 724 723 
TETRA 994 1025 999 1000 
TETRA 466 1777 1781 1776 
TETRA 381 2132 385 2131 
TETRA 1046 1246 2285 2284 
TETRA 1006 2130 2129 1007 
TETRA 107 2131 101 106 
TETRA 1930 1924 1928 1929 
TETRA 2048 1653 2049 1637 
TETRA 945 970 971 946 
TETRA 354 360 351 353 
TETRA 161 163 153 162 
TETRA 949 951 950 952 
TETRA 1018 1022 1021 1020 
TETRA 1793 1795 1797 1798 
TETRA 1403 1402 1399 1415 
TETRA 1328 1327 1523 1526 
TETRA 1111 1109 1585 1112 
TETRA 588 623 624 622 
TETRA 2120 2122 1669 2123 
TETRA 1038 481 1216 492 
TETRA 304 1606 293 1607 
TETRA 466 1781 1775 1776 
TETRA 2063 2055 2053 2054 
TETRA 1095 2130 1097 2129 
TETRA 1530 1528 1529 1533 
TETRA 942 943 970 946 
TETRA 159 158 1137 1136 
TETRA 1613 6 3 7 
TETRA 1027 1231 1233 1232 
TETRA 1150 2023 1212 1590 
TETRA 976 624 939 938 
TETRA 503 508 514 515 
TETRA 1385 1491 1353 1387 
TETRA 225 1186 200 223 
TETRA 1814 1813 1806 561 
TETRA 1569 1570 1568 1575 
TETRA 448 446 1122 432 
TETRA 1344 1346 1379 1377 
TETRA 5 22 18 6 
TETRA 787 786 785 790 
TETRA 2204 1584 1109 1112 
TETRA 462 545 466 1780 
TETRA 1808 2017 1595 2016 
TETRA 1095 2126 1097 2130 
TETRA 1924 1923 1919 1920 
TETRA 2026 2066 2027 1709 
TETRA 942 967 970 969 
TETRA 1137 159 1136 436 
TETRA 1282 1272 1273 1283 
TETRA 1447 623 663 580 
TETRA 981 977 1229 975 
TETRA 1156 1175 1161 1160 
TETRA 66 361 354 64 
TETRA 813 744 768 786 
TETRA 1535 1545 1533 1542 
TETRA 179 151 122 173 
TETRA 707 880 692 691 
TETRA 448 1122 1121 1118 
TETRA 807 1916 808 1912 
TETRA 436 1134 1125 434 
TETRA 787 729 784 793 
TETRA 2218 2135 1584 2214 
TETRA 688 929 674 928 
TETRA 1006 1101 1005 2129 
TETRA 1928 1927 1924 1926 
TETRA 2072 2077 2070 2079 
TETRA 942 941 967 968 
TETRA 325 1848 1847 1850 
TETRA 800 802 804 803 
TETRA 1052 1028 1030 1037 
TETRA 1529 1532 1736 1742 
TETRA 1165 1206 1186 1209 
TETRA 574 567 1432 577 
TETRA 155 137 154 159 
TETRA 563 1500 1810 1506 
TETRA 143 350 268 349 
TETRA 1123 1128 1122 1127 
TETRA 1000 1046 1092 1026 
TETRA 1779 543 466 542 
TETRA 1006 2129 1005 1007 
TETRA 1529 1528 1527 1521 
TETRA 942 969 970 943 
TETRA 1533 1609 1735 1848 
TETRA 466 1780 1781 1782 
TETRA 1053 484 1216 483 
TETRA 1012 2154 2225 1007 
TETRA 1062 1049 1217 1051 
TETRA 911 881 1475 913 
TETRA 235 225 1186 200 
TETRA 126 125 135 136 
TETRA 1656 1665 1666 1667 
TETRA 1323 1024 524 1325 
TETRA 479 475 1216 492 
TETRA 1211 166 1571 1573 
TETRA 26 29 25 28 
TETRA 1925 1931 1926 1939 
TETRA 521 525 526 527 
TETRA 371 372 373 362 
TETRA 1517 2248 1744 2250 
TETRA 699 704 717 715 
TETRA 2049 2117 2050 2054 
TETRA 2070 2082 2074 1695 
TETRA 2163 2164 2141 2161 
TETRA 1006 1101 1091 1005 
TETRA 1890 788 822 1889 
TETRA 1669 1668 1652 2054 
TETRA 1530 1533 1529 1532 
TETRA 967 966 973 968 
TETRA 2002 1998 1944 1994 
TETRA 1282 1273 1274 2158 
TETRA 1213 159 436 1136 
TETRA 113 114 110 134 
TETRA 81 77 80 82 
TETRA 462 1783 470 469 
TETRA 485 576 1051 573 
TETRA 915 917 1444 916 
TETRA 287 282 284 279 
TETRA 1636 1635 1622 1623 
TETRA 902 910 911 904 
TETRA 568 569 561 1424 
TETRA 705 690 930 701 
TETRA 85 74 84 90 
TETRA 2227 2130 1006 1007 
TETRA 1434 1437 572 1433 
TETRA 705 696 704 717 
TETRA 991 522 1263 531 
TETRA 172 1817 1085 1086 
TETRA 34 1562 11 45 
TETRA 2045 1660 1657 1661 
TETRA 1328 1527 1524 1515 
TETRA 942 967 945 970 
TETRA 1621 1619 1615 1618 
TETRA 981 966 985 982 
TETRA 556 1497 1402 1494 
TETRA 402 405 404 410 
TETRA 526 1241 535 1334 
TETRA 1722 1726 1725 1721 
TETRA 2214 2050 2038 2118 
TETRA 710 715 699 717 
TETRA 1602 1586 208 207 
TETRA 642 659 964 663 
TETRA 1103 1102 1108 2136 
TETRA 1275 1012 1276 1011 
TETRA 1527 1521 1528 1515 
TETRA 942 648 941 968 
TETRA 67 50 65 69 
TETRA 1713 1714 1710 1709 
TETRA 526 1323 535 1024 
TETRA 292 322 328 320 
TETRA 1381 557 1383 1382 
TETRA 1553 1551 1514 1321 
TETRA 1317 1318 1313 1310 
TETRA 117 122 120 121 
TETRA 1435 1440 1434 1883 
TETRA 699 696 698 710 
TETRA 1093 1101 1006 2129 
TETRA 1482 1275 1276 1011 
TETRA 1475 1473 1470 871 
TETRA 310 1715 1712 309 
TETRA 1649 2114 1686 1648 
TETRA 627 592 589 618 
TETRA 1961 1942 1935 1949 
TETRA 1969 2185 2183 1973 
TETRA 566 1811 565 563 
TETRA 1324 1022 1026 1325 
TETRA 1646 1647 1688 1643 
TETRA 1293 1298 1294 1283 
TETRA 1023 1025 994 1000 
TETRA 112 111 113 110 
TETRA 1098 1097 1094 1096 
TETRA 1551 1557 1534 1549 
TETRA 286 282 314 285 
TETRA 60 52 61 58 
TETRA 710 699 696 717 
TETRA 186 191 269 1567 
TETRA 1006 1091 1002 1005 
TETRA 1475 875 1473 871 
TETRA 1281 1287 1279 1288 
TETRA 941 964 642 653 
TETRA 1731 1769 1764 305 
TETRA 1340 1339 508 549 
TETRA 517 1358 1359 1365 
TETRA 1066 1071 1045 1068 
TETRA 437 1120 442 1085 
TETRA 1189 318 1190 238 
TETRA 491 480 472 548 
TETRA 1356 1393 1390 1392 
TETRA 1757 1745 1170 1610 
TETRA 261 262 258 260 
TETRA 35 32 44 45 
TETRA 1765 1606 1192 1605 
TETRA 1099 1024 1026 1046 
TETRA 710 696 694 717 
TETRA 662 959 1486 1454 
TETRA 2039 1718 2046 2048 
TETRA 1093 1006 1091 1002 
TETRA 1984 1932 1928 1929 
TETRA 1505 1510 1507 1511 
TETRA 117 347 114 150 
TETRA 507 536 506 527 
TETRA 215 210 218 216 
TETRA 304 323 1609 296 
TETRA 1406 1503 1869 1415 
TETRA 415 419 1119 418 
TETRA 1505 1507 1510 1509 
TETRA 1344 1347 1377 1348 
TETRA 1729 305 302 301 
TETRA 1303 1302 1305 1306 
TETRA 116 346 93 118 
TETRA 1298 1864 1299 1300 
TETRA 856 2258 855 2259 
TETRA 910 811 1477 1470 
TETRA 1479 1886 1480 1885 
TETRA 1481 2151 2152 914 
TETRA 1094 2129 1087 1093 
TETRA 1319 1309 1316 2137 
TETRA 2015 1867 1866 2139 
TETRA 1505 1503 1507 1311 
TETRA 941 964 966 938 
TETRA 792 1278 793 1461 
TETRA 496 491 508 1337 
TETRA 782 769 773 783 
TETRA 1378 1381 1380 1375 
TETRA 1125 434 1126 1133 
TETRA 588 624 626 979 
TETRA 362 366 1560 1561 
TETRA 1576 1575 2041 1568 
TETRA 2089 1663 1662 1658 
TETRA 214 1587 1603 2023 
TETRA 1093 1091 1006 1101 
TETRA 777 778 779 714 
TETRA 449 1124 1118 1111 
TETRA 91 90 93 94 
TETRA 1094 2129 1093 1006 
TETRA 1621 1618 1626 1622 
TETRA 1312 1508 1861 1314 
TETRA 942 967 941 945 
TETRA 898 894 905 896 
TETRA 733 755 734 1468 
TETRA 1084 1079 1080 419 
TETRA 1123 1125 448 433 
TETRA 989 951 952 950 
TETRA 635 637 669 636 
TETRA 113 124 135 125 
TETRA 2 25 21 24 
TETRA 1646 1701 1639 1708 
TETRA 261 258 262 263 
TETRA 1602 1603 1601 1604 
TETRA 35 44 32 43 
TETRA 1984 1982 1927 1981 
TETRA 218 1592 1212 2022 
TETRA 1471 811 1875 1874 
TETRA 1110 1112 1114 2204 
TETRA 1621 1622 1626 1623 
TETRA 1447 1439 1440 1258 
TETRA 1094 1097 1087 2129 
TETRA 1873 1889 2141 1895 
TETRA 832 838 839 1902 
TETRA 945 966 941 965 
TETRA 1032 1031 1029 1030 
TETRA 759 758 754 908 
TETRA 966 938 964 982 
TETRA 1052 1037 1062 1051 
TETRA 876 913 880 914 
TETRA 866 1877 1878 859 
TETRA 846 849 850 836 
TETRA 2024 1714 2025 1604 
TETRA 157 166 170 160 
TETRA 825 863 1416 824 
TETRA 316 319 318 324 
TETRA 1261 1367 2293 2292 
TETRA 2028 2064 1657 2065 
TETRA 73 67 72 68 
TETRA 599 937 601 600 
TETRA 1094 2129 1095 1097 
TETRA 836 858 835 1901 
TETRA 653 955 964 659 
TETRA 448 1124 1122 1118 
TETRA 91 94 93 99 
TETRA 287 43 331 279 
TETRA 333 1616 281 312 
TETRA 1110 1115 1116 1114 
TETRA 192 195 194 1830 
TETRA 192 1200 200 1201 
TETRA 1261 1367 1361 2293 
TETRA 2214 2220 2213 2217 
TETRA 489 567 556 560 
TETRA 662 958 1486 959 
TETRA 786 811 790 791 
TETRA 2227 2225 2229 2126 
TETRA 1103 1108 1090 1084 
TETRA 78 2131 101 2134 
TETRA 1505 532 531 1312 
TETRA 967 941 945 966 
TETRA 388 384 376 1564 
TETRA 338 269 339 278 
TETRA 818 816 1469 1470 
TETRA 1355 1354 1356 1362 
TETRA 846 852 847 851 
TETRA 587 617 592 586 
TETRA 413 455 456 457 
TETRA 955 664 659 954 
TETRA 83 78 100 101 
TETRA 1261 953 1260 948 
TETRA 1328 1522 1515 1524 
TETRA 589 618 588 626 
TETRA 662 960 1486 958 
TETRA 1317 1022 1320 1318 
TETRA 1096 1095 1019 1021 
TETRA 1087 1088 1093 1090 
TETRA 2113 1672 2112 1678 
TETRA 1505 532 1400 531 
TETRA 941 642 964 938 
TETRA 426 132 391 441 
TETRA 1003 1002 1089 1091 
TETRA 562 564 1806 1808 
TETRA 1642 1657 1659 1643 
TETRA 1636 1639 1643 1644 
TETRA 695 693 912 1458 
TETRA 192 196 191 184 
TETRA 290 298 294 306 
TETRA 1130 1167 1170 1162 
TETRA 698 707 890 692 
TETRA 1720 1719 1722 1721 
TETRA 12 17 16 1837 
TETRA 1266 1259 1262 1261 
TETRA 1730 1509 305 301 
TETRA 482 486 489 485 
TETRA 948 951 952 1260 
TETRA 865 864 1426 918 
TETRA 1318 530 524 1322 
TETRA 291 295 292 286 
TETRA 1094 1087 1088 1093 
TETRA 37 35 47 34 
TETRA 1505 1506 1400 532 
TETRA 653 964 955 965 
TETRA 2044 2036 2040 2046 
TETRA 552 1375 481 1380 
TETRA 425 438 426 439 
TETRA 425 428 430 424 
TETRA 807 2166 1916 1912 
TETRA 1083 1079 1085 374 
TETRA 490 460 472 1792 
TETRA 1352 1353 1348 1387 
TETRA 662 954 664 1450 
TETRA 32 46 25 1833 
TETRA 2042 1727 2041 1575 
TETRA 438 439 1142 1143 
TETRA 159 1136 1213 171 
TETRA 1261 956 953 2292 
TETRA 1903 810 811 809 
TETRA 489 560 485 567 
TETRA 1635 1711 1626 1637 
TETRA 1096 1095 1021 2128 
TETRA 1084 1090 1103 1047 
TETRA 905 904 902 911 
TETRA 1719 1726 1721 1716 
TETRA 1833 28 2061 27 
TETRA 652 947 946 951 
TETRA 1732 302 1731 1610 
TETRA 1869 1889 1890 823 
TETRA 1484 2144 2150 2143 
TETRA 1818 1579 1568 1570 
TETRA 647 649 650 642 
TETRA 1159 1184 1185 1158 
TETRA 1129 1795 1799 1796 
TETRA 1720 249 1722 245 
TETRA 1261 953 1266 1259 
TETRA 1099 2286 1046 2276 
TETRA 1478 1881 1419 1479 
TETRA 485 484 576 560 
TETRA 2108 2110 1649 2109 
TETRA 1021 2228 1309 1840 
TETRA 1083 1084 1090 1085 
TETRA 12 56 13 14 
TETRA 2188 804 803 1915 
TETRA 1505 531 1311 1312 
TETRA 652 951 949 948 
TETRA 1014 1005 1009 998 
TETRA 1144 1147 1146 1148 
TETRA 1048 1004 1028 999 
TETRA 570 572 569 571 
TETRA 1385 1403 1356 1391 
TETRA 1026 1096 1019 1022 
TETRA 214 218 1212 2022 
TETRA 1259 1260 1263 1262 
TETRA 1173 220 1164 1172 
TETRA 857 836 825 850 
TETRA 639 663 625 638 
TETRA 442 1120 419 1085 
TETRA 1261 1266 953 956 
TETRA 1669 1670 1674 2124 
TETRA 1880 1883 1881 1882 
TETRA 485 560 576 567 
TETRA 478 1215 1804 485 
TETRA 1021 1840 2128 2228 
TETRA 1083 1088 1087 1090 
TETRA 832 836 1901 839 
TETRA 1618 309 1626 1634 
TETRA 652 946 945 951 
TETRA 1930 1932 1933 1929 
TETRA 23 6 3 36 
TETRA 1577 1582 1600 1599 
TETRA 2057 2056 2052 2055 
TETRA 911 1470 1475 1473 
TETRA 681 675 685 684 
TETRA 1536 1535 1542 1544 
TETRA 850 864 856 863 
TETRA 843 1415 842 826 
TETRA 1268 1271 1267 960 
TETRA 1944 1938 1956 2001 
TETRA 276 310 280 281 
TETRA 709 712 713 711 
TETRA 1895 2198 2196 2197 
TETRA 1611 6 1845 1844 
TETRA 1880 1881 1883 1433 
TETRA 1269 1398 960 956 
TETRA 2214 1582 1583 1584 
TETRA 381 2133 370 380 
TETRA 1096 2128 1021 1840 
TETRA 1083 1090 1087 1086 
TETRA 836 1901 839 848 
TETRA 652 951 945 950 
TETRA 18 22 21 1612 
TETRA 944 647 942 943 
TETRA 587 583 588 584 
TETRA 710 709 699 711 
TETRA 1061 1064 461 456 
TETRA 1891 1298 2015 1866 
TETRA 1277 1280 1279 1278 
TETRA 1038 492 1216 1062 
TETRA 1944 1999 1997 1998 
TETRA 2040 1575 1599 1604 
TETRA 83 105 106 100 
TETRA 748 769 770 762 
TETRA 250 271 251 261 
TETRA 111 134 113 110 
TETRA 1895 2198 2020 1893 
TETRA 897 880 885 881 
TETRA 1266 956 1269 960 
TETRA 1187 1165 229 318 
TETRA 1012 2224 2226 2225 
TETRA 1083 1085 1090 1086 
TETRA 1427 1811 1888 2020 
TETRA 1087 1097 1100 1562 
TETRA 1502 1400 1504 1503 
TETRA 652 653 654 950 
TETRA 1731 1733 1745 1170 
TETRA 462 1786 454 1787 
TETRA 1062 1037 1049 1051 
TETRA 949 953 952 961 
TETRA 1618 1631 1619 1617 
TETRA 595 916 606 1420 
TETRA 1156 1161 1175 1176 
TETRA 1948 1944 1956 2000 
TETRA 777 772 782 775 
TETRA 787 793 794 789 
TETRA 2196 2168 2194 2169 
TETRA 165 140 148 187 
TETRA 897 769 775 912 
TETRA 1264 1310 1020 1309 
TETRA 1083 1090 1084 1047 
TETRA 728 719 720 712 
TETRA 1504 1270 1262 1503 
TETRA 652 950 945 653 
TETRA 2026 1709 1714 2066 
TETRA 658 960 958 956 
TETRA 402 400 416 403 
TETRA 981 985 973 1229 
TETRA 303 302 1533 1609 
TETRA 1642 1645 1649 1650 
TETRA 67 51 47 71 
TETRA 1191 295 286 238 
TETRA 238 239 317 1193 
TETRA 201 226 1725 197 
TETRA 1969 1964 1962 1968 
TETRA 233 228 235 226 
TETRA 1572 1571 166 1573 
TETRA 1895 2197 2196 2168 
TETRA 897 880 692 885 
TETRA 1264 2228 1273 1309 
TETRA 1103 2136 1108 1106 
TETRA 857 858 836 849 
TETRA 1484 2151 2150 1485 
TETRA 117 114 124 150 
TETRA 658 957 953 956 
TETRA 1165 1185 1755 1206 
TETRA 731 734 735 1466 
TETRA 310 1618 312 311 
TETRA 137 1141 437 1140 
TETRA 1681 1684 1645 1685 
TETRA 863 1888 873 1427 
TETRA 517 514 508 515 
TETRA 1159 1155 1157 221 
TETRA 479 480 474 481 
TETRA 535 1326 1328 1327 
TETRA 37 40 35 36 
TETRA 227 222 224 307 
TETRA 196 1198 1188 1826 
TETRA 462 466 464 465 
TETRA 373 2284 1046 2283 
TETRA 1659 1643 1695 1692 
TETRA 1653 1655 1660 2118 
TETRA 1108 1085 1817 1086 
TETRA 857 849 862 859 
TETRA 652 947 951 948 
TETRA 1063 477 461 1067 
TETRA 303 1609 1533 1848 
TETRA 981 985 1032 982 
TETRA 1521 1513 1729 1528 
TETRA 1514 1321 1551 1322 
TETRA 521 525 524 526 
TETRA 1535 1534 1546 1547 
TETRA 1125 1134 1144 1124 
TETRA 1296 2011 1300 1299 
TETRA 448 1121 1122 446 
TETRA 161 157 153 160 
TETRA 55 1562 1100 1097 
TETRA 1213 1147 1565 1151 
TETRA 396 421 388 443 
TETRA 1944 2001 1956 2000 
TETRA 2196 2167 2168 2169 
TETRA 243 233 235 226 
TETRA 1734 1744 2246 2240 
TETRA 2203 1104 1106 2136 
TETRA 1046 1244 2279 2277 
TETRA 857 849 859 858 
TETRA 652 654 949 950 
TETRA 1621 1619 1618 1622 
TETRA 105 139 86 119 
TETRA 1969 2183 1966 1964 
TETRA 1328 1326 1323 1522 
TETRA 1212 2223 1590 2035 
TETRA 2074 1695 2085 2075 
TETRA 832 820 835 836 
TETRA 747 764 735 763 
TETRA 1191 294 291 295 
TETRA 691 886 923 924 
TETRA 192 1201 200 1198 
TETRA 157 154 160 170 
TETRA 1960 1965 1966 1967 
TETRA 1944 2000 1997 1999 
TETRA 1583 1584 1585 1109 
TETRA 1087 2129 2061 2063 
TETRA 2070 2081 2080 2078 
TETRA 1012 1274 2228 2226 
TETRA 1805 456 460 459 
TETRA 835 859 870 858 
TETRA 896 881 884 894 
TETRA 1083 1085 1079 1084 
TETRA 1508 1865 1304 1866 
TETRA 989 990 950 992 
TETRA 1514 1551 1528 1515 
TETRA 1017 520 990 986 
TETRA 676 668 669 675 
TETRA 331 281 280 312 
TETRA 2135 2219 2204 2205 
TETRA 26 21 30 31 
TETRA 1948 1945 1944 2000 
TETRA 12 1839 56 14 
TETRA 516 522 991 531 
TETRA 1020 2228 1012 1264 
TETRA 1108 1106 2136 2135 
TETRA 373 1081 2282 2283 
TETRA 860 870 835 859 
TETRA 26 19 21 31 
TETRA 534 506 507 536 
TETRA 1529 1521 1732 1528 
TETRA 807 1912 1911 2166 
TETRA 1399 1400 1503 1500 
TETRA 997 1002 998 1005 
TETRA 1688 1643 1659 1692 
TETRA 1576 2041 2039 1568 
TETRA 1009 1007 997 1005 
TETRA 602 933 922 935 
TETRA 1533 1540 1532 1539 
TETRA 1318 1324 1557 1551 
TETRA 261 99 93 94 
TETRA 1948 1955 1945 2000 
TETRA 1925 1993 1922 1938 
TETRA 1305 1302 1304 2138 
TETRA 952 1020 1010 1012 
TETRA 1108 1109 2135 1817 
TETRA 2061 2125 2127 2059 
TETRA 1744 2239 2249 2240 
TETRA 835 871 1898 870 
TETRA 1296 2009 1292 2159 
TETRA 989 991 952 951 
TETRA 813 811 786 812 
TETRA 1568 339 2039 1819 
TETRA 42 45 44 92 
TETRA 414 1045 413 1250 
TETRA 373 2283 1046 1079 
TETRA 1529 1527 1741 1521 
TETRA 1501 1410 1411 1407 
TETRA 1615 332 1620 312 
TETRA 666 670 662 671 
TETRA 1303 1302 1298 1304 
TETRA 117 124 151 150 
TETRA 85 116 118 88 
TETRA 104 109 110 103 
TETRA 316 323 318 295 
TETRA 286 285 314 315 
TETRA 1948 2000 1956 1955 
TETRA 2203 2136 1106 2205 
TETRA 1811 2017 2198 2211 
TETRA 2053 2054 2050 2063 
TETRA 1008 1012 2228 2226 
TETRA 1881 2209 1480 2208 
TETRA 1984 2181 1982 1987 
TETRA 373 2279 1046 2284 
TETRA 1502 1504 1260 1262 
TETRA 652 949 654 948 
TETRA 398 419 395 442 
TETRA 261 343 93 342 
TETRA 1621 1620 1615 1619 
TETRA 1003 1091 1089 1050 
TETRA 731 727 730 821 
TETRA 1473 1472 1470 1474 
TETRA 491 481 549 551 
TETRA 1110 1115 1114 1113 
TETRA 66 354 361 360 
TETRA 508 1341 510 509 
TETRA 1710 1713 1715 1714 
TETRA 841 1406 1411 1407 
TETRA 606 918 1419 864 
TETRA 2214 2215 2050 2118 
TETRA 1944 1997 2000 1945 
TETRA 372 1088 1099 1100 
TETRA 913 2151 914 1476 
TETRA 1008 1020 1012 1010 
TETRA 1881 1882 1883 2208 
TETRA 390 2134 2131 385 
TETRA 835 1901 1899 834 
TETRA 784 721 1461 793 
TETRA 652 948 654 947 
TETRA 1032 622 1029 1031 
TETRA 574 577 485 567 
TETRA 1922 2160 2163 1296 
TETRA 1089 1091 1093 1101 
TETRA 1569 1574 1571 1570 
TETRA 468 494 470 477 
TETRA 166 188 1569 1570 
TETRA 1189 238 236 1187 
TETRA 526 1024 535 1241 
TETRA 1651 1642 1670 1650 
TETRA 104 83 87 106 
TETRA 1944 1998 2001 1999 
TETRA 373 377 2282 376 
TETRA 787 793 792 794 
TETRA 1008 1012 1020 2228 
TETRA 1883 2208 1882 2207 
TETRA 2060 1087 1086 46 
TETRA 954 1450 1276 1013 
TETRA 835 1898 1901 858 
TETRA 2052 2059 28 2121 
TETRA 652 654 655 947 
TETRA 1930 1934 1935 1933 
TETRA 1280 1278 1285 2145 
TETRA 1750 1753 1752 324 
TETRA 594 593 591 600 
TETRA 1359 1365 1369 1370 
TETRA 976 939 978 977 
TETRA 1034 1038 1057 1058 
TETRA 1211 170 1151 171 
TETRA 886 885 880 878 
TETRA 534 542 540 541 
TETRA 122 173 165 178 
TETRA 1017 520 972 984 
TETRA 570 1433 1434 572 
TETRA 1411 1487 1403 1412 
TETRA 300 301 299 298 
TETRA 287 288 292 289 
TETRA 1030 1035 1041 1033 
TETRA 117 123 120 122 
TETRA 566 1495 2257 2258 
TETRA 373 2282 1081 376 
TETRA 2018 1595 1808 2017 
TETRA 1012 2224 1274 2226 
TETRA 1881 1885 1480 2209 
TETRA 835 1898 1899 1901 
TETRA 1502 1262 1269 1503 
TETRA 647 648 943 651 
TETRA 2018 1813 2021 2019 
TETRA 1614 1615 30 31 
TETRA 1477 1476 1478 1479 
TETRA 1805 1804 456 459 
TETRA 1636 1638 1643 1639 
TETRA 213 215 214 217 
TETRA 91 97 42 48 
TETRA 1569 198 206 193 
TETRA 1457 1458 1481 693 
TETRA 1744 2247 2248 1773 
TETRA 1 6 8 7 
TETRA 373 2279 2278 2277 
TETRA 796 799 789 798 
TETRA 2089 2090 2087 2088 
TETRA 1003 1091 1004 1002 
TETRA 2089 2071 2087 2086 
TETRA 1726 205 1716 1715 
TETRA 819 731 1462 1463 
TETRA 1502 531 1504 1400 
TETRA 652 947 655 946 
TETRA 2092 1659 2116 1658 
TETRA 906 910 1460 913 
TETRA 699 703 711 702 
TETRA 625 626 624 631 
TETRA 1646 1703 1702 1704 
TETRA 1507 1891 1508 1311 
TETRA 944 942 941 945 
TETRA 164 151 1566 173 
TETRA 1394 1393 1356 1392 
TETRA 588 619 620 617 
TETRA 695 1458 694 693 
TETRA 181 165 188 167 
TETRA 1980 1992 1926 1991 
TETRA 2223 1592 1212 1590 
TETRA 665 1446 1450 664 
TETRA 2230 2225 2229 2226 
TETRA 1883 1882 1437 2207 
TETRA 819 1462 821 828 
TETRA 824 1888 1416 1873 
TETRA 556 1495 1497 1496 
TETRA 652 943 655 651 
TETRA 1279 1287 1282 1274 
TETRA 501 507 508 537 
TETRA 2070 2074 2077 2072 
TETRA 1068 1045 1065 1073 
TETRA 1969 1964 1968 1973 
TETRA 373 2273 378 379 
TETRA 193 1721 206 1727 
TETRA 1187 1202 1206 1205 
TETRA 66 359 358 365 
TETRA 574 1432 578 577 
TETRA 963 664 954 1013 
TETRA 1980 1926 1931 1939 
TETRA 1124 1148 1118 1111 
TETRA 2018 2021 1595 2211 
TETRA 1635 1623 1637 1626 
TETRA 896 885 884 881 
TETRA 1434 1437 1883 1438 
TETRA 901 896 905 911 
TETRA 789 799 1295 798 
TETRA 689 694 688 687 
TETRA 967 972 970 974 
TETRA 590 582 578 581 
TETRA 1190 318 1606 295 
TETRA 1108 1817 1085 1109 
TETRA 2074 2077 2072 2071 
TETRA 2046 2038 2048 1660 
TETRA 638 665 662 664 
TETRA 381 383 384 371 
TETRA 1187 1188 1186 1203 
TETRA 371 373 374 375 
TETRA 236 1195 242 1197 
TETRA 1350 1353 1352 1385 
TETRA 1765 293 299 294 
TETRA 261 342 263 343 
TETRA 570 578 575 917 
TETRA 81 83 77 82 
TETRA 1925 1938 1922 1923 
TETRA 736 738 739 740 
TETRA 2046 2039 2036 2040 
TETRA 1579 1819 1582 1583 
TETRA 1883 1437 1882 2153 
TETRA 1295 798 2163 1296 
TETRA 2193 2185 2184 2186 
TETRA 902 911 910 906 
TETRA 818 1900 1897 814 
TETRA 647 649 648 651 
TETRA 566 2258 1428 1417 
TETRA 336 1711 1832 1627 
TETRA 881 884 894 1474 
TETRA 901 897 774 896 
TETRA 1529 1740 1521 1741 
TETRA 463 1788 417 453 
TETRA 733 734 731 1468 
TETRA 1403 1399 1406 1415 
TETRA 409 417 415 416 
TETRA 473 472 490 460 
TETRA 1164 1163 1155 221 
TETRA 2089 2096 2095 1664 
TETRA 1529 1532 1533 1735 
TETRA 646 941 938 642 
TETRA 247 1722 249 245 
TETRA 1159 1166 1183 1167 
TETRA 1268 960 1269 1271 
TETRA 116 119 105 86 
TETRA 1527 1742 1741 2260 
TETRA 740 772 739 776 
TETRA 566 577 2257 567 
TETRA 911 910 906 913 
TETRA 1883 2153 1485 1438 
TETRA 2089 2096 1664 2102 
TETRA 773 784 782 783 
TETRA 900 774 762 757 
TETRA 556 1495 567 566 
TETRA 944 942 647 941 
TETRA 2173 2156 2174 2177 
TETRA 819 1468 731 1466 
TETRA 900 904 905 757 
TETRA 44 280 32 43 
TETRA 52 53 54 57 
TETRA 1506 1503 1505 1400 
TETRA 1286 1281 1280 1288 
TETRA 214 1603 1587 1586 
TETRA 1434 1104 1050 573 
TETRA 1722 1725 1726 1724 
TETRA 1213 1214 437 1139 
TETRA 1216 475 1217 1062 
TETRA 128 105 113 127 
TETRA 1980 1991 1926 1939 
TETRA 1925 1991 1922 1993 
TETRA 743 730 728 729 
TETRA 1936 1979 1953 1956 
TETRA 1883 1438 1437 2153 
TETRA 1164 220 1154 1163 
TETRA 52 55 11 34 
TETRA 820 834 818 1468 
TETRA 2044 2046 2040 1718 
TETRA 2168 2166 2164 1895 
TETRA 1728 1629 1730 301 
TETRA 1577 1599 1600 1575 
TETRA 2257 1495 566 567 
TETRA 280 335 332 312 
TETRA 428 433 430 432 
TETRA 818 816 872 824 
TETRA 1860 1510 1312 1512 
TETRA 911 906 881 913 
TETRA 659 964 663 664 
TETRA 568 1423 565 577 
TETRA 1536 1538 1842 1539 
TETRA 1636 1644 1640 1639 
TETRA 1646 1690 1689 1704 
TETRA 1732 1729 1731 302 
TETRA 293 291 287 290 
TETRA 413 454 455 453 
TETRA 1981 1927 1980 1917 
TETRA 881 1474 883 884 
TETRA 2255 1429 607 608 
TETRA 1104 1438 2136 1437 
TETRA 833 819 820 831 
TETRA 2070 2079 2073 2072 
TETRA 52 56 12 55 
TETRA 647 943 652 651 
TETRA 1757 1749 1762 1747 
TETRA 318 319 1753 324 
TETRA 1061 1217 1064 456 
TETRA 1500 1506 1892 1810 
TETRA 1260 531 991 1263 
TETRA 654 655 947 657 
TETRA 639 641 642 638 
TETRA 1038 1219 1058 1218 
TETRA 630 663 583 580 
TETRA 1027 1231 984 1230 
TETRA 270 341 44 337 
TETRA 1980 1939 1932 1990 
TETRA 186 185 191 1567 
TETRA 1434 1438 1104 1437 
TETRA 819 1466 833 1468 
TETRA 900 757 762 753 
TETRA 881 1474 1473 882 
TETRA 944 652 647 943 
TETRA 1457 1484 1481 1458 
TETRA 425 426 423 439 
TETRA 1147 1148 1214 1585 
TETRA 1555 1556 1319 1315 
TETRA 876 914 917 1880 
TETRA 863 1888 824 873 
TETRA 879 916 606 917 
TETRA 2188 1977 1972 1915 
TETRA 277 279 281 280 
TETRA 698 707 706 892 
TETRA 1565 1573 1580 1151 
TETRA 654 659 658 954 
TETRA 1932 2178 1985 2179 
TETRA 381 2133 380 387 
TETRA 1091 1449 1005 1101 
TETRA 1319 2137 1316 1556 
TETRA 688 672 1456 927 
TETRA 911 906 896 881 
TETRA 2053 1627 2049 2052 
TETRA 436 159 1213 437 
TETRA 1129 1793 1790 1597 
TETRA 181 180 178 183 
TETRA 818 1899 1898 1897 
TETRA 799 808 2163 798 
TETRA 997 1005 1006 1002 
TETRA 1671 1668 1642 1670 
TETRA 1156 169 1160 1158 
TETRA 2044 2040 2036 2034 
TETRA 388 371 375 376 
TETRA 1346 1345 1379 553 
TETRA 1980 1989 1932 1981 
TETRA 998 1005 1091 1449 
TETRA 1970 2186 1972 1971 
TETRA 1972 1913 1971 2187 
TETRA 1003 1050 1004 1091 
TETRA 81 103 87 82 
TETRA 881 1473 875 882 
TETRA 1317 1316 1319 1309 
TETRA 1606 1608 323 318 
TETRA 1731 1764 1170 1610 
TETRA 1535 1546 1545 1542 
TETRA 489 563 556 566 
TETRA 818 835 1899 834 
TETRA 1305 1865 1314 1864 
TETRA 1604 2022 2033 2032 
TETRA 436 434 1125 1133 
TETRA 1053 1223 621 1221 
TETRA 1980 1990 1932 1989 
TETRA 1091 1104 1438 2136 
TETRA 688 674 666 673 
TETRA 2110 1687 1649 2114 
TETRA 1502 1359 1357 1260 
TETRA 261 269 143 341 
TETRA 192 190 186 189 
TETRA 300 1612 1611 1542 
TETRA 981 985 1229 1228 
TETRA 818 834 1900 1468 
TETRA 482 489 488 556 
TETRA 463 1791 1790 1793 
TETRA 1270 1264 1308 1311 
TETRA 727 726 720 729 
TETRA 294 281 306 308 
TETRA 1123 433 448 432 
TETRA 1306 1273 1308 1270 
TETRA 81 103 104 87 
TETRA 1447 1440 1439 1441 
TETRA 1091 1102 1449 1101 
TETRA 688 674 673 927 
TETRA 2026 2027 1710 1709 
TETRA 2203 1106 1114 2204 
TETRA 1450 960 662 954 
TETRA 1448 1449 1485 1483 
TETRA 818 1898 835 871 
TETRA 556 555 1384 488 
TETRA 599 634 667 677 
TETRA 570 485 569 573 
TETRA 1969 2183 1964 1973 
TETRA 1604 217 2032 2024 
TETRA 2029 2028 2030 2031 
TETRA 1884 1479 1881 1885 
TETRA 2165 1911 1874 2166 
TETRA 248 251 350 268 
TETRA 1980 1981 1917 1988 
TETRA 800 803 804 799 
TETRA 1308 2138 1315 1302 
TETRA 1103 1104 1091 2136 
TETRA 81 101 104 102 
TETRA 2142 726 729 1890 
TETRA 823 1890 821 822 
TETRA 662 665 1450 664 
TETRA 599 630 591 598 
TETRA 403 447 446 416 
TETRA 1521 1528 1515 1513 
TETRA 333 332 1615 312 
TETRA 1034 1056 1057 1035 
TETRA 1406 1415 1399 1503 
TETRA 818 1898 1896 1897 
TETRA 1115 1804 1803 1113 
TETRA 847 856 850 855 
TETRA 117 151 122 150 
TETRA 1259 1260 952 1263 
TETRA 646 938 941 940 
TETRA 447 416 1121 446 
TETRA 143 269 148 142 
TETRA 1765 1606 293 295 
TETRA 161 165 175 167 
TETRA 1980 1981 1988 1989 
TETRA 787 790 785 789 
TETRA 1314 2138 1864 1863 
TETRA 1103 2136 1091 1102 
TETRA 19 16 18 1556 
TETRA 1340 553 549 1401 
TETRA 1962 1950 1937 1979 
TETRA 2214 2135 1583 1817 
TETRA 556 488 1384 563 
TETRA 1385 1391 1356 1389 
TETRA 681 666 685 675 
TETRA 1688 1659 1643 1647 
TETRA 1117 1118 457 1113 
TETRA 155 158 157 156 
TETRA 843 1402 1403 1415 
TETRA 599 667 634 630 
TETRA 388 392 390 389 
TETRA 121 149 122 147 
TETRA 1932 2180 1985 1989 
TETRA 1091 2136 1438 1102 
TETRA 394 393 388 421 
TETRA 78 72 100 351 
TETRA 1157 1152 1211 1163 
TETRA 1508 1509 1861 1866 
TETRA 556 1384 566 563 
TETRA 599 677 667 678 
TETRA 710 699 709 698 
TETRA 1036 1034 1030 1037 
TETRA 644 624 938 939 
TETRA 905 1473 881 1474 
TETRA 1606 318 1605 1168 
TETRA 1130 1802 1180 1800 
TETRA 1642 1647 1659 1648 
TETRA 1038 1061 1062 1037 
TETRA 271 260 261 250 
TETRA 241 283 252 253 
TETRA 1934 1997 1940 1994 
TETRA 1091 1449 1102 1438 
TETRA 203 199 197 198 
TETRA 2068 2065 2033 2067 
TETRA 726 715 717 1870 
TETRA 952 991 992 1263 
TETRA 1029 983 984 1028 
TETRA 227 228 233 226 
TETRA 1355 1364 1360 1365 
TETRA 1045 1248 1247 1044 
TETRA 556 1384 1402 566 
TETRA 949 952 962 961 
TETRA 1581 1588 1150 1598 
TETRA 491 548 549 480 
TETRA 1619 1622 1631 1618 
TETRA 501 505 534 538 
TETRA 77 73 76 72 
TETRA 1130 433 1129 1178 
TETRA 818 1900 1899 1897 
TETRA 1156 1162 1159 1130 
TETRA 1411 1406 1394 1488 
TETRA 726 1284 729 1890 
TETRA 1577 1575 1574 1601 
TETRA 1980 1917 1926 1988 
TETRA 736 732 741 735 
TETRA 1103 2136 1106 1104 
TETRA 1459 791 2150 2149 
TETRA 1744 2248 2247 2249 
TETRA 52 59 49 57 
TETRA 12 1837 55 1838 
TETRA 1750 323 1749 1608 
TETRA 602 678 922 933 
TETRA 1860 1312 1313 1321 
TETRA 2074 2077 2071 2076 
TETRA 1978 2173 2172 2157 
TETRA 496 493 498 499 
TETRA 438 429 1141 440 
TETRA 1286 1283 1282 1291 
TETRA 227 225 224 222 
TETRA 493 534 467 545 
TETRA 770 773 738 739 
TETRA 1924 1931 1925 1923 
TETRA 1004 1091 1050 1438 
TETRA 1915 1973 1968 1977 
TETRA 508 516 548 537 
TETRA 2043 1718 1710 2027 
TETRA 802 1977 1906 1905 
TETRA 1804 485 569 561 
TETRA 1621 1619 1623 1624 
TETRA 1121 417 416 415 
TETRA 161 164 160 153 
TETRA 137 1141 1138 136 
TETRA 252 241 250 245 
TETRA 885 878 881 880 
TETRA 869 870 874 871 
TETRA 37 4 35 34 
TETRA 817 785 816 822 
TETRA 436 1137 137 1140 
TETRA 1189 232 236 238 
TETRA 1323 1322 524 530 
TETRA 282 277 281 283 
TETRA 1974 1962 1968 1920 
TETRA 752 754 759 758 
TETRA 2214 2038 2050 1819 
TETRA 728 1462 712 727 
TETRA 996 1004 983 998 
TETRA 1048 1051 1050 1049 
TETRA 1121 416 1790 446 
TETRA 818 814 733 755 
TETRA 818 1896 1898 871 
TETRA 388 392 1564 443 
TETRA 1187 1195 1767 1194 
TETRA 1018 1008 1010 1020 
TETRA 733 816 765 815 
TETRA 300 293 296 297 
TETRA 192 1830 1200 1201 
TETRA 316 295 292 323 
TETRA 692 691 880 682 
TETRA 955 1016 1014 950 
TETRA 1974 1921 1923 1920 
TETRA 1925 1993 1939 1991 
TETRA 516 537 532 548 
TETRA 1811 2211 2198 2021 
TETRA 2148 2145 801 794 
TETRA 1091 1104 1050 1438 
TETRA 517 520 519 1370 
TETRA 818 1896 1469 815 
TETRA 1121 457 1118 458 
TETRA 1313 1770 1314 1861 
TETRA 1328 1515 1323 1329 
TETRA 989 952 992 950 
TETRA 866 1877 859 1876 
TETRA 1442 1435 1443 1441 
TETRA 2026 2028 2025 2027 
TETRA 1 15 12 14 
TETRA 954 664 1450 1013 
TETRA 1974 1977 1915 1968 
TETRA 1720 269 251 278 
TETRA 898 774 900 757 
TETRA 230 318 1187 229 
TETRA 140 172 139 141 
TETRA 372 1088 373 1099 
TETRA 1004 1050 1258 1438 
TETRA 818 1469 1896 871 
TETRA 602 678 599 598 
TETRA 1083 1084 1079 1047 
TETRA 1642 1654 1652 1668 
TETRA 1653 1657 1637 1660 
TETRA 1277 1278 1279 1275 
TETRA 526 1334 535 536 
TETRA 691 926 887 924 
TETRA 1126 1128 1127 1154 
TETRA 391 375 1563 442 
TETRA 199 192 200 197 
TETRA 1186 1198 1203 1188 
TETRA 1974 1915 1921 1920 
TETRA 67 65 68 69 
TETRA 728 720 727 712 
TETRA 1267 725 722 723 
TETRA 895 896 774 897 
TETRA 847 853 856 854 
TETRA 2203 2136 2205 1437 
TETRA 996 983 1004 999 
TETRA 602 933 601 678 
TETRA 1502 1503 1399 1400 
TETRA 666 1454 1486 1455 
TETRA 3 1613 36 6 
TETRA 1616 312 1618 311 
TETRA 769 783 782 1459 
TETRA 568 565 1423 1424 
TETRA 638 664 662 659 
TETRA 1805 1806 486 561 
TETRA 1164 1165 1169 221 
TETRA 1303 1304 1305 1302 
TETRA 1350 1353 1385 1356 
TETRA 354 355 361 2133 
TETRA 688 723 672 1455 
TETRA 1974 1915 803 1921 
TETRA 1124 1118 1148 1127 
TETRA 895 774 898 893 
TETRA 2060 1086 1087 2063 
TETRA 1863 2138 1864 2014 
TETRA 1666 1661 1660 2037 
TETRA 1004 1050 1028 1258 
TETRA 871 872 818 1470 
TETRA 807 2164 1916 2166 
TETRA 602 599 678 601 
TETRA 1384 1506 1400 1500 
TETRA 479 481 1216 483 
TETRA 1447 663 623 964 
TETRA 895 893 898 894 
TETRA 435 433 1134 434 
TETRA 238 239 1187 1194 
TETRA 1329 1513 1512 1510 
TETRA 159 1213 1139 170 
TETRA 1216 1217 475 478 
TETRA 1266 1268 1269 1262 
TETRA 1974 803 1915 1977 
TETRA 213 216 215 217 
TETRA 1212 1592 2223 2022 
TETRA 895 896 897 889 
TETRA 2081 2083 1695 2232 
TETRA 1979 1996 2174 1995 
TETRA 1004 1028 983 1258 
TETRA 1471 824 1873 873 
TETRA 462 470 1783 1787 
TETRA 952 1010 962 1012 
TETRA 1585 1584 1112 1109 
TETRA 462 463 455 453 
TETRA 863 1423 1888 1427 
TETRA 967 974 970 969 
TETRA 1018 993 1019 1022 
TETRA 482 489 487 488 
TETRA 1757 1610 1734 1745 
TETRA 1211 1151 1580 1573 
TETRA 995 993 1018 992 
TETRA 1974 1968 1976 1977 
TETRA 570 917 575 1433 
TETRA 895 898 774 896 
TETRA 243 234 233 226 
TETRA 1004 983 1028 999 
TETRA 873 1895 1427 1888 
TETRA 462 1783 1780 1782 
TETRA 602 598 595 916 
TETRA 1016 1258 1004 983 
TETRA 1621 1623 1625 1624 
TETRA 658 956 954 960 
TETRA 754 814 758 755 
TETRA 1869 1891 1307 1889 
TETRA 16 27 1097 1840 
TETRA 574 570 573 485 
TETRA 241 243 244 233 
TETRA 625 638 663 630 
TETRA 1614 30 21 31 
TETRA 66 354 360 356 
TETRA 1960 1949 1950 1959 
TETRA 37 39 40 36 
TETRA 1527 1856 1524 1857 
TETRA 885 881 878 884 
TETRA 1734 2243 2246 2245 
TETRA 2052 2124 2121 2122 
TETRA 1264 1274 1273 2228 
TETRA 1875 811 1477 1480 
TETRA 1805 459 1807 1806 
TETRA 2046 1660 2048 1718 
TETRA 873 1874 1427 1895 
TETRA 602 916 678 598 
TETRA 782 1461 718 912 
TETRA 99 44 341 92 
TETRA 166 160 188 172 
TETRA 2165 2166 807 1911 
TETRA 1038 1057 1058 1039 
TETRA 685 931 680 684 
TETRA 310 306 281 308 
TETRA 292 328 288 320 
TETRA 1156 1153 1130 1132 
TETRA 373 2275 2276 2274 
TETRA 1406 1489 723 1488 
TETRA 867 870 860 859 
TETRA 52 55 357 2262 
TETRA 2228 1020 1021 1309 
TETRA 998 1091 1005 1002 
TETRA 78 2132 80 79 
TETRA 1875 1427 868 873 
TETRA 462 1780 1783 469 
TETRA 602 935 922 936 
TETRA 584 1431 611 609 
TETRA 303 1847 1541 1843 
TETRA 1457 1481 1484 1485 
TETRA 2029 2031 2030 2033 
TETRA 1529 1738 1739 1737 
TETRA 748 746 744 767 
TETRA 1296 2159 1292 1290 
TETRA 371 377 373 376 
TETRA 1984 1987 1985 1986 
TETRA 867 868 872 869 
TETRA 730 785 729 743 
TETRA 1045 1064 413 1250 
TETRA 1020 2228 1264 1309 
TETRA 1004 1091 998 1002 
TETRA 1904 1910 1480 1909 
TETRA 952 1020 992 1010 
TETRA 602 936 603 935 
TETRA 635 668 634 636 
TETRA 850 856 864 1417 
TETRA 81 82 80 102 
TETRA 1728 1545 1555 1629 
TETRA 52 13 12 56 
TETRA 1003 1092 1000 1046 
TETRA 503 512 511 510 
TETRA 685 929 930 675 
TETRA 1356 1392 1390 1391 
TETRA 1313 1316 1308 1315 
TETRA 1974 1968 1975 1976 
TETRA 373 1099 1046 2276 
TETRA 1527 1856 1531 1742 
TETRA 867 859 866 870 
TETRA 1087 2063 1101 2129 
TETRA 995 1010 997 998 
TETRA 1008 1020 1021 2228 
TETRA 1479 1886 1874 1480 
TETRA 1904 1905 1903 1910 
TETRA 462 469 467 545 
TETRA 1279 2154 1288 2155 
TETRA 1681 1685 1645 1686 
TETRA 1186 1201 1207 1202 
TETRA 425 439 424 440 
TETRA 2042 1575 2040 1604 
TETRA 333 1615 332 24 
TETRA 1045 1073 1248 1044 
TETRA 471 476 491 493 
TETRA 1612 1630 1629 311 
TETRA 1719 278 1723 1712 
TETRA 802 803 797 1976 
TETRA 1578 1583 1565 1580 
TETRA 246 234 226 224 
TETRA 1944 1936 1956 1938 
TETRA 1969 1971 1927 1982 
TETRA 373 2272 2275 2274 
TETRA 1669 1670 2124 2121 
TETRA 867 870 869 871 
TETRA 1113 2199 1112 1816 
TETRA 1317 1310 1020 1022 
TETRA 1924 1920 1919 1926 
TETRA 462 1780 466 1782 
TETRA 2044 2027 2046 1718 
TETRA 2124 2122 1669 2121 
TETRA 325 303 1847 1848 
TETRA 1606 1608 318 1168 
TETRA 840 839 844 845 
TETRA 1156 1175 171 1153 
TETRA 213 216 211 215 
TETRA 1355 1365 1363 1364 
TETRA 731 1468 734 1466 
TETRA 420 1082 1077 1078 
TETRA 186 191 339 269 
TETRA 72 351 71 100 
TETRA 1765 1607 1606 1605 
TETRA 1214 1585 1111 1109 
TETRA 248 350 251 1567 
TETRA 2089 1662 1663 1664 
TETRA 1974 1978 1975 1979 
TETRA 1066 1064 1250 2264 
TETRA 860 873 865 863 
TETRA 373 2272 2274 2273 
TETRA 1447 663 665 580 
TETRA 1969 1983 2184 2186 
TETRA 2044 2027 2025 2028 
TETRA 107 133 390 2131 
TETRA 824 1416 822 1873 
TETRA 462 467 466 545 
TETRA 2085 2086 2071 1695 
TETRA 192 1201 1829 1830 
TETRA 1112 1585 1111 1816 
TETRA 1593 1596 1595 1594 
TETRA 1399 1503 1415 1500 
TETRA 622 979 620 1227 
TETRA 1505 1509 1510 1312 
TETRA 570 568 1419 571 
TETRA 589 626 625 628 
TETRA 1189 228 230 1187 
TETRA 1974 1968 1962 1975 
TETRA 736 728 731 737 
TETRA 373 2272 2273 379 
TETRA 1583 2135 2214 1584 
TETRA 774 899 897 775 
TETRA 1046 2279 1244 1245 
TETRA 824 1873 873 1888 
TETRA 2046 2037 2045 2047 
TETRA 225 201 226 224 
TETRA 261 143 269 268 
TETRA 356 1100 362 363 
TETRA 18 1542 1611 1612 
TETRA 463 1789 1788 1794 
TETRA 1884 1886 1479 1885 
TETRA 1860 1861 1312 1509 
TETRA 690 691 680 931 
TETRA 1186 1200 200 1199 
TETRA 164 173 1566 174 
TETRA 447 1121 448 446 
TETRA 293 291 295 292 
TETRA 1577 1601 1588 1599 
TETRA 1970 1915 1972 1973 
TETRA 1924 1926 1925 1931 
TETRA 373 2274 2278 2273 
TETRA 2214 2037 1582 1584 
TETRA 1447 1441 1445 1446 
TETRA 2120 1652 2119 2054 
TETRA 341 45 337 141 
TETRA 2131 381 351 382 
TETRA 1919 1920 1923 1921 
TETRA 789 788 1295 2141 
TETRA 602 936 922 916 
TETRA 283 241 237 253 
TETRA 491 472 493 537 
TETRA 652 950 949 951 
TETRA 521 530 526 524 
TETRA 1017 994 990 520 
TETRA 1385 1389 1490 1391 
TETRA 644 642 938 663 
TETRA 972 986 974 520 
TETRA 878 881 883 884 
TETRA 578 1428 568 577 
TETRA 621 615 1222 616 
TETRA 206 1721 1716 1727 
TETRA 1386 1387 1352 1383 
TETRA 1974 1920 1968 1915 
TETRA 747 751 760 763 
TETRA 777 781 739 776 
TETRA 373 369 362 2271 
TETRA 867 872 860 871 
TETRA 1305 1314 1311 1308 
TETRA 1595 2211 1590 1592 
TETRA 1919 1920 1914 1917 
TETRA 1517 1518 1774 1775 
TETRA 922 923 934 933 
TETRA 1731 1170 1745 1610 
TETRA 1527 1515 1551 1552 
TETRA 66 358 62 357 
TETRA 905 904 1472 1474 
TETRA 235 200 1186 1198 
TETRA 876 914 915 917 
TETRA 866 862 918 1876 
TETRA 698 892 706 925 
TETRA 181 184 186 185 
TETRA 1123 1129 1122 1128 
TETRA 250 255 241 254 
TETRA 1129 1179 1799 1800 
TETRA 1925 1931 1939 1994 
TETRA 2036 1582 2039 2038 
TETRA 1974 2175 1978 803 
TETRA 578 1430 1429 1417 
TETRA 1730 1629 1861 301 
TETRA 867 866 865 868 
TETRA 1424 1887 2199 2201 
TETRA 991 992 1263 522 
TETRA 1919 1914 1921 1918 
TETRA 823 827 821 1890 
TETRA 922 923 886 934 
TETRA 462 468 470 461 
TETRA 902 904 768 910 
TETRA 658 958 957 956 
TETRA 52 57 56 58 
TETRA 1732 1610 1609 302 
TETRA 828 727 726 715 
TETRA 247 226 196 197 
TETRA 1818 1819 1583 1817 
TETRA 30 1620 1615 332 
TETRA 371 372 362 360 
TETRA 647 646 642 941 
TETRA 154 160 170 172 
TETRA 1970 1968 1915 1973 
TETRA 1359 2297 1368 987 
TETRA 572 2206 1433 2207 
TETRA 901 906 897 896 
TETRA 2062 141 1817 1819 
TETRA 2039 2040 2046 1718 
TETRA 1295 1296 2163 2139 
TETRA 55 11 34 1562 
TETRA 1919 1921 1922 1918 
TETRA 466 1779 1781 1780 
TETRA 1765 1171 299 1607 
TETRA 116 347 121 346 
TETRA 1036 1037 1030 1028 
TETRA 1514 1528 1728 1513 
TETRA 1066 1045 1250 1064 
TETRA 1173 1128 1174 1172 
TETRA 1809 1811 1812 1810 
TETRA 1642 1653 1657 1637 
TETRA 1529 1735 1736 1532 
TETRA 1536 1543 303 1541 
TETRA 21 25 30 24 
TETRA 166 1569 1571 1570 
TETRA 248 242 240 265 
TETRA 1970 1920 1915 1968 
TETRA 1289 2156 1287 1288 
TETRA 1359 1369 2297 1370 
TETRA 1881 2208 1433 2209 
TETRA 1323 1326 1325 1522 
TETRA 390 130 2134 389 
TETRA 2026 2066 2030 2027 
TETRA 1972 2186 2185 2193 
TETRA 705 704 928 927 
TETRA 1581 1150 1585 1598 
TETRA 325 1850 1847 1849 
TETRA 570 569 568 571 
TETRA 227 226 233 234 
TETRA 227 224 226 234 
TETRA 2145 1289 1280 2146 
TETRA 473 1805 490 486 
TETRA 1277 1279 1282 1275 
TETRA 954 1276 961 962 
TETRA 1352 555 1345 1351 
TETRA 1970 1972 2185 1973 
TETRA 569 1803 1436 573 
TETRA 37 48 49 50 
TETRA 1359 1370 2297 986 
TETRA 303 1847 1843 1846 
TETRA 1602 208 1586 1603 
TETRA 813 1472 1469 1470 
TETRA 2074 2085 1695 2084 
TETRA 2089 1657 2071 2086 
TETRA 466 1775 1781 1779 
TETRA 710 694 696 695 
TETRA 1048 1051 1037 1028 
TETRA 1023 993 994 523 
TETRA 975 973 981 966 
TETRA 165 187 160 140 
TETRA 584 586 582 585 
TETRA 768 910 812 1460 
TETRA 53 54 37 52 
TETRA 864 1423 863 1427 
TETRA 1978 2159 2007 2009 
TETRA 718 1461 1482 1458 
TETRA 1951 1952 1957 1958 
TETRA 787 791 790 794 
TETRA 578 1430 1432 1431 
TETRA 275 278 251 270 
TETRA 1447 1442 665 1445 
TETRA 1319 1556 1316 1315 
TETRA 2255 607 1429 2253 
TETRA 1925 1923 1922 1919 
TETRA 705 928 688 927 
TETRA 1750 324 1752 1751 
TETRA 1187 1203 1202 1205 
TETRA 463 453 1786 1788 
TETRA 1189 230 228 232 
TETRA 76 74 86 72 
TETRA 687 1450 722 1271 
TETRA 282 281 277 279 
TETRA 1130 1131 433 1178 
TETRA 741 738 770 745 
TETRA 1947 1949 1942 1952 
TETRA 1359 2297 987 986 
TETRA 1003 999 1025 1000 
TETRA 683 693 687 1446 
TETRA 196 1567 2236 1827 
TETRA 2069 2064 1657 2071 
TETRA 800 801 806 802 
TETRA 78 2132 351 2131 
TETRA 705 927 688 717 
TETRA 1750 1755 1752 1754 
TETRA 250 252 245 251 
TETRA 1517 1771 1519 1520 
TETRA 1384 548 1400 1506 
TETRA 715 712 710 711 
TETRA 1869 1503 1891 1889 
TETRA 863 1423 566 1888 
TETRA 1092 1099 1026 1046 
TETRA 954 961 1450 960 
TETRA 1447 1015 664 1258 
TETRA 1061 475 1062 1217 
TETRA 1950 1949 1952 1959 
TETRA 1402 1497 566 1499 
TETRA 1324 1549 1551 1552 
TETRA 1270 1311 1305 1304 
TETRA 1166 1750 318 1755 
TETRA 10 27 11 1097 
TETRA 1621 1619 1622 1623 
TETRA 318 1755 1204 1205 
TETRA 1385 1490 1403 1391 
TETRA 644 645 625 631 
TETRA 1115 1215 1105 1114 
TETRA 1323 1325 524 1324 
TETRA 1984 1932 1985 1981 
TETRA 1536 1841 1535 1544 
TETRA 181 167 188 189 
TETRA 1359 991 987 971 
TETRA 1881 2208 1883 1433 
TETRA 1323 1325 1324 1558 
TETRA 1451 1011 1013 1483 
TETRA 1507 1508 1891 1866 
TETRA 2134 2132 2131 385 
TETRA 806 805 802 1905 
TETRA 1650 1687 1649 1672 
TETRA 104 101 108 102 
TETRA 1027 1237 1042 1040 
TETRA 304 1764 1608 1607 
TETRA 905 1474 881 894 
TETRA 1645 1647 1686 1685 
TETRA 644 625 624 631 
TETRA 316 323 292 322 
TETRA 1135 1126 1153 1133 
TETRA 1213 1565 170 1151 
TETRA 496 493 495 498 
TETRA 1950 1959 1952 1958 
TETRA 923 924 932 679 
TETRA 2214 2038 2037 2217 
TETRA 1324 1325 1026 1558 
TETRA 1922 2171 2160 1993 
TETRA 139 141 172 1086 
TETRA 2070 2078 2080 2079 
TETRA 806 809 1904 1905 
TETRA 1950 1979 1962 1963 
TETRA 1406 724 1269 1271 
TETRA 517 1365 1359 1370 
TETRA 181 184 180 183 
TETRA 719 1461 782 784 
TETRA 397 421 396 405 
TETRA 1612 1629 1630 1628 
TETRA 199 223 201 200 
TETRA 1604 2024 1714 217 
TETRA 993 997 995 1018 
TETRA 290 294 281 306 
TETRA 796 789 797 798 
TETRA 772 774 775 776 
TETRA 465 2251 1785 1778 
TETRA 683 1445 693 1446 
TETRA 475 460 456 461 
TETRA 2081 1695 2083 2082 
TETRA 1904 1903 809 810 
TETRA 466 1518 1775 542 
TETRA 2152 1883 1880 2153 
TETRA 1360 948 1261 1260 
TETRA 594 602 599 598 
TETRA 507 527 506 513 
TETRA 1605 318 229 1168 
TETRA 1922 808 1921 798 
TETRA 397 400 399 401 
TETRA 1356 1362 1390 1393 
TETRA 1717 1719 1716 1712 
TETRA 680 679 923 678 
TETRA 1565 1151 1147 1585 
TETRA 1950 1958 1963 1959 
TETRA 1527 2260 1524 1856 
TETRA 678 598 916 1445 
TETRA 1904 809 1903 1905 
TETRA 466 542 1775 1779 
TETRA 1087 1097 1562 46 
TETRA 1360 1260 1261 1357 
TETRA 1529 1742 1527 1531 
TETRA 1 3 5 6 
TETRA 1512 1312 1860 1321 
TETRA 1646 1685 1688 1647 
TETRA 1344 1379 1388 1377 
TETRA 1116 1115 1105 1114 
TETRA 660 641 642 661 
TETRA 66 363 362 365 
TETRA 647 652 650 651 
TETRA 1928 1980 1931 1932 
TETRA 1669 1674 1670 1668 
TETRA 682 693 683 1445 
TETRA 599 600 591 629 
TETRA 806 795 809 801 
TETRA 466 542 546 1518 
TETRA 1356 1357 1362 1393 
TETRA 485 1051 576 484 
TETRA 1447 663 964 664 
TETRA 501 508 496 537 
TETRA 1079 373 375 374 
TETRA 1484 2150 1459 2143 
TETRA 1951 1996 1979 1995 
TETRA 1951 1952 1954 1957 
TETRA 777 719 737 712 
TETRA 1436 2206 2203 2202 
TETRA 1657 2071 2064 1661 
TETRA 1527 1552 1550 1858 
TETRA 2120 2054 2119 2123 
TETRA 1903 811 812 809 
TETRA 961 1012 962 1276 
TETRA 784 729 721 793 
TETRA 1356 1393 1394 1357 
TETRA 692 682 880 693 
TETRA 398 446 447 432 
TETRA 1642 1643 1646 1644 
TETRA 587 588 589 618 
TETRA 1318 1313 1321 1319 
TETRA 1186 1207 1200 1208 
TETRA 1352 1388 1379 1383 
TETRA 1129 1745 1793 1170 
TETRA 899 776 778 775 
TETRA 159 1213 437 1139 
TETRA 1951 1958 1957 1995 
TETRA 650 651 661 649 
TETRA 678 598 1445 683 
TETRA 1462 712 727 715 
TETRA 1298 1864 1304 2138 
TETRA 1891 1508 1304 1866 
TETRA 1903 812 811 1480 
TETRA 466 545 543 1779 
TETRA 2074 2084 1695 2083 
TETRA 1360 1367 1261 948 
TETRA 1764 1607 1171 1168 
TETRA 654 957 658 657 
TETRA 754 766 907 814 
TETRA 333 1614 24 334 
TETRA 807 2164 808 1916 
TETRA 1411 1487 1410 1501 
TETRA 1460 791 783 1459 
TETRA 493 472 467 537 
TETRA 1683 1684 1705 1644 
TETRA 282 237 314 253 
TETRA 106 2131 100 133 
TETRA 1156 1158 1159 1157 
TETRA 362 1561 2289 366 
TETRA 297 1849 1846 2263 
TETRA 18 1546 16 17 
TETRA 1839 1838 12 56 
TETRA 16 1556 19 2137 
TETRA 818 1900 814 755 
TETRA 1517 1516 466 465 
TETRA 1298 2138 1302 1297 
TETRA 1360 1261 1361 1357 
TETRA 419 1084 1079 1085 
TETRA 93 92 99 341 
TETRA 1134 1111 1120 1148 
TETRA 1355 1363 1362 1364 
TETRA 1462 731 821 727 
TETRA 1378 1380 1381 1382 
TETRA 1642 1654 1649 1658 
TETRA 867 873 872 868 
TETRA 1757 1168 1608 1170 
TETRA 716 724 726 717 
TETRA 1951 1995 1979 1963 
TETRA 77 78 80 79 
TETRA 1936 1938 1979 1956 
TETRA 277 279 280 270 
TETRA 271 253 252 272 
TETRA 823 824 1416 822 
TETRA 2119 2051 1625 1652 
TETRA 303 1846 1843 1845 
TETRA 478 485 1804 561 
TETRA 113 126 135 134 
TETRA 1517 465 466 1778 
TETRA 879 886 920 922 
TETRA 1360 1361 1261 1367 
TETRA 1578 1565 1573 1580 
TETRA 112 116 87 115 
TETRA 336 278 280 337 
TETRA 2036 1582 2038 2037 
TETRA 1083 1089 1047 1046 
TETRA 1034 1035 1033 1056 
TETRA 2044 2046 2045 2047 
TETRA 850 861 863 825 
TETRA 1809 1810 1812 2016 
TETRA 372 362 356 1100 
TETRA 166 170 160 172 
TETRA 108 130 109 102 
TETRA 820 826 823 825 
TETRA 436 1140 137 437 
TETRA 736 737 738 728 
TETRA 535 1241 1332 1333 
TETRA 678 1445 916 682 
TETRA 810 1874 811 790 
TETRA 1517 1778 466 1777 
TETRA 695 696 710 698 
TETRA 1394 1261 1269 1399 
TETRA 1634 1622 1618 1631 
TETRA 1027 1233 1235 1234 
TETRA 1732 1734 1609 1610 
TETRA 1291 2159 1290 1292 
TETRA 878 883 881 882 
TETRA 1585 1816 1112 1598 
TETRA 1268 1270 1262 1265 
TETRA 1094 1096 1097 1095 
TETRA 1948 1944 1936 1956 
TETRA 1924 1937 1923 1962 
TETRA 201 224 1725 226 
TETRA 292 328 327 289 
TETRA 1969 1927 1962 1966 
TETRA 2135 1583 1817 1109 
TETRA 574 609 578 1431 
TETRA 208 210 211 216 
TETRA 2221 2207 2210 2206 
TETRA 1305 1864 1304 1865 
TETRA 1484 1485 2150 1483 
TETRA 1932 2180 1990 2179 
TETRA 2048 2049 1711 1637 
TETRA 1517 1776 466 1775 
TETRA 707 890 692 885 
TETRA 1261 1393 1357 1394 
TETRA 1313 1312 1308 1310 
TETRA 303 1847 1848 1541 
TETRA 981 1228 1229 977 
TETRA 976 939 977 975 
TETRA 1061 1059 476 477 
TETRA 606 918 1418 1876 
TETRA 214 218 1163 1212 
TETRA 2227 2130 2225 2126 
TETRA 1943 1948 1945 1944 
TETRA 81 104 83 87 
TETRA 316 321 320 319 
TETRA 455 458 457 417 
TETRA 1745 1793 1744 2237 
TETRA 1504 531 1505 1400 
TETRA 1064 413 454 456 
TETRA 1328 1519 1518 1330 
TETRA 372 1087 1088 1100 
TETRA 1016 664 1015 1258 
TETRA 799 2164 2163 808 
TETRA 1471 1874 790 811 
TETRA 1517 546 466 1516 
TETRA 879 917 606 918 
TETRA 1394 1357 1261 1399 
TETRA 143 145 349 144 
TETRA 1606 1607 1608 1168 
TETRA 397 394 421 422 
TETRA 2085 1695 2071 2075 
TETRA 1609 1747 1610 1746 
TETRA 1045 1074 1248 1073 
TETRA 1435 1439 1434 1440 
TETRA 850 851 855 1418 
TETRA 276 308 310 281 
TETRA 1126 1153 1128 1154 
TETRA 375 1563 442 1085 
TETRA 1948 1946 1945 1955 
TETRA 1919 1991 1925 1926 
TETRA 1406 723 1271 1488 
TETRA 1036 1239 1040 1252 
TETRA 799 804 807 808 
TETRA 2214 2038 1582 2037 
TETRA 1660 2217 1655 1667 
TETRA 1305 1314 1508 1311 
TETRA 1972 1913 1915 1971 
TETRA 479 481 474 492 
TETRA 1471 1470 1477 811 
TETRA 1635 1709 1638 1713 
TETRA 879 915 916 917 
TETRA 1411 1403 1394 1406 
TETRA 1187 1195 1194 239 
TETRA 1048 1036 1028 1037 
TETRA 304 1608 1606 1607 
TETRA 209 205 1604 2042 
TETRA 1642 1659 1657 1658 
TETRA 1277 1279 1280 1281 
TETRA 1156 1160 171 1175 
TETRA 112 117 105 116 
TETRA 1636 1632 1640 1644 
TETRA 1164 1159 1166 1165 
TETRA 1303 1270 1305 1304 
TETRA 1948 1955 1953 1954 
TETRA 688 1455 687 723 
TETRA 1436 1114 2203 1104 
TETRA 584 1431 574 567 
TETRA 1038 492 1062 476 
TETRA 1660 2217 1666 2037 
TETRA 1649 2112 1672 1687 
TETRA 1423 1888 1427 1811 
TETRA 1267 725 1276 722 
TETRA 1471 1477 1875 811 
TETRA 813 1469 909 815 
TETRA 682 915 880 914 
TETRA 1394 1397 1269 1398 
TETRA 20 28 1840 29 
TETRA 1270 1304 1503 1311 
TETRA 161 175 163 162 
TETRA 1043 1036 1049 1065 
TETRA 546 1329 547 1516 
TETRA 1646 1644 1643 1639 
TETRA 700 699 697 701 
TETRA 473 490 1805 460 
TETRA 1604 2022 2032 217 
TETRA 211 222 223 221 
TETRA 650 652 654 655 
TETRA 1125 1134 448 433 
TETRA 286 315 314 317 
TETRA 535 1328 1323 1329 
TETRA 1121 415 449 457 
TETRA 1053 1221 621 1222 
TETRA 832 837 839 838 
TETRA 1948 1956 1953 1955 
TETRA 1693 1692 1695 1643 
TETRA 642 964 938 663 
TETRA 530 1312 531 532 
TETRA 2045 2028 2034 2064 
TETRA 872 1875 1471 1477 
TETRA 759 907 754 753 
TETRA 879 917 876 915 
TETRA 1394 1395 1397 1398 
TETRA 1001 1002 997 1006 
TETRA 578 607 596 605 
TETRA 1598 1588 1577 1581 
TETRA 1680 2112 1672 1678 
TETRA 463 1785 1788 1786 
TETRA 1475 1476 876 1478 
TETRA 1481 1485 2152 2151 
TETRA 588 618 620 979 
TETRA 578 917 606 579 
TETRA 2089 2100 2092 2099 
TETRA 820 830 831 828 
TETRA 1277 1285 1284 1283 
TETRA 691 682 886 880 
TETRA 291 287 282 286 
TETRA 261 341 99 270 
TETRA 251 269 270 278 
TETRA 584 567 576 560 
TETRA 886 2295 923 924 
TETRA 1734 2246 1744 1772 
TETRA 1978 2175 2174 2176 
TETRA 1279 1275 1278 1011 
TETRA 243 244 233 234 
TETRA 474 476 475 492 
TETRA 907 815 909 908 
TETRA 18 1611 22 1612 
TETRA 1305 1864 1314 2138 
TETRA 1411 1396 1501 1488 
TETRA 1328 1522 1323 1515 
TETRA 1618 1630 1631 1617 
TETRA 1562 46 141 1086 
TETRA 1191 1192 232 313 
TETRA 25 1833 46 27 
TETRA 778 890 775 779 
TETRA 772 771 774 776 
TETRA 954 962 1013 1276 
TETRA 303 1543 1844 1843 
TETRA 1948 1955 1952 1946 
TETRA 414 1250 413 412 
TETRA 467 537 1792 547 
TETRA 1211 166 170 169 
TETRA 479 492 474 475 
TETRA 1642 1648 1659 2116 
TETRA 556 1496 560 567 
TETRA 775 897 774 769 
TETRA 1269 1397 960 1398 
TETRA 1340 1341 508 1339 
TETRA 1514 1513 1515 1528 
TETRA 966 965 984 983 
TETRA 689 693 694 687 
TETRA 566 1888 1423 1811 
TETRA 1018 523 992 993 
TETRA 2060 2053 2062 2063 
TETRA 479 486 482 485 
TETRA 248 242 265 266 
TETRA 847 854 856 855 
TETRA 303 1843 1844 1845 
TETRA 794 795 801 809 
TETRA 1943 1947 1948 1936 
TETRA 2061 27 28 2128 
TETRA 475 476 1062 492 
TETRA 907 765 813 815 
TETRA 880 914 912 693 
TETRA 1394 1395 1396 1397 
TETRA 241 248 245 243 
TETRA 813 910 811 812 
TETRA 447 415 419 449 
TETRA 1621 1626 335 1625 
TETRA 1043 1064 1065 1049 
TETRA 972 973 966 984 
TETRA 1500 1503 1892 1506 
TETRA 1527 1551 1534 1552 
TETRA 2165 799 790 795 
TETRA 503 504 511 505 
TETRA 334 298 290 311 
TETRA 1411 1406 1488 1489 
TETRA 687 1271 723 1455 
TETRA 864 1417 566 1428 
TETRA 1948 1936 1953 1956 
TETRA 1089 1101 1090 1102 
TETRA 1092 1094 1088 1093 
TETRA 2045 1661 2064 2047 
TETRA 1066 2265 461 2264 
TETRA 981 980 976 622 
TETRA 744 745 741 748 
TETRA 879 682 915 880 
TETRA 10 1097 16 27 
TETRA 117 121 116 347 
TETRA 654 955 653 659 
TETRA 1925 1993 1938 1994 
TETRA 1061 477 475 461 
TETRA 26 31 30 29 
TETRA 1109 1583 1214 1585 
TETRA 468 471 493 477 
TETRA 352 79 68 69 
TETRA 276 1723 278 310 
TETRA 60 64 65 63 
TETRA 479 484 1216 485 
TETRA 303 1543 1843 1541 
TETRA 1948 1953 1951 1954 
TETRA 1087 1086 1101 2063 
TETRA 1811 2020 2021 2198 
TETRA 2152 914 1441 1485 
TETRA 1010 997 1018 995 
TETRA 2089 2103 2105 2097 
TETRA 1793 1797 2237 1798 
TETRA 2045 2064 2034 2047 
TETRA 2152 1883 1485 1441 
TETRA 619 616 617 584 
TETRA 1394 1398 1261 1395 
TETRA 1937 1935 1950 1929 
TETRA 261 143 93 341 
TETRA 1360 951 1367 948 
TETRA 828 727 821 726 
TETRA 1457 1441 914 1485 
TETRA 1587 1212 1150 2023 
TETRA 107 109 108 130 
TETRA 1260 1259 1261 1262 
TETRA 186 193 1568 339 
TETRA 879 682 886 922 
TETRA 1189 236 232 228 
TETRA 1027 1234 528 1233 
TETRA 1565 1581 1573 1151 
TETRA 1536 1540 1543 1541 
TETRA 1943 1935 1947 1936 
TETRA 1113 2199 1816 2201 
TETRA 522 1310 1022 1020 
TETRA 1117 1111 1118 1113 
TETRA 584 615 613 612 
TETRA 2044 2043 2040 2025 
TETRA 1880 1882 1476 2153 
TETRA 1375 1380 551 481 
TETRA 1653 2117 1655 2118 
TETRA 895 894 898 896 
TETRA 1553 1545 1534 1546 
TETRA 864 1425 1427 1426 
TETRA 112 115 87 103 
TETRA 438 1142 132 1143 
TETRA 690 706 691 931 
TETRA 1186 1199 200 189 
TETRA 1926 1927 1917 1980 
TETRA 1323 524 1322 1324 
TETRA 650 656 661 651 
TETRA 578 606 568 1428 
TETRA 1948 1951 1953 1936 
TETRA 635 665 638 630 
TETRA 1268 723 1267 1271 
TETRA 2120 1669 1652 2054 
TETRA 2060 2055 2053 2063 
TETRA 1880 1881 1476 1882 
TETRA 819 731 1465 1466 
TETRA 792 2143 2148 2145 
TETRA 554 1379 1352 555 
TETRA 1448 1483 1013 1449 
TETRA 994 984 999 1027 
TETRA 1157 1158 168 169 
TETRA 1505 1312 1508 1509 
TETRA 840 839 846 836 
TETRA 1186 1209 1208 167 
TETRA 91 47 42 92 
TETRA 66 61 354 356 
TETRA 976 622 624 623 
TETRA 299 304 296 293 
TETRA 316 286 317 315 
TETRA 1099 2288 2290 2287 
TETRA 840 832 839 836 
TETRA 770 745 773 769 
TETRA 1947 1951 1950 1952 
TETRA 1924 1923 1937 1931 
TETRA 2120 2121 2119 2051 
TETRA 1298 1304 1302 2138 
TETRA 1984 1982 2181 1966 
TETRA 371 372 360 382 
TETRA 917 1881 1880 1433 
TETRA 819 1466 1465 831 
TETRA 897 912 880 913 
TETRA 554 555 553 1379 
TETRA 622 979 1227 980 
TETRA 1517 1773 1771 1772 
TETRA 981 966 976 975 
TETRA 375 376 373 1081 
TETRA 2042 1575 2041 2040 
TETRA 1117 1113 457 1115 
TETRA 1191 286 313 238 
TETRA 247 197 1725 226 
TETRA 1569 207 198 1571 
TETRA 918 1876 862 1418 
TETRA 1791 2016 1596 1769 
TETRA 813 812 768 910 
TETRA 976 979 622 980 
TETRA 1535 17 1841 1537 
TETRA 1476 1881 1480 1882 
TETRA 897 912 692 880 
TETRA 1375 549 551 550 
TETRA 325 1609 1848 1851 
TETRA 1529 1741 1527 1742 
TETRA 333 24 1614 1615 
TETRA 1642 1636 1623 1637 
TETRA 699 713 709 708 
TETRA 865 873 1426 863 
TETRA 161 160 164 165 
TETRA 164 1566 163 174 
TETRA 1356 1389 1390 1354 
TETRA 1657 1661 1662 2071 
TETRA 898 757 905 894 
TETRA 1948 1954 1952 1955 
TETRA 2040 2034 2025 1604 
TETRA 381 387 2132 353 
TETRA 1833 1620 2052 28 
TETRA 503 509 508 510 
TETRA 792 794 2148 791 
TETRA 1087 46 1562 1086 
TETRA 1536 1537 1535 1841 
TETRA 829 830 1408 837 
TETRA 819 1465 731 1463 
TETRA 897 880 881 913 
TETRA 1355 1364 1362 1361 
TETRA 1045 1025 1247 1046 
TETRA 1378 1346 553 1375 
TETRA 1016 950 995 1014 
TETRA 534 540 543 500 
TETRA 1089 1002 1093 1091 
TETRA 1618 1626 1622 1634 
TETRA 491 551 550 497 
TETRA 1352 1345 1379 1388 
TETRA 224 307 222 210 
TETRA 199 197 201 202 
TETRA 1424 1887 2201 2020 
TETRA 381 2132 2131 351 
TETRA 1874 1887 2166 1911 
TETRA 1951 1953 1979 1996 
TETRA 2057 2059 2061 28 
TETRA 786 812 811 791 
TETRA 1471 1874 873 1873 
TETRA 819 831 1465 1464 
TETRA 897 906 769 912 
TETRA 687 1457 722 1446 
TETRA 952 950 1010 992 
TETRA 428 430 431 432 
TETRA 1314 1865 1770 1864 
TETRA 1190 295 238 318 
TETRA 767 768 813 744 
TETRA 783 2143 792 1461 
TETRA 479 478 473 486 
TETRA 491 548 472 537 
TETRA 202 204 205 224 
TETRA 965 995 1016 950 
TETRA 68 354 351 353 
TETRA 287 284 286 288 
TETRA 1213 1214 1565 1147 
TETRA 55 1097 11 1562 
TETRA 303 1845 1611 1846 
TETRA 122 148 165 140 
TETRA 501 504 505 538 
TETRA 128 126 132 127 
TETRA 752 756 757 751 
TETRA 777 782 773 719 
TETRA 2039 2050 2038 1819 
TETRA 1295 2139 2163 2140 
TETRA 783 1459 2143 1461 
TETRA 578 1417 606 1428 
TETRA 817 818 824 816 
TETRA 819 1464 1465 1463 
TETRA 897 896 906 881 
TETRA 1527 1856 1855 1531 
TETRA 1210 223 221 212 
TETRA 489 561 562 564 
TETRA 773 719 782 784 
TETRA 857 835 860 825 
TETRA 1646 1702 1703 1640 
TETRA 213 217 208 216 
TETRA 148 142 269 187 
TETRA 1757 1747 1610 1749 
TETRA 1394 1271 1397 1488 
TETRA 1051 573 576 1050 
TETRA 1947 1950 1951 1936 
TETRA 606 1876 1418 2253 
TETRA 606 1417 864 1428 
TETRA 1471 1873 785 790 
TETRA 897 692 890 885 
TETRA 1261 1361 1357 1393 
TETRA 332 1620 335 1627 
TETRA 2036 1582 2037 1584 
TETRA 1048 1028 1036 999 
TETRA 1061 461 475 456 
TETRA 1694 1698 1643 1697 
TETRA 1099 1325 1026 1024 
TETRA 227 224 234 307 
TETRA 667 683 666 665 
TETRA 966 985 984 973 
TETRA 420 1077 414 1078 
TETRA 1947 1935 1942 1949 
TETRA 1212 1587 1145 1163 
TETRA 1970 1971 1915 1920 
TETRA 2069 2065 2073 2068 
TETRA 2027 1637 1660 1718 
TETRA 1623 1624 1651 2051 
TETRA 578 609 608 1431 
TETRA 1875 873 1874 1427 
TETRA 819 1463 828 1464 
TETRA 897 913 906 912 
TETRA 120 122 123 140 
TETRA 1553 1528 1534 1545 
TETRA 78 100 2131 351 
TETRA 1625 2051 1623 1652 
TETRA 1527 1525 1524 2260 
TETRA 535 1329 1323 533 
TETRA 214 1163 1587 1212 
TETRA 878 884 883 2294 
TETRA 77 78 83 81 
TETRA 371 384 377 376 
TETRA 247 246 1722 245 
TETRA 277 279 270 272 
TETRA 241 235 248 243 
TETRA 258 260 250 261 
TETRA 1600 2039 2040 2036 
TETRA 425 426 438 427 
TETRA 1947 1952 1950 1949 
TETRA 862 2254 1418 1876 
TETRA 1649 2115 1648 2116 
TETRA 2089 1664 2101 2102 
TETRA 1726 206 1721 1716 
TETRA 942 969 648 968 
TETRA 728 737 719 712 
TETRA 897 896 885 889 
TETRA 2070 2235 2073 2079 
TETRA 753 766 746 907 
TETRA 816 1873 1471 824 
TETRA 587 584 582 583 
TETRA 1512 1321 1860 1730 
TETRA 697 689 696 690 
TETRA 588 625 626 624 
TETRA 2142 788 785 822 
TETRA 1154 1212 218 1174 
TETRA 1186 1202 1207 1206 
TETRA 316 324 323 321 
TETRA 250 268 248 267 
TETRA 680 924 923 679 
TETRA 1036 1252 1040 1251 
TETRA 1947 1950 1935 1949 
TETRA 196 2236 1828 1827 
TETRA 360 362 368 359 
TETRA 2060 2053 1833 46 
TETRA 841 1411 1403 1412 
TETRA 819 1462 828 1463 
TETRA 897 885 896 881 
TETRA 2188 1915 1972 1913 
TETRA 1565 1214 1580 1583 
TETRA 413 452 453 451 
TETRA 44 32 280 337 
TETRA 1745 2241 1760 2238 
TETRA 462 463 453 1786 
TETRA 816 785 1471 1873 
TETRA 1048 1003 1004 999 
TETRA 866 918 865 1426 
TETRA 1444 917 1443 575 
TETRA 562 564 1809 563 
TETRA 2165 799 2141 790 
TETRA 252 276 244 245 
TETRA 192 1199 1200 1831 
TETRA 692 912 890 695 
TETRA 1025 1246 1046 1245 
TETRA 1983 1982 1966 2181 
TETRA 1817 1819 2215 2062 
TETRA 1324 1096 1557 1549 
TETRA 728 720 784 729 
TETRA 901 911 905 902 
TETRA 3 36 35 32 
TETRA 153 154 126 123 
TETRA 338 141 341 337 
TETRA 1728 1555 1730 1629 
TETRA 816 824 822 1873 
TETRA 1277 1284 1285 1278 
TETRA 1259 1263 952 1264 
TETRA 1442 1443 1435 575 
TETRA 1344 1379 1346 1345 
TETRA 1038 1058 1219 1060 
TETRA 2015 1894 1867 2140 
TETRA 963 1013 954 962 
TETRA 813 1470 816 1471 
TETRA 1947 1936 1935 1950 
TETRA 1013 1011 1005 1483 
TETRA 1263 1311 531 1310 
TETRA 2214 1817 1819 2215 
TETRA 2036 2038 2039 2046 
TETRA 1546 16 1556 18 
TETRA 52 54 13 57 
TETRA 901 911 906 896 
TETRA 1318 1312 1322 1321 
TETRA 1027 1235 1233 1236 
TETRA 1517 1775 466 1518 
TETRA 1462 821 828 727 
TETRA 373 1079 375 1081 
TETRA 872 1470 869 1477 
TETRA 1805 490 1807 460 
TETRA 1656 1661 1657 1660 
TETRA 606 918 917 1419 
TETRA 1296 2009 2008 2010 
TETRA 647 649 643 648 
TETRA 1126 434 1130 1133 
TETRA 1607 1605 1765 1171 
TETRA 1277 725 1275 1272 
TETRA 1947 1948 1951 1952 
TETRA 796 789 799 795 
TETRA 1319 2137 1320 1309 
TETRA 1290 798 789 1295 
TETRA 2015 1295 788 2141 
TETRA 275 251 271 270 
TETRA 336 335 1711 1627 
TETRA 112 103 110 115 
TETRA 1765 307 299 1171 
TETRA 436 1135 1213 1136 
TETRA 435 448 449 1134 
TETRA 1157 167 168 1209 
TETRA 1036 1027 1042 1040 
TETRA 462 454 461 1787 
TETRA 1636 1641 1622 1632 
TETRA 816 822 785 1873 
TETRA 568 565 485 577 
TETRA 1600 1599 2040 1575 
TETRA 1098 1099 1096 1026 
TETRA 1123 1122 1129 432 
TETRA 589 628 627 626 
TETRA 687 722 723 1271 
TETRA 1351 1399 1402 1400 
TETRA 1960 1963 1962 1964 
TETRA 1978 2174 2173 2176 
TETRA 1279 2154 1275 1011 
TETRA 856 1499 566 2259 
TETRA 32 25 24 332 
TETRA 2044 2034 2045 2028 
TETRA 1734 2245 2246 1772 
TETRA 1 4 7 13 
TETRA 1 2 4 11 
TETRA 1166 1183 1759 1756 
TETRA 1471 1874 1873 790 
TETRA 728 731 1462 727 
TETRA 568 569 485 561 
TETRA 905 881 896 894 
TETRA 375 1563 1085 374 
TETRA 555 1345 1351 1401 
TETRA 447 415 1121 416 
TETRA 293 287 291 292 
TETRA 479 483 1216 484 
TETRA 681 686 666 683 
TETRA 1320 1309 2137 1840 
TETRA 2139 1301 2015 1295 
TETRA 840 844 847 845 
TETRA 335 278 310 280 
TETRA 2062 2215 1817 2216 
TETRA 37 53 39 38 
TETRA 191 186 192 184 
TETRA 820 824 818 835 
TETRA 1055 1033 1034 1032 
TETRA 1462 1463 731 737 
TETRA 18 6 1611 8 
TETRA 391 441 131 393 
TETRA 1385 1403 1402 1356 
TETRA 1478 917 1419 1881 
TETRA 1029 1257 1031 623 
TETRA 777 714 737 780 
TETRA 727 716 726 715 
TETRA 1744 2249 2247 2240 
TETRA 1557 2137 1319 1556 
TETRA 30 25 1834 332 
TETRA 310 1618 335 312 
TETRA 1296 2010 1292 2009 
TETRA 2197 2020 2198 2021 
TETRA 37 49 41 39 
TETRA 489 486 562 561 
TETRA 18 22 1611 6 
TETRA 1360 971 1368 1366 
TETRA 748 768 767 744 
TETRA 728 1462 731 737 
TETRA 900 901 762 774 
TETRA 768 786 745 1460 
TETRA 715 716 710 712 
TETRA 1500 1892 1503 1889 
TETRA 1660 1667 1666 2217 
TETRA 514 512 515 518 
TETRA 1729 301 1730 305 
TETRA 1053 483 1220 1221 
TETRA 850 1418 862 851 
TETRA 752 758 757 756 
TETRA 1117 1111 449 1118 
TETRA 847 826 843 840 
TETRA 310 335 280 312 
TETRA 599 629 591 630 
TETRA 121 93 346 144 
TETRA 819 1468 818 733 
TETRA 898 893 774 757 
TETRA 1043 1044 1065 1045 
TETRA 1023 1000 993 1026 
TETRA 949 952 950 962 
TETRA 1809 1810 563 1811 
TETRA 1099 1552 1100 1096 
TETRA 1129 1798 1745 1802 
TETRA 891 707 698 892 
TETRA 1411 1407 1406 1489 
TETRA 107 128 132 133 
TETRA 462 1783 1784 1787 
TETRA 1919 1988 1926 1917 
TETRA 1960 1966 1965 1964 
TETRA 1436 2202 2203 1114 
TETRA 1324 1557 1096 1320 
TETRA 1625 1711 2049 1637 
TETRA 2061 1097 2128 2127 
TETRA 524 1022 522 1310 
TETRA 727 712 716 715 
TETRA 1340 517 516 508 
TETRA 403 419 447 415 
TETRA 287 286 292 288 
TETRA 829 1870 827 1407 
TETRA 1045 1247 1025 1044 
TETRA 728 712 1462 737 
TETRA 91 95 90 94 
TETRA 1642 1647 1646 1643 
TETRA 76 82 87 88 
TETRA 1600 1599 2036 2040 
TETRA 650 654 652 653 
TETRA 1155 1157 1152 1156 
TETRA 1290 1292 1283 1291 
TETRA 1156 1130 1153 1162 
TETRA 642 661 641 649 
TETRA 1527 1524 1515 1857 
TETRA 843 1414 1402 1499 
TETRA 335 1712 310 278 
TETRA 2061 2126 2125 2058 
TETRA 595 605 603 936 
TETRA 2011 1297 2014 1299 
TETRA 976 982 981 622 
TETRA 819 733 731 1468 
TETRA 731 1465 735 1467 
TETRA 774 776 899 775 
TETRA 60 51 52 59 
TETRA 250 245 248 251 
TETRA 409 403 414 404 
TETRA 907 813 909 815 
TETRA 666 637 670 669 
TETRA 1601 1604 1603 2023 
TETRA 1164 1159 1165 221 
TETRA 438 1142 439 440 
TETRA 1317 1320 1021 1309 
TETRA 1197 235 236 1188 
TETRA 1723 1712 278 310 
TETRA 1145 1151 1587 1150 
TETRA 1403 1394 1399 1356 
TETRA 1099 1559 1561 1560 
TETRA 1476 1480 2149 1882 
TETRA 843 1414 1413 1404 
TETRA 1832 2049 2048 2050 
TETRA 2061 2126 2127 2125 
TETRA 52 2262 357 58 
TETRA 1279 1274 1275 2154 
TETRA 1314 1862 1770 1315 
TETRA 827 1489 1407 1870 
TETRA 762 757 774 761 
TETRA 783 791 792 2143 
TETRA 192 189 200 1199 
TETRA 117 347 116 114 
TETRA 700 697 699 696 
TETRA 1645 1650 1680 1687 
TETRA 157 159 170 171 
TETRA 1604 2033 2022 2023 
TETRA 164 151 173 122 
TETRA 1378 1377 1380 1382 
TETRA 1125 434 1134 433 
TETRA 817 733 821 819 
TETRA 436 429 434 1140 
TETRA 588 583 624 623 
TETRA 1016 1014 995 998 
TETRA 698 706 708 925 
TETRA 282 253 314 272 
TETRA 181 122 180 148 
TETRA 91 96 95 98 
TETRA 1094 1019 1026 1096 
TETRA 1445 914 1446 1441 
TETRA 1513 305 1509 1868 
TETRA 843 853 847 1413 
TETRA 310 1712 335 1626 
TETRA 2061 2056 2126 2058 
TETRA 1804 573 485 1215 
TETRA 1517 1744 465 1778 
TETRA 864 1418 918 862 
TETRA 817 816 824 822 
TETRA 774 761 757 893 
TETRA 165 188 160 187 
TETRA 420 2267 444 1082 
TETRA 270 280 278 337 
TETRA 1027 1230 984 1030 
TETRA 846 848 839 845 
TETRA 733 815 765 814 
TETRA 300 299 296 293 
TETRA 2052 2055 2056 2054 
TETRA 137 1142 1141 136 
TETRA 35 36 40 43 
TETRA 1970 1920 1969 1971 
TETRA 1927 1920 1926 1917 
TETRA 2200 2019 1813 561 
TETRA 336 337 280 332 
TETRA 1832 1711 2049 1627 
TETRA 2061 2129 1097 2130 
TETRA 428 431 398 432 
TETRA 549 488 480 548 
TETRA 354 2133 360 353 
TETRA 774 771 761 893 
TETRA 1328 1516 1521 1515 
TETRA 1530 1533 1534 1528 
TETRA 1119 1111 1107 1120 
TETRA 1984 1933 1961 1986 
TETRA 77 73 78 79 
TETRA 164 175 165 174 
TETRA 876 866 1478 918 
TETRA 1443 575 917 1433 
TETRA 1534 1557 1546 1547 
TETRA 336 1627 332 335 
TETRA 335 1712 1711 1626 
TETRA 2052 2121 2124 2059 
TETRA 1764 1610 1608 1170 
TETRA 388 376 375 445 
TETRA 549 1401 488 548 
TETRA 688 673 672 927 
TETRA 774 776 771 893 
TETRA 981 975 976 977 
TETRA 1411 1501 1407 1489 
TETRA 984 983 999 1028 
TETRA 688 686 687 666 
TETRA 237 232 236 233 
TETRA 192 1829 195 1830 
TETRA 1187 1186 1206 1202 
TETRA 26 25 27 28 
TETRA 770 772 773 739 
TETRA 2043 1604 2040 2025 
TETRA 2119 2052 1625 2051 
TETRA 336 278 1717 335 
TETRA 1625 1626 1711 1637 
TETRA 720 784 729 721 
TETRA 2045 1661 2037 1660 
TETRA 1650 1680 1672 1678 
TETRA 660 661 1452 1453 
TETRA 889 893 894 888 
TETRA 813 904 909 1472 
TETRA 666 1454 662 1486 
TETRA 1974 1975 1962 1979 
TETRA 1765 1766 1192 294 
TETRA 1134 1148 1124 1111 
TETRA 534 539 540 505 
TETRA 1092 1088 1099 1046 
TETRA 137 1139 437 138 
TETRA 286 1193 238 317 
TETRA 1922 1918 1921 808 
TETRA 316 315 317 320 
TETRA 1036 1035 1038 1039 
TETRA 1646 1691 1690 1699 
TETRA 142 140 119 141 
TETRA 1440 1883 1441 1485 
TETRA 2043 1714 1710 205 
TETRA 336 339 1832 1717 
TETRA 335 1625 1711 1627 
TETRA 2070 2081 2082 1695 
TETRA 508 549 548 1401 
TETRA 895 897 899 889 
TETRA 1937 1929 1950 1962 
TETRA 1157 168 1211 169 
TETRA 463 1794 1793 1789 
TETRA 1036 1028 1030 999 
TETRA 1266 1259 1265 1262 
TETRA 479 473 482 486 
TETRA 1352 1384 555 1351 
TETRA 199 204 201 223 
TETRA 1593 1594 1595 1592 
TETRA 867 859 860 865 
TETRA 5 21 9 18 
TETRA 796 789 794 797 
TETRA 336 335 1717 1711 
TETRA 1625 2049 1711 1627 
TETRA 2125 2058 2124 2059 
TETRA 2164 1916 2168 2169 
TETRA 1649 1648 2115 2114 
TETRA 1657 1695 2071 2086 
TETRA 2045 1661 1657 2064 
TETRA 537 547 532 1511 
TETRA 666 960 1271 1486 
TETRA 895 889 899 893 
TETRA 574 576 573 575 
TETRA 866 859 865 862 
TETRA 362 1560 1099 1561 
TETRA 812 809 791 2149 
TETRA 203 197 206 198 
TETRA 842 1406 827 1415 
TETRA 1308 1310 1311 1264 
TETRA 1296 1297 2011 1299 
TETRA 1303 1304 1298 1294 
TETRA 37 39 36 38 
TETRA 1115 459 1804 1113 
TETRA 1745 1761 2241 2242 
TETRA 336 340 1832 339 
TETRA 2053 2052 2049 2054 
TETRA 2026 1714 1709 1710 
TETRA 2061 2058 2125 2059 
TETRA 2030 2033 2067 2032 
TETRA 233 234 244 313 
TETRA 1745 2238 1182 1802 
TETRA 508 1401 548 516 
TETRA 666 1454 672 671 
TETRA 899 889 897 890 
TETRA 1290 1291 1289 2159 
TETRA 878 882 881 875 
TETRA 590 586 593 597 
TETRA 981 1228 977 980 
TETRA 4 54 52 37 
TETRA 584 585 582 574 
TETRA 1034 1056 1033 1055 
TETRA 1150 1590 1591 2023 
TETRA 1164 1167 1162 1170 
TETRA 1191 1192 313 294 
TETRA 2110 2115 1649 2109 
TETRA 1150 1591 1816 1588 
TETRA 2046 2027 1660 1718 
TETRA 1086 2216 1101 2063 
TETRA 1719 1724 1726 1712 
TETRA 1568 1819 187 339 
TETRA 2061 1097 2127 2126 
TETRA 2188 1913 1972 2187 
TETRA 1481 914 2152 1485 
TETRA 1805 460 1807 459 
TETRA 420 414 2266 1078 
TETRA 26 28 20 29 
TETRA 662 1453 1454 671 
TETRA 895 774 899 897 
TETRA 420 445 1081 1082 
TETRA 918 1419 1478 917 
TETRA 1903 2149 812 1480 
TETRA 335 1620 1625 1627 
TETRA 1154 218 1212 1163 
TETRA 832 830 829 837 
TETRA 1017 994 995 990 
TETRA 680 684 931 679 
TETRA 591 581 630 582 
TETRA 1757 1758 1762 1751 
TETRA 362 363 1560 366 
TETRA 73 67 74 72 
TETRA 1110 2204 1106 1109 
TETRA 1717 1716 1719 1721 
TETRA 1832 2048 1711 1718 
TETRA 2052 2056 2123 2054 
TETRA 2144 2150 2147 1483 
TETRA 117 119 120 105 
TETRA 27 2128 1097 1840 
TETRA 537 532 548 1511 
TETRA 895 896 889 894 
TETRA 699 709 698 708 
TETRA 1565 1583 1585 1214 
TETRA 2145 1285 1280 1289 
TETRA 1442 1435 1439 575 
TETRA 660 659 638 662 
TETRA 1187 1767 318 1194 
TETRA 1514 1730 1728 1555 
TETRA 1636 1623 1622 1641 
TETRA 113 114 134 124 
TETRA 1602 1575 209 1604 
TETRA 310 311 281 306 
TETRA 1527 1857 1858 1855 
TETRA 587 617 588 618 
TETRA 1729 1728 1730 301 
TETRA 12 10 11 55 
TETRA 1936 1950 1979 1937 
TETRA 1903 809 2149 1905 
TETRA 1717 1718 1727 339 
TETRA 1832 2048 2049 1711 
TETRA 2052 2058 2124 2122 
TETRA 2100 1658 2115 2109 
TETRA 1066 1249 1071 2265 
TETRA 107 101 2131 108 
TETRA 897 889 885 890 
TETRA 1903 812 2149 809 
TETRA 1642 1656 1655 1658 
TETRA 1447 664 964 1258 
TETRA 496 508 491 537 
TETRA 1157 1209 168 1158 
TETRA 1036 1049 1065 1037 
TETRA 690 706 930 701 
TETRA 1356 1402 1351 1399 
TETRA 73 75 67 69 
TETRA 535 1332 1241 1024 
TETRA 1646 1645 1684 1685 
TETRA 1974 1979 1923 1978 
TETRA 728 729 727 720 
TETRA 336 1832 340 1627 
TETRA 1832 2039 339 1819 
TETRA 2052 2056 2058 2122 
TETRA 108 2134 390 130 
TETRA 1318 1312 1313 1310 
TETRA 1046 1243 1244 2277 
TETRA 472 537 1511 1792 
TETRA 666 1455 672 1454 
TETRA 797 2147 1976 2175 
TETRA 584 609 610 585 
TETRA 413 451 411 452 
TETRA 901 897 769 774 
TETRA 1277 1275 725 1278 
TETRA 227 229 230 228 
TETRA 304 293 1606 296 
TETRA 1378 1382 1379 1377 
TETRA 1129 1801 446 1796 
TETRA 61 58 52 357 
TETRA 161 153 157 162 
TETRA 201 197 200 226 
TETRA 250 256 255 258 
TETRA 650 654 659 658 
TETRA 5 21 22 24 
TETRA 214 1587 1163 1586 
TETRA 2050 2215 2216 2118 
TETRA 2070 2080 2235 2079 
TETRA 841 1405 1409 1412 
TETRA 1832 1627 2049 2050 
TETRA 2119 2052 2121 2122 
TETRA 1832 2050 2039 1819 
TETRA 1107 1109 1108 1085 
TETRA 1423 1811 1427 1424 
TETRA 472 1511 537 548 
TETRA 662 1453 670 637 
TETRA 2074 2076 2071 2075 
TETRA 143 146 349 145 
TETRA 490 1807 1808 1806 
TETRA 44 341 92 45 
TETRA 797 1976 803 2175 
TETRA 748 744 745 768 
TETRA 736 1467 731 735 
TETRA 1472 904 910 813 
TETRA 446 400 403 416 
TETRA 186 191 193 339 
TETRA 166 1570 1580 172 
TETRA 1450 722 1451 1446 
TETRA 633 639 638 640 
TETRA 113 135 126 125 
TETRA 749 760 747 751 
TETRA 1394 1488 1397 1396 
TETRA 912 1459 1461 1458 
TETRA 1832 339 2039 1718 
TETRA 2119 2054 2052 2123 
TETRA 362 379 370 369 
TETRA 531 1311 1312 1310 
TETRA 1921 1923 1919 1922 
TETRA 662 1454 1452 959 
TETRA 2214 2118 2217 2215 
TETRA 1036 1030 1034 1035 
TETRA 1621 335 1618 312 
TETRA 1572 1573 166 1580 
TETRA 1427 1888 1895 2020 
TETRA 1402 1500 1399 1415 
TETRA 606 568 864 1419 
TETRA 1694 1696 1643 1695 
TETRA 1150 1816 1585 1598 
TETRA 562 1809 564 1808 
TETRA 1388 1387 1383 1352 
TETRA 113 134 135 124 
TETRA 1919 1991 1926 1992 
TETRA 1979 2173 2174 1996 
TETRA 1710 1715 205 1714 
TETRA 1318 1551 1554 1321 
TETRA 1832 1718 2039 2048 
TETRA 2119 2123 2052 2122 
TETRA 1113 2201 1816 1591 
TETRA 802 1976 1906 1977 
TETRA 383 382 1563 374 
TETRA 1620 1624 31 1619 
TETRA 1919 1917 1914 1918 
TETRA 660 641 661 1453 
TETRA 2163 2170 2140 2171 
TETRA 1621 1615 312 1618 
TETRA 496 498 495 497 
TETRA 2057 1833 2052 28 
TETRA 164 163 175 174 
TETRA 687 666 1455 688 
TETRA 1359 516 991 531 
TETRA 752 758 759 757 
TETRA 772 776 740 771 
TETRA 248 1188 1197 1822 
TETRA 340 339 187 1819 
TETRA 71 1562 34 45 
TETRA 1914 804 1915 808 
TETRA 688 673 666 672 
TETRA 78 101 80 2134 
TETRA 1418 864 850 862 
TETRA 1434 1436 572 1437 
TETRA 1061 1062 475 476 
TETRA 1328 1525 1521 1520 
TETRA 588 979 626 618 
TETRA 944 945 652 946 
TETRA 235 1188 196 1198 
TETRA 1500 1892 1888 1810 
TETRA 1121 415 457 417 
TETRA 479 492 1216 481 
TETRA 1744 2237 2252 2239 
TETRA 1744 465 1778 2251 
TETRA 248 1197 1823 1822 
TETRA 1832 339 340 1819 
TETRA 1715 1713 1712 309 
TETRA 1811 2198 1893 2020 
TETRA 356 34 71 1562 
TETRA 792 2145 2148 794 
TETRA 1527 1515 1858 1857 
TETRA 660 1453 662 637 
TETRA 261 269 251 268 
TETRA 2040 1604 1599 2034 
TETRA 1614 334 22 24 
TETRA 2002 2003 2005 2001 
TETRA 1860 1861 1313 1312 
TETRA 681 682 680 686 
TETRA 1618 1631 1630 311 
TETRA 447 1121 415 449 
TETRA 1123 1126 434 1130 
TETRA 33 11 2 25 
TETRA 2062 2216 1817 1086 
TETRA 1318 1319 1557 1320 
TETRA 1818 1568 1819 187 
TETRA 2019 2020 1424 2201 
TETRA 1482 1483 2144 1011 
TETRA 382 1563 374 139 
TETRA 2044 2027 2043 2025 
TETRA 2069 1695 2070 2072 
TETRA 1323 1551 1322 1515 
TETRA 660 637 641 1453 
TETRA 1087 1097 2061 2129 
TETRA 1725 1721 1726 202 
TETRA 1167 1161 1181 1183 
TETRA 122 180 147 149 
TETRA 1355 1362 1363 1354 
TETRA 1296 2010 2011 1297 
TETRA 360 362 370 368 
TETRA 996 1003 1000 999 
TETRA 646 645 939 940 
TETRA 1600 2039 2041 2040 
TETRA 1529 1609 1737 1735 
TETRA 1969 1982 1966 1983 
TETRA 1656 1666 1660 1667 
TETRA 1110 1114 1106 2204 
TETRA 1318 1557 1324 1320 
TETRA 340 1819 187 141 
TETRA 2203 2204 1114 2202 
TETRA 71 139 382 1562 
TETRA 1972 1973 1915 1977 
TETRA 1515 1859 1857 1522 
TETRA 660 1452 662 1453 
TETRA 726 725 721 1284 
TETRA 119 141 140 139 
TETRA 791 809 790 794 
TETRA 772 782 775 769 
TETRA 1502 1399 1357 1400 
TETRA 570 569 572 573 
TETRA 731 733 819 821 
TETRA 76 84 75 82 
TETRA 1793 1794 1795 1789 
TETRA 250 258 259 260 
TETRA 1574 1571 1586 207 
TETRA 1318 1324 524 1022 
TETRA 1818 141 187 1819 
TETRA 1425 1427 1426 1479 
TETRA 1922 1978 1938 2007 
TETRA 47 71 45 92 
TETRA 2028 2065 2030 2031 
TETRA 1323 1324 1322 1551 
TETRA 1447 665 1442 580 
TETRA 802 1905 805 1977 
TETRA 633 634 635 630 
TETRA 605 596 595 603 
TETRA 1190 318 230 1605 
TETRA 287 289 327 330 
TETRA 1048 1036 1043 999 
TETRA 113 126 123 125 
TETRA 26 27 10 20 
TETRA 1646 1703 1705 1644 
TETRA 243 226 246 234 
TETRA 840 846 847 836 
TETRA 275 245 1720 1719 
TETRA 1448 1457 1446 1451 
TETRA 2200 561 1813 1815 
TETRA 906 1459 912 913 
TETRA 1568 2039 339 1727 
TETRA 208 207 212 204 
TETRA 1284 1307 1283 1294 
TETRA 2188 2187 1972 2190 
TETRA 51 47 71 34 
TETRA 1515 1858 1558 1552 
TETRA 728 737 773 719 
TETRA 554 558 484 559 
TETRA 981 982 976 966 
TETRA 902 910 768 1460 
TETRA 745 769 783 773 
TETRA 2042 2040 2041 1718 
TETRA 1110 1111 1112 1109 
TETRA 155 156 157 153 
TETRA 9 16 18 19 
TETRA 1313 1308 1314 1315 
TETRA 18 8 1542 15 
TETRA 1928 1980 1981 1927 
TETRA 650 661 642 649 
TETRA 804 807 805 795 
TETRA 517 1358 1371 1372 
TETRA 2255 2253 1429 2254 
TETRA 2173 2177 2174 1996 
TETRA 47 45 71 34 
TETRA 1694 1695 2084 2083 
TETRA 1551 1552 1515 1558 
TETRA 20 1840 28 27 
TETRA 867 866 869 870 
TETRA 503 502 501 496 
TETRA 447 435 448 449 
TETRA 1048 1028 1004 1050 
TETRA 639 641 638 640 
TETRA 1053 1222 621 484 
TETRA 1286 1282 1277 1281 
TETRA 116 346 121 93 
TETRA 1527 1534 1551 1528 
TETRA 120 140 123 127 
TETRA 282 272 283 253 
TETRA 1099 1552 1558 1559 
TETRA 517 1372 1343 1358 
TETRA 205 1714 210 216 
TETRA 71 45 92 139 
TETRA 1716 205 1710 1715 
TETRA 810 1907 1480 1874 
TETRA 1447 665 663 664 
TETRA 2164 2168 1916 2166 
TETRA 66 55 364 357 
TETRA 1530 1531 1855 1854 
TETRA 261 341 93 99 
TETRA 658 953 954 956 
TETRA 1529 1531 1532 1742 
TETRA 1514 1555 1321 1730 
TETRA 1425 1424 1427 1887 
TETRA 493 534 537 467 
TETRA 1587 1573 1581 1151 
TETRA 1765 299 293 1607 
TETRA 1 5 9 8 
TETRA 1094 1096 1095 1019 
TETRA 865 862 864 918 
TETRA 337 2053 1833 1627 
TETRA 248 268 1823 1824 
TETRA 2089 2091 2087 2090 
TETRA 71 45 139 1562 
TETRA 2057 28 2052 2059 
TETRA 1324 1552 1551 1558 
TETRA 666 1450 1271 960 
TETRA 1023 993 523 1022 
TETRA 161 169 166 168 
TETRA 1025 1247 1046 1246 
TETRA 955 950 1014 962 
TETRA 1642 1658 1655 1654 
TETRA 299 301 306 298 
TETRA 1646 1691 1699 1643 
TETRA 199 202 201 204 
TETRA 85 76 87 88 
TETRA 639 643 642 641 
TETRA 372 1562 356 382 
TETRA 248 267 242 266 
TETRA 716 717 726 715 
TETRA 777 719 773 737 
TETRA 1 11 12 10 
TETRA 340 2050 2053 1627 
TETRA 248 1823 1821 1822 
TETRA 1517 2250 1778 1777 
TETRA 1014 1005 1015 1013 
TETRA 382 374 1562 139 
TETRA 2158 1287 1282 1286 
TETRA 1323 1324 1551 1558 
TETRA 1447 1439 1442 1441 
TETRA 879 918 876 917 
TETRA 325 1847 303 1849 
TETRA 1080 1064 418 413 
TETRA 293 1606 296 295 
TETRA 420 1079 1081 375 
TETRA 1642 1644 1646 1645 
TETRA 362 1100 1560 363 
TETRA 857 860 861 825 
TETRA 435 437 1120 442 
TETRA 155 156 153 152 
TETRA 555 488 553 1401 
TETRA 1036 1034 1038 1035 
TETRA 1444 1441 1443 914 
TETRA 517 515 1373 1372 
TETRA 1298 1301 1865 1300 
TETRA 106 139 133 100 
TETRA 20 2137 29 1840 
TETRA 1527 1858 1515 1552 
TETRA 1447 580 1442 1439 
TETRA 42 344 97 98 
TETRA 394 388 396 421 
TETRA 966 975 973 968 
TETRA 1375 1340 553 549 
TETRA 414 415 413 418 
TETRA 881 882 883 1474 
TETRA 1694 1696 1695 2232 
TETRA 770 745 738 773 
TETRA 1731 302 1729 305 
TETRA 1951 1936 1979 1953 
TETRA 2200 1424 2019 561 
TETRA 517 518 1371 519 
TETRA 491 537 508 548 
TETRA 381 383 2131 385 
TETRA 2070 2082 2081 2078 
TETRA 1323 1515 1859 1558 
TETRA 1447 1441 1442 1445 
TETRA 1269 1503 1262 724 
TETRA 356 364 1100 363 
TETRA 463 1785 465 1794 
TETRA 112 115 110 114 
TETRA 1403 1356 1399 1402 
TETRA 1694 1643 1696 1697 
TETRA 214 1212 2023 2022 
TETRA 121 143 147 148 
TETRA 1459 2150 2151 2149 
TETRA 2028 2031 2034 2065 
TETRA 1934 1939 1931 1994 
TETRA 211 210 215 216 
TETRA 1517 1777 2248 2250 
TETRA 689 696 688 694 
TETRA 2131 383 381 382 
TETRA 1262 1270 724 1503 
TETRA 1444 575 579 917 
TETRA 867 865 866 859 
TETRA 420 375 1081 445 
TETRA 1961 1949 1935 1950 
TETRA 1517 1774 1771 1773 
TETRA 199 198 192 197 
TETRA 1187 318 1767 1204 
TETRA 905 911 896 881 
TETRA 197 206 193 1721 
TETRA 2042 206 1716 1727 
TETRA 1089 1093 1092 1088 
TETRA 78 68 73 72 
TETRA 1257 1439 576 575 
TETRA 1590 2021 2222 2211 
TETRA 689 690 688 696 
TETRA 1650 1672 1680 1687 
TETRA 133 139 127 1563 
TETRA 2089 1664 1663 2101 
TETRA 1323 1558 1859 1325 
TETRA 1447 1446 665 664 
TETRA 1096 1021 1320 1840 
TETRA 423 393 394 422 
TETRA 212 1163 1210 1586 
TETRA 1 12 4 13 
TETRA 981 1228 980 1032 
TETRA 1616 1630 1618 1617 
TETRA 250 254 241 253 
TETRA 1927 1917 1981 1982 
TETRA 2165 2166 1895 2164 
TETRA 1974 1962 1923 1979 
TETRA 1969 1920 1927 1971 
TETRA 1922 1296 1978 2160 
TETRA 248 196 1821 1820 
TETRA 923 932 2295 933 
TETRA 1972 2187 1971 2186 
TETRA 2131 1563 383 382 
TETRA 1515 1859 1858 1857 
TETRA 2057 2058 2061 2059 
TETRA 1096 1021 1022 1320 
TETRA 143 269 268 350 
TETRA 681 686 683 682 
TETRA 1444 1443 1442 575 
TETRA 381 380 386 387 
TETRA 91 85 92 93 
TETRA 1129 1745 1798 1793 
TETRA 899 890 778 891 
TETRA 1213 1120 437 1214 
TETRA 787 786 790 791 
TETRA 1745 2240 2241 2239 
TETRA 1527 2260 1741 2261 
TETRA 689 696 695 698 
TETRA 579 1442 580 575 
TETRA 100 382 139 1563 
TETRA 2015 2139 1295 2140 
TETRA 861 860 865 863 
TETRA 1973 1969 1970 1968 
TETRA 1 7 8 14 
TETRA 318 1194 1767 1753 
TETRA 688 694 722 687 
TETRA 1938 2006 2007 2002 
TETRA 1061 476 475 477 
TETRA 1642 1657 1656 1658 
TETRA 1066 1250 1045 1249 
TETRA 1646 1640 1703 1644 
TETRA 692 912 695 693 
TETRA 1164 1159 221 1155 
TETRA 438 437 1141 429 
TETRA 752 757 759 753 
TETRA 923 2295 934 933 
TETRA 1745 1798 2237 1802 
TETRA 248 1821 1823 350 
TETRA 828 1463 1872 1464 
TETRA 879 919 1420 920 
TETRA 2131 382 351 100 
TETRA 683 665 1445 1446 
TETRA 861 864 862 850 
TETRA 1974 1976 803 1977 
TETRA 1034 1030 1033 1035 
TETRA 583 663 623 580 
TETRA 594 598 591 581 
TETRA 60 63 51 59 
TETRA 1609 1610 1734 1746 
TETRA 835 870 1898 858 
TETRA 1805 1806 490 486 
TETRA 570 606 578 917 
TETRA 1716 1710 1712 1715 
TETRA 1969 1966 1962 1964 
TETRA 435 1134 449 1120 
TETRA 817 822 821 785 
TETRA 1919 1992 1926 1988 
TETRA 1448 1485 1440 1441 
TETRA 1435 575 1443 1433 
TETRA 248 196 1188 1821 
TETRA 1805 561 478 1804 
TETRA 65 63 69 50 
TETRA 55 1838 56 12 
TETRA 2131 382 100 1563 
TETRA 1984 1966 2181 1967 
TETRA 1476 1882 2149 2153 
TETRA 598 1445 683 665 
TETRA 861 864 865 862 
TETRA 805 1908 1907 1913 
TETRA 413 452 2268 454 
TETRA 828 715 726 1870 
TETRA 120 127 105 139 
TETRA 1 4 12 11 
TETRA 820 828 829 830 
TETRA 154 137 126 138 
TETRA 582 580 630 583 
TETRA 489 563 487 488 
TETRA 1542 15 8 1544 
TETRA 662 1452 1454 1453 
TETRA 1804 569 485 573 
TETRA 802 1906 1976 2147 
TETRA 100 382 71 139 
TETRA 2165 799 795 807 
TETRA 20 27 16 1840 
TETRA 1445 1442 665 598 
TETRA 861 862 865 859 
TETRA 2150 2153 2149 1906 
TETRA 658 960 662 958 
TETRA 501 537 496 493 
TETRA 1 6 5 8 
TETRA 570 568 569 485 
TETRA 1425 1424 568 1423 
TETRA 1818 1817 141 1819 
TETRA 164 160 122 165 
TETRA 754 755 766 814 
TETRA 275 270 277 278 
TETRA 462 463 464 455 
TETRA 250 259 258 255 
TETRA 2046 2045 1660 2027 
TETRA 1350 1354 1355 1349 
TETRA 2018 2211 1811 2021 
TETRA 351 71 100 382 
TETRA 1324 1558 1096 1552 
TETRA 1096 1022 1021 1019 
TETRA 850 861 864 863 
TETRA 192 182 186 190 
TETRA 11 27 25 46 
TETRA 753 767 907 746 
TETRA 1636 1622 1633 1632 
TETRA 3 7 54 1613 
TETRA 697 701 699 698 
TETRA 866 1478 918 1426 
TETRA 1869 1503 1889 1415 
TETRA 841 1408 1409 837 
TETRA 1261 1259 1260 953 
TETRA 2044 1718 2043 2027 
TETRA 67 74 71 47 
TETRA 1723 308 276 245 
TETRA 1350 1355 1342 1349 
TETRA 1728 1545 302 1528 
TETRA 1290 1284 1283 1294 
TETRA 1119 1085 419 1120 
TETRA 133 1563 100 139 
TETRA 1534 1550 1552 1549 
TETRA 1448 1485 1457 1483 
TETRA 861 865 864 863 
TETRA 121 146 143 145 
TETRA 695 779 890 709 
TETRA 1027 527 1234 1240 
TETRA 44 32 337 45 
TETRA 1355 1363 1349 1354 
TETRA 111 110 104 109 
TETRA 955 962 949 950 
TETRA 1656 1663 1665 1667 
TETRA 1164 1154 1155 1163 
TETRA 1159 1183 1166 1184 
TETRA 244 308 245 276 
TETRA 251 350 269 1567 
TETRA 2203 2221 2205 2219 
TETRA 1298 1864 2014 1299 
TETRA 106 127 133 139 
TETRA 2119 2049 2052 2054 
TETRA 1534 1552 1551 1549 
TETRA 840 841 843 844 
TETRA 1448 664 1450 1446 
TETRA 1134 1213 1147 1120 
TETRA 336 280 278 335 
TETRA 1360 1364 1369 1365 
TETRA 1314 1864 1770 1863 
TETRA 1384 1500 566 563 
TETRA 1642 1644 1636 1643 
TETRA 479 478 486 485 
TETRA 997 1006 1008 1019 
TETRA 1576 2039 1582 1819 
TETRA 503 501 507 508 
TETRA 1305 1304 1508 1865 
TETRA 1052 1218 1034 1053 
TETRA 1572 1574 1577 1575 
TETRA 1521 1743 1520 2261 
TETRA 248 1567 1820 350 
TETRA 2164 1895 2167 2168 
TETRA 390 391 133 131 
TETRA 716 721 726 725 
TETRA 686 682 693 683 
TETRA 121 93 143 119 
TETRA 1167 1759 1181 1182 
TETRA 813 786 768 812 
TETRA 898 757 894 893 
TETRA 1403 1394 1392 1487 
TETRA 409 415 403 416 
TETRA 208 217 1604 216 
TETRA 832 826 820 836 
TETRA 955 664 963 1016 
TETRA 535 1024 1323 1326 
TETRA 1107 1109 1120 1111 
TETRA 2062 2216 1086 2063 
TETRA 1745 1793 2237 1798 
TETRA 1350 1349 1353 1354 
TETRA 2085 1659 1695 1692 
TETRA 1289 2157 2162 2159 
TETRA 1969 1971 1983 2186 
TETRA 2131 100 133 1563 
TETRA 2045 2028 1657 2027 
TETRA 1933 2178 1932 1941 
TETRA 303 297 1846 1611 
TETRA 840 829 841 837 
TETRA 2069 2066 1695 1657 
TETRA 940 939 938 975 
TETRA 1606 323 295 318 
TETRA 1378 1379 1381 553 
TETRA 666 662 670 637 
TETRA 1572 1577 1579 1576 
TETRA 812 2149 2151 1476 
TETRA 471 476 493 477 
TETRA 552 553 488 549 
TETRA 1293 1299 1298 1297 
TETRA 1317 1313 1319 1316 
TETRA 1149 1591 1118 1816 
TETRA 1734 1772 1743 2245 
TETRA 310 335 1618 1626 
TETRA 1962 1963 1979 1975 
TETRA 83 106 101 100 
TETRA 237 238 232 313 
TETRA 678 1445 682 683 
TETRA 840 841 842 843 
TETRA 621 576 484 560 
TETRA 594 601 602 604 
TETRA 287 279 289 330 
TETRA 1048 1037 1051 1049 
TETRA 1025 1253 1247 1246 
TETRA 905 911 881 1473 
TETRA 1616 1618 1630 311 
TETRA 1268 1271 724 723 
TETRA 782 783 784 1461 
TETRA 241 252 283 244 
TETRA 462 468 467 469 
TETRA 10 55 16 1097 
TETRA 555 1384 1401 1351 
TETRA 1149 1585 1150 1816 
TETRA 414 2266 412 404 
TETRA 472 1792 467 537 
TETRA 1642 2116 1649 1648 
TETRA 101 106 2131 100 
TETRA 1095 2129 1006 2130 
TETRA 1444 1442 579 575 
TETRA 840 844 837 841 
TETRA 842 826 840 843 
TETRA 1080 1047 1079 1084 
TETRA 425 427 438 429 
TETRA 967 973 974 969 
TETRA 1347 1343 1346 1374 
TETRA 1328 1517 1519 1520 
TETRA 606 1418 864 1417 
TETRA 157 158 171 169 
TETRA 685 690 680 931 
TETRA 1117 1115 457 418 
TETRA 224 1715 210 205 
TETRA 22 1612 1614 21 
TETRA 1148 1585 1816 1111 
TETRA 2128 1840 27 28 
TETRA 841 842 1406 827 
TETRA 508 1337 1339 509 
TETRA 1809 563 564 1811 
TETRA 488 553 552 554 
TETRA 1156 1175 1153 1132 
TETRA 503 513 507 506 
TETRA 690 930 706 931 
TETRA 33 45 46 32 
TETRA 1744 2249 2252 2250 
TETRA 1344 1349 1350 1342 
TETRA 799 798 803 808 
TETRA 297 1611 36 1846 
TETRA 1635 1626 309 1634 
TETRA 2131 1563 133 383 
TETRA 2265 1071 1066 1067 
TETRA 303 1844 1611 1845 
TETRA 840 842 841 829 
TETRA 2019 2018 1811 2021 
TETRA 1063 1061 1064 461 
TETRA 1512 1730 1860 1513 
TETRA 1043 1036 1065 1044 
TETRA 996 1003 999 1004 
TETRA 1646 1689 1688 1685 
TETRA 1646 1708 1702 1701 
TETRA 2060 2061 1087 46 
TETRA 73 67 68 69 
TETRA 1793 1797 1795 1794 
TETRA 1146 1147 1151 1585 
TETRA 1350 1352 1348 1345 
TETRA 1046 2284 2285 2283 
TETRA 1018 1010 992 1020 
TETRA 390 383 385 2131 
TETRA 10 20 27 16 
TETRA 861 865 860 859 
TETRA 99 270 341 44 
TETRA 1581 1150 1151 1585 
TETRA 1601 1604 1599 1575 
TETRA 990 995 950 992 
TETRA 61 354 356 51 
TETRA 77 79 80 75 
TETRA 1446 1451 1450 1448 
TETRA 1817 2215 2214 2135 
TETRA 1593 1118 1127 1591 
TETRA 1087 1086 1090 1101 
TETRA 752 756 750 755 
TETRA 390 2131 133 383 
TETRA 1611 6 36 1845 
TETRA 584 567 574 576 
TETRA 1585 1112 1584 1598 
TETRA 1606 295 323 296 
TETRA 463 465 1793 1794 
TETRA 113 125 123 124 
TETRA 137 1140 1138 1141 
TETRA 534 467 466 547 
TETRA 196 1829 185 195 
TETRA 247 1721 1722 1725 
TETRA 143 148 1567 147 
TETRA 1411 1488 1394 1396 
TETRA 143 146 1567 350 
TETRA 250 259 255 254 
TETRA 554 555 1352 556 
TETRA 1123 1122 1124 1127 
TETRA 1934 1994 1940 1939 
TETRA 1290 1295 1296 798 
TETRA 390 133 391 383 
TETRA 1149 1127 1118 1591 
TETRA 840 837 832 829 
TETRA 1027 994 1025 999 
TETRA 828 1870 1871 1872 
TETRA 857 850 861 862 
TETRA 918 1478 1419 1426 
TETRA 215 1163 218 220 
TETRA 1129 1800 1798 1802 
TETRA 707 926 892 888 
TETRA 1187 1203 1204 1196 
TETRA 1186 200 223 189 
TETRA 1288 1011 1280 2146 
TETRA 1611 1844 1542 8 
TETRA 10 11 55 1097 
TETRA 1352 1351 1385 1384 
TETRA 1937 1979 1936 1938 
TETRA 2018 2017 1811 2211 
TETRA 373 2283 2280 2284 
TETRA 390 385 383 389 
TETRA 1933 2178 1942 1986 
TETRA 303 1542 1844 1543 
TETRA 584 609 574 1431 
TETRA 843 1405 1413 844 
TETRA 338 187 142 141 
TETRA 447 449 419 435 
TETRA 1053 1225 1218 1056 
TETRA 489 485 565 567 
TETRA 2053 2054 2049 2050 
TETRA 362 1099 1560 1100 
TETRA 1442 1439 1435 1441 
TETRA 521 524 525 523 
TETRA 61 357 52 55 
TETRA 1569 1571 1574 207 
TETRA 236 228 1187 1188 
TETRA 304 1610 323 1608 
TETRA 638 641 637 640 
TETRA 1099 2275 2286 2276 
TETRA 660 641 638 642 
TETRA 799 807 804 795 
TETRA 1970 2185 1969 1973 
TETRA 390 389 2134 385 
TETRA 303 1611 1844 1542 
TETRA 867 869 866 868 
TETRA 261 264 258 263 
TETRA 1625 2052 1620 2051 
TETRA 654 955 949 950 
TETRA 1034 1032 1054 1055 
TETRA 1305 1311 1508 1304 
TETRA 1809 563 1810 1506 
TETRA 1275 1265 725 1276 
TETRA 1553 1514 1551 1528 
TETRA 2070 2077 2074 2078 
TETRA 942 648 647 941 
TETRA 164 123 153 1566 
TETRA 291 282 287 290 
TETRA 530 532 1322 1312 
TETRA 692 693 880 912 
TETRA 633 635 637 638 
TETRA 1730 1629 1770 1861 
TETRA 1099 2291 1558 1325 
TETRA 1635 1711 1712 1626 
TETRA 351 382 381 360 
TETRA 1344 1348 1350 1349 
TETRA 574 1431 1432 567 
TETRA 1536 1537 1530 1535 
TETRA 375 1085 1079 374 
TETRA 394 393 426 391 
TETRA 1027 1230 1030 1042 
TETRA 1606 1168 1605 1607 
TETRA 1969 1983 1966 2183 
TETRA 1962 1975 1968 1963 
TETRA 375 376 1081 445 
TETRA 487 472 548 1511 
TETRA 570 568 578 606 
TETRA 1018 992 523 522 
TETRA 2145 2146 2144 2147 
TETRA 235 1198 1186 1188 
TETRA 300 296 303 297 
TETRA 316 292 320 322 
TETRA 961 1450 1267 1276 
TETRA 2002 2004 2003 1998 
TETRA 1744 2250 2248 2249 
TETRA 2019 2020 2201 2021 
TETRA 2150 1485 2147 1483 
TETRA 1620 1624 28 29 
TETRA 2151 2153 1476 2149 
TETRA 1257 1447 623 1258 
TETRA 584 567 611 1431 
TETRA 813 790 786 811 
TETRA 1646 1639 1640 1644 
TETRA 966 965 983 964 
TETRA 1444 917 914 1443 
TETRA 646 644 938 939 
TETRA 666 1486 1271 1455 
TETRA 1217 1051 1049 1215 
TETRA 2203 1437 2205 2207 
TETRA 578 579 575 917 
TETRA 2214 1819 1583 1582 
TETRA 1536 1543 1540 1842 
TETRA 895 894 889 893 
TETRA 1210 212 221 1163 
TETRA 1411 1412 1410 1487 
TETRA 566 565 1423 577 
TETRA 52 12 4 11 
TETRA 291 292 287 286 
TETRA 436 1120 435 437 
TETRA 1119 1084 1116 418 
TETRA 1210 167 1571 168 
TETRA 113 124 117 114 
TETRA 2198 2017 1811 1893 
TETRA 1426 918 864 1419 
TETRA 2028 1657 2030 2065 
TETRA 569 1436 572 573 
TETRA 535 1334 1241 1333 
TETRA 2061 2130 2056 2129 
TETRA 813 785 786 790 
TETRA 1589 1593 1127 1591 
TETRA 241 242 248 235 
TETRA 1750 1754 318 1755 
TETRA 736 740 1467 742 
TETRA 911 1473 1472 1470 
TETRA 409 414 415 413 
TETRA 1154 218 1163 220 
TETRA 490 562 1806 1808 
TETRA 2030 1657 2027 2066 
TETRA 91 48 42 47 
TETRA 1757 1745 1763 1761 
TETRA 5 23 3 2 
TETRA 1732 302 1533 1528 
TETRA 770 740 772 739 
TETRA 208 212 207 1586 
TETRA 2200 2201 1815 1813 
TETRA 514 1335 513 512 
TETRA 578 1430 608 1429 
TETRA 832 837 838 830 
TETRA 122 179 149 150 
TETRA 10 11 27 25 
TETRA 805 2190 1909 2192 
TETRA 81 78 101 80 
TETRA 1360 1366 1369 1364 
TETRA 588 617 620 618 
TETRA 1303 1294 1298 1283 
TETRA 1094 1006 1095 2129 
TETRA 143 148 269 1567 
TETRA 1732 1521 1734 1733 
TETRA 1352 555 1379 1345 
TETRA 1565 1214 170 1580 
TETRA 864 1425 1419 568 
TETRA 1032 622 1227 980 
TETRA 1290 1289 2162 2159 
TETRA 752 757 749 751 
TETRA 1429 2254 2253 1418 
TETRA 2074 2083 1695 2082 
TETRA 2028 2030 1657 2027 
TETRA 1814 1595 1813 1113 
TETRA 1100 1836 1547 1549 
TETRA 832 834 833 1902 
TETRA 898 900 905 757 
TETRA 1860 1312 1510 1509 
TETRA 1616 1612 1630 1617 
TETRA 1587 1588 1601 2023 
TETRA 805 2192 1908 2191 
TETRA 633 632 639 640 
TETRA 1922 2160 1978 2007 
TETRA 1213 1147 1120 1214 
TETRA 275 1723 1719 278 
TETRA 397 400 403 398 
TETRA 1433 2207 2210 2208 
TETRA 724 1890 1307 1284 
TETRA 1979 1953 2173 1996 
TETRA 196 1820 1567 1827 
TETRA 747 732 746 765 
TETRA 514 528 507 513 
TETRA 161 157 166 169 
TETRA 1450 722 1276 1451 
TETRA 409 413 450 451 
TETRA 594 599 591 598 
TETRA 287 292 327 289 
TETRA 941 648 940 968 
TETRA 1061 1217 1062 1049 
TETRA 681 685 666 686 
TETRA 2053 2050 2049 1627 
TETRA 660 659 650 642 
TETRA 1572 166 1571 1570 
TETRA 595 581 578 579 
TETRA 1874 1886 1887 1911 
TETRA 1814 1113 1804 459 
TETRA 2105 2107 1658 2106 
TETRA 154 140 160 172 
TETRA 83 87 106 105 
TETRA 658 958 657 957 
TETRA 903 907 767 813 
TETRA 976 966 982 938 
TETRA 1529 1609 1732 1734 
TETRA 578 1429 606 1417 
TETRA 828 1870 1872 715 
TETRA 1048 1003 1043 1047 
TETRA 1500 1503 1415 1889 
TETRA 1110 1112 1111 1113 
TETRA 1555 1730 1770 1321 
TETRA 1345 1401 1340 1342 
TETRA 1157 1210 1211 168 
TETRA 1013 1483 1005 1449 
TETRA 2048 1637 1711 1718 
TETRA 208 205 210 216 
TETRA 1298 1302 1292 1297 
TETRA 514 1335 529 528 
TETRA 1433 2207 2206 2210 
TETRA 373 2283 1079 1081 
TETRA 955 964 659 664 
TETRA 44 337 341 45 
TETRA 2015 2140 1867 2139 
TETRA 1993 2006 1938 1994 
TETRA 905 894 757 904 
TETRA 1089 1088 1092 1046 
TETRA 555 1401 1384 488 
TETRA 1130 1133 434 1132 
TETRA 580 581 582 630 
TETRA 813 811 910 1470 
TETRA 752 750 754 755 
TETRA 1723 1715 310 308 
TETRA 922 935 934 2296 
TETRA 525 529 1027 528 
TETRA 1874 1911 1907 1886 
TETRA 373 2277 1046 2279 
TETRA 336 280 335 332 
TETRA 1557 1096 1320 1840 
TETRA 578 607 606 1429 
TETRA 716 722 721 725 
TETRA 2092 2086 1659 1658 
TETRA 1679 1680 1650 1678 
TETRA 534 536 539 506 
TETRA 371 384 386 377 
TETRA 2165 2164 799 807 
TETRA 1123 1129 1130 433 
TETRA 277 270 271 272 
TETRA 1577 1600 1576 1575 
TETRA 1313 1314 1770 1315 
TETRA 1122 1127 1593 1118 
TETRA 1440 1434 1883 1438 
TETRA 570 1435 575 573 
TETRA 19 1556 31 2137 
TETRA 1805 1804 1814 561 
TETRA 1480 1907 1885 1886 
TETRA 373 2273 2281 378 
TETRA 666 683 1446 665 
TETRA 1034 1058 1057 1056 
TETRA 428 398 431 399 
TETRA 1063 1061 477 1059 
TETRA 568 561 485 565 
TETRA 808 803 799 804 
TETRA 1535 1837 1546 17 
TETRA 783 2143 1459 791 
TETRA 1646 1700 1707 1708 
TETRA 1635 1712 309 1626 
TETRA 99 279 98 273 
TETRA 1355 1360 1357 1359 
TETRA 1536 1544 1842 1841 
TETRA 1805 459 1814 1804 
TETRA 1886 1907 1874 1480 
TETRA 373 2282 377 2281 
TETRA 1167 1181 1759 1183 
TETRA 462 461 470 1787 
TETRA 1032 980 1227 1055 
TETRA 812 811 791 809 
TETRA 164 165 122 173 
TETRA 1535 1547 1546 1837 
TETRA 867 869 872 871 
TETRA 208 1604 209 205 
TETRA 1402 1404 1403 1385 
TETRA 246 224 308 234 
TETRA 60 52 58 59 
TETRA 1608 1168 1764 1170 
TETRA 588 584 583 621 
TETRA 2027 1657 1660 1637 
TETRA 1099 2286 2275 2288 
TETRA 1726 1715 1716 1712 
TETRA 1480 1908 1885 1907 
TETRA 373 2281 377 378 
TETRA 633 636 634 632 
TETRA 1574 1587 1573 1601 
TETRA 16 1546 1837 17 
TETRA 1014 998 1009 1010 
TETRA 1 10 5 2 
TETRA 1098 1096 1100 1097 
TETRA 192 1198 200 196 
TETRA 1053 1219 1052 1218 
TETRA 1457 1482 1451 1483 
TETRA 1025 527 1255 1256 
TETRA 642 641 643 649 
TETRA 1814 1815 1804 1113 
TETRA 1480 2192 1908 1909 
TETRA 945 971 951 946 
TETRA 255 254 237 241 
TETRA 1764 1168 1171 1170 
TETRA 1765 1766 294 307 
TETRA 16 1546 1557 1837 
TETRA 1636 1633 1640 1632 
TETRA 635 666 667 669 
TETRA 117 121 120 119 
TETRA 660 638 641 637 
TETRA 1153 1133 1175 1136 
TETRA 899 778 890 775 
TETRA 1120 1109 1214 1111 
TETRA 1036 1035 1039 1040 
TETRA 1375 1340 549 1339 
TETRA 413 456 418 457 
TETRA 1480 2209 1908 2192 
TETRA 1462 715 828 1872 
TETRA 1815 2199 1113 2201 
TETRA 16 1096 1557 1840 
TETRA 1507 1509 1867 1868 
TETRA 556 1496 1497 1498 
TETRA 1403 1487 1392 1391 
TETRA 1016 998 995 983 
TETRA 1809 1811 564 1812 
TETRA 104 102 108 109 
TETRA 246 1725 224 226 
TETRA 1164 1168 1167 1170 
TETRA 438 439 1143 441 
TETRA 1135 1146 1147 1151 
TETRA 1346 1376 1377 1347 
TETRA 1932 2179 1985 2180 
TETRA 777 781 737 739 
TETRA 886 887 878 2294 
TETRA 1064 418 456 1215 
TETRA 1480 1885 1908 2209 
TETRA 475 1217 456 478 
TETRA 55 56 1838 2262 
TETRA 2089 2091 2098 2099 
TETRA 373 2278 2280 2281 
TETRA 820 829 827 826 
TETRA 1385 1386 1492 1387 
TETRA 1378 1346 1379 553 
TETRA 1642 1641 1636 1644 
TETRA 534 466 542 546 
TETRA 1530 1527 1550 1855 
TETRA 1164 1159 1162 1167 
TETRA 436 434 435 1134 
TETRA 817 821 733 785 
TETRA 687 693 1457 1446 
TETRA 1587 1150 1581 1588 
TETRA 938 623 663 964 
TETRA 1934 1938 1944 1994 
TETRA 922 879 1420 920 
TETRA 614 616 584 617 
TETRA 805 1909 2190 1910 
TETRA 1139 140 172 139 
TETRA 2089 2102 2103 2096 
TETRA 2108 2109 1658 2106 
TETRA 1433 2210 2209 2208 
TETRA 1121 1790 417 458 
TETRA 789 790 799 795 
TETRA 373 2280 2278 2279 
TETRA 847 845 1413 853 
TETRA 1386 1493 1385 1492 
TETRA 736 1467 735 742 
TETRA 905 911 1473 1472 
TETRA 496 1337 508 509 
TETRA 1435 1439 1440 1441 
TETRA 161 166 157 160 
TETRA 841 837 829 1408 
TETRA 436 437 137 159 
TETRA 293 295 291 294 
TETRA 248 268 1825 267 
TETRA 160 187 188 172 
TETRA 857 835 836 858 
TETRA 1313 1308 1312 1314 
TETRA 1480 1910 1882 1909 
TETRA 1563 1139 1085 139 
TETRA 1484 2144 1461 1458 
TETRA 373 2282 2280 2283 
TETRA 840 829 826 842 
TETRA 556 1493 558 559 
TETRA 181 165 122 148 
TETRA 578 607 1429 608 
TETRA 113 123 117 124 
TETRA 1350 1356 1351 1357 
TETRA 772 774 762 769 
TETRA 1922 2171 2163 2160 
TETRA 1504 1311 1263 1264 
TETRA 1480 2208 2210 1909 
TETRA 127 140 1139 139 
TETRA 2092 2115 1658 2116 
TETRA 372 373 362 1099 
TETRA 847 844 1413 845 
TETRA 1328 1520 1526 1525 
TETRA 1 6 7 3 
TETRA 42 35 44 45 
TETRA 415 1117 449 457 
TETRA 878 881 876 875 
TETRA 1572 166 1570 1580 
TETRA 463 464 455 1792 
TETRA 694 687 1457 722 
TETRA 1656 1662 1657 1661 
TETRA 1744 2252 2251 2250 
TETRA 1930 1931 1937 1938 
TETRA 1480 1909 1882 2208 
TETRA 133 1563 127 138 
TETRA 535 1333 1330 1336 
TETRA 1979 1975 1963 1995 
TETRA 161 168 162 169 
TETRA 373 2273 2278 2281 
TETRA 30 332 1615 24 
TETRA 1385 1404 1490 1491 
TETRA 9 21 10 20 
TETRA 1478 1479 1476 1881 
TETRA 270 337 44 280 
TETRA 654 950 653 955 
TETRA 566 577 1423 1428 
TETRA 1266 1267 961 960 
TETRA 261 272 270 273 
TETRA 26 30 21 25 
TETRA 1609 1851 1853 1738 
TETRA 961 1267 1450 960 
TETRA 487 1808 1792 1511 
TETRA 749 748 747 761 
TETRA 1814 561 1815 1813 
TETRA 1282 1283 1273 1291 
TETRA 127 138 1563 1139 
TETRA 1970 1971 1969 2186 
TETRA 1480 2209 2210 2208 
TETRA 2203 2205 2221 2207 
TETRA 2015 1298 1301 1866 
TETRA 840 844 843 847 
TETRA 1385 1389 1353 1491 
TETRA 73 69 79 75 
TETRA 1027 1025 994 525 
TETRA 2042 209 206 1575 
TETRA 1642 1637 1657 1643 
TETRA 1279 1282 1287 1281 
TETRA 286 314 237 1193 
TETRA 231 1169 1605 229 
TETRA 462 467 468 464 
TETRA 1710 1711 1635 1637 
TETRA 1980 1988 1926 1992 
TETRA 2135 2219 2213 2218 
TETRA 1308 1309 1264 1273 
TETRA 572 2206 1885 1433 
TETRA 127 1139 1563 139 
TETRA 1656 1666 1662 1661 
TETRA 372 1099 362 1100 
TETRA 30 332 24 25 
TETRA 716 722 725 723 
TETRA 1385 1491 1492 1404 
TETRA 1359 1368 2297 1369 
TETRA 1129 432 446 1801 
TETRA 988 986 1017 990 
TETRA 479 480 482 473 
TETRA 275 276 245 1723 
TETRA 666 1271 687 1455 
TETRA 1266 1268 1267 960 
TETRA 1565 1585 1147 1214 
TETRA 1625 1623 1626 1637 
TETRA 1934 1932 1931 1939 
TETRA 2209 2206 1433 1885 
TETRA 356 1562 55 34 
TETRA 2089 2071 1657 1662 
TETRA 1289 1287 2156 2157 
TETRA 840 826 836 847 
TETRA 132 133 127 138 
TETRA 857 859 835 858 
TETRA 338 141 340 187 
TETRA 1055 1228 1032 980 
TETRA 1156 1162 1153 1155 
TETRA 517 508 514 516 
TETRA 1259 1012 1265 1264 
TETRA 283 233 244 313 
TETRA 1293 1294 1298 1301 
TETRA 1189 1187 236 228 
TETRA 1216 478 485 1051 
TETRA 1107 1105 1103 1106 
TETRA 261 342 348 263 
TETRA 1064 1215 1049 418 
TETRA 571 2199 1887 1886 
TETRA 1086 1085 139 374 
TETRA 237 313 232 233 
TETRA 1669 2123 1668 2054 
TETRA 1745 2242 1763 1761 
TETRA 32 280 337 332 
TETRA 1457 1458 722 1482 
TETRA 299 1764 304 1607 
TETRA 421 393 422 394 
TETRA 650 655 656 651 
TETRA 777 775 782 779 
TETRA 1529 1738 1609 1734 
TETRA 489 485 561 565 
TETRA 2025 2031 1604 2034 
TETRA 1191 232 238 313 
TETRA 589 630 591 629 
TETRA 1757 1763 1734 1746 
TETRA 1599 1598 2036 2034 
TETRA 1834 29 1620 28 
TETRA 750 754 766 753 
TETRA 699 713 708 701 
TETRA 261 262 260 274 
TETRA 1308 1273 1306 1309 
TETRA 572 1885 571 1433 
TETRA 139 172 1085 1086 
TETRA 534 537 467 547 
TETRA 420 414 404 2266 
TETRA 32 1833 332 337 
TETRA 1457 1484 1458 1483 
TETRA 111 128 107 106 
TETRA 697 706 698 707 
TETRA 1187 1196 1767 1195 
TETRA 900 901 905 902 
TETRA 1048 1050 1003 1047 
TETRA 1048 1043 1036 1049 
TETRA 1679 1681 1645 1680 
TETRA 496 495 491 497 
TETRA 900 904 903 902 
TETRA 879 920 877 919 
TETRA 482 488 487 480 
TETRA 300 302 299 301 
TETRA 251 261 268 250 
TETRA 1157 1211 1152 169 
TETRA 5 18 22 21 
TETRA 1099 2290 2291 1325 
TETRA 261 348 268 264 
TETRA 218 1596 1174 1594 
TETRA 2206 2202 572 1885 
TETRA 1086 374 139 1562 
TETRA 1554 1556 1557 1319 
TETRA 336 1717 278 339 
TETRA 78 2134 80 2132 
TETRA 1451 1483 1482 1011 
TETRA 164 122 160 123 
TETRA 1023 1026 1022 1024 
TETRA 1657 1658 1659 2086 
TETRA 840 847 846 845 
TETRA 976 978 624 979 
TETRA 555 553 1345 1401 
TETRA 990 995 992 993 
TETRA 1378 1379 1346 1377 
TETRA 208 216 1604 205 
TETRA 310 306 308 309 
TETRA 66 357 61 55 
TETRA 271 272 260 253 
TETRA 238 1194 317 239 
TETRA 2029 2032 2030 2024 
TETRA 37 51 47 50 
TETRA 1427 2020 1895 1887 
TETRA 1947 1946 1948 1952 
TETRA 2227 1021 1095 2128 
TETRA 772 761 774 771 
TETRA 1427 873 863 1426 
TETRA 250 268 267 264 
TETRA 1934 1941 1932 1940 
TETRA 571 2202 1885 572 
TETRA 356 1562 71 382 
TETRA 1290 789 1285 788 
TETRA 1066 2265 1250 1249 
TETRA 2060 2063 2061 2055 
TETRA 354 355 2133 353 
TETRA 843 1404 1413 1405 
TETRA 1642 1644 1645 1641 
TETRA 67 50 70 47 
TETRA 208 1603 1604 217 
TETRA 1110 1109 1107 1111 
TETRA 287 327 297 329 
TETRA 1063 1061 461 477 
TETRA 521 530 524 522 
TETRA 911 904 910 1472 
TETRA 247 249 1722 1721 
TETRA 1 9 10 12 
TETRA 685 690 705 688 
TETRA 1565 170 1151 1580 
TETRA 292 327 328 322 
TETRA 337 1833 2053 46 
TETRA 264 261 250 268 
TETRA 514 1335 528 513 
TETRA 571 1885 2202 1886 
TETRA 85 86 74 92 
TETRA 1269 1503 1406 1399 
TETRA 1448 1483 1457 1451 
TETRA 1045 1079 1047 1046 
TETRA 2089 2092 2087 2091 
TETRA 841 1405 843 844 
TETRA 718 721 1482 1461 
TETRA 67 47 51 50 
TETRA 227 231 230 229 
TETRA 3 4 54 7 
TETRA 1869 1890 1889 1307 
TETRA 1529 1736 1741 1742 
TETRA 462 1785 463 1786 
TETRA 1313 1861 1730 1770 
TETRA 1530 1527 1534 1550 
TETRA 409 404 414 412 
TETRA 1186 1201 200 1200 
TETRA 275 1719 1720 278 
TETRA 1216 1051 485 484 
TETRA 12 16 55 1837 
TETRA 1527 1552 1534 1550 
TETRA 354 351 356 51 
TETRA 1443 1433 1880 1883 
TETRA 261 262 343 263 
TETRA 1080 1084 1105 1047 
TETRA 571 2202 2199 1886 
TETRA 42 45 47 35 
TETRA 1286 2158 1289 1291 
TETRA 1290 2162 798 1296 
TETRA 1090 1101 1086 1102 
TETRA 718 1482 722 1458 
TETRA 37 41 40 39 
TETRA 248 241 245 250 
TETRA 625 663 624 583 
TETRA 534 539 505 506 
TETRA 1510 1511 1791 1868 
TETRA 186 187 148 269 
TETRA 1694 1643 1693 1695 
TETRA 1436 1104 2203 1437 
TETRA 192 1828 1829 1201 
TETRA 1572 1575 1577 1576 
TETRA 1381 1383 1379 1382 
TETRA 2200 2019 1424 2201 
TETRA 261 343 262 94 
TETRA 584 610 613 585 
TETRA 572 2206 1436 2202 
TETRA 139 1562 45 141 
TETRA 1812 2018 2017 1811 
TETRA 2089 2093 2090 2088 
TETRA 2030 2066 2067 2065 
TETRA 1403 1404 1405 1490 
TETRA 107 133 132 131 
TETRA 33 46 11 25 
TETRA 409 450 407 451 
TETRA 753 767 903 907 
TETRA 428 399 431 424 
TETRA 107 131 132 129 
TETRA 1025 1244 1046 1243 
TETRA 1025 1246 1254 1253 
TETRA 1328 1517 546 1518 
TETRA 487 490 472 1792 
TETRA 1356 1391 1390 1389 
TETRA 1536 1544 1542 1543 
TETRA 211 215 219 221 
TETRA 455 456 460 461 
TETRA 693 1445 914 1446 
TETRA 1100 1552 1835 1549 
TETRA 585 613 584 586 
TETRA 572 2207 1436 2206 
TETRA 139 1562 141 1086 
TETRA 373 2281 2280 2282 
TETRA 1087 46 2061 1097 
TETRA 748 768 745 769 
TETRA 83 86 76 87 
TETRA 496 537 491 493 
TETRA 1065 1044 1036 1251 
TETRA 1025 1255 1244 1256 
TETRA 112 103 104 110 
TETRA 1569 1575 1574 1570 
TETRA 104 101 83 106 
TETRA 1401 1342 516 1340 
TETRA 810 1480 1907 1904 
TETRA 1480 2192 2210 2209 
TETRA 42 92 47 45 
TETRA 913 812 1459 2151 
TETRA 2061 2126 2056 2130 
TETRA 1932 1940 2179 1939 
TETRA 841 1410 1407 1411 
TETRA 1447 1445 665 1446 
TETRA 112 105 87 116 
TETRA 710 698 709 695 
TETRA 570 1435 1434 1433 
TETRA 1001 1092 1094 1026 
TETRA 996 995 998 983 
TETRA 1150 2023 1591 1588 
TETRA 164 123 1566 151 
TETRA 1530 1527 1855 1531 
TETRA 237 241 283 233 
TETRA 1146 1150 1145 1149 
TETRA 1943 1945 1942 1934 
TETRA 1881 1479 1480 1885 
TETRA 85 93 86 92 
TETRA 1723 308 1724 1715 
TETRA 2188 802 804 805 
TETRA 841 1408 1410 1409 
TETRA 556 1494 1385 1493 
TETRA 325 1852 1853 1851 
TETRA 44 43 344 279 
TETRA 1166 1768 1752 1755 
TETRA 381 360 371 370 
TETRA 1514 1322 1512 1321 
TETRA 388 383 371 384 
TETRA 905 1472 1473 1474 
TETRA 1616 1630 1612 311 
TETRA 248 1188 235 1197 
TETRA 667 598 683 665 
TETRA 1 9 12 15 
TETRA 587 618 592 617 
TETRA 1950 1963 1951 1979 
TETRA 584 611 610 609 
TETRA 2041 2040 2039 1718 
TETRA 2201 1813 2019 2021 
TETRA 2152 1880 1441 914 
TETRA 1908 1480 1904 1907 
TETRA 37 3 36 35 
TETRA 578 1428 1430 1417 
TETRA 37 49 39 53 
TETRA 338 339 336 278 
TETRA 1032 982 622 981 
TETRA 1937 1979 1923 1962 
TETRA 287 286 284 282 
TETRA 275 271 277 270 
TETRA 1098 1099 1092 1088 
TETRA 1439 1050 1434 1438 
TETRA 165 175 167 176 
TETRA 562 561 1806 564 
TETRA 736 731 728 732 
TETRA 922 936 935 2296 
TETRA 526 507 527 536 
TETRA 2041 1718 2039 1727 
TETRA 595 916 598 579 
TETRA 2163 2161 2140 2170 
TETRA 11 46 1097 27 
TETRA 1096 1097 1095 2128 
TETRA 1904 1480 1908 1909 
TETRA 1318 1322 1324 1551 
TETRA 83 87 105 86 
TETRA 666 665 1446 1450 
TETRA 1135 1147 1213 1151 
TETRA 2069 2065 2064 2072 
TETRA 1642 1658 1649 2116 
TETRA 1581 1584 1582 1598 
TETRA 299 1171 307 305 
TETRA 1265 1273 1264 1274 
TETRA 1765 294 299 307 
TETRA 107 109 130 131 
TETRA 1950 1951 1963 1958 
TETRA 777 712 737 714 
TETRA 1930 1936 1934 1938 
TETRA 261 348 264 263 
TETRA 595 598 581 579 
TETRA 74 92 86 71 
TETRA 1669 2122 2124 1674 
TETRA 1812 2018 1808 2017 
TETRA 912 1481 1458 693 
TETRA 2165 1911 807 810 
TETRA 1049 1050 1105 1215 
TETRA 2119 2121 2052 2051 
TETRA 1355 1357 1360 1361 
TETRA 827 1406 1407 1489 
TETRA 325 1850 326 1852 
TETRA 276 281 244 308 
TETRA 589 588 625 626 
TETRA 570 577 578 568 
TETRA 1587 1588 1581 1573 
TETRA 750 756 734 755 
TETRA 727 716 720 726 
TETRA 10 25 2 11 
TETRA 1943 1946 1942 1945 
TETRA 74 71 47 92 
TETRA 2092 2100 1658 2115 
TETRA 1717 1716 1727 1718 
TETRA 843 1413 847 844 
TETRA 85 88 87 116 
TETRA 91 74 85 90 
TETRA 1314 1770 1862 1863 
TETRA 646 643 644 645 
TETRA 420 414 1077 1079 
TETRA 876 919 866 918 
TETRA 1038 1052 481 1219 
TETRA 287 281 282 279 
TETRA 792 2145 2144 2143 
TETRA 1710 1712 1715 1713 
TETRA 1034 1057 1038 1035 
TETRA 83 100 78 72 
TETRA 2048 1660 1653 1637 
TETRA 621 1224 622 620 
TETRA 1717 1727 1716 1721 
TETRA 1324 1022 1318 1320 
TETRA 122 160 123 140 
TETRA 1729 1513 1733 305 
TETRA 427 436 435 437 
TETRA 2229 2126 2125 2127 
TETRA 1053 1054 1226 1056 
TETRA 18 15 1535 17 
TETRA 1120 1214 1148 1111 
TETRA 535 1328 546 1330 
TETRA 864 566 1423 1428 
TETRA 2142 822 821 1890 
TETRA 750 751 734 756 
TETRA 570 575 1435 1433 
TETRA 621 612 484 615 
TETRA 196 1829 2236 185 
TETRA 107 130 108 390 
TETRA 246 224 1725 1724 
TETRA 791 1460 786 812 
TETRA 111 109 107 129 
TETRA 646 939 938 940 
TETRA 85 116 93 118 
TETRA 1403 1394 1356 1392 
TETRA 1642 1636 1637 1643 
TETRA 247 226 248 196 
TETRA 2056 2055 2057 2061 
TETRA 526 533 1323 530 
TETRA 635 662 638 665 
TETRA 750 747 734 751 
TETRA 60 62 59 58 
TETRA 621 1221 619 616 
TETRA 2108 2106 1658 2107 
TETRA 2110 2112 1649 1687 
TETRA 1318 1554 1551 1557 
TETRA 841 1409 1410 1412 
TETRA 1139 139 172 1085 
TETRA 1565 1583 1581 1585 
TETRA 594 603 596 597 
TETRA 2 32 25 24 
TETRA 1433 2209 2210 2206 
TETRA 1378 1377 1346 1376 
TETRA 409 412 414 413 
TETRA 132 133 391 131 
TETRA 1324 1558 1026 1096 
TETRA 2029 2026 2030 2028 
TETRA 1457 1458 1482 1483 
TETRA 746 765 744 813 
TETRA 33 34 45 35 
TETRA 621 616 1222 1221 
TETRA 1440 1438 1485 1449 
TETRA 1280 2146 1289 1288 
TETRA 785 789 790 2141 
TETRA 2030 2065 1657 2066 
TETRA 1318 1319 1554 1557 
TETRA 912 1481 914 913 
TETRA 1545 1555 1546 1553 
TETRA 2069 2070 1695 2066 
TETRA 876 1478 866 869 
TETRA 1517 1744 1516 465 
TETRA 660 642 650 661 
TETRA 747 765 766 734 
TETRA 1505 1507 1503 1506 
TETRA 752 754 758 755 
TETRA 1290 1295 789 788 
TETRA 248 1824 1823 1197 
TETRA 912 914 1481 693 
TETRA 67 51 65 50 
TETRA 582 574 578 581 
TETRA 1360 1369 1359 1365 
TETRA 1025 1245 1244 1255 
TETRA 1328 1517 1518 1519 
TETRA 1656 1666 1665 1664 
TETRA 1875 1479 868 1427 
TETRA 846 848 845 852 
TETRA 275 278 276 1723 
TETRA 1734 1731 1745 1610 
TETRA 55 1100 1096 1097 
TETRA 2165 2166 1874 1895 
TETRA 789 794 790 795 
TETRA 886 878 921 2294 
TETRA 872 868 1875 1477 
TETRA 599 937 678 601 
TETRA 1439 1438 1440 1258 
TETRA 2015 2141 788 1889 
TETRA 2078 2077 2079 2070 
TETRA 248 196 1820 1567 
TETRA 912 1481 913 1459 
TETRA 496 1338 498 497 
TETRA 398 446 431 400 
TETRA 806 1905 1904 805 
TETRA 736 737 731 1467 
TETRA 676 679 677 684 
TETRA 1809 1511 548 1506 
TETRA 886 2294 921 2296 
TETRA 1107 1103 1105 1084 
TETRA 1394 1269 1261 1398 
TETRA 196 200 197 226 
TETRA 872 1875 868 873 
TETRA 1970 1969 2185 2186 
TETRA 1719 1712 1726 1716 
TETRA 65 63 64 355 
TETRA 1459 913 1460 812 
TETRA 18 1612 19 1556 
TETRA 261 143 348 342 
TETRA 277 278 270 280 
TETRA 949 951 952 948 
TETRA 777 779 782 719 
TETRA 587 583 589 588 
TETRA 1061 1049 1062 1037 
TETRA 1002 1000 997 996 
TETRA 1790 1793 1795 1789 
TETRA 1153 1154 1162 1128 
TETRA 1572 1570 1579 1580 
TETRA 1147 1134 1135 1213 
TETRA 112 87 105 106 
TETRA 293 297 292 296 
TETRA 1969 1927 1966 1982 
TETRA 873 1888 1873 1895 
TETRA 685 675 666 674 
TETRA 633 634 628 632 
TETRA 1447 1258 1440 1015 
TETRA 20 16 19 2137 
TETRA 248 268 1824 1825 
TETRA 111 104 107 109 
TETRA 1757 1734 1763 1745 
TETRA 287 330 327 329 
TETRA 462 1786 453 454 
TETRA 1514 1321 1512 1730 
TETRA 473 478 1805 486 
TETRA 501 538 534 500 
TETRA 1268 725 1267 723 
TETRA 1600 1582 1576 2039 
TETRA 170 172 1580 1214 
TETRA 955 664 1016 964 
TETRA 886 887 885 878 
TETRA 254 241 253 237 
TETRA 68 352 355 353 
TETRA 1922 1918 808 2170 
TETRA 906 913 1460 1459 
TETRA 525 994 1027 529 
TETRA 1030 1033 1042 1230 
TETRA 1529 1741 1739 1740 
TETRA 1521 1513 1516 1733 
TETRA 768 1460 812 786 
TETRA 2042 1727 1716 1718 
TETRA 1646 1684 1689 1685 
TETRA 840 826 832 836 
TETRA 428 435 432 398 
TETRA 796 794 789 795 
TETRA 891 892 698 925 
TETRA 1605 1168 1169 1171 
TETRA 1744 1797 2251 2252 
TETRA 621 576 574 1257 
TETRA 1462 1872 712 715 
TETRA 2162 2175 803 1978 
TETRA 1460 1459 812 791 
TETRA 1036 1039 1251 1040 
TETRA 1457 1446 914 1441 
TETRA 481 1219 1052 483 
TETRA 1572 1575 1576 1570 
TETRA 606 918 864 1418 
TETRA 2029 2024 2025 2032 
TETRA 820 827 823 826 
TETRA 438 1141 137 1142 
TETRA 1290 1283 1286 1291 
TETRA 770 761 772 771 
TETRA 554 556 559 560 
TETRA 475 478 456 460 
TETRA 517 1359 516 991 
TETRA 786 1460 791 783 
TETRA 318 1754 1204 1755 
TETRA 1190 1192 1606 1605 
TETRA 2002 1998 1994 2006 
TETRA 74 72 71 86 
TETRA 2025 2032 1604 2031 
TETRA 33 45 11 46 
TETRA 820 817 819 818 
TETRA 1187 1186 228 229 
TETRA 120 139 105 119 
TETRA 2135 2213 2219 2205 
TETRA 566 563 1500 1888 
TETRA 237 1193 254 255 
TETRA 728 720 719 784 
TETRA 172 141 1817 1086 
TETRA 517 1372 1371 518 
TETRA 745 1460 786 783 
TETRA 250 252 271 253 
TETRA 1259 961 1265 1012 
TETRA 1122 1593 1128 1597 
TETRA 828 1464 1871 830 
TETRA 700 702 705 703 
TETRA 1130 1802 1129 1745 
TETRA 432 1122 1129 446 
TETRA 155 126 153 154 
TETRA 154 1139 137 138 
TETRA 1080 413 1045 1064 
TETRA 1211 1163 1586 1210 
TETRA 584 574 621 576 
TETRA 595 1420 605 936 
TETRA 2142 727 821 730 
TETRA 248 1820 1821 350 
TETRA 689 688 686 687 
TETRA 121 122 149 150 
TETRA 1834 28 25 29 
TETRA 394 423 426 393 
TETRA 1154 1174 1145 1212 
TETRA 1924 1920 1927 1962 
TETRA 1375 550 551 1376 
TETRA 420 1079 1077 1081 
TETRA 1016 1004 998 983 
TETRA 211 221 223 212 
TETRA 521 522 523 520 
TETRA 503 508 507 514 
TETRA 1930 1938 1937 1936 
TETRA 161 164 175 165 
TETRA 716 726 724 725 
TETRA 192 196 195 1829 
TETRA 1027 1239 1237 1040 
TETRA 2050 2117 2216 2063 
TETRA 1804 1803 569 573 
TETRA 336 1717 1832 1711 
TETRA 2164 2169 808 1916 
TETRA 689 687 686 693 
TETRA 775 779 912 782 
TETRA 1034 1032 1053 1054 
TETRA 1400 1384 1351 1401 
TETRA 1642 1645 1646 1647 
TETRA 1679 1645 1681 1682 
TETRA 1420 606 595 605 
TETRA 1530 1534 1527 1528 
TETRA 493 476 495 494 
TETRA 503 496 508 509 
TETRA 91 48 47 70 
TETRA 1095 1097 2127 2128 
TETRA 699 701 702 713 
TETRA 1415 1416 1500 1889 
TETRA 192 193 198 189 
TETRA 534 541 546 542 
TETRA 161 162 157 169 
TETRA 91 85 74 92 
TETRA 1657 1709 1695 1643 
TETRA 248 268 350 1823 
TETRA 1032 1227 1054 1055 
TETRA 1261 1269 1502 1262 
TETRA 489 565 566 567 
TETRA 982 964 1258 623 
TETRA 850 855 856 1417 
TETRA 1265 1012 1275 1274 
TETRA 1715 309 307 1713 
TETRA 471 493 491 472 
TETRA 250 251 248 268 
TETRA 436 437 1213 1120 
TETRA 856 1500 1416 1888 
TETRA 1089 1090 1093 1088 
TETRA 2203 2207 2221 2206 
TETRA 1723 1715 1724 1712 
TETRA 1289 2175 2162 2176 
TETRA 517 519 1371 1370 
TETRA 1586 214 208 212 
TETRA 1621 335 1620 1625 
TETRA 165 167 166 188 
TETRA 595 606 916 579 
TETRA 1018 1019 1008 1021 
TVOLUME
PATOM 2298 610 1e-12 
PATOM 2299 585 1e-12 
PATOM 2300 609 1e-12 
PATOM 2301 1495 1e-12 
PATOM 2302 1497 1e-12 
PATOM 2303 1496 1e-12 
PATOM 2304 1498 1e-12 
PATOM 2305 613 1e-12 
PATOM 2306 612 1e-12 
PATOM 2307 560 1e-12 
PATOM 2308 559 1e-12 
PATOM 2309 484 1e-12 
PATOM 2310 615 1e-12 
PATOM 2311 558 1e-12 
PATOM 2312 1493 1e-12 
PATOM 2313 616 1e-12 
PATOM 2314 619 1e-12 
PATOM 2315 1221 1e-12 
PATOM 2316 1223 1e-12 
PATOM 2317 1383 1e-12 
PATOM 2318 1386 1e-12 
PATOM 2319 617 1e-12 
PATOM 2320 614 1e-12 
PATOM 2321 1494 1e-12 
PATOM 2322 586 1e-12 
PATOM 2323 1492 1e-12 
PATOM 2324 618 1e-12 
PATOM 2325 1387 1e-12 
PATOM 2326 1491 1e-12 
PATOM 2327 627 1e-12 
PATOM 2328 592 1e-12 
PATOM 2329 1404 1e-12 
PATOM 2330 628 1e-12 
PATOM 2331 626 1e-12 
PATOM 2332 1353 1e-12 
PATOM 2333 1389 1e-12 
PATOM 2334 631 1e-12 
PATOM 2335 978 1e-12 
PATOM 2336 979 1e-12 
PATOM 2337 620 1e-12 
PATOM 2338 1388 1e-12 
PATOM 2339 1227 1e-12 
PATOM 2340 1382 1e-12 
PATOM 2341 1377 1e-12 
PATOM 2342 980 1e-12 
PATOM 2343 1348 1e-12 
PATOM 2344 1349 1e-12 
PATOM 2345 1354 1e-12 
PATOM 2346 939 1e-12 
PATOM 2347 977 1e-12 
PATOM 2348 975 1e-12 
PATOM 2349 1358 1e-12 
PATOM 2350 1343 1e-12 
PATOM 2351 1347 1e-12 
PATOM 2352 1228 1e-12 
PATOM 2353 1374 1e-12 
PATOM 2354 1373 1e-12 
PVRTX 2355 0.568888843 0.593030572 1.88648212 1e-16 
PATOM 2356 1341 1e-12 
PATOM 2357 515 1e-12 
PVRTX 2358 0.557070434 0.58446604 1.88950467 1e-16 
PATOM 2359 1033 1e-12 
PATOM 2360 1230 1e-12 
PATOM 2361 1372 1e-12 
PATOM 2362 1229 1e-12 
PATOM 2363 973 1e-12 
PATOM 2364 1365 1e-12 
PATOM 2365 968 1e-12 
PATOM 2366 969 1e-12 
PATOM 2367 974 1e-12 
PATOM 2368 1371 1e-12 
PATOM 2369 1232 1e-12 
PATOM 2370 1231 1e-12 
PATOM 2371 518 1e-12 
PATOM 2372 519 1e-12 
PATOM 2373 1370 1e-12 
PATOM 2374 1369 1e-12 
PATOM 2375 970 1e-12 
PATOM 2376 1366 1e-12 
PATOM 2377 1364 1e-12 
PATOM 2378 940 1e-12 
PATOM 2379 1363 1e-12 
PATOM 2380 1362 1e-12 
PATOM 2381 645 1e-12 
PATOM 2382 1390 1e-12 
PATOM 2383 640 1e-12 
PATOM 2384 1393 1e-12 
PATOM 2385 1392 1e-12 
PATOM 2386 1391 1e-12 
PATOM 2387 632 1e-12 
PATOM 2388 1490 1e-12 
PATOM 2389 634 1e-12 
PATOM 2390 629 1e-12 
PATOM 2391 1412 1e-12 
PATOM 2392 677 1e-12 
PATOM 2393 668 1e-12 
PATOM 2394 636 1e-12 
PATOM 2395 637 1e-12 
PATOM 2396 641 1e-12 
PATOM 2397 1395 1e-12 
PATOM 2398 1453 1e-12 
PATOM 2399 661 1e-12 
PATOM 2400 643 1e-12 
PATOM 2401 649 1e-12 
PATOM 2402 1361 1e-12 
PATOM 2403 648 1e-12 
PATOM 2404 651 1e-12 
PATOM 2405 943 1e-12 
PATOM 2406 1367 1e-12 
PATOM 2407 946 1e-12 
PATOM 2408 951 1e-12 
PATOM 2409 947 1e-12 
PATOM 2410 655 1e-12 
PATOM 2411 2292 1e-12 
PATOM 2412 948 1e-12 
PATOM 2413 957 1e-12 
PATOM 2414 657 1e-12 
PATOM 2415 656 1e-12 
PATOM 2416 2293 1e-12 
PATOM 2417 1452 1e-12 
PATOM 2418 1397 1e-12 
PATOM 2419 1454 1e-12 
PATOM 2420 959 1e-12 
PATOM 2421 1398 1e-12 
PATOM 2422 958 1e-12 
PATOM 2423 1486 1e-12 
PATOM 2424 960 1e-12 
PATOM 2425 1271 1e-12 
PATOM 2426 1455 1e-12 
PATOM 2427 1488 1e-12 
PATOM 2428 671 1e-12 
PATOM 2429 1396 1e-12 
PATOM 2430 670 1e-12 
PATOM 2431 1501 1e-12 
PATOM 2432 669 1e-12 
PATOM 2433 1487 1e-12 
PATOM 2434 1410 1e-12 
PATOM 2435 675 1e-12 
PATOM 2436 1407 1e-12 
PATOM 2437 684 1e-12 
PATOM 2438 1408 1e-12 
PATOM 2439 1409 1e-12 
PATOM 2440 1405 1e-12 
PATOM 2441 937 1e-12 
PATOM 2442 844 1e-12 
PATOM 2443 1413 1e-12 
PATOM 2444 601 1e-12 
PATOM 2445 845 1e-12 
PATOM 2446 604 1e-12 
PATOM 2447 853 1e-12 
PATOM 2448 593 1e-12 
PATOM 2449 1414 1e-12 
PATOM 2450 600 1e-12 
PATOM 2451 597 1e-12 
PATOM 2452 1499 1e-12 
PATOM 2453 2259 1e-12 
PATOM 2454 2256 1e-12 
PATOM 2455 596 1e-12 
PATOM 2456 854 1e-12 
PATOM 2457 607 1e-12 
PATOM 2458 2255 1e-12 
PATOM 2459 855 1e-12 
PATOM 2460 608 1e-12 
PATOM 2461 1429 1e-12 
PATOM 2462 851 1e-12 
PVRTX 2463 0.661611676 0.559910059 2.06408119 1e-16 
PATOM 2464 852 1e-12 
PATOM 2465 1422 1e-12 
PATOM 2466 2253 1e-12 
PATOM 2467 605 1e-12 
PATOM 2468 1420 1e-12 
PATOM 2469 936 1e-12 
PATOM 2470 603 1e-12 
PATOM 2471 935 1e-12 
PATOM 2472 933 1e-12 
PATOM 2473 839 1e-12 
PATOM 2474 932 1e-12 
PATOM 2475 837 1e-12 
PATOM 2476 2295 1e-12 
PATOM 2477 838 1e-12 
PATOM 2478 1902 1e-12 
PATOM 2479 934 1e-12 
PATOM 2480 1901 1e-12 
PATOM 2481 848 1e-12 
PATOM 2482 849 1e-12 
PATOM 2483 1421 1e-12 
PATOM 2484 919 1e-12 
PATOM 2485 920 1e-12 
PATOM 2486 858 1e-12 
PATOM 2487 2296 1e-12 
PATOM 2488 2294 1e-12 
PATOM 2489 887 1e-12 
PATOM 2490 833 1e-12 
PATOM 2491 834 1e-12 
PATOM 2492 888 1e-12 
PATOM 2493 831 1e-12 
PATOM 2494 926 1e-12 
PATOM 2495 892 1e-12 
PATOM 2496 1464 1e-12 
PATOM 2497 830 1e-12 
PATOM 2498 924 1e-12 
PATOM 2499 679 1e-12 
PATOM 2500 931 1e-12 
PATOM 2501 706 1e-12 
PATOM 2502 1871 1e-12 
PATOM 2503 930 1e-12 
PATOM 2504 701 1e-12 
PATOM 2505 1870 1e-12 
PATOM 2506 702 1e-12 
PATOM 2507 929 1e-12 
PATOM 2508 1489 1e-12 
PATOM 2509 928 1e-12 
PATOM 2510 674 1e-12 
PATOM 2511 673 1e-12 
PATOM 2512 672 1e-12 
PATOM 2513 723 1e-12 
PATOM 2514 927 1e-12 
PATOM 2515 1456 1e-12 
PATOM 2516 717 1e-12 
PATOM 2517 704 1e-12 
PATOM 2518 703 1e-12 
PATOM 2519 715 1e-12 
PATOM 2520 711 1e-12 
PATOM 2521 1872 1e-12 
PATOM 2522 713 1e-12 
PATOM 2523 712 1e-12 
PATOM 2524 714 1e-12 
PATOM 2525 1463 1e-12 
PATOM 2526 737 1e-12 
PATOM 2527 780 1e-12 
PATOM 2528 781 1e-12 
PATOM 2529 1467 1e-12 
PATOM 2530 776 1e-12 
PATOM 2531 739 1e-12 
PATOM 2532 740 1e-12 
PATOM 2533 742 1e-12 
PATOM 2534 771 1e-12 
PVRTX 2535 0.615839839 0.522165537 2.18396282 1e-16 
PATOM 2536 893 1e-12 
PATOM 2537 761 1e-12 
PATOM 2538 764 1e-12 
PATOM 2539 735 1e-12 
PATOM 2540 1465 1e-12 
PATOM 2541 1466 1e-12 
PATOM 2542 925 1e-12 
PATOM 2543 708 1e-12 
PATOM 2544 1468 1e-12 
PATOM 2545 884 1e-12 
PATOM 2546 1899 1e-12 
PATOM 2547 883 1e-12 
PATOM 2548 1897 1e-12 
PATOM 2549 1900 1e-12 
PATOM 2550 894 1e-12 
PVRTX 2551 0.624480963 0.521290421 2.18585086 1e-16 
PATOM 2552 755 1e-12 
PVRTX 2553 0.642058611 0.521389961 2.18671942 1e-16 
PATOM 2554 758 1e-12 
PATOM 2555 814 1e-12 
PATOM 2556 908 1e-12 
PATOM 2557 904 1e-12 
PATOM 2558 909 1e-12 
PATOM 2559 1472 1e-12 
PATOM 2560 1469 1e-12 
PATOM 2561 815 1e-12 
PATOM 2562 1896 1e-12 
PATOM 2563 1474 1e-12 
PATOM 2564 757 1e-12 
PATOM 2565 1470 1e-12 
PATOM 2566 871 1e-12 
PATOM 2567 1898 1e-12 
PATOM 2568 1473 1e-12 
PATOM 2569 882 1e-12 
PATOM 2570 875 1e-12 
PATOM 2571 874 1e-12 
PATOM 2572 877 1e-12 
PATOM 2573 921 1e-12 
PATOM 2574 1879 1e-12 
PATOM 2575 870 1e-12 
PATOM 2576 1878 1e-12 
PATOM 2577 1877 1e-12 
PATOM 2578 859 1e-12 
PATOM 2579 1876 1e-12 
PATOM 2580 862 1e-12 
PATOM 2581 2254 1e-12 
PATOM 2582 1418 1e-12 
PATOM 2583 1417 1e-12 
PATOM 2584 1430 1e-12 
PATOM 2585 2258 1e-12 
PATOM 2586 1428 1e-12 
PATOM 2587 1432 1e-12 
PATOM 2588 1431 1e-12 
PATOM 2589 2257 1e-12 
PATOM 2590 577 1e-12 
PATOM 2591 567 1e-12 
PATOM 2592 611 1e-12 
PATOM 2593 756 1e-12 
PATOM 2594 751 1e-12 
PATOM 2595 760 1e-12 
PATOM 2596 734 1e-12 
PATOM 2597 763 1e-12 
PATOM 2598 956 1e-12 
PATOM 2599 953 1e-12 
PATOM 2600 971 1e-12 
PATOM 2601 1368 1e-12 
PATOM 2602 2297 1e-12 
PATOM 2603 987 1e-12 
PATOM 2604 986 1e-12 
PATOM 2605 520 1e-12 
PATOM 2606 529 1e-12 
PATOM 2607 1233 1e-12 
PATOM 2608 1335 1e-12 
PATOM 2609 528 1e-12 
PATOM 2610 1234 1e-12 
PATOM 2611 513 1e-12 
PATOM 2612 527 1e-12 
PATOM 2613 1240 1e-12 
PATOM 2614 1235 1e-12 
PATOM 2615 511 1e-12 
PATOM 2616 1238 1e-12 
PATOM 2617 1237 1e-12 
PATOM 2618 1239 1e-12 
PATOM 2619 505 1e-12 
PATOM 2620 1253 1e-12 
PATOM 2621 538 1e-12 
PATOM 2622 504 1e-12 
PATOM 2623 1252 1e-12 
PATOM 2624 1044 1e-12 
PATOM 2625 540 1e-12 
PATOM 2626 539 1e-12 
PATOM 2627 1246 1e-12 
PATOM 2628 541 1e-12 
PATOM 2629 542 1e-12 
PATOM 2630 1247 1e-12 
PATOM 2631 543 1e-12 
PATOM 2632 1779 1e-12 
PATOM 2633 2285 1e-12 
PATOM 2634 1076 1e-12 
PATOM 2635 1248 1e-12 
PATOM 2636 1073 1e-12 
PATOM 2637 1251 1e-12 
PATOM 2638 500 1e-12 
PATOM 2639 544 1e-12 
PATOM 2640 545 1e-12 
PATOM 2641 1074 1e-12 
PATOM 2642 469 1e-12 
PATOM 2643 1780 1e-12 
PATOM 2644 1075 1e-12 
PATOM 2645 1783 1e-12 
PATOM 2646 1071 1e-12 
PATOM 2647 1249 1e-12 
PATOM 2648 1787 1e-12 
PATOM 2649 2265 1e-12 
PATOM 2650 1067 1e-12 
PATOM 2651 470 1e-12 
PATOM 2652 1072 1e-12 
PATOM 2653 2269 1e-12 
PATOM 2654 1069 1e-12 
PATOM 2655 1070 1e-12 
PATOM 2656 498 1e-12 
PATOM 2657 499 1e-12 
PATOM 2658 1039 1e-12 
PATOM 2659 495 1e-12 
PATOM 2660 1059 1e-12 
PATOM 2661 497 1e-12 
PVRTX 2662 0.589142323 0.609653234 1.83749986 1e-16 
PATOM 2663 1338 1e-12 
PATOM 2664 1057 1e-12 
PATOM 2665 1035 1e-12 
PATOM 2666 1058 1e-12 
PATOM 2667 1060 1e-12 
PATOM 2668 492 1e-12 
PATOM 2669 476 1e-12 
PATOM 2670 494 1e-12 
PATOM 2671 477 1e-12 
PATOM 2672 461 1e-12 
PATOM 2673 2264 1e-12 
PATOM 2674 454 1e-12 
PATOM 2675 1786 1e-12 
PATOM 2676 2268 1e-12 
PATOM 2677 452 1e-12 
PATOM 2678 453 1e-12 
PATOM 2679 1788 1e-12 
PATOM 2680 451 1e-12 
PATOM 2681 450 1e-12 
PATOM 2682 417 1e-12 
PATOM 2683 1789 1e-12 
PATOM 2684 408 1e-12 
PATOM 2685 416 1e-12 
PATOM 2686 400 1e-12 
PATOM 2687 401 1e-12 
PATOM 2688 407 1e-12 
PATOM 2689 1794 1e-12 
PVRTX 2690 0.627436459 0.657554507 1.68890059 1e-16 
PATOM 2691 411 1e-12 
PATOM 2692 1785 1e-12 
PATOM 2693 412 1e-12 
PATOM 2694 404 1e-12 
PATOM 2695 410 1e-12 
PATOM 2696 2251 1e-12 
PATOM 2697 2267 1e-12 
PATOM 2698 2266 1e-12 
PATOM 2699 405 1e-12 
PATOM 2700 1797 1e-12 
PATOM 2701 406 1e-12 
PATOM 2702 421 1e-12 
PATOM 2703 444 1e-12 
PATOM 2704 2252 1e-12 
PATOM 2705 2237 1e-12 
PATOM 2706 422 1e-12 
PATOM 2707 393 1e-12 
PATOM 2708 443 1e-12 
PATOM 2709 2249 1e-12 
PATOM 2710 2250 1e-12 
PATOM 2711 445 1e-12 
PATOM 2712 1564 1e-12 
PATOM 2713 2247 1e-12 
PATOM 2714 2248 1e-12 
PATOM 2715 376 1e-12 
PATOM 2716 1773 1e-12 
PATOM 2717 1081 1e-12 
PATOM 2718 1082 1e-12 
PATOM 2719 1777 1e-12 
PATOM 2720 1776 1e-12 
PATOM 2721 2282 1e-12 
PATOM 2722 2283 1e-12 
PATOM 2723 2280 1e-12 
PATOM 2724 1775 1e-12 
PATOM 2725 1774 1e-12 
PATOM 2726 1518 1e-12 
PATOM 2727 2278 1e-12 
PATOM 2728 1519 1e-12 
PATOM 2729 1330 1e-12 
PATOM 2730 2277 1e-12 
PATOM 2731 2279 1e-12 
PATOM 2732 2284 1e-12 
PATOM 2733 1336 1e-12 
PATOM 2734 1333 1e-12 
PATOM 2735 2276 1e-12 
PATOM 2736 2274 1e-12 
PATOM 2737 2275 1e-12 
PATOM 2738 1331 1e-12 
PATOM 2739 2286 1e-12 
PATOM 2740 1327 1e-12 
PATOM 2741 1526 1e-12 
PATOM 2742 2272 1e-12 
PATOM 2743 2273 1e-12 
PATOM 2744 2281 1e-12 
PATOM 2745 377 1e-12 
PATOM 2746 1772 1e-12 
PATOM 2747 1771 1e-12 
PATOM 2748 378 1e-12 
PATOM 2749 1743 1e-12 
PATOM 2750 386 1e-12 
PATOM 2751 384 1e-12 
PATOM 2752 2245 1e-12 
PATOM 2753 380 1e-12 
PATOM 2754 379 1e-12 
PATOM 2755 2261 1e-12 
PATOM 2756 1520 1e-12 
PATOM 2757 1525 1e-12 
PATOM 2758 2271 1e-12 
PATOM 2759 2288 1e-12 
PATOM 2760 1523 1e-12 
PATOM 2761 1326 1e-12 
PATOM 2762 2290 1e-12 
PATOM 2763 2289 1e-12 
PATOM 2764 1522 1e-12 
PATOM 2765 1325 1e-12 
PATOM 2766 2287 1e-12 
PATOM 2767 1024 1e-12 
PATOM 2768 1332 1e-12 
PATOM 2769 1242 1e-12 
PATOM 2770 1243 1e-12 
PATOM 2771 1241 1e-12 
PATOM 2772 1334 1e-12 
PATOM 2773 1256 1e-12 
PATOM 2774 536 1e-12 
PATOM 2775 1255 1e-12 
PATOM 2776 506 1e-12 
PATOM 2777 1254 1e-12 
PATOM 2778 1245 1e-12 
PATOM 2779 1244 1e-12 
PATOM 2780 1077 1e-12 
PATOM 2781 1781 1e-12 
PATOM 2782 1782 1e-12 
PATOM 2783 1784 1e-12 
PATOM 2784 1078 1e-12 
PATOM 2785 1778 1e-12 
PATOM 2786 1250 1e-12 
PATOM 2787 2291 1e-12 
PATOM 2788 1561 1e-12 
PATOM 2789 1857 1e-12 
PATOM 2790 366 1e-12 
PATOM 2791 1524 1e-12 
PATOM 2792 1856 1e-12 
PATOM 2793 367 1e-12 
PATOM 2794 2260 1e-12 
PATOM 2795 368 1e-12 
PATOM 2796 365 1e-12 
PATOM 2797 1742 1e-12 
PATOM 2798 359 1e-12 
PATOM 2799 361 1e-12 
PATOM 2800 1741 1e-12 
PATOM 2801 370 1e-12 
PATOM 2802 369 1e-12 
PATOM 2803 1740 1e-12 
PATOM 2804 2133 1e-12 
PATOM 2805 1739 1e-12 
PATOM 2806 387 1e-12 
PATOM 2807 2244 1e-12 
PATOM 2808 385 1e-12 
PATOM 2809 2243 1e-12 
PATOM 2810 2134 1e-12 
PATOM 2811 2132 1e-12 
PATOM 2812 1746 1e-12 
PATOM 2813 1763 1e-12 
PATOM 2814 2242 1e-12 
PATOM 2815 130 1e-12 
PATOM 2816 102 1e-12 
PATOM 2817 109 1e-12 
PATOM 2818 1761 1e-12 
PATOM 2819 2241 1e-12 
PATOM 2820 389 1e-12 
PATOM 2821 392 1e-12 
PATOM 2822 2240 1e-12 
PATOM 2823 2239 1e-12 
PATOM 2824 2238 1e-12 
PATOM 2825 131 1e-12 
PATOM 2826 1760 1e-12 
PATOM 2827 129 1e-12 
PATOM 2828 1182 1e-12 
PATOM 2829 1759 1e-12 
PATOM 2830 1758 1e-12 
PATOM 2831 1762 1e-12 
PATOM 2832 110 1e-12 
PATOM 2833 103 1e-12 
PATOM 2834 1751 1e-12 
PATOM 2835 1756 1e-12 
PATOM 2836 114 1e-12 
PATOM 2837 134 1e-12 
PATOM 2838 1143 1e-12 
PATOM 2839 1181 1e-12 
PATOM 2840 1183 1e-12 
PATOM 2841 135 1e-12 
PATOM 2842 1142 1e-12 
PATOM 2843 439 1e-12 
PATOM 2844 1180 1e-12 
PATOM 2845 441 1e-12 
PATOM 2846 1802 1e-12 
PATOM 2847 1798 1e-12 
PATOM 2848 1795 1e-12 
PATOM 2849 399 1e-12 
PATOM 2850 1796 1e-12 
PATOM 2851 431 1e-12 
PATOM 2852 1799 1e-12 
PATOM 2853 1801 1e-12 
PATOM 2854 424 1e-12 
PATOM 2855 423 1e-12 
PATOM 2856 1800 1e-12 
PATOM 2857 1179 1e-12 
PATOM 2858 430 1e-12 
PATOM 2859 432 1e-12 
PATOM 2860 1178 1e-12 
PATOM 2861 440 1e-12 
PATOM 2862 429 1e-12 
PATOM 2863 433 1e-12 
PATOM 2864 1131 1e-12 
PATOM 2865 434 1e-12 
PATOM 2866 1140 1e-12 
PATOM 2867 1132 1e-12 
PATOM 2868 1133 1e-12 
PATOM 2869 1137 1e-12 
PATOM 2870 1138 1e-12 
PATOM 2871 1175 1e-12 
PATOM 2872 1160 1e-12 
PATOM 2873 1161 1e-12 
PATOM 2874 156 1e-12 
PATOM 2875 1184 1e-12 
PATOM 2876 152 1e-12 
PATOM 2877 136 1e-12 
PATOM 2878 125 1e-12 
PATOM 2879 124 1e-12 
PATOM 2880 1768 1e-12 
PATOM 2881 150 1e-12 
PATOM 2882 151 1e-12 
PATOM 2883 1185 1e-12 
PATOM 2884 179 1e-12 
PATOM 2885 173 1e-12 
PATOM 2886 1566 1e-12 
PATOM 2887 163 1e-12 
PATOM 2888 1158 1e-12 
PATOM 2889 162 1e-12 
PATOM 2890 158 1e-12 
PATOM 2891 169 1e-12 
PATOM 2892 171 1e-12 
PATOM 2893 1136 1e-12 
PATOM 2894 168 1e-12 
PATOM 2895 175 1e-12 
PATOM 2896 1209 1e-12 
PATOM 2897 174 1e-12 
PATOM 2898 176 1e-12 
PATOM 2899 167 1e-12 
PATOM 2900 1208 1e-12 
PATOM 2901 177 1e-12 
PATOM 2902 190 1e-12 
PATOM 2903 182 1e-12 
PATOM 2904 1199 1e-12 
PATOM 2905 1831 1e-12 
PATOM 2906 1200 1e-12 
PVRTX 2907 0.60646987 0.722616792 1.41559494 1e-16 
PATOM 2908 194 1e-12 
PATOM 2909 1830 1e-12 
PATOM 2910 1201 1e-12 
PATOM 2911 1207 1e-12 
PATOM 2912 178 1e-12 
PATOM 2913 180 1e-12 
PATOM 2914 1202 1e-12 
PATOM 2915 147 1e-12 
PATOM 2916 185 1e-12 
PATOM 2917 184 1e-12 
PATOM 2918 183 1e-12 
PATOM 2919 1206 1e-12 
PATOM 2920 149 1e-12 
PATOM 2921 1205 1e-12 
PATOM 2922 1755 1e-12 
PATOM 2923 1204 1e-12 
PATOM 2924 145 1e-12 
PATOM 2925 146 1e-12 
PATOM 2926 1203 1e-12 
PATOM 2927 1196 1e-12 
PATOM 2928 1767 1e-12 
PATOM 2929 1754 1e-12 
PATOM 2930 347 1e-12 
PATOM 2931 1752 1e-12 
PATOM 2932 1753 1e-12 
PATOM 2933 346 1e-12 
PATOM 2934 324 1e-12 
PATOM 2935 115 1e-12 
PATOM 2936 1749 1e-12 
PATOM 2937 1747 1e-12 
PATOM 2938 80 1e-12 
PATOM 2939 1738 1e-12 
PATOM 2940 79 1e-12 
PATOM 2941 1853 1e-12 
PATOM 2942 75 1e-12 
PATOM 2943 82 1e-12 
PATOM 2944 88 1e-12 
PATOM 2945 1748 1e-12 
PATOM 2946 84 1e-12 
PATOM 2947 321 1e-12 
PATOM 2948 89 1e-12 
PATOM 2949 118 1e-12 
PATOM 2950 319 1e-12 
PATOM 2951 342 1e-12 
PATOM 2952 343 1e-12 
PATOM 2953 94 1e-12 
PATOM 2954 317 1e-12 
PATOM 2955 320 1e-12 
PATOM 2956 315 1e-12 
PATOM 2957 314 1e-12 
PATOM 2958 274 1e-12 
PATOM 2959 262 1e-12 
PATOM 2960 260 1e-12 
PATOM 2961 1193 1e-12 
PATOM 2962 263 1e-12 
PATOM 2963 258 1e-12 
PATOM 2964 259 1e-12 
PATOM 2965 254 1e-12 
PATOM 2966 255 1e-12 
PATOM 2967 256 1e-12 
PATOM 2968 239 1e-12 
PATOM 2969 240 1e-12 
PATOM 2970 257 1e-12 
PATOM 2971 1194 1e-12 
PATOM 2972 144 1e-12 
PATOM 2973 349 1e-12 
PATOM 2974 1195 1e-12 
PATOM 2975 268 1e-12 
PATOM 2976 350 1e-12 
PATOM 2977 1823 1e-12 
PATOM 2978 1824 1e-12 
PATOM 2979 1825 1e-12 
PATOM 2980 242 1e-12 
PATOM 2981 1197 1e-12 
PATOM 2982 1821 1e-12 
PATOM 2983 1822 1e-12 
PATOM 2984 1188 1e-12 
PVRTX 2985 0.596649289 0.727500021 1.41237974 1e-16 
PATOM 2986 1826 1e-12 
PATOM 2987 1820 1e-12 
PATOM 2988 1567 1e-12 
PATOM 2989 1827 1e-12 
PATOM 2990 2236 1e-12 
PATOM 2991 1198 1e-12 
PATOM 2992 1828 1e-12 
PATOM 2993 1829 1e-12 
PATOM 2994 195 1e-12 
PATOM 2995 267 1e-12 
PATOM 2996 266 1e-12 
PATOM 2997 265 1e-12 
PATOM 2998 264 1e-12 
PATOM 2999 348 1e-12 
PATOM 3000 253 1e-12 
PATOM 3001 272 1e-12 
PATOM 3002 285 1e-12 
PATOM 3003 284 1e-12 
PATOM 3004 273 1e-12 
PATOM 3005 279 1e-12 
PATOM 3006 289 1e-12 
PATOM 3007 95 1e-12 
PATOM 3008 98 1e-12 
PATOM 3009 96 1e-12 
PATOM 3010 328 1e-12 
PATOM 3011 90 1e-12 
PATOM 3012 322 1e-12 
PATOM 3013 70 1e-12 
PATOM 3014 1852 1e-12 
PATOM 3015 69 1e-12 
PATOM 3016 50 1e-12 
PATOM 3017 48 1e-12 
PATOM 3018 326 1e-12 
PATOM 3019 327 1e-12 
PATOM 3020 97 1e-12 
PATOM 3021 1849 1e-12 
PATOM 3022 1850 1e-12 
PATOM 3023 49 1e-12 
PATOM 3024 41 1e-12 
PATOM 3025 345 1e-12 
PATOM 3026 40 1e-12 
PATOM 3027 39 1e-12 
PATOM 3028 1846 1e-12 
PATOM 3029 2263 1e-12 
PATOM 3030 36 1e-12 
PATOM 3031 43 1e-12 
PATOM 3032 329 1e-12 
PVRTX 3033 0.46557337 0.713465333 1.46409214 1e-16 
PATOM 3034 330 1e-12 
PATOM 3035 344 1e-12 
PATOM 3036 38 1e-12 
PATOM 3037 1845 1e-12 
PATOM 3038 1613 1e-12 
PATOM 3039 6 1e-12 
PATOM 3040 1844 1e-12 
PATOM 3041 54 1e-12 
PATOM 3042 1843 1e-12 
PATOM 3043 53 1e-12 
PATOM 3044 1543 1e-12 
PATOM 3045 1541 1e-12 
PATOM 3046 57 1e-12 
PATOM 3047 13 1e-12 
PATOM 3048 1544 1e-12 
PATOM 3049 1842 1e-12 
PATOM 3050 1540 1e-12 
PATOM 3051 58 1e-12 
PATOM 3052 1539 1e-12 
PATOM 3053 62 1e-12 
PATOM 3054 59 1e-12 
PATOM 3055 1735 1e-12 
PATOM 3056 1532 1e-12 
PATOM 3057 358 1e-12 
PATOM 3058 357 1e-12 
PATOM 3059 1538 1e-12 
PATOM 3060 1854 1e-12 
PATOM 3061 1548 1e-12 
PATOM 3062 2262 1e-12 
PATOM 3063 56 1e-12 
PATOM 3064 1537 1e-12 
PATOM 3065 1836 1e-12 
PATOM 3066 1547 1e-12 
PATOM 3067 1549 1e-12 
PATOM 3068 1835 1e-12 
PATOM 3069 364 1e-12 
PATOM 3070 363 1e-12 
PATOM 3071 1531 1e-12 
PATOM 3072 64 1e-12 
PATOM 3073 1736 1e-12 
PATOM 3074 1737 1e-12 
PATOM 3075 63 1e-12 
PATOM 3076 1848 1e-12 
PATOM 3077 1851 1e-12 
PATOM 3078 1847 1e-12 
PATOM 3079 352 1e-12 
PATOM 3080 288 1e-12 
PATOM 3081 353 1e-12 
PATOM 3082 355 1e-12 
PATOM 3083 1855 1e-12 
PATOM 3084 1550 1e-12 
PATOM 3085 1560 1e-12 
PATOM 3086 1552 1e-12 
PATOM 3087 1559 1e-12 
PATOM 3088 1858 1e-12 
PATOM 3089 1859 1e-12 
PATOM 3090 1558 1e-12 
PATOM 3091 1838 1e-12 
PATOM 3092 1837 1e-12 
PATOM 3093 17 1e-12 
PATOM 3094 1839 1e-12 
PATOM 3095 1841 1e-12 
PATOM 3096 14 1e-12 
PATOM 3097 15 1e-12 
PATOM 3098 8 1e-12 
PATOM 3099 7 1e-12 
PATOM 3100 189 1e-12 
PATOM 3101 1176 1e-12 
PATOM 3102 1177 1e-12 
PATOM 3103 1141 1e-12 
PATOM 3104 446 1e-12 
PATOM 3105 2246 1e-12 
PATOM 3106 551 1e-12 
PATOM 3107 481 1e-12 
PATOM 3108 1219 1e-12 
PATOM 3109 1380 1e-12 
PATOM 3110 1218 1e-12 
PATOM 3111 1056 1e-12 
PATOM 3112 1376 1e-12 
PATOM 3113 1226 1e-12 
PATOM 3114 1225 1e-12 
PATOM 3115 1054 1e-12 
PATOM 3116 1055 1e-12 
PVRTX 3117 0.583928823 0.595590472 1.89037037 1e-16 
PATOM 3118 1339 1e-12 
PATOM 3119 550 1e-12 
PATOM 3120 1041 1e-12 
PATOM 3121 1337 1e-12 
PATOM 3122 1040 1e-12 
PATOM 3123 502 1e-12 
PATOM 3124 509 1e-12 
PATOM 3125 510 1e-12 
PATOM 3126 512 1e-12 
PATOM 3127 1236 1e-12 
PATOM 3128 1042 1e-12 
PATOM 3129 1224 1e-12 
PATOM 3130 1220 1e-12 
PATOM 3131 557 1e-12 
PATOM 3132 1222 1e-12 
PATOM 3133 483 1e-12 
PROPERTY_CN permeability
CNP 2298 
CNP 2299 
CNP 2300 
CNP 2301 
CNP 2302 
CNP 2303 
CNP 2304 
CNP 2305 
CNP 2306 
CNP 2307 
CNP 2308 
CNP 2309 
CNP 2310 
CNP 2311 
CNP 2312 
CNP 2313 
CNP 2314 
CNP 2315 
CNP 2316 
CNP 2317 
CNP 2318 
CNP 2319 
CNP 2320 
CNP 2321 
CNP 2322 
CNP 2323 
CNP 2324 
CNP 2325 
CNP 2326 
CNP 2327 
CNP 2328 
CNP 2329 
CNP 2330 
CNP 2331 
CNP 2332 
CNP 2333 
CNP 2334 
CNP 2335 
CNP 2336 
CNP 2337 
CNP 2338 
CNP 2339 
CNP 2340 
CNP 2341 
CNP 2342 
CNP 2343 
CNP 2344 
CNP 2345 
CNP 2346 
CNP 2347 
CNP 2348 
CNP 2349 
CNP 2350 
CNP 2351 
CNP 2352 
CNP 2353 
CNP 2354 
CNP 2356 
CNP 2357 
CNP 2359 
CNP 2360 
CNP 2361 
CNP 2362 
CNP 2363 
CNP 2364 
CNP 2365 
CNP 2366 
CNP 2367 
CNP 2368 
CNP 2369 
CNP 2370 
CNP 2371 
CNP 2372 
CNP 2373 
CNP 2374 
CNP 2375 
CNP 2376 
CNP 2377 
CNP 2378 
CNP 2379 
CNP 2380 
CNP 2381 
CNP 2382 
CNP 2383 
CNP 2384 
CNP 2385 
CNP 2386 
CNP 2387 
CNP 2388 
CNP 2389 
CNP 2390 
CNP 2391 
CNP 2392 
CNP 2393 
CNP 2394 
CNP 2395 
CNP 2396 
CNP 2397 
CNP 2398 
CNP 2399 
CNP 2400 
CNP 2401 
CNP 2402 
CNP 2403 
CNP 2404 
CNP 2405 
CNP 2406 
CNP 2407 
CNP 2408 
CNP 2409 
CNP 2410 
CNP 2411 
CNP 2412 
CNP 2413 
CNP 2414 
CNP 2415 
CNP 2416 
CNP 2417 
CNP 2418 
CNP 2419 
CNP 2420 
CNP 2421 
CNP 2422 
CNP 2423 
CNP 2424 
CNP 2425 
CNP 2426 
CNP 2427 
CNP 2428 
CNP 2429 
CNP 2430 
CNP 2431 
CNP 2432 
CNP 2433 
CNP 2434 
CNP 2435 
CNP 2436 
CNP 2437 
CNP 2438 
CNP 2439 
CNP 2440 
CNP 2441 
CNP 2442 
CNP 2443 
CNP 2444 
CNP 2445 
CNP 2446 
CNP 2447 
CNP 2448 
CNP 2449 
CNP 2450 
CNP 2451 
CNP 2452 
CNP 2453 
CNP 2454 
CNP 2455 
CNP 2456 
CNP 2457 
CNP 2458 
CNP 2459 
CNP 2460 
CNP 2461 
CNP 2462 
CNP 2464 
CNP 2465 
CNP 2466 
CNP 2467 
CNP 2468 
CNP 2469 
CNP 2470 
CNP 2471 
CNP 2472 
CNP 2473 
CNP 2474 
CNP 2475 
CNP 2476 
CNP 2477 
CNP 2478 
CNP 2479 
CNP 2480 
CNP 2481 
CNP 2482 
CNP 2483 
CNP 2484 
CNP 2485 
CNP 2486 
CNP 2487 
CNP 2488 
CNP 2489 
CNP 2490 
CNP 2491 
CNP 2492 
CNP 2493 
CNP 2494 
CNP 2495 
CNP 2496 
CNP 2497 
CNP 2498 
CNP 2499 
CNP 2500 
CNP 2501 
CNP 2502 
CNP 2503 
CNP 2504 
CNP 2505 
CNP 2506 
CNP 2507 
CNP 2508 
CNP 2509 
CNP 2510 
CNP 2511 
CNP 2512 
CNP 2513 
CNP 2514 
CNP 2515 
CNP 2516 
CNP 2517 
CNP 2518 
CNP 2519 
CNP 2520 
CNP 2521 
CNP 2522 
CNP 2523 
CNP 2524 
CNP 2525 
CNP 2526 
CNP 2527 
CNP 2528 
CNP 2529 
CNP 2530 
CNP 2531 
CNP 2532 
CNP 2533 
CNP 2534 
CNP 2536 
CNP 2537 
CNP 2538 
CNP 2539 
CNP 2540 
CNP 2541 
CNP 2542 
CNP 2543 
CNP 2544 
CNP 2545 
CNP 2546 
CNP 2547 
CNP 2548 
CNP 2549 
CNP 2550 
CNP 2552 
CNP 2554 
CNP 2555 
CNP 2556 
CNP 2557 
CNP 2558 
CNP 2559 
CNP 2560 
CNP 2561 
CNP 2562 
CNP 2563 
CNP 2564 
CNP 2565 
CNP 2566 
CNP 2567 
CNP 2568 
CNP 2569 
CNP 2570 
CNP 2571 
CNP 2572 
CNP 2573 
CNP 2574 
CNP 2575 
CNP 2576 
CNP 2577 
CNP 2578 
CNP 2579 
CNP 2580 
CNP 2581 
CNP 2582 
CNP 2583 
CNP 2584 
CNP 2585 
CNP 2586 
CNP 2587 
CNP 2588 
CNP 2589 
CNP 2590 
CNP 2591 
CNP 2592 
CNP 2593 
CNP 2594 
CNP 2595 
CNP 2596 
CNP 2597 
CNP 2598 
CNP 2599 
CNP 2600 
CNP 2601 
CNP 2602 
CNP 2603 
CNP 2604 
CNP 2605 
CNP 2606 
CNP 2607 
CNP 2608 
CNP 2609 
CNP 2610 
CNP 2611 
CNP 2612 
CNP 2613 
CNP 2614 
CNP 2615 
CNP 2616 
CNP 2617 
CNP 2618 
CNP 2619 
CNP 2620 
CNP 2621 
CNP 2622 
CNP 2623 
CNP 2624 
CNP 2625 
CNP 2626 
CNP 2627 
CNP 2628 
CNP 2629 
CNP 2630 
CNP 2631 
CNP 2632 
CNP 2633 
CNP 2634 
CNP 2635 
CNP 2636 
CNP 2637 
CNP 2638 
CNP 2639 
CNP 2640 
CNP 2641 
CNP 2642 
CNP 2643 
CNP 2644 
CNP 2645 
CNP 2646 
CNP 2647 
CNP 2648 
CNP 2649 
CNP 2650 
CNP 2651 
CNP 2652 
CNP 2653 
CNP 2654 
CNP 2655 
CNP 2656 
CNP 2657 
CNP 2658 
CNP 2659 
CNP 2660 
CNP 2661 
CNP 2663 
CNP 2664 
CNP 2665 
CNP 2666 
CNP 2667 
CNP 2668 
CNP 2669 
CNP 2670 
CNP 2671 
CNP 2672 
CNP 2673 
CNP 2674 
CNP 2675 
CNP 2676 
CNP 2677 
CNP 2678 
CNP 2679 
CNP 2680 
CNP 2681 
CNP 2682 
CNP 2683 
CNP 2684 
CNP 2685 
CNP 2686 
CNP 2687 
CNP 2688 
CNP 2689 
CNP 2691 
CNP 2692 
CNP 2693 
CNP 2694 
CNP 2695 
CNP 2696 
CNP 2697 
CNP 2698 
CNP 2699 
CNP 2700 
CNP 2701 
CNP 2702 
CNP 2703 
CNP 2704 
CNP 2705 
CNP 2706 
CNP 2707 
CNP 2708 
CNP 2709 
CNP 2710 
CNP 2711 
CNP 2712 
CNP 2713 
CNP 2714 
CNP 2715 
CNP 2716 
CNP 2717 
CNP 2718 
CNP 2719 
CNP 2720 
CNP 2721 
CNP 2722 
CNP 2723 
CNP 2724 
CNP 2725 
CNP 2726 
CNP 2727 
CNP 2728 
CNP 2729 
CNP 2730 
CNP 2731 
CNP 2732 
CNP 2733 
CNP 2734 
CNP 2735 
CNP 2736 
CNP 2737 
CNP 2738 
CNP 2739 
CNP 2740 
CNP 2741 
CNP 2742 
CNP 2743 
CNP 2744 
CNP 2745 
CNP 2746 
CNP 2747 
CNP 2748 
CNP 2749 
CNP 2750 
CNP 2751 
CNP 2752 
CNP 2753 
CNP 2754 
CNP 2755 
CNP 2756 
CNP 2757 
CNP 2758 
CNP 2759 
CNP 2760 
CNP 2761 
CNP 2762 
CNP 2763 
CNP 2764 
CNP 2765 
CNP 2766 
CNP 2767 
CNP 2768 
CNP 2769 
CNP 2770 
CNP 2771 
CNP 2772 
CNP 2773 
CNP 2774 
CNP 2775 
CNP 2776 
CNP 2777 
CNP 2778 
CNP 2779 
CNP 2780 
CNP 2781 
CNP 2782 
CNP 2783 
CNP 2784 
CNP 2785 
CNP 2786 
CNP 2787 
CNP 2788 
CNP 2789 
CNP 2790 
CNP 2791 
CNP 2792 
CNP 2793 
CNP 2794 
CNP 2795 
CNP 2796 
CNP 2797 
CNP 2798 
CNP 2799 
CNP 2800 
CNP 2801 
CNP 2802 
CNP 2803 
CNP 2804 
CNP 2805 
CNP 2806 
CNP 2807 
CNP 2808 
CNP 2809 
CNP 2810 
CNP 2811 
CNP 2812 
CNP 2813 
CNP 2814 
CNP 2815 
CNP 2816 
CNP 2817 
CNP 2818 
CNP 2819 
CNP 2820 
CNP 2821 
CNP 2822 
CNP 2823 
CNP 2824 
CNP 2825 
CNP 2826 
CNP 2827 
CNP 2828 
CNP 2829 
CNP 2830 
CNP 2831 
CNP 2832 
CNP 2833 
CNP 2834 
CNP 2835 
CNP 2836 
CNP 2837 
CNP 2838 
CNP 2839 
CNP 2840 
CNP 2841 
CNP 2842 
CNP 2843 
CNP 2844 
CNP 2845 
CNP 2846 
CNP 2847 
CNP 2848 
CNP 2849 
CNP 2850 
CNP 2851 
CNP 2852 
CNP 2853 
CNP 2854 
CNP 2855 
CNP 2856 
CNP 2857 
CNP 2858 
CNP 2859 
CNP 2860 
CNP 2861 
CNP 2862 
CNP 2863 
CNP 2864 
CNP 2865 
CNP 2866 
CNP 2867 
CNP 2868 
CNP 2869 
CNP 2870 
CNP 2871 
CNP 2872 
CNP 2873 
CNP 2874 
CNP 2875 
CNP 2876 
CNP 2877 
CNP 2878 
CNP 2879 
CNP 2880 
CNP 2881 
CNP 2882 
CNP 2883 
CNP 2884 
CNP 2885 
CNP 2886 
CNP 2887 
CNP 2888 
CNP 2889 
CNP 2890 
CNP 2891 
CNP 2892 
CNP 2893 
CNP 2894 
CNP 2895 
CNP 2896 
CNP 2897 
CNP 2898 
CNP 2899 
CNP 2900 
CNP 2901 
CNP 2902 
CNP 2903 
CNP 2904 
CNP 2905 
CNP 2906 
CNP 2908 
CNP 2909 
CNP 2910 
CNP 2911 
CNP 2912 
CNP 2913 
CNP 2914 
CNP 2915 
CNP 2916 
CNP 2917 
CNP 2918 
CNP 2919 
CNP 2920 
CNP 2921 
CNP 2922 
CNP 2923 
CNP 2924 
CNP 2925 
CNP 2926 
CNP 2927 
CNP 2928 
CNP 2929 
CNP 2930 
CNP 2931 
CNP 2932 
CNP 2933 
CNP 2934 
CNP 2935 
CNP 2936 
CNP 2937 
CNP 2938 
CNP 2939 
CNP 2940 
CNP 2941 
CNP 2942 
CNP 2943 
CNP 2944 
CNP 2945 
CNP 2946 
CNP 2947 
CNP 2948 
CNP 2949 
CNP 2950 
CNP 2951 
CNP 2952 
CNP 2953 
CNP 2954 
CNP 2955 
CNP 2956 
CNP 2957 
CNP 2958 
CNP 2959 
CNP 2960 
CNP 2961 
CNP 2962 
CNP 2963 
CNP 2964 
CNP 2965 
CNP 2966 
CNP 2967 
CNP 2968 
CNP 2969 
CNP 2970 
CNP 2971 
CNP 2972 
CNP 2973 
CNP 2974 
CNP 2975 
CNP 2976 
CNP 2977 
CNP 2978 
CNP 2979 
CNP 2980 
CNP 2981 
CNP 2982 
CNP 2983 
CNP 2984 
CNP 2986 
CNP 2987 
CNP 2988 
CNP 2989 
CNP 2990 
CNP 2991 
CNP 2992 
CNP 2993 
CNP 2994 
CNP 2995 
CNP 2996 
CNP 2997 
CNP 2998 
CNP 2999 
CNP 3000 
CNP 3001 
CNP 3002 
CNP 3003 
CNP 3004 
CNP 3005 
CNP 3006 
CNP 3007 
CNP 3008 
CNP 3009 
CNP 3010 
CNP 3011 
CNP 3012 
CNP 3013 
CNP 3014 
CNP 3015 
CNP 3016 
CNP 3017 
CNP 3018 
CNP 3019 
CNP 3020 
CNP 3021 
CNP 3022 
CNP 3023 
CNP 3024 
CNP 3025 
CNP 3026 
CNP 3027 
CNP 3028 
CNP 3029 
CNP 3030 
CNP 3031 
CNP 3032 
CNP 3034 
CNP 3035 
CNP 3036 
CNP 3037 
CNP 3038 
CNP 3039 
CNP 3040 
CNP 3041 
CNP 3042 
CNP 3043 
CNP 3044 
CNP 3045 
CNP 3046 
CNP 3047 
CNP 3048 
CNP 3049 
CNP 3050 
CNP 3051 
CNP 3052 
CNP 3053 
CNP 3054 
CNP 3055 
CNP 3056 
CNP 3057 
CNP 3058 
CNP 3059 
CNP 3060 
CNP 3061 
CNP 3062 
CNP 3063 
CNP 3064 
CNP 3065 
CNP 3066 
CNP 3067 
CNP 3068 
CNP 3069 
CNP 3070 
CNP 3071 
CNP 3072 
CNP 3073 
CNP 3074 
CNP 3075 
CNP 3076 
CNP 3077 
CNP 3078 
CNP 3079 
CNP 3080 
CNP 3081 
CNP 3082 
CNP 3083 
CNP 3084 
CNP 3085 
CNP 3086 
CNP 3087 
CNP 3088 
CNP 3089 
CNP 3090 
CNP 3091 
CNP 3092 
CNP 3093 
CNP 3094 
CNP 3095 
CNP 3096 
CNP 3097 
CNP 3098 
CNP 3099 
CNP 3100 
CNP 3101 
CNP 3102 
CNP 3103 
CNP 3104 
CNP 3105 
CNP 3106 
CNP 3107 
CNP 3108 
CNP 3109 
CNP 3110 
CNP 3111 
CNP 3112 
CNP 3113 
CNP 3114 
CNP 3115 
CNP 3116 
CNP 3118 
CNP 3119 
CNP 3120 
CNP 3121 
CNP 3122 
CNP 3123 
CNP 3124 
CNP 3125 
CNP 3126 
CNP 3127 
CNP 3128 
CNP 3129 
CNP 3130 
CNP 3131 
CNP 3132 
CNP 3133 
END
TETRA 2328 2319 2321 2322 
TETRA 2493 2494 2497 2477 
TETRA 2791 2790 2792 2793 
TETRA 2802 2757 2755 2794 
TETRA 2351 2352 2353 3116 
TETRA 2517 2518 2509 2505 
TETRA 3113 3111 3115 3112 
TETRA 2553 2554 2556 2555 
TETRA 3049 3063 3047 3046 
TETRA 2338 2342 2341 2339 
TETRA 2956 2954 2955 2953 
TETRA 2459 2460 2584 2461 
TETRA 3059 3049 3052 3051 
TETRA 2350 2351 2347 2352 
TETRA 2777 2774 2776 2626 
TETRA 2907 2910 2985 2914 
TETRA 2618 2620 2616 2619 
TETRA 2553 2552 2551 2554 
TETRA 2459 2582 2461 2583 
TETRA 2535 2595 2597 2538 
TETRA 2517 2509 2514 2508 
TETRA 2969 2997 2980 2968 
TETRA 2886 2897 2883 2887 
TETRA 2422 2411 2598 2421 
TETRA 3069 3060 3058 3061 
TETRA 2516 2513 2508 2515 
TETRA 2327 2390 2450 2329 
TETRA 3117 3116 2359 3111 
TETRA 2580 2579 2462 2581 
TETRA 2396 2383 2384 2385 
TETRA 2368 2363 2361 2349 
TETRA 2920 2919 2915 2921 
TETRA 3063 3095 3047 3096 
TETRA 2949 2948 2944 2934 
TETRA 2311 2310 2308 2312 
TETRA 2423 2420 2422 2421 
TETRA 2517 2508 2516 2505 
TETRA 2400 2380 2402 2384 
TETRA 2481 2487 2471 2469 
TETRA 3044 3041 3046 3047 
TETRA 2705 2824 2707 2821 
TETRA 2535 2551 2595 2537 
TETRA 2941 2938 2937 2812 
TETRA 2422 2413 2598 2411 
TETRA 2907 2908 2994 2909 
TETRA 2813 2815 2810 2816 
TETRA 2400 2384 2402 2401 
TETRA 2344 2349 2347 2348 
TETRA 3055 3075 3076 3074 
TETRA 2576 2574 2575 2486 
TETRA 2493 2494 2495 2496 
TETRA 3123 2621 2623 2622 
TETRA 2361 2370 2371 2360 
TETRA 2439 2438 2499 2475 
TETRA 2382 2381 2380 2345 
TETRA 2714 2713 2709 2711 
TETRA 2457 2456 2454 2455 
TETRA 2479 2471 2481 2487 
TETRA 2964 2961 2963 2966 
TETRA 2907 2915 2913 2914 
TETRA 2907 2915 2985 2916 
TETRA 2813 2810 2815 2814 
TETRA 2344 2348 2379 2349 
TETRA 3123 2638 2623 2621 
TETRA 2546 2545 2547 2548 
TETRA 2839 2845 2828 2838 
TETRA 2562 2547 2567 2563 
TETRA 2629 2628 2732 2627 
TETRA 2430 2427 2512 2511 
TETRA 2682 2684 2681 2683 
TETRA 2738 2741 2737 2740 
TETRA 2510 2508 2514 2509 
TETRA 2314 2315 2311 2313 
TETRA 2933 2932 2972 2951 
TETRA 3055 3072 3075 3074 
TETRA 2331 2332 2326 2325 
TETRA 2705 2707 2824 2846 
TETRA 2886 2875 2883 2878 
TETRA 3084 3088 3087 3085 
TETRA 2760 2740 2759 2741 
TETRA 2907 2913 2916 2917 
TETRA 2662 2663 2664 2661 
TETRA 2824 2707 2825 2845 
TETRA 2382 2381 2345 2334 
TETRA 2406 2402 2416 2404 
TETRA 2399 2401 2416 2384 
TETRA 3057 3071 3052 3060 
TETRA 3103 3101 3102 2864 
TETRA 2427 2508 2513 2512 
TETRA 2684 2683 2686 2687 
TETRA 2356 3125 3124 3120 
TETRA 2382 2383 2385 2384 
TETRA 2397 2399 2416 2384 
TETRA 2374 2366 2376 2375 
TETRA 2406 2376 2407 2408 
TETRA 2959 2954 2952 2962 
TETRA 3123 3122 3124 2622 
TETRA 2417 2399 2415 2416 
TETRA 2692 2698 2785 2697 
TETRA 2941 2942 2938 2940 
TETRA 2837 2841 2840 2838 
TETRA 2985 2988 2915 2927 
TETRA 2805 2799 3073 3082 
TETRA 2985 2916 2993 2907 
TETRA 2376 2377 2403 2366 
TETRA 3076 3075 3077 3074 
TETRA 2374 2366 2364 2377 
TETRA 2839 2838 2843 2845 
TETRA 2480 2486 2488 2487 
TETRA 2807 2808 2810 2809 
TETRA 2630 2629 2631 2632 
TETRA 2424 2418 2423 2421 
TETRA 3053 3052 3057 3056 
TETRA 2907 2994 2908 2917 
TETRA 2684 2685 2686 2683 
TETRA 3073 3056 3072 2798 
TETRA 2646 2652 2651 2642 
TETRA 2702 2704 2705 2708 
TETRA 2535 2539 2596 2541 
TETRA 2434 2392 2439 2437 
TETRA 2807 2811 2810 2808 
TETRA 2368 2373 2372 2369 
TETRA 2727 2729 2728 2736 
TETRA 2691 2675 2676 2677 
TETRA 2913 2914 2915 2919 
TETRA 2819 2815 2814 2818 
TETRA 2523 2521 2520 2519 
TETRA 2346 2335 2344 2345 
TETRA 3065 3064 3061 3062 
TETRA 2839 2845 2843 2844 
TETRA 2447 2470 2446 2451 
TETRA 3098 3048 3099 3040 
TETRA 2882 2880 2883 2881 
TETRA 2423 2421 2418 2420 
TETRA 2618 3122 2623 2622 
TETRA 2662 2657 2656 2658 
TETRA 3033 3020 3035 3008 
TETRA 2400 2402 2380 2377 
TETRA 2576 2486 2483 2574 
TETRA 2420 2421 2417 2415 
TETRA 2606 2607 2372 2369 
TETRA 2690 2688 2680 2695 
TETRA 3084 3085 3087 3068 
TETRA 2455 2453 2299 2452 
TETRA 2567 2566 2562 2563 
TETRA 2572 2573 2567 2486 
TETRA 2327 2326 2330 2329 
TETRA 2442 2444 2474 2441 
TETRA 2553 2559 2558 2557 
TETRA 2839 2844 2843 2842 
TETRA 2573 2487 2488 2486 
TETRA 2807 2808 2809 2752 
TETRA 2643 2645 2641 2644 
TETRA 2728 2756 2747 2743 
TETRA 2907 2910 2906 2909 
TETRA 2780 2718 2719 2784 
TETRA 3065 3066 3061 3064 
TETRA 3057 3070 2796 3071 
TETRA 2535 2594 2596 2597 
TETRA 3117 3118 2355 2353 
TETRA 2631 2636 2639 2637 
TETRA 2841 2877 2878 2840 
TETRA 2546 2547 2545 2488 
TETRA 2727 2726 2728 2729 
TETRA 2907 2916 2913 2915 
TETRA 2465 2482 2577 2466 
TETRA 2641 2640 2635 2636 
TETRA 2824 2845 2828 2846 
TETRA 2643 2634 2641 2632 
TETRA 2807 2752 2806 2808 
TETRA 2699 2701 2700 2689 
TETRA 2414 2420 2415 2421 
TETRA 2690 2679 2691 2680 
TETRA 3010 3007 2955 3011 
TETRA 2807 3081 2805 2939 
TETRA 2573 2486 2485 2487 
TETRA 3106 2666 3108 3110 
TETRA 2779 2730 2770 2733 
TETRA 2631 2640 2639 2636 
TETRA 3123 3121 3122 2657 
TETRA 2335 2332 2344 2345 
TETRA 2570 2569 2567 2573 
TETRA 2323 2326 2327 2329 
TETRA 2495 2492 2541 2536 
TETRA 2843 2842 2844 2861 
TETRA 2890 2892 2871 2893 
TETRA 2717 2719 2780 2718 
TETRA 2786 2783 2675 2698 
TETRA 2417 2398 2397 2418 
TETRA 2614 2610 2608 2611 
TETRA 2535 2551 2544 2596 
TETRA 2641 2635 2640 2632 
TETRA 2949 2934 2950 2948 
TETRA 2745 2744 2747 2748 
TETRA 3053 3056 3057 2798 
TETRA 2771 2769 2767 2768 
TETRA 2997 2998 2968 2970 
TETRA 2869 2871 2868 2893 
TETRA 2832 2817 2829 2830 
TETRA 3026 3031 3030 3029 
TETRA 2567 2573 2569 2488 
TETRA 2432 2429 2433 2395 
TETRA 2941 2937 2938 2943 
TETRA 2727 2723 2726 2731 
TETRA 2727 2726 2725 2728 
TETRA 2464 2481 2471 2469 
TETRA 2875 2840 2880 2878 
TETRA 2425 2427 2513 2426 
TETRA 2512 2515 2514 2508 
TETRA 2659 2670 2660 2654 
TETRA 3077 3015 3014 2942 
TETRA 2723 2722 2724 2732 
TETRA 2702 2708 2705 2707 
TETRA 2920 2930 2922 2924 
TETRA 3018 3019 3020 3032 
TETRA 2907 2913 2911 2914 
TETRA 3057 2796 2798 3071 
TETRA 2458 2459 2461 2460 
TETRA 2709 2708 2703 2711 
TETRA 2615 2613 2614 2611 
TETRA 3094 3095 3063 3096 
TETRA 3091 3066 3065 3064 
TETRA 2831 2833 2937 2936 
TETRA 2829 2827 2838 2828 
TETRA 3098 3048 3097 3096 
TETRA 2616 2615 2614 2617 
TETRA 2512 2514 2511 2508 
TETRA 2771 2773 2772 2612 
TETRA 3037 3041 3038 3036 
TETRA 2762 2765 2761 2764 
TETRA 3084 3069 3061 3060 
TETRA 3025 3032 3029 3021 
TETRA 2570 2567 2572 2573 
TETRA 2330 2387 2388 2333 
TETRA 2714 2713 2715 2716 
TETRA 2723 2720 2721 2725 
TETRA 2791 2793 2792 2794 
TETRA 3042 3043 3041 3036 
TETRA 2776 2613 2611 2612 
TETRA 2805 2803 2800 2804 
TETRA 2463 2469 2470 2467 
TETRA 2904 2902 2898 2900 
TETRA 2610 2612 2611 2613 
TETRA 2323 2321 2449 2328 
TETRA 2760 2758 2791 2757 
TETRA 2781 2724 2780 2634 
TETRA 2760 2758 2759 2763 
TETRA 2931 2930 2836 2935 
TETRA 3025 3020 3032 3021 
TETRA 2570 2571 2567 2566 
TETRA 2463 2464 2462 2456 
TETRA 2771 2770 2769 2734 
TETRA 2646 2641 2645 2644 
TETRA 2439 2441 2442 2499 
TETRA 2779 2772 2770 2773 
TETRA 2445 2470 2447 2464 
TETRA 2946 2948 3011 2947 
TETRA 2662 2664 2663 2665 
TETRA 2323 2321 2328 2319 
TETRA 2826 2827 2825 2817 
TETRA 2985 2987 2982 2986 
TETRA 2737 2758 2741 2742 
TETRA 2807 2806 2805 3081 
TETRA 2737 2742 2728 2736 
TETRA 2995 2968 2998 2975 
TETRA 2956 2955 3080 3007 
TETRA 2630 2635 2631 2624 
TETRA 2350 2344 2347 2343 
TETRA 3049 3063 3046 3051 
TETRA 3026 3029 3025 3031 
TETRA 2907 2905 2903 2918 
TETRA 2572 2486 2484 2485 
TETRA 2463 2467 2468 2469 
TETRA 2950 2947 2948 2934 
TETRA 2690 2692 2698 2693 
TETRA 2987 2982 2976 2927 
TETRA 2434 2437 2436 2435 
TETRA 2418 2429 2427 2428 
TETRA 2520 2505 2518 2519 
TETRA 2754 2755 2749 2753 
TETRA 2473 2472 2445 2471 
TETRA 2779 2775 2778 2774 
TETRA 2964 2965 2960 2961 
TETRA 2302 2453 2299 2301 
TETRA 2737 2740 2759 2739 
TETRA 3085 3083 3070 3084 
TETRA 2687 2848 2706 2701 
TETRA 2535 2551 2596 2594 
TETRA 2907 2911 2913 2912 
TETRA 2375 2602 2367 2603 
TETRA 2553 2550 2562 2563 
TETRA 2819 2825 2824 2821 
TETRA 2675 2676 2674 2673 
TETRA 2766 2739 2740 2767 
TETRA 2735 2738 2768 2734 
TETRA 2490 2492 2491 2544 
TETRA 2985 2982 2987 2927 
TETRA 2807 2752 2803 2806 
TETRA 2897 2901 2885 2896 
TETRA 2445 2446 2470 2471 
TETRA 2956 2953 2955 3007 
TETRA 2316 3129 2317 2340 
TETRA 3033 3008 3034 3019 
TETRA 2524 2542 2525 2527 
TETRA 2931 2933 2932 2930 
TETRA 2827 2837 2829 2838 
TETRA 3091 3064 3063 3094 
TETRA 2618 2615 2616 2617 
TETRA 2690 2697 2694 2698 
TETRA 2468 2485 2482 2469 
TETRA 2760 2741 2759 2758 
TETRA 3056 3071 2798 2797 
TETRA 2580 2482 2462 2579 
TETRA 2917 2916 2907 2994 
TETRA 2873 2872 2870 2874 
TETRA 2949 2950 2951 2952 
TETRA 2470 2467 2455 2456 
TETRA 2551 2544 2549 2550 
TETRA 2653 2642 2670 2652 
TETRA 2653 2636 2640 2642 
TETRA 2783 2785 2698 2784 
TETRA 3109 3111 3106 3110 
TETRA 2325 2337 2317 2318 
TETRA 2882 2884 2883 2885 
TETRA 2432 2431 2433 2429 
TETRA 2503 2500 2502 2501 
TETRA 2662 2665 3121 3122 
TETRA 2985 2992 2990 2989 
TETRA 2958 3001 2957 2960 
TETRA 2805 2803 2804 2806 
TETRA 2618 2623 2621 2622 
TETRA 3029 3021 3026 3025 
TETRA 3128 2617 3125 3122 
TETRA 3109 2341 3113 2340 
TETRA 2302 2299 2453 2452 
TETRA 3127 2371 2357 3126 
TETRA 2553 2561 2548 2555 
TETRA 2750 2746 2751 2752 
TETRA 2957 2953 2959 2954 
TETRA 2968 2970 2998 2962 
TETRA 2647 2648 2783 2645 
TETRA 3026 3030 3027 3028 
TETRA 2422 2421 2414 2411 
TETRA 3026 3029 3028 3021 
TETRA 2567 2563 2568 2566 
TETRA 2737 2739 2735 2738 
TETRA 2666 2661 2658 2664 
TETRA 2338 2325 2337 2317 
TETRA 2331 2335 2332 2336 
TETRA 2454 2453 2459 2460 
TETRA 2813 2831 2817 2816 
TETRA 3004 3006 3007 3003 
TETRA 3017 3022 3018 3021 
TETRA 2831 2834 2833 2936 
TETRA 2709 2703 2704 2710 
TETRA 2463 2464 2470 2469 
TETRA 2944 2943 2833 2936 
TETRA 2852 2849 2848 2847 
TETRA 2543 2524 2521 2522 
TETRA 2331 2334 2330 2333 
TETRA 2589 2588 2585 2301 
TETRA 2434 2439 2438 2437 
TETRA 2883 2881 2922 2919 
TETRA 3080 3007 3010 3006 
TETRA 2723 2725 2721 2744 
TETRA 2440 2390 2388 2329 
TETRA 2702 2703 2704 2708 
TETRA 2463 2456 2462 2458 
TETRA 3088 2789 3089 2788 
TETRA 2341 3116 3115 2339 
TETRA 2880 2922 2883 2881 
TETRA 2576 2578 2577 2482 
TETRA 2298 2304 2305 2302 
TETRA 2585 2300 2453 2301 
TETRA 2743 2742 2756 2754 
TETRA 3033 3019 3009 3008 
TETRA 2403 2377 2365 2366 
TETRA 2606 2607 2608 2372 
TETRA 2647 2782 2783 2784 
TETRA 2873 2876 2870 2877 
TETRA 2599 2411 2413 2412 
TETRA 2463 2456 2470 2464 
TETRA 2664 2663 3119 2661 
TETRA 2852 2856 2854 2855 
TETRA 2331 2325 2324 2336 
TETRA 2572 2573 2486 2485 
TETRA 2580 2579 2578 2482 
TETRA 3088 3085 2790 2788 
TETRA 2985 2993 2916 2990 
TETRA 2690 2680 2691 2695 
TETRA 2440 2390 2392 2391 
TETRA 2463 2462 2466 2458 
TETRA 2434 2437 2435 2393 
TETRA 2382 2333 2387 2334 
TETRA 2327 2324 2331 2326 
TETRA 2479 2487 2480 2488 
TETRA 2985 2916 2988 2990 
TETRA 2954 2951 2950 2952 
TETRA 2625 2626 2628 2627 
TETRA 2463 2470 2456 2467 
TETRA 2316 3130 3114 2340 
TETRA 2543 2521 2524 2542 
TETRA 2747 2748 2743 2754 
TETRA 2323 2324 2325 2318 
TETRA 2729 2730 2733 2734 
TETRA 2440 2391 2388 2390 
TETRA 2975 2974 2978 2979 
TETRA 2350 2362 2349 2361 
TETRA 2340 2339 2341 3113 
TETRA 2308 2312 2310 2304 
TETRA 2445 2464 2481 2471 
TETRA 2313 2312 2320 2310 
TETRA 2443 2445 2442 2444 
TETRA 3060 3083 3084 3070 
TETRA 3089 2787 2765 3090 
TETRA 2882 2878 2880 2879 
TETRA 2443 2442 2440 2441 
TETRA 2506 2504 2521 2522 
TETRA 2549 2544 2545 2550 
TETRA 3115 3111 3116 3112 
TETRA 2307 2303 2592 2591 
TETRA 2314 2316 2337 2317 
TETRA 2840 2837 2838 2829 
TETRA 2458 2459 2462 2461 
TETRA 2799 2797 3073 2798 
TETRA 2570 2568 2567 2569 
TETRA 2331 2333 2332 2334 
TETRA 2662 2657 3121 2663 
TETRA 2646 2648 2647 2645 
TETRA 2463 2468 2465 2464 
TETRA 2433 2395 2429 2385 
TETRA 2454 2453 2460 2300 
TETRA 2609 2608 2607 2610 
TETRA 2607 2371 2608 2372 
TETRA 3120 3124 3121 3122 
TETRA 2890 2872 2889 2874 
TETRA 2662 2658 2656 2661 
TETRA 2615 2611 2776 2613 
TETRA 2691 2679 2677 2680 
TETRA 2323 2328 2327 2324 
TETRA 2397 2429 2395 2385 
TETRA 2800 2801 2799 2804 
TETRA 2796 2793 2792 2790 
TETRA 2702 2700 2701 2706 
TETRA 2690 2679 2680 2688 
TETRA 2463 2468 2464 2469 
TETRA 2355 2356 3118 2359 
TETRA 2495 2501 2542 2496 
TETRA 2430 2428 2429 2398 
TETRA 2332 2325 2336 2343 
TETRA 2607 3127 2614 2608 
TETRA 2633 2722 2724 2634 
TETRA 2659 2658 2660 2661 
TETRA 2779 2733 2774 2628 
TETRA 2440 2441 2390 2450 
TETRA 2455 2452 2456 2453 
TETRA 2459 2583 2584 2585 
TETRA 2843 2857 2854 2861 
TETRA 2567 2568 2563 2569 
TETRA 3125 2617 2622 3122 
TETRA 2646 2649 2647 2648 
TETRA 2347 2351 2342 2352 
TETRA 3076 3016 3023 3022 
TETRA 3055 3056 3053 3072 
TETRA 2714 2719 2717 2718 
TETRA 2473 2481 2479 2471 
TETRA 2660 2658 2666 2661 
TETRA 2430 2427 2429 2428 
TETRA 2443 2444 2448 2446 
TETRA 2489 2478 2476 2477 
TETRA 2900 2885 2919 2884 
TETRA 2443 2329 2449 2448 
TETRA 2726 2732 2723 2724 
TETRA 2655 2637 2639 2636 
TETRA 2567 2486 2573 2488 
TETRA 2459 2585 2584 2460 
TETRA 2445 2444 2446 2472 
TETRA 2602 2373 2367 2604 
TETRA 2528 2525 2495 2542 
TETRA 2528 2530 2495 2525 
TETRA 2824 2846 2707 2845 
TETRA 2347 2351 2343 2342 
TETRA 2367 2605 2604 2373 
TETRA 2434 2439 2392 2391 
TETRA 2375 2602 2601 2374 
TETRA 2985 2992 2991 2910 
TETRA 3082 3081 3079 2939 
TETRA 2443 2329 2448 2450 
TETRA 2397 2396 2384 2385 
TETRA 2458 2459 2454 2456 
TETRA 2570 2567 2568 2566 
TETRA 2500 2494 2498 2497 
TETRA 2346 2380 2345 2379 
TETRA 2473 2476 2478 2477 
TETRA 3128 3120 3125 2357 
TETRA 2406 2405 2410 2407 
TETRA 2350 2347 2362 2352 
TETRA 2786 2675 2693 2698 
TETRA 2900 2896 2898 2899 
TETRA 2298 2300 2592 2301 
TETRA 2702 2699 2700 2703 
TETRA 2473 2475 2476 2477 
TETRA 2462 2482 2465 2466 
TETRA 2813 2816 2812 2937 
TETRA 3065 3067 3068 3061 
TETRA 2625 2627 2630 2620 
TETRA 2443 2448 2444 2450 
TETRA 2826 2829 2827 2817 
TETRA 2459 2456 2458 2462 
TETRA 3017 3020 3024 3021 
TETRA 2424 2421 2422 2598 
TETRA 3093 3097 3095 3094 
TETRA 2931 2929 2922 2930 
TETRA 3130 3131 3133 2340 
TETRA 3059 3051 3058 3062 
TETRA 2675 2673 2674 2648 
TETRA 2433 2393 2394 2391 
TETRA 3109 3111 3113 3112 
TETRA 2679 2683 2681 2688 
TETRA 2443 2450 2440 2329 
TETRA 2777 2776 2616 2619 
TETRA 2458 2460 2454 2459 
TETRA 2553 2548 2549 2555 
TETRA 2439 2437 2499 2438 
TETRA 2375 2601 2602 2603 
TETRA 2490 2541 2493 2492 
TETRA 2690 2689 2694 2696 
TETRA 2963 2962 2998 2970 
TETRA 2665 3121 3119 2663 
TETRA 2832 2834 2831 2830 
TETRA 2480 2487 2481 2486 
TETRA 2298 2592 2303 2301 
TETRA 3091 3093 3092 3064 
TETRA 3103 3102 2861 2862 
TETRA 3106 2666 2667 3108 
TETRA 2656 2657 2639 2637 
TETRA 2795 2797 2798 2796 
TETRA 3017 3021 3018 3020 
TETRA 2807 2939 2811 3081 
TETRA 3018 3032 3020 3021 
TETRA 2445 2447 2470 2446 
TETRA 2890 2889 2872 2891 
TETRA 2852 2848 2849 2850 
TETRA 2802 2757 2756 2755 
TETRA 3050 3049 3044 3046 
TETRA 2795 2801 2800 2802 
TETRA 2895 2894 2899 2896 
TETRA 2968 2999 2971 2962 
TETRA 2551 2593 2564 2554 
TETRA 2449 2452 2447 2451 
TETRA 2382 2383 2386 2385 
TETRA 2630 2632 2635 2634 
TETRA 2449 2448 2322 2451 
TETRA 2931 2922 2836 2930 
TETRA 2458 2454 2457 2456 
TETRA 2944 2833 2935 2936 
TETRA 2592 2591 2303 2301 
TETRA 2944 2945 2946 2943 
TETRA 2454 2456 2459 2453 
TETRA 2382 2386 2383 2387 
TETRA 3013 3017 3014 3018 
TETRA 2940 2939 3079 3081 
TETRA 2647 2645 2782 2644 
TETRA 2887 2875 2886 2876 
TETRA 2443 2448 2449 2447 
TETRA 2553 2551 2550 2564 
TETRA 2388 2387 2386 2333 
TETRA 2305 2321 2302 2304 
TETRA 2587 2585 2584 2586 
TETRA 3035 3005 3034 3008 
TETRA 3123 2623 2638 2637 
TETRA 3033 3008 3009 3020 
TETRA 2883 2919 2885 2884 
TETRA 2904 2900 2898 2899 
TETRA 2400 2378 2380 2381 
TETRA 2480 2488 2567 2546 
TETRA 2553 2554 2555 2552 
TETRA 2703 2697 2710 2718 
TETRA 2577 2482 2579 2466 
TETRA 2957 2958 2956 3002 
TETRA 2949 2933 2950 2934 
TETRA 2762 2764 2787 2765 
TETRA 2843 2855 2854 2856 
TETRA 2647 2783 2698 2784 
TETRA 2468 2484 2482 2485 
TETRA 2454 2455 2453 2299 
TETRA 2725 2743 2747 2744 
TETRA 2553 2563 2560 2559 
TETRA 2306 2304 2298 2307 
TETRA 2875 2878 2876 2877 
TETRA 2690 2692 2679 2689 
TETRA 2462 2482 2466 2579 
TETRA 2895 2899 2898 2896 
TETRA 2549 2545 2548 2550 
TETRA 2870 2867 2871 3101 
TETRA 2397 2398 2396 2395 
TETRA 2985 2991 2992 2989 
TETRA 2727 2725 2723 2744 
TETRA 2791 2789 2792 2790 
TETRA 2618 2616 2615 2619 
TETRA 2463 2456 2458 2457 
TETRA 2380 2379 2378 2377 
TETRA 2383 2386 2394 2387 
TETRA 3050 3052 3053 3056 
TETRA 2851 2686 3104 2850 
TETRA 3073 3072 3074 3082 
TETRA 3033 3032 3031 3020 
TETRA 3113 2339 3129 2340 
TETRA 3123 2622 2623 3122 
TETRA 2887 2896 2895 2897 
TETRA 2562 2545 2550 2548 
TETRA 2449 2447 2448 2451 
TETRA 2625 2624 2638 2621 
TETRA 2402 2403 2404 2376 
TETRA 2434 2393 2392 2437 
TETRA 2745 2716 2747 2744 
TETRA 3017 3024 3023 3022 
TETRA 2690 2695 2694 2689 
TETRA 2813 2810 2809 2812 
TETRA 2824 2821 2825 2707 
TETRA 2447 2456 2464 2470 
TETRA 2553 2564 2557 2554 
TETRA 2502 2496 2521 2501 
TETRA 2298 2302 2305 2299 
TETRA 2623 2638 2637 2624 
TETRA 2949 2933 2951 2950 
TETRA 2855 2846 2707 2847 
TETRA 2355 3118 2356 2353 
TETRA 2709 2711 2703 2710 
TETRA 2895 2896 2898 2897 
TETRA 2346 2334 2345 2381 
TETRA 2323 2324 2327 2326 
TETRA 2535 2537 2595 2538 
TETRA 2546 2489 2488 2545 
TETRA 2434 2437 2438 2436 
TETRA 2774 2628 2626 2778 
TETRA 2660 2668 2669 2661 
TETRA 2397 2398 2429 2418 
TETRA 2560 2565 2559 2563 
TETRA 2379 2348 2344 2346 
TETRA 2954 2968 2971 2962 
TETRA 2302 2452 2321 2322 
TETRA 2546 2491 2480 2489 
TETRA 3117 3111 3119 3112 
TETRA 2777 2627 2626 2620 
TETRA 3058 3069 3070 3060 
TETRA 2599 2598 2413 2411 
TETRA 2870 2869 2874 2872 
TETRA 2448 2328 2450 2329 
TETRA 2346 2344 2379 2345 
TETRA 2331 2326 2332 2333 
TETRA 3109 3130 3114 3110 
TETRA 2832 2831 2834 2833 
TETRA 2317 3131 2311 2316 
TETRA 2473 2472 2476 2474 
TETRA 2468 2465 2464 2482 
TETRA 2785 2719 2710 2718 
TETRA 2323 2319 2328 2324 
TETRA 2535 2596 2544 2541 
TETRA 2933 2950 2932 2951 
TETRA 2410 2416 2415 2404 
TETRA 2886 2885 2883 2897 
TETRA 2547 2488 2546 2567 
TETRA 2436 2507 2431 2435 
TETRA 2714 2720 2717 2719 
TETRA 2378 2377 2348 2365 
TETRA 2462 2465 2482 2464 
TETRA 2721 2717 2715 2716 
TETRA 2771 2734 2769 2768 
TETRA 2625 2628 2629 2627 
TETRA 2463 2465 2468 2467 
TETRA 2560 2566 2565 2563 
TETRA 2489 2492 2493 2494 
TETRA 2430 2429 2432 2395 
TETRA 2364 2377 2366 2365 
TETRA 3084 3085 3069 3070 
TETRA 2729 2628 2733 2730 
TETRA 2607 2372 2370 2371 
TETRA 2737 2728 2742 2741 
TETRA 2872 2891 2889 2888 
TETRA 2546 2547 2567 2548 
TETRA 2358 2354 2357 2361 
TETRA 2749 2754 2756 2755 
TETRA 2551 2596 2594 2593 
TETRA 2690 2698 2692 2697 
TETRA 2779 2772 2774 2733 
TETRA 2763 2793 2791 2758 
TETRA 2721 2725 2720 2716 
TETRA 2463 2457 2465 2467 
TETRA 2553 2557 2550 2563 
TETRA 2440 2439 2392 2441 
TETRA 2643 2632 2641 2640 
TETRA 2400 2396 2384 2401 
TETRA 2406 2409 2407 2410 
TETRA 2954 2962 2951 2952 
TETRA 2980 2979 2974 2968 
TETRA 2647 2783 2782 2645 
TETRA 3106 2664 3119 2661 
TETRA 2779 2628 2774 2778 
TETRA 2896 2897 2887 2883 
TETRA 2875 2877 2840 2878 
TETRA 2547 2545 2562 2548 
TETRA 3106 2668 2667 2661 
TETRA 2512 2419 2427 2428 
TETRA 2717 2720 2780 2719 
TETRA 2389 2330 2387 2388 
TETRA 2967 2969 2966 2968 
TETRA 2737 2738 2735 2729 
TETRA 3083 2790 2796 2792 
TETRA 2750 2745 2751 2746 
TETRA 3103 2864 2862 2866 
TETRA 2881 2922 2919 2920 
TETRA 2807 2809 2810 2812 
TETRA 2879 2841 2878 2840 
TETRA 3117 2355 3116 2353 
TETRA 2526 2527 2524 2525 
TETRA 2721 2720 2717 2716 
TETRA 2515 2508 2512 2513 
TETRA 2478 2491 2489 2480 
TETRA 2798 3071 2796 2797 
TETRA 2944 2948 2946 2947 
TETRA 2406 2416 2410 2404 
TETRA 2705 2708 2704 2823 
TETRA 2424 2423 2422 2421 
TETRA 2894 2888 2889 2891 
TETRA 2355 2352 2359 3116 
TETRA 2567 2547 2488 2569 
TETRA 3132 2315 2311 3131 
TETRA 2433 2431 2432 2434 
TETRA 3059 3060 3061 3058 
TETRA 2749 2753 2748 2754 
TETRA 2944 2945 2943 2936 
TETRA 2690 2695 2691 2694 
TETRA 3088 2788 3089 3087 
TETRA 3084 3061 3068 3067 
TETRA 2802 2758 2742 2757 
TETRA 3106 3112 3119 3111 
TETRA 2805 3073 3074 3082 
TETRA 2463 2457 2467 2456 
TETRA 2985 2984 2982 2927 
TETRA 2553 2557 2563 2559 
TETRA 2490 2493 2489 2492 
TETRA 3117 2359 3118 3119 
TETRA 2443 2446 2445 2444 
TETRA 2941 2940 3077 2942 
TETRA 2851 2853 3104 2859 
TETRA 2727 2725 2726 2723 
TETRA 2983 2981 2977 2927 
TETRA 2895 2894 2896 2888 
TETRA 2567 2547 2562 2548 
TETRA 2468 2484 2483 2482 
TETRA 2833 2816 2937 2943 
TETRA 2843 2861 2844 2857 
TETRA 2762 2764 2763 2788 
TETRA 2625 2621 2620 2624 
TETRA 2807 2810 2811 2812 
TETRA 2447 2452 2456 2451 
TETRA 2553 2554 2551 2564 
TETRA 2489 2493 2477 2494 
TETRA 2702 2700 2705 2704 
TETRA 3065 3061 3069 3062 
TETRA 2550 2492 2536 2544 
TETRA 3117 2355 3118 2359 
TETRA 2691 2693 2676 2675 
TETRA 3009 3010 3019 3012 
TETRA 2781 2634 2780 2644 
TETRA 2679 2683 2688 2689 
TETRA 2454 2299 2453 2300 
TETRA 3109 3110 3114 3111 
TETRA 2553 2551 2549 2550 
TETRA 2495 2496 2542 2525 
TETRA 2728 2742 2741 2756 
TETRA 2980 2995 2968 2996 
TETRA 3044 3048 3040 3047 
TETRA 3084 3070 3069 3060 
TETRA 3103 2866 3101 2864 
TETRA 2303 2304 2307 2298 
TETRA 3010 3019 3006 3009 
TETRA 2616 2614 2615 2613 
TETRA 3059 3052 3058 3051 
TETRA 2686 2849 2848 2850 
TETRA 2813 2809 2810 2814 
TETRA 2317 3129 2339 2340 
TETRA 2553 2556 2554 2557 
TETRA 2490 2477 2489 2493 
TETRA 2843 2856 2844 2845 
TETRA 2832 2835 2837 2836 
TETRA 2817 2830 2831 2818 
TETRA 2807 2812 2811 2939 
TETRA 2959 2960 2961 2963 
TETRA 3084 3068 3086 3067 
TETRA 3025 3031 3032 3020 
TETRA 2646 2648 2650 2649 
TETRA 2463 2457 2458 2466 
TETRA 2826 2829 2828 2827 
TETRA 2553 2549 2552 2555 
TETRA 2951 2962 2971 2999 
TETRA 2873 2875 2877 2840 
TETRA 2774 2612 2772 2773 
TETRA 2852 2857 2854 2856 
TETRA 3035 3031 3034 3005 
TETRA 2795 2793 2802 2794 
TETRA 2858 2854 2853 2857 
TETRA 2932 2971 2972 2951 
TETRA 2567 2488 2480 2486 
TETRA 3076 3075 3054 3016 
TETRA 2462 2581 2461 2582 
TETRA 2791 2757 2793 2794 
TETRA 3014 3015 2946 2942 
TETRA 2795 2796 2792 2797 
TETRA 2799 2798 3073 3072 
TETRA 3058 3057 3052 3060 
TETRA 3009 3010 3007 3006 
TETRA 2762 2788 2787 2764 
TETRA 2900 2884 2912 2885 
TETRA 2775 2774 2612 2776 
TETRA 2338 2336 2325 2343 
TETRA 2463 2457 2466 2465 
TETRA 2433 2386 2394 2385 
TETRA 2959 2954 2953 2952 
TETRA 2931 2930 2932 2929 
TETRA 2785 2784 2719 2718 
TETRA 2954 2961 2968 2962 
TETRA 2777 2775 2774 2778 
TETRA 2553 2560 2562 2561 
TETRA 3050 3045 3055 3054 
TETRA 2314 2311 2316 2317 
TETRA 2723 2722 2721 2720 
TETRA 2819 2821 2824 2823 
TETRA 2783 2784 2782 2785 
TETRA 2759 2740 2766 2739 
TETRA 2954 2950 2953 2952 
TETRA 2813 2815 2817 2818 
TETRA 2572 2574 2484 2486 
TETRA 2786 2698 2647 2783 
TETRA 3050 3055 3053 3054 
TETRA 3013 3018 3014 3012 
TETRA 2314 2318 2337 2319 
TETRA 2800 2803 2801 2804 
TETRA 3042 3041 3037 3036 
TETRA 2646 2651 2645 2642 
TETRA 2769 2768 2735 2739 
TETRA 2883 2897 2885 2896 
TETRA 3009 3011 3010 3012 
TETRA 2985 2989 2987 2986 
TETRA 2858 2860 2853 2859 
TETRA 3089 3087 2787 3090 
TETRA 2740 2768 2739 2738 
TETRA 3132 2313 2311 2315 
TETRA 2727 2730 2729 2736 
TETRA 2931 2934 2933 2935 
TETRA 2539 2540 2533 2529 
TETRA 2858 2854 2851 2853 
TETRA 3098 3099 3039 3040 
TETRA 2463 2466 2462 2465 
TETRA 2690 2693 2698 2694 
TETRA 2988 2987 2976 2927 
TETRA 2944 2947 2945 2936 
TETRA 2922 2929 2924 2930 
TETRA 2886 2876 2875 2878 
TETRA 2400 2377 2378 2403 
TETRA 2985 2914 2991 2926 
TETRA 2858 2857 2853 2860 
TETRA 3106 3119 2664 3111 
TETRA 2483 2486 2484 2574 
TETRA 2777 2616 2620 2619 
TETRA 2692 2698 2693 2675 
TETRA 2957 2959 2958 2960 
TETRA 2690 2696 2692 2689 
TETRA 2641 2634 2635 2632 
TETRA 2315 3131 2316 2311 
TETRA 2397 2395 2396 2385 
TETRA 2851 2849 2852 2854 
TETRA 2662 2657 2658 3122 
TETRA 3059 3095 3049 3063 
TETRA 2975 2977 2974 2976 
TETRA 2955 2948 2953 2950 
TETRA 2923 2929 2928 2924 
TETRA 3033 3020 3019 3032 
TETRA 2750 2749 2746 2752 
TETRA 2941 2943 2938 2942 
TETRA 3083 3070 3060 3071 
TETRA 2618 2622 2615 2617 
TETRA 2338 2339 2341 2340 
TETRA 2973 2971 2968 2999 
TETRA 3095 3047 3096 3048 
TETRA 2400 2383 2380 2384 
TETRA 2484 2486 2482 2485 
TETRA 2546 2545 2549 2491 
TETRA 3025 3032 3031 3029 
TETRA 2553 2551 2552 2549 
TETRA 2406 2407 2376 2405 
TETRA 2982 2927 2984 2983 
TETRA 2851 2854 2852 2853 
TETRA 3030 3036 3037 3038 
TETRA 3097 3048 3095 3096 
TETRA 2967 2966 2963 2961 
TETRA 2521 2525 2542 2496 
TETRA 3026 3021 3028 3027 
TETRA 2490 2544 2541 2492 
TETRA 2858 2853 2851 2859 
TETRA 2483 2482 2484 2486 
TETRA 2325 2336 2337 2324 
TETRA 3003 3005 3001 3004 
TETRA 2851 2849 2686 2850 
TETRA 2997 2980 2968 2996 
TETRA 2463 2465 2462 2464 
TETRA 2957 2953 2956 2958 
TETRA 2316 3130 2340 3131 
TETRA 2462 2461 2459 2582 
TETRA 2690 2696 2694 2697 
TETRA 2479 2489 2480 2478 
TETRA 2490 2491 2489 2478 
TETRA 2608 2371 3127 3126 
TETRA 2851 2850 3104 2853 
TETRA 2923 2925 2920 2924 
TETRA 2807 2811 2806 3081 
TETRA 2795 2794 2800 2797 
TETRA 3030 3027 3028 3036 
TETRA 2331 2332 2325 2336 
TETRA 2664 3119 2665 3111 
TETRA 2316 2317 3131 2340 
TETRA 2587 2588 2584 2585 
TETRA 2551 2564 2537 2536 
TETRA 2851 2850 2852 2849 
TETRA 2338 2336 2342 2339 
TETRA 2298 2302 2303 2304 
TETRA 2615 2617 3125 3126 
TETRA 2545 2491 2492 2544 
TETRA 2584 2586 2585 2583 
TETRA 2502 2504 2521 2505 
TETRA 2543 2501 2504 2521 
TETRA 2651 2652 2670 2642 
TETRA 2923 2924 2928 2925 
TETRA 2662 2663 2656 2657 
TETRA 3109 3114 3130 2340 
TETRA 2307 2309 2306 2308 
TETRA 2323 2312 2321 2319 
TETRA 2839 2842 2843 2838 
TETRA 3009 3018 3019 3020 
TETRA 2799 3072 3073 3082 
TETRA 3083 2796 3071 2792 
TETRA 3044 3047 3049 3048 
TETRA 2320 2304 2310 2312 
TETRA 2376 2403 2405 2366 
TETRA 2503 2502 2500 2438 
TETRA 2524 2521 2525 2542 
TETRA 2335 2342 2343 2336 
TETRA 2923 2922 2929 2924 
TETRA 2933 2972 2932 2930 
TETRA 3013 3012 2946 3011 
TETRA 2305 2310 2320 2304 
TETRA 2656 2637 2658 2657 
TETRA 2911 2884 2900 2919 
TETRA 3088 3087 3089 3090 
TETRA 2458 2461 2462 2581 
TETRA 3117 3111 3112 3116 
TETRA 2651 2672 2650 2648 
TETRA 3132 3131 3133 2315 
TETRA 2529 2531 2528 2530 
TETRA 2647 2644 2782 2784 
TETRA 3102 2860 2862 2864 
TETRA 2839 2841 2840 2877 
TETRA 3125 3124 3122 2622 
TETRA 3059 3063 3064 3095 
TETRA 2535 2539 2540 2533 
TETRA 2863 2864 2862 2860 
TETRA 2781 2719 2780 2720 
TETRA 2609 2611 2610 2612 
TETRA 2999 2968 2975 2998 
TETRA 2618 2622 2617 3122 
TETRA 2844 2846 2845 2856 
TETRA 2434 2433 2391 2393 
TETRA 2819 2823 2822 2821 
TETRA 2543 2521 2542 2501 
TETRA 2728 2736 2742 2743 
TETRA 2843 2857 2844 2856 
TETRA 3088 3090 3086 3087 
TETRA 2923 2924 2920 2922 
TETRA 2430 2398 2429 2395 
TETRA 2933 2934 2932 2950 
TETRA 3033 3031 3032 3034 
TETRA 2423 2418 2419 2420 
TETRA 2858 2859 2863 2860 
TETRA 2726 2628 2729 2730 
TETRA 3013 3017 3016 3014 
TETRA 2985 2991 2989 2986 
TETRA 2434 2435 2432 2393 
TETRA 3128 2359 2357 2360 
TETRA 2606 2609 2608 2607 
TETRA 2745 2748 2747 2749 
TETRA 2802 2742 2756 2757 
TETRA 2646 2645 2641 2642 
TETRA 2543 2521 2504 2522 
TETRA 2731 2730 2779 2628 
TETRA 2867 2864 3101 2866 
TETRA 3128 3126 3127 2357 
TETRA 3077 3079 2940 2939 
TETRA 2338 2341 2342 2343 
TETRA 2699 2694 2696 2697 
TETRA 2659 2656 2655 2658 
TETRA 2766 2767 2761 2765 
TETRA 2580 2462 2582 2581 
TETRA 2503 2507 2436 2435 
TETRA 2955 2947 3011 2948 
TETRA 3097 3095 3094 3096 
TETRA 2887 2874 2889 2888 
TETRA 2616 2613 2615 2776 
TETRA 2422 2411 2414 2413 
TETRA 2702 2699 2701 2700 
TETRA 2325 2324 2337 2318 
TETRA 2451 2299 2322 2452 
TETRA 2852 2857 2853 2854 
TETRA 2923 2922 2920 2921 
TETRA 2745 2747 2746 2749 
TETRA 2445 2471 2470 2464 
TETRA 2298 2299 2300 2301 
TETRA 3080 3010 3007 2955 
TETRA 2769 2734 2735 2768 
TETRA 2553 2549 2548 2550 
TETRA 2551 2595 2564 2594 
TETRA 2858 2860 2861 2857 
TETRA 2690 2694 2691 2693 
TETRA 3099 3047 3040 3048 
TETRA 2737 2759 2741 2758 
TETRA 2500 2501 2494 2497 
TETRA 2687 2683 2848 2689 
TETRA 3055 3073 3056 3072 
TETRA 2602 2367 2374 2375 
TETRA 2470 2469 2464 2471 
TETRA 2618 2624 2620 2621 
TETRA 2921 2922 2920 2919 
TETRA 3033 3009 3019 3020 
TETRA 2305 2299 2302 2322 
TETRA 2535 2534 2538 2533 
TETRA 2865 2866 2862 2864 
TETRA 2750 2753 2749 2752 
TETRA 3109 3112 3106 3111 
TETRA 2837 2840 2879 2835 
TETRA 2967 2968 2966 2961 
TETRA 2702 2700 2704 2703 
TETRA 2887 2888 2895 2896 
TETRA 2839 2873 2877 2840 
TETRA 2781 2780 2719 2782 
TETRA 3065 3068 3069 3061 
TETRA 2786 2693 2675 2676 
TETRA 2890 2892 2872 2871 
TETRA 2672 2649 2650 2648 
TETRA 2323 2327 2328 2329 
TETRA 2382 2334 2387 2381 
TETRA 2498 2497 2477 2475 
TETRA 2433 2394 2386 2391 
TETRA 2298 2301 2302 2299 
TETRA 2858 2860 2863 2862 
TETRA 2876 2874 2887 2875 
TETRA 2882 2883 2886 2885 
TETRA 2691 2679 2692 2675 
TETRA 2500 2497 2502 2501 
TETRA 2646 2645 2647 2644 
TETRA 2473 2474 2442 2472 
TETRA 2811 2939 2940 3081 
TETRA 2473 2475 2442 2474 
TETRA 2869 2866 2868 2867 
TETRA 2762 2759 2760 2761 
TETRA 2795 2802 2800 2794 
TETRA 2972 2951 2971 2999 
TETRA 2660 2661 2667 2668 
TETRA 2931 2935 2834 2934 
TETRA 2653 2655 2636 2654 
TETRA 2535 2536 2534 2530 
TETRA 3102 2844 2861 2857 
TETRA 2786 2783 2647 2648 
TETRA 2455 2299 2451 2452 
TETRA 2960 2961 2965 3000 
TETRA 2887 2896 2883 2888 
TETRA 2771 2772 2770 2734 
TETRA 3008 3019 3009 3006 
TETRA 2379 2364 2349 2348 
TETRA 2659 2656 2653 2655 
TETRA 2506 2521 2504 2505 
TETRA 2314 2312 2318 2319 
TETRA 2928 2924 2932 2971 
TETRA 3093 3064 3094 3095 
TETRA 2915 2919 2914 2921 
TETRA 3106 2666 2664 2661 
TETRA 2585 2301 2588 2300 
TETRA 2337 2318 2324 2319 
TETRA 3033 3035 3034 3008 
TETRA 2699 2696 2694 2689 
TETRA 2662 2661 2656 2663 
TETRA 2858 2860 2862 2861 
TETRA 2763 2788 2789 2790 
TETRA 2690 2693 2691 2692 
TETRA 2500 2438 2502 2497 
TETRA 2946 2947 3011 3012 
TETRA 2852 2856 2855 2847 
TETRA 2980 2981 2974 2979 
TETRA 3132 2311 2310 2309 
TETRA 2690 2689 2688 2695 
TETRA 2869 2868 2871 2867 
TETRA 2800 2801 2755 2802 
TETRA 2923 2925 2928 2927 
TETRA 2984 2927 2981 2983 
TETRA 3003 3004 3006 3005 
TETRA 2449 2328 2448 2329 
TETRA 2553 2562 2560 2563 
TETRA 2587 2588 2589 2591 
TETRA 2464 2482 2481 2469 
TETRA 2954 2950 2951 2971 
TETRA 2656 2655 2658 2637 
TETRA 2781 2644 2643 2634 
TETRA 3084 3068 3069 3085 
TETRA 2907 2908 2906 2905 
TETRA 2503 2504 2502 2505 
TETRA 2462 2466 2581 2579 
TETRA 2887 2889 2895 2888 
TETRA 2944 2946 2945 2947 
TETRA 2985 2993 2990 2992 
TETRA 2957 2956 2953 2954 
TETRA 2625 2631 2638 2624 
TETRA 2365 2348 2364 2377 
TETRA 2728 2743 2742 2756 
TETRA 2449 2328 2321 2322 
TETRA 2678 2675 2677 2674 
TETRA 2779 2731 2628 2778 
TETRA 3088 3087 3085 2788 
TETRA 2802 2793 2758 2757 
TETRA 2323 2325 2324 2326 
TETRA 3003 3001 2958 3004 
TETRA 2368 2367 2363 2364 
TETRA 2907 2911 2912 2900 
TETRA 2826 2818 2817 2815 
TETRA 2907 2908 2918 2917 
TETRA 2726 2730 2731 2628 
TETRA 3091 3094 3093 3064 
TETRA 3044 3040 3042 3041 
TETRA 2975 2974 2973 2976 
TETRA 3106 3107 2667 2668 
TETRA 2335 2332 2336 2343 
TETRA 2944 2934 2948 2947 
TETRA 2366 2367 2375 2374 
TETRA 3009 3007 3010 3011 
TETRA 2449 2451 2322 2452 
TETRA 2883 2896 2885 2919 
TETRA 2368 2370 2363 2369 
TETRA 2459 2461 2584 2583 
TETRA 2873 2877 3103 2842 
TETRA 2646 2642 2641 2652 
TETRA 2907 2906 2911 2900 
TETRA 2938 2812 2810 2816 
TETRA 2907 2905 2906 2900 
TETRA 2445 2446 2471 2472 
TETRA 3109 3110 3106 3108 
TETRA 2523 2524 2522 2521 
TETRA 2449 2322 2321 2452 
TETRA 2913 2915 2920 2919 
TETRA 2368 2371 2361 2370 
TETRA 2997 2968 2998 2996 
TETRA 3009 3006 3007 3008 
TETRA 2320 2319 2321 2312 
TETRA 2895 2889 2894 2888 
TETRA 2775 2776 2612 2613 
TETRA 3098 3096 3099 3048 
TETRA 2439 2392 2441 2499 
TETRA 2938 2939 2811 2812 
TETRA 2298 2307 2303 2592 
TETRA 2511 2508 2510 2431 
TETRA 2308 2311 2309 2310 
TETRA 3044 3046 3049 3047 
TETRA 2298 2303 2302 2301 
TETRA 2875 2888 2872 2874 
TETRA 2330 2326 2388 2329 
TETRA 2618 2619 2621 2620 
TETRA 2923 2915 2925 2927 
TETRA 2913 2884 2911 2919 
TETRA 2378 2365 2403 2377 
TETRA 2368 2372 2370 2369 
TETRA 2363 2367 2366 2364 
TETRA 2904 2900 2906 2905 
TETRA 2733 2730 2628 2779 
TETRA 2869 2871 2890 2872 
TETRA 2880 2840 2835 2879 
TETRA 2949 2935 2933 2934 
TETRA 2639 2637 2657 2638 
TETRA 2546 2549 2545 2548 
TETRA 2503 2438 2500 2437 
TETRA 2745 2716 2715 2746 
TETRA 2302 2322 2299 2452 
TETRA 2964 2960 2963 2961 
TETRA 2923 2926 2915 2927 
TETRA 2913 2919 2920 2884 
TETRA 2481 2469 2485 2487 
TETRA 2368 2370 2361 2363 
TETRA 2379 2348 2377 2364 
TETRA 2569 2547 2563 2567 
TETRA 2932 2950 2971 2951 
TETRA 2368 2373 2367 2364 
TETRA 2726 2724 2629 2732 
TETRA 2920 2884 2919 2881 
TETRA 3044 3041 3043 3046 
TETRA 3059 3062 3064 3063 
TETRA 2439 2437 2392 2499 
TETRA 2314 2311 2317 2318 
TETRA 2346 2345 2380 2381 
TETRA 3123 3122 2623 2637 
TETRA 2546 2489 2480 2488 
TETRA 2479 2480 2489 2488 
TETRA 2777 2620 2626 2619 
TETRA 2417 2418 2397 2421 
TETRA 2977 2976 2982 2927 
TETRA 2913 2919 2911 2914 
TETRA 2659 2660 2669 2661 
TETRA 2368 2363 2367 2369 
TETRA 2338 2343 2342 2336 
TETRA 2535 2596 2539 2597 
TETRA 2957 2954 2959 2961 
TETRA 2355 2353 2354 2352 
TETRA 2407 2375 2600 2376 
TETRA 3123 3122 3121 3124 
TETRA 2904 2905 2903 2900 
TETRA 2493 2497 2494 2496 
TETRA 2791 2758 2793 2757 
TETRA 3050 3052 3049 3051 
TETRA 2535 2551 2537 2536 
TETRA 2614 2613 2610 2611 
TETRA 2323 2324 2318 2319 
TETRA 2330 2333 2388 2326 
TETRA 2625 2630 2631 2624 
TETRA 2913 2912 2911 2884 
TETRA 2618 2619 2615 2622 
TETRA 3104 2850 2686 2685 
TETRA 2985 2984 2991 2986 
TETRA 2399 2415 2416 2404 
TETRA 2507 2509 2518 2505 
TETRA 3059 3062 3063 3051 
TETRA 2417 2418 2419 2398 
TETRA 2363 2364 2365 2348 
TETRA 2907 2909 2906 2908 
TETRA 2735 2730 2729 2734 
TETRA 3059 3058 3052 3060 
TETRA 2887 2883 2875 2888 
TETRA 2498 2474 2499 2475 
TETRA 3130 2315 3133 3131 
TETRA 2553 2560 2558 2559 
TETRA 2400 2402 2377 2403 
TETRA 2379 2348 2378 2377 
TETRA 3055 3075 3053 3054 
TETRA 2507 2510 2508 2431 
TETRA 2723 2720 2724 2722 
TETRA 2449 2448 2328 2322 
TETRA 2869 2893 2890 2871 
TETRA 2687 2689 2688 2683 
TETRA 2335 2344 2332 2343 
TETRA 2383 2395 2394 2385 
TETRA 2780 2784 2782 2644 
TETRA 3006 3004 3008 3005 
TETRA 3106 2667 2666 2661 
TETRA 3057 3071 3056 3052 
TETRA 2327 2331 2330 2326 
TETRA 2907 2906 2910 2911 
TETRA 2690 2679 2688 2689 
TETRA 2903 2902 2900 2901 
TETRA 3059 3061 3064 3062 
TETRA 2442 2475 2499 2474 
TETRA 2904 2898 2902 3100 
TETRA 2653 2652 2636 2642 
TETRA 2967 2963 2970 2962 
TETRA 3091 3063 3064 3062 
TETRA 2436 2508 2507 2505 
TETRA 2763 2764 2791 2789 
TETRA 2447 2456 2470 2451 
TETRA 2737 2729 2741 2738 
TETRA 2923 2915 2926 2921 
TETRA 2907 2918 2903 2912 
TETRA 2819 2815 2825 2821 
TETRA 2839 2877 2873 2842 
TETRA 2481 2482 2486 2485 
TETRA 2672 2648 2674 2673 
TETRA 2969 2970 2997 2968 
TETRA 3083 2796 3070 3071 
TETRA 2541 2492 2544 2536 
TETRA 2662 2658 2664 2665 
TETRA 2994 2916 2907 2993 
TETRA 2870 2869 2871 2867 
TETRA 2631 2637 2638 2624 
TETRA 2498 2475 2438 2497 
TETRA 3055 3072 3053 3075 
TETRA 2368 2364 2363 2349 
TETRA 2375 2376 2407 2405 
TETRA 2832 2827 2829 2817 
TETRA 2551 2554 2552 2593 
TETRA 3037 3038 3040 3039 
TETRA 3075 3079 3074 3082 
TETRA 2517 2505 2509 2508 
TETRA 2780 2719 2782 2784 
TETRA 2654 2670 2671 2652 
TETRA 2777 2775 2776 2774 
TETRA 2923 2920 2925 2915 
TETRA 2959 2961 2954 2962 
TETRA 2903 2900 2912 2901 
TETRA 2827 2838 2828 2845 
TETRA 2406 2408 2409 2412 
TETRA 3117 2353 3116 3112 
TETRA 2535 2597 2539 2538 
TETRA 2977 2927 2982 2983 
TETRA 2631 2640 2635 2632 
TETRA 2750 2745 2749 2748 
TETRA 2793 2790 2763 2791 
TETRA 2630 2634 2633 2632 
TETRA 2944 2936 2935 2934 
TETRA 2406 2407 2409 2408 
TETRA 2941 3077 2940 2939 
TETRA 3117 2355 2359 3116 
TETRA 2351 3116 2342 2352 
TETRA 2931 2935 2933 2930 
TETRA 2967 2961 2963 2962 
TETRA 2327 2450 2328 2329 
TETRA 2457 2455 2467 2456 
TETRA 2907 2918 2913 2917 
TETRA 2827 2828 2825 2845 
TETRA 2870 3101 3103 2866 
TETRA 2389 2391 2388 2386 
TETRA 2417 2420 2418 2421 
TETRA 2631 2624 2636 2637 
TETRA 2781 2720 2780 2724 
TETRA 2882 2879 2880 2881 
TETRA 2907 2903 2900 2912 
TETRA 2834 2934 2935 2936 
TETRA 2502 2521 2504 2501 
TETRA 2434 2391 2392 2393 
TETRA 2941 2943 2945 2937 
TETRA 3109 3108 3106 3107 
TETRA 2873 2870 2872 2871 
TETRA 2659 2669 2660 2670 
TETRA 3083 2790 3085 3070 
TETRA 2923 2921 2920 2915 
TETRA 2907 2912 2913 2918 
TETRA 2750 2752 2751 2808 
TETRA 2659 2658 2655 2654 
TETRA 3065 3061 3066 3067 
TETRA 2760 2791 2763 2764 
TETRA 2819 2815 2820 2814 
TETRA 2786 2648 2647 2649 
TETRA 2904 2903 2902 2900 
TETRA 3017 3014 3018 3022 
TETRA 2494 2501 2495 2496 
TETRA 2576 2577 2483 2482 
TETRA 2826 2819 2825 2824 
TETRA 2945 2936 2937 2943 
TETRA 3003 2958 3007 3004 
TETRA 2735 2736 2729 2730 
TETRA 2789 2790 2791 2763 
TETRA 2691 2692 2693 2675 
TETRA 2800 2801 2803 2755 
TETRA 2805 2804 2799 3082 
TETRA 2512 2511 2427 2508 
TETRA 2826 2824 2825 2828 
TETRA 2567 2571 2575 2566 
TETRA 2785 2710 2697 2718 
TETRA 2737 2735 2736 2729 
TETRA 2832 2830 2829 2835 
TETRA 2727 2743 2725 2744 
TETRA 2502 2501 2497 2496 
TETRA 2435 2431 2434 2432 
TETRA 2358 2359 2362 2360 
TETRA 2540 2493 2495 2496 
TETRA 2737 2728 2741 2729 
TETRA 2941 3077 3014 2942 
TETRA 2443 2445 2446 2447 
TETRA 2780 2634 2724 2722 
TETRA 2832 2835 2836 2834 
TETRA 2614 3126 3127 2617 
TETRA 2826 2815 2819 2818 
TETRA 2436 2507 2508 2431 
TETRA 2430 2428 2512 2427 
TETRA 2801 2754 2753 2755 
TETRA 2576 2575 2578 2486 
TETRA 2785 2697 2698 2784 
TETRA 2824 2845 2825 2828 
TETRA 2659 2654 2653 2670 
TETRA 3044 3042 3043 3041 
TETRA 2974 2925 2976 2927 
TETRA 2759 2741 2740 2737 
TETRA 2907 2911 2910 2914 
TETRA 2686 2687 2848 2849 
TETRA 2494 2497 2501 2496 
TETRA 2777 2613 2616 2776 
TETRA 2368 2369 2367 2373 
TETRA 2535 2540 2539 2541 
TETRA 2700 2701 2848 2689 
TETRA 2692 2783 2785 2698 
TETRA 2941 2942 3014 2945 
TETRA 2928 2974 2927 2925 
TETRA 2692 2675 2783 2698 
TETRA 2358 2357 2359 2360 
TETRA 2795 2800 2801 2799 
TETRA 3002 2956 3003 2958 
TETRA 3059 3062 3058 3061 
TETRA 2843 2856 2854 2857 
TETRA 2712 2823 2708 2821 
TETRA 2389 2387 2394 2386 
TETRA 2785 2718 2697 2784 
TETRA 2442 2474 2444 2472 
TETRA 2873 2875 2874 2876 
TETRA 2740 2739 2768 2767 
TETRA 2493 2495 2494 2492 
TETRA 2625 2626 2620 2619 
TETRA 2762 2764 2760 2763 
TETRA 2727 2731 2726 2730 
TETRA 2358 2354 2362 2352 
TETRA 2931 2836 2834 2935 
TETRA 3055 3076 3075 3054 
TETRA 2795 2792 2793 2794 
TETRA 3084 3087 3086 3068 
TETRA 2535 2541 2544 2536 
TETRA 3099 3096 3047 3048 
TETRA 2760 2759 2740 2761 
TETRA 2358 2357 2360 2361 
TETRA 2646 2645 2651 2648 
TETRA 2503 2436 2502 2438 
TETRA 2512 2427 2419 2426 
TETRA 2705 2821 2707 2708 
TETRA 2382 2387 2383 2381 
TETRA 2714 2711 2709 2710 
TETRA 2633 2732 2724 2722 
TETRA 2405 2403 2376 2404 
TETRA 2826 2827 2828 2825 
TETRA 2750 2745 2746 2749 
TETRA 2762 2766 2759 2761 
TETRA 2907 2994 2993 2909 
TETRA 2691 2677 2679 2675 
TETRA 2831 2833 2816 2937 
TETRA 2955 3011 3007 2953 
TETRA 2687 2689 2848 2701 
TETRA 2873 2870 3103 2877 
TETRA 2389 2391 2392 2390 
TETRA 2737 2738 2740 2739 
TETRA 2882 2880 2878 2883 
TETRA 3077 3074 3079 2939 
TETRA 2606 2369 2372 2605 
TETRA 2955 3011 2953 2948 
TETRA 2762 2761 2760 2764 
TETRA 3014 2946 2945 2942 
TETRA 2769 2770 2735 2734 
TETRA 2358 2352 2355 2354 
TETRA 2646 2651 2652 2650 
TETRA 2500 2498 2499 2438 
TETRA 2985 2910 2991 2914 
TETRA 2516 2514 2515 2508 
TETRA 2805 2800 3073 2799 
TETRA 2481 2485 2486 2487 
TETRA 2873 3101 2870 2871 
TETRA 2823 2821 2712 2822 
TETRA 3105 2820 2751 2808 
TETRA 2988 2925 2915 2927 
TETRA 2813 2817 2815 2816 
TETRA 2802 2756 2742 2754 
TETRA 2705 2847 2707 2846 
TETRA 2540 2536 2495 2541 
TETRA 2931 2880 2836 2922 
TETRA 2389 2386 2394 2391 
TETRA 3077 3015 2940 3079 
TETRA 2805 3081 3082 2939 
TETRA 2641 2642 2640 2636 
TETRA 3099 3038 3039 3040 
TETRA 3109 3113 3114 2340 
TETRA 2875 2880 2883 2878 
TETRA 3053 3072 3056 2798 
TETRA 2503 2436 2438 2437 
TETRA 2512 2513 2427 2426 
TETRA 2803 2755 2753 2749 
TETRA 2630 2632 2633 2629 
TETRA 2901 2902 2900 2898 
TETRA 2873 2874 2870 2876 
TETRA 2769 2739 2767 2768 
TETRA 2807 2806 2811 2808 
TETRA 2975 2973 2974 2968 
TETRA 2851 2853 2852 2850 
TETRA 2781 2782 2643 2644 
TETRA 2686 2848 2687 2683 
TETRA 2786 2673 2675 2648 
TETRA 3074 3082 3079 2939 
TETRA 2440 2392 2390 2441 
TETRA 2630 2633 2627 2629 
TETRA 3077 3075 3079 3074 
TETRA 2717 2722 2780 2720 
TETRA 2796 3071 2792 2797 
TETRA 2633 2634 2724 2632 
TETRA 3013 3014 2946 3012 
TETRA 2880 2881 2879 2836 
TETRA 2363 2362 2361 2349 
TETRA 3007 3008 3006 3004 
TETRA 2520 2521 2506 2505 
TETRA 3007 2956 2958 3003 
TETRA 3088 3085 3083 2790 
TETRA 2819 2822 2814 2820 
TETRA 2397 2395 2429 2398 
TETRA 2904 2899 2898 3100 
TETRA 2351 3116 2353 3112 
TETRA 2957 2961 2960 3000 
TETRA 2852 2855 2854 2849 
TETRA 2779 2775 2774 2773 
TETRA 3105 2822 2820 2814 
TETRA 2540 2495 2493 2541 
TETRA 2553 2555 2556 2561 
TETRA 2430 2432 2429 2431 
TETRA 2714 2718 2710 2719 
TETRA 2409 2412 2413 2411 
TETRA 3077 3022 3014 3016 
TETRA 2614 3126 2608 3127 
TETRA 3058 3070 3057 3060 
TETRA 3117 2359 3119 3111 
TETRA 2985 2991 2984 2926 
TETRA 2747 2756 2749 2754 
TETRA 2355 2354 2356 2357 
TETRA 2696 2710 2703 2697 
TETRA 2503 2436 2507 2505 
TETRA 2973 2974 2968 2971 
TETRA 2500 2438 2499 2437 
TETRA 2820 2821 2822 2712 
TETRA 2445 2472 2442 2444 
TETRA 2900 2901 2898 2896 
TETRA 2338 2339 2317 2337 
TETRA 2409 2414 2410 2411 
TETRA 3083 2792 2789 2790 
TETRA 2832 2833 2817 2831 
TETRA 2700 2706 2847 2848 
TETRA 2540 2495 2525 2496 
TETRA 2747 2754 2749 2748 
TETRA 2389 2390 2388 2391 
TETRA 2781 2634 2643 2632 
TETRA 2577 2578 2579 2482 
TETRA 2331 2332 2335 2334 
TETRA 3077 3079 3075 3015 
TETRA 2587 2585 2589 2588 
TETRA 3091 3064 3065 3062 
TETRA 3078 3021 3024 3027 
TETRA 2833 2834 2935 2936 
TETRA 2973 2925 2928 2924 
TETRA 2417 2421 2397 2416 
TETRA 2430 2427 2511 2431 
TETRA 2810 2820 2809 2808 
TETRA 2646 2651 2650 2648 
TETRA 2900 2885 2912 2901 
TETRA 2306 2308 2310 2304 
TETRA 2311 2312 2313 2310 
TETRA 2314 2312 2311 2318 
TETRA 2360 2370 2363 2361 
TETRA 2587 2591 2589 2590 
TETRA 2389 2391 2394 2393 
TETRA 2870 2871 2869 2872 
TETRA 3128 2357 3125 3126 
TETRA 2883 2884 2881 2919 
TETRA 2700 2706 2705 2847 
TETRA 3118 3121 3120 3124 
TETRA 2532 2533 2534 2530 
TETRA 2389 2390 2330 2388 
TETRA 2781 2632 2724 2634 
TETRA 2681 2678 2679 2680 
TETRA 2826 2825 2819 2815 
TETRA 3077 3015 3075 3016 
TETRA 2320 2322 2305 2321 
TETRA 3118 3120 2356 3124 
TETRA 2855 2845 2846 2856 
TETRA 2873 2875 2872 2874 
TETRA 2355 2356 2354 2353 
TETRA 2625 2620 2630 2624 
TETRA 2985 2988 2916 2915 
TETRA 2959 2962 2963 2961 
TETRA 2810 2815 2814 2820 
TETRA 2405 2366 2375 2376 
TETRA 2465 2483 2577 2482 
TETRA 2316 2337 2317 3129 
TETRA 2397 2396 2399 2384 
TETRA 2975 2978 2974 2977 
TETRA 3013 2946 3014 3015 
TETRA 2700 2701 2706 2848 
TETRA 2540 2495 2530 2525 
TETRA 2498 2477 2476 2475 
TETRA 2633 2627 2629 2732 
TETRA 3078 3022 3076 3023 
TETRA 2493 2495 2492 2541 
TETRA 2305 2320 2321 2304 
TETRA 2440 2392 2439 2391 
TETRA 2356 2357 3125 3120 
TETRA 2837 2835 2879 2836 
TETRA 2503 2507 2506 2505 
TETRA 2503 2505 2502 2436 
TETRA 2810 2820 2814 2809 
TETRA 2600 2375 2603 2601 
TETRA 2615 3125 2617 2622 
TETRA 2313 2319 2320 2312 
TETRA 2915 2914 2926 2921 
TETRA 2705 2706 2707 2847 
TETRA 2618 2621 2623 2624 
TETRA 3050 3045 3054 3046 
TETRA 2770 2733 2730 2734 
TETRA 2873 3103 2870 3101 
TETRA 3013 3012 3009 3018 
TETRA 2553 2556 2558 2561 
TETRA 2335 2347 2343 2342 
TETRA 2314 2319 2313 2312 
TETRA 2314 2318 2317 2337 
TETRA 2760 2757 2741 2758 
TETRA 2350 2353 2351 2352 
TETRA 2500 2497 2498 2438 
TETRA 2803 2749 2753 2752 
TETRA 2419 2427 2418 2426 
TETRA 2546 2491 2489 2545 
TETRA 2382 2345 2333 2334 
TETRA 3089 2788 2787 3087 
TETRA 2800 2802 2755 2794 
TETRA 2890 2891 2872 2892 
TETRA 3109 3113 2341 3112 
TETRA 2684 2683 2688 2681 
TETRA 2839 2838 2841 2842 
TETRA 3118 2665 2359 3120 
TETRA 3128 2360 2357 3127 
TETRA 2430 2431 2429 2427 
TETRA 3028 3042 3037 3036 
TETRA 2382 2384 2380 2383 
TETRA 2800 3073 2799 2797 
TETRA 3102 2861 2862 2860 
TETRA 2371 2360 3127 2357 
TETRA 2314 2316 2311 2315 
TETRA 3077 2942 2940 3015 
TETRA 3006 3008 3019 3034 
TETRA 2354 2353 2350 2352 
TETRA 2777 2626 2776 2619 
TETRA 2430 2510 2432 2431 
TETRA 2750 2808 2806 2752 
TETRA 2479 2481 2480 2487 
TETRA 2383 2394 2386 2385 
TETRA 2760 2763 2791 2758 
TETRA 2341 3113 3115 3112 
TETRA 2406 2404 2410 2405 
TETRA 2614 2611 2608 3126 
TETRA 2535 2536 2540 2541 
TETRA 2468 2483 2465 2482 
TETRA 2653 2670 2654 2652 
TETRA 2434 2432 2433 2393 
TETRA 2481 2482 2485 2469 
TETRA 2728 2747 2725 2743 
TETRA 3102 2861 2860 2857 
TETRA 2347 2348 2346 2344 
TETRA 3089 2764 2787 2788 
TETRA 2665 3120 3121 3122 
TETRA 2938 2811 2810 2812 
TETRA 2932 2924 2929 2930 
TETRA 2503 2506 2504 2505 
TETRA 2507 2435 2510 2431 
TETRA 2750 2806 2753 2752 
TETRA 2440 2450 2390 2329 
TETRA 2382 2383 2380 2381 
TETRA 3009 3019 3018 3012 
TETRA 2396 2395 2383 2385 
TETRA 3017 3022 3023 3016 
TETRA 2643 2782 2645 2644 
TETRA 2630 2632 2631 2635 
TETRA 2839 2842 2841 2877 
TETRA 2686 2850 2683 2685 
TETRA 2540 2533 2529 2530 
TETRA 2473 2471 2479 2472 
TETRA 2651 2650 2671 2652 
TETRA 2298 2306 2305 2304 
TETRA 2419 2398 2418 2428 
TETRA 2813 2810 2812 2816 
TETRA 2726 2723 2725 2724 
TETRA 2503 2501 2502 2504 
TETRA 2430 2431 2511 2510 
TETRA 2801 2803 2753 2804 
TETRA 2327 2329 2330 2390 
TETRA 2473 2479 2478 2476 
TETRA 2592 2300 2588 2301 
TETRA 3102 2861 2844 2842 
TETRA 3089 2788 2789 2764 
TETRA 2985 2988 2987 2989 
TETRA 2354 2362 2350 2361 
TETRA 2839 2828 2845 2844 
TETRA 3127 2370 2360 2371 
TETRA 3028 3027 3042 3036 
TETRA 2687 2849 2706 2848 
TETRA 3128 3122 3125 3120 
TETRA 2985 2988 2989 2990 
TETRA 2625 2626 2627 2620 
TETRA 2473 2442 2445 2472 
TETRA 3118 2359 2356 3120 
TETRA 2703 2710 2711 2718 
TETRA 2801 2753 2803 2755 
TETRA 2330 2329 2388 2390 
TETRA 2706 2847 2855 2707 
TETRA 2479 2476 2489 2478 
TETRA 2417 2419 2418 2420 
TETRA 2985 2993 2992 2910 
TETRA 2839 2842 2873 3101 
TETRA 2786 2648 2649 2673 
TETRA 3026 3029 3030 3028 
TETRA 2535 2534 2537 2538 
TETRA 3050 3046 3054 3051 
TETRA 2473 2478 2479 2480 
TETRA 2571 2486 2575 2574 
TETRA 2341 2351 2342 2343 
TETRA 2376 2377 2402 2403 
TETRA 2355 2357 2356 2359 
TETRA 2714 2711 2710 2718 
TETRA 2978 2977 2981 2974 
TETRA 2553 2558 2560 2561 
TETRA 2803 2753 2806 2752 
TETRA 2473 2476 2475 2474 
TETRA 2389 2386 2388 2387 
TETRA 2714 2711 2717 2715 
TETRA 2932 2924 2972 2971 
TETRA 2535 2539 2533 2538 
TETRA 3042 3043 3036 3027 
TETRA 2643 2642 2641 2645 
TETRA 2553 2557 2564 2550 
TETRA 2498 2475 2476 2474 
TETRA 2631 2635 2640 2636 
TETRA 2975 2973 2968 2999 
TETRA 2805 2804 2800 2799 
TETRA 2700 2696 2704 2703 
TETRA 2803 2804 2806 2753 
TETRA 2433 2394 2395 2385 
TETRA 2775 2612 2774 2773 
TETRA 2422 2420 2414 2421 
TETRA 2690 2692 2691 2679 
TETRA 2459 2585 2460 2453 
TETRA 3055 3045 3076 3054 
TETRA 2741 2742 2758 2757 
TETRA 2400 2380 2383 2381 
TETRA 2887 2886 2875 2883 
TETRA 3105 2752 2809 2808 
TETRA 2985 2984 2927 2926 
TETRA 2699 2697 2696 2703 
TETRA 2589 2591 2588 2301 
TETRA 2406 2405 2376 2404 
TETRA 2690 2697 2692 2696 
TETRA 2938 2812 2816 2937 
TETRA 2795 2797 2792 2794 
TETRA 2880 2879 2878 2840 
TETRA 2805 2806 2804 3081 
TETRA 3115 2339 3113 2341 
TETRA 2535 2533 2540 2530 
TETRA 2855 2707 2846 2845 
TETRA 3050 3046 3044 3045 
TETRA 2941 2942 2945 2943 
TETRA 2602 2374 2367 2373 
TETRA 3109 3114 3113 3111 
TETRA 2745 2721 2715 2716 
TETRA 2616 2615 2619 2776 
TETRA 2745 2715 2751 2746 
TETRA 2699 2696 2700 2703 
TETRA 2346 2378 2380 2379 
TETRA 2849 2706 2848 2847 
TETRA 2855 2856 2846 2847 
TETRA 3050 3051 3053 3052 
TETRA 3106 3107 3108 2667 
TETRA 3026 3027 3024 3021 
TETRA 3078 3023 3024 3022 
TETRA 2852 2855 2849 2847 
TETRA 3059 3063 3049 3051 
TETRA 2777 2626 2627 2778 
TETRA 3105 2752 2751 2746 
TETRA 2525 2529 2526 2528 
TETRA 2870 2869 2867 2866 
TETRA 2454 2455 2456 2453 
TETRA 3057 3070 3071 3060 
TETRA 2973 2974 2928 2925 
TETRA 2735 2770 2730 2734 
TETRA 3030 3028 3037 3036 
TETRA 2540 2530 2529 2525 
TETRA 3023 3054 3045 3046 
TETRA 2406 2376 2402 2404 
TETRA 2713 2715 2716 2746 
TETRA 2526 2525 2528 2527 
TETRA 2576 2578 2482 2486 
TETRA 3132 2309 3133 3131 
TETRA 2535 2551 2594 2595 
TETRA 2781 2780 2782 2644 
TETRA 2779 2773 2774 2772 
TETRA 3078 3024 3023 3027 
TETRA 3102 2842 2844 3101 
TETRA 2581 2462 2458 2466 
TETRA 3044 3043 3045 3046 
TETRA 2726 2628 2731 2732 
TETRA 2713 2711 2715 2712 
TETRA 2490 2492 2489 2491 
TETRA 2551 2550 2564 2536 
TETRA 2968 2995 2998 2996 
TETRA 2938 2816 2943 2937 
TETRA 2551 2594 2564 2593 
TETRA 2872 2889 2874 2888 
TETRA 2354 2350 2362 2352 
TETRA 3009 3020 3017 3018 
TETRA 2535 2530 2534 2533 
TETRA 3033 3034 3035 3031 
TETRA 3078 3022 3024 3021 
TETRA 2416 2411 2415 2421 
TETRA 3013 3011 3009 3012 
TETRA 2713 2751 2715 2746 
TETRA 2870 2866 2867 3101 
TETRA 2330 2334 2387 2333 
TETRA 2637 3122 2658 2657 
TETRA 2400 2402 2403 2401 
TETRA 3109 3108 3130 3110 
TETRA 2745 2747 2716 2746 
TETRA 2805 2804 3082 3081 
TETRA 2900 2901 2896 2885 
TETRA 2653 2655 2639 2636 
TETRA 3023 3046 3045 3043 
TETRA 2587 2589 2586 2590 
TETRA 2681 2680 2679 2688 
TETRA 2625 2631 2630 2629 
TETRA 2551 2550 2536 2544 
TETRA 3123 2637 2638 2657 
TETRA 2553 2561 2562 2548 
TETRA 2957 3002 3001 2958 
TETRA 2726 2732 2629 2628 
TETRA 2535 2537 2534 2536 
TETRA 3078 3027 3023 3043 
TETRA 2511 2510 2508 2514 
TETRA 2954 2971 2951 2962 
TETRA 2938 2940 2811 2939 
TETRA 2932 2930 2972 2924 
TETRA 2660 2669 2671 2670 
TETRA 2880 2836 2879 2835 
TETRA 2523 2526 2524 2525 
TETRA 3105 2713 2751 2712 
TETRA 2356 2357 3120 2359 
TETRA 2535 2544 2551 2536 
TETRA 2346 2378 2379 2348 
TETRA 2535 2595 2594 2597 
TETRA 2406 2416 2411 2410 
TETRA 2615 3126 2614 2617 
TETRA 2618 2621 2619 2622 
TETRA 2535 2530 2540 2536 
TETRA 2402 2404 2403 2401 
TETRA 3078 3043 3023 3045 
TETRA 2714 2716 2717 2720 
TETRA 2967 2962 2968 2961 
TETRA 3117 3119 3118 2353 
TETRA 3055 3074 3073 3072 
TETRA 2900 2919 2885 2896 
TETRA 2686 2850 2848 2683 
TETRA 2682 2679 2681 2678 
TETRA 3105 2751 2713 2746 
TETRA 2528 2525 2542 2527 
TETRA 2316 2315 3130 3131 
TETRA 2949 2934 2944 2935 
TETRA 2684 2687 2688 2683 
TETRA 2656 2639 2655 2637 
TETRA 3078 3043 3042 3027 
TETRA 2709 2713 2822 2712 
TETRA 2350 2347 2344 2349 
TETRA 2576 2482 2483 2486 
TETRA 2374 2377 2376 2366 
TETRA 2967 2970 2969 2968 
TETRA 3084 3088 3085 3083 
TETRA 3006 3008 3034 3005 
TETRA 2973 2924 2928 2971 
TETRA 2341 2351 3116 2342 
TETRA 2778 2628 2627 2732 
TETRA 3105 2808 2751 2752 
TETRA 2865 2867 2868 2866 
TETRA 2807 2803 2805 2806 
TETRA 2506 2507 2518 2505 
TETRA 2545 2492 2550 2544 
TETRA 2819 2820 2815 2821 
TETRA 2985 2987 2988 2927 
TETRA 2416 2402 2384 2401 
TETRA 3078 3045 3042 3043 
TETRA 2741 2756 2742 2757 
TETRA 2400 2396 2383 2384 
TETRA 3091 3064 3092 3066 
TETRA 2367 2374 2364 2373 
TETRA 2985 2927 2915 2926 
TETRA 3103 3102 2862 2864 
TETRA 2687 2701 2688 2689 
TETRA 2442 2499 2441 2474 
TETRA 2397 2399 2396 2398 
TETRA 2643 2641 2634 2644 
TETRA 2358 2354 2355 2357 
TETRA 2633 2629 2724 2732 
TETRA 2653 2639 2640 2636 
TETRA 2434 2436 2431 2435 
TETRA 3078 3042 3028 3027 
TETRA 2551 2552 2596 2593 
TETRA 2489 2492 2545 2491 
TETRA 2415 2416 2410 2411 
TETRA 3125 3124 3120 3122 
TETRA 3057 2798 3056 3071 
TETRA 2801 2755 2802 2754 
TETRA 2523 2524 2521 2525 
TETRA 3105 2814 2820 2809 
TETRA 2432 2510 2435 2431 
TETRA 2416 2404 2402 2401 
TETRA 3050 3051 3049 3046 
TETRA 2643 2640 2641 2642 
TETRA 2955 3012 3011 2947 
TETRA 2967 2970 2968 2962 
TETRA 2660 2666 2667 2661 
TETRA 3080 3006 3003 3007 
TETRA 2882 2881 2883 2884 
TETRA 2659 2660 2658 2654 
TETRA 3078 3027 3028 3021 
TETRA 2651 2670 2652 2671 
TETRA 2995 2968 2975 2979 
TETRA 2709 2823 2712 2822 
TETRA 2572 2567 2571 2486 
TETRA 2675 2677 2674 2676 
TETRA 2503 2435 2436 2437 
TETRA 2957 2961 2959 2960 
TETRA 2941 2939 2938 2812 
TETRA 2786 2675 2783 2648 
TETRA 2641 2642 2636 2652 
TETRA 2531 2529 2528 2526 
TETRA 3013 3014 3016 3015 
TETRA 3077 3016 3014 3015 
TETRA 2682 2681 2679 2683 
TETRA 2795 2800 2799 2797 
TETRA 2523 2522 2520 2521 
TETRA 3105 2809 2820 2808 
TETRA 2507 2508 2510 2509 
TETRA 2570 2571 2572 2567 
TETRA 3088 2788 2790 2789 
TETRA 2725 2744 2747 2716 
TETRA 2631 2639 2638 2637 
TETRA 2953 2952 2950 2948 
TETRA 2762 2766 2761 2765 
TETRA 3123 2637 2657 3122 
TETRA 2727 2736 2728 2743 
TETRA 2358 2359 2355 2352 
TETRA 3076 3054 3023 3016 
TETRA 2802 2794 2793 2757 
TETRA 2737 2728 2729 2736 
TETRA 2833 2943 2937 2936 
TETRA 2745 2721 2716 2744 
TETRA 2662 2658 2665 3122 
TETRA 2771 2773 2770 2772 
TETRA 2521 2542 2501 2496 
TETRA 3105 2822 2712 2820 
TETRA 2551 2552 2549 2544 
TETRA 2651 2650 2672 2671 
TETRA 2399 2404 2416 2401 
TETRA 2832 2829 2837 2835 
TETRA 2973 2972 2971 2999 
TETRA 2532 2531 2529 2530 
TETRA 2455 2451 2456 2452 
TETRA 2470 2455 2451 2456 
TETRA 3076 3022 3077 3016 
TETRA 2696 2785 2710 2697 
TETRA 2880 2836 2922 2881 
TETRA 3105 2822 2713 2712 
TETRA 2432 2394 2433 2393 
TETRA 2400 2380 2378 2377 
TETRA 2721 2722 2717 2720 
TETRA 2931 2836 2880 2835 
TETRA 2980 2968 2995 2979 
TETRA 3037 3040 3038 3041 
TETRA 2665 3119 2359 3111 
TETRA 3128 2617 3127 3126 
TETRA 2727 2726 2729 2730 
TETRA 2317 2337 2339 3129 
TETRA 2532 2530 2529 2533 
TETRA 3025 3021 3024 3020 
TETRA 2873 2877 2875 2876 
TETRA 2795 2796 2793 2792 
TETRA 2973 2974 2925 2976 
TETRA 3073 2797 3056 2798 
TETRA 3014 2945 2946 3012 
TETRA 2699 2695 2701 2689 
TETRA 2819 2821 2822 2820 
TETRA 2974 2981 2927 2977 
TETRA 2702 2705 2700 2706 
TETRA 2837 2879 2840 2841 
TETRA 2714 2715 2717 2716 
TETRA 3099 3040 3047 3041 
TETRA 2985 2926 2915 2914 
TETRA 2762 2760 2759 2763 
TETRA 2795 2799 2798 2797 
TETRA 2964 2966 2965 2961 
TETRA 2346 2335 2347 2344 
TETRA 2702 2705 2706 2707 
TETRA 3024 3021 3025 3026 
TETRA 2777 2776 2775 2613 
TETRA 3042 3037 3041 3040 
TETRA 3030 3038 3037 3039 
TETRA 2726 2731 2723 2732 
TETRA 2432 2433 2394 2395 
TETRA 2973 2928 2974 2971 
TETRA 2709 2823 2704 2708 
TETRA 2662 3122 3121 2657 
TETRA 2826 2817 2825 2815 
TETRA 2955 2948 2950 2947 
TETRA 2659 2655 2653 2654 
TETRA 2956 3007 2958 2953 
TETRA 2770 2772 2733 2734 
TETRA 3076 3045 3023 3054 
TETRA 2363 2364 2366 2365 
TETRA 2363 2348 2349 2364 
TETRA 2782 2719 2785 2784 
TETRA 2529 2530 2528 2525 
TETRA 2367 2369 2605 2373 
TETRA 3003 2956 3080 3007 
TETRA 3103 2861 3102 2842 
TETRA 2832 2834 2830 2835 
TETRA 2664 2665 3119 2663 
TETRA 2625 2619 2620 2621 
TETRA 2709 2708 2712 2823 
TETRA 2928 2929 2932 2924 
TETRA 2750 2749 2753 2748 
TETRA 3117 3112 3119 2353 
TETRA 2759 2766 2740 2761 
TETRA 2747 2743 2756 2754 
TETRA 2805 3082 3074 2939 
TETRA 2777 2778 2774 2626 
TETRA 2946 2945 2942 2943 
TETRA 2957 2958 2959 2953 
TETRA 2678 2679 2680 2677 
TETRA 2363 2361 2362 2360 
TETRA 2341 3112 3115 3116 
TETRA 2988 2927 2976 2925 
TETRA 2440 2442 2439 2441 
TETRA 2406 2409 2410 2411 
TETRA 2709 2704 2703 2708 
TETRA 2946 3012 2945 2947 
TETRA 2699 2689 2694 2695 
TETRA 2443 2441 2440 2450 
TETRA 2507 2508 2509 2505 
TETRA 2985 2982 2984 2986 
TETRA 2978 2974 2981 2979 
TETRA 3118 2359 2665 3119 
TETRA 2826 2830 2817 2818 
TETRA 3118 3119 2665 3121 
TETRA 2307 2308 2306 2304 
TETRA 3050 3054 3053 3051 
TETRA 2389 2393 2392 2391 
TETRA 2362 2347 2349 2348 
TETRA 3103 2842 3102 3101 
TETRA 2520 2506 2518 2505 
TETRA 2633 2724 2629 2632 
TETRA 3053 3058 3057 3052 
TETRA 2731 2628 2778 2732 
TETRA 2416 2421 2415 2417 
TETRA 2705 2824 2821 2823 
TETRA 2443 2444 2441 2450 
TETRA 2659 2658 2661 2656 
TETRA 2735 2734 2729 2738 
TETRA 3017 3016 3014 3022 
TETRA 2549 2491 2545 2544 
TETRA 2763 2788 2764 2789 
TETRA 2898 2896 2901 2897 
TETRA 2974 2968 2979 2975 
TETRA 3017 3024 3022 3021 
TETRA 3118 3121 2665 3120 
TETRA 2338 2340 2317 2339 
TETRA 3084 3088 3086 3087 
TETRA 2832 2834 2836 2935 
TETRA 2625 2630 2627 2629 
TETRA 2705 2823 2821 2708 
TETRA 2662 3121 2665 2663 
TETRA 3078 3076 3045 3023 
TETRA 3049 3047 3095 3048 
TETRA 3132 2311 2313 2310 
TETRA 2338 2337 2325 2336 
TETRA 2832 2935 2833 2834 
TETRA 2332 2333 2345 2334 
TETRA 2587 2589 2585 2586 
TETRA 2662 2661 2664 2658 
TETRA 2839 2829 2838 2828 
TETRA 2358 2352 2362 2359 
TETRA 2520 2506 2521 2522 
TETRA 3044 3042 3045 3043 
TETRA 2955 2954 2950 2953 
TETRA 2973 2971 2972 2924 
TETRA 2713 2715 2751 2712 
TETRA 2473 2445 2481 2471 
TETRA 2682 2685 2684 2683 
TETRA 2656 2639 2653 2655 
TETRA 2299 2453 2300 2301 
TETRA 2331 2330 2326 2333 
TETRA 2346 2380 2378 2381 
TETRA 2553 2562 2550 2548 
TETRA 2907 2918 2908 2905 
TETRA 2323 2319 2318 2312 
TETRA 2829 2840 2837 2835 
TETRA 3105 2820 2712 2751 
TETRA 2747 2744 2743 2748 
TETRA 3106 2664 2666 3111 
TETRA 2309 2306 2308 2310 
TETRA 3049 3063 3095 3047 
TETRA 2335 2347 2344 2343 
TETRA 3064 3063 3094 3095 
TETRA 2320 2321 2319 2322 
TETRA 2843 2845 2855 2856 
TETRA 2331 2325 2326 2324 
TETRA 2363 2362 2349 2348 
TETRA 2358 2357 2355 2359 
TETRA 2355 3116 2353 2352 
TETRA 3053 3051 3058 3052 
TETRA 3033 3032 3019 3034 
TETRA 2688 2689 2701 2695 
TETRA 2553 2557 2558 2556 
TETRA 3109 3130 3133 2340 
TETRA 2371 2357 2361 2360 
TETRA 2865 2864 2867 2866 
TETRA 2607 3127 2608 2371 
TETRA 2338 2337 2336 2339 
TETRA 2368 2372 2371 2370 
TETRA 2968 2962 2998 2999 
TETRA 2305 2304 2306 2310 
TETRA 2584 2460 2585 2588 
TETRA 2414 2421 2415 2411 
TETRA 2341 2342 3116 2339 
TETRA 2439 2499 2442 2475 
TETRA 3132 2311 2309 3131 
TETRA 2931 2932 2933 2934 
TETRA 2623 2621 2638 2624 
TETRA 2944 2936 2934 2947 
TETRA 2567 2575 2571 2486 
TETRA 2367 2364 2374 2366 
TETRA 2631 2624 2635 2636 
TETRA 2447 2448 2451 2446 
TETRA 2865 2862 2863 2864 
TETRA 3083 3070 2796 2790 
TETRA 3113 2340 3129 3114 
TETRA 2873 3103 3101 2842 
TETRA 2780 2724 2720 2722 
TETRA 2869 2890 2874 2872 
TETRA 2607 2370 2372 2369 
TETRA 2520 2519 2521 2505 
TETRA 2609 2608 2610 2611 
TETRA 3075 3074 3072 3082 
TETRA 2560 2563 2562 2566 
TETRA 2882 2878 2886 2883 
TETRA 3128 3126 3125 2617 
TETRA 2723 2725 2724 2720 
TETRA 2839 2841 2838 2840 
TETRA 2615 2611 2614 3126 
TETRA 2607 2370 3127 2371 
TETRA 2341 3116 2351 3112 
TETRA 2350 2343 2347 2351 
TETRA 2699 2689 2700 2696 
TETRA 2786 2676 2675 2673 
TETRA 2358 2360 2362 2361 
TETRA 2839 3101 2844 2842 
TETRA 3128 2359 3120 2357 
TETRA 3058 3069 3061 3062 
TETRA 2766 2740 2761 2767 
TETRA 3084 3068 3061 3069 
TETRA 2406 2412 2409 2411 
TETRA 2721 2744 2725 2716 
TETRA 2802 2755 2756 2754 
TETRA 3013 3009 3017 3018 
TETRA 2607 2614 2610 2608 
TETRA 2511 2427 2508 2431 
TETRA 2428 2398 2418 2429 
TETRA 3076 3016 3077 3075 
TETRA 2568 2566 2563 2565 
TETRA 2714 2718 2717 2711 
TETRA 2727 2743 2728 2725 
TETRA 2358 2354 2361 2362 
TETRA 2517 2505 2516 2519 
TETRA 2473 2480 2479 2481 
TETRA 2419 2418 2427 2428 
TETRA 2443 2444 2442 2441 
TETRA 2813 2937 2831 2816 
TETRA 2314 2313 2311 2312 
TETRA 2692 2785 2696 2697 
TETRA 2826 2829 2817 2830 
TETRA 2375 2374 2601 2376 
TETRA 2714 2715 2713 2711 
TETRA 2602 2367 2603 2604 
TETRA 2572 2486 2571 2574 
TETRA 2735 2739 2768 2738 
TETRA 3044 3047 3040 3041 
TETRA 2653 2654 2636 2652 
TETRA 2858 2861 2854 2857 
TETRA 2941 2940 2938 2939 
TETRA 2316 3114 3129 2340 
TETRA 2907 2914 2985 2915 
TETRA 2372 2373 2605 2369 
TETRA 2443 2448 2447 2446 
TETRA 2410 2414 2415 2411 
TETRA 2849 2855 2706 2847 
TETRA 2323 2328 2449 2329 
TETRA 2399 2384 2396 2401 
TETRA 2417 2397 2399 2416 
TETRA 2517 2514 2516 2508 
TETRA 2907 2993 2985 2910 
TETRA 2540 2530 2495 2536 
TETRA 2626 2627 2778 2628 
TETRA 2302 2322 2321 2305 
TETRA 2498 2494 2477 2497 
TETRA 2911 2912 2900 2884 
TETRA 2423 2418 2425 2426 
TETRA 3000 3001 2960 2957 
TETRA 2490 2478 2489 2477 
TETRA 2320 2312 2321 2304 
TETRA 2382 2333 2386 2387 
TETRA 2335 2334 2332 2345 
TETRA 2832 2829 2827 2837 
TETRA 2922 2836 2930 2881 
TETRA 2949 2948 2950 2952 
TETRA 3033 3031 3035 3020 
TETRA 2709 2711 2713 2712 
TETRA 2931 2836 2835 2834 
TETRA 2547 2563 2562 2545 
TETRA 2489 2476 2498 2477 
TETRA 2696 2704 2703 2710 
TETRA 2425 2426 2418 2427 
TETRA 2460 2453 2585 2300 
TETRA 2423 2426 2419 2418 
TETRA 2888 2874 2875 2887 
TETRA 2817 2831 2833 2816 
TETRA 3109 3108 3133 3130 
TETRA 2601 2375 2376 2600 
TETRA 2678 2679 2677 2675 
TETRA 2709 2711 2712 2708 
TETRA 2592 2591 2301 2588 
TETRA 2839 2838 2829 2840 
TETRA 2460 2585 2588 2300 
TETRA 2562 2550 2545 2563 
TETRA 2489 2477 2498 2494 
TETRA 2779 2770 2772 2733 
TETRA 2424 2425 2423 2418 
TETRA 2517 2519 2518 2505 
TETRA 2660 2670 2671 2654 
TETRA 2907 2909 2993 2910 
TETRA 2813 2817 2831 2818 
TETRA 2409 2413 2414 2411 
TETRA 2920 2922 2930 2881 
TETRA 2600 2407 2376 2408 
TETRA 2977 2927 2974 2976 
TETRA 2468 2482 2464 2469 
TETRA 2473 2472 2479 2476 
TETRA 2551 2537 2564 2595 
TETRA 2346 2335 2345 2334 
TETRA 2498 2475 2499 2438 
TETRA 2832 2831 2817 2830 
TETRA 2417 2399 2397 2398 
TETRA 3106 2666 3110 3111 
TETRA 3109 3107 3133 3108 
TETRA 3099 3041 3038 3040 
TETRA 3089 2765 2787 2764 
TETRA 3088 2790 3083 2789 
TETRA 2828 2845 2844 2846 
TETRA 3050 3053 3055 3056 
TETRA 3010 3011 2955 3012 
TETRA 2907 2900 2903 2905 
TETRA 2672 2673 2649 2648 
TETRA 2813 2814 2815 2818 
TETRA 2350 2362 2347 2349 
TETRA 3003 2958 3001 3002 
TETRA 2551 2596 2552 2544 
END
