4539  3  1
   1     801   797   798  1.0099999999999999e-12
   2     200   307   199  9.9999999999999998e-13
   3     581   194   580  9.9999999999999998e-13
   4    1966   533  1964  1.0099999999999999e-12
   5    1360  1366   325  9.9999999999999998e-13
   6    1229   367  1230  1.0099999999999999e-12
   7     134    83   104  9.9999999999999998e-13
   8     238   237  1043  9.9999999999999998e-17
   9     254   210   209  9.9999999999999998e-13
  10    1395   155  1393  9.9999999999999998e-13
  11    1813   830  1812  1.0099999999999999e-12
  12     787   258   786  9.9999999999999998e-13
  13     314  1769  2293  1.0099999999999999e-12
  14     543   318  2274  1.0099999999999999e-12
  15     141    94   172  9.9999999999999998e-13
  16      82  1938  1944  9.9999999999999998e-13
  17       2     3   569  1.0000000000000001e-05
  18     338   701   702  9.9999999999999998e-13
  19      84   347    77  9.9999999999999998e-13
  20      12     1   427  1.0000000000000001e-05
  21     763   569     5  1.0000000000000001e-05
  22     569   427     2  1.0000000000000001e-05
  23     513    83   289  9.9999999999999998e-13
  24     348    77   347  9.9999999999999998e-13
  25     763   175   569  1.0000000000000001e-05
  26    1188  1246   476  9.9999999999999998e-13
  27    1357     7     6  9.9999999999999998e-13
  28    2283   114   898  9.9999999999999998e-13
  29    1278  1275   405  9.9999999999999998e-17
  30    1490   102  1488  9.9999999999999998e-13
  31    1262  1263    87  9.9999999999999998e-13
  32     789  1436   555  9.9999999999999998e-13
  33    2264  2265  2267  1.0099999999999999e-12
  34    1274  1309   190  9.9999999999999998e-13
  35    1144  1146  1147  1.0099999999999999e-12
  36    1256  2165  1255  9.9999999999999998e-13
  37    1593  1594   826  1.0099999999999999e-12
  38     302    10     9  9.9999999999999998e-13
  39     537     9   754  1.0000000000000001e-05
  40     427    11    12  1.0000000000000001e-05
  41     619   263   618  9.9999999999999998e-13
  42     286     8     7  9.9999999999999998e-13
  43     754     9    10  1.0000000000000001e-05
  44      79   103   143  9.9999999999999998e-13
  45     491  2240  2246  1.0099999999999999e-12
  46     531   674   675  1.0099999999999999e-12
  47    2041    85  1431  9.9999999999999998e-13
  48     143   103   182  9.9999999999999998e-13
  49     537     7     8  1.0000000000000001e-05
  50     489  2232  2233  1.0099999999999999e-12
  51    1605  1630  1639  1.0099999999999999e-12
  52     427   754    11  1.0000000000000001e-05
  53     510   979   980  9.9999999999999998e-13
  54      91   137   104  9.9999999999999998e-13
  55     664    31   662  1.0099999999999999e-12
  56    1666  1079  1665  1.0099999999999999e-12
  57    1836  1842  1834  1.0099999999999999e-12
  58    1300  1302  1249  9.9999999999999998e-13
  59      37  1987  1988  1.0099999999999999e-12
  60     210   254   417  9.9999999999999998e-13
  61     820    40  2139  1.0099999999999999e-12
  62    1147   529  1144  1.0099999999999999e-12
  63    1853  1756    50  1.0099999999999999e-12
  64     485  2267  2270  1.0099999999999999e-12
  65     636  2180  2181  1.0099999999999999e-12
  66    1374  1369  1375  9.9999999999999998e-13
  67     947   151   945  9.9999999999999998e-13
  68     509  1039  1023  9.9999999999999998e-13
  69    2126  2125   514  9.9999999999999998e-13
  70      20   157   465  9.9999999999999998e-13
  71     343  1491  1492  9.9999999999999998e-13
  72     230  1041   231  9.9999999999999998e-17
  73     695  1550  1551  9.9999999999999998e-13
  74    1586   464   999  9.9999999999999998e-13
  75     188   843   864  9.9999999999999998e-13
  76     108   107   893  9.9999999999999998e-17
  77     772   146  1474  9.9999999999999998e-13
  78    1422   113   112  9.9999999999999998e-17
  79     724   386  1049  9.9999999999999998e-13
  80    1198   271  1193  9.9999999999999998e-13
  81     961   366   955  9.9999999999999998e-13
  82    1005  1004   208  9.9999999999999998e-13
  83      94   141    84  9.9999999999999998e-13
  84     411   147  2073  9.9999999999999998e-13
  85     688  1889   994  9.9999999999999998e-13
  86     240   930  1084  9.9999999999999998e-13
  87     778   483   783  1.0099999999999999e-12
  88    1298  1297  1292  9.9999999999999998e-13
  89     457  1539  1540  1.0099999999999999e-12
  90    1831  1750   454  9.9999999999999998e-13
  91    1028    65  1025  9.9999999999999998e-13
  92    1563  1564  1117  9.9999999999999998e-13
  93    1931   291  1930  9.9999999999999998e-13
  94     519   507   517  9.9999999999999998e-13
  95    1231  1229  1230  1.0099999999999999e-12
  96     219   365  1885  9.9999999999999998e-13
  97      64   975   981  9.9999999999999998e-13
  98      54  2254   205  9.9999999999999998e-17
  99     242   240   464  9.9999999999999998e-13
 100     937   120   119  9.9999999999999998e-17
 101    1000    56   998  9.9999999999999998e-13
 102     998   204   203  9.9999999999999998e-17
 103     397  1589  1590  9.9999999999999998e-13
 104      57  2251   198  9.9999999999999998e-17
 105    1495  1494    91  9.9999999999999998e-13
 106     748   749   101  9.9999999999999998e-13
 107     214   215  2256  9.9999999999999998e-17
 108    1385  1387   157  9.9999999999999998e-13
 109     942   943   944  9.9999999999999998e-13
 110     709   329   710  9.9999999999999998e-13
 111     245   282    60  9.9999999999999998e-13
 112    1018  1019   282  9.9999999999999998e-13
 113     594   595   150  9.9999999999999998e-13
 114     208   209  2255  9.9999999999999998e-17
 115     386   724   252  9.9999999999999998e-13
 116      64   228    63  9.9999999999999998e-17
 117     546   426   550  9.9999999999999998e-13
 118     979   975   129  9.9999999999999998e-13
 119    1587   250   394  9.9999999999999998e-13
 120     979   981   975  9.9999999999999998e-13
 121     996   991   994  9.9999999999999998e-13
 122     220   221  2257  9.9999999999999998e-17
 123    1063  1064  2278  9.9999999999999998e-13
 124    1062   284  1061  9.9999999999999998e-13
 125     416    11    10  9.9999999999999998e-13
 126      67   703   704  9.9999999999999998e-13
 127     285     6     5  9.9999999999999998e-13
 128     716   717   257  9.9999999999999998e-13
 129     661  1126  1127  9.9999999999999998e-13
 130    1345    88  1740  9.9999999999999998e-13
 131       9     8   538  9.9999999999999998e-13
 132    2066  1780  1781  9.9999999999999998e-13
 133     839   107   832  9.9999999999999998e-13
 134     893   870    43  9.9999999999999998e-13
 135     577  1936  1937  9.9999999999999998e-13
 136     425  2108  2107  9.9999999999999998e-13
 137     888  1669  1670  1.0099999999999999e-12
 138     444   467   200  9.9999999999999998e-13
 139     104   183   134  9.9999999999999998e-13
 140     474   475   223  9.9999999999999998e-13
 141     714   159   713  9.9999999999999998e-13
 142     284   581  1061  9.9999999999999998e-13
 143      95   141   144  9.9999999999999998e-13
 144     704   703   346  9.9999999999999998e-13
 145     618   263  1069  9.9999999999999998e-13
 146     182   148   302  9.9999999999999998e-13
 147      79  1490  1491  9.9999999999999998e-13
 148    1426   678   103  9.9999999999999998e-13
 149    1260  1264   571  9.9999999999999998e-13
 150    1738   498  1737  9.9999999999999998e-13
 151     500  1219  1220  9.9999999999999998e-13
 152      81  1353  1352  9.9999999999999998e-13
 153     576   577    93  9.9999999999999998e-13
 154     762  2112   296  9.9999999999999998e-13
 155     172   134   255  9.9999999999999998e-13
 156     289    83    94  9.9999999999999998e-13
 157     144   301   253  9.9999999999999998e-13
 158      84    77   289  9.9999999999999998e-13
 159     350  1430  1431  9.9999999999999998e-13
 160     563  2060  2061  9.9999999999999998e-13
 161      86  1426  1429  9.9999999999999998e-13
 162     415   560    89  9.9999999999999998e-13
 163    1256  1257   142  9.9999999999999998e-13
 164    1336  1337   132  9.9999999999999998e-13
 165    1330  1331   774  9.9999999999999998e-13
 166     400  2050  2052  9.9999999999999998e-13
 167     349   561   562  9.9999999999999998e-13
 168      95   347    84  9.9999999999999998e-13
 169     438  1182   387  9.9999999999999998e-13
 170     306   585   249  9.9999999999999998e-13
 171       5     4   503  9.9999999999999998e-13
 172     788   258   787  9.9999999999999998e-13
 173    1424   340  1423  9.9999999999999998e-13
 174    1543  1544  1279  9.9999999999999998e-13
 175     576    93   139  9.9999999999999998e-13
 176     761  2113  2114  9.9999999999999998e-13
 177     272     2     1  9.9999999999999998e-13
 178     289    94    84  9.9999999999999998e-13
 179     253    12    11  9.9999999999999998e-13
 180      95   415   347  9.9999999999999998e-13
 181     560    96  1880  9.9999999999999998e-13
 182     133   415    95  9.9999999999999998e-13
 183     469   470   300  9.9999999999999998e-13
 184    1467   308  1461  9.9999999999999998e-13
 185     851   546  1553  9.9999999999999998e-13
 186    1549  1550   695  9.9999999999999998e-13
 187    1600  1601   178  1.0099999999999999e-12
 188    1097  1819   738  1.0099999999999999e-12
 189    1052  1503  1516  9.9999999999999998e-13
 190     951   151   949  9.9999999999999998e-13
 191     608   259   605  9.9999999999999998e-13
 192     101   580   579  9.9999999999999998e-13
 193    1486  1487   192  9.9999999999999998e-13
 194     102  1487  1488  9.9999999999999998e-13
 195     382   103    79  9.9999999999999998e-13
 196    1879   148   678  9.9999999999999998e-13
 197       4     3   255  9.9999999999999998e-13
 198    1495    83    75  9.9999999999999998e-13
 199    1891  1892   646  9.9999999999999998e-13
 200     832   105   106  9.9999999999999998e-17
 201     937   939    42  9.9999999999999998e-13
 202      42   837    41  9.9999999999999998e-17
 203     295   866   838  9.9999999999999998e-13
 204     107   831   832  9.9999999999999998e-17
 205    2283  2282   114  9.9999999999999998e-13
 206     893    43   892  9.9999999999999998e-17
 207     388   932   918  9.9999999999999998e-13
 208     853   546   851  9.9999999999999998e-13
 209      44  2282  2284  9.9999999999999998e-13
 210     806  2047  2048  9.9999999999999998e-13
 211     693  1324  1325  9.9999999999999998e-13
 212     909   902   583  9.9999999999999998e-13
 213     871   872   115  9.9999999999999998e-13
 214     897   112   113  9.9999999999999998e-17
 215     898   900   901  9.9999999999999998e-13
 216     614   407   615  9.9999999999999998e-17
 217     235   468   236  9.9999999999999998e-13
 218     114   896   897  9.9999999999999998e-17
 219     911   305   910  9.9999999999999998e-13
 220      44    43   871  9.9999999999999998e-17
 221    1316  1307  1273  9.9999999999999998e-13
 222     568   907   557  9.9999999999999998e-13
 223     938   717  1883  9.9999999999999998e-13
 224     916   117   118  9.9999999999999998e-17
 225     118   919   918  9.9999999999999998e-13
 226      55  2258   239  9.9999999999999998e-17
 227     922   919   923  9.9999999999999998e-13
 228     119   915   916  9.9999999999999998e-17
 229     232   257    41  9.9999999999999998e-13
 230     937    42   936  9.9999999999999998e-17
 231     267   467   198  9.9999999999999998e-13
 232     556   692   691  9.9999999999999998e-13
 233     802   813   122  9.9999999999999998e-13
 234    1493    78   382  9.9999999999999998e-13
 235    2260   477   243  9.9999999999999998e-13
 236     126   941   125  9.9999999999999998e-17
 237     216   215   645  9.9999999999999998e-13
 238     243   244  2260  9.9999999999999998e-17
 239     711   260   710  9.9999999999999998e-13
 240     940   943   942  9.9999999999999998e-13
 241    1387   465   157  9.9999999999999998e-13
 242     607   606   330  9.9999999999999998e-17
 243     130   988   129  9.9999999999999998e-17
 244     130   990   987  9.9999999999999998e-13
 245    1005  1009  1004  9.9999999999999998e-13
 246     247   248  2261  9.9999999999999998e-17
 247     306   249   248  9.9999999999999998e-13
 248     987   990   989  9.9999999999999998e-13
 249      63   228   256  9.9999999999999998e-13
 250     129   976   130  9.9999999999999998e-17
 251     131   395   437  9.9999999999999998e-13
 252     207   199   202  9.9999999999999998e-13
 253    1295  1299  1301  9.9999999999999998e-13
 254     391  1334   906  9.9999999999999998e-13
 255     302   179   416  9.9999999999999998e-13
 256      96   560   415  9.9999999999999998e-13
 257     373     3     2  9.9999999999999998e-13
 258      83   134    94  9.9999999999999998e-13
 259     622   135   621  9.9999999999999998e-13
 260     721   723   623  9.9999999999999998e-13
 261     513   730    75  9.9999999999999998e-13
 262     187   376   377  9.9999999999999998e-13
 263     285   183   137  9.9999999999999998e-13
 264    1488  1487   137  9.9999999999999998e-13
 265     283   570   276  9.9999999999999998e-13
 266     154  1322  1265  9.9999999999999998e-13
 267     290  1378   575  9.9999999999999998e-13
 268     540   539   139  9.9999999999999998e-13
 269     541  2114  2118  9.9999999999999998e-13
 270    1945  1946    82  9.9999999999999998e-13
 271     301     1    12  9.9999999999999998e-13
 272      84   141    95  9.9999999999999998e-13
 273    1252  1270   469  9.9999999999999998e-13
 274    1463  1282  1458  9.9999999999999998e-13
 275     143   286   192  9.9999999999999998e-13
 276      79   143   102  9.9999999999999998e-13
 277      95   144   133  9.9999999999999998e-13
 278     272   144   141  9.9999999999999998e-13
 279    1935   274  1941  9.9999999999999998e-13
 280     575   576   139  9.9999999999999998e-13
 281     265  1463  1464  9.9999999999999998e-13
 282     765   769   356  9.9999999999999998e-13
 283    2063   380  2062  9.9999999999999998e-13
 284      68   348   411  9.9999999999999998e-13
 285     678   148   103  9.9999999999999998e-13
 286     179   133   253  9.9999999999999998e-13
 287    1034   817  1035  9.9999999999999998e-13
 288    1591   691   149  9.9999999999999998e-13
 289     712   260   711  9.9999999999999998e-13
 290     580   101   750  9.9999999999999998e-13
 291    2119   100  2108  9.9999999999999998e-13
 292     365  1884  1885  9.9999999999999998e-13
 293     256   228   430  9.9999999999999998e-13
 294     335   609   222  9.9999999999999998e-13
 295     149   689   397  9.9999999999999998e-13
 296    1028  1027   756  9.9999999999999998e-13
 297    1542  1543  1279  9.9999999999999998e-13
 298    1259  1261  1257  9.9999999999999998e-13
 299    1386  1498   328  9.9999999999999998e-17
 300    1390  1391   409  9.9999999999999998e-17
 301     539   290   139  9.9999999999999998e-13
 302    1363   324  1359  9.9999999999999998e-17
 303    1499  1500   266  9.9999999999999998e-13
 304    1497  1386  1391  9.9999999999999998e-17
 305    1519   158  1518  9.9999999999999998e-13
 306    1516  1517   160  9.9999999999999998e-13
 307     329   709   603  9.9999999999999998e-13
 308     608   713   159  9.9999999999999998e-13
 309    1521  1523  1054  9.9999999999999998e-13
 310    1056  1535  1528  9.9999999999999998e-13
 311    1295  1301  1251  9.9999999999999998e-13
 312    1313   315  1312  9.9999999999999998e-17
 313     283   166   275  9.9999999999999998e-13
 314     163  1250  1253  9.9999999999999998e-17
 315     275   163   162  9.9999999999999998e-13
 316    1275  1278   161  9.9999999999999998e-17
 317     166   283  1099  9.9999999999999998e-13
 318     138   472   340  9.9999999999999998e-13
 319     903   904   270  9.9999999999999998e-13
 320     235   407   364  9.9999999999999998e-13
 321     404   275   162  9.9999999999999998e-13
 322     469   166   470  9.9999999999999998e-13
 323     875   876   169  9.9999999999999998e-13
 324     174   633   634  1.0099999999999999e-12
 325     744  1915  1911  1.0099999999999999e-12
 326    1057  1058   340  9.9999999999999998e-13
 327     445  1175  1691  9.9999999999999998e-13
 328     303   874   875  9.9999999999999998e-13
 329     231   432   232  9.9999999999999998e-13
 330     718   171   716  9.9999999999999998e-13
 331     373   272   172  9.9999999999999998e-13
 332      94   134   172  9.9999999999999998e-13
 333    1918   173  1925  1.0099999999999999e-12
 334    1446  1447   457  1.0099999999999999e-12
 335     636  2176  2180  1.0099999999999999e-12
 336    2174  2170   657  1.0099999999999999e-12
 337       4   569     3  1.0000000000000001e-05
 338       6     7   537  1.0000000000000001e-05
 339    1761   456  1762  1.0099999999999999e-12
 340     628  1776  1775  1.0099999999999999e-12
 341    1450  1234   178  1.0099999999999999e-12
 342    1236  1237   755  1.0099999999999999e-12
 343     148    96   179  9.9999999999999998e-13
 344      96   133   179  9.9999999999999998e-13
 345     946   332   945  9.9999999999999998e-13
 346    1530   126   330  9.9999999999999998e-13
 347    1858  1761  1763  1.0099999999999999e-12
 348    1541  2217  2218  1.0099999999999999e-12
 349     538   286   182  9.9999999999999998e-13
 350     148   182   103  9.9999999999999998e-13
 351     503   255   183  9.9999999999999998e-13
 352     137   183   104  9.9999999999999998e-13
 353     135   620   621  9.9999999999999998e-13
 354     620   263   619  9.9999999999999998e-13
 355    1793  1791  1129  9.9999999999999998e-13
 356    1170  1743  1744  9.9999999999999998e-13
 357    1547  2083  1119  9.9999999999999998e-13
 358    1859  1860  1115  9.9999999999999998e-13
 359     513   376   187  9.9999999999999998e-13
 360    1202  1203   652  9.9999999999999998e-13
 361     835   836   542  9.9999999999999998e-13
 362    1684   764   841  9.9999999999999998e-13
 363     685  1948  1949  9.9999999999999998e-13
 364    2133   515  2132  9.9999999999999998e-13
 365    1294  1295  1300  9.9999999999999998e-13
 366     165  1105  1104  9.9999999999999998e-13
 367    1329   165  1328  9.9999999999999998e-13
 368     113   236   269  9.9999999999999998e-13
 369    1357  1486   192  9.9999999999999998e-13
 370     143   192   102  9.9999999999999998e-13
 371     393   250   392  9.9999999999999998e-13
 372     394   395   131  9.9999999999999998e-13
 373     380  2063  2064  9.9999999999999998e-13
 374    1955   582  1956  9.9999999999999998e-13
 375     420   781   782  1.0099999999999999e-12
 376     863   878   548  1.0099999999999999e-12
 377     196   197   198  9.9999999999999998e-17
 378     996   374   551  9.9999999999999998e-13
 379    1029    65  1028  9.9999999999999998e-13
 380     196   992   197  9.9999999999999998e-17
 381     200   267  1189  9.9999999999999998e-13
 382    2251  2253  2252  9.9999999999999998e-13
 383     202   199   690  9.9999999999999998e-13
 384     267   198   197  9.9999999999999998e-13
 385     690   199   689  9.9999999999999998e-13
 386     205   443   262  9.9999999999999998e-13
 387     646   786   258  9.9999999999999998e-13
 388      66   222   609  9.9999999999999998e-13
 389     934   926   924  9.9999999999999998e-13
 390     204   443   205  9.9999999999999998e-13
 391     239  1585    55  9.9999999999999998e-13
 392     204   205   203  9.9999999999999998e-17
 393     443   204   444  9.9999999999999998e-13
 394     998    56   997  9.9999999999999998e-17
 395     444   207   443  9.9999999999999998e-13
 396      55  1586  2254  9.9999999999999998e-13
 397     389   239   238  9.9999999999999998e-13
 398    1085  1895  1086  9.9999999999999998e-13
 399     199   207   200  9.9999999999999998e-13
 400    2258  2259   920  9.9999999999999998e-13
 401     209   210  2255  9.9999999999999998e-17
 402     208  1004  1001  9.9999999999999998e-13
 403    1194  1195   212  9.9999999999999998e-13
 404     208  1002   209  9.9999999999999998e-17
 405      62   210   417  9.9999999999999998e-13
 406      62    61   210  9.9999999999999998e-17
 407    1006  1190   254  9.9999999999999998e-13
 408    1198   211   271  9.9999999999999998e-13
 409     729  1046  1044  9.9999999999999998e-13
 410     216   645   344  9.9999999999999998e-13
 411    1020  1015  1017  9.9999999999999998e-13
 412    1004  1009   383  9.9999999999999998e-13
 413     214  1017  1015  9.9999999999999998e-13
 414     216  2256   215  9.9999999999999998e-17
 415    1016   418   215  9.9999999999999998e-13
 416     214  1016   215  9.9999999999999998e-17
 417     216   344    59  9.9999999999999998e-13
 418      59    60   216  9.9999999999999998e-17
 419    1196   212  1195  9.9999999999999998e-13
 420     217   652   554  9.9999999999999998e-13
 421     418    62   417  9.9999999999999998e-13
 422    1196   218   212  9.9999999999999998e-13
 423     244   511   245  9.9999999999999998e-13
 424     246   365   219  9.9999999999999998e-13
 425     221   222  2257  9.9999999999999998e-17
 426    1024   280   993  9.9999999999999998e-13
 427     336   223   225  9.9999999999999998e-13
 428     220  1022   221  9.9999999999999998e-17
 429     335   336   225  9.9999999999999998e-13
 430      66    65   222  9.9999999999999998e-17
 431     258   474   646  9.9999999999999998e-13
 432     430   228   227  9.9999999999999998e-13
 433     153   759   758  9.9999999999999998e-13
 434     307  1689   199  9.9999999999999998e-13
 435     335   222   221  9.9999999999999998e-13
 436     229  1245  1244  9.9999999999999998e-13
 437    1027  1025   226  9.9999999999999998e-13
 438     227   228   982  9.9999999999999998e-17
 439     430   227   431  9.9999999999999998e-13
 440     226  1026   227  9.9999999999999998e-17
 441     431   229   430  9.9999999999999998e-13
 442     982   228    64  9.9999999999999998e-17
 443    1245   225   223  9.9999999999999998e-13
 444    1243  1184   256  9.9999999999999998e-13
 445     119   916   932  9.9999999999999998e-13
 446     837   232    41  9.9999999999999998e-17
 447     233   432   433  9.9999999999999998e-13
 448    1041   106  1040  9.9999999999999998e-17
 449     232   432   257  9.9999999999999998e-13
 450     230   231   232  9.9999999999999998e-17
 451     231   433   432  9.9999999999999998e-13
 452     719   679   718  9.9999999999999998e-13
 453     902   909   896  9.9999999999999998e-13
 454    1422   236   113  9.9999999999999998e-17
 455      16  1275  1276  9.9999999999999998e-13
 456    1413   613   406  9.9999999999999998e-13
 457     269   236   468  9.9999999999999998e-13
 458     234   235   236  9.9999999999999998e-17
 459     262    54   205  9.9999999999999998e-13
 460     238   239   237  9.9999999999999998e-17
 461     117   915   917  9.9999999999999998e-13
 462    1043   118  1042  9.9999999999999998e-17
 463     389   242  1585  9.9999999999999998e-13
 464    2259  2258    54  9.9999999999999998e-13
 465     238   390   389  9.9999999999999998e-13
 466    1084   930   931  9.9999999999999998e-13
 467     928   202   933  9.9999999999999998e-13
 468     932   916   918  9.9999999999999998e-13
 469     240  1086   464  9.9999999999999998e-13
 470    2254  1586   203  9.9999999999999998e-13
 471     243   729  1044  9.9999999999999998e-13
 472     245  2260   244  9.9999999999999998e-17
 473     942   123   940  9.9999999999999998e-13
 474     243  1045   244  9.9999999999999998e-17
 475     245   511   282  9.9999999999999998e-13
 476      60    59   245  9.9999999999999998e-17
 477     244   512   511  9.9999999999999998e-13
 478     246   946   365  9.9999999999999998e-13
 479     248   249  2261  9.9999999999999998e-17
 480     247  1049  1047  9.9999999999999998e-13
 481    1004  1007  1001  9.9999999999999998e-13
 482     247  1048   248  9.9999999999999998e-17
 483     128   249   585  9.9999999999999998e-13
 484     128   127   249  9.9999999999999998e-17
 485     392   251   306  9.9999999999999998e-13
 486     250   393   394  9.9999999999999998e-13
 487     250  1587   700  9.9999999999999998e-13
 488     585   586   128  9.9999999999999998e-13
 489    1197   375  1193  9.9999999999999998e-13
 490    1190  1194   254  9.9999999999999998e-13
 491     253    11   416  9.9999999999999998e-13
 492     144   253   133  9.9999999999999998e-13
 493    1003  1006  1002  9.9999999999999998e-13
 494    1047  1050    45  9.9999999999999998e-13
 495     255     3   373  9.9999999999999998e-13
 496     183   255   134  9.9999999999999998e-13
 497    1244   385  1243  9.9999999999999998e-13
 498     990   354   989  9.9999999999999998e-13
 499     233   716   257  9.9999999999999998e-13
 500     936  1883   120  9.9999999999999998e-13
 501      75   730   476  9.9999999999999998e-13
 502     474   223   336  9.9999999999999998e-13
 503     605   603   709  9.9999999999999998e-13
 504    1930   291  1929  9.9999999999999998e-13
 505     125   711   710  9.9999999999999998e-13
 506     715   713   260  9.9999999999999998e-13
 507      49  1137  1136  9.9999999999999998e-13
 508     454  1222  1248  9.9999999999999998e-13
 509     339   262   207  9.9999999999999998e-13
 510     919   237   920  9.9999999999999998e-13
 511     619  1176   894  9.9999999999999998e-13
 512     135   679   719  9.9999999999999998e-13
 513    2116  1946  2163  9.9999999999999998e-13
 514    2087  1578   317  9.9999999999999998e-13
 515    1459  1455  1285  9.9999999999999998e-13
 516    1101  1291  1328  9.9999999999999998e-13
 517    1399   409  1363  9.9999999999999998e-17
 518     539  1362   290  9.9999999999999998e-13
 519     992   995   197  9.9999999999999998e-13
 520    1021  1024    39  9.9999999999999998e-13
 521     206  1894  1888  9.9999999999999998e-13
 522     688  1887  1889  9.9999999999999998e-13
 523     269   903   900  9.9999999999999998e-13
 524     463   898   901  9.9999999999999998e-13
 525    1106  1107   364  9.9999999999999998e-13
 526     908   270   905  9.9999999999999998e-13
 527    1002    45  1003  9.9999999999999998e-13
 528     271  1192  1193  9.9999999999999998e-13
 529     272     1   301  9.9999999999999998e-13
 530     172   272   141  9.9999999999999998e-13
 531     139   290   575  9.9999999999999998e-13
 532    1936  1934   578  9.9999999999999998e-13
 533      73  1954  1953  9.9999999999999998e-13
 534    2117    82  2116  9.9999999999999998e-13
 535     275   404   283  9.9999999999999998e-13
 536     275   166   469  9.9999999999999998e-13
 537    1414  1419   408  9.9999999999999998e-13
 538     154   471   472  9.9999999999999998e-13
 539    1966  1967   533  1.0099999999999999e-12
 540     582   194   581  9.9999999999999998e-13
 541     534  1972  1975  1.0099999999999999e-12
 542     279  2001  2003  1.0099999999999999e-12
 543    2291  2292  2290  1.0099999999999999e-12
 544     280  1038  1689  9.9999999999999998e-13
 545     267   995  1189  9.9999999999999998e-13
 546     757  1031  1032  9.9999999999999998e-13
 547    1036  1030  1031  9.9999999999999998e-13
 548     246   219   282  9.9999999999999998e-13
 549     384  1017  1018  9.9999999999999998e-13
 550     570   283    19  9.9999999999999998e-13
 551     166  1099   164  9.9999999999999998e-13
 552    2274   318  2273  1.0099999999999999e-12
 553    1973   277  1964  9.9999999999999998e-13
 554     285     5   503  9.9999999999999998e-13
 555     102   192  1487  9.9999999999999998e-13
 556     286     7  1357  9.9999999999999998e-13
 557     182   286   143  9.9999999999999998e-13
 558     287   470   471  9.9999999999999998e-13
 559     571  1259  1260  9.9999999999999998e-13
 560     477    59   344  9.9999999999999998e-13
 561     729   553   288  9.9999999999999998e-13
 562     376   289    77  9.9999999999999998e-13
 563     289   376   513  9.9999999999999998e-13
 564      14  1359  1365  9.9999999999999998e-13
 565    2092   539   540  9.9999999999999998e-13
 566    1359  1361  1365  9.9999999999999998e-13
 567     601  1401  2080  9.9999999999999998e-13
 568    1504   317  1502  9.9999999999999998e-13
 569    1380  1381  1358  9.9999999999999998e-13
 570     674   531   673  1.0099999999999999e-12
 571    1904  1071  1903  1.0099999999999999e-12
 572    1765   627  1763  1.0099999999999999e-12
 573    2228  2230  2237  1.0099999999999999e-12
 574     865  1174   445  9.9999999999999998e-13
 575     834   841   764  9.9999999999999998e-13
 576    1945    82  1944  9.9999999999999998e-13
 577    1510  2106  2107  9.9999999999999998e-13
 578    1065    33  1064  9.9999999999999998e-13
 579    1978  1979  1877  1.0099999999999999e-12
 580    1255    18  1252  9.9999999999999998e-13
 581     299  1456  1454  9.9999999999999998e-13
 582    1472  1460   308  9.9999999999999998e-13
 583     165  1104  1101  9.9999999999999998e-13
 584    1250  1252    18  9.9999999999999998e-13
 585    1713  2165   142  9.9999999999999998e-13
 586     253   301    12  9.9999999999999998e-13
 587     272   301   144  9.9999999999999998e-13
 588     302     9   538  9.9999999999999998e-13
 589     179   302   148  9.9999999999999998e-13
 590     840   107   839  9.9999999999999998e-13
 591     873   874   303  9.9999999999999998e-13
 592     171   722   931  9.9999999999999998e-13
 593     390   240   389  9.9999999999999998e-13
 594     481  1423   340  9.9999999999999998e-13
 595     276   570  1415  9.9999999999999998e-13
 596    1048   600   248  9.9999999999999998e-13
 597     600  1007  1008  9.9999999999999998e-13
 598     197   995   267  9.9999999999999998e-13
 599    1037   224  1038  9.9999999999999998e-13
 600    1261  1262  1466  9.9999999999999998e-13
 601    1460  1461   308  9.9999999999999998e-13
 602    2035  1538  2034  9.9999999999999998e-13
 603     147   322   564  9.9999999999999998e-13
 604     399  2046  2045  9.9999999999999998e-13
 605    2044   400  2055  9.9999999999999998e-13
 606    1631    99  1630  1.0099999999999999e-12
 607    1658  1656  1657  1.0099999999999999e-12
 608      24  2241  2301  1.0099999999999999e-12
 609    2235  1768   314  1.0099999999999999e-12
 610    2239  2237  2242  1.0099999999999999e-12
 611    2014  2015  2017  1.0099999999999999e-12
 612    1294  1249  1296  9.9999999999999998e-17
 613     162   163   403  9.9999999999999998e-17
 614    1288  1289  1103  9.9999999999999998e-13
 615    1303   315  1302  9.9999999999999998e-13
 616     266  1396  1499  9.9999999999999998e-13
 617     345  2093  2089  9.9999999999999998e-13
 618    1063   447  1062  9.9999999999999998e-13
 619    1067  1973  1068  9.9999999999999998e-13
 620     297  1990  1981  1.0099999999999999e-12
 621    1876   535   543  1.0099999999999999e-12
 622    2021   313  2019  1.0099999999999999e-12
 623    1982  1981  1871  1.0099999999999999e-12
 624    1990   319  2276  1.0099999999999999e-12
 625    2268  2271  2265  1.0099999999999999e-12
 626    2189   562    85  9.9999999999999998e-13
 627     411   348   147  9.9999999999999998e-13
 628    1358  1372  1371  9.9999999999999998e-17
 629     323  1383  1399  9.9999999999999998e-17
 630    1361   601   326  9.9999999999999998e-13
 631    1383  1390  1399  9.9999999999999998e-17
 632     325  1366  1367  9.9999999999999998e-13
 633    1383  1384   156  9.9999999999999998e-13
 634    1397  1398  1400  9.9999999999999998e-13
 635    1537   327   602  9.9999999999999998e-13
 636     746   327   159  9.9999999999999998e-13
 637     291  1931   273  9.9999999999999998e-13
 638     329   606   607  9.9999999999999998e-17
 639    1394    15   605  9.9999999999999998e-13
 640     604   709   710  9.9999999999999998e-13
 641     126   607   330  9.9999999999999998e-17
 642      20   465  1515  9.9999999999999998e-13
 643     603    15   328  9.9999999999999998e-17
 644     330    20   466  9.9999999999999998e-13
 645    1088   180  1089  9.9999999999999998e-13
 646     332   944   945  9.9999999999999998e-13
 647     246   511   512  9.9999999999999998e-13
 648     877   846   847  9.9999999999999998e-13
 649     877   333   914  9.9999999999999998e-13
 650      38   799   800  9.9999999999999998e-13
 651     178  1598  1600  1.0099999999999999e-12
 652    1022   551   221  9.9999999999999998e-13
 653     336   335   551  9.9999999999999998e-13
 654     335   221   551  9.9999999999999998e-13
 655     474   336   201  9.9999999999999998e-13
 656     749  1073   338  9.9999999999999998e-13
 657     747   145   746  9.9999999999999998e-13
 658    1073   595   701  9.9999999999999998e-13
 659     701   338  1073  9.9999999999999998e-13
 660     207   202   339  9.9999999999999998e-13
 661     928   339   202  9.9999999999999998e-13
 662     276  1415  1416  9.9999999999999998e-13
 663     913  1711  1705  9.9999999999999998e-13
 664     912   169   913  9.9999999999999998e-13
 665    1711  1080   341  9.9999999999999998e-13
 666    1371  1380  1358  9.9999999999999998e-13
 667    1389  1051  1499  9.9999999999999998e-13
 668     816   588   815  9.9999999999999998e-13
 669    2068  1172  2036  9.9999999999999998e-13
 670     217   552   218  9.9999999999999998e-13
 671     553   477   552  9.9999999999999998e-13
 672    2094   345  2089  9.9999999999999998e-13
 673    2096  1507  2093  9.9999999999999998e-13
 674    1203  1204   136  9.9999999999999998e-13
 675      76   702   703  9.9999999999999998e-13
 676     560   561    89  9.9999999999999998e-13
 677     347    89   349  9.9999999999999998e-13
 678     147   348   322  9.9999999999999998e-13
 679      68    77   348  9.9999999999999998e-13
 680     322   348   349  9.9999999999999998e-13
 681     348   347   349  9.9999999999999998e-13
 682    1429  1430    86  9.9999999999999998e-13
 683     350    85   561  9.9999999999999998e-13
 684    1482   351  1483  9.9999999999999998e-13
 685    1221   351  1735  9.9999999999999998e-13
 686    1237   439   755  1.0099999999999999e-12
 687     353   525   526  1.0099999999999999e-12
 688    2179  2177   636  1.0099999999999999e-12
 689    2170  2205   635  1.0099999999999999e-12
 690     130   976   977  9.9999999999999998e-13
 691    1186   354  1185  9.9999999999999998e-13
 692    2163  1947   296  9.9999999999999998e-13
 693    1410  2122  2128  9.9999999999999998e-13
 694    1471  1716   771  9.9999999999999998e-13
 695    1827   772  1721  9.9999999999999998e-13
 696    2239  2241    24  1.0099999999999999e-12
 697     594   150   712  9.9999999999999998e-13
 698     706  1247  1694  9.9999999999999998e-13
 699     493  2015  2016  1.0099999999999999e-12
 700    1998  2008  2025  1.0099999999999999e-12
 701      22   879   880  1.0099999999999999e-12
 702     783  1433   421  1.0099999999999999e-12
 703     362   663   662  1.0099999999999999e-12
 704    1859  1128  1790  9.9999999999999998e-13
 705     362   555  1437  9.9999999999999998e-13
 706    1123  1124   521  9.9999999999999998e-13
 707     596   597   740  1.0099999999999999e-12
 708    1434   483  1435  1.0099999999999999e-12
 709    1104   190  1101  9.9999999999999998e-13
 710     468   364   191  9.9999999999999998e-13
 711     949   151   947  9.9999999999999998e-13
 712     970   632   963  9.9999999999999998e-13
 713     965  2201  2200  9.9999999999999998e-13
 714     395   971  1439  9.9999999999999998e-13
 715    1228  1225   823  9.9999999999999998e-13
 716     823  2203  2202  9.9999999999999998e-13
 717    1599  1233   368  1.0099999999999999e-12
 718     821   822   367  1.0099999999999999e-12
 719     178  1601  1602  1.0099999999999999e-12
 720     881   884   524  1.0099999999999999e-12
 721     819   504   801  1.0099999999999999e-12
 722    1592  1594   370  1.0099999999999999e-12
 723    1588   502   741  1.0099999999999999e-12
 724    1904   293  1071  1.0099999999999999e-12
 725     824  1225  1228  9.9999999999999998e-13
 726     366   959   958  9.9999999999999998e-13
 727     272   373     2  9.9999999999999998e-13
 728     255   373   172  9.9999999999999998e-13
 729     196  2251  2252  9.9999999999999998e-13
 730     336   374   201  9.9999999999999998e-13
 731     252  1186  1187  9.9999999999999998e-13
 732    1201   730   731  9.9999999999999998e-13
 733      77    68   376  9.9999999999999998e-13
 734     706   707   346  9.9999999999999998e-13
 735     376    68   377  9.9999999999999998e-13
 736      68    47   705  9.9999999999999998e-13
 737    2267   485  2264  1.0099999999999999e-12
 738    1992  1871  1991  1.0099999999999999e-12
 739    1996   640  1998  1.0099999999999999e-12
 740    2004   279  2003  1.0099999999999999e-12
 741     349   562   322  9.9999999999999998e-13
 742     434  2065  2066  9.9999999999999998e-13
 743    2226  1781  1773  9.9999999999999998e-13
 744    2073  2074   411  9.9999999999999998e-13
 745      79  1491  1493  9.9999999999999998e-13
 746     678  1426    86  9.9999999999999998e-13
 747    1011  1012   393  9.9999999999999998e-13
 748     392   250   251  9.9999999999999998e-13
 749     219  1899  1018  9.9999999999999998e-13
 750    1014  1900  1013  9.9999999999999998e-13
 751     385  1186  1185  9.9999999999999998e-13
 752    1184  1185   977  9.9999999999999998e-13
 753    2262  2263  2261  9.9999999999999998e-13
 754     271  1191  1192  9.9999999999999998e-13
 755     438   387   437  9.9999999999999998e-13
 756     438  1181  1182  9.9999999999999998e-13
 757     924   388   922  9.9999999999999998e-13
 758     926   295   725  9.9999999999999998e-13
 759     390   238  1042  9.9999999999999998e-13
 760     240   242   389  9.9999999999999998e-13
 761     917   390   117  9.9999999999999998e-13
 762     390   917   930  9.9999999999999998e-13
 763    1337  1342   132  9.9999999999999998e-13
 764     270   904   905  9.9999999999999998e-13
 765     600   306   248  9.9999999999999998e-13
 766     392  1008   393  9.9999999999999998e-13
 767    1011   383  1009  9.9999999999999998e-13
 768     394   393   193  9.9999999999999998e-13
 769     394   193   974  9.9999999999999998e-13
 770    1587   153   700  9.9999999999999998e-13
 771    1012  1013   193  9.9999999999999998e-13
 772     395    90   437  9.9999999999999998e-13
 773    1035   224  1034  9.9999999999999998e-13
 774     689   199   396  9.9999999999999998e-13
 775    1033   757  1032  9.9999999999999998e-13
 776     397   817  1589  9.9999999999999998e-13
 777    1794   398  1795  9.9999999999999998e-13
 778    1591  1794   556  9.9999999999999998e-13
 779    1172  2034  2036  9.9999999999999998e-13
 780    2070  2071  2046  9.9999999999999998e-13
 781     906   907   116  9.9999999999999998e-13
 782     400  2048  2050  9.9999999999999998e-13
 783    1483  1484   501  9.9999999999999998e-13
 784     809  2054  2053  9.9999999999999998e-13
 785    1753  1770   624  1.0099999999999999e-12
 786     753   811   752  9.9999999999999998e-13
 787    1314  1312  1311  9.9999999999999998e-17
 788      19   283   404  9.9999999999999998e-13
 789     404   405    19  9.9999999999999998e-17
 790     403  1278   162  9.9999999999999998e-17
 791     162  1278   404  9.9999999999999998e-17
 792     614   615   406  9.9999999999999998e-17
 793    1414   408  1415  9.9999999999999998e-13
 794     405    16   614  9.9999999999999998e-17
 795    1277    16  1276  9.9999999999999998e-13
 796     613    19   405  9.9999999999999998e-17
 797    1422  1419   234  9.9999999999999998e-13
 798     340  1058  1421  9.9999999999999998e-13
 799    1496  1497  1391  9.9999999999999998e-17
 800     324   409  1397  9.9999999999999998e-17
 801    2104   410  2103  9.9999999999999998e-13
 802    1524   428  1523  9.9999999999999998e-13
 803    2064   147   380  9.9999999999999998e-13
 804      47    68   411  9.9999999999999998e-13
 805    2298  2077   495  9.9999999999999998e-13
 806     412  2076  2077  9.9999999999999998e-13
 807    1338  1343   413  9.9999999999999998e-13
 808     391   906   905  9.9999999999999998e-13
 809     557  1347  1344  9.9999999999999998e-13
 810    1355  1350  1351  9.9999999999999998e-13
 811      96   415   133  9.9999999999999998e-13
 812     347   415    89  9.9999999999999998e-13
 813     302   416    10  9.9999999999999998e-13
 814     253   416   179  9.9999999999999998e-13
 815     254   212   417  9.9999999999999998e-13
 816     418   212   218  9.9999999999999998e-13
 817     212   418   417  9.9999999999999998e-13
 818     645   418   218  9.9999999999999998e-13
 819     722   171   720  9.9999999999999998e-13
 820    1208   588  1085  9.9999999999999998e-13
 821     360   778   779  1.0099999999999999e-12
 822    2175   635  2176  1.0099999999999999e-12
 823     599   777   597  1.0099999999999999e-12
 824     777   421   597  1.0099999999999999e-12
 825    1812  1074  1806  1.0099999999999999e-12
 826     886   887  1810  1.0099999999999999e-12
 827    1202  1199   423  9.9999999999999998e-13
 828     730   187   731  9.9999999999999998e-13
 829     187   377   424  9.9999999999999998e-13
 830     704   346   708  9.9999999999999998e-13
 831    2142  2140  2141  9.9999999999999998e-13
 832    2143   425  2142  9.9999999999999998e-13
 833     853   854   426  9.9999999999999998e-13
 834     859   860   863  1.0099999999999999e-12
 835       2   427     1  1.0000000000000001e-05
 836     427   175   754  1.0000000000000001e-05
 837    1524   180  1534  9.9999999999999998e-13
 838    1533  1534  1087  9.9999999999999998e-13
 839     410  2104  2105  9.9999999999999998e-13
 840    2119  2121   100  9.9999999999999998e-13
 841     227  1026   431  9.9999999999999998e-13
 842     229   256   430  9.9999999999999998e-13
 843     609   431    66  9.9999999999999998e-13
 844     229   431   225  9.9999999999999998e-13
 845     433   231  1040  9.9999999999999998e-13
 846     233   257   432  9.9999999999999998e-13
 847     618   433   105  9.9999999999999998e-13
 848     618  1069   433  9.9999999999999998e-13
 849    2063  2065   434  9.9999999999999998e-13
 850     412  2073  2076  9.9999999999999998e-13
 851     811    71   812  9.9999999999999998e-13
 852    1752  1755   402  9.9999999999999998e-13
 853     478   973   193  9.9999999999999998e-13
 854     959   366   962  9.9999999999999998e-13
 855     438   437    90  9.9999999999999998e-13
 856     760   387   398  9.9999999999999998e-13
 857    1180    90  1440  9.9999999999999998e-13
 858    1231    30  1229  1.0099999999999999e-12
 859     857   858  1802  9.9999999999999998e-13
 860    1180  1181   438  9.9999999999999998e-13
 861    1801   858  1800  9.9999999999999998e-13
 862     387  1796  1795  9.9999999999999998e-13
 863    1179  1440   957  9.9999999999999998e-13
 864     755  1183  1235  9.9999999999999998e-13
 865    1892  1893    48  9.9999999999999998e-13
 866     813   802   803  9.9999999999999998e-13
 867     204   997   444  9.9999999999999998e-13
 868     207   262   443  9.9999999999999998e-13
 869     467    57   198  9.9999999999999998e-13
 870     207   444   200  9.9999999999999998e-13
 871     170   934   935  9.9999999999999998e-13
 872     844   864   843  9.9999999999999998e-13
 873    1286   316  1287  9.9999999999999998e-13
 874    1308  1273  1307  9.9999999999999998e-13
 875     745   704   705  9.9999999999999998e-13
 876    1067   318   277  9.9999999999999998e-13
 877     644   505   798  1.0099999999999999e-12
 878    1110  1619  1620  1.0099999999999999e-12
 879    1639  1111  1640  1.0099999999999999e-12
 880     735   452   736  1.0099999999999999e-12
 881    1610  1611   828  1.0099999999999999e-12
 882     732  1968  1969  1.0099999999999999e-12
 883    1660  1093  1649  1.0099999999999999e-12
 884    1805   617  1869  1.0099999999999999e-12
 885     567  1411   453  1.0099999999999999e-12
 886    1970   452   566  1.0099999999999999e-12
 887     738  1819  1820  1.0099999999999999e-12
 888    1843  1757  1851  1.0099999999999999e-12
 889    1218   752  1354  9.9999999999999998e-13
 890    1854  1855   455  9.9999999999999998e-13
 891    1752  1218  1751  9.9999999999999998e-13
 892     630  1838  1837  1.0099999999999999e-12
 893    1446   460  1445  1.0099999999999999e-12
 894    1837   629  1836  1.0099999999999999e-12
 895    2186  1447  1924  1.0099999999999999e-12
 896    1212  1214   261  9.9999999999999998e-13
 897    1832  1833  1845  9.9999999999999998e-13
 898    1759   459  1760  1.0099999999999999e-12
 899    1771   624  1770  1.0099999999999999e-12
 900      23  1836  1834  1.0099999999999999e-12
 901    1113   173  1112  1.0099999999999999e-12
 902    1719   775  1718  9.9999999999999998e-13
 903    1334  1342   413  9.9999999999999998e-13
 904    1625  1098   450  1.0099999999999999e-12
 905    1091  1641  1642  1.0099999999999999e-12
 906     114   897   898  9.9999999999999998e-13
 907     894   895   619  9.9999999999999998e-13
 908     206   268   464  9.9999999999999998e-13
 909     464   268   999  9.9999999999999998e-13
 910    1514   266  1513  9.9999999999999998e-13
 911    1526   465  1514  9.9999999999999998e-13
 912     160  1517  1527  9.9999999999999998e-13
 913     466  1529  1530  9.9999999999999998e-13
 914     200   467   267  9.9999999999999998e-13
 915     444    57   467  9.9999999999999998e-13
 916     364   468   235  9.9999999999999998e-13
 917     191   269   468  9.9999999999999998e-13
 918     166   164   470  9.9999999999999998e-13
 919     300  1255  1252  9.9999999999999998e-13
 920     471   470   164  9.9999999999999998e-13
 921     300   470   287  9.9999999999999998e-13
 922     471  1057   472  9.9999999999999998e-13
 923     471   154  1260  9.9999999999999998e-13
 924     471   164  1057  9.9999999999999998e-13
 925     472  1323  1322  9.9999999999999998e-13
 926    1323   138  1324  9.9999999999999998e-13
 927     572  1267  1268  9.9999999999999998e-13
 928     646   474   201  9.9999999999999998e-13
 929     475   474   258  9.9999999999999998e-13
 930     476   475   258  9.9999999999999998e-13
 931    1244   152   385  9.9999999999999998e-13
 932     476   258   788  9.9999999999999998e-13
 933    1200  1207    58  9.9999999999999998e-13
 934     552   344   218  9.9999999999999998e-13
 935     729   243   477  9.9999999999999998e-13
 936    1884   365   968  9.9999999999999998e-13
 937     973   478   972  9.9999999999999998e-13
 938      35  1913  1914  1.0099999999999999e-12
 939    2025  2029  1988  1.0099999999999999e-12
 940    1417   481  1416  9.9999999999999998e-13
 941     911   912   305  9.9999999999999998e-13
 942     481  1417  1418  9.9999999999999998e-13
 943    1702  1704  1706  9.9999999999999998e-13
 944     633   483   360  1.0099999999999999e-12
 945     667  1903  1926  1.0099999999999999e-12
 946     485  1065  2266  9.9999999999999998e-13
 947    2278  1064  2273  9.9999999999999998e-13
 948    2266  2264   485  9.9999999999999998e-13
 949     745  2249   484  9.9999999999999998e-13
 950     321  2268  2265  1.0099999999999999e-12
 951    1995  1994   378  1.0099999999999999e-12
 952    2247  2074  2075  9.9999999999999998e-13
 953    2237   488  2228  1.0099999999999999e-12
 954    2228   488  2229  9.9999999999999998e-13
 955    2075  2225   487  9.9999999999999998e-13
 956    1772  1774   639  1.0099999999999999e-12
 957     638  2230  2232  1.0099999999999999e-12
 958     489  2234  2236  1.0099999999999999e-12
 959    2243  2244  2245  1.0099999999999999e-12
 960     640   491   359  1.0099999999999999e-12
 961    1996   320  1995  1.0099999999999999e-12
 962     314  2293   492  1.0099999999999999e-12
 963    2245  2246  2240  1.0099999999999999e-12
 964    1769   314  1768  1.0099999999999999e-12
 965     641  2010  2011  1.0099999999999999e-12
 966    2017   497  2014  1.0099999999999999e-12
 967    2220  1059  1901  9.9999999999999998e-13
 968    2075   487  2247  9.9999999999999998e-13
 969     801   504   797  1.0099999999999999e-12
 970    2020   494  2022  1.0099999999999999e-12
 971    2015  2014   359  1.0099999999999999e-12
 972    1339   498  1337  9.9999999999999998e-13
 973    1736  1737  1339  9.9999999999999998e-13
 974    1731  1730  1728  9.9999999999999998e-13
 975    1345  1481   501  9.9999999999999998e-13
 976    1727  1341  1725  9.9999999999999998e-13
 977     699  1220  1219  9.9999999999999998e-13
 978    1484    81   501  9.9999999999999998e-13
 979    1350   557  1346  9.9999999999999998e-13
 980    2172  1588  2169  1.0099999999999999e-12
 981    1913   743  1912  1.0099999999999999e-12
 982     255   503     4  9.9999999999999998e-13
 983     285   503   183  9.9999999999999998e-13
 984    2135   796  2134  9.9999999999999998e-13
 985    2133  2134   515  9.9999999999999998e-13
 986    1618  1612   334  1.0099999999999999e-12
 987    1592   643   826  1.0099999999999999e-12
 988     590    21   732  1.0099999999999999e-12
 989    1616  1617   506  1.0099999999999999e-12
 990    1618   508  1612  1.0099999999999999e-12
 991     518   507   590  1.0099999999999999e-12
 992      38   517   644  1.0099999999999999e-12
 993    1614  1110  1613  1.0099999999999999e-12
 994    1027  1028  1025  9.9999999999999998e-13
 995    1030  1036   509  9.9999999999999998e-13
 996     129   988   586  9.9999999999999998e-13
 997     281   984   985  9.9999999999999998e-13
 998     244  1045   512  9.9999999999999998e-13
 999     246   282   511  9.9999999999999998e-13
1000     942   512   123  9.9999999999999998e-13
1001     246   512   332  9.9999999999999998e-13
1002     730   513   187  9.9999999999999998e-13
1003      75    83   513  9.9999999999999998e-13
1004    1406  2120  2123  9.9999999999999998e-13
1005     514  1404  2158  9.9999999999999998e-13
1006    1405  2137  2132  9.9999999999999998e-13
1007    2138   504  2139  9.9999999999999998e-13
1008    1950   189  1949  9.9999999999999998e-13
1009     800   517    38  9.9999999999999998e-13
1010     518   517   507  1.0099999999999999e-12
1011     686    52   687  9.9999999999999998e-13
1012     590   507  2286  1.0099999999999999e-12
1013    1614  1615   506  1.0099999999999999e-12
1014     687  1958   519  9.9999999999999998e-13
1015    1060   507   519  9.9999999999999998e-13
1016    2202    40   821  9.9999999999999998e-13
1017     966   956   964  9.9999999999999998e-13
1018     521  1122  1123  9.9999999999999998e-13
1019    1145  2211   660  9.9999999999999998e-13
1020     777   599   522  1.0099999999999999e-12
1021     784   523   779  1.0099999999999999e-12
1022     548   859   863  1.0099999999999999e-12
1023     781   634   780  1.0099999999999999e-12
1024     884   885   524  1.0099999999999999e-12
1025     781   420   634  1.0099999999999999e-12
1026     886   525   885  1.0099999999999999e-12
1027     638  2237  2230  1.0099999999999999e-12
1028     886   888   525  1.0099999999999999e-12
1029    1151  1152  1135  1.0099999999999999e-12
1030    1669   195  1666  1.0099999999999999e-12
1031     526  1670  1671  1.0099999999999999e-12
1032    1223   351  1221  9.9999999999999998e-13
1033     529  1149  1224  9.9999999999999998e-13
1034    1213  1211  1212  9.9999999999999998e-13
1035    1133  1211  1210  9.9999999999999998e-13
1036    1136  1135    49  9.9999999999999998e-13
1037    1448   532  1168  1.0099999999999999e-12
1038      49  1135  1152  1.0099999999999999e-12
1039    1443   792   173  1.0099999999999999e-12
1040     630  1159  1166  1.0099999999999999e-12
1041    1060  1962  1963  9.9999999999999998e-13
1042      21   590  2286  1.0099999999999999e-12
1043    1965  1966  1964  1.0099999999999999e-12
1044     567  1971  1411  1.0099999999999999e-12
1045     543   277   318  1.0099999999999999e-12
1046    1877  1976  1978  1.0099999999999999e-12
1047      52  1955  1956  9.9999999999999998e-13
1048    1066   284  1062  9.9999999999999998e-13
1049       9   537     8  1.0000000000000001e-05
1050     537   175   763  1.0000000000000001e-05
1051     286   538     8  9.9999999999999998e-13
1052     302   538   182  9.9999999999999998e-13
1053     139    93   540  9.9999999999999998e-13
1054    1379  1360  1373  9.9999999999999998e-13
1055    2118  2160   541  9.9999999999999998e-13
1056    2092   264  2091  9.9999999999999998e-13
1057    2162   541  2160  9.9999999999999998e-13
1058    2115   761  2114  9.9999999999999998e-13
1059     865   445   843  9.9999999999999998e-13
1060     874   869   656  9.9999999999999998e-13
1061    1876   319   297  1.0099999999999999e-12
1062     535  1965   543  1.0099999999999999e-12
1063     544  1552  1082  9.9999999999999998e-13
1064     850   544   848  9.9999999999999998e-13
1065      98   653   556  9.9999999999999998e-13
1066     855   592   854  9.9999999999999998e-13
1067    2281  2280   784  1.0099999999999999e-12
1068     598    51   596  9.9999999999999998e-13
1069     862   550   861  9.9999999999999998e-13
1070      51   598   550  9.9999999999999998e-13
1071     856   426   854  9.9999999999999998e-13
1072      22   784  2280  1.0099999999999999e-12
1073     858  1801  1802  9.9999999999999998e-13
1074     612  1928   549  1.0099999999999999e-12
1075     426   856   861  9.9999999999999998e-13
1076     547   599  2279  1.0099999999999999e-12
1077     996    29   991  9.9999999999999998e-13
1078     336   551   374  9.9999999999999998e-13
1079     552   217   553  9.9999999999999998e-13
1080     477   344   552  9.9999999999999998e-13
1081     553   217   554  9.9999999999999998e-13
1082     288   553   594  9.9999999999999998e-13
1083    1196   217   218  9.9999999999999998e-13
1084     554  1205  1247  9.9999999999999998e-13
1085      51   597   596  1.0099999999999999e-12
1086     596   740   362  1.0099999999999999e-12
1087    1798  1799    98  9.9999999999999998e-13
1088     149   691   690  9.9999999999999998e-13
1089     558  1346  1345  9.9999999999999998e-13
1090     557   414   568  9.9999999999999998e-13
1091     501    81   558  9.9999999999999998e-13
1092    1356   559  1352  9.9999999999999998e-13
1093     559  1351  1352  9.9999999999999998e-13
1094     808  1355  1700  9.9999999999999998e-13
1095    1880    96  1879  9.9999999999999998e-13
1096     561   560   350  9.9999999999999998e-13
1097     561    85   562  9.9999999999999998e-13
1098     349    89   561  9.9999999999999998e-13
1099    2041  1431  2040  9.9999999999999998e-13
1100     562   563   564  9.9999999999999998e-13
1101    2061   310   812  9.9999999999999998e-13
1102     562   564   322  9.9999999999999998e-13
1103     563   380   564  9.9999999999999998e-13
1104     147   564   380  9.9999999999999998e-13
1105     565  1975  1972  1.0099999999999999e-12
1106     733   732   566  1.0099999999999999e-12
1107     566   732  1969  1.0099999999999999e-12
1108     736   449   735  1.0099999999999999e-12
1109    1969  1970   566  1.0099999999999999e-12
1110     567  1970  1971  1.0099999999999999e-12
1111    2051  2056  2057  9.9999999999999998e-13
1112    2057  2058   568  9.9999999999999998e-13
1113       5   569     4  1.0000000000000001e-05
1114     427   569   175  1.0000000000000001e-05
1115      19   613   570  9.9999999999999998e-13
1116     570   613  1413  9.9999999999999998e-13
1117    1265   573  1266  9.9999999999999998e-13
1118    1461  1466   587  9.9999999999999998e-13
1119    1570  1582  1116  9.9999999999999998e-13
1120      87  1478  1477  9.9999999999999998e-13
1121    1265  1480   573  9.9999999999999998e-13
1122    1267  1263  1266  9.9999999999999998e-13
1123    1116  1558  1570  9.9999999999999998e-13
1124      70  1131  1139  9.9999999999999998e-13
1125      14  1377  1375  9.9999999999999998e-13
1126     576   291   273  9.9999999999999998e-13
1127     291   576   575  9.9999999999999998e-13
1128     577   576   273  9.9999999999999998e-13
1129     577   273  1936  9.9999999999999998e-13
1130     577  1937  1938  9.9999999999999998e-13
1131    1931  1933   273  9.9999999999999998e-13
1132     145   747   751  9.9999999999999998e-13
1133     750   101   749  9.9999999999999998e-13
1134     194   274   579  9.9999999999999998e-13
1135     581   580    76  9.9999999999999998e-13
1136     194   579   580  9.9999999999999998e-13
1137      76   703  1902  9.9999999999999998e-13
1138     284  1974   581  9.9999999999999998e-13
1139     655  1956  1957  9.9999999999999998e-13
1140    1954  1955   683  9.9999999999999998e-13
1141     911  1687   169  9.9999999999999998e-13
1142     910   616   909  9.9999999999999998e-13
1143     834   839   832  9.9999999999999998e-13
1144     868   869   584  9.9999999999999998e-13
1145     306   251   585  9.9999999999999998e-13
1146     700   586   251  9.9999999999999998e-13
1147     251   586   585  9.9999999999999998e-13
1148     510   981   979  9.9999999999999998e-13
1149    1475  1476   587  9.9999999999999998e-13
1150    1471   771  1467  9.9999999999999998e-13
1151     814   122   813  9.9999999999999998e-13
1152     588   814   815  9.9999999999999998e-13
1153    2276   486   378  1.0099999999999999e-12
1154    2287  2272    33  1.0099999999999999e-12
1155    1968    21  2285  1.0099999999999999e-12
1156     590  1616  1615  1.0099999999999999e-12
1157     664   662   663  1.0099999999999999e-12
1158     591   665   666  1.0099999999999999e-12
1159    1797  1798    98  9.9999999999999998e-13
1160     859   857    74  9.9999999999999998e-13
1161     593   856   857  9.9999999999999998e-13
1162     862   861   593  9.9999999999999998e-13
1163     553   554   594  9.9999999999999998e-13
1164     595   554   358  9.9999999999999998e-13
1165     554   595   594  9.9999999999999998e-13
1166     595   358   701  9.9999999999999998e-13
1167    1437   546   598  9.9999999999999998e-13
1168    1436  1437   555  9.9999999999999998e-13
1169     597    51   599  1.0099999999999999e-12
1170     421   663   740  1.0099999999999999e-12
1171     596   362  1437  9.9999999999999998e-13
1172     550   598   546  9.9999999999999998e-13
1173      51  2279   599  1.0099999999999999e-12
1174    2281   599   547  1.0099999999999999e-12
1175    1001  1007    46  9.9999999999999998e-13
1176     392   306   600  9.9999999999999998e-13
1177    1395  1393  1394  9.9999999999999998e-13
1178    1536  2080  1401  9.9999999999999998e-13
1179     602  1536  1537  9.9999999999999998e-13
1180    1930   602   327  9.9999999999999998e-13
1181     606    20   330  9.9999999999999998e-17
1182     603   606   329  9.9999999999999998e-17
1183     260   713   608  9.9999999999999998e-13
1184     603   605    15  9.9999999999999998e-13
1185     608   605   604  9.9999999999999998e-13
1186      15  1394  1393  9.9999999999999998e-13
1187     603   328   606  9.9999999999999998e-17
1188      20   606   328  9.9999999999999998e-17
1189     126   125   607  9.9999999999999998e-17
1190     329   607   125  9.9999999999999998e-17
1191     260   608   604  9.9999999999999998e-13
1192    1537   608   159  9.9999999999999998e-13
1193     335   225   609  9.9999999999999998e-13
1194     431   609   225  9.9999999999999998e-13
1195    1594  1595   370  1.0099999999999999e-12
1196     611  1236  1232  1.0099999999999999e-12
1197    1233   611  1232  1.0099999999999999e-12
1198     549   860   612  1.0099999999999999e-12
1199    1237  1240   439  1.0099999999999999e-12
1200     612  1239  1928  1.0099999999999999e-12
1201     614    16   407  9.9999999999999998e-17
1202     406   613   614  9.9999999999999998e-17
1203     405   614   613  9.9999999999999998e-17
1204     615   407   235  9.9999999999999998e-17
1205     235   234   615  9.9999999999999998e-17
1206     406   615   234  9.9999999999999998e-17
1207     112   896   909  9.9999999999999998e-13
1208    1420  1417   408  9.9999999999999998e-13
1209    1637  1806  1074  1.0099999999999999e-12
1210    1663  1664   891  1.0099999999999999e-12
1211     105   831   618  9.9999999999999998e-13
1212     618   831   833  9.9999999999999998e-13
1213     892  1176   108  9.9999999999999998e-13
1214     895   184   620  9.9999999999999998e-13
1215     621   620   184  9.9999999999999998e-13
1216     135   263   620  9.9999999999999998e-13
1217     908   621   184  9.9999999999999998e-13
1218    2058  2067   568  9.9999999999999998e-13
1219    2067   621   116  9.9999999999999998e-13
1220     723  1881   623  9.9999999999999998e-13
1221     803   623  1882  9.9999999999999998e-13
1222     171   718   720  9.9999999999999998e-13
1223      50  1756  1753  1.0099999999999999e-12
1224    1766   624  1779  9.9999999999999998e-13
1225    1756  1770  1753  1.0099999999999999e-12
1226    1774  1777  1778  1.0099999999999999e-12
1227    1767   294  1763  1.0099999999999999e-12
1228     489  2233  2234  1.0099999999999999e-12
1229    1857  1858   294  1.0099999999999999e-12
1230    1769  1768  2215  1.0099999999999999e-12
1231    1853  1758  1756  1.0099999999999999e-12
1232     628  1758  1759  1.0099999999999999e-12
1233     630  1837  1160  1.0099999999999999e-12
1234    1844  1843   629  1.0099999999999999e-12
1235    1160  1158  1164  1.0099999999999999e-12
1236     630   460   631  1.0099999999999999e-12
1237    2078   460  1446  1.0099999999999999e-12
1238    1762   631  2079  1.0099999999999999e-12
1239     151   951   967  9.9999999999999998e-13
1240     958   959   963  9.9999999999999998e-13
1241     634   633   360  1.0099999999999999e-12
1242    2168  1588  1909  1.0099999999999999e-12
1243     780   360   779  1.0099999999999999e-12
1244    2205  2206   635  1.0099999999999999e-12
1245    2180   782   353  1.0099999999999999e-12
1246    2171  1425  2184  1.0099999999999999e-12
1247    1675   526  1673  1.0099999999999999e-12
1248    2175  2177  1425  1.0099999999999999e-12
1249    1681  1675  1680  1.0099999999999999e-12
1250      48  1897  1898  9.9999999999999998e-13
1251     490  2242  2243  1.0099999999999999e-12
1252    2226  2250  2227  9.9999999999999998e-13
1253    1772    32  1771  1.0099999999999999e-12
1254    2009  2010   641  1.0099999999999999e-12
1255     480    37  1988  1.0099999999999999e-12
1256    2014  2010   359  1.0099999999999999e-12
1257    1989  2027  2028  1.0099999999999999e-12
1258    2023  2022  2024  1.0099999999999999e-12
1259    2013  2026  2012  1.0099999999999999e-12
1260     826   505   334  1.0099999999999999e-12
1261     517   518   644  1.0099999999999999e-12
1262    1618   518   508  1.0099999999999999e-12
1263     418   645   215  9.9999999999999998e-13
1264     218   344   645  9.9999999999999998e-13
1265    1891   201  1890  9.9999999999999998e-13
1266     646    48   786  9.9999999999999998e-13
1267    1887  1890  1889  9.9999999999999998e-13
1268    1895   816  1894  9.9999999999999998e-13
1269    1996  1999   491  1.0099999999999999e-12
1270    1994  1995   320  1.0099999999999999e-12
1271     366   954   955  9.9999999999999998e-13
1272     954   958   950  9.9999999999999998e-13
1273     677   531   675  1.0099999999999999e-12
1274    1160    23  1158  1.0099999999999999e-12
1275     884   549   352  1.0099999999999999e-12
1276     879  1686   878  1.0099999999999999e-12
1277    1202   211  1198  9.9999999999999998e-13
1278    1205   652  1203  9.9999999999999998e-13
1279     545   850   849  9.9999999999999998e-13
1280    1824   852  1821  9.9999999999999998e-13
1281    1118  1562  1561  9.9999999999999998e-13
1282     658  1123  1572  9.9999999999999998e-13
1283    1974  1068  1957  9.9999999999999998e-13
1284    1962   655  1961  9.9999999999999998e-13
1285     864   656   188  9.9999999999999998e-13
1286     169  1687   875  9.9999999999999998e-13
1287     657  2170  2171  1.0099999999999999e-12
1288    2173  1913   502  1.0099999999999999e-12
1289    1575   658  1573  9.9999999999999998e-13
1290     530  1133  1134  9.9999999999999998e-13
1291     659  1124  1125  9.9999999999999998e-13
1292    1125   790   659  9.9999999999999998e-13
1293     791   669  1146  1.0099999999999999e-12
1294     521  1124  1126  9.9999999999999998e-13
1295     529  1442  1144  9.9999999999999998e-13
1296    1140    70  1139  9.9999999999999998e-13
1297     790   362   662  9.9999999999999998e-13
1298     662    31   659  9.9999999999999998e-13
1299     421   363   663  1.0099999999999999e-12
1300     663   665   664  1.0099999999999999e-12
1301     665   663   363  1.0099999999999999e-12
1302     591   669   791  1.0099999999999999e-12
1303     666   665   363  1.0099999999999999e-12
1304     791   665   591  1.0099999999999999e-12
1305    1926  1903   666  1.0099999999999999e-12
1306     674   666  1071  1.0099999999999999e-12
1307    1433  1434  1926  1.0099999999999999e-12
1308    1905   668  1906  1.0099999999999999e-12
1309     668  1905  1907  1.0099999999999999e-12
1310     792   676   794  1.0099999999999999e-12
1311     660    31   791  1.0099999999999999e-12
1312     670  1152  1151  1.0099999999999999e-12
1313     673   669   591  1.0099999999999999e-12
1314    1154   671  1153  1.0099999999999999e-12
1315    1152  1155    49  1.0099999999999999e-12
1316     672  1156  1157  1.0099999999999999e-12
1317    1158   672  1157  1.0099999999999999e-12
1318     672  1137  1156  9.9999999999999998e-13
1319     674   591   666  1.0099999999999999e-12
1320    1161   673   531  1.0099999999999999e-12
1321     591   674   673  1.0099999999999999e-12
1322     674  1071   675  1.0099999999999999e-12
1323     676   675   293  1.0099999999999999e-12
1324     671  1154  1162  1.0099999999999999e-12
1325     293  1904  1906  1.0099999999999999e-12
1326     792   532   676  1.0099999999999999e-12
1327    1448   675   676  1.0099999999999999e-12
1328     650  1162  1163  1.0099999999999999e-12
1329    1426   103   382  9.9999999999999998e-13
1330    1879   678    86  9.9999999999999998e-13
1331     110  1881   622  9.9999999999999998e-13
1332     720   802   722  9.9999999999999998e-13
1333     680  1952  1948  9.9999999999999998e-13
1334     762  2147  2146  9.9999999999999998e-13
1335    1953  1952    73  9.9999999999999998e-13
1336     682  1950  1951  9.9999999999999998e-13
1337     683   686  1951  9.9999999999999998e-13
1338     682   516   795  9.9999999999999998e-13
1339    1954   683  1953  9.9999999999999998e-13
1340     683    52   686  9.9999999999999998e-13
1341    1940    73  1939  9.9999999999999998e-13
1342     194   582   684  9.9999999999999998e-13
1343     685  1947  1948  9.9999999999999998e-13
1344    2153  2155  2159  9.9999999999999998e-13
1345    1956  1958    52  9.9999999999999998e-13
1346     516   682   686  9.9999999999999998e-13
1347     800   519   517  9.9999999999999998e-13
1348     516   686   687  9.9999999999999998e-13
1349    1000   998   999  9.9999999999999998e-13
1350     688  1886  1887  9.9999999999999998e-13
1351     689   396  1035  9.9999999999999998e-13
1352     689   149   690  9.9999999999999998e-13
1353    1590  1591   149  9.9999999999999998e-13
1354     202   690   929  9.9999999999999998e-13
1355     692   556   653  9.9999999999999998e-13
1356     925   928   933  9.9999999999999998e-13
1357    1822  1823   849  9.9999999999999998e-13
1358     852  1825   692  9.9999999999999998e-13
1359    1703   340  1424  9.9999999999999998e-13
1360    1548   694  1545  9.9999999999999998e-13
1361     694  1548  1549  9.9999999999999998e-13
1362    1571   654  1562  9.9999999999999998e-13
1363     333  1081  1080  9.9999999999999998e-13
1364     695  1551  1554  9.9999999999999998e-13
1365    1082   333   847  9.9999999999999998e-13
1366    1551  1552    72  9.9999999999999998e-13
1367    1582  1784  1128  9.9999999999999998e-13
1368    1132   698  2167  9.9999999999999998e-13
1369     699  1209  1210  9.9999999999999998e-13
1370     185  1742  1732  9.9999999999999998e-13
1371    2166  2167   698  9.9999999999999998e-13
1372     699  1210  1211  9.9999999999999998e-13
1373     250   700   251  9.9999999999999998e-13
1374     985   700   153  9.9999999999999998e-13
1375     358   706   701  9.9999999999999998e-13
1376     702    76   750  9.9999999999999998e-13
1377     706   702   701  9.9999999999999998e-13
1378     703   702   346  9.9999999999999998e-13
1379     707   708   346  9.9999999999999998e-13
1380      67  1061  1902  9.9999999999999998e-13
1381     377   705   704  9.9999999999999998e-13
1382     745    67   704  9.9999999999999998e-13
1383      68   705   377  9.9999999999999998e-13
1384      47  2248  2249  9.9999999999999998e-13
1385     358   554  1247  9.9999999999999998e-13
1386     702   706   346  9.9999999999999998e-13
1387     136  1695  1694  9.9999999999999998e-13
1388     707  1695  1696  9.9999999999999998e-13
1389    1696   708   707  9.9999999999999998e-13
1390     377   704   708  9.9999999999999998e-13
1391     710   329   125  9.9999999999999998e-13
1392     604   605   709  9.9999999999999998e-13
1393     711   125   941  9.9999999999999998e-13
1394     260   604   710  9.9999999999999998e-13
1395    1046   124  1044  9.9999999999999998e-13
1396     288   594   712  9.9999999999999998e-13
1397     288   712   711  9.9999999999999998e-13
1398     715   150   337  9.9999999999999998e-13
1399     715   260   712  9.9999999999999998e-13
1400     714   713   337  9.9999999999999998e-13
1401     747   748   101  9.9999999999999998e-13
1402    1932  1931   327  9.9999999999999998e-13
1403     150   715   712  9.9999999999999998e-13
1404     337   713   715  9.9999999999999998e-13
1405     718   716   233  9.9999999999999998e-13
1406     304   716   171  9.9999999999999998e-13
1407     716   304   717  9.9999999999999998e-13
1408     304   917   921  9.9999999999999998e-13
1409     719   718   233  9.9999999999999998e-13
1410     718   679   720  9.9999999999999998e-13
1411    1069   233   433  9.9999999999999998e-13
1412     135   719   263  9.9999999999999998e-13
1413     721   720   679  9.9999999999999998e-13
1414     722   419   931  9.9999999999999998e-13
1415     723   679   135  9.9999999999999998e-13
1416     802   721   623  9.9999999999999998e-13
1417     802   720   721  9.9999999999999998e-13
1418    1208   722   122  9.9999999999999998e-13
1419     679   723   721  9.9999999999999998e-13
1420     135   622   723  9.9999999999999998e-13
1421     987   989   127  9.9999999999999998e-13
1422     252   724   354  9.9999999999999998e-13
1423     725   388   926  9.9999999999999998e-13
1424     836   230   837  9.9999999999999998e-13
1425    1166  1159  1165  1.0099999999999999e-12
1426    1539   457  1447  1.0099999999999999e-12
1427      27   728  2082  1.0099999999999999e-12
1428     553   729   477  9.9999999999999998e-13
1429    1540  1539  2288  1.0099999999999999e-12
1430     288   711  1046  9.9999999999999998e-13
1431     187   424   731  9.9999999999999998e-13
1432     730    58   476  9.9999999999999998e-13
1433    1204   731   424  9.9999999999999998e-13
1434    1199  1200  1201  9.9999999999999998e-13
1435     733   566   452  1.0099999999999999e-12
1436    1615  1616   506  1.0099999999999999e-12
1437     734   733   452  1.0099999999999999e-12
1438    1617  1616   732  1.0099999999999999e-12
1439     735   734   452  1.0099999999999999e-12
1440    1620   448  1110  1.0099999999999999e-12
1441     736   452   567  1.0099999999999999e-12
1442    1623  1624   450  1.0099999999999999e-12
1443     567   453   736  1.0099999999999999e-12
1444    1658  2291   737  1.0099999999999999e-12
1445    1659  1683   739  1.0099999999999999e-12
1446    1818  1097  1652  1.0099999999999999e-12
1447    1097  1657  1655  1.0099999999999999e-12
1448    1820  1683  1659  1.0099999999999999e-12
1449     421   740   597  1.0099999999999999e-12
1450     663   362   740  1.0099999999999999e-12
1451    1909  1588  1908  1.0099999999999999e-12
1452    1912  1911   741  1.0099999999999999e-12
1453    1923  1113  1921  1.0099999999999999e-12
1454     743    35  1114  1.0099999999999999e-12
1455    1910   668  1907  1.0099999999999999e-12
1456    1918   744  1919  1.0099999999999999e-12
1457     794  1917  1925  1.0099999999999999e-12
1458    2249   705    47  9.9999999999999998e-13
1459     745   484  1063  9.9999999999999998e-13
1460     159   714   746  9.9999999999999998e-13
1461     747   746   714  9.9999999999999998e-13
1462     748   747   714  9.9999999999999998e-13
1463     751   101   579  9.9999999999999998e-13
1464     714   337   748  9.9999999999999998e-13
1465     150  1073   337  9.9999999999999998e-13
1466     337   749   748  9.9999999999999998e-13
1467     749   338   750  9.9999999999999998e-13
1468     702   750   338  9.9999999999999998e-13
1469      76   580   750  9.9999999999999998e-13
1470     101   751   747  9.9999999999999998e-13
1471    1934  1935   578  9.9999999999999998e-13
1472     752  1353  1354  9.9999999999999998e-13
1473     752   402   753  9.9999999999999998e-13
1474    1766   753   402  9.9999999999999998e-13
1475    2065   753   435  9.9999999999999998e-13
1476     537   754   175  1.0000000000000001e-05
1477      11   754    10  1.0000000000000001e-05
1478    1182  1449  1803  9.9999999999999998e-13
1479      30  1235  1183  9.9999999999999998e-13
1480     226   982   983  9.9999999999999998e-13
1481    1037  1036   757  9.9999999999999998e-13
1482    1031   756  1032  9.9999999999999998e-13
1483     281   985   986  9.9999999999999998e-13
1484     153  1587   759  9.9999999999999998e-13
1485    1033  1034   224  9.9999999999999998e-13
1486     759   131   760  9.9999999999999998e-13
1487     758   759   817  9.9999999999999998e-13
1488     131   437   760  9.9999999999999998e-13
1489     387   760   437  9.9999999999999998e-13
1490    1959   296  1947  9.9999999999999998e-13
1491    2111   140  2095  9.9999999999999998e-13
1492    2145  1512  2144  9.9999999999999998e-13
1493    1511  2141  2112  9.9999999999999998e-13
1494       5     6   763  1.0000000000000001e-05
1495     537   763     6  1.0000000000000001e-05
1496     839   834   764  9.9999999999999998e-13
1497     842  1684   841  9.9999999999999998e-13
1498     767  1862   769  9.9999999999999998e-13
1499    1477   765  1476  9.9999999999999998e-13
1500    1792    80  1791  9.9999999999999998e-13
1501    1718  1720   772  9.9999999999999998e-13
1502    1478  1479  1870  9.9999999999999998e-13
1503     767  1870  1861  9.9999999999999998e-13
1504    1790  1128  1788  9.9999999999999998e-13
1505    1732  1742  1170  9.9999999999999998e-13
1506     769   765  1477  9.9999999999999998e-13
1507    1866  1868   766  9.9999999999999998e-13
1508    1866   766  1864  9.9999999999999998e-13
1509    1736   461  1723  9.9999999999999998e-13
1510    1716  1717   771  9.9999999999999998e-13
1511    1473  1474  1284  9.9999999999999998e-13
1512    1717  1718   772  9.9999999999999998e-13
1513     772  1720  1721  9.9999999999999998e-13
1514     132  1335  1336  9.9999999999999998e-13
1515    1101  1328   165  9.9999999999999998e-13
1516    1335   774  1331  9.9999999999999998e-13
1517    1333   776  1332  9.9999999999999998e-13
1518     356  1719  1718  9.9999999999999998e-13
1519    1724  1725  1723  9.9999999999999998e-13
1520     776  1329  1332  9.9999999999999998e-13
1521     776   391   904  9.9999999999999998e-13
1522     778   777   522  1.0099999999999999e-12
1523     783   421   777  1.0099999999999999e-12
1524     779   778   522  1.0099999999999999e-12
1525     483   778   360  1.0099999999999999e-12
1526     784   779   522  1.0099999999999999e-12
1527     780   779   523  1.0099999999999999e-12
1528     780   523   781  1.0099999999999999e-12
1529     634   360   780  1.0099999999999999e-12
1530     882   523   880  1.0099999999999999e-12
1531     883   782   781  1.0099999999999999e-12
1532     781   882   883  1.0099999999999999e-12
1533     525   353   782  1.0099999999999999e-12
1534     778   783   777  1.0099999999999999e-12
1535    1433   783   483  1.0099999999999999e-12
1536    2280  2281   547  1.0099999999999999e-12
1537     784    22   880  1.0099999999999999e-12
1538    1681   637  2224  1.0099999999999999e-12
1539    2179   168  2177  1.0099999999999999e-12
1540     786  1898   787  9.9999999999999998e-13
1541      69  1490  1489  9.9999999999999998e-13
1542    1495   788  1494  9.9999999999999998e-13
1543     787  1489  1494  9.9999999999999998e-13
1544     476   788    75  9.9999999999999998e-13
1545    2084   361  2083  9.9999999999999998e-13
1546     789   555   790  9.9999999999999998e-13
1547     362   790   555  9.9999999999999998e-13
1548     659   790   662  9.9999999999999998e-13
1549      31   664   791  1.0099999999999999e-12
1550     791   664   665  1.0099999999999999e-12
1551    1906   676   293  1.0099999999999999e-12
1552    1443   793  1167  1.0099999999999999e-12
1553     793  1443  1444  1.0099999999999999e-12
1554    1445   793  1444  1.0099999999999999e-12
1555    1910  1915   668  1.0099999999999999e-12
1556     794  1915  1917  1.0099999999999999e-12
1557     801   505   643  1.0099999999999999e-12
1558     969   520   965  9.9999999999999998e-13
1559     818   516   799  9.9999999999999998e-13
1560    2139   796  2138  9.9999999999999998e-13
1561     799    38   797  9.9999999999999998e-13
1562     799   797   818  9.9999999999999998e-13
1563      38   644   798  1.0099999999999999e-12
1564     797    38   798  1.0099999999999999e-12
1565     797   504   818  9.9999999999999998e-13
1566     800   516   687  9.9999999999999998e-13
1567     516   800   799  9.9999999999999998e-13
1568     519   800   687  9.9999999999999998e-13
1569     505   801   798  1.0099999999999999e-12
1570     819   801   643  1.0099999999999999e-12
1571     803   802   623  9.9999999999999998e-13
1572     722   802   122  9.9999999999999998e-13
1573     623  1881  1882  9.9999999999999998e-13
1574    1171   442   814  9.9999999999999998e-13
1575    2047   110   805  9.9999999999999998e-13
1576     806  2046  2047  9.9999999999999998e-13
1577     805  2056  2051  9.9999999999999998e-13
1578    2050  2051   808  9.9999999999999998e-13
1579     400  2053  2055  9.9999999999999998e-13
1580    2031  2037  1427  9.9999999999999998e-13
1581    2049  2187  1432  9.9999999999999998e-13
1582     309  2038  2042  9.9999999999999998e-13
1583     559  1355  1351  9.9999999999999998e-13
1584    1701   809  1700  9.9999999999999998e-13
1585     810   809   401  9.9999999999999998e-13
1586     400  2052  2053  9.9999999999999998e-13
1587     811   810   401  9.9999999999999998e-13
1588     812   310   810  9.9999999999999998e-13
1589     811   401  1353  9.9999999999999998e-13
1590      71   811   753  9.9999999999999998e-13
1591     811   812   810  9.9999999999999998e-13
1592    2061  2062   380  9.9999999999999998e-13
1593    1171   813   803  9.9999999999999998e-13
1594     814   588  1208  9.9999999999999998e-13
1595    1171   814   813  9.9999999999999998e-13
1596     442  2033   815  9.9999999999999998e-13
1597     442   815   814  9.9999999999999998e-13
1598    1782   815   343  9.9999999999999998e-13
1599     343  1492  1782  9.9999999999999998e-13
1600    1893  1894   816  9.9999999999999998e-13
1601     759   760   817  9.9999999999999998e-13
1602    1589   817   760  9.9999999999999998e-13
1603     818  2138  2135  9.9999999999999998e-13
1604     516   818   795  9.9999999999999998e-13
1605     820   819   643  1.0099999999999999e-12
1606    2139   819   820  1.0099999999999999e-12
1607     643   825   820  1.0099999999999999e-12
1608     820   821    40  1.0099999999999999e-12
1609     823   821   367  9.9999999999999998e-13
1610     820   825   822  1.0099999999999999e-12
1611    1595   822   370  1.0099999999999999e-12
1612     820   822   821  1.0099999999999999e-12
1613    1229  1228   367  9.9999999999999998e-13
1614     372   966  2203  9.9999999999999998e-13
1615     441  1226  1227  9.9999999999999998e-13
1616    1178  1225  1226  9.9999999999999998e-13
1617     643   505   826  1.0099999999999999e-12
1618     822   825   370  1.0099999999999999e-12
1619     826   334   827  1.0099999999999999e-12
1620     370   825  1592  1.0099999999999999e-12
1621    1600  1609   828  1.0099999999999999e-12
1622    1598  1597   827  1.0099999999999999e-12
1623     828  1609  1610  1.0099999999999999e-12
1624    1626   829  1601  1.0099999999999999e-12
1625      99  1603  1604  1.0099999999999999e-12
1626    1602  1603   830  1.0099999999999999e-12
1627    1074  1812  1603  1.0099999999999999e-12
1628    1811   422  1809  1.0099999999999999e-12
1629     833   831   108  9.9999999999999998e-13
1630     107   108   831  9.9999999999999998e-17
1631     834   832   106  9.9999999999999998e-13
1632     105   832   831  9.9999999999999998e-17
1633    1176   833   108  9.9999999999999998e-13
1634     619   618   833  9.9999999999999998e-13
1635     835   834   106  9.9999999999999998e-13
1636     834   835   841  9.9999999999999998e-13
1637     106  1041   835  9.9999999999999998e-13
1638     835  1041   836  9.9999999999999998e-13
1639     230   232   837  9.9999999999999998e-17
1640     866   542   836  9.9999999999999998e-13
1641     295   838   725  9.9999999999999998e-13
1642     837   838   836  9.9999999999999998e-13
1643     939   838    42  9.9999999999999998e-13
1644     837    42   838  9.9999999999999998e-13
1645     764   868   839  9.9999999999999998e-13
1646     839   868   840  9.9999999999999998e-13
1647     870   840   584  9.9999999999999998e-13
1648     893   840   870  9.9999999999999998e-13
1649     835   542   841  9.9999999999999998e-13
1650     841   542   842  9.9999999999999998e-13
1651     867   842   542  9.9999999999999998e-13
1652     843   188   842  9.9999999999999998e-13
1653     866   867   542  9.9999999999999998e-13
1654     843   445   844  9.9999999999999998e-13
1655    1175  1174   935  9.9999999999999998e-13
1656     111   844  1692  9.9999999999999998e-13
1657    1825   852  1824  9.9999999999999998e-13
1658    1692  1693   846  9.9999999999999998e-13
1659     844  1691  1692  9.9999999999999998e-13
1660     846   109   847  9.9999999999999998e-13
1661     848   847   109  9.9999999999999998e-13
1662     696  1081  1082  9.9999999999999998e-13
1663     849   848   109  9.9999999999999998e-13
1664     848   849   850  9.9999999999999998e-13
1665    1693  1822   109  9.9999999999999998e-13
1666     653   545   849  9.9999999999999998e-13
1667     850   853   851  9.9999999999999998e-13
1668     851   544   850  9.9999999999999998e-13
1669     850   545   853  9.9999999999999998e-13
1670    1552  1553    72  9.9999999999999998e-13
1671     692   653  1823  9.9999999999999998e-13
1672    1822  1693  1821  9.9999999999999998e-13
1673     854   853   545  9.9999999999999998e-13
1674     546   853   426  9.9999999999999998e-13
1675     545   653   855  9.9999999999999998e-13
1676     854   592   856  9.9999999999999998e-13
1677     545   855   854  9.9999999999999998e-13
1678     653    98   855  9.9999999999999998e-13
1679     857   856   592  9.9999999999999998e-13
1680     861   856   593  9.9999999999999998e-13
1681     858   857   592  9.9999999999999998e-13
1682      74   860   859  1.0099999999999999e-12
1683     855    98  1799  9.9999999999999998e-13
1684    1241  1801  1803  9.9999999999999998e-13
1685     857   859   593  9.9999999999999998e-13
1686     548   593   859  9.9999999999999998e-13
1687    1242  1240   612  1.0099999999999999e-12
1688     549   651   863  1.0099999999999999e-12
1689     593   548   862  9.9999999999999998e-13
1690     550   426   861  9.9999999999999998e-13
1691    1686   862   548  9.9999999999999998e-13
1692     550   862   547  9.9999999999999998e-13
1693     549   863   860  1.0099999999999999e-12
1694     878   863   651  1.0099999999999999e-12
1695     844   111   864  9.9999999999999998e-13
1696     656   864   111  9.9999999999999998e-13
1697     867   843   842  9.9999999999999998e-13
1698    1174   295   170  9.9999999999999998e-13
1699     838   866   836  9.9999999999999998e-13
1700     867   295   865  9.9999999999999998e-13
1701     295   867   866  9.9999999999999998e-13
1702     843   867   865  9.9999999999999998e-13
1703     764  1684  1685  9.9999999999999998e-13
1704     840   868   584  9.9999999999999998e-13
1705    1685   868   764  9.9999999999999998e-13
1706     188   656   869  9.9999999999999998e-13
1707     584   873   870  9.9999999999999998e-13
1708     870   871    43  9.9999999999999998e-13
1709     115  2282   871  9.9999999999999998e-17
1710     870   873   872  9.9999999999999998e-13
1711     870   872   871  9.9999999999999998e-13
1712     583   872   303  9.9999999999999998e-13
1713     584   869   874  9.9999999999999998e-13
1714     872   873   303  9.9999999999999998e-13
1715     874   873   584  9.9999999999999998e-13
1716     874   656   875  9.9999999999999998e-13
1717     656   111   875  9.9999999999999998e-13
1718     876   875   111  9.9999999999999998e-13
1719     877   876   111  9.9999999999999998e-13
1720     341  1705  1711  9.9999999999999998e-13
1721     846   877   111  9.9999999999999998e-13
1722     333   877   847  9.9999999999999998e-13
1723     879   878   651  1.0099999999999999e-12
1724    1686  2280   862  9.9999999999999998e-13
1725     881   651   884  1.0099999999999999e-12
1726     880   523   784  1.0099999999999999e-12
1727     651   881   879  1.0099999999999999e-12
1728     523   882   781  1.0099999999999999e-12
1729     524   880   881  1.0099999999999999e-12
1730     880   879   881  1.0099999999999999e-12
1731     880   524   882  1.0099999999999999e-12
1732     882   524   883  1.0099999999999999e-12
1733     885   883   524  1.0099999999999999e-12
1734     525   782   883  1.0099999999999999e-12
1735     549   884   651  1.0099999999999999e-12
1736     885   884   352  1.0099999999999999e-12
1737     886   885   352  1.0099999999999999e-12
1738     883   885   525  1.0099999999999999e-12
1739     887   886   352  1.0099999999999999e-12
1740     888   886   195  1.0099999999999999e-12
1741    1816  1817   369  1.0099999999999999e-12
1742     422  1807  1809  1.0099999999999999e-12
1743     888   195  1669  1.0099999999999999e-12
1744     526   525   888  1.0099999999999999e-12
1745     891  1662  1663  1.0099999999999999e-12
1746    1676  1671   889  1.0099999999999999e-12
1747    1664   889  1669  1.0099999999999999e-12
1748     422  1812  1807  1.0099999999999999e-12
1749    1638  1645   617  1.0099999999999999e-12
1750     894   892    44  9.9999999999999998e-13
1751      43    44   892  9.9999999999999998e-17
1752     107   840   893  9.9999999999999998e-13
1753     108   893   892  9.9999999999999998e-17
1754    2284  2282  2283  9.9999999999999998e-13
1755     619   895   620  9.9999999999999998e-13
1756     894   463   895  9.9999999999999998e-13
1757     184   895   463  9.9999999999999998e-13
1758     902   896   115  9.9999999999999998e-13
1759     114   115   896  9.9999999999999998e-17
1760     898   897   899  9.9999999999999998e-13
1761     112   897   896  9.9999999999999998e-17
1762     899   897   113  9.9999999999999998e-13
1763     898   899   900  9.9999999999999998e-13
1764     113   269   899  9.9999999999999998e-13
1765     900   899   269  9.9999999999999998e-13
1766     903   269   191  9.9999999999999998e-13
1767     901   270   184  9.9999999999999998e-13
1768     270   901   900  9.9999999999999998e-13
1769     184   463   901  9.9999999999999998e-13
1770     115   872   902  9.9999999999999998e-13
1771     872   583   902  9.9999999999999998e-13
1772     904   903   191  9.9999999999999998e-13
1773     270   900   903  9.9999999999999998e-13
1774     191  1107  1108  9.9999999999999998e-13
1775     904   391   905  9.9999999999999998e-13
1776    1333  1334   391  9.9999999999999998e-13
1777     908   905   116  9.9999999999999998e-13
1778     907   906   413  9.9999999999999998e-13
1779     116   905   906  9.9999999999999998e-13
1780     413  1343  1347  9.9999999999999998e-13
1781     907   568  2067  9.9999999999999998e-13
1782     621   908   116  9.9999999999999998e-13
1783     184   270   908  9.9999999999999998e-13
1784     910   909   583  9.9999999999999998e-13
1785     616   112   909  9.9999999999999998e-13
1786     911   910   583  9.9999999999999998e-13
1787     910   305  1420  9.9999999999999998e-13
1788    1687   583   303  9.9999999999999998e-13
1789     911   169   912  9.9999999999999998e-13
1790     169   876   913  9.9999999999999998e-13
1791    1418  1423   481  9.9999999999999998e-13
1792     914   913   876  9.9999999999999998e-13
1793    1705   341  1704  9.9999999999999998e-13
1794     877   914   876  9.9999999999999998e-13
1795     914   333  1080  9.9999999999999998e-13
1796     915   921   917  9.9999999999999998e-13
1797     119   120   915  9.9999999999999998e-17
1798     918   916   118  9.9999999999999998e-13
1799     117   916   915  9.9999999999999998e-17
1800     915   120   921  9.9999999999999998e-13
1801     917   304   930  9.9999999999999998e-13
1802     919   118  1043  9.9999999999999998e-13
1803     918   919   922  9.9999999999999998e-13
1804    2258   920   237  9.9999999999999998e-13
1805     918   922   388  9.9999999999999998e-13
1806     262   339   920  9.9999999999999998e-13
1807     923   339   241  9.9999999999999998e-13
1808    1883   921   120  9.9999999999999998e-13
1809     304   921   717  9.9999999999999998e-13
1810     923   919   920  9.9999999999999998e-13
1811     924   922   241  9.9999999999999998e-13
1812     339   923   920  9.9999999999999998e-13
1813     241   922   923  9.9999999999999998e-13
1814     927   924   241  9.9999999999999998e-13
1815     926   388   924  9.9999999999999998e-13
1816     925   927   928  9.9999999999999998e-13
1817     925   935   934  9.9999999999999998e-13
1818     924   927   934  9.9999999999999998e-13
1819     926   170   295  9.9999999999999998e-13
1820     241   339   928  9.9999999999999998e-13
1821     927   925   934  9.9999999999999998e-13
1822     241   928   927  9.9999999999999998e-13
1823     202   929   933  9.9999999999999998e-13
1824     690   691   929  9.9999999999999998e-13
1825    1825   691   692  9.9999999999999998e-13
1826     931   930   304  9.9999999999999998e-13
1827     240   390   930  9.9999999999999998e-13
1828     171   931   304  9.9999999999999998e-13
1829     931   419  1084  9.9999999999999998e-13
1830     388   725   932  9.9999999999999998e-13
1831     932   725   939  9.9999999999999998e-13
1832     929   121   933  9.9999999999999998e-13
1833     121   925   933  9.9999999999999998e-13
1834     935   925   121  9.9999999999999998e-13
1835     926   934   170  9.9999999999999998e-13
1836    1824   935   121  9.9999999999999998e-13
1837    1174  1175   445  9.9999999999999998e-13
1838     938   936    41  9.9999999999999998e-13
1839      42    41   936  9.9999999999999998e-17
1840     932   937   119  9.9999999999999998e-13
1841     120   937   936  9.9999999999999998e-17
1842      41   257   938  9.9999999999999998e-13
1843     257   717   938  9.9999999999999998e-13
1844     932   939   937  9.9999999999999998e-13
1845     838   939   725  9.9999999999999998e-13
1846     941   126   940  9.9999999999999998e-17
1847     940   123   124  9.9999999999999998e-17
1848     124   711   941  9.9999999999999998e-13
1849     940   124   941  9.9999999999999998e-17
1850     940   126   943  9.9999999999999998e-13
1851     512   942   332  9.9999999999999998e-13
1852    1530   943   126  9.9999999999999998e-13
1853     942   944   332  9.9999999999999998e-13
1854     943   331   944  9.9999999999999998e-13
1855    1088   331  1087  9.9999999999999998e-13
1856     947   945   180  9.9999999999999998e-13
1857     946   945   151  9.9999999999999998e-13
1858     946   151   967  9.9999999999999998e-13
1859     246   332   946  9.9999999999999998e-13
1860    1579   180  1524  9.9999999999999998e-13
1861     949   952   948  9.9999999999999998e-13
1862     949   947  1580  9.9999999999999998e-13
1863     953   954   950  9.9999999999999998e-13
1864     947  1579  1580  9.9999999999999998e-13
1865     948   953   951  9.9999999999999998e-13
1866     951   953   950  9.9999999999999998e-13
1867     967   968   365  9.9999999999999998e-13
1868     948   951   949  9.9999999999999998e-13
1869     967   951   950  9.9999999999999998e-13
1870     429  2101  2102  9.9999999999999998e-13
1871    2102  2110   952  9.9999999999999998e-13
1872     948  2192  2129  9.9999999999999998e-13
1873     955   954   953  9.9999999999999998e-13
1874     953  2129   955  9.9999999999999998e-13
1875     958   954   366  9.9999999999999998e-13
1876     960  2194  2127  9.9999999999999998e-13
1877     962   956  1177  9.9999999999999998e-13
1878    2195   649  2194  9.9999999999999998e-13
1879     960  2197  2196  9.9999999999999998e-13
1880     957  1177  1178  9.9999999999999998e-13
1881     957  1178  1179  9.9999999999999998e-13
1882     366   961   962  9.9999999999999998e-13
1883     958   632   968  9.9999999999999998e-13
1884     957   436   959  9.9999999999999998e-13
1885     958   963   632  9.9999999999999998e-13
1886    2197  2198   964  9.9999999999999998e-13
1887    2197   961  2196  9.9999999999999998e-13
1888     955  2195  2196  9.9999999999999998e-13
1889     961   956   962  9.9999999999999998e-13
1890     956   966  1177  9.9999999999999998e-13
1891     957   959   962  9.9999999999999998e-13
1892     959   436   963  9.9999999999999998e-13
1893     970   963   436  9.9999999999999998e-13
1894     964  2198  2199  9.9999999999999998e-13
1895     966   372  1177  9.9999999999999998e-13
1896    2136  2130  2131  9.9999999999999998e-13
1897    2130   515  2131  9.9999999999999998e-13
1898    2200   964  2199  9.9999999999999998e-13
1899     966  2200  2201  9.9999999999999998e-13
1900     950   958   968  9.9999999999999998e-13
1901     967   365   946  9.9999999999999998e-13
1902     950   968   967  9.9999999999999998e-13
1903     968   632   972  9.9999999999999998e-13
1904    2134   969   515  9.9999999999999998e-13
1905     796   520   969  9.9999999999999998e-13
1906     971   970   436  9.9999999999999998e-13
1907     972   478  1884  9.9999999999999998e-13
1908    1439   971   436  9.9999999999999998e-13
1909     974   193   973  9.9999999999999998e-13
1910     632   970   972  9.9999999999999998e-13
1911     973   970   971  9.9999999999999998e-13
1912     970   973   972  9.9999999999999998e-13
1913     973   971   974  9.9999999999999998e-13
1914     971   395   974  9.9999999999999998e-13
1915     394   974   395  9.9999999999999998e-13
1916     976   129   975  9.9999999999999998e-17
1917     975    64    63  9.9999999999999998e-17
1918     977   976   978  9.9999999999999998e-13
1919     975    63   976  9.9999999999999998e-17
1920     978   976    63  9.9999999999999998e-13
1921     977   978  1184  9.9999999999999998e-13
1922      63   256   978  9.9999999999999998e-13
1923    1184   978   256  9.9999999999999998e-13
1924     129   586   979  9.9999999999999998e-13
1925     980   979   586  9.9999999999999998e-13
1926     586   700   980  9.9999999999999998e-13
1927     700   510   980  9.9999999999999998e-13
1928     510   984   981  9.9999999999999998e-13
1929     981   982    64  9.9999999999999998e-13
1930     227   982   226  9.9999999999999998e-17
1931     981   984   983  9.9999999999999998e-13
1932     981   983   982  9.9999999999999998e-13
1933    1032   983   281  9.9999999999999998e-13
1934     985   984   510  9.9999999999999998e-13
1935     983   984   281  9.9999999999999998e-13
1936     700   985   510  9.9999999999999998e-13
1937     986   153   758  9.9999999999999998e-13
1938     153   986   985  9.9999999999999998e-13
1939    1033  1032   986  9.9999999999999998e-13
1940     988   130   987  9.9999999999999998e-17
1941     987   127   128  9.9999999999999998e-17
1942     128   586   988  9.9999999999999998e-13
1943     987   128   988  9.9999999999999998e-17
1944     354   724   989  9.9999999999999998e-13
1945    2262   989   724  9.9999999999999998e-13
1946     130   977   990  9.9999999999999998e-13
1947     354   990   977  9.9999999999999998e-13
1948     992   196   991  9.9999999999999998e-17
1949     991    29    39  9.9999999999999998e-17
1950     992    39  1441  9.9999999999999998e-13
1951     991    39   992  9.9999999999999998e-17
1952    1024  1021  1023  9.9999999999999998e-13
1953     280   307   993  9.9999999999999998e-13
1954    2252   994   196  9.9999999999999998e-13
1955     991   196   994  9.9999999999999998e-13
1956    1441   995   992  9.9999999999999998e-13
1957    1189   995   993  9.9999999999999998e-13
1958     374   996   994  9.9999999999999998e-13
1959     551    29   996  9.9999999999999998e-13
1960      57   444   997  9.9999999999999998e-13
1961      56    57   997  9.9999999999999998e-17
1962     203   999   998  9.9999999999999998e-13
1963     204   998   997  9.9999999999999998e-17
1964    1585  1586    55  9.9999999999999998e-13
1965     999  1886  1000  9.9999999999999998e-13
1966    1886   999   268  9.9999999999999998e-13
1967     688  2252  2253  9.9999999999999998e-13
1968    1002   208  1001  9.9999999999999998e-17
1969    1001    46    45  9.9999999999999998e-17
1970    1049  1050  1047  9.9999999999999998e-13
1971    1001    45  1002  9.9999999999999998e-17
1972    1191   271  1194  9.9999999999999998e-13
1973    1002  1006   209  9.9999999999999998e-13
1974     208  2255  1005  9.9999999999999998e-13
1975    1004   383  1007  9.9999999999999998e-13
1976      61  1015  1020  9.9999999999999998e-13
1977    1005  1010  1009  9.9999999999999998e-13
1978    1190  1006  1003  9.9999999999999998e-13
1979     254   209  1006  9.9999999999999998e-13
1980    1008  1007   383  9.9999999999999998e-13
1981      46  1007   600  9.9999999999999998e-13
1982     383  1011  1688  9.9999999999999998e-13
1983     600  1008   392  9.9999999999999998e-13
1984    1005  1020  1010  9.9999999999999998e-13
1985    1011  1009   213  9.9999999999999998e-13
1986    1014  1010   384  9.9999999999999998e-13
1987     213  1009  1010  9.9999999999999998e-13
1988    1012  1011   213  9.9999999999999998e-13
1989     383  1688  1008  9.9999999999999998e-13
1990    1013  1012   213  9.9999999999999998e-13
1991     193   393  1012  9.9999999999999998e-13
1992     213  1010  1014  9.9999999999999998e-13
1993     193  1013   478  9.9999999999999998e-13
1994    1899  1014   384  9.9999999999999998e-13
1995    1013   213  1014  9.9999999999999998e-13
1996    1016   214  1015  9.9999999999999998e-17
1997    1015    61    62  9.9999999999999998e-17
1998      62   418  1016  9.9999999999999998e-13
1999    1015    62  1016  9.9999999999999998e-17
2000    1019  1018  1017  9.9999999999999998e-13
2001    1017   384  1020  9.9999999999999998e-13
2002    1017   214  1019  9.9999999999999998e-13
2003     282   219  1018  9.9999999999999998e-13
2004     214  2256  1019  9.9999999999999998e-13
2005     282  1019    60  9.9999999999999998e-13
2006    1010  1020   384  9.9999999999999998e-13
2007      61  1020  1005  9.9999999999999998e-13
2008    1022   220  1021  9.9999999999999998e-17
2009    1021    39    29  9.9999999999999998e-17
2010      29   551  1022  9.9999999999999998e-13
2011    1021    29  1022  9.9999999999999998e-17
2012    1029  1023   220  9.9999999999999998e-13
2013    1021   220  1023  9.9999999999999998e-13
2014     280  1024  1023  9.9999999999999998e-13
2015    1441  1024   993  9.9999999999999998e-13
2016    1026   226  1025  9.9999999999999998e-17
2017    1025    65    66  9.9999999999999998e-17
2018      66   431  1026  9.9999999999999998e-13
2019    1025    66  1026  9.9999999999999998e-17
2020     226   983  1027  9.9999999999999998e-13
2021     983   756  1027  9.9999999999999998e-13
2022     756  1030  1028  9.9999999999999998e-13
2023    1028  1030  1029  9.9999999999999998e-13
2024    1023  1029   509  9.9999999999999998e-13
2025     220  2257  1029  9.9999999999999998e-13
2026    1031  1030   756  9.9999999999999998e-13
2027    1029  1030   509  9.9999999999999998e-13
2028     756   983  1032  9.9999999999999998e-13
2029    1031   757  1036  9.9999999999999998e-13
2030     281   986  1032  9.9999999999999998e-13
2031    1033   986   758  9.9999999999999998e-13
2032    1034  1033   758  9.9999999999999998e-13
2033     224   757  1033  9.9999999999999998e-13
2034     758   817  1034  9.9999999999999998e-13
2035    1035   817   397  9.9999999999999998e-13
2036     689  1035   397  9.9999999999999998e-13
2037    1038  1035   396  9.9999999999999998e-13
2038    1037   757   224  9.9999999999999998e-13
2039    1039   509  1036  9.9999999999999998e-13
2040     224  1035  1038  9.9999999999999998e-13
2041    1037  1038  1039  9.9999999999999998e-13
2042    1689  1038   396  9.9999999999999998e-13
2043    1039  1038   280  9.9999999999999998e-13
2044    1037  1039  1036  9.9999999999999998e-13
2045    1023  1039   280  9.9999999999999998e-13
2046     105   433  1040  9.9999999999999998e-13
2047     106   105  1040  9.9999999999999998e-17
2048     836  1041   230  9.9999999999999998e-13
2049     231  1041  1040  9.9999999999999998e-17
2050     117   390  1042  9.9999999999999998e-13
2051     118   117  1042  9.9999999999999998e-17
2052     237   919  1043  9.9999999999999998e-13
2053     238  1043  1042  9.9999999999999998e-17
2054    1045   243  1044  9.9999999999999998e-17
2055    1044   124   123  9.9999999999999998e-17
2056     123   512  1045  9.9999999999999998e-13
2057    1044   123  1045  9.9999999999999998e-17
2058     288  1046   729  9.9999999999999998e-13
2059     711   124  1046  9.9999999999999998e-13
2060    1048   247  1047  9.9999999999999998e-17
2061    1047    45    46  9.9999999999999998e-17
2062      46   600  1048  9.9999999999999998e-13
2063    1047    46  1048  9.9999999999999998e-17
2064     247  2261  2263  9.9999999999999998e-13
2065    1050   386  1003  9.9999999999999998e-13
2066     386  1050  1049  9.9999999999999998e-13
2067    1003    45  1050  9.9999999999999998e-13
2068    1502   325  1367  9.9999999999999998e-13
2069    1500  1513   266  9.9999999999999998e-13
2070    1501  1052  1500  9.9999999999999998e-13
2071    1506  1053  1503  9.9999999999999998e-13
2072    1503  1052  1501  9.9999999999999998e-13
2073    1518  1520  1053  9.9999999999999998e-13
2074    1520  1521  1054  9.9999999999999998e-13
2075    1532  1056  1531  9.9999999999999998e-13
2076    1521   158  1522  9.9999999999999998e-13
2077     410  2101  2100  9.9999999999999998e-13
2078    1533  1535  1532  9.9999999999999998e-13
2079    1528  1515  1783  9.9999999999999998e-13
2080    1058  1057   164  9.9999999999999998e-13
2081     340   472  1057  9.9999999999999998e-13
2082    1099  1058   164  9.9999999999999998e-13
2083     276  1416  1421  9.9999999999999998e-13
2084    2302  2300  2301  1.0099999999999999e-12
2085    2296   321  1901  9.9999999999999998e-13
2086    1060   519  1962  9.9999999999999998e-13
2087    1963   533  1060  9.9999999999999998e-13
2088     581    76  1902  9.9999999999999998e-13
2089    1062  1061    67  9.9999999999999998e-13
2090      67   745  1063  9.9999999999999998e-13
2091    1062   447  1066  9.9999999999999998e-13
2092    1063  1062    67  9.9999999999999998e-13
2093    1064  1063   484  9.9999999999999998e-13
2094    1064   484  1065  9.9999999999999998e-13
2095    2273  1064    33  9.9999999999999998e-13
2096    2248    47  2247  9.9999999999999998e-13
2097    2267   486   589  1.0099999999999999e-12
2098    1067  1066   447  9.9999999999999998e-13
2099    1068   284  1066  9.9999999999999998e-13
2100    1067   447  2278  9.9999999999999998e-13
2101    1966   535   565  1.0099999999999999e-12
2102    1067  1068  1066  9.9999999999999998e-13
2103    1957  1961   655  9.9999999999999998e-13
2104     263   719  1069  9.9999999999999998e-13
2105     233  1069   719  9.9999999999999998e-13
2106    1673   177  1680  1.0099999999999999e-12
2107    2179  2223   785  1.0099999999999999e-12
2108    1903  1071   666  1.0099999999999999e-12
2109     293   675  1071  1.0099999999999999e-12
2110    1565  1785  1564  9.9999999999999998e-13
2111    1126  1142  1568  9.9999999999999998e-13
2112     337  1073   749  9.9999999999999998e-13
2113     595  1073   150  9.9999999999999998e-13
2114      99  1633  1636  1.0099999999999999e-12
2115    1636  1637  1074  1.0099999999999999e-12
2116    1636  1633  1634  1.0099999999999999e-12
2117    1634  1635  1075  1.0099999999999999e-12
2118    1649  1643  1644  1.0099999999999999e-12
2119    1805  1638   617  1.0099999999999999e-12
2120    1078  1806  1804  1.0099999999999999e-12
2121    1679  1642  1077  1.0099999999999999e-12
2122     617  1646  1647  1.0099999999999999e-12
2123    1869  1078  1804  1.0099999999999999e-12
2124    1810   887  1811  1.0099999999999999e-12
2125     333  1082  1081  9.9999999999999998e-13
2126     341  1707  1706  9.9999999999999998e-13
2127    1709   696  1550  9.9999999999999998e-13
2128    1709  1083  1708  9.9999999999999998e-13
2129     847   848  1082  9.9999999999999998e-13
2130     544  1082   848  9.9999999999999998e-13
2131    1083  1707  1708  9.9999999999999998e-13
2132    1325  1326   693  9.9999999999999998e-13
2133    1085  1084   419  9.9999999999999998e-13
2134    1086   240  1084  9.9999999999999998e-13
2135     419   722  1208  9.9999999999999998e-13
2136    1085   588  1895  9.9999999999999998e-13
2137    1085  1086  1084  9.9999999999999998e-13
2138     464  1086   206  9.9999999999999998e-13
2139    1534  1088  1087  9.9999999999999998e-13
2140    1528  1529   466  9.9999999999999998e-13
2141    1089   180   945  9.9999999999999998e-13
2142     944   331  1088  9.9999999999999998e-13
2143     945   944  1089  9.9999999999999998e-13
2144     944  1088  1089  9.9999999999999998e-13
2145    1633  1632  1090  1.0099999999999999e-12
2146    1090   462  1644  1.0099999999999999e-12
2147    1641  1091  1645  1.0099999999999999e-12
2148    1677  1092  1648  1.0099999999999999e-12
2149    1654  1096  1668  1.0099999999999999e-12
2150    1645  1646   617  1.0099999999999999e-12
2151    1643  1649  1093  1.0099999999999999e-12
2152    1660   451  1661  1.0099999999999999e-12
2153    1660  1650  1094  1.0099999999999999e-12
2154    1094  1650  1651  1.0099999999999999e-12
2155    1098   462  1090  1.0099999999999999e-12
2156    1097  1818  1819  1.0099999999999999e-12
2157    1094  1651  1654  1.0099999999999999e-12
2158    1678  1660  1094  1.0099999999999999e-12
2159    1096  1654  1655  1.0099999999999999e-12
2160    1625   450  1624  1.0099999999999999e-12
2161     462  1653  1650  1.0099999999999999e-12
2162     283   276  1099  9.9999999999999998e-13
2163    1058  1099   276  9.9999999999999998e-13
2164    1281  1456  1469  9.9999999999999998e-13
2165     190  1100  1101  9.9999999999999998e-13
2166    1288  1100  1287  9.9999999999999998e-13
2167    1103  1291  1290  9.9999999999999998e-13
2168    1102  1291  1451  9.9999999999999998e-13
2169    1330  1102  1452  9.9999999999999998e-13
2170    1451  1291  1103  9.9999999999999998e-13
2171    1100  1288  1290  9.9999999999999998e-13
2172     165  1329  1105  9.9999999999999998e-13
2173    1106   190  1104  9.9999999999999998e-13
2174    1108   776   904  9.9999999999999998e-13
2175    1107   191   364  9.9999999999999998e-13
2176    1107  1104  1105  9.9999999999999998e-13
2177     364   407  1277  9.9999999999999998e-13
2178    1104  1107  1106  9.9999999999999998e-13
2179    1107  1105  1108  9.9999999999999998e-13
2180     776  1108  1105  9.9999999999999998e-13
2181     904   191  1108  9.9999999999999998e-13
2182    1109  1702  1706  9.9999999999999998e-13
2183    1826  1710  1083  9.9999999999999998e-13
2184    1110  1614  1619  1.0099999999999999e-12
2185    1611   448   828  1.0099999999999999e-12
2186    1622  1623  1640  1.0099999999999999e-12
2187    1630    99  1604  1.0099999999999999e-12
2188     743  1114  1920  1.0099999999999999e-12
2189    1444  1113  1445  1.0099999999999999e-12
2190    1112  1920  1921  1.0099999999999999e-12
2191    1923  1921  1922  1.0099999999999999e-12
2192    1920  1112  1919  1.0099999999999999e-12
2193    1584  1116  1583  9.9999999999999998e-13
2194    1582  1583  1116  9.9999999999999998e-13
2195    1269   572  1268  9.9999999999999998e-13
2196    1269  1557  1558  9.9999999999999998e-13
2197    1560  1561  1559  9.9999999999999998e-13
2198    1561  1117  1559  9.9999999999999998e-13
2199    1556   186  1555  9.9999999999999998e-13
2200    1574  1119  1571  9.9999999999999998e-13
2201    1546  1547  1574  9.9999999999999998e-13
2202    1572  1573   658  9.9999999999999998e-13
2203     654  1122  1120  9.9999999999999998e-13
2204    1566  1121  1565  9.9999999999999998e-13
2205    1566  1565  1120  9.9999999999999998e-13
2206    1121  1569  1581  9.9999999999999998e-13
2207    1123  1122   654  9.9999999999999998e-13
2208    1567  1566  1122  9.9999999999999998e-13
2209    1572   654  1571  9.9999999999999998e-13
2210    1123   658  1124  9.9999999999999998e-13
2211    1125  1124   658  9.9999999999999998e-13
2212    1126  1124   659  9.9999999999999998e-13
2213    1575  1125   658  9.9999999999999998e-13
2214     790  1125   789  9.9999999999999998e-13
2215    1127  1126   659  9.9999999999999998e-13
2216    2208  1142  2209  9.9999999999999998e-13
2217     659    31  1127  9.9999999999999998e-13
2218     660  1127    31  9.9999999999999998e-13
2219    1138  1788  1785  9.9999999999999998e-13
2220    1784  1788  1128  9.9999999999999998e-13
2221    1130  1129   697  9.9999999999999998e-13
2222    1859  1791    80  9.9999999999999998e-13
2223    1131  1130   697  9.9999999999999998e-13
2224    1743  2166   698  9.9999999999999998e-13
2225    1139  1131   697  9.9999999999999998e-13
2226    1131    70  1132  9.9999999999999998e-13
2227    1132    70  1133  9.9999999999999998e-13
2228    1209   698  1132  9.9999999999999998e-13
2229    1141    70  1140  9.9999999999999998e-13
2230    1145   660  1144  9.9999999999999998e-13
2231    1133  1141  1143  9.9999999999999998e-13
2232    1150  1149  1135  9.9999999999999998e-13
2233     530  1134  1150  9.9999999999999998e-13
2234    1442  1224  1134  9.9999999999999998e-13
2235      49  1156  1137  9.9999999999999998e-13
2236     261   528  1213  9.9999999999999998e-13
2237    1849  1835  1848  9.9999999999999998e-13
2238    1214  1215   261  9.9999999999999998e-13
2239    1121  1787  1786  9.9999999999999998e-13
2240    1789  1129  1790  9.9999999999999998e-13
2241    1138  1786  1787  9.9999999999999998e-13
2242    1139  1072  1140  9.9999999999999998e-13
2243    1072  2191  2207  9.9999999999999998e-13
2244      70  1141  1133  9.9999999999999998e-13
2245    2208  1140  2207  9.9999999999999998e-13
2246    1133  1143  1134  9.9999999999999998e-13
2247    1569  2086  1072  9.9999999999999998e-13
2248    1126   661  1142  9.9999999999999998e-13
2249    2210  1141  2209  9.9999999999999998e-13
2250     660  1146  1144  1.0099999999999999e-12
2251    2211  1145  2210  9.9999999999999998e-13
2252    1442  1143  1145  9.9999999999999998e-13
2253    1145  1144  1442  9.9999999999999998e-13
2254    1143  1141  2210  9.9999999999999998e-13
2255     791  1146   660  1.0099999999999999e-12
2256    1146   669  1147  1.0099999999999999e-12
2257    1148  1147   669  1.0099999999999999e-12
2258    1148  1151  1147  1.0099999999999999e-12
2259     669   673  1148  1.0099999999999999e-12
2260     673   670  1148  1.0099999999999999e-12
2261    1151  1135  1149  1.0099999999999999e-12
2262     529  1147  1149  1.0099999999999999e-12
2263    1135  1136  1150  9.9999999999999998e-13
2264     530  1150  1136  9.9999999999999998e-13
2265    1147  1151  1149  1.0099999999999999e-12
2266    1148   670  1151  1.0099999999999999e-12
2267    1153  1152   670  1.0099999999999999e-12
2268    1152  1153  1155  1.0099999999999999e-12
2269     670  1161  1153  1.0099999999999999e-12
2270    1153  1161  1154  1.0099999999999999e-12
2271     531   677  1154  1.0099999999999999e-12
2272    1162   650  1157  1.0099999999999999e-12
2273    1153   671  1155  1.0099999999999999e-12
2274    1157  1155   671  1.0099999999999999e-12
2275    1157  1156  1155  1.0099999999999999e-12
2276    1156    49  1155  1.0099999999999999e-12
2277    1162  1157   671  1.0099999999999999e-12
2278    1841  1158    23  1.0099999999999999e-12
2279    1157   650  1158  1.0099999999999999e-12
2280     650  1164  1158  1.0099999999999999e-12
2281    1163  1164   650  1.0099999999999999e-12
2282    1164  1165  1159  1.0099999999999999e-12
2283    1159   630  1160  1.0099999999999999e-12
2284    1837  1836  1160  1.0099999999999999e-12
2285     673  1161   670  1.0099999999999999e-12
2286    1154  1161   531  1.0099999999999999e-12
2287    1154   677  1162  1.0099999999999999e-12
2288    1163  1162   677  1.0099999999999999e-12
2289     677  1168  1163  1.0099999999999999e-12
2290    1164  1163  1168  1.0099999999999999e-12
2291    1168  1165  1164  1.0099999999999999e-12
2292    1164  1159  1160  1.0099999999999999e-12
2293     532  1167  1165  1.0099999999999999e-12
2294    1166   460   630  1.0099999999999999e-12
2295    1167  1166  1165  1.0099999999999999e-12
2296     793   460  1166  1.0099999999999999e-12
2297     792  1167   532  1.0099999999999999e-12
2298    1166  1167   793  1.0099999999999999e-12
2299    1448  1168   677  1.0099999999999999e-12
2300    1165  1168   532  1.0099999999999999e-12
2301     766  1862  1864  9.9999999999999998e-13
2302    1743  1170  1742  9.9999999999999998e-13
2303    1209  1219  1830  9.9999999999999998e-13
2304    1729  1731  1828  9.9999999999999998e-13
2305     399  2069  2070  9.9999999999999998e-13
2306    2069  1172  2068  9.9999999999999998e-13
2307    2045  2035   399  9.9999999999999998e-13
2308    2033  2036  2034  9.9999999999999998e-13
2309    2043  1173  2045  9.9999999999999998e-13
2310    2043  2044  1690  9.9999999999999998e-13
2311     295  1174   865  9.9999999999999998e-13
2312     935  1174   170  9.9999999999999998e-13
2313     935   845  1175  9.9999999999999998e-13
2314     445  1691   844  9.9999999999999998e-13
2315     894  1176   892  9.9999999999999998e-13
2316     833  1176   619  9.9999999999999998e-13
2317    1178  1177   372  9.9999999999999998e-13
2318     957   962  1177  9.9999999999999998e-13
2319     372  1225  1178  9.9999999999999998e-13
2320    1226   441  1179  9.9999999999999998e-13
2321    1180  1179   441  9.9999999999999998e-13
2322    1440    90  1439  9.9999999999999998e-13
2323    1181  1180   441  9.9999999999999998e-13
2324     438    90  1180  9.9999999999999998e-13
2325     441  1183  1181  9.9999999999999998e-13
2326     440  1796  1182  9.9999999999999998e-13
2327    1449  1181  1183  9.9999999999999998e-13
2328    1181  1449  1182  9.9999999999999998e-13
2329    1183   441  1227  9.9999999999999998e-13
2330    1183   755  1449  9.9999999999999998e-13
2331    1243   256   229  9.9999999999999998e-13
2332    1185  1184   385  9.9999999999999998e-13
2333    1186   385   152  9.9999999999999998e-13
2334     354   977  1185  9.9999999999999998e-13
2335    1187  1186   152  9.9999999999999998e-13
2336     252   354  1186  9.9999999999999998e-13
2337    1188  1187   152  9.9999999999999998e-13
2338    1207  1206  1187  9.9999999999999998e-13
2339    1188   152  1246  9.9999999999999998e-13
2340     476    58  1188  9.9999999999999998e-13
2341     993   307  1189  9.9999999999999998e-13
2342     200  1189   307  9.9999999999999998e-13
2343    1191  1190  1003  9.9999999999999998e-13
2344     254  1194   212  9.9999999999999998e-13
2345    1003   386  1191  9.9999999999999998e-13
2346    1192  1191   386  9.9999999999999998e-13
2347     386   252  1192  9.9999999999999998e-13
2348    1197  1193  1192  9.9999999999999998e-13
2349    1197  1192   252  9.9999999999999998e-13
2350    1193   375  1198  9.9999999999999998e-13
2351    1191  1194  1190  9.9999999999999998e-13
2352    1195   271   211  9.9999999999999998e-13
2353     271  1195  1194  9.9999999999999998e-13
2354    1196   211   652  9.9999999999999998e-13
2355     211  1196  1195  9.9999999999999998e-13
2356     217  1196   652  9.9999999999999998e-13
2357     252  1187  1197  9.9999999999999998e-13
2358    1206  1197  1187  9.9999999999999998e-13
2359    1199  1198   375  9.9999999999999998e-13
2360    1198  1199  1202  9.9999999999999998e-13
2361     375  1200  1199  9.9999999999999998e-13
2362    1201   423  1199  9.9999999999999998e-13
2363    1206   375  1197  9.9999999999999998e-13
2364      58   730  1201  9.9999999999999998e-13
2365      58  1201  1200  9.9999999999999998e-13
2366    1204  1201   731  9.9999999999999998e-13
2367    1203  1202   423  9.9999999999999998e-13
2368     652   211  1202  9.9999999999999998e-13
2369    1204  1203   423  9.9999999999999998e-13
2370    1203   136  1205  9.9999999999999998e-13
2371    1204   423  1201  9.9999999999999998e-13
2372    1694  1695   707  9.9999999999999998e-13
2373    1205   136  1247  9.9999999999999998e-13
2374     554   652  1205  9.9999999999999998e-13
2375    1207  1187  1188  9.9999999999999998e-13
2376    1200   375  1206  9.9999999999999998e-13
2377      58  1207  1188  9.9999999999999998e-13
2378    1200  1206  1207  9.9999999999999998e-13
2379     419  1208  1085  9.9999999999999998e-13
2380     814  1208   122  9.9999999999999998e-13
2381    1210  1132  1133  9.9999999999999998e-13
2382    1219  1209   699  9.9999999999999998e-13
2383    1132  1210  1209  9.9999999999999998e-13
2384    1211  1133   530  9.9999999999999998e-13
2385    1212  1211   530  9.9999999999999998e-13
2386    1213   699  1211  9.9999999999999998e-13
2387     530  1136  1212  9.9999999999999998e-13
2388    1214  1212  1136  9.9999999999999998e-13
2389     261  1213  1212  9.9999999999999998e-13
2390    1220  1213   528  9.9999999999999998e-13
2391    1136  1137  1214  9.9999999999999998e-13
2392    1215  1137   458  9.9999999999999998e-13
2393    1137  1215  1214  9.9999999999999998e-13
2394    1215   458  1216  9.9999999999999998e-13
2395    1754  1832  1217  9.9999999999999998e-13
2396    1750  1218  1354  9.9999999999999998e-13
2397    1854   455  1850  9.9999999999999998e-13
2398    1755  1766   402  9.9999999999999998e-13
2399    1218  1750  1751  9.9999999999999998e-13
2400     752  1218   402  9.9999999999999998e-13
2401     699  1213  1220  9.9999999999999998e-13
2402    1744  1745  1170  9.9999999999999998e-13
2403    1221  1220   528  9.9999999999999998e-13
2404     500  1735  1734  9.9999999999999998e-13
2405    1222  1221   528  9.9999999999999998e-13
2406    1221  1222  1223  9.9999999999999998e-13
2407     528   261  1222  9.9999999999999998e-13
2408    1248   261  1215  9.9999999999999998e-13
2409     454  1748  1222  9.9999999999999998e-13
2410    1485  1748  1749  9.9999999999999998e-13
2411    1149  1150  1224  9.9999999999999998e-13
2412    1150  1134  1224  9.9999999999999998e-13
2413     823  1225   372  9.9999999999999998e-13
2414    1226  1225   824  9.9999999999999998e-13
2415    1226   824  1227  9.9999999999999998e-13
2416    1179  1178  1226  9.9999999999999998e-13
2417     824    30  1227  9.9999999999999998e-13
2418    1183  1227    30  9.9999999999999998e-13
2419     823   367  1228  9.9999999999999998e-13
2420    1230   367   822  1.0099999999999999e-12
2421    1228  1229   824  9.9999999999999998e-13
2422      30   824  1229  9.9999999999999998e-13
2423     822   610  1230  1.0099999999999999e-12
2424    1230   610  1231  1.0099999999999999e-12
2425    1232  1231   610  1.0099999999999999e-12
2426    1236  1927  1232  1.0099999999999999e-12
2427    1595  1232   610  1.0099999999999999e-12
2428    1233  1232   368  1.0099999999999999e-12
2429    1597   368  1596  1.0099999999999999e-12
2430    1239   612  1238  1.0099999999999999e-12
2431     178  1602  1450  1.0099999999999999e-12
2432    1607  1239  1608  1.0099999999999999e-12
2433    1237  1236   611  1.0099999999999999e-12
2434    1231  1927    30  1.0099999999999999e-12
2435    1927  1235    30  1.0099999999999999e-12
2436     755  1235  1236  1.0099999999999999e-12
2437    1238  1237   611  1.0099999999999999e-12
2438    1237  1238  1240  1.0099999999999999e-12
2439    1233  1608   611  1.0099999999999999e-12
2440    1239   369  1928  1.0099999999999999e-12
2441    1608  1238   611  1.0099999999999999e-12
2442    1606  1233  1599  1.0099999999999999e-12
2443    1238   612  1240  1.0099999999999999e-12
2444    1241  1242    74  1.0099999999999999e-12
2445     860    74  1242  1.0099999999999999e-12
2446    1241   439  1240  1.0099999999999999e-12
2447    1240  1242  1241  1.0099999999999999e-12
2448     612   860  1242  1.0099999999999999e-12
2449    1244  1243   229  9.9999999999999998e-13
2450     385  1184  1243  9.9999999999999998e-13
2451     229   225  1245  9.9999999999999998e-13
2452    1244  1245  1246  9.9999999999999998e-13
2453     223   475  1245  9.9999999999999998e-13
2454    1244  1246   152  9.9999999999999998e-13
2455    1245   475  1246  9.9999999999999998e-13
2456    1246   475   476  9.9999999999999998e-13
2457    1694  1247   136  9.9999999999999998e-13
2458     706   358  1247  9.9999999999999998e-13
2459     261  1248  1222  9.9999999999999998e-13
2460    1216  1248  1215  9.9999999999999998e-13
2461    1294  1300  1249  9.9999999999999998e-13
2462    1253  1296  1249  9.9999999999999998e-17
2463    1250  1270  1252  9.9999999999999998e-13
2464    1253  1249   315  9.9999999999999998e-17
2465    1292  1297    17  9.9999999999999998e-13
2466    1319  1254  1318  9.9999999999999998e-13
2467    1250   163  1270  9.9999999999999998e-13
2468     300  1252   469  9.9999999999999998e-13
2469     163  1253   403  9.9999999999999998e-17
2470    1292    17  1294  9.9999999999999998e-17
2471    1319  1320  1286  9.9999999999999998e-13
2472    1304  1272  1303  9.9999999999999998e-13
2473    1255   300  1256  9.9999999999999998e-13
2474    1298  1255   298  9.9999999999999998e-13
2475     287  1258   300  9.9999999999999998e-13
2476    1257    97  1468  9.9999999999999998e-13
2477     300  1258  1256  9.9999999999999998e-13
2478    1257  1258  1259  9.9999999999999998e-13
2479    1259  1258   287  9.9999999999999998e-13
2480    1257  1256  1258  9.9999999999999998e-13
2481    1260  1259   287  9.9999999999999998e-13
2482    1261  1259   571  9.9999999999999998e-13
2483     471  1260   287  9.9999999999999998e-13
2484    1260   154  1264  9.9999999999999998e-13
2485    1262  1261   571  9.9999999999999998e-13
2486      97  1257  1261  9.9999999999999998e-13
2487    1264  1266   571  9.9999999999999998e-13
2488    1466  1475   587  9.9999999999999998e-13
2489    1262   571  1266  9.9999999999999998e-13
2490     572  1584  1479  9.9999999999999998e-13
2491    1265  1264   154  9.9999999999999998e-13
2492    1264  1265  1266  9.9999999999999998e-13
2493    1322   154   472  9.9999999999999998e-13
2494    1265  1327  1480  9.9999999999999998e-13
2495    1267  1266   573  9.9999999999999998e-13
2496    1262  1266  1263  9.9999999999999998e-13
2497    1268  1267   573  9.9999999999999998e-13
2498     572  1263  1267  9.9999999999999998e-13
2499    1269  1268  1279  9.9999999999999998e-13
2500    1269  1116  1584  9.9999999999999998e-13
2501    1480  1542  1268  9.9999999999999998e-13
2502    1279  1557  1269  9.9999999999999998e-13
2503     163   275  1270  9.9999999999999998e-13
2504     469  1270   275  9.9999999999999998e-13
2505    1271  1712  1454  9.9999999999999998e-13
2506     316  1320  1321  9.9999999999999998e-13
2507    1305  1307  1272  9.9999999999999998e-13
2508    1313  1312  1314  9.9999999999999998e-17
2509     446  1309  1308  9.9999999999999998e-13
2510    1310  1275  1273  9.9999999999999998e-13
2511    1274  1697  1276  9.9999999999999998e-13
2512    1273  1275   161  9.9999999999999998e-13
2513      16   405  1275  9.9999999999999998e-17
2514    1273  1308  1310  9.9999999999999998e-13
2515    1697  1274   190  9.9999999999999998e-13
2516    1276  1697  1277  9.9999999999999998e-13
2517     364  1277  1106  9.9999999999999998e-13
2518     407    16  1277  9.9999999999999998e-13
2519     404  1278   405  9.9999999999999998e-17
2520    1315   403  1314  9.9999999999999998e-17
2521    1349   473  1348  9.9999999999999998e-13
2522    1279  1555  1557  9.9999999999999998e-13
2523    1280  1548  1545  9.9999999999999998e-13
2524    1544  1556  1555  9.9999999999999998e-13
2525    1281  1321  1453  9.9999999999999998e-13
2526    1457  1469  1456  9.9999999999999998e-13
2527    1457  1458  1282  9.9999999999999998e-13
2528    1289   265  1103  9.9999999999999998e-13
2529    1454  1455   299  9.9999999999999998e-13
2530    1472  1284  1464  9.9999999999999998e-13
2531    1472  1473  1284  9.9999999999999998e-13
2532    1451  1452  1102  9.9999999999999998e-13
2533    1285  1468  1462  9.9999999999999998e-13
2534    1459  1460  1283  9.9999999999999998e-13
2535     316  1288  1287  9.9999999999999998e-13
2536    1304  1305  1272  9.9999999999999998e-13
2537    1308  1309  1274  9.9999999999999998e-13
2538    1305  1306   446  9.9999999999999998e-13
2539    1289  1288   316  9.9999999999999998e-13
2540    1290  1288  1103  9.9999999999999998e-13
2541    1469  1470  1281  9.9999999999999998e-13
2542     265  1289  1282  9.9999999999999998e-13
2543     265  1451  1103  9.9999999999999998e-13
2544    1101  1100  1290  9.9999999999999998e-13
2545    1291  1102  1328  9.9999999999999998e-13
2546    1101  1290  1291  9.9999999999999998e-13
2547    1293  1297  1298  9.9999999999999998e-13
2548    1292  1296    18  9.9999999999999998e-17
2549    1712  1293   298  9.9999999999999998e-13
2550    1293  1299  1297  9.9999999999999998e-13
2551    1292  1294  1296  9.9999999999999998e-17
2552      17  1295  1294  9.9999999999999998e-13
2553    1297  1299    17  9.9999999999999998e-13
2554    1295  1318  1300  9.9999999999999998e-13
2555    1253  1250  1296  9.9999999999999998e-17
2556      18  1296  1250  9.9999999999999998e-17
2557    1298  1292    18  9.9999999999999998e-13
2558    1293  1271  1299  9.9999999999999998e-13
2559    1255  1298    18  9.9999999999999998e-13
2560     298  1293  1298  9.9999999999999998e-13
2561    1299  1271  1301  9.9999999999999998e-13
2562      17  1299  1295  9.9999999999999998e-13
2563    1318  1295  1251  9.9999999999999998e-13
2564    1300  1318  1302  9.9999999999999998e-13
2565    1453  1301  1271  9.9999999999999998e-13
2566    1251  1321  1320  9.9999999999999998e-13
2567    1303  1302  1254  9.9999999999999998e-13
2568     315  1249  1302  9.9999999999999998e-13
2569    1304  1303  1254  9.9999999999999998e-13
2570    1317  1311  1312  9.9999999999999998e-13
2571    1319  1304  1254  9.9999999999999998e-13
2572    1306  1305  1304  9.9999999999999998e-13
2573    1306  1304  1286  9.9999999999999998e-13
2574    1307  1305   446  9.9999999999999998e-13
2575    1286  1287  1306  9.9999999999999998e-13
2576    1287   446  1306  9.9999999999999998e-13
2577    1308  1307   446  9.9999999999999998e-13
2578    1316   161  1311  9.9999999999999998e-13
2579    1309   446  1287  9.9999999999999998e-13
2580    1310  1274  1276  9.9999999999999998e-13
2581    1287  1100  1309  9.9999999999999998e-13
2582     190  1309  1100  9.9999999999999998e-13
2583    1274  1310  1308  9.9999999999999998e-13
2584    1275  1310  1276  9.9999999999999998e-13
2585    1311  1315  1314  9.9999999999999998e-17
2586    1316  1272  1307  9.9999999999999998e-13
2587    1303  1272  1317  9.9999999999999998e-13
2588    1312   315  1303  9.9999999999999998e-13
2589     403  1253  1313  9.9999999999999998e-17
2590    1253   315  1313  9.9999999999999998e-17
2591    1315  1311   161  9.9999999999999998e-17
2592     403  1313  1314  9.9999999999999998e-17
2593     161  1278  1315  9.9999999999999998e-17
2594     403  1315  1278  9.9999999999999998e-17
2595     161  1316  1273  9.9999999999999998e-13
2596    1317  1316  1311  9.9999999999999998e-13
2597    1303  1317  1312  9.9999999999999998e-13
2598    1316  1317  1272  9.9999999999999998e-13
2599    1319  1318  1251  9.9999999999999998e-13
2600    1302  1318  1254  9.9999999999999998e-13
2601    1320  1319  1251  9.9999999999999998e-13
2602    1304  1319  1286  9.9999999999999998e-13
2603    1251  1301  1321  9.9999999999999998e-13
2604     316  1286  1320  9.9999999999999998e-13
2605    1453  1321  1301  9.9999999999999998e-13
2606    1321  1281  1470  9.9999999999999998e-13
2607    1323   472   138  9.9999999999999998e-13
2608    1327  1265  1322  9.9999999999999998e-13
2609    1325   138  1703  9.9999999999999998e-13
2610    1323  1348  1327  9.9999999999999998e-13
2611    1349   693  1280  9.9999999999999998e-13
2612    1327  1348   473  9.9999999999999998e-13
2613     138  1325  1324  9.9999999999999998e-13
2614    1325  1109  1710  9.9999999999999998e-13
2615    1083    92  1326  9.9999999999999998e-13
2616    1548  1326    92  9.9999999999999998e-13
2617    1323  1327  1322  9.9999999999999998e-13
2618    1327   473  1480  9.9999999999999998e-13
2619    1102  1330  1328  9.9999999999999998e-13
2620    1328  1330  1329  9.9999999999999998e-13
2621    1332  1329   774  9.9999999999999998e-13
2622    1105  1329   776  9.9999999999999998e-13
2623    1452  1331  1330  9.9999999999999998e-13
2624    1329  1330   774  9.9999999999999998e-13
2625    1827  1331   146  9.9999999999999998e-13
2626    1335  1331   773  9.9999999999999998e-13
2627    1698   774  1335  9.9999999999999998e-13
2628     776  1333   391  9.9999999999999998e-13
2629    1699  1332  1698  9.9999999999999998e-13
2630    1338  1342  1337  9.9999999999999998e-13
2631    1332  1699  1333  9.9999999999999998e-13
2632     413   906  1334  9.9999999999999998e-13
2633    1336  1335   773  9.9999999999999998e-13
2634     774  1698  1332  9.9999999999999998e-13
2635     773   461  1336  9.9999999999999998e-13
2636    1339  1337  1336  9.9999999999999998e-13
2637    1339  1336   461  9.9999999999999998e-13
2638    1337   498  1338  9.9999999999999998e-13
2639    1739  1338   498  9.9999999999999998e-13
2640    1338  1739  1343  9.9999999999999998e-13
2641    1722   461  1721  9.9999999999999998e-13
2642    1738  1740  1739  9.9999999999999998e-13
2643    1736  1341  1737  9.9999999999999998e-13
2644    1737  1728  1340  9.9999999999999998e-13
2645    1341  1723  1725  9.9999999999999998e-13
2646    1727  1728  1341  9.9999999999999998e-13
2647     413  1342  1338  9.9999999999999998e-13
2648    1699  1334  1333  9.9999999999999998e-13
2649    1344  1343    88  9.9999999999999998e-13
2650     413  1347   907  9.9999999999999998e-13
2651    1345  1344    88  9.9999999999999998e-13
2652    1346   557  1344  9.9999999999999998e-13
2653      88  1739  1740  9.9999999999999998e-13
2654     558  1345   501  9.9999999999999998e-13
2655    1345  1346  1344  9.9999999999999998e-13
2656    1350  1346   558  9.9999999999999998e-13
2657    1344  1347  1343  9.9999999999999998e-13
2658     557   907  1347  9.9999999999999998e-13
2659    1323  1324  1348  9.9999999999999998e-13
2660    1349  1280  1543  9.9999999999999998e-13
2661    1348  1324  1349  9.9999999999999998e-13
2662     693  1349  1324  9.9999999999999998e-13
2663    1351  1350   558  9.9999999999999998e-13
2664     557  1350   414  9.9999999999999998e-13
2665    1352   558    81  9.9999999999999998e-13
2666    1700  1355   559  9.9999999999999998e-13
2667     558  1352  1351  9.9999999999999998e-13
2668    1354  1353    81  9.9999999999999998e-13
2669     811  1353   752  9.9999999999999998e-13
2670    1356   401  1701  9.9999999999999998e-13
2671      81  1484  1485  9.9999999999999998e-13
2672    1749  1750  1354  9.9999999999999998e-13
2673     808   414  1355  9.9999999999999998e-13
2674    1350  1355   414  9.9999999999999998e-13
2675    1352  1353  1356  9.9999999999999998e-13
2676    1353   401  1356  9.9999999999999998e-13
2677    1486     6   285  9.9999999999999998e-13
2678     286  1357   192  9.9999999999999998e-13
2679    1364  1389  1388  9.9999999999999998e-13
2680    1363  1372  1358  9.9999999999999998e-17
2681     324  1361  1359  9.9999999999999998e-13
2682    1363  1358   323  9.9999999999999998e-17
2683    1379  1373  1376  9.9999999999999998e-13
2684    1373  1380  1371  9.9999999999999998e-13
2685     324  1397  1400  9.9999999999999998e-13
2686    1361   326  1365  9.9999999999999998e-13
2687    1374    13  1369  9.9999999999999998e-13
2688    1366   539   292  9.9999999999999998e-13
2689     324  1363   409  9.9999999999999998e-17
2690    1369    13  1371  9.9999999999999998e-17
2691    1389  1360   325  9.9999999999999998e-13
2692     323  1381  1382  9.9999999999999998e-13
2693    1365  1929  1378  9.9999999999999998e-13
2694    1377   290  1375  9.9999999999999998e-13
2695     539  1366  1362  9.9999999999999998e-13
2696    1367  1366   292  9.9999999999999998e-13
2697    1368  1367   292  9.9999999999999998e-13
2698     317  1503  1502  9.9999999999999998e-13
2699     292  2092  2091  9.9999999999999998e-13
2700    2088  1505  2087  9.9999999999999998e-13
2701    1370  1374  1375  9.9999999999999998e-13
2702    1369  1372    14  9.9999999999999998e-17
2703     290  1362  1370  9.9999999999999998e-13
2704    1370  1376  1374  9.9999999999999998e-13
2705    1369  1371  1372  9.9999999999999998e-17
2706    1380  1360  1364  9.9999999999999998e-13
2707    1363  1359  1372  9.9999999999999998e-17
2708      14  1372  1359  9.9999999999999998e-17
2709      13  1374  1376  9.9999999999999998e-13
2710    1371    13  1373  9.9999999999999998e-13
2711    1375  1369    14  9.9999999999999998e-13
2712    1370  1362  1376  9.9999999999999998e-13
2713    1377    14  1365  9.9999999999999998e-13
2714     290  1370  1375  9.9999999999999998e-13
2715    1376  1362  1379  9.9999999999999998e-13
2716      13  1376  1373  9.9999999999999998e-13
2717    1378  1377  1365  9.9999999999999998e-13
2718    1377  1378   290  9.9999999999999998e-13
2719    1929  1365   326  9.9999999999999998e-13
2720     291   575  1378  9.9999999999999998e-13
2721    1362  1366  1379  9.9999999999999998e-13
2722    1366  1360  1379  9.9999999999999998e-13
2723    1360  1380  1373  9.9999999999999998e-13
2724    1381  1380  1364  9.9999999999999998e-13
2725    1382  1381  1364  9.9999999999999998e-13
2726     323  1358  1381  9.9999999999999998e-13
2727    1364  1388  1382  9.9999999999999998e-13
2728    1382  1383   323  9.9999999999999998e-13
2729    1382  1388  1384  9.9999999999999998e-13
2730    1382  1384  1383  9.9999999999999998e-13
2731    1498  1386  1497  9.9999999999999998e-17
2732    1384  1385   156  9.9999999999999998e-13
2733    1396  1387  1385  9.9999999999999998e-13
2734     342  1396  1384  9.9999999999999998e-13
2735    1402  1397   409  9.9999999999999998e-17
2736    1390   156  1496  9.9999999999999998e-17
2737    1396  1385  1384  9.9999999999999998e-13
2738    1514  1387   266  9.9999999999999998e-13
2739    1364  1360  1389  9.9999999999999998e-13
2740    1384  1388   342  9.9999999999999998e-13
2741    1051  1389   325  9.9999999999999998e-13
2742     342  1388  1389  9.9999999999999998e-13
2743    1496   156  1385  9.9999999999999998e-17
2744    1383   156  1390  9.9999999999999998e-17
2745    1392  1391  1386  9.9999999999999998e-17
2746    1402   155  1397  9.9999999999999998e-17
2747    1386   328  1392  9.9999999999999998e-17
2748     328  1393  1392  9.9999999999999998e-17
2749    1393   328    15  9.9999999999999998e-17
2750    1393   155  1392  9.9999999999999998e-17
2751     605   259  1394  9.9999999999999998e-13
2752    1394  1401  1395  9.9999999999999998e-13
2753    1401  1394   259  9.9999999999999998e-13
2754    1361  1400   601  9.9999999999999998e-13
2755    1499  1396   342  9.9999999999999998e-13
2756     266  1387  1396  9.9999999999999998e-13
2757    1398  1397   155  9.9999999999999998e-13
2758     409  1391  1402  9.9999999999999998e-17
2759     155  1395  1398  9.9999999999999998e-13
2760    1395   601  1398  9.9999999999999998e-13
2761     409  1399  1390  9.9999999999999998e-17
2762    1363   323  1399  9.9999999999999998e-17
2763     601  1400  1398  9.9999999999999998e-13
2764    1361   324  1400  9.9999999999999998e-13
2765    1536  1401   259  9.9999999999999998e-13
2766     601  1395  1401  9.9999999999999998e-13
2767    1391  1392  1402  9.9999999999999998e-17
2768     155  1402  1392  9.9999999999999998e-17
2769    2151  2152  1403  9.9999999999999998e-13
2770    2120  1406  2119  9.9999999999999998e-13
2771    1404  2152  2153  9.9999999999999998e-13
2772    2153  2156  1404  9.9999999999999998e-13
2773    2161  1407  2137  9.9999999999999998e-13
2774    2136  2125  2126  9.9999999999999998e-13
2775    2123  2124  1406  9.9999999999999998e-13
2776     952  2110  2192  9.9999999999999998e-13
2777     795  1407   682  9.9999999999999998e-13
2778    2130  2132   515  9.9999999999999998e-13
2779    2150  2154   355  9.9999999999999998e-13
2780     189  2137  2157  9.9999999999999998e-13
2781    2125  1409  2124  9.9999999999999998e-13
2782    1409  2125  2127  9.9999999999999998e-13
2783    1410  2121  2122  9.9999999999999998e-13
2784    1410  2128  2129  9.9999999999999998e-13
2785    2000  1877  1979  1.0099999999999999e-12
2786    1683   453  1875  1.0099999999999999e-12
2787    1414  1413   406  9.9999999999999998e-13
2788    1874  2005  1412  1.0099999999999999e-12
2789    1415   570  1413  9.9999999999999998e-13
2790     406   234  1414  9.9999999999999998e-13
2791     234   236  1422  9.9999999999999998e-17
2792    1414  1415  1413  9.9999999999999998e-13
2793    1415   408  1416  9.9999999999999998e-13
2794    1417  1416   408  9.9999999999999998e-13
2795     276  1421  1058  9.9999999999999998e-13
2796     408  1419  1420  9.9999999999999998e-13
2797    1418  1417   305  9.9999999999999998e-13
2798     305   912  1418  9.9999999999999998e-13
2799    1423  2030   482  9.9999999999999998e-13
2800     234  1419  1414  9.9999999999999998e-13
2801    1419   616  1420  9.9999999999999998e-13
2802     910  1420   616  9.9999999999999998e-13
2803     305  1417  1420  9.9999999999999998e-13
2804    1416   481  1421  9.9999999999999998e-13
2805     340  1421   481  9.9999999999999998e-13
2806    1419  1422   616  9.9999999999999998e-13
2807     112   616  1422  9.9999999999999998e-13
2808    2030  1418   912  9.9999999999999998e-13
2809    1423   482  1424  9.9999999999999998e-13
2810     482  1702  1424  9.9999999999999998e-13
2811    1702  1703  1424  9.9999999999999998e-13
2812    1425  2171  2175  1.0099999999999999e-12
2813    2184  2183   657  1.0099999999999999e-12
2814      78  1428   382  9.9999999999999998e-13
2815    1426   382  1428  9.9999999999999998e-13
2816    1429  2031  1427  9.9999999999999998e-13
2817     350  1880  1430  9.9999999999999998e-13
2818    2031  1428    78  9.9999999999999998e-13
2819    1428  2031  1429  9.9999999999999998e-13
2820    1428  1429  1426  9.9999999999999998e-13
2821    1429  1427  1430  9.9999999999999998e-13
2822    2037  2039  1427  9.9999999999999998e-13
2823     350  1431    85  9.9999999999999998e-13
2824    2040  1430  2039  9.9999999999999998e-13
2825     309  2072  2041  9.9999999999999998e-13
2826    2187  2059  2060  9.9999999999999998e-13
2827    1432  2188  2189  9.9999999999999998e-13
2828    1433   483  1434  1.0099999999999999e-12
2829     421  1433   363  1.0099999999999999e-12
2830    1435   483   633  1.0099999999999999e-12
2831    1905  1434   371  1.0099999999999999e-12
2832    1909  1435   633  1.0099999999999999e-12
2833     371  1434  1435  1.0099999999999999e-12
2834    1576   789  1575  9.9999999999999998e-13
2835    1437  1436    72  9.9999999999999998e-13
2836    1437    72  1553  9.9999999999999998e-13
2837     596  1437   598  9.9999999999999998e-13
2838     369  1815  1816  1.0099999999999999e-12
2839    1607  1450  1815  1.0099999999999999e-12
2840     436   957  1440  9.9999999999999998e-13
2841     395  1439    90  9.9999999999999998e-13
2842    1440  1439   436  9.9999999999999998e-13
2843    1180  1440  1179  9.9999999999999998e-13
2844    1024  1441    39  9.9999999999999998e-13
2845     995  1441   993  9.9999999999999998e-13
2846    1224  1442   529  9.9999999999999998e-13
2847    1442  1134  1143  9.9999999999999998e-13
2848     792  1443  1167  1.0099999999999999e-12
2849    1444   173  1113  1.0099999999999999e-12
2850     173  1444  1443  1.0099999999999999e-12
2851    1445  1113   726  1.0099999999999999e-12
2852    1446  1445   726  1.0099999999999999e-12
2853     460   793  1445  1.0099999999999999e-12
2854    1447  1446   726  1.0099999999999999e-12
2855    1446   457  2078  1.0099999999999999e-12
2856     726  1923  1924  1.0099999999999999e-12
2857    1539  2082   728  1.0099999999999999e-12
2858     675  1448   677  1.0099999999999999e-12
2859     532  1448   676  1.0099999999999999e-12
2860     755   439  1449  9.9999999999999998e-13
2861    1449   439  1803  9.9999999999999998e-13
2862    1813  1814   830  1.0099999999999999e-12
2863    1450  1814  1815  1.0099999999999999e-12
2864    1465   265  1464  9.9999999999999998e-13
2865    1452  1284   146  9.9999999999999998e-13
2866    1452  1451  1465  9.9999999999999998e-13
2867    1331  1452   146  9.9999999999999998e-13
2868    1454  1453  1271  9.9999999999999998e-13
2869    1456  1281  1453  9.9999999999999998e-13
2870    1271  1293  1712  9.9999999999999998e-13
2871    1459  1283  1458  9.9999999999999998e-13
2872    1714  1454  1712  9.9999999999999998e-13
2873     142  1715  1714  9.9999999999999998e-13
2874    1454  1456  1453  9.9999999999999998e-13
2875    1457  1456   299  9.9999999999999998e-13
2876    1458  1457   299  9.9999999999999998e-13
2877    1457  1282  1469  9.9999999999999998e-13
2878    1459   299  1455  9.9999999999999998e-13
2879    1458  1283  1463  9.9999999999999998e-13
2880    1459  1458   299  9.9999999999999998e-13
2881    1459  1285  1460  9.9999999999999998e-13
2882    1461  1460  1462  9.9999999999999998e-13
2883    1285  1462  1460  9.9999999999999998e-13
2884    1466  1461    97  9.9999999999999998e-13
2885    1467  1461   587  9.9999999999999998e-13
2886    1714  1715  1455  9.9999999999999998e-13
2887      97  1461  1462  9.9999999999999998e-13
2888    1464  1463  1283  9.9999999999999998e-13
2889    1282  1463   265  9.9999999999999998e-13
2890    1472  1464  1283  9.9999999999999998e-13
2891     265  1465  1451  9.9999999999999998e-13
2892    1464  1284  1465  9.9999999999999998e-13
2893    1452  1465  1284  9.9999999999999998e-13
2894    1261  1466    97  9.9999999999999998e-13
2895    1475  1262    87  9.9999999999999998e-13
2896    1471  1467   587  9.9999999999999998e-13
2897     771  1474  1473  9.9999999999999998e-13
2898    1257  1468   142  9.9999999999999998e-13
2899      97  1462  1468  9.9999999999999998e-13
2900    1282  1289  1469  9.9999999999999998e-13
2901    1470  1469  1289  9.9999999999999998e-13
2902    1289   316  1470  9.9999999999999998e-13
2903    1321  1470   316  9.9999999999999998e-13
2904    1476  1471   587  9.9999999999999998e-13
2905    1716   765   356  9.9999999999999998e-13
2906    1460  1472  1283  9.9999999999999998e-13
2907    1472   308  1473  9.9999999999999998e-13
2908     308  1467  1473  9.9999999999999998e-13
2909     771  1473  1467  9.9999999999999998e-13
2910    1474   771  1717  9.9999999999999998e-13
2911     146  1284  1474  9.9999999999999998e-13
2912    1262  1475  1466  9.9999999999999998e-13
2913    1476  1475    87  9.9999999999999998e-13
2914    1477  1476    87  9.9999999999999998e-13
2915    1476   765  1471  9.9999999999999998e-13
2916    1478    87  1263  9.9999999999999998e-13
2917     769  1477   767  9.9999999999999998e-13
2918    1479  1478  1263  9.9999999999999998e-13
2919     767  1477  1478  9.9999999999999998e-13
2920     572  1479  1263  9.9999999999999998e-13
2921    1115  1860  1870  9.9999999999999998e-13
2922    1542  1480   473  9.9999999999999998e-13
2923    1268   573  1480  9.9999999999999998e-13
2924    1482  1481   499  9.9999999999999998e-13
2925    1483   501  1481  9.9999999999999998e-13
2926    1733   499  1730  9.9999999999999998e-13
2927    1482  1734  1735  9.9999999999999998e-13
2928    1482  1483  1481  9.9999999999999998e-13
2929    1483  1746  1484  9.9999999999999998e-13
2930    1746  1483   351  9.9999999999999998e-13
2931      81  1485  1354  9.9999999999999998e-13
2932    1746  1747  1484  9.9999999999999998e-13
2933    1747  1748  1485  9.9999999999999998e-13
2934       6  1486  1357  9.9999999999999998e-13
2935    1577   285   137  9.9999999999999998e-13
2936     285  1577  1486  9.9999999999999998e-13
2937    1488   137    91  9.9999999999999998e-13
2938    1489  1488    91  9.9999999999999998e-13
2939    1488  1489  1490  9.9999999999999998e-13
2940    1494  1489    91  9.9999999999999998e-13
2941      69  1489   787  9.9999999999999998e-13
2942    1491  1490    69  9.9999999999999998e-13
2943      79   102  1490  9.9999999999999998e-13
2944    1492  1491    69  9.9999999999999998e-13
2945      79  1493   382  9.9999999999999998e-13
2946    1492  1898  1897  9.9999999999999998e-13
2947      48  1893  1896  9.9999999999999998e-13
2948    1491   343  1493  9.9999999999999998e-13
2949    1493   343  2033  9.9999999999999998e-13
2950      91   104  1495  9.9999999999999998e-13
2951     787  1494   788  9.9999999999999998e-13
2952      83  1495   104  9.9999999999999998e-13
2953     788  1495    75  9.9999999999999998e-13
2954    1496  1385  1497  9.9999999999999998e-17
2955    1391  1390  1496  9.9999999999999998e-17
2956    1385   157  1497  9.9999999999999998e-17
2957    1498  1497   157  9.9999999999999998e-17
2958     157    20  1498  9.9999999999999998e-17
2959      20   328  1498  9.9999999999999998e-17
2960    1389  1499   342  9.9999999999999998e-13
2961    1500  1499  1051  9.9999999999999998e-13
2962    1501  1500  1051  9.9999999999999998e-13
2963    1513  1500  1052  9.9999999999999998e-13
2964    1502  1501  1051  9.9999999999999998e-13
2965    1501  1502  1503  9.9999999999999998e-13
2966     325  1502  1051  9.9999999999999998e-13
2967    1504  1502  1367  9.9999999999999998e-13
2968    1506  1503   317  9.9999999999999998e-13
2969    1516  1503  1053  9.9999999999999998e-13
2970    1367  1368  1504  9.9999999999999998e-13
2971    1578  2087  1505  9.9999999999999998e-13
2972    1505  2088  2093  9.9999999999999998e-13
2973    1506  1518  1053  9.9999999999999998e-13
2974     317  1578  1506  9.9999999999999998e-13
2975    1518  1506  1578  9.9999999999999998e-13
2976    2097  2094  2095  9.9999999999999998e-13
2977    2099  2100  1522  9.9999999999999998e-13
2978    2104  2140  1509  9.9999999999999998e-13
2979    2096  2098  1507  9.9999999999999998e-13
2980    2112   140  2111  9.9999999999999998e-13
2981    2105  2106  1510  9.9999999999999998e-13
2982    2110  2102  2109  9.9999999999999998e-13
2983    2101  1055  2100  9.9999999999999998e-13
2984    2145  2146  1512  9.9999999999999998e-13
2985    2140  2142  1509  9.9999999999999998e-13
2986    2151  1512  2150  9.9999999999999998e-13
2987    1403  2108  2144  9.9999999999999998e-13
2988    1052  1525  1513  9.9999999999999998e-13
2989    1514   465  1387  9.9999999999999998e-13
2990    1526  1513  1525  9.9999999999999998e-13
2991    1513  1526  1514  9.9999999999999998e-13
2992    1526  1783  1515  9.9999999999999998e-13
2993      20  1515   466  9.9999999999999998e-13
2994    1517  1516  1053  9.9999999999999998e-13
2995    1525  1516   160  9.9999999999999998e-13
2996    1520  1517  1053  9.9999999999999998e-13
2997    1527  1531  1056  9.9999999999999998e-13
2998    1578  1519  1518  9.9999999999999998e-13
2999    1520  1518   158  9.9999999999999998e-13
3000    2093  1519  1505  9.9999999999999998e-13
3001    1507   158  1519  9.9999999999999998e-13
3002    1521  1520   158  9.9999999999999998e-13
3003    1520  1054  1517  9.9999999999999998e-13
3004    1522   158  1507  9.9999999999999998e-13
3005    1054  1523   428  9.9999999999999998e-13
3006    1507  2098  2099  9.9999999999999998e-13
3007    1055  1521  1522  9.9999999999999998e-13
3008    1521  1055  1523  9.9999999999999998e-13
3009    1524  1055   429  9.9999999999999998e-13
3010    1055  1524  1523  9.9999999999999998e-13
3011     180  1579   947  9.9999999999999998e-13
3012    1516  1525  1052  9.9999999999999998e-13
3013    1525   160  1526  9.9999999999999998e-13
3014    1783  1526   160  9.9999999999999998e-13
3015     465  1526  1515  9.9999999999999998e-13
3016    1531  1527  1517  9.9999999999999998e-13
3017    1527  1056  1528  9.9999999999999998e-13
3018    1532  1535  1056  9.9999999999999998e-13
3019     466  1515  1528  9.9999999999999998e-13
3020    1087   331  1529  9.9999999999999998e-13
3021     466  1530   330  9.9999999999999998e-13
3022    1529   331  1530  9.9999999999999998e-13
3023    1530   331   943  9.9999999999999998e-13
3024    1517  1054  1531  9.9999999999999998e-13
3025    1532  1054   428  9.9999999999999998e-13
3026    1054  1532  1531  9.9999999999999998e-13
3027    1533  1532   428  9.9999999999999998e-13
3028    1533   428  1534  9.9999999999999998e-13
3029    1533  1087  1535  9.9999999999999998e-13
3030    1524  1534   428  9.9999999999999998e-13
3031     180  1088  1534  9.9999999999999998e-13
3032    1087  1529  1535  9.9999999999999998e-13
3033    1528  1535  1529  9.9999999999999998e-13
3034    1537  1536   259  9.9999999999999998e-13
3035    1536   602  2080  9.9999999999999998e-13
3036     608  1537   259  9.9999999999999998e-13
3037     327  1537   159  9.9999999999999998e-13
3038    2037  2032  1538  9.9999999999999998e-13
3039    1538  2038  2037  9.9999999999999998e-13
3040    2082  1447   727  1.0099999999999999e-12
3041    2288   176  1540  1.0099999999999999e-12
3042     627  1765  2213  1.0099999999999999e-12
3043    1762   181  1761  1.0099999999999999e-12
3044    1764   181  1762  1.0099999999999999e-12
3045    1543  1542   473  9.9999999999999998e-13
3046    1268  1542  1279  9.9999999999999998e-13
3047    1349  1543   473  9.9999999999999998e-13
3048    1543  1280  1544  9.9999999999999998e-13
3049    1545  1544  1280  9.9999999999999998e-13
3050    1555  1279  1544  9.9999999999999998e-13
3051    1548  1280   693  9.9999999999999998e-13
3052    1545   694  1546  9.9999999999999998e-13
3053    1546   694  1547  9.9999999999999998e-13
3054    1560  1546  1118  9.9999999999999998e-13
3055    2190   694  1549  9.9999999999999998e-13
3056    2083   361  1573  9.9999999999999998e-13
3057    1326  1548   693  9.9999999999999998e-13
3058    1549  1548    92  9.9999999999999998e-13
3059    1550  1549    92  9.9999999999999998e-13
3060     695  2084  2190  9.9999999999999998e-13
3061      92  1083  1709  9.9999999999999998e-13
3062    1551  1550   696  9.9999999999999998e-13
3063    1552  1551   696  9.9999999999999998e-13
3064    1554    72  1436  9.9999999999999998e-13
3065    1082  1552   696  9.9999999999999998e-13
3066    1553   544   851  9.9999999999999998e-13
3067    1553  1552   544  9.9999999999999998e-13
3068    1437  1553   546  9.9999999999999998e-13
3069      72  1554  1551  9.9999999999999998e-13
3070    1436  1576  2085  9.9999999999999998e-13
3071    1556  1544  1545  9.9999999999999998e-13
3072    1555   186  1557  9.9999999999999998e-13
3073    1545  1546  1556  9.9999999999999998e-13
3074    1546   186  1556  9.9999999999999998e-13
3075     186  1559  1557  9.9999999999999998e-13
3076    1557  1559  1558  9.9999999999999998e-13
3077    1570  1558  1117  9.9999999999999998e-13
3078    1116  1269  1558  9.9999999999999998e-13
3079    1560  1559   186  9.9999999999999998e-13
3080    1558  1559  1117  9.9999999999999998e-13
3081    1546  1560   186  9.9999999999999998e-13
3082    1560  1118  1561  9.9999999999999998e-13
3083    1118  1571  1562  9.9999999999999998e-13
3084    1563  1117  1561  9.9999999999999998e-13
3085     654  1120  1562  9.9999999999999998e-13
3086    1563  1562  1120  9.9999999999999998e-13
3087    1562  1563  1561  9.9999999999999998e-13
3088    1564  1563  1120  9.9999999999999998e-13
3089    1565  1564  1120  9.9999999999999998e-13
3090    1564   574  1570  9.9999999999999998e-13
3091    1566  1120  1122  9.9999999999999998e-13
3092    1786  1138  1785  9.9999999999999998e-13
3093    1567  1122   521  9.9999999999999998e-13
3094    1569  1121  1566  9.9999999999999998e-13
3095    1568  1567   521  9.9999999999999998e-13
3096    1568  2086  1567  9.9999999999999998e-13
3097    1126  1568   521  9.9999999999999998e-13
3098    2086  2191  1072  9.9999999999999998e-13
3099    1567  1569  1566  9.9999999999999998e-13
3100    1581  1072  1139  9.9999999999999998e-13
3101    1564  1570  1117  9.9999999999999998e-13
3102    1582  1570   574  9.9999999999999998e-13
3103    1574  1571  1118  9.9999999999999998e-13
3104    1572  1571  1119  9.9999999999999998e-13
3105    1572  1119  1573  9.9999999999999998e-13
3106    1123   654  1572  9.9999999999999998e-13
3107    2083  1573  1119  9.9999999999999998e-13
3108     361  1576  1575  9.9999999999999998e-13
3109    1546  1574  1118  9.9999999999999998e-13
3110    1119  1574  1547  9.9999999999999998e-13
3111     361  1575  1573  9.9999999999999998e-13
3112    1125  1575   789  9.9999999999999998e-13
3113     361  2084  2085  9.9999999999999998e-13
3114    1436   789  1576  9.9999999999999998e-13
3115     137  1487  1577  9.9999999999999998e-13
3116    1487  1486  1577  9.9999999999999998e-13
3117    2087   317  1504  9.9999999999999998e-13
3118    1519  1578  1505  9.9999999999999998e-13
3119    1524   429  1579  9.9999999999999998e-13
3120    1580   429   952  9.9999999999999998e-13
3121     429  1580  1579  9.9999999999999998e-13
3122     949  1580   952  9.9999999999999998e-13
3123    1072  1581  1569  9.9999999999999998e-13
3124     697  1581  1139  9.9999999999999998e-13
3125    1784  1582   574  9.9999999999999998e-13
3126    1583  1115  1584  9.9999999999999998e-13
3127    1582  1128  1583  9.9999999999999998e-13
3128    1859  1583  1128  9.9999999999999998e-13
3129    1479  1584  1115  9.9999999999999998e-13
3130    1584   572  1269  9.9999999999999998e-13
3131     389  1585   239  9.9999999999999998e-13
3132    1586  1585   242  9.9999999999999998e-13
3133     464  1586   242  9.9999999999999998e-13
3134     203  1586   999  9.9999999999999998e-13
3135     394   131  1587  9.9999999999999998e-13
3136     759  1587   131  9.9999999999999998e-13
3137     741  1910  1908  1.0099999999999999e-12
3138    1588  2168  2169  1.0099999999999999e-12
3139     760   398  1589  9.9999999999999998e-13
3140     397  1590   149  9.9999999999999998e-13
3141    1589   398  1590  9.9999999999999998e-13
3142     398  1794  1591  9.9999999999999998e-13
3143     398  1591  1590  9.9999999999999998e-13
3144     556   691  1591  9.9999999999999998e-13
3145     643  1592   825  1.0099999999999999e-12
3146     826   827  1593  1.0099999999999999e-12
3147    1597  1593   827  1.0099999999999999e-12
3148    1594  1593  1596  1.0099999999999999e-12
3149     826  1594  1592  1.0099999999999999e-12
3150    1594  1596  1595  1.0099999999999999e-12
3151    1232  1595   368  1.0099999999999999e-12
3152     822  1595   610  1.0099999999999999e-12
3153    1597  1596  1593  1.0099999999999999e-12
3154     368  1595  1596  1.0099999999999999e-12
3155     827  1600  1598  1.0099999999999999e-12
3156    1599   368  1597  1.0099999999999999e-12
3157     178  1234  1598  1.0099999999999999e-12
3158    1599  1598  1234  1.0099999999999999e-12
3159    1598  1599  1597  1.0099999999999999e-12
3160    1599  1234  1606  1.0099999999999999e-12
3161    1609  1600   827  1.0099999999999999e-12
3162     828  1626  1601  1.0099999999999999e-12
3163     828  1601  1600  1.0099999999999999e-12
3164    1602  1601   829  1.0099999999999999e-12
3165    1602   829  1603  1.0099999999999999e-12
3166    1602   830  1450  1.0099999999999999e-12
3167    1604  1603   829  1.0099999999999999e-12
3168      99  1074  1603  1.0099999999999999e-12
3169    1626  1627   829  1.0099999999999999e-12
3170    1630  1629  1639  1.0099999999999999e-12
3171    1604  1627  1628  1.0099999999999999e-12
3172    1632   450  1098  1.0099999999999999e-12
3173    1607  1606  1234  1.0099999999999999e-12
3174    1608  1233  1606  1.0099999999999999e-12
3175    1450  1607  1234  1.0099999999999999e-12
3176     369  1239  1607  1.0099999999999999e-12
3177    1607  1608  1606  1.0099999999999999e-12
3178    1238  1608  1239  1.0099999999999999e-12
3179     827   334  1609  1.0099999999999999e-12
3180    1610  1609   334  1.0099999999999999e-12
3181     334  1612  1610  1.0099999999999999e-12
3182    1613  1611  1610  1.0099999999999999e-12
3183    1610  1612  1613  1.0099999999999999e-12
3184     448  1611  1110  1.0099999999999999e-12
3185    1618   334   505  1.0099999999999999e-12
3186    1612   508  1613  1.0099999999999999e-12
3187    1614  1613   508  1.0099999999999999e-12
3188    1110  1611  1613  1.0099999999999999e-12
3189    1615   508   518  1.0099999999999999e-12
3190    1614   506  1619  1.0099999999999999e-12
3191     508  1615  1614  1.0099999999999999e-12
3192     590  1615   518  1.0099999999999999e-12
3193     590   732  1616  1.0099999999999999e-12
3194    1617   732   733  1.0099999999999999e-12
3195     733   734  1617  1.0099999999999999e-12
3196     506  1621  1619  1.0099999999999999e-12
3197     505   644  1618  1.0099999999999999e-12
3198     518  1618   644  1.0099999999999999e-12
3199    1621   506  1617  1.0099999999999999e-12
3200    1620  1622  1111  1.0099999999999999e-12
3201    1619  1621  1622  1.0099999999999999e-12
3202    1620  1111  1629  1.0099999999999999e-12
3203    1617   734  1621  1.0099999999999999e-12
3204    1621   734  1622  1.0099999999999999e-12
3205    1622  1620  1619  1.0099999999999999e-12
3206    1622   734  1623  1.0099999999999999e-12
3207     734   735  1623  1.0099999999999999e-12
3208    1624  1623   735  1.0099999999999999e-12
3209     735   449  1624  1.0099999999999999e-12
3210    1625   449  1095  1.0099999999999999e-12
3211     449  1625  1624  1.0099999999999999e-12
3212    1653  1625  1095  1.0099999999999999e-12
3213     828   448  1626  1.0099999999999999e-12
3214    1627  1626   448  1.0099999999999999e-12
3215    1628  1627   448  1.0099999999999999e-12
3216    1604   829  1627  1.0099999999999999e-12
3217    1629  1628   448  1.0099999999999999e-12
3218    1630  1604  1628  1.0099999999999999e-12
3219    1620  1629   448  1.0099999999999999e-12
3220    1629  1111  1639  1.0099999999999999e-12
3221    1629  1630  1628  1.0099999999999999e-12
3222    1630  1605  1631  1.0099999999999999e-12
3223    1632  1631  1605  1.0099999999999999e-12
3224    1633    99  1631  1.0099999999999999e-12
3225     450  1632  1605  1.0099999999999999e-12
3226    1090  1632  1098  1.0099999999999999e-12
3227    1632  1633  1631  1.0099999999999999e-12
3228    1634  1633  1090  1.0099999999999999e-12
3229    1635  1090  1076  1.0099999999999999e-12
3230    1634  1075  1636  1.0099999999999999e-12
3231    1090  1635  1634  1.0099999999999999e-12
3232    1635  1076  1638  1.0099999999999999e-12
3233    1637  1636  1075  1.0099999999999999e-12
3234    1074    99  1636  1.0099999999999999e-12
3235    1804  1637  1075  1.0099999999999999e-12
3236    1637  1804  1806  1.0099999999999999e-12
3237    1641  1638  1076  1.0099999999999999e-12
3238    1638  1641  1645  1.0099999999999999e-12
3239    1111  1622  1640  1.0099999999999999e-12
3240     450  1605  1639  1.0099999999999999e-12
3241    1623   450  1640  1.0099999999999999e-12
3242     450  1639  1640  1.0099999999999999e-12
3243    1076  1643  1641  1.0099999999999999e-12
3244    1682  1679    34  1.0099999999999999e-12
3245    1643  1642  1641  1.0099999999999999e-12
3246    1642  1093  1661  1.0099999999999999e-12
3247    1644  1643  1076  1.0099999999999999e-12
3248    1642  1643  1093  1.0099999999999999e-12
3249    1090  1644  1076  1.0099999999999999e-12
3250    1644   462  1649  1.0099999999999999e-12
3251    1091  1648  1645  1.0099999999999999e-12
3252    1645  1648  1646  1.0099999999999999e-12
3253    1092  1662  1646  1.0099999999999999e-12
3254    1665  1647  1662  1.0099999999999999e-12
3255    1647  1646  1662  1.0099999999999999e-12
3256    1808  1079  1809  1.0099999999999999e-12
3257    2164   890  1663  1.0099999999999999e-12
3258    1646  1648  1092  1.0099999999999999e-12
3259    1650  1649   462  1.0099999999999999e-12
3260    1649  1650  1660  1.0099999999999999e-12
3261    1653   462  1098  1.0099999999999999e-12
3262    1650  1653  1651  1.0099999999999999e-12
3263    1095  1652  1651  1.0099999999999999e-12
3264    1678   451  1660  1.0099999999999999e-12
3265    1818  1095   449  1.0099999999999999e-12
3266    1652  1097  1655  1.0099999999999999e-12
3267    1625  1653  1098  1.0099999999999999e-12
3268    1651  1653  1095  1.0099999999999999e-12
3269    1651  1652  1654  1.0099999999999999e-12
3270    1654  1652  1655  1.0099999999999999e-12
3271     311  1657  1656  1.0099999999999999e-12
3272    1655   311  1096  1.0099999999999999e-12
3273    1097   738  1657  1.0099999999999999e-12
3274    1657   311  1655  1.0099999999999999e-12
3275    1658  1657   738  1.0099999999999999e-12
3276    2291   738  1659  1.0099999999999999e-12
3277     737  1656  1658  1.0099999999999999e-12
3278    1659   738  1820  1.0099999999999999e-12
3279    2291  2290   737  1.0099999999999999e-12
3280    1668  1678  1654  1.0099999999999999e-12
3281    1077  1642  1661  1.0099999999999999e-12
3282    1660  1661  1093  1.0099999999999999e-12
3283    1663  1662  1092  1.0099999999999999e-12
3284    1662   891  1665  1.0099999999999999e-12
3285    1092  1677  2164  1.0099999999999999e-12
3286    1664   890   527  1.0099999999999999e-12
3287     890  1664  1663  1.0099999999999999e-12
3288    1676  1664   527  1.0099999999999999e-12
3289    1666  1665   891  1.0099999999999999e-12
3290    1808  1665  1079  1.0099999999999999e-12
3291    1666   891  1664  1.0099999999999999e-12
3292    1079  1666   195  1.0099999999999999e-12
3293     177  1674  1680  1.0099999999999999e-12
3294    1667  2164  1677  1.0099999999999999e-12
3295    1664  1669  1666  1.0099999999999999e-12
3296    1669   889  1670  1.0099999999999999e-12
3297    1671  1670   889  1.0099999999999999e-12
3298     526   888  1670  1.0099999999999999e-12
3299    1676  1672  1673  1.0099999999999999e-12
3300     526  1671  1673  1.0099999999999999e-12
3301    1673  1672   177  1.0099999999999999e-12
3302    1673  1671  1676  1.0099999999999999e-12
3303    1675  1673  1680  1.0099999999999999e-12
3304     785  2223  2222  1.0099999999999999e-12
3305     353   526  1675  1.0099999999999999e-12
3306    1675  1070  2181  1.0099999999999999e-12
3307    1664  1676   889  1.0099999999999999e-12
3308     527  1672  1676  1.0099999999999999e-12
3309    1648  1091  1682  1.0099999999999999e-12
3310    1667  1677    34  1.0099999999999999e-12
3311    1654  1678  1094  1.0099999999999999e-12
3312    1668   451  1678  1.0099999999999999e-12
3313    1677  1682    34  1.0099999999999999e-12
3314    1642  1679  1091  1.0099999999999999e-12
3315    1681  1680  1674  1.0099999999999999e-12
3316     637  1681  1674  1.0099999999999999e-12
3317    1070  1675  1681  1.0099999999999999e-12
3318    1648  1682  1677  1.0099999999999999e-12
3319    1679  1682  1091  1.0099999999999999e-12
3320    1875   453  1411  1.0099999999999999e-12
3321     278   739  1683  1.0099999999999999e-12
3322     842   188  1684  9.9999999999999998e-13
3323    1685   188   869  9.9999999999999998e-13
3324     188  1685  1684  9.9999999999999998e-13
3325     868  1685   869  9.9999999999999998e-13
3326    1686   879    22  1.0099999999999999e-12
3327    1686   548   878  1.0099999999999999e-12
3328     583  1687   911  9.9999999999999998e-13
3329     875  1687   303  9.9999999999999998e-13
3330    1011   393  1688  9.9999999999999998e-13
3331     393  1008  1688  9.9999999999999998e-13
3332     199  1689   396  9.9999999999999998e-13
3333     280  1689   307  9.9999999999999998e-13
3334    1690  2042  2043  9.9999999999999998e-13
3335    2041  2049  1432  9.9999999999999998e-13
3336    1175   845  1691  9.9999999999999998e-13
3337    1692   846   111  9.9999999999999998e-13
3338    1691   845  1692  9.9999999999999998e-13
3339    1693  1692   845  9.9999999999999998e-13
3340    1821  1693   845  9.9999999999999998e-13
3341     109   846  1693  9.9999999999999998e-13
3342    1695   136  1204  9.9999999999999998e-13
3343     706  1694   707  9.9999999999999998e-13
3344    1204   424  1695  9.9999999999999998e-13
3345    1696  1695   424  9.9999999999999998e-13
3346     424   377  1696  9.9999999999999998e-13
3347     708  1696   377  9.9999999999999998e-13
3348     190  1106  1697  9.9999999999999998e-13
3349    1277  1697  1106  9.9999999999999998e-13
3350    1335   132  1698  9.9999999999999998e-13
3351    1698   132  1699  9.9999999999999998e-13
3352     132  1342  1699  9.9999999999999998e-13
3353    1334  1699  1342  9.9999999999999998e-13
3354    1701  1700   559  9.9999999999999998e-13
3355    2052  1700   809  9.9999999999999998e-13
3356    1356  1701   559  9.9999999999999998e-13
3357     809  1701   401  9.9999999999999998e-13
3358    1704  1702   482  9.9999999999999998e-13
3359    1703  1702  1109  9.9999999999999998e-13
3360    1325  1703  1109  9.9999999999999998e-13
3361    1703   138   340  9.9999999999999998e-13
3362     482  2030  1705  9.9999999999999998e-13
3363    1704   341  1706  9.9999999999999998e-13
3364     482  1705  1704  9.9999999999999998e-13
3365     912   913  1705  9.9999999999999998e-13
3366    1707   341  1080  9.9999999999999998e-13
3367    1710  1109  1706  9.9999999999999998e-13
3368    1708  1707  1080  9.9999999999999998e-13
3369    1710  1707  1083  9.9999999999999998e-13
3370    1080  1081  1708  9.9999999999999998e-13
3371    1708  1081  1709  9.9999999999999998e-13
3372     696  1709  1081  9.9999999999999998e-13
3373    1550    92  1709  9.9999999999999998e-13
3374    1707  1710  1706  9.9999999999999998e-13
3375    1083  1326  1826  9.9999999999999998e-13
3376     913   914  1711  9.9999999999999998e-13
3377    1080  1711   914  9.9999999999999998e-13
3378     298  1713  1712  9.9999999999999998e-13
3379    1713  1714  1712  9.9999999999999998e-13
3380    2165  1713   298  9.9999999999999998e-13
3381    1714  1713   142  9.9999999999999998e-13
3382    1715   142  1468  9.9999999999999998e-13
3383    1714  1455  1454  9.9999999999999998e-13
3384    1468  1285  1715  9.9999999999999998e-13
3385    1455  1715  1285  9.9999999999999998e-13
3386     765  1716  1471  9.9999999999999998e-13
3387    1717  1716   356  9.9999999999999998e-13
3388    1718  1717   356  9.9999999999999998e-13
3389    1717   772  1474  9.9999999999999998e-13
3390    1719   356   769  9.9999999999999998e-13
3391    1718   775  1720  9.9999999999999998e-13
3392    1868   769   766  9.9999999999999998e-13
3393     770   775  1719  9.9999999999999998e-13
3394    1722  1720   775  9.9999999999999998e-13
3395    1721   461   773  9.9999999999999998e-13
3396    1721  1720  1722  9.9999999999999998e-13
3397    1827  1721   773  9.9999999999999998e-13
3398    1724   775   770  9.9999999999999998e-13
3399    1723   461  1722  9.9999999999999998e-13
3400    1724  1722   775  9.9999999999999998e-13
3401    1736  1723  1341  9.9999999999999998e-13
3402    1724   770  1725  9.9999999999999998e-13
3403    1723  1722  1724  9.9999999999999998e-13
3404    1726  1725   770  9.9999999999999998e-13
3405    1725  1726  1727  9.9999999999999998e-13
3406    1726   770  1868  9.9999999999999998e-13
3407    1169   185  1726  9.9999999999999998e-13
3408    1726   185  1727  9.9999999999999998e-13
3409    1727   185  1728  9.9999999999999998e-13
3410    1731  1732  1828  9.9999999999999998e-13
3411    1340  1728  1730  9.9999999999999998e-13
3412    1729  1734  1733  9.9999999999999998e-13
3413    1730   499  1741  9.9999999999999998e-13
3414    1731  1728   185  9.9999999999999998e-13
3415    1733  1730  1729  9.9999999999999998e-13
3416    1732  1731   185  9.9999999999999998e-13
3417    1729  1730  1731  9.9999999999999998e-13
3418    1742   185  1169  9.9999999999999998e-13
3419    1732  1170  1828  9.9999999999999998e-13
3420    1729  1829  1734  9.9999999999999998e-13
3421    1482   499  1733  9.9999999999999998e-13
3422     500  1220  1735  9.9999999999999998e-13
3423    1482  1733  1734  9.9999999999999998e-13
3424    1221  1735  1220  9.9999999999999998e-13
3425    1482  1735   351  9.9999999999999998e-13
3426    1341  1728  1737  9.9999999999999998e-13
3427     461  1736  1339  9.9999999999999998e-13
3428    1738  1737  1340  9.9999999999999998e-13
3429     498  1339  1737  9.9999999999999998e-13
3430    1741  1738  1340  9.9999999999999998e-13
3431    1739   498  1738  9.9999999999999998e-13
3432    1738  1741  1740  9.9999999999999998e-13
3433    1739    88  1343  9.9999999999999998e-13
3434     499  1481  1740  9.9999999999999998e-13
3435    1345  1740  1481  9.9999999999999998e-13
3436    1730  1741  1340  9.9999999999999998e-13
3437    1740  1741   499  9.9999999999999998e-13
3438    1867  1169  1865  9.9999999999999998e-13
3439    1743   698  1744  9.9999999999999998e-13
3440    1867  1743  1742  9.9999999999999998e-13
3441    2166  1743   768  9.9999999999999998e-13
3442    1209  1744   698  9.9999999999999998e-13
3443    1830   500  1745  9.9999999999999998e-13
3444    1830  1745  1744  9.9999999999999998e-13
3445    1828  1829  1729  9.9999999999999998e-13
3446     351  1223  1746  9.9999999999999998e-13
3447    1747  1746  1223  9.9999999999999998e-13
3448    1748  1747  1223  9.9999999999999998e-13
3449    1485  1484  1747  9.9999999999999998e-13
3450    1222  1748  1223  9.9999999999999998e-13
3451    1748   454  1749  9.9999999999999998e-13
3452    1749   454  1750  9.9999999999999998e-13
3453    1485  1749  1354  9.9999999999999998e-13
3454    1831   454  1248  9.9999999999999998e-13
3455    1750  1831  1751  9.9999999999999998e-13
3456    1216  1754  1751  9.9999999999999998e-13
3457    1218  1752   402  9.9999999999999998e-13
3458    1754  1752  1751  9.9999999999999998e-13
3459    1753  1755  1847  9.9999999999999998e-13
3460    1217  1846  1847  9.9999999999999998e-13
3461     624  1771  1779  1.0099999999999999e-12
3462    1832  1216   458  9.9999999999999998e-13
3463    1752  1754  1217  9.9999999999999998e-13
3464    1752  1217  1847  9.9999999999999998e-13
3465     624  1755  1753  9.9999999999999998e-13
3466    1840  1852  1853  1.0099999999999999e-12
3467    1756   628  1770  1.0099999999999999e-12
3468     455  1834  1842  1.0099999999999999e-12
3469    1756  1758   628  1.0099999999999999e-12
3470    1757   459  1758  1.0099999999999999e-12
3471    1759  1758   459  1.0099999999999999e-12
3472     459  1844  1760  1.0099999999999999e-12
3473    1775  1776   625  1.0099999999999999e-12
3474    1761  1760   456  1.0099999999999999e-12
3475    1857   294  1777  1.0099999999999999e-12
3476    1762   456   631  1.0099999999999999e-12
3477    1761   181  1763  1.0099999999999999e-12
3478     631  2078  2079  1.0099999999999999e-12
3479    1762  2079  1764  1.0099999999999999e-12
3480    1765  1763   181  1.0099999999999999e-12
3481    1767  1763   627  1.0099999999999999e-12
3482    2299  2220  1901  9.9999999999999998e-13
3483    2217  2213  1765  1.0099999999999999e-12
3484     181  1764  2218  1.0099999999999999e-12
3485    2216    36  2213  1.0099999999999999e-12
3486     624  1766  1755  9.9999999999999998e-13
3487     753  1766   435  9.9999999999999998e-13
3488    1768  1767   627  1.0099999999999999e-12
3489    1778   626  1774  1.0099999999999999e-12
3490     627  2213  2215  1.0099999999999999e-12
3491    2236  2235   314  1.0099999999999999e-12
3492      36  2215  2213  1.0099999999999999e-12
3493    1769  2297  2018  1.0099999999999999e-12
3494     628  1775  1770  1.0099999999999999e-12
3495    1779  1771    32  1.0099999999999999e-12
3496    1775  1771  1770  1.0099999999999999e-12
3497     625  1774  1772  1.0099999999999999e-12
3498     625  1772  1771  1.0099999999999999e-12
3499    1773  2294  2295  1.0099999999999999e-12
3500    2231  1773  2295  1.0099999999999999e-12
3501    2294  1772  2295  1.0099999999999999e-12
3502    1777   625  1776  1.0099999999999999e-12
3503    2233  1774   626  1.0099999999999999e-12
3504    1776   628  1759  1.0099999999999999e-12
3505    1771  1775   625  1.0099999999999999e-12
3506    1857  1776  1759  1.0099999999999999e-12
3507    1776  1857  1777  1.0099999999999999e-12
3508    1777   294  1778  1.0099999999999999e-12
3509    1774   625  1777  1.0099999999999999e-12
3510     294  1767  1778  1.0099999999999999e-12
3511    2235  1778  1767  1.0099999999999999e-12
3512    1779  1780  1766  9.9999999999999998e-13
3513      32  1780  1779  9.9999999999999998e-13
3514    1781  1780    32  9.9999999999999998e-13
3515    1766  1780   435  9.9999999999999998e-13
3516      32  1772  2294  1.0099999999999999e-12
3517     381   434  2066  9.9999999999999998e-13
3518    1896  1897    48  9.9999999999999998e-13
3519     816   815  1782  9.9999999999999998e-13
3520     160  1527  1783  9.9999999999999998e-13
3521    1528  1783  1527  9.9999999999999998e-13
3522    1785  1784   574  9.9999999999999998e-13
3523    1784  1785  1788  9.9999999999999998e-13
3524    1564  1785   574  9.9999999999999998e-13
3525    1786  1565  1121  9.9999999999999998e-13
3526    1565  1786  1785  9.9999999999999998e-13
3527    1787  1121  1581  9.9999999999999998e-13
3528    1581   697  1787  9.9999999999999998e-13
3529    1789  1787   697  9.9999999999999998e-13
3530    1789  1788  1138  9.9999999999999998e-13
3531    1788  1789  1790  9.9999999999999998e-13
3532    1787  1789  1138  9.9999999999999998e-13
3533     697  1129  1789  9.9999999999999998e-13
3534    1791  1790  1129  9.9999999999999998e-13
3535    1790  1791  1859  9.9999999999999998e-13
3536    1793  1129  1130  9.9999999999999998e-13
3537    1791  1793  1792  9.9999999999999998e-13
3538    1792  1865  1864  9.9999999999999998e-13
3539    1862  1863  1864  9.9999999999999998e-13
3540    1130   768  1793  9.9999999999999998e-13
3541    1792  1793   768  9.9999999999999998e-13
3542    1795   398   387  9.9999999999999998e-13
3543     556  1794  1797  9.9999999999999998e-13
3544     387  1182  1796  9.9999999999999998e-13
3545    1794  1795  1797  9.9999999999999998e-13
3546    1800   858  1799  9.9999999999999998e-13
3547    1797    98   556  9.9999999999999998e-13
3548    1795  1796  1797  9.9999999999999998e-13
3549    1798  1797  1796  9.9999999999999998e-13
3550    1800  1798  1796  9.9999999999999998e-13
3551    1799   858   592  9.9999999999999998e-13
3552    1799  1798  1800  9.9999999999999998e-13
3553     592   855  1799  9.9999999999999998e-13
3554    1796   440  1800  9.9999999999999998e-13
3555    1801  1800   440  9.9999999999999998e-13
3556    1803  1801   440  9.9999999999999998e-13
3557    1802  1801  1241  9.9999999999999998e-13
3558    1241    74  1802  9.9999999999999998e-13
3559     857  1802    74  9.9999999999999998e-13
3560    1803   440  1182  9.9999999999999998e-13
3561    1241  1803   439  9.9999999999999998e-13
3562    1805  1804  1075  1.0099999999999999e-12
3563    1869  1647  1808  1.0099999999999999e-12
3564    1075  1635  1805  1.0099999999999999e-12
3565    1638  1805  1635  1.0099999999999999e-12
3566    1807  1806  1078  1.0099999999999999e-12
3567    1806  1807  1812  1.0099999999999999e-12
3568    1808  1807  1078  1.0099999999999999e-12
3569    1807  1808  1809  1.0099999999999999e-12
3570    1869  1808  1078  1.0099999999999999e-12
3571    1665  1808  1647  1.0099999999999999e-12
3572    1810  1809  1079  1.0099999999999999e-12
3573    1811  1438  1813  1.0099999999999999e-12
3574    1079   195  1810  1.0099999999999999e-12
3575     886  1810   195  1.0099999999999999e-12
3576    1810  1811  1809  1.0099999999999999e-12
3577     887  1438  1811  1.0099999999999999e-12
3578    1813  1812   422  1.0099999999999999e-12
3579    1603  1812   830  1.0099999999999999e-12
3580    1811  1813   422  1.0099999999999999e-12
3581    1814  1813  1438  1.0099999999999999e-12
3582    1815  1814  1438  1.0099999999999999e-12
3583    1450   830  1814  1.0099999999999999e-12
3584    1816  1815  1438  1.0099999999999999e-12
3585    1607  1815   369  1.0099999999999999e-12
3586    1438   887  1816  1.0099999999999999e-12
3587    1817   887   352  1.0099999999999999e-12
3588     887  1817  1816  1.0099999999999999e-12
3589     549  1817   352  1.0099999999999999e-12
3590    1095  1818  1652  1.0099999999999999e-12
3591    1818   449  1819  1.0099999999999999e-12
3592     449   736  1819  1.0099999999999999e-12
3593    1820   736   453  1.0099999999999999e-12
3594     736  1820  1819  1.0099999999999999e-12
3595    1820   453  1683  1.0099999999999999e-12
3596     845   935  1824  9.9999999999999998e-13
3597    1821   852  1822  9.9999999999999998e-13
3598    1823  1822   852  9.9999999999999998e-13
3599     849   109  1822  9.9999999999999998e-13
3600     692  1823   852  9.9999999999999998e-13
3601     849  1823   653  9.9999999999999998e-13
3602     845  1824  1821  9.9999999999999998e-13
3603    1824   121  1825  9.9999999999999998e-13
3604     121   929  1825  9.9999999999999998e-13
3605     691  1825   929  9.9999999999999998e-13
3606    1326  1325  1826  9.9999999999999998e-13
3607    1325  1710  1826  9.9999999999999998e-13
3608    1331  1827   773  9.9999999999999998e-13
3609     772  1827   146  9.9999999999999998e-13
3610    1170  1745  1828  9.9999999999999998e-13
3611    1829  1745   500  9.9999999999999998e-13
3612    1745  1829  1828  9.9999999999999998e-13
3613    1734  1829   500  9.9999999999999998e-13
3614    1209  1830  1744  9.9999999999999998e-13
3615     500  1830  1219  9.9999999999999998e-13
3616    1248  1216  1831  9.9999999999999998e-13
3617    1751  1831  1216  9.9999999999999998e-13
3618    1216  1832  1754  9.9999999999999998e-13
3619    1833  1832   458  9.9999999999999998e-13
3620    1833   458  1835  9.9999999999999998e-13
3621    1852  1850  1851  1.0099999999999999e-12
3622     458  1137  1835  9.9999999999999998e-13
3623    1834  1841    23  9.9999999999999998e-13
3624     672  1848  1137  9.9999999999999998e-13
3625    1848   672  1841  9.9999999999999998e-13
3626    1160  1836    23  1.0099999999999999e-12
3627    1836   629  1842  1.0099999999999999e-12
3628    1838   630   631  1.0099999999999999e-12
3629    1837  1838  1839  1.0099999999999999e-12
3630     631   456  1838  1.0099999999999999e-12
3631    1837  1839   629  1.0099999999999999e-12
3632    1838   456  1839  1.0099999999999999e-12
3633    1843  1844   459  1.0099999999999999e-12
3634    1845  1217  1832  9.9999999999999998e-13
3635    1217  1845  1846  9.9999999999999998e-13
3636    1849  1848  1841  9.9999999999999998e-13
3637     672  1158  1841  1.0099999999999999e-12
3638    1843  1842   629  1.0099999999999999e-12
3639     455  1851  1850  1.0099999999999999e-12
3640    1844   629  1839  1.0099999999999999e-12
3641    1757  1843   459  1.0099999999999999e-12
3642    1839   456  1844  1.0099999999999999e-12
3643    1760  1844   456  1.0099999999999999e-12
3644    1856  1854  1850  9.9999999999999998e-13
3645    1856  1846  1845  9.9999999999999998e-13
3646    1840    50  1846  9.9999999999999998e-13
3647    1847  1846    50  9.9999999999999998e-13
3648    1753  1847    50  9.9999999999999998e-13
3649    1752  1847  1755  9.9999999999999998e-13
3650    1849  1841  1834  9.9999999999999998e-13
3651    1137  1848  1835  9.9999999999999998e-13
3652    1855  1834   455  9.9999999999999998e-13
3653    1833  1835  1849  9.9999999999999998e-13
3654    1851   455  1842  1.0099999999999999e-12
3655    1854  1845  1833  9.9999999999999998e-13
3656    1843  1851  1842  1.0099999999999999e-12
3657    1850  1852  1840  1.0099999999999999e-12
3658    1851  1757  1852  1.0099999999999999e-12
3659    1853  1852  1757  1.0099999999999999e-12
3660    1853  1757  1758  1.0099999999999999e-12
3661      50  1840  1853  1.0099999999999999e-12
3662    1850  1840  1856  9.9999999999999998e-13
3663    1855  1833  1849  9.9999999999999998e-13
3664    1833  1855  1854  9.9999999999999998e-13
3665    1834  1855  1849  9.9999999999999998e-13
3666    1846  1856  1840  9.9999999999999998e-13
3667    1845  1854  1856  9.9999999999999998e-13
3668    1759  1760  1857  1.0099999999999999e-12
3669    1858  1857  1760  1.0099999999999999e-12
3670    1761  1858  1760  1.0099999999999999e-12
3671    1763   294  1858  1.0099999999999999e-12
3672    1860  1859    80  9.9999999999999998e-13
3673    1583  1859  1115  9.9999999999999998e-13
3674    1861  1860    80  9.9999999999999998e-13
3675    1115  1870  1479  9.9999999999999998e-13
3676    1863    80  1792  9.9999999999999998e-13
3677    1862   767  1861  9.9999999999999998e-13
3678    1863  1862  1861  9.9999999999999998e-13
3679     769  1862   766  9.9999999999999998e-13
3680      80  1863  1861  9.9999999999999998e-13
3681    1863  1792  1864  9.9999999999999998e-13
3682    1865  1792   768  9.9999999999999998e-13
3683    1864  1865  1866  9.9999999999999998e-13
3684    1867  1865   768  9.9999999999999998e-13
3685    1866  1865  1169  9.9999999999999998e-13
3686    1726  1866  1169  9.9999999999999998e-13
3687    1866  1726  1868  9.9999999999999998e-13
3688    1743  1867   768  9.9999999999999998e-13
3689    1169  1867  1742  9.9999999999999998e-13
3690     770  1719  1868  9.9999999999999998e-13
3691     769  1868  1719  9.9999999999999998e-13
3692    1805  1869  1804  1.0099999999999999e-12
3693     617  1647  1869  1.0099999999999999e-12
3694    1861  1870  1860  9.9999999999999998e-13
3695    1478  1870   767  9.9999999999999998e-13
3696    1871  1981  1991  1.0099999999999999e-12
3697    1984  1983   379  1.0099999999999999e-12
3698    1984  1872  1983  1.0099999999999999e-12
3699    1985  1412  1873  1.0099999999999999e-12
3700    1986    37  1985  1.0099999999999999e-12
3701     278  1875  1874  1.0099999999999999e-12
3702    1875  2005  1874  1.0099999999999999e-12
3703    1683  1875   278  1.0099999999999999e-12
3704    2006  2005  1411  1.0099999999999999e-12
3705     319  1876   543  1.0099999999999999e-12
3706    1978  1876  1979  1.0099999999999999e-12
3707    1878  2000  1980  1.0099999999999999e-12
3708    1977  1971   534  1.0099999999999999e-12
3709    1878  1982  1983  1.0099999999999999e-12
3710     279  1977  2002  1.0099999999999999e-12
3711    1880  1879    86  9.9999999999999998e-13
3712     148  1879    96  9.9999999999999998e-13
3713    1430  1880    86  9.9999999999999998e-13
3714     560  1880   350  9.9999999999999998e-13
3715     622  1881   723  9.9999999999999998e-13
3716    1882   110   804  9.9999999999999998e-13
3717     110  1882  1881  9.9999999999999998e-13
3718    1882   804  2071  9.9999999999999998e-13
3719     938  1883   936  9.9999999999999998e-13
3720     921  1883   717  9.9999999999999998e-13
3721     972  1884   968  9.9999999999999998e-13
3722    1884   478  1885  9.9999999999999998e-13
3723     478  1013  1885  9.9999999999999998e-13
3724    1900  1014  1899  9.9999999999999998e-13
3725    1887  1886   268  9.9999999999999998e-13
3726    2253  1886   688  9.9999999999999998e-13
3727    1888  1887   268  9.9999999999999998e-13
3728    1889   374   994  9.9999999999999998e-13
3729     206  1888   268  9.9999999999999998e-13
3730     647  1891  1890  9.9999999999999998e-13
3731    1890  1887  1888  9.9999999999999998e-13
3732     201   374  1889  9.9999999999999998e-13
3733     647  1890  1888  9.9999999999999998e-13
3734     201  1889  1890  9.9999999999999998e-13
3735    1892  1891   647  9.9999999999999998e-13
3736     646   201  1891  9.9999999999999998e-13
3737    1893  1892   647  9.9999999999999998e-13
3738     646  1892    48  9.9999999999999998e-13
3739    1894  1893   647  9.9999999999999998e-13
3740    1893   816  1896  9.9999999999999998e-13
3741    1888  1894   647  9.9999999999999998e-13
3742    1894   206  1895  9.9999999999999998e-13
3743    1895   206  1086  9.9999999999999998e-13
3744     588   816  1895  9.9999999999999998e-13
3745     816  1782  1896  9.9999999999999998e-13
3746    1897  1782  1492  9.9999999999999998e-13
3747    1782  1897  1896  9.9999999999999998e-13
3748    1492    69  1898  9.9999999999999998e-13
3749     787  1898    69  9.9999999999999998e-13
3750      48  1898   786  9.9999999999999998e-13
3751    1018  1899   384  9.9999999999999998e-13
3752    1900   219  1885  9.9999999999999998e-13
3753     219  1900  1899  9.9999999999999998e-13
3754    1885  1013  1900  9.9999999999999998e-13
3755    2264  2269   321  9.9999999999999998e-13
3756    2227   312  2228  9.9999999999999998e-13
3757      67  1902   703  9.9999999999999998e-13
3758     581  1902  1061  9.9999999999999998e-13
3759    1926   666   363  1.0099999999999999e-12
3760    1903   667  1904  1.0099999999999999e-12
3761    1905  1904   667  1.0099999999999999e-12
3762    1904  1905  1906  1.0099999999999999e-12
3763    1434  1905   667  1.0099999999999999e-12
3764    1907  1905   371  1.0099999999999999e-12
3765     668   794  1906  1.0099999999999999e-12
3766     676  1906   794  1.0099999999999999e-12
3767    1908  1907   371  1.0099999999999999e-12
3768    1907  1908  1910  1.0099999999999999e-12
3769    1909  1908   371  1.0099999999999999e-12
3770    1588   741  1908  1.0099999999999999e-12
3771    1435  1909   371  1.0099999999999999e-12
3772    2168   633   174  1.0099999999999999e-12
3773    1911  1910   741  1.0099999999999999e-12
3774    1910  1911  1915  1.0099999999999999e-12
3775    1912   741   502  1.0099999999999999e-12
3776    1916   744  1911  1.0099999999999999e-12
3777    1913  1912   502  1.0099999999999999e-12
3778    1916  1912   743  1.0099999999999999e-12
3779     502  2172  2173  1.0099999999999999e-12
3780     743  1913    35  1.0099999999999999e-12
3781    2185  2183   479  1.0099999999999999e-12
3782    1917  1915   744  1.0099999999999999e-12
3783     794   668  1915  1.0099999999999999e-12
3784    1912  1916  1911  1.0099999999999999e-12
3785    1919  1916   743  1.0099999999999999e-12
3786    1918  1917   744  1.0099999999999999e-12
3787     794  1925   792  1.0099999999999999e-12
3788    1919   744  1916  1.0099999999999999e-12
3789     173  1918  1112  1.0099999999999999e-12
3790    1920  1919   743  1.0099999999999999e-12
3791    1918  1919  1112  1.0099999999999999e-12
3792    1114   742  1920  1.0099999999999999e-12
3793    1112  1921  1113  1.0099999999999999e-12
3794    1920   742  1921  1.0099999999999999e-12
3795    1921   742  1922  1.0099999999999999e-12
3796    1922   167  1923  1.0099999999999999e-12
3797    1924  1923   167  1.0099999999999999e-12
3798    1113  1923   726  1.0099999999999999e-12
3799    2186   727  1447  1.0099999999999999e-12
3800     726  1924  1447  1.0099999999999999e-12
3801    1918  1925  1917  1.0099999999999999e-12
3802     173   792  1925  1.0099999999999999e-12
3803    1433  1926   363  1.0099999999999999e-12
3804    1434   667  1926  1.0099999999999999e-12
3805    1232  1927  1231  1.0099999999999999e-12
3806    1236  1235  1927  1.0099999999999999e-12
3807     369  1817  1928  1.0099999999999999e-12
3808     549  1928  1817  1.0099999999999999e-12
3809    1930  1929   326  9.9999999999999998e-13
3810     291  1378  1929  9.9999999999999998e-13
3811    2081   326  2080  9.9999999999999998e-13
3812    1930   327  1931  9.9999999999999998e-13
3813    1932   327   746  9.9999999999999998e-13
3814    1931  1932  1933  9.9999999999999998e-13
3815     746   145  1932  9.9999999999999998e-13
3816    1933  1932   145  9.9999999999999998e-13
3817    1934  1933   145  9.9999999999999998e-13
3818    1936   273  1933  9.9999999999999998e-13
3819     145   751  1934  9.9999999999999998e-13
3820    1935  1934   751  9.9999999999999998e-13
3821     751   579  1935  9.9999999999999998e-13
3822     274  1935   579  9.9999999999999998e-13
3823    1934  1936  1933  9.9999999999999998e-13
3824    1936   578  1937  9.9999999999999998e-13
3825    1941   578  1935  9.9999999999999998e-13
3826    1938    82  2117  9.9999999999999998e-13
3827     578  1941  1937  9.9999999999999998e-13
3828    1960   680  1945  9.9999999999999998e-13
3829    1941  1942  1938  9.9999999999999998e-13
3830     274  1943  1942  9.9999999999999998e-13
3831    1939  1942  1943  9.9999999999999998e-13
3832     194   684  1940  9.9999999999999998e-13
3833    1942  1941   274  9.9999999999999998e-13
3834    1938  1937  1941  9.9999999999999998e-13
3835     274   194  1943  9.9999999999999998e-13
3836    1944  1942  1939  9.9999999999999998e-13
3837     194  1940  1943  9.9999999999999998e-13
3838    1939  1943  1940  9.9999999999999998e-13
3839    1942  1944  1938  9.9999999999999998e-13
3840    1945  1944  1939  9.9999999999999998e-13
3841    1960  1939    73  9.9999999999999998e-13
3842    1945   680  1946  9.9999999999999998e-13
3843    1947  1946   680  9.9999999999999998e-13
3844     296   761  2115  9.9999999999999998e-13
3845    1948  1947   680  9.9999999999999998e-13
3846     296  1959   762  9.9999999999999998e-13
3847     680  1960  1952  9.9999999999999998e-13
3848    1949  1948   681  9.9999999999999998e-13
3849    1950  1949   681  9.9999999999999998e-13
3850    2149  1949   189  9.9999999999999998e-13
3851    1951  1950   681  9.9999999999999998e-13
3852    2161   682  1407  9.9999999999999998e-13
3853    1951   681  1953  9.9999999999999998e-13
3854     686   682  1951  9.9999999999999998e-13
3855    1954    73  1940  9.9999999999999998e-13
3856     681  1948  1952  9.9999999999999998e-13
3857    1951  1953   683  9.9999999999999998e-13
3858     681  1952  1953  9.9999999999999998e-13
3859    1940   684  1954  9.9999999999999998e-13
3860    1954   684  1955  9.9999999999999998e-13
3861     582  1955   684  9.9999999999999998e-13
3862      52   683  1955  9.9999999999999998e-13
3863    1957  1956   582  9.9999999999999998e-13
3864    1958  1956   655  9.9999999999999998e-13
3865    1974  1957   582  9.9999999999999998e-13
3866    1961  1957  1068  9.9999999999999998e-13
3867     519  1958   655  9.9999999999999998e-13
3868     687    52  1958  9.9999999999999998e-13
3869    1947   685  1959  9.9999999999999998e-13
3870    2148  2147  1959  9.9999999999999998e-13
3871    1939  1960  1945  9.9999999999999998e-13
3872    1952  1960    73  9.9999999999999998e-13
3873    1068   536  1961  9.9999999999999998e-13
3874    1962  1961   536  9.9999999999999998e-13
3875    1962   536  1963  9.9999999999999998e-13
3876     519   655  1962  9.9999999999999998e-13
3877     277  1973  1067  9.9999999999999998e-13
3878     533  1967  2285  1.0099999999999999e-12
3879    1973  1963   536  9.9999999999999998e-13
3880     533  1963  1964  9.9999999999999998e-13
3881     277   543  1965  1.0099999999999999e-12
3882    1964   277  1965  1.0099999999999999e-12
3883     535  1966  1965  1.0099999999999999e-12
3884    1967  1966   565  1.0099999999999999e-12
3885    1968  1967   565  1.0099999999999999e-12
3886    2285  1967  1968  1.0099999999999999e-12
3887    1968   565  1969  1.0099999999999999e-12
3888     732    21  1968  1.0099999999999999e-12
3889     565  1972  1969  1.0099999999999999e-12
3890    1969  1972  1970  1.0099999999999999e-12
3891    1971  1970   534  1.0099999999999999e-12
3892     452  1970   567  1.0099999999999999e-12
3893     534  1976  1977  1.0099999999999999e-12
3894    2006   279  2004  1.0099999999999999e-12
3895    1975   565   535  1.0099999999999999e-12
3896    1970  1972   534  1.0099999999999999e-12
3897    1963  1973  1964  9.9999999999999998e-13
3898    1973   536  1068  9.9999999999999998e-13
3899     581  1974   582  9.9999999999999998e-13
3900    1068  1974   284  9.9999999999999998e-13
3901    1978   535  1876  1.0099999999999999e-12
3902    1976   534  1975  1.0099999999999999e-12
3903    1975   535  1978  1.0099999999999999e-12
3904    1976  1877  1977  1.0099999999999999e-12
3905    2002  1877  2000  1.0099999999999999e-12
3906     279  1971  1977  1.0099999999999999e-12
3907    1975  1978  1976  1.0099999999999999e-12
3908    1979  1876   297  1.0099999999999999e-12
3909    1980  1979   297  1.0099999999999999e-12
3910    1979  1980  2000  1.0099999999999999e-12
3911    1981  1980   297  1.0099999999999999e-12
3912    1982  1878  1980  1.0099999999999999e-12
3913    1990   297   319  1.0099999999999999e-12
3914    1991  1981   378  1.0099999999999999e-12
3915    1981  1982  1980  1.0099999999999999e-12
3916    1983  1982  1871  1.0099999999999999e-12
3917     379  1983  1871  1.0099999999999999e-12
3918    1983  1872  2001  1.0099999999999999e-12
3919    1872  2007  2003  1.0099999999999999e-12
3920    2007  1984  1986  1.0099999999999999e-12
3921    1984  1987  1986  1.0099999999999999e-12
3922    1984   379  1987  1.0099999999999999e-12
3923    1873  1986  1985  1.0099999999999999e-12
3924    1987   379  1988  1.0099999999999999e-12
3925      37  1986  1987  1.0099999999999999e-12
3926     379  1992  1993  1.0099999999999999e-12
3927    2009  1989  2008  1.0099999999999999e-12
3928    1998  2025  1993  1.0099999999999999e-12
3929     641  2026  2027  1.0099999999999999e-12
3930     319  2275  2276  1.0099999999999999e-12
3931     378  1981  1990  1.0099999999999999e-12
3932     378  1994  1991  1.0099999999999999e-12
3933    1871  1992   379  1.0099999999999999e-12
3934    1997  1991  1994  1.0099999999999999e-12
3935     379  1993  1988  1.0099999999999999e-12
3936    1997  1992  1991  1.0099999999999999e-12
3937    1997   320  1998  1.0099999999999999e-12
3938    1995   378   486  1.0099999999999999e-12
3939    1994   320  1997  1.0099999999999999e-12
3940    2271   486  2265  1.0099999999999999e-12
3941    1995  2271  2277  1.0099999999999999e-12
3942    1999  1996   648  1.0099999999999999e-12
3943     640  1996   491  1.0099999999999999e-12
3944     320  1996  1998  1.0099999999999999e-12
3945    1993  1992  1997  1.0099999999999999e-12
3946    2008  1998   640  1.0099999999999999e-12
3947    1993  1997  1998  1.0099999999999999e-12
3948      24  2301  2300  1.0099999999999999e-12
3949    2239    24  2238  1.0099999999999999e-12
3950    2001  2000  1878  1.0099999999999999e-12
3951    2002  1977  1877  1.0099999999999999e-12
3952    1983  2001  1878  1.0099999999999999e-12
3953    2003  2001  1872  1.0099999999999999e-12
3954    2000  2001  2002  1.0099999999999999e-12
3955     279  2002  2001  1.0099999999999999e-12
3956    1872  1984  2007  1.0099999999999999e-12
3957    2004  2003  1873  1.0099999999999999e-12
3958    2005  2004  1873  1.0099999999999999e-12
3959    2004  2005  2006  1.0099999999999999e-12
3960    2005  1873  1412  1.0099999999999999e-12
3961    1411  2005  1875  1.0099999999999999e-12
3962    1411  1971  2006  1.0099999999999999e-12
3963    1971   279  2006  1.0099999999999999e-12
3964    1986  1873  2007  1.0099999999999999e-12
3965    1873  2003  2007  1.0099999999999999e-12
3966    2009  2008   640  1.0099999999999999e-12
3967    2008  1989  2025  1.0099999999999999e-12
3968    2010   640   359  1.0099999999999999e-12
3969    2009   641  2027  1.0099999999999999e-12
3970     640  2010  2009  1.0099999999999999e-12
3971    2010  2014  2011  1.0099999999999999e-12
3972    2012  2011   497  1.0099999999999999e-12
3973    2011  2012  2026  1.0099999999999999e-12
3974    2022   497  2020  1.0099999999999999e-12
3975     497  2022  2012  1.0099999999999999e-12
3976    2013  2012   642  1.0099999999999999e-12
3977     357  2026  2013  1.0099999999999999e-12
3978     497  2011  2014  1.0099999999999999e-12
3979    2016  2015   359  1.0099999999999999e-12
3980    2015   493  2017  1.0099999999999999e-12
3981     491  2016   359  1.0099999999999999e-12
3982     493  2016   492  1.0099999999999999e-12
3983    2018  2017   493  1.0099999999999999e-12
3984    2017  2021  2020  1.0099999999999999e-12
3985    2293  2018   493  1.0099999999999999e-12
3986    2225  2298   495  9.9999999999999998e-13
3987    2021  2018   313  1.0099999999999999e-12
3988     494  2020  2019  1.0099999999999999e-12
3989    2017  2020   497  1.0099999999999999e-12
3990    2020  2021  2019  1.0099999999999999e-12
3991    2018  2021  2017  1.0099999999999999e-12
3992    2023  2024    28  1.0099999999999999e-12
3993    2023  2012  2022  1.0099999999999999e-12
3994    2022   494  2024  1.0099999999999999e-12
3995     642  2012  2023  1.0099999999999999e-12
3996    2029  2025  1989  1.0099999999999999e-12
3997    1993  2025  1988  1.0099999999999999e-12
3998    2027  2026   357  1.0099999999999999e-12
3999    2011  2026   641  1.0099999999999999e-12
4000     480  2029  2028  1.0099999999999999e-12
4001    2027  1989  2009  1.0099999999999999e-12
4002    2027   357  2028  1.0099999999999999e-12
4003    2028  2029  1989  1.0099999999999999e-12
4004    1988  2029   480  1.0099999999999999e-12
4005    1418  2030  1423  9.9999999999999998e-13
4006    1705  2030   912  9.9999999999999998e-13
4007    2032  2031    78  9.9999999999999998e-13
4008    2031  2032  2037  9.9999999999999998e-13
4009    2032    78  2033  9.9999999999999998e-13
4010    2034  1538  2032  9.9999999999999998e-13
4011    1493  2033    78  9.9999999999999998e-13
4012     815  2033   343  9.9999999999999998e-13
4013    2033  2034  2032  9.9999999999999998e-13
4014    2035  2034  1172  9.9999999999999998e-13
4015     399  2035  1172  9.9999999999999998e-13
4016    2035  1173  2038  9.9999999999999998e-13
4017    2033   442  2036  9.9999999999999998e-13
4018    2068  2036   442  9.9999999999999998e-13
4019    1538  2035  2038  9.9999999999999998e-13
4020    2037  2038  2039  9.9999999999999998e-13
4021    2042  2038  1173  9.9999999999999998e-13
4022    2039  2038   309  9.9999999999999998e-13
4023    2040  2039   309  9.9999999999999998e-13
4024    1430  1427  2039  9.9999999999999998e-13
4025    2041  2040   309  9.9999999999999998e-13
4026    1430  2040  1431  9.9999999999999998e-13
4027    2042  1690  2072  9.9999999999999998e-13
4028    2041  1432    85  9.9999999999999998e-13
4029    2043  2042  1173  9.9999999999999998e-13
4030    1690  2049  2072  9.9999999999999998e-13
4031    1173  2035  2045  9.9999999999999998e-13
4032    2044  2043   806  9.9999999999999998e-13
4033    2044   806  2048  9.9999999999999998e-13
4034     807  1690  2044  9.9999999999999998e-13
4035     399  2070  2046  9.9999999999999998e-13
4036     806  2043  2045  9.9999999999999998e-13
4037    2047  2046   804  9.9999999999999998e-13
4038     806  2045  2046  9.9999999999999998e-13
4039     110  2047   804  9.9999999999999998e-13
4040    2047   805  2048  9.9999999999999998e-13
4041    2050  2048   805  9.9999999999999998e-13
4042    2044  2048   400  9.9999999999999998e-13
4043    1690   807  2049  9.9999999999999998e-13
4044    2187  2049   807  9.9999999999999998e-13
4045    2051  2050   805  9.9999999999999998e-13
4046    2052  2050   808  9.9999999999999998e-13
4047     805   110  2056  9.9999999999999998e-13
4048     414   808  2051  9.9999999999999998e-13
4049    1700  2052   808  9.9999999999999998e-13
4050    2053  2052   809  9.9999999999999998e-13
4051    2054   809   810  9.9999999999999998e-13
4052    2055  2059   807  9.9999999999999998e-13
4053     810   310  2054  9.9999999999999998e-13
4054    2054   310  2059  9.9999999999999998e-13
4055    2053  2054  2059  9.9999999999999998e-13
4056    2044  2055   807  9.9999999999999998e-13
4057    2058  2056   110  9.9999999999999998e-13
4058    2051  2057   414  9.9999999999999998e-13
4059    2058  2057  2056  9.9999999999999998e-13
4060     568   414  2057  9.9999999999999998e-13
4061     110   622  2058  9.9999999999999998e-13
4062    2067   116   907  9.9999999999999998e-13
4063    2059  2055  2053  9.9999999999999998e-13
4064    2060  2059   310  9.9999999999999998e-13
4065    2061  2060   310  9.9999999999999998e-13
4066    2187  2188  1432  9.9999999999999998e-13
4067    2062  2061   812  9.9999999999999998e-13
4068     380   563  2061  9.9999999999999998e-13
4069     812    71  2062  9.9999999999999998e-13
4070      71  2065  2063  9.9999999999999998e-13
4071      71  2063  2062  9.9999999999999998e-13
4072    2063   434  2064  9.9999999999999998e-13
4073    2076   434   381  9.9999999999999998e-13
4074    2073   147  2064  9.9999999999999998e-13
4075     753  2065    71  9.9999999999999998e-13
4076    2066  2065   435  9.9999999999999998e-13
4077    1780  2066   435  9.9999999999999998e-13
4078     381  2066  1781  9.9999999999999998e-13
4079    2058   622  2067  9.9999999999999998e-13
4080     621  2067   622  9.9999999999999998e-13
4081     442  1171  2068  9.9999999999999998e-13
4082    1172  2069   399  9.9999999999999998e-13
4083    2068  1171  2069  9.9999999999999998e-13
4084    2070  1171   803  9.9999999999999998e-13
4085    1171  2070  2069  9.9999999999999998e-13
4086    2071  2070   803  9.9999999999999998e-13
4087    1882  2071   803  9.9999999999999998e-13
4088    2046  2071   804  9.9999999999999998e-13
4089    2041  2072  2049  9.9999999999999998e-13
4090     309  2042  2072  9.9999999999999998e-13
4091    2076  2073  2064  9.9999999999999998e-13
4092    2073   412  2074  9.9999999999999998e-13
4093    2074   412  2075  9.9999999999999998e-13
4094      47   411  2074  9.9999999999999998e-13
4095    2298   412  2077  9.9999999999999998e-13
4096     495  2299  2225  9.9999999999999998e-13
4097     434  2076  2064  9.9999999999999998e-13
4098    2077  2076   381  9.9999999999999998e-13
4099    2226  2077   381  9.9999999999999998e-13
4100    2227  2077  2226  9.9999999999999998e-13
4101    2078   457  2079  1.0099999999999999e-12
4102     460  2078   631  1.0099999999999999e-12
4103     457  1540  2079  1.0099999999999999e-12
4104    1764  2079  1540  1.0099999999999999e-12
4105    2081  2080   602  9.9999999999999998e-13
4106     326   601  2080  9.9999999999999998e-13
4107     602  1930  2081  9.9999999999999998e-13
4108    1930   326  2081  9.9999999999999998e-13
4109    1447  2082  1539  1.0099999999999999e-12
4110      27  2082   727  1.0099999999999999e-12
4111    2190  2083  1547  9.9999999999999998e-13
4112    2083  2190  2084  9.9999999999999998e-13
4113     695  1554  2084  9.9999999999999998e-13
4114     361  2085  1576  9.9999999999999998e-13
4115    2084  1554  2085  9.9999999999999998e-13
4116    1436  2085  1554  9.9999999999999998e-13
4117    1567  2086  1569  9.9999999999999998e-13
4118    2191  2086  1568  9.9999999999999998e-13
4119    1504  1368  2087  9.9999999999999998e-13
4120    2088  2087  1368  9.9999999999999998e-13
4121    2089  2088  1368  9.9999999999999998e-13
4122    2088  2089  2093  9.9999999999999998e-13
4123    1368  2091  2089  9.9999999999999998e-13
4124    2091  2090  2094  9.9999999999999998e-13
4125    2111  2113   761  9.9999999999999998e-13
4126    2097  1508  2098  9.9999999999999998e-13
4127     292  2091  1368  9.9999999999999998e-13
4128    2090  2091   264  9.9999999999999998e-13
4129     539  2092   292  9.9999999999999998e-13
4130    2118  2092   540  9.9999999999999998e-13
4131    2096  2093   345  9.9999999999999998e-13
4132    1519  2093  1507  9.9999999999999998e-13
4133    2091  2094  2089  9.9999999999999998e-13
4134    2094  2090  2095  9.9999999999999998e-13
4135    2111  2095  2090  9.9999999999999998e-13
4136     140  1508  2095  9.9999999999999998e-13
4137    2097  2096   345  9.9999999999999998e-13
4138    2096  2097  2098  9.9999999999999998e-13
4139    2094  2097   345  9.9999999999999998e-13
4140    2095  1508  2097  9.9999999999999998e-13
4141    1508  2103  2098  9.9999999999999998e-13
4142    1507  2099  1522  9.9999999999999998e-13
4143    2103  2099  2098  9.9999999999999998e-13
4144    2100  2099   410  9.9999999999999998e-13
4145     410  2105  2101  9.9999999999999998e-13
4146    1055  1522  2100  9.9999999999999998e-13
4147    2102  2101  1510  9.9999999999999998e-13
4148    1055  2101   429  9.9999999999999998e-13
4149    1510  2107  2109  9.9999999999999998e-13
4150     429  2102   952  9.9999999999999998e-13
4151    2104  2103  1508  9.9999999999999998e-13
4152    2099  2103   410  9.9999999999999998e-13
4153    2140  1508   140  9.9999999999999998e-13
4154    2104  1509  2105  9.9999999999999998e-13
4155    2106  2105  1509  9.9999999999999998e-13
4156    2101  2105  1510  9.9999999999999998e-13
4157    2142  2106  1509  9.9999999999999998e-13
4158    2107  2106   425  9.9999999999999998e-13
4159    2144   425  2143  9.9999999999999998e-13
4160    1510  2109  2102  9.9999999999999998e-13
4161    2119  2108  1403  9.9999999999999998e-13
4162     100  2107  2108  9.9999999999999998e-13
4163    2107   100  2109  9.9999999999999998e-13
4164    2109   100  2110  9.9999999999999998e-13
4165    2121  2110   100  9.9999999999999998e-13
4166     952  2192   948  9.9999999999999998e-13
4167    2113  2111  2090  9.9999999999999998e-13
4168    2112  2111   761  9.9999999999999998e-13
4169     296  2112   761  9.9999999999999998e-13
4170     762  1511  2112  9.9999999999999998e-13
4171    2090   264  2113  9.9999999999999998e-13
4172     264  2118  2114  9.9999999999999998e-13
4173     264  2114  2113  9.9999999999999998e-13
4174    2114   541  2115  9.9999999999999998e-13
4175    2116  2115   541  9.9999999999999998e-13
4176    2163   296  2115  9.9999999999999998e-13
4177      93  2162  2160  9.9999999999999998e-13
4178    1946  2116    82  9.9999999999999998e-13
4179      93   577  2117  9.9999999999999998e-13
4180    1938  2117   577  9.9999999999999998e-13
4181    2092  2118   264  9.9999999999999998e-13
4182    2160   540    93  9.9999999999999998e-13
4183    2120  2119  1403  9.9999999999999998e-13
4184    2121  2119  1406  9.9999999999999998e-13
4185    2152  2120  1403  9.9999999999999998e-13
4186    2123  1404   514  9.9999999999999998e-13
4187    2122  2121  1406  9.9999999999999998e-13
4188    2110  2121  1410  9.9999999999999998e-13
4189    2124  2122  1406  9.9999999999999998e-13
4190    2128  2193   649  9.9999999999999998e-13
4191    1404  2123  2120  9.9999999999999998e-13
4192    2124  2123   514  9.9999999999999998e-13
4193    2125  2124   514  9.9999999999999998e-13
4194    2124  1409  2122  9.9999999999999998e-13
4195    2156  2158  1404  9.9999999999999998e-13
4196    2127  2125    53  9.9999999999999998e-13
4197    1405  2130  2126  9.9999999999999998e-13
4198    2130  2136  2126  9.9999999999999998e-13
4199    2198  2127    53  9.9999999999999998e-13
4200    2193  2194   649  9.9999999999999998e-13
4201    2193  2122  1409  9.9999999999999998e-13
4202    2128   649  2129  9.9999999999999998e-13
4203     955  2129   649  9.9999999999999998e-13
4204     953   948  2129  9.9999999999999998e-13
4205    2132  2130  1405  9.9999999999999998e-13
4206     515   969  2131  9.9999999999999998e-13
4207     969   965  2131  9.9999999999999998e-13
4208    2199    53  2212  9.9999999999999998e-13
4209    2157  1405  2158  9.9999999999999998e-13
4210    2133  2132  1407  9.9999999999999998e-13
4211    1407   795  2133  9.9999999999999998e-13
4212     818  2135   795  9.9999999999999998e-13
4213     795  2134  2133  9.9999999999999998e-13
4214     969  2134   796  9.9999999999999998e-13
4215     795  2135  2134  9.9999999999999998e-13
4216    2138   818   504  9.9999999999999998e-13
4217    2212  2131   965  9.9999999999999998e-13
4218    2125  2136    53  9.9999999999999998e-13
4219    2161   189  1950  9.9999999999999998e-13
4220    1407  2132  2137  9.9999999999999998e-13
4221    2139    40   796  9.9999999999999998e-13
4222     796  2135  2138  9.9999999999999998e-13
4223     504   819  2139  1.0099999999999999e-12
4224      40   520   796  9.9999999999999998e-13
4225    1508  2140  2104  9.9999999999999998e-13
4226    2141  2140   140  9.9999999999999998e-13
4227    2112  2141   140  9.9999999999999998e-13
4228    2141  1511  2142  9.9999999999999998e-13
4229    2143  2142  1511  9.9999999999999998e-13
4230    2106  2142   425  9.9999999999999998e-13
4231    2145  2143  1511  9.9999999999999998e-13
4232     425  2144  2108  9.9999999999999998e-13
4233    2145  2144  2143  9.9999999999999998e-13
4234    2144  1512  2151  9.9999999999999998e-13
4235    1511   762  2145  9.9999999999999998e-13
4236    2146  2145   762  9.9999999999999998e-13
4237    2147   762  1959  9.9999999999999998e-13
4238    2150  1512  2146  9.9999999999999998e-13
4239    2148  1959   685  9.9999999999999998e-13
4240    2147  2154  2150  9.9999999999999998e-13
4241    2149  2148   685  9.9999999999999998e-13
4242    2159  1408  2153  9.9999999999999998e-13
4243    1949  2149   685  9.9999999999999998e-13
4244     189  1408  2149  9.9999999999999998e-13
4245    2147  2150  2146  9.9999999999999998e-13
4246    2151  2150   355  9.9999999999999998e-13
4247    2152  2151   355  9.9999999999999998e-13
4248    2144  2151  1403  9.9999999999999998e-13
4249    2153  2152   355  9.9999999999999998e-13
4250    2152  1404  2120  9.9999999999999998e-13
4251     355  2154  2155  9.9999999999999998e-13
4252    2153  1408  2156  9.9999999999999998e-13
4253    2147  2148  2154  9.9999999999999998e-13
4254     355  2155  2153  9.9999999999999998e-13
4255    2154  2148  2155  9.9999999999999998e-13
4256    2159  2148  2149  9.9999999999999998e-13
4257    2157  2156  1408  9.9999999999999998e-13
4258    2158  1405  2126  9.9999999999999998e-13
4259     189  2157  1408  9.9999999999999998e-13
4260    2137  1405  2157  9.9999999999999998e-13
4261    2158  2156  2157  9.9999999999999998e-13
4262    2126   514  2158  9.9999999999999998e-13
4263    2148  2159  2155  9.9999999999999998e-13
4264    2149  1408  2159  9.9999999999999998e-13
4265     540  2160  2118  9.9999999999999998e-13
4266    2162    93  2117  9.9999999999999998e-13
4267     189  2161  2137  9.9999999999999998e-13
4268     682  2161  1950  9.9999999999999998e-13
4269    2117  2116  2162  9.9999999999999998e-13
4270    2116   541  2162  9.9999999999999998e-13
4271    2116  2163  2115  9.9999999999999998e-13
4272    1947  2163  1946  9.9999999999999998e-13
4273     890  2164  1667  1.0099999999999999e-12
4274    1663  1092  2164  1.0099999999999999e-12
4275    1255  2165   298  9.9999999999999998e-13
4276     142  2165  1256  9.9999999999999998e-13
4277     768  1130  2166  9.9999999999999998e-13
4278    2167  1130  1131  9.9999999999999998e-13
4279    1130  2167  2166  9.9999999999999998e-13
4280    1131  1132  2167  9.9999999999999998e-13
4281     633  2168  1909  1.0099999999999999e-12
4282    2169  2168   174  1.0099999999999999e-12
4283    2170  2169   174  1.0099999999999999e-12
4284    1588  2172   502  1.0099999999999999e-12
4285    2205  2170   174  1.0099999999999999e-12
4286    2171  2170   635  1.0099999999999999e-12
4287    2175  2171   635  1.0099999999999999e-12
4288    1425   168  2182  1.0099999999999999e-12
4289    2174  2169  2170  1.0099999999999999e-12
4290    2173  1914  1913  1.0099999999999999e-12
4291    2169  2174  2172  1.0099999999999999e-12
4292    2173  2174  2183  1.0099999999999999e-12
4293    2183  2174   657  1.0099999999999999e-12
4294    2173  2172  2174  1.0099999999999999e-12
4295     635  2206  2176  1.0099999999999999e-12
4296    2175  2176  2177  1.0099999999999999e-12
4297    2180   420   782  1.0099999999999999e-12
4298    2177  2176   636  1.0099999999999999e-12
4299    2178   168  2179  1.0099999999999999e-12
4300     168  1425  2177  1.0099999999999999e-12
4301    2221    26  2222  1.0099999999999999e-12
4302    2179   636  2181  1.0099999999999999e-12
4303     785  2178  2179  1.0099999999999999e-12
4304    2180  2176   420  1.0099999999999999e-12
4305    2181  2180   353  1.0099999999999999e-12
4306    1675  2181   353  1.0099999999999999e-12
4307    2181  1070  2179  1.0099999999999999e-12
4308    2183  2185  2173  1.0099999999999999e-12
4309    1425  2182  2184  1.0099999999999999e-12
4310    2184   479  2183  1.0099999999999999e-12
4311    2184   657  2171  1.0099999999999999e-12
4312    2182   479  2184  1.0099999999999999e-12
4313    1924   167  2186  1.0099999999999999e-12
4314    1914  2173  2185  1.0099999999999999e-12
4315    2059  2187   807  9.9999999999999998e-13
4316    2188  2187  2060  9.9999999999999998e-13
4317    2060   563  2188  9.9999999999999998e-13
4318    1432  2189    85  9.9999999999999998e-13
4319    2188   563  2189  9.9999999999999998e-13
4320     562  2189   563  9.9999999999999998e-13
4321     694  2190  1547  9.9999999999999998e-13
4322    1549   695  2190  9.9999999999999998e-13
4323    1568  1142  2191  9.9999999999999998e-13
4324    1072  2207  1140  9.9999999999999998e-13
4325    2110  1410  2192  9.9999999999999998e-13
4326    2129  2192  1410  9.9999999999999998e-13
4327    2122  2193  2128  9.9999999999999998e-13
4328    2204  1409  2127  9.9999999999999998e-13
4329    2204  2193  1409  9.9999999999999998e-13
4330    2195  2194   960  9.9999999999999998e-13
4331    2196  2195   960  9.9999999999999998e-13
4332     649  2195   955  9.9999999999999998e-13
4333     960  2127  2198  9.9999999999999998e-13
4334     955  2196   961  9.9999999999999998e-13
4335     964   956  2197  9.9999999999999998e-13
4336     961  2197   956  9.9999999999999998e-13
4337     960  2198  2197  9.9999999999999998e-13
4338    2199  2198    53  9.9999999999999998e-13
4339    2212    53  2136  9.9999999999999998e-13
4340    2200  2199   965  9.9999999999999998e-13
4341    2201   965   520  9.9999999999999998e-13
4342     966   964  2200  9.9999999999999998e-13
4343    2202  2201   520  9.9999999999999998e-13
4344    2203   966  2201  9.9999999999999998e-13
4345      40  2202   520  9.9999999999999998e-13
4346     821   823  2202  9.9999999999999998e-13
4347    2202  2203  2201  9.9999999999999998e-13
4348     372  2203   823  9.9999999999999998e-13
4349    2127  2194  2204  9.9999999999999998e-13
4350    2194  2193  2204  9.9999999999999998e-13
4351     174   634  2205  1.0099999999999999e-12
4352    2206  2205   634  1.0099999999999999e-12
4353     634   420  2206  1.0099999999999999e-12
4354    2176  2206   420  1.0099999999999999e-12
4355    2191  1142  2207  9.9999999999999998e-13
4356    2208  2207  1142  9.9999999999999998e-13
4357    2209  1142   661  9.9999999999999998e-13
4358    1141  1140  2208  9.9999999999999998e-13
4359    2209   661  2210  9.9999999999999998e-13
4360    1141  2208  2209  9.9999999999999998e-13
4361    2211  2210   661  9.9999999999999998e-13
4362    1145  1143  2210  9.9999999999999998e-13
4363     661  1127  2211  9.9999999999999998e-13
4364     660  2211  1127  9.9999999999999998e-13
4365    2131  2212  2136  9.9999999999999998e-13
4366     965  2199  2212  9.9999999999999998e-13
4367    2217  1541  2216  1.0099999999999999e-12
4368    2214  2215    36  1.0099999999999999e-12
4369    2215   496  1769  1.0099999999999999e-12
4370    1768   627  2215  1.0099999999999999e-12
4371     496  2215  2214  1.0099999999999999e-12
4372    2217  1765  2218  1.0099999999999999e-12
4373    2213  2217  2216  1.0099999999999999e-12
4374    1765   181  2218  1.0099999999999999e-12
4375    1540  2218  1764  1.0099999999999999e-12
4376    1540  2219  2218  1.0099999999999999e-12
4377    2219  1540   176  1.0099999999999999e-12
4378    2219  1541  2218  1.0099999999999999e-12
4379    2238  2220   488  9.9999999999999998e-13
4380    2221  2224   637  1.0099999999999999e-12
4381    2223  2179  1070  1.0099999999999999e-12
4382    2223  2224  2222  1.0099999999999999e-12
4383    1681  2224  1070  1.0099999999999999e-12
4384    2222  2224  2221  1.0099999999999999e-12
4385    1070  2224  2223  1.0099999999999999e-12
4386    2225  2075  2298  9.9999999999999998e-13
4387    2264  2266  2269  9.9999999999999998e-13
4388    1781  2226   381  9.9999999999999998e-13
4389    2250   312  2227  9.9999999999999998e-13
4390    2230  2228   312  1.0099999999999999e-12
4391     495  2077  2227  9.9999999999999998e-13
4392    2229   495  2227  9.9999999999999998e-13
4393    2228  2229  2227  9.9999999999999998e-13
4394     488  2220  2229  9.9999999999999998e-13
4395    2299  2229  2220  9.9999999999999998e-13
4396     312  2231  2230  1.0099999999999999e-12
4397    2230  2231  2232  1.0099999999999999e-12
4398    2250  2231   312  1.0099999999999999e-12
4399    2231   639  2232  1.0099999999999999e-12
4400    2233  2232   639  1.0099999999999999e-12
4401     489   638  2232  1.0099999999999999e-12
4402    1774  2233   639  1.0099999999999999e-12
4403    2233   626  2234  1.0099999999999999e-12
4404    2234   626  2235  1.0099999999999999e-12
4405    2234  2235  2236  1.0099999999999999e-12
4406    1778  2235   626  1.0099999999999999e-12
4407    1767  1768  2235  1.0099999999999999e-12
4408     314   492  2236  1.0099999999999999e-12
4409    2244  2236   492  1.0099999999999999e-12
4410     638  2242  2237  1.0099999999999999e-12
4411    2238  2300  2220  9.9999999999999998e-13
4412    2238  2237  2239  1.0099999999999999e-12
4413     488  2237  2238  1.0099999999999999e-12
4414    1999  2240   491  1.0099999999999999e-12
4415    2239  2240  2241  1.0099999999999999e-12
4416     490  2243  2245  1.0099999999999999e-12
4417    2239   490  2240  1.0099999999999999e-12
4418    2240  1999  2241  1.0099999999999999e-12
4419    2301  2241  1999  1.0099999999999999e-12
4420    2243   638   489  1.0099999999999999e-12
4421    2239  2242   490  1.0099999999999999e-12
4422     638  2243  2242  1.0099999999999999e-12
4423    2244  2243   489  1.0099999999999999e-12
4424    2236  2244   489  1.0099999999999999e-12
4425    2244   492  2245  1.0099999999999999e-12
4426    2246   492  2016  1.0099999999999999e-12
4427     490  2245  2240  1.0099999999999999e-12
4428     492  2246  2245  1.0099999999999999e-12
4429     491  2246  2016  1.0099999999999999e-12
4430    2248  2303  1065  9.9999999999999998e-13
4431    2074  2247    47  9.9999999999999998e-13
4432    2303  2247   487  9.9999999999999998e-13
4433    1065   484  2248  9.9999999999999998e-13
4434     484  2249  2248  9.9999999999999998e-13
4435     705  2249   745  9.9999999999999998e-13
4436    1773  2231  2250  1.0099999999999999e-12
4437    2226  1773  2250  9.9999999999999998e-13
4438    2251    57    56  9.9999999999999998e-17
4439    2251   196   198  9.9999999999999998e-17
4440    2251    56  2253  9.9999999999999998e-13
4441     994  2252   688  9.9999999999999998e-13
4442      56  1000  2253  9.9999999999999998e-13
4443    2253  1000  1886  9.9999999999999998e-13
4444    2254    54    55  9.9999999999999998e-17
4445    2254   203   205  9.9999999999999998e-17
4446      61  1005  2255  9.9999999999999998e-13
4447     210    61  2255  9.9999999999999998e-17
4448      60  1019  2256  9.9999999999999998e-13
4449     216    60  2256  9.9999999999999998e-17
4450      65  1029  2257  9.9999999999999998e-13
4451     222    65  2257  9.9999999999999998e-17
4452    2258    55    54  9.9999999999999998e-17
4453    2258   237   239  9.9999999999999998e-17
4454      54   262  2259  9.9999999999999998e-13
4455     262   920  2259  9.9999999999999998e-13
4456      59   477  2260  9.9999999999999998e-13
4457     245    59  2260  9.9999999999999998e-17
4458     127  2262  2261  9.9999999999999998e-13
4459     249   127  2261  9.9999999999999998e-17
4460     989  2262   127  9.9999999999999998e-13
4461     724  1049  2263  9.9999999999999998e-13
4462     724  2263  2262  9.9999999999999998e-13
4463    1049   247  2263  9.9999999999999998e-13
4464    1065  2303  2266  9.9999999999999998e-13
4465    2225  1901  2269  9.9999999999999998e-13
4466    2268   321  2296  1.0099999999999999e-12
4467    2264   321  2265  1.0099999999999999e-12
4468      33  1065  2287  9.9999999999999998e-13
4469    2225  2269   487  9.9999999999999998e-13
4470     486  2267  2265  1.0099999999999999e-12
4471    2270  2267   589  1.0099999999999999e-12
4472    2302  2268  1059  1.0099999999999999e-12
4473    2268   648  2271  1.0099999999999999e-12
4474     487  2269  2266  9.9999999999999998e-13
4475     321  2269  1901  9.9999999999999998e-13
4476    2272  2270   589  1.0099999999999999e-12
4477    2287  2270  2272  1.0099999999999999e-12
4478    2277  2271   648  1.0099999999999999e-12
4479    1995   486  2271  1.0099999999999999e-12
4480     589  2275  2272  1.0099999999999999e-12
4481    2272  2273    33  1.0099999999999999e-12
4482    2278  2273   318  9.9999999999999998e-13
4483    2272  2275  2274  1.0099999999999999e-12
4484     319   543  2274  1.0099999999999999e-12
4485    2272  2274  2273  1.0099999999999999e-12
4486    2275   589  2276  1.0099999999999999e-12
4487    2274  2275   319  1.0099999999999999e-12
4488     486  2276   589  1.0099999999999999e-12
4489     378  1990  2276  1.0099999999999999e-12
4490     648  1996  2277  1.0099999999999999e-12
4491    1996  1995  2277  1.0099999999999999e-12
4492    1067  2278   318  9.9999999999999998e-13
4493    1063  2278   447  9.9999999999999998e-13
4494     550   547  2279  9.9999999999999998e-13
4495      51   550  2279  9.9999999999999998e-13
4496    2280  1686    22  9.9999999999999998e-13
4497    2280   547   862  9.9999999999999998e-13
4498     784   522  2281  1.0099999999999999e-12
4499     599  2281   522  1.0099999999999999e-12
4500    2282   115   114  9.9999999999999998e-17
4501    2282    44   871  9.9999999999999998e-17
4502     898   463  2283  9.9999999999999998e-13
4503    2284   463   894  9.9999999999999998e-13
4504     463  2284  2283  9.9999999999999998e-13
4505     894    44  2284  9.9999999999999998e-13
4506    1060   533  2285  9.9999999999999998e-13
4507    2285  2286  1060  9.9999999999999998e-13
4508    2286  2285    21  9.9999999999999998e-13
4509    2286   507  1060  9.9999999999999998e-13
4510     485  2270  2287  1.0099999999999999e-12
4511    1065   485  2287  9.9999999999999998e-13
4512    1539   728  2288  1.0099999999999999e-12
4513    1659   739  2289  1.0099999999999999e-12
4514    1658   738  2291  1.0099999999999999e-12
4515      25  2290  2292  1.0099999999999999e-12
4516    2292  1659  2289  1.0099999999999999e-12
4517    1659  2292  2291  1.0099999999999999e-12
4518      25  2292  2289  1.0099999999999999e-12
4519    2018  2293  1769  1.0099999999999999e-12
4520     492  2293   493  1.0099999999999999e-12
4521    1781    32  2294  9.9999999999999998e-13
4522    1773  1781  2294  9.9999999999999998e-13
4523    1772   639  2295  1.0099999999999999e-12
4524    2231  2295   639  1.0099999999999999e-12
4525    1059  2268  2296  1.0099999999999999e-12
4526    1901  1059  2296  9.9999999999999998e-13
4527    2297  1769   496  1.0099999999999999e-12
4528    2297   313  2018  1.0099999999999999e-12
4529     412  2298  2075  9.9999999999999998e-13
4530    2225  2299  1901  9.9999999999999998e-13
4531    2229  2299   495  9.9999999999999998e-13
4532    2300  2238    24  9.9999999999999998e-13
4533    2300  1059  2220  9.9999999999999998e-13
4534    1999   648  2301  1.0099999999999999e-12
4535    2300  2302  1059  1.0099999999999999e-12
4536    2301   648  2302  1.0099999999999999e-12
4537    2268  2302   648  1.0099999999999999e-12
4538    2247  2303  2248  9.9999999999999998e-13
4539    2266  2303   487  9.9999999999999998e-13
# Generated by triangleMesher -aAnepCVOq32. well.poly
