2303  2  1  1
   1    737.85026400000004  746.37707499999999  1    0
   2    737.25829899999996  744.43068900000003  1    0
   3    737.67183699999998  742.70519200000001  1    0
   4    738.82881599999996  741.39805100000001  1    0
   5    740.65396399999997  740.763735  1    0
   6    742.62832800000001  741.19825100000003  1    0
   7    744.11828700000001  742.72039600000005  1    0
   8    744.52415699999995  744.38903500000004  1    0
   9    744.09547399999997  746.10107400000004  1    0
  10    742.74032799999998  747.51624200000003  1    0
  11    740.75409100000002  748.019499  1    0
  12    739.00107600000001  747.49174600000004  1    0
  13    671.25763800000004  615.89478299999996  1    0
  14    670.54335200000003  617.13196200000004  1    0
  15    675.24172499999997  621.49414100000001  1    0
  16    880.92275900000004  740.24414100000001  1    0
  17    887.04970300000002  742.13196200000004  1    0
  18    887.76398900000004  740.89478299999996  1    0
  19    883.06561599999998  736.532603  1    0
  20    677.38458300000002  617.782603  1    0
  21    501.16053599999998  519.86472100000003  1    0
  22    1001.160536  519.86472100000003  1    0
  23    1001.160536  969.86472100000003  1    0
  24    501.16053599999998  969.86472100000003  1    0
  25    0  0  1    1
  26    1500  0  1    1
  27    1500  1500  1    1
  28    0  1500  1    1
  29    778.08224199999995  680.86914100000001  1    0
  30    751.16053599999998  519.86472100000003  1    0
  31    1001.160536  744.86472100000003  1    0
  32    751.16053599999998  969.86472100000003  1    0
  33    501.16053599999998  744.86472100000003  1    0
  34    750  0  1    1
  35    1500  750  1    1
  36    750  1500  1    1
  37    0  750  1    1
  38    626.16053599999998  519.86472100000003  1    0
  39    780.22509949999994  677.157603  1    0
  40    688.66053599999998  519.86472100000003  1    0
  41    829.5025005  710.55664100000001  1    0
  42    831.6453577499999  706.845103  1    0
  43    857.355486875  721.688853  1    0
  44    855.21262975000002  725.40039100000001  1    0
  45    726.66198349999991  651.18164100000001  1    0
  46    728.80484124999998  647.470103  1    0
  47    619.27693761969226  781.37621630065587  1    0
  48    769.4854883486405  716.39928890076067  1    0
  49    1001.160536  857.36472100000003  1    0
  50    873.16053599999998  969.86472100000003  1    0
  51    1001.160536  632.36472100000003  1    0
  52    614.49457287980385  583.94738125092067  1    0
  53    688.90661200518969  569.50125324424334  1    0
  54    805.93522862499992  692.001353  1    0
  55    803.79237124999997  695.71289100000001  1    0
  56    790.93730662500002  688.29101600000001  1    0
  57    793.08016406249999  684.579478  1    0
  58    724.55834129527193  697.39397515883468  1    0
  59    700.95185425  636.33789100000001  1    0
  60    703.094712125  632.626353  1    0
  61    715.94977668749993  640.048228  1    0
  62    713.80691887499995  643.75976600000001  1    0
  63    752.37211274999993  666.02539100000001  1    0
  64    754.51497037499996  662.313853  1    0
  65    767.3700349374999  669.735728  1    0
  66    765.22717737499988  673.44726600000001  1    0
  67    609.06084913816733  688.06426181072334  1    0
  68    678.41961330470622  763.38883146954618  1    0
  69    756.41830671455864  729.19016288473392  1    0
  70    943.37875727249161  773.8287873390658  1    0
  71    769.634249713602  857.83145847343542  1    0
  72    939.03587576452753  680.96004623230976  1    0
  73    642.7009258972987  600.23233522399448  1    0
  74    876.16053599999998  519.86472100000003  1    0
  75    732.15317819700988  719.24696543739162  1    0
  76    641.01395706132723  653.64852152765377  1    0
  77    707.99495543422472  754.39392120832213  1    0
  78    769.2587335554399  751.49209503982399  1    0
  79    755.60791877162819  740.80940532883653  1    0
  80    915.38938337732964  757.6691063858018  1    0
  81    856.93131965554755  828.99506643013467  1    0
  82    656.80749517943934  608.37677103018154  1    0
  83    727.6639030152096  732.68134724725371  1    0
  84    722.79063886982965  749.89402923162311  1    0
  85    750.86473193335712  783.75258686850543  1    0
  86    754.77336901775254  757.68250270422266  1    0
  87    901.39127733570524  749.58729189327698  1    0
  88    870.4752412296699  785.03811869778201  1    0
  89    733.76558356030387  768.0575962913141  1    0
  90    755.50158884799316  586.38622989626197  1    0
  91    744.24796977158837  729.1360459578475  1    0
  92    912.18098013962822  709.88464735419086  1    0
  93    663.8675710839857  612.45290987310932  1    0
  94    728.85149680649965  741.50358512632056  1    0
  95    731.6690196971266  753.91013181000972  1    0
  96    744.30613517708718  757.86734822227879  1    0
  97    894.38538027601317  745.54243323727098  1    0
  98    845.79517939441723  608.11814325721116  1    0
  99    657.41053599999998  252.62637681140183  1    0
 100    681.5833183848099  593.26910040706434  1    0
 101    657.02786138001966  636.40042242958202  1    0
 102    748.98226691802563  736.46896642789329  1    0
 103    751.50216771487351  747.0459709070027  1    0
 104    737.02806965943614  733.27372560561082  1    0
 105    842.35756512500006  717.97851600000001  1    0
 106    844.50042231249995  714.266978  1    0
 107    850.92795459374997  717.9779155  1    0
 108    848.7850974375001  721.68945350000001  1    0
 109    875.48788339550492  668.01699608915283  1    0
 110    819.59999136653266  764.81766515441757  1    0
 111    868.21450480615249  695.45860728099672  1    0
 112    870.21055143750004  729.110728  1    0
 113    868.06769437499997  732.82226600000001  1    0
 114    861.64016206249994  729.11132850000001  1    0
 115    863.78301915625002  725.3997905  1    0
 116    849.54845592786501  757.47665296913749  1    0
 117    816.64743587499993  703.13476600000001  1    0
 118    818.79029318749986  699.423228  1    0
 119    825.21782546874988  703.1341655  1    0
 120    823.07496818749996  706.84570350000001  1    0
 121    839.79557541165195  670.46288700940227  1    0
 122    802.69988787354396  734.71450288268056  1    0
 123    690.23964756250007  625.204478  1    0
 124    688.09678962499993  628.91601600000001  1    0
 125    681.66925731249989  625.20507850000001  1    0
 126    683.81211528125004  621.4935405  1    0
 127    739.51704812499997  658.60351600000001  1    0
 128    741.65990581250003  654.891978  1    0
 129    748.08743809375005  658.6029155  1    0
 130    745.94458043750001  662.31445350000001  1    0
 131    763.93024627968748  623.74049186217962  1    0
 132    877.2637080527594  763.00607430854882  1    0
 133    738.05534493239759  753.80847590412236  1    0
 134    733.92505925715068  738.22323315523499  1    0
 135    833.98220076692269  739.9069476750343  1    0
 136    685.90232921333245  677.24818313456046  1    0
 137    742.93550452379122  735.09965635769811  1    0
 138    898.70902630419346  724.39488401513893  1    0
 139    667.41123744332583  614.49884766315222  1    0
 140    672.10089672299762  602.28425135368263  1    0
 141    731.5730883912131  747.22297491304164  1    0
 142    890.8686967096869  743.51207397813641  1    0
 143    749.29753523745455  742.34430614621806  1    0
 144    735.29546239173806  750.16610889179356  1    0
 145    661.26028890698638  624.99485667225213  1    0
 146    886.57487906065808  755.00989579047086  1    0
 147    701.48090826925477  820.39259140256274  1    0
 148    747.29516706898494  750.52147626915303  1    0
 149    806.86848809708511  645.85365031035315  1    0
 150    675.23814622130203  643.76596472417407  1    0
 151    696.89196908703866  606.26044417514174  1    0
 152    738.83993796990933  682.04193029198757  1    0
 153    761.10048167822015  643.48553787270612  1    0
 154    897.97693323614533  735.2609689141558  1    0
 155    673.47471135311912  619.85356673670992  1    0
 156    674.32111050000003  616.83869299999992  1    0
 157    675.85284675000003  617.3106479999999  1    0
 158    677.60862450763364  608.89063514049894  1    0
 159    669.04124361096194  626.40060871740877  1    0
 160    677.91266224165167  613.34710205583281  1    0
 161    883.22704452227549  740.95413257148289  1    0
 162    885.41480249999995  738.71369299999992  1    0
 163    886.29830947898893  739.53398046410848  1    0
 164    890.81516921132743  733.78306343088298  1    0
 165    879.39611416262778  749.29317165661394  1    0
 166    888.31890041023621  736.47171954681335  1    0
 167    1500  1125  1    1
 168    1500  375  1    1
 169    875.86797647307617  711.88990543895545  1    0
 170    837.61760858124285  689.07898616638454  1    0
 171    817.4071593762153  724.08451138996679  1    0
 172    733.28429756396019  742.56596400013996  1    0
 173    1274.2409004594117  913.61472100000014  1    0
 174    1277.7152780649894  576.11472100000003  1    0
 175    740.89110822772557  744.38903531958795  1    0
 176    1125  1500  1    1
 177    1125  0  1    1
 178    719.91053599999998  380.76413584558179  1    0
 179    742.88369371803992  752.25330637826312  1    0
 180    687.64164823220983  610.44474750991571  1    0
 181    937.16053599999998  1264.1070518110148  1    0
 182    747.85505073562672  746.13275745332885  1    0
 183    738.40326601128504  737.23064435144772  1    0
 184    850.43625452918866  741.09519061518006  1    0
 185    898.90997587966069  778.7928295589486  1    0
 186    920.73602860694086  731.33663875414425  1    0
 187    703.23522409013913  717.05091719621271  1    0
 188    855.11754031707619  703.29946520018973  1    0
 189    658.95687084494432  578.96441671800255  1    0
 190    880.75903017169969  744.86981262824884  1    0
 191    869.64660125313401  743.86752349151925  1    0
 192    746.1261527339625  739.26468761974581  1    0
 193    735.97045034048801  620.21515405533364  1    0
 194    638.21468839662657  622.93107062529543  1    0
 195    917.9762014932661  204.84509442963969  1    0
 196    784.50977431249998  684.58007850000001  1    0
 197    786.65263178124997  680.8685405  1    0
 198    789.86639792187498  682.72400925  1    0
 199    798.3674430094801  664.28882978017657  1    0
 200    796.65497021775047  674.67679463469449  1    0
 201    772.31568839299621  698.27897989363521  1    0
 202    818.2578077600989  672.9029229299673  1    0
 203    797.36483893750005  692.00195350000001  1    0
 204    799.50769634375001  688.2904155  1    0
 205    802.72146248437502  690.14588425  1    0
 206    790.16219658510738  711.89917107209681  1    0
 207    806.61221620967797  679.69596364189692  1    0
 208    722.37730896874996  643.7591655  1    0
 209    720.23445118749987  647.47070350000001  1    0
 210    717.02068503124997  645.61523475000001  1    0
 211    706.92724167276378  666.80852903758648  1    0
 212    709.45329680437601  655.01139816158536  1    0
 213    725.96011351399397  630.13169102766676  1    0
 214    709.52224440624991  636.3372905  1    0
 215    707.37938656250003  640.04882850000001  1    0
 216    704.16562040625001  638.19335975000001  1    0
 217    695.0299157908961  650.30592683671557  1    0
 218    701.83661347436123  645.93825561527296  1    0
 219    713.50584601498304  622.01561515152559  1    0
 220    773.79756721874992  673.4466655  1    0
 221    771.65470968749992  677.15820350000001  1    0
 222    768.4409435312499  675.30273475000001  1    0
 223    758.51022385063788  688.79230832655014  1    0
 224    780.61904587464835  654.20964292973201  1    0
 225    762.72384253426878  681.49410666144774  1    0
 226    760.94250265624987  666.0247905  1    0
 227    758.79964506249985  669.73632850000001  1    0
 228    755.58587890624995  667.88085975000001  1    0
 229    751.47310432409984  678.71533182345354  1    0
 230    838.07289003124993  710.5560405  1    0
 231    835.93003281250003  714.26757850000001  1    0
 232    832.71626665625001  712.41210975000001  1    0
 233    828.71947246085381  723.04569790032758  1    0
 234    876.63808371875007  732.8216655  1    0
 235    874.49522668750001  736.53320350000001  1    0
 236    871.28146053124999  734.67773475000001  1    0
 237    812.36276090624983  695.7122905  1    0
 238    810.21990356249989  699.42382850000001  1    0
 239    807.00613740624999  697.56835975000001  1    0
 240    802.41327554325062  709.23436738838268  1    0
 241    822.20367957651899  686.0891943814039  1    0
 242    802.09114158024579  702.37044474824108  1    0
 243    694.52432193749996  632.62695350000001  1    0
 244    696.66717984375009  628.9154155  1    0
 245    699.8809459843751  630.77088425  1    0
 246    703.30775653207456  621.12453679577288  1    0
 247    733.08951581249994  654.89257850000001  1    0
 248    735.23237353125  651.1810405  1    0
 249    738.44613967187502  653.03650925  1    0
 250    745.25217913645531  637.5371656326779  1    0
 251    744.4129427631741  646.41264064635652  1    0
 252    728.64168285371636  670.01832622325139  1    0
 253    738.98557005900398  750.7185861255366  1    0
 254    715.43071701295969  652.08007766440801  1    0
 255    736.1370718388207  740.18113372198945  1    0
 256    750.8934477884618  672.29745136451231  1    0
 257    828.07715397792765  716.73635111810734  1    0
 258    750.41839175294478  709.99047211566312  1    0
 259    671.76300663168661  623.46907888129442  1    0
 260    675.74248401339196  629.89307112856545  1    0
 261    928.88014067653273  845.60926163292299  1    0
 262    807.31199878313828  685.90577965117666  1    0
 263    839.92530021644757  729.6131974439345  1    0
 264    668.78917343061505  608.02032137486003  1    0
 265    886.88074030876419  748.57345269731115  1    0
 266    675.79850522053232  614.76540143999227  1    0
 267    791.09951308001541  676.87725365945153  1    0
 268    788.44709818352737  700.02605858721563  1    0
 269    866.85660613778714  738.63086988170346  1    0
 270    859.5502121338651  745.88514203691409  1    0
 271    716.97597057451924  662.79119778930192  1    0
 272    734.64285849827593  746.28934897171882  1    0
 273    662.60458621404325  618.7323350892708  1    0
 274    650.15194897061235  619.33482550011217  1    0
 275    887.05357012686659  737.83456877345372  1    0
 276    885.63400458402873  731.4757900100941  1    0
 277    501.16053599999998  632.36472100000003  1    0
 278    0  375  1    1
 279    223.57093086325884  576.11472099999992  1    0
 280    782.5435566994222  665.72004236479882  1    0
 281    763.1553678094931  654.77012065330177  1    0
 282    704.26115484390323  626.89507746145148  1    0
 283    885.678195723356  735.28879027778737  1    0
 284    594.39891939110237  642.41025718269862  1    0
 285    742.27009189081014  738.12317389837131  1    0
 286    746.73943838437458  742.96652267703121  1    0
 287    893.34368684247568  738.63380444491077  1    0
 288    685.95268821521302  640.05158362172676  1    0
 289    716.16101622380961  738.72084513540074  1    0
 290    669.21069922887079  615.53776794950511  1    0
 291    666.77475844037053  618.9281784706958  1    0
 292    670.93984951553659  611.67026790586397  1    0
 293    1155.080560824377  801.11472100000003  1    0
 294    812.16053599999998  1137.2141111602346  1    0
 295    840.01430708613702  699.77153255036058  1    0
 296    662.57249118909795  600.60706866871112  1    0
 297    345.26821370403701  688.61472100000003  1    0
 298    889.08250424461835  742.48081474151513  1    0
 299    888.42251591677348  745.68646432847334  1    0
 300    890.59999562934297  739.87820283660767  1    0
 301    736.91018316995417  748.49903398967422  1    0
 302    745.29196855095995  748.6032400887791  1    0
 303    865.5869740839197  714.85337393835607  1    0
 304    814.83896965260567  713.68899642265546  1    0
 305    878.44203864641975  722.27524893835607  1    0
 306    739.31533135719349  647.82008760322401  1    0
 307    790.95615043761643  668.40220060479089  1    0
 308    891.49006924526157  749.17985070322311  1    0
 309    770.01093887497063  773.29509122331831  1    0
 310    780.69492175310529  815.61172131048318  1    0
 311    375  0  1    1
 312    626.16053599999998  969.86472100000003  1    0
 313    375  1500  1    1
 314    563.66053600000009  1226.3694453518504  1    0
 315    885.1383737611377  741.54304728574152  1    0
 316    885.14768348136283  744.90890996761357  1    0
 317    675.01086967026958  611.30646899597502  1    0
 318    501.16053599999998  688.61472100000003  1    0
 319    423.21437485201852  716.73972100000003  1    0
 320    317.41422648376891  887.88303061203158  1    0
 321    501.16053599999998  857.36472100000003  1    0
 322    722.65209587306913  797.32731612947941  1    0
 323    673.16896735369517  616.48369734156699  1    0
 324    672.00903167655952  618.49276436835498  1    0
 325    672.99889592399313  613.63958680466135  1    0
 326    669.47827265843568  619.74884835151272  1    0
 327    667.03669919772062  622.92867075783261  1    0
 328    676.02539993058394  619.47223706896045  1    0
 329    678.45549115624999  623.34960975000001  1    0
 330    680.59834914062503  619.63807175  1    0
 331    685.00381061324288  615.71852615264072  1    0
 332    694.01836128855632  616.93083654416534  1    0
 333    893.0848923006597  693.87241415565745  1    0
 334    657.41053599999998  439.78360464247504  1    0
 335    767.67861347558858  680.3340666586721  1    0
 336    767.06264481002427  688.86458308561794  1    0
 337    668.00849729780612  636.55752250926946  1    0
 338    662.33217021708219  649.48022904595655  1    0
 339    814.80810045403336  681.91670871239614  1    0
 340    891.15271021715171  726.05409462914156  1    0
 341    891.63322941859587  710.20650352736141  1    0
 342    674.19880022593213  615.18850681987101  1    0
 343    770.37579278240071  736.00151402059123  1    0
 344    700.26277588908408  641.24234725126166  1    0
 345    673.35074481731101  606.91672627856121  1    0
 346    656.84663319559013  678.02395293483096  1    0
 347    722.43226239389389  762.50804116519589  1    0
 348    703.07973939837984  780.04055587107632  1    0
 349    720.92772160213724  779.92787161707815  1    0
 350    749.76021282481145  770.25893919838438  1    0
 351    892.12941937415292  815.77519424595312  1    0
 352    938.66053599999998  367.87584674944952  1    0
 353    1172.7985696380961  255.34233331448243  1    0
 354    738.2259848840348  668.2615781682133  1    0
 355    669.36655003151668  589.91364740706797  1    0
 356    896.08444553885442  758.04024416925552  1    0
 357    0  1125  1    1
 358    675.6292279755861  662.08079976214788  1    0
 359    309.54842037580272  1152.4197174128135  1    0
 360    1133.7174075820524  576.11472100000003  1    0
 361    941.83701925380001  710.48969806666878  1    0
 362    1001.160536  688.61472100000003  1    0
 363    1098.6770842080357  716.73972100000003  1    0
 364    875.4133370785213  742.36486468368685  1    0
 365    709.4476690475052  609.65769741528925  1    0
 366    709.58311895803524  584.2565489362853  1    0
 367    719.91053599999998  519.86472100000003  1    0
 368    735.53553599999998  450.31442842279091  1    0
 369    830.35560901647864  392.48209726897164  1    0
 370    704.28553599999998  479.82416282123756  1    0
 371    1225.0258713283908  693.31732739832933  1    0
 372    716.7289648222569  552.37853802562904  1    0
 373    735.46370165848134  743.08828679203123  1    0
 374    776.99753211066604  690.16978867783098  1    0
 375    716.59992206295215  676.4269023198791  1    0
 376    694.09957250517618  737.19018458112544  1    0
 377    667.17220230136411  712.83357948484286  1    0
 378    352.30735474869874  791.17954976952819  1    0
 379    174.84416919365921  781.7931359157318  1    0
 380    738.73113143724299  833.33492161321874  1    0
 381    692.47997244068813  906.3762101864429  1    0
 382    760.56272251041821  748.54109050998272  1    0
 383    729.74917693359418  638.41259064137182  1    0
 384    716.89411237109414  630.99071564137182  1    0
 385    744.04335917967933  676.15126173575516  1    0
 386    725.71765536270061  660.23914035014093  1    0
 387    801.01101709290504  595.74548845395964  1    0
 388    826.09687620952252  694.18972997908884  1    0
 389    806.56870032433471  702.03696051947668  1    0
 390    811.35897015961552  704.87278230736524  1    0
 391    866.83557602395672  756.07137859562249  1    0
 392    740.32695513395254  641.54886754384358  1    0
 393    737.20184987850587  632.68289593091822  1    0
 394    747.07413259544796  625.41316004526152  1    0
 395    749.61011879839486  605.53740419852045  1    0
 396    790.11530734122073  658.15384844907498  1    0
 397    791.21760242157677  642.09597532458076  1    0
 398    804.62654475901309  620.71928575095546  1    0
 399    793.52553289009472  761.56936195825415  1    0
 400    802.93092292791062  792.34665435176942  1    0
 401    817.68841147817591  828.71014639165378  1    0
 402    836.77379641194921  902.68705040127645  1    0
 403    884.95323344945973  740.0967782962241  1    0
 404    884.24020924999991  737.6231479999999  1    0
 405    882.28194179578577  738.55450698420452  1    0
 406    879.85184985937508  734.67713425  1    0
 407    877.70899284375002  738.38867225000001  1    0
 408    880.73124693306852  729.44303635208189  1    0
 409    673.35410804073808  617.92996657801223  1    0
 410    677.62361174363662  603.27905808766252  1    0
 411    672.30577357453535  799.02891994339757  1    0
 412    651.10687804530164  858.58226526663066  1    0
 413    864.36555266432231  771.09376820600141  1    0
 414    838.8077023082775  790.60253691753974  1    0
 415    734.9702747005648  760.64998783323836  1    0
 416    742.28759512803799  749.90064546125711  1    0
 417    713.41153006772561  648.15553702121542  1    0
 418    708.51737367084456  645.49965203676811  1    0
 419    804.97705497815696  721.64035170692728  1    0
 420    1205.7163428235208  422.11976755359041  1    0
 421    1062.0862161423115  660.48972100000003  1    0
 422    787.67629847061221  268.39969379440282  1    0
 423    701.3905606832617  682.04930485233763  1    0
 424    687.23092396250581  700.34496455794852  1    0
 425    675.93556126005797  596.82314173933696  1    0
 426    920.74849979405337  608.27169985770456  1    0
 427    739.59539364797217  745.72676087892796  1    0
 428    682.44990494212539  610.79894869563282  1    0
 429    684.60146868940706  604.10935565512875  1    0
 430    755.23157392942232  672.20547148930382  1    0
 431    759.93566198937549  675.19056449118261  1    0
 432    832.38126354620238  716.70328967526245  1    0
 433    837.0647952223469  719.72398737842172  1    0
 434    728.47999561134679  878.00791305737778  1    0
 435    772.55719507983599  915.85317911835659  1    0
 436    732.33732778296564  589.74199790037517  1    0
 437    772.65286309327189  602.14425402657946  1    0
 438    781.4977060067954  575.30452530597461  1    0
 439    813.66053599999998  519.86472100000003  1    0
 440    818.36589106480142  559.64385315861546  1    0
 441    756.59239758075489  552.91264761987793  1    0
 442    786.21001252598353  744.9289210629463  1    0
 443    803.03910933091174  685.88476628479407  1    0
 444    798.37424880028664  682.83172925077201  1    0
 445    849.80199609519991  691.96277563087335  1    0
 446    883.57210153470646  743.23032369153964  1    0
 447    555.06928310623607  680.22246094211289  1    0
 448    628.15955623182708  346.20499072693843  1    0
 449    422.85481605378294  230.66947733611141  1    0
 450    537.7970532498407  266.59833879333581  1    0
 451    562.5  0  1    1
 452    438.77644433673794  381.55744578540572  1    0
 453    220.13448229240666  328.34443834180485  1    0
 454    888.04268836496067  858.36187350844125  1    0
 455    937.16053599999998  969.86472100000003  1    0
 456    969.16053599999998  1116.9858864055075  1    0
 457    1203.2632350777735  1244.9457552234128  1    0
 458    926.0170615876458  908.20369032791882  1    0
 459    905.16053599999998  1053.8656777697097  1    0
 460    1142.665509675222  1077.683862923074  1    0
 461    888.2057464254251  766.32826154926261  1    0
 462    583.20705469502559  136.36236574759309  1    0
 463    854.64676347592774  733.80237517238822  1    0
 464    795.32215594260163  706.12764360828385  1    0
 465    677.09187093262074  616.01099120146603  1    0
 466    680.33380728347299  616.38533419722046  1    0
 467    793.34787074414771  680.4048589375526  1    0
 468    871.02121396748305  738.83943253852738  1    0
 469    889.06865794092198  738.43664730749151  1    0
 470    891.08883725476824  736.54030106097218  1    0
 471    894.33330589613593  734.82607298469077  1    0
 472    896.79012974837622  729.72330453805296  1    0
 473    907.07099815171136  730.41596915107084  1    0
 474    762.71345629171708  697.46408718130135  1    0
 475    750.67463661487352  697.94478459738025  1    0
 476    737.48951295086044  703.68987007389251  1    0
 477    695.65292801232772  638.09402546349452  1    0
 478    723.98584845870619  611.72883603654986  1    0
 479    1500  562.5  1    1
 480    0  937.5  1    1
 481    885.22312181576547  725.53798179325474  1    0
 482    888.86182396774063  718.05355150350442  1    0
 483    1137.1928234156544  651.65880731641903  1    0
 484    574.08177468019142  739.10910384621206  1    0
 485    501.16053599999998  801.11472100000003  1    0
 486    424.52518838452488  829.23972100000003  1    0
 487    566.56797974535925  829.23972100000003  1    0
 488    565.16053599999998  969.86472100000003  1    0
 489    595.66053599999998  1098.2998283480401  1    0
 490    533.16053599999998  1045.3029216587636  1    0
 491    401.19409436513672  1056.7754258468542  1    0
 492    503.73032600644638  1143.3624030240144  1    0
 493    412.44717457342313  1272.4058878513938  1    0
 494    187.5  1500  1    1
 495    595.66053599999998  904.59013793785812  1    0
 496    562.5  1500  1    1
 497    234.1776922602881  1321.1722603768205  1    0
 498    879.37899852652447  775.71967932597067  1    0
 499    886.85921251100092  791.77999876773708  1    0
 500    908.34954999471529  799.63630980642495  1    0
 501    870.63908189043855  807.91888320726525  1    0
 502    1369.4889684336233  687.81713075243738  1    0
 503    739.10991390867252  739.26391640610348  1    0
 504    657.41053599999998  519.86472100000003  1    0
 505    641.78553599999998  479.82416282123756  1    0
 506    551.50739368386667  421.52603856928545  1    0
 507    563.66053599999998  519.86472100000003  1    0
 508    602.59578217920773  441.46222593899842  1    0
 509    774.28337947678858  665.18333900935477  1    0
 510    754.96615011813299  654.11051178464902  1    0
 511    700.12624508190379  626.6350762616463  1    0
 512    695.54123051454235  623.44374196274043  1    0
 513    715.87474891539068  724.2016132881198  1    0
 514    678.82174538160132  579.40606932132175  1    0
 515    669.32365825957277  559.64882209429788  1    0
 516    634.94710821963804  553.63848950602892  1    0
 517    594.91053599999998  519.86472100000003  1    0
 518    579.28553599999998  478.75519904722188  1    0
 519    579.28553599999998  559.67364105622551  1    0
 520    689.1239256923667  544.68129980875813  1    0
 521    952.04974411892306  741.92941830363645  1    0
 522    1059.6124475930442  585.79599543474285  1    0
 523    1086.4922930541807  503.08930037970544  1    0
 524    1026.0011540389307  420.80501909979023  1    0
 525    1045.4402228559547  290.20103645329192  1    0
 526    1073.2790446159665  141.82682690549638  1    0
 527    937.5  0  1    1
 528    916.16871843113893  823.71517653289163  1    0
 529    1001.160536  801.11472100000003  1    0
 530    957.90927766407492  814.11823456090826  1    0
 531    1078.1205484121886  829.23972100000003  1    0
 532    1155.080560824377  920.47221674194145  1    0
 533    501.16053599999998  576.11472100000003  1    0
 534    362.36573343162945  547.98972100000003  1    0
 535    423.21437485201852  604.23972100000003  1    0
 536    547.87180308195138  604.23972100000003  1    0
 537    742.7076325749955  743.94719556304926  1    0
 538    745.9790874530438  745.66302892035299  1    0
 539    669.32196319719083  613.26721425101391  1    0
 540    666.80396635861314  611.45879909965424  1    0
 541    663.80531189215731  607.43520515723822  1    0
 542    844.86598645232914  706.2119273592042  1    0
 543    446.96510938580627  660.48972100000003  1    0
 544    909.43267261626772  663.8303271665302  1    0
 545    888.09778129168046  630.55329101176142  1    0
 546    942.08339111864052  641.54873601247334  1    0
 547    1001.160536  576.11472100000003  1    0
 548    938.66053599999998  519.86472100000003  1    0
 549    907.41053599999998  443.87028387472475  1    0
 550    965.3402918161662  603.16031690790032  1    0
 551    772.77566577008622  682.63852563877276  1    0
 552    696.50311387566774  645.11409176357017  1    0
 553    689.60641589766533  645.96206356879736  1    0
 554    685.55959634483224  656.57235955675662  1    0
 555    969.08539445613462  693.00727115421967  1    0
 556    830.31525982505013  631.09506635387015  1    0
 557    853.96351921225994  783.96204682864345  1    0
 558    853.01217272471661  802.40632014383618  1    0
 559    832.85784513448107  812.21109278896972  1    0
 560    741.50269777468066  765.51411156649681  1    0
 561    740.77461641070067  776.33897578397341  1    0
 562    737.29294525131604  791.6508788771315  1    0
 563    756.24600781073184  808.60881316005157  1    0
 564    736.57643214800646  811.52211848758032  1    0
 565    446.96510938580627  547.98972100000003  1    0
 566    438.29208948441641  464.99886023425978  1    0
 567    313.00335380831592  422.54947999680871  1    0
 568    839.98809948357859  772.68103379534705  1    0
 569    739.48984094550428  743.14874276208661  1    0
 570    883.18181904443077  733.41096606672011  1    0
 571    898.85482509904125  741.33567518191023  1    0
 572    911.18396754835214  742.06148485265498  1    0
 573    904.93115367573614  737.35676105345567  1    0
 574    926.68836613966357  746.25425969119306  1    0
 575    667.31391280680953  616.74525774328663  1    0
 576    664.47259778305806  615.49684582454722  1    0
 577    659.65489740669898  614.87233717324102  1    0
 578    656.44357330975708  620.38335847279325  1    0
 579    651.84599772155332  628.57026302000247  1    0
 580    643.38970085369635  639.79620702752698  1    0
 581    618.98164382876155  642.73998207880436  1    0
 582    607.07246462252556  614.08136682559746  1    0
 583    870.53482747604653  721.1271904482353  1    0
 584    857.67976291354648  713.70531544823518  1    0
 585    741.81246465470008  650.9168008454709  1    0
 586    746.97635324759381  653.10549592291693  1    0
 587    896.41015772005187  750.12512865724295  1    0
 588    791.48368503016616  726.0255542755483  1    0
 589    447.36014469415056  772.98972100000003  1    0
 590    532.41053599999998  484.46299675312827  1    0
 591    1055.0579440529796  772.98972100000003  1    0
 592    883.31223509381914  588.47726166344239  1    0
 593    921.09242881051443  562.32332497388461  1    0
 594    682.1767638803808  646.47034304564556  1    0
 595    675.66725257572693  652.91839485471837  1    0
 596    1001.160536  660.48972100000003  1    0
 597    1031.6233760711557  646.42722100000003  1    0
 598    973.09422741724552  646.42722100000003  1    0
 599    1030.386491796522  609.08035821737144  1    0
 600    734.125652326269  645.67606287471017  1    0
 601    671.45667729049649  620.55740995043732  1    0
 602    669.62177533139709  622.22240388947989  1    0
 603    676.84860807812493  622.42187537500001  1    0
 604    675.80504219545924  626.08485326824109  1    0
 605    674.94691574940373  623.8602343602015  1    0
 606    678.72347846108323  621.02997336275337  1    0
 607    681.16744783267291  622.36330139197025  1    0
 608    673.08574878326578  625.8559792133251  1    0
 609    765.10453178216937  677.37063191499817  1    0
 610    735.53553599999998  490.6984421005003  1    0
 611    782.41053599999998  484.35496404778678  1    0
 612    844.09023524259339  461.57987344334362  1    0
 613    881.45873292968758  735.604868625  1    0
 614    879.58386275960458  736.9967702662791  1    0
 615    877.13989359355764  735.6634435524935  1    0
 616    875.53289820861824  727.31402797321152  1    0
 617    737.3021077984821  138.62668246082734  1    0
 618    841.35667137504174  723.84085301602113  1    0
 619    846.64984578239478  728.21704527093902  1    0
 620    844.71330400227396  735.78213290453573  1    0
 621    841.91815334590319  744.53168616341054  1    0
 622    830.71803183196562  754.62952382924948  1    0
 623    814.37513184307409  747.95544094184936  1    0
 624    812.16053599999998  969.86472100000003  1    0
 625    781.66053599999998  1053.5394160801172  1    0
 626    701.69493212177826  1130.083503997361  1    0
 627    745.38340653839555  1312.4906764423633  1    0
 628    842.66053599999998  1028.3782571854304  1    0
 629    969.16053599999998  1030.150705396542  1    0
 630    1059.8245152561144  1039.6396004455614  1    0
 631    1065.0203440153032  1137.5405786248909  1    0
 632    718.65006895098872  597.12256207785492  1    0
 633    1205.7163428235208  610.65438696180433  1    0
 634    1205.716342823521  518.34261985163562  1    0
 635    1303.4987520739226  470.23119370261281  1    0
 636    1320.18809653784  312.88855477320169  1    0
 637    1312.5  0  1    1
 638    595.66053599999998  1027.308575989568  1    0
 639    687.10994218675171  1039.0449688689648  1    0
 640    265.75968487810996  1018.7324057757612  1    0
 641    155.65085608195415  1128.8131720393824  1    0
 642    0  1312.5  1    1
 643    673.03553599999998  490.6984421005003  1    0
 644    610.53553599999998  490.6984421005003  1    0
 645    704.06221514771346  642.08340042834902  1    0
 646    766.76591026322683  706.69334153798673  1    0
 647    778.64346878094477  708.48991928800945  1    0
 648    437.03833302874267  913.61472100000003  1    0
 649    693.02687908101052  583.78292197797509  1    0
 650    1065.3362119509034  913.61472100000003  1    0
 651    969.91053599999998  462.59183167233999  1    0
 652    696.03813064036558  662.11897657722318  1    0
 653    859.23513337265877  633.87585052468944  1    0
 654    937.52593666095026  733.28357576938197  1    0
 655    582.8743682086249  592.14025059441292  1    0
 656    862.6973112890746  706.95147735132741  1    0
 657    1387.4767269788169  546.76149622055766  1    0
 658    952.68196927775296  724.34546347490834  1    0
 659    977.1650549307775  734.02908768853183  1    0
 660    1001.160536  772.98972100000003  1    0
 661    972.68495060327621  763.65795124517115  1    0
 662    1001.160536  716.73972100000003  1    0
 663    1044.6066636299049  702.67722100000003  1    0
 664    1029.7111555847518  730.80222100000003  1    0
 665    1065.8598819857555  731.94027442103379  1    0
 666    1100.1311322357451  762.90452577592998  1    0
 667    1158.230185799792  737.96928457503827  1    0
 668    1230.1076782728835  773.20572303880374  1    0
 669    1028.1092400264897  787.05222100000003  1    0
 670    1032.9802884131689  829.23972100000003  1    0
 671    1043.7595620108646  873.49749704942815  1    0
 672    1001.160536  913.61472100000003  1    0
 673    1054.79859784367  805.34557758621168  1    0
 674    1088.4354366704433  795.8430415644076  1    0
 675    1119.7544859642835  823.80749995236977  1    0
 676    1168.4652842804001  860.79346887097074  1    0
 677    1105.4632712966259  876.53866631555559  1    0
 678    752.51487461401064  752.55580402817475  1    0
 679    824.00048200462129  733.77051330016957  1    0
 680    652.65830416005372  599.27451803920667  1    0
 681    646.37534345013012  586.19434075257527  1    0
 682    644.59571765058047  568.53527176303874  1    0
 683    630.12693386459648  589.44123440766225  1    0
 684    625.18410753853402  607.92198335724686  1    0
 685    658.85227452697848  590.73841996933538  1    0
 686    627.43366623796021  572.11743055820375  1    0
 687    604.79385219828396  560.34606008285584  1    0
 688    784.3729123792051  692.23900535532243  1    0
 689    799.78486961847659  653.76480978681684  1    0
 690    813.54970844071784  658.9628871675568  1    0
 691    823.19624948041917  645.78927025526025  1    0
 692    843.42585669094149  646.51845672770469  1    0
 693    908.34387265012447  719.83120594331717  1    0
 694    920.74420442743951  718.90150701191931  1    0
 695    927.12987732634247  704.26245989155825  1    0
 696    913.03569423898716  689.47226746658043  1    0
 697    931.41455459123552  762.23204677741501  1    0
 698    923.01602971493901  782.86671746765296  1    0
 699    931.78564106646741  805.33486974744733  1    0
 700    751.74698557426643  647.44098057195958  1    0
 701    667.3841601684511  657.46530081697881  1    0
 702    653.45664343926967  660.68627220863596  1    0
 703    638.50023839261053  672.61091570163228  1    0
 704    639.795509775749  702.0180710836529  1    0
 705    638.97990388761525  744.13886952716746  1    0
 706    665.94537558700131  669.7077179280501  1    0
 707    671.57104813045396  684.9982892075127  1    0
 708    657.19208674586628  696.32508933030556  1    0
 709    676.80903947900265  624.34587895739969  1    0
 710    678.89703583105768  626.71070041533517  1    0
 711    682.821384183345  630.63141124963886  1    0
 712    678.5852218247187  636.94203074893005  1    0
 713    671.55225111337575  629.7578655768715  1    0
 714    666.0830764430774  631.23078608529158  1    0
 715    673.48357195654353  634.9017520708145  1    0
 716    822.77846232861327  720.4631493619213  1    0
 717    821.93435111195674  713.63281872372602  1    0
 718    823.41911999671049  727.1141087609036  1    0
 719    829.77850003812239  729.91227848263327  1    0
 720    817.70848133338234  730.96645874891897  1    0
 721    817.56087035134681  739.75900009719055  1    0
 722    810.21195668879841  727.84711932519497  1    0
 723    824.26589156343618  747.08238979685461  1    0
 724    732.98228452966202  662.50018356311978  1    0
 725    831.73975853401942  699.25972106770678  1    0
 726    1320.4676190294183  1107.8754923602135  1    0
 727    1500  1312.5  1    1
 728    1312.5  1500  1    1
 729    690.25501243290762  636.35832607777127  1    0
 730    715.90539843998124  709.40131758680968  1    0
 731    702.58445710206968  701.65531699055157  1    0
 732    485.40637474560197  474.46467726716594  1    0
 733    471.14428176343654  423.46744532987054  1    0
 734    509.81951813789232  360.14374518663948  1    0
 735    454.04614860411664  303.66218805812378  1    0
 736    338.61551015458593  309.8274325533456  1    0
 737    187.5  0  1    1
 738    269.43475650483617  151.80339187434996  1    0
 739    0  187.5  1    1
 740    1026.1294217046398  674.55222100000003  1    0
 741    1298.7106323951882  728.73596995257969  1    0
 742    1500  937.5  1    1
 743    1392.0506294884053  808.5155437863981  1    0
 744    1305.8405673569334  814.88658834202181  1    0
 745    611.94028985961847  722.54699237232921  1    0
 746    665.02279839276355  626.40604549720558  1    0
 747    661.65044259361321  629.67602243934357  1    0
 748    662.2566555145662  635.0438135678794  1    0
 749    661.34032896585063  642.26701197527268  1    0
 750    651.50296514229115  647.2944813660373  1    0
 751    656.90708691505802  627.71451772642172  1    0
 752    837.06076031680288  863.16263425829334  1    0
 753    801.59449573827032  882.6683840535635  1    0
 754    741.41291514247951  746.19082925451176  1    0
 755    782.41053599999998  519.86472100000003  1    0
 756    767.40193230048021  662.25860516838361  1    0
 757    773.51822212673756  657.42577781296632  1    0
 758    772.53265114090107  645.8028272957564  1    0
 759    768.86802924912263  634.52344816280777  1    0
 760    784.18611657635392  620.98687152496404  1    0
 761    666.80914693375007  603.36750125728804  1    0
 762    668.16496692221233  596.65523354718584  1    0
 763    741.27508306662355  742.54351171525082  1    0
 764    850.94281521212338  710.53030117558114  1    0
 765    899.37095074397951  754.21122661772813  1    0
 766    905.83749640607152  763.08650113839417  1    0
 767    907.56185155475532  755.03672459922086  1    0
 768    916.65927091688025  771.03774220801017  1    0
 769    901.55661484280938  759.41215403738045  1    0
 770    897.67566476267928  768.26468580437074  1    0
 771    893.12365251492679  753.95414620877034  1    0
 772    890.56531816318045  758.92366593994279  1    0
 773    884.53548371944862  761.08043200353609  1    0
 774    879.82513214638709  756.12015508027275  1    0
 775    894.14070864290113  763.57878663640452  1    0
 776    873.34160102996952  753.10061821864724  1    0
 777    1065.3594253715178  622.99348921241653  1    0
 778    1098.9903021102812  598.75485219186044  1    0
 779    1092.7893364036295  551.28978768180309  1    0
 780    1139.3382615043886  520.69693380586705  1    0
 781    1134.8560714664841  446.04198938436394  1    0
 782    1141.2924525533631  348.19816520945949  1    0
 783    1098.3093020430388  644.76080955301347  1    0
 784    1045.7200345489039  539.23628024671893  1    0
 785    1500  187.5  1    1
 786    759.71382765990154  713.90329707089313  1    0
 787    751.6109233419312  720.15513918304623  1    0
 788    742.04897534118777  716.12467081885688  1    0
 789    959.41179785085785  707.90593553336703  1    0
 790    980.55650313685976  711.04521112894724  1    0
 791    1025.6421282531992  758.92722100000003  1    0
 792    1213.8125116053588  902.30425906580933  1    0
 793    1225.113014862301  1009.0096408880468  1    0
 794    1230.2678388777749  838.80361698004879  1    0
 795    652.83825673982176  552.62351786318948  1    0
 796    668.70386770872506  538.24844136076104  1    0
 797    641.78553599999998  519.86472100000003  1    0
 798    633.97303599999998  499.8444419106188  1    0
 799    633.97303599999998  535.86206372094944  1    0
 800    610.53553599999998  537.40171964936735  1    0
 801    649.59803599999998  505.28158155025017  1    0
 802    808.82543327659425  741.08109441974898  1    0
 803    802.2108541295604  752.09840600115172  1    0
 804    806.38234170274325  764.64176657052349  1    0
 805    812.79449912593168  779.50800941673083  1    0
 806    796.5187655047223  777.48041150556207  1    0
 807    780.5281131898497  793.19353095006977  1    0
 808    821.09380375676017  796.0924148804844  1    0
 809    808.497269848575  811.26393020415344  1    0
 810    796.95020872236432  828.49141625870493  1    0
 811    807.04178047961273  854.91387073057012  1    0
 812    776.84924360579976  837.16293437863806  1    0
 813    800.10592783661639  743.34036128784169  1    0
 814    792.46683603731947  736.34018496229464  1    0
 815    781.48245083442816  732.1830039656611  1    0
 816    781.01477766631399  720.22241173187251  1    0
 817    780.49280683453765  636.98160732776478  1    0
 818    649.59803599999998  533.58638873381028  1    0
 819    666.1690355987472  505.78837378731811  1    0
 820    682.78687489779156  504.24290404591784  1    0
 821    704.28553599999998  519.86472100000003  1    0
 822    712.09803599999998  499.8444419106188  1    0
 823    712.09803599999998  535.51281673543463  1    0
 824    735.79035871124086  538.07609685515888  1    0
 825    689.90448580056648  488.83610776698561  1    0
 826    678.31862882726898  461.22218233924894  1    0
 827    698.46654168315217  420.65816152435372  1    0
 828    658.33300746804207  388.13428657834498  1    0
 829    683.57962962282693  338.14467466250966  1    0
 830    747.26933570812832  320.64731281388555  1    0
 831    845.57133128125008  719.83398475000001  1    0
 832    847.71418845312496  716.12244675  1    0
 833    845.3884552657878  723.86167281746259  1    0
 834    847.72161876231166  712.39863958779051  1    0
 835    844.30692656341682  710.22237598035178  1    0
 836    841.04724665670562  707.72378285916727  1    0
 837    834.85912389062491  708.70057175  1    0
 838    835.82983241806846  703.30831777518028  1    0
 839    850.95026273364238  714.25413802431228  1    0
 840    854.49097353988714  716.13730502033729  1    0
 841    847.70459351844079  708.65828981771938  1    0
 842    849.64533829900256  703.53631720032854  1    0
 843    852.13751190512346  697.78221987083089  1    0
 844    859.4325055657572  691.4761442054064  1    0
 845    853.87294625206039  676.98955980008486  1    0
 846    869.43325803502387  681.09692953334502  1    0
 847    885.08538267256552  680.40091507401223  1    0
 848    892.33089983097557  664.8746857096877  1    0
 849    880.63511343199718  648.89546726943979  1    0
 850    899.82922906340093  647.11647814536934  1    0
 851    921.17196897055294  645.96926427799826  1    0
 852    853.09093178873536  660.2312191183114  1    0
 853    909.49497088677208  627.83418904114649  1    0
 854    896.14479668293097  608.3278997982884  1    0
 855    870.96035479881994  610.53536867753144  1    0
 856    908.39647511336182  586.33456886795466  1    0
 857    893.79094005960349  563.24977009532938  1    0
 858    856.03489620546509  562.35710703081713  1    0
 859    907.41053599999998  519.86472100000003  1    0
 860    891.78553599999998  481.86750243736242  1    0
 861    935.69796386427288  585.40812374651  1    0
 862    960.29759732731566  553.68137531965454  1    0
 863    923.03553599999998  491.22827633617004  1    0
 864    858.58199210712519  697.86478799147119  1    0
 865    845.7771897466921  696.95642800397718  1    0
 866    841.62543372877167  703.60546972774568  1    0
 867    845.62145269497671  701.95498885169798  1    0
 868    854.18501589089976  712.38574277845441  1    0
 869    857.66596725144359  708.45433367118983  1    0
 870    858.22425398448161  717.72578614737017  1    0
 871    860.56925301562501  723.54432175  1    0
 872    864.6849966200848  720.12658221917798  1    0
 873    861.49450061395874  715.2357922080721  1    0
 874    863.1863380178421  711.25195605943691  1    0
 875    869.6899731022055  708.33435446849785  1    0
 876    878.11126701435728  700.84692193819319  1    0
 877    877.94116289298586  689.37646365622209  1    0
 878    955.68752140775359  491.99324636835485  1    0
 879    988.38858584200068  489.67155711684711  1    0
 880    1038.8428234352887  486.12691104534446  1    0
 881    1008.6246215563225  456.01916996625039  1    0
 882    1079.2776790678054  447.94820232723049  1    0
 883    1080.5527064142466  379.58852364758621  1    0
 884    982.83172875669175  421.39725915093362  1    0
 885    1003.5685282952961  359.29525272137829  1    0
 886    960.88357771301696  286.1933890710045  1    0
 887    871.36184313731872  305.70184341086275  1    0
 888    1006.8706269091261  209.9474439531763  1    0
 889    968.22718159696092  106.28156399257424  1    0
 890    843.75  0  1    1
 891    856.31619957910766  111.31718653810546  1    0
 892    851.99886359375  723.54492225000001  1    0
 893    854.14172073437498  719.83338425  1    0
 894    851.41243493397815  728.27158400297856  1    0
 895    848.97847235874201  732.843542257575  1    0
 896    866.99678529687503  727.25525925  1    0
 897    864.85392821874996  730.96679725000001  1    0
 898    860.44635614995082  734.88999851722542  1    0
 899    864.5994957297288  735.11842476563936  1    0
 900    862.298849499997  739.07826502920398  1    0
 901    856.6610420409861  739.06808106242852  1    0
 902    867.15892331614828  723.26349047411759  1    0
 903    864.98369458942659  742.9902800430018  1    0
 904    866.1742251552613  749.49337153039937  1    0
 905    859.71610254508312  753.46491879390498  1    0
 906    860.3640673461548  762.72157390318603  1    0
 907    852.16985534911271  771.78034360617949  1    0
 908    852.40790516724019  749.83316172882849  1    0
 909    870.70552039586164  725.13247818081243  1    0
 910    874.30380344547064  722.97284946887032  1    0
 911    874.70722482809538  717.3779351751208  1    0
 912    881.62575581814826  715.97447864775006  1    0
 913    883.21542315430111  707.63313362728422  1    0
 914    886.69111812569622  699.70632087985212  1    0
 915    819.86120203124994  704.99023475000001  1    0
 916    822.00405932812487  701.27869675  1    0
 917    815.74320276380286  708.4118812113278  1    0
 918    822.44358469851113  696.80647898954442  1    0
 919    817.65119667051238  693.97432605990753  1    0
 920    813.12475293701823  689.11590081456427  1    0
 921    819.69839843264162  708.98315637153928  1    0
 922    821.92155051411567  692.21906914227986  1    0
 923    818.10727414276221  689.01162679682807  1    0
 924    825.83881955053471  689.32793254539138  1    0
 925    831.51876354282138  679.29339947301207  1    0
 926    831.775706838676  691.45055912643431  1    0
 927    827.59512483698393  683.6972676404913  1    0
 928    824.47102644581253  676.96402086606326  1    0
 929    828.20865384669992  664.46222981155643  1    0
 930    810.63653043526256  710.25288119710615  1    0
 931    809.00154261059265  716.54039693667948  1    0
 932    826.60296780852229  698.75488208911656  1    0
 933    830.07661097784239  671.83029782954179  1    0
 934    833.3966630931493  684.9163418920075  1    0
 935    842.22777848753572  680.18289332042934  1    0
 936    826.28873434374998  708.70117225000001  1    0
 937    828.43159160937489  704.98963425  1    0
 938    826.02975484343324  712.86067542024898  1    0
 939    831.6925581420096  703.05241203385333  1    0
 940    687.02588142187506  623.34900925  1    0
 941    684.88302346874991  627.06054725000001  1    0
 942    690.82846506757164  620.47367867760045  1    0
 943    687.10483254758378  619.50132440001585  1    0
 944    689.89640558915323  616.42699620925498  1    0
 945    692.52692038345378  612.01949176905544  1    0
 946    699.32398034195364  612.63753807188232  1    0
 947    691.53440610304199  606.73345925006936  1    0
 948    693.22635586829051  595.31969032938821  1    0
 949    693.74811284279963  601.22932408408383  1    0
 950    705.81625808380034  597.18598727705432  1    0
 951    700.26670557217256  600.65380259464598  1    0
 952    687.94504866578472  598.76382247696904  1    0
 953    699.87671149788105  593.8553059869904  1    0
 954    705.84139582752505  590.17987335655562  1    0
 955    701.32885384847134  583.18585921050692  1    0
 956    707.61516081144305  567.07548724817138  1    0
 957    728.06730276578298  569.58389513719737  1    0
 958    713.68691365647624  590.99236024793106  1    0
 959    722.20858852787717  581.18250311589213  1    0
 960    696.56953165983896  575.02568160141504  1    0
 961    706.46920700881526  575.90998548091238  1    0
 962    716.29949053635164  572.69353412927467  1    0
 963    721.83827505927525  589.46707114870117  1    0
 964    697.85585610751366  565.16460267635523  1    0
 965    688.41576140935524  557.08602747667919  1    0
 966    704.87346397691556  555.2010393635702  1    0
 967    706.12826298148889  603.85967763314829  1    0
 968    713.88367210901686  603.26885400396645  1    0
 969    677.78093083814076  550.25632576794988  1    0
 970    726.91838348563078  596.07435903675457  1    0
 971    738.42009651874673  600.43217505932444  1    0
 972    721.59225362418272  604.32549710194678  1    0
 973    730.71974927884764  605.46306967960209  1    0
 974    739.58202555686853  610.61920640813685  1    0
 975    751.30120423437506  660.45838425  1    0
 976    749.15834659374991  664.16992225000001  1    0
 977    744.53481026797158  668.46718458402563  1    0
 978    748.82893320867765  668.45142048757646  1    0
 979    751.52679410594146  656.35671364232451  1    0
 980    751.16723931537865  652.04991762593397  1    0
 981    755.20854994565536  658.23792159622701  1    0
 982    757.72873651562486  664.16932175  1    0
 983    762.01917876016148  660.44899529913857  1    0
 984    758.93932159149699  655.94799315454156  1    0
 985    759.44788826228648  649.6340040989187  1    0
 986    766.25595161197248  648.62580916337993  1    0
 987    742.73081428124999  660.45898475000001  1    0
 988    744.87367195312504  656.74744675  1    0
 989    738.87151650451733  663.43254708410666  1    0
 990    742.63831109828686  664.33014247949268  1    0
 991    781.29600815624997  682.72460975000001  1    0
 992    783.43886564062495  679.01307175  1    0
 993    785.18330709971019  672.28067302868612  1    0
 994    780.75365321158301  687.3749335889155  1    0
 995    786.92033846289758  676.6939214375526  1    0
 996    778.01381103335257  684.69860442766117  1    0
 997    796.293930203125  686.43494675  1    0
 998    794.15107278125004  690.14648475000001  1    0
 999    792.90596856051366  696.01400604360776  1    0
1000    790.66551640594469  692.47270798605041  1    0
1001    725.59107510937497  645.61463425  1    0
1002    723.44821734374989  649.32617225000001  1    0
1003    722.14808641355808  655.28900260043668  1    0
1004    726.06324295117213  641.08587807068591  1    0
1005    721.23802498671102  638.31058825890057  1    0
1006    719.94371636205506  651.68520850694233  1    0
1007    730.29047352545911  643.03666168896098  1    0
1008    734.99000854524286  640.1428134589919  1    0
1009    725.51645967402896  636.4542419706089  1    0
1010    721.5519070911273  633.17545348651959  1    0
1011    729.42866743299464  633.55192077960521  1    0
1012    732.61478727437202  626.85188918910819  1    0
1013    725.53118546332917  620.87037915041117  1    0
1014    721.17665971544488  627.91796214340707  1    0
1015    712.73601054687492  638.19275925  1    0
1016    710.59315271874993  641.90429725000001  1    0
1017    713.20817838867208  633.66400307068591  1    0
1018    711.76700300668915  627.79917737165704  1    0
1019    708.90712058523138  631.6114263231791  1    0
1020    717.43721686069307  635.61727942192397  1    0
1021    777.01133335937493  675.30213425  1    0
1022    774.86847584374993  679.01367225000001  1    0
1023    778.17056195908606  669.5833539323994  1    0
1024    780.46800562901922  673.02593975467732  1    0
1025    764.15626879687488  667.88025925  1    0
1026    762.01341121874987  671.59179725000001  1    0
1027    764.17221747836504  664.14169783419175  1    0
1028    767.41796051173105  665.99730299743226  1    0
1029    771.12620819562255  667.91436140437202  1    0
1030    770.67563190822386  664.11395372783772  1    0
1031    770.73606747645977  660.19147697361882  1    0
1032    768.56136594290172  655.2216326923774  1    0
1033    773.13815513238671  651.60474456118311  1    0
1034    778.54992108164424  648.10740316966462  1    0
1035    786.62512604195899  648.77120811940063  1    0
1036    774.54513594807088  661.24100521955654  1    0
1037    778.15793898260279  658.22275958883836  1    0
1038    784.14205829073387  659.1314002676371  1    0
1039    778.541176467529  663.48618434888363  1    0
1040    839.14379896875005  716.12304725000001  1    0
1041    841.28665617187494  712.41150925  1    0
1042    813.43366971874991  701.27929725000001  1    0
1043    815.57652704687484  697.56775925  1    0
1044    691.31055578124995  630.77148475000001  1    0
1045    693.45341370312508  627.05994675  1    0
1046    687.87269795166139  633.01509168118036  1    0
1047    729.87574965624992  653.03710975000001  1    0
1048    732.01860739062499  649.32557175  1    0
1049    729.40358558760022  657.56585942507047  1    0
1050    726.60836785858089  654.9854435315599  1    0
1051    674.63704974112898  613.60978149625203  1    0
1052    676.24863963083635  613.15152377206073  1    0
1053    677.32757677738493  611.14841410796339  1    0
1054    679.84382031936195  610.31525358287081  1    0
1055    680.89743651073172  606.19635596428725  1    0
1056    680.69554790300583  612.98872457507298  1    0
1057    893.47402471410919  731.26952964472957  1    0
1058    889.62322889255188  729.85915380639312  1    0
1059    501.16053599999998  913.61472100000003  1    0
1060    537.14014344825728  553.24484038695255  1    0
1061    606.40646202782341  663.7353615760527  1    0
1062    582.86834267733184  678.612723721257  1    0
1063    570.60759479844842  707.71823373896768  1    0
1064    536.46857857134569  727.38425150846331  1    0
1065    542.13039989029767  775.41497548749078  1    0
1066    567.48396397516524  653.77526826017311  1    0
1067    531.16111885709972  652.86222694927767  1    0
1068    570.70473502957259  623.84989121797469  1    0
1069    835.65396326174289  725.49039073742904  1    0
1070    1296.1470298385575  156.94054554694216  1    0
1071    1122.3776313543585  789.34942830981311  1    0
1072    947.33587934347145  757.77625273003241  1    0
1073    668.07358335544893  645.01596644805215  1    0
1074    722.62499090504093  259.83934971749358  1    0
1075    696.76675830733166  195.21336044034507  1    0
1076    660.4181442734149  126.36346053355737  1    0
1077    656.25  0  1    1
1078    762.76008986176885  206.29423413127216  1    0
1079    840.42060263938834  211.18828451453663  1    0
1080    894.88304787846573  702.26377365861856  1    0
1081    903.99762183830262  695.92230290153873  1    0
1082    900.94697996150842  682.09032043155105  1    0
1083    901.90282214167814  709.77216584432836  1    0
1084    802.63715849494395  715.65600370505501  1    0
1085    797.36409737698227  721.16741203812649  1    0
1086    796.74019174636669  712.64687378781662  1    0
1087    683.45350910535728  613.4006412218813  1    0
1088    686.38888956599897  613.11472879941414  1    0
1089    689.52776074118515  612.95860256893286  1    0
1090    627.4830125192608  189.91555204807196  1    0
1091    709.43766239227864  66.179471548965438  1    0
1092    788.84478637175494  69.328873064025046  1    0
1093    613.17597412390046  64.671286399822421  1    0
1094    534.69887188038911  73.97508746980516  1    0
1095    488.95989881281906  159.590661032361  1    0
1096    468.75  0  1    1
1097    380.29310023631154  124.80691258566061  1    0
1098    559.42438262180917  201.10459543120712  1    0
1099    887.99119961669953  733.66431549064146  1    0
1100    882.94886057783367  745.39406256529435  1    0
1101    881.29724961710963  747.45729657335721  1    0
1102    883.3875675161388  751.52421496332909  1    0
1103    884.55164078058647  747.43286895694086  1    0
1104    878.68215684990128  746.65153973228212  1    0
1105    875.02356892448529  749.05764812273617  1    0
1106    878.01399997436556  743.77138243323088  1    0
1107    875.28217473004429  745.71496737051405  1    0
1108    871.701218604318  747.11927130839001  1    0
1109    896.85182851830086  716.46252224885518  1    0
1110    593.98785877891396  388.09331700961894  1    0
1111    566.33693178714475  330.65374570741062  1    0
1112    1354.3502273428478  884.83403365503432  1    0
1113    1349.8715381605211  998.24798009914423  1    0
1114    1500  843.75  1    1
1115    913.69432900121501  749.75545488280511  1    0
1116    919.04567741196377  743.75291480081376  1    0
1117    925.07710368845937  738.25083268343337  1    0
1118    929.30912006205995  730.77389370394906  1    0
1119    936.6881695165622  721.32050244619381  1    0
1120    933.29392028734969  740.76051474886628  1    0
1121    936.97151076784007  751.90042263302291  1    0
1122    942.68463145173337  741.13959419174057  1    0
1123    947.27826016890128  732.50141342585118  1    0
1124    957.36644155861984  733.31723522952905  1    0
1125    967.67737408281118  722.22469244032823  1    0
1126    966.85412240658616  745.12163047773265  1    0
1127    983.3509597244813  750.11758676802447  1    0
1128    921.33701772891482  752.25679977318452  1    0
1129    923.28279010798292  760.36913604850258  1    0
1130    925.54696184258489  769.16521169923351  1    0
1131    934.62039269125171  770.89465084277833  1    0
1132    935.36107673331378  783.22259561435385  1    0
1133    955.44181641079649  792.24316913156883  1    0
1134    977.49523566645189  800.83228487060205  1    0
1135    1001.160536  829.23972100000003  1    0
1136    971.97499778675638  843.30222100000003  1    0
1137    969.62839226157303  885.48972100000003  1    0
1138    929.19523069699221  753.87583550151453  1    0
1139    940.44193542636538  763.81571977346243  1    0
1140    949.07851965910459  766.71983610679126  1    0
1141    956.41898818007883  778.44465501410139  1    0
1142    960.19726716003754  759.91180239895425  1    0
1143    970.42829869101706  786.37061211829916  1    0
1144    1001.160536  787.05222100000003  1    0
1145    985.94280443069863  780.02097100000003  1    0
1146    1014.6348880132448  780.02097100000003  1    0
1147    1015.2516659565674  795.26543482184309  1    0
1148    1032.3950980497971  807.93232796314589  1    0
1149    1001.160536  815.17722100000003  1    0
1150    980.71817348787931  822.20847100000003  1    0
1151    1017.0704122065845  822.20847100000003  1    0
1152    1017.1946909463919  843.44282611043184  1    0
1153    1038.5654914567849  851.32097757444706  1    0
1154    1067.281288546463  856.29183499399971  1    0
1155    1021.5241240302651  864.62352344484111  1    0
1156    1001.160536  885.48972100000003  1    0
1157    1028.1068299173692  899.55222100000003  1    0
1158    1032.98072419341  941.73972100000003  1    0
1159    1092.8592943406318  977.95140942033754  1    0
1160    1045.7456073915252  988.24464496312692  1    0
1161    1055.5504184126787  835.27784809910315  1    0
1162    1070.2917499557264  885.0884288948364  1    0
1163    1093.467179077365  903.80800404729314  1    0
1164    1090.6085780512051  940.8587616747393  1    0
1165    1131.1754920358283  957.01184166756354  1    0
1166    1139.1528213672807  1017.1352976219986  1    0
1167    1186.82450721141  967.3292788281658  1    0
1168    1126.9454867621362  902.26221520145975  1    0
1169    906.15419657767666  772.6070962440524  1    0
1170    910.29376411702094  784.78979990994867  1    0
1171    793.7707517850248  749.49494388651681  1    0
1172    785.07089780941385  755.35795799123093  1    0
1173    782.14869980759079  768.19520299360977  1    0
1174    843.58051231650302  691.06714814376005  1    0
1175    847.62359178030442  685.03847118198507  1    0
1176    848.83264527716426  725.31803574194112  1    0
1177    716.70852689627407  562.54014370892935  1    0
1178    727.70886075704004  557.4814451647519  1    0
1179    743.39650317364169  563.07335243133207  1    0
1180    759.04501564800455  569.74713577252805  1    0
1181    773.61204621305853  559.02895865382641  1    0
1182    796.0041992423744  558.22787743794015  1    0
1183    771.56114676765048  537.99777474893187  1    0
1184    746.69514139382864  672.0739424422942  1    0
1185    742.41180687110591  672.18915796201065  1    0
1186    738.20569364266976  676.23817063024285  1    0
1187    728.82473912867556  680.1998721071518  1    0
1188    732.1704695648383  690.15641835337328  1    0
1189    789.1644913326104  673.26216726174414  1    0
1190    717.99109264982826  655.35567204788106  1    0
1191    720.13555598659968  659.43549788230905  1    0
1192    722.24306957646388  664.58515982892629  1    0
1193    717.58539419203373  669.63104225052973  1    0
1194    713.68595192009411  656.08233602870121  1    0
1195    710.10872749415523  661.32075257635006  1    0
1196    702.91230180461275  658.87961327841754  1    0
1197    722.97143628439528  673.8814577642404  1    0
1198    711.20869553005707  672.17573500704384  1    0
1199    709.3195991682677  680.11553541252783  1    0
1200    717.85983910696791  687.94259379841924  1    0
1201    707.65341149909204  690.50627342179371  1    0
1202    703.27965704505095  674.10950444685363  1    0
1203    694.69630868843569  676.26192450104907  1    0
1204    691.42688140581549  686.80896944261485  1    0
1205    689.38730779099512  668.62310227019259  1    0
1206    721.98686379237768  680.6639755986065  1    0
1207    725.83429716943851  686.74517142292962  1    0
1208    798.50876382695117  728.540911342708  1    0
1209    928.88654819138856  793.52090062481841  1    0
1210    942.33743703949995  796.48281178085142  1    0
1211    944.73627229791521  810.05724666632057  1    0
1212    945.30102980535276  831.62103733141612  1    0
1213    933.35703371101613  821.14456074663235  1    0
1214    950.9882861497523  854.92977247148485  1    0
1215    928.68065459454147  876.96283030105747  1    0
1216    898.0963752567601  890.08919617397237  1    0
1217    890.97094971212277  931.64688898221607  1    0
1218    864.72713179798905  883.2066146031342  1    0
1219    920.20667741788884  801.9135968855968  1    0
1220    912.1795370806949  811.70159087217064  1    0
1221    903.66973521708576  821.19642865406092  1    0
1222    905.60247080675242  843.87718480231922  1    0
1223    890.74275054249711  833.72072566818963  1    0
1224    989.24228522432293  808.14597100000003  1    0
1225    726.54901108315926  545.61294400762597  1    0
1226    738.20037280282202  550.46523804527328  1    0
1227    748.6861492058847  541.99650232278646  1    0
1228    724.30807764264193  533.43112201107522  1    0
1229    735.53553599999998  519.86472100000003  1    0
1230    727.72303599999998  505.28158155025017  1    0
1231    744.2940355987472  504.77478931318222  1    0
1232    758.76728717227991  486.00632636293966  1    0
1233    768.43264605019863  454.30848460372266  1    0
1234    757.25410438738993  408.90490395323576  1    0
1235    766.78553599999998  519.86472100000003  1    0
1236    774.59803599999998  502.10984252389341  1    0
1237    798.25014780696131  501.92097558862918  1    0
1238    813.11273885128628  472.59464256111818  1    0
1239    815.8678718596899  431.27574762978071  1    0
1240    823.16091956648165  496.11641088987511  1    0
1241    844.91053599999998  519.86472100000003  1    0
1242    860.53553599999998  491.22827633617004  1    0
1243    748.6051110258868  675.73924887753344  1    0
1244    746.72820386684646  680.41794400677372  1    0
1245    751.4824844857767  686.20440793624232  1    0
1246    744.06510106232952  687.45234585411401  1    0
1247    680.31111012446866  669.97244537205609  1    0
1248    909.11350192876705  866.01980949480139  1    0
1249    886.09403838056892  741.83750464287073  1    0
1250    887.03114923949442  740.21438173205422  1    0
1251    886.09869324068131  743.52043598380681  1    0
1252    888.28670586080386  739.59691989967109  1    0
1253    885.91881461139155  740.70815658868719  1    0
1254    885.31090226735341  742.68114284576973  1    0
1255    889.31823004501086  740.76656241043292  1    0
1256    890.9019462068411  741.68274547725946  1    0
1257    893.71157678410623  742.64877916100011  1    0
1258    892.52837361520994  740.48306485290755  1    0
1259    895.07130168627737  740.49984617511768  1    0
1260    896.21451259319599  737.70869180714442  1    0
1261    896.52042950248983  742.92141893053565  1    0
1262    899.98127833760645  745.50506289307771  1    0
1263    906.15831986120861  745.65613796329796  1    0
1264    899.41403567329758  738.1540725262239  1    0
1265    901.79841048641765  735.16619238896351  1    0
1266    902.54677886261607  740.34464119071606  1    0
1267    906.82895677228828  741.31656159504189  1    0
1268    909.72394977653607  737.49440818346875  1    0
1269    916.182047723496  737.94677256731427  1    0
1270    887.30454858266694  739.18505103828966  1    0
1271    887.82936292265106  743.68590107524949  1    0
1272    884.2230056183314  742.26393656932851  1    0
1273    883.0123767985184  742.15092477309008  1    0
1274    881.81862088159471  743.45477230743813  1    0
1275    882.07490176113777  740.59913678574139  1    0
1276    881.0295664180527  741.94464028948391  1    0
1277    878.54590017930639  741.24703408752066  1    0
1278    882.99517412890327  739.65952655591491  1    0
1279    913.34668087718683  732.10025900530491  1    0
1280    911.72556211133792  725.60678881685862  1    0
1281    886.82674891266379  745.039029675145  1    0
1282    887.04013308092396  746.80339393968723  1    0
1283    889.04963561687066  747.87655447874499  1    0
1284    888.89176003223736  751.10869271285048  1    0
1285    891.00729157194382  746.13115983951138  1    0
1286    884.9842979111146  743.77707669368874  1    0
1287    883.90680545533655  744.51032728872735  1    0
1288    884.18551458787897  745.77350103444474  1    0
1289    885.56365313163451  746.33950120524253  1    0
1290    883.17350223683093  746.86686878614307  1    0
1291    883.01744933145619  749.20763405739456  1    0
1292    887.26398880506008  741.76080829123578  1    0
1293    888.04034698177736  742.45647499671566  1    0
1294    886.57187069028441  741.98473332143533  1    0
1295    886.57419812034061  742.82619899190342  1    0
1296    886.55589024000142  741.18757867958709  1    0
1297    887.57910650055021  742.19017754228594  1    0
1298    888.21570909538559  741.62014457055432  1    0
1299    887.42815249872513  742.98423190069877  1    0
1300    886.18030263367666  742.40655242288483  1    0
1301    886.95270215670257  743.72163119004426  1    0
1302    885.63635430916577  742.1979492846641  1    0
1303    885.03103989925933  742.14144338654512  1    0
1304    884.69598420047953  742.65759863225435  1    0
1305    884.10491098497005  742.88679443351566  1    0
1306    884.22091247518483  743.65166617237958  1    0
1307    883.52384548386397  742.57052425573784  1    0
1308    882.77922634615766  742.9566481838699  1    0
1309    882.82498640681661  744.10944647415408  1    0
1310    881.99543414740299  742.2932490910764  1    0
1311    884.1827091417066  741.2485899286122  1    0
1312    884.6605414514222  741.39581860717681  1    0
1313    885.10179483643708  740.81274522114666  1    0
1314    884.56296746949806  740.86347667751227  1    0
1315    883.87139813137549  740.56091452541864  1    0
1316    883.64642939779662  741.89957537255327  1    0
1317    884.28893657407446  741.75284698885582  1    0
1318    886.0170004555572  742.95451934684434  1    0
1319    885.46854323557704  743.32254647272214  1    0
1320    885.61373794817223  743.962449993571  1    0
1321    886.36565300680786  744.30037180967395  1    0
1322    899.80729443574694  731.97268843175334  1    0
1323    900.40934509050976  728.01694244883936  1    0
1324    904.39077046473005  723.93780119072085  1    0
1325    902.57291703033036  718.23192328464995  1    0
1326    906.95576931401456  713.62834112024552  1    0
1327    903.57742157216967  731.83952581973824  1    0
1328    881.24053501687286  750.67938735290977  1    0
1329    878.20748939532757  752.79483842013917  1    0
1330    881.32839460684568  753.60673453779202  1    0
1331    883.35824533437596  756.52703326980622  1    0
1332    875.96276831735906  755.94293146810003  1    0
1333    871.42021313244425  757.50228308934231  1    0
1334    867.21530012304868  762.91480902066371  1    0
1335    881.22503306028148  759.50743654392636  1    0
1336    881.31094684627158  763.59663194026905  1    0
1337    878.40488090145618  769.34897948748392  1    0
1338    871.80729680759259  773.61761314280056  1    0
1339    884.48881095298498  771.67853474407411  1    0
1340    888.06193719299972  781.44767819964261  1    0
1341    891.81494883384585  772.801891489387  1    0
1342    872.31564986558283  767.1704043279351  1    0
1343    865.9280526273277  778.71981105446048  1    0
1344    862.10421747154817  786.26719085298362  1    0
1345    867.88204231180941  796.49765648839241  1    0
1346    855.7163189718159  793.29912702064053  1    0
1347    858.5392533735004  776.26061043857453  1    0
1348    904.11794850527576  728.16743932401948  1    0
1349    907.76959799685108  726.4350593954041  1    0
1350    846.68444154874885  795.57240365335667  1    0
1351    842.29166977270461  805.98628231757698  1    0
1352    845.03392963579768  820.40321202620748  1    0
1353    838.93041207141812  841.38818758207458  1    0
1354    861.05578347797973  854.25546299474013  1    0
1355    831.92646290615573  800.53858431632546  1    0
1356    831.99399477533132  826.63986722896652  1    0
1357    744.64452417530492  740.71498690504973  1    0
1358    672.21330267684766  616.18924017078348  1    0
1359    671.27619183827983  617.81236318417746  1    0
1360    672.12826696199659  614.76718490233066  1    0
1361    670.74365216749754  619.1208063599338  1    0
1362    670.51077346027318  614.41821255164325  1    0
1363    672.3885266078662  617.31858838024402  1    0
1364    672.97030996663011  615.43040272638825  1    0
1365    669.51781534106828  618.23975415886071  1    0
1366    671.56916549658388  613.43558806720489  1    0
1367    672.48722746196086  612.11347774663295  1    0
1368    672.41814532644332  609.43187988101806  1    0
1369    671.04335219493998  616.26593670876423  1    0
1370    670.26030736534597  615.5664094604391  1    0
1371    671.73547033842385  616.04201158539172  1    0
1372    671.75145092877631  616.83916627400197  1    0
1373    671.69295248099832  615.33098395116531  1    0
1374    670.72474477414596  615.83455266282306  1    0
1375    670.08491586565742  616.40648227778809  1    0
1376    670.84368819596375  615.09225073351047  1    0
1377    669.55714251311463  617.24757075369223  1    0
1378    668.27936742839916  617.69379469281171  1    0
1379    671.35687754043181  614.41954679314301  1    0
1380    672.11397398331508  615.66259286319416  1    0
1381    672.62159920470936  615.83954247745555  1    0
1382    673.15496402480108  615.94095718232416  1    0
1383    673.74503892684766  616.66119517078346  1    0
1384    674.25995536296614  616.01359990993546  1    0
1385    675.08697862500003  617.07467049999991  1    0
1386    675.07940054159746  618.46007163029924  1    0
1387    675.82417996409526  616.04288007666832  1    0
1388    673.61901320149696  615.48445337984913  1    0
1389    673.371005799106  614.541162733639  1    0
1390    673.83760927036906  617.38432978900607  1    0
1391    674.21377924966316  618.20470174493687  1    0
1392    674.37134046871392  619.26539319382164  1    0
1393    674.3582181765596  620.67385386835497  1    0
1394    673.50467575043194  622.47912197894198  1    0
1395    673.07401453936472  621.17108833383611  1    0
1396    675.05120422802702  615.54014034942793  1    0
1397    672.74187151483932  619.17316555253251  1    0
1398    672.46569432180786  620.20548834357373  1    0
1399    673.29882722949503  617.08580828520985  1    0
1400    671.78399206161032  619.47000839803684  1    0
1401    672.18704272071091  622.18803075753021  1    0
1402    673.5501586726208  618.79886850509706  1    0
1403    675.81235212821059  590.36287910547833  1    0
1404    673.03752580113201  583.70906204886285  1    0
1405    669.04239727704589  572.29952105534517  1    0
1406    681.5965717086799  586.05988637793723  1    0
1407    657.52479331438258  565.83403943678184  1    0
1408    665.32428192015993  583.33374928039154  1    0
1409    686.36444014242943  580.16605464127986  1    0
1410    688.21811661779861  589.67667853558885  1    0
1411    188.20822597841817  452.69621160929518  1    0
1412    0  562.5  1    1
1413    881.42621449193211  733.80572346666247  1    0
1414    879.34349401642567  731.90079973482591  1    0
1415    881.8309669050933  731.50455014924387  1    0
1416    883.71498077716319  729.17543682209714  1    0
1417    881.95449508584454  726.3141382284357  1    0
1418    882.68740726887415  722.12999021860742  1    0
1419    877.72706619614485  729.36742651938243  1    0
1420    878.64598093452128  726.18652299344808  1    0
1421    886.77870295665321  728.57021792488365  1    0
1422    873.42431757812506  730.96619675  1    0
1423    886.83209038219059  721.69348507708469  1    0
1424    891.1632939068395  721.722804797756  1    0
1425    1409.3880934652084  438.37742287537782  1    0
1426    757.88658177979948  753.2501977883386  1    0
1427    764.99172754849474  761.55029028333763  1    0
1428    763.74137045880548  753.46245206699496  1    0
1429    760.37734464776747  758.30918751442994  1    0
1430    757.87490212195314  766.7772517242521  1    0
1431    757.21679122921205  776.44061176464868  1    0
1432    765.26032887917449  789.84326225480856  1    0
1433    1111.990569244713  680.68129932368674  1    0
1434    1155.4152822990643  692.93632300678621  1    0
1435    1185.673149264273  654.91760106847767  1    0
1436    951.87907035695957  692.42515839616851  1    0
1437    961.28588071853483  668.96165326359028  1    0
1438    811.13626610397898  328.29169009476158  1    0
1439    744.20897817597836  590.06261725846957  1    0
1440    746.03853760484367  576.50067922810877  1    0
1441    783.37923425241831  675.40541885469247  1    0
1442    989.41011567708199  794.08347100000003  1    0
1443    1240.4038795075166  956.5365941183835  1    0
1444    1287.0581711124694  998.59628348962258  1    0
1445    1266.3199246056392  1064.6831612401727  1    0
1446    1237.8668330376813  1155.8901960302635  1    0
1447    1347.7273680254928  1249.8284146845558  1    0
1448    1137.666731626241  871.4768297930259  1    0
1449    792.14928375899558  538.00385587024914  1    0
1450    762.06938216519359  363.66654674401485  1    0
1451    885.1404603793078  750.05629955492077  1    0
1452    885.74969452486027  752.56436417679538  1    0
1453    887.42067625742186  744.43109333137579  1    0
1454    888.54368749562525  744.56232332295031  1    0
1455    889.82497369428927  745.26903470849697  1    0
1456    887.66481843269639  745.26369836240485  1    0
1457    887.66199711081765  746.15912516728929  1    0
1458    888.60013772010314  746.82043448031413  1    0
1459    889.92012762568845  746.8823462128106  1    0
1460    891.25658599062444  747.65425337713941  1    0
1461    893.79807077379121  748.04596006590532  1    0
1462    892.71481854729393  746.63362659691438  1    0
1463    887.82085900973402  747.77582122419528  1    0
1464    888.31364865941771  749.30948730427406  1    0
1465    886.88079815674223  750.33614665067353  1    0
1466    896.48169839876164  747.35486720754784  1    0
1467    893.72653009508144  750.81622151560055  1    0
1468    892.34220411102319  744.74730995681796  1    0
1469    886.7889448813653  745.93868732765145  1    0
1470    885.95182928620977  745.45288824486704  1    0
1471    895.6725696488744  752.81698335958947  1    0
1472    889.90082026478888  749.21921856388894  1    0
1473    890.73707193733628  750.87999061792971  1    0
1474    890.160987661881  753.79069926733302  1    0
1475    898.78672149597389  748.80044780480352  1    0
1476    899.40105792302586  751.47104528792261  1    0
1477    902.61806915733575  752.87664760064297  1    0
1478    905.63535039976546  749.87787933083155  1    0
1479    909.64074849694646  748.23078702344856  1    0
1480    906.51253955423647  734.0440492197539  1    0
1481    878.80396087986185  799.90453060901802  1    0
1482    890.59200242079669  803.53650512601621  1    0
1483    881.68989785667895  811.01096414012568  1    0
1484    872.12987344614692  823.88427575464289  1    0
1485    869.08306289676693  839.9778707627745  1    0
1486    744.17924702781716  738.75769192492771  1    0
1487    745.8927210415643  736.16944686384466  1    0
1488    747.8560982020025  732.00130189497759  1    0
1489    749.64119153503771  726.0489585239485  1    0
1490    752.95657492167038  733.09138908112061  1    0
1491    759.2942807356452  735.22863026372579  1    0
1492    765.3205131274841  728.65437180691458  1    0
1493    762.8781152870697  741.6038144252741  1    0
1494    744.0199380961526  722.48307588763589  1    0
1495    737.67290636315511  726.03101442201671  1    0
1496    674.53259262904771  617.51313128777679  1    0
1497    675.18468964627721  617.76792626604106  1    0
1498    676.002740924553  618.24644913737598  1    0
1499    674.91510605694646  614.66107533071181  1    0
1500    675.44596695414941  613.95824970609749  1    0
1501    675.3523568146943  613.06242703574037  1    0
1502    674.25181774237592  612.36526851557335  1    0
1503    675.9062117963382  612.04353286560513  1    0
1504    673.53885491018354  611.05266503159203  1    0
1505    674.63381942412889  609.09768385397206  1    0
1506    676.14303074981922  610.84352244987212  1    0
1507    675.971487296585  606.84282299324229  1    0
1508    674.58271396622297  604.09949648263171  1    0
1509    675.26101513017807  600.56791538868492  1    0
1510    679.36739266075665  599.3744574041699  1    0
1511    671.93431865960099  598.21017419568625  1    0
1512    671.55575643143743  593.78171431558746  1    0
1513    676.34224977029146  614.04734644241785  1    0
1514    676.83391466490059  614.98455970114048  1    0
1515    678.72346527663524  615.0553195199534  1    0
1516    677.05698300672577  612.29479326866067  1    0
1517    678.46681326390171  612.02244725102048  1    0
1518    677.00157905681999  609.96145214031696  1    0
1519    676.10388548812614  608.74507491568568  1    0
1520    678.43185557586003  610.06479962273579  1    0
1521    679.4408623417961  608.48168962629995  1    0
1522    678.10688310528622  606.81398269180397  1    0
1523    681.43502945342641  609.00449681150542  1    0
1524    684.88317960794086  608.23856478829407  1    0
1525    677.04875184682555  613.52071731034994  1    0
1526    677.66663447551264  614.35908553245827  1    0
1527    679.30179681953621  613.14998918811784  1    0
1528    680.15847304519696  614.45045576098198  1    0
1529    682.22434665837034  615.23863445177904  1    0
1530    682.51236533795611  617.84528051014058  1    0
1531    679.85923482151179  611.86424921137336  1    0
1532    681.29391296897984  611.67046293328053  1    0
1533    682.62044623800421  612.22757896871485  1    0
1534    684.84208294974167  611.23787909617568  1    0
1535    682.02391747402407  613.53354576956269  1    0
1536    670.90802894056287  622.47537160142736  1    0
1537    669.89927944870692  624.20795306836567  1    0
1538    775.4388125987623  760.04807831790993  1    0
1539    1271.464213843027  1366.6556096779439  1    0
1540    1134.5699539013804  1363.4018996611969  1    0
1541    937.5  1500  1    1
1542    909.82278340765913  732.69656342486996  1    0
1543    910.50059243959311  729.07825167012459  1    0
1544    914.21051026719965  728.43550658254071  1    0
1545    917.08812674117326  723.40176525612469  1    0
1546    923.80215310506344  725.12108610348025  1    0
1547    928.92399284269754  718.74132477813248  1    0
1548    914.40299113892695  717.48506513107452  1    0
1549    918.95014590284961  712.03067160298167  1    0
1550    918.10439064411412  702.94948108397057  1    0
1551    924.16307516208246  692.97908799539516  1    0
1552    923.21175862739392  676.59030040779737  1    0
1553    936.05820762597841  660.90631428323195  1    0
1554    938.07405533891108  695.35311876965386  1    0
1555    916.96917061081058  731.01994246165884  1    0
1556    919.18333076524084  727.24449873700155  1    0
1557    918.55580987167957  734.70837549128612  1    0
1558    920.60893885774567  738.70251850336376  1    0
1559    922.64201789013634  734.95983228196212  1    0
1560    925.04410587151028  731.38328659260321  1    0
1561    927.70895402734459  734.80433460603081  1    0
1562    932.67955513162963  734.44489364710955  1    0
1563    929.39495552039773  738.81994578350691  1    0
1564    929.68034891853142  743.13369521834352  1    0
1565    934.50250428675793  746.53851878292937  1    0
1566    940.65079669993452  746.95680847957817  1    0
1567    946.9980204748266  745.91180165285459  1    0
1568    955.32672505837672  751.28161855292444  1    0
1569    943.31871164455276  752.78336653282167  1    0
1570    923.22751791208805  742.28019185190692  1    0
1571    934.11540024064493  729.74386952628856  1    0
1572    940.43364675387863  727.0690796666745  1    0
1573    945.25205293691795  719.83518526440298  1    0
1574    930.52364188413389  724.71257256574074  1    0
1575    953.27629732763921  714.99150815228927  1    0
1576    950.16925857600847  706.10188210819263  1    0
1577    743.74873453721546  736.86361161780519  1    0
1578    675.19406230140794  610.13862241668005  1    0
1579    688.10684591564416  607.03549730763109  1    0
1580    689.46699822584833  602.87147236281112  1    0
1581    939.40610540601347  757.65437056682776  1    0
1582    922.37057125630793  746.52045795179083  1    0
1583    918.08736450969593  748.2852364557142  1    0
1584    914.61211699850548  745.19948128304202  1    0
1585    803.87528588288558  699.28021615900184  1    0
1586    798.2568064504012  698.09653794551741  1    0
1587    756.01236893414239  632.9552683774042  1    0
1588    1300.8089713187339  650.69257351468605  1    0
1589    790.04040780013122  630.76244818100497  1    0
1590    801.11622600951409  635.33992155395026  1    0
1591    814.98804720959094  634.58083354473695  1    0
1592    689.77694747089015  472.65214145656665  1    0
1593    702.82813009647873  448.11022296831658  1    0
1594    703.08645168596536  463.98880914862201  1    0
1595    724.853395566676  470.30364844176569  1    0
1596    717.25669566175134  455.81688546232607  1    0
1597    720.28929190002896  432.77914515269572  1    0
1598    720.45851221979558  406.76902930648055  1    0
1599    743.43013025876064  428.05473838036329  1    0
1600    697.17116257197722  394.25152110805402  1    0
1601    695.20718639154688  365.02762687957329  1    0
1602    718.10860715254808  339.16610086387936  1    0
1603    702.03319860174838  298.45892135447571  1    0
1604    654.22827746809764  300.36326222926385  1    0
1605    599.1344282222359  272.71605903101903  1    0
1606    767.08100861547382  430.56337212639727  1    0
1607    791.8343138356646  406.27370396153907  1    0
1608    791.32587063112021  441.09431327466899  1    0
1609    675.01453911857209  408.57350807012801  1    0
1610    647.77448822643407  413.77860526343937  1    0
1611    626.1593065105867  389.88321446435191  1    0
1612    629.8374849712892  435.21288860472583  1    0
1613    610.62385243195195  413.95787130879432  1    0
1614    581.39971759495063  420.35163377371248  1    0
1615    567.55958058322904  449.09067614954307  1    0
1616    533.54634961718909  450.44189166319171  1    0
1617    511.18129989945686  416.5137045056382  1    0
1618    621.49633774734559  461.35249856773373  1    0
1619    565.45587050867505  395.54458778152082  1    0
1620    572.24405752225664  363.18535262311531  1    0
1621    534.26358160625796  395.53354053532155  1    0
1622    541.50439491796385  351.96498037493456  1    0
1623    513.87751669945021  310.40095025654881  1    0
1624    488.35441880018976  268.03116656156192  1    0
1625    511.75327100522213  221.6804091812794  1    0
1626    667.13916319130749  361.21167451755116  1    0
1627    654.83314639832668  335.04856838400622  1    0
1628    632.07333541360481  318.09754423591602  1    0
1629    599.88632173680537  327.94191924526552  1    0
1630    626.02869904356112  287.84023378025608  1    0
1631    626.07220841119499  256.28866861676801  1    0
1632    591.6079134830785  230.07391316163373  1    0
1633    638.10522160847904  223.34288613385354  1    0
1634    661.75307473398652  197.42692666200591  1    0
1635    677.06459355678714  161.59502765171172  1    0
1636    681.18217271661854  226.725951849843  1    0
1637    716.74751108837131  224.70484536757311  1    0
1638    699.3339137162842  129.52467147103303  1    0
1639    580.79065098603746  300.58385595254094  1    0
1640    546.94239700228422  302.82267280122443  1    0
1641    682.60270423725228  94.377604548869471  1    0
1642    663.10445162074132  48.954042818888595  1    0
1643    643.11710045141331  90.677659703848704  1    0
1644    620.798841179384  123.53471779218116  1    0
1645    726.16887187131056  101.326538471129  1    0
1646    769.44916806175127  108.71994407088408  1    0
1647    786.12859773911907  158.8798061656129  1    0
1648    749.09752975221363  68.855862538568459  1    0
1649    590.922975952927  97.478369331929343  1    0
1650    552.6277086606849  110.0868223530036  1    0
1651    503.14908516728781  112.14554018206492  1    0
1652    441.84259688786176  119.65520730125969  1    0
1653    539.0104525190593  156.86633368103853  1    0
1654    477.36166278279967  58.706982813144037  1    0
1655    405.95976119835495  61.20268414684454  1    0
1656    281.25  0  1    1
1657    326.2282333932273  66.008899008060979  1    0
1658    244.32695807711627  73.487687021094047  1    0
1659    132.44999967538044  152.53772833952394  1    0
1660    572.99413917263121  61.366634448730906  1    0
1661    609.375  0  1    1
1662    813.01183487946548  105.69899589294771  1    0
1663    840.8273252814754  61.002024493091668  1    0
1664    910.39660025157809  67.127625838603649  1    0
1665    829.60868142454069  147.4740358042099  1    0
1666    884.31978101748086  159.94450979109305  1    0
1667    796.875  0  1    1
1668    515.625  0  1    1
1669    939.43645698225726  153.6946702022754  1    0
1670    995.35738546741709  155.20374281507298  1    0
1671    1026.9664978700414  105.69091461842866  1    0
1672    1031.25  0  1    1
1673    1093.0802034305136  68.703720349143325  1    0
1674    1218.75  0  1    1
1675    1185.8200571245161  133.0594909731868  1    0
1676    997.04942104404915  51.546158707714582  1    0
1677    769.38058743167812  34.687860186822029  1    0
1678    543.05864293302079  34.905217082168903  1    0
1679    703.125  0  1    1
1680    1166.9479490326808  61.255886575990488  1    0
1681    1248.9630812117107  78.081763279860411  1    0
1682    730.5720585770157  33.612690948787083  1    0
1683    95.456437488396162  280.75834771778813  1    0
1684    850.86548787464676  706.92730483656726  1    0
1685    854.04780112814728  708.66133414697026  1    0
1686    969.91053599999998  519.86472100000003  1    0
1687    870.81888415634967  713.68875960802529  1    0
1688    733.54365276017995  635.72148327412674  1    0
1689    787.9223793735473  663.49244113415932  1    0
1690    780.22996216801209  780.62250896389674  1    0
1691    854.36475362661042  686.72250208540595  1    0
1692    861.86130341980083  683.80872716486874  1    0
1693    862.82975040564566  674.58564405945731  1    0
1694    677.1495133167316  678.18827554875259  1    0
1695    681.36851619244362  687.33412219714398  1    0
1696    673.47784552561666  698.71564899009081  1    0
1697    880.19396715770256  743.34245593080402  1    0
1698    877.75973177595642  758.95666427225672  1    0
1699    874.05576434100715  760.55803948795415  1    0
1700    822.89108633205706  807.13295542321589  1    0
1701    823.30129614068664  818.64769274381638  1    0
1702    893.00660624129228  718.01021843681144  1    0
1703    896.34901779813265  720.7638379685701  1    0
1704    890.89581553648168  714.35898893373314  1    0
1705    886.64694147861121  711.46273893439377  1    0
1706    894.75937392122989  712.90337501506997  1    0
1707    896.60444850721569  707.60430256191648  1    0
1708    901.55625633776674  703.06050547773907  1    0
1709    909.80801769960692  701.8961317902648  1    0
1710    898.97948937266085  712.81699130570382  1    0
1711    888.10045927142687  706.7081052607582  1    0
1712    888.8986333930535  743.54371117011965  1    0
1713    889.87784947759587  743.16575396953488  1    0
1714    890.06435634670925  744.22274769999046  1    0
1715    891.16377846540558  744.65656042911337  1    0
1716    895.32892232563324  755.47195085397652  1    0
1717    893.16816293255488  757.50286250574834  1    0
1718    894.13004030707737  760.46469670555871  1    0
1719    898.13664603305028  762.00803400368511  1    0
1720    891.33733012727771  762.03132728906394  1    0
1721    887.98411528949293  761.2146170659488  1    0
1722    891.34655025278744  765.32765508841214  1    0
1723    890.82248120457314  769.11229276712788  1    0
1724    894.38294643170639  767.07234941907927  1    0
1725    894.91333886308826  770.75033593704927  1    0
1726    899.75836862057531  773.35693797624936  1    0
1727    895.63778975097364  775.20991875268044  1    0
1728    893.55407314165814  780.39858672225876  1    0
1729    899.65548231349976  791.01443784558023  1    0
1730    891.99586996229414  787.14176551937851  1    0
1731    897.83406801337958  784.93922419562796  1    0
1732    904.03985471309261  782.85816392978575  1    0
1733    893.40503476843367  793.86579683704599  1    0
1734    899.78605869679552  799.57713802237606  1    0
1735    904.01220166433609  807.65368558928037  1    0
1736    888.22085406369047  771.79038781968097  1    0
1737    886.20938984371594  776.58724062262877  1    0
1738    882.19104737597149  780.90209127455557  1    0
1739    875.66842995263926  781.08721987141882  1    0
1740    878.13088989181404  789.71245326989629  1    0
1741    884.65143354524696  786.28684286227178  1    0
1742    908.81159632123001  778.49878172396529  1    0
1743    916.09188938380703  780.10364907228256  1    0
1744    917.19448475802722  787.39793396062021  1    0
1745    911.33187700595647  792.47630177905603  1    0
1746    882.99650839834226  821.96768935770797  1    0
1747    879.3094666457032  832.82699241571163  1    0
1748    884.07364529983511  845.45846022403146  1    0
1749    874.68626575972758  855.40812233700387  1    0
1750    877.96314049649243  872.265334978684  1    0
1751    880.87264462244207  889.26170024362705  1    0
1752    863.44880586106967  911.16824241484619  1    0
1753    842.66053599999998  969.86472100000003  1    0
1754    888.51590571403142  909.83624617854082  1    0
1755    840.81063393566706  936.18006576947266  1    0
1756    857.91053599999998  999.12148909271514  1    0
1757    905.16053599999998  1005.1475139026271  1    0
1758    878.19858943120732  1028.2994660222287  1    0
1759    860.53064693276747  1073.9319987609172  1    0
1760    906.50142482854176  1116.5122305861407  1    0
1761    937.29920654407715  1187.0965063432807  1    0
1762    1025.775597191865  1225.7612206693925  1    0
1763    849.5020018630704  1225.4438101742164  1    0
1764    1022.6324638171142  1340.0627452722761  1    0
1765    853.22962473421705  1335.6951572752641  1    0
1766    807.52200615532104  923.20248577828681  1    0
1767    752.04968834268129  1214.6716982609605  1    0
1768    660.15413503846924  1257.5457327873676  1    0
1769    572.72662815444107  1363.2256353153875  1    0
1770    824.8159297830997  1000.4739195690528  1    0
1771    781.66053599999998  1000.3957563911684  1    0
1772    733.63136140273195  1017.8760926244645  1    0
1773    688.66053599999998  969.86472100000003  1    0
1774    730.37834305812271  1072.4300916273717  1    0
1775    808.00435279293788  1030.882703943817  1    0
1776    819.30395652961761  1070.6650134542647  1    0
1777    783.04490058359488  1100.4308827872123  1    0
1778    755.74612952533221  1151.9539330168036  1    0
1779    781.66053599999998  969.86472100000003  1    0
1780    766.41053599999998  944.66209319646452  1    0
1781    723.92870214060224  936.17168918295818  1    0
1782    773.89266656894836  728.16895077666459  1    0
1783    678.62408620781605  614.05595765978239  1    0
1784    924.74663537745073  749.90985057378146  1    0
1785    928.87370483063592  749.7585278930926  1    0
1786    932.73785121242884  751.52797970293966  1    0
1787    933.83344266614927  757.02770343042403  1    0
1788    925.06816124380691  754.02715818220349  1    0
1789    927.28281137718875  758.07291325099129  1    0
1790    921.61943443789619  756.4785794434838  1    0
1791    919.04099489702367  759.88180802117336  1    0
1792    913.70150818718821  764.57406901287095  1    0
1793    920.51323805129323  765.77148291541391  1    0
1794    819.77697150453173  620.19773045119837  1    0
1795    811.73642844004257  606.94135390793224  1    0
1796    823.91885117873539  584.53554508298112  1    0
1797    828.83112003207577  605.6393632810674  1    0
1798    839.48187714793369  592.03660459243156  1    0
1799    859.91779645120118  593.2938661465846  1    0
1800    839.3148637760811  572.48768594793364  1    0
1801    837.89988312225216  551.28923509988624  1    0
1802    857.71355191438192  539.21528815671945  1    0
1803    821.15279510701146  539.14634128258638  1    0
1804    730.97250875849352  193.55296385060194  1    0
1805    712.37449663108055  163.58191859299058  1    0
1806    748.53509219164664  237.44611564824334  1    0
1807    782.84234654350871  234.28821563170419  1    0
1808    802.1911466643694  199.20754704818896  1    0
1809    821.07180251852765  246.26895309805192  1    0
1810    873.92195875314428  252.54227772481067  1    0
1811    824.92709757365912  288.34907240308877  1    0
1812    754.33209457727776  270.33980385217575  1    0
1813    772.70310463317332  298.56847296947438  1    0
1814    778.43755471833003  330.86294897938296  1    0
1815    797.23648706397626  360.72859740594282  1    0
1816    832.80850389513671  356.77522320022939  1    0
1817    884.06620322548372  378.23407510721671  1    0
1818    415.25347207508031  172.23838881332401  1    0
1819    335.29089996998357  212.350756105588  1    0
1820    248.17161805345469  241.01975725516809  1    0
1821    856.38865275693854  668.47475000503709  1    0
1822    865.73950415754484  659.95268801098064  1    0
1823    859.14340241114462  647.7483455568489  1    0
1824    847.81124384082864  667.12466331892097  1    0
1825    839.37114692034254  658.15112460039427  1    0
1826    902.92151894178107  713.67597188265211  1    0
1827    886.36986203175115  758.31885568417647  1    0
1828    905.58499900956622  788.94528793804091  1    0
1829    904.35985652787781  794.96504124290482  1    0
1830    918.40393859321171  794.71732267680727  1    0
1831    894.43185962969028  873.59920998754308  1    0
1832    907.68882953110813  918.72160184973654  1    0
1833    931.53329757997688  939.04423592698947  1    0
1834    969.16053599999998  969.86472100000003  1    0
1835    958.95737592205796  918.22548153335231  1    0
1836    985.16053599999998  1000.007713198271  1    0
1837    1014.4925256280571  1034.8951529210517  1    0
1838    1031.6159676796396  1090.2250589091482  1    0
1839    987.53227959989033  1073.5534075219657  1    0
1840    905.16053599999998  969.86472100000003  1    0
1841    1001.160536  937.86472100000003  1    0
1842    950.96366133335891  1001.1738215406364  1    0
1843    933.56410655576053  1032.3024461658658  1    0
1844    943.63450183058922  1075.0559206175892  1    0
1845    910.47606437301056  939.60097813729317  1    0
1846    893.92602266590802  952.29280784408286  1    0
1847    870.08214887855036  945.171166741658  1    0
1848    981.13176460936995  925.73972100000003  1    0
1849    962.46127234752168  944.36078023156586  1    0
1850    921.16053599999998  969.86472100000003  1    0
1851    929.16053599999998  992.08886712581443  1    0
1852    913.16053599999998  985.29642008842598  1    0
1853    890.01452935519592  987.50611745131357  1    0
1854    929.16053599999998  955.40141363252781  1    0
1855    947.42318531127228  954.74405606930736  1    0
1856    913.16053599999998  955.99558132769243  1    0
1857    837.22708626448946  1106.2468314758412  1    0
1858    865.44264156964334  1154.7147249169416  1    0
1859    918.03134107868891  754.59826959954444  1    0
1860    914.02464567070513  753.82306387419442  1    0
1861    911.26948364877944  756.96586571977696  1    0
1862    907.71065319094487  759.2781762974206  1    0
1863    911.42980352624193  761.10742809165163  1    0
1864    909.58751974212544  764.79233391867012  1    0
1865    911.8900678807106  769.31154961723496  1    0
1866    905.93416204726236  767.84885060856425  1    0
1867    912.64605599712559  774.67425274762934  1    0
1868    901.6788461171958  765.55306874989526  1    0
1869    757.21824595277746  174.09702626850466  1    0
1870    910.51363476101676  752.06096466814279  1    0
1871    265.73849338514759  745.59690282847646  1    0
1872    185.22645298215582  675.64170153345151  1    0
1873    110.54249537213167  589.71850026827531  1    0
1874    0  468.75  1    1
1875    90.790446613972975  421.875  1    0
1876    389.74447371162347  651.51109312986444  1    0
1877    320.99691775085427  614.31188107614946  1    0
1878    272.63118150204628  671.22630072445054  1    0
1879    749.52489862116477  756.93381873291844  1    0
1880    751.25619676241831  763.56788296389675  1    0
1881    820.02030460718481  755.44683976010924  1    0
1882    810.81766733692689  756.50885255286255  1    0
1883    823.19155951035736  710.35469892076935  1    0
1884    716.81046666392251  610.03549210585379  1    0
1885    718.9382765119633  617.06826939462371  1    0
1886    788.91342537384799  696.06056893874074  1    0
1887    783.84474728393548  697.4746748084018  1    0
1888    783.26966642079992  703.93874366375121  1    0
1889    779.78293474735346  694.42045141948427  1    0
1890    778.56896371256653  700.26292634413028  1    0
1891    773.80875424005137  704.41986946021916  1    0
1892    772.60568233377762  710.75551533100031  1    0
1893    777.5719243138002  714.81237853172934  1    0
1894    783.69161199235248  712.59752332992036  1    0
1895    787.57386508807906  718.24276410664186  1    0
1896    774.50218720114049  720.56641048953986  1    0
1897    768.36354180222395  722.85327691986845  1    0
1898    760.47778491421786  722.41539033469962  1    0
1899    716.55174584684596  625.99284849475055  1    0
1900    720.63069799550681  622.71155809405116  1    0
1901    546.1555640539683  885.48972100000003  1    0
1902    624.41071690160493  661.09535082205218  1    0
1903    1132.526286234526  758.23220875028051  1    0
1904    1162.511078552847  769.83407892982109  1    0
1905    1197.4365347177013  748.92204335250301  1    0
1906    1195.1822221080292  794.11775861612182  1    0
1907    1234.7778810152756  732.80281717536161  1    0
1908    1265.0653068456752  704.37551199667848  1    0
1909    1255.9030045494128  659.53392835464638  1    0
1910    1268.4232065647886  757.16327513126282  1    0
1911    1310.0519640736704  771.16769733669594  1    0
1912    1350.9910580937944  737.49377976353776  1    0
1913    1426.0483405400607  737.16025906027426  1    0
1914    1500  656.25  1    1
1915    1264.2118098480516  800.88216613658869  1    0
1916    1347.849635305045  796.87099422288361  1    0
1917    1273.1891579065182  843.07046869238457  1    0
1918    1315.9858376952925  859.6455138509358  1    0
1919    1360.0719297277658  840.18947066801752  1    0
1920    1422.0929380118366  870.82709148319725  1    0
1921    1401.8005103684156  943.50323819570906  1    0
1922    1500  1031.25  1    1
1923    1413.8882305785614  1078.125  1    0
1924    1415.6588977708102  1177.405553471242  1    0
1925    1248.1126008681915  877.31025232747436  1    0
1926    1128.6310971069586  726.85668668244671  1    0
1927    758.97303599999998  507.20250546536516  1    0
1928    854.49254890898544  423.59828633149328  1    0
1929    668.4576328693239  618.96703943989496  1    0
1930    667.7494539963576  620.94867573136867  1    0
1931    664.9435619374002  621.05690167211981  1    0
1932    664.42797060961323  623.73969786103248  1    0
1933    661.84783303564564  621.85289353246617  1    0
1934    658.66559594621708  622.88373488083823  1    0
1935    654.6957801940141  624.17409542982011  1    0
1936    659.54686072171455  619.64285695641126  1    0
1937    657.3254049414943  617.20606501126394  1    0
1938    655.33803315359694  612.89280370239635  1    0
1939    647.67674603341879  607.902825330057  1    0
1940    636.43199034656493  609.74811543923795  1    0
1941    653.62586944622262  617.89030868833152  1    0
1942    649.89627896927357  613.82048788017005  1    0
1943    642.91034606085748  616.90748362062538  1    0
1944    652.17838937596105  609.36760524328736  1    0
1945    651.34790247520664  604.27016323610348  1    0
1946    656.59497923868969  602.97683008924844  1    0
1947    657.92795229441754  597.61538455575487  1    0
1948    653.75311634679338  593.55365061937823  1    0
1949    653.27255686560511  586.65761967107369  1    0
1950    650.3527279145402  578.55363184564442  1    0
1951    639.8351083219743  577.93423815605342  1    0
1952    647.24873988078616  595.27408871649322  1    0
1953    638.78414048256434  592.07497119478899  1    0
1954    632.30371804624201  600.20557831094459  1    0
1955    620.97366576596528  596.89449253924181  1    0
1956    603.9334449202471  597.32717639168743  1    0
1957    589.98575005647729  608.61153301984154  1    0
1958    596.82206307239471  580.8558939662588  1    0
1959    662.85281918851047  595.07073817420258  1    0
1960    647.76693100313923  600.66115537140365  1    0
1961    572.55064547129678  606.36824916098453  1    0
1962    561.73303081234121  587.65966900779938  1    0
1963    535.8861941026023  580.13538556926289  1    0
1964    501.16053599999998  604.23972100000003  1    0
1965    462.18745542600925  618.30222100000003  1    0
1966    474.06282269290313  590.17722100000003  1    0
1967    475.3638950945242  559.54512148491358  1    0
1968    471.35811591196608  528.71539032056228  1    0
1969    434.6475880975504  507.32835197672068  1    0
1970    372.0434496366646  480.61659727173776  1    0
1971    291.52819077315473  503.43273055165633  1    0
1972    404.66542140871786  538.60718340260178  1    0
1973    524.51616954097562  618.30222100000003  1    0
1974    594.07338224952502  625.26528283444168  1    0
1975    391.18073572242787  577.85560703436556  1    0
1976    351.519742073305  587.28756795835989  1    0
1977    300.49401070755556  560.40543115136188  1    0
1978    358.90553176499611  626.37878588094975  1    0
1979    329.68769478844797  652.58858080082166  1    0
1980    308.14352567551225  683.28815066689651  1    0
1981    319.4442291160222  736.56301589659233  1    0
1982    279.48156614538738  709.36590546041771  1    0
1983    226.14527227456622  709.85648102972857  1    0
1984    175.94501130264553  728.31736145360196  1    0
1985    0  656.25  1    1
1986    90.502530072774817  686.10688770358286  1    0
1987    110.25071330834331  753.71420924018446  1    0
1988    97.622336620571431  871.10049197814465  1    0
1989    115.5687023231758  1002.4489620190244  1    0
1990    372.80446228543718  734.37347520504386  1    0
1991    300.05105788638428  785.4272596083191  1    0
1992    236.8208761050833  805.20325592236418  1    0
1993    179.31585984970252  863.69926443721568  1    0
1994    321.08719746891484  834.56141994235418  1    0
1995    374.51057621659777  865.02870965469845  1    0
1996    369.6970510571121  935.75152205769689  1    0
1997    265.83328205901688  857.54265394160723  1    0
1998    253.14376115777  938.13175278736128  1    0
1999    423.63111940956645  986.32550483671332  1    0
2000    294.17535061498199  640.52673085837569  1    0
2001    241.9973527755632  626.81891003553471  1    0
2002    279.89863922855454  599.09101071049974  1    0
2003    185.57104723874136  618.62453792841973  1    0
2004    164.48326900184463  561.53487865346881  1    0
2005    101.00639766587528  505.75674710628692  1    0
2006    207.57413383952238  513.92279610852245  1    0
2007    134.10248430266779  646.82310082673178  1    0
2008    193.02348333404618  988.82968244799065  1    0
2009    203.55673678828094  1066.6224328633234  1    0
2010    232.88437934851052  1138.7601390247564  1    0
2011    181.83337068426701  1230.332739255907  1    0
2012    116.66105556183174  1328.3877907365477  1    0
2013    0  1218.75  1    1
2014    259.13261066089035  1213.4098919667874  1    0
2015    340.88832235721026  1229.6584562735622  1    0
2016    407.10223245472014  1157.8144094570075  1    0
2017    331.48559330087778  1326.6667317280178  1    0
2018    434.55314209804482  1392.920830659853  1    0
2019    281.25  1500  1    1
2020    234.375  1416.7295470299075  1    0
2021    328.125  1419.6390568010656  1    0
2022    140.76688562994232  1418.8639970537302  1    0
2023    0  1406.25  1    1
2024    93.75  1500  1    1
2025    143.06935122224746  931.79124509762482  1    0
2026    76.723781039724472  1171.875  1    0
2027    78.298677644503485  1083.0700053700041  1    0
2028    0  1031.25  1    1
2029    71.939352692088662  944.78739398903952  1    0
2030    884.89513211482426  718.22749416866645  1    0
2031    768.09044501128074  756.93066730351882  1    0
2032    773.16983078911744  755.17702783402478  1    0
2033    777.24147208509351  746.93744998024943  1    0
2034    779.11880711831839  755.36991981095502  1    0
2035    782.10705237922878  761.43450377642273  1    0
2036    782.0846442342812  750.28441841955373  1    0
2037    770.35942682092559  761.80171778740384  1    0
2038    775.06346062610191  767.19387332361362  1    0
2039    767.40445838064636  767.46409079509317  1    0
2040    763.1240357006559  772.87551065209527  1    0
2041    766.07785765431618  781.12197400705406  1    0
2042    777.7325984597112  773.87514715823647  1    0
2043    785.04564376762687  775.00425875537519  1    0
2044    789.22462878741908  783.45927977420411  1    0
2045    790.13049200561375  768.82009986444712  1    0
2046    798.6871846494771  768.40642748064943  1    0
2047    806.00623797759511  773.61996686396412  1    0
2048    804.14184161876449  782.6264874780918  1    0
2049    773.34200663855529  786.20187282042502  1    0
2050    811.12233904913501  788.43161403684439  1    0
2051    821.15479774046366  785.69308588439367  1    0
2052    811.0613450654314  798.83094303293524  1    0
2053    800.91115318166703  803.21854270242352  1    0
2054    796.04811188202416  815.40320275794841  1    0
2055    791.84826227841472  795.91128720401878  1    0
2056    822.52717523660578  775.0952593353112  1    0
2057    831.77968132221406  781.68119510145436  1    0
2058    830.34839473813895  767.31203497954937  1    0
2059    783.82908251717708  804.37868497383943  1    0
2060    770.05207254749996  806.58847667045666  1    0
2061    765.38540863555136  822.88097429148843  1    0
2062    757.19265091863565  841.19900409268894  1    0
2063    739.54185642256277  857.03362171954041  1    0
2064    706.66344533681036  853.09768057477288  1    0
2065    754.04051254083242  878.08438999980524  1    0
2066    741.17117927467552  907.81718966460574  1    0
2067    839.68683693368098  761.88368630307355  1    0
2068    787.73794127641509  750.37253808246521  1    0
2069    791.43433050579665  755.55609282397734  1    0
2070    797.7535492372142  756.72874967853818  1    0
2071    804.14476272072738  758.42058141649909  1    0
2072    773.45143963550447  779.29555740811747  1    0
2073    677.41708586594746  840.9689739391813  1    0
2074    646.63128211898049  823.43940747186502  1    0
2075    608.03922673453462  846.21069593621951  1    0
2076    680.71235637354982  874.34869692369796  1    0
2077    645.05481749147123  905.62566232825282  1    0
2078    1148.7066268764743  1172.4965358574641  1    0
2079    1112.2068875132586  1256.7480775012666  1    0
2080    670.46877471965286  621.31226593889824  1    0
2081    669.22552381784556  621.00445191279061  1    0
2082    1400.0658139919419  1400.0658139919419  1    0
2083    934.87026647817856  713.81703407063765  1    0
2084    935.22995745918411  705.6130154842607  1    0
2085    942.8177574903824  702.24691278427895  1    0
2086    949.32643249598311  752.06219093287882  1    0
2087    674.07577788100605  610.06926029702993  1    0
2088    673.49999696004443  609.09250210708728  1    0
2089    672.58270163638406  608.06241894911921  1    0
2090    670.70885785239818  605.97595718375078  1    0
2091    670.68053209866719  608.52846876236652  1    0
2092    669.20903492802029  610.23152433378448  1    0
2093    674.07209459944977  607.96025075320711  1    0
2094    671.91045938152013  606.78148023923484  1    0
2095    672.46240964474066  604.65915601462268  1    0
2096    674.65841155482747  606.78386816080956  1    0
2097    673.86363243302765  605.46302727964837  1    0
2098    675.37604851855588  605.45251164104843  1    0
2099    677.02219169040427  605.57016803380213  1    0
2100    679.06645669935085  604.88229905352091  1    0
2101    680.4401037643421  602.19520995661401  1    0
2102    683.67622818194673  599.35018775665799  1    0
2103    676.20281918817113  604.05864654445668  1    0
2104    675.35083572327642  602.41609726113461  1    0
2105    677.03381146504887  601.4080320412736  1    0
2106    677.05382363411979  599.07528585491116  1    0
2107    678.50461779737805  596.9512208719118  1    0
2108    677.38575635011694  593.56417761270666  1    0
2109    681.50989257046967  597.24642620444206  1    0
2110    685.3206219279258  595.489617128909  1    0
2111    670.41311114812458  603.75613703503689  1    0
2112    668.95427536124976  600.37969560142915  1    0
2113    668.44001493394967  605.14862394764111  1    0
2114    665.89883219764192  605.83822796979734  1    0
2115    662.89705342147624  604.07383011909951  1    0
2116    660.13388936108754  606.62384458186193  1    0
2117    660.16450703789542  610.71453028138114  1    0
2118    666.21549534233145  608.42406479904162  1    0
2119    679.28943402525442  590.64123526321009  1    0
2120    677.82853234001323  587.03393036391253  1    0
2121    683.05747339392121  589.66719127723479  1    0
2122    685.64358877960854  586.52038172625726  1    0
2123    678.87091126026064  583.29106409796338  1    0
2124    682.44024090535493  581.30308457126228  1    0
2125    682.98900136985878  575.8567521594855  1    0
2126    676.44510255193109  572.39460336247123  1    0
2127    688.47743236085103  575.03433939336856  1    0
2128    689.61582762168871  585.90845007773203  1    0
2129    694.24155328443896  589.53202832764009  1    0
2130    672.82456511582643  566.05513329681207  1    0
2131    678.07582953095653  559.02569432777352  1    0
2132    665.51023119303363  565.89251487138051  1    0
2133    661.56632547248  559.19731684381622  1    0
2134    666.04964606349483  549.03447747400958  1    0
2135    657.83890525076458  541.29439030008154  1    0
2136    680.16801781344168  566.06480928190183  1    0
2137    661.70878373308142  572.16538325599197  1    0
2138    660.18351380476258  530.52840654914871  1    0
2139    673.03553599999998  519.86472100000003  1    0
2140    673.75762836132401  601.56725268609318  1    0
2141    672.19960551770214  600.23977137279417  1    0
2142    673.88210092495058  598.98771758683927  1    0
2143    673.65854387274601  596.71932421142299  1    0
2144    674.90460763371812  594.41224058466003  1    0
2145    671.54147617422404  596.01334548504212  1    0
2146    669.57769014332302  594.88491790022647  1    0
2147    666.17775157501319  593.62058406519645  1    0
2148    663.01560375064059  590.90717138002924  1    0
2149    661.12166963745915  586.19122626742728  1    0
2150    669.48770836937752  592.39862058715937  1    0
2151    671.89569288101825  591.03577572731911  1    0
2152    672.03723378060329  587.30550278196813  1    0
2153    668.23113248798347  586.07957082931864  1    0
2154    667.18876027863803  591.26526879995924  1    0
2155    666.99919749182573  588.52955285699863  1    0
2156    669.25061542231515  582.0887278512181  1    0
2157    665.56217352027704  577.27036384114308  1    0
2158    673.25586130359898  577.96339331057868  1    0
2159    665.38364509202654  586.18247709896093  1    0
2160    664.18569630901015  609.93972399534243  1    0
2161    654.39448983653074  572.45080297791981  1    0
2162    661.91991068248137  609.00270412648115  1    0
2163    659.90617154432084  602.60526628154651  1    0
2164    807.05415692727308  36.308527443944655  1    0
2165    890.03492168316416  742.17911968851126  1    0
2166    921.77917752274527  775.90887486558563  1    0
2167    929.32949424900664  778.15555729426842  1    0
2168    1271.2425597239189  618.98356531483398  1    0
2169    1318.8344063115253  604.24632805988597  1    0
2170    1328.4768352242536  546.03517505508285  1    0
2171    1358.6207841672149  494.08523645962754  1    0
2172    1349.4273092250407  642.84009117075414  1    0
2173    1425.9492907078256  635.67074904407457  1    0
2174    1369.7444767172142  595.31263816848514  1    0
2175    1350.9771305886973  436.13308196782185  1    0
2176    1282.0905241937187  390.31865212389857  1    0
2177    1383.0490865305219  362.65271086886975  1    0
2178    1500  281.25  1    1
2179    1405.3199049002064  269.93631215846847  1    0
2180    1233.195770113655  318.17365787651704  1    0
2181    1257.2111122887432  234.64433459432939  1    0
2182    1500  468.75  1    1
2183    1419.138997386601  585.83918355178866  1    0
2184    1447.0650295094936  530.84657179503927  1    0
2185    1500  609.375  1    1
2186    1500  1218.75  1    1
2187    772.23333097576324  794.5301929053204  1    0
2188    763.98895790925837  799.26527301462511  1    0
2189    755.31251146861632  793.29772330463288  1    0
2190    927.94891817111966  711.511559622714  1    0
2191    952.95873108663727  756.53128600996445  1    0
2192    689.26515224267644  595.01679625180157  1    0
2193    689.61956651999287  582.11465534648175  1    0
2194    693.346240023733  578.81692396761366  1    0
2195    698.10581962584808  579.59765730292952  1    0
2196    701.47896990724598  575.92010025813727  1    0
2197    699.93919304304632  570.45079921778245  1    0
2198    694.4589691907795  569.55697498568429  1    0
2199    691.73884465847323  563.94364321102296  1    0
2200    696.1953511518567  557.55013390743  1    0
2201    698.27530076805533  548.02990990926537  1    0
2202    698.20016395713617  534.05610551060556  1    0
2203    708.40757935858676  545.32824342132346  1    0
2204    689.57924145737468  578.48888274604849  1    0
2205    1278.9553805381831  520.33569244554917  1    0
2206    1243.6250423617755  471.9658929771993  1    0
2207    951.14835237409977  761.67496634056658  1    0
2208    956.87675752639006  766.97228834102577  1    0
2209    965.02818750135157  766.4948111177207  1    0
2210    972.57612899171147  775.11557612898514  1    0
2211    982.22851948932441  769.47792286085303  1    0
2212    685.85062088075324  564.44340225711244  1    0
2213    781.81112632243662  1405.405297297388  1    0
2214    656.25  1500  1    1
2215    675.41166425635959  1393.5216672597014  1    0
2216    843.75  1500  1    1
2217    890.625  1420.2785828627164  1    0
2218    981.22551533564354  1420.6484437155325  1    0
2219    1031.25  1500  1    1
2220    543.01778047076937  930.52436729103579  1    0
2221    1406.25  0  1    1
2222    1500  128  1    1
2223    1400.2427432675045  157.75  1    0
2224    1359.375  77.20434014192918  1    0
2225    576.30505654595572  864.60188751469946  1    0
2226    668.28029492640417  936.77951300671737  1    0
2227    634.79751301929923  937.50690265712706  1    0
2228    595.66053599999998  969.86472100000003  1    0
2229    580.41053599999998  937.22742946892902  1    0
2230    610.91053599999998  998.58664849478407  1    0
2231    656.63523909337584  1004.4548449344825  1    0
2232    639.15208042574955  1050.5774368560456  1    0
2233    673.49588347515407  1087.9136079334389  1    0
2234    640.86826925869741  1140.2450368863665  1    0
2235    681.08849115259943  1193.8680532672533  1    0
2236    578.56407960319882  1162.0606717556591  1    0
2237    578.32427995056344  999.69435287011481  1    0
2238    533.16053599999998  969.86472100000003  1    0
2239    517.16053599999998  1007.5838213293819  1    0
2240    467.17731518256835  1051.0391737528089  1    0
2241    470.96757490568473  1004.9252773438608  1    0
2242    562.30687713007182  1028.9990825086693  1    0
2243    566.0408757354395  1069.8786923445366  1    0
2244    548.30917450893014  1118.0030737567402  1    0
2245    503.01728228096022  1090.246986943233  1    0
2246    443.94830626567222  1108.2574846238736  1    0
2247    598.19389768546807  811.11306081999953  1    0
2248    581.24046946928831  776.75107426635259  1    0
2249    603.36863204308975  753.48806394790711  1    0
2250    657.41053599999998  969.86472100000003  1    0
2251    787.72354046875  686.43554725000001  1    0
2252    784.4413433458526  688.40954192766128  1    0
2253    787.72214288537862  690.14890545168453  1    0
2254    800.57860509374996  693.85742225000001  1    0
2255    719.16354282812495  641.90369675  1    0
2256    706.3084782656249  634.48182175  1    0
2257    770.58380107812491  671.59119675  1    0
2258    809.14899476562482  693.85682175  1    0
2259    809.27603145427065  689.92585026205984  1    0
2260    697.73808809374998  634.48242225000001  1    0
2261    736.30328196874996  656.74804725000001  1    0
2262    736.24966632733094  660.5518497815599  1    0
2263    733.08865022257919  658.60501526199607  1    0
2264    501.16053599999998  829.23972100000003  1    0
2265    462.84286219226243  843.30222100000003  1    0
2266    533.86425787267956  815.17722100000003  1    0
2267    474.26034034707527  815.17722100000003  1    0
2268    469.09943451437135  885.48972100000003  1    0
2269    526.58264467541448  843.30222100000003  1    0
2270    475.47184461546016  784.73473109038889  1    0
2271    428.6713170474759  871.74020810246543  1    0
2272    471.75060009698137  754.1263318433389  1    0
2273    501.16053599999998  716.73972100000003  1    0
2274    462.18745542600925  702.67722100000003  1    0
2275    442.65285004493404  741.70298148967959  1    0
2276    405.07207985101422  763.35474562682828  1    0
2277    397.71041672778375  899.69972715531833  1    0
2278    524.65860045887109  702.67722100000003  1    0
2279    1001.160536  604.23972100000003  1    0
2280    1001.160536  547.98972100000003  1    0
2281    1027.0625572559572  562.05222100000003  1    0
2282    858.42639590625004  727.25585975000001  1    0
2283    858.17196341722877  731.40748726563925  1    0
2284    855.19523993241148  729.14144856395603  1    0
2285    501.16053599999998  547.98972100000003  1    0
2286    532.41053599999998  519.86472100000003  1    0
2287    501.16053599999998  772.98972100000003  1    0
2288    1218.75  1500  1    1
2289    0  93.75  1    1
2290    128  0  1    1
2291    157.75  75.465874357861196  1    0
2292    76.475837552018163  63.908676871022124  1    0
2293    503.18976203129245  1299.1037439703277  1    0
2294    719.91053599999998  969.86472100000003  1    0
2295    704.28553599999998  1000.2963515695907  1    0
2296    501.16053599999998  885.48972100000003  1    0
2297    468.75  1500  1    1
2298    620.89581369205723  879.43888832209996  1    0
2299    565.34688364011083  909.45350938527679  1    0
2300    501.16053599999998  941.73972100000003  1    0
2301    457.66267619789363  955.80222100000003  1    0
2302    472.59217036752176  927.67722100000003  1    0
2303    560.89031856201348  799.35753659844727  1    0
# Generated by triangleMesher -aAnepCVOq32. well.poly
