11618  3  1
   1    5102     6   878  1
   2     510  5857  5853  1
   3     511   510   588  2
   4    5853  5840  5805  1
   5    5693  5637  5670  1
   6     587  5805   509  2
   7    5520  5787  5724  3
   8    5472  5495  5196  2
   9    4830     3   241  2
  10    5196   586  5473  2
  11     241  5836  5771  2
  12    5523  5777  5758  3
  13       2  5815     3  1
  14       3  5693  5866  1
  15    1471   107  1624  13
  16    5564  5496   508  1
  17     589  5703  5702  3
  18     589   511   588  2
  19    5747  5283  5736  3
  20    4936   506  5749  3
  21    5805  5710   510  2
  22    3412   608   916  8
  23    4830  5777  5613  3
  24    5788  5317  5758  3
  25     251   586  5081  3
  26    5591  5551  5197  2
  27    5196  5497  5235  3
  28    5105    85   505  3
  29    5363  4010  5276  4
  30    5236   586   251  3
  31    5472  5473  4829  2
  32    5380  4926  4385  4
  33    5815     2  5828  1
  34    3590   608  3412  5
  35    5824  5876   227  1
  36     226  5806  5876  1
  37    5609   248  5573  3
  38    5728   226  5750  2
  39    5728  5750  5655  2
  40     239  5776  5609  3
  41    5754  5843  5855  2
  42     225   715  5872  1
  43     246  5785  5729  3
  44    5847  5843  5754  2
  45    5848   223   235  2
  46     247  5786  5403  3
  47    5734   236  5684  3
  48    5750   226  5756  2
  49    5845  5846   225  1
  50    5007  5193  5733  3
  51    3669  4274  4379  4
  52    5793  5403  5786  3
  53    4233  5138   940  5
  54    4551  4233  4944  4
  55    5541   247  4924  4
  56    3214  3398  3324  5
  57    5162  5403  5793  3
  58    5515  5344   940  4
  59    5221  3737  3568  4
  60    3048  3175  4935  4
  61    2937  2478  3711  5
  62    3061  3161  3129  5
  63    2478  2937  2938  6
  64    2731  5402  5797  4
  65    3062  3128  3160  7
  66    5245    79  5233  4
  67    5774  3840  5425  13
  68     415  5216  5218  5
  69    3172  3821  3121  5
  70    5836  5833  5771  2
  71     223  5802   592  1
  72    2735  2703  2723  5
  73    4936  5749  5599  3
  74     505  3417  5105  3
  75    4091  4010  4879  5
  76    4879  4010    84  5
  77    5367  3854  4011  4
  78     505   419  3594  4
  79    3765  4061  3762  5
  80    3912  3591  3676  7
  81     416  4926   620  5
  82    3935   664   827  6
  83    4887   416  4182  6
  84    3741   453   432  7
  85    5397  5514  5131  4
  86    4385  5016  4927  5
  87    5380  5412  5576  4
  88    3764   673   836  6
  89    4243  5370  5525  4
  90    3875  5144  4033  4
  91    3594   455  4402  4
  92    5749   506  5747  3
  93    3044  4402   582  4
  94     496  3186  3189  5
  95    3912   434  3591  7
  96    4243   583  4244  5
  97    4307  3593  3889  5
  98    3414   418   745  6
  99    3414  4211   433  7
 100    3413  3414   433  6
 101    3775  3776   431  6
 102    4875  3675  4051  8
 103    4211   454   433  7
 104     665  3592  3593  6
 105    3417   505  3594  4
 106    4211   884  5618  8
 107     827  3775  5275  7
 108    5142  5145  5143  4
 109     670   833  1011  6
 110    3093  3094  3024  6
 111    3399  3850  3217  5
 112     429   822   414  6
 113    3704  1015  1047  7
 114    5216   415  4334  5
 115    2651  3388   426  7
 116    2706  2681  2705  6
 117    3569  4896  4222  8
 118    3127   425  3004  7
 119    2992  2993  2885  6
 120     979  3338  2792  8
 121    3047  2882  3116  7
 122    4032  3873  3523  8
 123     411  2651   426  6
 124    3127  3004  3062  7
 125    4179   452   430  7
 126    4428  4461  4551  5
 127     826  4179  4180  6
 128     945   452  4179  7
 129    5668   945  5481  8
 130    4887   838   676  7
 131     744  3937   662  6
 132     672   835  4168  6
 133    2829  3097  3982  8
 134    3027  3873   427  7
 135    1014   833   670  6
 136     742  3703  3218  7
 137    4417  4928  5163  10
 138     743  4367   451  7
 139    4462   451  4367  8
 140     743   451   429  7
 141    2479  3668  3252  8
 142     984   896  3651  8
 143    4679  5500  5352  8
 144     413   883  3418  6
 145    3326  1016  3584  5
 146    3569  3351  3273  8
 147    3048  5166  3181  4
 148    3479   787   998  8
 149     235  5673  5645  3
 150    5007  5818  5194  3
 151    3824  5006  5181  4
 152     228  5569  4894  1
 153    5802  5837  5634  2
 154    5699  5192  5166  4
 155    5501   228  5262  3
 156    5569  5646  4894  1
 157    3830  4421  5263  4
 158    5568  5501  4259  3
 159    4210  3391  5264  2
 160     659  3260  3390  5
 161    4894  5646   229  1
 162    5645  5848   235  2
 163    5826   235   223  1
 164    2886  2995  3053  5
 165    3843  3327   943  5
 166    3824  4299  5006  4
 167     825  3327   661  6
 168    3995  3306  3834  5
 169    2793  1010  3634  7
 170    3058  3124  3154  7
 171    3184  3306   408  6
 172    3060  3126  3003  7
 173     830  2764  2994  6
 174    3844   407  3370  5
 175     668   831  3320  6
 176    3495  2765   422  6
 177     740  3835  3184  7
 178    3184   423  3306  6
 179      74  3282  4345  5
 180     831  3204  3988  5
 181     421  3203  3532  6
 182     422  2765  3631  7
 183    4202  2275  2276  4
 184    3050  3120  2990  5
 185     721  1904   871  4
 186    1644  1652  1913  10
 187     871    65    66  4
 188    3876  3532   659  5
 189      13  1593   229  2
 190    1904  2015  2211  4
 191      67  2766  3257  4
 192      66  1912  1473  3
 193    3343    67  2946  5
 194      73   789  2480  4
 195     600  3207  2766  4
 196     404   829   600  5
 197     120  2946  4207  3
 198    4106  1805  1875  5
 199    2214  2957  4210  2
 200     666   829   948  6
 201     420  2839   948  7
 202     435  2537   270  5
 203    2073  2017   435  8
 204    2073   435   270  8
 205    2284  1915   269  6
 206    3632   739  3203  7
 207    3034  2537   435  5
 208    3726  3695   421  7
 209     121   269  2840  5
 210    2810  4207  5121  3
 211     121  2135   269  5
 212    2135   121   122  5
 213    2810  2223  2258  3
 214    1915   273   270  6
 215    3272  2770   129  4
 216     270  2537  1915  5
 217    1915  2537  2840  5
 218     272   269  2135  6
 219     124  2526  2187  4
 220    3213   421   405  6
 221    5646   235  5826  1
 222    3072  3290  2073  8
 223     897  4911  4325  8
 224    3119  3049  2762  7
 225    2772  3570   565  8
 226     832  2986   669  6
 227    4111  3460  4325  8
 228    3124  3058   669  7
 229    2104  3266  3166  8
 230    2917   273  2284  7
 231     300  3890  3597  8
 232    3052  2885  3122  7
 233    3320  3371  3394  7
 234    3424  4041  3890  8
 235    3010  3279  3555  8
 236    3634   439  3051  7
 237     837   674   602  8
 238    2803  2074  2338  8
 239    3848  4006  3363  8
 240     383  2803  2915  8
 241    3166  2365  2104  9
 242    2025  2105  2119  9
 243    3166  2611   307  9
 244     381   308   382  9
 245    4185  4186   312  9
 246    3996  2550  3811  8
 247    2050  2095  1978  8
 248     599  1980  1977  8
 249    3268  2871  4133  8
 250    2050  1621  1676  8
 251    2226   378  3268  8
 252     379   313  4188  9
 253     599  1978  2095  8
 254    4006  2773  3363  8
 255     436  1916  3886  8
 256     377   601   378  9
 257    2767   114  2370  5
 258    2772  2888  3351  8
 259    2274  2047  2248  7
 260    2046  2048  2045  8
 261    1453   578   925  8
 262    1847   631  1686  8
 263     631  2508   187  8
 264    2047  2274   267  7
 265    2767   129   114  5
 266    2809   271   268  4
 267    2770   114   129  5
 268     115  2770   128  5
 269     115   128   116  5
 270    1847  2508   631  8
 271    2277  2809   268  4
 272    2207  2768  1819  8
 273     128  2770  3271  4
 274    2604   712   187  8
 275    2851  1919  2586  8
 276    2018  1918  2605  8
 277     581  2656  2587  9
 278    2851  1918  1919  8
 279     581   576  1917  8
 280    2804  2684   317  9
 281    2018  2605   188  8
 282    1865   712  2801  8
 283     117  2536   116  8
 284     117  3226  2265  5
 285    2173  1775  2172  8
 286    1599  1646  1647  9
 287     802  1917   177  8
 288    2018  1917   576  8
 289    1900  1598  1752  9
 290    2536   117  2264  8
 291    2513  2838  2536  8
 292    1917   189  2511  8
 293     128   127  3226  5
 294    1667  1453  1738  8
 295    2135  2521   272  6
 296    2510   580   579  9
 297    3345  3389  3259  3
 298    5802  5834   592  1
 299    4926   416  3776  5
 300    2105  2252  2119  9
 301     496  3185  3186  6
 302    3186  3188  3189  5
 303     956  4076  3419  7
 304     495  3186   504  6
 305    5144  5415  5146  4
 306     610  1506  1251  10
 307    3914  3690  3915  10
 308    2911  1023  2309  10
 309    4403  4044  4450  5
 310    4351   641  4423  10
 311    5691  5481   400  8
 312    3785   498   690  6
 313    4103  3873  4032  8
 314     496  3420   691  6
 315    4402  3417  3594  4
 316    4238  5242  5212  8
 317    4404  3421   688  5
 318     499   850  3422  6
 319     504  3185  4200  7
 320    4022  3470   955  7
 321     955  3784  4021  7
 322    4388  5141   491  8
 323    3422   502  3421  6
 324     955  3470  3863  6
 325    2287  2859  2375  5
 326    3924  3716   947  8
 327    2850  3114  3043  10
 328     851  2286   689  6
 329    3716  4051  3675  8
 330    4613  4624  4625  10
 331    4663  4664  4665  10
 332    2286  2419  2638  7
 333    3924  3923  5115  8
 334    3469  3692   850  7
 335    2907  2107  2799  10
 336    1000  1124   919  9
 337    3890  4112  3597  8
 338    4467  4442   439  8
 339     762   897   986  9
 340    2504  2502  2503  10
 341     300  3423  3424  9
 342    2565  2395  2847  8
 343    2548   304  2333  9
 344    3679  3425  3597  8
 345    3307  4082   438  8
 346     295   302   303  9
 347     296   301   302  9
 348     296  3596   301  9
 349     305   306  2019  9
 350    3913  4255  3679  8
 351    2888  3273  3351  8
 352    2333  1920  2020  9
 353    1816  1817  2008  10
 354    1936  2328  1035  8
 355    2914  3070  2802  10
 356     898  1030   563  9
 357    3425  3596   297  9
 358    3401   295   294  10
 359     299  3424   298  9
 360    2404  2146  2345  10
 361    3235   303  2548  9
 362     295   303   294  9
 363    3235  3341  3387  10
 364    2333   304  1920  9
 365     293  3250  3341  10
 366     860  2381  2928  10
 367    2615  2397  2567  10
 368     295   296   302  9
 369     291  2547  2332  9
 370    1057  2908  1944  10
 371    2220  2612  1927  9
 372     978   761   984  9
 373    2074  2019  1920  8
 374    1922  2221  2254  10
 375    5281  5478  5282  9
 376     492  3986  4443  8
 377    4493   489  4477  11
 378    4913  3864  4333  8
 379    4161  4167  4151  8
 380    4496  4497  4498  9
 381    4539  4517  4542  10
 382    2575  2561  3244  8
 383    4681   707  4668  11
 384     759  4657  4691  13
 385    4767  4755  4753  11
 386    4646  4641  4643  10
 387    4775   923  4769  10
 388    4513  4514  4491  11
 389    4503  4135  4943  8
 390    4647  4630   735  11
 391    4495  4493  4472  9
 392     604   605  4055  9
 393    5368  3744  4235  13
 394    3743  3745  4364  9
 395    4506  4056  4479  13
 396    1834    38  1609  10
 397     604  3747   605  12
 398    1834    35   612  9
 399    4482  4471  4412  11
 400     559  4756  4748  13
 401    4090  4519  4511  10
 402    4540  4543  4561  11
 403    4599  4601  4568  13
 404    4529   728  4489  13
 405    4690  4648  4631  13
 406    4479   877  4507  12
 407    4055  3938  4330  9
 408    3734  3788  1007  13
 409     862  4682  4685  10
 410    1252  1296  1543  9
 411    1060  1793   767  11
 412    2137   217   894  11
 413     640  2098  2055  10
 414    3787  3738  4250  11
 415    1877  1816  2184  8
 416    4367  4242  4552  8
 417     211   755   212  11
 418     292  2692  3250  10
 419    3133  3164  3070  10
 420     213   756  2348  11
 421    1922   212  1921  11
 422     708   863  2888  9
 423     930  1922   547  11
 424    2379  2289  2423  11
 425    2290   214   757  11
 426    2225   548   796  11
 427    2626  2023  2984  13
 428    1003  1923   555  11
 429    3365  3366   641  11
 430    4460  4230  4427  13
 431    2390  2942  3030  13
 432    3365   556  4415  13
 433    2362  1926  2244  11
 434     861  1021  1052  11
 435     551   889  2145  11
 436     933  1005  1045  11
 437    3179  3170  3111  13
 438    2538   551  2841  13
 439    2292  2426  2636  13
 440    2501  2677   990  13
 441    2381  2426  2292  11
 442    2421   553  2420  11
 443     983   638   899  11
 444    2979  2815  2877  13
 445    2368   704  1024  13
 446     558  4790  4794  11
 447    2255  2120  2256  10
 448    2225  2259  2278  13
 449    2567  2397   781  10
 450    1317  1189    42  10
 451    3166   307  2365  9
 452     305  2025   306  9
 453     309   287   308  9
 454     308   288   289  9
 455    3406  3190  3411  9
 456     290  2612  2529  9
 457     286   310   311  9
 458    3583   310  3406  9
 459    2889  4185  3583  9
 460     313   379   314  9
 461    3749  4186  4191  9
 462     285   311   312  9
 463    3749   313   283  9
 464    3190   310   286  9
 465     308   381   309  9
 466     280  2533  3527  10
 467    2340   908  1937  10
 468     288   308   287  9
 469     974  2431  2447  10
 470    2408  2156  2347  10
 471     285   286   311  9
 472    1928  2394  2321  10
 473    3190   287   309  9
 474    3350  2621  2741  10
 475    2407  2453  2825  10
 476    3749   283   284  9
 477    3426   283   313  9
 478    3426   282   283  9
 479     196  1319  1197  10
 480     196   195  1150  10
 481    3527  3426   314  9
 482    2429  2394  2932  10
 483     285   312   284  9
 484    1803  2429  1892  10
 485    3527  3718   280  9
 486     291  2332  2546  9
 487     316   317  2427  9
 488    2804   601  2684  9
 489    2293  2382  2427  9
 490    2804   316  3812  9
 491     317   316  2804  9
 492    2293   318   274  9
 493     579  1837  2510  9
 494    1917  2511   581  8
 495    2294   274   318  9
 496     581  2587   576  9
 497    2203   276  2034  9
 498    2201  2294  2200  9
 499     579   277  1837  9
 500    1918  2482  1919  8
 501    2514  2144  3268  8
 502    2293   317   318  9
 503    1761  1781  1529  10
 504    2200   275    24  9
 505    1573  1574  1572  10
 506    1572  1574   199  10
 507      25  1947  1495  9
 508      30  1289  1265  10
 509    2382    23   279  9
 510    1241  1483  1390  10
 511     733  1492  1296  9
 512    1104  2203  2034  9
 513      29  1240   880  9
 514     788   997   610  9
 515    1000  1180  1125  10
 516    1194  1114  1265  10
 517    1518  1565  1882  9
 518    1252  1442  1297  10
 519    1580  1569  1584  9
 520    1245  1636   207  10
 521    2068   713  1578  9
 522     315   316  3191  9
 523     382   308  2611  9
 524    1573  1530  1529  10
 525     197  1139  1138  9
 526    1197  1218  1138  10
 527    1222   204  1105  10
 528    1786  2004  2334  10
 529    1138  1139   195  9
 530    2233  1735  2167  10
 531     340  1772  1750  10
 532    1175  1141  1159  10
 533    1135  1119  1128  10
 534     804   202  1119  9
 535    1154   202  1108  10
 536    2233  2263  1595  10
 537     805  1174  1159  10
 538    1287  1139   194  10
 539    1389  1390   193  9
 540     106   339  1661  11
 541     341   622  1928  11
 542     342   770  2295  11
 543     780   972  2139  11
 544    2295   545   910  11
 545    2951   622  1802  13
 546    2564   994   546  13
 547     622   110  1928  11
 548    1874  1773   651  10
 549     937  1008   818  11
 550    1470   107  1469  11
 551    2000  1624  2060  13
 552     651  1684   812  11
 553     108   815  1596  11
 554     621  1471  1624  13
 555    1684  1884   109  13
 556     621  1596  1597  11
 557     204   203  1105  10
 558    1864  2003  1008  13
 559    1958  1594  1957  11
 560    1139  1259   195  10
 561     635  1199  1267  10
 562     194  1277  1330  9
 563    1128   202  1154  10
 564     632   635   206  9
 565     193   198  1455  9
 566     202  1107  1108  9
 567    1243   206  1558  10
 568    1152  1264  1626  10
 569    1201  1320  1220  10
 570     200  1243   207  9
 571    1430  1526  2311  10
 572     201   635   632  9
 573    1454   192   199  10
 574     207  1243  1558  10
 575    1456  1527  1528  9
 576     937  1959  1605  10
 577    2590  2592  2588  10
 578     337   210   336  10
 579    2589   105  2588  11
 580     337   104  2589  11
 581    3751  3750   103  13
 582    2318  1863  1736  13
 583     210   209  3192  10
 584    2167  1605  2037  10
 585     334   102  3753  11
 586     209   208  3620  10
 587     335   103   336  11
 588     103   335  3753  11
 589    3490  2323  2589  13
 590     104  3941  3750  11
 591     334  3602   102  11
 592     210  3192   336  10
 593    2980  2694  2873  10
 594    1784  1736  1645  13
 595    1491  1264  1164  10
 596     205  1140  1141  9
 597    1218   197  1138  10
 598    3750  3752   104  13
 599      32   880  1240  9
 600    2713  2546  2728  10
 601    2657  2482  2587  9
 602    3336  3866  3353  13
 603     119   783  1794  8
 604    4845  5051  5068  5
 605    2234  2266  2281  5
 606     125  3232  2526  4
 607    1599  1731  1714  8
 608    1906  1910  1631  5
 609    2170  2234  2101  5
 610     189   802  1646  9
 611    1881  1669  1631  4
 612    1836  1881  1657  4
 613    1458   157  1457  5
 614     157  1458  1462  4
 615     598  1463   175  5
 616    1459  1457  1461  5
 617    1703  1462  1657  4
 618    1910  2101   124  5
 619    3337   126   127  4
 620     598  1334  1460  6
 621    1873   178  1800  9
 622     726  1752  1714  9
 623    1302   111  1759  9
 624    1589  1749   180  9
 625    1742  1740  1303  6
 626     579   580  1861  8
 627    1348  1497  1331  7
 628    1692  1759   111  7
 629    1311  1493   173  7
 630    1295   623  1278  7
 631     172   176  1279  5
 632    1351  1348  1741  7
 633    1279  1658  1247  5
 634    1540  1632  1246  9
 635    1740  1742  1689  6
 636    1780  1687  1633  9
 637     158  1463    68  5
 638    1901  1862  1887  9
 639    1733    69   159  5
 640    1463   158   175  5
 641     344  1386  1525  6
 642      68  1726   158  5
 643    1727  1545  1726  5
 644    1493  1247  1445  6
 645    1464  1462  1703  4
 646    3658  3269  3551  4
 647    1515  1325  2165  5
 648    1727  1728    69  5
 649    2619  1657  1881  4
 650      70  1795  1985  5
 651    2959  3113  2312  4
 652    1703    68  1464  4
 653    3271  3565   128  4
 654     136  1728  2312  4
 655    1450  1525  1386  6
 656     344  1795  1708  6
 657     173  1445  1426  6
 658    1304   113   174  7
 659    1248   720  1195  5
 660     173  1190   797  7
 661    1426   174  1190  7
 662    1760  1540  1488  9
 663    1132  1112  1122  5
 664    1080  1326  1078  5
 665      72  1101  1097  5
 666     870   971  1600  5
 667    1691  1078  1778  5
 668    2219   348  2036  5
 669    2392   133  2822  4
 670    1079  1083    71  5
 671     159    69  1985  5
 672     971  1195  1347  7
 673     132   133  2392  4
 674    1279  1497  1634  5
 675    5121  1593  5698  3
 676    1539  1564  1587  9
 677     649  1465   191  9
 678    2006  1854  1466  9
 679    1509  1262  1349  9
 680     278  1465   649  9
 681     190  2064  2006  9
 682    1252  1543  1565  9
 683     171  1629  1963  9
 684    1435  1318  1345  7
 685    1433  1407  1410  9
 686    1629   171   166  9
 687    1078  1691  1777  7
 688    2279  2260  2092  9
 689     874   162   161  9
 690     191  1466  1854  9
 691    2009  1476  1880  9
 692    1305   182  1407  9
 693    1283  1255    27  9
 694      28  1327  1155  9
 695    1227  1120  1208  9
 696    1110  1120  1109  10
 697      27  1111    28  9
 698      28  1111  1327  9
 699    1709  1853  1262  9
 700    1620  1449  1429  10
 701     929   803  1335  9
 702    1354  1360   929  9
 703     160  1413  1415  9
 704    1413   160   183  9
 705    1414  1994  1697  9
 706    1359  1436  1337  9
 707    1408  1306   185  9
 708    2227  1336   185  9
 709    2026  1413  1418  9
 710    2199  2057   162  9
 711     779  1087  1090  7
 712    1466   191  1465  8
 713     348   347   352  6
 714    1797   132   131  5
 715    2044  2113   653  5
 716    2219   347   348  5
 717    2315   351  2239  6
 718    2113  2044  2043  5
 719     131   132  2314  4
 720     132  1797  2316  5
 721     131  2391   345  5
 722    1796   372  2620  5
 723     345  1796   350  5
 724     345   346   131  5
 725    2140   366  2531  5
 726     346  1797   131  5
 727    1086  1192  1191  7
 728    1790  1791   345  6
 729     353  1952  1954  8
 730    1718   597  1602  6
 731    1368  1949  1420  8
 732    1420   169   626  9
 733    1379  1519  1368  9
 734     168  1682   162  9
 735    1520  1438   164  8
 736    1929  1699   167  8
 737    1092  1095  1094  7
 738     347  2315  2239  6
 739     352  2177  1374  7
 740    1510   348   352  6
 741    1782  1764  1732  7
 742    1551   169  1420  8
 743    1100   568  1096  7
 744     566  1951  1510  7
 745     345   350  1790  6
 746    1374  1520   566  8
 747    2140  2224   367  5
 748     874  1699   725  8
 749    3348  2821  2930  4
 750    1179  1163  1356  9
 751    5831  5698    13  3
 752    2265  3226   126  5
 753      15  5811  5854  2
 754     868  5795  5825  1
 755    5759    16  5782  3
 756    5759   231  5838  2
 757      16  5759  5838  2
 758      15  5854   231  2
 759     233  5671  5767  2
 760    5842  5841  5838  1
 761    5387  4831  4955  3
 762    5330  4831  5528  2
 763     540  4832  5173  3
 764      17  5603  5716  3
 765    4955  5150     9  2
 766    5716   232  5638  2
 767    5859  5873  5868  1
 768    5417  5440  5387  3
 769     256  5796  5778  3
 770    5602   255  5791  3
 771      14   254  5178  3
 772    5791   255  5814  3
 773    5154   459  5334  4
 774    4990  4300   456  4
 775    5225  5247  3901  4
 776    5178   253  5816  3
 777     259  5592  5552  4
 778    5433  5439    17  3
 779    5107   529   472  5
 780    5743    16  5716  3
 781    5580  5603  5439  3
 782    4290  5450  5539  4
 783    3598  3600  5284  4
 784    5782  5721  5778  3
 785     259  5248  5533  3
 786    4265  4376  4176  4
 787    5359  5266  5704  4
 788     374   373  3905  4
 789    5099  5201   607  1
 790    5742   233  5781  1
 791    5460  4832  5331  2
 792    4955  5330  5150  2
 793     543  5102   234  2
 794    5571  5331  5388  2
 795     785  2296  2297  1
 796    3375  3328  5492  4
 797    4863   784   915  2
 798    5099  4979   729  2
 799    2384  2716  2297  2
 800    5173     9   540  3
 801     794  2480  2481  4
 802       8  2383     7  1
 803    3855  3399   413  5
 804     542  5267  5401  3
 805    3475  3670   917  5
 806     526  3911  5376  4
 807     753  3451    19  8
 808    5026  5052  4961  5
 809      18  3670   525  5
 810     732  3480   534  8
 811     917  3427   786  8
 812    3430   996  3719  5
 813     526  5376  5508  4
 814     539   538  5360  3
 815    3670    18   917  5
 816    1468  1534  1839  10
 817      55  1930   614  9
 818    3412   916   536  8
 819     617   625   799  9
 820    3911  5294  5376  4
 821    5337   697  5052  4
 822     916  3474  3477  7
 823     230  5768  5769  2
 824    5401  5400  5752  3
 825    5581     6   543  1
 826     999  4963  3479  7
 827     844  3210  3989  5
 828    4881  4990  4125  4
 829    2898  2900  2901  5
 830    4881  3838  4991  4
 831    4002  3280  3663  13
 832     457  3825  4989  4
 833    3768  4273  5129  5
 834     460  5128  5224  4
 835    3534  3877  4108  5
 836    4933  4384  4436  5
 837     685  4172   469  6
 838    4371  4256  2774  5
 839     461  4974  4439  5
 840    5480  4220   457  4
 841    5389  3981  3815  4
 842    5128   460  5129  5
 843    4371   679  4432  5
 844    3845   464  3372  5
 845     473  3310  3193  6
 846    3283  3055  2997  5
 847    2775   845  2774  6
 848    3310   463  3193  6
 849    2891   683   465  6
 850    3392  3664   374  5
 851    3768   468   747  6
 852     467  3877  3534  5
 853     475   466  3312  6
 854    2892  2893  2777  6
 855    3195  3314  3194  6
 856    4000  4302   483  7
 857    3827   476  3211  7
 858    4317  2777  3980  5
 859     954  1018   846  6
 860     683  2890  4142  7
 861     477   680  4172  6
 862    5023   375  3285  4
 863     533  4173  3942  7
 864    5110  4265  5108  4
 865     462  3942  3601  7
 866    5230  4941  5167  4
 867      21   752  3428  8
 868    5450  4290  4289  4
 869    3430  3719  3926  5
 870    3430   609  3429  8
 871    4214  5002  4353  7
 872    3471   859   960  8
 873    3599  4918   700  7
 874    3457  4856   751  7
 875     536   916  3477  7
 876      22  4173   533  8
 877    3862  4020  3458  5
 878    4841  5563  4895  8
 879    5174  4974  4857  5
 880     471   479   681  6
 881    4136  4240   486  7
 882     843  3766  3767  6
 883     488   487   479  7
 884     485  4413  4313  7
 885     479   471   480  6
 886    4057   685   469  6
 887    5109  5461   480  8
 888    3942   462   533  7
 889     529  3754  5109  8
 890     480   488   479  7
 891     472   480   471  6
 892     529  5109   472  8
 893    5488  5323  3431  8
 894    5107  3432  3856  5
 895    5107   472   471  5
 896    5092  5385   488  8
 897    4284  5447  3476  8
 898    3944  3755  4438  5
 899     462  5108   533  4
 900     842  3396  3193  7
 901    1269  1524    55  10
 902     644    14  5864  2
 903    5832   230  5769  2
 904     478  3766  4240  7
 905    1225  1206  1237  10
 906    2205  2197    36  10
 907    1286  1329  1258  9
 908    1257  1284  1489  10
 909    1286  1257  1542  10
 910    1234  1395  1236  10
 911    1308  1339  1307  10
 912    1411  1434  1342  9
 913    1355  1341  1338  9
 914    1355  1307  1339  9
 915    1340  1693    40  9
 916    1610  1309    39  10
 917    1969  1931  1693  9
 918      39  1341  1610  10
 919    1308  1342  1434  9
 920      40   613  1474  9
 921    1224  1207  1161  9
 922      52  1230    51  10
 923    1281   791  1499  10
 924    1567    50    54  9
 925    1798  1567   615  10
 926    1176  1213  1186  10
 927     790   921  1310  9
 928    1213  1228  1186  10
 929      46  1930  2194  10
 930    1931    45  1872  9
 931    1930    46   614  10
 932    1144  1145  1514  10
 933      47  1146    48  9
 934    1930    55   616  9
 935     626  1371  1378  9
 936      45    49    50  10
 937     792   615    53  9
 938    1799    50    49  9
 939    1337  1436  1306  9
 940      43  1273  1147  10
 941    1422  1711  1552  9
 942    1556  1520  1374  8
 943     567   801  1501  8
 944     568  1094  1096  7
 945    1001  1094   568  8
 946    1292  1381   627  9
 947    2140   365   595  6
 948    2613  2531  2168  5
 949     152   156  1739  7
 950    1100  1188   155  7
 951    2140   367   365  6
 952    2229   156  2163  7
 953     368  2346  3241  6
 954     724  1739  2168  7
 955    3573  2224  2691  5
 956      60  1998  2430  9
 957    1232  1221  1231  9
 958    1380  1292   800  9
 959      58  2246  1344  10
 960    1316  1187    48  9
 961    1956  3484  3275  10
 962      60  2778    59  10
 963     326  2778  2566  10
 964    1694    58  1344  9
 965     724   873   152  8
 966     365   367   364  6
 967      62    61  2161  9
 968    2594  2485   365  8
 969    1734  2180  1857  7
 970    2485  2484    62  9
 971     146  1561   359  8
 972    1681   152  2161  9
 973     873  2161   152  9
 974      62  2484  2351  10
 975    1157  1387  1533  7
 976    1694  1344  1357  9
 977    1437  1701  1379  9
 978    1214  1162  1178  9
 979      54    53  1567  9
 980    1799    54    50  9
 981    1720  1332  1282  10
 982    2051  2208  1855  10
 983    1855  1720  1607  10
 984    2817  2672  2325  10
 985    2196    57  1344  10
 986     329  2949  3275  10
 987    3622  3948   328  11
 988    1524  1710    55  10
 989      95    96  2488  11
 990    3797  3798  3796  11
 991      60  3488  2778  10
 992    1269  1428  1446  10
 993    1270  1427  1145  9
 994    3757  3946  3947  11
 995    3604  3891  3791  11
 996      52  1333  1230  10
 997    3433   101  3602  11
 998    3603  3604  3433  11
 999      97  3903    98  13
1000    3602   333  3433  11
1001    2487  3891   331  11
1002    1273    43  1228  10
1003      95    94  2486  13
1004      98  3945    97  11
1005    3790    97    96  13
1006    2487  3947  3946  11
1007      99  2487  3946  11
1008    3793  3791  3792  13
1009      96  2486  3790  13
1010    2488  3795  4060  11
1011      97  3795    96  11
1012      95  2486    96  13
1013     326   325  2489  11
1014    1298  1253  1282  10
1015     625    63   153  9
1016     154   793   799  9
1017    1879   793  1828  10
1018    2491  3483  3896  10
1019    1532   778  1467  8
1020      60  2396  3488  10
1021     574   727  1223  8
1022    1654  1532  1467  8
1023     147  1421  1314  9
1024     975  1091   575  8
1025    1288  1396  1261  8
1026    1996  1828    64  10
1027    1127   575  1091  8
1028     147  1468   146  10
1029     625   153   719  8
1030    1133  1562  1314  10
1031    2490   323  3516  11
1032     324  2491   323  10
1033    3515    94  3516  11
1034    2956   322  2853  11
1035    3485  2494  3638  11
1036    2486  3515  3340  13
1037    3482   325  3483  10
1038    2488  3796    95  11
1039    2499    87  3485  11
1040    2596  2492    86  11
1041    3702   869    88  12
1042      89  3702    88  12
1043    2660  3647  3248  11
1044      86  3246    93  13
1045     320  3653  3655  11
1046    2492  2494    87  11
1047    2351    63  2186  10
1048    2493  2595  2658  13
1049     727   574  1116  8
1050     324   323  2490  11
1051      63   617  2186  10
1052     969  2493    87  12
1053    2346   368   363  6
1054      42    43  1147  10
1055     363   368  2894  6
1056    2780  2781  2896  6
1057    2241   358  1615  7
1058    2241  2779  2897  7
1059    2897   357  2183  7
1060    2609  2894   369  6
1061     361   370  2783  6
1062    3123   369  3296  5
1063    2782  2781  3554  7
1064     357  2782   356  7
1065    3287  2783  3057  7
1066     355  3907   356  8
1067    3553  3660  3286  8
1068     361  2895   370  6
1069    2997  3055  2895  5
1070    1723  2269  2797  8
1071     142   575  1153  8
1072    1153   575  1127  8
1073    2114  1999  1838  10
1074    1590  1582  1586  10
1075    1210  1288  1397  9
1076     149  1889  2336  9
1077     358  2241  2183  7
1078    1136   727  1116  9
1079     356  3907  2797  8
1080    2094  1870  1788  9
1081     319  2659  2495  10
1082    2659   150  2495  10
1083      90  3646  3644  11
1084    3629  2496  3628  9
1085    1785  1788  1789  8
1086    2685  2659   319  10
1087     355  3286  3660  8
1088    2660   319  2495  11
1089    2898  2899  2784  6
1090    1734  1857  1533  7
1091    1017  3635  2795  7
1092    3331   678   840  6
1093    4987  3974  4880  8
1094    5590  5396   391  8
1095     683  4142  3804  7
1096     682   844  3321  6
1097    5373  5277  5405  8
1098     483  3837  3999  7
1099    5237  5062  5318  8
1100    5393  5420  5094  8
1101     524   516  5544  9
1102    5062  5042   483  8
1103    4284  3619  4283  8
1104    3827   484  3999  7
1105    2901  2900  2999  5
1106    5542   856  5272  8
1107     138  4323  4322  8
1108    2998  3635   354  7
1109    4867   857  4959  9
1110     481  3396  3408  7
1111     264  3759   265  9
1112     857  3758  5112  9
1113    5090  5089  5091  8
1114     260   137  4102  9
1115    5444   523   750  9
1116    5509  5332  5382  9
1117     521  5272  4995  9
1118    3942  3754  3601  7
1119    4886   856  5096  9
1120     517  4835  4886  9
1121    3381   513  3378  9
1122     396  5089   519  8
1123     518  4839  4840  9
1124     958  5273  5593  9
1125     906  1370   791  10
1126    2783  2899  3057  7
1127    3998  3310  3836  5
1128    3759  5089   396  8
1129    3642  3196  3628  9
1130    3642  2598  3196  9
1131    3919  3760  4113  12
1132    3529  3646  3647  11
1133    3644  3645    91  11
1134    2495  3528  2660  11
1135    4864   261   656  9
1136    4864   656   392  9
1137    5041   646  5471  9
1138    4408  4102  4322  8
1139    5177  3823   482  8
1140    3809   596  4049  9
1141    4981  5270  5268  9
1142    4452  5203   814  8
1143    4880  5084   392  8
1144    3957   736  4869  9
1145    2660  3528  3529  11
1146    4049  3530   137  9
1147     145  3807   260  9
1148     145   144  3808  10
1149     144  2786  3808  10
1150    4113    90    91  12
1151    3208  3497  4026  9
1152      92  3530  3700  9
1153    2787   388   385  12
1154    4027  3610  3868  9
1155     144   145  3868  9
1156    3497  3208   814  9
1157    3841  3229  3538  13
1158    3806  2786  3805  12
1159    3868  3497  4027  9
1160    3808  2786  3806  10
1161     655   771  3681  13
1162    3805  3976   593  13
1163     647   392  5063  9
1164    3976  5118   777  13
1165    5064  5190   264  9
1166    5366  5278  4062  8
1167    3782  3959  4065  9
1168     648  5088   816  9
1169    5190   395   264  9
1170    5271   394  4884  9
1171    3759   396   265  9
1172    4177   710   864  10
1173    3949   396   519  9
1174     265   512   264  9
1175     694  5382   855  9
1176     572  3688  3722  9
1177    1446  1428  1440  10
1178     264   395  3759  9
1179     854  5273  5095  10
1180     749   957   570  10
1181    3378   513  3225  10
1182    3929  3688  3448  9
1183    3929  4053  4303  9
1184    3437  3438  3443  13
1185     512  3927  3928  10
1186    4096  3444  3438  13
1187    3927   865   711  10
1188     512   572  3722  9
1189     764  1630  3222  10
1190    1668  1677  1967  10
1191    3300  3559  3167  13
1192    3887   692  3222  9
1193    2159   992  2240  13
1194    3611   387   390  12
1195    5191  4906  5065  13
1196     775   711   717  12
1197    3949  4868   396  9
1198     938   386   389  13
1199      40  1872   613  9
1200     389   386  3961  13
1201    5365  5406  5190  8
1202    5506  5502  5316  13
1203    1163  1145  1144  10
1204    3248   319  2660  11
1205    5373  5290  4313  8
1206      99  3792  3791  13
1207     922    52   906  9
1208    1109  1323    26  10
1209    5380  5353   620  4
1210      53   615  1567  9
1211     340  1471   621  11
1212     818  1008  2003  13
1213    1802   341  1801  11
1214     797  1564  1311  9
1215     623   172  1493  7
1216    1586  1575  1581  10
1217    1261  1397  1288  9
1218    2594   719   153  8
1219      63   625   617  9
1220    1376  1371  1373  9
1221     169  1371   626  9
1222     800  1099  1203  9
1223     567  1501   165  8
1224    1953  1555  1951  8
1225    1683   163  1682  9
1226     875   629   976  9
1227     802   177   629  9
1228    1359  1335  1352  9
1229    1312   183  1313  9
1230    1885   798  2012  8
1231     631   712   866  8
1232    1263  1526  1452  10
1233    1244   206  1243  9
1234    1169  1182  1183  10
1235     633   805  1141  9
1236    1107   804  1167  10
1237     634   806  1108  9
1238    1175   205  1141  10
1239     201  1199   635  9
1240    2348  2914   213  10
1241     636   769  2142  11
1242    3016  2387  1005  10
1243    1004   550   932  11
1244    2385   215  2446  10
1245    2502   902  2501  11
1246    1816  2008  2512  10
1247    2024  2023  2079  11
1248    2923  3013  1065  10
1249    1067   988  1040  11
1250     218  3918  3578  10
1251    3393  3198  3368  11
1252    4773  4769  4771  10
1253    4796  4794  4790  11
1254    4545   221  4539  10
1255    4579  4582  4584  11
1256    5867  5854   644  1
1257    5864    14  5816  2
1258    4010  5363    84  4
1259    5598  5448  5537  4
1260    4981  3689  4855  9
1261     813  5041  5471  9
1262    3961   881  5083  9
1263    5198   393   262  9
1264    3952  3773  4063  9
1265     394   263  4884  9
1266    1709  1262  1509  9
1267     191   184   649  9
1268     817  1779  1757  10
1269     650   818  1470  11
1270    1771  2533  1747  10
1271     812  1684   109  11
1272     910  2408  2436  10
1273    2143   754   702  11
1274    1778  1078  1326  5
1275     353  2112  1948  6
1276    4119  3893  4138  13
1277    3448   387  3447  13
1278    3686  3687   385  13
1279    3684  3434  3435  13
1280     481  5322  5106  8
1281    5034   656   261  9
1282    5479   394  5271  8
1283     263   394   657  9
1284    2909  4197  4196  10
1285    4851   450  3533  8
1286    3053   406  2886  5
1287     406  2788   667  6
1288    3495   407  4262  5
1289    3495   660  2765  6
1290    3843  4004  3327  5
1291    2794  1010  2793  6
1292     834  4428  3742  5
1293     414   743   429  6
1294    4180    82   663  5
1295     415  4179   430  6
1296    4927   664  3935  5
1297    3741   432  3936  6
1298    3593  4307   665  5
1299     419  3591   434  6
1300    3789   666   948  7
1301     948   404   420  6
1302    3696  3732  3736  7
1303    3260   739  2788  6
1304    3199  3371  3320  7
1305    3199  3370   407  6
1306    3005  3063  2905  6
1307    2903  3125  3060  7
1308    1012   741  1011  7
1309    3215  3326  3214  6
1310    3465  4216   675  7
1311    3937   671  3742  6
1312     838  4168   452  7
1313    4334   430  4168  6
1314    3764   677   673  7
1315    3762  3763  3761  6
1316    2104  2215  3135  8
1317    3694  2765   830  7
1318    5310  4430  5308  8
1319    4242   671  4368  7
1320     838  5692  5695  8
1321    4887   676   431  7
1322    5619  5242  4679  8
1323    3764  4238   677  7
1324    4084   953  3278  5
1325    2796  1017  2795  6
1326    3531   464  4263  5
1327    3531   679  3201  6
1328    5073   460  4975  5
1329    3771   477  3770  6
1330    5174  4857  3432  5
1331     470  3766   478  6
1332    3321  3200  3395  7
1333    3200  3372   464  6
1334    3201   474  3531  6
1335    3987   474  3201  7
1336    3951  4137  3770  7
1337     747   684  3768  6
1338    4335  4313  4172  7
1339    3944   478  3756  6
1340    3823  5177  5048  8
1341     845  4072  3201  7
1342    3243  3385  4089  8
1343    3678  3422  3595  7
1344    4449   498  4244  5
1345     848   688   502  6
1346    2574   494  3410  7
1347     501  2457   403  6
1348    4130  4151   849  7
1349     498   848   690  6
1350    3419  4076  4294  7
1351     503  3449   497  6
1352    3222  3563  3887  9
1353    1385   573  1618  10
1354    4836  5151  5152  9
1355    4838   957  1019  10
1356    5640  5459   750  9
1357     694   855  5444  9
1358    4834  4836   886  9
1359     517  5096   522  9
1360    5489  5112  5092  8
1361     857  5112   696  9
1362    5390  4845  5512  4
1363      19  4962  3910  5
1364     698  4212  4396  4
1365    4277   879  4393  5
1366    5383  5510  5570  8
1367    4910   960  4321  7
1368     752  4353  4225  7
1369     858  3428  3599  8
1370    4018  3451   753  7
1371    3451   701  3450  8
1372    2389  2308  3335  13
1373     754  2143   652  11
1374    2308   973  2306  13
1375     546   908   723  11
1376    2142  2259  2225  13
1377    2155   962  1024  11
1378    3360  3713  3920  13
1379     757   705  2290  11
1380    2091  2253  2111  13
1381    2497   963  1025  11
1382    4756  4734  4702  13
1383    4703  4704  4700  11
1384     890  2435  2290  10
1385    2772   888  2771  9
1386    1031  2847  2395  8
1387    1058   980  1031  9
1388    5065  5014  4177  13
1389    4178   765  4177  10
1390     711  3202   717  12
1391     865   966  3202  10
1392    2955  2851  2586  8
1393     187   712   631  8
1394    2068   190   713  8
1395    1578   713   278  9
1396    3685  5055  5070  13
1397    5845  5823  5846  1
1398    5854  5867   231  1
1399    2543  2842  2040  13
1400    3322   766   776  12
1401     777  5118  3760  13
1402     718  3702  3247  12
1403    2594   364   719  7
1404     778   799  2152  8
1405    1089  1090  1087  7
1406     720  1248   970  5
1407      12  3281  2958  4
1408      73   920   789  4
1409     377   378  2226  8
1410    1738  1769  1667  8
1411    2728  3267  2741  10
1412    2149   703   907  11
1413     365   873   595  8
1414     366   595   724  7
1415    1776   782  2005  8
1416    1080  1696  1192  7
1417    1800   783  1873  9
1418    1794  1800  1774  8
1419    1421   359  1223  8
1420     147   146  1421  9
1421    4525  4490  4521  13
1422    4478  4500  4497  9
1423     784  4863  4979  2
1424    3772   730   915  1
1425     729   878  5201  1
1426    4962    19  3450  5
1427      19  3452   753  8
1428    4381  4277  3600  5
1429     534   879   732  8
1430    1321  1346  1544  9
1431    1404   997  1322  10
1432    1296  1252  1297  10
1433     610  1254   788  9
1434    4629  4619  4623  10
1435    4629  4623  4598  10
1436    3454  5268  3894  9
1437     655  3613   771  13
1438     737  5351  5279  4
1439    3416  3889  3593  5
1440    4011  4165   737  5
1441    3769   828   665  6
1442     437  3630  3633  7
1443     659  3203   739  6
1444    3579   668  3394  7
1445     668  3204   831  6
1446    4103  5028  3560  8
1447    1011   741   670  7
1448    3418   883   428  6
1449    4216   883   450  7
1450    4367  3778  4242  7
1451    3778  4241   834  6
1452    3465   675   744  7
1453    3465  4215   823  6
1454     884   673   677  7
1455     673  4181   836  6
1456    3331   953  4084  5
1457     678  3455   840  6
1458    4062  4137   485  7
1459     468  3770   747  6
1460    3332  1841  3221  9
1461    1385  1618  1425  10
1462    5152   886  4836  9
1463     570   886   749  10
1464    5640  5100  5459  9
1465     524  5544   523  9
1466    3431  3754  3942  7
1467    3458   700  3457  8
1468     534  4214  3459  7
1469    3459    21   879  8
1470    4019  3452  3861  7
1471    3452    19   731  8
1472    1802  1884  2951  13
1473     652   110   754  11
1474    2354  1921  2410  13
1475    1934   211  1933  11
1476    2371  2416  2150  13
1477     213   893   756  11
1478    3179  3147  3169  13
1479    2298   757   214  11
1480    2519  1923  1037  13
1481    1023  2137  2138  11
1482    4702  4738  4740  13
1483    4658  4655   220  11
1484    3991  3829  2771  10
1485     895  2145  2146  11
1486    2423  2444  2461  10
1487     978   984   564  9
1488    2298   214  2824  10
1489    3460  3461   986  9
1490    1987   898  1809  8
1491     763   980  1030  9
1492    4218  3517  4356  13
1493     692  3513   764  10
1494    5243  5244  5040  13
1495    4833  4834   886  10
1496    2303   993  2386  12
1497    1899  1383  1069  10
1498    2815  2088  2089  13
1499     901  2148   981  11
1500    2616   899  2300  13
1501     768   902   983  11
1502    2245   931  1938  13
1503     931  1935   807  11
1504    4002  4860  3280  13
1505     342   702   770  11
1506    3960  5035   938  13
1507    3454  3614  3453  13
1508    4805  4797  4792  13
1509    3453  4849  3613  13
1510     774  5876  5824  1
1511    2918  2919  2812  13
1512    4052   572  3928  12
1513    1042  1424  1827  13
1514    1382  1383   573  12
1515     777   593  3976  13
1516     596   593   777  12
1517    2152  2569  2405  7
1518     799   778   154  8
1519    1087   911  1089  7
1520     779  1112  1027  5
1521    3263  2825  2453  10
1522     723   973   546  11
1523    2546  2713   291  10
1524     781   912  2149  11
1525     168   162  1867  9
1526    1754  1603  1755  7
1527    1302   594   111  9
1528    1689   594  1688  8
1529    3205  3883   915  2
1530     915   784  3772  1
1531    3206   544  3205  1
1532    4280  3618  3725  7
1533    3427    18   537  8
1534    4846  5025  5050  7
1535    3463   999   918  8
1536    1328   788  1406  10
1537    1249   734  1250  9
1538    2337   618  2481  3
1539     920    73   721  4
1540    1541  1309  1721  10
1541    1310   921    44  9
1542    1475  1566   921  10
1543     906   791   922  9
1544    1720  1282  1607  10
1545     615   792  1281  9
1546    1654  1996    64  10
1547     154    64   793  9
1548    3777   600   829  5
1549    3207   794   618  4
1550    4727   219  4725  10
1551    4732   559  4723  11
1552    3075  2926  3015  10
1553    2151   893   213  11
1554    1535   926   113  9
1555     926  1190   174  7
1556     186  2048  2049  8
1557     798   967  1453  8
1558    2152   625   719  8
1559     617   799   793  9
1560    1203  1099  1149  9
1561     800   928  1002  8
1562    1732  1830  2177  7
1563     928  1292  1423  8
1564    1862  2511   189  8
1565    1646   802   629  9
1566    1313   160  1414  9
1567    1313   803  1312  9
1568    1106   204  1204  10
1569    1106  1119   203  9
1570    1174  1113  1184  10
1571    1113   633   806  9
1572    1119  1135   203  10
1573     633  1113   805  9
1574    2414  2106  2127  10
1575    1935   931   769  11
1576    2298  2824  2931  10
1577     932   808  1004  11
1578    2950  2845  1034  10
1579    1038  1065  2153  11
1580    3723  3731  3734  13
1581    1046  3723  1007  11
1582    4577  4594  4602  13
1583    4595  4610  4611  11
1584    1928  2321   341  10
1585     109  1801   812  11
1586    4852  4971  3681  9
1587     391  5034   813  9
1588     137  4322  4102  8
1589    3497   814   646  9
1590    1705  1771  1747  10
1591     108  1685   815  11
1592    3826  5381  5318  8
1593    5087  5088   262  9
1594    1772   340  1597  10
1595    1472   107  1471  11
1596    1766   106  1661  13
1597     106  1604   339  11
1598    1962  2102  5158  13
1599    1685   819   651  11
1600    3774  3955  4139  13
1601     654  3952   821  13
1602    4094  4149  4014  9
1603    3774  3954  3773  13
1604      82  5519   663  5
1605    4837   822   429  6
1606    4549  4605  4355  5
1607    4215   744   662  6
1608    4004   661  3327  5
1609     661  3466   825  6
1610     942  3648  3705  7
1611     941  3467   824  6
1612    4837  5293   945  7
1613     663  4837   826  6
1614     827  5275   453  7
1615     664  3775   827  6
1616    4050   947  3715  7
1617     946  3769   738  6
1618     829   944  3777  5
1619     666   944   829  6
1620    3496  3631  3694  7
1621     667  2886   406  6
1622    4345  4435  4203  5
1623    3204   668   740  6
1624    3173  3152  2902  5
1625     669  3001   832  6
1626    3376  1014  3219  5
1627    3209   742  1013  6
1628    4458  4354  4291  8
1629    4241   743   414  6
1630    4182   620   835  5
1631     672  4182   835  6
1632    4117  4327  4409  5
1633    4181   673   745  6
1634     423  3184  3362  7
1635    3266  3165  3134  8
1636     838   452  5692  8
1637    4168   838   672  7
1638    5616  5500   453  8
1639     432   453   839  7
1640     952  3649  3706  7
1641     951  3456   746  6
1642    5087  5413   816  8
1643    5479  5290  5405  8
1644    3193  3364   473  7
1645     682  3210   844  6
1646     479   487   843  7
1647     681   479   843  6
1648    4371  4432  4465  5
1649    3210   682   842  6
1650    3975  2775  3804  7
1651    2775   465   683  6
1652    3536  1018  3212  5
1653    3211  3212  1018  6
1654     394  5479  5405  8
1655    4059   685  3943  7
1656    3678   687  3730  7
1657     688   848   498  6
1658    4167  4161  4332  8
1659     849  4099  4130  7
1660    3385  4009  4089  8
1661    3469   499  3468  6
1662    2641  4309  2575  5
1663     689  3468   851  6
1664    4431  4464  4369  5
1665     497  3470   503  6
1666    4343  3420  4201  5
1667    3420   853  3419  6
1668    1020  5595  5485  13
1669    5100  5101  1020  10
1670    4843  5510  5436  8
1671    5199  5200  5094  9
1672    4361  5555  5488  8
1673     695  5272   856  9
1674    3333  4959  5024  9
1675     518  4840   521  9
1676    4394  4212  4020  5
1677     959  3457   751  8
1678    4842   859  4961  5
1679    3471   535    20  8
1680    2929  2291  2380  10
1681    2425   549  2380  11
1682    3163  3524  3176  10
1683    1053  1073  1026  11
1684    4660  4657  4658  11
1685    4668  4667   961  11
1686    4222   445   444  8
1687     979  2791   891  9
1688    5096   517  4886  9
1689    4183   710  3513  10
1690     396  4868   265  9
1691    3927   711  3721  10
1692    1768   866  1865  8
1693     631   866  1686  8
1694    5844   224  5843  1
1695    5781   968  5742  1
1696    3245  2595  4231  13
1697      88   869  2499  12
1698    1600  2165  1325  5
1699    1600   343    70  5
1700    1904   721    73  4
1701     721  1473   920  4
1702    2438  2195  2354  13
1703     972   872  2139  11
1704    2484  2485   153  9
1705     873   724   595  8
1706    1867   162   874  9
1707    1776   874   725  8
1708    1774  1731  2171  8
1709     976   629   177  9
1710    1173  1136  1137  9
1711     975   876  1091  8
1712    4056  4876  3940  13
1713    4475  4476  4480  12
1714       6  5102   543  1
1715    3428  4393    21  5
1716      21  3459   752  8
1717    1251  1280  1249  10
1718      32   734   880  9
1719    4980  4869   736  9
1720     736  3779   905  13
1721    4091  4092  3854  5
1722     433  3472   882  6
1723    3218   450   883  7
1724    3218   413  3217  6
1725    5115  5148  5372  8
1726     673   884   745  7
1727    3611  3436  4269  13
1728    4836  4834  4835  9
1729    4834   765   514  10
1730    4972  5033  5056  13
1731    2435  2674  2403  10
1732     565  3780   888  9
1733     638  2434  2299  10
1734     551  2299   889  11
1735    2404   760  2146  10
1736     760  2154   895  11
1737    2452  2345  2402  10
1738    2792   708  2791  9
1739    2422  2462  2288  10
1740     985  1035   896  9
1741    2371   548  2278  13
1742    2150  2151   796  11
1743    1942  2033  2111  13
1744    1942   217  1941  11
1745    2841  2145  2947  13
1746    2154   760   890  11
1747    2328   896  1035  8
1748    2322  1035   985  9
1749    3569  3958  3570  8
1750     762  3781   897  9
1751    1809   898  1806  8
1752     563  1806   898  9
1753    2538  2300   551  13
1754     638  2300   899  11
1755    1871  1891  1793  13
1756     640  1055  1818  11
1757    3032  2944  1070  10
1758    1070  1056  1076  11
1759    1041  2301  2428  10
1760    2310  2301  1041  11
1761    2352  1040  2189  13
1762    4637  4596  4627  13
1763    4849  3453  4968  13
1764    3957   991  3779  13
1765    1370   906  1500  10
1766      52    51   906  9
1767    1933  2120  2535  10
1768     703  1933   907  11
1769    1937   781  2397  10
1770    1937   994   912  11
1771     992  1042  1827  13
1772    2812  2303  2302  12
1773    2156   780  2347  10
1774    2156   545   972  11
1775    1093  1079  1086  7
1776     911  1082  1083  5
1777    2454   703  2464  13
1778     994  1937   908  11
1779    1432  1406  1254  10
1780    1250   913  1249  9
1781    4960  3429  5025  7
1782     914   996  3430  8
1783    3251  2631  3547  2
1784     730  3205   915  1
1785    4018  4019   531  7
1786     608  3474   916  8
1787    3475   608  3671  5
1788    3475   786  3474  8
1789    4383   998  4279  5
1790     998   918  3479  8
1791    1217  1124  1194  10
1792    1115  1123  1114  9
1793    1473  1912  2070  3
1794    1473   721   871  4
1795    1281  1499  1546  10
1796    1475   790  1474  9
1797     922  1333    52  10
1798     791  1253   922  9
1799     795  4766  4764  10
1800    4778  4769   923  11
1801    4715  4948  4694  13
1802    4755  4767   924  11
1803    1977  2046  2045  8
1804     578   186   925  8
1805     113  1690  1535  9
1806     174   113   926  7
1807     155  1221  1001  9
1808     927  1092  1094  8
1809    1423  1553   928  7
1810    1423   627   801  8
1811    1312  1353   183  9
1812    1305  1335   630  9
1813    2366  2257  2367  10
1814    1938   930   547  11
1815    2245  1938  2195  13
1816     807  1938   931  11
1817    2824   214  2403  10
1818     550  2298   932  11
1819    2539   933  1045  13
1820    2387  2304  1045  11
1821    1003  2217  1924  10
1822    1037  1923  1924  11
1823    3787  3963  3738  11
1824    4828   936  4245  11
1825    4252  3787  4250  10
1826     935  4814  4815  11
1827    1959  2037  1605  10
1828     818   650   937  11
1829    3960   938  3783  13
1830     820  3782   939  13
1831    4992  4884  4159  9
1832    1009  3783   938  13
1833    5514  5517  5218  4
1834    5519   822   663  5
1835    3362   438  3666  7
1836     824   423   941  6
1837     301  3425  3679  8
1838    3535   825  3648  7
1839    2794  3295  3357  5
1840     409  2793   424  6
1841    4106  1875  2832  5
1842    3213   944   666  6
1843     945  5293  5481  8
1844    4837   945   826  7
1845     454  4217  3473  7
1846    3473   738  3472  6
1847    4305  4030  2374  10
1848    3922   828   946  7
1849    2839  2017  3789  7
1850     404   948   829  6
1851    3217  3850  1013  5
1852    1013   949  3209  6
1853    3662  3374  3215  7
1854     427  3324   412  6
1855    3364   481  3667  7
1856     746   473   951  6
1857    5204   952  3577  8
1858    3537   840  3649  7
1859    2796  3000  3278  5
1860     371  2795   360  6
1861     841  4079   684  7
1862     846   684   954  6
1863    3865  4022   493  7
1864     852  3784   955  6
1865    3865   493  4100  7
1866    3449   956   853  6
1867    4906  5234  5524  13
1868    4838  1019   693  10
1869     958  5593  5459  9
1870    5273   958  5095  10
1871    4175  3862   959  5
1872     751  4174   959  8
1873     701  4321   960  7
1874     859   701   960  8
1875     220  4649  4651  10
1876    4656  4660  4666  11
1877    5017  3817  4929  10
1878    2155  1024   704  11
1879    2911  2309  3008  10
1880    1022  2498   706  11
1881    3107  5012  4427  13
1882     964  1026  1052  11
1883    4738  4786  4740  13
1884    4683  4673  4686  11
1885    4868  4867   865  9
1886    3322   966   766  10
1887    2050  1676  2514  8
1888    1686   967   798  8
1889    5781   233  5767  1
1890    3702  5125   869  13
1891    2499   969    87  12
1892    1171  1132  1156  5
1893    1112  1102   970  5
1894     720  1102  1131  7
1895    1195   870  1248  5
1896    4002  3514  4860  13
1897     545  2156   910  11
1898     872  4024  2306  13
1899    2306  2305   974  11
1900    2398  2305   723  10
1901    2305  2306   973  11
1902    1173  1210  1158  9
1903     575   142   975  8
1904    2235  2264  2173  8
1905     177   188   976  9
1906     359  1421   146  8
1907     574  1126  1116  8
1908    2444  2470  3504  10
1909     564  2500   978  9
1910     979  3383  3338  8
1911     891  2599   979  9
1912    2432  2353  2450  10
1913    1058   709   892  9
1914    2552  1059  2339  13
1915    2029  1059  2028  11
1916    1905  1820  1066  13
1917    1062  1992   982  11
1918    2402  2434  2452  10
1919     768   983   899  11
1920    3543  3238   564  8
1921     761   896   984  9
1922    2378  2423  2461  10
1923     896   761   985  9
1924    3016  3077  2927  10
1925    3461   299   298  9
1926    2687  2710  2876  13
1927    1036  1065   809  11
1928    2126  2096  2116  10
1929    1034  1050   900  11
1930    1074  1033  2054  10
1931    1071  1054  1074  11
1932     990  2677  2458  13
1933    2501   990  2502  11
1934    5036  3786   386  13
1935     881  3786   991  13
1936    1042  1382  1424  13
1937     992  1043  1069  12
1938     513  3224  3225  10
1939    1043  2159  2522  12
1940     973  2389   546  13
1941     908   546   994  11
1942    1544  1569  1321  9
1943    1254   995   913  9
1944    3925   732  4277  5
1945    3480   996   914  8
1946    1217   919  1124  10
1947     919  1044  1000  9
1948    3926   609  3430  5
1949     787   609   998  8
1950    4844   999  3462  7
1951    3462  3463    20  8
1952    1290  1180  1266  10
1953    1044   919   997  9
1954    1202  1149   927  9
1955     568   155  1001  8
1956    1095  1193  1103  7
1957    1092   927  1002  8
1958    2110  2032  2090  10
1959     555  2032  1003  11
1960    3575  3713  2539  13
1961     808   933  1004  11
1962    1005  3076  3016  10
1963     933   808  1005  11
1964    4795  4788  4793  10
1965    4821  4249  4812  13
1966    3731  3464  3724  13
1967    3914   218  3615  11
1968    1661  1736  1766  13
1969    1604  1008   937  11
1970     389  3961  4984  9
1971     938   389  1009  13
1972    3216   825  3535  7
1973     943  3216  1010  6
1974    1012  1011   950  7
1975     950  1048  1016  6
1976    4103  4032  4966  8
1977    3374  1012   950  7
1978     413  3399  3217  5
1979     742  3217  1013  6
1980    3376  3219  3330  5
1981    3219  3329  1015  6
1982    3329  3561  1047  7
1983    3329  1014   670  6
1984    3584  3409  3326  5
1985    1048   950  1011  6
1986    3220   840  3537  7
1987     953  3220  1017  6
1988    3536  3212  3534  5
1989    3212   476   467  6
1990    5332   749  5152  9
1991     957   749  1019  10
1992    5643  5554  5486  13
1993    5101   515   571  10
1994    3029  2941  2498  13
1995     861   706  1021  11
1996    3132  3008  3067  10
1997     706   861  1022  11
1998    2910  2090   217  10
1999     758  2309  1023  11
2000     756  2415  2157  13
2001     962  2157  1024  11
2002    2138   894  2528  13
2003     963  2390  1025  11
2004    4219  4357  4456  10
2005    1073   556   641  11
2006      71  1083  1085  5
2007     779  1027  1087  5
2008    1055  1822  1890  13
2009    1064  1818  1988  11
2010    1071  2602  2509  13
2011    1075   901  2158  11
2012    2080  2107  2122  10
2013     763  1030   898  9
2014    1987  1809  1813  8
2015     980   763  1031  9
2016    2745  3972  3803  8
2017    1077  1057  1944  11
2018    1060  2097  1984  10
2019    1072  1793  1984  11
2020    2344  2056  2554  10
2021     900  1061  1034  11
2022     709  2395  1936  8
2023    1936  2322   892  9
2024    2555  2628   900  13
2025     809  1063  1036  11
2026    1945   987  2664  13
2027     934  1945  1037  11
2028    2357   934  1924  10
2029    1946   987  1945  11
2030    2096  2053  1824  10
2031    1992  1039  1820  11
2032    1895  1049  1823  13
2033     988  1049  1040  11
2034    2428  2301  2385  10
2035    2301  2310   552  11
2036    1382  1068  1513  13
2037    1382  1042  1383  12
2038    3223  1666  1840  10
2039    2522   909   993  12
2040    1290  1164  1180  10
2041     997   788  1044  9
2042    2304   549  2617  13
2043    2304  2387   637  11
2044    3932  3690  3930  10
2045    1007  3962  1046  11
2046    4851  3533  4970  8
2047    3329  1047  1015  7
2048    1014  3847   833  5
2049    1011   833  1048  6
2050    1895  1823  1878  13
2051    1823  1993  1062  11
2052    1049  2189  1040  13
2053    1067  1050  1034  11
2054    2509  2534  1871  13
2055    2158  1051  1075  11
2056    3132  3176  3068  10
2057     964  1052  1021  11
2058    3292  5800  5717  13
2059    1026   964  1053  11
2060    1029  2602  1071  13
2061    1071  1074   989  11
2062    1891  1903   767  13
2063    1822   640  1821  11
2064    2837   989  1074  10
2065    1070  1076  1029  11
2066    2836  1075  1056  10
2067    2148  1057  2147  11
2068    2523   980  2608  10
2069     709  1058  1031  9
2070    2087  2088  1940  13
2071    2085  2108  2031  11
2072    1821   640  2055  10
2073     767  1821  1060  11
2074    2130  2099  2344  10
2075    1063  1061   900  11
2076     988  1067  2056  10
2077    1993  1049   988  11
2078    2352  1050  1040  13
2079    1061  1063   809  11
2080    1039  2096  1824  10
2081    1824  1825  1066  11
2082    2818  2924  1946  10
2083    1038  2153   987  11
2084    1988  1989  1990  13
2085    1825  1064  1028  11
2086    2056  2845  2554  10
2087    1050  1067  1040  11
2088     569  1521  1384  13
2089    1385  1068   573  12
2090    3377  1666  2190  9
2091     992  1069  1042  12
2092    2054  2837  1074  10
2093    1029   989  1070  11
2094    1029  1076  2662  13
2095     989  1029  1071  11
2096    1054  1071  2509  13
2097    1033  1054  1072  11
2098    3524  1052  4219  10
2099     556  1073  1053  11
2100    1033  1984  2054  10
2101    1054  1033  1074  11
2102    2125  2530  2054  10
2103    1051  1056  1075  11
2104     981  2624  2158  13
2105    1056  1051  1076  11
2106    2339  1059  2029  13
2107    1943  1944  1032  11
2108    1118  1256  1081  5
2109    1603  1754   349  7
2110    1086    72  1097  7
2111      71    72  1079  5
2112      71  1085  1101  5
2113    1696  1412  1192  7
2114    1085  1083  1084  5
2115    1081  1080  1192  7
2116    1084  1082  1027  5
2117    1087  1082   911  5
2118    1084  1083  1082  5
2119     911  1083  1079  5
2120     970  1248  1122  5
2121    1081  1097  1118  5
2122    1088  1085  1084  5
2123    1192  1097  1081  7
2124    1347  1195  1324  7
2125    1079    72  1086  7
2126    1082  1087  1027  5
2127    1093   911  1079  7
2128    1112  1132  1027  5
2129    1118  1088  1209  5
2130    1191  1098  1089  7
2131     779  1121  1102  7
2132    1098  1090  1089  7
2133    1121   779  1090  7
2134     876   977  1091  8
2135    1134  1127  1091  8
2136    1002   927  1099  8
2137    1002   928  1193  7
2138    1086  1089  1093  7
2139    1089   911  1093  7
2140     927  1094  1001  8
2141    1095  1092  1002  7
2142    1737  1974  1148  7
2143    1094  1095  1096  7
2144    1096  1103  1100  7
2145     155   568  1100  7
2146    1097  1101  1118  5
2147    1101    72    71  5
2148    1089  1086  1191  7
2149    1195   720  1324  7
2150    1099   800  1002  8
2151    1202   927  1001  9
2152    1103  1096  1095  7
2153    1606  1165  1181  7
2154    1085  1088  1101  5
2155    1118  1101  1088  5
2156    1112   779  1102  5
2157    1121  1131  1102  7
2158    1095  1002  1193  7
2159    1181  1215  1606  7
2160    1164  1115  1125  10
2161    1152    30    31  10
2162    1479  1705  1150  10
2163    1196  1477  1105  10
2164    1106  1204  1151  10
2165     203   204  1106  9
2166     202   804  1107  9
2167    1167   804  1151  10
2168     806  1169  1108  10
2169     634  1108  1107  9
2170    1129  1130  1120  10
2171    1155  1208  1130  9
2172    1299  1301  1283  9
2173    1109    26  1110  10
2174    1129  1283    27  9
2175    1363  1327  1111  9
2176     970  1102   720  5
2177    1122  1112   970  5
2178     806   634  1113  9
2179    1107  1166   634  10
2180    1123  1115    31  9
2181      30  1265  1123  10
2182    1180  1164  1125  10
2183    1125  1114  1124  9
2184    1126   574   977  8
2185    1133  1314  1136  9
2186    1127  1134  1205  8
2187    1857  1157  1533  7
2188    1171  1209  1088  5
2189    1118  1209  1256  5
2190     804  1119  1106  9
2191    1128  1119   202  10
2192    1130    27    28  10
2193    1650    33  1362  10
2194    1121  1098  1131  7
2195    1090  1098  1121  7
2196    1122  1325  1405  5
2197    1084  1171  1088  5
2198      31    30  1123  9
2199    1947  1168  2034  9
2200    1114  1125  1115  9
2201    1114  1194  1124  10
2202    1000  1266  1180  10
2203    1124  1000  1125  9
2204     977   876  1126  8
2205    1173  1133  1136  9
2206    1134  1091   977  8
2207    1153  1127  1260  8
2208    1200  1201  1198  10
2209    1128  1183  1196  10
2210    1120  1110  1129  10
2211    1283  1129  1299  9
2212      28  1155  1130  9
2213      27  1130  1129  10
2214    1345  1098  1191  7
2215    1131  1324   720  7
2216    1132  1122  1156  5
2217    1084  1027  1132  5
2218    1136  1116  1126  9
2219    1534  1314  1562  10
2220    1654    64  1532  8
2221     574  1172   977  8
2222    1196  1135  1128  10
2223    1105   203  1135  10
2224     876  1137  1126  9
2225    1136  1126  1137  9
2226     876   975  1137  9
2227    1137  1210  1173  9
2228    1197  1138   196  10
2229     195   196  1138  9
2230     197   194  1139  9
2231    1204  1222  1233  10
2232     205  1198  1140  9
2233    1169   806  1182  10
2234     805  1113  1174  10
2235     633  1141  1140  9
2236    1142  1284  1285  9
2237    1230  1391    51  10
2238    1189  1276  1216  10
2239      42  1177  1186  9
2240    1628  1144  1514  10
2241    1163  1361  1356  9
2242    1428  1270  1392  9
2243    1179    47  1178  10
2244      47  1179  1343  9
2245    1316  1357    57  9
2246    1186  1228    43  10
2247      31  1264  1152  10
2248    1478  1103  1193  7
2249    1681   156   152  9
2250    1835  1232  1614  9
2251    1099   927  1149  9
2252     195  1259  1150  10
2253    1494  1271  1197  10
2254    1211  1166  1275  10
2255     804  1106  1151  10
2256    1289  1706  1168  10
2257    1164  1264    31  10
2258    1127  1205  1260  8
2259    1288   142  1153  8
2260    1182   806   633  10
2261    1154  1108  1169  10
2262    1960  2038  1609  10
2263     611    29  1323  9
2264    1122  1248  1325  5
2265    1081  1256  1080  5
2266    1172  1369  1205  8
2267    1172  1134   977  8
2268    1133  1173  1158  9
2269    1468   147  1534  10
2270    1291  1175  1159  10
2271    1141   805  1159  10
2272    1161  1212  1160  9
2273    1185  1189  1216  10
2274    1235  1161  1238  10
2275    1225  1142  1207  9
2276    1162  1163  1179  10
2277    1214  1178  1187  9
2278    1365  1356  1361  9
2279    1145  1163  1162  10
2280    1263   200   207  10
2281      31  1115  1164  10
2282    1188  1215  1181  7
2283    1165  1613  1394  9
2284    1275  1166  1151  10
2285    1159  1174  1211  10
2286    1151  1166  1167  10
2287    1166  1107  1167  10
2288    1265  1289  1168  10
2289    1194  1265    25  10
2290    1140  1201  1220  10
2291    1154  1169  1183  10
2292    1170  1227  1226  9
2293    1208  1120  1130  9
2294    1132  1171  1084  5
2295    1209  1171  1156  5
2296    1157  1117  1205  8
2297    1134  1172  1205  8
2298     975  1210  1137  9
2299    1210   975   142  9
2300    1184  1113   634  10
2301    1174  1184  1211  10
2302    1559  1558  1399  10
2303    1199  1175  1267  10
2304    1212  1176  1185  9
2305    1161  1235  1212  10
2306    1147  1317    42  10
2307      42  1186    43  9
2308      47    48  1178  10
2309    1187  1178    48  9
2310    1315    47  1343  9
2311    1162  1179  1178  10
2312    1044  1266  1000  10
2313    1044   788  1328  10
2314    1100  1215  1188  7
2315    1274  1394  1614  9
2316     632  1244  1451  10
2317    1154  1183  1128  10
2318    1198  1201  1140  10
2319    1196  1105  1135  10
2320     634  1166  1184  10
2321    1211  1184  1166  10
2322    1176  1177  1185  9
2323    1189  1185  1177  10
2324    1177  1176  1186  9
2325    1176  1212  1229  10
2326    1316    48  1146  9
2327      57    56  1187  9
2328    1215  1100  1103  7
2329    1221  1232  1202  9
2330      42  1189  1177  10
2331    1395  1276  1402  10
2332     344  1304  1386  7
2333     797  1190   926  7
2334    1192  1086  1097  7
2335    1707  1435  2164  7
2336    1080  1078  1696  7
2337    1412  1345  1191  7
2338    1553  1423  1512  7
2339    1606  1648  1671  7
2340    1114  1123  1265  10
2341    1358  1416  1322  10
2342    1318  1131  1098  7
2343     343   971  1496  7
2344    1526  1447  1452  10
2345    2622  2560  2373  10
2346    1319   196  1150  10
2347    3191  3718   315  9
2348    1199  1198   205  9
2349    1198   201  1200  10
2350    1198  1199   201  9
2351     205  1175  1199  10
2352    1200   201  1403  10
2353    1220  1320  1182  10
2354    1526  1430  1447  10
2355    1140  1220   633  10
2356    1231   155  1188  9
2357    1001  1221  1202  9
2358    1268  1203  1149  9
2359    1380   800  1203  9
2360    1222  1204   204  10
2361    1233  1151  1204  10
2362    1260  1205  1117  8
2363    1369  1172   574  8
2364    1185  1216  1160  10
2365    1224  1206  1207  9
2366    1547  1502  1285  10
2367    1142  1225  1143  9
2368    1120  1227  1109  9
2369    1226  1208  1155  9
2370    1156  1122  1405  5
2371     349  1754  1975  5
2372    1288  1210   142  9
2373    1158  1210   624  9
2374    1275  1151  1233  10
2375    1275  1398  1211  10
2376    1229  1213  1176  10
2377    1160  1212  1185  9
2378    1235  1238  1239  10
2379    1293  1273  1228  10
2380    1270  1145  1162  9
2381      56  1392  1187  9
2382    1215  1103  1478  7
2383    1478  1648  1215  7
2384    1206  1234  1237  10
2385    1224  1216  1234  10
2386    1358    25  1346  10
2387     919  1217  1322  10
2388    1319  1494  1197  10
2389    1241  1480  1482  10
2390     201   632  1403  10
2391    1182  1320  1183  10
2392    1201  1200  1320  10
2393    1182   633  1220  10
2394    1274  1188  1181  9
2395    1231  1221   155  9
2396    1704  1105  1477  10
2397    1259  1479  1150  10
2398    1157  1205  1369  8
2399    1157  1369  1387  8
2400    1161  1160  1224  9
2401    1160  1216  1224  10
2402    1207  1206  1225  9
2403    1234  1206  1224  10
2404    1155    33  1226  9
2405      33  1170  1226  9
2406    1226  1227  1208  9
2407    1272  1170   611  9
2408    1213  1239  1293  10
2409    1770  1612  1722  10
2410    1238  1161  1207  10
2411    1229  1212  1235  10
2412     922  1253  1298  10
2413    1239  1213  1229  10
2414    1231  1274  1232  9
2415    1202  1232  1149  9
2416    1188  1274  1231  9
2417    1717  2329  2319  9
2418    1479  1259  1350  10
2419    1486  1484  1330  10
2420    1234  1216  1276  10
2421    1143  1225  1236  10
2422    1142  1388  1207  10
2423    1229  1235  1239  10
2424    1395  1234  1276  10
2425    1309    38    39  10
2426    1234  1236  1237  10
2427    1236  1225  1237  10
2428    1239  1238  1388  10
2429    1238  1207  1388  10
2430    1730  1639  1391  10
2431    1770  1743  1393  10
2432     611  1323  1272  9
2433     913  1429  1432  10
2434    1277   197  1294  10
2435    1242  1330  1480  9
2436    1291  1267  1175  10
2437    1241  1389  1242  9
2438     206  1244   632  9
2439     207  1558  1245  10
2440    1675  1966  2667  10
2441    1243   200  1244  9
2442    1558   635  1267  10
2443    1571   192  1640  10
2444    1278  1331  1295  7
2445    1540  1278  1488  9
2446    1247   172  1279  5
2447    1450  1426  1445  6
2448     870  1195   971  5
2449    1325  1248   870  5
2450     913   995  1249  9
2451     995  1251  1249  10
2452    1441  1522  1432  10
2453     734    32  1250  9
2454    1404  1506   610  10
2455      29  1443  1323  10
2456     734  1280  1297  10
2457    1280   734  1249  10
2458    1281  1253   791  9
2459    1282  1253   792  10
2460     995  1254   610  9
2461    1429  1250    32  10
2462    1301  1608  1649  9
2463    1111    27  1255  9
2464    1256  1209  1619  5
2465    1080  1256  1326  5
2466    1236  1489  1284  10
2467    1257  1258  1285  9
2468    1549  1503  1329  10
2469    1329    41    44  9
2470    1259  1139  1287  10
2471    1536  1350  1233  10
2472    2181  1117  1615  8
2473     141  1261  1616  8
2474    1153  1396  1288  8
2475    1585   624  1397  9
2476     112  1334  1741  7
2477    2204  1845  2205  10
2478    1557  1290  1522  10
2479    1147  1273  1393  10
2480    1164  1290  1491  10
2481    1152  1626  1490  10
2482      25  1265  1168  10
2483    1289    30  1152  10
2484     788  1254  1406  10
2485    1328  1290  1266  10
2486    1211  1398  1159  10
2487    1291  1505  1267  10
2488    1232  1268  1149  9
2489     627  1601  1501  9
2490     614  1514    55  9
2491    1270  1162  1214  9
2492    1392  1214  1187  9
2493    1270  1428  1427  9
2494    1241  1482  1483  10
2495    1218  1197  1271  10
2496    1109  1227  1272  9
2497    1170  1272  1227  9
2498    1228  1213  1293  10
2499    1273  1612  1393  10
2500    1165  1394  1181  9
2501    1274  1181  1394  9
2502    1259  1287  1350  10
2503    1486  1350  1484  10
2504    1189  1317  1402  10
2505      38  1834   612  10
2506    1294   197  1218  10
2507     194   197  1277  9
2508     172  1295   176  7
2509     623  1488  1278  9
2510    1634  1351  1726  5
2511    1634  1497  1351  5
2512     734  1297   880  10
2513    1296  1251   733  10
2514    1253  1281   792  9
2515    1499   791  1370  10
2516    1607   792    53  10
2517    1293  1973  1722  10
2518    1110  1299  1129  9
2519    1110    26  1300  9
2520    1143  1236  1284  10
2521    1142  1143  1284  9
2522    1258  1329  1503  10
2523    1257  1285  1284  9
2524    1395  1489  1236  10
2525    1258  1257  1286  9
2526    1484   194  1330  10
2527    1242  1480  1241  9
2528    1396  1153  1260  8
2529    1745  1261   141  9
2530    1490  1289  1152  10
2531    1289  1490  1706  10
2532    1328  1266  1044  10
2533    1522  1406  1432  10
2534    1291  1159  1398  10
2535    1398  1505  1291  10
2536     928   800  1292  8
2537    1380  1381  1292  9
2538    1239  1388  1548  10
2539    1722  1612  1293  10
2540    1218  1271  1294  10
2541    1485  1400  1481  10
2542     623  1295   172  7
2543    1331  1278  1246  7
2544    1251  1296  1280  10
2545    1321  1569  1506  9
2546    1296  1297  1280  10
2547    1442    29   880  10
2548    1298  1282  1332  10
2549     922  1298  1333  10
2550    1300  1299  1110  9
2551    1300  1301  1299  9
2552    1518    26  1401  9
2553    1301  1255  1283  9
2554      26  1518  1300  9
2555    1882  2010  1518  9
2556    1302  1848  1688  9
2557    1688   594  1302  9
2558    1742  1303  1860  6
2559    1657  1531  1836  4
2560    1852  1708  1496  7
2561    1690   113  1304  7
2562     630   182  1305  9
2563     166  1554  1629  9
2564    1306  1408  1410  9
2565    1359  1417  1436  9
2566     612  1342  1338  10
2567    1474  1341  1340  10
2568    1411  1342   612  9
2569    1307  1342  1308  10
2570    1542  1257  1489  10
2571      38  1309  1609  10
2572    1721    41  1541  10
2573      44    41  1310  9
2574     173   797  1311  7
2575    1488   623  1539  9
2576     803   929  1312  9
2577     929  1305  1354  9
2578    1411  1517  1434  9
2579     183   160  1313  9
2580    1136  1314   727  9
2581    1575  1133  1158  10
2582    1437  1378  1377  9
2583    1146    47  1315  9
2584    1357  1316  1146  9
2585      57  1187  1316  9
2586    1393  1695  1147  10
2587    1617    33  1650  10
2588    1318  1098  1345  7
2589    1852  1690  1304  7
2590    1222  1704  1536  10
2591    1319  1705  1747  10
2592    1430  1448  1447  10
2593    1702  1477  1196  10
2594    1322   997   919  10
2595    1544  1346  1495  9
2596    1217  1194  1358  10
2597    1322  1416  1404  10
2598    1272  1323  1109  9
2599    1240    29   611  9
2600    1131  1318  1324  7
2601    1324  1318  1347  7
2602    1600  1325   870  5
2603    1405  1431  1156  5
2604    1209  1431  1619  5
2605    1754  1755  1691  7
2606    1362  1664  1650  10
2607    1366  1327  1367  9
2608    1432  1254   913  10
2609    1250  1429   913  10
2610    1391  1503  1549  10
2611      41  1329  1286  9
2612    1538  1486  1242  10
2613    1563  1233  1350  10
2614    1351  1497  1348  7
2615     176  1295  1331  7
2616    1282   792  1607  10
2617    1730  1763  1639  10
2618    1298  1332  1333  10
2619    1333  1332  1762  10
2620     175  1351  1741  7
2621    1689  1742   594  6
2622    1313  1352   803  9
2623     929  1335  1305  9
2624    1364  1507  1418  9
2625    1336  1408   185  9
2626     182   630  1337  9
2627    1359   630  1335  9
2628      38   612  1338  10
2629      39    38  1338  9
2630    1355  1693  1340  9
2631    1308    37  1339  10
2632    1693  1355    37  9
2633      40  1474  1340  10
2634      39  1338  1341  9
2635    1338  1307  1355  9
2636    1338  1342  1307  10
2637      35  1411   612  9
2638    1361  1163  1144  9
2639    1179  1356  1343  9
2640    1357  1315  1694  9
2641    2196  1956  1440  10
2642    1191  1192  1412  7
2643    1345  1412  1435  7
2644    1358  1322  1217  10
2645    1495  1346    25  9
2646    1707  1318  1435  7
2647     971  1347  1496  7
2648    1246   112  1348  7
2649    1327  1366  1155  9
2650    1362  1419  1349  9
2651    1672  1611  1649  9
2652    1484  1287   194  10
2653    1350  1536  1479  10
2654    1331  1246  1348  7
2655     158  1351   175  5
2656      35    36  2197  10
2657    1335   803  1352  9
2658    1353  1360  1364  9
2659    2026  1418  1699  9
2660    1354  1305  1407  9
2661     929  1360  1312  9
2662    1340  1341  1355  9
2663      37  1355  1339  9
2664    1144  1628  1498  9
2665    1343  1356  1365  9
2666    1315  1357  1146  9
2667      57  1357  1344  9
2668      25  1358  1194  10
2669    1358  1346  1416  10
2670    1697  1352  1414  9
2671    1337   630  1359  9
2672    1364  1360  1354  9
2673    1353  1312  1360  9
2674    1361  1498  1365  9
2675    1343  1365  1315  9
2676    1419  1362  1367  9
2677      33  1155  1366  9
2678    1255  1611  1111  9
2679    1508  1363  1611  9
2680    1409  1354  1407  9
2681    1409  1507  1364  9
2682    1361  1144  1498  9
2683    1682  1972  2199  9
2684    1367  1327  1363  9
2685    1362    33  1366  9
2686    1367  1363  1419  9
2687    1362  1366  1367  9
2688    1570  1368  1519  8
2689    1519   163   628  9
2690     574  1223  1369  8
2691    1387  1369  1223  8
2692    1500   906    51  10
2693     921  1370  1635  10
2694    1376  1373  1375  9
2695    1372  1373  1371  9
2696     566  1520  1551  8
2697    1371   169  1372  9
2698    1375   164  1438  9
2699    1372   164  1373  9
2700    1422  1556   567  8
2701    1422   567   165  8
2702    1315  1849  1694  9
2703    1373   164  1375  9
2704    1377  1376  1375  9
2705    1371  1376  1378  9
2706    1552  1375  1438  9
2707    1437  1379  1444  9
2708    1376  1377  1378  9
2709    1437   626  1378  9
2710    1511  1886  1850  9
2711    1444  1368  1420  9
2712    1203  1268  1380  9
2713    1380  1268  1381  9
2714    1748  1552  1711  9
2715    1381  1601   627  9
2716     573  1068  1382  12
2717    1068  1384  1439  13
2718     573  1652  1618  10
2719    1042  1069  1383  12
2720    1385   569  1384  12
2721    1513  1424  1382  13
2722    1069  1840  1899  10
2723    1068  1385  1384  12
2724    1450  1386  1426  6
2725    1386   174  1426  7
2726     359  1623  1387  7
2727    1223   359  1387  8
2728    1502  1142  1285  10
2729    1502  1548  1388  10
2730     193  1390   198  9
2731    1399  1505  1550  10
2732    1482  1480  1481  10
2733    1389  1241  1390  9
2734    1730  1391  1230  10
2735    1502  1388  1142  10
2736    1428  1269  1427  9
2737    1270  1214  1392  9
2738    1612  1273  1293  10
2739    2540  1526  1843  10
2740    1613  1165  1148  9
2741    1613  1614  1394  9
2742    1276  1189  1402  10
2743    1673  1262  1845  10
2744    2241  1857  2180  7
2745    1261  1396  1616  8
2746    1397  1745  1585  9
2747    1210  1397   624  9
2748     193  1504  1389  10
2749    1399  1267  1505  10
2750    1559  1550  1455  10
2751    1245  1559  1571  10
2752    1487  1400  1485  10
2753    1483  1537  1390  10
2754      26  1323  1443  10
2755    1442   880  1297  10
2756    1653  1557  1441  10
2757    1664  1674  1650  10
2758    1403   632  1451  10
2759    1448  1851  1320  10
2760     610   997  1404  10
2761    1506   733  1251  10
2762    1431  1405  1515  5
2763    1209  1156  1431  5
2764    1620    32  1240  10
2765    1432  1429  1449  10
2766    1354  1409  1364  9
2767    1433  1554  1409  9
2768    1408  1433  1410  9
2769    1306  1410  1337  9
2770    1407  1433  1409  9
2771    1507   167  1418  9
2772    1407   182  1410  9
2773     182  1337  1410  9
2774    1352  1697  1417  9
2775    1414  1352  1313  9
2776    1929  1696  1868  7
2777     170  2164   171  7
2778     183  1353  1413  9
2779    1418  1413  1353  9
2780     160  1415  1826  9
2781    1971  1700  1417  9
2782    1418  1353  1364  9
2783    2202  2194  2027  9
2784    1346  1321  1416  10
2785    1404  1416  1321  10
2786     185  1436  1700  9
2787    1359  1352  1417  9
2788     167  1699  1418  9
2789    2026   874   161  9
2790    1508  1419  1363  9
2791    1349  1419  1509  9
2792    1368  1570  1949  8
2793    1368  1444  1379  9
2794    1223   727  1421  8
2795    1314  1421   727  9
2796    1438  1556  1422  8
2797    1511  1375  1552  9
2798     627  1423  1292  8
2799    1512  1423   801  7
2800    1439  1656  1842  13
2801    1827  1424  2178  13
2802     692   764  3222  10
2803     569  1385  1425  10
2804    1190   173  1426  7
2805     174  1386  1304  7
2806      55  1427  1269  9
2807    1514  1145  1427  9
2808    1392    56  1428  9
2809      57  1440    56  10
2810    1448  1320  1200  10
2811    1200  1403  1448  10
2812    1617  1170    33  10
2813    1851  1183  1320  10
2814    1515  1405  1325  5
2815    1619  1326  1256  5
2816    1651  1170  1617  10
2817    1406  1522  1328  10
2818    1336  1516  1408  9
2819    1433  1408  1516  9
2820    1831  1411    35  9
2821      37  1308  1434  9
2822    1435  1412  1698  7
2823    1496  1347  1707  7
2824    1697  1971  1417  9
2825     185  1306  1436  9
2826     163  1379  1701  9
2827    1511  1850  1377  9
2828     566   352  1374  7
2829    1438  1422  1552  9
2830    1521  1439  1384  13
2831    1521  1656  1439  13
2832    1710  2327  2545  10
2833    1428    56  1440  10
2834    1526  1263  1843  10
2835    1449  1441  1432  10
2836    1252  1401  1442  10
2837    1442  1401  1443  10
2838    1442  1443    29  10
2839      26  1443  1401  10
2840    1420   626  1444  9
2841     626  1437  1444  9
2842    1493  1445   173  6
2843    1450  1247   384  6
2844    1446  1440  1523  10
2845    1269  1446  1524  10
2846    1452  1447  1451  10
2847    1451  1448  1403  10
2848    1851  1448  2001  10
2849    1851  1702  1183  10
2850    1620  1429    32  10
2851     611  1170  1651  10
2852    1247  1450  1445  6
2853    1450   384  1525  6
2854    1448  1451  1447  10
2855    1452  1244   200  10
2856    1244  1452  1451  10
2857     200  1263  1452  10
2858    1738  1453   967  8
2859     798  1453   925  8
2860    1626  1725  1758  10
2861    1636  1263   207  10
2862     192  1527   199  9
2863    1559  1455  1528  10
2864    1560  1761  1530  10
2865    1455   198  1456  9
2866    1459  1461   123  5
2867     157   598  1457  5
2868    1458   123  1531  4
2869    1459   123  1458  5
2870    1457   598  1461  5
2871    1458  1457  1459  5
2872     598  1460  1461  5
2873    1334   598   175  6
2874    1303  1622  1460  5
2875    1461  1460  1622  5
2876    1531  1462  1458  4
2877    1531  1657  1462  4
2878    1464    68  1463  5
2879     598   157  1463  5
2880     157  1462  1464  4
2881    1463   157  1464  5
2882     278   713  1465  9
2883     190  1466   713  8
2884    1712  1749  1589  9
2885     713  1466  1465  8
2886     154  1532    64  8
2887    1623  1659  1533  7
2888    1534   147  1314  10
2889    1582  1839  1534  10
2890     107   817  1469  11
2891     340  1750  1472  10
2892    1864  1008   106  13
2893     650  1470  1469  11
2894     107  1472   817  11
2895    1962   107  1470  13
2896    1469   817  1757  10
2897    1471   340  1472  11
2898    1913  1666  1841  10
2899     871    66  1473  4
2900     790  1475   921  9
2901    1474   790  1610  10
2902     615  1281  1546  10
2903    1474   613  1475  9
2904    1832  1535  1880  9
2905    2279  2009  2260  9
2906    1702  1196  1183  10
2907    1801  1804   812  10
2908    1553  1655  1193  7
2909    1606  1215  1648  7
2910    1771  1479  2175  10
2911    1319  1150  1705  10
2912    1330  1277  1480  9
2913    1481  1480  1277  10
2914    1277  1294  1481  10
2915    1485  1481  1294  10
2916    1481  1400  1482  10
2917    1482  1400  1483  10
2918    1625  1400  1487  10
2919    1761  1637  1537  10
2920    1486  1330  1242  10
2921    1350  1287  1484  10
2922    1294  1271  1485  10
2923    1487  1485  1271  10
2924    1538  1242  1389  10
2925    1486  1538  1563  10
2926    1724  1829  2059  10
2927    1560  1527  1456  10
2928    1539   623  1311  9
2929    1278  1540  1246  9
2930    1609  2038    36  10
2931    1541    41  1286  10
2932    1491  1725  1264  10
2933      24  2203  2174  9
2934    1290  1557  1491  10
2935    1636  1843  1263  10
2936    1565  1543  1882  9
2937    1296  1492  1543  9
2938    1247  1493   172  6
2939     623  1493  1311  7
2940    1747  1494  1319  10
2941    1487  1271  1997  10
2942    1947    25  1168  9
2943    1897  1907  1641  9
2944    1318  1707  1347  7
2945    1708   343  1496  7
2946    1279   176  1497  5
2947    1331  1497   176  7
2948    2027    45  1931  9
2949    1498    46  2202  9
2950    1566  1370   921  10
2951    1798   615  1546  10
2952    1391  1500    51  10
2953    1500  1549  1635  10
2954    1717  1716  1601  9
2955    1377  1375  1511  9
2956    1547  1285  1258  10
2957    1547  1568  1502  10
2958    1329    44  1549  10
2959    1548  1502  1568  10
2960    1398  1275  1504  10
2961    1504  1275  1563  10
2962    1398  1504  1505  10
2963    1550  1505  1504  10
2964    1251   995   610  10
2965    1404  1321  1506  10
2966    1554  1433  1516  9
2967     167  1507   166  9
2968    1111  1611  1363  9
2969     185  1700  2160  9
2970    1419  1508  1509  9
2971    1709  1509  1508  9
2972     628  1950  1519  8
2973    1955  1551  1949  8
2974    1601  1716  1501  9
2975    1886  2320  2393  9
2976     801   567  1830  7
2977    1193  1627  1478  7
2978    1068  1439  1513  13
2979    1439  1424  1513  13
2980      55  1514  1427  9
2981    1628  1514   614  10
2982    2165  1600    70  5
2983    1431  1961  1619  5
2984    1516  1336  1629  9
2985    1409  1554  1507  9
2986    1414   160  1826  9
2987      37  1434  1517  9
2988    2068  1907   579  9
2989    1301  1300  1518  9
2990     163  1519  1379  9
2991    1950  1570  1519  8
2992    1520  1372   169  8
2993     164  1372  1520  8
2994    1668  1968  1679  13
2995    1677  1668  1679  13
2996    1522  1441  1557  10
2997    1290  1328  1522  10
2998    1523  1440  1956  10
2999      55  1710   616  10
3000    1446  1523  1524  10
3001    1524  1523  1710  10
3002     384   159  1525  6
3003     159   344  1525  6
3004    1670  1843  1636  10
3005    1526  2540  2311  10
3006    1456  1528  1455  9
3007    1527  1560  1572  10
3008    1399  1550  1559  10
3009    1527   192  1528  9
3010    1527  1572   199  10
3011    1529  1982  2273  10
3012    1537  1637   198  10
3013     198  1390  1537  10
3014     124  2187  1631  4
3015    1622  1906  1896  5
3016     778  1532   154  8
3017    1467  1561  1654  8
3018    1638  1467   778  7
3019    1117  1157  1857  7
3020    1586  1562  1575  10
3021    1582  1643  1839  10
3022    1591  1592  1587  9
3023    1576  1564   797  9
3024    1233  1222  1536  10
3025    1222  1105  1704  10
3026    1625  1483  1400  10
3027    1537  1483  1625  10
3028    1389  1504  1538  10
3029    1563  1538  1504  10
3030    1564  1539  1311  9
3031    1587  1564  1583  9
3032    1760  1632  1540  9
3033    1592   180  1760  9
3034    1609  1309  1960  10
3035    1309  1610  1721  10
3036    1489  1541  1542  10
3037    1541  1286  1542  10
3038    1641  1882  1492  9
3039    1252  1565  1401  9
3040    1641  1579  1897  9
3041    1580  1506  1569  9
3042     159   384  1733  5
3043    1279  1634  1658  5
3044    1566  1546  1499  10
3045     613  1798  1566  10
3046    1258  1503  1547  10
3047    1568  1503  1391  10
3048    1568  1639  1548  10
3049    1763  1973  1548  10
3050    1635  1549    44  10
3051    1391  1549  1500  10
3052    1504   193  1550  10
3053    1455  1550   193  10
3054    1570  1953  1955  8
3055    1520   169  1551  8
3056     165  1711  1422  9
3057     801   627  1501  8
3058    1655  1553  1512  7
3059    1193   928  1553  7
3060    1554  1516  1629  9
3061     166  1507  1554  9
3062     628  1952  1950  8
3063    1948  1510  1951  7
3064    1520  1556  1438  8
3065     567  1556  1374  8
3066    1653  1441  1449  10
3067    2667  1966  2614  10
3068    1399  1558  1267  10
3069     635  1558   206  10
3070    1571  1528   192  10
3071    1558  1559  1245  10
3072    1829  1625  1487  10
3073    1637  1456   198  10
3074    1623  1533  1387  7
3075    1638  1561  1467  7
3076    1581  1158   624  10
3077    1133  1575  1562  10
3078    1233  1563  1275  10
3079    1350  1486  1563  10
3080    1576   797   926  9
3081    1576  1583  1564  9
3082    1492  1882  1543  9
3083    1518  1401  1565  9
3084    1566  1499  1370  10
3085     613  1566  1475  10
3086    1932    45    50  10
3087    1872  1932  1798  10
3088    1503  1568  1547  10
3089    1639  1568  1391  10
3090    1584  1544  1579  9
3091    1506  1580   733  9
3092    2112   353  1718  6
3093     352   566  1510  7
3094    1528  1571  1559  10
3095    1454  1640   192  10
3096    1560  1530  1572  10
3097    1573  1572  1530  10
3098    1982  2201  2273  10
3099    1454  1965  1670  10
3100    1573  1454  1574  10
3101    1454   199  1574  10
3102    1588   624  1585  10
3103    1581  1575  1158  10
3104     926  1535  1576  9
3105    1476  1577  1832  9
3106    1577  1583  1832  9
3107     191  1854   184  9
3108    1608  1301  2010  9
3109    1518  2010  1301  9
3110    1495  1579  1544  9
3111    1492  1584  1641  9
3112    1569  1544  1584  9
3113    1492   733  1580  9
3114    1838  1643  1590  10
3115    1582  1534  1562  10
3116    1261  1745  1397  9
3117    1590  1643  1582  10
3118    1535  1583  1576  9
3119    1589  1592  1591  9
3120    1641  1584  1579  9
3121    1492  1580  1584  9
3122    1642  1590  1588  10
3123    1586  1582  1562  10
3124    1588  1581   624  10
3125    1588  1586  1581  10
3126    1577  1589  1591  9
3127    1488  1539  1587  9
3128    1970  1588  1585  10
3129    1586  1588  1590  10
3130    1583  1591  1587  9
3131    1577  1712  1589  9
3132    1585   148  1970  10
3133    1642  1838  1590  10
3134    1577  1591  1583  9
3135    1589   180  1592  9
3136    1859   179  1302  9
3137    1587  1592  1488  9
3138      65  2069  2016  3
3139    4210  5264  1898  2
3140    2323   105  2589  13
3141    1958   338   105  11
3142    1605   339  1604  10
3143    1735  1765  1645  11
3144     621  1597   340  11
3145    1624  1596   621  13
3146    1713  1597   815  10
3147    1596   815  1597  11
3148    1752  1598  1714  9
3149    1752  1887  1900  9
3150    1731  1599  2169  8
3151    1647   629   875  9
3152    1985  1715  2165  5
3153     343  1600   971  5
3154    1716  1748  1711  9
3155    1717  1381  1268  9
3156    1756  1691  1778  5
3157     597   349  1602  6
3158     597  1833  1603  8
3159     349   597  1603  7
3160    1604   937  1605  10
3161    1008  1604   106  11
3162     650  1959   937  10
3163    1719   650  1469  10
3164    1627  1662  1478  7
3165    1606  1671  1737  7
3166    1855    53    54  10
3167    1799  1986  2051  10
3168     278   649  1608  9
3169     649   184  1964  9
3170    1541  1960  1309  10
3171    1960  1541  1489  10
3172    1474  1610  1341  10
3173    1721   790  1310  10
3174    1649  1255  1301  9
3175    1649  1611  1255  9
3176    1973  1293  1239  10
3177    2618  3277  3481  10
3178    2163   156  1681  9
3179    1614  1232  1274  9
3180      59  2920    60  9
3181    1835  1717  1268  9
3182    2181  2182  1616  8
3183    2182  2181  1615  8
3184    1260  1117  2181  8
3185    2269  1789  2242  8
3186    1744  1402  1317  10
3187    1651  1665   611  10
3188    1383  1652   573  10
3189    1899  1652  1383  10
3190    1961  1431  1515  5
3191    1756  2043  1975  5
3192    1743  1744  1695  10
3193    1449  1620  1653  10
3194    1767  2045   186  8
3195    1621  1767  1676  8
3196    1858  1303  1740  5
3197    1622  1303  1858  5
3198    1659  1561  1638  7
3199     359  1561  1623  7
3200     819  2000  2645  13
3201    2645  1884  1684  13
3202    1829  1487  1997  10
3203    1537  1729  1761  10
3204    1491  2166  1725  10
3205    1626  1758  1490  10
3206    1627  1655  1764  7
3207    1782  1792  1787  7
3208     614    46  1628  10
3209      46  1498  1628  9
3210    1336   181  1629  9
3211    1963  1629   181  9
3212    1656  1678  1679  13
3213    1967  1425  1644  10
3214     123  1669  1836  4
3215    1896  1461  1622  5
3216    1759  1859  1302  9
3217    1632   112  1246  9
3218    1633  1687  1632  9
3219     180  1749  1633  9
3220    1658   384  1247  5
3221    1726  1351   158  5
3222     921  1635    44  10
3223    1500  1635  1370  10
3224    1660  1571  1640  10
3225    1660  1670  1636  10
3226    1729  1537  1625  10
3227    1456  1637  1560  10
3228    2152   719  2569  7
3229    1533  1659  1734  7
3230    1230  1333  1762  10
3231    1730  1230  1762  10
3232    1636  1245  1660  10
3233    1660  1245  1571  10
3234    1837  1897  1908  9
3235    1907  1897   277  9
3236    1588  1970  1642  10
3237    2343  2114  2041  10
3238    2553  2331  1999  10
3239      64  1828   793  10
3240      67  3257  3258  3
3241    2527  2214  1911  3
3242    1645  1765  1784  13
3243    1765  1595  1594  11
3244    1599  1598  1646  9
3245    1598   189  1646  9
3246    1774  2171   118  8
3247     629  1647  1646  9
3248    1662  1648  1478  7
3249    1648  1662  1671  7
3250    1663  1649  1608  9
3251    1649  1663  1672  9
3252    1349  1664  1362  10
3253    1349  1262  1673  10
3254    1675  1651  1617  10
3255     611  1665  1240  10
3256    3223  1840  1043  10
3257    1841   748  1644  10
3258    1620  1665  1675  10
3259    1695  1317  1147  10
3260     146  1468  1654  10
3261    1561   146  1654  8
3262    1512  1732  1764  7
3263    1193  1655  1627  7
3264    1656  2040  1842  13
3265    1827  2240   992  13
3266     125  2526   124  4
3267    2312  2541  2959  4
3268    1634  1545  1658  5
3269    1733  1658  1545  5
3270    1561  1659  1623  7
3271    1734  1659  1638  7
3272    1454  1670  1640  10
3273    1640  1670  1660  10
3274    1736  1661  1645  13
3275    1735  1661   339  11
3276    1627  1764  1787  7
3277    1165  1606  1737  7
3278    1964  1608   649  9
3279    1663  1964  2039  9
3280    1673  1664  1349  10
3281    1673  1674  1664  10
3282    1675  1665  1651  10
3283    1620  1240  1665  10
3284    1644  1913  1841  10
3285    1666  3221  1841  9
3286    1767   186   578  8
3287    1769  1676  1667  8
3288    1678  1521   569  13
3289    1425  1967  1677  10
3290    1836  1531   123  4
3291    1669  1881  1836  4
3292    1454  1573  1965  10
3293    1725  1626  1264  10
3294    1792  1983  1662  7
3295    1974  2544  2229  7
3296    1844  1672  1663  9
3297    1508  1611  1672  9
3298    1262  1853  1845  10
3299    1674  1617  1650  10
3300    1674  1673  1845  10
3301    1744  1317  1695  10
3302    1966  1617  1674  10
3303    1653  1620  1675  10
3304     578  1453  1667  8
3305    1767   578  1667  8
3306     569  1677  1678  13
3307     569  1425  1677  10
3308    1679  1678  1677  13
3309    1656  1521  1678  13
3310    1630  1968  1668  13
3311    1656  1679  2040  13
3312    2163  1974  2229  7
3313    2620  2544   350  5
3314    2572  2430  2162  9
3315    2162  1148  2163  9
3316     163  1683   628  9
3317    1972   163  1701  9
3318    1833  1954   168  8
3319    1682   168  1683  9
3320     651   819  1684  11
3321     819   108  2000  13
3322    1751  1713   815  10
3323     819  1685   108  11
3324     967  1686   866  8
3325    1885  1847  1686  8
3326    1488  1592  1760  9
3327    1334  1759  1692  7
3328    1848  1302   179  9
3329     783   119  1688  8
3330     112  1759  1334  7
3331    1688   119  1689  8
3332     344  1708  1852  7
3333    1832  1880  1476  9
3334    2247  2043  2206  5
3335    1754  1756  1975  5
3336    1860  1334  1692  6
3337     111   594  1742  6
3338    1969    37  1517  9
3339      40  1693  1931  9
3340    1849  1315  1365  9
3341    2198  1850  2393  9
3342    1695  1393  1743  10
3343    1617  1966  1675  10
3344    1691  1755  1777  7
3345    1929  1698  1696  7
3346    1994  1414  1826  9
3347    1831  1517  1411  9
3348    1696  1698  1412  7
3349     171  1698   166  7
3350     725  1699  1929  8
3351    1415  1413  2026  9
3352    2160  2228  1844  9
3353    1436  1417  1700  9
3354    1377  1850  1437  9
3355    1972  1682   163  9
3356    2001  1219  2061  10
3357    1851  2061  1702  10
3358    1703  1657  2541  4
3359    1728  1703  2312  4
3360    1746  1704  1477  10
3361    1704  1746  2175  10
3362    2175  1479  1536  10
3363     280  2059  1747  10
3364    1490  1104  1706  10
3365    1104  1168  1706  10
3366    2164  1435  1698  7
3367    1852   170  1690  7
3368    1852  1496  1707  7
3369     159  1795   344  6
3370    1844  1508  1672  9
3371    1508  1844  1709  9
3372    1523  1956  2327  10
3373    1855  2208  2356  10
3374    1716   165  1501  9
3375    1711   165  1716  9
3376    1712  1577  1476  9
3377     179  1687  1780  9
3378    1685  1751   815  10
3379    1685   651  1773  10
3380    1598  1599  1714  9
3381    1599  1647  2169  8
3382    1715  1985   136  5
3383    1515  2165  2230  5
3384    1601  1381  1717  9
3385    1748  1511  1552  9
3386    1232  1835  1268  9
3387    1886  1748  2319  9
3388     653  1718  1602  6
3389    1718   353  1954  8
3390    2334  1719  1786  10
3391    1786  1719  1757  10
3392    1607    53  1855  10
3393    2356  1976  1720  10
3394     790  1721  1610  10
3395      41  1721  1310  10
3396    2694  2980  2558  10
3397    2558  2360  1770  10
3398    1785  2094  1788  9
3399     357   356  2797  8
3400    1494  1997  1271  10
3401    1981    23  1982  10
3402    2166  1491  1557  10
3403    1490  1758  2174  10
3404    1727    69  1733  5
3405    1545  1634  1726  5
3406     136    69  1728  5
3407    1726    68  1727  5
3408      68  1703  1728  4
3409    1727    68  1728  5
3410    1729  1981  1781  10
3411    1637  1761  1560  10
3412    1332  1720  1976  10
3413    1763  1548  1639  10
3414    1753  2172  2169  8
3415     726  1714  1774  8
3416    1830  1512   801  7
3417    2239   351  1732  7
3418    1658  1733   384  5
3419    1727  1733  1545  5
3420    1856  1734  1638  7
3421    2180  1856  2524  7
3422    1605  2167   339  10
3423    1661  1735  1645  11
3424    1783  1594  1958  13
3425    1962  1624   107  13
3426    1974  1737  1671  7
3427    1148  1165  1737  7
3428    1738   967  1768  8
3429     866  1768   967  8
3430     724  2168   366  7
3431     724   152  1739  7
3432    2002  1858  1740  5
3433    1689   119  1740  6
3434     112  1741  1348  7
3435     175  1741  1334  7
3436    1860  1303  1460  6
3437    1692   111  1742  6
3438    1770  1393  1612  10
3439    2311  1219  1430  10
3440    2614  1966  2349  10
3441    1966  1674  2349  10
3442     141  1870  1745  9
3443     148  1585  1745  9
3444    2313  1477  1702  10
3445    1713  1751  1866  10
3446    1705  1479  1771  10
3447     280  1747  2533  10
3448    1716  1717  2319  9
3449    2814    59  2270  9
3450    1749  1869  1780  9
3451    1633  1749  1780  9
3452    1750  1713  2004  10
3453    1757  1719  1469  10
3454    1874   812  1804  10
3455    1751  1685  1773  10
3456    1900  1862   189  9
3457     726   178  1752  9
3458    1775  2266  2234  5
3459    2235   875   976  8
3460    1755  1603   782  7
3461    1756  1754  1691  5
3462    1755  1868  1777  7
3463    1868  1776   725  7
3464    2043  1756  2206  5
3465    1602   349  1975  5
3466    1779   817  1472  10
3467    1757  1779  1786  10
3468    1758  1725  2361  10
3469    2237  2412  2372  10
3470    1859  1759   112  9
3471    1632  1859   112  9
3472     180  1633  1760  9
3473    1632  1760  1633  9
3474    1781  1761  1729  10
3475    1530  1761  1529  10
3476    1762  1332  1976  10
3477    1730  1762  1763  10
3478    2325  1762  1976  10
3479    1722  1973  2042  10
3480    1512  1764  1655  7
3481    1782  1732   351  7
3482    1595  1765  1735  11
3483    1783  1765  1594  13
3484    1736  1863  1766  13
3485     106  1766  1864  13
3486    1676  1767  1667  8
3487    1621  1978  2045  8
3488    1865   866   712  8
3489    1769   722  1676  8
3490    1738  1768  1769  8
3491    1865  1769  1768  8
3492    2630  1722  2042  10
3493    3481  1219  2311  10
3494    1771  2238  2533  10
3495    1771  2175  2238  10
3496    1597  1713  1772  10
3497    1713  1750  1772  10
3498    1804  1801  1803  10
3499    1751  1773  1866  10
3500    1774  1714  1731  8
3501    1774   118  1794  8
3502    2235  2173  1753  8
3503    1647   875  1753  8
3504    1755   782  1776  7
3505     782  1888  2005  8
3506    1868  1755  1776  7
3507    1696  1078  1777  7
3508    1326  1619  1778  5
3509    1619  1961  2206  5
3510    1472  1750  1779  10
3511    1786  1779  1750  10
3512    1869  1749  1712  9
3513    1780  2335   179  9
3514    1829  1729  1625  10
3515    1982  1529  1781  10
3516    1974  1671  2326  7
3517    1764  1782  1787  7
3518    2318  1783  2323  13
3519    1958  2323  1783  13
3520    1765  1783  1784  13
3521    1783  1736  1784  13
3522    1870   141  1788  9
3523    1789   141  1616  8
3524    2004  1713  1866  10
3525    2283  2373  2262  10
3526    1792  1782   351  7
3527    1662  1627  1787  7
3528    2067  2013  2094  9
3529     141  1789  1788  8
3530    2181  1396  1260  8
3531     358  2242  2182  8
3532    1791  1983  1792  7
3533     345  1791   346  6
3534     351  1791  1792  7
3535     351   346  1791  6
3536    1791  1790  1983  7
3537    1662  1787  1792  7
3538    1072  1984  1033  11
3539    1054  1871  1072  13
3540    1794   783  1800  8
3541     124  1631  1910  5
3542      70   343  1795  5
3543     343  1708  1795  6
3544    2314  2391   131  4
3545    1796  2391  2821  4
3546     347  2219  2411  5
3547    2316   133   132  5
3548    1566  1798  1546  10
3549    1798   613  1872  10
3550      49   616  1799  9
3551    1710  1986   616  10
3552    1774  1800   726  8
3553     178   726  1800  9
3554     341  1802   622  11
3555    1803  1801   341  10
3556     819  2645  1684  13
3557    1801   109  1802  11
3558     342  2407  2143  10
3559    2549  2334  2844  10
3560    1892  1874  1804  10
3561    1874   651   812  10
3562    2069  2251  1883  4
3563    1893  2832  1875  5
3564    1811  1808   397  8
3565    1807  1808  1806  9
3566     892  2665  1058  10
3567    1806   563  1807  9
3568    1809  1808  1811  8
3569    1807   397  1808  9
3570     763   898  1987  8
3571    1806  1808  1809  8
3572    1807  1815   397  10
3573    1815  1807   563  10
3574    2725  3973  2965  8
3575    1809  1811  1813  8
3576    3801  1812  2603  10
3577    2400  2433  1925  10
3578    2008  1817  1815  10
3579    1877  1813  1876  8
3580    1814  2184  1816  8
3581     980  2523  1030  10
3582    2512  1814  1816  10
3583    2176   563  1030  10
3584    1876   397  1817  8
3585     397  1815  1817  10
3586    1876  1811   397  8
3587    1817  1877  1876  8
3588    1064  1988  1028  11
3589    2053  1064  1824  10
3590    2207   267  2768  8
3591    1847  2066  2517  8
3592    1039  1066  1820  11
3593    1878   982  1894  13
3594     640  1822  1055  11
3595    1818  2098   640  10
3596     767  1793  1891  13
3597    1821   767  1822  11
3598    1062   982  1823  11
3599     982  1820  1894  13
3600    1066  1039  1824  11
3601    2053  1991  1064  10
3602    1905  1914  2191  13
3603    1064  1825  1824  11
3604     161  1995  1415  9
3605    1995   161  2057  9
3606    1842  1424  1439  13
3607    1424  1842  2178  13
3608    1839  1643  2331  10
3609     617   793  1879  10
3610     279  1829  1724  10
3611     279  1981  1829  10
3612    2177  1830   567  7
3613    1732  1512  1830  7
3614    1831    35  2272  9
3615    1994  1831  1697  9
3616    1583  1535  1832  9
3617    1880  1535  1690  9
3618    1718  1833   597  8
3619     874  2005  1867  8
3620    1609    36  1834  10
3621      36    35  1834  9
3622    1998  1835  1614  9
3623    1835  1998  2329  9
3624    1906  1669  1896  5
3625     123  1461  1896  5
3626    2510  1837   276  9
3627    1495  2035  1908  9
3628    2041  2093  1970  10
3629    1838  1642  2093  10
3630    1643  1999  2331  10
3631    1996  1839  1828  10
3632    1967  1644   748  10
3633    4210  1911  2214  2
3634    1618  1644  1425  10
3635    1618  1652  1644  10
3636    1679  1968  2040  13
3637    2268  2916  2240  13
3638    2372  2570  1965  10
3639    2166  2232  2361  10
3640    1336  2227   181  9
3641    1709  1844  2228  9
3642    2205    36  2038  10
3643    1395  1402  2179  10
3644    2003  2063   818  13
3645     622  2951   110  13
3646    1885  1686   798  8
3647    1847  1885  2066  8
3648    2064  2335  1780  9
3649    1688  1848   783  9
3650    1498  2317  1365  9
3651    1701  1437  1850  9
3652    1886  1511  1748  9
3653    1701  2198  1972  9
3654    2001  1448  1430  10
3655    1851  2001  2061  10
3656    1707  2164  1852  7
3657    1304   344  1852  7
3658    2039  1844  1663  9
3659    2205  1853    34  10
3660    1712  1476  1854  9
3661    2009  1854  1476  9
3662    1986  1799   616  10
3663    1799  2051    54  10
3664    2405  1638   778  7
3665    3241   364   367  6
3666    2180  1734  1856  7
3667    1615  1117  1857  7
3668    2002  1740   119  5
3669    2062  1910  1858  5
3670    1632  1687  1859  9
3671     179  1859  1687  9
3672    1334  1860  1460  6
3673    1692  1742  1860  6
3674    2335  1901  1848  9
3675     579  1861  2007  8
3676    1887  1752   178  9
3677     580  2511  1861  8
3678    2318  1736  1783  13
3679    3841  2951  3227  13
3680    1766  1863  1864  13
3681    2102  2003  1863  13
3682    2144  2801  2226  8
3683    1769  1865   722  8
3684    1866  1874  1892  10
3685    1750  2004  1786  10
3686    1888   782  1603  8
3687    1833  1867  1888  8
3688    1868   725  1929  7
3689    1696  1777  1868  7
3690    2006  1869  1712  9
3691    2064   190  2007  9
3692    2094   148  1870  9
3693     148  1745  1870  9
3694    1905  2191  1894  13
3695    1793  1072  1871  13
3696    1931  1872    40  9
3697    1932  1567  1798  10
3698     783  1848  1873  9
3699    1873  1901  1887  9
3700    1892  1804  1803  10
3701    1866  1773  1874  10
3702    1893  2015  1904  4
3703    2832  1893  2480  5
3704    1813  1811  1876  8
3705    1877  1817  1816  8
3706    1814  1812  2525  8
3707    1813  1877  2350  8
3708    2555  1050  2352  13
3709    1823   982  1878  13
3710    1879  1828  2185  10
3711     617  1879  2186  10
3712    1690   170  1880  9
3713     170  1963  2009  9
3714    1881  1631  2187  4
3715    2619  1881  2187  4
3716    1578   278  2010  9
3717     277   579  1907  9
3718     920  1473  2070  3
3719    2212  2016  2069  3
3720    1802   109  1884  13
3721    1846  2060  2813  13
3722    2012   798   925  8
3723    1885  2012  2066  8
3724    1716  2319  1748  9
3725    1694  2320    58  9
3726     178  1873  1887  9
3727    1873  1848  1901  9
3728    1603  1833  1888  8
3729    1867  1833   168  8
3730    2343  2124  2520  10
3731    1889  2067  2336  9
3732    2052  2209  1902  13
3733    1989  1988  1055  13
3734    2014  1891  1871  13
3735     767  1903  1822  13
3736    2321  1803   341  10
3737    2533  3234  3880  10
3738      73  1893  1904  4
3739      73  2480  1893  5
3740    1905  1066  1909  13
3741    1825  1028  1902  13
3742    1895  1878  2188  13
3743    1049  1895  2189  13
3744    1906  1622  1858  5
3745    1669   123  1896  5
3746    1908  1897  1579  9
3747    1837   277  1897  9
3748    1043  2522  3223  10
3749    2071   920  2070  3
3750    1840  1069  1043  10
3751    1913  1652  1899  10
3752    1862  1900  1887  9
3753     189  1598  1900  9
3754    2335  1848   179  9
3755    1862  1901  1861  9
3756    2014  1890  1903  13
3757    1894  1820  1905  13
3758    2014  1903  1891  13
3759    1890  1822  1903  13
3760    2015  1893  1875  4
3761      65   871  1904  4
3762    1909  1066  1825  13
3763    1905  1909  1914  13
3764    1910  1906  1858  5
3765    1669  1906  1631  5
3766    1578  1882  1907  9
3767    1907  1882  1641  9
3768    1579  1495  1908  9
3769    1495  1947  2035  9
3770    1914  1909  1902  13
3771    1825  1902  1909  13
3772    1858  2002  2062  5
3773    1910  2062  2101  5
3774      66    65  2016  3
3775    2071  2337   789  3
3776    2211  2069    65  4
3777    1912    66  2016  3
3778    1899  1840  1913  10
3779    1666  1913  1840  10
3780    1990  2052  1902  13
3781    2188  1878  2243  13
3782    3343  3034  2839  5
3783     273  1915  2284  6
3784    2095  2213   266  8
3785    3726  3934   436  7
3786     576  1918  2018  8
3787     189  1917   802  8
3788     177  2018   188  8
3789     377  2655   601  8
3790    2978  2863  3115  9
3791    2978  3115  2684  9
3792    1920  2019  2020  9
3793     305  2019  2021  8
3794     212   755  1921  11
3795    1934   703  2454  13
3796    2366  2414  2255  10
3797     547  1922  1921  11
3798    1945  2607  1037  13
3799    1037  1924   934  11
3800    2110  1003  2032  10
3801    1923  1003  1924  11
3802    1926  2077  1925  11
3803    2134  2816  2121  10
3804    2109  2083  2675  13
3805    2353  2409  2193  11
3806    1927   306  2025  9
3807     307  2529  2220  9
3808     110   652  1928  11
3809    1928   652  2394  10
3810     166  1698  1929  7
3811     167   166  1929  8
3812     616    49  1930  9
3813    2194  1930    49  10
3814      37  1969  1693  9
3815    1969  2027  1931  9
3816      45  1932  1872  10
3817      50  1567  1932  10
3818     211  1934   755  11
3819     211  2120  1933  10
3820     755  2437  2410  13
3821    1933   703  1934  11
3822    2913  2151  2802  10
3823     769   636  1935  11
3824    2328  1936  2395  8
3825     892   709  1936  9
3826    2397  2340  1937  10
3827     912   781  1937  11
3828     930  1938   807  11
3829    2195  1938   547  13
3830    1940  2029  2080  11
3831    2078  2121  2342  10
3832    2084  2030  2082  13
3833     216   554  2082  11
3834    2137  2800  2910  10
3835     217  1942   894  11
3836     555  2091  2033  13
3837    1941  2033  1942  11
3838    2088  2339  2029  13
3839    1032  1059  1943  11
3840    2799  2107  1032  10
3841    1077  1944  1943  11
3842    2628  2670  1063  13
3843     987  1946  1038  11
3844    2357  1924  2217  10
3845    1945   934  1946  11
3846    2034  1168  1104  9
3847    2035  1837  1908  9
3848    1718   653  2112  6
3849    1555   353  1948  7
3850    1951  1955  1953  8
3851    1551  1420  1949  8
3852    1952   628  1683  8
3853     353  1953  1952  8
3854    1948  1951  1555  7
3855    1955   566  1551  8
3856    1954  1952  1683  8
3857    1953   353  1555  8
3858    1570  1950  1953  8
3859    1952  1953  1950  8
3860     168  1954  1683  8
3861    1718  1954  1833  8
3862    1570  1955  1949  8
3863     566  1955  1951  8
3864    1440    57  2196  10
3865    2271  3261  3484  10
3866    1594  1595  1957  11
3867    2167  1735   339  10
3868    2323  1958   105  13
3869     338  1958  1957  11
3870     650  1719  1959  10
3871    2037  1959  1719  10
3872    1395  2204  1489  10
3873    2204  2038  1960  10
3874    2230  1961  1515  5
3875    2247   135   134  5
3876    2323  3400  2318  13
3877    1962  5158  2060  13
3878    1963   181  2009  9
3879     170   171  1963  9
3880    2092  2039   184  9
3881    1608  1964  1663  9
3882     274  2294    23  9
3883    2267  2237  2282  10
3884    1674  1845  2349  10
3885    1744  1743  2532  10
3886    3222  1967   748  10
3887    1630  1668  1967  10
3888     764  2324  1630  13
3889    4184  2324   764  13
3890    1994  1969  1517  9
3891    1826  1415  1995  9
3892    2124  2013  1889  10
3893    2093  2114  1838  10
3894    1697  1831  1971  9
3895    1831  2272  1971  9
3896    2198  1701  1850  9
3897    1365  2317  1849  9
3898    1548  1973  1239  10
3899    2042  1973  1763  10
3900    1983  2326  1671  7
3901     156  2229  1739  7
3902    1778  2206  1756  5
3903    1602  1975  2044  5
3904    2356  1720  1855  10
3905    2325  2042  1763  10
3906    1978   599  1977  8
3907     599  1979  1980  8
3908    2050  1978  1621  8
3909    2045  1978  1977  8
3910     599   266  1979  8
3911    2811  3231   266  7
3912    2047   267  2207  8
3913    2046  2207  2048  8
3914    1829  1981  1729  10
3915      23  1981   279  10
3916    1981  1982  1781  10
3917      24  2267  2282  10
3918    1983  1790  2326  7
3919    1662  1983  1671  7
3920    2097  1060  2117  10
3921    1793  1060  1984  11
3922      69   136  1985  5
3923     159  1985  1795  5
3924    2327  1710  1523  10
3925    2949  2843  2545  10
3926    2350  1877  2184  8
3927    2395  2565  2328  8
3928    1890  1989  1055  13
3929    1818  1055  1988  11
3930    2052  1989  1890  13
3931    1988  1990  1028  13
3932    2052  1990  1989  13
3933    1902  1028  1990  13
3934    2530  2837  2054  10
3935    1818  1064  1991  10
3936    1993  2056  2100  10
3937     982  1992  1820  11
3938    2056  1993   988  10
3939    1049  1993  1823  11
3940    1826  1995  2058  9
3941    1831  1994  1517  9
3942     161   162  2057  9
3943    2058  1994  1826  9
3944    1654  1468  1996  10
3945    1839  1996  1468  10
3946    1829  1997  2059  10
3947    2059  1997  1494  10
3948    1613  2330  1614  9
3949    1613  1148  2162  9
3950    2553  2341  3236  10
3951    1643  1838  1999  10
3952     108  1596  2000  13
3953    1624  2000  1596  13
3954    1430  1219  2001  10
3955     208  3544  1219  10
3956     119  1794  2002  5
3957    1794   118  2062  5
3958    1863  2003  1864  13
3959     818  2063  1470  13
3960    2798  1866  1892  10
3961    2313  1746  1477  10
3962    1867  2005  1888  8
3963     874  1776  2005  8
3964    1854  2006  1712  9
3965    1466   190  2006  9
3966    1869  2064  1780  9
3967    2068  2007   190  8
3968    2176  1815   563  10
3969    2031  2128  2081  10
3970    2009  1880   170  9
3971     181  2227  2260  9
3972    1578  2010  1882  9
3973     278  1608  2010  9
3974    2060  1624  1962  13
3975    3353  3866  3538  13
3976    2049  2012   925  8
3977    2066  2012  1819  8
3978    1889  2013  2067  9
3979    2067  1785  1723  9
3980    2249  2209  2052  13
3981    1902  2209  1914  13
3982    1875  1805  2276  4
3983    2211  2251  2069  4
3984    1912  2103  2072  3
3985    2214  2610  2957  2
3986    2073   270   273  8
3987    2017  1916  3789  7
3988    1917  2018   177  8
3989    2605  1918   577  8
3990    2020  2019   306  9
3991    2021  2019  2074  8
3992    2547   291   292  9
3993    2548  2547   293  9
3994     383  2021  2074  8
3995    2338  2623  2803  8
3996     292   291  2692  10
3997    3401   294  3387  10
3998    2077  2023  2076  11
3999    2083  2626  2675  13
4000    2078   216  2121  10
4001    2078  2079   554  11
4002    2021  2105   305  9
4003     305  2105  2025  9
4004     161  1415  2026  9
4005     874  2026  1699  9
4006    1969  1994  2058  9
4007    2194  2202    46  9
4008    1944  2799  1032  10
4009    1059  1032  2028  11
4010    2086  2087  2085  13
4011    1940  2080  1939  11
4012    2082  2030  2081  11
4013    2084  2082  2083  13
4014    1939  2122  2129  10
4015    2108  1940  1939  11
4016    2033  2032   555  11
4017     217  2090  1941  10
4018    2091   555  1923  13
4019    2032  2033  1941  11
4020    1104  2174  2203  9
4021    2035  2034   276  9
4022    2034  2035  1947  9
4023     276  1837  2035  9
4024     348  1510  2036  6
4025    2036  1510  1948  6
4026    2429  2798  1892  10
4027    1595  2263  1957  10
4028    1960  1489  2204  10
4029    2205    34  2197  10
4030    2092   185  2160  9
4031      34  1853  2228  9
4032    1968  1630  2324  13
4033    2268  2240  2178  13
4034    2115   148  2013  10
4035    2115  2124  2041  10
4036    1763  1762  2325  10
4037    2694  2558  2630  10
4038    2358  2411  2219  5
4039    1602  2044   653  5
4040    1975  2043  2044  5
4041    2113  2036   653  5
4042    1621  2045  1767  8
4043    1980  2046  1977  8
4044    2047  1979  2248  7
4045    2045  2048   186  8
4046    1980  1979  2047  8
4047    2207  1819  2048  8
4048    2207  1980  2047  8
4049     186  2049   925  8
4050    2048  1819  2049  8
4051    2012  2049  1819  8
4052    2514  1676   722  8
4053    2833  2213  2050  8
4054    2208  2051  1986  10
4055    1855    54  2051  10
4056    2249  1890  2014  13
4057    2534  2014  1871  13
4058    2116  1039  1992  10
4059    1062  1993  2100  10
4060    2222  2055  1991  10
4061    1056  1070  2944  10
4062    1991  2118  2222  10
4063    2097  2054  1984  10
4064    1067  1034  2845  10
4065    2053  2096  2126  10
4066    1682  2199   162  9
4067    2355  1969  2058  9
4068    1995  2057  2058  9
4069    2058  2057  2355  9
4070    1747  2059  1494  10
4071     280  1724  2059  10
4072    1962  2063  2102  13
4073    3336  3039   972  13
4074    3240  2313  3544  10
4075    1702  2061  2313  10
4076    1794  2062  2002  5
4077    2101  2062   118  5
4078    2102  2063  2003  13
4079    1962  1470  2063  13
4080    2064  1869  2006  9
4081    2064  2007  2335  9
4082    2813  3227  1846  13
4083    1846  2951  1884  13
4084    2210  2768   267  8
4085     115  2508  2517  8
4086    2336  2067  1723  9
4087     148  2115  1970  10
4088    1907  2068  1578  9
4089    2007  2068   579  8
4090    2610  2214  2212  3
4091    2211    65  1904  4
4092     789   920  2071  3
4093    1912  2016  2103  3
4094    1912  2072  2070  3
4095    2527  2072  2103  3
4096    3233  2337  2072  3
4097    2071  2070  2072  3
4098    3010  2917  2811  8
4099    3010  3072  2917  8
4100    2074  1920  2338  8
4101     304  2338  1920  8
4102     930  2221  1922  10
4103     283  3879   284  10
4104    2023  2024  2076  11
4105    2024  2078  2342  10
4106    2984  3046  2626  13
4107    1925  2077  2076  11
4108     554   216  2078  11
4109     216  2081  2121  10
4110    2696  2676  1926  13
4111    2024  2079  2078  11
4112    2029  2028  2080  11
4113    1032  2107  2028  10
4114    2030  2031  2081  11
4115    2132  2108  2129  10
4116    2083  2082   554  13
4117     216  2082  2081  11
4118     554  2079  2083  13
4119    2077  2984  2023  13
4120    2087  1940  2085  13
4121    2030  2086  2085  13
4122    2031  2030  2085  11
4123    2084  2086  2030  13
4124    2087  2109  2089  13
4125    2088  2029  1940  13
4126    2086  2084  2109  13
4127    2087  2086  2109  13
4128    2089  2088  2087  13
4129    4266  3046  2577  13
4130    2079  2023  2626  13
4131    2551  2625  1077  13
4132    2818   934  2357  10
4133    2032  1941  2090  10
4134    2111  2253  2218  13
4135    2033  2091  2111  13
4136     184  2039  1964  9
4137    2039  2160  1844  9
4138    1970  2093  1642  10
4139    2093  2041  2114  10
4140     148  2094  2013  9
4141    2067  2094  1785  9
4142    2213  2095  2050  8
4143     266   599  2095  8
4144    2099  1992  1062  10
4145    2116  2096  1039  10
4146    2117  1060  1821  10
4147    2097  2117  2125  10
4148    1818  1991  2098  10
4149    1991  2055  2098  10
4150    2126  2130  2118  10
4151    1991  2053  2118  10
4152    2344  2100  2056  10
4153    2099  1062  2100  10
4154    2170  2101   118  5
4155    2101  2234  2281  5
4156    2011  5158  2102  13
4157    1863  2318  2011  13
4158    1883  2212  2069  3
4159    3233  2072  2527  3
4160    2220  1927  2119  9
4161     383  2915  3071  8
4162    2215  2021   383  9
4163    2025  2119  1927  9
4164    2120  2127  2535  10
4165    2398   908  2340  10
4166    2603  1814  2512  10
4167    2080  2028  2107  10
4168    2122  1939  2080  10
4169    1940  2108  2085  11
4170    2084  2083  2109  13
4171    2576  2866  2409  13
4172    2110  2090  2216  10
4173    1003  2110  2217  10
4174    2528   894  2218  13
4175    1942  2111  2218  13
4176     653  2036  2112  6
4177    2036  1948  2112  6
4178    2358  2219  2113  5
4179    2036  2113  2219  5
4180    2343  2041  2124  10
4181     321  2341  3487  10
4182    2124  2115  2013  10
4183    2041  1970  2115  10
4184    1992  2099  2116  10
4185    2126  2118  2053  10
4186    1821  2055  2117  10
4187    2125  2117  2055  10
4188    2100  2344  2099  10
4189    2054  2097  2125  10
4190    2105  2021  2252  9
4191    2365  2220  2119  9
4192     212  2254  2256  10
4193    2120  2255  2127  10
4194    2133  2134  2128  10
4195    2401  2024  2342  10
4196    2131  2133  2122  10
4197    2128  2121  2081  10
4198    2642  2643  2644  13
4199    2249  2014  2534  13
4200    2520  1889   149  10
4201    2343  2341  2114  10
4202    2222  2125  2055  10
4203    2125  2222  2530  10
4204    2116  2099  2126  10
4205    2130  2126  2099  10
4206    2254   212  1922  10
4207    2366  2255  2221  10
4208    1939  2129  2108  10
4209    2129  2133  2132  10
4210    2122  2107  2131  10
4211    2108  2132  2031  10
4212    2845  2056  1067  10
4213    2118  2359  2222  10
4214    2148  3007  1057  10
4215    2128  2134  2121  10
4216    2129  2122  2133  10
4217    2128  2031  2132  10
4218    2133  2131  2134  10
4219    2128  2132  2133  10
4220    3969  3801  2603  10
4221    2176  2008  1815  10
4222    2521   268   271  6
4223     122   268  2135  5
4224    2277  2810  2258  3
4225     130  2996  2767  4
4226    2800  2137  1023  10
4227    1023  2138   758  11
4228    2218   894  1942  13
4229    2137   894  2138  11
4230    2398  2431  2305  10
4231     872   974  2139  11
4232    2168  2531   366  5
4233     595   366  2140  6
4234     796  2141  2225  11
4235    2819  3015  2367  10
4236     931  2363   769  13
4237     636  2142  2141  11
4238     702   342  2143  11
4239    2295  2407   342  10
4240     378  2871  3268  8
4241     722  1865  2144  8
4242     895  2146   760  11
4243    2154   705  3110  13
4244    2402   889  2299  10
4245    2145   889  2146  11
4246    1943  1059  2552  13
4247    1057  1077  2147  11
4248     901  3033  2945  10
4249     981  2148  2147  11
4250     546  2389  2564  13
4251     781  2149   907  11
4252     796   548  2150  11
4253     548  2225  2278  13
4254    2802  2151   213  10
4255     893  2151  2150  11
4256     625  2152   799  8
4257    2524  1856  2634  7
4258     900  2628  1063  13
4259    1065  1036  2153  11
4260     890   705  2154  11
4261     895  3035  2947  13
4262    2291  2929  3018  10
4263     704   860  2155  11
4264     972   780  2156  11
4265    2139  2406   780  10
4266    2348  2157   962  11
4267    2368  2157  2415  13
4268    2147  1077  2625  13
4269     901   981  2158  11
4270    2178  2240  1827  13
4271    1043   992  2159  12
4272    2228  2160  2261  9
4273    2092  2160  2039  9
4274      62  2161   873  9
4275    2572  2161    61  9
4276    1681  2161  2572  9
4277    1614  2330  1998  9
4278    2162  2163  1681  9
4279    1148  1974  2163  7
4280     171  2164  1698  7
4281    1852  2164   170  7
4282    2230  2165  1715  5
4283    1985  2165    70  5
4284    2231  1557  1653  10
4285    1557  2231  2166  10
4286    2592  2593  2483  10
4287    1735  2233  1595  10
4288    1739  1680  2168  7
4289    2666  2531  2613  5
4290    1647  1753  2169  8
4291    2234  2170  1775  5
4292    2172  2171  2169  8
4293    2172  2170  2171  8
4294    2169  2171  1731  8
4295     118  2171  2170  8
4296    2173  2172  1753  8
4297    1775  2170  2172  8
4298    1753   875  2235  8
4299    2236  1775  2173  8
4300    2267    24  2174  10
4301    1104  1490  2174  10
4302    1704  2175  1536  10
4303    2238  2175  1746  10
4304     980  1058  2608  10
4305    2603  1812  1814  10
4306    1374  2177   567  7
4307    2177   352  2239  7
4308    2040  2268  1842  13
4309    2240  2805  2159  13
4310    1744  2179  1402  10
4311    1845  2179  2349  10
4312     363  2779  2524  7
4313    2241  1615  1857  7
4314    1616  1396  2181  8
4315    1615   358  2182  8
4316    2182  2242  1789  8
4317    1616  2182  1789  8
4318     357  2797  2269  8
4319    2269  1785  1789  8
4320    2350  2184  2525  8
4321    1813  2350  1987  8
4322    1828  1839  2331  10
4323    2491   322   323  10
4324    1879  2185  2186  10
4325    2186  2185  2351  10
4326     126  3232   125  4
4327     136  2312  3113  4
4328    2191  1878  1894  13
4329    2091  2519  3230  13
4330    1895  2188  2189  13
4331    2189  2188  2352  13
4332    3333  2190   513  9
4333    3223  2522  3224  10
4334    2250  1914  2209  13
4335    1878  2191  2243  13
4336    1925  2076  2400  10
4337    2192  2193  2362  11
4338    2459  2718  2643  13
4339    2409   639   553  11
4340      49    45  2194  10
4341      45  2027  2194  9
4342    1921  2354   547  13
4343    2195   547  2354  13
4344    2196  1344  2246  10
4345    1956  2196  2271  10
4346    2261  2197    34  9
4347    1700  1971  2272  9
4348    1850  1886  2393  9
4349    2202  2317  1498  9
4350    1972  2198  2199  9
4351    2198  2393  2317  9
4352    2200  2282  2372  10
4353    2201    23  2294  9
4354    1982    23  2201  10
4355    2273  2200  2372  10
4356    2027  2355  2202  9
4357    2355  2199  2317  9
4358      24   275  2203  9
4359     276  2203   275  9
4360    1395  2179  2204  10
4361    1845  2204  2179  10
4362    2204  2205  2038  10
4363    1853  2205  1845  10
4364    1619  2206  1778  5
4365    2411   133  2316  5
4366    2207  2046  1980  8
4367    2370   114  2210  7
4368    1710  2545  1986  10
4369     331  2556   330  10
4370    2052  1890  2249  13
4371    2364  2243  2250  13
4372    2768  2066  1819  8
4373    2517   114   115  8
4374    2276  2015  1875  4
4375    2251  2275  1883  4
4376    2527  2212  2214  3
4377    2610  1883    12  3
4378    2050  2514  2833  8
4379    2833  3279  2213  8
4380    2103  2016  2212  3
4381    3354  3041  2958  2
4382    2215  2252  2021  9
4383    4205   602   674  8
4384     217  2137  2910  10
4385    2130  2557  2359  10
4386    2110  2216  2217  10
4387    2217  2216  2357  10
4388    1923  2519  2091  13
4389    2218  2253  2528  13
4390    2113  2043  2358  5
4391    2316   347  2411  5
4392    2119  2252  2365  9
4393    2740  2529   307  9
4394    2366  2221  2257  10
4395     807  2257   930  10
4396    2359  2118  2130  10
4397    3831  3288  2907  10
4398     120  2810   121  3
4399    2809  3054  2996  4
4400    2690  2872  2666  5
4401    2224  2666  2691  5
4402    2141  2142  2225  11
4403     769  2559  2142  13
4404    2871   378  2804  9
4405    2144  1865  2801  8
4406     185  2092  2227  9
4407    2260  2227  2092  9
4408    1709  2228  1853  9
4409    2261  2160  1700  9
4410    1974  2326  2544  7
4411    1680  1739  2229  7
4412    1715   135  2230  5
4413    1961  2230   135  5
4414    2360  1743  1770  10
4415    1670  1965  2570  10
4416    2166  2231  2232  10
4417    2618  2848  2952  10
4418    2167  2037  2280  10
4419    1957  2262   338  10
4420    1775  2236  2266  5
4421    2281   124  2101  5
4422     976   188  2235  8
4423    2264   117  2236  8
4424    2264  2236  2173  8
4425     116  3226   117  5
4426    2237  1758  2361  10
4427    1573  1529  2273  10
4428    2313  2542  1746  10
4429    3234  2238  2542  10
4430    2177  2239  1732  7
4431     352   347  2239  6
4432    2268  2178  1842  13
4433    2386  2563  2632  13
4434    2180  2779  2241  7
4435    2779  2180  2524  7
4436     358  2183  2242  8
4437    2269  1723  1785  8
4438    2250  2191  1914  13
4439    2243  2191  2250  13
4440    1926  1925  2244  11
4441    2076  2024  2401  10
4442    2363  2245  2413  13
4443     931  2245  2363  13
4444    2807  2271  2246  10
4445    2807  2270    59  10
4446     135  2247  1961  5
4447    2206  1961  2247  5
4448     266  2248  1979  7
4449    2248  3231  2369  7
4450    1871  1054  2509  13
4451    2249  2534  3502  13
4452    2806  2209  2249  13
4453    2243  2364  2188  13
4454    2211  2015  2276  4
4455      12  1883  2275  4
4456    2215  2104  2252  9
4457    2252  2104  2365  9
4458    2941   706  2498  13
4459     758  2835  2942  13
4460     212  2256   211  10
4461    2254  2221  2255  10
4462     930  2257  2221  10
4463    2127  2255  2414  10
4464    2255  2256  2254  10
4465    2120   211  2256  10
4466    1935  2367   807  10
4467    2819  1935   636  10
4468     121  2810  2277  3
4469    2258  2809  2277  4
4470    2142  2559  2259  13
4471    2368  1024  2157  13
4472    2092   184  2279  9
4473    2009   181  2260  9
4474    2261  1700  2272  9
4475      34  2228  2261  9
4476    2283  2167  2280  10
4477    2283  2263  2233  10
4478    2233  2167  2283  10
4479    2262  1957  2263  10
4480    2235   188  2264  8
4481    2513  2264   188  8
4482     126   125  2281  5
4483    2236   117  2265  5
4484    2236  2265  2266  5
4485    2281  2266  2265  5
4486    2174  1758  2267  10
4487    1758  2237  2267  10
4488    1968  2324  2543  13
4489    2386  2632  2302  13
4490    2242  2183  2269  8
4491     357  2269  2183  8
4492    2246    58  2270  10
4493    2320  2270    58  9
4494    2196  2246  2271  10
4495    2807  2246  2270  10
4496      35  2197  2272  9
4497    2272  2197  2261  9
4498    2200  2273  2201  10
4499    1965  1573  2273  10
4500    2369  2274  2248  7
4501     130  2370  2769  7
4502    2211  2276  2251  4
4503    2275  3281    12  4
4504    2958  3281  3830  4
4505    2275  2251  2276  4
4506     122   121  2277  3
4507     268   122  2277  4
4508    2417  2440  2371  13
4509     548  2371  2150  13
4510     184  1854  2279  9
4511    2009  2279  1854  9
4512    2037  1719  2334  10
4513    2560  2591  2373  10
4514     126  2281  2265  5
4515     124  2281   125  5
4516    2372  2282  2237  10
4517    2200    24  2282  10
4518    2373  2283  2280  10
4519    2262  2263  2283  10
4520     269   272  2284  6
4521     272  2521  3231  7
4522    5155  4305  2374  10
4523    3242  2441  2640  8
4524    2375   500   403  6
4525     501  2639  2419  7
4526    4044  4400  4401  5
4527    2286   851  2287  6
4528    2376  2420  2448  10
4529    2443  2377  2422  11
4530    2458  2698  4272  13
4531    2424   552  2379  11
4532     705   890  2290  11
4533    2435  2403  2290  10
4534    2929  2380  2820  10
4535    2291  2292  2425  11
4536    2426   704  2571  13
4537    2426   860   704  11
4538     274  2382  2293  9
4539    2427   317  2293  9
4540     601  2655  2684  9
4541    2200  2294   275  9
4542    2156  2408   910  10
4543     545  2295   770  11
4544    2716  2384  2695  2
4545     785  2297   544  1
4546    2384  2296  2383  1
4547     757  2298   550  11
4548     214  2290  2403  10
4549    2345   889  2402  10
4550    2300  2299   551  11
4551    2299  2300   638  11
4552     551  2145  2841  13
4553     552   215  2301  11
4554     215  2424  2446  10
4555    2386  2302  2303  12
4556    2563  2386   909  13
4557    3379   766  3334  10
4558    2303  2812   766  12
4559    2617  2539  2304  13
4560     637   549  2304  11
4561     723   908  2398  10
4562     973   723  2305  11
4563     974   872  2306  11
4564    3039   872   972  13
4565    2306  4024  2308  13
4566    2951  3841   110  13
4567    3336   972   545  13
4568     973  2308  2389  13
4569     963  3008  2309  10
4570    2390  2309   758  11
4571    2409  2866  2193  13
4572    1041   990  2310  11
4573    2952  2532  2360  10
4574    3277  2360  2558  10
4575    2541  2312  1703  4
4576    1715  3113  3521  4
4577    3544  2061  1219  10
4578    2549  2280  2037  10
4579    2392  2314   132  4
4580    2930  2314  2392  4
4581    1797   346  2315  5
4582     351  2315   346  6
4583    1797  2315  2316  5
4584     347  2316  2315  5
4585    2317  2202  2355  9
4586    2198  2317  2199  9
4587    3400  2323  3490  13
4588    2060  5158  2813  13
4589    1717  1835  2329  9
4590    2814  2270  2320  9
4591    1849  2320  1694  9
4592    1886  2319  2814  9
4593     652  2143  2823  10
4594    2321  2394  2429  10
4595    1058  2665  2608  10
4596    1035  2322  1936  9
4597    3752  3750  3751  13
4598     103   102  3751  13
4599    2948  2842  2543  13
4600    1968  2543  2040  13
4601    1976  2356  2817  10
4602    2694  2630  2042  10
4603    1790   350  2326  7
4604    2544  1680  2229  7
4605    3484  3261   327  10
4606     330  2556   329  10
4607    3403  3668  3714  8
4608    3499  3651  3707  8
4609      60  2329  1998  9
4610    2319  2920  2814  9
4611    1613  2162  2330  9
4612    2430  2572  2396  9
4613    1999  2341  2553  10
4614    1828  2331  2185  10
4615    2020   306  2332  9
4616     306  1927  2332  9
4617    2547  2333  2020  9
4618    2333  2547  2548  9
4619    1866  2798  2004  10
4620    2037  2334  2549  10
4621    2007  1861  2335  9
4622    1901  2335  1861  9
4623    1723   140  2336  9
4624    3491  2336   140  9
4625    2072  2337  2071  3
4626    3207  3259  3257  3
4627    2623   304   303  8
4628    2803   383  2074  8
4629    2874  2981  2509  13
4630    1943  2551  1077  13
4631    2340  2397  2615  10
4632    2406  2463  2347  10
4633     322  4045  3507  10
4634    1999  2114  2341  10
4635    2921  2342  2816  10
4636    2353  2192  2450  10
4637    2124  1889  2520  10
4638    2685  3709  2520  10
4639    1946  2924  1038  10
4640    5451  5469  4902  10
4641    2435  2568  2674  10
4642    2146   889  2345  10
4643    2524  2346   363  7
4644    2152  2405   778  7
4645    4037   284  3879  10
4646     282  3879   283  10
4647    2414  2366  2926  10
4648    2157  2348   756  11
4649    2179  1744  2349  10
4650    2614  1744  2532  10
4651    2184  1814  2525  8
4652    2565  2847  3506  8
4653    2185  2553  3539  10
4654      62  2351  3228  10
4655    2629  2188  2364  13
4656    1050  2555   900  13
4657    2399  2192  2244  10
4658    2193  2192  2353  11
4659     755  2410  1921  13
4660     755  1934  2437  13
4661    2355  2027  1969  9
4662    2355  2057  2199  9
4663    2208  1986  2545  10
4664    3511  2817  2922  10
4665    2845  2950  3112  10
4666     934  2818  1946  10
4667    2043  2247  2358  5
4668    2411  2247   134  5
4669    2557  2130  2344  10
4670    2222  2359  3542  10
4671    1770  1722  2630  10
4672    2618  2311  2540  10
4673    2166  2361  1725  10
4674    2361  2232  2412  10
4675    2644  2123  2421  13
4676    2192  2362  2244  11
4677    2413  2245  2195  13
4678     769  2363  2559  13
4679    2250  2209  2806  13
4680    2876  2983  2519  13
4681    2611  3166   382  9
4682     307  2220  2365  9
4683    2257   807  2367  10
4684    2141  2925   636  10
4685    2151  2913   796  10
4686    2367  2926  2366  10
4687    2559  2846  2259  13
4688    2635  2617  2425  13
4689    3231  2521  2369  7
4690     271   130  2369  7
4691    2769  2210   267  7
4692    2769   267  2274  7
4693    2417  2278  2259  13
4694     756  2439  2415  13
4695    2237  2361  2412  10
4696    2273  2372  1965  10
4697    2549  2622  2280  10
4698     337  2483  2593  10
4699     403  2466   501  10
4700    2640  2575  3242  8
4701    2457  2287  2375  6
4702    3044  2561  4309  5
4703    2432  2449   639  10
4704    2420  2376  2421  11
4705    2460  2677  2697  13
4706    2443  2288  2289  11
4707    2462  2422  2467  10
4708    2423  2378  2379  11
4709     990  2458  2310  13
4710     552  2424   215  11
4711     637  2387  2927  10
4712     549   637  2380  11
4713    2914  2348  3009  10
4714    2292  2291  2381  11
4715      23  2382   274  9
4716    2427   279  1724  9
4717    3547  5410  4978  2
4718    2296  2384  2297  1
4719    2383     8  2384  1
4720    2452  2451  2601  10
4721    2301   215  2385  10
4722     993   909  2386  12
4723    2805   909  2159  13
4724    2820   637  2927  10
4725    1045  1005  2387  11
4726     702   754  5395  13
4727    2646  4860  2469  13
4728    2065  4024  3039  13
4729    2308  4024  2065  13
4730    2528  2835  2138  13
4731    2309  2390   963  11
4732    2821  2391  2314  4
4733    1796   345  2391  5
4734    2822   133   134  4
4735    3262  1796  2821  4
4736    2320  1849  2393  9
4737    2317  2393  1849  9
4738    2823  2394   652  10
4739    2429  1803  2321  10
4740     709  1031  2395  8
4741     763  2847  1031  8
4742    2330  2430  1998  9
4743     325   326  2566  10
4744     907  2567   781  10
4745    1933  2535   907  10
4746    2340  3867  2398  10
4747    2347   780  2406  10
4748    2739  2878  3509  10
4749    2523  2176  1030  10
4750    2121  2816  2342  10
4751    1925  2433  2244  10
4752    2342  2400  2401  10
4753    2400  2076  2401  10
4754    2451   638   983  10
4755    2434  2402  2299  10
4756    2345  2452  2633  10
4757    3077  3016  3076  10
4758    2674  2568  2633  10
4759     760  2404  2568  10
4760     719   364  2569  7
4761    1638  2405  1856  7
4762    2305  2431   974  10
4763    2447  2463  2406  10
4764    2453  2407  2436  10
4765    2932  2825  3881  10
4766    2453  2408  2347  10
4767     910  2436  2295  10
4768    2083  2079  2626  13
4769     639  2409  2353  11
4770    2464   703  2149  13
4771    2354  2410  2438  13
4772    2247  2411  2358  5
4773     134   133  2411  5
4774    2570  2412  2848  10
4775    2372  2412  2570  10
4776    2437  2455  2410  13
4777    2439  2573  2415  13
4778    2819  2367  1935  10
4779    2414  2926  3817  10
4780     893  2439   756  13
4781    2416   893  2150  13
4782    2278  2417  2371  13
4783     893  2416  2439  13
4784    2417  2846  3505  13
4785    2573  3489  2368  13
4786    2456  2466   403  10
4787     403   500  2456  8
4788    2286  2287  2419  6
4789    2457  2375   403  6
4790    2432   639  2353  10
4791     553   639  2420  11
4792    2643  2642  2518  13
4793    2376  2377  2421  11
4794     639  2449  2420  10
4795    2377  2376  2422  11
4796    2444  2423  2288  10
4797    2289  2288  2423  11
4798    2379  2378  2424  11
4799    2445  2424  2378  10
4800    2426  2571  2636  13
4801    2291  2425  2380  11
4802    2368  2571   704  13
4803     860  2426  2381  11
4804     279  2427  2382  9
4805    2427  1724  3191  9
4806    2451  2434   638  10
4807    1041  2503  2502  10
4808    2407  2932  2823  10
4809    2238  3234  2533  10
4810    2162  2430  2330  9
4811      60  2430  2396  9
4812    2431  2398  2463  10
4813     974  2447  2139  10
4814    3249  2176  2523  10
4815    2600  3255   978  10
4816    2400  2399  2433  10
4817    2399  2244  2433  10
4818     902  2504  2506  10
4819    2507  2503  2428  10
4820    2568   890   760  10
4821    2435   890  2568  10
4822    2453  2436  2408  10
4823    2407  2295  2436  10
4824    2455  2437  2465  13
4825    2195  2438  2413  13
4826    2437  1934  2454  13
4827    2469  2438  2455  13
4828    2371  2440  2416  13
4829    2637  2439  2440  13
4830    2417  2637  2440  13
4831    2439  2416  2440  13
4832    2639  2858  2574  10
4833    2579  2466  2456  10
4834    2718  2644  2643  13
4835    2677  2460  2698  13
4836    2518  3508  2643  13
4837    2288  2443  2422  11
4838    2462  2444  2288  10
4839    2665  2688  2712  10
4840    3504  2470  2826  10
4841    2739  2748  2754  10
4842    2424  2445  2446  10
4843    2445  2385  2446  10
4844    2463  2447  2431  10
4845    2406  2139  2447  10
4846    2739  2754  2878  10
4847    2444  2462  2470  10
4848    2432  2448  2449  10
4849    2448  2420  2449  10
4850    2192  2399  2450  10
4851    2399  2432  2450  10
4852    2506  2601  2451  10
4853    2434  2451  2452  10
4854    2451   983  2506  10
4855    3992  2864  3274  10
4856    2347  2463  3263  10
4857     286  4037  5104  10
4858     912  2578  2149  13
4859    2410  2455  2438  13
4860    2454  2465  2437  13
4861    2464  2468  2454  13
4862    2456  2441  2579  10
4863    2640  2456   500  8
4864     501  2419  2457  6
4865    2287  2457  2419  6
4866    2644  2421  2377  13
4867    2379  4380  3508  13
4868    3170  4905  3036  13
4869    2442  2458  4272  13
4870    2718  2123  2644  13
4871    4380  2379   552  13
4872    2444  2445  2461  10
4873    2445  2378  2461  10
4874    2467  2422  2376  10
4875    2462  2467  2470  10
4876    3867  2340  2615  10
4877    4131  4152  4025  10
4878    2849  2578   912  13
4879    2468  2472  2465  13
4880    2465  2454  2468  13
4881    2465  2472  2455  13
4882    2441  2418  2850  10
4883    2960  2466  2579  10
4884    2376  2448  2467  10
4885    2470  2467  2448  10
4886    2464  2149  2578  13
4887    2471  2580  2464  13
4888    2472  2646  2469  13
4889    3227  2951  1846  13
4890    2448  2432  2826  10
4891    2665  2712  2608  10
4892    2954  2471  2849  13
4893    2472  2469  2455  13
4894    2580  2468  2464  13
4895    2580  2472  2468  13
4896    3028  2936  3027  6
4897    4925  5274  4088  4
4898    3089  3088  2934  7
4899    2708  2683  2707  6
4900    5362  3091  5274  4
4901    2967  2473  3082  5
4902    2745  3803  2725  8
4903    2966  2474  2963  7
4904    2940  2831  2939  6
4905    2477  3512  2479  7
4906    3712  2585  3342  5
4907    2654  2585  2653  6
4908    2479  3298  4232  8
4909    3512  2477  2938  7
4910    2480   794  2832  5
4911     794  2481   618  4
4912    2480   789  2481  4
4913     789  2337  2481  3
4914    1918   576  2482  8
4915     580  2510  2656  9
4916    2588  2483  2589  11
4917    2590  2588   338  10
4918      63  2351  2484  10
4919     153    63  2484  9
4920      62   873  2485  9
4921     873   365  2485  8
4922    2658    86  2493  13
4923      98  3652  3792  13
4924    3791   100  3604  11
4925     331   330  2487  11
4926    2489  3897   327  11
4927    2489   327   326  11
4928    3798   324  2490  11
4929    2488    96  3795  11
4930    3796    94    95  11
4931    3798  3482   324  11
4932    2491   324  3482  10
4933    2553  2185  2331  10
4934    2493    86  2492  12
4935    2492  2596  2494  11
4936    2595   969   869  13
4937      87  2493  2492  12
4938    2853  3507  3638  11
4939    3623  2499  3485  11
4940    3701  3530  3645  9
4941     150   151  2495  10
4942    3629  2597  3491  9
4943     150  3628   151  9
4944     963  3067  3008  10
4945    2498  2497  1025  11
4946     758  2942  2390  13
4947    2497  2498  1022  11
4948     969  2499   869  12
4949    2494  3485    87  11
4950    2599  2500   564  9
4951    2661  2600  2500  10
4952    2717  2616  3493  13
4953     902   768  2501  11
4954     990  1041  2502  11
4955    2428  2503  1041  10
4956    2428  2385  2505  10
4957     902  2502  2504  10
4958    2505  2507  2428  10
4959    2506   983   902  10
4960    2385  2445  3486  10
4961    2864  2906  3274  10
4962    2503  2507  2504  10
4963    2507  2601  2506  10
4964    2601  2507  2505  10
4965    2506  2504  2507  10
4966    2517  2508  1847  8
4967    2838   115   116  8
4968    2625  2669  2147  13
4969    1029  2662  2602  13
4970    2510  2862  2656  9
4971     576  2587  2482  9
4972    1861  2511  1862  8
4973     580   581  2511  8
4974    2663  2008  2176  10
4975    2663  2603  2512  10
4976    2604  2513   577  8
4977    2508  2838   187  8
4978    2144  2514   722  8
4979    3290  3886  1916  8
4980    3538  5395  3841  13
4981    2515  2954  2834  13
4982    1863  2011  2102  13
4983    3866  3336   545  13
4984    2768   114  2517  8
4985    2768  2517  2066  8
4986    2642  2377  2443  13
4987    3874  4272  3870  13
4988    1037  2607  2519  13
4989    2664  2876  2607  13
4990    2597  2685   149  10
4991     320  3709  2685  10
4992     271  2369  2521  7
4993     268  2521  2135  6
4994    3224   513  2190  10
4995     909  2522  2159  12
4996    2711  2688  2322  10
4997    2663  2176  3249  10
4998    2569   364  2634  7
4999     363  2609  2779  7
5000    3799  1812  1810  8
5001    3714  3668  3921  8
5002    3239  3339  2856  4
5003    2959  2619  2856  4
5004    2527  1911  3233  3
5005    2527  2103  2212  3
5006    3029  2498  1025  13
5007    2138  2835   758  13
5008    2740  2611   289  9
5009     290  2546  2612  9
5010    2359  3237  3542  10
5011    2799  3066  3831  10
5012    2613  2168  1680  5
5013    2140  2531  2224  5
5014    2360  2532  1743  10
5015    1675  2667  1653  10
5016    2542  2238  1746  10
5017    2533  3880  3527  10
5018    2662  2874  2602  13
5019    2806  2364  2250  13
5020    2127  2106  2535  10
5021    2535  2106  2615  10
5022    2264  2513  2536  8
5023    2838  2513   187  8
5024     404  3256   420  5
5025    1915  2840   269  5
5026    5116  2123  4266  13
5027    2300  2538  2616  13
5028    2443  2518  2642  13
5029    1045  2304  2539  13
5030    2570  1843  1670  10
5031    2570  2848  2953  10
5032    2541  1657  2619  4
5033    2541  2619  2959  4
5034    3240  3544  4254  10
5035     281  3527  3880  10
5036     710  4183   864  10
5037    2268  2040  2842  13
5038    2326   350  2544  7
5039    2620   350  1796  5
5040    2556  2843  2949  10
5041    2208  2545  2843  10
5042    2612  2332  1927  9
5043    2728  2741  2713  10
5044    2332  2547  2020  9
5045     293  2547   292  9
5046     303  3235   294  9
5047     303   304  2548  9
5048    2844  2334  2004  10
5049    2061  3544  2313  10
5050     304  2623  2338  8
5051    2550  2915  3811  8
5052    2339  2088  2815  13
5053    2627  2551  2552  13
5054    2627  2552  2339  13
5055    2551  1943  2552  13
5056    3236  2341   321  10
5057    3228  2351  3539  10
5058    4196  2216  2909  10
5059    2344  2554  2557  10
5060    2629  2352  2188  13
5061    2555  2352  2671  13
5062    3510   331   332  10
5063    2843  2356  2208  10
5064    3038  3828  2554  10
5065    2359  2557  3237  10
5066    2694  2042  2672  10
5067    2694  2672  2873  10
5068    2363  2413  2559  13
5069    2846  2559  2413  13
5070    2373  2280  2622  10
5071     210  2560  3800  10
5072    2641  2575   500  5
5073    2561  4872  3244  8
5074    2268  2842  3816  13
5075    3205   544  3548  2
5076     776  2919  3137  13
5077    3335  3382  2564  13
5078    2471  2578  2849  13
5079    3506  1987  2350  8
5080    3499  3543  3651  8
5081    3488  2396  3625  10
5082      61    62  3228  10
5083     907  2535  2567  10
5084    2615  2567  2535  10
5085    2345  2633  2404  10
5086    2404  2633  2568  10
5087    2634   364  2346  7
5088    1856  2405  2634  7
5089    2848  2412  2232  10
5090    1843  2570  2953  10
5091    2573  2368  2415  13
5092    2617  2635  2857  13
5093    1681  2572  2162  9
5094      61  2396  2572  9
5095    2573  2439  2637  13
5096    3627  2573  2637  13
5097    2639  2574  2638  7
5098     501  2466  2639  10
5099    2456  2640  2441  8
5100    2375  2641   500  5
5101    3525  2626  3046  13
5102    2289  3508  2518  13
5103    2696  2362  2577  13
5104    3519  2718  2459  13
5105     912   994  2849  13
5106    2471  2464  2578  13
5107    2579  2441  2850  10
5108    2639  2466  2960  10
5109    2954  2515  2471  13
5110    2472  2580  2646  13
5111    2971  2861  2970  6
5112    2700  2758  2755  5
5113    2582  2734  2708  7
5114    2702  2679  2701  6
5115    2525  1812  3799  8
5116    2722  2582  2701  7
5117    2477  2653  2478  6
5118    2479  3252  2654  7
5119    2652  3254  3342  5
5120    2652  2584  2651  6
5121    2955  2226  3040  8
5122    2657  2863  1919  9
5123    2977  2657  2587  9
5124    2482  2657  1919  9
5125     105   338  2588  11
5126    2262  2590   338  10
5127     337  2589  2483  11
5128    3490  2589   104  13
5129    2262  2591  2590  10
5130    2592  2483  2588  10
5131    2373  2591  2262  10
5132     210  2593  2560  10
5133    2590  2591  2592  10
5134    2560  2592  2591  10
5135    2560  2593  2592  10
5136     210   337  2593  10
5137    2485  2594   153  8
5138     365   364  2594  7
5139      93  3246  3340  13
5140    2493   969  2595  13
5141      93  2852    86  11
5142    2596    86  2852  11
5143    2597  2659  2685  10
5144     149  3491  2597  9
5145    3643  3644  3646  11
5146    3528  2495   151  11
5147    3543   564   984  8
5148    2500  2599   891  9
5149     978  2500  2600  10
5150    2661  2500   891  10
5151    3504  2445  2444  10
5152    2864  2600  2661  10
5153    2668  1051  2158  13
5154    2158  2624  2668  13
5155    2512  2008  2663  10
5156    2107  2907  2131  10
5157    2513  2604   187  8
5158    1918  2851   577  8
5159     577  2513  2605  8
5160    2513   188  2605  8
5161    2123  2576   553  13
5162    2518  2443  2289  13
5163    2687   987  2153  13
5164    1036  1063  2670  13
5165    2688   892  2322  10
5166     985  2711  2322  10
5167     369   362  2609  6
5168    2897  2782   357  7
5169    1883  2610  2212  3
5170    3391  2957  3354  2
5171     308   289  2611  9
5172    2740   290  2529  9
5173    2220  2529  2612  9
5174    2332  2612  2546  9
5175    2544  2613  1680  5
5176    2666  2224  2531  5
5177    1744  2614  2349  10
5178    2614  2532  2667  10
5179    4025  2106  2075  10
5180    4163  2463  3492  10
5181    2717  2460  2697  13
5182     899  2616  2717  13
5183     549  2425  2617  13
5184    2425  2292  2635  13
5185    2232  2952  2848  10
5186    3277  2558  2980  10
5187    2526  3239  2187  4
5188    2526  3339  3239  4
5189    2620  2872  2690  5
5190    2544  2620  2690  5
5191    2855  3349  3267  10
5192    2741  3267  3350  10
5193    3265  2549  2844  10
5194     210  3800   209  10
5195    3679  4255   302  8
5196    4893  3996   602  8
5197    2089  2877  2815  13
5198    2662  2686  2875  13
5199    2865  2625  2551  13
5200    2147  2669   981  13
5201    5015  3519  2459  13
5202    2709  2982  2981  13
5203    2815  2627  2339  13
5204    4378  2627  2979  13
5205    2629  2671  2352  13
5206    2607  1945  2664  13
5207    2806  3802  2364  13
5208    2664  2687  2876  13
5209    2672  2042  2325  10
5210    1770  2630  2558  10
5211    2632  3073  2918  13
5212     544  2297  2716  2
5213    2302  2918  2812  13
5214    2452  2601  4226  10
5215    3869   986  3461  10
5216    2634  2346  2524  7
5217    2405  2569  2634  7
5218    2368  3489  2571  13
5219    2539  2617  2857  13
5220    2571  2635  2636  13
5221    2635  2292  2636  13
5222    2417  2259  2846  13
5223    2571  3626  2635  13
5224    2418  2441  3242  8
5225    3410  3386  2638  7
5226    2579  3043  2960  10
5227    2419  2639  2638  7
5228     500  2575  2640  8
5229    2575  3244  3242  8
5230    2961  2287   851  5
5231    2375  2859  2641  5
5232    2718  3519  4266  13
5233     553  2576  2409  13
5234    2644  2377  2642  13
5235    2676  3046  2984  13
5236    2697  2501   768  13
5237     553  2421  2123  13
5238    2515  2646  2580  13
5239    2413  2438  3514  13
5240    2515  2580  2471  13
5241    2000  2060  1846  13
5242     426  2703   411  6
5243    2733  2742  2719  7
5244    2756  2702  2581  5
5245    2700  2647  2699  6
5246    2473  2963  2474  6
5247    2861  2964  2969  5
5248    2734  2730  2708  7
5249    2868  2649  2867  6
5250    2584  2652  2585  6
5251    2654  3252  2584  7
5252    2735   411  2703  5
5253    2651   411  2652  6
5254    2585  2654  2584  6
5255    2585  2652  3342  5
5256    2477  2479  2654  7
5257    2653  2477  2654  6
5258    2801  3040  2226  8
5259    2586  1919  2863  9
5260     580  2656   581  9
5261    2510   276  2862  9
5262    2977  2656  2862  9
5263    2294   318  3115  9
5264    2658  2595  3245  13
5265      86  2658  3246  13
5266     320  2685   319  10
5267     150  2659  2597  10
5268    3629   150  2597  9
5269    3248   320   319  11
5270    2791  2906   891  10
5271     891  2906  2661  10
5272    2686  1076  1051  13
5273    2662  2875  2874  13
5274    2689  3249  2523  10
5275    3006  2131  2907  10
5276    2670  2153  1036  13
5277    2693  2714  2670  13
5278    2665   892  2688  10
5279    2608  2689  2523  10
5280    2613  2690  2666  5
5281    2691  2872  3269  5
5282    2532  2231  2667  10
5283    2231  1653  2667  10
5284    1076  2686  2662  13
5285    2875  2686  2668  13
5286    2865  2669  2625  13
5287    2624   981  2669  13
5288    2671  2628  2555  13
5289    2687  2664   987  13
5290    2670  2714  2687  13
5291    2628  2671  2693  13
5292    1976  2817  2325  10
5293    3606  3680  3510  10
5294    2674  3518  3020  10
5295    2673  2716  2695  2
5296    3077  2820  2927  10
5297    2442  2310  2458  13
5298    2577  2362  2193  13
5299    2984  2077  2676  13
5300    3525  2675  2626  13
5301    2697  2677  2501  13
5302    2697   768  2717  13
5303    2581  2701  2582  6
5304    5402  2731  2976  4
5305    2721  2722  2744  7
5306    2678  2699  2679  6
5307    2648  2705  2647  6
5308    2755  2648  2700  5
5309    2747  2743  2754  10
5310    2704  2680  2703  6
5311    2582  2707  2581  6
5312    3972  2583  4069  8
5313    2681  2753  2705  7
5314    2682  2867  2683  6
5315    2978  2586  2863  9
5316     318   317  2684  9
5317    3655  3546  3656  11
5318     149  2685  2520  10
5319    1051  2668  2686  13
5320    2875  2709  2874  13
5321    2153  2670  2687  13
5322    2670  2628  2693  13
5323     985   761  2726  10
5324    2689  2712  2739  10
5325    2712  2689  2608  10
5326    2400  2342  2921  10
5327    2544  2690  2613  5
5328    2872  2620   372  5
5329    3392  3358  3664  5
5330    3358   368  3573  5
5331    2692   291  2713  10
5332    2692  2621  3250  10
5333    2629  2715  2671  13
5334    2714  2693  2715  13
5335    3511  2672  2817  10
5336    3192  3605   334  10
5337    3508  4380  3900  13
5338    2384     8  2695  2
5339    2577  5116  4266  13
5340    2717   768   899  13
5341    2616  2538  3493  13
5342    3036  3493  2538  13
5343    2877  4862  2979  13
5344    2647  2700  2648  6
5345    2749  2647  2705  7
5346    2760  2756  2581  5
5347    2699  2678  2700  6
5348    2679  2702  2678  6
5349    2744  2701  2679  7
5350    2723  3253  2735  5
5351    2701  2581  2702  6
5352    2680  2704  2681  6
5353    2723  2703  2680  5
5354     426  2724  2704  7
5355    2703   426  2704  6
5356    2681  2706  2680  6
5357    2749  2753  2757  7
5358    2678  2702  2720  5
5359    2705  2648  2706  6
5360    2683  2708  2682  6
5361    2826  2470  2448  10
5362    2734  2582  2722  7
5363    2707  2582  2708  6
5364    2865  2624  2669  13
5365    2981  3502  2534  13
5366    3494  2714  2715  13
5367    3230  3540  2253  13
5368    2726  3255  2747  10
5369    2712  2688  2727  10
5370    2711  2727  2688  10
5371    2711   985  2726  10
5372     290  2728  2546  10
5373    2740  2854   290  10
5374    2693  2671  2715  13
5375    2710  2687  2714  13
5376    3802  2629  2364  13
5377    2710  3494  2983  13
5378    2631  3251  2673  2
5379    2716  2673  3251  2
5380    3493  3036  4905  13
5381    2866  5116  2577  13
5382    3870  2460  5299  13
5383    2362  2696  1926  13
5384    2753  2749  2705  7
5385    3714  3921  4068  8
5386    2756  2720  2702  5
5387    2879  2736  2732  5
5388    2733  2679  2699  7
5389    2719  4068  3968  8
5390    2744  2679  2733  7
5391    2721  2583  2722  7
5392    2736  2680  2706  5
5393    2723  2680  2736  5
5394    3581  3388  2651  7
5395    2726  2746  2738  10
5396    2730  2682  2708  7
5397    3972  2745  2583  8
5398    2738  2727  2711  10
5399    2726  2738  2711  10
5400    3255  2726   761  10
5401    2727  2748  2712  10
5402    2611  2740   307  9
5403     288  2855   289  10
5404    2704  2724  2737  7
5405    2724   448  2729  7
5406    2724  2729  2737  7
5407    2755  2879  2732  5
5408    2745  2725  2752  7
5409    2751  2730  2734  7
5410    2707  2683  2750  5
5411    2720  2756  2880  5
5412    2742  2699  2647  7
5413    2719  2721  2733  7
5414    2722  2583  2734  7
5415    2752  2650  2868  7
5416    2723  2879  2881  5
5417     411  2735  3254  5
5418    2732  2706  2648  5
5419    2732  2736  2706  5
5420    2755  2732  2648  5
5421    3403  3714   448  8
5422    2748  2739  2712  10
5423    2738  2748  2727  10
5424    2726  2747  2746  10
5425    3503  2399  3636  10
5426    2855  2854  2740  10
5427    2741  2692  2713  10
5428     290  2854  2728  10
5429    2621  2692  2741  10
5430    2647  2749  2742  7
5431    2733  2699  2742  7
5432    2864  3549  2600  10
5433    2755  2761  2879  5
5434    2721  2744  2733  7
5435    2722  2701  2744  7
5436    2751  2745  2730  7
5437    2682  2730  2752  7
5438    2757  2753  2729  7
5439    2681  2704  2737  7
5440    3549  2747  3255  10
5441    2505  3486  3624  10
5442    2738  2746  2748  10
5443    2747  2754  2746  10
5444    5361  2976  2475  4
5445    2719  2742  2749  7
5446    2867  2870  2683  5
5447    2683  2870  2750  5
5448    2734  2583  2751  7
5449    2583  2745  2751  7
5450    2745  2752  2730  7
5451    2973  2752  2725  7
5452    2681  2737  2753  7
5453    2729  2753  2737  7
5454    2746  2754  2748  10
5455    2878  2754  2743  10
5456    2758  2700  2678  5
5457    2758  2761  2755  5
5458    2760  2581  2707  5
5459    2756  2760  2880  5
5460    2729  2719  2757  7
5461    2719  2749  2757  7
5462    2678  2720  2758  5
5463    2761  2720  2985  5
5464    2880  2985  2720  5
5465    5103  2879  2761  5
5466    2707  2750  2760  5
5467    2880  2760  2750  5
5468    2758  2720  2761  5
5469    5103  2761  2985  5
5470     424  2990   409  6
5471    3153  3049  3119  7
5472    2988  2883  3117  5
5473    2989  2883  2988  6
5474    3390  3260  3346  5
5475     830   660  2764  6
5476    2994  3630   830  7
5477     660   830  2765  6
5478     404   600  2766  5
5479    3344  2537  3034  5
5480    2370   130  2767  5
5481    2996  2887  2767  4
5482    2369   130  2769  7
5483    2768  2210   114  8
5484    2769  2274  2369  7
5485    2370  2210  2769  7
5486     114  2770   115  5
5487    2767  2887   129  4
5488     888  2772   565  9
5489    2601  3624  4226  10
5490    4354  4358   443  8
5491    2771  2888  2772  9
5492    3363  3411   381  9
5493    4006  4190  4193  8
5494     845   679  2774  6
5495    4256  3814   465  5
5496     683  3804  2775  7
5497     465  2775  2774  6
5498     475  2892   466  6
5499     475  4301  2893  7
5500    3980  2891  3814  5
5501    2891  2776  2890  6
5502     326   327  2778  10
5503    3261  2271  2807  10
5504    2782  2897   362  7
5505    2609   362  2779  7
5506    3355  2997  3056  5
5507    2896  2781   362  6
5508    3287  3554   361  7
5509    2895  2781  2780  6
5510     362  2781  2782  7
5511    3554  2781   361  7
5512    2899  2998  3057  7
5513     360  2898   371  6
5514     370  2895  3055  5
5515    2783   370  2784  6
5516    2785  4871  3684  9
5517    3610   143   144  9
5518     388  2787   143  12
5519     144   143  2786  10
5520    4972   385  5033  13
5521    2787  2786   143  12
5522    3736  3732  2788  7
5523     739  3260   659  6
5524     410  3004   425  6
5525    3064  3005  2905  5
5526    3126  2790  3003  7
5527    3059  2903  3003  6
5528     708  2792   863  9
5529    3274  2906  2791  10
5530    2599  3383   979  8
5531    2791   979  2792  9
5532    1010  2794   943  6
5533    3697  1010  3216  7
5534    3120   409  2990  5
5535    2793   409  2794  6
5536    1017  2796   953  6
5537    3698  1017  3220  7
5538    2901   371  2898  5
5539    2795   371  2796  6
5540    3907   355  3660  8
5541     140  1723  2797  8
5542    2932  2394  2823  10
5543    2542  2313  3240  10
5544    1075  3033   901  10
5545    3801  1810  1812  10
5546    1023  2911  2800  10
5547    2216  2090  2909  10
5548     712  2604  2801  8
5549    2851  3040   577  8
5550    2914  2802   213  10
5551    2928  3017   860  10
5552    2915  2803  3811  8
5553    3811  2803  2623  8
5554     379  4133  2871  8
5555    3812   316   315  9
5556    2916  2805  2240  13
5557    2563   909  2805  13
5558    2534  2509  2981  13
5559    3802  2715  2629  13
5560      59  2778  2807  10
5561    3261  2807  2778  10
5562    2610    12  3041  2
5563    5263  4421  5358  4
5564    2223  2887  3054  4
5565     130   271  2809  4
5566    2946    67  3839  3
5567    2223  2810  5121  3
5568     272  2811  2284  7
5569     266  2213  2811  8
5570    2812   776   766  12
5571    2632  2918  2302  13
5572    5227  3840  4047  13
5573    3353  2065  3336  13
5574    1886  2814  2320  9
5575    2920  2319  2329  9
5576    2109  2675  2089  13
5577    2379  3508  2289  13
5578    2134  2131  3006  10
5579    2689  2739  3509  10
5580    2922  2356  2843  10
5581    2817  2356  2922  10
5582    2357  2216  3014  10
5583    1038  2923  1065  10
5584    2912  2141   796  10
5585     636  2925  2819  10
5586     295  3401  3580  10
5587    2380   637  2820  10
5588    2930  2392  2822  4
5589     372  1796  3262  4
5590    3520   134   135  4
5591    2930  2821  2314  4
5592    2143  2407  2823  10
5593    2407  2825  2932  10
5594    3020  2403  2674  10
5595    2298  2931   932  10
5596    3263  2453  2347  10
5597     282   281  3541  10
5598    3503  2432  2399  10
5599    3486  2505  2385  10
5600    2474  3079  2473  6
5601    3983  3085  3819  8
5602    3168  3139  3140  5
5603    3104  3025  3026  6
5604    3983  4075  3084  8
5605    3138  3023  3094  7
5606     425  2939   410  6
5607    3359  2940  3158  7
5608    2585  3712  2653  5
5609    2830  2937  2831  6
5610    3777   794   600  5
5611    3777   944  3956  5
5612    2144  2226  3268  8
5613     273  2917  3072  8
5614    5463  5325  5660  13
5615    2388  2515  2834  13
5616    2253  2943  2528  13
5617    3108  3029  3030  13
5618    3109  2836  2944  10
5619    1944  2908  2799  10
5620    2837  2530  3293  10
5621    2944  2836  1056  10
5622     115  2838  2508  8
5623     116  2536  2838  8
5624    3258  3839    67  3
5625     435  2017  2839  7
5626     435  2839  3034  5
5627     121  2840   120  5
5628     895  2947  2145  13
5629     895  2154  3035  13
5630    2948  2543  2324  13
5631    2563  2805  2916  13
5632    2949  2545  2327  10
5633    2922  2843  2556  10
5634    2004  2798  2844  10
5635    4890  2798  4194  10
5636    1061  2950  1034  10
5637     809  1065  3013  10
5638    2469  3514  2438  13
5639    3505  3627  2637  13
5640     763  1987  2847  8
5641    3506  2847  1987  8
5642    2952  2232  2231  10
5643    2953  2848  2618  10
5644     994  2564  2849  13
5645    2849  2564  2954  13
5646    2850  3522  3114  10
5647    2858   494  2574  10
5648    2955  2586  2655  8
5649    3040  2604   577  8
5650    2852  2956  2853  11
5651      93  2956  2852  11
5652    2494  2596  2853  11
5653    2852  2853  2596  11
5654    2728  2854  3267  10
5655    2855  2740   289  10
5656    3349   288   287  10
5657    2854  2855  3267  10
5658    3239  2619  2187  4
5659     135  1715  3521  4
5660    3626  2571  3489  13
5661    2442  4380   552  13
5662    3043  3820  2858  10
5663    3043  2858  2960  10
5664    2859  2287  2961  5
5665    3616  4401  2961  5
5666    2650  2970  2649  6
5667    2968  2974  2965  7
5668    2969  2964  2967  5
5669    2964  2860  2963  6
5670     276   275  2862  9
5671    3045  2977  2862  9
5672    3045  2657  2977  9
5673    2586  2978  2655  9
5674     708  2771  3829  10
5675    2601  2505  3624  10
5676    2877  2089  2675  13
5677    2624  2865  2982  13
5678    2123  5116  2576  13
5679    4272  2698  3870  13
5680    2649  2868  2650  6
5681    2869  2867  2649  5
5682    2682  2752  2868  7
5683    2867  2682  2868  6
5684    2970  2861  2972  5
5685    2985  3404  2731  5
5686    2867  2869  2870  5
5687    2869  2750  2870  5
5688    3264  2514  3268  8
5689     378   601  2804  9
5690    2691  3269   373  5
5691    2666  2872  2691  5
5692     335  3192   334  10
5693     335   336  3192  10
5694    2981  2874  2709  13
5695    2509  2602  2874  13
5696    2668  2624  2875  13
5697    2982  2875  2624  13
5698    2983  2876  2710  13
5699    2519  2607  2876  13
5700    3035  3111  2947  13
5701    2677  2698  2458  13
5702    4270  3504  2826  10
5703    2399  2400  3636  10
5704    2731  2759  2985  5
5705    2723  2736  2879  5
5706    3270  3405  3582  5
5707    2880  2750  3404  5
5708    2880  3404  2985  5
5709    2881    79  3253  5
5710    2762  2988  2763  6
5711    3149  3047  3116  7
5712    3150  2987  3171  5
5713    2987  2882  2986  6
5714    2763  2992  2762  6
5715    3294  3120  3050  5
5716     440  3052  3051  7
5717    2991  2884  2990  6
5718    2994  2886   667  6
5719    2995  2886  2764  5
5720    3552  3271  3272  4
5721     129  2887  3272  4
5722     708  2888  2771  9
5723    2792  3338  3384  8
5724    4006  4187  2773  8
5725    4186  3749   312  9
5726    2776  2891  2777  6
5727    4155  4142  2890  7
5728     465  3814  2891  5
5729     683  2891  2890  6
5730    2777  2893  2776  6
5731    2777  2891  3980  5
5732    3837  4302  3312  7
5733    2892   475  2893  6
5734    3296  2894  3358  5
5735     363  2894  2609  6
5736    2997  2895  2780  5
5737    2781  2895   361  6
5738     362   369  2896  6
5739    2780  3056  2997  5
5740    2241  2897  2183  7
5741     362  2897  2779  7
5742    2784  2899  2783  6
5743    2900  2898  2784  5
5744     360  2998  2899  7
5745    2898   360  2899  6
5746    3284  2784   370  5
5747    3283  4204  2999  5
5748    3283  2999  2900  5
5749     371  2901  3000  5
5750    2789  3003  2790  6
5751    3162  3130  2789  5
5752    3125  3155  3060  7
5753    3002  2902  3001  6
5754    2790  3005  2789  6
5755    3062  2904  3128  7
5756     410  3161  3061  5
5757    3061  2904  3004  6
5758    3274  2791   708  10
5759    2864  2661  2906  10
5760    2799  2908  3066  10
5761    2921  2816  3065  10
5762    2945  2148   901  10
5763    2908  1057  3007  10
5764    4197  2800  3068  10
5765    3297  2923  3074  10
5766    2800  2909  2910  10
5767    2090  2910  2909  10
5768    3067   963  2497  10
5769    1022  3131  2497  10
5770    2802  4198  2912  10
5771    3015  2819  2925  10
5772    2802  2912  2913  10
5773    2912   796  2913  10
5774     962  3009  2348  10
5775    2155   860  3017  10
5776    3177  3302  3134  8
5777    3071  2215   383  8
5778    3816  4356  3517  13
5779    2916  2268  3816  13
5780    3010  2811  2213  8
5781    2284  2811  2917  7
5782    3011  2632  2563  13
5783    2812  2919   776  13
5784    2632  3011  3073  13
5785    3559  3012  3323  13
5786      60  2920  2329  9
5787      59  2814  2920  9
5788    3006  3065  2134  10
5789    2432  3503  2826  10
5790    2556  3510  2922  10
5791    3511  3680  2672  10
5792    2357  3014  3074  10
5793    2924  2818  3074  10
5794    2818  2357  3074  10
5795    2923  1038  2924  10
5796    2141  2912  2925  10
5797    3015  2926  2367  10
5798    2802  3070  4198  10
5799    3817  2106  2414  10
5800    3076  1005   808  10
5801    3019   932  2931  10
5802    3557  2820  3077  10
5803    3133  2914  3009  10
5804    3078  2929  2820  10
5805    2291  3018  2381  10
5806    4348  2822  3520  4
5807    3551  3269   372  4
5808    2824  2403  3020  10
5809    3016  2927  2387  10
5810     282  3541  3879  10
5811    2429  2932  4194  10
5812    3141  2828  3103  6
5813    3092  3081  3021  5
5814    2965  3973  4070  8
5815    3090  3022  3089  6
5816     412  3027   427  6
5817    3028   412  3849  5
5818    2829  3640  3143  7
5819    2935  3025  2936  6
5820    2478  2938  2477  6
5821    2831  3558  3301  5
5822    3639  3512  2938  7
5823    2937  2830  2938  6
5824    2831  2940  2830  6
5825    3174  2939  3301  5
5826    3158   425  3127  7
5827    2939   425  2940  6
5828    3031  2835  2528  13
5829     706  2941  4362  13
5830    2528  2943  3031  13
5831    3108  4427  3029  13
5832    2091  3230  2253  13
5833    3108  3031  3107  13
5834    3032  1070   989  10
5835    2944  3032  3109  10
5836    2836  3109  3832  10
5837    3007  3066  2908  10
5838    3256   404  2766  5
5839    2766    67  3256  5
5840    3146   705   757  13
5841    2947  3111  2841  13
5842    2324  4184  2948  13
5843    4257  3816  2842  13
5844    3275  2949  2327  10
5845    2556  2949   329  10
5846    3037  1061   809  10
5847    2950  3037  3112  10
5848    1846  2645  2000  13
5849    3039  4024   872  13
5850    2532  2952  2231  10
5851    3277  2952  2360  10
5852    2618  2540  2953  10
5853    1843  2953  2540  10
5854    2564  2389  3335  13
5855    3564  3382  2065  13
5856    2655   377  2955  8
5857    2226  2955   377  8
5858      94  2490  3516  11
5859     322  2956  3516  11
5860    3391  3354  2808  2
5861    2957  3391  4210  2
5862    1805  4202  2276  4
5863    2610  3041  2957  2
5864    2856  3042  2959  4
5865    2959  3042  3113  4
5866    3043  2579  2850  10
5867    2639  2960  2858  10
5868    3468  3616   851  5
5869     851  3616  2961  5
5870    4308   499  3421  5
5871    5456  4448  4403  4
5872    2860  2964  2861  6
5873    2963  2968  2966  7
5874    3082  2473  3079  5
5875    2963  2473  2964  6
5876    2860  2974  2968  7
5877    3973  2725  3803  8
5878    2968  2963  2860  7
5879    2965  2476  2966  7
5880    2975  2972  3270  5
5881    2964  2473  2967  5
5882    2860  2971  2974  7
5883    2965  2966  2968  7
5884    2969  2967  3276  5
5885    2975  2970  2972  5
5886    2861  2971  2860  6
5887    2969  2972  2861  5
5888    2973  2971  2650  7
5889    2970  2650  2971  6
5890    2972  2969  3276  5
5891    2970  2975  2649  5
5892    2752  2973  2650  7
5893    2965  2973  2725  7
5894    2971  2973  2974  7
5895    2965  2974  2973  7
5896    2972  3276  3270  5
5897    2869  2649  2975  5
5898    3404  3582  2976  5
5899      79  2881  2759  5
5900    2656  2977  2587  9
5901    2862   275  3045  9
5902    3045  3115  2863  9
5903    2684  2655  2978  9
5904    1926  2676  2077  13
5905    4923  5300  2982  13
5906    3680  3511  3510  10
5907    3277  2618  2952  10
5908    2982  2709  2875  13
5909    2249  3502  2806  13
5910    3641  4378  2979  13
5911    2459  2643  3508  13
5912    2710  2714  3494  13
5913    3108  3107  4427  13
5914    2696  2577  3046  13
5915    2877  2675  3525  13
5916    2759  2881  5103  5
5917    2723  2881  3253  5
5918    2882  2987  2883  6
5919    2882  3047  2986  7
5920    3117  2883  3150  5
5921    2986   832  2987  6
5922    2883  2989  2882  6
5923    2987  3150  2883  5
5924    2762  3049  2989  7
5925    2988  2762  2989  6
5926    2884  2991  2885  6
5927    3050  2990  2884  5
5928     424  3051  2991  7
5929    2990   424  2991  6
5930    2885  2993  2884  6
5931    2885  3052  2992  7
5932    3117  3151  2988  5
5933    2992  2763  2993  6
5934    3732   667  2788  7
5935    2886  2994  2764  6
5936    2764   660  2995  5
5937    4262  4375  3495  5
5938     130  2809  2996  4
5939    3054  2809  2258  4
5940    2896  3056  2780  5
5941     369  3123  2896  5
5942    2795  2998   360  7
5943     355  3287  3286  7
5944    3278   953  2796  5
5945     371  3000  2796  5
5946    2901  2999  3000  5
5947    3000  2999  3278  5
5948    2902  3002  2903  6
5949    2789  3130  3059  5
5950     669  3058  3002  7
5951    3001   669  3002  6
5952    2903  3059  2902  6
5953    2903  3060  3003  7
5954    2904  3061  2905  6
5955    2904  3062  3004  7
5956    2905  3063  2904  6
5957    2905  3061  3129  5
5958    3006  2907  3356  10
5959    3065  2816  2134  10
5960    2148  2945  3007  10
5961    3066  3007  2945  10
5962     861  3163  1022  10
5963    3008  3132  2911  10
5964    3069   962  2155  10
5965    3133  3009  3069  10
5966    2017  2073  3290  8
5967    2833  2514  3264  8
5968    3517  2563  2916  13
5969    3323   776  3137  13
5970    2918  3073  2919  13
5971    3323  3137  3167  13
5972    3112  3038  2845  10
5973    1061  3037  2950  10
5974    3014  4196  4340  10
5975    2845  3038  2554  10
5976    2925  2912  3015  10
5977    3075  3015  2912  10
5978    3019   808   932  10
5979    3019  3076   808  10
5980    2914  3133  3070  10
5981     962  3069  3009  10
5982    3078  3018  2929  10
5983    2928  2381  3018  10
5984    2931  2824  3020  10
5985    3020  3019  2931  10
5986    2674  2633  3518  10
5987    4199  4891  3077  10
5988    2933  3089  2934  6
5989    3081  3139  3168  5
5990    3080  2474  3083  7
5991    3080  3021  3079  6
5992    2934  3093  2933  6
5993    3084  3085  3983  8
5994    3106  2828  3104  5
5995    3023  3103  3024  6
5996    2827  3104  2828  6
5997    3145  3640  2829  7
5998    3105  4329  3291  5
5999    3025  2935  3026  6
6000    2936  3028  2935  6
6001    3027  2936  3523  7
6002    3849   412  3397  5
6003    3027   412  3028  6
6004    2390  3030  1025  13
6005    3108  3030  2942  13
6006    3031  2942  2835  13
6007    3029  1025  3030  13
6008    4338  3540  2983  13
6009    2942  3031  3108  13
6010     989  2837  3032  10
6011    3109  3032  2837  10
6012    1075  2836  3033  10
6013    2836  2945  3033  10
6014    3256  3343   420  5
6015    2840  3344   120  5
6016    3110  3146  3169  13
6017    2538  2841  3036  13
6018    2154  3110  3035  13
6019    3170  3036  3111  13
6020     809  3013  3037  10
6021    3112  3013  3148  10
6022    3038  3112  3148  10
6023    3038  4258  3828  10
6024     770  2516  3866  13
6025     887  5774  5755  13
6026    2604  3040  2801  8
6027    2851  2955  3040  8
6028    3354  2957  3041  2
6029      12  2958  3041  2
6030    4134  3566  3565  4
6031    3348  2930  4208  4
6032    2418  3522  2850  10
6033    3043  3114  3820  10
6034    3044  4401  4400  5
6035     582  2561  3044  5
6036    2294  3045   275  9
6037    2657  3045  2863  9
6038    2979  4862  4271  13
6039    4272  3874  2442  13
6040    3116  2882  2989  7
6041    3154   442   443  7
6042    3117  3150  3180  5
6043    4445  3175  3993  4
6044    3119  2762  2992  7
6045     441   442  3149  7
6046    2993  3121  2884  5
6047    2763  2988  3151  5
6048    2793  3051   424  7
6049     440  3051   439  7
6050    2885  2991  3122  7
6051     440   441  3153  7
6052    2995  4345  3282  5
6053    3053  2995  3282  5
6054    2223  3054  2258  4
6055    2887  2996  3054  4
6056    2997  3355  3285  5
6057    2784  3284  2900  5
6058    3123  3056  2896  5
6059    3056  3123  3355  5
6060    3286  3057  2998  7
6061    2783  3287   361  7
6062     669  2986  3124  7
6063    3155   443   444  7
6064    3003  2789  3059  6
6065    3005  3162  2789  5
6066    2903  3002  3125  7
6067    3156   444   445  7
6068    3004   410  3061  6
6069    2905  3129  3064  5
6070    2904  3063  3128  7
6071    3157   446   447  7
6072    3005  2790  3063  6
6073    3159  3128  3063  7
6074      78  4934  3993  4
6075    3182  3118  3152  5
6076    3356  2907  3288  10
6077    2921  3065  3572  10
6078    3289  2945  2836  10
6079    3066  2945  3289  10
6080    3131  1022  3163  10
6081    3068  2800  2911  10
6082    3131  3067  2497  10
6083    3068  3176  4341  10
6084    2155  3017  3069  10
6085    3164  3133  3017  10
6086    3078  2928  3018  10
6087    3299  3661  3164  10
6088    2550  3302  3177  8
6089    2215  3071  3135  8
6090    3072  3010  3290  8
6091    2073   273  3072  8
6092    3136  3073  3011  13
6093    2919  3073  3137  13
6094    3074  3014  3297  10
6095    2923  2924  3074  10
6096    4342  3164  3661  10
6097    2106  3817  2075  10
6098    4199  3019  3020  10
6099    4199  3076  3019  10
6100    3274  4081  3992  10
6101    3596  4224  4359  10
6102    3661  3299  3557  10
6103    3078  3299  2928  10
6104    3021  3080  3022  6
6105    3081  3079  3021  5
6106    2966  3083  2474  7
6107    3079  2474  3080  6
6108    3090  3092  3021  5
6109    2933  3098  3096  5
6110    3079  3081  3082  5
6111    3081  2967  3082  5
6112    2476  3087  2966  7
6113    3086  3022  3080  7
6114    3094  3095  3138  7
6115    3083  3086  3080  7
6116    3022  3086  3088  7
6117    3087  3085  3086  7
6118    3085  3084  3088  7
6119    3087  3086  3083  7
6120    2966  3087  3083  7
6121    2476  3085  3087  7
6122    3085  3088  3086  7
6123    3095  3088  3084  7
6124    3022  3090  3021  6
6125    3022  3088  3089  7
6126    3098  2933  3093  5
6127    3089  2933  3090  6
6128    5274  4925  4924  4
6129    3096  3098  3139  5
6130    3096  3090  2933  5
6131    3090  3096  3092  5
6132    3024  3094  3023  6
6133    3099  3024  3101  5
6134    2934  3095  3094  7
6135    3093  2934  3094  6
6136    3141  3142  3143  7
6137    3088  3095  2934  7
6138    3093  3024  3099  5
6139    3102  3139  3098  5
6140    3095  3084  3097  7
6141    3142  3141  3023  7
6142    3099  3098  3093  5
6143    3099  3102  3098  5
6144    3101  3024  3103  5
6145    3140  3291  3091  5
6146    3291  3140  3102  5
6147    3096  3139  3092  5
6148    3106  3104  3105  5
6149    3291  3102  3101  5
6150    3099  3101  3102  5
6151    3291  3101  3106  5
6152    2828  3141  2827  6
6153    2828  3101  3103  5
6154    3025  3104  2827  6
6155    3105  3104  3026  5
6156    3105  2935  4008  5
6157    4008  3028  3849  5
6158    3291  3106  3105  5
6159    3101  2828  3106  5
6160    5209  2943  3540  13
6161    4427  2941  3029  13
6162    3031  2943  3107  13
6163     706  4362  1021  13
6164    3832  3289  2836  10
6165    4921  5491  5161  10
6166    3303  3178  3146  13
6167    3111  3036  2841  13
6168    3110  3147  3035  13
6169     705  3146  3110  13
6170    3037  3013  3112  10
6171    3148  3013  2923  10
6172    3113  3042  3520  4
6173     136  3113  1715  4
6174    3872  3114  3522  10
6175    3984  2858  3820  10
6176    2294  3115  3045  9
6177    2684  3115   318  9
6178    2989  3049  3116  7
6179    3149  3116  3049  7
6180      77  3294  3181  5
6181    3050  2884  3121  5
6182     832  3001  3118  5
6183    3152  3001  2902  5
6184    2992  3052  3119  7
6185    3153  3119  3052  7
6186    3821  3050  3121  5
6187     409  3120  3295  5
6188    3172  2763  3151  5
6189    3821  3172  3151  5
6190    2991  3051  3122  7
6191    3051  3052  3122  7
6192    3296   369  2894  5
6193    3392  3355  3296  5
6194    2986  3047  3124  7
6195    3154  3124  3047  7
6196    3002  3058  3125  7
6197    3155  3125  3058  7
6198    3060  3156  3126  7
6199    3062  3160   446  7
6200    3062  3157  3127  7
6201     425  3158  2940  7
6202    3159  3063  2790  7
6203     445  3160  3156  7
6204     410  2939  3174  5
6205    3064  3129  3305  5
6206    4390  3064  3305  5
6207    3152  3118  3001  5
6208     861  1052  3524  10
6209    3132  3068  2911  10
6210    3067  3131  3132  10
6211    3176  3131  3163  10
6212    3069  3017  3133  10
6213    3164  3017  2928  10
6214     602  4205  4893  8
6215    3550  3266  3134  8
6216    3165  3135  3071  8
6217    3266  2104  3135  8
6218    2563  3517  3011  13
6219    3559   717  3012  13
6220    3073  3136  3137  13
6221    3167  3137  3136  13
6222    3141  3143  2827  7
6223    3095  3097  3138  7
6224    3140  3139  3102  5
6225    3081  3092  3139  5
6226    3168  2475  3352  5
6227    3100  3140  3091  5
6228    3103  3023  3141  6
6229    3138  3142  3023  7
6230    3138  3097  3142  7
6231    3142  3144  3143  7
6232    3144  3142  3097  7
6233    3640  2827  3143  7
6234    3097  2829  3144  7
6235    2829  3143  3144  7
6236    3640  3025  2827  7
6237    3523  2936  3145  7
6238    3574  3303   550  13
6239    3035  3147  3111  13
6240    3147  3110  3169  13
6241    3147  3179  3111  13
6242    3148  2923  3297  10
6243    4374  3237  3828  10
6244     441  3149  3049  7
6245     442  3047  3149  7
6246    3171  2987   832  5
6247    3150  3171  3180  5
6248    3048  4935  5166  4
6249    2763  3172  2993  5
6250    3173  2902  3059  5
6251    3152  3173  3182  5
6252     440  3153  3052  7
6253     441  3049  3153  7
6254     442  3154  3047  7
6255     443  3058  3154  7
6256     443  3155  3058  7
6257    3060  3155   444  7
6258     444  3156  3060  7
6259    3160  3159  3156  7
6260     446  3157  3062  7
6261    3158  3157   447  7
6262    3157  3158  3127  7
6263     447  3298  3359  7
6264    2790  3126  3159  7
6265    3156  3159  3126  7
6266    3159  3160  3128  7
6267     445   446  3160  7
6268    3174  3161   410  5
6269    3305  3129  3161  5
6270    3005  3064  3162  5
6271    3064  3130  3162  5
6272    1026  4219  1052  10
6273    3176  3132  3131  10
6274    3164  2928  3299  10
6275     295  3580   296  10
6276    3071  2915  3165  8
6277    3177  2915  2550  8
6278    3166  3550   382  8
6279    3266  3550  3166  8
6280    3167  3136  3300  13
6281     776  3012  3322  12
6282    2475  3168  3100  5
6283    3270  2869  2975  5
6284    3146   757  3303  13
6285    3170  3179  3183  13
6286    3169  3146  3178  13
6287    5301  4905  3170  13
6288     832  3118  3171  5
6289    3180  3171  3118  5
6290    3821  3117  3985  5
6291    3121  2993  3172  5
6292    3059  3130  3173  5
6293    3182  3173  3130  5
6294    3301  2939  2831  5
6295    3174  3833  3305  5
6296    3301  3833  3174  5
6297    3304  3361  3048  5
6298     861  3524  3163  10
6299    4931  5165  4341  10
6300    3134  3165  3177  8
6301    2915  3177  3165  8
6302    3574  3665  3360  13
6303    3713  3575  3920  13
6304    3169  3178  3179  13
6305    3183  3179  3178  13
6306    3304  3180  3118  5
6307    3985  3048  3181  5
6308    3181  3821  3985  5
6309    3294  3050  3821  5
6310    3361  3182  3130  5
6311    3117  3180  3985  5
6312    3574  3178  3303  13
6313    4266  5303  3046  13
6314     408   740  3184  6
6315    3835  3362  3184  7
6316     496   691  3185  6
6317    4444  4388  4443  8
6318    3526   584  4201  5
6319     504  3186  3185  6
6320    3526  3187   585  5
6321    3188  3187  3189  5
6322    3186   495  3188  5
6323    4201  3189  3526  5
6324     287  3190   286  9
6325    3197  3308  3367  11
6326    2427  3191   316  9
6327    1724   280  3191  9
6328    3620   208  3481  10
6329    3309  3605  3192  10
6330     463   842  3193  6
6331    3408  3311   481  7
6332    3314   467   476  6
6333    3194  3999  3837  7
6334    4073  3313   466  5
6335    3313  3194  3312  6
6336     151  3628  3196  9
6337     137   260  4049  9
6338    2941  4427  4362  13
6339    3308  3317  3367  11
6340    3319  4312  3393  10
6341    3369  3578  3319  11
6342    3631  4228   422  7
6343     407   422  3199  6
6344    3987  4296   474  7
6345     464   474  3200  6
6346    2775  3975   845  7
6347     679   845  3201  6
6348     717  3202  3012  12
6349     865  3202   711  10
6350    3695  3726  3498  7
6351     421  3532   405  6
6352    3988  3995  4391  5
6353     740   408  3204  6
6354     544  3206   785  1
6355    3548  2716  3251  2
6356    3205   730  3206  1
6357     794  3207   600  4
6358    3259  3207  3345  3
6359    3501   952  5238  8
6360     140  3907  2496  8
6361     949  1015  3209  6
6362    3209  3533   742  7
6363    3989  3998  4392  5
6364     842   463  3210  6
6365    1018   954  3211  6
6366    3211  3990  3827  7
6367     467  3534  3212  5
6368     476  3212  3211  6
6369    3213  3934  3726  7
6370     944  3213   405  6
6371    1016  3374   950  6
6372    3324  3397   412  5
6373    3560  3325   449  7
6374    3325  3214  3324  6
6375     825  3466  3648  7
6376    3327  3216   943  6
6377     413  3218   883  6
6378    5492  3328  5339  4
6379    4970  1047  5030  8
6380    3217   742  3218  6
6381    1015   949  3219  6
6382     949  3330  3219  5
6383     840  3455  3649  7
6384    3331  3220   953  6
6385    3377  2190  3333  9
6386    3562  3332  3221  9
6387    3332   748  1841  9
6388    1967  3222  1630  10
6389    3224  2522   993  10
6390    1666  3223  2190  10
6391    3224   993  3225  10
6392    2190  3223  3224  10
6393     993  2303  3225  10
6394    3225  3379  3378  10
6395     128  3226   116  5
6396     126  3226   127  5
6397    3663  3280  3908  13
6398    3336  2065  3039  13
6399    2351  2185  3539  10
6400    3488  3625  3621  10
6401    3353  3538  3878  13
6402    2516   770   702  13
6403    2519  2983  3230  13
6404    3230  2983  3540  13
6405     266  3231  2248  7
6406    2811   272  3231  7
6407    3232   126  3337  4
6408    3888  2136  5121  3
6409    1911  1898  3233  3
6410    3389  3233  1898  3
6411    3234  2542  3240  10
6412    4890  3265  2844  10
6413    2548   293  3235  9
6414     293   292  3250  10
6415    3507  3236   321  10
6416    3621  3896  3483  10
6417    3828  2557  2554  10
6418    2557  3828  3237  10
6419     447   446  4206  8
6420    2599   564  3238  8
6421    3339  2526  3232  4
6422    2856  2619  3239  4
6423    3265  2622  2549  10
6424    4254  3544   209  10
6425    2224  3241   367  5
6426     364  3241  2346  6
6427     502  3422  3678  7
6428    3386  2286  2638  7
6429     689  2286  3386  7
6430    3244  2418  3242  8
6431    3244  4872  4029  8
6432    3871  3244  4029  8
6433    5125  2595   869  13
6434     101   100  3793  13
6435    2658  3245  3246  13
6436    2486    94  3515  13
6437    3654  3708  3882  11
6438      88  3882    89  11
6439    3647  2660  3529  11
6440    3653  3248  3654  11
6441    3636  2921  3898  10
6442    3356  3065  3006  10
6443    3402  2621  2022  10
6444     293  3341  3235  10
6445    3547  2631  2562  2
6446    3548   544  2716  2
6447    4232  3506  3668  8
6448     426  3388  2724  7
6449    5221  3568  5245  4
6450     411  3254  2652  5
6451    2735  3253  3254  5
6452    3254  3253  3342  5
6453     978  3255   761  10
6454    3549  3255  2600  10
6455    2537  3344  2840  5
6456    3256    67  3343  5
6457    3259  3258  3257  3
6458    2766  3207  3257  4
6459    3259  3389  3258  3
6460    2810   120  4207  3
6461    3345  3207   618  3
6462    3389  3345  2337  3
6463    3053  3346   406  5
6464    2788   406  3260  6
6465    2778   327  3261  10
6466     327  3347  3484  10
6467    3262  2821  3348  4
6468    3262  3348  3551  4
6469    2463  2398  3492  10
6470    5104  5202  3349  10
6471    4133   379  4336  8
6472    2213  3279  3010  8
6473    2798  4890  2844  10
6474    2798  2429  4194  10
6475    3134  3302  3550  8
6476    3165  3266  3135  8
6477    2855   288  3349  10
6478    3349  3350  3267  10
6479    3977  2871  3812  9
6480    3812   315  3977  9
6481    2872   372  3269  5
6482    3262  3551   372  4
6483    3405  3270  3276  5
6484    3582  2869  3270  5
6485    3552  2887  2223  4
6486    3565  3566  3337  4
6487    3552  3272  2887  4
6488    3271  2770  3272  4
6489     443  4358   444  8
6490    2888   863  3273  8
6491    3991  2771   888  10
6492    3829  3274   708  10
6493    1956  3275  2327  10
6494     329  3275   328  10
6495    3352  3276  2967  5
6496    2475  2976  3405  5
6497    2980  2873  3309  10
6498    3481   208  1219  10
6499    3278  4126  4147  5
6500     456  3836  4146  5
6501    3264  3885  2833  8
6502    3290  1916  2017  8
6503    2065  3382  3335  13
6504    5395   754  3841  13
6505    3281  2275  4202  4
6506    2958  3830  2808  4
6507    1805  4106  4105  5
6508     406  3346  3260  5
6509    4204   376  2999  5
6510    3284  3283  2900  5
6511     370  3055  3284  5
6512    3283  3284  3055  5
6513     375  2997  3285  5
6514    2997   375  3283  5
6515    2998   354  3286  7
6516    3553  3286   354  8
6517    3286  3287  3057  7
6518     355   356  3554  7
6519    2799  3831  2907  10
6520    2663  3249  3969  10
6521    3293  3109  2837  10
6522    3293  4901  3832  10
6523    3555  3290  3010  8
6524    4039  3290  3555  8
6525    4329  4008  4088  5
6526    3100  3168  3140  5
6527    2253  3540  2943  13
6528    2943  5209  3107  13
6529    3542  2530  2222  10
6530    3293  2530  3542  10
6531    3357   943  2794  5
6532     409  3295  2794  5
6533    3120  3294  3295  5
6534    3295  3294  3357  5
6535    3358  2894   368  5
6536    3358  3392  3296  5
6537    3014  2216  4196  10
6538    4374  3828  4258  10
6539    3359  2830  2940  7
6540    3543  3499  3238  8
6541    3557  3078  2820  10
6542    3078  3557  3299  10
6543    4218  3011  3517  13
6544    4904  4847  5180  13
6545    3558  2831  2937  5
6546    3305  4297  4390  5
6547    2550  4893  3302  8
6548    3302  4268  3550  8
6549     757   550  3303  13
6550    3574  3360  3178  13
6551    3118  3182  3304  5
6552    3304  3182  3361  5
6553    4390  4297  3993  5
6554    3174  3305  3161  5
6555     824  3834  3306  5
6556     423   824  3306  6
6557     837  3996  3307  8
6558    3362  3835   438  7
6559     310  3190  3406  9
6560    3884   381   382  8
6561    3620  3192   209  10
6562    3277  2980  3309  10
6563     746  3836  3310  5
6564     473   746  3310  6
6565    5348   686  5048  8
6566    3407  3321  3395  7
6567    3194  3313  3195  6
6568    3194  3837  3312  7
6569    2892  2777  4317  5
6570    3312   466  3313  6
6571     467  3314  3315  6
6572    3827  3314   476  7
6573    4036  4107  4132  5
6574    3314  3195  3315  6
6575    3556  4339  3368  13
6576    3316  3317  3366  11
6577    4422  4350  3308  10
6578    3308  3197  3198  11
6579    3650  3318  4339  13
6580    3318  3319  3393  11
6581    3918  4048  3578  10
6582    3578   557   218  11
6583    3370  3320   831  6
6584    3199  4228  3371  7
6585    3372  3321   844  6
6586    3395  3200  4296  7
6587    3012  3202  3322  12
6588    3202   966  3322  10
6589    3323  3167  3559  13
6590     776  3323  3012  13
6591    3214  3325  3215  6
6592    3409  3214  3326  5
6593     427   449  3325  7
6594    3324   427  3325  6
6595    3374  3326  3215  6
6596    3409  3398  3214  5
6597    3843   943  3357  5
6598    3216  3327   825  6
6599    5021    81  4551  4
6600    4355  5186  5339  4
6601    3561  3329   670  7
6602    1014  3329  3219  6
6603    3852  1013  3850  5
6604    1048  4223  3586  5
6605    4204  4892  4999  4
6606    3220  3331   840  6
6607    5024  3221  3333  9
6608     748  3332  3563  9
6609    3381  3378  3380  9
6610     518  3562  5024  9
6611     766   966  3334  10
6612     966  4867  3380  9
6613    2646  2515  2388  13
6614    3564  2065  3353  13
6615    2954  3382  2834  13
6616    3538  2516  5395  13
6617     127  3565  3337  4
6618    3339  3232  3566  4
6619    3499  4347  3238  8
6620    2792  3384   863  8
6621    3232  3337  3566  4
6622    3339  4110  4324  4
6623    3246  3245  3340  13
6624    3794  3545  3793  13
6625    3250  2621  3402  10
6626    3235  3387   294  10
6627    3729  3568  3710  5
6628    2846  4001  3505  13
6629    2839   420  3343  5
6630    3343  2946  3344  5
6631    3343  3344  3034  5
6632     120  3344  2946  5
6633     618  2337  3345  3
6634    3389  2337  3233  3
6635    3053  3282  3346  5
6636    3346  3282  3390  5
6637     328  3275  3484  10
6638    3797  3622  3897  11
6639    4208  2930  2822  4
6640    3551  3904  3658  4
6641     286  5104   287  10
6642     284  4037   285  10
6643    2463  4163  3263  10
6644    2022  2621  3350  10
6645    4896  3338  4347  8
6646    2772  3351  3570  8
6647    3081  3352  2967  5
6648    3168  3352  3081  5
6649    3878  5662  5113  13
6650    2413  3514  4085  13
6651    2958  2808  3354  2
6652    3391  2808  4930  2
6653    3296  3355  3123  5
6654    3905  4958   374  4
6655    3571  3356  3288  10
6656    3065  3356  3572  10
6657    3357  4003  4086  5
6658    4128  4298  4446  5
6659    3241  3573   368  5
6660    3285  3392   374  5
6661     447  3359  3158  7
6662    3298  3512  3639  7
6663    3575  2539  2857  13
6664    3360  3920  4275  13
6665    3064  3361  3130  5
6666    3361  3175  3048  5
6667    3307   438  3835  7
6668     438  3576  3666  7
6669    3393  4311  3198  10
6670    3190   309  3411  9
6671    3364  3193  3396  7
6672     481  3577  3667  7
6673    4230  1021  4362  13
6674     641   556  3365  11
6675    4350  3317  3308  10
6676    3316  3366  3365  11
6677    1021  4230   964  13
6678    3317  3316  3367  11
6679     964  4230  4416  13
6680    3198  3197  3368  11
6681    3556  3368  3197  13
6682    3319  3318  3369  11
6683    4077  3370   831  5
6684    3320  3370  3199  6
6685     674   837  3371  7
6686    3320  3394   668  7
6687    4078  3372   844  5
6688    3321  3372  3200  6
6689    3847  4223   833  5
6690    3584  1016  3586  5
6691    3662  3215  3560  7
6692    3326  3374  1016  6
6693    4264  3330  3852  5
6694    4264  3851  3375  5
6695    4005   619  3846  5
6696    1014  3376  3847  5
6697    3333  3221  3377  9
6698    3221  1666  3377  9
6699    3379  3225  2303  10
6700    3380  3378  3334  9
6701     766  3379  2303  10
6702    3334  3378  3379  10
6703     966  3380  3334  9
6704    4839  5024  4959  9
6705    3380  3333  3381  9
6706    3333   513  3381  9
6707    1884  2645  1846  13
6708    3567  3280  2388  13
6709    2599  3238  3383  8
6710    3238  3338  3383  8
6711    3338  3273  3384  8
6712    3273   863  3384  8
6713    3243  3617  3385  7
6714    3469   689  3617  7
6715    2638  2574  3410  7
6716    3853  4473  4089  8
6717    3402  3341  3250  10
6718    3401  3387  3402  10
6719    3581  3403  3388  7
6720     448  2724  3388  7
6721    1593  4261  1898  3
6722    4261  4207  3839  3
6723    4105    74  4034  5
6724    4035  3532  3876  5
6725    5264  3391  5265  2
6726     228  4894  5265  2
6727    3358  3573  3664  5
6728    3392  3285  3355  5
6729    3318  3393  3368  11
6730    3319  3578  4048  10
6731    3371   837  3394  7
6732    3579  3394   837  7
6733     686  3311  3395  7
6734    3321  3407   682  7
6735    3396   842  3408  7
6736     481  3364  3396  7
6737    3398  3397  3324  5
6738    4007  4088  4008  5
6739    3588  3409  3587  5
6740    3846  5535  5583  4
6741    3855   413  3418  5
6742    3375  3851  4013  5
6743    3841  3227  3229  13
6744    3490  4047  3400  13
6745    3387  3341  3402  10
6746    3401  3402  3580  10
6747    3817  5017  2075  10
6748    4198  3075  2912  10
6749    3581  2584  3252  7
6750     448  3388  3403  7
6751    3582  2750  2869  5
6752    2976  2731  3404  5
6753    3276  3352  3405  5
6754    2475  3405  3352  5
6755    3363  2773  3406  9
6756    3583  3406  2773  9
6757    3395  3311  3407  7
6758    3408  3407  3311  7
6759     842   682  3408  7
6760    3407  3408   682  7
6761    4274  3669  3585  4
6762    3588  3398  3409  5
6763     494  3385  3410  7
6764    3386  3410  3385  7
6765     381  3411   309  9
6766    3363  3406  3411  9
6767     536   731  3412  8
6768    3412  3672  3590  5
6769     433   882  3413  6
6770    4148   882  3472  5
6771     745   884  3414  7
6772     418  3414  3413  6
6773    3677  3415  3715  7
6774    3415  3416  3593  6
6775    3673   505  3416  5
6776    3673  3674  3591  6
6777    3594   419   434  4
6778    5082  5599   587  3
6779     428   823  3418  6
6780    3418  4012  3855  5
6781     853   956  3419  6
6782    4100   503  3865  7
6783    4201  3420   496  5
6784     691  3420  3419  6
6785     502   688  3421  6
6786    3895  4308  4044  5
6787    3595  3422   850  7
6788     499  3422  3421  6
6789     300   297  3423  9
6790     296  4224  3596  10
6791    3890  4041  4326  8
6792     298  3424  3423  9
6793     297   300  3425  9
6794     300  3424  3890  8
6795     314  3426   313  9
6796     281   282  3426  9
6797    4280  3693   532  7
6798      18  3427   917  8
6799    4394  4397  4212  4
6800     858  3599   700  8
6801     609   787  3429  8
6802    5025  4841  4960  7
6803    5475  3600   698  4
6804     914  3430  3429  8
6805    3599  4225  4918  7
6806    3754  5323  5109  8
6807    4974  5174   681  5
6808    5110  5111  4922  4
6809    3604  3603   332  11
6810     100   101  3433  11
6811    4854  4986  5041  9
6812    3687  2785  3609  13
6813    3608  4973  3682  13
6814    3683  3608  3682  13
6815    4269  4904  5005  13
6816     572  4052  3688  12
6817    4016  3443  3857  9
6818    3440  3612  3439  13
6819    3442  4129  4097  13
6820    3446  3442  3445  13
6821    3893   821  3612  13
6822     821  4094  3612  9
6823    5058  4859  4976  13
6824    3444  3439  3443  13
6825    3437  3445  3438  13
6826    4053  3929  3441  9
6827     387  3892  4042  13
6828    3441  3447  3442  13
6829    3439  3444  3440  13
6830    4014  3439  3612  9
6831    4064  4119  4154  13
6832    3443  3438  3444  13
6833    3442  3446  3441  13
6834     387  4042  3447  13
6835    3443  4016  3437  9
6836    3445  3437  3446  13
6837     387  3448   390  13
6838    3892   387  3611  13
6839    3448  3441  3929  9
6840    3447  3441  3448  13
6841    5142  4454  4618  5
6842     956  3449   503  6
6843     701   859  3450  8
6844     859  4842  3450  5
6845     753  3452  4019  7
6846      19  3451  3450  8
6847     731   536  3452  8
6848    3861  3452   536  7
6849    3779  4977   905  13
6850    3894   905  3614  13
6851    4971  4855   655  9
6852    3689  3453  3613  13
6853    3455  3706  3649  7
6854    3456  3455   678  6
6855    3455  3456   951  6
6856    3997  3836   746  5
6857     700  3458   858  8
6858    4353  4917  4225  7
6859     959  3862  3458  5
6860    3457   959  3458  8
6861     879   534  3459  8
6862    5001  5046  5002  7
6863     986   897  3460  9
6864     897  3781  4911  8
6865    3869  3461  4028  10
6866     299  3461  3460  9
6867      20   535  3462  8
6868    3462  4964  4844  7
6869    3463  5068  5051  5
6870     999  3463  3462  8
6871    3724  3615  3691  13
6872    3464  3690  3914  11
6873     823   428  3465  6
6874    4216  3465   428  7
6875    3466  3705  3648  7
6876    3467  3466   661  6
6877    3466  3467   941  6
6878    3994  3834   824  5
6879     499  3469   850  6
6880    3468  3895  3616  5
6881    3617   689  3386  7
6882    3468   689  3469  6
6883     955  3863   852  6
6884    4022  3865  3470  7
6885     535  3471   960  8
6886    3471  5026  4961  5
6887     738  3473   946  6
6888    3952  4063  4093  9
6889     433   454  3473  7
6890    3472   433  3473  6
6891     786  3475   917  8
6892     524   523  4281  8
6893    3671   608  3590  5
6894    3474   608  3475  8
6895    3474  3478  3477  7
6896     523  5444  5447  8
6897    3478  3474   786  7
6898    3476   531  3861  7
6899    3427  3618   786  7
6900    3478   786  3618  7
6901    4963   999  4844  7
6902     918   999  3479  8
6903     996  3480   732  8
6904     534  3480  5001  7
6905    2618  3481  2311  10
6906    3620  3277  3309  10
6907    2489   325  3482  11
6908    3483   325  2566  10
6909    3621  3483  2566  10
6910    2491  3482  3483  10
6911    1956  2271  3484  10
6912    3484  3347   328  10
6913    2494  2853  3638  11
6914    3656   321  3487  11
6915    3503  4270  2826  10
6916    2743  4850  3637  10
6917    2343  3709  2341  10
6918    3709  2343  2520  10
6919    2396    61  3625  10
6920    2778  3488  2566  10
6921    2637  2417  3505  13
6922    2857  3626  3575  13
6923    4221   101  3545  13
6924    2318  3400  2011  13
6925    2336  3491   149  9
6926     140  2496  3629  9
6927    2615  4025  4101  10
6928    3350  5202  2022  10
6929    5300  2981  2982  13
6930    2718  4266  2123  13
6931    3971  2715  3802  13
6932    2715  3971  3494  13
6933    4262   407  3844  5
6934     422   407  3495  6
6935    2765  3694  3631  7
6936    4268  3496  4889  8
6937    4026  3497  3868  9
6938     388   143  3610  9
6939    3632  3203  3695  7
6940    5045  3886  4337  8
6941    4337  4192  4193  8
6942    3732   437  3633  7
6943    1010  3697  3634  7
6944    4112  4940  3913  8
6945    1017  3698  3635  7
6946    4452  3208  4408  8
6947    2815  2979  2627  13
6948    2806  3970  3802  13
6949    3637  3899  2878  10
6950    3898  3503  3636  10
6951    3898  4270  3503  10
6952    2445  3504  3486  10
6953    2388  4860  2646  13
6954    3627  4227  3489  13
6955    3921  3506  4276  8
6956    2479  4232  3668  8
6957    2853   322  3507  11
6958    4045   322  2491  10
6959     552  2310  2442  13
6960    2627  4378  2551  13
6961    3509  3899  3249  10
6962    3249  2689  3509  10
6963     331  3510  2556  10
6964    3603  3605  3606  10
6965    2922  3510  3511  10
6966    3603  3606   332  10
6967    2938  2830  3639  7
6968    3298  2479  3512  7
6969    3513  4184   764  13
6970    5133  4184  3513  13
6971    4860  3514  2469  13
6972    3514  4002  4085  13
6973    2956    93  3515  11
6974      93  3340  3515  13
6975     322  3516   323  11
6976    3515  3516  2956  11
6977    3517  2916  3816  13
6978    3011  4218  3136  13
6979    4226  4897  2452  10
6980     762  4143  4123  10
6981    5015  5299  5306  13
6982    2877  3525  4862  13
6983    2822  4348  4208  4
6984     134  3520  2822  4
6985    3113  3520  3521  4
6986    3520   135  3521  4
6987    2374  4030  3871  10
6988    3871  4030  3522  10
6989    4074  2829  3982  8
6990    3145  2829  4074  8
6991    4357  1026  1073  10
6992    4423   641  3366  10
6993    5305  5783  5378  13
6994    3874  3870  3900  13
6995    3187  3526  3189  5
6996    5144  3526  4033  4
6997    3527   281  3426  9
6998    3191   280  3718  9
6999    3528  3196  3529  11
7000     151  3196  3528  11
7001    2598  3643  3196  11
7002    3646    90  3247  11
7003    3645  3530    92  9
7004     138   137  3530  9
7005    4263   464  3845  5
7006     474   464  3531  6
7007    3390  3876   659  5
7008    3203   659  3532  6
7009    3703   450  3218  7
7010    3704  3209  1015  7
7011    3877   467  3315  5
7012    3536  3534  4873  5
7013     942  3500  3535  7
7014    3500  3634  3697  7
7015    4873  3902  3536  5
7016    1018  3536  3902  5
7017     952  3501  3537  7
7018    3501  3635  3698  7
7019    3400  4047  5660  13
7020    5386  5123  3663  13
7021    2553  3236  3539  10
7022    3539  4045  3896  10
7023    3494  3971  2983  13
7024    4414  3197  3367  13
7025    3240  4038  3234  10
7026    3492  4101  4152  10
7027    4921  3237  4374  10
7028    4260  3289  4901  10
7029    3651  3543   984  8
7030    3707  3651  2328  8
7031     208   209  3544  10
7032     209  3800  4254  10
7033    3652  4314  3794  13
7034    4899  4221  3545  13
7035      88  2499  3623  11
7036     320  3248  3653  11
7037    2562  5410  3547  2
7038    3883  3205  3548  2
7039    3251  3547  3548  2
7040    3548  3547  3883  2
7041    3549  2864  4850  10
7042    2743  2747  3549  10
7043    3884  4268  3848  8
7044     382  3550  3884  8
7045    4208  4349  3348  4
7046     373  3269  3658  4
7047    2223  2136  3552  4
7048    3659  3552  2136  4
7049    3501  3553   354  8
7050    3208  4102  4408  8
7051     355  3554  3287  7
7052     356  2782  3554  7
7053    3885  3279  2833  8
7054    3555  3279  3885  8
7055    3367  3316  5124  13
7056    4362  4427  4230  13
7057    3076  4199  3077  10
7058    4359  4224  4426  10
7059    3560  1012  3662  7
7060    3728  4054  3558  5
7061    4904  4269  3436  13
7062     717  3559  4847  13
7063    3325  3560  3215  7
7064    4103   449  3873  8
7065     670   741  3561  7
7066    3560  5028  1012  8
7067    4888  3887  5044  9
7068     748  3563  3222  9
7069    3332  3562  3563  9
7070    3563  3562  3887  9
7071    3564  2834  3382  13
7072    2813  5158  5325  13
7073     128  3565   127  4
7074    3659  3271  3552  4
7075    4134  3565  3659  4
7076    3339  3566  4110  4
7077    3729  3253    79  5
7078      78  4297  4054  5
7079    3558  2937  3711  5
7080    1012  3374  3662  7
7081     444  4358  4222  8
7082    3569  4458  4939  8
7083    3351  3569  3570  8
7084    3781   565  3958  8
7085    3288  3831  4260  10
7086    3509  2878  3899  10
7087    3356  3571  3572  10
7088    3572  3571  3898  10
7089    2224  3573  3241  5
7090    3664  2691   373  5
7091     550  1004  3574  13
7092    3665  3574  1004  13
7093    2857  2635  3626  13
7094    3178  4275  3183  13
7095    3666   423  3362  7
7096    3597  3913  3679  8
7097    3667   473  3364  7
7098    5106  3577   481  8
7099     557  3578  3369  11
7100    3916   218  3914  10
7101    3579   837  3307  7
7102     740   668  3579  7
7103    4929  4342  4418  10
7104    3557  4891  5156  10
7105    2584  3581  2651  7
7106    3252  3403  3581  7
7107    2976  3582  3405  5
7108    2750  3582  3404  5
7109    3583  2773  2889  9
7110     311   310  3583  9
7111    3373  3587  3586  5
7112    3586  1016  1048  5
7113    3584  3587  3409  5
7114    4924  4379  4274  4
7115    4223  1048   833  5
7116    3587  3373  3585  5
7117    3586  3587  3584  5
7118    3585  3909  3587  5
7119    3587  3909  3588  5
7120    3397  3398  3588  5
7121    3672   731  3910  5
7122     697  5337  5294  4
7123    3672  3412   731  5
7124    5294  3911  3589  4
7125    3677  3676  3674  7
7126    3674  3416  3415  6
7127     665   828  3592  6
7128    3592  4050  3715  7
7129     505    85  3889  5
7130    3415  3593  3592  6
7131     434   455  3594  4
7132     582  4402   455  4
7133    3692  3469  3617  7
7134    3243   687  3595  7
7135    3580  4224   296  10
7136     301  3596  3425  9
7137    5020  3576  4878  8
7138    3425   300  3597  8
7139    3719  4278  3926  5
7140     609  3926  4279  5
7141    3428   752  3599  8
7142     752  3459  4353  7
7143    3719   996  3925  5
7144    5475  4395  5257  4
7145    3856   462  3601  5
7146     529  5107  3601  5
7147     102  3602   101  11
7148     333  3602   334  11
7149    3433   333  3603  11
7150    3605  3603   333  10
7151     332   331  3891  11
7152     100  3433  3604  11
7153     334  3605   333  10
7154    3309  2873  3605  10
7155    3606  3605  3680  10
7156    3510   332  3606  10
7157    4853  3607  3683  9
7158    3434  3682  3435  13
7159    3720   771  4969  13
7160    3720  3607  3681  13
7161    2785  3684  3685  13
7162    3682  4973  5032  13
7163    3868  3610   144  9
7164    3610  4027  3686  9
7165    4269  3892  3611  13
7166     572   512  3928  10
7167     821  3893   654  13
7168    3439  4014  3857  9
7169    3453  3614  4968  13
7170    3453  3689  3454  13
7171    3779  4859  4977  13
7172     905  3894   736  13
7173     218   557  3615  11
7174    3691  3615   557  13
7175    3895  3468   499  5
7176    3044  4309  4401  5
7177    3385  3617  3386  7
7178    3692  3243  3595  7
7179    3725   537  3693  7
7180    3477  3478  3933  7
7181    4280   532  3619  7
7182    3618  3933  3478  7
7183    3277  3620  3481  10
7184    3192  3620  3309  10
7185    3488  3621  2566  10
7186    3539  3621  3228  10
7187     328  3347  3622  11
7188    3897  3622  3347  11
7189    3485  3638  3657  11
7190    3882  3623  3546  11
7191    4898  3486  3504  10
7192    3829  4081  3274  10
7193      61  3228  3625  10
7194    3621  3625  3228  10
7195    2573  3627  3489  13
7196    4227  5205  3626  13
7197    2834  3564  3567  13
7198    3626  3489  4227  13
7199    3628   139  3642  9
7200    2496   139  3628  9
7201    3629  3491   140  9
7202    3628   150  3629  9
7203    3633  2994   667  7
7204     437  3496  3630  7
7205    3496   674  3631  7
7206    4228  3631   674  7
7207    3695  3203   421  7
7208    4347  4232  4206  8
7209    3633   667  3732  7
7210    3630  2994  3633  7
7211     439  3634  3500  7
7212    3051  2793  3634  7
7213     354  3635  3501  7
7214    2998  2795  3635  7
7215    2400  2921  3636  10
7216    3898  2921  3572  10
7217    2878  2743  3637  10
7218    4850  2743  3549  10
7219    3507   321  3638  11
7220     321  3656  3657  11
7221    2830  3359  3639  7
7222    3298  3639  3359  7
7223    3145  3025  3640  7
7224    3027  3523  3873  7
7225    3170  3183  5301  13
7226    2577  2193  2866  13
7227     139   138  3642  9
7228    3701   138  3530  9
7229    3644  3643  2598  11
7230    3529  3196  3643  11
7231      91  3645  3699  11
7232      90  3644    91  11
7233    3644  2598  3645  11
7234    3701  3645  2598  9
7235      90   718  3247  12
7236    3646  3529  3643  11
7237    3708  3247    89  11
7238    3247  3708  3646  11
7239     942  3535  3648  7
7240    3466   941  3705  7
7241    3455   951  3706  7
7242     952  3537  3649  7
7243    4460  4427  5012  13
7244    5231  4292  5343  13
7245     896  2328  3651  8
7246    3707  2328  2565  8
7247    3790  2486  3967  13
7248    3340  3245  5135  13
7249    3654  3248  3647  11
7250     320  3655  3487  11
7251    3646  3708  3647  11
7252    3546  3653  3654  11
7253    3656  3546  3623  11
7254    3653  3546  3655  11
7255    3656  3623  3657  11
7256    3487  3655  3656  11
7257    3485  3657  3623  11
7258     321  3657  3638  11
7259    3348  3904  3551  4
7260     373  3658  3905  4
7261    3659  2136  4134  4
7262    3565  3271  3659  4
7263    3906  3660  3553  8
7264     140  2797  3907  8
7265    4891  3557  3077  10
7266    2022  5017  5184  10
7267    3728  3711  3733  5
7268    3538  3229  3878  13
7269    3229  5325  5463  13
7270     110  3841   754  13
7271    2691  3664  3573  5
7272     374  3664   373  5
7273    1004   933  3665  13
7274    3713   933  2539  13
7275    3705  3666  3576  7
7276     941   423  3666  7
7277    3706  3667  3577  7
7278     951   473  3667  7
7279    4276  3506  2350  8
7280    3403  3252  3668  8
7281    3669  4007  3909  5
7282    3588  3909  4007  5
7283    3590   526  3670  5
7284     525  3670   526  5
7285    3590  3670  3671  5
7286    3670  3475  3671  5
7287    3910   731    19  5
7288    3910  3589  4865  5
7289    3591   419  3673  6
7290     419   505  3673  5
7291    3677  3716  3676  7
7292    3416  3674  3673  6
7293    3674  3676  3591  7
7294    3716  3924  4051  8
7295    3677  3674  3415  7
7296    3676  3675  3912  7
7297    3715  3415  3592  7
7298    3676  3716  3675  7
7299    3595   687  3678  7
7300     687  3717  3730  7
7301    4112  3913  3597  8
7302     302   301  3679  8
7303    3605  2873  3680  10
7304    2672  3680  2873  10
7305    4852  3681  3607  9
7306    3607  3720  3608  13
7307    3608  3683  3607  13
7308    4973  3608  5031  13
7309    3434  4854  3683  9
7310    3682  3434  3683  13
7311    2785  3685  3609  13
7312    4871  2785  4027  9
7313    5031  4969  5069  13
7314    3684  3435  3685  13
7315     385   388  3686  13
7316     388  3610  3686  9
7317    5032  5055  3435  13
7318    2785  3687  3686  13
7319    3611   390  3688  12
7320     390  3448  3688  9
7321     655  3681  4971  9
7322    3613   655  3689  13
7323    3964  3965  3962  10
7324    3930  3464  3723  11
7325     557  3369  3691  13
7326    3318  3368  4339  13
7327    3243  3692  3617  7
7328    3595   850  3692  7
7329     830  3630  3694  7
7330    3427  3725  3618  7
7331    3496  3694  3630  7
7332     421  3213  3726  7
7333    3498  3632  3695  7
7334    3632  3498  3696  7
7335    4232  3499  3707  8
7336    3216  3535  3697  7
7337    3500  3697  3535  7
7338    3220  3537  3698  7
7339    3501  3698  3537  7
7340     777  3700   596  12
7341    3645    92  3699  11
7342     777  3919  3700  12
7343    3919   777  3760  12
7344    2598  3642  3701  9
7345     138  3701  3642  9
7346    3247  3702    89  12
7347    4231  2595  5125  13
7348     742  3533  3703  7
7349    3533   450  3703  7
7350    1047  3533  3704  7
7351    3533  3209  3704  7
7352    3666  3705   941  7
7353     942  3705  3576  7
7354    3667  3706   951  7
7355     952  3706  3577  7
7356    3707  2565  3506  8
7357    4206  4232   447  8
7358    3882  3708    89  11
7359    3647  3708  3654  11
7360     320  3487  3709  10
7361    2341  3709  3487  10
7362    3728  3558  3711  5
7363    4297  3305  3833  5
7364    3727  2478  2653  5
7365     224  5851   237  2
7366    3712  3342  3729  5
7367    2478  3727  3711  5
7368    3360  3665  3713  13
7369    3713  3665   933  13
7370    3506  3921  3668  8
7371    2729   448  3714  8
7372    4050   828  3923  7
7373    3716  3715   947  7
7374    3715  3716  3677  7
7375     947  3923  3924  8
7376    3730   502  3678  7
7377    4473  4499  4607  8
7378    3527   314  3718  9
7379     314   315  3718  9
7380    3925   996   732  5
7381    4381  4278  3719  5
7382    3681   771  3720  13
7383    3613  5029   771  13
7384     711   775  3721  12
7385    3688  4052  3611  12
7386    3688  3929  3722  9
7387     512  3722   264  9
7388    3464  3930  3690  11
7389    3724  3464  3615  13
7390    3724  3739  3731  13
7391    3464  3731  3723  13
7392     537  3725  3427  7
7393    4280  3725  3693  7
7394    3934  3213   666  7
7395    3498  3726   436  7
7396    3712  3729  3733  5
7397    2653  3712  3727  5
7398    3733  3711  3727  5
7399    3737  3710  3568  5
7400    3253  3729  3342  5
7401      79  3568  3729  5
7402    4160  3730  3717  7
7403     848   502  3730  7
7404    3735  3724  3691  13
7405    3723  3734  1007  13
7406    2788   739  3736  7
7407     437  3732  3696  7
7408    3712  3733  3727  5
7409    3710  3737  3728  5
7410    3724  3735  3739  13
7411    3739  3788  3734  13
7412    4415  4292  3365  13
7413    4247  4245  4246  13
7414     739  3632  3736  7
7415    3696  3736  3632  7
7416    3728  3733  3710  5
7417    3729  3710  3733  5
7418    3731  3739  3734  13
7419    4246  3788  3966  13
7420    4246  4245  3738  13
7421    3963  3788  3738  13
7422    4927  3935  4440  5
7423    3936  3740  3741  6
7424     827   453  3741  7
7425    3935  3741  3740  6
7426    4461  4428   834  5
7427     671   834  3742  6
7428    4365  5719  4287  9
7429    4237  3746  3744  9
7430    4235  5369  5368  13
7431    4235  3744  4234  9
7432     605  3940  5315  13
7433    3939  4286  3938  9
7434    5281  5282  4236  9
7435    4236  4237     4  9
7436    4506   728  4529  13
7437    3748  3747   604  12
7438    3747  3748   877  12
7439    4500  3748  4530  9
7440    4185   312   311  9
7441     284   312  3749  9
7442     336   103  3750  11
7443     337   336  3941  11
7444     101  4221   102  13
7445    4899  3751  4221  13
7446    3751  3490  3752  13
7447    3490   104  3752  13
7448     334  3753   335  11
7449     102   103  3753  11
7450     472  5109   480  8
7451    4840  5556  5605  8
7452    4057  3755  3943  6
7453    4057   469  4436  5
7454    4136   478  4240  7
7455     478  3944   470  6
7456    3945  3946  3757  11
7457     329   328  3948  11
7458     519  3758  3949  9
7459     519   520  3758  9
7460    5089  5090   519  8
7461    5090   520   519  8
7462    3919    91  3699  12
7463    3919    92  3700  12
7464    3763   839  3761  7
7465    3763  3762   417  6
7466    4466  4441   417  5
7467    3765  3761  3764  6
7468     417   432  3763  6
7469     432   839  3763  7
7470    3761  3765  3762  6
7471    4238  3764  3761  7
7472    4466  3950  4441  5
7473    3764   836  3765  6
7474     843  3767   681  6
7475    4239   843   487  7
7476    3944  4439   470  5
7477    3766   470  3767  6
7478     684   846  3768  6
7479    4273   846  3902  5
7480    5351   737  5499  4
7481     828  3769   946  6
7482     477  3771   680  6
7483     477  3951  3770  7
7484     468  4858  3771  5
7485    3770   468  3771  6
7486    4065  4121   939  9
7487     784   607  3772  1
7488     939  3953   820  13
7489    3955   654  4064  13
7490    3773  3955  3774  13
7491     676  5275   431  7
7492     431  3776   416  6
7493    4440    83  4927  5
7494    3775   664  3776  6
7495    3956   944   405  5
7496    2832   794  3777  5
7497     834   671  3778  6
7498    3937  4368   671  7
7499     991  4859  3779  13
7500     991  3957   881  13
7501    4080  3991   888  10
7502    3781  3780   565  9
7503    3780  3781   762  9
7504    3570  3958   565  8
7505    3959  3782  1009  9
7506    3783  3782   820  13
7507    3782  3783  1009  13
7508    4122   820  3953  13
7509    4021  4099  3864  7
7510    3785  3784   852  6
7511    3785  4369  4244  5
7512    3784  3785   690  6
7513    4976  4859   991  13
7514    3961  3786   881  13
7515    4245   810  4828  11
7516    3965  1046  3962  10
7517    3735  3966  3739  13
7518    3788  3739  3966  13
7519    3789   948  2839  7
7520     436  3789  1916  7
7521    3967  2486  3340  13
7522      98  3903  3652  13
7523    2487    99  3791  11
7524    3792    99    98  13
7525    3794  3792  3652  13
7526    3791  3793   100  13
7527    3794  3793  3792  13
7528     101  3793  3545  13
7529    3790  4067  3903  13
7530    4314  4253  3794  13
7531    3945  3795    97  11
7532    3795  3757  3948  11
7533    3797  3796  2488  11
7534      94  3796  2490  11
7535    3622  3797  2488  11
7536    3798  2489  3482  11
7537    3796  3798  2490  11
7538    3798  3797  2489  11
7539    4315  4908  5009  8
7540    2719  3968  2721  8
7541    2560  2622  3800  10
7542    4254  2622  3265  10
7543    3969  2603  2663  10
7544    4260  3571  3288  10
7545    3970  2806  3502  13
7546    2983  3971  4338  13
7547    4316  5338  4909  8
7548    4070  4316  3819  8
7549    4880  3974  3813  8
7550     482  3823  3975  7
7551    5253  5125  5211  13
7552    2786  2787  3805  12
7553    3806  3810  3808  10
7554    3805   593  3806  12
7555    3810  3809  3807  10
7556    3809   260  3807  9
7557     596  3700  4049  9
7558     145  3808  3807  10
7559     593   596  3809  10
7560    3808  3810  3807  10
7561    3806   593  3810  10
7562     593  3809  3810  10
7563     303  4255  2623  8
7564    4082  3307  3996  8
7565    3977   315   314  9
7566    2871  2804  3812  9
7567    2893  3978  2776  7
7568    4987  4880  5176  8
7569    4256   465  2774  5
7570    4451  4407  3979  5
7571    2892  4073   466  5
7572    3979   458  5291  4
7573    4257  2842  2948  13
7574    4218  3300  3136  13
7575    2926  3075  3817  10
7576    4198  4342  4929  10
7577    3091  3291  4329  5
7578    4379    80  3669  4
7579    4318  3982  4075  8
7580    3085  2476  3819  8
7581    4031  3114  3872  10
7582    4412  4471  4481  10
7583    3821  3181  3294  5
7584    3117  3821  3151  5
7585    3822  4294  4076  7
7586     493  5159  4023  8
7587    4072   845  3975  7
7588     482  3974  4987  8
7589     408  3306  3995  5
7590    5074  4299    76  4
7591     463  3310  3998  5
7592    4989  3825  4300  4
7593    3826  3990  4079  7
7594    5237  5318  5413  8
7595    3990  3211   954  7
7596    3826   484  3827  7
7597    3148  4258  3038  10
7598    3148  3297  4373  10
7599     888  3780  4080  10
7600    4226  5333  5157  10
7601    3281  4202  4344  4
7602     228   243  5262  3
7603    3066  3289  3831  10
7604    4260  3831  3289  10
7605    3109  3293  3832  10
7606    3542  4921  5161  10
7607    3301  3558  4054  5
7608    4054  3833  3301  5
7609    3994   824  3467  5
7610    3988  4391  3824  5
7611     740  3579  3835  7
7612    3307  3835  3579  7
7613    3997   746  3456  5
7614    3989  4392  3825  5
7615    3194  3314  3999  7
7616    4301   475  4302  7
7617    4127  4084  4147  5
7618    3836  3997  4146  5
7619    3258  3389  4261  3
7620    2946  3839  4207  3
7621    3878  3564  3353  13
7622    5665  5449  5457  10
7623    3400  5660  5325  13
7624    3505  4001  5123  13
7625    4004  3843  4086  5
7626    5040  5244  5220  13
7627    4003  3357  3294  5
7628    4128  4087  4004  5
7629    4077   831  3988  5
7630      75  3844  4319  5
7631    4078   844  3989  5
7632     457  3845  4320  5
7633    3330  4005  3376  5
7634    5535  3846   619  4
7635    4005  3847  3376  5
7636    3846  3373  4223  5
7637    3498  4997  3696  8
7638    3363   381  3848  8
7639    4007  3849  3397  5
7640    3849  4007  4008  5
7641    1013  3852   949  5
7642    3851  3850  3399  5
7643    3399  3855  4013  5
7644    3375   619  4264  5
7645    3851  3852  3850  5
7646    3330   949  3852  5
7647    3984   494  2858  10
7648    3853  4089  4009  8
7649    3472  4158  4148  5
7650    5081  5276  5367  4
7651    4012  3418   823  5
7652    3399  4013  3851  5
7653    5462  3432  4857  4
7654    4175  4376  4447  4
7655    5064   264  4303  9
7656    3443  3439  3857  9
7657     701  4098  4321  7
7658    4096  3438  4017  13
7659    5536   531  5447  8
7660    4098  3451  4018  7
7661    3476  5447   531  8
7662     536  3477  3861  7
7663    3476  3861  3477  7
7664     959  4174  4176  5
7665    4212   698  4393  5
7666    4352  3863   497  5
7667    3470   497  3863  6
7668    3784  4099  4021  7
7669     849  4151  4167  8
7670    3822  4076  4023  7
7671     503  3470  3865  7
7672    4047  3751  4899  13
7673    3908  3280  3567  13
7674    2615  2106  4025  10
7675    2398  3867  3492  10
7676    4027  3497   646  9
7677    4026  3868   145  9
7678    4028  3461   298  10
7679    4331  5226  5157  10
7680    2865  2551  4378  13
7681    3900  3870  5015  13
7682    3522  2418  3871  10
7683    2418  3244  3871  8
7684    5287  4305  5155  10
7685    3114  4031  3820  10
7686    3025  3145  2936  7
7687     427  3873   449  7
7688    5298  3920  5114  13
7689    3046  2676  2696  13
7690      74  4105  3282  5
7691    4955    10  5327  3
7692    2832  3956  4106  5
7693    3195  4036  3315  5
7694    4036  3195  4107  5
7695    3663  4001  4002  13
7696    5113  3564  3878  13
7697    3880  4038  3541  10
7698    4037   286   285  10
7699    4038  3880  3234  10
7700     281  3880  3541  10
7701    4267  2825  3263  10
7702    4038  4306  3541  10
7703    3623  3882    88  11
7704    3654  3882  3546  11
7705    3883  4978  4863  2
7706     915  3883  4863  2
7707    4268  3884  3550  8
7708    3848   381  3884  8
7709    3886  4039  4109  8
7710    3555  3885  4039  8
7711    4109  4039  3885  8
7712    2889  4187  4189  8
7713    4995  3562   518  9
7714    4183   692  4888  9
7715    4134  4110  3566  4
7716    4324  3042  2856  4
7717    4399  3769   665  5
7718    3416   505  3889  5
7719     299  4041  3424  8
7720    3460  4111   299  8
7721    3791  3891  2487  11
7722     332  3891  3604  11
7723    4042  3892  5482  13
7724    4150  4017  4097  13
7725    3440  3444  4095  13
7726    3612  3440  3893  13
7727    5268  4980  3894  9
7728    3614  3454  3894  13
7729    4404  4308  3421  5
7730    2561  2575  4309  5
7731    3621  3539  3896  10
7732    4045  3539  3236  10
7733     327  3897  3347  11
7734    3797  3897  2489  11
7735    5451  5701  4260  10
7736    4898  4229  3486  10
7737    5127  3899  3637  10
7738    5326  5127  4270  10
7739    4377  4862  3525  13
7740    3508  3900  2459  13
7741    3902   846  1018  5
7742    5225  4046  5154  4
7743    4046  4873   459  5
7744    5334   459  3981  4
7745      97  3790  3903  13
7746    4067  3790  3967  13
7747    4915  5160  4916  4
7748    4991  5179  4881  4
7749    3658  3904  3905  4
7750     374  4958  3285  4
7751     814  3208  4452  8
7752     139  2496  3906  8
7753    3660  3906  3907  8
7754    3907  3906  2496  8
7755    5774   887  5772  13
7756    5346  3840  5227  13
7757    3585  3669  3909  5
7758    3669    80  4007  5
7759    4962  3450  4842  5
7760    4865  3911  3590  5
7761     526  3590  3911  5
7762    3910  4865  3672  5
7763    3675   455  3912  7
7764     455   434  3912  7
7765    4878   438  4082  8
7766    3811  2623  4255  8
7767    3464  3914  3615  11
7768    3930  3931  3932  10
7769    4866  5295  3917  10
7770    3914  3915  3916  10
7771    3916  3915  3917  10
7772     218  3916  3918  10
7773    3915  3931  4866  10
7774    3317  4350  4209  10
7775    3916  3917  3918  10
7776    3918  3917  4048  10
7777      90  4113   718  12
7778      92  3919  3699  12
7779    3575  3626  5205  13
7780    4380  2442  3874  13
7781    4276  2350  2525  8
7782    3968  4068  4877  8
7783     946  4217  3922  7
7784    5757  5372   402  10
7785     828  3922  3923  7
7786    5115  3923  3922  8
7787    4874  5286  2374  8
7788    3871  4029  2374  8
7789    4277   732   879  5
7790     609  4279   998  5
7791    3926  4278  4279  5
7792    3598  4278  4381  5
7793     512   265  3927  9
7794    3928  3927  3721  10
7795    4052  3928  4114  12
7796    4114  3436  4052  12
7797    3446  4053  3441  9
7798    3446  3437  4015  9
7799    3723  1046  3930  11
7800    3931  3930  1046  10
7801    4250  4251  4252  10
7802    3915  4866  3917  10
7803    3931  3915  3932  10
7804    3915  3690  3932  10
7805    3619  3476  3933  7
7806    3933  3476  3477  7
7807     666  3789  3934  7
7808     436  3934  3789  7
7809    3741  3935   827  6
7810    3936  4386  3740  5
7811     432   417  3936  6
7812    4441  3950  4285  5
7813     662  3937  3742  6
7814     744   675  3937  7
7815    4411  4287  4115  9
7816    4286  3745  3743  9
7817    4056   877  4479  13
7818    4055  3939  3938  9
7819    5315  5502  5407  13
7820     605  3747  3940  13
7821    3750  3941   336  11
7822     104   337  3941  11
7823    4856  3942   751  7
7824    3601  3754   529  7
7825    3755  3756  3943  6
7826    3943  4116  4059  7
7827    3756  3755  3944  6
7828    4439  3767   470  5
7829    3946  3945    98  11
7830    3795  3945  3757  11
7831      99  3946    98  11
7832    3947  2487   330  11
7833     330   329  3947  11
7834     329  3757  3947  11
7835    4060  3948  3622  11
7836     329  3948  3757  11
7837    4867  3949  3758  9
7838     865  3927  4868  9
7839    3765  4327  4061  5
7840    3950  5537  5448  4
7841    4172  4313  4413  7
7842    4137   747  3770  7
7843    3773  3954  4118  9
7844    3955  3952   654  13
7845    4139  4120  3774  13
7846    3954  3953   939  13
7847     939  3782  4065  9
7848    3953  3954  3774  13
7849    3893  4119   654  13
7850    3952  3955  3773  13
7851    4035   405  3532  5
7852    2832  3777  3956  5
7853     736  3894  4980  9
7854    3779   736  3957  13
7855    4358  4458  4222  8
7856     439  4442   440  8
7857    5175  1009   389  9
7858    5175  5149  3959  9
7859    4066  3783   820  13
7860    5341  4141  4120  13
7861     881  4983  5083  9
7862    3786  3961   386  13
7863    3963  3962  1007  11
7864    3964  3962  3787  10
7865    3962  3963  3787  11
7866    1007  3788  3963  13
7867    4820  4823  4370  10
7868    3964  4251  5038  10
7869    3964  3931  3965  10
7870    3931  1046  3965  10
7871    3691  3369  3650  13
7872    4247  4246  4248  13
7873    5135  4406  3967  13
7874    3652  3903  4067  13
7875    2719  2729  4068  8
7876    3972  4315  3803  8
7877    3899  5446  3249  10
7878    3899  5127  5326  10
7879    2981  3970  3502  13
7880    3802  5117  3971  13
7881    5117  3802  3970  13
7882    4338  3971  5117  13
7883    4069  2583  2721  8
7884    3972  4069  4315  8
7885    4316  3973  3803  8
7886    2965  4070  2476  8
7887    4155  3813  3974  7
7888    3982  4912  4074  8
7889     482  3975  3804  7
7890    3823  3987  4072  7
7891    3805  4972  3976  13
7892    2787  4972  3805  13
7893     314   379  3977  9
7894    2871  3977   379  9
7895    4988  4880  3813  8
7896    3804  4142   482  7
7897    4073  4317  4407  5
7898    4108  4036  4132  5
7899    4407   458  3979  5
7900     458  4407  3814  5
7901     459  3534  4108  5
7902    3315  4036  3877  5
7903    4966  4032  5027  8
7904    4032  4912  5027  8
7905    4318  3983  3819  8
7906    3084  4075  3097  8
7907    4885  3820  4031  10
7908    4512  4518  4519  10
7909    3180  3304  3985  5
7910    3048  3985  3304  5
7911     492  4200  3986  7
7912    4295  4200  3185  7
7913    3823   686  3987  7
7914    4296  3987   686  7
7915    3995  3204   408  5
7916    4077  4319  3844  5
7917    3998  3210   463  5
7918    4078  4320  3845  5
7919    4079  3990   954  7
7920    3826  3827  3990  7
7921    3780   762  4123  10
7922    4081  4124  4157  10
7923    3829  3991  4081  10
7924    5333  5153  4850  10
7925    3175  4390  3993  5
7926    4934  4445  3993  4
7927    4087   661  4004  5
7928    3834  3994  4446  5
7929      76  4299  4391  5
7930    3204  3995  3988  5
7931     602  3996   837  8
7932    3811  4900  3996  8
7933    4146  4127  4147  5
7934    3997  3456  4083  5
7935     456  4300  4392  5
7936    3210  3998  3989  5
7937    3827  3999  3314  7
7938     483  3999   484  7
7939    3978  4301  3813  7
7940    3978  2893  4301  7
7941    4227  5239  5205  13
7942    4083  3456   678  5
7943    4085  4001  2846  13
7944    3382  2954  2564  13
7945    4003  3294    77  5
7946    4003  3842  4086  5
7947    3357  4086  3843  5
7948     661  4087  3467  5
7949     619  4005  3330  5
7950    3847  4005  3846  5
7951    3696  4889   437  8
7952    2773  4187  2889  8
7953    4007  3397  3588  5
7954    4148  4158  4166  5
7955      80  4088  4007  5
7956    2935  3028  4008  5
7957    3385   494  4009  8
7958     494  3984  4009  10
7959    4091   418  3413  5
7960    3854  5276  4010  4
7961    4158   738  4165  5
7962     737  5279  4011  4
7963    4457  4605  4549  5
7964    4012  4549  4013  5
7965    4012  4013  3855  5
7966    3375  4013  3328  5
7967     821  4093  4094  9
7968    3857  4014  3818  9
7969    3857  5043  5061  9
7970    3929  4303  3722  9
7971    3857  4015  4016  9
7972    4015  3437  4016  9
7973    3438  3445  4017  13
7974    3445  3442  4097  13
7975     531  3860  4018  7
7976    3451  4098   701  7
7977     531  4019  3861  7
7978    4018   753  4019  7
7979    4212  4393  4398  5
7980    4394  4020  3862  5
7981    4099  3784   690  7
7982    3864   493  4022  7
7983     955  4021  4022  7
7984    4022  4021  3864  7
7985     493  4023  4100  7
7986    5159   493  4913  8
7987    5325  2011  3400  13
7988    5325  5158  2011  13
7989    4131  2075  2022  10
7990    3492  3867  4101  10
7991     145   260  4026  9
7992     260  4102  4026  9
7993    4027   646  4871  9
7994    3686  4027  2785  9
7995    3423  4459   298  10
7996     297  3596  4359  10
7997     455  3675  4875  8
7998    4029  4875  4874  8
7999    5288  5147  4608  10
8000    3522  4030  3872  10
8001    4542  4546  4574  10
8002    3984  4171  4009  10
8003    4071  3145  4074  8
8004    4074  4912  4071  8
8005    3390  4105  3876  5
8006    3526   585  4033  4
8007    4344  3830  3281  4
8008    3876  4105  4106  5
8009    3956   405  4035  5
8010    4107  3195  3313  5
8011    3979  5291  5374  4
8012    4267  3881  2825  10
8013    3879  3541  4306  10
8014    3240  4254  4998  10
8015    4306  4037  3879  10
8016    4109  3885  3264  8
8017    3290  4039  3886  8
8018    4399   665  4307  5
8019      85  4040  3889  5
8020    4041   299  4111  8
8021    3890  4326  4112  8
8022    5005  5180  5493  13
8023    4097  4017  3445  13
8024     688  4449  4404  5
8025    5525  5527   583  4
8026    3616  3895  4044  5
8027     499  4308  3895  5
8028    3507  4045  3236  10
8029    2491  3896  4045  10
8030    3901  4273  4046  5
8031    4046  4273  3902  5
8032    5661  5113  5662  13
8033    3908  5113  5661  13
8034    4209  4350  4455  10
8035    3319  4048  4312  10
8036    4049  3700  3530  9
8037     260  3809  4049  9
8038     828  4050  3592  7
8039     947  4050  3923  7
8040    4874  4051  3924  8
8041    4872  4875  4029  8
8042    4114  3928  3721  12
8043    3611  4052  3436  12
8044    3446  4015  4053  9
8045    4303  4053  4015  9
8046    3728  3737  4054  5
8047      78  4054  3737  5
8048    3939  4055   605  9
8049    3938  4288  4330  9
8050    4880   392  5176  8
8051    3747   877  4056  13
8052     680  5073  5071  5
8053     685  4057  3943  6
8054    4058  4116  4136  7
8055    5364  5277  4058  8
8056    4116  3943  3756  7
8057    4058   847  4059  7
8058    2488  4060  3622  11
8059    3795  3948  4060  11
8060    5363  4117    84  4
8061    4327  3765   836  5
8062     684  4153   841  7
8063    4153   747  4137  7
8064    5271  4884   648  9
8065    4094  4014  3612  9
8066    4066  4141  3960  13
8067    3783  4066  3960  13
8068    3959  5088  4140  9
8069    4118  4063  3773  9
8070    4120  3953  3774  13
8071    4066   820  4122  13
8072    4314  4067  4406  13
8073    3652  4067  4314  13
8074    3714  4068  2729  8
8075    4877  4068  3921  8
8076    2721  3968  4069  8
8077    4315  4069  3968  8
8078    4316  4070  3973  8
8079    3819  2476  4070  8
8080    4142  4155  3974  7
8081    4032  3523  4071  8
8082    3823  4072  3975  7
8083    3987  3201  4072  7
8084    4407  4317  3980  5
8085    4132  3815  3981  5
8086    5490  5557   398  10
8087    3145  4071  3523  8
8088    4318  4075  3983  8
8089    3982  3097  4075  8
8090    4076   956  4100  7
8091    4294   691  3419  7
8092    4319  4077  3988  5
8093    3844  3370  4077  5
8094    4320  4078  3989  5
8095    3845  3372  4078  5
8096     684  4079   954  7
8097    3826  4079   841  7
8098    4123  4080  3780  10
8099    4157  4124  4144  10
8100    4080  4124  3991  10
8101    4123  4144  4080  10
8102    4900  3811  4255  8
8103     438  4878  3576  8
8104    4127  3331  4084  5
8105    4146  3838  4125  5
8106    3278  2999  4126  5
8107    3331  4127   678  5
8108    4001  4085  4002  13
8109    2846  2413  4085  13
8110    5191  5244  5234  13
8111    4446  4087  4128  5
8112    4128  4004  4086  5
8113    3994  3467  4087  5
8114    4063  4159  4149  9
8115    3105  3026  2935  5
8116     489  4494   222  8
8117    4089  4607  4946  8
8118    4520  4485  4474  11
8119    4171  3853  4009  10
8120    4092  3413   882  5
8121    3854  4010  4091  5
8122     882  4148  4092  5
8123    4091  3413  4092  5
8124    4149  3818  4014  9
8125    4149  4094  4093  9
8126    4093   821  3952  9
8127    4993  5043  3818  9
8128     522  5096  5340  8
8129    4119  4064   654  13
8130    4017  4095  4096  13
8131    4095  3444  4096  13
8132    4129  3442  3447  13
8133    4097  4129  4150  13
8134    4018  3860  4098  7
8135    3860  3859  4321  7
8136    4130  4099   690  7
8137    3864  4099   849  7
8138    4076  4100  4023  7
8139     956   503  4100  7
8140    2615  4101  3867  10
8141    2075  4131  4025  10
8142     139  4323   138  8
8143    4322   137   138  8
8144     741  4967  3561  8
8145    3560   449  4103  8
8146    5143  4454  5142  4
8147    4043  5456  4403  4
8148    3282  4105  3390  5
8149    1805  4105  4034  5
8150    3956  4035  4106  5
8151    4106  4035  3876  5
8152    3313  4073  4107  5
8153    4107  4073  4451  5
8154    4036  4108  3877  5
8155     459  4108  3981  5
8156    3264  4133  4109  8
8157    4336  4188  4192  8
8158    4110  5289  4324  4
8159    4324  2856  3339  4
8160    3460   897  4325  8
8161    4325  5010  4553  8
8162    4326  4041  4111  8
8163    3500  4940  4467  8
8164    3919  4113    91  12
8165    3760   718  4113  12
8166    3721   775  4114  12
8167    3436  4114   775  12
8168    4366  3743  4364  9
8169    3864  4913   493  8
8170    4136  4116  3756  7
8171    4058  4059  4116  7
8172     836  4409  4327  5
8173    4117  3950  4061  5
8174    4121  4140  4118  9
8175     939  4121  3954  9
8176    4138  3893  3440  13
8177    4119  4138  4154  13
8178    5296  4064  4154  13
8179    4122  4141  4066  13
8180    4140  4121  4065  9
8181    4118  3954  4121  9
8182    3953  4120  4122  13
8183    4141  4122  4120  13
8184    4143   762   986  10
8185    4124  4081  3991  10
8186    4123  4143  4156  10
8187    3992  4081  4145  10
8188    4083  4146  3997  5
8189    4991  3838  4126  4
8190    4126  2999   376  5
8191    4126  3838  4147  5
8192    3278  4147  4084  5
8193    4083   678  4127  5
8194    4086  3842  4128  5
8195    4446    76  3834  5
8196    3447  4042  4129  13
8197    4150  4129  4042  13
8198     690   848  4130  7
8199    4130  4160  4151  7
8200    4306  5003  4037  10
8201    4025  4152  4101  10
8202    5291   458  4220  4
8203    3981  4108  4132  5
8204    4133  3264  3268  8
8205    4336   379  4188  8
8206    2136  3888  4134  4
8207    3888  4110  4134  4
8208    4288  3938  4286  9
8209    4500  4330  4531  9
8210     478  4136  3756  7
8211    4058  4136   486  7
8212     485  4137  3951  7
8213    4153  4137  4062  7
8214    3440  4095  4138  13
8215    4154  4138  4095  13
8216    3955  4064  4139  13
8217    4064  4120  4139  13
8218    3959  4140  4065  9
8219    4063  4118  4992  9
8220    4064  5296  5341  13
8221    4120  4064  5341  13
8222    2890  2776  4155  7
8223     482  4142  3974  7
8224     986  3869  4143  10
8225    4144  4124  4080  10
8226    4164  4143  3869  10
8227    4156  4331  4157  10
8228    4144  4123  4156  10
8229    3518  2633  4897  10
8230    4146  4083  4127  5
8231    4146  4125   456  5
8232     376  4204  4999  4
8233    4146  4147  3838  5
8234    3472   738  4158  5
8235    4092  4148  4166  5
8236    4093  4063  4149  9
8237    4159  4063  4992  9
8238    5005  5482  3892  13
8239    5482  4150  4042  13
8240    4160  4130   848  7
8241    4161  4151  3717  8
8242    4152  4131  4162  10
8243    3492  4152  4163  10
8244     841  4153  4062  7
8245     684   747  4153  7
8246    4883  4154  4095  13
8247    5391  3960  4141  13
8248    2776  3978  4155  7
8249    4155  3978  3813  7
8250    4164  4331  4156  10
8251    4157  4145  4081  10
8252    4144  4156  4157  10
8253    4143  4164  4156  10
8254    4165   738  3769  5
8255    4166  3854  4092  5
8256    4140  4992  4118  9
8257    3818  4159  4993  9
8258    3730  4160   848  7
8259    3717  4151  4160  7
8260     687  4161  3717  8
8261     489  4492  4494  8
8262    3349  5202  3350  10
8263    4306  5004  5003  10
8264    4152  4162  4163  10
8265    4162  4903  4267  10
8266    3869  4304  4907  10
8267    4157  4331  4145  10
8268    4165  3769  4399  5
8269    4011  4158  4165  5
8270    4158  4011  4166  5
8271    4011  3854  4166  5
8272    4332  4161  4556  8
8273     849  4167  4333  8
8274     452  4168   430  7
8275     430  4334   415  6
8276     222  4470   489  11
8277    4453  4486  4489  12
8278    4479   728  4506  13
8279    4169  4488  4170  12
8280    3984  3820  4885  10
8281    4508  4412  4510  10
8282    4335  4059   847  7
8283    4437  4172   680  6
8284     751  3942  4173  7
8285    4174  4173    22  8
8286    4173  4174   751  8
8287    3862  4175   528  5
8288    4265  4176    22  4
8289    4176  4175   959  5
8290    4265    22   533  4
8291    4174    22  4176  5
8292     765  4178   514  10
8293    5047  2948  4184  13
8294    4183  4888  4996  9
8295    4177   864  4178  10
8296     945  4179   826  7
8297     826  4180   663  6
8298    5218  4180   415  5
8299    4179   415  4180  6
8300    4879   418  4091  5
8301     745   418  4181  6
8302     416   620  4182  5
8303     416  4887   431  6
8304    3513   692  4183  10
8305    3887  4888   692  9
8306    5014   710  4177  13
8307    4177   765  5065  13
8308    3583  4185   311  9
8309     380  4185  2889  9
8310    4185   380  4186  9
8311    4191   380  4188  9
8312    3848  4190  4006  8
8313     380  2889  4189  8
8314    4191   313  3749  9
8315    4189  4192   380  8
8316    4006  4193  4187  8
8317     380  4192  4188  8
8318    4889  3696  4997  8
8319    4336  4337  3886  8
8320     380  4191  4186  9
8321     313  4191  4188  9
8322    4193  4189  4187  8
8323    4336  3886  4109  8
8324    4193  4190  4337  8
8325    4192  4189  4193  8
8326    2932  3881  4194  10
8327    4890  5004  4998  10
8328    4415  5343  4292  13
8329    3650  3369  3318  13
8330    2800  4197  2909  10
8331    4340  4373  3297  10
8332    4341  4197  3068  10
8333    4928  4197  4341  10
8334    4342  3070  3164  10
8335    4342  4198  3070  10
8336    3518  5120  3020  10
8337    4331  4164  5008  10
8338    4343   853  3420  5
8339    4294  4295   691  7
8340     496  3189  4201  5
8341    1805  4034  4202  4
8342      74  4420  4034  4
8343     660  3495  4375  5
8344    5263  5358  4930  4
8345    3283   375  4204  5
8346    4892  4204   375  4
8347     674  3496  4205  8
8348     437  4889  3496  8
8349     446   445  4346  8
8350    3338  3238  4347  8
8351    3839  3258  4261  3
8352    4261  5121  4207  3
8353    3520  4915  4348  4
8354    4916  4208  4348  4
8355    3524  4424  3176  10
8356    3366  3317  4209  10
8357    5265  4930   243  2
8358    1898  1911  4210  2
8359    3414   884  4211  7
8360     677  5212  5620  8
8361     858  4020  4398  5
8362    4020   858  3458  5
8363    4604  4618  4454  5
8364    5144   584  3526  4
8365     534  5001  4214  7
8366    5340  5342   522  8
8367    3742  4363   662  5
8368     744  4215  3465  6
8369    4851  4216   450  8
8370     883  4216   428  7
8371    3473  4217   946  7
8372    5206  5115  3922  8
8373    4356  3816  4257  13
8374    4218  4356  5132  13
8375    4351  1073   641  10
8376    1026  4357  4219  10
8377    4433   458  3814  5
8378    4433  3814  4256  5
8379    3545  4253  4899  13
8380    3751   102  4221  13
8381    4896  3569  3273  8
8382     446  4346  4206  8
8383    3846  4223  3847  5
8384    3373  3586  4223  5
8385    4360  4224  3580  10
8386     297  4359  4425  10
8387    4856  4919  5013  7
8388    5272  5585  5542  8
8389    3624  3486  4229  10
8390    5157  4145  4331  10
8391    3627  3505  5123  13
8392    5116  2866  2576  13
8393    3371  4228   674  7
8394    3199   422  4228  7
8395    4229  4898  5223  10
8396    4226  3624  4229  10
8397    5343  4415  4416  13
8398    4914  5285  3735  13
8399    3760  5118  5207  13
8400    4314  5136  4253  13
8401    3707  3506  4232  8
8402    4232  3298   447  8
8403      81  5186  4355  4
8404     414  4429  4241  5
8405    3744  3746  4234  9
8406    5628  4365  4234  9
8407     605  5315  3939  13
8408    4364  4235  4234  9
8409       4   606  4236  9
8410     490  5478   491  9
8411    3744  5503  4237  13
8412    3746  4237  4236  9
8413    3761   839  4238  7
8414    5212   677  4238  8
8415     843  4239  3766  7
8416    5112   520  5092  8
8417    3766  4239  4240  7
8418    4239   486  4240  7
8419    5138  4233  4429  5
8420     743  4241  3778  6
8421     675  4463  4368  8
8422     671  4242  3778  7
8423     852  4431  4369  5
8424    5146  5143  5145  4
8425     498  3785  4244  5
8426    3785   852  4369  5
8427    4250  4245   936  11
8428    3788  4246  3738  13
8429    4914  3735  3691  13
8430     810  4245  4247  13
8431    4248  4246  3966  13
8432    4249  4821  4815  13
8433    4760  4776  4809  13
8434    4818  4812  4249  13
8435     558  4807  4776  13
8436    4821  4824  4815  13
8437    4245  4250  3738  11
8438    4251  4250   936  10
8439    1006  4802  4819  10
8440    4866  3931  4982  10
8441    4251  3964  4252  10
8442    3964  3787  4252  10
8443    2308  2065  3335  13
8444    3545  3794  4253  13
8445    2622  4254  3800  10
8446    3265  4890  4998  10
8447     302  4255   303  8
8448    5020  4900  3913  8
8449    4371  2774   679  5
8450    4433  4371  4465  5
8451    4184  5133  5047  13
8452    4920  5191  5065  13
8453    3297  3014  4340  10
8454    5557  5712  5540  10
8455    3830  4344  4421  4
8456    5465    75  5181  4
8457    4901  3289  3832  10
8458    3969  4902  3801  10
8459    1898  4261  3389  3
8460    5121  2136  2223  3
8461    4435  3844    75  5
8462    4375  4435  4345  5
8463    4465  3845   457  5
8464    4465  4220  4433  5
8465    3330  4264   619  5
8466    3852  3851  4264  5
8467    4265  4922  4376  4
8468    4175  4176  4376  4
8469    3641  2979  4271  13
8470    5299  3493  4905  13
8471    3263  4163  4267  10
8472    4162  4267  4163  10
8473    3302  4205  4268  8
8474    3496  4268  4205  8
8475     775  4904  3436  13
8476     717  4847   775  13
8477    3571  5326  3898  10
8478    5153  4229  5223  10
8479    4861  4271  4377  13
8480    4861  5302  3641  13
8481    4378  3641  4923  13
8482    2717  3493  2460  13
8483    5129   460  4858  5
8484    3768   846  4273  5
8485    3585  3373  4274  4
8486    5604  5541  5583  4
8487    3360  4275  3178  13
8488    5804  5298  5114  13
8489    2525  3799  4276  8
8490    4877  4276  3799  8
8491     879    21  4393  5
8492     698  3600  4277  5
8493    3719  3925  4381  5
8494    4278  4382  4279  5
8495    4382  4278  3598  5
8496    4382  4383  4279  5
8497    3619  3933  4280  7
8498    3618  4280  3933  7
8499    4282  4281  4284  8
8500    4284  3476  3619  8
8501    4283  4282  4284  8
8502    3619   532  4283  8
8503    5447  4281   523  8
8504    3950  4117  5537  4
8505    4386  3936  4441  5
8506    3745  4286  3939  9
8507    4287  4286  3743  9
8508    4366  4364  4365  9
8509    4493  4495  4492  9
8510    4286  4287  4288  9
8511    4411  4115  4135  9
8512    4933  4436   469  5
8513    5224  5355  5639  4
8514    5538  4289  4975  4
8515    4057  4436  4438  5
8516    4387   441   440  8
8517     442   441  4291  8
8518    3316  3365  4292  13
8519    5477  5343  4460  13
8520    5056  3976  4972  13
8521    2787   385  4972  13
8522    3822  3986  4294  7
8523     691  4295  3185  7
8524    4294  3986  4295  7
8525    4200  4295  3986  7
8526    3395  4296   686  7
8527    3200   474  4296  7
8528    4054  4297  3833  5
8529      78  3993  4297  5
8530    3857  5061  4015  9
8531    4128  3842  4298  5
8532    3834  4391  3995  5
8533    5074    76  4298  4
8534    3836  4392  3998  5
8535     456  4125  4990  4
8536     475  3312  4302  7
8537    3813  4301  4000  7
8538     483  4302  3837  7
8539    4000  4301  4302  7
8540    5043   263  5061  9
8541     264  3722  4303  9
8542     298  4459  4028  10
8543    3869  4028  4304  10
8544    4589  4585  4588  10
8545    4565  4573  4575  10
8546    3881  4903  5004  10
8547    4903  3881  4267  10
8548    3889  4040  4307  5
8549    4399  4040   737  5
8550    4449  4043  4404  5
8551    4403  2962  4044  5
8552    2961  4309  2859  5
8553    2641  2859  4309  5
8554    3908  3567  5113  13
8555    5662  3229  5463  13
8556    3917  4405  4048  10
8557    4312  4405  4311  10
8558    4405  4312  4048  10
8559    4311  3393  4312  10
8560    4413   485  3951  7
8561    4059  4335   685  7
8562    3967  4406  4067  13
8563    5135  3967  3340  13
8564    3968  4908  4315  8
8565    3799  5009  4908  8
8566    5009  5182  5338  8
8567    4316  3803  5338  8
8568    4073  2892  4317  5
8569    4451  4132  4107  5
8570    4316  4909  3819  8
8571    4318  5011  3982  8
8572    3988  3824  4319  5
8573      75  4319  3824  5
8574    3989  3825  4320  5
8575     457  4320  3825  5
8576    3860  4321  4098  7
8577    4910  4321  3859  7
8578    4322  4323  4408  8
8579    3208  4026  4102  9
8580    3906  5130   139  8
8581    5130  3906  3553  8
8582    5289  4110  3888  4
8583    3348  4349  3904  4
8584    4468  4553  5010  8
8585    4387  4291   441  8
8586    4111  4325  4326  8
8587    4468  4291  4387  8
8588     836  4181  4409  5
8589    4117  4061  4327  5
8590    4909   398  5713  8
8591    4032  4071  4912  8
8592    4008  4329  3105  5
8593    3091  4329  4088  5
8594    4330  4500  4530  9
8595    4411  4330  4288  9
8596    4907  4164  3869  10
8597    5157  3518  4897  10
8598     490  5140  5228  8
8599     849  4333  3864  8
8600    4167  4332  4333  8
8601    4333  4332  4913  8
8602    5217  5216  4334  5
8603    4168   835  4334  6
8604    4474  4482  4483  11
8605     222  4554  4471  10
8606    4109  4133  4336  8
8607    4336  4192  4337  8
8608    4997  4190  4889  8
8609    4337  4997  5045  8
8610    3691  3650  4914  13
8611    1053   964  4416  13
8612    5744  5117   903  13
8613    4292  4414  5124  13
8614    4417  4196  4197  10
8615    3148  4373  4258  10
8616    4424  3524  4219  10
8617    4417  4340  4196  10
8618    5137  4418  4342  10
8619    3075  4198  4929  10
8620    4201   584  4343  5
8621    4604  4213  4352  5
8622    4420  4202  4034  4
8623    4202  4420  4344  4
8624    2995   660  4375  5
8625      74  4345  4203  5
8626     445  4222  4346  8
8627    4896  4346  4222  8
8628    4232  4347  3499  8
8629    4896  4206  4346  8
8630    4915  3520  3042  4
8631    5289  5160  4915  4
8632    4208  4916  4349  4
8633     252  5049  5160  4
8634    4422  3308  3198  10
8635    4350  4422  4455  10
8636    4455  5307  4209  10
8637    4424  4931  3176  10
8638    4604  3449  4618  5
8639    4352  4464  4431  5
8640    4353   530  4917  7
8641    4225  3599   752  7
8642    4012  4457  4549  5
8643    4457   823  4215  5
8644    4215  4419  4457  5
8645     442  4291  4354  8
8646    5014  4906  5066  13
8647    3300  4218  5219  13
8648    1073  4351  4357  10
8649    4219  4456  4424  10
8650    4354   443   442  8
8651    4358  4354  4458  8
8652    4426  4224  4360  10
8653     297  4425  3423  10
8654    3402  4360  3580  10
8655    4932  4304  4550  10
8656    4214  4353  3459  7
8657    4919  3457   700  7
8658    4416  4415  1053  13
8659    5012  5209  4338  13
8660    3742  4428  4363  5
8661    4012   823  4457  5
8662    4235  4364  3745  9
8663    4365  4364  4234  9
8664    5628  4234  3746  9
8665    5183  5719  5628  9
8666    4365  4287  4366  9
8667    4287  3743  4366  9
8668    4552  4242  4606  8
8669    3778  4367   743  7
8670    3937   675  4368  7
8671    4945   400  4462  8
8672     852  3863  4431  5
8673    4243  4244  4369  5
8674     642  4788  4795  10
8675    4820  4817  4819  10
8676    4432   679  3531  5
8677    5291  4220  5480  4
8678     710  5014  5133  13
8679    5220  4920  4833  13
8680    4373  5139  4434  10
8681    4258  4434  4374  10
8682    4258  4373  4434  10
8683    3293  3542  5161  10
8684    4375  4262  4435  5
8685    2995  4375  4345  5
8686    5108  4265   533  4
8687    4397  4447  4469  4
8688    5298  4275  3920  13
8689    3525  3046  5303  13
8690    3641  4271  4861  13
8691    2460  3493  5299  13
8692    4274  5541  4924  4
8693      80  4379  4925  4
8694    3575  5114  3920  13
8695    2698  2460  3870  13
8696    4277  4381  3925  5
8697    3598  4381  3600  5
8698    3598   527  4382  5
8699    4383   918   998  5
8700    4382   527  4383  5
8701     527  4845  5068  5
8702    4438  3755  4057  5
8703    4289  4290  4384  5
8704    4440  3935  3740  5
8705    3776  5016  4926  5
8706    4441  3936   417  5
8707      83  4386  4285  5
8708    4387   440  4442  8
8709    5010  4325  4911  8
8710    5134    78  3737  4
8711    3986  3822  4444  8
8712    4935  4445  5255  4
8713    3175  3361  4390  5
8714    3064  4390  3361  5
8715      76  4391  3834  5
8716    4391  4299  3824  5
8717     456  4392  3836  5
8718    4392  4300  3825  5
8719    3428   858  4398  5
8720    4277  4393   698  5
8721    3862   528  4394  5
8722     698  4395  5475  4
8723    4469  4396  4397  4
8724    4395   698  4396  4
8725    4397  4396  4212  4
8726    4397   528  4447  4
8727    4447   528  4175  4
8728    4394   528  4397  4
8729    4212  4398  4020  5
8730    4393  3428  4398  5
8731    4040  4399  4307  5
8732    4165  4399   737  5
8733    4044  2962  4400  5
8734    4400  4448  4402  4
8735    2961  4401  4309  5
8736    4044  4401  3616  5
8737    3044  4400  4402  4
8738    4448  4400  2962  4
8739    4450  4044  4308  5
8740    5019  4448  5456  4
8741     688   498  4449  5
8742    4450  4043  4403  5
8743    4937  4405  5295  10
8744    4937  4455  4311  10
8745    5135  4231  5357  13
8746    4314  4406  5136  13
8747    3814  4407  3980  5
8748    3979  3815  4451  5
8749    5130  4323   139  8
8750    5204  5238   952  8
8751    4879  4409  4181  5
8752    4117  4409    84  5
8753    4499  4473  4554  8
8754    4532  4556  4607  8
8755    4287  4411  4288  9
8756    4492   489  4493  9
8757    4172   685  4335  7
8758    4313  4335   847  7
8759    3951   477  4413  7
8760    4172  4413   477  7
8761    3107  5209  5012  13
8762    5718  5744   903  13
8763    4195  5231  5187  13
8764    3316  4292  5124  13
8765    1053  4415   556  13
8766    4414  3367  5124  13
8767    4417  4197  4928  10
8768    4417  5336  5139  10
8769    5137  4342  3661  10
8770    3402  2022  5184  10
8771    4419  4363  4605  5
8772     497  4604  4352  5
8773    5262  4259  5501  3
8774    4344  4420  4421  4
8775    4420    74  5164  4
8776    4420  5164  4421  4
8777    3198  4311  4422  10
8778    4455  4422  4311  10
8779    3366  4209  4423  10
8780    4209  4351  4423  10
8781    4938  4424  4456  10
8782    5494  5663  5347  10
8783    4550  4028  4459  10
8784    4426  4425  4359  10
8785    4932  4426  4360  10
8786    4304  4028  4550  10
8787    3650  4339  4195  13
8788    4416  4230  4460  13
8789     834  4241  4461  5
8790      81  4363  4428  5
8791    4429   414  5138  5
8792      81  4428  4551  5
8793    4552  4462  4367  8
8794    5700  5307  4938  10
8795    3863  4352  4431  5
8796    4352  4213  4464  5
8797    3531  4263  4432  5
8798    4432  4263  4465  5
8799    4371  4433  4256  5
8800     458  4433  4220  5
8801    4373  4340  5139  10
8802    5540  5452  4434  10
8803    3844  4435  4262  5
8804      75  4203  4435  5
8805     469  4437  4933  5
8806    4436  4384  4438  5
8807    4289  4933  5071  5
8808     469  4172  4437  6
8809    4384  4290  4438  5
8810    4438  4290  4439  5
8811    4438  4439  3944  5
8812    4290   461  4439  5
8813    3740  4386  4440  5
8814      83  4440  4386  5
8815    3762  4466   417  5
8816    4285  4386  4441  5
8817    4467   439  3500  8
8818    4326  4553  4112  8
8819    5140  3822  4023  8
8820    4444  4443  3986  8
8821    5141  4444  5140  8
8822      78  5134  4934  4
8823    3175  4445  4935  4
8824    4446  3994  4087  5
8825      76  4446  4298  5
8826    5453  4376  4922  4
8827    4941  4395  4396  4
8828    2962  4403  4448  4
8829    5577  5019  5456  4
8830    4244   583  4449  5
8831    4043  4449   583  5
8832    4308  4404  4450  5
8833    4043  4450  4404  5
8834    4407  4451  4073  5
8835    3815  4132  4451  5
8836    5215  4408  4323  8
8837    5204  3577  5106  8
8838    4472  4505  4475  11
8839    4470  4477   489  11
8840     662  4363  4419  5
8841    3449  4604   497  5
8842    4937  4311  4405  10
8843    4455  4937  5307  10
8844    4357  4351  4456  10
8845    4938  4456  4351  10
8846    4215   662  4419  5
8847    4419  4605  4457  5
8848    4458  4291  4939  8
8849    4222  4458  3569  8
8850    3423  4425  4459  10
8851    4459  4425  4550  10
8852    5717  5231  5477  13
8853    5717  5821  5285  13
8854    4241  4429  4461  5
8855    4233  4461  4429  5
8856    5629  4945  4430  10
8857    5481  4462   400  8
8858    5311   675  4216  8
8859    4463  5310  5308  8
8860    4213  4243  4464  5
8861    4369  4464  4243  5
8862    3845  4465  4263  5
8863     457  4220  4465  5
8864    3762  4061  4466  5
8865    3950  4466  4061  5
8866    4940  3500   942  8
8867    4326  4325  4553  8
8868    4387  4442  4468  8
8869    4468  4442  4467  8
8870    5167  4447  5453  4
8871    4942  5230  5167  4
8872    4471  4482  4484  11
8873    4489   728  4476  12
8874    4470   222  4471  11
8875    4481  3853  4171  10
8876    4475   603  4472  11
8877    4477  4470  4485  11
8878    4554  4473  4481  10
8879    4494  4504  4532  8
8880    4508  4090  4509  11
8881    4169  4170  4486  12
8882    4496  4498  4495  9
8883    4453  4476  4475  12
8884    3748  4478  4507  12
8885    4170  4529  4489  13
8886    4470  4484  4485  11
8887    4505  4453  4475  11
8888    4476   728  4479  12
8889     603  4475  4480  12
8890     877  3748  4507  12
8891    4506  5379  4876  13
8892    4479  4480  4476  12
8893    4478   603  4480  12
8894    3853  4481  4473  10
8895    4512  4508  4510  10
8896    4483  4482  4412  11
8897    4484  4482  4474  11
8898    4526  4169  4487  11
8899    4520  4169  4486  11
8900    4484  4474  4485  11
8901    4471  4484  4470  11
8902    4487  4520  4474  11
8903    4453  4477  4485  11
8904    4487  4474  4483  11
8905    4453  4485  4486  11
8906    4491  4524  4526  11
8907    4490  4170  4488  12
8908    4522  4524  4514  11
8909    4491  4487  4483  11
8910    4486  4170  4489  12
8911    4489  4476  4453  12
8912    4522  4490  4488  12
8913    4525  4521  4523  13
8914    4509  4483  4508  11
8915    4509  4513  4491  11
8916     603  4497  4496  9
8917    4494  4492  4410  8
8918    4505  4493  4477  11
8919    4495  4410  4492  9
8920     222  4494  4499  8
8921    4503  4504  4501  8
8922     603  4496  4472  9
8923    4495  4472  4496  9
8924    4497   603  4478  9
8925    4495  4498  4410  9
8926    4478  3748  4500  9
8927    4502  4135  4501  9
8928    4531  4502  4498  9
8929    4501  4410  4498  9
8930    4410  4501  4504  8
8931    4532  4607  4499  8
8932    3748   604  4530  9
8933    4531  4330  4411  9
8934    4502  4501  4498  9
8935    4503  4501  4135  8
8936    4531  4498  4497  9
8937    4411  4135  4502  9
8938    4135  4115  4943  8
8939    4494  4532  4499  8
8940    4504  4503  4532  8
8941    4494  4410  4504  8
8942    4493  4505  4472  11
8943    4453  4505  4477  11
8944    4521   562  4523  13
8945    4170  4528  4529  13
8946    4478  4480  4507  12
8947    4479  4507  4480  12
8948    4483  4412  4508  11
8949    4481  4510  4412  10
8950    4515  4559  4557  13
8951    4483  4509  4491  11
8952    4171  4518  4481  10
8953    4508  4512  4090  10
8954    4541  4540  4537  11
8955     562  4536  4516  11
8956    4518  4510  4481  10
8957    4512  4510  4518  10
8958    4535  4509  4090  11
8959    4514  4513  4534  11
8960    4512  4519  4090  10
8961    4514   562  4522  11
8962    4568  4571  4569  13
8963    4527  4523  4555  13
8964    4514  4536   562  11
8965    4490  4528  4170  13
8966    4509  4535  4513  11
8967    4513  4535  4534  11
8968    4519  4517  4511  10
8969    3984  4885  4171  10
8970    4994  4518  4885  10
8971    4545  4539  4542  10
8972    4169  4520  4487  11
8973    4485  4520  4486  11
8974    4522   562  4521  12
8975    4516  4523   562  13
8976    4524  4522  4488  11
8977    4490  4522  4521  12
8978    4560  4557  4559  13
8979    4564  4515  4562  13
8980    4526  4524  4488  11
8981    4514  4524  4491  11
8982    4525  4523  4527  13
8983    4490  4525  4528  13
8984    4169  4526  4488  11
8985    4491  4526  4487  11
8986    4560  4516  4557  13
8987    5636  4601  5669  13
8988    4525  4527  4528  13
8989    5669  4603  5292  13
8990    4528  4527  4529  13
8991    4555  5314  4527  13
8992     604  4055  4530  9
8993    4330  4530  4055  9
8994    4502  4531  4411  9
8995    4497  4500  4531  9
8996    4503  4556  4532  8
8997    4089  4946  3243  8
8998    4876  4056  4506  13
8999    3747  4056  3940  13
9000    4537  4536  4534  11
9001    4517  4538  4511  11
9002    4090  4511  4535  11
9003    4534  4535  4511  11
9004    4514  4534  4536  11
9005    4537  4534  4538  11
9006    4557  4558  4540  11
9007    4515  4557  4540  11
9008    4511  4538  4534  11
9009    4541  4538  4517  11
9010    4538  4541  4537  11
9011    4519  4542  4517  10
9012    4539   221  4543  11
9013    4570  4567  4572  11
9014    4517  4539  4541  11
9015    4541  4539  4543  11
9016    4519  4518  4994  10
9017    5288  4031  3872  10
9018    4567  4544  4562  11
9019    4541  4543  4540  11
9020    4569  4544  4567  11
9021    4566  4540  4561  11
9022    4994  4546  4542  10
9023    4573  4565   221  10
9024    5287  5155  2285  10
9025    4589  4583  4585  10
9026    4545  4573   221  10
9027    4588  4585  4547  10
9028    4575  4548  4565  10
9029    4576  4547  4548  10
9030    4355  3328  4549  5
9031    4013  4549  3328  5
9032    4425  4426  4550  10
9033    4932  4550  4426  10
9034    4461  4233  4551  5
9035    5344  4233   940  4
9036    4606  4242  4368  8
9037    5308  4945  4462  8
9038    4468  4467  4553  8
9039    4940  4553  4467  8
9040    4471  4554  4481  10
9041     222  4499  4554  8
9042    4559  4563  4555  13
9043    4529  4527  5314  13
9044    4556  4503  4943  8
9045     687  4556  4161  8
9046    4557  4516  4558  11
9047    4558  4536  4537  11
9048    4536  4558  4516  11
9049    4540  4558  4537  11
9050    4564  4562  4563  13
9051    4555  4523  4560  13
9052    4555  4560  4559  13
9053    4523  4516  4560  13
9054    4540  4566  4515  11
9055     561  4591  4568  13
9056    4567  4562  4561  11
9057    4563  4562  4544  13
9058    4591   561  4581  13
9059    4571  4544  4569  13
9060    4563  4559  4564  13
9061    4559  4515  4564  13
9062    4578  4565  4548  11
9063    4567  4570  4569  11
9064    4561  4562  4566  11
9065    4515  4566  4562  11
9066    4569  4570   561  11
9067     221  4565  4572  11
9068    4599  4568  4591  13
9069    4584  4592  4579  11
9070     221  4572  4561  11
9071    4568  4569   561  13
9072    4578  4548  4579  11
9073    4567  4561  4572  11
9074    4568  4563  4571  13
9075    4563  4544  4571  13
9076     221  4561  4543  11
9077    4578  4572  4565  11
9078    4574  4545  4542  10
9079    4573  4545  4574  10
9080    4575  4574  4608  10
9081    4573  4574  4575  10
9082    4574  4546  4608  10
9083    4548  4575  4576  10
9084    4640  4597  5147  10
9085    5287  2285  5474  10
9086    4547  4586  4582  11
9087    4594  4600  4602  13
9088    4579  4548  4547  11
9089    4570  4572  4578  11
9090    4582  4579  4547  11
9091    4570  4578  4579  11
9092    4582  4586  4580  11
9093    4570  4592   561  11
9094    4590  4581  4577  13
9095    4580  4577  4581  11
9096    4577  4580  4593  11
9097    4584  4582  4580  11
9098    4587  4610  4595  11
9099    4576  4588  4547  10
9100    4580  4581  4584  11
9101    4581   561  4592  11
9102    4585  4587  4586  11
9103    4586  4587  4593  11
9104    4547  4585  4586  11
9105    4585  4583  4587  11
9106     811  4594  4595  11
9107    4577  4593  4594  11
9108    4608  4576  4575  10
9109    4588  4597  4589  10
9110    4588  4576  4608  10
9111    4583  4589  4598  10
9112     811  4614  4617  13
9113    4563  4568  4601  13
9114    4581  4590  4591  13
9115    4599  4591  4590  13
9116    4579  4592  4570  11
9117    4581  4592  4584  11
9118    4586  4593  4580  11
9119    4587  4595  4594  11
9120    4587  4594  4593  11
9121    4600  4594   811  13
9122    4595  4611   811  11
9123    4583  4598  4609  10
9124    4614  4611  4615  11
9125     811  4611  4614  11
9126    5252  5372  5757  10
9127    4609  4598   643  10
9128    4597  4634  4589  10
9129    4623  4624  4621  10
9130    4590  4600  4603  13
9131    4555  4563  4601  13
9132     811  4617  4600  13
9133    4603  4601  4599  13
9134    4603  4599  4590  13
9135    5314  5379  4529  13
9136    4600  4590  4602  13
9137    4590  4577  4602  13
9138    5292  4600  4616  13
9139    5727  5314  5636  13
9140    3449   853  4618  5
9141    4213  4604  4454  5
9142    4363    81  4605  5
9143      81  4355  4605  5
9144    4368  4463  4606  8
9145    5308  4552  4606  8
9146     687  4607  4556  8
9147    4473  4607  4089  8
9148    3872  4305  5288  10
9149    4608  5147  4588  10
9150    4610  4587  4583  11
9151    4627  4633  4637  13
9152    4583  4609  4610  11
9153    4609   643  4612  11
9154    4620  4613  4626  11
9155    4612  4610  4609  11
9156    4613  4621  4624  10
9157    4610  4612  4611  11
9158    4632   560  4627  11
9159    4620  4628  4622  11
9160    4611  4612  4615  11
9161    4616  4614  4596  13
9162    4612  4622  4615  11
9163    4614  4615  4628  11
9164    4639  4648  4677  13
9165    4600  5292  4603  13
9166    4614  4616  4617  13
9167    4616  4600  4617  13
9168     853  4343  4618  5
9169    4618  4343  5142  5
9170    4619  4629  4638  10
9171    4625   735  4630  10
9172    4613  4620  4621  11
9173    4627  4596  4620  11
9174    4622  4612   643  11
9175    4628  4620  4596  11
9176     643  4621  4622  11
9177    4620  4622  4621  11
9178     643  4598  4623  10
9179    4621   643  4623  10
9180    4623  4619  4624  10
9181    4624  4619  4625  10
9182    4947  4619  4635  10
9183    4646  4636  4641  10
9184    4631  4644  4690  13
9185    4645   735  4641  11
9186    4632  4627  4620  11
9187    4633  4627   560  13
9188    4614  4628  4596  11
9189    4622  4628  4615  11
9190    4598  4634  4629  10
9191    4629  4634  4638  10
9192    4626  4613  4630  11
9193    4613  4625  4630  10
9194    4644  4655   759  11
9195    4626  4630  4647  11
9196    4620  4626  4632  11
9197     560  4632  4626  11
9198    4639  4677   560  13
9199    4633  4648  5408  13
9200    4589  4634  4598  10
9201    4597  4640  4638  10
9202    4635  4638  4640  10
9203    4652  4643  4947  10
9204    4641  4642  4645  11
9205    4643  4641   735  10
9206    4633  4616  4637  13
9207    4616  4596  4637  13
9208    4597  4638  4634  10
9209    4619  4638  4635  10
9210    4648  4639  4631  13
9211    4626  4647  4676  11
9212    4588  5147  4597  10
9213    5252  5757  4947  10
9214    4641  4636  4642  11
9215    4625  4643   735  10
9216    4675  4644  4642  11
9217    4645  4631  4639  11
9218    4625  4619  4947  10
9219    4651  4649  4650  10
9220    4655  4649   220  11
9221    4631  4642  4644  11
9222    4631  4645  4642  11
9223    4639   560  4676  11
9224    4643  4625  4947  10
9225    4636  4650  4649  10
9226     735  4645  4647  11
9227    4645  4639  4676  11
9228    4691  4657  4678  13
9229    5292  4616  5375  13
9230    4644  4675  4655  11
9231    4646  4650  4636  10
9232    4652  4646  4643  10
9233    4651  4661  4659  10
9234    4654  4646  4652  10
9235    4650  4654  4651  10
9236    4661  4651  4654  10
9237    4646  4654  4650  10
9238    4664  4663  4653  10
9239    4784  4665  4664  10
9240    4784  5214  4810  10
9241    4659  4661  4653  10
9242     759  4655  4658  11
9243    4636  4675  4642  11
9244    4657  4660  4656  11
9245    4656  4662  4692  13
9246    4659  4660  4658  11
9247    4678  4657  4656  13
9248    4666  4660  4653  11
9249    4657   759  4658  11
9250    4658   220  4659  11
9251     220  4651  4659  10
9252    4659  4653  4660  11
9253    4653  4663  4666  11
9254    4810  4671  4784  10
9255    4661  4784  4664  10
9256    4662  4667   707  11
9257    4666  4663  4667  11
9258    4678  4656  4692  13
9259    4661  4664  4653  10
9260    4687  4654  4652  10
9261     961  4663  4665  10
9262    4687  4784  4661  10
9263    4665  4671   961  10
9264    4667  4663   961  11
9265    4656  4666  4662  11
9266    4674   707  4681  11
9267    4662  4666  4667  11
9268    4686  4680  4682  11
9269    4680  4681  4670  11
9270    4774  4783  5170  10
9271    4667  4668   707  11
9272    4672  4671  4670  10
9273    4685  4682  4684  10
9274    5126  4717  4711  10
9275    4670  4684  4682  10
9276    4668   961  4672  11
9277     961  4671  4672  10
9278    4682   862  4686  11
9279    4699  4674  4751  13
9280    4668  4672  4681  11
9281    4696  4692  4662  13
9282    4636  4649  4675  11
9283    4655  4675  4649  11
9284    4626  4676   560  11
9285    4645  4676  4647  11
9286    4648  4633  4677  13
9287    4633   560  4677  13
9288    4662   707  4696  13
9289    4648  4690  4698  13
9290    4652  5213  4687  10
9291    4813  4709  4693  10
9292    4756  4716  4748  13
9293    4673  4674  4680  11
9294    4670  4681  4672  11
9295    4674  4681  4680  11
9296    4680  4670  4682  11
9297    4671  4684  4670  10
9298    4683  4686  4704  11
9299    4685  4684  4669  10
9300    4710  4688  4708  10
9301    4689  4700  4693  10
9302    4661  4654  4687  10
9303    4693   862  4685  10
9304     965  4703  4707  11
9305    4686  4673  4680  11
9306    4684  4671  4810  10
9307    4669  4684  4810  10
9308    4700  4704   862  11
9309     559  4721  4723  11
9310    4710  4708  4709  10
9311    4709  4708  4689  10
9312    4695   759  4691  13
9313    4695  4698  4690  13
9314    4698  4691  4678  13
9315     759  4695  4644  13
9316    4699   707  4674  13
9317    4722  4758  4705  13
9318     965  4707  4706  11
9319    4671  4665  4784  10
9320    4730  4734  4756  13
9321    4779  4759  4738  13
9322    4698  4695  4691  13
9323    4690  4644  4695  13
9324    4694  4683   965  13
9325     707  4699  4696  13
9326    5312  4949  5171  13
9327    4696  4699  4714  13
9328    4692  4696  4714  13
9329    5375  5428  5292  13
9330    4751  4674  4673  13
9331     559  4730  4756  13
9332    4700  4689  4703  11
9333     862  4693  4700  10
9334    4748  4722   559  13
9335    4715  4694   965  13
9336    4756  4740  4716  13
9337    4756  4702  4740  13
9338    4719  4706  4707  11
9339    4704   965  4683  11
9340    4704  4703   965  11
9341    4686   862  4704  11
9342    5547  4698  4954  13
9343    5312  4786  4757  13
9344    4707  4703  4689  11
9345    5586  5312  5171  13
9346    4688  4719  4708  11
9347    4707  4708  4719  11
9348    4707  4689  4708  11
9349    4693  4709  4689  10
9350    4711  4813  5126  10
9351    4712  4720  4718  10
9352    4693  4685  4669  10
9353    4718  4688  4710  10
9354     559  4722  4721  11
9355    4710  4709  4711  10
9356    4727  4725  4726  10
9357    4726  4725  4712  10
9358    4673  4683  4751  13
9359    4757  4949  5312  13
9360    4779  4738  4728  13
9361    4951  4694  5169  13
9362     965  4706  4715  13
9363    5547  4954  5587  13
9364    4951  4714  4751  13
9365    4715  4706  4739  13
9366    5760  5762  5122  10
9367    5622  5126  4669  10
9368    4711  4785  4718  10
9369    4710  4711  4718  10
9370    4722  4705  4724  11
9371    4706  4719  4705  11
9372    4712  4721  4720  11
9373    4688  4718  4720  10
9374    4719  4724  4705  11
9375    4720  4721  4724  11
9376    4688  4720  4724  11
9377    4721  4712  4723  11
9378    4733  4725   219  11
9379    4733  4732  4725  11
9380    4724  4719  4688  11
9381    4722  4724  4721  11
9382    4723  4712  4725  11
9383    4718  4726  4712  10
9384    4785  4711  4717  10
9385    4729  4743  4726  10
9386    4718  4785  4726  10
9387    4742  4744  4741  10
9388    4737  4728  4734  11
9389    4786  4697  4740  13
9390    4728  4737  4750  11
9391    4742  4743  4745  10
9392    4733  4730  4732  11
9393    4759  4747  4701  13
9394    4763  4764  4753  10
9395    4746  4731  4735  10
9396    4732  4723  4725  11
9397    4730   559  4732  11
9398    4750  4735  4731  11
9399    4734  4730  4733  11
9400    4733  4741  4737  11
9401    4758  4722  4748  13
9402    4741  4735  4737  11
9403    4742  4741   219  10
9404    4701  4757  4786  13
9405    4948  5169  4694  13
9406    4733  4737  4734  11
9407    4757   924  4765  13
9408    5586  5548  4716  13
9409    4716  4740  4697  13
9410     924  4757  4754  13
9411    5548  5549  4948  13
9412    4757  4780  4949  13
9413    4699  4751  4714  13
9414    4733   219  4741  11
9415    4727  4742   219  10
9416    4727  4743  4742  10
9417    4741  4744  4735  10
9418    4726  4743  4727  10
9419    4745  4744  4742  10
9420    4745  4743  4729  10
9421    4735  4744  4746  10
9422    4781  4749  4762  10
9423    4744  4745  4746  10
9424    4729  4781  4745  10
9425    4753  4761  4763  10
9426    4747  4779  4752  11
9427    4750  4737  4735  11
9428    4747  4759  4779  13
9429    5466  5549  5548  13
9430    4746  4745  4781  10
9431    4823  4822  4251  10
9432    4728  4750  4779  11
9433    4752  4750  4731  11
9434    4692  4736  4678  13
9435    4697  5312  4716  13
9436    4755  4761  4753  11
9437    4754  4747  4752  11
9438     924  4754  4755  11
9439    4763  4761  4762  10
9440    4766  4767  4753  11
9441    4780  4765  4760  13
9442    4754  4752  4755  11
9443    4761  4752  4731  11
9444    5168  4780  4809  13
9445    4739  4706  4705  13
9446    4683  4694  4751  13
9447    4747  4754  4701  13
9448    4807  4809  4776  13
9449    5548  4948  4748  13
9450    4738  4702  4728  13
9451    4728  4702  4734  13
9452    4770  4765  4768  11
9453    5171  5168  5715  13
9454    4752  4761  4755  11
9455    4762  4761  4731  10
9456    4731  4746  4762  10
9457    4781  4762  4746  10
9458    4762  4749  4763  10
9459    4763  4749  4764  10
9460    4952  4749  4950  10
9461    4772  4773  4771  10
9462    4760  4809  4780  13
9463    4770  4768   795  11
9464    4766  4768  4767  11
9465    4753  4764  4766  10
9466    4768  4766   795  11
9467    4765   924  4767  11
9468    4770  4760  4765  11
9469    4765  4767  4768  11
9470    4771  4777  4770  11
9471    4772  4771   795  10
9472    4777  4769  4778  11
9473    4769  4777  4771  11
9474    4770   795  4771  11
9475    4764  4772   795  10
9476    4822  5022  5726  10
9477    4789  4793  4788  10
9478    4808  4795  4799  10
9479    4769  4773  4775  10
9480    4749  4952  4764  10
9481    4808  5022  4819  10
9482    4772  4952  4783  10
9483    4772  4764  4952  10
9484    4787  4776  4778  11
9485    4794  4797  4798  13
9486    4776  4760  4777  11
9487    4777  4760  4770  11
9488    4776  4777  4778  11
9489    4787  4778   923  11
9490    4752  4779  4750  11
9491    4757  4701  4754  13
9492    5169  5467  4951  13
9493    4951  4751  4694  13
9494    5626  4717  5625  10
9495    5694  5258  5653  10
9496    4775  4783  4774  10
9497    5048  5396  5348  8
9498    4775  4773  4783  10
9499    4802  4808  4819  10
9500    4813  4669  5126  10
9501    4669  4813  4693  10
9502    5213  4652  4947  10
9503    4729  4726  4785  10
9504    4798   558  4794  13
9505    4948  4758  4748  13
9506    4790  4789  4788  11
9507     558  4776  4787  11
9508    4790  4787  4789  11
9509    4793  4789  4791  10
9510    4787   923  4789  11
9511    4791  4789   923  10
9512    4794  4796  4792  11
9513    4787  4790   558  11
9514     923  4775  4791  10
9515    4772  4783  4773  10
9516    4801  4800  4792  11
9517    4816  4817  4249  11
9518     676   838  5695  8
9519    4799  4793  4791  10
9520    4796  4790  4788  11
9521    4797  4794  4792  13
9522    1006  4819  4817  10
9523    4808  4802   642  10
9524    4788   642  4796  11
9525    4801  4796   642  11
9526    4792  4800  4805  13
9527    4804  4824  4825  13
9528    4798  4797  4806  13
9529     558  4798  4807  13
9530    5210  5285  5821  13
9531    5549  5169  4948  13
9532    4800  4801  4803  11
9533    4804  4800   935  13
9534    4796  4801  4792  11
9535     642  4802  4803  11
9536     935  4800  4803  11
9537    4795  4808   642  10
9538     642  4803  4801  11
9539    4803  4802  4814  11
9540     810  4247  4812  13
9541    4827  4825  4826  13
9542    4800  4804  4805  13
9543    4804  4797  4805  13
9544    4827  4797  4804  13
9545    5715  5168  4806  13
9546    4798  4806  4807  13
9547    4738  4759  4786  13
9548    4799  4774  5170  10
9549    5627  4808  4799  10
9550    4806  4809  4807  13
9551    4701  4786  4759  13
9552    4711  4709  4813  10
9553    5626  5250  4729  10
9554    4799  4791  4774  10
9555    5039  5681  5630  10
9556    4824   935  4815  13
9557    4247  4248  4812  13
9558    5214  4784  4687  10
9559    4717  4729  4785  10
9560    4803  4814   935  11
9561    1006  4816  4814  11
9562    4817  4816  1006  11
9563    1006  4814  4802  11
9564    4814  4816  4815  11
9565    4249  4815  4816  11
9566    4370  4818  4817  11
9567    4817  4818  4249  11
9568    4370   810  4818  11
9569     810  4812  4818  13
9570    4799  4795  4793  10
9571    4817  4820  4370  10
9572    4822  4820  4819  10
9573    4828  4823   936  10
9574    4248  4826  4812  13
9575    4812  4826  4821  13
9576    4791  4775  4774  10
9577    5072  5726  5681  10
9578    4822  4823  4820  10
9579    4251   936  4823  10
9580    4825  4824  4821  13
9581    4804   935  4824  13
9582    4825  4821  4826  13
9583    4804  4825  4827  13
9584    4248  3966  5210  13
9585    4806  4797  4827  13
9586    5210  4827  4826  13
9587    4806  4827  5715  13
9588     810  4370  4828  11
9589    4370  4823  4828  10
9590     242   508  5496  1
9591    5693  5670  5683  1
9592    4830   241  5758  3
9593    5235  5497   645  3
9594    5327  5261  5387  3
9595       9    10  4955  3
9596     541  5401  5752  3
9597     540  5331  4832  2
9598     886   570  4833  10
9599     765  4920  5065  13
9600    4835  4834   514  9
9601     765  4834  4833  10
9602    4178  4957   514  9
9603     864  4996  5097  9
9604     517  5151  4835  9
9605    4835  5151  4836  9
9606    5293   429   451  7
9607     822  4837   663  6
9608     693   854  4838  10
9609    5095  1020  5485  13
9610    4959  3333  3380  9
9611     857   696  4839  9
9612     488   480  5461  8
9613    4839   696  4840  9
9614    3429  4960   914  7
9615    5188  4841  4846  8
9616    4961   859  3471  5
9617     697  3589  4962  5
9618    4843  4964  4910  7
9619     531  5536  3860  8
9620    4964  3462   535  7
9621    4843   699  4844  7
9622    5026    20  5051  5
9623    3598  5284  5371  4
9624     787  5050  5025  7
9625    5436  5383  5420  8
9626    3300  4965  3559  13
9627    3559  4965  4847  13
9628    5309  4430  5310  8
9629    5458  5543  4967  8
9630    5029  4969   771  13
9631    4439  4974  3767  5
9632    2864  3992  4850  10
9633    4145  5333  3992  10
9634    4970  3533  1047  8
9635     658  4851  5053  8
9636    4853  3683  4854  9
9637     261  4852  5034  9
9638    5259  4231  5253  13
9639    3435  3682  5032  13
9640    4986  3684  4871  9
9641    5034  4853  4854  9
9642    4855  5269  4981  9
9643    4983  3957  4869  9
9644     700  4918  4919  7
9645    3942  4856  3431  7
9646    4974   681  3767  5
9647    5462  5111  3432  4
9648    5129   468  3768  5
9649    4437   680  5071  5
9650    4976   991  3786  13
9651    4968  5059  4849  13
9652    4253  5136  5227  13
9653    3663  3908  5817  13
9654    2459  3900  5015  13
9655    3970  2981  5300  13
9656    2865  4378  4923  13
9657    4377  3525  5303  13
9658    4978  3883  3547  2
9659    4978  4979  4863  2
9660    4981  3454  3689  9
9661    4852  5269  4971  9
9662    3911  4865  3589  5
9663    3590  3672  4865  5
9664    4982  3931  3964  10
9665    5630  5629  5720  10
9666     857  4867  3758  9
9667     865  4867   966  9
9668    4868  3949  4867  9
9669    3927   265  4868  9
9670    4869  5085  4983  9
9671    5175  4984  5149  9
9672    3957  4983   881  9
9673    5270  4980  5268  9
9674    5041   813  4854  9
9675    3684  4986  3434  9
9676    2561   582  4872  8
9677    4875  4872   582  8
9678     459  4873  3534  5
9679    3902  4873  4046  5
9680    5155  2374  5286  8
9681    2374  4029  4874  8
9682    4875  4051  4874  8
9683     582   455  4875  8
9684    5379  5314  5431  13
9685    3744  5368  5503  13
9686    4276  4877  3921  8
9687    4908  4877  3799  8
9688    4900  4082  3996  8
9689    4940   942  5020  8
9690    4409  4879    84  5
9691     418  4879  4181  5
9692    4000  4988  3813  8
9693     483  5042  4000  8
9694     230  5864  5768  2
9695    4125  3838  4881  4
9696    5058  4882  5419  13
9697    4882  5058  5035  13
9698    4095  4017  4883  13
9699    5297  4017  4150  13
9700    4159  3818  4149  9
9701    4993  4159  4884  9
9702    4518  4171  4885  10
9703    4885  4031  4994  10
9704    4835  4957  4886  9
9705     514  4957  4835  9
9706     838  4887   672  7
9707    4182   672  4887  6
9708    3562  5044  3887  9
9709    4183  4996   864  9
9710    4190  3848  4889  8
9711    4268  4889  3848  8
9712    3881  4890  4194  10
9713    3265  4998  4254  10
9714    3020  5120  4199  10
9715    4304  5018  4907  10
9716    5023  3285  4958  4
9717    4958  5349  5023  4
9718    3302  4893  4205  8
9719    2550  3996  4893  8
9720     228  5265   243  2
9721    1593  1898  5264  2
9722    5000  3480   914  7
9723    4214  5001  5002  7
9724    3338  4896  3273  8
9725    4206  4896  4347  8
9726    2452  4897  2633  10
9727    5157  4897  4226  10
9728    3504  4270  4898  10
9729    4270  5127  5223  10
9730    4899  4253  5227  13
9731    5227  4047  4899  13
9732    3913  4900  4255  8
9733    4878  4082  4900  8
9734    3542  3237  4921  10
9735    4902  5701  5451  10
9736    3249  5446  3969  10
9737    5451  4260  4901  10
9738    4903  4162  5003  10
9739    4903  5003  5004  10
9740     775  4847  4904  13
9741    5180  4847  4965  13
9742    4377  5303  5409  13
9743    5804  5386   714  13
9744    3842  5079  4298  4
9745    4303  5061  5064  9
9746    4304  4932  5018  10
9747    4164  4907  5008  10
9748    4877  4908  3968  8
9749    5009  3799  1810  8
9750    4909  5713  5011  8
9751    4318  3819  4909  8
9752    4843  4910  3859  7
9753     535   960  4910  7
9754    3781  3958  4911  8
9755    3569  4939  3958  8
9756    5027  4328   399  8
9757    5011  4912  3982  8
9758    4332  4115  5183  8
9759    4444  3822  5140  8
9760    5231  4414  4292  13
9761    5343  4416  4460  13
9762    3042  4324  4915  4
9763     252  5160  5289  4
9764    4348  4915  4916  4
9765    4324  5289  4915  4
9766    4917  4361  5013  7
9767     530  4361  4917  7
9768    4917  4918  4225  7
9769    5013  4919  4918  7
9770    4917  5013  4918  7
9771    4856  3457  4919  7
9772    5065  4906  5014  13
9773    4906  5191  5234  13
9774    5452  4374  4434  10
9775    5491  4921  5335  10
9776    3856  5111  5110  4
9777    4922  5111  5722  4
9778    4275  5298  3183  13
9779    5303  4266  3519  13
9780    3100  3091  5362  4
9781      80  4925  4088  4
9782    4379  4924  4925  4
9783    5522  5162  5361  4
9784    5186  5021  5516  4
9785    5523  5576  5448  4
9786    4385  4927    83  5
9787    5016   664  4927  5
9788    4341  3176  4931  10
9789    4434  5139  5336  10
9790    5017  4929  4418  10
9791    3817  3075  4929  10
9792    4259  5465  5468  4
9793    5465  5164  4203  4
9794    4931  5347  5229  10
9795    5666  5165  5229  10
9796    5184  4418  5232  10
9797    5156  3661  3557  10
9798     938  5035   386  13
9799    4289  4384  4933  5
9800    5221  5254  5134  4
9801    5055  4985  5080  13
9802    5246  4934  5134  4
9803    5166  4935  5255  4
9804    5525   583  4243  4
9805    3417  4402  5019  4
9806    4405  3917  5295  10
9807    5677  5295  5720  10
9808    5700  4351  4209  10
9809    5449  5663  4848  10
9810    4468  4939  4291  8
9811    4911  3958  4939  8
9812    3576  5020   942  8
9813    4553  4940  4112  8
9814    5248  5257  5230  4
9815    4941  4396  4469  4
9816    4469  5167  4941  4
9817    4469  4447  5167  4
9818    4115  4332  4943  8
9819    4556  4943  4332  8
9820    5516  5021  5572  4
9821    5218  5131  5514  4
9822    5308  4462  4552  8
9823    4606  4463  5308  8
9824    4607   687  4946  8
9825     687  3243  4946  8
9826    4640  5147  5474  10
9827     453  5500   839  8
9828    4757  4765  4780  13
9829    4692  4714  4736  13
9830    5171  4949  5168  13
9831    4715  4739  4948  13
9832    4808  5627  5022  10
9833    3959  5149  5088  9
9834    4705  4758  4739  13
9835    4786  5312  4697  13
9836    5012  4338  5744  13
9837    4783  4952  5249  10
9838    5170  4783  5249  10
9839    4781  4950  4749  10
9840    5690  5682  5688  10
9841    5682  5022  5627  10
9842       9  5150   540  2
9843    5388   540  5150  2
9844    4953     9  5173  3
9845    5337  5390  5513  4
9846    5097  4178   864  9
9847    5098  4957  5097  9
9848    3905  3904  4958  4
9849    5437  5349  5531  4
9850    4867  4959  3380  9
9851     857  4839  4959  9
9852    3429   787  5025  7
9853    4960  5046  5000  7
9854    3471    20  5026  5
9855     697  4842  4961  5
9856     697  4962  4842  5
9857    3589  3910  4962  5
9858    4844   699  4963  7
9859    5050  5067  4846  7
9860    4910  4964   535  7
9861    4843  4844  4964  7
9862    4218  5132  5219  13
9863    3892  4269  5005  13
9864    4967  5543  4848  8
9865    4103  4966  5028  8
9866    5458  1012  5028  8
9867    4970  5030  5664  8
9868    5037   905  4977  13
9869    5037  5059  4968  13
9870    4846   699  5562  8
9871    4969  4849  5076  13
9872    5030  1047  3561  8
9873    4967  5664  5030  8
9874    5269  4852   261  9
9875    4971  5269  4855  9
9876    4852  3607  4853  9
9877    3685  3435  5055  13
9878    5031  3608  3720  13
9879     813  5034  4854  9
9880    4933  4437  5071  5
9881     461  4857  4974  5
9882    5073  4975  5071  5
9883    5036  4976  3786  13
9884    4976  5036  5058  13
9885    5059  4977  4859  13
9886     905  5037  3614  13
9887    4529  5379  4506  13
9888     234  5102  5460  2
9889    4979  4978  5430  2
9890    5460  5102   729  2
9891    5270  5085  4980  9
9892    4980  5085  4869  9
9893    4855  3689   655  9
9894     392   647  4864  9
9895    5038  4982  3964  10
9896    5072  5060  5038  10
9897     262  4870  5198  9
9898    5086  4984  5083  9
9899    5083  4983  5086  9
9900    1009  5175  3959  9
9901    5079  5075  5470  4
9902     570   957  5040  13
9903    4986  4871  5041  9
9904    4854  3434  4986  9
9905    5042  4988  4000  8
9906     482  4987  5177  8
9907    5084  5063   392  8
9908    4881  5617  4990  4
9909    5657  4989  5617  4
9910    5179   253  5617  4
9911    4300  4990  4989  4
9912    4999  4126   376  4
9913    4999  4811  4991  4
9914    4140   648  4992  9
9915    4884  4992   648  9
9916    4884   263  4993  9
9917    5043  4993   263  9
9918    4546  4994  4031  10
9919    4519  4994  4542  10
9920    4995  5044  3562  9
9921     518   521  4995  9
9922    4996  4888  5044  9
9923    4886  4957  5098  9
9924    5045  4997  3498  8
9925    4190  4997  4337  8
9926    5004  4890  3881  10
9927    3240  4998  4038  10
9928    4811  4999  4892  4
9929    4126  4999  4991  4
9930     914  4960  5000  7
9931    5046  4960  4841  7
9932    3480  5000  5001  7
9933    5001  5000  5046  7
9934    4895   530  5002  7
9935    4353  5002   530  7
9936    5202  4162  4131  10
9937    5104  3349   287  10
9938    4306  4038  5004  10
9939    4998  5004  4038  10
9940    4904  5180  5005  13
9941    5482  5493  5119  13
9942    5006  4299  5074  4
9943    3824  5181    75  4
9944    4003  5078  5075  4
9945    5193  5699  5166  4
9946    5018  5008  4907  10
9947    5120  5226  5018  10
9948    4909  5338   398  8
9949    4315  5009  5338  8
9950    4911  4939  5010  8
9951    4939  4468  5010  8
9952    4909  5011  4318  8
9953    5011  4328  5027  8
9954    3292  5477  5744  13
9955    4460  5012  5477  13
9956    4361  3431  5013  7
9957    4856  5013  3431  7
9958    5524  5234  5427  13
9959    5066  5047  5133  13
9960    5015  3870  5299  13
9961    5302  4923  3641  13
9962    3776   664  5016  5
9963    4926  5016  4385  5
9964    5017  4418  5184  10
9965    2022  2075  5017  10
9966    5156  5018  4932  10
9967    4199  5120  4891  10
9968    3417  5019  4936  4
9969    5019  4402  4448  4
9970    4900  5020  4878  8
9971    3913  4940  5020  8
9972    5608  5724   240  3
9973      81  5021  5186  4
9974     262  5088  5149  9
9975    4781  5250  4950  10
9976    5531  3904  4349  4
9977    4892   375  5023  4
9978     518  5024  4839  9
9979    3562  3221  5024  9
9980     787  3479  5050  7
9981    4841  5025  4846  7
9982    5051    20  3463  5
9983    4961  5052   697  5
9984    5027  4912  5011  8
9985     399  4966  5027  8
9986     399  5457  5543  8
9987    1012  5458   741  8
9988    3613  4849  5029  13
9989    4849  4969  5029  13
9990    3561  4967  5030  8
9991    5664  4848  5053  8
9992    3720  4969  5031  13
9993    5076  5054  5560  13
9994    5069  5076  5560  13
9995    4973  4985  5032  13
9996     385  3687  5033  13
9997    5057  3687  3609  13
9998     656  5034   391  9
9999    4853  5034  4852  9
10000    5341  5391  4141  13
10001    5224  4975   460  4
10002     386  5035  5036  13
10003    5035  5058  5036  13
10004    5059  5037  4977  13
10005    4968  3614  5037  13
10006    4251  4822  5038  10
10007    5039  5060  5072  10
10008    4982  5060  4866  10
10009    5038  5060  4982  10
10010    5656  4849  5059  13
10011    5732   245  5730  3
10012    4871   646  5041  9
10013    5471   646   814  9
10014    5062   483   484  8
10015    5084  5237  5198  8
10016     263  5064  5061  9
10017    3857  3818  5043  9
10018    4995   695  5044  9
10019    5044   695  5098  9
10020    3498   436  5045  8
10021    3886  5045   436  8
10022    4841  4895  5046  7
10023    5046  4895  5002  7
10024     765  4833  4920  13
10025    5066  5133  5014  13
10026    5176  5048  5177  8
10027    5752  5260  5173  3
10028    5437  5421  5422  4
10029    5422  4892  5349  4
10030    3479  4963  5050  7
10031    5050  4963  5067  7
10032    3463   918  5068  5
10033    4845  5026  5051  5
10034    5026  4845  5052  5
10035    5390  5337  5052  4
10036    5494  5679  5053  10
10037    5664  4851  4970  8
10038    5764  5076  5656  13
10039    5055  5080  5070  13
10040    5031  5069  4973  13
10041    5057  5033  3687  13
10042    5195  5056  5033  13
10043    5807  5707   887  13
10044    3685  5070  3609  13
10045    4973  5069  4985  13
10046    3960  4882  5035  13
10047    5392  5614  5058  13
10048    5614  4859  5058  13
10049    5482  5709  5297  13
10050    5072  5038  4822  10
10051    4866  5060  5039  10
10052    5487   854  5095  13
10053    5075  3842  4003  4
10054    5318   484  3826  8
10055     647  5063  4870  9
10056    4988  5084  4880  8
10057    4988  5042  5084  8
10058    5061  4303  4015  9
10059     263   657  5064  9
10060    5191  5220  5244  13
10061    5220  4833   570  13
10062    5427  5643  5672  13
10063    5797  2759  2731  4
10064    4963   699  5067  7
10065     699  4846  5067  7
10066     918  4383  5068  5
10067    5068  4383   527  5
10068    5656  5059  5614  13
10069    5070  5080  5057  13
10070    4985  5055  5032  13
10071    5057  3609  5070  13
10072     680  3771  5073  5
10073    4289  5071  4975  5
10074    5022  4822  4819  10
10075    5170  5627  4799  10
10076    5073  4858   460  5
10077    3771  4858  5073  5
10078    5079  3842  5075  4
10079    5468  5181  5006  4
10080    5078  4003    77  4
10081    5470  5074  5079  4
10082    5076  5069  4969  13
10083    5033  5080  5195  13
10084    5077  5074  5470  4
10085     244  5468  5077  4
10086    3181  5192    77  4
10087      77  5192  5078  4
10088    5194  5470  5007  4
10089    5074  4298  5079  4
10090    5560  5080  4985  13
10091    5033  5057  5080  13
10092    5081   645  5276  4
10093    5235   586  5196  3
10094     587   509  5082  2
10095    5197  5566  5082  3
10096    4984  3961  5083  9
10097    4983  5085  5086  9
10098    5042  5062  5084  8
10099    5198  5237   393  8
10100     647  4870  5085  9
10101    5085  4870  5086  9
10102    4870   262  5086  9
10103    5086   262  5149  9
10104     262   393  5087  9
10105    5413   393  5237  8
10106    4140  5088   648  9
10107     816  5088  5087  9
10108    5091  3759   395  8
10109     488  5385   487  8
10110    3759  5091  5089  8
10111    5090  5384  5324  8
10112     395  5190  5406  8
10113    5385  5324  5414  8
10114     520  5090  5324  8
10115    5092   520  5324  8
10116    5382  5093  5319  9
10117    1019  5509   693  9
10118    5200  5342  5393  8
10119    5200   517   522  9
10120    5595  1020  5101  13
10121     958  1020  5095  10
10122     856  4886   695  9
10123    5561  5340  5096  8
10124    5098  5097  4996  9
10125    4957  4178  5097  9
10126    5044  5098  4996  9
10127    4886  5098   695  9
10128     784  4979  5099  2
10129     607   784  5099  1
10130     958  5459  5100  9
10131    1020   958  5100  10
10132    5596  5487  5607  13
10133     515  5101  5100  10
10134     878   729  5102  1
10135    5460   729  4979  2
10136    2759  5103  2985  5
10137    2881  2879  5103  5
10138    4037  5003  5104  10
10139    5104  5003  5202  10
10140    5082  5566  5599  3
10141    5566  5197  5498  3
10142    5322   481  3311  8
10143     813  5471   391  9
10144    3601  5107  3856  5
10145    3432  5107   471  5
10146     462  3856  5108  4
10147    4265  5110  4922  4
10148    5323  3754  3431  8
10149    5323  5461  5109  8
10150    5108  3856  5110  4
10151    5111  3856  3432  4
10152     461  4290  5539  4
10153    5546  5722  5111  4
10154    3758   520  5112  9
10155     696  5112  5489  8
10156    3229  3227  2813  13
10157    5817   714  5386  13
10158    4227  3627  5123  13
10159    4862  4377  4271  13
10160    4217  5206  3922  8
10161     454  5240  4217  8
10162    4380  3874  3900  13
10163    5378  5300  5305  13
10164    2982  2865  4923  13
10165    5282   490  5183  9
10166    5056  5464  3976  13
10167    5464  5807  5241  13
10168    5493  5180  5345  13
10169    5297  4883  4017  13
10170    3518  5157  5120  10
10171    4891  5120  5018  10
10172    4261  1593  5121  3
10173    1593    13  5698  3
10174    5761  4679  5623  10
10175     839  5242  4238  8
10176    3538  3866  2516  13
10177    5114  5205  5239  13
10178    4414  5231  4195  13
10179    5210  4826  4248  13
10180     718  5211  3702  13
10181    5207   718  3760  13
10182    5623  4679  5624  10
10183    5622  4669  4810  10
10184    3637  5153  5127  10
10185    5326  4270  3898  10
10186    4273  3901  5128  5
10187    3901  4046  5225  4
10188    5128  5129  4273  5
10189    4858   468  5129  5
10190    3553  3501  5238  8
10191    4323  5130  5215  8
10192    5353  5217   620  4
10193    5217  5397  5131  4
10194    5047  4257  2948  13
10195    5493  5482  5005  13
10196     710  5133  3513  13
10197    5040  5220   570  13
10198    5221  5134  3737  4
10199    4389  5246  5254  4
10200    3245  4231  5135  13
10201    5222  5136  4406  13
10202    5222  4406  5135  13
10203    3280  4860  2388  13
10204    5156  5137  3661  10
10205    5232  4932  4360  10
10206     414   822  5138  5
10207     822   940  5138  5
10208    4340  4417  5139  10
10209    4417  5163  5336  10
10210    5140  5159  5228  8
10211    5141  5140   490  8
10212     491  5141   490  8
10213    4388  4444  5141  8
10214    4343   584  5142  5
10215    5736  4104  5703  3
10216    5145  5144  5146  4
10217    4454  5143  4213  4
10218    5145  5142   584  4
10219    5736   588  5710  3
10220    5328  5146  5415  4
10221     584  5144  5145  4
10222    5416  5328  4104  4
10223    5144  3875  5415  4
10224    4031  5288  4546  10
10225    4030  4305  3872  10
10226    5287  5474  5147  10
10227    5252  5474  5372  10
10228    5249  4950  5653  10
10229    5329  5261  5327  3
10230    5330  4955  4831  2
10231    5648  5331  5571  2
10232     517  5199  5151  9
10233    5152   749   886  9
10234    5199  5152  5151  9
10235    5152  5199  5332  9
10236    3637  4850  5153  10
10237    5333  4850  3992  10
10238      14   644  5811  2
10239    4046   459  5154  4
10240    5286  5115  2285  8
10241    3924  5286  4874  8
10242    5018  5156  4891  10
10243    5137  5156  4932  10
10244    4226  4229  5333  10
10245    4331  5008  5226  10
10246    5813  5772  5809  13
10247    5725  2307  4310  13
10248    5228  5159  4913  8
10249    5140  4023  5159  8
10250    5421   253  5179  4
10251    5769  5831    13  3
10252    5452  4921  4374  10
10253    4901  3293  5161  10
10254     246  5245  5233  4
10255    4088  5274  3091  4
10256    5165  4928  4341  10
10257    5666  5665  5632  10
10258      74  4203  5164  4
10259    5465  4203    75  4
10260    5229  5165  4931  10
10261    5163  4928  5165  10
10262    5255  4445  5246  4
10263    5470  5699  5007  4
10264    4942  5167   258  4
10265    4447  4376  5453  4
10266    4780  5168  4949  13
10267    5748  4713  5723  13
10268    4948  4739  4758  13
10269    5589  5549  5466  13
10270    4717  5626  4729  10
10271    4991  4811  5179  4
10272    5547  5428  5408  13
10273    4809  4806  5168  13
10274    5586  5466  5548  13
10275    5172  4954  4736  13
10276      10     9  4953  3
10277    5261  5329  5251  3
10278    3432   471  5174  5
10279     471   681  5174  5
10280     389  4984  5175  9
10281    5086  5149  4984  9
10282     392   656  5176  8
10283     686  3823  5048  8
10284    4987  5176  5177  8
10285     656  5396  5176  8
10286    5617   253  5178  4
10287    5657   254  5480  4
10288    4892  5023  5349  4
10289    5617  4989  4990  4
10290    3300  5219  4965  13
10291    5219  5132  5345  13
10292    5074  5077  5006  4
10293    3830  5263  2808  4
10294    5009  1810  5182  8
10295    5469  1810  3801  10
10296    3292  5717  5477  13
10297    5210  3966  5285  13
10298    5232  4418  5137  10
10299    4360  3402  5184  10
10300    5344  4944  4233  4
10301    3328  4355  5339  4
10302    4944  5021  4551  4
10303    5339  5186  5516  4
10304    3197  4414  3556  13
10305    3904  5349  4958  4
10306    5560  4293  5195  13
10307    5561  5096   856  8
10308    5189  5435  5530  13
10309    5419  4882  5391  13
10310    5064   657  5190  9
10311    5190   657  5365  8
10312    5486  4838   854  13
10313    5244  5243  5234  13
10314    3181  5166  5192  4
10315    5075  5078  5699  4
10316    5730  5354  5659  3
10317    5166   245  5193  4
10318    5468  5006  5077  4
10319     244  5077  5194  4
10320    5080  5560  5195  13
10321    5195  4293  5737  13
10322     586  5235  5081  3
10323    5473   586  5236  2
10324    4829  5591   509  2
10325    5567  5499    85  3
10326    4870  5063  5198  9
10327    5063  5084  5198  8
10328    5094  5093  5199  9
10329    5199  5093  5332  9
10330     522  5342  5200  8
10331     517  5200  5199  9
10332     729  5201  5099  1
10333    4162  5202  5003  10
10334    2022  5202  4131  10
10335    4408  5215  4452  8
10336    5471  5203  5590  8
10337    5106  5203  5204  8
10338    5215  5203  4452  8
10339    5239  4227  5123  13
10340    3575  5205  5114  13
10341    4211  5208   454  8
10342     402  5372  5148  8
10343    5207  5118  5241  13
10344    3702  5211  5125  13
10345    4947  4635  5252  10
10346    4217  5240  5206  8
10347    3650  5187  4914  13
10348    4195  3556  4414  13
10349    3735  5285  3966  13
10350    4951  5172  4736  13
10351     718  5207  5211  13
10352    5207  5241  5253  13
10353    5208  5618  5621  8
10354    5212  5242  5619  8
10355    5252  4635  4640  10
10356    5122  5761  5760  10
10357    5760  4687  5213  10
10358    5623  5126  5622  10
10359    5130  3553  5238  8
10360    5203  5215  5204  8
10361     835  5217  4334  5
10362    5218    82  4180  5
10363     835   620  5217  5
10364    5216  5217  5131  5
10365    5216  5131  5218  5
10366    5217  5353  5397  4
10367    5705  5423  5398  13
10368    5180  4965  5219  13
10369    5191  4920  5220  13
10370    5066  5398  5047  13
10371    5245  3568    79  4
10372    5134  5254  5246  4
10373    4231  5125  5253  13
10374     770  3866   545  13
10375    4270  5223  4898  10
10376    5127  5153  5223  10
10377    5247  5256  5224  4
10378    5450  4289  5538  4
10379    5256  5225  5154  4
10380    3901  5247  5128  4
10381    5018  5226  5008  10
10382    5120  5157  5226  10
10383    5222  5346  5136  13
10384    5227  5136  5346  13
10385    4332  5228  4913  8
10386    5183  5228  4332  8
10387    4931  4424  5347  10
10388    5663  5449  5229  10
10389    5230  5257  4395  4
10390    4395  4941  5230  4
10391    3650  4195  5187  13
10392    5285  4914  5187  13
10393    4932  5232  5137  10
10394    4360  5184  5232  10
10395    4356  4257  5423  13
10396    5345  5132  5739  13
10397    5486  5554  4838  13
10398    5233  5797  5798  4
10399    5495  5497  5196  3
10400     645  5081  5235  3
10401    5236  5551  5473  2
10402    5498   251  5351  3
10403    5084  5062  5237  8
10404     484  5318  5062  8
10405    5204  5215  5238  8
10406    5130  5238  5215  8
10407    3663  5123  4001  13
10408    5114  5239  5386  13
10409     454  5208  5240  8
10410    5208  5621  5148  8
10411    3976  5464  5118  13
10412    5399  5357  5259  13
10413    5500  4679  5242  8
10414    5620  5618   884  8
10415    5486  5672  5643  13
10416    5398  5423  4257  13
10417    5739  5740  5424  13
10418    5398  4257  5047  13
10419    5233    79  2759  4
10420    5254   246  4389  4
10421    4445  4934  5246  4
10422    5255  5354   245  4
10423    5256  5247  5225  4
10424    5224  5128  5247  4
10425    5230  4942  5248  4
10426    5603  5580  4942  3
10427    4952  4950  5249  10
10428    5735  5694  5653  10
10429    4729  5250  4781  10
10430    5696  4782  5688  10
10431    5251  5652  5261  3
10432    5752  5173  4832  3
10433    2285  5115  5372  8
10434    5206  5240  5148  8
10435    5207  5253  5211  13
10436    5253  5241  5259  13
10437    5221  5245  5254  4
10438     246  5254  5245  4
10439    5354  5255  5246  4
10440    5166  5255   245  4
10441    5529  5434  5389  4
10442    5538  5639  5450  4
10443    5248   259  5257  4
10444    5257  5552  5475  4
10445     401   676  5694  8
10446    5170  5258  5696  10
10447    5259  5356  5399  13
10448    5118  5464  5241  13
10449    5251  5260  4956  3
10450    4953  5173  5260  3
10451    5329  5260  5251  3
10452    5387  4955  5327  3
10453    5358  4259  5262  4
10454    5262   243  5358  4
10455     243  4930  5358  4
10456    4930  2808  5263  4
10457    5264   229  1593  2
10458    4894   229  5264  2
10459    5264  5265  4894  2
10460    3391  4930  5265  2
10461    3454  4981  5268  9
10462     538  5359  5704  4
10463    5267  5360  5401  3
10464    5269  5270  4981  9
10465     261  4864  5269  9
10466    5269  4864  5270  9
10467    4864   647  5270  9
10468    5270   647  5085  9
10469    5278  5271   816  8
10470     648   816  5271  9
10471    5605  5488  5585  8
10472    4995  5272   695  9
10473     693  5476  5273  9
10474     854   693  5273  10
10475    5404  5522  5361  4
10476    5426   247  5403  4
10477     676   401  5275  8
10478     431  5275  3775  7
10479    4011  5279  5367  4
10480    5565  5363  5276  4
10481     847  4058  5277  8
10482     486  5364  4058  8
10483     841  4062  5278  8
10484    4062   485  5366  8
10485     737  4040  5499  4
10486    5081  5279   251  4
10487    3745  5369  4235  13
10488    5369  3745  5407  13
10489    5183  4115  5719  9
10490    4236   606  5281  9
10491    3746  4236  5282  9
10492    5370  4243  4213  4
10493    4104  5283  5432  4
10494    5592  5652  5507  4
10495    3598  5371   527  4
10496    5477  5231  5343  13
10497    5281   491  5478  9
10498    5115  5286  3924  8
10499    2285  5155  5286  8
10500    5148  5115  5206  8
10501    5288  5287  5147  10
10502    5288  4305  5287  10
10503    4608  4546  5288  10
10504    3888   252  5289  4
10505    5437  5531  5049  4
10506     485  4313  5290  8
10507    4313   847  5373  8
10508    5612  5711   255  4
10509    5529  5389  5374  4
10510    5375  4616  4633  13
10511    5428  5685  5292  13
10512     451  4462  5293  8
10513     429  5293  4837  7
10514     697  5294  3589  4
10515    5704  5400   538  4
10516    5720  4866  5039  10
10517    5658  5629  4430  10
10518    4154  4883  5296  13
10519    4883  5297  5709  13
10520    5530  4883  5709  13
10521    5482  5297  4150  13
10522    4905  5301  5304  13
10523    4905  5304  5299  13
10524    5299  5304  5306  13
10525    5305  5300  5302  13
10526    3970  5300  5378  13
10527    3183  5298  5301  13
10528    5304  5301  5298  13
10529    5305  5302  4861  13
10530    5300  4923  5302  13
10531    5429  3519  5306  13
10532    5377  4861  5409  13
10533    5804   714  5483  13
10534    5784  5454  5445  3
10535    4377  5409  4861  13
10536    3970  5378  5117  13
10537    4861  5377  5305  13
10538    3519  5015  5306  13
10539    5677  5676  4937  10
10540    5631  5679  5680  10
10541    5631  5309   658  10
10542    5308  4430  4945  8
10543    5309  5310  5311  8
10544    5311  5310  4463  8
10545    5309  5311   658  8
10546    5311  4851   658  8
10547     675  5311  4463  8
10548    5311  4216  4851  8
10549    4954  4698  4678  13
10550    5428  5375  5408  13
10551     541  5430   542  2
10552    5430  4978  5410  2
10553    4603  5669  4601  13
10554    5431  4876  5379  13
10555    4876  5316  3940  13
10556    5643  5243  5554  13
10557    5505  5504  5280  13
10558    5315  3940  5316  13
10559    4385  5412  5380  4
10560    5788   241  5771  3
10561    5381  3826   841  8
10562     393  5413  5087  8
10563    5093  5094  5319  9
10564    5200  5393  5094  8
10565    5246  4389  5354  4
10566    5040   957  5554  13
10567    5402  2976  5361  4
10568    5233  5798   246  4
10569     686  5348  3311  8
10570    5396  5590  5348  8
10571    3431  4361  5488  8
10572    5489  5556   696  8
10573    5090  5091  5384  8
10574    5385  4239   487  8
10575    5325  3229  2813  13
10576    5123  5386  5239  13
10577    5701  3571  4260  10
10578    5446  4902  3969  10
10579      10  5329  5327  3
10580    5328  5416  5146  4
10581    5143  5416  5432  4
10582    5703   589   588  3
10583    5260  5329  4953  3
10584      10  4953  5329  3
10585    5528  4831  5433  2
10586    5388  5331   540  2
10587    5330  5511  5150  2
10588    5460  5331   234  2
10589    5382  5332  5093  9
10590    1019   749  5332  9
10591    5157  5333  4145  10
10592    4229  5153  5333  10
10593    3979  5374  3815  4
10594    5434  5334  5389  4
10595     398  5182  5490  10
10596    5469  5182  1810  10
10597    5163  5632  5336  10
10598    5584  4328  5649  10
10599    5390  5052  4845  4
10600    5337  4956  5400  4
10601    5338  3803  4315  8
10602    5338  5182   398  8
10603    5021  4944  5572  4
10604    5644  5445  5535  4
10605    5342  5340  5563  8
10606    5340  5455  5563  8
10607    5341  5530  5435  13
10608    3960  5391  4882  13
10609    5717  5285  5187  13
10610    5562  5188  4846  8
10611    4339  3556  4195  13
10612    5647  5572  5344  4
10613    5647  5185  5394  4
10614    5738  5119  5493  13
10615    5180  5219  5345  13
10616    5346  5222  5425  13
10617    5425  3840  5346  13
10618    4424  4938  5347  10
10619    5494  5347  4938  10
10620    5176  5396  5048  8
10621    5322  3311  5348  8
10622    4916  5160  4349  4
10623    5179  4811  5422  4
10624    5613   508   242  3
10625    5497  5613  5350  3
10626    5236  5498  5197  3
10627    5279  5351   251  4
10628    5625  5126  5624  10
10629    5500  5242   839  8
10630    5380   620  4926  4
10631    5317   249  5353  4
10632    5355  5612  5602  4
10633     245  5354  5730  3
10634    5224  5256  5355  4
10635    3751  4047  3490  13
10636    5259  5241  5356  13
10637    5135  5357  5222  13
10638    4231  5259  5357  13
10639    5358  5164  5465  4
10640    4421  5164  5358  4
10641    5404  3100  5362  4
10642     538   539  5359  4
10643    5401  5360   538  3
10644    5402  5799  5798  4
10645    5362  5274  5426  4
10646    3100  5404  2475  4
10647    5565   645  5350  4
10648     250  5448  5598  4
10649    4239  5414   486  8
10650    5091   395  5406  8
10651    5405  5365   657  8
10652    5365  5277  5406  8
10653     485  5290  5366  8
10654    5479  5366  5290  8
10655    5081  5367  5279  4
10656    5276  3854  5367  4
10657    5740  5427  4372  13
10658    4237  5503  5505  13
10659    5407  3745  3939  13
10660    5316  4533  5506  13
10661    5143  5370  4213  4
10662    5416  4104  5432  4
10663    5284  5592  5507  4
10664    5337  5513  4956  4
10665    5208  4211  5618  8
10666    5240  5208  5148  8
10667     847  5277  5373  8
10668    5405  5277  5365  8
10669    5434  5154  5334  4
10670    3981  5389  5334  4
10671    4698  5408  4648  13
10672    4633  5408  5375  13
10673    4956  5260  5752  3
10674     526  5508   525  4
10675    5377  5409  5438  13
10676    5706  5532  5438  13
10677    5532  5377  5438  13
10678    5117  5378  5792  13
10679    5314  5411  5431  13
10680    5412  4385    83  4
10681    5353  5380  5317  4
10682     841  5278  5381  8
10683    5278   816  5413  8
10684     694  5476  5509  9
10685     855  5382  5319  9
10686    3859  5510  4843  8
10687     855  5319  5383  8
10688    5406  5384  5091  8
10689    5364   486  5414  8
10690    5092  5324  5385  8
10691    5324  5384  5414  8
10692    2834  3567  2388  13
10693    5804  5114  5386  13
10694      11  5417  5261  3
10695    5387  5261  5417  3
10696    5388  5511  5571  2
10697    5150  5511  5388  2
10698    3815  5374  5389  4
10699    5374  5291  5529  4
10700    5512  4845   527  4
10701    5507  5371  5284  4
10702    5419  5435  5392  13
10703    5419  5391  5435  13
10704    5189   773  5392  13
10705    5614  5059  4859  13
10706    5562  5342  5188  8
10707    5094  5420  5319  8
10708    5572  5394  5573  4
10709    5394  5572  5647  4
10710    5222  5399  5425  13
10711    5715   772  5635  13
10712     656   391  5396  8
10713    5590  5203  5106  8
10714    5518  5397  5353  4
10715    5514  5521  5517  4
10716    5066  4906  5524  13
10717    5132  4356  5423  13
10718    5399  5356  5425  13
10719    5222  5357  5399  13
10720    5704  5376  5294  4
10721    5337  5400  5294  4
10722    5400  5401   538  3
10723     542  5401   541  3
10724    5798  5799  5321  4
10725    5162  5785  5321  3
10726    5426  4924   247  4
10727    5786   247  5775  3
10728    5426  5522  5362  4
10729    5361  2475  5404  4
10730     394  5405   657  8
10731    5373  5405  5290  8
10732    5277  5364  5406  8
10733    5384  5406  5364  8
10734    3939  5315  5407  13
10735    5316  5502  5315  13
10736    4954  4678  4736  13
10737    5674  5685  5428  13
10738    5303  5429  5409  13
10739    5409  5429  5438  13
10740    2562  5313  5410  2
10741    5430  5410  5313  2
10742    5636  4555  4601  13
10743    4533  5316  5411  13
10744      83  4285  5412  4
10745    5448  4285  3950  4
10746    5318  5381  5413  8
10747    5278  5413  5381  8
10748    5414  5384  5364  8
10749    4239  5385  5414  8
10750    3875   507  5415  4
10751    5328  5415   507  4
10752    5526  5432  5283  4
10753    5143  5146  5416  4
10754     259  5533    11  3
10755    5387  5440  4831  3
10756     254  5811  5418  3
10757    5741  5480   254  4
10758    5435  5391  5341  13
10759    5058  5419  5392  13
10760    5436  5420  5393  8
10761    5383  5319  5420  8
10762    5422  4811  4892  4
10763     253  5421  5049  4
10764    5437  5422  5349  4
10765    5179  5422  5421  4
10766    5705  5398  5066  13
10767    5132  5423  5739  13
10768     885  5345  5739  13
10769    5524  5705  5066  13
10770    5356  5755  5425  13
10771     702  5395  2516  13
10772    4924  5426  5274  4
10773    5403  5162  5522  4
10774    5767  5671  5779  2
10775     590  5280  5801  13
10776    5547  5408  4698  13
10777    4736  4714  4951  13
10778    3519  5429  5303  13
10779    5429  5306  5438  13
10780     542  5430  5313  2
10781    5430   541  5460  2
10782    5411  5316  5431  13
10783    5316  4876  5431  13
10784     506  5527  5526  4
10785    5432  5370  5143  4
10786    5440  5441  5433  3
10787    5671  5433    17  2
10788    5291  5741  5529  4
10789    5579  5154  5434  4
10790    5341  5296  5530  13
10791    5392  5435  5189  13
10792    5342  5436  5393  8
10793    4843  5436   699  8
10794    5349  3904  5531  4
10795    5049  5421  5437  4
10796    5706  5438  5306  13
10797    2606  5532  5706  13
10798    5533  5441  5417  3
10799    5533  5248  5580  3
10800    5441  5440  5417  3
10801    5433  4831  5440  3
10802    5533  5417    11  3
10803    5433  5441  5439  3
10804    5742  5443  5714  1
10805    5648  5571  5442  2
10806     543  5582  5581  1
10807    5383  5601   855  8
10808    5553  5444   750  9
10809    3375  5492  5559  4
10810    5784  5751  5775  3
10811    3899  5326  5446  10
10812    5446  5326  5701  10
10813    5447  4284  4281  8
10814    5570  5536  5601  8
10815    5317  5380  5576  4
10816    5412  4285  5448  4
10817    4848  5457  5449  10
10818    5817  5386  3663  13
10819      15   231  5759  2
10820    5462  5539  5641  4
10821    5161  5491  4901  10
10822    5335  5490  5469  10
10823    4434  5336  5540  10
10824    4921  5452  5712  10
10825    5782   257  5721  3
10826     258  5167  5453  4
10827    3373  3846  5583  4
10828    5784  5775  5454  3
10829     530  4895  5455  8
10830    5188  5563  4841  8
10831    5527  5577  5456  4
10832    4043   583  5527  4
10833    5543  4966   399  8
10834    5665   399  5632  10
10835    5543  5458  5028  8
10836    4967   741  5458  8
10837    5593  5476  5553  9
10838     515  5100  5640  9
10839    5430  5460  4979  2
10840    4832  5460   541  2
10841     521  5605  5585  8
10842    4840   696  5556  8
10843    5539  4857   461  4
10844    5641  5539  5450  4
10845    3567  3564  5113  13
10846    5662  3878  3229  13
10847    5807  5737  5707  13
10848     887  5755  5807  13
10849    5465  5181  5468  4
10850    5358  5465  4259  4
10851    5549  5467  5169  13
10852    5467  5172  4951  13
10853    5547  5587  5674  13
10854    5007  5733  5818  3
10855    5468   244  4259  4
10856    4902  5469  3801  10
10857    5469  5451  5491  10
10858    5194  5077  5470  4
10859    5470  5075  5699  4
10860    5471  5590   391  8
10861     814  5203  5471  8
10862    5496  5670   242  1
10863    5496  5472  5789  1
10864    5551  5236  5197  2
10865    5495  5564   508  2
10866    5372  5474  2285  10
10867    4640  5474  5252  10
10868    5552  5257   259  4
10869    3600  5475  5284  4
10870    5476   693  5509  9
10871     750  5459  5593  9
10872    3540  4338  5209  13
10873     490  5228  5183  8
10874    3746  5282  5628  9
10875    5282  5478   490  9
10876    5271  5278  5479  8
10877    5366  5479  5278  8
10878    4989  5480   457  4
10879    5741   254  5418  4
10880    5692  5668  5690  8
10881    4462  5481  5293  8
10882    5119  5770  5482  13
10883    5738  5345   885  13
10884    5706  5812  2606  13
10885    5706  5306  5812  13
10886    5773  5685   904  13
10887    5727  4533  5411  13
10888    5487  5596  5486  13
10889    5595  5607  5485  13
10890    5485  5607  5487  13
10891    4838  5554   957  13
10892    5487  5095  5485  13
10893    5486   854  5487  13
10894    5555  4361   530  8
10895    5340  5561  5455  8
10896    5092   488  5489  8
10897    5461  5489   488  8
10898    5469  5490  5182  10
10899    5557  5490  5335  10
10900    5469  5491  5335  10
10901    5451  4901  5491  10
10902    5597   248  5558  4
10903    5492  5644  5559  4
10904    5680  4938  5307  10
10905    5709  3858  5530  13
10906    5663  5053  4848  10
10907    5613  5497  5495  3
10908    5473  5472  5196  2
10909    5683  5670  5496  1
10910    5840  5858  5861  1
10911    5495   508  5613  3
10912    5350   645  5497  3
10913     251  5498  5236  3
10914    5499  5567  5600  3
10915    5567    85  5105  3
10916    4040    85  5499  4
10917    5616  5275   401  8
10918    5500  5616  5352  8
10919    4259   244  5568  3
10920    5569   228  5501  3
10921    5368  5369  5504  13
10922    5368  5504  5503  13
10923    4237  5505     4  13
10924    5369  5407  5502  13
10925    5504  5369  5502  13
10926    5502  5506  5801  13
10927    5504  5505  5503  13
10928    5504  5801  5280  13
10929    5513  5251  4956  4
10930    5507  5513  5512  4
10931    5332  5509  1019  9
10932    5376  5266  5508  4
10933    5509  5382   694  9
10934    5570  3859  3860  8
10935    5436  5510  5383  8
10936    5330  5528  5578  2
10937    5578  5511  5330  2
10938     527  5371  5512  4
10939    5507  5512  5371  4
10940    5512  5513  5390  4
10941    5251  5513  5507  4
10942     822  5519   940  5
10943     249  5518  5353  4
10944    5575    82  5517  4
10945    5517    82  5218  4
10946    5724  5608  5654  3
10947    5516   248  5597  4
10948    5521  5514  5518  4
10949    5518  5514  5397  4
10950    5574  5185  5515  4
10951    5517  5521  5574  4
10952    5515   940  5519  4
10953    5575  5517  5574  4
10954     249  5520  5518  4
10955    5836     3  5815  2
10956    5575  5515  5519  4
10957    5518  5520  5521  4
10958    5362  5522  5404  4
10959    5403  5522  5426  4
10960    5448   250  5523  4
10961     242  5637  4830  2
10962    5427  5234  5243  13
10963    5740  5705  5524  13
10964    5526  5525  5370  4
10965    5527  5456  4043  4
10966    5432  5526  5370  4
10967     506  5526  5283  4
10968    5526  5527  5525  4
10969    5577  4936  5019  4
10970    5779  5716  5638  2
10971    5571  5578  5442  2
10972    5529  5741  5711  4
10973    5579  5711  5612  4
10974    5530  5296  4883  13
10975    5189  5530  3858  13
10976    4349  5160  5531  4
10977    5049  5531  5160  4
10978    5792   903  5117  13
10979    5305  5377  5783  13
10980    5580  5248  4942  3
10981    5533  5439  5441  3
10982    5559   619  3375  4
10983    5534  5714  5443  1
10984    5604  5445  5454  4
10985    5447  5444  5601  8
10986    3859  5570  5510  8
10987    4117  5363  5537  4
10988    5363  5565  5598  4
10989    4975  5224  5538  4
10990    5579  5612  5256  4
10991    5641  5546  5462  4
10992    4857  5539  5462  4
10993    5584  5540  5336  10
10994    5713   398  5557  10
10995    4274  3373  5583  4
10996     247  5541  5454  4
10997    5585  5272   521  8
10998    5555  5542  5488  8
10999    4966  5543  5028  8
11000    5543  5457  4848  8
11001     750  5544  5640  9
11002     750   523  5544  9
11003     258  5453  5642  4
11004     516  5545  5640  9
11005    5111  5462  5546  4
11006    5550  5549  5589  13
11007    5467  5549  5550  13
11008    4748  4716  5548  13
11009    4716  5312  5586  13
11010    5723  5589  5466  13
11011    5650  5467  5550  13
11012    4713  5588  5589  13
11013    5587  5651  5674  13
11014    5591  5197  5082  2
11015    4829  5473  5551  2
11016    5592   259    11  4
11017    5284  5475  5552  4
11018    5476   694  5553  9
11019     694  5444  5553  9
11020     530  5455  5555  8
11021    5040  5554  5243  13
11022    5542  5555  5455  8
11023    5489  5461  5556  8
11024    5323  5556  5461  8
11025    5712  5557  5335  10
11026    5540  5584  5649  10
11027    5339  5597  5492  4
11028    5609  5558   248  3
11029    5492  5597  5644  4
11030    5535   619  5559  4
11031    5560  4985  5069  13
11032    4293  5560  5054  13
11033     856  5542  5561  8
11034    5455  5561  5542  8
11035     699  5436  5562  8
11036    5342  5562  5436  8
11037    5563  5188  5342  8
11038    5455  4895  5563  8
11039    5472  5496  5564  1
11040    5495  5472  5564  2
11041     645  5565  5276  4
11042    5598  5565  5350  4
11043    5351  5499  5600  3
11044    5566  5567  5599  3
11045    5599  5567  5105  3
11046    5600  5566  5498  3
11047     244  5194  5734  3
11048    5673   235  5569  3
11049    5501  5568  5684  3
11050    5646  5569   235  1
11051    3860  5536  5570  8
11052    5447  5601  5536  8
11053    5331  5648   234  2
11054    5578  5571  5511  2
11055    5572  5573  5516  4
11056    5344  5572  4944  4
11057    5573   248  5516  4
11058    5573  5611  5609  3
11059    5521  5520  5574  4
11060    5185  5574  5520  4
11061    5515  5575  5574  4
11062    5519    82  5575  4
11063    5448  5576  5412  4
11064    5317  5576  5523  4
11065    5527   506  5577  4
11066     506  4936  5577  4
11067    5528  5433  5671  2
11068    5442  5578   233  2
11069    5434  5711  5579  4
11070    5256  5154  5579  4
11071    5603  4942   258  3
11072    5439  5533  5580  3
11073    5534  5581  5582  1
11074     234  5582   543  1
11075    5442  5742  5714  1
11076    5604  5583  5535  4
11077    4274  5583  5541  4
11078    5632  5584  5336  10
11079     399  4328  5584  10
11080     521  4840  5605  8
11081    5488  5542  5585  8
11082    5745  5723  5586  13
11083    5651  5589  5588  13
11084    5550  5589  5651  13
11085    5547  5674  5428  13
11086    5650  5550  5651  13
11087    5172  5587  4954  13
11088    5586  5723  5466  13
11089    5467  5650  5172  13
11090    5106  5322  5590  8
11091    5590  5322  5348  8
11092     509  5591  5082  2
11093    4829  5551  5591  2
11094    5652  5251  5507  4
11095    5284  5552  5592  4
11096    5476  5593  5273  9
11097    5593  5553   750  9
11098    5606  5101   571  13
11099    5606  5594  5595  13
11100    5594  5610  5607  13
11101     591  5675  5320  13
11102    5596  5610  5675  13
11103    5597  5339  5516  4
11104    5597  5558  5644  4
11105     250  5598  5350  4
11106    5363  5598  5537  4
11107    5105  3417  5599  3
11108    4936  5599  3417  3
11109    5566  5600  5567  3
11110    5498  5351  5600  3
11111     855  5601  5444  8
11112    5383  5570  5601  8
11113    5639  5721  5450  4
11114    5602   256  5355  4
11115    5743  5716  5603  3
11116    5439  5603    17  3
11117    5445  5604  5535  4
11118    5541  5604  5454  4
11119    5556  5323  5605  8
11120    5488  5605  5323  8
11121    5595  5594  5607  13
11122    5101  5606  5595  13
11123    5610  5594  5320  13
11124    5611  5394  5654  3
11125    5849  5806   226  2
11126    5611  5573  5394  3
11127    5608  5728  5655  2
11128    5596  5607  5610  13
11129    5626  5735  5250  10
11130    5654  5394  5185  3
11131     239  5609  5655  3
11132    5602  5612   255  4
11133    5256  5612  5355  4
11134    4830  5613   242  3
11135     250  5350  5613  3
11136    5392   773  5614  13
11137    5656  5614   773  13
11138    5682  5667  5726  10
11139    5681   400  5630  10
11140     401  5352  5616  8
11141    5275  5616   453  8
11142    5657  5617  5178  4
11143    5179  5617  4881  4
11144     884   677  5620  8
11145    5621   402  5148  8
11146    4679  5122  5619  8
11147    5619  5122  5763  8
11148    5619  5620  5212  8
11149    5619  5763  5620  8
11150    5763  5618  5620  8
11151    5618  5763  5621  8
11152    4810  5214  5622  10
11153    5623  5622  5214  10
11154    5214  5760  5761  10
11155    4679  5352  5624  10
11156    5625  5624  5352  10
11157    5126  5623  5624  10
11158     401  5625  5352  10
11159    5126  5625  4717  10
11160    5625   401  5626  10
11161    5735  5626   401  10
11162    5653  4950  5250  10
11163    5668  5481  5691  8
11164    5658  4430  5309  10
11165    5183  5628  5282  9
11166    5629  5677  5720  10
11167     400  4945  5630  10
11168    5629  5630  4945  10
11169    5631   658  5679  10
11170    5676  5307  4937  10
11171    5666  5449  5665  10
11172    5584  5632   399  10
11173    5354  4389  5659  3
11174    5634  5850  5819  2
11175    5819   867  5634  1
11176    5678  5851  5850  2
11177    5773  5669  5292  13
11178    5723  5745  5748  13
11179    5314  4555  5636  13
11180    5670  5637   242  1
11181       3  4830  5637  2
11182    5224  5639  5538  4
11183    5528  5671  5578  2
11184    5355   256  5639  4
11185     516  5640  5544  9
11186    5640  5545   515  9
11187    5721  5639   256  4
11188     257  5546  5641  4
11189    5546   257  5642  4
11190    5642  5453  5722  4
11191    5672  5486  5596  13
11192    5427  5243  5643  13
11193    5445  5644  5558  4
11194    5535  5559  5644  4
11195    5684  5645  5673  3
11196     236  5837  5848  2
11197    5803  5830  5829  1
11198    5829  5826   223  1
11199    5344  5515  5647  4
11200    5185  5647  5515  4
11201     234  5648  5582  1
11202    5714  5534  5582  1
11203    5713  5649  4328  10
11204    5540  5649  5557  10
11205    5765   904  5685  13
11206    5587  5172  5650  13
11207    5587  5650  5651  13
11208    5592    11  5652  4
11209      11  5261  5652  3
11210    5427  5686  4372  13
11211    5675  5686  5672  13
11212    5654  5185  5724  3
11213    5687  5655  5609  3
11214    5608  5655  5687  3
11215    5687  5654  5608  3
11216    5076  5764  5054  13
11217    4849  5656  5076  13
11218     254  5657  5178  4
11219    5480  4989  5657  4
11220    5309  5631  5658  10
11221    5676  5658  5631  10
11222    5659  4389  5729  3
11223    5729  5678  5659  3
11224    4047  3840  5660  13
11225    5463  5660  5809  13
11226    5661  4310  5817  13
11227    3908  5661  5817  13
11228    5725  5662  5463  13
11229    5725  5661  5662  13
11230    5347  5663  5229  10
11231    5663  5494  5053  10
11232    4851  5664  5053  8
11233    4848  5664  4967  8
11234     399  5665  5457  10
11235    5666  5632  5163  10
11236    5165  5666  5163  10
11237    5229  5449  5666  10
11238    5726  5072  4822  10
11239    5689  5691  5667  10
11240    5690  5668  5615  8
11241     452   945  5668  8
11242    4533  5727  5484  13
11243    5669  5727  5636  13
11244    5789  5683  5496  1
11245    5794  5865  5683  1
11246     868  5790  5795  1
11247     233  5578  5671  2
11248    5675  5672  5596  13
11249    5675   591  5686  13
11250    5501  5673  5569  3
11251    5673  5501  5684  3
11252    5765  5651  5588  13
11253    5765  5674  5651  13
11254    5320  5675  5610  13
11255    5653  5250  5735  10
11256    5307  5676  5631  10
11257    5677  4937  5295  10
11258    5629  5658  5677  10
11259    5676  5677  5658  10
11260    5729  4389   246  3
11261    5731  5730  5659  3
11262    5679  5494  5680  10
11263     658  5053  5679  10
11264    4938  5680  5494  10
11265    5307  5631  5680  10
11266    5072  5681  5039  10
11267     400  5681  5667  10
11268    5688  5682  5627  10
11269    5692  5690  4782  8
11270    5716  5779    17  2
11271    5866  5693  5865  1
11272     236  5645  5684  3
11273    5734  5684  5568  3
11274    5773  5292  5685  13
11275    5773   904  5484  13
11276    5249  5653  5258  10
11277    5686  5427  5672  13
11278    5609  5611  5687  3
11279    5654  5687  5611  3
11280    5688  5627  5170  10
11281    5690  5615  5689  10
11282    5667  5691   400  10
11283    5667  5682  5689  10
11284    5688  4782  5690  10
11285    5690  5689  5682  10
11286    5689  5615  5691  10
11287    5668  5691  5615  8
11288    5692  4782  5695  8
11289    5668  5692   452  8
11290    5865  5766  5810  1
11291       3  5637  5693  1
11292    5696  5697  4782  10
11293    5249  5258  5170  10
11294    4782  5697  5695  8
11295     676  5695  5694  8
11296    5170  5696  5688  10
11297    5697  5258  5694  10
11298    5258  5697  5696  10
11299    5694  5695  5697  8
11300     252  3888  5698  3
11301    5121  5698  3888  3
11302    5192  5699  5078  4
11303    5007  5699  5193  4
11304    4351  5700  4938  10
11305    4209  5307  5700  10
11306    5446  5701  4902  10
11307    3571  5701  5326  10
11308    4104  5328  5703  3
11309    5328   507  5702  3
11310    5702  5703  5328  3
11311    5376  5704  5266  4
11312    5400  5704  5294  4
11313    5705  5740  5739  13
11314    5736  5283  4104  3
11315    5304  5298  5804  13
11316    5483  2606  5812  13
11317    5733  5193  5732  3
11318    5737  5464  5056  13
11319     236  5734  5708  3
11320    5529  5711  5434  4
11321    5770  3858  5709  13
11322     588   510  5710  2
11323    5418   255  5711  4
11324    4921  5712  5335  10
11325    5540  5712  5452  10
11326    5649  5713  5557  10
11327    4328  5011  5713  8
11328    5582  5648  5714  1
11329    5442  5714  5648  1
11330    5743  5603   258  3
11331    5210  5715  4827  13
11332     232  5716    16  2
11333    5715  5821   772  13
11334    5715  5210  5821  13
11335    4287  5719  4115  9
11336    5477  5012  5744  13
11337    5628  5719  4365  9
11338    4866  5720  5295  10
11339    5630  5720  5039  10
11340    5721  5641  5450  4
11341     257  5641  5721  4
11342    5453  4922  5722  4
11343    5642  5722  5546  4
11344    5586  5171  5745  13
11345    4713  5589  5723  13
11346    5185  5520  5724  3
11347    5787   249  5788  3
11348    5813  3840  5774  13
11349    5725  4310  5661  13
11350    5682  5726  5022  10
11351    5681  5726  5667  10
11352    5849  5833  5806  2
11353    5314  5727  5411  13
11354    5750   239  5655  2
11355    5785  5162  5793  3
11356    5729   237  5678  3
11357     245  5732  5193  3
11358    5731  5659  5678  3
11359    5678  5633  5731  3
11360    5732  5731  5633  3
11361    5731  5732  5730  3
11362    5733  5633  5708  3
11363    5633  5733  5732  3
11364    5850  5708  5633  2
11365     244  5734  5568  3
11366    5818  5708  5734  3
11367     401  5694  5735  10
11368     588  5736  5703  3
11369    5283  5747   506  3
11370    5195  5737  5056  13
11371    4293  5707  5737  13
11372    5705  5739  5423  13
11373    5345  5738  5493  13
11374    5424   885  5739  13
11375    5427  5740  5524  13
11376    4372  5424  5740  13
11377    5480  5741  5291  4
11378    5711  5741  5418  4
11379     233  5742  5442  1
11380     968  5443  5742  1
11381     258  5642  5743  3
11382    5782  5642   257  3
11383    5117  5744  4338  13
11384    5744  5718  3292  13
11385    5171  5715  5745  13
11386    5635  5745  5715  13
11387    5751  5856   238  2
11388    5756  5827  5746  1
11389    5736  5710  5747  3
11390    5749  5710   587  3
11391    5599  5749   587  3
11392    5745  5635  5748  13
11393    5710  5749  5747  3
11394     226   774  5756  1
11395    5808  5756  5746  2
11396    5776  5445  5558  3
11397     225   238  5856  2
11398     541  5752  4832  3
11399    5400  4956  5752  3
11400    2606  5753  5532  13
11401    5783  5377  5532  13
11402    5775   247  5454  3
11403    5729  5785   237  3
11404    5755  5356  5807  13
11405    5813  5660  3840  13
11406    5808  5750  5756  2
11407     239  5750  5808  2
11408    5757   402  5762  10
11409    4947  5757  5213  10
11410    5317  5523  5758  3
11411    5523   250  5777  3
11412     255  5418  5814  3
11413      16  5743  5782  3
11414    4687  5760  5214  10
11415    5213  5757  5762  10
11416    4679  5761  5122  10
11417    5214  5761  5623  10
11418    5762  5760  5213  10
11419     402  5621  5762  8
11420    5122  5762  5763  8
11421    5621  5763  5762  8
11422    5683  5789  5794  1
11423    5656   773  5764  13
11424    5674  5765  5685  13
11425     509  5805  5840  1
11426    5779  5671    17  2
11427    5790   868  5780  1
11428    5049  5768   253  3
11429    5832  5769    13  2
11430     252  5698  5831  3
11431    5049  5831  5768  3
11432     249  5317  5788  3
11433    5482  5770  5709  13
11434    5724  5787   240  3
11435    5755  5774  5425  13
11436    5725  5463  5809  13
11437    5484  5727  5773  13
11438    5669  5773  5727  13
11439     238   225  5847  2
11440    2307  5725  5809  13
11441     239  5751  5776  3
11442    5751   238  5775  3
11443    5609  5776  5558  3
11444    4830  5758  5777  3
11445    5613  5777   250  3
11446    5759  5782  5778  3
11447    5782  5743  5642  3
11448    5790  5767  5638  1
11449    5638  5767  5779  2
11450    5781  5767  5790  1
11451    5780   968  5781  1
11452    5778  5721   256  3
11453    5796    15  5759  3
11454    5532  5753  5783  13
11455    5792  5753   903  13
11456    5445  5776  5784  3
11457    5751  5784  5776  3
11458    5321  5785   246  3
11459    5754   237  5785  3
11460    5775   238  5786  3
11461    5793   238  5754  3
11462     249  5787  5520  3
11463    5771   240  5787  3
11464     241  5788  5758  3
11465    5788  5771  5787  3
11466    5472  4829  5789  1
11467    5794  4829   509  1
11468    5790  5638  5795  1
11469    5780  5781  5790  1
11470    5796  5759  5778  3
11471     256  5602  5796  3
11472    5378  5783  5792  13
11473    5753  5792  5783  13
11474     238  5793  5786  3
11475    5785  5793  5754  3
11476    4829  5794  5789  1
11477     510  5853  5805  1
11478    5638   232  5795  1
11479    5838  5841   232  1
11480    5602  5791  5796  3
11481    5796  5791    15  3
11482    5798  5797  5402  4
11483    5233  2759  5797  4
11484    5799  5402  5361  4
11485    5798  5321   246  4
11486    5361  5162  5799  4
11487    5162  5321  5799  4
11488    5187  5231  5717  13
11489    5717  5800  5821  13
11490    5502  5801  5504  13
11491     590  5801  5506  13
11492    5837   236  5708  2
11493    5834  5634   867  1
11494    5830  5803  5839  1
11495    5646  5826  5830  1
11496    5304  5804  5812  13
11497    5812  5306  5304  13
11498    5857   511  5852  1
11499    5710  5805   587  2
11500    5806  5833   227  2
11501    5728  5849   226  2
11502    5241  5807  5356  13
11503    5737  5807  5464  13
11504    5751   239  5808  2
11505    5746  5751  5808  2
11506    2307  5809  5772  13
11507    5483  5812  5804  13
11508       2  5866     1  1
11509    5693  5683  5865  1
11510    5811   254    14  3
11511    5791  5814    15  3
11512    5772  5813  5774  13
11513    5660  5813  5809  13
11514    5418  5811  5814  3
11515      15  5814  5811  3
11516    5833  5815   227  2
11517    5828     2     1  1
11518     253  5768  5816  3
11519      14  5178  5816  3
11520     714  5817  4310  13
11521    5708  5818  5733  3
11522    5734  5194  5818  3
11523    5851  5819  5850  2
11524    5871  5819   224  1
11525    5800   772  5821  13
11526    5842  5820  5841  1
11527    5049   252  5831  3
11528    5869  5870  5832  1
11529    5756   774  5827  1
11530    5815  5828   227  1
11531    5841  5795   232  1
11532    5826  5829  5830  1
11533    5823  5746  5827  1
11534       1  5824  5828  1
11535    5824   227  5828  1
11536    5839  5803  5822  1
11537     223   592  5829  1
11538    5646  5830  5869  1
11539    5768  5831  5769  3
11540      13   229  5832  2
11541    5869  5830  5839  1
11542    5728  5608  5849  2
11543     240  5771  5833  2
11544    5634  5834  5802  1
11545    5860  5861  5858  1
11546    5861  5860  5766  1
11547       3  5836   241  2
11548    5833  5836  5815  2
11549    5837  5802  5848  2
11550    5850  5837  5708  2
11551    5825  5841  5820  1
11552      16  5838   232  2
11553    5875  5870  5839  1
11554     229  5869  5832  1
11555       5  5835  5862  1
11556    5794   509  5840  1
11557    5841  5825  5795  1
11558    5842  5838   231  1
11559    5811   644  5854  2
11560     716  5820  5842  1
11561    5871   867  5819  1
11562     237  5855   224  2
11563    5843  5872  5844  1
11564    5746  5845  5856  2
11565    5746  5823  5845  1
11566    5843  5847   225  2
11567     715   225  5846  1
11568    5754   238  5847  2
11569     236  5848  5645  2
11570    5802   223  5848  2
11571    5608   240  5849  2
11572    5833  5849   240  2
11573    5850  5634  5837  2
11574    5678  5850  5633  2
11575     237  5851  5678  2
11576     224  5819  5851  2
11577     511  5857   510  1
11578    5862  5835  5858  1
11579    5861  5766  5865  1
11580    5863   716  5867  1
11581     716  5863  5859  1
11582    5754  5855   237  2
11583    5843   224  5855  2
11584    5746  5856  5751  2
11585     225  5856  5845  2
11586    5857  5852  5862  1
11587    5840  5853  5858  1
11588    5858  5853  5857  1
11589    5865  5794  5861  1
11590    5863  5873  5859  1
11591    5858  5835  5860  1
11592    5840  5861  5794  1
11593    5857  5862  5858  1
11594    5852     5  5862  1
11595    5863  5867   644  1
11596     644  5864  5873  1
11597    5864   230  5868  1
11598    5768  5864  5816  2
11599       1  5866  5810  1
11600    5866  5865  5810  1
11601    5866     2     3  1
11602     231  5867  5842  1
11603     716  5842  5867  1
11604     230  5832  5870  1
11605    5874  5859  5868  1
11606    5869   229  5646  1
11607    5870  5869  5839  1
11608    5875  5839  5822  1
11609     230  5870  5868  1
11610     644  5873  5863  1
11611     224  5844  5871  1
11612     225  5872  5843  1
11613    5864  5868  5873  1
11614    5874  5875  5822  1
11615    5875  5874  5868  1
11616    5868  5870  5875  1
11617     226  5876   774  1
11618     227  5876  5806  1
# Generated by ./triangle -aAnepCVOq30 irish1x.poly
