5876  2  1  1
   1    97196.541429999997  8900  1    1
   2    97162.936849999998  9024.4762460000002  1    0
   3    97132.650810000006  9108.865828  1    0
   4    96500  9763.6275480000004  1    1
   5    96500  8900  1    1
   6    100096.9195  8900  1    1
   7    100300  8900  1    1
   8    100300  8906.5779700000003  1    1
   9    100022.5429  9131.8620429999992  1    0
  10    100014.4314  9153.2178839999997  1    0
  11    99956.013380000004  9234.3180439999996  1    0
  12    98625.652839999995  9285.7679850000004  1    0
  13    98859.513260000007  9264.7338469999995  1    0
  14    99188.033790000001  9231.6579579999998  1    0
  15    99422.212119999997  9211.3829179999993  1    0
  16    99663.734890000007  9190.0957479999997  1    0
  17    99853.308130000005  9160.6985629999999  1    0
  18    100300  9399.6374890000006  1    1
  19    100194.87609999999  9400.5474190000004  1    0
  20    100108.70879999999  9405.4199169999993  1    0
  21    99923.573310000007  9415.9434729999994  1    0
  22    99823.022089999999  9422.4055339999995  1    0
  23    98716.381210000007  9544.8148710000005  1    0
  24    98741.445600000006  9544.9366950000003  1    0
  25    98762.446100000001  9545.4506959999999  1    0
  26    98780.061060000007  9548.9931510000006  1    0
  27    98785.055420000004  9550.6682720000008  1    0
  28    98785.055420000004  9551.4158690000004  1    0
  29    98777.828649999996  9551.7896679999994  1    0
  30    98759.014129999996  9549.7960760000005  1    0
  31    98759.138730000006  9550.5436730000001  1    0
  32    98774.96286  9552.7864640000007  1    0
  33    98784.681630000006  9555.0292549999995  1    0
  34    98803.246950000001  9560.0132350000003  1    0
  35    98813.837910000002  9567.8630040000007  1    0
  36    98807.607940000002  9568.1122030000006  1    0
  37    98819.405570000003  9574.5154430000002  1    0
  38    98812.342720000001  9574.466778  1    0
  39    98813.214909999995  9575.7127729999993  1    0
  40    98821.064679999996  9581.8181480000003  1    0
  41    98807.483330000003  9584.0609390000009  1    0
  42    98790.039409999998  9584.8085360000005  1    0
  43    98790.039409999998  9585.6807329999992  1    0
  44    98808.355530000001  9585.4315339999994  1    0
  45    98827.793049999993  9585.3069340000002  1    0
  46    98839.256210000007  9587.1759270000002  1    0
  47    98851.466960000005  9589.7925169999999  1    0
  48    98851.466960000005  9590.6647130000001  1    0
  49    98832.278640000004  9592.2845070000003  1    0
  50    98826.173259999996  9592.4091059999992  1    0
  51    98808.853929999997  9592.782905  1    0
  52    98809.60153  9593.5305019999996  1    0
  53    98820.441680000004  9595.1502949999995  1    0
  54    98825.799459999995  9595.8978920000009  1    0
  55    98842.6204  9595.7732930000002  1    0
  56    98850.470159999997  9595.1502949999995  1    0
  57    98853.709749999995  9594.2780989999992  1    0
  58    98863.303910000002  9590.6647130000001  1    0
  59    98879.626449999996  9590.0417159999997  1    0
  60    98893.581590000002  9590.2909149999996  1    0
  61    98919.99669  9588.9203199999993  1    0
  62    98937.814419999995  9591.5369100000007  1    0
  63    98951.520359999995  9594.2780989999992  1    0
  64    98966.020480000007  9600.3782119999996  1    0
  65    98636.04664  9304.3950700000005  1    0
  66    98638.227750000005  9305.5869629999997  1    0
  67    98682.358070000002  9348.7795650000007  1    0
  68    98816.874039999995  9495.1426449999999  1    0
  69    98825.866429999995  9503.4408139999996  1    0
  70    98833.04492  9511.9746699999996  1    0
  71    98839.523379999999  9522.8158579999999  1    0
  72    98839.491259999995  9523.1449080000002  1    0
  73    98641.619839999999  9314.5033930000009  1    0
  74    98566.09289  9322.4836489999998  1    0
  75    98494.88046  9323.2427470000002  1    0
  76    98409.219219999999  9333.6365430000005  1    0
  77    98325.264339999994  9341.4935270000005  1    0
  78    98183.215790000002  9346.8136969999996  1    0
  79    98092.545809999996  9353.2173660000008  1    0
  80    97839.740390000006  9359.6794260000006  1    0
  81    97573.822700000004  9376.9764680000008  1    0
  82    97412.699389999994  9389.9654699999992  1    0
  83    97184.541930000007  9411.6354329999995  1    0
  84    97052.627659999998  9415.9434729999994  1    0
  85    96873.000539999994  9417.2735159999993  1    0
  86    98923.316380000004  9688.8941709999999  1    0
  87    98937.570550000004  9688.5762579999991  1    0
  88    98964.811889999997  9692.2876390000001  1    0
  89    98979.89834  9696.7511539999996  1    0
  90    99004.170629999993  9704.0405969999993  1    0
  91    99017.405540000007  9708.2154730000002  1    0
  92    99040.087639999998  9713.6654039999994  1    0
  93    98910.204110000006  9682.6851430000006  1    0
  94    98891.700299999997  9669.1900760000008  1    0
  95    98881.559529999999  9667.0360560000008  1    0
  96    98874.273490000007  9668.3012180000005  1    0
  97    98854.193090000001  9670.6433909999996  1    0
  98    98840.191959999996  9671.4673679999996  1    0
  99    98827.89718  9672.9271709999994  1    0
 100    98803.314100000003  9678.5652539999992  1    0
 101    98790.513250000004  9682.3672299999998  1    0
 102    98771.886159999995  9685.0273149999994  1    0
 103    98752.87629  9685.5333800000008  1    0
 104    98731.147930000006  9688.1934650000003  1    0
 105    98708.212809999997  9691.9370490000001  1    0
 106    98683.688120000006  9695.8622969999997  1    0
 107    98665.508709999995  9697.8281640000005  1    0
 108    98650.995020000002  9699.9173050000009  1    0
 109    98640.101649999997  9702.3892369999994  1    0
 110    98624.452560000005  9706.1912130000001  1    0
 111    98798.182079999999  9499.1327729999994  1    0
 112    98805.338359999994  9504.7059759999993  1    0
 113    98816.679399999994  9518.3956830000006  1    0
 114    98744.707880000002  9431.7158319999999  1    0
 115    98754.111470000003  9446.2739519999996  1    0
 116    98760.378479999999  9454.8198709999997  1    0
 117    98771.013399999996  9468.3034329999991  1    0
 118    98784.686870000005  9485.3952719999997  1    0
 119    98792.096319999997  9492.9237450000001  1    0
 120    98716.575859999997  9383.6266820000001  1    0
 121    98721.826889999997  9391.5800679999993  1    0
 122    98724.114929999996  9397.5045410000002  1    0
 123    98808.952179999993  9487.3440539999992  1    0
 124    98799.512119999999  9470.8709889999991  1    0
 125    98794.698019999996  9463.1437659999992  1    0
 126    98787.609259999997  9454.8289069999992  1    0
 127    98780.199380000005  9446.9616220000007  1    0
 128    98767.209210000001  9437.9050979999993  1    0
 129    98750.469230000002  9426.077749  1    0
 130    98736.279949999996  9418.6035580000007  1    0
 131    98899.680550000005  9527.0117640000008  1    0
 132    98896.883570000005  9524.9660550000008  1    0
 133    98885.766239999997  9518.432186  1    0
 134    98869.187770000004  9511.8983179999996  1    0
 135    98853.239360000007  9505.7829860000002  1    0
 136    98830.433990000005  9498.6267079999998  1    0
 137    99067.901750000005  9695.0383189999993  1    0
 138    99062.198780000006  9686.6103899999998  1    0
 139    99047.250400000004  9658.5432469999996  1    0
 140    99017.708970000007  9630.5361250000005  1    0
 141    98988.452839999998  9612.1156009999995  1    0
 142    98982.175629999998  9608.5531090000004  1    0
 143    99108.133910000004  9759.3475020000005  1    0
 144    99105.408949999997  9750.6081479999993  1    0
 145    99099.011769999997  9741.1032099999993  1    0
 146    98973.877460000003  9604.4332200000008  1    0
 147    98974.727740000002  9606.5774039999997  1    0
 148    98985.912729999996  9618.0580470000004  1    0
 149    99000.612789999999  9641.2513319999998  1    0
 150    99013.615520000007  9659.7922519999993  1    0
 151    99016.075500000006  9666.0823180000007  1    0
 152    98924.393389999997  9569.9688970000007  1    0
 153    98948.361109999998  9588.1568800000005  1    0
 154    98965.216490000006  9598.3905049999994  1    0
 155    98896.832309999998  9563.1240429999998  1    0
 156    98922.174490000005  9568.1911810000001  1    0
 157    98810.982929999998  9490.7697250000001  1    0
 158    98814.720019999993  9497.2966649999998  1    0
 159    98824.984060000003  9508.8258640000004  1    0
 160    98827.644140000004  9553.8137449999995  1    0
 161    98836.578139999998  9554.8907550000004  1    0
 162    98847.218479999996  9554.8907550000004  1    0
 163    98860.514429999996  9556.6276660000003  1    0
 164    98871.613410000005  9558.4332099999992  1    0
 165    98880.482520000005  9560.905143  1    0
 166    98828.026939999996  9539.7477330000002  1    0
 167    98831.569390000004  9542.7841229999995  1    0
 168    98853.017300000007  9550.6429499999995  1    0
 169    98869.303209999998  9556.7867370000004  1    0
 170    98820.422990000006  9527.5178290000003  1    0
 171    98824.283360000001  9535.3099320000001  1    0
 172    98812.566000000006  9509.3319289999999  1    0
 173    98814.720019999993  9513.5750900000003  1    0
 174    98816.54466  9516.8033639999994  1    0
 175    98810.66502  9498.8148600000004  1    0
 176    98812.059940000006  9508.1900389999992  1    0
 177    98761.639630000005  9488.573257  1    0
 178    98782.974180000005  9496.4726879999998  1    0
 179    98794.658049999998  9505.7003349999995  1    0
 180    98803.687720000002  9515.0911899999992  1    0
 181    98815.479120000004  9536.8930070000006  1    0
 182    98822.00606  9548.9931510000006  1    0
 183    98827.164860000004  9552.0526339999997  1    0
 184    98798.182079999999  9537.2757999999994  1    0
 185    98815.358659999998  9547.0361510000002  1    0
 186    98722.655119999996  9445.9116040000008  1    0
 187    98742.061619999993  9466.4780750000009  1    0
 188    98758.709010000006  9485.0018810000001  1    0
 189    98770.432849999997  9497.5496980000007  1    0
 190    98790.389980000007  9525.7401129999998  1    0
 191    98795.457110000003  9535.1217799999995  1    0
 192    98716.952160000001  9565.0899109999991  1    0
 193    98707.512100000007  9565.5310960000006  1    0
 194    98699.324609999996  9564.4005510000006  1    0
 195    98696.973769999997  9564.0227360000008  1    0
 196    98696.365699999995  9563.3770760000007  1    0
 197    98698.527000000002  9563.309088  1    0
 198    98709.063819999996  9563.2251290000004  1    0
 199    98716.952160000001  9562.8710109999993  1    0
 200    98717.205189999993  9577.6961200000005  1    0
 201    98710.431710000004  9578.0789129999994  1    0
 202    98703.270669999998  9577.7919610000008  1    0
 203    98701.591499999995  9577.7499819999994  1    0
 204    98700.985159999997  9577.1900549999991  1    0
 205    98708.895900000003  9576.9523740000004  1    0
 206    98714.143320000003  9576.5745599999991  1    0
 207    98717.205189999993  9576.3660770000006  1    0
 208    98718.572650000002  9611.7897119999998  1    0
 209    98719.479229999997  9631.1679769999992  1    0
 210    98719.677129999996  9660.8270279999997  1    0
 211    98498.420530000003  9706.7355000000007  1    0
 212    98493.102740000002  9706.8854300000003  1    0
 213    98427.463520000005  9708.9810579999994  1    0
 214    98298.974910000004  9708.4685050000007  1    0
 215    98196.075030000007  9710.5641329999999  1    0
 216    98092.545809999996  9711.764416  1    0
 217    97824.727129999999  9712.2120890000006  1    0
 218    97551.075729999997  9705.6851480000005  1    0
 219    97227.816980000003  9698.1460769999994  1    0
 220    97049.396630000003  9704.6730179999995  1    0
 221    96848.294179999997  9694.9150470000004  1    0
 222    96734.753960000002  9681.9260450000002  1    0
 223    98529.286389999994  8975.58907  1    0
 224    98092.545809999996  9022.5752589999993  1    0
 225    97839.740390000006  9025.7414090000002  1    0
 226    97526.239610000004  9035.3696199999995  1    0
 227    97335.907269999996  9065.5323910000006  1    0
 228    98574.202900000004  9190.6018129999993  1    0
 229    98730.959780000005  9172.9868590000005  1    0
 230    98991.810329999993  9147.3916480000007  1    0
 231    99414.290259999994  9101.2683660000002  1    0
 232    99664.052800000005  9068.8283019999999  1    0
 233    99897.660189999995  9013.7061450000001  1    0
 234    100085.7736  8968.2121989999996  1    0
 235    98553.616439999998  9089.1292940000003  1    0
 236    98421.131219999996  9101.5213980000008  1    0
 237    98092.545809999996  9134.5907989999996  1    0
 238    97839.740390000006  9142.0714779999998  1    0
 239    97608.41678  9152.0824819999998  1    0
 240    97400.787400000001  9173.7459560000007  1    0
 241    97189.926980000004  9192.1264960000008  1    0
 242    97038.561650000003  9215.8207189999994  1    0
 243    98587.957490000001  9217.4686739999997  1    0
 244    98446.979460000002  9227.3499179999999  1    0
 245    98244.293940000003  9242.3047869999991  1    0
 246    98092.545809999996  9256.2410390000005  1    0
 247    97839.740390000006  9262.5798269999996  1    0
 248    97586.811700000006  9273.2266560000007  1    0
 249    97322.98315  9290.4588179999992  1    0
 250    97106.6728  9315.8983160000007  1    0
 251    96938.010420000006  9335.4077710000001  1    0
 252    98879.7883  9384.1976269999996  1    0
 253    99082.473819999999  9369.242757  1    0
 254    99249.935920000004  9355.4297779999997  1    0
 255    99422.212119999997  9336.1733559999993  1    0
 256    99548.61159  9322.2954969999992  1    0
 257    99663.734890000007  9313.8026879999998  1    0
 258    99799.198109999998  9294.8901310000001  1    0
 259    99926.804340000002  9273.2266560000007  1    0
 260    99085.26367  9720.8281700000007  1    0
 261    99254.179080000002  9708.4685050000007  1    0
 262    99422.212119999997  9697.8281640000005  1    0
 263    99580.61047  9691.4309840000005  1    0
 264    99663.734890000007  9689.2704759999997  1    0
 265    99704.031940000001  9685.1570749999992  1    0
 266    98710.301949999994  9431.4627999999993  1    0
 267    98728.293210000003  9432.2218969999994  1    0
 268    98726.4571  9401.8125810000001  1    0
 269    98708.589110000001  9401.3065160000006  1    0
 270    98690.344819999998  9399.9764739999991  1    0
 271    98729.688129999995  9407.7685770000007  1    0
 272    98710.172189999997  9406.8797190000005  1    0
 273    98694.017030000003  9405.7378289999997  1    0
 274    98716.193060000005  9531.3846850000009  1    0
 275    98738.816760000002  9532.461695  1    0
 276    98756.301959999997  9532.8379989999994  1    0
 277    98771.886159999995  9533.0910320000003  1    0
 278    98788.67714  9536.3220619999993  1    0
 279    98708.018169999996  9544.7499910000006  1    0
 280    98682.299679999996  9544.9381429999994  1    0
 281    98652.389939999994  9545.7621209999998  1    0
 282    98640.289799999999  9544.4969579999997  1    0
 283    98626.794729999994  9539.4298199999994  1    0
 284    98609.179780000006  9533.8501290000004  1    0
 285    98594.730970000004  9532.0789019999993  1    0
 286    98573.638449999999  9530.113034  1    0
 287    98550.002619999999  9529.4188169999998  1    0
 288    98531.498800000001  9528.7181110000001  1    0
 289    98521.870590000006  9528.4066870000006  1    0
 290    98502.860709999994  9529.9897619999992  1    0
 291    98488.100489999997  9532.2086619999991  1    0
 292    98477.959719999999  9533.7268569999997  1    0
 293    98468.013600000006  9533.8501290000004  1    0
 294    98446.155480000001  9533.1559120000002  1    0
 295    98430.506399999998  9533.5387050000008  1    0
 296    98410.614149999994  9532.8379989999994  1    0
 297    98378.615269999995  9532.0789019999993  1    0
 298    98345.35123  9531.7609890000003  1    0
 299    98345.163079999998  9519.9787579999993  1    0
 300    98375.254480000003  9519.4726929999997  1    0
 301    98401.167600000001  9518.5838349999995  1    0
 302    98416.122470000002  9518.2659230000008  1    0
 303    98447.044339999993  9515.4176850000003  1    0
 304    98467.131229999999  9513.9578820000006  1    0
 305    98486.705560000002  9512.1866549999995  1    0
 306    98487.088350000005  9516.6179680000005  1    0
 307    98509.575809999995  9516.0470220000007  1    0
 308    98531.122499999998  9515.7939900000001  1    0
 309    98553.927859999996  9518.0777699999999  1    0
 310    98575.662700000001  9519.9138779999994  1    0
 311    98592.200649999999  9521.4969529999998  1    0
 312    98600.946490000002  9522.8918759999997  1    0
 313    98642.573579999997  9523.1449080000002  1    0
 314    98663.666110000006  9523.1449080000002  1    0
 315    98682.675990000003  9522.7037230000005  1    0
 316    98693.0049  9522.6388430000006  1    0
 317    98706.182060000006  9524.4749510000001  1    0
 318    98715.816760000002  9525.4286890000003  1    0
 319    99000.54969  9664.4343630000003  1    0
 320    98982.876340000003  9662.9161679999997  1    0
 321    98951.954469999997  9657.0899320000008  1    0
 322    98921.162360000002  9658.1669419999998  1    0
 323    98908.426389999993  9651.9579140000005  1    0
 324    98904.436260000002  9646.3782229999997  1    0
 325    98894.172229999996  9627.0569209999994  1    0
 326    98889.040210000006  9622.0481749999999  1    0
 327    98880.865309999994  9621.0360450000007  1    0
 328    98858.053459999996  9632.9480370000001  1    0
 329    98843.358110000001  9640.5519879999993  1    0
 330    98826.249219999998  9646.9491679999992  1    0
 331    98818.580390000003  9647.6433859999997  1    0
 332    98802.613389999999  9651.5751209999999  1    0
 333    98785.575870000001  9659.5553770000006  1    0
 334    98770.432849999997  9667.7302729999992  1    0
 335    98752.499979999993  9669.8842929999992  1    0
 336    98741.664999999994  9671.4673679999996  1    0
 337    98726.521980000005  9674.5102459999998  1    0
 338    98704.534100000004  9686.1692050000001  1    0
 339    98684.453699999998  9693.5201240000006  1    0
 340    98659.234800000006  9696.1802090000001  1    0
 341    98633.068639999998  9699.664272  1    0
 342    98598.727589999995  9703.907432  1    0
 343    98831.063330000004  9515.0348919999997  1    0
 344    98823.589139999996  9514.8467400000009  1    0
 345    98908.932459999996  9536.704855  1    0
 346    98896.644159999996  9537.0811599999997  1    0
 347    98880.482520000005  9536.0041500000007  1    0
 348    98874.786049999995  9537.2757999999994  1    0
 349    98854.193090000001  9537.8467450000007  1    0
 350    98917.107350000006  9544.9381429999994  1    0
 351    98894.743170000002  9544.4969579999997  1    0
 352    98880.482520000005  9545.4506959999999  1    0
 353    98862.556140000001  9544.4969579999997  1    0
 354    99071.63884  9594.1691840000003  1    0
 355    99047.626709999997  9596.6411169999992  1    0
 356    99019.306530000002  9599.4958430000006  1    0
 357    99009.866469999994  9599.4958430000006  1    0
 358    98993.581560000006  9601.2670699999999  1    0
 359    98975.901729999998  9602.8501450000003  1    0
 360    99071.63884  9567.4969639999999  1    0
 361    99037.109639999995  9569.586104  1    0
 362    99007.264779999998  9571.9347639999996  1    0
 363    98984.524290000001  9572.4408289999992  1    0
 364    98959.623300000007  9573.8941439999999  1    0
 365    98945.745439999999  9574.4002089999994  1    0
 366    98937.888460000002  9566.4199540000009  1    0
 367    98951.383520000003  9565.7257360000003  1    0
 368    98979.327399999995  9564.5189659999996  1    0
 369    99004.228390000004  9563.7598679999992  1    0
 370    99041.547439999995  9561.4760879999994  1    0
 371    99071.450689999998  9559.4518279999993  1    0
 372    98936.305380000005  9525.869874  1    0
 373    98962.65969  9524.4749510000001  1    0
 374    98991.044750000001  9521.9381379999995  1    0
 375    99033.184389999995  9516.3000549999997  1    0
 376    99071.768599999996  9512.0568949999997  1    0
 377    98714.798139999999  9493.0470170000008  1    0
 378    98709.919150000002  9493.0470170000008  1    0
 379    98656.827749999997  9495.9666230000003  1    0
 380    98612.287540000005  9497.8027299999994  1    0
 381    98550.696830000001  9498.6267079999998  1    0
 382    98531.245769999994  9499.1327729999994  1    0
 383    98485.881580000001  9498.6267079999998  1    0
 384    98819.02807  9508.7609840000005  1    0
 385    99114.66085  9784.1252220000006  1    0
 386    99421.388149999999  9780.3232470000003  1    0
 387    99670.579740000001  9779.2462369999994  1    0
 388    99112.571710000004  9772.7841759999992  1    0
 389    99432.534549999997  9768.4761359999993  1    0
 390    99674.128689999998  9768.4761359999993  1    0
 391    99207.296700000006  9687.1813349999993  1    0
 392    99319.247359999994  9678.5652539999992  1    0
 393    99422.212119999997  9674.3220939999992  1    0
 394    99552.854749999999  9667.9184249999998  1    0
 395    99663.734890000007  9665.7644049999999  1    0
 396    99714.86692  9663.5519929999991  1    0
 397    98110.160759999999  9525.7401129999998  1    0
 398    97964.563269999999  9529.7951209999992  1    0
 399    97839.740390000006  9528.2120460000006  1    0
 400    97484.106459999995  9545.7037290000007  1    0
 401    97227.816980000003  9565.1547910000008  1    0
 402    97007.19859  9574.9127619999999  1    0
 403    96789.876120000001  9574.9127619999999  1    0
 404    98665.443830000004  9361.0094690000005  1    0
 405    98618.048890000005  9366.4593999999997  1    0
 406    98562.037880000003  9371.2735049999992  1    0
 407    98498.046610000005  9372.9214609999999  1    0
 408    98437.221489999996  9378.4946629999995  1    0
 409    98324.888030000002  9388.9468519999991  1    0
 410    98197.087159999995  9396.9984760000007  1    0
 411    98092.545809999996  9403.3956569999991  1    0
 412    97839.740390000006  9406.6266869999999  1    0
 413    97659.29578  9419.1745040000005  1    0
 414    97523.008579999994  9425.6365640000004  1    0
 415    97377.028300000005  9432.1635050000004  1    0
 416    97270.015010000003  9438.6255660000006  1    0
 417    97140.254759999996  9454.8455979999999  1    0
 418    97022.341610000003  9452.6915779999999  1    0
 419    96849.30631  9457.0580100000006  1    0
 420    98670.699120000005  9367.088737  1    0
 421    98610.951010000004  9376.2173710000006  1    0
 422    98508.440409999996  9381.6608140000008  1    0
 423    98420.430510000006  9388.8884600000001  1    0
 424    98325.076190000007  9396.9984760000007  1    0
 425    98197.087159999995  9405.5496770000009  1    0
 426    98092.545809999996  9410.8698469999999  1    0
 427    97839.740390000006  9416.1965060000002  1    0
 428    97630.086750000002  9432.1635050000004  1    0
 429    97500.326490000007  9441.8565959999996  1    0
 430    97370.56624  9448.3835369999997  1    0
 431    97257.026010000001  9454.8455979999999  1    0
 432    97146.716820000001  9467.8345989999998  1    0
 433    96995.286600000007  9466.7575890000007  1    0
 434    96844.998269999996  9467.8345989999998  1    0
 435    98687.743130000003  9396.2328899999993  1    0
 436    98638.070900000006  9403.2658960000008  1    0
 437    98558.047749999998  9406.4385349999993  1    0
 438    98430.824309999996  9415.2427680000001  1    0
 439    98325.076190000007  9423.6058159999993  1    0
 440    98309.076730000001  9424.3972489999996  1    0
 441    98293.077520000006  9425.193346  1    0
 442    98277.078540000002  9425.9941070000004  1    0
 443    98261.079790000003  9426.7995329999994  1    0
 444    98245.081279999999  9427.6096219999999  1    0
 445    98229.082999999999  9428.4243760000008  1    0
 446    98213.084959999993  9429.2437950000003  1    0
 447    98197.087159999995  9430.0678769999995  1    0
 448    98092.545809999996  9431.1448870000004  1    0
 449    97839.740390000006  9437.5485559999997  1    0
 450    97668.988870000001  9451.6145670000005  1    0
 451    97519.777549999999  9464.6035690000008  1    0
 452    97370.56624  9474.29666  1    0
 453    97175.92585  9490.5166919999992  1    0
 454    96986.67052  9492.7355920000009  1    0
 455    96829.855249999993  9495.9666230000003  1    0
 456    99155.781879999995  9504.1999109999997  1    0
 457    99241.378230000002  9493.8126030000003  1    0
 458    99312.597150000001  9493.0470170000008  1    0
 459    99421.388149999999  9482.5948289999997  1    0
 460    99516.554319999996  9473.7905950000004  1    0
 461    99663.734890000007  9465.2329059999993  1    0
 462    99803.571030000006  9445.1525070000007  1    0
 463    99183.725749999998  9548.9931510000006  1    0
 464    99244.550870000006  9543.4199480000007  1    0
 465    99308.607019999996  9541.7719930000003  1    0
 466    99364.618040000001  9537.0227680000007  1    0
 467    99420.564169999998  9530.5607070000005  1    0
 468    99512.304669999998  9518.5838349999995  1    0
 469    99593.404829999999  9516.4298149999995  1    0
 470    99663.734890000007  9512.1866549999995  1    0
 471    99745.152960000007  9500.2746630000001  1    0
 472    99779.747040000002  9500.2746630000001  1    0
 473    99166.999649999998  9559.4518279999993  1    0
 474    99254.938179999997  9552.2241819999999  1    0
 475    99363.79406  9547.4100760000001  1    0
 476    99422.212119999997  9540.9480149999999  1    0
 477    99542.21441  9531.3846850000009  1    0
 478    99663.734890000007  9527.1350359999997  1    0
 479    99732.163960000005  9517.5717050000003  1    0
 480    99768.912060000002  9517.5717050000003  1    0
 481    99177.386960000003  9585.8061359999992  1    0
 482    99304.616890000005  9577.001902  1    0
 483    99384.575159999993  9573.8357520000009  1    0
 484    99421.388149999999  9569.8391360000005  1    0
 485    99537.964760000003  9565.5310960000006  1    0
 486    99663.734890000007  9559.1339150000003  1    0
 487    99723.547879999998  9550.0117690000006  1    0
 488    99755.987940000006  9548.9347589999998  1    0
 489    96724.807839999994  9696.3683619999993  1    0
 490    96543.34461  9665.7060130000009  1    0
 491    96500  9663.7438629999997  1    1
 492    96500  9568.6846320000004  1    1
 493    96595.23573  9574.9127619999999  1    0
 494    96772.449309999996  9606.1460559999996  1    0
 495    96500  9524.7550950000004  1    1
 496    96522.751650000006  9526.2526660000003  1    0
 497    96596.312739999994  9534.8687470000004  1    0
 498    96663.98272  9546.3330659999992  1    0
 499    96733.170880000005  9557.4210800000001  1    0
 500    96792.789229999995  9569.7807439999997  1    0
 501    96786.645090000005  9579.7852600000006  1    0
 502    96706.621939999997  9565.1547910000008  1    0
 503    96590.992570000002  9545.3209360000001  1    0
 504    96500  9535.4118130000006  1    1
 505    96860.647360000003  9438.8785979999993  1    0
 506    96689.324890000004  9411.6354329999995  1    0
 507    96500  9402.1212840000007  1    1
 508    97023.418619999997  9231.0286209999995  1    0
 509    96806.096149999998  9224.5665599999993  1    0
 510    96617.917830000006  9221.2706500000004  1    0
 511    96500  9221.2706500000004  1    1
 512    99691.107810000001  9725.2010900000005  1    0
 513    99829.484150000004  9703.5960080000004  1    0
 514    99998.211410000004  9688.4529860000002  1    0
 515    100300  9674.5814580000006  1    1
 516    100300  9604.7570290000003  1    1
 517    100017.66250000001  9617.0459169999995  1    0
 518    99861.924209999997  9636.4969799999999  1    0
 519    99719.239839999995  9649.4859809999998  1    0
 520    99728.932929999995  9626.8038890000007  1    0
 521    99885.748200000002  9608.3649559999994  1    0
 522    100017.66250000001  9591.1327939999992  1    0
 523    100259.8211  9575.9248920000009  1    0
 524    100300  9574.1968519999991  1    1
 525    100300  9344.5468939999992  1    1
 526    100264.194  9344.5364050000007  1    0
 527    100040.3446  9360.756437  1    0
 528    99855.462150000007  9380.272379  1    0
 529    99787.350999999995  9490.5166919999992  1    0
 530    99936.562309999994  9474.29666  1    0
 531    100209.07180000001  9454.8455979999999  1    0
 532    100300  9453.9488849999998  1    1
 533    99811.681039999996  9433.7465800000009  1    0
 534    99956.013380000004  9425.6365640000004  1    0
 535    100112.7638  9417.5849400000006  1    0
 536    100226.304  9411.5056729999997  1    0
 537    100300  9412.1795230000007  1    1
 538    100270.7209  9201.8779799999993  1    0
 539    100300  9202.259779  1    1
 540    100030.65150000001  9113.1803569999993  1    0
 541    100218.76489999999  9088.3377560000008  1    0
 542    100300  9085.0380339999992  1    1
 543    100092.3006  8932.6319370000001  1    0
 544    100273.952  8909.9498449999992  1    0
 545    98585.861860000005  9710.0580680000003  1    0
 546    98542.145629999999  9709.5455149999998  1    0
 547    98485.628549999994  9711.1350789999997  1    0
 548    98443.4954  9713.7951639999992  1    0
 549    98366.132329999993  9713.7951639999992  1    0
 550    98311.198329999999  9714.8721740000001  1    0
 551    98256.270810000002  9713.7951639999992  1    0
 552    98198.676720000003  9715.9491839999991  1    0
 553    98147.985879999993  9716.4552490000005  1    0
 554    98092.545809999996  9715.8194239999993  1    0
 555    97839.740390000006  9715.8194239999993  1    0
 556    97692.747969999997  9717.5971389999995  1    0
 557    97555.448650000006  9716.5785209999995  1    0
 558    97360.808260000005  9720.8930500000006  1    0
 559    97211.596950000006  9720.8930500000006  1    0
 560    96987.747529999993  9727.3551110000008  1    0
 561    96877.438339999993  9727.3551110000008  1    0
 562    96796.338180000006  9724.1240799999996  1    0
 563    98115.050260000004  9527.9211080000005  1    0
 564    98189.359939999995  9522.6388430000006  1    0
 565    98268.559110000002  9519.4078129999998  1    0
 566    98871.681830000001  9550.2192620000005  1    0
 567    98880.81495  9556.3080059999993  1    0
 568    98896.089300000007  9562.5017279999993  1    0
 569    99870.540290000004  9716.5785209999995  1    0
 570    100041.4216  9705.6851480000005  1    0
 571    100300  9698.1651729999994  1    1
 572    99686.799769999998  9742.4981320000006  1    0
 573    99866.17297  9715.8724230000007  1    0
 574    98979.383690000002  9606.0056600000007  1    0
 575    98981.707710000002  9607.7242050000004  1    0
 576    98755.165410000001  9502.7108160000007  1    0
 577    98742.995039999994  9485.5079459999997  1    0
 578    98723.215320000003  9448.6856869999992  1    0
 579    98775.623259999993  9525.7401129999998  1    0
 580    98768.337220000001  9518.0777699999999  1    0
 581    98757.696880000003  9506.2890509999997  1    0
 582    96817.054399999994  9523.0151480000004  1    0
 583    96669.873829999997  9500.2746630000001  1    0
 584    96547.298079999993  9490.4587969999993  1    0
 585    96500  9486.8834929999994  1    1
 586    96951.888279999999  9313.1733509999995  1    0
 587    96741.216020000007  9292.6128379999991  1    0
 588    96593.533089999997  9286.917297  1    0
 589    96500  9283.6249470000002  1    1
 590    96500  9942.3225849999999  1    1
 591    100300  9942.3225849999999  1    1
 592    98515.138860000006  8900  1    1
 593    99066.954500000007  9760.1714790000005  1    0
 594    98796.852039999998  9498.1206430000002  1    0
 595    98941.437399999995  9569.8391360000005  1    0
 596    99055.107380000001  9739.137342  1    0
 597    98856.094079999995  9539.7477330000002  1    0
 598    98809.776159999994  9492.7355920000009  1    0
 599    98714.99278  9437.2955230000007  1    0
 600    98661.200670000006  9351.5045300000002  1    0
 601    98714.99278  9499.8918709999998  1    0
 602    98480.814450000005  9423.0997509999997  1    0
 603    96712.006989999994  9724.1240799999996  1    0
 604    96689.324890000004  9761.4431299999997  1    0
 605    96682.797949999993  9776.015206  1    0
 606    96500  9743.5312130000002  1    1
 607    100198.45975000001  8900  1    1
 608    100247.43805  9400.0924540000015  1    0
 609    100016.141055  9410.6816949999993  1    0
 610    98768.421390000003  9550.792872  1    0
 611    98779.822245000003  9553.9078594999992  1    0
 612    98814.639064229705  9571.9283911591992  1    0
 613    98818.07428999999  9585.3692339999998  1    0
 614    98841.872800000012  9591.4746099999993  1    0
 615    98817.513594999997  9592.5960054999996  1    0
 616    98834.209929999997  9595.8355924999996  1    0
 617    98958.646451434324  9597.2760026723627  1    0
 618    98660.292910000004  9327.1832639999993  1    0
 619    97706.781545000005  9368.3279470000016  1    0
 620    97298.62066  9400.8004514999993  1    0
 621    98658.913407950255  9698.7775101634852  1    0
 622    98632.277105000001  9704.2902250000006  1    0
 623    98811.008879999994  9511.5508295  1    0
 624    98980.320234999992  9612.3177254999973  1    0
 625    98956.788800000009  9593.2736925000027  1    0
 626    98867.665309487085  9557.7909465494395  1    0
 627    98888.904981128813  9562.0481912592568  1    0
 628    98861.160254999995  9553.7148434999981  1    0
 629    98769.141878224007  9491.3510747740038  1    0
 630    98821.501400000008  9550.4249480000035  1    0
 631    98733.635894848616  9457.5487249379203  1    0
 632    98713.211562289609  9577.9218138430679  1    0
 633    98706.851190000001  9577.9354370000001  1    0
 634    98704.940529999993  9577.0712144999998  1    0
 635    98711.519610000003  9576.7634670000007  1    0
 636    98460.283129999996  9707.9332439999998  1    0
 637    98363.219215000005  9708.724781500001  1    0
 638    98247.524969999999  9709.5163190000003  1    0
 639    98144.310419999994  9711.1642745000008  1    0
 640    97958.636469999998  9711.9882525000012  1    0
 641    97687.901429999998  9708.9486185000005  1    0
 642    97389.446354999993  9701.915612499999  1    0
 643    96948.845405  9699.7940325  1    0
 644    99203.050294999994  9124.3300070000005  1    0
 645    97001.586511443296  9328.0538198990562  1    0
 646    99149.093028286385  9716.1577288271983  1    0
 647    99338.195600000006  9703.1483344999997  1    0
 648    99501.411294999998  9694.6295740000005  1    0
 649    98794.202065957841  9536.8764402320739  1    0
 650    98671.844249999995  9694.8501665000003  1    0
 651    98646.151719999994  9697.9222405000019  1    0
 652    98615.898114999989  9701.7858520000009  1    0
 653    98862.190017013185  9537.6250281854409  1    0
 654    99545.983945  9779.7847419999998  1    0
 655    99272.55313  9770.6301559999993  1    0
 656    99263.272029999993  9682.8732944999992  1    0
 657    99608.29482000001  9666.841414999999  1    0
 658    97661.923425000001  9536.9578875000007  1    0
 659    98590.043384999997  9368.8664525000004  1    0
 660    98530.042245000004  9372.0974829999996  1    0
 661    98381.054759999999  9383.7207574999993  1    0
 662    97591.152180000005  9422.4055339999995  1    0
 663    97450.01844  9428.9000345000004  1    0
 664    97205.134885000007  9446.7355819999993  1    0
 665    96913.285943021227  9455.4435260364844  1    0
 666    98640.825065000012  9371.6530539999985  1    0
 667    98559.69571  9378.9390925000007  1    0
 668    98464.435460000008  9385.2746370000004  1    0
 669    98261.081674999994  9401.2740765000017  1    0
 670    97734.913570000004  9424.1800055000003  1    0
 671    97565.206620000012  9437.0100504999991  1    0
 672    97313.796124999993  9451.6145675000007  1    0
 673    97071.001710000011  9467.2960940000012  1    0
 674    98494.436029999997  9410.8406514999988  1    0
 675    97594.38321  9458.1090680000016  1    0
 676    97273.246045000007  9482.4066759999987  1    0
 677    97081.298184999992  9491.626142000001  1    0
 678    99127.588220000005  9554.2224894999999  1    0
 679    99276.578945000001  9542.5959705000005  1    0
 680    99552.854749999999  9517.5068250000004  1    0
 681    99704.443925  9506.2306590000007  1    0
 682    99210.968915000005  9555.8380049999996  1    0
 683    99309.366119999991  9549.8171290000009  1    0
 684    99482.213264999999  9536.1663499999995  1    0
 685    99602.974650000004  9529.2598605000003  1    0
 686    99241.001925000004  9581.4040189999996  1    0
 687    96709.420747799246  9595.0374851240358  1    0
 688    96698.57680000001  9551.8770730000015  1    0
 689    96755.166862234139  9574.0301599382892  1    0
 690    96648.807254999992  9555.2378634999986  1    0
 691    96531.811922613866  9538.8761426045749  1    0
 692    99913.847780000011  9696.0244970000003  1    0
 693    100149.10570499999  9681.5172220000004  1    0
 694    100158.83125  9610.9014729999999  1    0
 695    99939.793355000002  9626.7714484999997  1    0
 696    99792.495035248052  9619.3300160792842  1    0
 697    100152.2693  9352.6464210000013  1    0
 698    99919.1085382733  9373.5539521182109  1    0
 699    100072.81705499999  9464.5711289999999  1    0
 700    99883.847210000007  9429.6915719999997  1    0
 701    100169.53390000001  9414.5453065000002  1    0
 702    98605.157210000005  9708.1246405000002  1    0
 703    98510.158279082476  9710.4451712008122  1    0
 704    98398.132329999993  9713.7951639999992  1    0
 705    98288.264660295259  9714.4224942837354  1    0
 706    97766.244180000009  9716.7082814999994  1    0
 707    97099.67224  9724.1240805000016  1    0
 708    98230.200745000009  9529.8410485000004  1    0
 709    98142.136254775862  9524.4880212146618  1    0
 710    99955.980945000003  9711.1318345  1    0
 711    99750.10613360416  9733.1010937848569  1    0
 712    98733.105179999999  9467.0968164999995  1    0
 713    98788.225330186455  9531.7010548242015  1    0
 714    98400  9942.3225849999999  1    1
 715    97855.840144999995  8900  1    1
 716    99306.029180000012  8900  1    1
 717    99770.560014999995  9747.9123790000012  1    0
 718    98995.135440000013  9724.5328250000039  1    0
 719    98957.383621737637  9585.3798595336775  1    0
 720    98836.608993655231  9520.3713650099235  1    0
 721    98639.688541774289  9311.0005245806369  1    0
 722    98714.909857939652  9461.0472120146278  1    0
 723    98548.574059999999  9705.3214660000012  1    0
 724    98933.437631838693  9569.9000405592196  1    0
 725    98840.094079999995  9539.7477330000002  1    0
 726    98781.721919874341  9492.9168496736711  1    0
 727    98977.460196703658  9606.2119829724743  1    0
 728    96738.129297777341  9750.7272006888961  1    0
 729    100155.80743057487  8924.7020901960241  1    0
 730    100249.229875  8900  1    1
 731    100221.157075  9400.3199365  1    0
 732    99969.857182500011  9413.3125839999993  1    0
 733    98771.253580000004  9547.2219235000011  1    0
 734    98773.125020000007  9551.2912699999997  1    0
 735    96999.121017500001  9702.2335252499997  1    0
 736    99352.543839999998  9769.5531459999984  1    0
 737    96936.99878563614  9416.7996431314659  1    0
 738    96967.813776510622  9454.0675520182413  1    0
 739    98585.323360000009  9377.5782317499998  1    0
 740    98442.432985000007  9387.0815485000003  1    0
 741    97754.364629999996  9444.581561500001  1    0
 742    97682.500159999996  9428.1717552500013  1    0
 743    97532.766555000009  9439.4333232499994  1    0
 744    97597.646685000014  9434.5867777499989  1    0
 745    97033.144155000016  9467.026841500001  1    0
 746    99155.656985000009  9551.6078202499993  1    0
 747    99512.213837499992  9533.7755175000002  1    0
 748    99871.665965000007  9699.8102524999995  1    0
 749    100073.65855749999  9684.9851040000012  1    0
 750    100236.06053708254  9607.5400277110202  1    0
 751    99843.630642477729  9431.9513358621443  1    0
 752    99919.930294999998  9427.664068  1    0
 753    100197.91895000001  9413.0254897499999  1    0
 754    98614.804885000005  9707.1579267500001  1    0
 755    98497.893414541235  9710.7901251004059  1    0
 756    98420.813865000004  9713.7951639999992  1    0
 757    98299.731495147629  9714.6473341418678  1    0
 758    97802.992285000015  9716.2638527499985  1    0
 759    97043.709884999989  9725.7395957500012  1    0
 760    98273.249940000009  9708.9924119999996  1    0
 761    98172.625502500014  9528.8810782500004  1    0
 762    98287.775987500005  9530.8010187500004  1    0
 763    98126.14850738793  9525.1140671073317  1    0
 764    99902.47546621479  9714.5427115464772  1    0
 765    99998.70127250001  9708.4084912500002  1    0
 766    99808.139551802073  9724.4867583924297  1    0
 767    97966.143100000001  9715.8194239999993  1    0
 768    98227.473765000002  9714.8721740000001  1    0
 769    98464.56197499999  9712.4651214999994  1    0
 770    98595.509535000005  9709.0913542500002  1    0
 771    99268.0245  9782.2242345000013  1    0
 772    97450  9942.3225849999999  1    1
 773    99350  9942.3225849999999  1    1
 774    97526.190787500003  8900  1    1
 775    99731.65078303247  9760.1065477933898  1    0
 776    99809.469246967536  9735.7182102066072  1    0
 777    99038.289715212653  9745.9471999991201  1    0
 778    98966.642675868818  9594.1150022668389  1    0
 779    98838.050126827613  9521.7581365049609  1    0
 780    98573.65082499999  9704.6144490000006  1    0
 781    98523.497295000008  9706.0284830000001  1    0
 782    98848.094079999995  9539.7477330000002  1    0
 783    98789.286979937169  9495.5187463368347  1    0
 784    100214.87971528745  8917.3259675980116  1    0
 785    100274.61493750001  8900  1    1
 786    100268.00133761579  9411.8869386175702  1    0
 787    100034.38859  9421.6107520000005  1    0
 788    98767.050795000003  9551.6650685000004  1    0
 789    98649.260330000005  9316.3851135000004  1    0
 790    98813.171580148453  9583.1215952500279  1    0
 791    98812.852998693998  9592.6965940469345  1    0
 792    98815.021605000002  9594.3403985000004  1    0
 793    98962.333465717165  9598.8271073361811  1    0
 794    98651.410254999995  9333.0039614999969  1    0
 795    97308.631667499998  9700.0308447499992  1    0
 796    98443.873324999993  9708.4571510000005  1    0
 797    98813.844140000001  9514.973256250003  1    0
 798    98728.145507424313  9451.7301644689651  1    0
 799    98961.002645  9595.8320987499974  1    0
 800    98892.868645564406  9562.5861171296274  1    0
 801    98888.452125000011  9559.4048670000011  1    0
 802    98767.237859475543  9494.2881346661652  1    0
 803    98824.141756692567  9551.8815671697339  1    0
 804    98702.962845000002  9577.1306347499994  1    0
 805    98706.918214999998  9577.0117942500001  1    0
 806    98705.060930000007  9577.8636990000014  1    0
 807    98476.692934999999  9707.409337000001  1    0
 808    98331.097062500005  9708.5966432500009  1    0
 809    97891.681799999991  9712.1001707500018  1    0
 810    97458.128454999998  9718.7357855000009  1    0
 811    96932.592934999993  9727.3551110000008  1    0
 812    98639.610179999989  9698.7932562500027  1    0
 813    99201.636054143193  9712.3131169135995  1    0
 814    99137.599225000013  9691.1098269999984  1    0
 815    98652.69326  9697.051224750001  1    0
 816    99487.53343499999  9671.1202594999995  1    0
 817    98665.539525  9695.5151877499993  1    0
 818    98674.598415  9696.8452304999992  1    0
 819    98647.094192099597  9700.8024839036352  1    0
 820    99483.686047499999  9780.0539945  1    0
 821    99553.331619999997  9768.4761359999993  1    0
 822    97486.51350999999  9427.2682992500013  1    0
 823    97625.22398000001  9420.790019  1    0
 824    98409.138124999998  9381.1077102499985  1    0
 825    98372.753350000014  9392.9434679999995  1    0
 826    97435.446365000011  9445.1200664999997  1    0
 827    97201.871415000001  9461.3400985000007  1    0
 828    96920.142435000002  9467.2960940000012  1    0
 829    98649.548573488588  9362.8372601358169  1    0
 830    98534.068059999991  9380.2999532500016  1    0
 831    98467.634049999993  9375.7080619999997  1    0
 832    98260.987594999999  9392.9726640000008  1    0
 833    97749.518085000003  9412.9005954999993  1    0
 834    97557.080379999999  9424.021048999999  1    0
 835    97323.521655000004  9435.3945354999996  1    0
 836    97081.298184999992  9453.768587999999  1    0
 837    98462.630169999989  9413.0417097499994  1    0
 838    97321.906142499996  9478.3516679999993  1    0
 839    97128.612017499996  9491.0714169999992  1    0
 840    99119.319244999991  9563.4743959999996  1    0
 841    99479.676455000008  9567.6851160000006  1    0
 842    99188.984282499994  9557.6449164999995  1    0
 843    99697.949424999999  9522.3533705000009  1    0
 844    99214.138310000009  9546.2065495000006  1    0
 845    99282.152149999994  9551.0206555000004  1    0
 846    99466.434420000005  9524.5722709999991  1    0
 847    99600.849825000012  9562.3325055000005  1    0
 848    96677.714597499988  9560.1963272499979  1    0
 849    96652.328238899616  9584.975123562017  1    0
 850    96730.894401117068  9569.5924754691441  1    0
 851    96761.455488543143  9563.2848494261034  1    0
 852    96630.147729999997  9540.6009064999998  1    0
 853    96559.532195000007  9530.5607065000004  1    0
 854    100172.05409447425  9701.8860948206384  1    0
 855    100138.7418  9583.5288430000001  1    0
 856    99951.705350000004  9599.7488749999993  1    0
 857    99790.582024999996  9642.9914805000008  1    0
 858    99886.890332709489  9418.3009544598262  1    0
 859    100151.79244999999  9402.9836680000008  1    0
 860    98395.341367500005  9708.8529197499993  1    0
 861    97756.314279999991  9710.5803537499996  1    0
 862    97138.606805000003  9701.4095474999995  1    0
 863    98228.959524999998  9521.0233279999993  1    0
 864    99956.029595  9692.2387415000012  1    0
 865    99754.341710358072  9715.3282056440767  1    0
 866    98728.160250000001  9457.8912517499994  1    0
 867    98185.489502500001  8900  1    1
 868    99701.474340000015  8900  1    1
 869    98951.981164787358  9703.1184500008803  1    0
 870    98836.284149999992  9517.3952639999952  1    0
 871    98637.977938225711  9307.8979384193663  1    0
 872    98564.003744999995  9709.8017915  1    0
 873    98937.139022739138  9579.6409622437404  1    0
 874    98842.293345000013  9546.7135365000013  1    0
 875    98770.215464937181  9488.9593653368374  1    0
 876    98980.384261648171  9607.6637275137637  1    0
 877    96711.902391111318  9762.7136456555545  1    0
 878    100147.689625  8900  1    1
 879    99946.715246250009  9414.6280284999993  1    0
 880    98775.476835000009  9551.5404689999996  1    0
 881    99392.53919499999  9769.0146409999998  1    0
 882    96995.077693255313  9453.3795650091197  1    0
 883    97656.293455000006  9430.1676301250009  1    0
 884    97033.984352500003  9492.1808670000009  1    0
 885    99825  9942.3225849999999  1    1
 886    100035.93498374999  9686.7190450000016  1    0
 887    98875  9942.3225849999999  1    1
 888    98258.988366250007  9530.3210336250013  1    0
 889    98260.387455000004  9709.2543655000009  1    0
 890    98286.112424999999  9708.7304585000002  1    0
 891    98201.413123750011  9529.3610633749995  1    0
 892    98143.837881250016  9528.4010931250014  1    0
 893    98432.154632499994  9713.7951639999992  1    0
 894    97821.366337500018  9716.041638374998  1    0
 895    98272.26773514763  9714.1088291418673  1    0
 896    98165.748097387928  9523.5634321073303  1    0
 897    98306.861095  9519.6932854999995  1    0
 898    98118.154633693965  9525.4270900536667  1    0
 899    98241.872287500009  9714.3336689999996  1    0
 900    97902.941745000004  9715.8194239999993  1    0
 901    98025.591140000004  9711.8763342500006  1    0
 902    98221.800000000003  9710.040226000001  1    0
 903    97925  9942.3225849999999  1    1
 904    96975  9942.3225849999999  1    1
 905    99344.706325000006  9781.2737407500008  1    0
 906    98810.853464347005  9592.7397495234673  1    0
 907    98514.414174527323  9706.2845734720868  1    0
 908    98536.035677500011  9705.6749744999997  1    0
 909    99840.004768483763  9726.1483656033051  1    0
 910    98586.189207499992  9704.2609405000003  1    0
 911    98838.770693413797  9522.4515222524769  1    0
 912    98526.151954541245  9709.9953431004051  1    0
 913    98771.006827500009  9552.2257662500015  1    0
 914    99995.200985000003  9423.6236580000004  1    0
 915    100244.41585764373  8913.6379062990054  1    0
 916    100247.15266880789  9411.696305808784  1    0
 917    100273.719025  9399.864971500001  1    0
 918    100062.42492749999  9408.0508059999993  1    0
 919    98763.71776  9550.2944740000003  1    0
 920    98643.744040000005  9310.986038250001  1    0
 921    98813.214909999995  9585.4003840000005  1    0
 922    98812.311567500001  9593.9354502499991  1    0
 923    97349.039011249988  9700.9732286249982  1    0
 924    97286.202604999999  9720.8930500000006  1    0
 925    98725.400313712147  9448.8208842344775  1    0
 926    98815.403488355965  9516.8555370729391  1    0
 927    98894.850477782195  9562.8550800648118  1    0
 928    98892.270712500002  9560.9532974999984  1    0
 929    98824.585460000002  9550.522892500001  1    0
 930    98484.897837500001  9707.1473834999997  1    0
 931    98475.095262499992  9711.8001002499986  1    0
 932    98315.035986250004  9708.5325741250017  1    0
 933    98338.665329999989  9714.3336689999996  1    0
 934    97858.204464999988  9712.1561298750021  1    0
 935    97409.468357500009  9719.8144177499998  1    0
 936    97470.261042500002  9703.8003802500007  1    0
 937    98678.148974999989  9694.1851452500014  1    0
 938    99452.537098750006  9780.1886207499992  1    0
 939    99492.933084999997  9768.4761359999993  1    0
 940    97493.261044999992  9383.470969  1    0
 941    98396.59193000001  9390.9159639999998  1    0
 942    98377.950249999994  9419.4242919999997  1    0
 943    98352.971395  9386.3338047500001  1    0
 944    98633.798731744289  9364.6483300679083  1    0
 945    97445.171895000007  9469.4501144999995  1    0
 946    96957.714517500004  9467.026841500001  1    0
 947    96893.841669452537  9494.6482430690776  1    0
 948    98655.762092500008  9369.3708955000002  1    0
 949    97704.406932500002  9416.037549749999  1    0
 950    97787.326980000013  9420.1882557499994  1    0
 951    99143.159447499987  9561.4631119999995  1    0
 952    99124.512900000002  9589.9876599999989  1    0
 953    99099.519455000001  9556.8371587500005  1    0
 954    99452.212692500005  9538.5571824999988  1    0
 955    96619.899912499997  9550.2793997499994  1    0
 956    96561.402246306941  9542.0985393022875  1    0
 957    100106.73784723712  9703.7856214103194  1    0
 958    100224.5528525  9678.0493400000014  1    0
 959    99854.956211354744  9420.3532442299129  1    0
 960    100141.14885  9416.0651232500004  1    0
 961    97094.00171750001  9703.0412827499986  1    0
 962    98411.402443750005  9708.9169888750002  1    0
 963    97790.520705000003  9711.3962213750001  1    0
 964    97729.496075000003  9717.1527102500004  1    0
 965    97155.63459500001  9722.5085652500002  1    0
 966    99791.912930179038  9709.4621068220385  1    0
 967    98725.687785000002  9453.2884693749984  1    0
 968    99899.196920000017  8900  1    1
 969    98937.648772393673  9696.0063105004374  1    0
 970    98837.903764999995  9520.1055609999967  1    0
 971    98833.83616182761  9517.7031285049579  1    0
 972    98574.9328025  9709.9299297500002  1    0
 973    98553.07468749999  9709.6736532499999  1    0
 974    98561.112442499987  9704.9679575000009  1    0
 975    98981.279945824077  9608.1084182568793  1    0
 976    98766.274070062835  9487.6037776631638  1    0
 977    98980.545700000002  9606.8649325000006  1    0
 978    98187.019313125013  9529.1210708125  1    0
 979    98209.159732500004  9521.8310855  1    0
 980    98129.444070625002  9528.1611005625  1    0
 981    98029.344454999999  9715.8194239999993  1    0
 982    97934.542422500002  9715.8194239999993  1    0
 983    98234.662485000008  9709.7782724999997  1    0
 984    98177.554018693962  9523.1011375536655  1    0
 985    98158.231691875015  9528.6410856875009  1    0
 986    98316.563608750002  9531.2810038749994  1    0
 987    97871.341067500005  9715.8194239999993  1    0
 988    97925.159134999994  9712.0442116250015  1    0
 989    97992.113805000001  9711.9322933750009  1    0
 990    98213.075242499996  9715.4106790000005  1    0
 991    99383.047237499995  9780.7984938750014  1    0
 992    99855.272529241891  9721.3634433016505  1    0
 993    99837.156260901043  9720.1795906962143  1    0
 994    98534.148792270629  9709.7704290502024  1    0
 995    98770.773205000005  9551.0420709999999  1    0
 996    99992.999118750013  9411.9971394999993  1    0
 997    98766.069575000001  9550.5436730000001  1    0
 998    100039.28299124999  9409.3662504999993  1    0
 999    100073.576195  9419.5978460000006  1    0
1000    98763.094762499997  9551.1043707499994  1    0
1001    98895.841393891096  9562.9895615324058  1    0
1002    98894.180006250012  9561.7275127500016  1    0
1003    97841.465797499986  9712.1841094375013  1    0
1004    98324.931829999987  9714.6029214999999  1    0
1005    98347.158138750005  9708.660712375  1    0
1006    97429.853698749997  9702.8579963749999  1    0
1007    97506.788552500002  9717.6571532500002  1    0
1008    98679.143267500011  9696.3537637499994  1    0
1009    99462.733817500004  9768.4761359999993  1    0
1010    98348.914770000003  9394.970972000001  1    0
1011    97761.120275000008  9422.1841306249989  1    0
1012    97797.052510000009  9441.0650587500004  1    0
1013    97681.851356250001  9417.6060268750007  1    0
1014    97726.962508750003  9414.4690726249992  1    0
1015    97708.706865  9426.1758803750017  1    0
1016    97794.629237500005  9409.7636412499996  1    0
1017    99095.479042499996  9565.4856799999998  1    0
1018    99443.499295000001  9527.5664890000007  1    0
1019    100111.38213124999  9683.2511630000008  1    0
1020    100236.02704723712  9700.0256339103198  1    0
1021    97747.870127500006  9716.9304958749999  1    0
1022    97773.417492499997  9710.9882875625008  1    0
1023    97807.623917499994  9711.8041551874994  1    0
1024    98409.473097499998  9713.7951639999992  1    0
1025    97784.618232500012  9716.486067124999  1    0
1026    97722.107854999995  9709.764486125001  1    0
1027    98838.713572499997  9521.4607094999992  1    0
1028    97950.342761250009  9715.8194239999993  1    0
1029    97997.7437775  9715.8194239999993  1    0
1030    98122.247165312496  9528.0411042812502  1    0
1031    98134.142381081896  9524.8010441609968  1    0
1032    98059.068475000007  9711.8203751250003  1    0
1033    97975.375137499999  9711.9602729375001  1    0
1034    97908.420467499993  9712.0721911875007  1    0
1035    98153.942176081895  9524.0257266609951  1    0
1036    97887.141406250012  9715.8194239999993  1    0
1037    97855.540728749998  9715.8194239999993  1    0
1038    97874.94313249999  9712.1281503125028  1    0
1039    97941.897802499996  9712.0162320625022  1    0
1040    97918.742083749996  9715.8194239999993  1    0
1041    98208.937514999998  9710.3021795000004  1    0
1042    99862.906409620948  9718.9709821508259  1    0
1043    99851.664615450514  9718.0260068481093  1    0
1044    98765.072778750007  9551.3847196250008  1    0
1045    98352.398829999991  9714.0644164999994  1    0
1046    97510.668386250007  9704.7427641250015  1    0
1047    97711.676749999999  9448.0980642499999  1    0
1048    97772.073661250004  9411.3321183749995  1    0
1049    97926.642253124999  9715.8194239999993  1    0
1050    97910.841914374992  9715.8194239999993  1    0
1051    98013.544116250006  9715.8194239999993  1    0
1052    97739.2110675  9710.1724199375003  1    0
1053    97711.1220225  9717.3749246250009  1    0
1054    97981.943438749993  9715.8194239999993  1    0
1055    97958.242930625012  9715.8194239999993  1    0
1056    98008.852472500002  9711.9043138125016  1    0
1057    98042.329807500006  9711.8483546874995  1    0
1058    98136.640975937509  9528.2810968437516  1    0
1059    98060.945132499997  9715.8194239999993  1    0
1060    97967.005803749998  9711.9742627187516  1    0
1061    97900.051133749992  9712.0861809687522  1    0
1062    97933.528468749995  9712.0302218437519  1    0
1063    97895.041575625015  9715.8194239999993  1    0
1064    97950.267136249997  9712.0022422812508  1    0
1065    97883.31246624999  9712.1141605312514  1    0
1066    97942.442591875006  9715.8194239999993  1    0
1067    97916.789801249994  9712.0582014062511  1    0
1068    99866.723349810476  9717.7747515754127  1    0
1069    99858.91879272525  9716.9492149240559  1    0
1070    98000.483138750002  9711.9183035937513  1    0
1071    97989.843608124997  9715.8194239999993  1    0
1072    97974.04326937499  9715.8194239999993  1    0
1073    97705.004642499989  9709.3565523124998  1    0
1074    97983.74447125  9711.9462831562505  1    0
1075    98017.221806250003  9711.8903240312502  1    0
1076    98005.643946875003  9715.8194239999993  1    0
1077    98045.144793749991  9715.8194239999993  1    0
1078    98845.148112902782  9528.8017635961914  1    0
1079    98839.130976706903  9522.7982151262422  1    0
1080    98842.319686451388  9525.9733357980967  1    0
1081    98840.905473225692  9524.5591218990485  1    0
1082    98839.118476250005  9522.1382837500023  1    0
1083    98839.320928125002  9522.4770708750002  1    0
1084    98839.820278300132  9521.9487859878027  1    0
1085    98839.794108752933  9522.4241923411428  1    0
1086    98838.696527529188  9523.6102444517164  1    0
1087    98838.410410120705  9522.1048293787189  1    0
1088    98840.649957842368  9522.2328805523593  1    0
1089    98837.975960942989  9522.9168587041931  1    0
1090    98837.849634055019  9522.3270382946339  1    0
1091    98981.126705000002  9607.2945687499996  1    0
1092    98895.134653125016  9562.1146203750031  1    0
1093    98838.570200641218  9523.0204240421572  1    0
1094    98895.611976562504  9562.3081741874994  1    0
1095    98895.716432358327  9561.3652345040864  1    0
1096    98896.063141186751  9561.880897260744  1    0
1097    98840.198366612836  9523.8520149495198  1    0
1098    98836.867208624491  9522.8458912224396  1    0
1099    98893.859561673307  9562.7205985972214  1    0
1100    98897.014522536367  9562.1517771116669  1    0
1101    98840.090634876164  9523.0373228991775  1    0
1102    98837.329560241429  9521.0647507574467  1    0
1103    98896.803914586068  9561.0084467749384  1    0
1104    98751.945850000004  9545.1936955000001  1    0
1105    98700.295733894047  9578.5448920511608  1    0
1106    98701.984708943652  9577.1600231960874  1    0
1107    98703.951687499997  9577.1009246249996  1    0
1108    98704.165800000002  9577.827830000002  1    0
1109    98781.442035  9551.6027685000008  1    0
1110    98782.558240000013  9549.8307115000025  1    0
1111    98786.380703244111  9551.0420704999997  1    0
1112    98838.308668749989  9520.7831352499943  1    0
1113    98705.929372499988  9577.0415043749999  1    0
1114    98761.365944999998  9550.0452750000004  1    0
1115    98761.116746250002  9550.8240218749997  1    0
1116    98978.922229175922  9606.9378552431226  1    0
1117    98983.869850989198  9602.1366690709347  1    0
1118    98841.312509761367  9523.2902159138102  1    0
1119    98702.431084999989  9577.7709715000001  1    0
1120    98783.248727500002  9551.5093187500006  1    0
1121    98837.302165119108  9521.8143191061172  1    0
1122    98839.307369100265  9519.7265654755993  1    0
1123    98760.008563042429  9549.9014464138054  1    0
1124    98762.541852499999  9550.1698744999994  1    0
1125    98762.105754374992  9550.9641963124977  1    0
1126    98979.653245412046  9607.3007913784422  1    0
1127    98982.178834049046  9606.4794252897609  1    0
1128    98702.813668906791  9579.2698188417198  1    0
1129    98783.806830000016  9550.2494917500044  1    0
1130    98784.15207375001  9551.4625938749996  1    0
1131    98836.310377226808  9521.4027865858334  1    0
1132    98839.25503000585  9520.677378182274  1    0
1133    98977.523987499997  9609.4475647499985  1    0
1134    98981.307900526808  9606.4418647108923  1    0
1135    98701.988248108988  9578.6822578795909  1    0
1136    98978.644351647948  9608.4152134346095  1    0
1137    98979.620285619429  9608.2848428317975  1    0
1138    98697.365205595677  9563.3456345589984  1    0
1139    98698.149189999996  9564.2116435000007  1    0
1140    98708.641449999996  9578.0071749999988  1    0
1141    98707.907057500008  9576.9820841250003  1    0
1142    98799.197469999999  9585.5561334999984  1    0
1143    98798.761369999993  9584.4347375000016  1    0
1144    98845.361585000006  9588.4842219999991  1    0
1145    98846.669880000001  9591.0696614999997  1    0
1146    98853.013122898425  9590.228615  1    0
1147    98788.493245328849  9585.2446344999989  1    0
1148    98909.503400000001  9565.6576119999991  1    0
1149    98894.116621184628  9564.5444602316093  1    0
1150    98695.525157935903  9564.7778463639188  1    0
1151    98702.421679364197  9575.4113635800113  1    0
1152    98757.751146755894  9550.3907559270647  1    0
1153    98983.041845448213  9607.5176030592265  1    0
1154    98703.681422640831  9578.728567530472  1    0
1155    98784.686577188564  9553.0406151358566  1    0
1156    98840.966728184707  9520.2947546047362  1    0
1157    98979.885790494605  9602.4934070354666  1    0
1158    98978.922111249994  9610.8826451249988  1    0
1159    98707.359968394405  9575.2439942234087  1    0
1160    98794.035741579064  9584.637264548428  1    0
1161    98794.618439999991  9585.6184332499997  1    0
1162    98849.474048137403  9590.8329458978023  1    0
1163    98848.414272499998  9589.1383694999986  1    0
1164    98761.362759704236  9552.6473476652409  1    0
1165    98903.167855000007  9564.3908275000013  1    0
1166    98704.39344089439  9575.3331245984336  1    0
1167    98703.424955283452  9576.0403733422954  1    0
1168    98757.19597500001  9545.3221957500009  1    0
1169    98704.581852639603  9578.6321722381981  1    0
1170    98782.251937499997  9554.4685572499984  1    0
1171    98840.533672384408  9521.218924980456  1    0
1172    98980.445122240402  9605.7856056598685  1    0
1173    98979.298090630517  9609.5909714113313  1    0
1174    98706.391174976932  9575.9409982388861  1    0
1175    98708.368859976938  9575.8815779888901  1    0
1176    98792.328924999994  9585.6495831249995  1    0
1177    98792.037575789524  9584.7229002742151  1    0
1178    98850.470504068711  9590.7488294489012  1    0
1179    98849.940616250009  9589.465443250001  1    0
1180    98762.446360795991  9552.1201164446757  1    0
1181    98900.000082500002  9563.7574352500014  1    0
1182    98705.914786349342  9578.9295739359513  1    0
1183    98704.30251990119  9580.2765838737705  1    0
1184    98705.408494046977  9576.1757839849088  1    0
1185    98793.036658684287  9584.6800824113216  1    0
1186    98791.184167500003  9585.6651580624984  1    0
1187    98851.117847293353  9592.4732127019197  1    0
1188    98898.416196250007  9563.4407391250024  1    0
1189    98792.461212978  9582.9303929837606  1    0
1190    98815.704119549337  9515.3162241352602  1    0
1191    98837.330205604783  9524.309027093901  1    0
1192    98839.298414364806  9525.4590733819186  1    0
1193    98895.627687254164  9559.2590346495417  1    0
1194    98762.174779290683  9548.0230151458727  1    0
1195    98835.222577741428  9519.0372467574452  1    0
1196    98701.359375010361  9580.4392817292919  1    0
1197    98696.809715796582  9561.5895075883691  1    0
1198    98709.53658  9578.0430439999982  1    0
1199    98710.20775500001  9576.8579205000005  1    0
1200    98709.920559158054  9579.6477970537126  1    0
1201    98709.049634392504  9579.0078735352399  1    0
1202    98895.198288511951  9564.010248489285  1    0
1203    98893.216456294162  9563.7412855540988  1    0
1204    98701.452578140219  9576.0981228670844  1    0
1205    98981.809951832562  9604.9167201266991  1    0
1206    98796.398555789521  9584.5360010242148  1    0
1207    98796.907955000002  9585.5872833749982  1    0
1208    98783.751699907458  9552.47774097603  1    0
1209    98842.380478875755  9521.5207699277435  1    0
1210    98980.998964401151  9609.7987404096912  1    0
1211    98705.620214940398  9574.8880610332126  1    0
1212    98793.473682499985  9585.6340081875005  1    0
1213    98791.784156317575  9587.6867098410967  1    0
1214    98850.06462762825  9591.8848975400469  1    0
1215    98898.936027841803  9561.2067621470796  1    0
1216    98793.489190361346  9583.5617794676109  1    0
1217    98763.266604153556  9548.9411443439894  1    0
1218    98697.910863257566  9562.2071162597258  1    0
1219    98717.888919999998  9594.7429159999992  1    0
1220    98707.7062106175  9578.9722570037629  1    0
1221    98896.217094674605  9563.9392242910089  1    0
1222    98699.283174625845  9575.81548551589  1    0
1223    98977.64271  9604.4279024999996  1    0
1224    98795.217148684285  9584.5866327863223  1    0
1225    98797.579962894757  9584.4853692621073  1    0
1226    98783.543552226824  9553.8812588835717  1    0
1227    98782.397629873696  9552.5661821922422  1    0
1228    98790.628888487947  9586.9297758241191  1    0
1229    98792.918403487929  9586.8986259491267  1    0
1230    98807.902446755892  9594.4819920622795  1    0
1231    98897.43678354031  9564.21997909735  1    0
1232    98895.833597903635  9565.7807986621392  1    0
1233    98700.719693990046  9574.0367940959059  1    0
1234    98795.718096090292  9582.4670080182168  1    0
1235    98794.059930908334  9586.6456402457843  1    0
1236    98798.080910300763  9582.3657444940018  1    0
1237    98796.933670684812  9583.2136172155988  1    0
1238    98795.781063504983  9586.9160092127877  1    0
1239    98793.937641059907  9588.7957463047678  1    0
1240    98777.392552500009  9553.3471617500018  1    0
1241    98703.795409999992  9563.2671085000002  1    0
1242    98703.418355000002  9564.9658235000006  1    0
1243    98715.209810201035  9576.5019425875744  1    0
1244    98715.208376144801  9577.8089669215333  1    0
1245    98717.078674999997  9570.7279940000008  1    0
1246    98808.173619999987  9508.1284027499969  1    0
1247    98816.55047821709  9508.979887329815  1    0
1248    98837.093957499994  9518.7504124999959  1    0
1249    98771.949112500006  9551.1666704999989  1    0
1250    98772.984843750004  9552.5061151250011  1    0
1251    98771.562831149946  9549.2010879307836  1    0
1252    98775.657319999998  9548.10753725  1    0
1253    98813.666586250009  9594.1379243750016  1    0
1254    98769.028811249998  9551.945417375  1    0
1255    98786.380703244111  9548.5058096593239  1    0
1256    98842.50600852471  9524.3728005877892  1    0
1257    98803.122349999991  9584.2478382500012  1    0
1258    98803.776500000007  9585.4938337499989  1    0
1259    98697.226599115733  9566.2008851511109  1    0
1260    98984.450742535526  9605.4686330396216  1    0
1261    98985.314234999998  9610.3343549999991  1    0
1262    98793.964290000004  9557.5212449999999  1    0
1263    98719.562989324811  9577.0310984999996  1    0
1264    98758.173858592316  9552.9270167677423  1    0
1265    98759.698139196727  9548.0859057533362  1    0
1266    98763.927024963574  9552.3504724555714  1    0
1267    98710.696242501057  9574.4851367317369  1    0
1268    98892.242731605074  9565.7386169183992  1    0
1269    98846.545279999991  9595.4617940000007  1    0
1270    98848.181618653907  9592.250288181187  1    0
1271    98698.455139323909  9559.946281245313  1    0
1272    98780.989987538385  9553.0067738617599  1    0
1273    98788.828220930402  9587.0159685109666  1    0
1274    98898.913779167022  9565.0712652445  1    0
1275    98704.217852994349  9572.9358608579951  1    0
1276    98793.943282188469  9581.6699281924721  1    0
1277    98701.161204999997  9563.2880982499992  1    0
1278    98809.591249999998  9509.8396161250021  1    0
1279    98814.337225960917  9507.8638792249531  1    0
1280    98772.666770496755  9550.0048867140958  1    0
1281    98815.183296846997  9592.646299773467  1    0
1282    98813.985164857193  9596.6412358770885  1    0
1283    98784.893114164704  9549.0814648379164  1    0
1284    98800.941859999992  9584.3412878750023  1    0
1285    98801.486984999996  9585.5249836249986  1    0
1286    98805.302839999989  9584.154388625002  1    0
1287    98698.529498285177  9565.5965919293176  1    0
1288    98983.744932500005  9609.4437320000034  1    0
1289    98757.488244474749  9548.1938991613661  1    0
1290    98762.839195758788  9554.3046578615031  1    0
1291    98708.836902510637  9574.0239525625657  1    0
1292    98890.886813346617  9562.317154194443  1    0
1293    98789.864687203328  9589.3562139949572  1    0
1294    98699.83260658737  9561.8558608145922  1    0
1295    98811.034555112434  9509.327548763682  1    0
1296    98773.455450000009  9547.6647303750015  1    0
1297    98774.440589410791  9550.0978105322429  1    0
1298    98812.766780350343  9595.5243636216055  1    0
1299    98783.555884299087  9548.9269636455265  1    0
1300    98781.789911811458  9547.9800344612577  1    0
1301    98784.498387224317  9546.6336745867775  1    0
1302    98795.722832722662  9500.9845020066477  1    0
1303    98800.095867009863  9492.8386119462775  1    0
1304    98819.434772319684  9517.3606666502492  1    0
1305    98823.295760000008  9549.7580217500035  1    0
1306    98818.430030000003  9548.7305495000019  1    0
1307    98816.342625051519  9574.4943384577946  1    0
1308    98817.647788942573  9573.5613959601997  1    0
1309    98810.570009593153  9576.6359277620704  1    0
1310    98810.327455074235  9583.5912671250135  1    0
1311    98812.42650999999  9513.2620428749979  1    0
1312    98825.875159999996  9551.2877632499967  1    0
1313    98825.892948346285  9552.8476560848667  1    0
1314    98976.12586375  9608.0124843749982  1    0
1315    98853.013122898425  9587.2696457155016  1    0
1316    98852.629382690589  9591.8270532295537  1    0
1317    98788.493245328849  9582.2856618229434  1    0
1318    98834.098427686447  9523.0852626803535  1    0
1319    98693.462249538206  9562.5874119796426  1    0
1320    98708.350688910432  9580.8717446449118  1    0
1321    98766.84984000001  9546.3363097500023  1    0
1322    98765.032996976835  9549.1041518769234  1    0
1323    98779.635342499998  9551.6962182499992  1    0
1324    98835.144140143311  9520.5062000750822  1    0
1325    98839.091358200545  9516.6372729511768  1    0
1326    98845.250154882029  9525.5033658289412  1    0
1327    98786.077137435146  9552.5020544692816  1    0
1328    98765.795381347736  9553.4045322883721  1    0
1329    98806.066015000004  9585.4626838749991  1    0
1330    98701.371482499992  9564.6831872499988  1    0
1331    98809.823565185667  9508.2043437309185  1    0
1332    98811.396066202331  9598.2426593686396  1    0
1333    98810.73013842004  9595.2481832769645  1    0
1334    98806.179486826368  9498.9290966548124  1    0
1335    98822.82157834628  9551.1532575848651  1    0
1336    98818.742590000009  9542.9430790000042  1    0
1337    98819.965714999998  9549.57774875  1    0
1338    98814.34267252576  9574.4805582288973  1    0
1339    98817.405617474244  9574.5016627711029  1    0
1340    98817.907270805619  9579.3623859636427  1    0
1341    98815.5610904028  9577.5375794818174  1    0
1342    98816.143426586146  9572.7448935597022  1    0
1343    98851.090073824176  9587.8263140209692  1    0
1344    98858.506829999998  9592.4714060000006  1    0
1345    98835.577338580799  9524.0588833722959  1    0
1346    98764.647970000005  9545.893502875002  1    0
1347    98833.278574983895  9519.6700137997359  1    0
1348    98809.127133073212  9505.3736157043713  1    0
1349    98789.322960000005  9556.2752499999988  1    0
1350    98698.949293878497  9568.2084193415303  1    0
1351    98811.362480000011  9503.5024495000016  1    0
1352    98822.190575541594  9553.8577243924119  1    0
1353    98827.875914837612  9549.3839163098855  1    0
1354    98824.780362287056  9548.7244943304886  1    0
1355    98816.86205152706  9576.2497058160334  1    0
1356    98849.474439022146  9587.9159317333797  1    0
1357    98855.617452142425  9591.6991231887496  1    0
1358    98763.710225826464  9547.3053412859026  1    0
1359    98821.3618774223  9552.2385277908452  1    0
1360    98825.911436070979  9549.7568354091163  1    0
1361    98847.261550581228  9587.0677276802544  1    0
1362    98787.002295000013  9555.6522525000019  1    0
1363    98788.817069156634  9552.3102009203267  1    0
1364    98826.575372326348  9547.8936053816487  1    0
1365    98850.123388941574  9585.007048072539  1    0
1366    98785.872391583966  9554.0378912013402  1    0
1367    98787.522034136375  9553.4762428314207  1    0
1368    98865.231732499989  9555.2507902499965  1    0
1369    98979.571258134529  9604.2404583171301  1    0
1370    98811.776728765748  9589.173548992334  1    0
1371    98869.639359743553  9558.1120782747203  1    0
1372    98870.799065130632  9557.8528287169465  1    0
1373    98870.626384871779  9558.2726441373597  1    0
1374    98876.248389999993  9553.2636339999954  1    0
1375    98870.835258456165  9560.1026503339508  1    0
1376    98869.956586902088  9559.2760169855337  1    0
1377    98868.930529792749  9561.246975929158  1    0
1378    98868.472786883285  9559.0552222562819  1    0
1379    98864.089869743533  9557.209306274719  1    0
1380    98891.727349778841  9563.559696473154  1    0
1381    98889.640311362571  9564.0659371306901  1    0
1382    99864.814879715705  9718.3728668631211  1    0
1383    99862.545881362632  9716.4108189620274  1    0
1384    99868.631819905233  9717.1766362877079  1    0
1385    99868.565928112119  9716.2593108252677  1    0
1386    98818.6795278965  9514.1428022664477  1    0
1387    98977.893760247302  9602.6717760177344  1    0
1388    98798.082012003986  9587.725221216233  1    0
1389    98705.465227500012  9565.2484597500024  1    0
1390    98706.429615000001  9563.2461187499994  1    0
1391    98805.366175737567  9591.9457312216018  1    0
1392    98849.81195059148  9593.5741581350158  1    0
1393    98785.520646579724  9586.7241208385203  1    0
1394    98901.223834345321  9565.8752646592857  1    0
1395    98796.243691782875  9578.9222126689438  1    0
1396    98985.512076205443  9607.7072917043461  1    0
1397    98983.186445919448  9612.2556897188024  1    0
1398    98706.880200800864  9573.1592267705146  1    0
1399    98710.584124812565  9570.9584477735752  1    0
1400    98702.45818803554  9560.7526188531065  1    0
1401    98777.859190000003  9548.5503441250003  1    0
1402    98790.967791228177  9579.6728607310579  1    0
1403    98711.902187588887  9579.4257123579464  1    0
1404    98767.265615609838  9548.5894488508511  1    0
1405    98840.801598058082  9518.0698870593496  1    0
1406    98767.795967111015  9553.5256407739216  1    0
1407    98823.332036070991  9548.2270939091159  1    0
1408    98820.374325000012  9545.9681150000069  1    0
1409    98824.779781945588  9546.3688721204035  1    0
1410    98821.190192500013  9547.4806330000065  1    0
1411    98816.83867891843  9569.6698229045141  1    0
1412    98836.01033628064  9527.2913049094986  1    0
1413    98830.104843634268  9552.1983007297713  1    0
1414    98825.055935038094  9556.4350802495301  1    0
1415    98832.111139999994  9554.3522499999999  1    0
1416    98765.427269867956  9547.4284588661631  1    0
1417    98818.905837589307  9554.5171792471665  1    0
1418    98829.867553731019  9546.333257749282  1    0
1419    98789.39259831878  9554.2515677954671  1    0
1420    98867.267471250001  9556.0187636250012  1    0
1421    98975.668828351831  9605.3226014862375  1    0
1422    98876.047965000005  9559.6691764999996  1    0
1423    98890.361418750006  9560.1790822500006  1    0
1424    99864.920938073512  9722.0551155021931  1    0
1425    99870.1189806365  9712.9189169455276  1    0
1426    98816.699773948247  9513.8589461332231  1    0
1427    98846.181147826122  9593.2536303351644  1    0
1428    98848.507719999994  9595.306044500001  1    0
1429    98771.753046377329  9554.0789530091824  1    0
1430    98717.547055000003  9586.2195179999999  1    0
1431    98843.327161363442  9519.0010010002661  1    0
1432    98769.775027880489  9553.7986199867828  1    0
1433    98822.616490305983  9545.7349709555492  1    0
1434    98817.792046487113  9571.5015039704831  1    0
1435    98833.227028432637  9526.0189299863487  1    0
1436    98817.795831974159  9551.6955732409169  1    0
1437    98865.827836128141  9559.8545190704372  1    0
1438    98873.830687500013  9559.0511932500012  1    0
1439    99868.73787826304  9720.8588849267799  1    0
1440    98849.765040897444  9598.7070344987387  1    0
1441    98768.301580657149  9557.1704591682501  1    0
1442    98776.291141594789  9549.8620705022895  1    0
1443    98778.651030904264  9550.1776154180243  1    0
1444    98865.877589615309  9557.5001264120801  1    0
1445    98816.036744494166  9511.4374207898818  1    0
1446    98847.697497516667  9597.5384838979462  1    0
1447    98717.376122499991  9581.9578189999993  1    0
1448    98711.304116329455  9583.0411411963178  1    0
1449    98770.457098498693  9556.1045330902525  1    0
1450    98817.945519514571  9512.2163192920816  1    0
1451    98714.343564894996  9580.229351195685  1    0
1452    98717.290656249999  9579.8269694999999  1    0
1453    98724.451552500002  9450.9870781874997  1    0
1454    98720.885657580031  9563.9804609999992  1    0
1455    98712.232130000004  9565.3105035000008  1    0
1456    98712.956184379815  9563.0503956227039  1    0
1457    98809.474011448401  9490.7585471717866  1    0
1458    98809.972053403821  9489.064477854803  1    0
1459    98809.254328551586  9489.3210988282135  1    0
1460    98805.776386495054  9492.7781585268622  1    0
1461    98806.887801908728  9490.4182823152878  1    0
1462    98813.500424469938  9488.1250960892703  1    0
1463    98812.97045587351  9494.2409986714556  1    0
1464    98814.194775080949  9493.1538498239115  1    0
1465    98791.841220093222  9533.4114174120969  1    0
1466    98793.556215239048  9531.6023199408792  1    0
1467    98970.082639131171  9597.3603197331577  1    0
1468    98970.501553276335  9607.0126238763114  1    0
1469    98668.691887499997  9695.1826771249998  1    0
1470    98670.05356249999  9697.3366972500007  1    0
1471    98661.549516024868  9698.3980614182583  1    0
1472    98662.387162500003  9695.8476983750006  1    0
1473    98640.985895000005  9308.2865006249995  1    0
1474    98817.118130074232  9582.4698716250132  1    0
1475    98815.6446  9585.3848089999992  1    0
1476    98809.58342000001  9525.9920985000026  1    0
1477    98697.469324151345  9581.3776291665999  1    0
1478    98898.076946365531  9558.8823888382212  1    0
1479    98693.853223324724  9568.5055515988915  1    0
1480    98702.478307499987  9563.2776033749997  1    0
1481    98701.809696517768  9562.0203585515501  1    0
1482    98703.12772306877  9562.125831699248  1    0
1483    98705.100409479564  9561.7376895337693  1    0
1484    98700.170812992728  9565.8254054031258  1    0
1485    98700.918766116723  9560.7648852033763  1    0
1486    98702.137280690833  9566.6903391392334  1    0
1487    98701.666732220983  9558.0297816409693  1    0
1488    98807.286000930078  9513.192180649472  1    0
1489    98801.866444594474  9580.4291558164405  1    0
1490    98753.725274608718  9549.758380762778  1    0
1491    98759.993384183603  9555.3535795196622  1    0
1492    98773.139489433845  9543.540018849455  1    0
1493    98813.64301  9511.4535094999992  1    0
1494    98694.71944056495  9557.8510124199638  1    0
1495    98764.332009433841  9541.7687913494537  1    0
1496    98830.934978255318  9517.9431570595898  1    0
1497    98811.711210000009  9505.8462442500004  1    0
1498    98843.800514124901  9584.4078600012945  1    0
1499    98813.96976057865  9590.4295100848267  1    0
1500    98809.806316736853  9590.5660366967368  1    0
1501    98884.693750564416  9561.4766671296293  1    0
1502    98800.369296165882  9587.5301047992798  1    0
1503    98804.964043438871  9588.6230242035235  1    0
1504    98705.987627648603  9569.0183181541361  1    0
1505    98708.619624304964  9571.8694343108746  1    0
1506    98769.05171  9546.7791166250008  1    0
1507    98827.315625814241  9545.2022033422236  1    0
1508    98792.546341649431  9552.2606299225718  1    0
1509    98792.057567227355  9555.3563131599149  1    0
1510    98870.544841723779  9544.9219812564879  1    0
1511    98871.911467723767  9564.0513716011428  1    0
1512    98890.779241933284  9556.4073235162614  1    0
1513    99866.425786077511  9720.1691202595121  1    0
1514    98844.271340000007  9591.2721357499995  1    0
1515    98842.486107732999  9514.3217965355707  1    0
1516    98821.255092735635  9543.5404148017751  1    0
1517    98820.562427933459  9568.8956057403066  1    0
1518    98779.504964526408  9546.0625172507316  1    0
1519    98863.195993749992  9554.4828168749973  1    0
1520    98872.235093472467  9556.6994105554641  1    0
1521    99870.242726267039  9718.9728896840988  1    0
1522    98766.670108575432  9555.539300063745  1    0
1523    98846.659751355706  9601.7879432467016  1    0
1524    98844.75700198581  9597.8119803838399  1    0
1525    98821.496865419016  9511.9662962242601  1    0
1526    98721.110797708709  9580.7408861660315  1    0
1527    98714.9541721899  9562.9607033113516  1    0
1528    98714.592145000002  9565.2002072499999  1    0
1529    98716.699319792009  9554.8750075089283  1    0
1530    98716.825739896012  9558.8730092544647  1    0
1531    98811.336449391325  9487.0931548168919  1    0
1532    98967.783614155065  9598.5086045838689  1    0
1533    98978.573576371404  9599.051271432354  1    0
1534    98972.917852401239  9609.7392824335839  1    0
1535    98813.311190323817  9519.8874494001739  1    0
1536    98696.848305101521  9572.3795872606024  1    0
1537    98707.727015380602  9560.7630159860291  1    0
1538    98704.196699730339  9566.8821124279239  1    0
1539    98809.846339519994  9513.9567336009422  1    0
1540    98807.011079519987  9510.5343068509483  1    0
1541    98806.227424594486  9580.2422565664147  1    0
1542    98804.109996572326  9581.8071514976764  1    0
1543    98775.042543067888  9545.4686987513705  1    0
1544    98766.235063067899  9543.6974712513693  1    0
1545    98819.852039999998  9503.0612645000001  1    0
1546    98816.304648633028  9590.5918809513332  1    0
1547    98802.658719239698  9587.4921983517634  1    0
1548    98799.571541666126  9591.6823868419378  1    0
1549    98807.240669852574  9587.6445635720265  1    0
1550    98708.597950692842  9569.2490254661334  1    0
1551    98869.128499286846  9554.1677109007414  1    0
1552    98874.187780941589  9562.0566730121391  1    0
1553    98892.166077247035  9558.469974542928  1    0
1554    98824.596138588488  9542.9873409257234  1    0
1555    98865.945000510183  9546.6219578688178  1    0
1556    98875.749337363915  9556.4539258176519  1    0
1557    98764.594249506001  9559.2470295485437  1    0
1558    98714.547834460987  9574.6476583761741  1    0
1559    98713.576260860078  9568.7671120449795  1    0
1560    98713.818845143702  9559.968589553333  1    0
1561    98972.992184565577  9600.1052323665754  1    0
1562    98975.262634453757  9610.2520831377406  1    0
1563    98702.886397518596  9569.7994605056283  1    0
1564    98811.612856445921  9515.3789166422594  1    0
1565    98777.152579540416  9546.3681504991982  1    0
1566    98815.306724267444  9588.073008010575  1    0
1567    98821.843427499989  9592.5025557499994  1    0
1568    98801.553733197768  9589.9104390521443  1    0
1569    98768.345099540427  9544.5969229992006  1    0
1570    98865.057021786823  9552.6317641507521  1    0
1571    98717.015417499992  9567.9089524999999  1    0
1572    98716.888949948014  9560.872010127232  1    0
1573    98720.401022012244  9559.7604557061786  1    0
1574    98719.115259837185  9561.802112190464  1    0
1575    98976.947568357398  9611.4077393811458  1    0
1576    98813.093252069099  9517.1823687297801  1    0
1577    98806.635570000013  9520.5416442500045  1    0
1578    98780.28164999999  9534.706546999998  1    0
1579    98768.884561124549  9540.4066845476682  1    0
1580    98770.536276068538  9545.0929034725632  1    0
1581    98978.377938790451  9612.8114034994542  1    0
1582    98974.056441692752  9613.8168342539411  1    0
1583    98809.668102107855  9518.4846332651341  1    0
1584    98769.932655678669  9542.6714638433969  1    0
1585    98983.116482499987  9615.1878862499943  1    0
1586    98976.267690570676  9613.5311771122433  1    0
1587    98809.487959908627  9516.210084177199  1    0
1588    98978.001264943407  9615.1603858130129  1    0
1589    98805.161645000015  9517.8164171250064  1    0
1590    98975.47672202588  9616.1097315633306  1    0
1591    98807.509676885544  9517.5111704684805  1    0
1592    98806.06315897168  9515.5676420344007  1    0
1593    98742.583050000001  9275.2509160000009  1    0
1594    98695.950465000002  9693.8996729999999  1    0
1595    98694.493900000001  9689.8446645000004  1    0
1596    98654.954213975128  9699.347407581743  1    0
1597    98655.964030000003  9696.6157168749996  1    0
1598    98776.058029111999  9493.9118813869991  1    0
1599    98775.968692405761  9490.9381075052552  1    0
1600    98834.664534999989  9514.6849669999938  1    0
1601    98886.485833636892  9564.0726666036226  1    0
1602    98858.191553506593  9537.7358865927217  1    0
1603    98852.094079999995  9539.7477330000002  1    0
1604    98680.475768007731  9693.9397155453753  1    0
1605    98678.877292343372  9689.9376682789843  1    0
1606    98902.12381571572  9561.3742051093759  1    0
1607    98817.423683693851  9596.8063012377188  1    0
1608    98788.75832425867  9544.2329150877104  1    0
1609    98808.02216069377  9572.7447926984551  1    0
1610    98812.774071707361  9578.70022772827  1    0
1611    98788.588980558547  9549.7739400796618  1    0
1612    98786.965256698197  9589.2406946177325  1    0
1613    98904.82734224973  9568.5792584104129  1    0
1614    98898.643537590178  9569.5683555163996  1    0
1615    98988.725705494609  9601.7018695354673  1    0
1616    98988.022915942231  9609.2173614912972  1    0
1617    98782.472821316929  9559.0560806569792  1    0
1618    99867.729454496075  9713.8391803078284  1    0
1619    98846.451512610525  9521.6125461024476  1    0
1620    98774.69586713225  9557.3891011300566  1    0
1621    98714.964850515084  9445.2954742463444  1    0
1622    98802.906076339626  9489.9846912702778  1    0
1623    98976.701913656972  9600.5739087016955  1    0
1624    98660.904119935687  9703.2608781935051  1    0
1625    98704.763159004884  9558.6061794533798  1    0
1626    98755.42286236494  9552.0821614308315  1    0
1627    98896.184627690309  9554.7288510077342  1    0
1628    98842.308897500014  9587.8300745000015  1    0
1629    98821.056071109531  9538.7948468316717  1    0
1630    99886.507878107397  9715.5606162732383  1    0
1631    98804.232149999996  9479.1075214999983  1    0
1632    98804.842327569844  9508.0025353701094  1    0
1633    98801.430302499997  9512.7434762499979  1    0
1634    98815.107959807559  9504.143005610229  1    0
1635    98809.79951104967  9587.5463016933754  1    0
1636    98719.286564096998  9573.4989113296961  1    0
1637    98710.814020542472  9560.6808917223043  1    0
1638    98974.941800666376  9595.1242007452256  1    0
1639    98802.420648406551  9592.8748791641483  1    0
1640    98719.45727296629  9566.4439283358824  1    0
1641    98772.326076943005  9540.1889281147141  1    0
1642    98977.908186302433  9618.7442288154853  1    0
1643    98970.70190746311  9617.4810481316435  1    0
1644    99867.292844494674  9709.1430779696893  1    0
1645    98689.819292500004  9694.8809849999998  1    0
1646    98772.599953668003  9492.6314780805005  1    0
1647    98773.092078671471  9489.9487364210472  1    0
1648    98900.636720309063  9559.2572476224141  1    0
1649    98788.711066409815  9547.004571022926  1    0
1650    98785.153028348126  9557.9070327054997  1    0
1651    98780.42150068401  9556.8557699645953  1    0
1652    99863.811828625971  9712.4525460298846  1    0
1653    98771.268932461011  9560.4586346273518  1    0
1654    98969.948969999998  9602.4057159999975  1    0
1655    98893.615416437562  9555.9979541052726  1    0
1656    99872.833651547582  9722.5835676795195  1    0
1657    98814.247784128631  9483.7729946067266  1    0
1658    98817.540183668316  9506.0511801130142  1    0
1659    98975.994900866004  9597.7931661374387  1    0
1660    98719.488616388713  9569.2636859674913  1    0
1661    98686.753706250005  9695.3716409999997  1    0
1662    98899.871244908718  9555.5570891913158  1    0
1663    98793.648076700614  9545.7025181844856  1    0
1664    98787.606896101526  9558.0338500961043  1    0
1665    98778.108091049362  9555.7911793314197  1    0
1666    99850.575057500013  9701.70313025  1    0
1667    98719.753704551084  9452.0278817812341  1    0
1668    99878.524084053701  9716.0695686366198  1    0
1669    98806.592164999995  9483.2257877499978  1    0
1670    98724.471597081938  9567.7982439103289  1    0
1671    98905.13304963932  9557.6795164495543  1    0
1672    98791.75252710066  9548.5260274250741  1    0
1673    98790.929255841023  9559.5592718288808  1    0
1674    98786.155149975937  9562.320471987905  1    0
1675    98777.783998371786  9559.5413229785372  1    0
1676    98714.937354227368  9453.1713431304852  1    0
1677    99874.532187026853  9716.3240448183096  1    0
1678    99872.638469363286  9718.0549497941665  1    0
1679    99876.30539666026  9720.1654213289221  1    0
1680    98927.497904999997  9555.6790484999965  1    0
1681    98920.132539944127  9573.0135365800215  1    0
1682    98853.866454999996  9555.7592105000003  1    0
1683    98857.088777500001  9552.1788967499997  1    0
1684    98643.597921049804  9701.5958604518164  1    0
1685    98649.422489999997  9697.4867326250023  1    0
1686    98730.890701136464  9454.6394447034436  1    0
1687    98799.172885000007  9510.3957625000039  1    0
1688    98793.069509968584  9496.8196946684166  1    0
1689    98794.15164270383  9495.1697356068689  1    0
1690    98818.551195000007  9522.9567560000014  1    0
1691    98849.670601451391  9533.3242542980952  1    0
1692    98802.180783413176  9499.0309348274059  1    0
1693    98821.614668210896  9577.8533754814434  1    0
1694    98858.399083251148  9587.083300190543  1    0
1695    98785.902417554753  9583.7651481614703  1    0
1696    98839.984973645973  9530.5576241460403  1    0
1697    98821.266704563954  9557.7662830730824  1    0
1698    98832.363112623396  9531.5891544413043  1    0
1699    98836.931367500016  9544.7488297500022  1    0
1700    98813.348905718958  9555.0741099864408  1    0
1701    98861.69033666038  9560.6794039532379  1    0
1702    98703.119365870749  9585.5753167781713  1    0
1703    98818.628998885149  9489.9792761029566  1    0
1704    98697.096502896282  9578.179223858313  1    0
1705    98692.428395145689  9565.6276965372017  1    0
1706    98754.792457597578  9547.017539953662  1    0
1707    98829.465308675906  9522.391443100576  1    0
1708    98827.064596814584  9514.9342296344057  1    0
1709    98795.435653741093  9554.303248282984  1    0
1710    98840.074670666712  9600.5802425960537  1    0
1711    98877.571871481297  9562.7749229036672  1    0
1712    98801.067531606008  9521.7918931061122  1    0
1713    98653.55660967961  9691.0352978980554  1    0
1714    98778.845306140051  9491.9274785894631  1    0
1715    98841.836674999999  9502.2048469999972  1    0
1716    98882.040691815564  9565.2246991594493  1    0
1717    98888.074365822031  9569.3631092696032  1    0
1718    98859.325110000005  9542.1223455000036  1    0
1719    98669.678619140381  9689.428152730914  1    0
1720    98815.455370997268  9601.9118612339062  1    0
1721    98809.5977021461  9579.8828580503141  1    0
1722    98788.210187962861  9594.4383447364726  1    0
1723    99003.08090500001  9621.3258630000037  1    0
1724    98695.158924999996  9544.844067  1    0
1725    98755.462035621604  9556.8558957426976  1    0
1726    98817.286029999988  9500.1789647499972  1    0
1727    98822.753281706071  9500.5680036942795  1    0
1728    98824.622366638549  9497.1334825881386  1    0
1729    98709.137193373041  9555.7103571076004  1    0
1730    98804.743375092992  9595.1048053837276  1    0
1731    98778.288045435707  9488.8711359169538  1    0
1732    98891.471630151005  9551.1748838199455  1    0
1733    98822.324309131844  9505.8382687597859  1    0
1734    98978.903519032552  9595.1032607005145  1    0
1735    98689.473800000007  9691.6823942499977  1    0
1736    98689.156297107504  9700.56075172899  1    0
1737    98906.226794018832  9561.6431628048704  1    0
1738    98722.542969287257  9453.495034559226  1    0
1739    98926.435340055876  9565.1465414199793  1    0
1740    98796.096093504937  9492.8811784731388  1    0
1741    98808.143134037193  9501.9273164767437  1    0
1742    98799.311287277334  9496.2689139933518  1    0
1743    98780.466089791982  9584.5678598790546  1    0
1744    98784.575110304169  9578.4325820710783  1    0
1745    98985.862225639867  9613.7864678709539  1    0
1746    98691.61302324479  9580.4393357488243  1    0
1747    98687.555736533759  9562.2748156261841  1    0
1748    98875.218941660874  9565.5296072070523  1    0
1749    98801.432653178796  9518.0720271508544  1    0
1750    98660.221531640389  9690.4256846059143  1    0
1751    98650.579730510799  9693.677997351233  1    0
1752    98779.516104556009  9495.1922846935013  1    0
1753    98773.40765380238  9484.3546082891353  1    0
1754    98851.364663548607  9535.018317201906  1    0
1755    98848.296666270078  9536.3922509224558  1    0
1756    98853.52073869342  9531.1681809864567  1    0
1757    98666.750642534578  9691.8879508023983  1    0
1758    98750.454646415383  9553.9296258811555  1    0
1759    98801.337947931825  9501.5905153780586  1    0
1760    98804.432659982936  9512.1441651491914  1    0
1761    98711.675757747347  9557.6220726228221  1    0
1762    98807.099260200979  9598.7312448087687  1    0
1763    98798.88213511763  9597.3293132809831  1    0
1764    98893.756032844249  9553.04747567716  1    0
1765    98692.884878750003  9694.3903289999998  1    0
1766    98685.759604790437  9698.9826789118797  1    0
1767    98719.250331891104  9448.0427740349533  1    0
1768    98724.350559098209  9456.9722387218371  1    0
1769    98718.758954108853  9457.3040125067764  1    0
1770    98781.781760566577  9590.5433029487795  1    0
1771    98688.039166114366  9569.5924513672489  1    0
1772    98657.127941837505  9692.8570848862983  1    0
1773    98647.39928030179  9694.7918288105939  1    0
1774    98781.369844413872  9489.2639273153163  1    0
1775    98777.850135000001  9476.8493524999994  1    0
1776    98844.094079999995  9539.7477330000002  1    0
1777    98845.274960666968  9533.1974044410053  1    0
1778    98850.092185792353  9527.3039402396153  1    0
1779    98663.667239270173  9692.8742285312255  1    0
1780    98796.307586087496  9515.4100120942803  1    0
1781    98712.72926288881  9553.5817888015135  1    0
1782    98895.25566739963  9548.8883647895018  1    0
1783    98695.287469607501  9699.5794397289901  1    0
1784    98691.890777290435  9698.0013669118725  1    0
1785    98995.766872500011  9616.7207320000052  1    0
1786    98664.03432719328  9688.7088910161001  1    0
1787    98896.495429511357  9551.6852951924593  1    0
1788    98992.109856249997  9614.4181664999996  1    0
1789    98993.375657093129  9609.9043444928302  1    0
1790    98909.108906212059  9544.7803552598452  1    0
1791    98901.92603810603  9544.6386566299225  1    0
1792    98899.743308942532  9548.5724137495217  1    0
1793    97970.093184687488  9715.8194239999993  1    0
1794    98789.290518397582  9490.0728719112903  1    0
1795    98828.264925596683  9512.1767575043177  1    0
1796    98915.672779109154  9526.513157822239  1    0
1797    98894.655582285399  9530.9471834471824  1    0
1798    98819.622565154626  9589.9571150815445  1    0
1799    98830.004694999996  9595.8667422500002  1    0
1800    98785.504449905755  9494.2177980052529  1    0
1801    98636.339409999986  9699.2287641250023  1    0
1802    98636.189377500006  9703.3397309999982  1    0
1803    98633.931989679608  9693.6483451480835  1    0
1804    98637.496650510788  9695.420028851242  1    0
1805    98609.796986175672  9317.8658287950202  1    0
1806    98114.157696846974  9525.5836015268342  1    0
1807    98111.98728840964  9526.5548485207655  1    0
1808    98112.159228423494  9525.6618572634161  1    0
1809    98113.019736802409  9522.0799961905941  1    0
1810    98037.362014999992  9527.7676169999995  1    0
1811    98111.074077167897  9523.5068648450906  1    0
1812    98073.761387499995  9526.7538649999988  1    0
1813    98109.517462485863  9519.3443127279807  1    0
1814    98091.96107374999  9526.2469889999993  1    0
1815    98109.629722884667  9529.3854117528517  1    0
1816    98101.060916874994  9525.9935509999996  1    0
1817    98105.610838437497  9525.8668319999997  1    0
1818    97954.451803125005  9711.9952473906251  1    0
1819    98729.185068139122  9442.4997729723145  1    0
1820    97938.492507187504  9715.8194239999993  1    0
1821    97962.821136874991  9711.9812576093773  1    0
1822    97962.193015312514  9715.8194239999993  1    0
1823    97930.592337812501  9715.8194239999993  1    0
1824    97946.082469374989  9712.0092371718765  1    0
1825    97946.392676562507  9715.8194239999993  1    0
1826    98829.390227186668  9558.1261782265792  1    0
1827    99859.999189969516  9723.069954851755  1    0
1828    98961.427292187305  9606.1387188681929  1    0
1829    98704.127508954916  9553.4156621946968  1    0
1830    98885.811102307838  9554.9524416125041  1    0
1831    98817.757759202665  9564.748160940484  1    0
1832    98810.003286083287  9522.2426242592974  1    0
1833    98854.094079999995  9545.0649840765709  1    0
1834    98811.12350211486  9570.0202970796036  1    0
1835    98893.987336670543  9570.0866235833873  1    0
1836    98809.817490789967  9484.1128301088611  1    0
1837    98764.094060000003  9532.9645154999998  1    0
1838    98973.987652657306  9619.9233305779617  1    0
1839    98967.269664575753  9612.3106080976704  1    0
1840    99854.671966945665  9713.3125395533698  1    0
1841    99861.120511250017  9700.7566913749997  1    0
1842    99868.56502816781  9726.9950276367508  1    0
1843    98725.686370152078  9574.7749792423674  1    0
1844    98796.277582660259  9549.5158633557658  1    0
1845    98796.05963226498  9563.9205367143495  1    0
1846    98647.078523429911  9710.9781180655555  1    0
1847    98737.420649275591  9451.2276136757573  1    0
1848    98788.816114999994  9501.086511499996  1    0
1849    98855.496599159713  9581.1211637066845  1    0
1850    98864.911773359112  9566.0486673025589  1    0
1851    98707.475114705594  9585.1588595646226  1    0
1852    98825.207123729444  9519.6472478264677  1    0
1853    98798.605620000002  9558.767240000001  1    0
1854    98800.638078238248  9531.368169917685  1    0
1855    98821.868324069917  9601.3283730058774  1    0
1856    98976.885538926843  9588.0906969646421  1    0
1857    98983.060011608773  9597.4384189098055  1    0
1858    98798.044344904512  9488.0079673780565  1    0
1859    98801.28704572987  9505.7819744169119  1    0
1860    98802.962634326337  9495.2991755246403  1    0
1861    98780.41141500001  9511.6449055000048  1    0
1862    98775.422132500011  9504.5973017500073  1    0
1863    98684.660463181513  9705.7931137652959  1    0
1864    98681.769893094446  9699.3834987074315  1    0
1865    98724.626247975  9464.1852762390627  1    0
1866    98647.014989497533  9688.5968522397052  1    0
1867    98847.65532250001  9548.6782432500004  1    0
1868    98842.094079999995  9536.0055691064827  1    0
1869    98797.40856161555  9519.5548966062943  1    0
1870    98988.838868757579  9615.5578806779722  1    0
1871    97972.068227031239  9722.8218344552788  1    0
1872    98822.933669999999  9585.3380839999991  1    0
1873    98785.895147500007  9498.7795997500016  1    0
1874    98642.417145758882  9694.6201033950983  1    0
1875    98625.708413087836  9316.1846108975096  1    0
1876    98107.821085580028  9523.4798905570733  1    0
1877    98103.210470291757  9521.4273649958723  1    0
1878    97932.567380156252  9722.8218344552788  1    0
1879    98958.786999364806  9602.0995313145104  1    0
1880    98814.110063060405  9524.6007465189705  1    0
1881    98809.544378550767  9478.7986426823209  1    0
1882    98777.692041124537  9542.1779120476676  1    0
1883    98630.849740000005  9295.0815275000041  1    0
1884    98642.720834353502  9705.8311078683546  1    0
1885    98732.712205676697  9450.1708539309238  1    0
1886    98870.944700758584  9570.6537282736463  1    0
1887    98779.425666780764  9500.7464720464541  1    0
1888    98850.094079999995  9543.2816142567262  1    0
1889    98993.262759999998  9629.6546894999992  1    0
1890    97960.217972968763  9722.8218344552788  1    0
1891    97968.118142343737  9720.1562255450463  1    0
1892    98638.851692632335  9688.2217346268153  1    0
1893    98633.664126543925  9315.3440019487552  1    0
1894    97936.517464843753  9720.1562255450481  1    0
1895    97928.61729546875  9720.1562255450481  1    0
1896    98805.236913872301  9487.0794524171997  1    0
1897    98770.380642511853  9536.7469224663673  1    0
1898    98684.117945000005  9280.5094504999997  1    0
1899    99860.260032464401  9713.4981755202498  1    0
1900    98776.539436524487  9497.9216461416654  1    0
1901    98784.002774010281  9504.1783792830611  1    0
1902    97948.367718906258  9722.8218344552788  1    0
1903    97964.168057656265  9719.3370191796366  1    0
1904    98635.369126344624  9311.3591623781595  1    0
1905    97940.467549531255  9719.337019179653  1    0
1906    98801.502108634188  9486.4706845612345  1    0
1907    98776.083904999992  9533.8987894999991  1    0
1908    98765.913293807782  9537.056380221451  1    0
1909    97944.417634218757  9719.2416274368825  1    0
1910    98797.048048419805  9481.1096647577797  1    0
1911    98657.524183810572  9282.9013766018925  1    0
1912    98642.310800728126  9304.174049803205  1    0
1913    99860.306706650648  9707.1015298935818  1    0
1914    97942.586093143575  9725.2315793899161  1    0
1915    98699.466965  9400.6414949999998  1    0
1916    98656.059142368627  9400.7189715613749  1    0
1917    98762.428056909412  9500.2573383123363  1    0
1918    98750.545063106416  9496.1799359227916  1    0
1919    98739.204656636313  9501.590837400372  1    0
1920    98478.73811199436  9512.9076073405759  1    0
1921    98491.760982270614  9710.9626020502037  1    0
1922    98489.000288750001  9707.0164067500009  1    0
1923    97847.640559374995  9715.8194239999993  1    0
1924    97849.835131249987  9712.1701196562517  1    0
1925    98118.428114999988  9711.4643452500004  1    0
1926    98120.265844999987  9716.1373364999999  1    0
1927    98495.085772733408  9516.4149172099187  1    0
1928    98624.483377500001  9700.7250619999995  1    0
1929    98836.026939999996  9539.7477330000002  1    0
1930    98837.075720000008  9591.8795585000007  1    0
1931    98825.340804093721  9581.8038021034135  1    0
1932    98823.232798257086  9589.0487922488683  1    0
1933    98506.41735226367  9706.5100367360428  1    0
1934    98504.025846811855  9710.6176481506081  1    0
1935    98468.488032499998  9707.6712905000004  1    0
1936    98148.039215428871  9524.2568739378294  1    0
1937    98529.76648625001  9705.8517287499999  1    0
1938    98480.361906249993  9711.4675896249992  1    0
1939    98075.807142500009  9711.7923955624992  1    0
1940    98076.745471250004  9715.8194239999993  1    0
1941    97833.09646375  9712.1980992187509  1    0
1942    97830.553363750019  9715.9305311874978  1    0
1943    98053.044963124994  9715.8194239999993  1    0
1944    98050.699141250007  9711.8343649062499  1    0
1945    97863.440898125002  9715.8194239999993  1    0
1946    97866.573798749989  9712.1421400937525  1    0
1947    98759.908162293563  9541.8267947712466  1    0
1948    98866.55049086189  9544.7094696282438  1    0
1949    98866.933490868701  9553.821928510044  1    0
1950    98862.862013368707  9552.2859817600529  1    0
1951    98868.813415255092  9548.4206099344083  1    0
1952    98860.005458221349  9550.6116749659486  1    0
1953    98864.430563681308  9549.468697080576  1    0
1954    98856.786576250714  9548.1188269514205  1    0
1955    98868.451950809205  9551.322614876517  1    0
1956    98853.6739974175  9605.7523105851596  1    0
1957    98699.513999999996  9688.006934750003  1    0
1958    98702.081637499999  9692.918361  1    0
1959    98674.667981734237  9691.4020763283097  1    0
1960    98803.84865936487  9575.7092868200361  1    0
1961    98848.825673031621  9515.5974938151085  1    0
1962    98668.595363137982  9705.1120165175453  1    0
1963    98819.529293553584  9534.1441263662782  1    0
1964    98795.757756532155  9541.4045119464645  1    0
1965    98727.836893757703  9561.0443332973518  1    0
1966    98780.694723949302  9564.7709091077686  1    0
1967    99876.114655781799  9709.7106648513527  1    0
1968    99882.850460420203  9721.0619767511689  1    0
1969    98825.547272929907  9572.8507386037472  1    0
1970    98981.970500777985  9619.1015555213962  1    0
1971    98816.521854845123  9558.7317107408762  1    0
1972    98856.702245760418  9559.9305551429334  1    0
1973    98792.441909830915  9593.0056130616977  1    0
1974    98912.706373380177  9557.7224325696679  1    0
1975    98856.095029114775  9534.2821451875534  1    0
1976    98809.875150964086  9604.0053178891667  1    0
1977    98717.650933192112  9440.2845398295394  1    0
1978    98714.978815257549  9441.2954986231725  1    0
1979    98718.294838650836  9431.8000402931302  1    0
1980    98719.298488042012  9436.1428926293302  1    0
1981    98708.690770135741  9550.8618086761398  1    0
1982    98716.540264896001  9549.8449392544644  1    0
1983    98905.429770148592  9549.1552227037246  1    0
1984    97971.190470625006  9711.9672678281258  1    0
1985    98829.455675000005  9507.7077420000023  1    0
1986    98832.162532413582  9603.3058889469412  1    0
1987    98116.118211740191  9514.503588255875  1    0
1988    97954.292845937511  9715.8194239999993  1    0
1989    97956.267888281262  9720.1562255450481  1    0
1990    97952.31780359376  9719.337019179653  1    0
1991    97952.347069676078  9704.5804848755561  1    0
1992    97937.713135625003  9712.0232269531261  1    0
1993    97929.343801874988  9712.0372167343776  1    0
1994    98825.119043847837  9562.6732867421197  1    0
1995    98833.877826280266  9558.4938098806542  1    0
1996    98966.060045453152  9605.121221428335  1    0
1997    98698.244456850385  9555.9440491795558  1    0
1998    98897.234183440378  9578.081649290998  1    0
1999    98968.015287026559  9624.5269091573991  1    0
2000    98649.928601387364  9704.2555065844845  1    0
2001    98712.152391452124  9589.0953168957803  1    0
2002    98794.05723014682  9489.240016005233  1    0
2003    98677.303665103551  9700.6020478018327  1    0
2004    98659.084527987769  9682.8082531179334  1    0
2005    98846.094079999995  9543.2125235458097  1    0
2006    98796.338748793569  9525.4156658912507  1    0
2007    98785.400697500008  9518.6925092500023  1    0
2008    98103.513743336021  9532.3165652219286  1    0
2009    98812.531270000007  9531.4425527500025  1    0
2010    98782.462786108328  9542.3167753732014  1    0
2011    98684.127618025537  9721.6115583353312  1    0
2012    98729.363657587266  9447.8308982403669  1    0
2013    98989.587744999997  9623.8563682499989  1    0
2014    97965.167460989556  9724.4510007441459  1    0
2015    98629.190550368672  9311.072705313707  1    0
2016    98639.078314567392  9301.4388559456183  1    0
2017    98671.901136184315  9398.4759307806871  1    0
2018    98755.109764205859  9490.943470955277  1    0
2019    98482.721835997174  9512.5471311702877  1    0
2020    98481.252375426993  9518.5005750654018  1    0
2021    98486.293570000009  9505.4066815000006  1    0
2022    98491.878309420135  9596.0970653329114  1    0
2023    98106.405827499984  9715.9783802499987  1    0
2024    98105.486962499999  9711.6143806250002  1    0
2025    98491.024332316607  9514.0457763685317  1    0
2026    98834.901789815136  9549.7415416595904  1    0
2027    98832.777013503102  9579.2082125521483  1    0
2028    98067.437808750008  9711.8063853437488  1    0
2029    98068.845301875001  9715.8194239999993  1    0
2030    98084.645640625007  9715.8194239999993  1    0
2031    98084.176476249995  9711.7784057812496  1    0
2032    97837.281130624993  9712.1911043281252  1    0
2033    97835.14687687502  9715.8749775937486  1    0
2034    98754.685546719062  9540.5743440029146  1    0
2035    98760.85568146022  9536.8546372607507  1    0
2036    98868.488033506583  9537.4504140927202  1    0
2037    98674.57343194641  9684.3484529893012  1    0
2038    98803.510637858417  9570.8133747416996  1    0
2039    98798.290585052397  9545.3145250134748  1    0
2040    99878.667735840805  9727.2583181051832  1    0
2041    98979.305901865067  9626.1242550775041  1    0
2042    98792.440217756812  9599.9663962975701  1    0
2043    98860.328083394532  9528.1616563301868  1    0
2044    98860.094770558047  9534.2173796591305  1    0
2045    98720.153026596061  9443.0980719147738  1    0
2046    98721.471787043745  9439.4059587270731  1    0
2047    98723.294024325412  9432.0109686465639  1    0
2048    98723.844116490392  9442.334890790622  1    0
2049    98726.366490134504  9445.1593801575582  1    0
2050    98707.880979565321  9443.2707307987694  1    0
2051    98827.936276838649  9600.4992484285267  1    0
2052    97953.31720692708  9724.4510007442022  1    0
2053    97948.167123115752  9707.4113901860419  1    0
2054    97973.270404051073  9704.5455104224566  1    0
2055    97960.716403426079  9704.5664950943319  1    0
2056    97927.239068426075  9704.6224542193322  1    0
2057    98841.615205481736  9561.479193739573  1    0
2058    98831.162146707284  9564.0701301962363  1    0
2059    98693.452336770788  9551.297301498138  1    0
2060    98656.056209050148  9710.818787000193  1    0
2061    98705.909101106634  9591.7665740258308  1    0
2062    98794.912170976037  9484.9392387133394  1    0
2063    98672.751671345759  9701.0274755709197  1    0
2064    98791.418737391621  9518.9272657349829  1    0
2065    98560.370945368355  9724.8812469444565  1    0
2066    98733.824716684976  9445.0129015259117  1    0
2067    98996.795855451142  9623.1972332596997  1    0
2068    98781.924295093224  9528.7205839121016  1    0
2069    98633.448189999996  9299.7382987499986  1    0
2070    98644.727620731981  9307.222322642252  1    0
2071    98649.611297529031  9310.5089640371207  1    0
2072    98648.922957557617  9301.4138310753387  1    0
2073    98682.407633297058  9402.7167606511248  1    0
2074    98480.195419184281  9506.8198530064801  1    0
2075    98494.642710579865  9642.8470966670884  1    0
2076    98111.957538749994  9711.5393629374994  1    0
2077    98113.335836249986  9716.0578583749993  1    0
2078    98099.016386250005  9711.6893983124992  1    0
2079    98099.475818749983  9715.8989021249981  1    0
2080    98071.622475625016  9711.7993904531231  1    0
2081    98088.361143124988  9711.7714108906257  1    0
2082    98088.595725312509  9715.8194239999993  1    0
2083    98090.57076765626  9722.8218344552533  1    0
2084    98086.620682968758  9720.1562255450372  1    0
2085    98080.695555937506  9715.8194239999993  1    0
2086    98082.670598281256  9719.3370191796512  1    0
2087    98078.720513593755  9719.2416274368825  1    0
2088    98072.795386562502  9720.3801460957457  1    0
2089    98080.526452692953  9726.2917337635463  1    0
2090    97835.176397176067  9704.7763418130817  1    0
2091    97837.542114633863  9723.9902323715232  1    0
2092    98806.770369999998  9542.1559754999998  1    0
2093    98976.973434279935  9622.7436340495842  1    0
2094    98991.838818699136  9618.9040222097083  1    0
2095    98710.594220780418  9439.2801789082405  1    0
2096    97943.983906908121  9708.2862413411021  1    0
2097    97969.090457490762  9707.3764157329351  1    0
2098    97956.536456865768  9707.397400404805  1    0
2099    97935.608402176076  9704.6084644380571  1    0
2100    97931.428455615751  9707.4393697485611  1    0
2101    98789.543859069003  9479.4347462747755  1    0
2102    98675.718174162757  9708.2030399050873  1    0
2103    98643.99423158243  9298.9068571294229  1    0
2104    98501.880584512677  9498.8051865801026  1    0
2105    98490.837883338318  9508.5330471942289  1    0
2106    98496.531620289941  9674.7912983335445  1    0
2107    98069.517742176089  9704.3846279380541  1    0
2108    98079.991809375002  9711.7854006718735  1    0
2109    98083.864535339148  9723.5129896164963  1    0
2110    97839.365784365757  9707.5932573423033  1    0
2111    97832.911112653252  9720.9459765981574  1    0
2112    98864.748505636031  9540.9344349789062  1    0
2113    98865.224616011779  9533.4111851857851  1    0
2114    98973.315882971496  9627.7621266616879  1    0
2115    98985.027675793084  9622.6827855431475  1    0
2116    97939.799408954772  9708.3942929679015  1    0
2117    97964.907241283116  9708.2512668879772  1    0
2118    97944.524645256053  9700.4331274362576  1    0
2119    98495.442912724175  9511.136815601405  1    0
2120    98497.948302572491  9698.7494495833871  1    0
2121    98090.441076551069  9704.349653484931  1    0
2122    98073.707129365779  9707.2015434672921  1    0
2123    98151.266196704833  9727.6562293650386  1    0
2124    98985.562778336258  9630.0496793211987  1    0
2125    97965.956939861775  9702.831813467832  1    0
2126    97941.784480467832  9704.1896227779143  1    0
2127    98497.476075144965  9690.7633991667717  1    0
2128    98086.261129990758  9707.1805587954186  1    0
2129    98077.893246908134  9708.0624048411009  1    0
2130    97938.31547898041  9698.7815192032667  1    0
2131    98077.326257869994  9700.2111425607982  1    0
2132    98082.078082704771  9708.1564666866507  1    0
2133    98080.078965669454  9703.9584562772252  1    0
2134    98085.345565230993  9697.2050078701723  1    0
2135    98718.460306712383  9401.5860923353484  1    0
2136    98787.882386616475  9392.053717514942  1    0
2137    97816.175523749989  9712.00812209375  1    0
2138    97812.179311250016  9716.1527455624982  1    0
2139    98567.381633749988  9704.7912032500008  1    0
2140    98945.877895689089  9566.0089584160451  1    0
2141    98452.078227499995  9708.1951975000011  1    0
2142    98454.028687499987  9713.1301427500002  1    0
2143    98607.312852499992  9702.8466420000004  1    0
2144    98714.853998969833  9477.0471145073134  1    0
2145    98264.269272573816  9713.9519965709333  1    0
2146    98266.818697500014  9709.1233887500002  1    0
2147    98037.244624374987  9715.8194239999993  1    0
2148    98033.960473750005  9711.862344468751  1    0
2149    98518.15511681186  9710.2202571506095  1    0
2150    98437.82501624999  9713.7951639999992  1    0
2151    98435.668422499992  9708.7191045  1    0
2152    98962.013148803235  9589.747430900261  1    0
2153    97879.241236875008  9715.8194239999993  1    0
2154    98280.266197721445  9714.2656617128014  1    0
2155    98403.371905625012  9708.8849543124998  1    0
2156    98579.920016249991  9704.4376947500004  1    0
2157    98415.143481250008  9713.7951639999992  1    0
2158    98021.44428562501  9715.8194239999993  1    0
2159    99847.638648862834  9723.7559044524751  1    0
2160    98804.7318977291  9550.9836921061469  1    0
2161    98927.606294779165  9578.9689909267272  1    0
2162    98911.524301846599  9574.0948481316955  1    0
2163    98915.838944999996  9566.9243964999987  1    0
2164    98827.67689682472  9528.0102373658392  1    0
2165    98838.394856985993  9510.6167350934775  1    0
2166    98759.297840534462  9560.8406308284484  1    0
2167    98684.837122338824  9686.7919808446004  1    0
2168    98932.326158389915  9560.6701017585692  1    0
2169    98775.387539091666  9487.951233013584  1    0
2170    98781.268502499996  9481.122312249996  1    0
2171    98780.321175667777  9485.2055422572121  1    0
2172    98777.166931733387  9482.3222372258915  1    0
2173    98772.950929322469  9479.0168499414103  1    0
2174    98746.695724999998  9545.0651952499993  1    0
2175    98691.730016459551  9573.2418300876452  1    0
2176    98114.935798043924  9538.2623768378326  1    0
2177    98882.012680638043  9550.8375896016005  1    0
2178    99863.376754322089  9727.0082819355466  1    0
2179    98792.491521068849  9571.466281926123  1    0
2180    98984.70933577299  9589.6359065270572  1    0
2181    98987.980962513815  9605.1658935251817  1    0
2182    98991.386578008998  9604.0860095722528  1    0
2183    99001.724015  9600.3814564999993  1    0
2184    98096.368263909055  9520.9954135054068  1    0
2185    98952.946780519531  9608.7996358975561  1    0
2186    98953.372682806075  9599.8434816543504  1    0
2187    98806.503469635121  9472.3352211139354  1    0
2188    97925.866948566603  9728.491440455442  1    0
2189    97922.692168437497  9720.2364821177398  1    0
2190    99840.029603750008  9702.6495691250002  1    0
2191    97937.22940132895  9725.4707821195771  1    0
2192    98131.369267499991  9711.3143098750006  1    0
2193    98134.12586249999  9716.2962927500012  1    0
2194    98833.52463  9586.2414305000002  1    0
2195    98483.584677734601  9720.6376407911739  1    0
2196    98858.615017729317  9600.0305448541967  1    0
2197    98807.410791786038  9563.099376027154  1    0
2198    98858.285255058552  9566.3734022737535  1    0
2199    98849.719031774235  9561.6283340662303  1    0
2200    98732.381021012232  9544.8926371445887  1    0
2201    98724.381115506112  9544.8537540722937  1    0
2202    98838.643534663177  9581.0559051534528  1    0
2203    98746.843069297669  9539.0451604190057  1    0
2204    98798.484801649072  9573.6199912241082  1    0
2205    98802.897390213388  9565.4250584516267  1    0
2206    98855.347429691261  9526.0943323892916  1    0
2207    98726.662479172548  9437.6269018372514  1    0
2208    98825.892666388478  9608.1618092406734  1    0
2209    97948.40307984977  9731.0473843929376  1    0
2210    98736.500545000003  9431.9688644999987  1    0
2211    98629.792013712504  9304.831768117414  1    0
2212    98638.251952206352  9294.0044834281252  1    0
2213    98702.163452530163  9436.4656266712373  1    0
2214    98641.588511905284  9284.3346808009464  1    0
2215    98493.881082256339  9498.7159472900512  1    0
2216    97842.264704911868  9698.7581718015535  1    0
2217    97845.642642558276  9707.4977422669017  1    0
2218    97826.021971686117  9721.1226365371876  1    0
2219    98871.479899574319  9531.6952710797468  1    0
2220    98502.330791366694  9516.2309696049597  1    0
2221    98486.805263632908  9702.5778101934084  1    0
2222    97960.261559660532  9694.4091288685377  1    0
2223    98755.998658308235  9394.7791292574711  1    0
2224    98948.128632632448  9556.1073941215564  1    0
2225    98448.762043750001  9713.4626533749997  1    0
2226    98714.826069484916  9485.0470657536571  1    0
2227    98813.362112312156  9541.9401527037462  1    0
2228    98802.056397693319  9555.1805689644989  1    0
2229    98920.303995684793  9561.0697362696683  1    0
2230    98844.355928792313  9508.1457010387439  1    0
2231    98764.77106046844  9569.4329021937338  1    0
2232    98750.316102025536  9565.6480872263601  1    0
2233    98690.325006913932  9686.2320915091095  1    0
2234    98784.359463424829  9475.1457169721452  1    0
2235    98768.083878068937  9482.1217173946479  1    0
2236    98774.431767500006  9472.5763927500029  1    0
2237    98741.010690973097  9554.7833191096379  1    0
2238    98684.635177122473  9576.7262093567733  1    0
2239    98887.612844999996  9544.9738269999998  1    0
2240    99854.610685396576  9730.5957646198804  1    0
2241    98990.519576161911  9594.4033064367904  1    0
2242    98996.30679860634  9605.6531281156931  1    0
2243    97932.102625337313  9729.0667216610236  1    0
2244    98124.898691249982  9711.3893275625014  1    0
2245    98478.093648090406  9717.4160978660184  1    0
2246    98862.64704072554  9596.1924942014684  1    0
2247    98861.502551584883  9518.2986693388702  1    0
2248    98721.168349270709  9423.0433273762028  1    0
2249    97959.804654581239  9732.4104944631126  1    0
2250    97940.265797332497  9733.3693334840682  1    0
2251    98628.030212712532  9299.7081518201776  1    0
2252    98496.01174574031  9504.7566607878816  1    0
2253    97829.829987965277  9730.6775934585967  1    0
2254    98490.934878094791  9703.2976390447002  1    0
2255    98490.146128840599  9695.6170574000316  1    0
2256    98495.651289291796  9702.8966698712684  1    0
2257    98480.648925613685  9702.6909230100428  1    0
2258    98740.056794154123  9396.1418351287357  1    0
2259    98451.984815234609  9722.632704541149  1    0
2260    98809.918250543924  9537.5280782761492  1    0
2261    98807.709304568227  9555.8330338176929  1    0
2262    98698.766262121149  9678.1888174519245  1    0
2263    98695.411063245338  9684.5745337236567  1    0
2264    98767.737802564821  9474.4277374731701  1    0
2265    98780.297362620709  9464.3800903102365  1    0
2266    98779.96740130063  9471.6517128531468  1    0
2267    98743.948792621974  9549.9801735184774  1    0
2268    99865.994387460305  9736.1990330441586  1    0
2269    99000.069687102994  9611.3836701885448  1    0
2270    98871.465179999999  9590.353214499999  1    0
2271    98867.434834245476  9605.2591840004497  1    0
2272    98812.867247489121  9562.6176086829182  1    0
2273    98723.511541952947  9552.142050589815  1    0
2274    98726.025195592403  9426.6278223572554  1    0
2275    98622.901245202098  9293.4100486680363  1    0
2276    98619.828354951125  9305.3931471200376  1    0
2277    98732.08586207706  9396.8231880643689  1    0
2278    98446.493785590414  9719.4111616160098  1    0
2279    98804.060350995365  9536.9280918101194  1    0
2280    98686.588535289207  9676.7835307481764  1    0
2281    98786.225649304048  9468.2923931795922  1    0
2282    98738.133830069011  9549.7233362839834  1    0
2283    98691.239806032565  9680.407248692376  1    0
2284    98701.997120406042  9406.3018831742556  1    0
2285    96917.876120000001  9574.9127619999999  1    0
2286    96770.905976117079  9576.9077099691458  1    0
2287    96777.122359271569  9566.5327967130524  1    0
2288    98170.192725000001  9710.8642037499994  1    0
2289    98173.331299999991  9716.2022164999998  1    0
2290    98292.543667499995  9708.5994817500014  1    0
2291    98379.280291250005  9708.7888506250001  1    0
2292    98382.132329999993  9713.7951639999992  1    0
2293    98710.623758340371  9528.7466683179082  1    0
2294    98724.184010287354  9531.7650972830925  1    0
2295    98592.458398749994  9704.0841862500001  1    0
2296    100284  8900  1    1
2297    100284.13239377119  8908.6320081124377  1    0
2298    98307.005448125012  9708.5005395625012  1    0
2299    98253.956212499994  9709.3853422500015  1    0
2300    98249.071548750013  9714.0644164999994  1    0
2301    98202.506272500003  9710.433156250001  1    0
2302    99824.737007725649  9730.9332879049562  1    0
2303    99822.647906351558  9722.3331745443211  1    0
2304    98359.265579999992  9713.9297902500002  1    0
2305    98554.843251249986  9705.1447117500011  1    0
2306    98558.539216249992  9709.7377223750009  1    0
2307    98637.5  9942.3225849999999  1    1
2308    98555.736610324806  9715.7051988612056  1    0
2309    97799.072311249998  9711.6001882812488  1    0
2310    98205.875981249992  9715.6799315000007  1    0
2311    98729.041029225511  9589.7977347886626  1    0
2312    98830.175255043781  9487.5776903058504  1    0
2313    98692.877838311979  9591.2900884083574  1    0
2314    98901.908537714611  9521.0306355528191  1    0
2315    98888.563339999993  9536.5426549999993  1    0
2316    98889.106073896415  9525.4744452873365  1    0
2317    98847.777167936831  9576.1049609036072  1    0
2318    98693.645676368644  9708.9658603335265  1    0
2319    98878.970701988044  9573.0038262870148  1    0
2320    98866.909631836184  9580.5772518758258  1    0
2321    98628.245634777282  9695.9022059294948  1    0
2322    98151.034786562523  9528.5210894062511  1    0
2323    98706.886819214982  9703.2965824579805  1    0
2324    99894.431563750637  9724.7948891129308  1    0
2325    98801.822747795959  9604.8759700989849  1    0
2326    98912.001444539361  9550.9473525651392  1    0
2327    98841.226290921652  9612.8576243804291  1    0
2328    98150.580935399325  9513.6769794901338  1    0
2329    98890.230073474901  9576.2692782344166  1    0
2330    98902.619326992848  9574.5998417347291  1    0
2331    98963.277382144181  9618.6851823031302  1    0
2332    98487.606614993419  9524.6011629366531  1    0
2333    98473.408146457426  9518.665255752092  1    0
2334    98667.680218559224  9682.6043108790545  1    0
2335    98788.704525001827  9511.2524237121852  1    0
2336    99002.375013211466  9630.4450484122444  1    0
2337    98659.852605729975  9314.0692073773735  1    0
2338    98472.459945022958  9508.1864138053807  1    0
2339    98064.895217187499  9723.2315937979565  1    0
2340    98532.58774535032  9694.6498049979982  1    0
2341    98964.930436851748  9635.5410122635694  1    0
2342    98102.118688709932  9700.181342792117  1    0
2343    98978.387427467867  9634.5374884325174  1    0
2344    97931.414545654887  9699.1177882403281  1    0
2345    98263.370890604347  9697.7880583362294  1    0
2346    98972.073795000004  9573.1674864999986  1    0
2347    98576.4720841003  9693.4125252479989  1    0
2348    98419.432981874997  9708.9490234374989  1    0
2349    98785.969879580676  9569.2167076881306  1    0
2350    98102.671289361984  9509.2052815890383  1    0
2351    98943.222743466482  9600.1307345324913  1    0
2352    97914.791999062494  9723.3266729157931  1    0
2353    98137.83984375  9711.2392921874998  1    0
2354    98488.856532577716  9716.8004598165662  1    0
2355    98838.576443256956  9571.0318210239275  1    0
2356    98816.229462981093  9612.4591595184338  1    0
2357    97854.006504135308  9704.2100456937496  1    0
2358    98866.830315027284  9527.005057899567  1    0
2359    97944.347907892094  9688.6001844134244  1    0
2360    98770.531113040648  9589.887902747907  1    0
2361    98750.389278177274  9559.7889027092478  1    0
2362    98127.195853749989  9716.2168146250006  1    0
2363    98470.200438311236  9718.021869807284  1    0
2364    97927.96497207522  9739.8332157589684  1    0
2365    98502.672026544766  9508.5659039098791  1    0
2366    98483.619283146705  9696.7665621211509  1    0
2367    98472.341558690867  9699.7434878246986  1    0
2368    98412.308289375011  9723.8471901203884  1    0
2369    98728.107324004159  9418.7239591635389  1    0
2370    98740.605506289881  9425.3333100595573  1    0
2371    98440.660208124988  9718.9172942281148  1    0
2372    98733.401089044259  9555.7619565925452  1    0
2373    98693.181473465535  9673.1180371796199  1    0
2374    96853.876120000001  9574.9127619999999  1    0
2375    96784.955794635782  9568.156770356527  1    0
2376    98157.251572499998  9711.014239125001  1    0
2377    98160.658589999992  9716.3287327500002  1    0
2378    98183.133877500004  9710.7141683749996  1    0
2379    98186.004010000004  9716.0757002499995  1    0
2380    98371.249753125012  9708.7568160625015  1    0
2381    98387.310829374997  9708.8208851874988  1    0
2382    98710.177011085034  9536.8877073309832  1    0
2383    100292  8900  1    1
2384    100292.0661968856  8907.6049890562172  1    0
2385    98199.058465604336  9699.0978258362557  1    0
2386    99832.370888104706  9728.5408267541316  1    0
2387    98355.188676874997  9708.6927469375005  1    0
2388    98518.957632599107  9747.050591966381  1    0
2389    98547.538515463573  9715.7201217423844  1    0
2390    97793.805258750013  9716.3749599374987  1    0
2391    98907.676664554572  9526.7624609111208  1    0
2392    98894.348887754619  9516.5538361061208  1    0
2393    98861.973081644028  9573.8544307395314  1    0
2394    98619.12993522147  9692.6700243103733  1    0
2395    98144.833958298419  9517.891581745349  1    0
2396    98906.789140000008  9589.6056174999994  1    0
2397    98526.437831974341  9699.0571551409976  1    0
2398    98551.395319100295  9694.119542248025  1    0
2399    98128.000993709909  9699.881272042092  1    0
2400    98115.059841209921  9700.0313074171172  1    0
2401    98108.63988863815  9704.4728202739243  1    0
2402    98257.028034257906  9702.2589869272924  1    0
2403    98295.527103104338  9697.1331745862299  1    0
2404    98269.890519257926  9701.9970334272984  1    0
2405    98968.560017548516  9587.4452805836117  1    0
2406    98570.322170724321  9697.8198753909983  1    0
2407    98595.279657850304  9692.8822624979985  1    0
2408    98582.860553224324  9697.4663668909998  1    0
2409    98141.055871249991  9716.3757708750018  1    0
2410    98494.977042850878  9716.2040952569096  1    0
2411    98876.157737379675  9522.4081941884051  1    0
2412    98742.850594220465  9562.6248002727607  1    0
2413    98475.128256021664  9728.7609500971485  1    0
2414    98484.844951232837  9684.6215128827735  1    0
2415    98417.978673125006  9720.0206834390738  1    0
2416    98434.989824374992  9718.7102242127949  1    0
2417    98442.701506220386  9729.5055514802207  1    0
2418    96821.876120000001  9574.9127619999999  1    0
2419    96778.775533058535  9578.3464849845714  1    0
2420    98150.780996249989  9711.0892568125018  1    0
2421    98154.322235  9716.3919908749995  1    0
2422    98163.722148750006  9710.9392214375002  1    0
2423    98176.663301249995  9710.7891860625004  1    0
2424    98189.604453750013  9710.6391506874988  1    0
2425    98374.132329999993  9713.7951639999992  1    0
2426    98390.132329999993  9713.7951639999992  1    0
2427    98702.833399541152  9532.4019423194022  1    0
2428    98205.578094257915  9703.3068009273084  1    0
2429    98627.093338827472  9684.6949369712493  1    0
2430    98903.81243737429  9582.3505424014566  1    0
2431    98557.783788224318  9698.1733838910095  1    0
2432    98140.942146209927  9699.7312366671176  1    0
2433    98121.581041138139  9704.3227848989245  1    0
2434    98250.623954969793  9703.7237362949054  1    0
2435    98289.184246757912  9701.6041031772947  1    0
2436    98589.166401462251  9698.5897775195226  1    0
2437    98501.109000849581  9716.0147555297935  1    0
2438    98492.973977561618  9727.3522538078887  1    0
2439    98426.556225534776  9720.2997888648661  1    0
2440    98437.599169365087  9724.9983268128908  1    0
2441    96805.876120000001  9574.9127619999999  1    0
2442    98202.509530147639  9722.0493013518353  1    0
2443    98166.994944999984  9716.2654746250009  1    0
2444    98173.295027459928  9699.3561482296172  1    0
2445    98186.236179959931  9699.2061128545902  1    0
2446    98192.758333822494  9703.5798709956453  1    0
2447    98564.089636462246  9699.2967945195251  1    0
2448    98153.883298709916  9699.5812012920924  1    0
2449    98147.463346138145  9704.0227141489249  1    0
2450    98134.522193638157  9704.1727495239138  1    0
2451    98240.943484119052  9702.2700198826387  1    0
2452    98251.229398060212  9691.6386957036029  1    0
2453    98587.351410347983  9690.5180822995717  1    0
2454    98507.241432367256  9715.8422518091193  1    0
2455    98498.241727701781  9722.54471477693  1    0
2456    96797.876120000001  9574.9127619999999  1    0
2457    96783.639816932962  9574.2848938124207  1    0
2458    98209.708882020772  9721.7824719291639  1    0
2459    98175.358667158594  9738.2479587031848  1    0
2460    98221.296536020105  9734.2162991592722  1    0
2461    98179.816227388161  9703.6476257114227  1    0
2462    98166.875074888158  9703.7976610864152  1    0
2463    98562.928209476391  9687.5565598511039  1    0
2464    98514.321204654276  9716.1817638058001  1    0
2465    98504.326940446466  9721.3222194851442  1    0
2466    96793.876120000001  9581.0727472499511  1    0
2467    98160.420056524119  9705.2146088010231  1    0
2468    98510.536847359763  9721.1099133212319  1    0
2469    98503.451480981079  9732.7208706216024  1    0
2470    98161.960042849241  9696.8184899313728  1    0
2471    98521.165275586987  9725.3544600696459  1    0
2472    98507.640222724192  9727.3096369451232  1    0
2473    97966.143100000001  9405.0111719999986  1    0
2474    97966.143100000001  9413.533176500001  1    0
2475    97966.143100000001  9356.4483959999998  1    0
2476    97966.143100000001  9434.3467215000001  1    0
2477    98144.816484999988  9408.2097620000004  1    0
2478    98144.816484999988  9400.1970665000008  1    0
2479    98144.816484999988  9430.6063819999999  1    0
2480    98645.361746509981  9321.5743289826423  1    0
2481    98654.776620000004  9321.7841887499999  1    0
2482    98747.185033318165  9502.1508267001864  1    0
2483    98715.528040000005  9680.3397255  1    0
2484    98944.667389999988  9592.907504499999  1    0
2485    98942.750066369568  9583.8989211218704  1    0
2486    98880.159293210309  9680.5847759463268  1    0
2487    98823.579271834038  9660.1598129365793  1    0
2488    98875.673726789697  9654.7524980536746  1    0
2489    98883.55922452829  9632.7975941054792  1    0
2490    98896.540072106291  9656.2414682471663  1    0
2491    98916.322577893705  9642.094668752834  1    0
2492    98931.314391018648  9688.7157900997463  1    0
2493    98930.482576196839  9692.4502407502187  1    0
2494    98934.195118588686  9677.5555800400143  1    0
2495    99008.120188038491  9665.2379178609081  1    0
2496    99032.479684999998  9644.5396859999964  1    0
2497    97781.969098750007  9711.1922544687513  1    0
2498    97775.43120625001  9716.5971743124992  1    0
2499    98951.191220000008  9690.4319485000015  1    0
2500    98194.216218437505  9529.2410670937497  1    0
2501    98220.274503749999  9715.1414265000003  1    0
2502    98215.368757499993  9710.1712027500016  1    0
2503    98212.036499969792  9704.509596794911  1    0
2504    98218.470905465379  9704.5339299885654  1    0
2505    98210.939522376138  9692.4592271911151  1    0
2506    98228.08001825925  9702.4838110395976  1    0
2507    98215.277839049959  9698.1394137563148  1    0
2508    98741.89184453043  9458.1983473075124  1    0
2509    97985.893523437495  9729.8242449105583  1    0
2510    98760.345005896903  9523.8478394883223  1    0
2511    98766.861390336955  9508.6061579261095  1    0
2512    98096.656353122133  9531.3394291817058  1    0
2513    98750.385314999992  9475.7399779999978  1    0
2514    98700.961863239558  9457.0605342397394  1    0
2515    98519.192640576133  9732.82356629284  1    0
2516    98601.189323395141  9717.1502737750452  1    0
2517    98744.119748724945  9443.2037184435721  1    0
2518    98170.217926938349  9721.7234230206595  1    0
2519    97851.590644062497  9729.8242449105583  1    0
2520    98989.927984782291  9639.8958629284498  1    0
2521    98719.930159999989  9407.3241479999997  1    0
2522    99844.410438175779  9719.1027987721609  1    0
2523    98125.676902301493  9538.2200050190168  1    0
2524    98982.338028122424  9581.0628910311607  1    0
2525    98084.855074210864  9515.8084688963845  1    0
2526    98805.000486106786  9462.0884923222711  1    0
2527    98650.902767786247  9291.4230726182886  1    0
2528    97816.878405568699  9724.8272950312039  1    0
2529    98506.112605050599  9522.4134080698695  1    0
2530    97972.249496019431  9692.4398791063322  1    0
2531    98940.273257037552  9558.5475846762365  1    0
2532    98773.867685679055  9575.7050469429651  1    0
2533    98674.82530184502  9566.790620781152  1    0
2534    97971.123652108567  9734.2504326017279  1    0
2535    98510.066961762772  9694.0258676766316  1    0
2536    98759.775759510056  9466.2310891929355  1    0
2537    98695.388009421382  9393.6957490326276  1    0
2538    98253.148489779793  9726.692094411912  1    0
2539    98356.070860202381  9726.1699568193671  1    0
2540    98728.865696720313  9581.9509533038236  1    0
2541    98823.037487596783  9482.2176200770136  1    0
2542    98683.720366412977  9586.8584339148947  1    0
2543    99886.906447269546  9728.3098007272711  1    0
2544    98922.302627500001  9550.308595749997  1    0
2545    98833.323422739064  9611.2805292631238  1    0
2546    98496.011597733377  9531.0193872500568  1    0
2547    98477.478703659668  9525.6536817988654  1    0
2548    98464.472622706671  9524.0415044826896  1    0
2549    98674.218708064072  9671.2566162046915  1    0
2550    98483.739504243465  9466.698483629496  1    0
2551    98049.094878437492  9729.8242449105583  1    0
2552    98056.995047812496  9722.6831205289891  1    0
2553    98958.134451014135  9627.6985233033956  1    0
2554    97919.568552812125  9694.4681519770384  1    0
2555    97906.891829687505  9722.6906690163923  1    0
2556    98821.184147997425  9633.7015569825689  1    0
2557    97934.408890737963  9689.5890993359026  1    0
2558    98778.091139686308  9603.8866522290828  1    0
2559    98461.353892060884  9721.3594451853423  1    0
2560    98704.962962358215  9665.7531376849347  1    0
2561    96807.52720141325  9541.3766562902638  1    0
2562    100300  8970.5779700000003  1    1
2563    99840.429001914992  9740.8773601596513  1    0
2564    98538.389387612129  9718.2685767659659  1    0
2565    98140.236119717549  9505.5964756157464  1    0
2566    98900.48534491325  9615.4548922919239  1    0
2567    98518.780267667637  9699.9329902837198  1    0
2568    98279.534721863689  9701.6699003490812  1    0
2569    98963.504703006358  9583.5290343314882  1    0
2570    98734.890283039538  9569.5782907422708  1    0
2571    98394.132329999993  9727.9769570687604  1    0
2572    98912.714403058402  9582.9363298564531  1    0
2573    98421.884683261538  9731.9235187993454  1    0
2574    96779.058869248343  9593.8724618054312  1    0
2575    96800.158215706615  9555.5787001451354  1    0
2576    98144.438766999068  9723.5748823573467  1    0
2577    98130.519965334708  9728.5415474446545  1    0
2578    98522.351102709872  9717.1323123988459  1    0
2579    96801.876120000001  9581.8888678502772  1    0
2580    98514.458657044408  9726.71879466887  1    0
2581    98029.344454999999  9404.2034144999998  1    0
2582    98029.344454999999  9412.2015117500014  1    0
2583    98029.344454999999  9432.7458042500002  1    0
2584    98118.681147499999  9409.5398045000002  1    0
2585    98118.681147499999  9401.7963617499991  1    0
2586    98730.953533363689  9501.0118495996285  1    0
2587    98750.747895417138  9508.5206240978914  1    0
2588    98710.031069999997  9683.2544652500037  1    0
2589    98719.680370000002  9690.0652570000002  1    0
2590    98704.751162731787  9679.9377717576936  1    0
2591    98703.581304749212  9672.8264055852433  1    0
2592    98710.255306138381  9677.0365604885174  1    0
2593    98717.659361838974  9671.07763793903  1    0
2594    98951.564530868811  9579.8900342668348  1    0
2595    98927.761743628289  9706.9319645695359  1    0
2596    98927.156714404337  9681.6906917202705  1    0
2597    99007.114155000003  9650.5217919999996  1    0
2598    99028.081570000009  9689.8738610000037  1    0
2599    98199.259836249999  9522.2349642500012  1    0
2600    98190.405045477542  9541.9391966877793  1    0
2601    98223.178084520507  9687.6086818068543  1    0
2602    97993.793692812498  9724.493027090095  1    0
2603    98085.281221827056  9537.1166441478217  1    0
2604    98738.050109999996  9476.3023812499996  1    0
2605    98750.820768680656  9484.2843645301164  1    0
2606    98162.5  9942.3225849999999  1    1
2607    97859.4908134375  9724.493027090095  1    0
2608    98132.926160919495  9535.2000558070413  1    0
2609    98995.894534999999  9572.1877964999985  1    0
2610    98633.620675952639  9285.0513329004734  1    0
2611    98520.349155000004  9515.9205060000004  1    0
2612    98498.868169853915  9522.620335093794  1    0
2613    98934.683772350996  9553.5584807290179  1    0
2614    98779.454539706931  9571.5949611465348  1    0
2615    98521.69977269863  9685.9513802083802  1    0
2616    98245.767530687881  9722.1031181767776  1    0
2617    98362.846761281427  9721.4014881501789  1    0
2618    98742.863541882136  9585.5635278828759  1    0
2619    98817.416484626694  9476.0661043969831  1    0
2620    98929.225319948251  9538.4135755700318  1    0
2621    98489.989399710059  9564.1528636664552  1    0
2622    98684.397663174255  9665.0809804496075  1    0
2623    98459.564366556602  9501.6258061804401  1    0
2624    98025.394370312511  9729.824244910531  1    0
2625    98041.194709062489  9724.493027090095  1    0
2626    98102.799930334702  9728.2236349446521  1    0
2627    98060.169113818323  9734.1350742378418  1    0
2628    97898.991660312517  9722.6612346883267  1    0
2629    97909.714454913468  9737.0134918766253  1    0
2630    98785.073011020228  9601.2213142116543  1    0
2631    100300  8938.5779700000003  1    1
2632    99831.180633172888  9738.1183014905509  1    0
2633    98274.092056652778  9688.3350428254853  1    0
2634    98970.089207804602  9580.2503467518254  1    0
2635    98378.132329999993  9727.9769570687604  1    0
2636    98386.132329999993  9722.5783712234188  1    0
2637    98432.85073100224  9735.515350781292  1    0
2638    96773.27110115299  9586.2125100335234  1    0
2639    96782.851979624174  9586.828860902715  1    0
2640    96801.876120000001  9565.8608472732267  1    0
2641    96790.787922440024  9559.7295423375672  1    0
2642    98163.883099577186  9721.9396996234991  1    0
2643    98167.26504013181  9728.115138433679  1    0
2644    98157.559863652554  9723.317051688271  1    0
2645    98646.052567382023  9704.312641170045  1    0
2646    98511.723896011652  9734.7975701656942  1    0
2647    98060.945132499997  9411.5356793749997  1    0
2648    98060.945132499997  9403.7995357500004  1    0
2649    97997.7437775  9404.6072932499992  1    0
2650    97997.7437775  9412.8673441250012  1    0
2651    98105.61347874999  9410.204825750001  1    0
2652    98105.61347874999  9402.596009375  1    0
2653    98131.748816249994  9400.9967141249999  1    0
2654    98131.748816249994  9408.8747832500012  1    0
2655    98722.973156681837  9500.4518602998141  1    0
2656    98756.791432436832  9515.404688517845  1    0
2657    98742.705992798306  9508.837437538923  1    0
2658    98922.995265908787  9698.5399791501677  1    0
2659    99005.054705771181  9658.0550318232672  1    0
2660    99003.413631585834  9673.5160158898034  1    0
2661    98197.682927068221  9537.2025540752475  1    0
2662    98001.693862187502  9722.8546143593085  1    0
2663    98098.352855588775  9543.9842583274567  1    0
2664    97867.390982812503  9722.8546143593085  1    0
2665    98140.134843530774  9534.613695998587  1    0
2666    98942.171714108001  9550.7950612248897  1    0
2667    98772.565170688453  9568.082375722759  1    0
2668    98017.494200937508  9724.4930270900859  1    0
2669    98033.294539687486  9722.8546143593048  1    0
2670    97891.091490937513  9722.6611713732455  1    0
2671    97902.911049162329  9730.9147102270381  1    0
2672    98790.981237660497  9613.6538804337397  1    0
2673    100300  8922.5779700000003  1    1
2674    98285.865617040254  9690.1612663989908  1    0
2675    98087.12144082661  9730.8198613568657  1    0
2676    98116.730064453965  9722.2688487656269  1    0
2677    98216.91464552762  9721.6870764807554  1    0
2678    98045.144793749991  9404.0014751250001  1    0
2679    98045.144793749991  9411.8685955625006  1    0
2680    98076.745471250004  9403.5975963749988  1    0
2681    98076.745471250004  9411.2027631874989  1    0
2682    98013.544116250006  9412.5344279375004  1    0
2683    98013.544116250006  9404.4053538749995  1    0
2684    98715.300766876913  9509.4370114426911  1    0
2685    98992.544103575055  9654.0005404034855  1    0
2686    98009.594031562505  9722.6638308737656  1    0
2687    97875.291152187507  9722.6638308737656  1    0
2688    98147.332411962663  9534.6939209852389  1    0
2689    98137.569956408552  9547.685881539257  1    0
2690    98935.651340058335  9544.6536478287744  1    0
2691    98954.56747410183  9542.891254443075  1    0
2692    98489.044944855035  9548.1807628332281  1    0
2693    97895.041520059473  9729.5944192730058  1    0
2694    98784.149809940485  9609.2801816951323  1    0
2695    100300  8914.5779700000003  1    1
2696    98123.643590269785  9723.7855384264221  1    0
2697    98224.107404520779  9721.2439669291762  1    0
2698    98213.420390787389  9729.9399934322482  1    0
2699    98053.044963124994  9411.7021374687502  1    0
2700    98053.044963124994  9403.9005054375011  1    0
2701    98037.244624374987  9412.035053656251  1    0
2702    98037.244624374987  9404.1024448125008  1    0
2703    98084.645640625007  9403.4966266874981  1    0
2704    98084.645640625007  9411.0363050937485  1    0
2705    98068.845301875001  9411.3692212812493  1    0
2706    98068.845301875001  9403.6985660624996  1    0
2707    98021.44428562501  9404.3043841874987  1    0
2708    98021.44428562501  9412.36796984375  1    0
2709    98005.982153364122  9736.7640435270951  1    0
2710    97871.679273989124  9736.7640435270951  1    0
2711    98154.529319390829  9534.8137903774259  1    0
2712    98143.650728920751  9542.0912665422093  1    0
2713    98493.303919674247  9539.9149491607495  1    0
2714    97883.192851674932  9731.7530406204387  1    0
2715    97896.635772973314  9744.2050689106854  1    0
2716    100289.45325840348  8918.5779700000003  1    0
2717    98234.8901848198  9722.8655923594797  1    0
2718    98163.163146860548  9733.837728581897  1    0
2719    98060.945132499997  9431.9453456250012  1    0
2720    98041.015717660688  9390.0471390581915  1    0
2721    98045.144793749991  9432.3455749375007  1    0
2722    98033.512729443959  9422.4736580000008  1    0
2723    98080.516564535705  9389.5422906206895  1    0
2724    98088.807571163721  9421.0073670000002  1    0
2725    97997.7437775  9433.5462628749992  1    0
2726    98165.290037416955  9537.0713524073144  1    0
2727    98150.826039473643  9541.0475764221956  1    0
2728    98500.447088320027  9537.2293548931339  1    0
2729    98076.745471250004  9431.5451163124999  1    0
2730    98017.638861170723  9419.316832868044  1    0
2731    98029.344454999999  9354.8328810000003  1    0
2732    98064.805302536508  9396.7138605469445  1    0
2733    98049.312359043688  9422.1070852500015  1    0
2734    98025.551087093496  9419.7225834746168  1    0
2735    98088.484870601431  9394.7725387536502  1    0
2736    98072.684531851424  9394.9744781286572  1    0
2737    98080.850526844501  9418.4745169223406  1    0
2738    98158.737344912617  9541.53052422162  1    0
2739    98149.056468159586  9554.068645908279  1    0
2740    98512.365649999992  9529.1982244999999  1    0
2741    98500.798546742983  9549.0066976603266  1    0
2742    98057.151367025624  9419.0378823655319  1    0
2743    98162.072308460454  9563.2846526497597  1    0
2744    98041.351226551546  9419.3802088103566  1    0
2745    98013.544116250006  9433.1460335624997  1    0
2746    98162.299682622252  9548.6398703750474  1    0
2747    98169.91857265585  9550.9170544569351  1    0
2748    98154.362318116066  9548.1589365099044  1    0
2749    98065.039847262771  9418.3166529972132  1    0
2750    98017.315209535707  9390.3500481206902  1    0
2751    98021.16614067  9427.8820548456042  1    0
2752    98005.835989819549  9421.8153229146865  1    0
2753    98072.939544274253  9418.1277763370417  1    0
2754    98157.339948512512  9556.1690113520508  1    0
2755    98056.907571507822  9397.0056137199899  1    0
2756    98033.183684976422  9395.479326566161  1    0
2757    98069.186199227988  9426.4408997613391  1    0
2758    98049.007436116503  9397.1092423916125  1    0
2759    98060.945132499997  9354.0251234999996  1    0
2760    98025.30445566152  9397.2187089844483  1    0
2761    98052.845657806378  9388.5308439083674  1    0
2762    98293.078932500008  9399.1362762500012  1    0
2763    98292.937812499993  9390.9597580000009  1    0
2764    98546.040062500004  9371.6854939999994  1    0
2765    98521.254235  9380.9803836250012  1    0
2766    98674.423608244964  9349.8014831268174  1    0
2767    98743.358031203228  9422.3319311680843  1    0
2768    98734.437563542233  9438.3421441211194  1    0
2769    98732.250901665742  9427.3605242643243  1    0
2770    98758.839219999994  9431.991423499996  1    0
2771    98244.594555625008  9530.0810410625018  1    0
2772    98248.759317499993  9520.2155705000005  1    0
2773    98581.49218500001  9498.2147189999996  1    0
2774    99292.592982500006  9542.1839817500004  1    0
2775    99295.759135  9550.4188922499998  1    0
2776    99336.580090000003  9548.6136024999996  1    0
2777    99336.612529999999  9539.3973805000005  1    0
2778    98886.746987277336  9607.0502674802501  1    0
2779    98994.513360807032  9583.611607090801  1    0
2780    99022.887914999999  9562.6179779999984  1    0
2781    99022.187210000004  9570.7604339999998  1    0
2782    99014.58649999999  9585.1469494715257  1    0
2783    99054.374240000005  9568.541534  1    0
2784    99056.499064999996  9560.4639580000003  1    0
2785    99152.56706500001  9772.2456709999988  1    0
2786    99092.137112060533  9759.6675889943454  1    0
2787    99095.552015331312  9774.5305220348309  1    0
2788    98572.509535000005  9378.2586621250011  1    0
2789    98229.037377500004  9394.9855700000007  1    0
2790    98229.084417499995  9403.4118767500004  1    0
2791    98215.80693437501  9529.601055937499  1    0
2792    98219.059628749994  9521.4272067500006  1    0
2793    98336.995480000012  9395.9847239999999  1    0
2794    98338.929712500001  9387.6403283750005  1    0
2795    99083.558941249998  9566.4913219999999  1    0
2796    99085.4850725  9558.144493374999  1    0
2797    99014.586500000005  9612.9326104950196  1    0
2798    98643.598321110243  9673.9380200706219  1    0
2799    98054.859008102168  9696.9908500948859  1    0
2800    97812.261297682155  9696.7464998602536  1    0
2801    98725.62258921616  9475.0856124824168  1    0
2802    98431.101599958667  9694.3050525744766  1    0
2803    98474.427509844332  9496.7471294098723  1    0
2804    98700.774424434203  9505.1281845167214  1    0
2805    99846.118022924435  9732.279229263002  1    0
2806    97948.450613781955  9746.6335160387553  1    0
2807    98875.902817457332  9599.5509402907846  1    0
2808    98610.190286003854  9257.7517499939095  1    0
2809    98736.676667617037  9403.5641865953021  1    0
2810    98734.863477323102  9382.3522479362928  1    0
2811    98702.575026958293  9419.2567301410672  1    0
2812    99817.103127346592  9733.3257490557808  1    0
2813    98651.849816264832  9726.8134124956996  1    0
2814    98875.257237381549  9582.6367230308042  1    0
2815    98071.726651600373  9729.7888853257991  1    0
2816    98094.154701598178  9696.3117577166358  1    0
2817    98806.769515444234  9612.9546855462831  1    0
2818    97862.376964134004  9704.8698299352691  1    0
2819    98464.1577447827  9700.6659777937803  1    0
2820    98367.291272504561  9694.5048700412935  1    0
2821    98911.382493613972  9517.2649198576491  1    0
2822    98886.727767689095  9502.278344248296  1    0
2823    98610.677289871266  9694.8041210375213  1    0
2824    98303.019851376244  9701.0461610816492  1    0
2825    98595.506573393068  9677.6455767143052  1    0
2826    98153.024145676274  9683.8820063550775  1    0
2827    97902.941745000004  9414.8648412500006  1    0
2828    97902.941745000004  9405.8189294999993  1    0
2829    97902.941745000004  9435.9476387499999  1    0
2830    98170.951822499992  9406.8797195000006  1    0
2831    98170.951822499992  9398.5977712500007  1    0
2832    98631.176437586255  9329.8675916667107  1    0
2833    98697.124008344006  9446.5041118859372  1    0
2834    98537.4730876018  9746.0862223510521  1    0
2835    97807.682434623828  9724.198799782167  1    0
2836    98013.01233935215  9697.0607990011358  1    0
2837    97987.904338102162  9697.1027683448865  1    0
2838    98750.860150298497  9462.1560570390393  1    0
2839    98679.665904470297  9382.4213575816775  1    0
2840    98704.613088966449  9392.9488088378475  1    0
2841    98260.119457936336  9721.5533325625984  1    0
2842    99880.923102934947  9742.3890219956829  1    0
2843    98825.330944557936  9619.9119166744476  1    0
2844    98663.138553669211  9672.4298533134552  1    0
2845    97912.588945179712  9702.380071413736  1    0
2846    98458.92649123611  9738.6048634626914  1    0
2847    98129.66988219753  9512.8128138348875  1    0
2848    98743.596517072932  9571.5119297219171  1    0
2849    98530.345174327042  9716.8090489991064  1    0
2850    96813.876120000001  9584.1346728766221  1    0
2851    98735.712155640082  9492.2796311709862  1    0
2852    98918.656753178657  9681.7845973842668  1    0
2853    98924.873542945352  9669.7468729301818  1    0
2854    98508.127307645293  9535.7677404457481  1    0
2855    98517.832170248803  9537.376913399703  1    0
2856    98831.131926415925  9469.177374616911  1    0
2857    98366.546012974999  9733.8564987842929  1    0
2858    96793.441785743911  9597.0747996586997  1    0
2859    96782.513112113753  9560.234594771895  1    0
2860    97981.943438749993  9413.200260312502  1    0
2861    97981.943438749993  9404.8092326249989  1    0
2862    98748.429575233415  9523.8934405736563  1    0
2863    98734.588673801059  9508.2903090063191  1    0
2864    98202.440746944339  9552.472551718758  1    0
2865    98035.293346354127  9733.0825774883815  1    0
2866    98137.520963100644  9722.4312154601957  1    0
2867    98005.643946875003  9404.5063235624984  1    0
2868    98005.643946875003  9412.7008860312508  1    0
2869    98001.514870785701  9390.5519874956899  1    0
2870    98009.483176851427  9395.7822356286579  1    0
2871    98683.373449999999  9494.5068200000005  1    0
2872    98938.445282859699  9535.3476577144065  1    0
2873    98779.812162493487  9623.577267850611  1    0
2874    97999.305988071719  9731.2065552330005  1    0
2875    98011.880769113879  9730.7623078832457  1    0
2876    97865.003108696721  9731.2065552330005  1    0
2877    98079.07826660946  9735.4676399569726  1    0
2878    98150.472733009694  9565.8676349320394  1    0
2879    98067.086433009201  9388.3314009727255  1    0
2880    98027.172541809152  9386.9651997088185  1    0
2881    98075.477278127801  9370.3505632320557  1    0
2882    98277.080303750001  9400.2051763750023  1    0
2883    98276.962703750003  9391.9662110000008  1    0
2884    98308.912921249997  9389.9533049999991  1    0
2885    98309.077561250015  9398.067376125  1    0
2886    98554.038971250004  9371.4794994999993  1    0
2887    98753.553932272305  9411.5986463582067  1    0
2888    98238.859421250003  9520.6194492499999  1    0
2889    98596.889862500015  9498.0087244999995  1    0
2890    99322.973104999997  9549.2153657500003  1    0
2891    99322.60977499999  9540.5846867500004  1    0
2892    99350.615285000007  9538.2100742500006  1    0
2893    99350.187074999994  9548.0118392500008  1    0
2894    98991.777895000007  9564.1394169999985  1    0
2895    99032.217677499997  9562.0470329999989  1    0
2896    99013.558152500002  9563.1889229999979  1    0
2897    99004.697376587879  9589.8447162389475  1    0
2898    99063.974877500004  9559.9578929999989  1    0
2899    99063.006540000002  9568.0192490000009  1    0
2900    99059.339857611325  9546.9583722630032  1    0
2901    99067.157174529566  9551.4971592061229  1    0
2902    98245.012486249994  9393.9791170000008  1    0
2903    98245.083046249987  9402.342976625001  1    0
2904    98213.085788750002  9404.4807768749997  1    0
2905    98213.06226875  9395.9920230000007  1    0
2906    98208.475846990448  9537.5287729454903  1    0
2907    98067.22469691759  9690.7028431720009  1    0
2908    98046.499114981547  9702.6526607158448  1    0
2909    97828.051995824455  9689.2016426177124  1    0
2910    97820.675262325531  9702.7212893235228  1    0
2911    97803.57204982554  9702.3133555110253  1    0
2912    98447.51140495867  9693.7811455744522  1    0
2913    98439.483274765822  9699.5799578868282  1    0
2914    98423.483193827764  9700.2054326401194  1    0
2915    98484.810542121733  9482.6625958147488  1    0
2916    99852.607634279499  9742.7542899367199  1    0
2917    98698.296028479148  9412.4972795705326  1    0
2918    99823.050581304167  9738.9275754709943  1    0
2919    99815.358924685672  9741.1356838266092  1    0
2920    98884.021219643022  9582.4571506800039  1    0
2921    98104.996402004355  9684.1285981017281  1    0
2922    98812.123300538689  9624.6159284886799  1    0
2923    97879.102999352137  9697.284635501137  1    0
2924    97870.746350006913  9704.8870224874117  1    0
2925    98455.95381826497  9700.9585009917864  1    0
2926    98466.614331505596  9685.697088389381  1    0
2927    98359.23911671259  9699.8920291603117  1    0
2928    98391.382886879554  9694.6009737287914  1    0
2929    98375.300192962604  9699.9560982853145  1    0
2930    98903.140378161523  9510.3293960719457  1    0
2931    98311.048522671656  9701.5461791297603  1    0
2932    98611.197554882674  9679.058267032131  1    0
2933    97934.542422500002  9405.415050749998  1    0
2934    97934.542422500002  9414.1990088750008  1    0
2935    97871.341067500005  9406.2228082500005  1    0
2936    97871.341067500005  9415.5306736250004  1    0
2937    98157.884153749997  9399.3974188749999  1    0
2938    98157.884153749997  9407.5447407499996  1    0
2939    98184.019491249986  9397.7981236250016  1    0
2940    98184.019491249986  9406.2146982500017  1    0
2941    97770.936635334627  9724.8338788964065  1    0
2942    97798.494994412395  9724.2756780902964  1    0
2943    97811.166271400449  9740.8149670324983  1    0
2944    98004.652446231543  9702.7226096221038  1    0
2945    98029.751006852166  9697.0328194386366  1    0
2946    98699.466965  9366.2031234999995  1    0
2947    98268.131959260034  9720.9941887593814  1    0
2948    99896.899974156287  9739.892300514246  1    0
2949    98835.441185352218  9621.2576563963012  1    0
2950    97904.223172587546  9704.5245104114729  1    0
2951    98635.918204902642  9710.7503578779597  1    0
2952    98754.890713338827  9577.6723230021744  1    0
2953    98737.534241407091  9578.2406187299439  1    0
2954    98532.424540793611  9728.2462599677601  1    0
2955    98727.474106502777  9493.4530212175596  1    0
2956    98913.274011361049  9671.3805532275801  1    0
2957    98636.334167456735  9270.5682317649298  1    0
2958    98617.921563001932  9271.7598674969595  1    0
2959    98831.470720990721  9478.4200167937743  1    0
2960    96797.092017082119  9589.1669550882652  1    0
2961    96771.144168882049  9555.9598221714114  1    0
2962    96753.804910012055  9513.2426346965913  1    0
2963    97974.04326937499  9413.3667184062524  1    0
2964    97974.04326937499  9404.9102023124997  1    0
2965    97981.943438749993  9433.9464921875006  1    0
2966    97970.314211045043  9423.9399489999996  1    0
2967    97969.914193285702  9390.9558662457166  1    0
2968    97978.150877975553  9420.7596388560032  1    0
2969    97977.882499351414  9396.1861143786664  1    0
2970    97989.843608124997  9404.7082629375  1    0
2971    97989.843608124997  9413.0338022187516  1    0
2972    97985.803608786504  9397.7235574219394  1    0
2973    97994.009793565332  9423.2068035000011  1    0
2974    97986.03824751472  9419.9856953056897  1    0
2975    97993.706216507824  9397.8133712199779  1    0
2976    97997.7437775  9355.6406385000009  1    0
2977    98747.008180985882  9515.8178680457004  1    0
2978    98726.467410957979  9507.7993840036397  1    0
2979    98069.21207243044  9740.6422274178021  1    0
2980    98774.402785156824  9614.1295454768951  1    0
2981    97992.79217709681  9745.8202987137611  1    0
2982    98019.570882858316  9744.2197941995692  1    0
2983    97858.489297721811  9745.8202987137611  1    0
2984    98109.783572769782  9723.6265821764209  1    0
2985    98044.38024306696  9369.390749538783  1    0
2986    98269.080989374997  9400.739626437502  1    0
2987    98268.975149375008  9392.4694374999999  1    0
2988    98284.950258124998  9391.4629845000018  1    0
2989    98285.079618125004  9399.6707263125027  1    0
2990    98316.900475625007  9389.4500784999982  1    0
2991    98317.076875625004  9397.5329260625003  1    0
2992    98301.078246875011  9398.6018261874997  1    0
2993    98300.925366874988  9390.4565315  1    0
2994    98546.881884999995  9379.6195228750003  1    0
2995    98549.674345453459  9357.402638166448  1    0
2996    98743.929067232224  9412.6650234422941  1    0
2997    99026.540668269547  9545.7934103555417  1    0
2998    99068.113772260898  9580.8330740000001  1    0
2999    99071.294533221764  9535.3698193736345  1    0
3000    99077.734400773741  9550.9241662539116  1    0
3001    98253.000040624989  9393.4758905000017  1    0
3002    98253.082360624991  9401.8085265625014  1    0
3003    98237.083731874998  9402.8774266875007  1    0
3004    98205.086474374999  9405.0152269374994  1    0
3005    98221.049823125009  9395.4887964999998  1    0
3006    98077.883715630887  9689.4988337812647  1    0
3007    98038.132682566255  9704.402363025938  1    0
3008    97794.978142966531  9703.8829025490413  1    0
3009    98415.446197369165  9701.7923961254637  1    0
3010    98688.452886562489  9423.4624887273985  1    0
3011    99828.550226754349  9752.9352776358337  1    0
3012    99790.014630983758  9741.815294603306  1    0
3013    97887.481773731532  9702.9184665595949  1    0
3014    97859.36134958257  9689.7014213655275  1    0
3015    98459.750721235512  9692.2567053155799  1    0
3016    98351.201934953453  9701.5254444476304  1    0
3017    98399.391807337597  9700.0522019728105  1    0
3018    98383.324087453453  9701.653582697636  1    0
3019    98323.10349390647  9699.2969549821919  1    0
3020    98307.920581085069  9687.0635507396255  1    0
3021    97950.342761250009  9405.2131113749983  1    0
3022    97950.342761250009  9413.8660926875  1    0
3023    97918.742083749996  9414.5319250625016  1    0
3024    97918.742083749996  9405.6169901249996  1    0
3025    97887.141406250012  9415.1977574374996  1    0
3026    97887.141406250012  9406.020868874999  1    0
3027    97855.540728749998  9415.8635898125012  1    0
3028    97855.540728749998  9406.4247476250002  1    0
3029    97780.146704056489  9726.628065133842  1    0
3030    97789.307967271932  9724.3867116493275  1    0
3031    97803.168887711232  9733.8184385777804  1    0
3032    97996.28601381625  9704.4723119321916  1    0
3033    98021.391113731544  9702.6946300595955  1    0
3034    98688.721082575619  9386.3933487098257  1    0
3035    98276.131143526596  9721.1142149930965  1    0
3036    98265.116916312298  9735.4777151279723  1    0
3037    97895.854340968028  9704.838897857986  1    0
3038    97904.604560119318  9688.6220839423022  1    0
3039    98569.394780080664  9716.1342195111629  1    0
3040    98730.314536939433  9483.8896680771668  1    0
3041    98628.849944989168  9276.6617646634531  1    0
3042    98847.685978548427  9473.1981063862695  1    0
3043    96806.537511862058  9590.1643492680614  1    0
3044    96785.429655006024  9518.1288913482949  1    0
3045    98737.766867973216  9521.6073232978961  1    0
3046    98117.498154997011  9735.2829676579622  1    0
3047    98273.924283118657  9413.0994259020517  1    0
3048    98254.240064999991  9344.1536120000001  1    0
3049    98289.931872343892  9412.1646405676456  1    0
3050    98312.014616676286  9375.5419613410158  1    0
3051    98321.947523562674  9410.302146  1    0
3052    98305.939619130178  9411.2322135088907  1    0
3053    98557.812264077453  9362.5944931109352  1    0
3054    98746.195966247731  9403.4184316497449  1    0
3055    99036.255717718974  9551.5184058271552  1    0
3056    99017.596192718978  9552.6602958271505  1    0
3057    99059.215238931953  9576.9550680371904  1    0
3058    98257.916851560876  9414.0365711042068  1    0
3059    98237.024931874999  9394.4823434999998  1    0
3060    98241.909577761471  9414.9760775347859  1    0
3061    98205.07471437499  9396.4952495000016  1    0
3062    98209.895503778447  9416.8621791813166  1    0
3063    98221.085103124991  9403.9463268125  1    0
3064    98216.163964176289  9381.5806793410175  1    0
3065    98088.708229047537  9686.4832346564999  1    0
3066    98040.232079723559  9693.5634561856441  1    0
3067    97786.421611060447  9703.8854508666955  1    0
3068    97796.49272248293  9687.863502939199  1    0
3069    98407.414927091784  9701.9439001309474  1    0
3070    98416.651447128854  9686.7515367990145  1    0
3071    98489.974337511856  9490.3341392191287  1    0
3072    98688.7353223549  9413.8154705791458  1    0
3073    99821.394997232419  9747.6610589486027  1    0
3074    97866.57958646871  9696.1503414477775  1    0
3075    98451.620842089964  9676.8794076453269  1    0
3076    98339.164347459679  9699.4168505316065  1    0
3077    98352.324931133015  9686.4610307334588  1    0
3078    98381.333770022218  9691.248732517297  1    0
3079    97958.242930625012  9405.1121416874976  1    0
3080    97958.242930625012  9413.6996345937496  1    0
3081    97954.11385453571  9391.157805620689  1    0
3082    97962.082160601436  9396.3880537536697  1    0
3083    97962.350539225561  9421.0925550435059  1    0
3084    97934.542422500002  9435.1471801250009  1    0
3085    97950.342761250009  9434.7469508124996  1    0
3086    97954.437570014736  9420.6515276806713  1    0
3087    97957.9239434263  9429.3068363794082  1    0
3088    97942.634613931092  9423.1459962895242  1    0
3089    97942.442591875006  9414.0325507812504  1    0
3090    97942.442591875006  9405.3140810624973  1    0
3091    97902.941745000004  9358.0639110000011  1    0
3092    97946.281821851429  9396.5899931286567  1    0
3093    97926.642253124999  9405.5160204374988  1    0
3094    97926.642253124999  9414.3654669687512  1    0
3095    97930.811275166416  9424.6730945000018  1    0
3096    97938.402592536513  9398.3293755469422  1    0
3097    97918.742083749996  9435.5474094375004  1    0
3098    97930.504861507827  9398.6211287199876  1    0
3099    97922.604726116508  9398.7247573916084  1    0
3100    97934.542422500002  9357.2561535000004  1    0
3101    97910.725324624684  9396.5956301541282  1    0
3102    97926.442947806383  9390.1463589083651  1    0
3103    97910.841914374992  9405.7179598125003  1    0
3104    97895.041575625015  9405.9198991874982  1    0
3105    97890.912499535712  9391.9655631206897  1    0
3106    97898.880805601439  9397.1958112536504  1    0
3107    97796.058347413447  9749.3619157563135  1    0
3108    97793.998924281463  9732.393761982572  1    0
3109    97998.385410973555  9693.6334050918922  1    0
3110    98284.129608017771  9721.2709497791093  1    0
3111    98272.006977923957  9729.3564380235402  1    0
3112    97899.729932548944  9696.4609624991481  1    0
3113    98842.422139655901  9484.6396967117198  1    0
3114    96820.895768787901  9600.1588388254713  1    0
3115    98730.021893331315  9516.417957338268  1    0
3116    98281.628746006201  9408.1518231287937  1    0
3117    98280.064399176292  9377.5548673410431  1    0
3118    98256.101736051278  9379.0645468410185  1    0
3119    98297.630520620442  9407.1300083326678  1    0
3120    98320.34175998377  9380.4289220894952  1    0
3121    98304.366651233766  9381.4353750894952  1    0
3122    98313.63237903858  9406.1094478609048  1    0
3123    99008.384838257101  9555.1661362616196  1    0
3124    98265.627054638928  9409.1748839134179  1    0
3125    98249.625445924408  9410.1991817926773  1    0
3126    98233.626817174416  9411.2680819176858  1    0
3127    98201.62384515733  9413.3203508488114  1    0
3128    98217.622473907322  9412.2514507238175  1    0
3129    98208.515998733768  9387.4740930894968  1    0
3130    98232.139072926278  9380.574226341043  1    0
3131    97777.869936160685  9703.6843622006709  1    0
3132    97790.697349312322  9695.3968691658229  1    0
3133    98411.280057263677  9693.8898371750875  1    0
3134    98500.991969951661  9477.3443828079198  1    0
3135    98497.959445867833  9491.7136626246374  1    0
3136    99815.622877240676  9762.9824163471567  1    0
3137    99812.221385829864  9750.0923732422198  1    0
3138    97922.849096404432  9421.8965616645637  1    0
3139    97940.683723009221  9389.9469159727214  1    0
3140    97933.369853392418  9376.2314883708441  1    0
3141    97910.841914374992  9414.698383156252  1    0
3142    97914.936675662932  9421.4815648813383  1    0
3143    97907.035987558629  9421.6234038702041  1    0
3144    97911.139005220597  9430.056680454758  1    0
3145    97887.141406250012  9436.3478680624994  1    0
3146    98293.842624718091  9722.4630188271767  1    0
3147    98279.993070433091  9728.1995264549114  1    0
3148    97888.914418635482  9684.3002169143747  1    0
3149    98282.214479298738  9417.5364732989874  1    0
3150    98272.416433733786  9383.4482810895097  1    0
3151    98288.391542483761  9382.441828089517  1    0
3152    98248.453770608772  9384.9579605894996  1    0
3153    98298.210818485095  9416.4208284931592  1    0
3154    98266.218535591077  9418.6576114875224  1    0
3155    98250.277069307747  9419.6674961426761  1    0
3156    98234.3972373789  9420.6519848958524  1    0
3157    98202.560644679106  9422.5623448776187  1    0
3158    98190.982889772247  9414.323123885777  1    0
3159    98225.552730996147  9410.683394379279  1    0
3160    98217.850997048066  9421.4144786514735  1    0
3161    98200.632808286289  9389.6338550578748  1    0
3162    98224.491107483787  9386.4676400895169  1    0
3163    97765.101406942005  9700.9097765017905  1    0
3164    98401.311514846748  9680.7986945421035  1    0
3165    98495.243274748267  9483.6358008109983  1    0
3166    98516.563177256336  9498.9689797900501  1    0
3167    99806.33705241431  9758.5389848025916  1    0
3168    97948.832710586066  9374.6485510749189  1    0
3169    98288.185375727815  9728.3914446291728  1    0
3170    98278.05090923667  9742.9351211632929  1    0
3171    98264.533243286292  9385.6080430578731  1    0
3172    98296.483460786287  9383.5951370578787  1    0
3173    98240.570580161293  9387.1177225578758  1    0
3174    98190.043795559803  9389.0716695544925  1    0
3175    98218.727927500004  9345.4836544999998  1    0
3176    97780.240455780484  9681.356588169785  1    0
3177    98491.097954514335  9474.0759685074663  1    0
3178    98301.523463716381  9735.4559735429939  1    0
3179    98283.903795065373  9736.210748989748  1    0
3180    98265.902656311999  9375.1396264712475  1    0
3181    98289.752202499993  9342.8235695000003  1    0
3182    98241.939993186985  9376.6493059712648  1    0
3183    98292.897808986338  9749.9484870362394  1    0
3184    98431.431747499999  9387.9850042500002  1    0
3185    96515.90596130694  9537.1439778022886  1    0
3186    96507.982725693815  9525.2805381436847  1    0
3187    96500  9508.7550950000004  1    1
3188    96500  9516.7550950000004  1    1
3189    96512.815837803806  9512.7550950000004  1    0
3190    98564.795279999991  9518.9958239999996  1    0
3191    98687.911056940648  9533.9127191877451  1    0
3192    98744.276134742206  9651.4683999669778  1    0
3193    99177.991966250003  9558.5483722499994  1    0
3194    99393.003089999998  9544.1790455000009  1    0
3195    99392.591105  9533.7917374999997  1    0
3196    99022.078535000008  9677.9780895000022  1    0
3197    97624.098310000001  9717.0878300000004  1    0
3198    97619.488580000005  9707.3168832500014  1    0
3199    98486.437934999994  9383.4677255000006  1    0
3200    99232.953547500001  9554.0310934999998  1    0
3201    99268.545164999989  9551.6224187500011  1    0
3202    99779.122842703116  9728.7939260886433  1    0
3203    98598.137185  9376.8978013750002  1    0
3204    98452.427769999995  9377.1013624999996  1    0
3205    100259.18392882188  8911.7938756495023  1    0
3206    100261.92240625  8900  1    1
3207    98670.923528409767  9337.5879941262901  1    0
3208    99102.750487500016  9693.074072999998  1    0
3209    97695.603512500005  9427.1738178125015  1    0
3210    99198.932029999996  9547.5998502500006  1    0
3211    99437.212406250008  9539.7525987499994  1    0
3212    99432.031732500007  9529.0635979999988  1    0
3213    98625.888037500001  9373.9352125000005  1    0
3214    97817.184813750006  9408.1951641249998  1    0
3215    97813.533685000002  9418.1923808749998  1    0
3216    98360.834060000008  9393.9572200000002  1    0
3217    97670.573568124993  9418.3902654375015  1    0
3218    97669.396807500001  9429.1696926875011  1    0
3219    97715.684720624995  9415.2533111875  1    0
3220    99107.399143749994  9564.4800379999997  1    0
3221    99854.170009340334  9682.535730450154  1    0
3222    99892.756872500002  9697.9173747500008  1    0
3223    99847.026061890501  9711.750323235321  1    0
3224    99839.84774026362  9713.3381426888827  1    0
3225    99830.011357759009  9713.4185811404986  1    0
3226    98771.650578490051  9456.8650366715974  1    0
3227    98641.284156792608  9721.3604644909865  1    0
3228    98926.816042849954  9604.4571962149148  1    0
3229    98636.900414001531  9742.8169380271029  1    0
3230    97840.923222527112  9735.6801021670399  1    0
3231    98714.661966315398  9415.6474754607261  1    0
3232    98798.808954744978  9452.4598651609685  1    0
3233    98667.90044967526  9297.7970968207737  1    0
3234    98670.79181761088  9580.5837406229239  1    0
3235    98457.084540000011  9533.5030205000003  1    0
3236    98950.259806053087  9641.3881828584726  1    0
3237    97937.625325965884  9671.4755063013181  1    0
3238    98193.59392251783  9504.8871186225297  1    0
3239    98814.803152598106  9465.884236283955  1    0
3240    98680.443001490159  9605.307932599706  1    0
3241    98965.355459999992  9565.122351  1    0
3242    96812.12648299642  9566.741006705257  1    0
3243    96740.935028899621  9600.5917705620177  1    0
3244    96817.497595145251  9557.9662829791832  1    0
3245    98910.501829686851  9711.1856219454567  1    0
3246    98913.16390261364  9693.3844387246827  1    0
3247    98992.034484999996  9700.3958754999985  1    0
3248    98990.959135802361  9672.4511940978427  1    0
3249    98120.380660170558  9557.0785091406942  1    0
3250    98473.173645008777  9548.8752550827303  1    0
3251    100290.93398863745  8930.5779700000003  1    0
3252    98118.681147499999  9430.8756345000002  1    0
3253    98093.772504658555  9378.0318062205843  1    0
3254    98098.607086880002  9395.2734006848968  1    0
3255    98177.548156434306  9540.6700334882244  1    0
3256    98674.156554522298  9358.7887891657192  1    0
3257    98676.640799204892  9343.1837795631491  1    0
3258    98689.419218492782  9335.8465283647838  1    0
3259    98679.925781691039  9334.1088900764753  1    0
3260    98576.040632499993  9370.0699787499998  1    0
3261    98876.740848401503  9609.9292331496745  1    0
3262    98925.679181930507  9516.2519001873552  1    0
3263    98577.459826858729  9675.2318960172815  1    0
3264    98680.329311120775  9458.5857810574198  1    0
3265    98666.598805129513  9652.2011776593408  1    0
3266    98509.320333633281  9490.0616769599364  1    0
3267    98511.380600353485  9546.2166726696232  1    0
3268    98700.658327585392  9480.9975788585343  1    0
3269    98949.482535000003  9525.1724125000001  1    0
3270    97989.870342801107  9387.6119043514864  1    0
3271    98773.507528504386  9420.1105774790358  1    0
3272    98760.570059053251  9420.6615397004589  1    0
3273    98233.193507517833  9503.2716036225283  1    0
3274    98222.775783323261  9543.3989765871138  1    0
3275    98848.367919642056  9623.9681853958537  1    0
3276    97979.170524825095  9385.5388031376406  1    0
3277    98761.620037127184  9603.741102033171  1    0
3278    99091.261715068584  9544.1733980895478  1    0
3279    98689.304439653934  9436.2944169631501  1    0
3280    98509.599001002149  9766.7483961463313  1    0
3281    98610.900258030568  9284.7725834155572  1    0
3282    98562.947031323667  9345.5722808967039  1    0
3283    99040.37910852299  9533.4157146457164  1    0
3284    99048.250301580338  9551.5291385262753  1    0
3285    99012.114570000005  9519.1190964999987  1    0
3286    99059.632775000005  9595.4051504999989  1    0
3287    99046.329197961648  9578.7699888159896  1    0
3288    98070.41982977021  9671.2053387631277  1    0
3289    98028.841319321073  9676.7180869870517  1    0
3290    98671.492602570055  9418.1382989078738  1    0
3291    97903.984212980606  9380.7357488758225  1    0
3292    97687.5  9942.3225849999999  1    1
3293    97986.994650571069  9676.7880358933016  1    0
3294    98324.84142158879  9363.2237138101718  1    0
3295    98331.149532323849  9380.1326997857104  1    0
3296    98997.740061693738  9555.3196994282152  1    0
3297    97873.14035808717  9681.5427855341877  1    0
3298    98170.951822499992  9430.3371294999997  1    0
3299    98389.697102846752  9682.9161061542109  1    0
3300    99803.102986492464  9777.2219063449102  1    0
3301    98176.760284437754  9386.3440677612889  1    0
3302    98501.838959141998  9458.17081571378  1    0
3303    98304.918699277783  9724.6821087252792  1    0
3304    98254.805598333682  9361.6285596354846  1    0
3305    98200.745741345861  9374.5792521177118  1    0
3306    98423.179807499997  9379.8011866249981  1    0
3307    98446.727239999993  9414.1422388749997  1    0
3308    97636.591792499996  9707.7248170625007  1    0
3309    98760.359268365763  9628.4427404161779  1    0
3310    99169.691367499996  9550.3004856250009  1    0
3311    99209.194442500011  9583.6050774999985  1    0
3312    99378.398574999999  9545.7945607500005  1    0
3313    99378.6045725  9535.4072527499993  1    0
3314    99407.607604999997  9542.5635302500013  1    0
3315    99406.577637499999  9532.1762222500001  1    0
3316    97658.423139999999  9717.3424845000009  1    0
3317    97653.695005000001  9708.1327508750001  1    0
3318    97589.773480000003  9716.8331754999999  1    0
3319    97585.282154999994  9706.5010156250009  1    0
3320    98475.436697500001  9384.3711812500005  1    0
3321    99221.961231249996  9554.9345492499997  1    0
3322    99793.631197252602  9726.6403422405347  1    0
3323    99800.326092672825  9748.0784819212349  1    0
3324    97828.462601875013  9407.410925562499  1    0
3325    97826.637037500012  9417.1944434375  1    0
3326    97805.907025624998  9408.9794026875006  1    0
3327    98367.0130775  9385.0272811249997  1    0
3328    97640.302122499997  9372.6522075000012  1    0
3329    97721.810217499995  9425.1779429375019  1    0
3330    97708.655587936257  9395.6530232860005  1    0
3331    99113.553837500003  9555.5298241250002  1    0
3332    99865.354142029581  9688.7056087435958  1    0
3333    99833.079101840325  9684.4286082001545  1    0
3334    99810.698540089521  9706.5290574110186  1    0
3335    98551.651081002216  9723.1390232548129  1    0
3336    98580.276804693582  9720.2738463474398  1    0
3337    98791.178386928674  9444.044112793481  1    0
3338    98213.393715017824  9504.0793611225545  1    0
3339    98816.013982863471  9448.2014480801354  1    0
3340    98894.400050813914  9692.8161264865448  1    0
3341    98462.213553783411  9544.2406400558302  1    0
3342    98111.403606976382  9390.0427003352943  1    0
3343    98685.131830963102  9368.2307513306278  1    0
3344    98699.206469547338  9383.5150039272521  1    0
3345    98671.686361143074  9326.175529733222  1    0
3346    98568.364823705604  9362.8248735603302  1    0
3347    98869.459384999995  9626.9920410000013  1    0
3348    98917.462060992533  9501.6748248291115  1    0
3349    98530.276839894097  9553.2336466876695  1    0
3350    98511.035518182587  9566.3707469833098  1    0
3351    98243.365950530701  9509.5484048432372  1    0
3352    97966.15023573619  9373.9074102322065  1    0
3353    98586.454464510272  9733.8719291848101  1    0
3354    98626.828335795755  9266.5358592916091  1    0
3355    99010.390342117462  9544.3550980376676  1    0
3356    98080.451742101635  9677.7816505796836  1    0
3357    98344.727879310551  9373.8465416219879  1    0
3358    98985.215765087909  9553.2783053502098  1    0
3359    98178.086516265976  9418.3540969807927  1    0
3360    98322.320171671541  9736.0878571530739  1    0
3361    98230.086945216928  9361.2504562179383  1    0
3362    98426.777494579612  9398.7427947112901  1    0
3363    98566.094507500005  9498.4207134999997  1    0
3364    99173.342419514709  9569.3007929221803  1    0
3365    97675.585554999998  9717.4698117500011  1    0
3366    97670.798217500007  9708.5406846875012  1    0
3367    97641.260725  9717.2151572500006  1    0
3368    97606.935895000002  9716.9605027500002  1    0
3369    97572.611065000005  9716.7058482499997  1    0
3370    98482.840330000006  9374.3147614999998  1    0
3371    98482.221332774425  9399.5547191188998  1    0
3372    99229.344590000008  9544.8132487500006  1    0
3373    97773.260967500013  9364.0036865000002  1    0
3374    97800.430332500007  9419.1903183124996  1    0
3375    97673.541833750001  9370.4900772500005  1    0
3376    97720.462598461614  9402.4792981407918  1    0
3377    99844.263234529586  9690.5984864935926  1    0
3378    99820.091345044755  9705.0625327055113  1    0
3379    99816.735810690734  9714.3837940932226  1    0
3380    99812.795198829175  9689.1449430319681  1    0
3381    99823.177648724042  9694.0169013113846  1    0
3382    98546.566852330463  9729.929009541549  1    0
3383    98203.766365530697  9511.1639198432476  1    0
3384    98223.566158030691  9510.3561623432452  1    0
3385    96756.692169449816  9603.3689132810105  1    0
3386    96761.427336646739  9584.2700097907946  1    0
3387    98451.317588902835  9542.8514984565591  1    0
3388    98099.520481134488  9419.1997794863419  1    0
3389    98687.752853421058  9318.1484646914196  1    0
3390    98581.899406835553  9356.1743038270906  1    0
3391    98638.729535625345  9251.7008283329578  1    0
3392    98995.139147501657  9539.5390680171004  1    0
3393    97602.385367499999  9706.9089494375003  1    0
3394    98470.816469543715  9395.5432883072881  1    0
3395    99228.744122477539  9570.1384605055591  1    0
3396    99184.272973882398  9567.6458823913454  1    0
3397    97833.240479711632  9394.6369125157835  1    0
3398    97822.125334484997  9397.7600467097618  1    0
3399    97664.07365783662  9406.4004909532796  1    0
3400    98710.316313501855  9729.6041148758395  1    0
3401    98438.577151266349  9543.4127480563639  1    0
3402    98454.303006505113  9562.8616091587974  1    0
3403    98105.61347874999  9431.0102607500012  1    0
3404    98016.243473204144  9371.1832931007521  1    0
3405    97987.707853882079  9370.1242444965337  1    0
3406    98571.106633978779  9509.0657826794231  1    0
3407    99217.346318929529  9566.1083657025301  1    0
3408    99200.777535837769  9569.3107426984207  1    0
3409    97810.866485164894  9398.8166358543276  1    0
3410    96768.292336123719  9595.9909655588126  1    0
3411    98560.160513733208  9509.0793390452454  1    0
3412    100234.2975625  9400.2061952500007  1    0
3413    97008.709651627665  9453.0355715045589  1    0
3414    97014.215377500019  9466.8922152500018  1    0
3415    96882.570352499999  9467.5653464999996  1    0
3416    96881.296126510613  9456.2507680182425  1    0
3417    96797.44149455677  9428.8277983516073  1    0
3418    97642.259879999998  9419.9822615000012  1    0
3419    96546.607084460411  9540.4873409534321  1    0
3420    96541.141922500014  9528.4066862500003  1    0
3421    96715.873840000015  9554.6490765000017  1    0
3422    96718.758170558533  9567.3736332345725  1    0
3423    98361.98324999999  9531.9199454999998  1    0
3424    98360.208780000001  9519.7257255000004  1    0
3425    98388.211039999995  9519.0282640000005  1    0
3426    98647.454912437723  9534.4651669231516  1    0
3427    100284.00066880789  9412.0332308087854  1    0
3428    99905.231821354741  9417.1222137299137  1    0
3429    100014.7947875  9422.6172050000005  1    0
3430    100004.570086875  9411.3394172499993  1    0
3431    99861.956654999987  9482.4066760000005  1    0
3432    99733.652960000007  9455.1927065  1    0
3433    98793.725424740667  9669.731741484442  1    0
3434    99192.562420000002  9771.7071660000001  1    0
3435    99191.342674999993  9783.1747282500019  1    0
3436    99701.115261516243  9769.6763923966919  1    0
3437    99610.128689999998  9768.4761359999993  1    0
3438    99608.2818425  9779.5154894999996  1    0
3439    99581.730154999997  9768.4761359999993  1    0
3440    99577.132893750007  9779.6501157499988  1    0
3441    99642.128689999998  9768.4761359999993  1    0
3442    99639.430791249993  9779.3808632500004  1    0
3443    99595.92942249999  9768.4761359999993  1    0
3444    99592.707368125004  9779.5828026249983  1    0
3445    99623.856316874997  9779.4481763750009  1    0
3446    99626.128689999998  9768.4761359999993  1    0
3447    99655.00526562499  9779.3135501249999  1    0
3448    99658.128689999998  9768.4761359999993  1    0
3449    96577.9224675  9532.7147267500004  1    0
3450    100173.334275  9401.7655434999997  1    0
3451    100183.726425  9413.7853981250009  1    0
3452    100212.11147500001  9412.2655813749989  1    0
3453    99306.365412500003  9781.7489876250002  1    0
3454    99312.548485000007  9770.0916509999988  1    0
3455    99131.239346249989  9562.4687539999995  1    0
3456    99141.622602500007  9552.9151548749996  1    0
3457    99863.738926238875  9430.821453931072  1    0
3458    99870.923272032116  9419.3270993448696  1    0
3459    99937.971837499994  9426.6503160000011  1    0
3460    98326.012087499999  9519.8360217499994  1    0
3461    98330.957419375001  9531.520996437499  1    0
3462    100093.16999749999  9418.5913930000006  1    0
3463    100085.56686374999  9406.7353614999993  1    0
3464    97531.118601249997  9717.1178371250007  1    0
3465    97613.866717500001  9433.3751413749997  1    0
3466    98384.672640000004  9391.9297160000006  1    0
3467    98395.096442499998  9382.4142338749989  1    0
3468    96747.313184271567  9560.3529647130508  1    0
3469    96743.030631675603  9571.8113177037158  1    0
3470    96605.44624125  9547.8001678750006  1    0
3471    100130.25062499999  9404.2017925  1    0
3472    96981.44573488296  9453.7235585136805  1    0
3473    96976.500558750005  9466.8922152500018  1    0
3474    100257.57700321183  9411.7916222131771  1    0
3475    100260.5785375  9399.9787127500022  1    0
3476    100254.5359  9454.3972414999989  1    0
3477    100252.19586631947  9430.2234331855161  1    0
3478    100262.68452244737  9423.2841665698797  1    0
3479    100053.98239250001  9420.6042990000005  1    0
3480    99975.607182500011  9424.6301110000004  1    0
3481    98728.164255102878  9602.8678924131236  1    0
3482    98899.304245000007  9636.7175720000032  1    0
3483    98906.923295446963  9626.4766514831936  1    0
3484    98867.775100263112  9616.1882143503226  1    0
3485    98945.666271878566  9680.0694316303616  1    0
3486    98192.455359771382  9676.4215941357361  1    0
3487    98967.415405000007  9660.0030500000012  1    0
3488    98900.802332596548  9601.8389128373838  1    0
3489    98406.518493183146  9740.4280620214067  1    0
3490    98728.732320851472  9709.4581813654604  1    0
3491    99011.894140152741  9640.2546622232676  1    0
3492    98545.527407004964  9670.3934179497501  1    0
3493    98241.374366208358  9737.3994269202121  1    0
3494    97882.526539435668  9745.9547232426048  1    0
3495    98514.044427500005  9372.5094719999997  1    0
3496    98526.241890000005  9408.6395932499981  1    0
3497    99117.178349143185  9718.4929494135995  1    0
3498    98598.059325000009  9404.8522154999991  1    0
3499    98178.578616572937  9493.3205150631893  1    0
3500    98351.513219999993  9421.5150539999995  1    0
3501    99098.075870000001  9592.0784219999987  1    0
3502    97963.271195064211  9746.8211830493965  1    0
3503    98134.266435300626  9682.1125677197688  1    0
3504    98171.530687802486  9680.6530667117913  1    0
3505    98445.020717143489  9744.3852090238361  1    0
3506    98122.160424040281  9490.4736204722794  1    0
3507    98936.558415000007  9657.6284369999994  1    0
3508    98179.740692099513  9723.4548405753158  1    0
3509    98137.439572856616  9561.4475471314163  1    0
3510    98807.607801014252  9638.1799932502508  1    0
3511    98799.323917745132  9623.4326364374483  1    0
3512    98151.937129531594  9419.4080720000002  1    0
3513    99929.228205607389  9712.8372730232386  1    0
3514    98492.650562092706  9740.891802522643  1    0
3515    98900.952205000009  9675.9376095000043  1    0
3516    98905.676470732593  9662.9605248496537  1    0
3517    99844.251648498699  9756.5233202724812  1    0
3518    98283.216227448604  9668.3768799750196  1    0
3519    98161.44278563885  9757.6621367966382  1    0
3520    98863.283411356941  9487.3055305625185  1    0
3521    98850.765055691139  9493.7101069619894  1    0
3522    96827.380283717299  9587.768571542365  1    0
3523    97871.341067500005  9436.7480973749989  1    0
3524    97748.145394884516  9694.3302521733021  1    0
3525    98091.339083010054  9747.4020797023713  1    0
3526    96515.954483107271  9488.0895065902205  1    0
3527    98667.344809999995  9545.3501319999996  1    0
3528    99011.365464490067  9672.560054772217  1    0
3529    99008.875290315962  9685.3966701291629  1    0
3530    99051.208149531274  9700.1909698635936  1    0
3531    99260.564907499996  9543.0079592500006  1    0
3532    98604.046137500001  9367.6629262499991  1    0
3533    97690.332809999993  9449.8563156250002  1    0
3534    99423.643989995078  9509.4833277027228  1    0
3535    98367.999431472039  9407.6267929547794  1    0
3536    99436.121836427119  9515.7247962768652  1    0
3537    99114.556793500131  9578.1726293122392  1    0
3538    98601.320686529667  9735.3095593641465  1    0
3539    98938.443735139881  9615.2796700501003  1    0
3540    97827.994800831089  9749.5482521735048  1    0
3541    98644.097085016969  9566.5797496978721  1    0
3542    97962.764591261439  9672.1731998920113  1    0
3543    98183.021397244171  9511.7462424687747  1    0
3544    98698.753649759208  9609.0265758758596  1    0
3545    98803.653529610558  9703.1586177255303  1    0
3546    98974.640041512132  9678.0914252771727  1    0
3547    100281.28520124996  8950.6495071378395  1    0
3548    100274.91217574122  8926.4636118121362  1    0
3549    98182.862491076492  9552.5907815217452  1    0
3550    98524.055886899165  9485.4780341833339  1    0
3551    98942.013385225844  9508.884472487136  1    0
3552    98766.544906749128  9408.7888054380819  1    0
3553    99067.826835142871  9616.0706084250014  1    0
3554    99031.047137920075  9584.8917820214065  1    0
3555    98676.872840297452  9430.6751838853816  1    0
3556    97615.403716140907  9732.3074914303452  1    0
3557    98370.743988584407  9672.2565374004134  1    0
3558    98163.72472879765  9387.6685008910499  1    0
3559    99785.355762626685  9763.6382434205134  1    0
3560    97818.39645  9439.3068073750001  1    0
3561    97733.020690000005  9446.3398128749996  1    0
3562    99870.699567837088  9665.794287665316  1    0
3563    99881.15309320853  9687.0716912335301  1    0
3564    98561.317584728458  9748.8688932310633  1    0
3565    98782.157613498537  9432.2141904202017  1    0
3566    98804.715278773205  9439.437401118319  1    0
3567    98529.12073984131  9763.9512835845144  1    0
3568    98137.880799999999  9350.0155315000011  1    0
3569    98249.406766029992  9488.377069006352  1    0
3570    98258.207589024852  9508.7414437540028  1    0
3571    98087.093772603184  9656.7096815753757  1    0
3572    98094.968585319963  9672.2752330081239  1    0
3573    98971.849920473745  9553.439298986259  1    0
3574    98316.873712655171  9725.4200115585845  1    0
3575    98347.682318143576  9748.5827839249469  1    0
3576    98404.387279999995  9417.3335299999999  1    0
3577    99150.949930000002  9587.8968979999991  1    0
3578    97568.178942500002  9706.0930818125016  1    0
3579    98454.492170602171  9398.5703913976886  1    0
3580    98419.954017017328  9550.3993297219258  1    0
3581    98111.284752315914  9420.607543250002  1    0
3582    97998.577068286744  9377.6577137055538  1    0
3583    98583.289106178883  9510.3300882359581  1    0
3584    97799.588960993453  9399.6046702163949  1    0
3585    97806.500678750017  9361.8415562499995  1    0
3586    97782.445888701768  9397.5254120387162  1    0
3587    97803.947421493431  9380.8883148545829  1    0
3588    97815.414239365069  9386.7622293733166  1    0
3589    100208.23165  9348.5914130000019  1    0
3590    100240.66617439114  9376.8548653065427  1    0
3591    96860.997859169933  9467.7199412781938  1    0
3592    96901.35639375  9467.4307202500004  1    0
3593    96897.29103476592  9455.8471470273635  1    0
3594    96828.048370601857  9454.8093380235005  1    0
3595    96722.011392180706  9583.8794614906765  1    0
3596    98394.614709999994  9532.4584504999984  1    0
3597    98380.944909986036  9496.2820718996409  1    0
3598    100010.03558456832  9363.9558157795527  1    0
3599    99901.888752500003  9428.6778200000008  1    0
3600    99979.726569136648  9367.1551945591054  1    0
3601    99792.797347142696  9475.2843466001668  1    0
3602    98781.678356195611  9673.3951953318501  1    0
3603    98794.094630000007  9655.5652489999975  1    0
3604    98802.713695566606  9662.8779352820256  1    0
3605    98782.761853798263  9642.458901559683  1    0
3606    98793.973244866007  9644.2174307041732  1    0
3607    99232.557774999994  9771.1686609999997  1    0
3608    99229.683587499996  9782.6994813750025  1    0
3609    99153.001762500004  9783.6499751250012  1    0
3610    99119.49633284437  9751.0101574521595  1    0
3611    99685.847500758115  9774.4613146983484  1    0
3612    99567.530887500005  9768.4761359999993  1    0
3613    99287.194956249994  9781.9866110625007  1    0
3614    99325.535868750012  9781.5113641874996  1    0
3615    97543.283625625001  9716.848179062501  1    0
3616    96757.305925728011  9547.726263881621  1    0
3617    96746.658960691842  9586.2654499231448  1    0
3618    100275.90451531707  9422.5125398474247  1    0
3619    100284.00077797932  9454.1066656486419  1    0
3620    98735.800425924434  9620.694077987142  1    0
3621    98915.39662242023  9614.1361485814377  1    0
3622    98869.775638722582  9641.4970327712508  1    0
3623    98959.648883878981  9679.2684870143148  1    0
3624    98210.72031142388  9674.0411078400393  1    0
3625    98913.986846931701  9600.7096553123101  1    0
3626    98382.761976981099  9751.4560717362183  1    0
3627    98421.967322919823  9750.2070854892609  1    0
3628    99025.996061800121  9658.576419085839  1    0
3629    99018.393291669912  9649.5266745367298  1    0
3630    98541.410528031556  9397.578065079706  1    0
3631    98515.641252983623  9396.271851215457  1    0
3632    98592.45357923214  9390.8592866107683  1    0
3633    98553.900041939225  9390.7902271940966  1    0
3634    98344.091792303589  9408.8423269109662  1    0
3635    99090.648812855085  9579.3805236849767  1    0
3636    98121.386699209237  9687.5600145268163  1    0
3637    98160.851435763514  9585.1389911319202  1    0
3638    98942.21196999801  9668.4026420949976  1    0
3639    98164.994014374286  9418.5311469521239  1    0
3640    97895.233784564392  9424.1536144098536  1    0
3641    98053.155205641262  9753.4193217986249  1    0
3642    99040.680965574444  9676.0531922852479  1    0
3643    99018.578260228358  9687.2070139425705  1    0
3644    99020.713739326049  9697.8631801694191  1    0
3645    99034.084605000011  9701.7696325000052  1    0
3646    99004.584422310116  9694.2294575370706  1    0
3647    98995.863414182168  9684.5342694137016  1    0
3648    98379.635487047373  9403.2828840272396  1    0
3649    99126.194764955508  9573.8228392780511  1    0
3650    97580.966556411062  9747.1937391362735  1    0
3651    98171.249275051247  9513.071687294072  1    0
3652    98836.632398008398  9693.9925227232379  1    0
3653    98981.704518584884  9672.1029020111037  1    0
3654    98985.984458557636  9681.5071278692649  1    0
3655    98974.200392128652  9666.477603659092  1    0
3656    98964.379211196749  9669.9772485294507  1    0
3657    98953.227433818567  9670.1494534929589  1    0
3658    98955.42366596355  9512.5914605233538  1    0
3659    98782.297444510317  9406.903177454029  1    0
3660    99054.986711236343  9609.2046033541028  1    0
3661    98391.750722181212  9661.2682518982474  1    0
3662    97807.889674844744  9430.6094001095571  1    0
3663    98485.410584852289  9789.0973536890142  1    0
3664    98978.346197967112  9537.8633724151296  1    0
3665    98328.928131682114  9725.9899039020966  1    0
3666    98410.683178131483  9402.1376779142429  1    0
3667    99157.246961746452  9572.6994608578188  1    0
3668    98112.385968327391  9454.1083193879695  1    0
3669    97823.120534375019  9360.760491125  1    0
3670    100266.94714939114  9376.6273828065441  1    0
3671    100253.88341712892  9385.6086302838448  1    0
3672    100227.60244212892  9385.8361127838416  1    0
3673    96865.301218255307  9456.6543890091216  1    0
3674    96871.784105834959  9467.6426438890976  1    0
3675    96861.848459726272  9495.3074330345389  1    0
3676    96866.4889901446  9481.357493238962  1    0
3677    96877.249094291372  9477.6322116969586  1    0
3678    96710.626731871307  9577.5498133221136  1    0
3679    98394.201380999613  9504.5810305771774  1    0
3680    98790.123190281622  9632.1451885682836  1    0
3681    99252.555452500004  9770.8994084999995  1    0
3682    99210.513131249987  9782.9371048125031  1    0
3683    99212.560097499998  9771.4379134999999  1    0
3684    99172.564742500006  9771.9764184999985  1    0
3685    99172.172218749998  9783.4123516875006  1    0
3686    99128.570259922169  9772.5687685076573  1    0
3687    99133.831306250009  9783.8875985625  1    0
3688    99681.14296859529  9754.0955972135871  1    0
3689    99292.550807499996  9770.360903499999  1    0
3690    97530.872058125009  9705.2139560625019  1    0
3691    97549.844167167714  9738.2785823265949  1    0
3692    96734.985908280723  9581.5131978322333  1    0
3693    100300  9433.0642040000002  1    1
3694    98528.276796322156  9392.2340310257678  1    0
3695    98605.145786736044  9387.8885626670017  1    0
3696    98578.053537500004  9405.6453752499983  1    0
3697    98355.781796777708  9405.1327275283784  1    0
3698    99102.339670454079  9575.6576050289623  1    0
3699    99032.309026450879  9711.7964012569391  1    0
3700    99047.597509999992  9726.401372999997  1    0
3701    99041.677888194885  9690.4752285027953  1    0
3702    98973.558302393678  9713.8256375004385  1    0
3703    97676.851775060321  9440.5313316627307  1    0
3704    97703.02590751776  9438.1077651399901  1    0
3705    98391.511296055018  9401.7578999336183  1    0
3706    99138.071392755141  9572.3018966740037  1    0
3707    98159.733031788172  9491.2982231362621  1    0
3708    98988.175202133862  9691.2187165106589  1    0
3709    98979.160968106415  9649.187872405877  1    0
3710    98146.785989211625  9362.4503197453196  1    0
3711    98150.657803818263  9388.4803030546918  1    0
3712    98124.520704921306  9390.0508139360227  1    0
3713    98336.92369335673  9738.4331432759627  1    0
3714    98099.227450656428  9445.4245791947942  1    0
3715    96892.045898874581  9479.013856893298  1    0
3716    96877.845064589405  9494.9778380518073  1    0
3717    96680.874493349431  9590.0063043430273  1    0
3718    98674.209663337198  9533.4848442977545  1    0
3719    99998.06248896035  9398.9645020228218  1    0
3720    99248.854043750005  9782.4618579375019  1    0
3721    99718.452951802086  9737.7996128924278  1    0
3722    99663.41226282499  9738.2689162377119  1    0
3723    97518.953576875007  9717.3874951875005  1    0
3724    97537.497171267794  9730.3389993392011  1    0
3725    100289.37072801152  9424.5491927601761  1    0
3726    98620.426101539095  9388.2096072566292  1    0
3727    98137.590135467661  9389.2799572067488  1    0
3728    98156.341276434337  9374.3928002117973  1    0
3729    98117.976539124662  9366.7937610459612  1    0
3730    96692.702106216253  9576.4967234050309  1    0
3731    97525.276222623128  9728.0857582257086  1    0
3732    98566.692287484781  9389.7034137958308  1    0
3733    98143.419620404457  9377.3699013297646  1    0
3734    97513.104686197243  9728.0616395801608  1    0
3735    97527.392322044761  9750.8767493802825  1    0
3736    98579.505717622567  9389.0155473985433  1    0
3737    98160.548295000001  9348.4146142499994  1    0
3738    97482.458503750007  9718.1964693749997  1    0
3739    97519.166530890172  9740.1467647244244  1    0
3740    97172.694822499994  9450.7905900000005  1    0
3741    97174.294117500001  9464.5873487499994  1    0
3742    97574.116280000002  9423.2132915000002  1    0
3743    96625.609411489233  9755.4150458812128  1    0
3744    96563.853548756932  9767.9547077087791  1    0
3745    96623.325749378462  9771.9849568543905  1    0
3746    96562.804705744609  9749.4731294406065  1    0
3747    96697.350170555655  9769.3644258277764  1    0
3748    96697.634992095016  9747.7704490935157  1    0
3749    98621.760034999999  9523.0183919999999  1    0
3750    98742.012110000011  9686.8634225000005  1    0
3751    98749.801998438459  9705.4575953277053  1    0
3752    98738.040274861691  9699.4562367815579  1    0
3753    98762.173590366467  9677.4807419339068  1    0
3754    99819.163590491531  9487.0585008228318  1    0
3755    99628.569860000003  9514.3082350000004  1    0
3756    99633.354770000005  9528.1974482500009  1    0
3757    98846.334554897985  9656.4766340563383  1    0
3758    99751.108066032961  9646.5849174861032  1    0
3759    99682.896832770595  9664.9352943206668  1    0
3760    99016.712577606333  9735.240012499562  1    0
3761    97108.859265000006  9467.5653464999996  1    0
3762    97110.776472500002  9454.3070929999994  1    0
3763    97127.788042500004  9467.6999727500006  1    0
3764    97089.930487500009  9467.4307202500004  1    0
3765    97096.037328749997  9454.0378404999992  1    0
3766    99680.84215750001  9524.7442032499985  1    0
3767    99684.089407499996  9509.208657000001  1    0
3768    99489.369544999994  9521.5780530000011  1    0
3769    96940.549859765917  9454.7555390273628  1    0
3770    99527.214123749989  9532.5801012500015  1    0
3771    99532.579709999991  9518.0453300000008  1    0
3772    100223.8448125  8900  1    1
3773    99523.13235249999  9768.4761359999993  1    0
3774    99514.834996249992  9779.9193682500008  1    0
3775    97229.448712500001  9458.0928482500003  1    0
3776    97237.574947500005  9442.680574  1    0
3777    98639.777470297704  9347.2527794987927  1    0
3778    97548.986587500011  9438.2216868750002  1    0
3779    99363.876781250001  9781.036117312502  1    0
3780    98273.382176875006  9530.5610261875008  1    0
3781    98287.710102500001  9519.5505492499997  1    0
3782    99477.833451250001  9768.4761359999993  1    0
3783    99468.111573125003  9780.1213076249987  1    0
3784    96634.353583749995  9552.7586316249981  1    0
3785    96647.065224999998  9543.4669862499995  1    0
3786    99402.21769374999  9780.5608704375009  1    0
3787    97490.464714375004  9704.2715721875011  1    0
3788    97494.934872205253  9731.9724077621013  1    0
3789    98650.521803255033  9385.0959971602642  1    0
3790    98865.469590122695  9680.0716073626263  1    0
3791    98815.605639999994  9675.7462125000002  1    0
3792    98824.575110027406  9686.6485437872361  1    0
3793    98811.927116510531  9687.9133823211741  1    0
3794    98819.724320457448  9702.0125785679611  1    0
3795    98863.164178061197  9660.3063738125365  1    0
3796    98885.973299427031  9657.369246399101  1    0
3797    98883.582949572461  9645.1996763648476  1    0
3798    98893.991525289879  9646.1088499209363  1    0
3799    98059.90506303079  9501.6151207852909  1    0
3800    98706.559799159586  9646.0843676383447  1    0
3801    98061.150955977064  9552.3567429005088  1    0
3802    97915.140096863106  9762.3689313415889  1    0
3803    98006.353443036249  9461.3557900398664  1    0
3804    99303.120531178385  9562.733249231278  1    0
3805    99081.253257665652  9767.3510005174121  1    0
3806    99082.951297939479  9759.8513920056557  1    0
3807    99083.027785126003  9740.3875092608196  1    0
3808    99087.351656182887  9750.1365924276706  1    0
3809    99069.067582563002  9739.7624256304098  1    0
3810    99075.625491251325  9749.5039363620708  1    0
3811    98459.245758733901  9475.575141746227  1    0
3812    98687.759799928783  9509.8325702602779  1    0
3813    99344.596025000006  9575.4188269999995  1    0
3814    99313.613929555228  9517.6561475291874  1    0
3815    99366.99265  9487.8209229999993  1    0
3816    99866.926320640719  9755.0486125980879  1    0
3817    98474.255317591771  9660.1700404899311  1    0
3818    99562.310604955564  9729.187753205837  1    0
3819    97958.952426786243  9462.5564779773413  1    0
3820    96806.37155317569  9605.7136735528275  1    0
3821    98294.482000276737  9368.6737437117299  1    0
3822    96547.617865000007  9571.7986970000002  1    0
3823    99272.809407499997  9579.2029605000007  1    0
3824    98452.049839999992  9328.4396450000004  1    0
3825    99198.580054999999  9499.0062570000009  1    0
3826    99450.532302500011  9568.7621259999996  1    0
3827    99430.931859606411  9555.654010777811  1    0
3828    97922.414992223188  9678.1169716688382  1    0
3829    98237.188914572704  9542.4801940335292  1    0
3830    98601.853415330595  9271.4905451196919  1    0
3831    98053.182564007715  9678.3911518289842  1    0
3832    98009.723389150517  9678.1718722903443  1    0
3833    98186.029925434457  9374.9099795014772  1    0
3834    98414.01201476717  9357.3803834241025  1    0
3835    98437.717197873761  9397.0900466877065  1    0
3836    99160.528169701633  9527.9165341278349  1    0
3837    99387.201859369117  9558.5563249388051  1    0
3838    99113.775239999988  9508.1284030000006  1    0
3839    98699.051289070878  9349.4995561066607  1    0
3840    98805.99778558081  9813.1980677429965  1    0
3841    98621.342439294909  9723.7772361805837  1    0
3842    98367.241779999997  9337.5650349999996  1    0
3843    98358.857352881882  9373.4835404305104  1    0
3844    98488.152225897531  9348.6118047349028  1    0
3845    99234.659885644418  9519.1474006856188  1    0
3846    97740.021256250009  9366.1658167500009  1    0
3847    97737.36334673778  9401.0738017609983  1    0
3848    98558.030497328466  9471.2278762444257  1    0
3849    97847.489025195769  9394.6692313540952  1    0
3850    97675.514088859985  9407.9551480222672  1    0
3851    97672.217303247249  9389.344251460454  1    0
3852    97692.229544613147  9403.8850417706162  1    0
3853    96758.197378476892  9634.7971021913763  1    0
3854    96994.813222818077  9416.3715580657317  1    0
3855    97650.253103905459  9408.5117182202011  1    0
3856    99768.611995000014  9450.1726067499985  1    0
3857    99588.829788749994  9743.3047518233871  1    0
3858    99587.5  9942.3225849999999  1    1
3859    100140.9444275  9459.7083634999999  1    0
3860    100175.00811374999  9457.2769807500008  1    0
3861    100220.40552070524  9434.2561769064905  1    0
3862    99861.690046794625  9400.3946192457224  1    0
3863    96613.230234999995  9537.7348267500001  1    0
3864    96623.781984449801  9579.9439427810066  1    0
3865    96595.9641984724  9559.7081816985592  1    0
3866    98591.719834615302  9719.8952623675868  1    0
3867    98535.061458687807  9680.3898674450575  1    0
3868    99112.797335266499  9738.730247310139  1    0
3869    98323.335073455077  9556.9172556255835  1    0
3870    98206.862563204821  9741.6337917077726  1    0
3871    96837.876120000001  9574.9127619999999  1    0
3872    96846.102552087061  9605.4589612939199  1    0
3873    97855.540728749998  9437.1483266875002  1    0
3874    98198.631300997877  9728.7339226362164  1    0
3875    96500  9454.8834929999994  1    1
3876    98595.998073125083  9356.0867125689656  1    0
3877    99412.091341070001  9518.5589591068037  1    0
3878    98591.339053805874  9760.9444548236443  1    0
3879    98627.493506054278  9558.072763835602  1    0
3880    98659.439970214153  9569.7778407082478  1    0
3881    98605.85637435758  9650.5361403067982  1    0
3882    98974.199223765463  9688.2864041868361  1    0
3883    100254.30643602498  8932.7897451566769  1    0
3884    98540.622548442159  9485.475163071098  1    0
3885    98678.018018973467  9444.7026886869353  1    0
3886    98651.958282874024  9433.9444186604633  1    0
3887    99901.503592101173  9676.9289994370974  1    0
3888    98833.835343308237  9388.1256722574708  1    0
3889    96888.744610838199  9434.29408900618  1    0
3890    98367.490717622437  9505.2741902934104  1    0
3891    98812.595605732786  9657.2900776149836  1    0
3892    99686.695967620573  9803.9193038110407  1    0
3893    99561.558419375011  9779.7174288749993  1    0
3894    99332.546162500003  9769.8223984999986  1    0
3895    96742.806157940635  9546.5186481290675  1    0
3896    98922.225880322803  9627.9045644618964  1    0
3897    98874.764531586407  9634.1323159223903  1    0
3898    98117.978947790471  9662.9771130163535  1    0
3899    98136.425224958584  9585.8634373454788  1    0
3900    98188.169708455665  9736.3644772114676  1    0
3901    99468.971235000005  9478.192712  1    0
3902    99453.29276238945  9513.2461384650524  1    0
3903    98847.968454877453  9684.240086215148  1    0
3904    98955.289992749444  9486.9652382032273  1    0
3905    98975.536895469413  9508.4890364612857  1    0
3906    99051.238733382605  9631.6528687185692  1    0
3907    99034.92130726442  9612.5283613608572  1    0
3908    98524.318379364442  9799.956497435347  1    0
3909    97815.367164617754  9372.7246409609143  1    0
3910    100207.88939992014  9385.7397403854175  1    0
3911    100236.212825  9346.5639090000022  1    0
3912    96850.054493140575  9483.6372800079916  1    0
3913    98402.2849098242  9476.931485146335  1    0
3914    97540.97389406251  9705.4495520312521  1    0
3915    97536.340622753341  9687.4239856868498  1    0
3916    97546.283473058065  9694.4765352186223  1    0
3917    97553.814272664051  9673.3243297608278  1    0
3918    97559.880089801285  9695.2920583117975  1    0
3919    99032.892297938917  9726.4903104030418  1    0
3920    98325.811143936517  9760.9893463829267  1    0
3921    98090.412833681592  9473.092871129038  1    0
3922    96940.256094726268  9493.6919175345392  1    0
3923    96917.04888208941  9494.1700803018084  1    0
3924    96886.427648001161  9523.1706080569038  1    0
3925    99980.692673379992  9399.7159901231953  1    0
3926    100009.76986182005  9400.7064778784716  1    0
3927    99722.724760179044  9720.2646478220377  1    0
3928    99702.626360901035  9740.148872446216  1    0
3929    99650.128689999998  9751.5111613874797  1    0
3930    97520.770222187508  9704.9783600937517  1    0
3931    97516.136950878339  9686.9527937493494  1    0
3932    97526.079801183078  9694.0053432811201  1    0
3933    100266.86766482973  9441.0033598304017  1    0
3934    98635.333185306052  9385.7314630859855  1    0
3935    97188.91485375  9448.763085999999  1    0
3936    97156.474791249988  9452.8180940000002  1    0
3937    97581.426652500013  9435.7984141249981  1    0
3938    96657.467150744618  9758.4290879406053  1    0
3939    96653.061849689228  9774.0000814271953  1    0
3940    96701.86405879636  9798.4868884903117  1    0
3941    98735.332575958717  9679.1551743189139  1    0
3942    99827.845597058928  9453.8263539506806  1    0
3943    99618.164710000012  9528.7286543749997  1    0
3944    99646.152375000005  9513.2474450000009  1    0
3945    98846.862456288698  9665.4468067656799  1    0
3946    98837.25826916135  9661.5114003293129  1    0
3947    98836.967443338843  9650.2887273591332  1    0
3948    98856.784694074173  9646.9988220868381  1    0
3949    99736.49649293744  9662.5635700293806  1    0
3950    97118.584795000002  9413.7894529999994  1    0
3951    99535.986552760078  9547.9472526189547  1    0
3952    99538.231986250001  9768.4761359999993  1    0
3953    99499.260521874996  9779.9866813750014  1    0
3954    99508.032718749993  9768.4761359999993  1    0
3955    99530.409470624989  9779.8520551250003  1    0
3956    98624.327052994428  9351.6677729331059  1    0
3957    99372.541517499994  9769.2838935  1    0
3958    98278.282657173957  9499.6151162209462  1    0
3959    99470.283634374995  9741.7086508429311  1    0
3960    99460.443663538696  9807.7642107801148  1    0
3961    99412.536872500001  9768.7453884999995  1    0
3962    97500.566550312506  9704.5071681562513  1    0
3963    97494.623528124997  9717.9268113124999  1    0
3964    97495.933279003337  9686.481601811849  1    0
3965    97505.876129308075  9693.5341513436197  1    0
3966    97504.258123714928  9760.093815550008  1    0
3967    98871.96910792157  9704.5262858428632  1    0
3968    98053.75445928624  9460.1551021023679  1    0
3969    98082.169593829065  9558.9131406511788  1    0
3970    97955.528222584238  9773.000151657041  1    0
3971    97892.313755817479  9767.1156121613494  1    0
3972    98021.883697748577  9450.2931250864367  1    0
3973    97990.283020248564  9451.093583711443  1    0
3974    99324.606457500005  9576.2103644999988  1    0
3975    99289.477995904104  9562.5311547369402  1    0
3976    99061.376567771251  9789.108992553025  1    0
3977    98672.903691674903  9511.4043189517597  1    0
3978    99343.945215117783  9561.0122777283632  1    0
3979    99339.794900000008  9490.43397  1    0
3980    99328.348867364155  9525.1039987953009  1    0
3981    99394.190399999992  9485.2078760000004  1    0
3982    97911.551410536238  9463.7571659148416  1    0
3983    97942.882003998573  9452.294271648927  1    0
3984    96789.550192880386  9616.8947329928505  1    0
3985    98276.155608715068  9357.7477789952136  1    0
3986    96515.965895225207  9569.7287534765619  1    0
3987    99262.394866888804  9566.6932389689209  1    0
3988    98457.861385523895  9352.7268361203605  1    0
3989    99204.36904206351  9523.2623973287846  1    0
3990    99445.76174090046  9552.3203241824758  1    0
3991    98251.583619358265  9542.6665583605009  1    0
3992    98231.61109695425  9568.4900909168846  1    0
3993    98200.97185875001  9346.1486757499988  1    0
3994    98400.745651995923  9367.0195489231301  1    0
3995    98428.829016995922  9364.4065016731311  1    0
3996    98456.629639539606  9441.7834821183696  1    0
3997    99147.268132751022  9537.5365542883173  1    0
3998    99175.336897751011  9534.9218850383277  1    0
3999    99401.707886951714  9556.0504677593672  1    0
4000    99364.585592499992  9574.6272895000002  1    0
4001    98462.093588230084  9765.840676204838  1    0
4002    98490.330850390208  9756.5343936558784  1    0
4003    98346.253059999988  9339.529281000001  1    0
4004    98372.902431004914  9372.2135107958056  1    0
4005    97724.783051696417  9381.3823744378078  1    0
4006    98573.567184702464  9481.41259221976  1    0
4007    97840.402784721664  9377.8856221064616  1    0
4008    97862.288203878037  9393.1680167133545  1    0
4009    96765.323344238437  9620.4715790956925  1    0
4010    97023.720441409037  9416.1575155328646  1    0
4011    96965.906004227116  9416.5856005985988  1    0
4012    97633.013272118915  9405.0184800346506  1    0
4013    97654.7201749167  9391.4623457972648  1    0
4014    99574.630521250001  9752.8867473908485  1    0
4015    99618.128689999998  9740.1125498624751  1    0
4016    99603.029056250001  9752.8867473908467  1    0
4017    99616.18840728869  9807.091079530117  1    0
4018    100192.08486018186  9436.9785718707408  1    0
4019    100205.79489456283  9427.2073663471838  1    0
4020    99877.965985801828  9404.1746953010261  1    0
4021    96624.863043894235  9564.7161825554722  1    0
4022    96610.523406875174  9561.5721426397249  1    0
4023    96571.426797499997  9573.3557294999991  1    0
4024    98561.214426343096  9714.6359817176708  1    0
4025    98518.521587798372  9659.4840406081839  1    0
4026    99101.2210095716  9719.6605597067992  1    0
4027    99135.288536364242  9734.4279258563183  1    0
4028    98337.890836636434  9547.4439704004999  1    0
4029    96845.876120000001  9546.5491758624757  1    0
4030    96845.876120000001  9589.1391073863942  1    0
4031    96823.480850561114  9628.6836837264564  1    0
4032    97864.150394286247  9464.9578538523656  1    0
4033    96500  9470.8834929999994  1    1
4034    98587.944938087836  9320.1747388975091  1    0
4035    98610.005220179111  9354.9343159493619  1    0
4036    99398.183104875032  9520.852334757652  1    0
4037    98598.815478151024  9558.5782696887345  1    0
4038    98646.157701594115  9595.0968094900873  1    0
4039    98665.252020510889  9438.6843828972942  1    0
4040    96904.999662818067  9417.0365795657326  1    0
4041    98352.465812919923  9506.7637430328068  1    0
4042    99662.890133466295  9801.8690411602856  1    0
4043    96711.839370006026  9506.7586488482957  1    0
4044    96751.406660612178  9530.9056597215549  1    0
4045    98933.272071355954  9640.8229350586407  1    0
4046    99445.179692500009  9480.3937704999989  1    0
4047    98746.187473972474  9743.904746458129  1    0
4048    97577.103821159544  9690.6470654486347  1    0
4049    99062.685840494974  9726.0865266273813  1    0
4050    96907.426111647452  9481.8429875987858  1    0
4051    96870.208624786974  9512.705322466174  1    0
4052    99696.667393389012  9754.4895011520712  1    0
4053    99634.128689999998  9754.3349311186976  1    0
4054    98171.225130409744  9372.3822024735582  1    0
4055    96673.396020372311  9759.9361089703016  1    0
4056    96725.039082153715  9774.1143066686982  1    0
4057    99610.987345000001  9515.369025  1    0
4058    99632.292357500002  9560.7332102500004  1    0
4059    99611.178072257389  9546.3914869842538  1    0
4060    98866.033075876214  9650.7481571901608  1    0
4061    97103.812786392256  9431.9538850482313  1    0
4062    99508.820607500005  9566.6081059999997  1    0
4063    99530.682169374995  9741.7086508429056  1    0
4064    99538.316035413693  9807.4276451551432  1    0
4065    99485.383268125006  9751.8982344720007  1    0
4066    99475.972713453215  9797.1868805414288  1    0
4067    98853.458187702097  9702.0858855641764  1    0
4068    98069.284713998568  9449.09243714894  1    0
4069    98037.601033113489  9446.6160703123551  1    0
4070    97974.399678113492  9448.2169875623604  1    0
4071    97879.597645613496  9450.618363437361  1    0
4072    99275.869801165652  9563.1055635530793  1    0
4073    99356.313117896076  9522.2427837670184  1    0
4074    97895.480987748582  9453.4949595864255  1    0
4075    97926.998661863487  9449.4176754998625  1    0
4076    96552.558365379606  9554.5738888416472  1    0
4077    98473.816878491009  9359.5103375073086  1    0
4078    99220.322310491058  9530.0216187001643  1    0
4079    99465.756328375457  9553.2986395707012  1    0
4080    98265.977431906649  9542.9064355652881  1    0
4081    98244.191915352669  9557.5850156915385  1    0
4082    98439.984046920028  9432.1523446436895  1    0
4083    99133.452321395889  9541.1902744461095  1    0
4084    99105.399728392804  9543.9785518804001  1    0
4085    98475.878357543785  9746.3978711764685  1    0
4086    98364.681441985129  9359.5950370090904  1    0
4087    98386.944118600091  9370.9070419304971  1    0
4088    97871.341067500005  9358.8716684999999  1    0
4089    96745.700175027072  9619.6454988294226  1    0
4090    96791.524069999999  9688.4205460000012  1    0
4091    97015.052735793957  9434.1234382672355  1    0
4092    97001.564263013308  9440.1535554544498  1    0
4093    99545.781803125006  9755.921662964749  1    0
4094    99560.431253749994  9755.8315273741009  1    0
4095    99585.039458538697  9807.2257057801144  1    0
4096    99600.568508453216  9796.6483755414265  1    0
4097    99631.717457203209  9796.5137492914328  1    0
4098    100177.43281631343  9429.156217906695  1    0
4099    96639.430337281767  9566.533008852668  1    0
4100    96578.733110633839  9557.6099067435698  1    0
4101    98531.515029496775  9666.1999009939445  1    0
4102    99085.326118750003  9694.0561959999995  1    0
4103    97848.079971498577  9454.6956475239422  1    0
4104    96594.662444999994  9406.8783585000001  1    0
4105    98588.841273116006  9338.8326694686129  1    0
4106    98613.306976196254  9336.3809397172499  1    0
4107    99384.198759793318  9522.4867878647456  1    0
4108    99406.792614282152  9499.9233717758416  1    0
4109    98665.902333520629  9453.8536795350028  1    0
4110    98825.900868375509  9423.789939180062  1    0
4111    98335.690353205631  9506.1187617306896  1    0
4112    98357.337699181793  9479.3839554919941  1    0
4113    99007.169125393149  9717.6006163869188  1    0
4114    99712.575820004728  9752.6915558943929  1    0
4115    96634.076224999997  9681.0371875000001  1    0
4116    99626.237865824442  9542.1352580488347  1    0
4117    97085.6062275  9414.8664629999985  1    0
4118    99515.582535624984  9751.8982344719898  1    0
4119    99553.845085328227  9796.8503149164444  1    0
4120    99507.167086663685  9807.5622714051169  1    0
4121    99500.482901874988  9755.0297410248313  1    0
4122    99491.533227788153  9793.8895838705012  1    0
4123    98280.371242531663  9543.1464281272674  1    0
4124    98258.570008559545  9555.4185571392281  1    0
4125    99134.778559999992  9506.1641569999992  1    0
4126    99092.771919999999  9510.0926490000002  1    0
4127    99119.438833902328  9542.7219192875345  1    0
4128    98378.790916413374  9359.3898962124604  1    0
4129    99647.277971538148  9793.2164526205033  1    0
4130    96654.644719800912  9569.6237672899879  1    0
4131    98536.923676431266  9639.8081831238414  1    0
4132    99389.235172084329  9504.9361193346522  1    0
4133    98666.614284994765  9476.041268976971  1    0
4134    98807.046430452072  9407.7363817803616  1    0
4135    96679.442032499996  9688.7027747499997  1    0
4136    99647.825290732872  9544.3722810391155  1    0
4137    99520.771320179323  9546.445485783579  1    0
4138    99569.405599663165  9793.5530182455059  1    0
4139    99522.696136578204  9796.9849411664327  1    0
4140    99498.484382240713  9726.6965025913742  1    0
4141    99487.679906978869  9814.0701253270017  1    0
4142    99316.691965904101  9561.3276282369334  1    0
4143    98301.892678583885  9547.6615521905114  1    0
4144    98272.96648114534  9555.4928222173221  1    0
4145    98255.221495316218  9581.9901792382952  1    0
4146    99136.233070570146  9523.7573982465674  1    0
4147    99111.248506283664  9530.2703330448094  1    0
4148    96987.96230062969  9441.6862460254015  1    0
4149    99553.020659830494  9741.9206438139281  1    0
4150    99644.219194283854  9817.1465827889278  1    0
4151    96666.601366124523  9587.4907139525221  1    0
4152    98542.584805182749  9654.7184351014821  1    0
4153    99502.75432438706  9549.3895204910077  1    0
4154    99565.552278853895  9813.7335597019974  1    0
4155    99330.297741165661  9560.698510553093  1    0
4156    98288.785845621271  9556.5867975125639  1    0
4157    98265.694181113635  9569.8131321364654  1    0
4158    96974.331844793996  9442.0897828555317  1    0
4159    99542.019161801683  9724.1384989905382  1    0
4160    96676.083205975126  9575.4417219016977  1    0
4161    96669.278481941496  9614.0508262412441  1    0
4162    98566.186004325762  9637.2276895515188  1    0
4163    98563.6037691526  9658.8863219401774  1    0
4164    98305.955606035495  9567.7144070055601  1    0
4165    96953.784609916343  9438.6707659017247  1    0
4166    96980.680584363581  9426.1312151742295  1    0
4167    96656.702933550943  9601.903398025097  1    0
4168    97342.181182500004  9449.9990522499993  1    0
4169    96764.338180000006  9724.1240799999996  1    0
4170    96767.233738888681  9737.4256403444451  1    0
4171    96780.105606186218  9636.759842425372  1    0
4172    99572.594530000002  9530.3222727499997  1    0
4173    99827.655841238869  9432.8489579310717  1    0
4174    99838.989150677371  9421.3793891149562  1    0
4175    99842.544152273695  9397.050276466658  1    0
4176    99832.783121136847  9409.7279052333288  1    0
4177    99977.341108749999  9709.7701628750001  1    0
4178    99977.120502500009  9690.3458637500007  1    0
4179    97403.006302499998  9446.7518017500006  1    0
4180    97413.52337000001  9430.5317697499995  1    0
4181    97051.819897499998  9453.2300829999986  1    0
4182    97296.768332500011  9437.0100507499992  1    0
4183    99934.938687500005  9694.1316192500017  1    0
4184    99911.341353554468  9729.780653716256  1    0
4185    98598.434118019679  9510.5292148492517  1    0
4186    98611.405692475411  9514.329713873829  1    0
4187    98589.007583313272  9484.3999154377834  1    0
4188    98634.557644999993  9496.8846764999998  1    0
4189    98604.410235434305  9484.5657639253532  1    0
4190    98586.583083971302  9455.5346865790616  1    0
4191    98625.141934745727  9508.4741638833166  1    0
4192    98622.813822279422  9482.5761796436745  1    0
4193    98596.873416107919  9469.2047986540492  1    0
4194    98625.441877114441  9664.1202500940017  1    0
4195    97610.8966421472  9754.4946164082976  1    0
4196    97843.840502167091  9681.0675940259407  1    0
4197    97812.742018117497  9677.4559296941425  1    0
4198    98432.135472415379  9674.7286224604377  1    0
4199    98331.2914308779  9678.2573024419216  1    0
4200    96500  9551.4118130000006  1    1
4201    96533.939436925051  9507.611375413162  1    0
4202    98601.631872858619  9301.0286046850488  1    0
4203    98530.486674999993  9322.8631980000009  1    0
4204    99052.476494999995  9514.1784750000006  1    0
4205    98502.756593525322  9433.7832585674132  1    0
4206    98206.546930049459  9458.0155221444256  1    0
4207    98724.059483474484  9359.1664738452455  1    0
4208    98901.900997085526  9492.10132682328  1    0
4209    97662.969765364338  9678.017440220483  1    0
4210    98654.737564109382  9263.3189332368584  1    0
4211    97010.327436249994  9492.4582295000018  1    0
4212    99887.285344136646  9376.9131655591063  1    0
4213    96608.585954999988  9495.3667299999997  1    0
4214    99947.874996996863  9441.8471279408332  1    0
4215    97608.188080000007  9421.5977764999989  1    0
4216    97631.686040000001  9454.8618175000011  1    0
4217    96963.463307363127  9493.2137547672701  1    0
4218    99832.578133324176  9771.4580473765745  1    0
4219    97731.013874605924  9695.1091627404458  1    0
4220    99276.987690000009  9493.4298099999996  1    0
4221    98783.702077788592  9701.21999194194  1    0
4222    98238.526474078739  9456.377536052014  1    0
4223    97759.324336992519  9390.9548462518651  1    0
4224    98402.237016822619  9548.5576526269106  1    0
4225    99911.791911996872  9443.8746319408383  1    0
4226    98241.000763777498  9658.7406998042043  1    0
4227    98402.766572021181  9763.4478054615956  1    0
4228    98499.321527924913  9395.2348614257535  1    0
4229    98197.367890091555  9642.8526303945546  1    0
4230    97738.89211560291  9734.3241964746776  1    0
4231    98926.672347743908  9739.6558592452602  1    0
4232    98172.395858736782  9462.1157332937946  1    0
4233    97533.541872500005  9380.2237184999994  1    0
4234    96594.207058616914  9752.4440876609096  1    0
4235    96593.589649067697  9769.9698322815857  1    0
4236    96531.857739255385  9746.5452550593945  1    0
4237    96531.926774378473  9765.7911278543907  1    0
4238    97104.955101250001  9491.3487795000001  1    0
4239    99693.641384999995  9554.5728420000014  1    0
4240    99674.691597447047  9543.1344754999991  1    0
4241    97540.044479999997  9424.8288064999997  1    0
4242    97557.080379999999  9461.3563185000021  1    0
4243    96639.229892499992  9497.820696499999  1    0
4244    96659.346969124512  9522.3341759318537  1    0
4245    97470.293479375003  9718.4661274374994  1    0
4246    97476.765217009568  9735.8903396859678  1    0
4247    97464.475637770069  9730.5409817673008  1    0
4248    97461.137491508154  9755.0016944362251  1    0
4249    97433.798406250004  9719.2751016250004  1    0
4250    97480.362878437503  9704.0359762187509  1    0
4251    97475.729607128334  9686.0104098743486  1    0
4252    97485.672457433073  9693.0629594061193  1    0
4253    98813.720536306675  9731.0746769269899  1    0
4254    98684.689106332662  9631.3403144256881  1    0
4255    98431.732199921185  9488.9389217815333  1    0
4256    99300.226354826314  9527.4543193365007  1    0
4257    99893.337536970619  9769.4632464483784  1    0
4258    97902.672230597862  9664.9954862358118  1    0
4259    98524.114119576203  9221.9434983463179  1    0
4260    98049.06273264761  9644.2413282816869  1    0
4261    98718.438305556498  9325.5980382654379  1    0
4262    98505.606703967293  9355.6759853240546  1    0
4263    99252.119766417163  9526.1841015534683  1    0
4264    97690.927681789442  9381.1850680196349  1    0
4265    99804.582836132962  9415.3073236294204  1    0
4266    98141.257871763039  9736.6472659152914  1    0
4267    98588.744212600723  9659.5334683680103  1    0
4268    98532.334384702452  9457.5897931231048  1    0
4269    99698.734751652606  9788.8313418695361  1    0
4270    98146.247107903619  9655.415580302837  1    0
4271    98067.014197840675  9754.3579887028482  1    0
4272    98206.34347632328  9728.2367558594669  1    0
4273    99474.641872555076  9501.7620352895683  1    0
4274    97812.894176325441  9331.8386045241914  1    0
4275    98310.903291213952  9750.8518251295627  1    0
4276    98087.042527262762  9494.3737190293923  1    0
4277    99957.036194428903  9391.9793504140362  1    0
4278    100006.52433479473  9382.3067196595694  1    0
4279    100026.95755017792  9396.7509195397342  1    0
4280    100286.31138879285  9439.2599153701667  1    0
4281    100300  9517.9488849999998  1    1
4282    100300  9485.9488849999998  1    1
4283    100300  9469.9488849999998  1    1
4284    100276.23551545561  9477.9488849999998  1    0
4285    97151.563362500005  9412.7124430000003  1    0
4286    96641.538281116926  9756.9220669109091  1    0
4287    96636.245378852254  9727.9310647861585  1    0
4288    96651.157275680001  9740.1872570789019  1    0
4289    99590.144605000009  9469.5117504999998  1    0
4290    99626.939747500001  9467.3723282499996  1    0
4291    98286.497558349947  9453.9555044589142  1    0
4292    97666.778631411056  9747.8303753862747  1    0
4293    99112.5  9942.3225849999999  1    1
4294    96537.813267009478  9552.5029722733907  1    0
4295    96522.428705418599  9551.1435028548458  1    0
4296    99246.114052395933  9565.927677086107  1    0
4297    98193.063245159952  9360.3019634097582  1    0
4298    98388.230500000005  9335.6007890000001  1    0
4299    98430.634529999996  9331.0380939999995  1    0
4300    99177.180967499997  9501.6030840000003  1    0
4301    99357.513169317943  9559.5279555852394  1    0
4302    99372.498856951715  9559.2814982593736  1    0
4303    99640.331127390367  9728.3993842852706  1    0
4304    98347.406476388685  9577.9839656875301  1    0
4305    96871.183804255648  9596.9494701803324  1    0
4306    98625.587069304791  9582.2502454786863  1    0
4307    96904.902720614933  9440.3579050947064  1    0
4308    96726.76365217971  9542.0496267583549  1    0
4309    96785.755198637824  9545.3131125884265  1    0
4310    98518.75  9942.3225849999999  1    1
4311    97611.660127864336  9676.7936387829832  1    0
4312    97594.187577633827  9691.8707211551791  1    0
4313    99569.407292500007  9563.9318007500005  1    0
4314    98836.561640931832  9715.6763898109366  1    0
4315    98034.121577107886  9467.1732578195042  1    0
4316    97978.915448774409  9468.5716525715725  1    0
4317    99342.563972034797  9526.4210846616934  1    0
4318    97931.514432524433  9469.7723405091037  1    0
4319    98471.832123158427  9342.0224552282725  1    0
4320    99218.333262091925  9512.5099714254211  1    0
4321    100156.19235150093  9431.1985852615617  1    0
4322    99075.986959713089  9683.4237651205858  1    0
4323    99065.516519173907  9666.8291063718134  1    0
4324    98845.895710007957  9444.4806313452209  1    0
4325    98316.562318240816  9502.8958017517452  1    0
4326    98344.66208457062  9491.2518294700185  1    0
4327    97088.937680034796  9439.1273579304125  1    0
4328    97902.151830000003  9529.0035834999999  1    0
4329    97885.722049946649  9372.7010165181491  1    0
4330    96666.773604864138  9744.9977595336404  1    0
4331    98282.044383488261  9594.46683854402  1    0
4332    96641.456668586339  9630.2700902582965  1    0
4333    96635.242131742794  9598.4200093288564  1    0
4334    97350.274977499997  9433.77902025  1    0
4335    99591.789335841124  9545.1458148629117  1    0
4336    98644.350691646352  9476.8732781138442  1    0
4337    98615.961587623897  9444.1278224952639  1    0
4338    97838.250612859469  9783.116236811873  1    0
4339    97598.21489479726  9735.7394700499153  1    0
4340    97858.62918066328  9672.7499638395584  1    0
4341    97795.097972657401  9667.7971251132476  1    0
4342    98414.902575194603  9668.5169952218039  1    0
4343    96552.27896187712  9512.9044057782212  1    0
4344    98594.523268633639  9286.2054278693795  1    0
4345    98544.166708710836  9337.8629151664773  1    0
4346    98221.983427503932  9446.3945730478845  1    0
4347    98199.752117261698  9481.3633554010885  1    0
4348    98883.639068140052  9481.2736800269613  1    0
4349    98926.64974073731  9469.3074123671504  1    0
4350    97645.591269651079  9689.15115152203  1    0
4351    97697.17619036432  9678.8333078455089  1    0
4352    96608.064805034766  9516.862452387586  1    0
4353    99929.921993641241  9444.4365934645193  1    0
4354    98269.796157441437  9440.6389512725636  1    0
4355    97607.062411249994  9374.8143377500019  1    0
4356    99857.070997488787  9778.5729618742171  1    0
4357    97713.90953160348  9694.7486268707089  1    0
4358    98253.969741585533  9444.7655867850772  1    0
4359    98386.283147447379  9546.2571257105737  1    0
4360    98407.830731487353  9580.8858449944892  1    0
4361    99899.259482499998  9478.3516679999993  1    0
4362    97757.184604763257  9727.3578230642051  1    0
4363    97581.85805925951  9406.4396890173284  1    0
4364    96609.908235053066  9753.9295667710612  1    0
4365    96604.690991503507  9725.3529728217818  1    0
4366    96619.389732127456  9737.4339705398615  1    0
4367    97538.428964999999  9462.9799437500005  1    0
4368    97575.731795  9459.7326932500018  1    0
4369    96641.323732454897  9525.9949135765382  1    0
4370    97450.057370625  9703.3291883125003  1    0
4371    99284.228790924826  9528.5066382515433  1    0
4372    100062.5  9942.3225849999999  1    1
4373    97883.949221487725  9666.2069700925022  1    0
4374    97922.237062651053  9656.9713331990806  1    0
4375    98521.678877680897  9358.1512994689401  1    0
4376    99815.189698233837  9386.0854753849289  1    0
4377    98085.672574053766  9769.0904012334613  1    0
4378    98050.86094930867  9741.6672293984393  1    0
4379    97830.243559810653  9341.9730040652885  1    0
4380    98192.421441994185  9724.133653708428  1    0
4381    99988.702287067834  9383.7315704144748  1    0
4382    100025.94324911575  9376.5109498012953  1    0
4383    100049.61665516843  9386.9412738580504  1    0
4384    99600.775022446891  9492.3453729103549  1    0
4385    97213.061612500009  9408.9266876250003  1    0
4386    97162.081504678252  9431.7779253520839  1    0
4387    98301.950972895997  9442.3570720023563  1    0
4388    96500  9600.6846320000004  1    1
4389    98168.419874999992  9249.2729130000007  1    0
4390    98209.921897169887  9360.4360456239428  1    0
4391    98427.717852941176  9347.6133277055942  1    0
4392    99174.210039257319  9518.1490860125723  1    0
4393    99913.058641627082  9395.6210626119519  1    0
4394    99871.373747068326  9378.5927722795532  1    0
4395    99890.955513816283  9327.0161950867223  1    0
4396    99873.208831908152  9353.6442870433566  1    0
4397    99864.335490954079  9366.958333021681  1    0
4398    99895.129355275218  9403.2137699521882  1    0
4399    96926.49227329217  9438.2325147436441  1    0
4400    96769.617282509047  9515.685763022444  1    0
4401    96775.215446102942  9531.8452711155442  1    0
4402    96781.854461302239  9488.8763528505806  1    0
4403    96732.822140009041  9510.0006417724435  1    0
4404    96709.631608944735  9538.2480590300147  1    0
4405    97587.428094860821  9666.374434473064  1    0
4406    98859.589046416411  9727.0068071193546  1    0
4407    99337.033016217072  9508.7465786141056  1    0
4408    99093.14789918618  9677.7680026065464  1    0
4409    97066.861867521482  9436.9223308416658  1    0
4410    96702.124936249995  9692.5355683749985  1    0
4411    96667.297908525856  9715.5428251615504  1    0
4412    96766.546595399399  9685.5631227226622  1    0
4413    99553.186742269681  9554.9154042281025  1    0
4414    97632.453801411059  9747.5757208862742  1    0
4415    97684.026969797254  9736.3761062999165  1    0
4416    97720.502148936517  9733.2305296039904  1    0
4417    97836.489977649471  9650.6925316585766  1    0
4418    98434.530525319817  9641.0736360460851  1    0
4419    97598.970591243124  9407.2481279744698  1    0
4420    98581.889078075721  9301.3803715163758  1    0
4421    98581.289538459678  9270.4299303720582  1    0
4422    97628.403455933061  9692.2902455980802  1    0
4423    97679.797694651075  9689.9670191470505  1    0
4424    97738.198841184931  9664.3502480138377  1    0
4425    98370.167265481927  9545.8103434951663  1    0
4426    98391.42379532475  9567.076687084862  1    0
4427    97772.361072452288  9742.0578831104413  1    0
4428    97564.89500849125  9408.7838633591109  1    0
4429    97530.493449809423  9403.4446476044159  1    0
4430    97573.014942499998  9541.3308082500007  1    0
4431    96624.181255872347  9524.4568236697887  1    0
4432    99268.215133324178  9528.933393721325  1    0
4433    99294.905987176477  9506.1398856290252  1    0
4434    97891.16309937257  9632.4104980610937  1    0
4435    98516.536545680501  9338.1245400787466  1    0
4436    99601.584536668699  9505.7630106591223  1    0
4437    99573.129790000006  9516.9683199999999  1    0
4438    99618.893008463841  9497.9855155406731  1    0
4439    99653.495223588485  9488.7097804999994  1    0
4440    97178.98222569839  9435.1959392613389  1    0
4441    97146.497322056486  9438.8922181427242  1    0
4442    98317.780995279376  9438.2442845976002  1    0
4443    96500  9584.6846320000004  1    1
4444    96522.481738699862  9592.6846320000004  1    0
4445    98209.119765694166  9326.3217612119279  1    0
4446    98398.349003829338  9349.7722311571106  1    0
4447    99836.296689855488  9357.8853703559362  1    0
4448    96764.393409055469  9497.1037808176607  1    0
4449    96684.776039639211  9529.3850437853507  1    0
4450    96721.672291631403  9524.4900284476225  1    0
4451    99370.372697180268  9509.0212347671768  1    0
4452    99119.052598097813  9672.1813686608566  1    0
4453    96738.172584999993  9724.1240799999996  1    0
4454    96577.942017499998  9492.9127635000004  1    0
4455    97633.258838816444  9670.250762930018  1    0
4456    97722.840015480891  9676.9812086321472  1    0
4457    97616.005909636078  9406.4281041697795  1    0
4458    98266.793750887518  9461.5361070296804  1    0
4459    98353.996388927888  9545.981833983722  1    0
4460    97727.758362613939  9766.3777007648605  1    0
4461    97547.862881310997  9409.6711910024733  1    0
4462    97531.981497164583  9496.8555698712007  1    0
4463    97587.935742164584  9491.9846941212018  1    0
4464    96622.811432613584  9506.4657962228957  1    0
4465    99263.355122155321  9508.8969423914659  1    0
4466    97125.782179297545  9439.9844249931848  1    0
4467    98339.675366929383  9440.0184722356062  1    0
4468    98317.156821576442  9468.3629410143476  1    0
4469    99854.154658329906  9350.5592609870655  1    0
4470    96737.778188767057  9694.6547680931253  1    0
4471    96750.650277699708  9683.7445838613312  1    0
4472    96718.107001043594  9710.8976000144448  1    0
4473    96749.00589152312  9653.2749988086198  1    0
4474    96756.429656841094  9703.6117166621298  1    0
4475    96725.089787499994  9724.1240799999996  1    0
4476    96731.631186249986  9737.4150317359454  1    0
4477    96733.073789413509  9708.9904138694346  1    0
4478    96704.820991047513  9735.947264546754  1    0
4479    96725.015844444337  9756.7204231722226  1    0
4480    96718.548388749987  9735.5987695830499  1    0
4481    96760.511274871911  9667.9332396571026  1    0
4482    96757.704654089495  9692.4666365333014  1    0
4483    96770.358718349409  9699.5597314890492  1    0
4484    96748.12081753349  9697.015715472764  1    0
4485    96745.374692991623  9709.0061815796125  1    0
4486    96751.255382500007  9724.1240799999996  1    0
4487    96767.553442909222  9711.8921481777597  1    0
4488    96780.338180000006  9724.1240799999996  1    0
4489    96752.681518333004  9744.0764205166743  1    0
4490    96781.785959444343  9730.7748601722233  1    0
4491    96782.704714461826  9708.8533645547705  1    0
4492    96716.919658375511  9695.0354739105205  1    0
4493    96721.457420521794  9703.632981007222  1    0
4494    96722.785373142091  9684.3295312669379  1    0
4495    96711.446082527211  9703.4206943314384  1    0
4496    96707.215982789843  9713.8945895528232  1    0
4497    96698.688977923914  9724.124918696034  1    0
4498    96699.126786502675  9704.5364455704366  1    0
4499    96724.508948460876  9661.9107853654205  1    0
4500    96690.975221323431  9735.6273380639395  1    0
4501    96690.783484374988  9690.6191715624973  1    0
4502    96682.51485384164  9705.0356647428798  1    0
4503    96688.51000131655  9669.5557077074409  1    0
4504    96698.558224103297  9679.1255797146823  1    0
4505    96726.242211369274  9715.0591836958156  1    0
4506    96742.196901245043  9776.9703471287503  1    0
4507    96711.956358955111  9748.3794381810549  1    0
4508    96779.035332699699  9686.9918343613317  1    0
4509    96784.174393383277  9697.3679724863159  1    0
4510    96774.303063921165  9673.0598231682688  1    0
4511    96805.716597499995  9690.0441712500015  1    0
4512    96786.541972051418  9676.6723560834616  1    0
4513    96792.184560372945  9704.229685753171  1    0
4514    96796.703149417153  9713.6670798631512  1    0
4515    96836.888260000007  9725.7395955000011  1    0
4516    96812.325497286045  9724.7610148440017  1    0
4517    96819.909125000006  9691.6677965000017  1    0
4518    96785.902560454764  9656.3002418132382  1    0
4519    96807.468727152809  9674.7283535876595  1    0
4520    96756.870343233255  9714.6316713547676  1    0
4521    96789.062069722175  9727.4494700861123  1    0
4522    96788.338180000006  9724.1240799999996  1    0
4523    96798.595124120358  9738.6853113312682  1    0
4524    96784.338180000006  9716.9252371997991  1    0
4525    96789.074963361389  9737.1006131729991  1    0
4526    96775.286753693639  9716.6065698169768  1    0
4527    96791.025811071246  9754.7695809852648  1    0
4528    96778.228362169786  9742.2365320119825  1    0
4529    96764.202666766083  9759.3215202084175  1    0
4530    96682.707558051246  9748.0594559903147  1    0
4531    96682.507575105905  9721.6110513291496  1    0
4532    96705.638374780872  9661.6313491806832  1    0
4533    96737.5  9942.3225849999999  1    1
4534    96805.688522189361  9703.5644781147985  1    0
4535    96797.837519112742  9696.075143477432  1    0
4536    96807.842477427577  9714.5273801948206  1    0
4537    96820.15925353457  9706.4143681149362  1    0
4538    96814.07545897417  9699.1421531539672  1    0
4539    96834.101652500001  9693.2914217500002  1    0
4540    96836.170546055771  9709.4574898399005  1    0
4541    96826.266850218992  9698.9353651013953  1    0
4542    96829.385999172227  9671.6700787951322  1    0
4543    96840.443796502906  9700.695189783959  1    0
4544    96857.1633  9726.54735325  1    0
4545    96842.803476136105  9680.0686208849493  1    0
4546    96850.983035903802  9652.0838646142165  1    0
4547    96898.569792499999  9697.3545397500002  1    0
4548    96873.431986249998  9696.1347933750003  1    0
4549    97622.989288590441  9387.3805783000316  1    0
4550    98362.277706125402  9564.366698214566  1    0
4551    97553.682286249998  9378.600093250001  1    0
4552    97549.537252127993  9482.6455364943777  1    0
4553    98337.935481265813  9471.3643036304511  1    0
4554    96741.879925761561  9667.6005219043109  1    0
4555    96823.323440582695  9760.1457500751658  1    0
4556    96685.076698725563  9639.6611482940243  1    0
4557    96824.606878643026  9725.2503051720014  1    0
4558    96818.797927120453  9716.6788755783055  1    0
4559    96830.053277690007  9742.9219457446361  1    0
4560    96817.989734981122  9736.9648189228192  1    0
4561    96851.82358757178  9711.6681058547001  1    0
4562    96847.025779999996  9726.1434743749996  1    0
4563    96851.378574171235  9744.3164401713111  1    0
4564    96841.513601018465  9737.0715272989455  1    0
4565    96860.863083125005  9695.5249201875013  1    0
4566    96843.114205700986  9716.8142054001091  1    0
4567    96859.069361349306  9717.465570964976  1    0
4568    96871.653614171242  9745.1241979212864  1    0
4569    96867.300820000004  9726.9512321250004  1    0
4570    96872.874076849257  9714.4901004887743  1    0
4571    96861.788641018473  9737.879285048939  1    0
4572    96861.785676676052  9706.643992077883  1    0
4573    96855.125474656175  9683.9500704219445  1    0
4574    96853.385668098053  9667.9738855989817  1    0
4575    96867.676019324514  9684.9382938436411  1    0
4576    96886.705004112184  9682.2335352289429  1    0
4577    96905.015637499993  9727.3551110000008  1    0
4578    96871.092330890271  9705.2498119531938  1    0
4579    96885.642688919092  9704.1268353837349  1    0
4580    96898.555119798664  9713.0504466905622  1    0
4581    96891.226988749986  9727.3551110000008  1    0
4582    96894.441688781386  9705.1986410829631  1    0
4583    96923.707598749999  9698.5742861250001  1    0
4584    96889.021568113167  9713.0415346246918  1    0
4585    96911.138695625006  9697.964412937501  1    0
4586    96903.975240466883  9705.2075531488335  1    0
4587    96916.817802024161  9710.7449344087654  1    0
4588    96905.734546737134  9679.5172801218159  1    0
4589    96918.021743447607  9685.932853094886  1    0
4590    96898.121313124982  9751.7985814088061  1    0
4591    96884.33266437499  9739.4257102772153  1    0
4592    96881.39140007594  9718.7104773153387  1    0
4593    96908.360051570926  9717.2334123595228  1    0
4594    96918.804286250001  9727.3551110000008  1    0
4595    96925.698610624997  9718.1067138646213  1    0
4596    96960.170232499993  9727.3551110000008  1    0
4597    96923.251186132577  9660.9432564654635  1    0
4598    96936.964151605309  9685.0123560239826  1    0
4599    96883.408865790159  9754.3248650033984  1    0
4600    96925.698610624997  9751.7985814087806  1    0
4601    96861.220995399068  9770.5633497036815  1    0
4602    96911.909961875004  9742.4936809127685  1    0
4603    96895.243493354006  9779.1428336607914  1    0
4604    96589.050350399921  9517.2906210820274  1    0
4605    97591.299457589441  9388.1079788228581  1    0
4606    97567.851944185313  9477.1538023048506  1    0
4607    96715.51779300542  9631.7784805094598  1    0
4608    96878.179032353655  9656.0983796116834  1    0
4609    96936.276501874992  9699.1841593124991  1    0
4610    96929.556974102306  9707.8457273135355  1    0
4611    96937.334828685503  9716.6262862265958  1    0
4612    96942.168371574546  9707.5798326450458  1    0
4613    96973.983211250001  9701.0137788749998  1    0
4614    96946.381583749986  9727.3551110000008  1    0
4615    96948.218956670811  9716.6271893202884  1    0
4616    96953.275908124982  9751.7985814088061  1    0
4617    96939.48725937499  9742.4936809127666  1    0
4618    96570.593939592363  9515.701266600061  1    0
4619    96962.569473317446  9676.5970558460231  1    0
4620    96967.045681087446  9714.1681676385051  1    0
4621    96961.414308125008  9700.4039056875008  1    0
4622    96954.725077403535  9708.4410804381932  1    0
4623    96955.707439158723  9688.1955441730115  1    0
4624    96968.229039372251  9689.780285126466  1    0
4625    96987.255637625611  9687.1247107016243  1    0
4626    96981.945889073846  9713.6198341473337  1    0
4627    96973.958881250001  9727.3551110000008  1    0
4628    96957.947445306971  9717.8103446455025  1    0
4629    96948.15406614283  9675.8975858735594  1    0
4630    96986.552114374994  9701.6236520624989  1    0
4631    97015.728707499991  9726.547353375001  1    0
4632    96974.668147095974  9718.5777014485921  1    0
4633    96980.853205624997  9751.7985814087806  1    0
4634    96934.452315047733  9670.502517009405  1    0
4635    96956.601737031044  9650.6927806657477  1    0
4636    97024.258823750002  9703.4532716249996  1    0
4637    96967.064556875004  9742.4936809127685  1    0
4638    96946.039688333811  9661.170860580376  1    0
4639    97001.738118749985  9726.9512321875009  1    0
4640    96934.862324745962  9639.3415391708022  1    0
4641    97011.689920625009  9702.8433984375006  1    0
4642    97017.444966566676  9714.0588785646414  1    0
4643    97006.285920115639  9684.3932076827296  1    0
4644    97029.719296249998  9726.1434745625011  1    0
4645    97004.877301936969  9713.4234811735096  1    0
4646    97018.573015934846  9690.8108599284169  1    0
4647    96993.400721096725  9712.2516715208185  1    0
4648    97009.449378842954  9751.5507471015935  1    0
4649    97036.827726874995  9704.0631448124986  1    0
4650    97031.075589662796  9692.7877185528832  1    0
4651    97043.640360277655  9693.4827588223252  1    0
4652    97028.328727791115  9669.6356750610594  1    0
4653    97071.699173750007  9703.857150374999  1    0
4654    97038.072479127251  9680.2186046002535  1    0
4655    97043.500361192229  9714.3822032631178  1    0
4656    97071.691062500002  9724.9318381250014  1    0
4657    97057.700473749996  9725.3357169375013  1    0
4658    97054.702953206666  9714.5404412260104  1    0
4659    97060.547901875005  9704.2650841875002  1    0
4660    97066.448007663377  9714.4213258326217  1    0
4661    97065.400383698172  9684.2929885081521  1    0
4662    97085.681651249994  9724.5279593125015  1    0
4663    97082.850445625008  9703.4492165624979  1    0
4664    97076.826938786427  9691.4101920083922  1    0
4665    97088.062811879456  9693.3149156766649  1    0
4666    97077.631108017682  9713.3929486626221  1    0
4667    97088.779375383019  9712.9028836243015  1    0
4668    97100.251221618586  9712.6643717670649  1    0
4669    97135.393813257266  9668.1799246865685  1    0
4670    97116.304261250014  9702.2254151249981  1    0
4671    97104.685048651198  9689.8417291387032  1    0
4672    97105.152989375012  9702.6333489374992  1    0
4673    97127.653417499998  9723.3163228750018  1    0
4674    97113.662828750006  9723.7202016875017  1    0
4675    97029.366185769526  9714.2263099028969  1    0
4676    96994.57386974986  9721.3004885500886  1    0
4677    96995.186243287913  9742.5134516148664  1    0
4678    97065.411733842964  9749.9352318515939  1    0
4679    97117.507784999994  9570.0337765000004  1    0
4680    97120.372816494899  9713.6350804802969  1    0
4681    97110.39601600678  9711.4085729059698  1    0
4682    97127.455533125001  9701.8174813124988  1    0
4683    97141.644006250004  9722.9124440625019  1    0
4684    97121.29030486985  9685.9043624851565  1    0
4685    97132.630530703231  9690.6616709184873  1    0
4686    97133.429885575926  9712.5128223478969  1    0
4687    97051.961218057448  9657.6541566853375  1    0
4688    97183.211892499996  9699.7778122500004  1    0
4689    97160.909348749992  9700.5936798750008  1    0
4690    97023.167420787911  9741.7056939898703  1    0
4691    97051.148598287909  9740.8979363648687  1    0
4692    97079.129775787922  9740.0901787398689  1    0
4693    97149.298156374862  9688.4292345886934  1    0
4694    97149.355266342973  9747.5119589765927  1    0
4695    97037.074249284589  9738.4003129903685  1    0
4696    97093.0366042846  9736.7847977403599  1    0
4697    97257.826250582541  9745.6169986961231  1    0
4698    97035.980363704788  9764.7059739879496  1    0
4699    97107.017439647811  9736.0430561353369  1    0
4700    97149.758076875005  9701.0016136875001  1    0
4701    97272.214044687513  9731.1317519984896  1    0
4702    97244.236924062512  9728.9693496719156  1    0
4703    97155.704487879528  9710.9331478114837  1    0
4704    97144.536134686336  9710.8741469957386  1    0
4705    97183.615772500008  9721.7008076250004  1    0
4706    97169.625183750002  9722.1046864375003  1    0
4707    97167.558703448041  9710.4207380612734  1    0
4708    97172.060620624994  9700.1857460624997  1    0
4709    97165.893201045488  9684.2127252297068  1    0
4710    97177.234914465691  9689.0106983111073  1    0
4711    97180.069540429322  9666.5059826740926  1    0
4712    97205.51443625  9698.9619446249999  1    0
4713    97212.5  9942.3225849999999  1    1
4714    97100.76276270645  9750.2816540409167  1    0
4715    97163.073308287931  9737.6669058648677  1    0
4716    97241.695231943129  9758.1567373922408  1    0
4717    97193.564627048821  9635.5937753731414  1    0
4718    97193.903347206768  9686.8003240179678  1    0
4719    97179.271954801137  9710.8156143628967  1    0
4720    97194.363164374998  9699.369878437501  1    0
4721    97200.323849725304  9709.691615838894  1    0
4722    97197.606361250015  9721.2969288125005  1    0
4723    97212.331747032251  9708.880222247295  1    0
4724    97189.937529037154  9712.8687503618658  1    0
4725    97216.665708125001  9698.5540108124987  1    0
4726    97210.498258901091  9682.5801796206015  1    0
4727    97221.839992425579  9687.3787022726901  1    0
4728    97248.899777500003  9720.8930500000006  1    0
4729    97224.675582574302  9664.8736762109784  1    0
4730    97230.248363749997  9720.8930500000006  1    0
4731    97268.224323750008  9699.0884608750002  1    0
4732    97220.922656875002  9715.4345952329877  1    0
4733    97230.752716252551  9709.3357109958069  1    0
4734    97239.574070625007  9720.8930500000006  1    0
4735    97248.020651875006  9698.6172689374998  1    0
4736    97091.942718704813  9763.0904587379446  1    0
4737    97244.236924062512  9709.9218338942101  1    0
4738    97253.562630937493  9728.9724884535572  1    0
4739    97176.980136784608  9734.3615248653587  1    0
4740    97248.896389825677  9739.0361167416831  1    0
4741    97237.918815937504  9698.3816729687496  1    0
4742    97233.103331375241  9688.169009358533  1    0
4743    97228.244846143483  9676.7545490722987  1    0
4744    97243.175860100717  9689.6612339919466  1    0
4745    97239.662433653313  9678.6359530414138  1    0
4746    97258.393850299821  9687.2174394746453  1    0
4747    97267.551191250008  9720.8930500000006  1    0
4748    97205.317621342983  9745.8964437265658  1    0
4749    97284.353133151744  9675.7262326450091  1    0
4750    97257.904239103445  9708.2108885777543  1    0
4751    97121.007892463094  9735.6344684676897  1    0
4752    97268.691403181598  9710.0155648949803  1    0
4753    97288.42799562501  9699.5596528125006  1    0
4754    97276.876898125003  9720.8930500000006  1    0
4755    97281.539751562508  9709.6238757700648  1    0
4756    97234.911217187502  9737.4249556401646  1    0
4757    97281.539751562494  9737.4249556401392  1    0
4758    97191.054485787929  9736.8591482398588  1    0
4759    97262.888337812503  9729.197697658361  1    0
4760    97323.505432500009  9720.8930500000006  1    0
4761    97278.326159687509  9699.3240568437504  1    0
4762    97273.593808241727  9685.546828406259  1    0
4763    97283.60169906907  9689.8105836639388  1    0
4764    97298.796583968709  9688.3574934674762  1    0
4765    97304.854018750004  9720.8930500000006  1    0
4766    97298.529831562511  9699.7952487812508  1    0
4767    97293.232632244719  9710.2374522932314  1    0
4768    97303.373093534057  9708.8168782967532  1    0
4769    97328.835339374986  9700.5020366874978  1    0
4770    97316.078715072988  9710.4547001590472  1    0
4771    97318.733503437485  9700.2664407187476  1    0
4772    97314.024040246572  9685.5078143530136  1    0
4773    97324.016107226649  9690.4500613090368  1    0
4774    97345.080175035459  9672.8729635067157  1    0
4775    97339.202750790471  9689.3503414313509  1    0
4776    97342.15684625  9720.8930500000006  1    0
4777    97326.620873736683  9710.8152941382396  1    0
4778    97338.767126128703  9708.0289669050435  1    0
4779    97258.225484374998  9720.8930500000006  1    0
4780    97314.179725624999  9737.0527285546104  1    0
4781    97263.498976850431  9663.6828638481584  1    0
4782    97355.961719999992  9555.4292600000008  1    0
4783    97327.781314189735  9670.2657595509409  1    0
4784    97085.821424947513  9672.4444504485036  1    0
4785    97198.211157715719  9669.0017336442797  1    0
4786    97265.707089284944  9739.0566954504702  1    0
4787    97351.48255312501  9712.9662376595843  1    0
4788    97369.24268312499  9701.4444205624986  1    0
4789    97359.140847187489  9701.2088245937484  1    0
4790    97363.972872730898  9710.712247385527  1    0
4791    97354.402790173481  9687.6762383476162  1    0
4792    97385.13830875  9720.3537338750011  1    0
4793    97364.414725340714  9691.7665812236046  1    0
4794    97372.97328437501  9720.6233919375009  1    0
4795    97379.611591566398  9690.2285361340419  1    0
4796    97378.812996206587  9709.5351642924707  1    0
4797    97379.533825917722  9742.0537952015693  1    0
4798    97367.186830017803  9734.1142122141919  1    0
4799    97366.659807288044  9671.9730106906663  1    0
4800    97397.303333125004  9720.0840758125014  1    0
4801    97391.038857857231  9712.0100447549175  1    0
4802    97409.650026874995  9702.3868044374994  1    0
4803    97401.842254347881  9710.0951653020529  1    0
4804    97403.863874667717  9741.5144790765953  1    0
4805    97391.516878767798  9733.5748960891851  1    0
4806    97359.285637595356  9759.971821317069  1    0
4807    97351.48255312501  9733.541508164375  1    0
4808    97399.993470965084  9683.0585821861878  1    0
4809    97332.831139375005  9737.5310431301423  1    0
4810    97108.091234263746  9667.2230303642282  1    0
4811    99061.685676345223  9463.1835443715718  1    0
4812    97446.267478120673  9732.7218708101682  1    0
4813    97153.596075425128  9670.579619098804  1    0
4814    97415.362043201356  9711.1611013225556  1    0
4815    97421.633381874999  9719.5447596875001  1    0
4816    97427.553704528793  9712.0931101889546  1    0
4817    97439.955534687499  9703.0935923437501  1    0
4818    97445.963430625008  9719.0054435625007  1    0
4819    97435.32226337833  9685.0680259993478  1    0
4820    97445.265113683068  9692.1205755311184  1    0
4821    97428.107076072469  9737.0572379246751  1    0
4822    97452.795913289039  9670.9683700732985  1    0
4823    97460.422654353781  9692.2687235732355  1    0
4824    97415.816168145306  9731.6479392136498  1    0
4825    97417.106646301778  9745.383974303546  1    0
4826    97436.944488170135  9760.1620078264623  1    0
4827    97403.625712911104  9766.92500756146  1    0
4828    97460.159206562501  9703.5647842812505  1    0
4829    96895.475169001613  9227.2242358165349  1    0
4830    97101.791653081396  9205.9229055885589  1    0
4831    99959.452233271411  9142.6122881944848  1    0
4832    100094.10060494693  9104.8011517014747  1    0
4833    100020.06143625001  9707.0468196250004  1    0
4834    100017.07319687499  9687.5860155000009  1    0
4835    100006.10540390904  9654.582755953983  1    0
4836    100025.55224261773  9666.4441574091288  1    0
4837    97467.886427500009  9443.4883312499987  1    0
4838    100139.39597085569  9702.8358581154789  1    0
4839    99826.253117499989  9639.7442302500003  1    0
4840    99839.121617624027  9613.8474860396418  1    0
4841    100004.6896825  9469.4338945  1    0
4842    100161.1794949078  9377.901710332224  1    0
4843    100106.88074125  9462.139746249999  1    0
4844    100084.56384706144  9442.2763639292971  1    0
4845    100096.30695  9356.7014290000006  1    0
4846    100038.75336875  9467.0025117500008  1    0
4847    99757.647593739894  9774.8843402655002  1    0
4848    97750.831907500004  9532.5849667500006  1    0
4849    99297.201425177365  9815.8517297901726  1    0
4850    98181.411583056019  9575.3262943066165  1    0
4851    97682.77773464538  9488.5723588564942  1    0
4852    99242.130575745978  9739.3917264811989  1    0
4853    99222.294997331381  9751.7002552483245  1    0
4854    99202.17366276047  9742.78536191905  1    0
4855    99282.315347697833  9752.9214255508923  1    0
4856    99855.087257956824  9456.3459382887813  1    0
4857    99698.693925  9460.2128062500014  1    0
4858    99521.873244059971  9496.8934226374186  1    0
4859    99373.883250177358  9814.9012360401484  1    0
4860    98504.637182766615  9745.5123928811954  1    0
4861    98058.420704266449  9778.4568251899454  1    0
4862    98079.171051563491  9747.6375967572167  1    0
4863    100231.7489510851  8932.3092866816733  1    0
4864    99296.187340000004  9705.8084197499993  1    0
4865    100222.70634542487  9364.7228709558331  1    0
4866    97526.922442765761  9657.8747292154676  1    0
4867    99770.302667031239  9678.8073478095339  1    0
4868    99726.590779451377  9682.9509456441992  1    0
4869    99362.303705414728  9751.6697089135723  1    0
4870    99380.203860000009  9700.4882492500001  1    0
4871    99162.200715262719  9744.9880966047094  1    0
4872    96827.115462146554  9540.895003522448  1    0
4873    99437.555233786989  9497.2656785971449  1    0
4874    96866.74050606438  9535.8808922322842  1    0
4875    96846.220414099007  9513.5247289039253  1    0
4876    96729.31618054118  9801.3856924426309  1    0
4877    98071.415748139829  9468.5164355769703  1    0
4878    98418.898841828064  9432.6383207484687  1    0
4879    97038.308953615517  9434.2696205520388  1    0
4880    99336.004418878903  9611.2505844773805  1    0
4881    99120.794833711465  9469.9131877503714  1    0
4882    99439.921406990863  9829.9354144356239  1    0
4883    99586.832498401534  9845.0250264640108  1    0
4884    99541.010882500006  9693.0302790000005  1    0
4885    96802.236803517779  9635.1041060921307  1    0
4886    99978.727927500004  9621.9086827499996  1    0
4887    97285.411067499997  9453.2300827500003  1    0
4888    99922.746885907458  9676.7340472346532  1    0
4889    98569.11339681613  9432.8476673485784  1    0
4890    98644.059051731048  9651.3883205783332  1    0
4891    98349.211061942289  9663.3789550862821  1    0
4892    99039.069466432644  9481.0396848786459  1    0
4893    98482.276977121743  9444.8991173147479  1    0
4894    98637.802613974083  9183.4550387335912  1    0
4895    99970.62599624999  9471.8652772500009  1    0
4896    98225.521642563646  9478.6488546927612  1    0
4897    98260.613469488409  9670.1083997903443  1    0
4898    98177.660416358049  9657.1125456496866  1    0
4899    98791.62966386239  9723.2678253156246  1    0
4900    98434.757330708875  9460.3856733507491  1    0
4901    98016.95054566281  9646.7806488270089  1    0
4902    98060.037590381005  9592.8951883513837  1    0
4903    98588.130452542711  9637.5945375913798  1    0
4904    99721.733611329357  9781.9641639564525  1    0
4905    98258.363989121659  9762.1348195464179  1    0
4906    100006.86536994993  9765.9222931207423  1    0
4907    98325.115357425457  9579.1687330441073  1    0
4908    98050.43318974135  9481.8340443522193  1    0
4909    97959.657322359475  9496.3510814650963  1    0
4910    100134.36196491943  9437.8554327360944  1    0
4911    98297.409229737328  9503.0342873149384  1    0
4912    97884.113416274442  9470.9730284465932  1    0
4913    96604.727905745196  9604.5548388739771  1    0
4914    97553.555950040449  9771.1989233325548  1    0
4915    98868.123892316726  9466.2776847717159  1    0
4916    98903.350462077884  9468.8425316839093  1    0
4917    99920.296235467773  9462.2455546822257  1    0
4918    99893.74592747257  9444.8093301186364  1    0
4919    99874.704526499045  9446.4775562705054  1    0
4920    100010.5715479053  9726.3978900481125  1    0
4921    97951.027072564597  9641.8416591924142  1    0
4922    99778.683277583928  9389.7410747817157  1    0
4923    98035.848504845562  9750.6979650422963  1    0
4924    97839.534362714039  9306.1501334875047  1    0
4925    97855.049762888681  9340.0682308868745  1    0
4926    97241.581295000011  9406.2179422499994  1    0
4927    97195.26777737985  9433.6925986886981  1    0
4928    97813.837410696127  9654.5100695038109  1    0
4929    98443.772266734464  9658.6440384470698  1    0
4930    98599.073888001934  9237.6102119969582  1    0
4931    97767.473824455563  9652.4481526512354  1    0
4932    98376.564568397196  9601.3825143434533  1    0
4933    99583.205122839689  9500.1386405169123  1    0
4934    98191.501615415342  9330.6692059275338  1    0
4935    98235.740357127506  9324.963467141919  1    0
4936    96743.383192278387  9420.2316156758025  1    0
4937    97612.643509395464  9641.1186540501185  1    0
4938    97708.128219614344  9643.4387673337587  1    0
4939    98284.08822279278  9477.0908286442991  1    0
4940    98366.609345861274  9444.2114736774583  1    0
4941    99867.19415918125  9330.4079062815199  1    0
4942    99863.001225  9284.0583934999995  1    0
4943    96659.673927243362  9667.6198758116207  1    0
4944    97542.166222689688  9361.4766391837784  1    0
4945    97528.560701249997  9543.5172686250007  1    0
4946    96726.074169416257  9614.4310440401041  1    0
4947    96991.935913130714  9652.074624891422  1    0
4948    97175.886251204822  9760.6671858629434  1    0
4949    97298.070858689127  9755.7516121374592  1    0
4950    97285.472474891285  9649.7109028494724  1    0
4951    97119.059217914561  9772.3215612505046  1    0
4952    97303.04133709165  9668.9303042783722  1    0
4953    100038.97017784487  9150.3199465202688  1    0
4954    97064.56967857678  9784.9644362573126  1    0
4955    99990.997566635706  9137.237165597242  1    0
4956    100113.36714  9218.0980119999986  1    0
4957    99985.7172074876  9667.6859888707077  1    0
4958    98998.519162997953  9497.654132804264  1    0
4959    99817.621725218443  9663.9263190609454  1    0
4960    100006.13442807893  9445.2468260054029  1    0
4961    100139.92751665474  9384.245606376584  1    0
4962    100185.04390626102  9378.7846596392537  1    0
4963    100064.69367407414  9437.9023880914319  1    0
4964    100103.88127907414  9435.8894820914393  1    0
4965    99779.687412118365  9789.4293289372617  1    0
4966    97837.923122070089  9488.3151770009354  1    0
4967    97746.809554645384  9483.2976047314933  1    0
4968    99316.211527611595  9802.6774371326646  1    0
4969    99258.860512677362  9816.3269766651483  1    0
4970    97702.935165772185  9472.4107209355243  1    0
4971    99262.277460239377  9750.2042404815202  1    0
4972    99080.520233341929  9786.6393802279745  1    0
4973    99220.359246361579  9803.8655543201567  1    0
4974    99690.877905625806  9484.5575915955524  1    0
4975    99553.349462500002  9471.6511727500001  1    0
4976    99392.893352611587  9801.726943382655  1    0
4977    99354.552440111584  9802.2021902576489  1    0
4978    100242.17597322121  8972.5377138653166  1    0
4979    100196.75304184531  8954.7221285536525  1    0
4980    99342.253725205432  9748.0543820203984  1    0
4981    99302.258370205425  9748.5928870203952  1    0
4982    97506.498726673759  9666.8385483726943  1    0
4983    99382.24474368713  9747.1937990663082  1    0
4984    99422.240098687136  9746.6552940662896  1    0
4985    99191.355330266437  9816.7018990079468  1    0
4986    99182.306542324426  9752.7512302729192  1    0
4987    99315.480703485955  9598.5526974573786  1    0
4988    99355.459838485956  9596.9696224573763  1    0
4989    99183.277053356331  9462.3699916518326  1    0
4990    99143.123672543021  9482.1224700075181  1    0
4991    99101.117032543028  9486.0509620075281  1    0
4992    99520.075783514767  9722.4223444001236  1    0
4993    99556.786705848615  9708.0894033426375  1    0
4994    96818.705203855352  9651.2385263114757  1    0
4995    99900.8587825  9631.6342142499998  1    0
4996    99943.844845861895  9674.9197496594734  1    0
4997    98588.809791048421  9424.2507127543558  1    0
4998    98656.295522798202  9624.9920070399876  1    0
4999    99059.793262902356  9491.9368655011294  1    0
5000    99986.276095427966  9441.1033598998238  1    0
5001    99966.631211329615  9441.1153474360217  1    0
5002    99957.893102229544  9457.8849828351067  1    0
5003    98577.808548807865  9598.5096606188326  1    0
5004    98616.939752323422  9616.7451336286631  1    0
5005    99719.462153897068  9817.7167658330127  1    0
5006    98438.48934549668  9306.2269813145267  1    0
5007    98345.636700000003  9234.8273525000004  1    0
5008    98305.055318994549  9590.9718299345695  1    0
5009    98033.838620139155  9501.9383772049532  1    0
5010    98306.859184354427  9485.4572089139492  1    0
5011    97912.369733427462  9497.1753294492901  1    0
5012    97785.411535466643  9782.8079419539208  1    0
5013    99885.775956524056  9463.343718967275  1    0
5014    99968.672109997424  9741.9982998290398  1    0
5015    98185.08836638747  9759.9165750321754  1    0
5016    97214.94860370169  9429.0576760866334  1    0
5017    98460.041849954141  9638.8708035737018  1    0
5018    98338.361182592766  9618.0923539167761  1    0
5019    96758.538975064192  9462.0364381183044  1    0
5020    98393.572008593226  9442.1203767601746  1    0
5021    97561.969913497014  9355.6761021835518  1    0
5022    97419.717519091733  9647.8517839449469  1    0
5023    99020.145493209071  9498.9945086014086  1    0
5024    99841.6842514085  9661.8628249058729  1    0
5025    100025.49417997716  9439.683835078431  1    0
5026    100118.42408723792  9386.1427344870663  1    0
5027    97866.341113639268  9493.8213398270364  1    0
5028    97810.258207962717  9470.9436155995081  1    0
5029    99277.870615111591  9803.1526840076549  1    0
5030    97723.914462775312  9466.2259590186404  1    0
5031    99239.480421989036  9799.6521782014152  1    0
5032    99201.139509489018  9800.1274250764109  1    0
5033    99124.667318927372  9817.9903407276724  1    0
5034    99227.907567071597  9710.3908109568001  1    0
5035    99436.812097494039  9799.8844996441931  1    0
5036    99412.014528239029  9797.5135672639008  1    0
5037    99335.332703239037  9798.464061013894  1    0
5038    97486.242834962643  9668.6064279267048  1    0
5039    97500.820206170567  9626.1510243800913  1    0
5040    100070.67217939002  9732.1174617297074  1    0
5041    99175.364541214789  9714.2354228703989  1    0
5042    99375.285249364068  9592.0324571460751  1    0
5043    99578.440470527799  9713.6923866820907  1    0
5044    99911.916893216083  9654.128774983963  1    0
5045    98610.726122494656  9422.7963766349985  1    0
5046    99986.955584818483  9460.8109955169584  1    0
5047    99917.173493589347  9753.4784322956457  1    0
5048    99258.918592529983  9609.3922747252764  1    0
5049    98981.13106  9376.7201920000007  1    0
5050    100045.05763332665  9438.0865395241053  1    0
5051    100096.05078642085  9386.9538095478219  1    0
5052    100124.28812499999  9354.673925000001  1    0
5053    97706.377666250002  9534.7714271250006  1    0
5054    99231.25  9942.3225849999999  1    1
5055    99181.963314801586  9799.9020955961623  1    0
5056    99075.326341925829  9821.8106243531165  1    0
5057    99143.677421361586  9804.8160480701627  1    0
5058    99409.923093954931  9833.5168248207574  1    0
5059    99338.315899750407  9834.4044170310844  1    0
5060    97494.628093507941  9647.7552424384194  1    0
5061    99601.751225169181  9704.728209935316  1    0
5062    99405.609666721459  9596.0441651917008  1    0
5063    99370.729739999995  9676.4436739999983  1    0
5064    99622.172680000003  9690.3507300000001  1    0
5065    99989.372469315436  9730.2864597408952  1    0
5066    99947.960420694188  9770.3365724974319  1    0
5067    100055.03896087679  9455.4078845095028  1    0
5068    100072.85543572778  9387.3295613154751  1    0
5069    99234.937781155109  9824.5313515044763  1    0
5070    99162.792778573959  9800.1332667746829  1    0
5071    99562.512701652275  9499.1815332189744  1    0
5072    97468.06443757836  9649.1843758422765  1    0
5073    99542.250689069449  9500.2105283810361  1    0
5074    98417.612926717848  9313.2667422500417  1    0
5075    98353.265353711467  9301.3399475227125  1    0
5076    99261.443240194974  9862.8375675958287  1    0
5077    98418.116419085112  9280.2854475519489  1    0
5078    98333.602152543026  9317.4678693607057  1    0
5079    98375.579592543028  9313.5393773606957  1    0
5080    99159.12927600379  9826.5349910770838  1    0
5081    96969.798465721644  9331.7307954495282  1    0
5082    96824.493543121891  9300.740289600677  1    0
5083    99402.298261347372  9751.0718563070077  1    0
5084    99374.124776023906  9629.6460241237946  1    0
5085    99356.925437977945  9724.0921219492193  1    0
5086    99397.298399035659  9723.1386373353125  1    0
5087    99454.872777499986  9672.7211767499994  1    0
5088    99461.81170749999  9696.2288690000005  1    0
5089    99698.295315474898  9650.687375629057  1    0
5090    99707.680432697496  9631.1339250718211  1    0
5091    99672.125968518551  9637.8497105545684  1    0
5092    99739.435233703887  9596.5763913048359  1    0
5093    100088.24687500001  9613.9736949999988  1    0
5094    100078.20215  9587.3308185000005  1    0
5095    100204.04057085569  9700.9558643654782  1    0
5096    99984.683925000005  9595.4408344999993  1    0
5097    99964.935768532174  9673.027040940342  1    0
5098    99952.236146239738  9649.9690454966221  1    0
5099    100185.34357293116  8921.0140288970179  1    0
5100    100262.27642625  9676.315399000001  1    0
5101    100268.01352361856  9699.0954034551596  1    0
5102    100124.05401528743  8928.667013598013  1    0
5103    98059.764338353401  9374.0286829203487  1    0
5104    98560.974128113376  9558.5833259426654  1    0
5105    96833.035209622074  9408.7566028150286  1    0
5106    99167.874789255002  9633.7170781015811  1    0
5107    99766.250829313372  9481.9159540971195  1    0
5108    99794.188041758884  9429.8946638689777  1    0
5109    99800.847210686625  9508.8754009028798  1    0
5110    99783.199877501014  9411.0673227518964  1    0
5111    99743.136023086699  9408.4108844416187  1    0
5112    99760.713982624016  9623.0669525396424  1    0
5113    98559.215341303498  9786.2881643834444  1    0
5114    98358.740143724266  9793.5576235008557  1    0
5115    96929.486689665777  9534.4182289994642  1    0
5116    98139.922451457533  9729.3991244526278  1    0
5117    97912.141481983956  9805.2070774047279  1    0
5118    99008.5202567261  9778.8439188179709  1    0
5119    99706.25  9942.3225849999999  1    1
5120    98310.370755796117  9658.1510512489986  1    0
5121    98765.878107190336  9353.7901188763226  1    0
5122    97062.353187500004  9572.4732692500002  1    0
5123    98431.619310199894  9784.7458533678746  1    0
5124    97649.702139797257  9736.1214517999142  1    0
5125    98952.003522288462  9730.168126197399  1    0
5126    97148.748940539022  9637.1121824616894  1    0
5127    98149.645679091482  9619.4660717852639  1    0
5128    99492.7627775  9475.9916535000011  1    0
5129    99498.170593654577  9499.6559688114994  1    0
5130    99076.473510803495  9641.8959961478067  1    0
5131    97355.66002499999  9395.3829607499993  1    0
5132    99832.211784768049  9818.434596030871  1    0
5133    99935.605316180285  9737.4826052473054  1    0
5134    98170.417647996088  9326.8796953675756  1    0
5135    98887.77490919242  9727.8796887858662  1    0
5136    98837.820350659968  9742.1833623605362  1    0
5137    98409.823165220994  9644.1433172100333  1    0
5138    97504.578922534929  9407.0624222225597  1    0
5139    97864.823199354782  9644.4563694570152  1    0
5140    96557.150843333467  9608.8401658404873  1    0
5141    96523.742027183849  9631.8156024834843  1    0
5142    96562.620048749988  9491.6857802499999  1    0
5143    96572.456135943779  9465.1376480976669  1    0
5144    96525.882651502325  9462.8834929999994  1    0
5145    96556.306170393043  9474.2502852997459  1    0
5146    96550.117790842982  9444.4155752643546  1    0
5147    96903.114599409339  9636.198230070504  1    0
5148    96970.181277087264  9544.500374806028  1    0
5149    99436.332523485107  9722.2336458435857  1    0
5150    100002.9735185285  9112.2675760187321  1    0
5151    100027.88830455209  9640.7418648996863  1    0
5152    100053.82730809752  9664.7604738325754  1    0
5153    98185.35856527905  9610.0420182068356  1    0
5154    99429.382051727604  9439.3184581847745  1    0
5155    96885.876120000001  9574.9127619999999  1    0
5156    98369.595933422854  9644.487917244418  1    0
5157    98269.124723828732  9632.8211612756713  1    0
5158    98667.067702085929  9718.3845373232707  1    0
5159    96581.933126994583  9595.5134678507548  1    0
5160    98915.824206614023  9427.7717784506058  1    0
5161    97979.903259565719  9648.1041524250213  1    0
5162    97966.143100000001  9259.4104330000009  1    0
5163    97818.396252703635  9612.4445484551197  1    0
5164    98548.944411131029  9293.1841936408109  1    0
5165    97791.149650083855  9642.3704580966842  1    0
5166    98270.732241845646  9309.7426742905609  1    0
5167    99832.238503209141  9322.5650639799169  1    0
5168    97322.657512708509  9770.3556971226808  1    0
5169    97150.105222524144  9779.3304523869974  1    0
5170    97341.0525979862  9640.9032534239086  1    0
5171    97286.718826872457  9799.7707310769929  1    0
5172    97095.852765668475  9796.0477469579237  1    0
5173    100059.71467562845  9136.8955109096823  1    0
5174    99719.417429415756  9480.2932740489687  1    0
5175    99446.701695438867  9748.4537452254208  1    0
5176    99304.545648921412  9639.1624115797676  1    0
5177    99290.079253324773  9597.8439998430349  1    0
5178    99166.204870000001  9362.3362674999989  1    0
5179    99082.348111239073  9443.0987618515737  1    0
5180    99751.636812187207  9807.9632026421241  1    0
5181    98470.559516030859  9301.8941983118857  1    0
5182    98000.962642500002  9528.7813689999984  1    0
5183    96588.710417499999  9673.3716002500005  1    0
5184    98443.995397459003  9601.861098067151  1    0
5185    97454.897425000003  9281.842736999999  1    0
5186    97589.054287301115  9354.5527301920429  1    0
5187    97588.092113777428  9782.9822982269725  1    0
5188    100024.0193959802  9500.4113799594452  1    0
5189    99468.75  9942.3225849999999  1    1
5190    99636.014855000016  9666.3029099999985  1    0
5191    100022.81482359755  9747.4818986688933  1    0
5192    98306.738466150739  9321.6047505083607  1    0
5193    98294.965320000003  9238.5660697499989  1    0
5194    98396.308080000003  9231.0886352500002  1    0
5195    99131.807250965343  9862.961488806397  1    0
5196    96981.389687660179  9279.294228282768  1    0
5197    96888.190911560945  9306.9568203003382  1    0
5198    99396.470929999996  9675.3828839999987  1    0
5199    100052.95468750001  9615.5098059999982  1    0
5200    100047.932325  9589.2318062499999  1    0
5201    100173.0746875  8900  1    1
5202    98540.00751941507  9588.1452373359134  1    0
5203    99149.62788017701  9660.7733399133303  1    0
5204    99140.026864487605  9617.9675181077164  1    0
5205    98380.429379484718  9778.0289948708705  1    0
5206    96952.379582460897  9518.6848270074297  1    0
5207    98994.168577979595  9753.5759776103532  1    0
5208    96998.803296610771  9518.5529680083746  1    0
5209    97811.965897267568  9759.8545730859914  1    0
5210    97458.188801922937  9800.4693720127998  1    0
5211    98974.970582814174  9738.0743392958848  1    0
5212    97093.373637574536  9512.5542127692152  1    0
5213    97024.078113225536  9631.9544494786824  1    0
5214    97087.700192210599  9630.3555119809171  1    0
5215    99101.192369376615  9652.2173086692383  1    0
5216    97362.622903630341  9415.9351607228491  1    0
5217    97327.140342500003  9398.0917061249984  1    0
5218    97384.179707499992  9392.6742153749983  1    0
5219    99803.989001191221  9807.4823225047785  1    0
5220    100031.92081072694  9724.8652185942847  1    0
5221    98147.82603733991  9329.5550641449372  1    0
5222    98872.407599930943  9768.5936595656585  1    0
5223    98174.85629299219  9632.489184758957  1    0
5224    99500.75667922759  9432.7152826848032  1    0
5225    99454.658919635462  9453.1724852572061  1    0
5226    98297.868064864917  9621.1502041731983  1    0
5227    98815.558784015957  9758.7827748180098  1    0
5228    96582.743373794889  9626.7260756359501  1    0
5229    97761.446764921857  9605.4385978998944  1    0
5230    99875.86982580254  9306.2586661273908  1    0
5231    97633.940514848844  9789.2500651260834  1    0
5232    98418.940806957442  9616.5621351281279  1    0
5233    98075.860963979867  9319.0180018337433  1    0
5234    100039.14084596408  9777.7202836470315  1    0
5235    96977.873121038981  9306.0162997812149  1    0
5236    96920.039595780472  9310.0650856501688  1    0
5237    99407.964598636652  9641.4399161675719  1    0
5238    99113.156232255147  9614.5755158199972  1    0
5239    98404.773284155148  9790.9218977017572  1    0
5240    96975.491776349416  9513.5950122082686  1    0
5241    98957.089452046566  9779.8579077995055  1    0
5242    97117.088075914187  9517.1830479613636  1    0
5243    100077.35881672509  9770.4431550760419  1    0
5244    100048.28283538242  9744.5944181961004  1    0
5245    98113.365414122469  9325.4520375495795  1    0
5246    98192.603870387931  9297.2633633811529  1    0
5247    99478.906938711647  9455.9055445294762  1    0
5248    99894.902782499994  9278.642524750001  1    0
5249    97316.602405856189  9647.5326749847063  1    0
5250    97249.71729341484  9617.7439330722864  1    0
5251    100034.69026  9226.2080279999991  1    0
5252    96962.435568929126  9613.0272581752488  1    0
5253    98956.359101778711  9754.8274893045509  1    0
5254    98154.844115936459  9292.0949813675816  1    0
5255    98221.135427489658  9300.2696692216141  1    0
5256    99470.037883427445  9425.6606829665216  1    0
5257    99909.057658091857  9299.8547479566405  1    0
5258    97317.075366328587  9600.8745185443968  1    0
5259    98930.857224557622  9768.0974605477149  1    0
5260    100073.14024772344  9180.3820005752477  1    0
5261    99985.22239000001  9193.7679639999951  1    0
5262    98556.035804788102  9219.7060861731588  1    0
5263    98592.32703649794  9256.3109650714814  1    0
5264    98667.329244817156  9229.1320623599768  1    0
5265    98621.004594538506  9212.3679295500533  1    0
5266    100300  9266.259779  1    1
5267    100300  9138.259779  1    1
5268    99322.308350414736  9752.2082139135709  1    0
5269    99275.771978498378  9725.9322007615174  1    0
5270    99316.919459918077  9724.6895406094209  1    0
5271    99520.194092499994  9669.5193422499997  1    0
5272    99918.726775000003  9604.0569154999994  1    0
5273    100186.82927875  9679.783281  1    0
5274    97886.39756470354  9329.3675996301645  1    0
5275    97224.585947500003  9486.4616839999981  1    0
5276    97008.946754465927  9373.0368922653961  1    0
5277    99619.216576239996  9613.5437344006968  1    0
5278    99496.14443333965  9618.4501825785374  1    0
5279    96951.153111762236  9376.273346862703  1    0
5280    96500  9852.9750664999992  1    1
5281    96500  9711.5312130000002  1    1
5282    96551.112165782994  9708.0454814339882  1    0
5283    96641.993667500006  9409.2568957500007  1    0
5284    99989.209460877464  9311.8259820480907  1    0
5285    97532.164538519864  9796.4958341558195  1    0
5286    96889.204837130717  9549.0742269504481  1    0
5287    96901.876120000001  9601.4964682320824  1    0
5288    96867.328923024674  9626.8049660088254  1    0
5289    98858.471362431519  9412.3213690831144  1    0
5290    99556.250428696047  9615.1482224214706  1    0
5291    99321.563813520886  9443.5263856954989  1    0
5292    96939.487259374946  9797.7879927374979  1    0
5293    97482.474722500003  9467.026841750001  1    0
5294    100218.62803222824  9297.9747567911618  1    0
5295    97561.968819547445  9628.0014088364496  1    0
5296    99544.529627053256  9842.5619403194178  1    0
5297    99620.055165712067  9840.4092330155727  1    0
5298    98300.299180861315  9782.3189089648131  1    0
5299    98227.010496945979  9763.0878536287983  1    0
5300    98016.225684057485  9776.3146129552642  1    0
5301    98277.900894367238  9762.4744015505275  1    0
5302    98041.858790592843  9768.8674388805448  1    0
5303    98115.519688332395  9765.3041531000163  1    0
5304    98267.533933967963  9796.7380892850651  1    0
5305    98036.298588105899  9797.5673203826736  1    0
5306    98169.269078945319  9800.7064475603602  1    0
5307    97659.743089877826  9629.6489186750277  1    0
5308    97565.235013779093  9501.7116679264636  1    0
5309    97617.46918375  9539.1443478750007  1    0
5310    97585.757951776643  9518.255055423575  1    0
5311    97615.577482263587  9507.5016197609821  1    0
5312    97273.396277821012  9756.3074000340184  1    0
5313    100300  9027.8080019999998  1    1
5314    96785.683571434201  9804.5955858455109  1    0
5315    96665.561010403006  9809.9640603099288  1    0
5316    96710.451339943931  9848.601329201907  1    0
5317    97214.827974999993  9303.1785670000008  1    0
5318    99436.986956243825  9597.0841943059841  1    0
5319    100108.47197499999  9585.4298307500012  1    0
5320    100300  9820.2438789999997  1    1
5321    98029.344454999999  9257.8257360000007  1    0
5322    99195.336508296561  9614.2695514755869  1    0
5323    99845.211822757905  9527.5245047614389  1    0
5324    99713.308508221264  9604.4370880978531  1    0
5325    98671.122375408188  9743.6570136704104  1    0
5326    98109.853620270762  9623.784788374096  1    0
5327    99999.826895000006  9173.4929239999983  1    0
5328    96547.331222499997  9404.4998212499995  1    0
5329    100030.97169995947  9187.9335799107157  1    0
5330    99970.472896919993  9112.0363360489173  1    0
5331    100053.39776815812  9053.3588952585887  1    0
5332    100088.13521974138  9650.9549460755825  1    0
5333    98224.929771814728  9607.5713460403349  1    0
5334    99405.227100770266  9457.2331088149276  1    0
5335    97976.56683895507  9593.7833922256195  1    0
5336    97860.739607819109  9600.7062702936983  1    0
5337    100134.68450722823  9304.0572687911354  1    0
5338    98000.484942785988  9494.8148842703085  1    0
5339    97621.725370553482  9343.6487443347833  1    0
5340    99996.565634407831  9558.0152424805965  1    0
5341    99508.401004266503  9843.6873510754322  1    0
5342    100029.42748563791  9536.5222508278039  1    0
5343    97693.529054222192  9769.3985447791911  1    0
5344    97511.538998832737  9358.7442826670831  1    0
5345    99798.685033382193  9862.9896688317021  1    0
5346    98842.583523728754  9771.7985440819757  1    0
5347    97742.029898581546  9631.8191594308846  1    0
5348    99227.007187118725  9610.0915438901084  1    0
5349    99011.058875606468  9470.4672924697243  1    0
5350    97054.129655721656  9321.9760679495284  1    0
5351    96912.80056437412  9367.1540780560281  1    0
5352    97172.662382499999  9567.5942837500006  1    0
5353    97308.078642951979  9348.8885493622711  1    0
5354    98206.356907499998  9245.7888500000008  1    0
5355    99496.588814997667  9380.4551771055885  1    0
5356    98923.125309636976  9820.4801869212224  1    0
5357    98901.543583204737  9757.8819681714613  1    0
5358    98565.445217829329  9246.6698726918312  1    0
5359    100300  9234.259779  1    1
5360    100300  9170.259779  1    1
5361    97980.713549450651  9307.9294145000003  1    0
5362    97918.041225895722  9330.2414282428854  1    0
5363    97037.960336382486  9387.1876017371833  1    0
5364    99649.698929060469  9593.0670737741366  1    0
5365    99621.673894246414  9641.81517078672  1    0
5366    99524.570067240158  9597.9298845517733  1    0
5367    96980.152567015204  9388.5161992971025  1    0
5368    96576.927107643263  9795.4426043145613  1    0
5369    96606.245292135092  9803.6246859487237  1    0
5370    96626.41040257804  9465.3439774439903  1    0
5371    100021.67749143328  9329.0798309805014  1    0
5372    96962.537355000008  9574.9127619999999  1    0
5373    99586.784786478791  9595.693991965949  1    0
5374    99350.524908339314  9459.2670122174022  1    0
5375    96967.064556875019  9780.9945025983852  1    0
5376    100247.97741402771  9314.829599702538  1    0
5377    98088.650724953244  9822.083660469274  1    0
5378    97988.586948720884  9822.5246881069343  1    0
5379    96757.629329274263  9800.7173723744163  1    0
5380    97222.519595451988  9357.0147854872721  1    0
5381    99466.041400847767  9593.5796668240746  1    0
5382    100123.5390625  9612.4375839999993  1    0
5383    100120.23696063791  9530.8192875777786  1    0
5384    99685.762771457623  9612.5717102857216  1    0
5385    99719.423294364795  9577.4116429121768  1    0
5386    98427.739250436818  9829.3151794071855  1    0
5387    99971.602888799913  9168.5600985643359  1    0
5388    100018.08407818296  9074.1665669860595  1    0
5389    99378.31108918575  9462.7786139718391  1    0
5390    100108.0715390277  9324.9671197025255  1    0
5391    99468.334970067124  9835.6521896808372  1    0
5392    99431.271103094929  9884.9048531141325  1    0
5393    100060.98014133282  9555.0480441760465  1    0
5394    97520.854562499997  9277.5346965000008  1    0
5395    98611.042403398998  9718.2334747186505  1    0
5396    99243.782792681261  9647.1584776056552  1    0
5397    97338.426249756987  9365.425548269548  1    0
5398    99920.42215538313  9784.0867654688864  1    0
5399    98906.354520786583  9791.2427515316649  1    0
5400    100192.04402  9209.9879959999998  1    0
5401    100251.01012730435  9154.259779  1    0
5402    98012.73022925065  9323.3962870983341  1    0
5403    97902.941745000004  9260.9951299999993  1    0
5404    97949.643221493097  9329.485236676981  1    0
5405    99584.967763483306  9638.2813690517323  1    0
5406    99645.771701526595  9625.4781077172993  1    0
5407    96636.399308264808  9799.4728534601581  1    0
5408    96995.366505941143  9776.5069343258656  1    0
5409    98104.076916121237  9794.6364152972583  1    0
5410    100271.33169204846  8978.7485927315083  1    0
5411    96764.781447738787  9852.3889112366105  1    0
5412    97195.827837256991  9378.9692751445418  1    0
5413    99455.999949699733  9632.5214204950244  1    0
5414    99692.767212529536  9585.584918400069  1    0
5415    96521.323374456042  9431.7647873120259  1    0
5416    96579.967564107545  9434.6389686565872  1    0
5417    99947.876810081536  9197.6621661643021  1    0
5418    99336.07402  9345.8015669999986  1    0
5419    99448.756715979835  9859.4911388506425  1    0
5420    100091.64421136514  9559.4247024212909  1    0
5421    99036.412115100931  9416.5123561164055  1    0
5422    99034.18148537715  9451.5979946264488  1    0
5423    99885.734334782115  9815.9391843250905  1    0
5424    99943.75  9942.3225849999999  1    1
5425    98862.818528693271  9819.730669621269  1    0
5426    97903.119042998936  9297.225874859223  1    0
5427    100070.15525881987  9836.6065565564804  1    0
5428    96989.170751985934  9828.9222665994275  1    0
5429    98137.32142710303  9790.707296106546  1    0
5430    100245.91908903385  9026.5046730287559  1    0
5431    96744.130497349717  9828.9165636623311  1    0
5432    96613.390321492043  9434.5614465315284  1    0
5433    99906.380181635701  9151.6554255972442  1    0
5434    99400.179705800809  9425.1857208262918  1    0
5435    99482.790137440024  9867.4828169291068  1    0
5436    100081.52458521172  9520.7168048407621  1    0
5437    98998.706743535324  9431.7288996773204  1    0
5438    98124.416767061164  9824.1266517343611  1    0
5439    99888.872835140588  9209.1641948549186  1    0
5440    99940.406886446974  9167.3495236650888  1    0
5441    99915.667091974945  9189.5228595151038  1    0
5442    99961.36025278992  8998.3007190031967  1    0
5443    99968.919500000004  8900  1    1
5444    100199.28145000001  9579.7268674999996  1    0
5445    97713.276045000006  9267.9032415000001  1    0
5446    98102.612325282666  9585.8465251624366  1    0
5447    100232.21913016748  9496.7315242354489  1    0
5448    97133.410619633549  9362.315024697853  1    0
5449    97774.77091507295  9566.2971399654289  1    0
5450    99604.74957079548  9403.2144022661887  1    0
5451    98030.469082344105  9613.4211057103548  1    0
5452    97923.190106466034  9623.8280075674338  1    0
5453    99792.878358245158  9347.3870104477137  1    0
5454    97776.508217499999  9265.2415342500008  1    0
5455    99957.904324003917  9533.4664873195834  1    0
5456    96727.307747561936  9476.1676409911106  1    0
5457    97795.286148750005  9530.3985063750006  1    0
5458    97777.738007929511  9467.4592649247188  1    0
5459    100241.92115931555  9644.690257503893  1    0
5460    100146.61048212359  8980.1799529812579  1    0
5461    99793.858419628639  9546.1960463155556  1    0
5462    99711.676344195672  9426.3858055475994  1    0
5463    98652.522172337922  9803.9030727333011  1    0
5464    99027.382112260297  9822.9364004427716  1    0
5465    98512.341891403514  9290.9996867530754  1    0
5466    97196.080559843394  9815.7014708561182  1    0
5467    97128.130081312032  9804.405867792133  1    0
5468    98450.394715430259  9273.4934751152432  1    0
5469    98020.271607901392  9568.1038250635429  1    0
5470    98381.153444111013  9276.8366844850316  1    0
5471    99172.447962500009  9689.1455809999989  1    0
5472    96959.446894500812  9229.1264284082681  1    0
5473    96939.750561173481  9272.8197737368773  1    0
5474    96933.120627670665  9602.1948435470895  1    0
5475    99931.380880274999  9334.3453295134805  1    0
5476    100166.46353599498  9647.9302278332325  1    0
5477    97715.998831506091  9828.5672438343481  1    0
5478    96520.635083576388  9687.6375380000009  1    0
5479    99535.130615407674  9640.2835505447838  1    0
5480    99258.521345943402  9432.0743148801648  1    0
5481    97466.322969458692  9506.7171892915176  1    0
5482    99672.255152891375  9832.3619924175273  1    0
5483    98281.25  9942.3225849999999  1    1
5484    96856.25  9942.3225849999999  1    1
5485    100220.86218980882  9728.9750688512049  1    0
5486    100157.40870097894  9760.2548203646147  1    0
5487    100189.06863352163  9736.5389608936948  1    0
5488    99884.529191660855  9516.4503638571223  1    0
5489    99773.092717794178  9591.3321967051579  1    0
5490    97983.60003400447  9559.3440229382213  1    0
5491    97997.438110687595  9619.7643063219348  1    0
5492    97655.047696757611  9342.7567027948335  1    0
5493    99749.152705349552  9857.7137417372705  1    0
5494    97707.375476574409  9585.9765172499483  1    0
5495    97002.404153830081  9255.1614246413883  1    0
5496    97004.030720103256  9196.5802552632322  1    0
5497    97008.817283743818  9296.496062425711  1    0
5498    96901.364106324923  9336.7004455686147  1    0
5499    96892.900552187057  9392.2137970280146  1    0
5500    97152.579085652833  9517.247657961565  1    0
5501    98537.780476652653  9188.0888280621457  1    0
5502    96628.68235385108  9855.0035218224075  1    0
5503    96546.102657150375  9793.2501509199301  1    0
5504    96559.586999869673  9821.4511359942335  1    0
5505    96500  9808.3013072499998  1    1
5506    96618.75  9942.3225849999999  1    1
5507    100028.19206129138  9277.6449649245151  1    0
5508    100300  9305.4033364999996  1    1
5509    100128.74536391806  9649.781687487688  1    0
5510    100126.27394933967  9494.0067915515938  1    0
5511    99986.924533130761  9083.8558060966461  1    0
5512    100066.05858234201  9327.4398630292417  1    0
5513    100086.67264558004  9270.3409989100383  1    0
5514    97367.50769779594  9368.6314875890184  1    0
5515    97458.566428310165  9338.7058559614961  1    0
5516    97574.285018393348  9325.5296054731316  1    0
5517    97396.092794575001  9366.6114723127666  1    0
5518    97357.893287813684  9322.3413509492821  1    0
5519    97452.980217499993  9386.7182194999987  1    0
5520    97388.940287500009  9286.1507774999991  1    0
5521    97379.982380660353  9341.8969903503366  1    0
5522    97946.483984916209  9291.7614196765971  1    0
5523    97160.750387499997  9309.5384415000008  1    0
5524    100007.03148750823  9815.5144623657488  1    0
5525    96656.705498645722  9472.1541057129634  1    0
5526    96647.779384200025  9441.07277458506  1    0
5527    96692.088041306575  9472.7286427079089  1    0
5528    99927.22297616936  9113.7216182852862  1    0
5529    99368.124356421307  9431.695591105894  1    0
5530    99527.937784734168  9890.3947463837922  1    0
5531    98960.533311376581  9446.4052396055686  1    0
5532    98102.912086086857  9886.5084821097098  1    0
5533    99905.219252768322  9242.7463385362189  1    0
5534    100032.9195  8900  1    1
5535    97720.248567692135  9318.7765104400823  1    0
5536    100194.48013862924  9490.2482497247638  1    0
5537    97101.002289570781  9380.8529810355303  1    0
5538    99569.398160129989  9430.1840414509115  1    0
5539    99642.988445129988  9425.9051969509128  1    0
5540    97898.325116128675  9595.0884407859085  1    0
5541    97802.422693479311  9294.3213544348273  1    0
5542    99930.306091362945  9564.3164678728335  1    0
5543    97790.945421813056  9497.6928215699245  1    0
5544    100268.03026854128  9606.1485283555103  1    0
5545    100300  9636.7570290000003  1    1
5546    99697.898385837019  9365.7538432898618  1    0
5547    97027.164916158014  9807.4488388373829  1    0
5548    97204.676100203942  9781.3252214283184  1    0
5549    97161.820932223665  9811.7644522399678  1    0
5550    97136.240491807446  9848.0779179748479  1    0
5551    96906.965352477535  9279.3075592244968  1    0
5552    99942.320569962787  9302.7954887517226  1    0
5553    100197.44589354127  9609.220750355511  1    0
5554    100124.10965502539  9739.1661231716316  1    0
5555    99921.444006907579  9508.8259537371141  1    0
5556    99812.096860876409  9585.0243175952128  1    0
5557    97937.818013311145  9567.9322787508718  1    0
5558    97650.043872500013  9270.5649487499995  1    0
5559    97688.289228766967  9340.6225641586643  1    0
5560    99192.673662753936  9878.7463491644576  1    0
5561    99964.380357537244  9568.3960768315719  1    0
5562    100057.8988917667  9495.3994877610603  1    0
5563    99989.771519266695  9500.2622532610458  1    0
5564    96991.432757250397  9230.0775247041329  1    0
5565    97036.999335907356  9352.3389468292535  1    0
5566    96852.771816326436  9340.4325914311903  1    0
5567    96858.85777899684  9385.6115042588208  1    0
5568    98482.808842312545  9185.5837681882604  1    0
5569    98561.477992215761  9127.8795942742345  1    0
5570    100160.09575685518  9488.1866863464238  1    0
5571    99989.300434591074  9036.5489652418255  1    0
5572    97543.905344640734  9330.707907575008  1    0
5573    97553.833131249994  9275.3806762500008  1    0
5574    97419.020849445937  9334.057442532252  1    0
5575    97425.718948006208  9363.1261831845986  1    0
5576    97186.313913901831  9340.1996138682025  1    0
5577    96712.891023456381  9441.7464488175319  1    0
5578    99947.557655487806  9079.7660942023103  1    0
5579    99428.522128753932  9403.8586703477395  1    0
5580    99874.18263782165  9253.2570527990665  1    0
5581    100064.9195  8900  1    1
5582    100048.9195  8941.2289829681558  1    0
5583    97754.508670797033  9332.3014696328883  1    0
5584    97873.94617203786  9560.5235285184244  1    0
5585    99898.365038434873  9576.5668662646203  1    0
5586    97241.589849445518  9808.8179978830667  1    0
5587    97066.204784965448  9830.0398198652092  1    0
5588    97093.75  9942.3225849999999  1    1
5589    97171.971498118262  9874.4658302375228  1    0
5590    99200.617691756939  9650.8400903603888  1    0
5591    96859.885912391299  9267.5383647238814  1    0
5592    99965.436359311207  9271.8100067655723  1    0
5593    100204.19260195291  9646.315775161147  1    0
5594    100300  9762.1651729999994  1    1
5595    100252.82620178473  9727.2723876846085  1    0
5596    100218.37410563286  9789.1182193955628  1    0
5597    97637.436339692824  9307.7081061452209  1    0
5598    97074.774102328112  9353.6371667527237  1    0
5599    96819.688554406079  9367.8885431658236  1    0
5600    96881.029620105008  9362.3558527333789  1    0
5601    100174.47164398585  9536.190005755152  1    0
5602    99485.411854999998  9329.2344264999992  1    0
5603    99824.871230098928  9252.7863617381263  1    0
5604    97749.959425644047  9293.6705223949957  1    0
5605    99858.686219070762  9579.2252117487478  1    0
5606    100300  9730.1651729999994  1    1
5607    100238.53310187059  9759.8291438375327  1    0
5608    97504.60209  9162.9142190000002  1    0
5609    97566.503931943575  9215.8417614104255  1    0
5610    100261.9218619742  9797.5091130440032  1    0
5611    97534.978946097603  9240.250485967108  1    0
5612    99438.536387245113  9368.7882998245004  1    0
5613    97057.949549896744  9250.2690847367667  1    0
5614    99374.418215323924  9858.05996670079  1    0
5615    97420.034090000001  9550.5664945000008  1    0
5616    97194.031567285478  9529.8911721319255  1    0
5617    99149.381613663936  9444.1550975327664  1    0
5618    97022.402851453051  9513.3831127652156  1    0
5619    97099.593678645673  9543.7490088799259  1    0
5620    97057.959431170049  9519.0403442860043  1    0
5621    97016.889389764183  9544.664057180662  1    0
5622    97117.775186742132  9637.7941405532711  1    0
5623    97110.190284776269  9603.9433630934745  1    0
5624    97146.197700563425  9593.9692319662299  1    0
5625    97180.861605447484  9602.2862369488194  1    0
5626    97215.727200643931  9608.0651397746533  1    0
5627    97381.319053631276  9633.8036786434859  1    0
5628    96575.71598429099  9723.4651746746495  1    0
5629    97552.773213106804  9582.7902219749085  1    0
5630    97508.204875013675  9582.656910792075  1    0
5631    97641.900111495197  9582.8580460497178  1    0
5632    97829.553729123028  9570.4512973737219  1    0
5633    98256.838514999996  9118.0560985000011  1    0
5634    98310.916100000002  8999.0821644999996  1    0
5635    97331.25  9942.3225849999999  1    1
5636    96831.728098133521  9803.7123649844871  1    0
5637    97080.833949003558  9167.7681151480319  1    0
5638    99780.856495  9041.2672234999991  1    0
5639    99556.56580344039  9376.7096980175702  1    0
5640    100270.28688531868  9635.7915546109598  1    0
5641    99647.4427128807  9374.8330314419036  1    0
5642    99731.46650000001  9304.3464094999981  1    0
5643    100119.63802266432  9783.0607691217556  1    0
5644    97682.729874446828  9298.1893629650676  1    0
5645    98489.894582188776  9095.0895655613858  1    0
5646    98626.240808588074  9094.5680807967146  1    0
5647    97503.423073637765  9316.6742157567915  1    0
5648    100023.56692639497  8983.2564590015972  1    0
5649    97906.250565826471  9561.051246582183  1    0
5650    97103.89439408356  9831.49584249894  1    0
5651    97096.040909597505  9886.6546319106674  1    0
5652    99987.844715010899  9231.0368686885267  1    0
5653    97284.715771330782  9614.577638286928  1    0
5654    97485.467328269704  9242.8114682014821  1    0
5655    97556.509435  9157.4983505  1    0
5656    99327.58541621764  9890.1577785527643  1    0
5657    99189.683882319994  9409.8029068061514  1    0
5658    97597.137718487866  9578.7792876636504  1    0
5659    98182.324737059214  9192.3941019399608  1    0
5660    98708.514725532586  9786.2623928732701  1    0
5661    98559.785682080968  9839.1266340167149  1    0
5662    98603.23397703415  9809.0521460335494  1    0
5663    97741.244333046692  9576.7229176907949  1    0
5664    97720.790595658327  9494.3037666440905  1    0
5665    97802.906189743982  9558.5644885791753  1    0
5666    97796.3130057448  9589.6266345840231  1    0
5667    97455.159491287835  9596.0245365448645  1    0
5668    97422.586563438294  9506.9042330344164  1    0
5669    96869.882597821546  9807.9641545692321  1    0
5670    97039.314463799383  9173.8630170575634  1    0
5671    99903.065082398534  9076.1877719782406  1    0
5672    100166.99822265173  9818.8171924915569  1    0
5673    98523.927016980713  9115.3252158233245  1    0
5674    97027.35902536608  9852.1416253476164  1    0
5675    100232.70658762999  9831.9336417530521  1    0
5676    97617.142232608909  9606.9016021018633  1    0
5677    97576.822830069388  9601.4394666312437  1    0
5678    98174.692162499996  9126.3234487500013  1    0
5679    97685.37663075811  9560.7929317617363  1    0
5680    97674.24238170973  9592.7193516957632  1    0
5681    97484.627355947014  9601.0277520163381  1    0
5682    97413.434518929833  9605.5230763595246  1    0
5683    96984.700979957532  9127.7984199308903  1    0
5684    98486.037593139801  9140.3120711963693  1    0
5685    96980.936146199558  9885.4788155294173  1    0
5686    100181.25  9942.3225849999999  1    1
5687    97527.811939171166  9198.4316243104968  1    0
5688    97373.839444641184  9592.9343612291705  1    0
5689    97429.471013431496  9579.5742986050882  1    0
5690    97387.997904999997  9552.9978772499999  1    0
5691    97452.070275000005  9548.1351117499999  1    0
5692    97369.072658739824  9515.9085688530304  1    0
5693    97049.269626694542  9097.2129726669064  1    0
5694    97291.889349999998  9560.2920255000008  1    0
5695    97324.772910951375  9523.1472983372569  1    0
5696    97343.693025596978  9584.2909116966057  1    0
5697    97323.925534999988  9557.8606427500017  1    0
5698    98851.79708320908  9327.4958137026097  1    0
5699    98316.713877599497  9276.8269718112151  1    0
5700    97679.350271503659  9652.6328058760828  1    0
5701    98075.788481525989  9623.1077921732358  1    0
5702    96500  9338.1212840000007  1    1
5703    96573.941736885899  9347.0875836063551  1    0
5704    100249.7582888257  9250.259779  1    0
5705    99956.04312921915  9820.9755493310768  1    0
5706    98178.004167347608  9872.0938197363866  1    0
5707    98993.75  9942.3225849999999  1    1
5708    98338.984867499996  9109.7887482500009  1    0
5709    99610.501259342112  9893.5137178859804  1    0
5710    96667.374555000002  9289.7650675000004  1    0
5711    99388.466958823716  9373.4560558168923  1    0
5712    97944.693070415728  9599.5934058468356  1    0
5713    97933.357550000001  9529.3993522499986  1    0
5714    100000.9195  8936.1375520576148  1    0
5715    97359.379322392793  9830.095320175129  1    0
5716    99758.521510000006  9175.3971554999989  1    0
5717    97600.192041738715  9865.2951936415102  1    0
5718    97806.25  9942.3225849999999  1    1
5719    96608.249148544637  9695.811961572892  1    0
5720    97531.893765624278  9610.57769154997  1    0
5721    99606.173240000004  9318.0490924999995  1    0
5722    99742.414191542703  9363.8606885765403  1    0
5723    97226.431409282581  9862.481167373935  1    0
5724    97426.774141976915  9228.3290908668205  1    0
5725    98634.722723451807  9871.9962698260842  1    0
5726    97444.490677507274  9626.7607759101575  1    0
5727    96843.30568440858  9873.138370847435  1    0
5728    97524.34239132925  9100.6554295228161  1    0
5729    98126.586751492869  9210.3334804547048  1    0
5730    98221.894639014732  9206.6899188106872  1    0
5731    98218.287282596604  9154.7634687648933  1    0
5732    98266.885582689996  9203.2449550962028  1    0
5733    98317.018759621074  9192.2118931821715  1    0
5734    98430.75249743824  9159.1201554589534  1    0
5735    97264.331128778285  9584.26712421499  1    0
5736    96620.520918539696  9364.4312060659868  1    0
5737    99053.050117734267  9894.5976172949486  1    0
5738    99765.625  9942.3225849999999  1    1
5739    99861.692275040259  9875.509665010004  1    0
5740    99988.749742290311  9885.5851100294694  1    0
5741    99334.13191932987  9395.4528523501358  1    0
5742    99951.043292144197  8948.0663433697737  1    0
5743    99759.425399480417  9241.75931031857  1    0
5744    97811.378472176832  9860.5341628743172  1    0
5745    97272.62711914895  9846.5577297853088  1    0
5746    97682.990000000005  9030.5555144999998  1    0
5747    96667.723185054405  9369.3758769481155  1    0
5748    97271.875  9942.3225849999999  1    1
5749    96724.102295567529  9367.2075379537891  1    0
5750    97577.586149134964  9108.0481512920669  1    0
5751    97724.07858500001  9147.0769799999998  1    0
5752    100133.41815394518  9156.4016639473357  1    0
5753    98043.75  9942.3225849999999  1    1
5754    97966.143100000001  9138.3311384999997  1    0
5755    98892.243582611627  9878.7079888626668  1    0
5756    97604.614805000005  9032.9625672500006  1    0
5757    96997.456298114063  9608.8139583881675  1    0
5758    97181.437188270269  9252.3479327897949  1    0
5759    99542.973505000002  9200.7393329999995  1    0
5760    97055.358177487913  9610.0273581181918  1    0
5761    97081.496241318295  9595.4674559561772  1    0
5762    97034.775888750009  9573.693015625  1    0
5763    97047.402278443202  9546.8055628299462  1    0
5764    99290.625  9942.3225849999999  1    1
5765    97034.375  9942.3225849999999  1    1
5766    96848.270714999991  8900  1    1
5767    99839.25834249999  9027.4866842500014  1    0
5768    99023.773524999997  9248.1959024999996  1    0
5769    98941.643392500002  9256.4648747499996  1    0
5770    99646.875  9942.3225849999999  1    1
5771    97295.35719000001  9182.9362259999998  1    0
5772    98756.25  9942.3225849999999  1    1
5773    96915.625  9907.3902664933958  1    0
5774    98827.789153715028  9874.0366346966184  1    0
5775    97805.76883722686  9207.9536382005899  1    0
5776    97678.911237734734  9203.9348022022677  1    0
5777    97128.147685085278  9265.4088355100484  1    0
5778    99573.599860562332  9268.7627573054615  1    0
5779    99824.685464553564  9096.3705293617568  1    0
5780    99800.335630000016  8900  1    1
5781    99853.274347983825  8956.2428167873568  1    0
5782    99630.23441521691  9251.9492179999997  1    0
5783    98038.786780456023  9860.408527104566  1    0
5784    97742.58648679519  9211.7989307675143  1    0
5785    98058.493051999409  9195.4159189999991  1    0
5786    97869.94031751492  9205.9223528173043  1    0
5787    97360.633605544252  9226.3406079589313  1    0
5788    97253.04880428889  9241.6886286133595  1    0
5789    96953.199456813221  9173.7583176886747  1    0
5790    99797.775192967558  8982.3249503870957  1    0
5791    99447.342313940841  9273.7781369999993  1    0
5792    97975.346539443039  9892.2713286133276  1    0
5793    97933.169747505177  9205.4573508921694  1    0
5794    96887.475998452588  9094.9348584868549  1    0
5795    99708.959882172494  8988.7308372343359  1    0
5796    99511.130804766013  9272.2015925955711  1    0
5797    98044.437222439272  9326.7477578192065  1    0
5798    98031.934447759166  9293.3721134460175  1    0
5799    97999.841863097681  9277.8429095220527  1    0
5800    97568.75  9942.3225849999999  1    1
5801    96560.779138383383  9895.7826135056603  1    0
5802    98402.020773985496  8989.2807821080405  1    0
5803    98712.861440000008  8900  1    1
5804    98309.477786355012  9847.6122430359901  1    0
5805    96712.006989999994  9222.9186049999989  1    0
5806    97431.073440000007  9050.4510054999992  1    0
5807    98962.842879364252  9878.847942952023  1    0
5808    97647.109306632949  9092.1817181263123  1    0
5809    98698.547153200692  9852.3068982335662  1    0
5810    97022.406072499987  8900  1    1
5811    99305.122954999999  9221.5204379999996  1    0
5812    98243.616536477086  9859.1847481889818  1    0
5813    98763.223774677725  9862.8409480155424  1    0
5814    99372.305395953867  9279.8147004592174  1    0
5815    97257.837403438753  9082.1765638062679  1    0
5816    99105.903657499992  9239.9269302499997  1    0
5817    98488.136045350242  9854.4641172136107  1    0
5818    98367.734265222403  9189.0712166406556  1    0
5819    98201.730955000006  9010.8287117499985  1    0
5820    99503.751760000014  8900  1    1
5821    97499.233108988934  9874.0017139092888  1    0
5822    98910.584020000009  8900  1    1
5823    97691.015466249999  8900  1    1
5824    97361.366108749993  8900  1    1
5825    99602.613050000014  8900  1    1
5826    98595.247047029654  9020.8315456174678  1    0
5827    97608.603126875008  8900  1    1
5828    97275.743968546027  8974.7513917076321  1    0
5829    98643.138860000006  8900  1    1
5830    98678.000150000007  8983.7241170079797  1    0
5831    98924.356015313228  9326.936556908573  1    0
5832    98861.385054999992  9160.1892535000006  1    0
5833    97344.216443670026  9134.1070026164762  1    0
5834    98350.314181249996  8900  1    1
5835    96674.135357499996  8900  1    1
5836    97239.068123896868  9146.5310998938476  1    0
5837    98361.94177502174  9045.0566107900268  1    0
5838    99539.171529999992  9085.048334000001  1    0
5839    98811.722730000009  8990.2840307573351  1    0
5840    96760.860861282476  9120.4420087803246  1    0
5841    99553.182405000014  8986.452553172745  1    0
5842    99441.603142200445  8992.8921388272447  1    0
5843    97966.143100000001  9024.1583339999997  1    0
5844    98020.664823750005  8900  1    1
5845    97761.365195000006  9028.1484617499991  1    0
5846    97773.42780562499  8900  1    1
5847    97901.275942848515  9083.9064435  1    0
5848    98469.939052005357  9022.2687303849125  1    0
5849    97457.212361599013  9113.6295199851229  1    0
5850    98260.971381387048  9048.157631058426  1    0
5851    98151.80215840177  9060.0521747748462  1    0
5852    96500  9060.6353249999993  1    1
5853    96666.429932603409  9138.3071642284121  1    0
5854    99308.670277500001  9112.7991865000004  1    0
5855    98030.035986354545  9078.5830289999994  1    0
5856    97779.949475358822  9099.2843575601346  1    0
5857    96566.407462444142  9135.4852203618211  1    0
5858    96692.931503244472  9019.8859103946543  1    0
5859    99108.306600000011  8900  1    1
5860    96761.203036249994  8900  1    1
5861    96804.736875624993  9004.1735327835795  1    0
5862    96587.067678749998  8975.0672039174078  1    0
5863    99207.167890000012  8975.4050090171932  1    0
5864    99097.430312499986  9135.8608275000006  1    0
5865    96969.551416254282  9012.3684685753633  1    0
5866    97068.019269834549  8990.0698719321754  1    0
5867    99308.980798370176  9006.3793496862581  1    0
5868    99030.753061575408  9014.6049451930885  1    0
5869    98788.584607223645  9089.2577899012667  1    0
5870    98887.793908070002  9060.2594785949987  1    0
5871    98103.07716312501  8900  1    1
5872    97938.252484375  8900  1    1
5873    99128.872051517552  9039.6108898278435  1    0
5874    99009.44531000001  8900  1    1
5875    98942.961643650473  8986.3545459464331  1    0
5876    97443.778448124998  8953.1905006316356  1    0
# Generated by ./triangle -aAnepCVOq30 irish1x.poly
